当前locus	当前protein ID	B1映射状态	旧AFE候选	本轮核验结论	是否进入母表	排除/保留原因	官方来源
RU820_RS00130	WP_009566312.1	B1无行	无	旧基因组同源基因无旧AFE_xxxx标签；按工作定义纳入母表	是	邻域核验：是：top候选在锚定区间；AFE_RS16445[old=空]；identity=1.0000，较短覆盖=1.0000，当前覆盖=1.0000，旧序列覆盖=1.0000。旧2025 GFF已有同源蛋白注释，但无法关联任何旧AFE_xxxx，故按本项目身份定义列入母表；不表示生物学上新出现。	NCBI RefSeq GCF_049532655.1: https://www.ncbi.nlm.nih.gov/datasets/genome/GCF_049532655.1/; current WP WP_009566312.1: https://www.ncbi.nlm.nih.gov/protein/WP_009566312.1; old RefSeq GCF_000021485.1: https://www.ncbi.nlm.nih.gov/datasets/genome/GCF_000021485.1/; old RefSeq WP WP_009566312.1: https://www.ncbi.nlm.nih.gov/protein/WP_009566312.1; original GenBank GCA_000021485.1 GFF/protein: https://www.ncbi.nlm.nih.gov/datasets/genome/GCA_000021485.1/; ACK78604.1: https://www.ncbi.nlm.nih.gov/protein/ACK78604.1; ACK79445.1: https://www.ncbi.nlm.nih.gov/protein/ACK79445.1; ACK79489.1: https://www.ncbi.nlm.nih.gov/protein/ACK79489.1
RU820_RS00135	WP_206382926.1	B1无行	AFE_0026	重新识别为原始GCA旧AFE基因对应	否	原始GCA AFE_0026 (ACK79489.1) 与旧GCF同坐标投射重叠 1596 bp，占较短CDS大部；identity=0.9980, aa=490, 双向coverage=1.0000/0.9228	NCBI RefSeq GCF_049532655.1: https://www.ncbi.nlm.nih.gov/datasets/genome/GCF_049532655.1/; current WP WP_206382926.1: https://www.ncbi.nlm.nih.gov/protein/WP_206382926.1; old RefSeq GCF_000021485.1: https://www.ncbi.nlm.nih.gov/datasets/genome/GCF_000021485.1/; old RefSeq WP WP_012606474.1: https://www.ncbi.nlm.nih.gov/protein/WP_012606474.1; original GenBank GCA_000021485.1 GFF/protein: https://www.ncbi.nlm.nih.gov/datasets/genome/GCA_000021485.1/; ACK79489.1: https://www.ncbi.nlm.nih.gov/protein/ACK79489.1
RU820_RS00200	WP_012606477.1	B1无行	AFE_0040	重新识别为原始GCA旧AFE基因对应	否	原始GCA AFE_0040 (ACK78439.1) 与旧GCF同坐标投射重叠 1623 bp，占较短CDS大部；identity=1.0000, aa=540, 双向coverage=1.0000/1.0000	NCBI RefSeq GCF_049532655.1: https://www.ncbi.nlm.nih.gov/datasets/genome/GCF_049532655.1/; current WP WP_012606477.1: https://www.ncbi.nlm.nih.gov/protein/WP_012606477.1; old RefSeq GCF_000021485.1: https://www.ncbi.nlm.nih.gov/datasets/genome/GCF_000021485.1/; old RefSeq WP WP_012535759.1: https://www.ncbi.nlm.nih.gov/protein/WP_012535759.1; original GenBank GCA_000021485.1 GFF/protein: https://www.ncbi.nlm.nih.gov/datasets/genome/GCA_000021485.1/; ACK78259.1: https://www.ncbi.nlm.nih.gov/protein/ACK78259.1; ACK78439.1: https://www.ncbi.nlm.nih.gov/protein/ACK78439.1
RU820_RS00255	WP_009565533.1	B1无行	无	旧基因组同源基因无旧AFE_xxxx标签；按工作定义纳入母表	是	邻域核验：是：top候选在锚定区间；AFE_RS00245[old=空]；identity=1.0000，较短覆盖=1.0000，当前覆盖=1.0000，旧序列覆盖=1.0000。旧2025 GFF已有同源蛋白注释，但无法关联任何旧AFE_xxxx，故按本项目身份定义列入母表；不表示生物学上新出现。	NCBI RefSeq GCF_049532655.1: https://www.ncbi.nlm.nih.gov/datasets/genome/GCF_049532655.1/; current WP WP_009565533.1: https://www.ncbi.nlm.nih.gov/protein/WP_009565533.1; old RefSeq GCF_000021485.1: https://www.ncbi.nlm.nih.gov/datasets/genome/GCF_000021485.1/; old RefSeq WP WP_009565533.1: https://www.ncbi.nlm.nih.gov/protein/WP_009565533.1; original GenBank GCA_000021485.1 GFF/protein: https://www.ncbi.nlm.nih.gov/datasets/genome/GCA_000021485.1/; ACK77956.1: https://www.ncbi.nlm.nih.gov/protein/ACK77956.1; ACK78968.1: https://www.ncbi.nlm.nih.gov/protein/ACK78968.1
RU820_RS00455	WP_257246670.1	B1无行	无	旧基因组同源基因无旧AFE_xxxx标签；按工作定义纳入母表	是	邻域核验：是：top候选在锚定区间；AFE_RS16880[old=空]；identity=1.0000，较短覆盖=1.0000，当前覆盖=1.0000，旧序列覆盖=1.0000。旧2025 GFF已有同源蛋白注释，但无法关联任何旧AFE_xxxx，故按本项目身份定义列入母表；不表示生物学上新出现。	NCBI RefSeq GCF_049532655.1: https://www.ncbi.nlm.nih.gov/datasets/genome/GCF_049532655.1/; current WP WP_257246670.1: https://www.ncbi.nlm.nih.gov/protein/WP_257246670.1; old RefSeq GCF_000021485.1: https://www.ncbi.nlm.nih.gov/datasets/genome/GCF_000021485.1/; old RefSeq WP WP_257246670.1: https://www.ncbi.nlm.nih.gov/protein/WP_257246670.1; original GenBank GCA_000021485.1 GFF/protein: https://www.ncbi.nlm.nih.gov/datasets/genome/GCA_000021485.1/; ACK78163.1: https://www.ncbi.nlm.nih.gov/protein/ACK78163.1; ACK79199.1: https://www.ncbi.nlm.nih.gov/protein/ACK79199.1
RU820_RS00465	WP_196491178.1	B1无行	无	旧基因组同源基因无旧AFE_xxxx标签；按工作定义纳入母表	是	邻域核验：是：top候选在锚定区间；AFE_RS16560[old=空]；identity=1.0000，较短覆盖=1.0000，当前覆盖=1.0000，旧序列覆盖=1.0000。旧2025 GFF已有同源蛋白注释，但无法关联任何旧AFE_xxxx，故按本项目身份定义列入母表；不表示生物学上新出现。	NCBI RefSeq GCF_049532655.1: https://www.ncbi.nlm.nih.gov/datasets/genome/GCF_049532655.1/; current WP WP_196491178.1: https://www.ncbi.nlm.nih.gov/protein/WP_196491178.1; old RefSeq GCF_000021485.1: https://www.ncbi.nlm.nih.gov/datasets/genome/GCF_000021485.1/; old RefSeq WP WP_196491178.1: https://www.ncbi.nlm.nih.gov/protein/WP_196491178.1; original GenBank GCA_000021485.1 GFF/protein: https://www.ncbi.nlm.nih.gov/datasets/genome/GCA_000021485.1/; ACK78198.1: https://www.ncbi.nlm.nih.gov/protein/ACK78198.1; ACK80324.1: https://www.ncbi.nlm.nih.gov/protein/ACK80324.1
RU820_RS00545	WP_012535793.1	B1无行	AFE_1878	旧新关系待人工复核	否	邻域核验：否：top候选均在区间外；分类建议=待复核：序列候选均不在锚定区间，可能旁系同源/结构变化；top hit=WP_012536817.1 identity=0.5168，较短覆盖=0.9864，当前覆盖=0.9844，旧序列覆盖=0.9864；identity或任一侧覆盖未达90%，或出现重复拷贝/结构变化，未强制归类。	NCBI RefSeq GCF_049532655.1: https://www.ncbi.nlm.nih.gov/datasets/genome/GCF_049532655.1/; current WP WP_012535793.1: https://www.ncbi.nlm.nih.gov/protein/WP_012535793.1; old RefSeq GCF_000021485.1: https://www.ncbi.nlm.nih.gov/datasets/genome/GCF_000021485.1/; old RefSeq WP WP_012536817.1: https://www.ncbi.nlm.nih.gov/protein/WP_012536817.1; original GenBank GCA_000021485.1 GFF/protein: https://www.ncbi.nlm.nih.gov/datasets/genome/GCA_000021485.1/; ACK79729.1: https://www.ncbi.nlm.nih.gov/protein/ACK79729.1
RU820_RS00570	WP_012535797.1	B1无行	无	旧基因组同源基因无旧AFE_xxxx标签；按工作定义纳入母表	是	邻域核验：是：top候选在锚定区间；AFE_RS16300[old=空]；identity=1.0000，较短覆盖=1.0000，当前覆盖=1.0000，旧序列覆盖=1.0000。旧2025 GFF已有同源蛋白注释，但无法关联任何旧AFE_xxxx，故按本项目身份定义列入母表；不表示生物学上新出现。	NCBI RefSeq GCF_049532655.1: https://www.ncbi.nlm.nih.gov/datasets/genome/GCF_049532655.1/; current WP WP_012535797.1: https://www.ncbi.nlm.nih.gov/protein/WP_012535797.1; old RefSeq GCF_000021485.1: https://www.ncbi.nlm.nih.gov/datasets/genome/GCF_000021485.1/; old RefSeq WP WP_012535797.1: https://www.ncbi.nlm.nih.gov/protein/WP_012535797.1; original GenBank GCA_000021485.1 GFF/protein: https://www.ncbi.nlm.nih.gov/datasets/genome/GCA_000021485.1/; ACK78411.1: https://www.ncbi.nlm.nih.gov/protein/ACK78411.1; ACK79687.1: https://www.ncbi.nlm.nih.gov/protein/ACK79687.1
RU820_RS00670	WP_371744260.1	B1无行	AFE_0141	旧AFE候选涉及split/merge或注释边界变化，待人工复核	否	原始GCA AFE_0141 (ACK78447.1) 同链坐标重叠 1077 bp；identity=0.9940, aa=166, 当前覆盖=1.0000, 旧覆盖=0.4637	NCBI RefSeq GCF_049532655.1: https://www.ncbi.nlm.nih.gov/datasets/genome/GCF_049532655.1/; current WP WP_371744260.1: https://www.ncbi.nlm.nih.gov/protein/WP_371744260.1; old RefSeq GCF_000021485.1: https://www.ncbi.nlm.nih.gov/datasets/genome/GCF_000021485.1/; old RefSeq WP WP_012535973.1: https://www.ncbi.nlm.nih.gov/protein/WP_012535973.1; original GenBank GCA_000021485.1 GFF/protein: https://www.ncbi.nlm.nih.gov/datasets/genome/GCA_000021485.1/; ACK78447.1: https://www.ncbi.nlm.nih.gov/protein/ACK78447.1; ACK80037.1: https://www.ncbi.nlm.nih.gov/protein/ACK80037.1; ACK80365.1: https://www.ncbi.nlm.nih.gov/protein/ACK80365.1
RU820_RS00910	WP_111122559.1	B1无行	无	旧基因组同源基因无旧AFE_xxxx标签；按工作定义纳入母表	是	邻域核验：是：top候选在锚定区间；AFE_RS16975[old=空]；identity=1.0000，较短覆盖=1.0000，当前覆盖=1.0000，旧序列覆盖=1.0000。旧2025 GFF已有同源蛋白注释，但无法关联任何旧AFE_xxxx，故按本项目身份定义列入母表；不表示生物学上新出现。	NCBI RefSeq GCF_049532655.1: https://www.ncbi.nlm.nih.gov/datasets/genome/GCF_049532655.1/; current WP WP_111122559.1: https://www.ncbi.nlm.nih.gov/protein/WP_111122559.1; old RefSeq GCF_000021485.1: https://www.ncbi.nlm.nih.gov/datasets/genome/GCF_000021485.1/; old RefSeq WP WP_111122559.1: https://www.ncbi.nlm.nih.gov/protein/WP_111122559.1; original GenBank GCA_000021485.1 GFF/protein: https://www.ncbi.nlm.nih.gov/datasets/genome/GCA_000021485.1/; ACK78420.1: https://www.ncbi.nlm.nih.gov/protein/ACK78420.1
RU820_RS01005	WP_225487399.1	B1无行	AFE_0208	重新识别为原始GCA旧AFE基因对应	否	原始GCA AFE_0208 (ACK79052.1) 与旧GCF同坐标投射重叠 1347 bp，占较短CDS大部；identity=1.0000, aa=446, 双向coverage=1.0000/0.9955	NCBI RefSeq GCF_049532655.1: https://www.ncbi.nlm.nih.gov/datasets/genome/GCF_049532655.1/; current WP WP_225487399.1: https://www.ncbi.nlm.nih.gov/protein/WP_225487399.1; old RefSeq GCF_000021485.1: https://www.ncbi.nlm.nih.gov/datasets/genome/GCF_000021485.1/; old RefSeq WP WP_009567101.1: https://www.ncbi.nlm.nih.gov/protein/WP_009567101.1; original GenBank GCA_000021485.1 GFF/protein: https://www.ncbi.nlm.nih.gov/datasets/genome/GCA_000021485.1/; ACK78383.1: https://www.ncbi.nlm.nih.gov/protein/ACK78383.1; ACK79052.1: https://www.ncbi.nlm.nih.gov/protein/ACK79052.1
RU820_RS01060	WP_012536025.1	B1无行	AFE_0220	重新识别为原始GCA旧AFE基因对应	否	原始GCA AFE_0220 (ACK79334.1) 与旧GCF同坐标投射重叠 1743 bp，占较短CDS大部；identity=0.9966, aa=580, 双向coverage=1.0000/1.0000	NCBI RefSeq GCF_049532655.1: https://www.ncbi.nlm.nih.gov/datasets/genome/GCF_049532655.1/; current WP WP_012536025.1: https://www.ncbi.nlm.nih.gov/protein/WP_012536025.1; old RefSeq GCF_000021485.1: https://www.ncbi.nlm.nih.gov/datasets/genome/GCF_000021485.1/; old RefSeq WP WP_012606522.1: https://www.ncbi.nlm.nih.gov/protein/WP_012606522.1; original GenBank GCA_000021485.1 GFF/protein: https://www.ncbi.nlm.nih.gov/datasets/genome/GCA_000021485.1/; ACK79334.1: https://www.ncbi.nlm.nih.gov/protein/ACK79334.1
RU820_RS01075	WP_012536027.1	B1无行	无	旧基因组同源基因无旧AFE_xxxx标签；按工作定义纳入母表	是	邻域核验：是：top候选在锚定区间；AFE_RS01040[old=空]；identity=1.0000，较短覆盖=1.0000，当前覆盖=1.0000，旧序列覆盖=1.0000。旧2025 GFF已有同源蛋白注释，但无法关联任何旧AFE_xxxx，故按本项目身份定义列入母表；不表示生物学上新出现。	NCBI RefSeq GCF_049532655.1: https://www.ncbi.nlm.nih.gov/datasets/genome/GCF_049532655.1/; current WP WP_012536027.1: https://www.ncbi.nlm.nih.gov/protein/WP_012536027.1; old RefSeq GCF_000021485.1: https://www.ncbi.nlm.nih.gov/datasets/genome/GCF_000021485.1/; old RefSeq WP WP_012536027.1: https://www.ncbi.nlm.nih.gov/protein/WP_012536027.1; original GenBank GCA_000021485.1 GFF/protein: https://www.ncbi.nlm.nih.gov/datasets/genome/GCA_000021485.1/; ACK80748.1: https://www.ncbi.nlm.nih.gov/protein/ACK80748.1; ACK80763.1: https://www.ncbi.nlm.nih.gov/protein/ACK80763.1
RU820_RS01225	WP_041645263.1	B1无行	无	旧基因组同源基因无旧AFE_xxxx标签；按工作定义纳入母表	是	邻域核验：是：top候选在锚定区间；AFE_RS01190[old=空]；identity=1.0000，较短覆盖=1.0000，当前覆盖=1.0000，旧序列覆盖=1.0000。旧2025 GFF已有同源蛋白注释，但无法关联任何旧AFE_xxxx，故按本项目身份定义列入母表；不表示生物学上新出现。	NCBI RefSeq GCF_049532655.1: https://www.ncbi.nlm.nih.gov/datasets/genome/GCF_049532655.1/; current WP WP_041645263.1: https://www.ncbi.nlm.nih.gov/protein/WP_041645263.1; old RefSeq GCF_000021485.1: https://www.ncbi.nlm.nih.gov/datasets/genome/GCF_000021485.1/; old RefSeq WP WP_041645263.1: https://www.ncbi.nlm.nih.gov/protein/WP_041645263.1; original GenBank GCA_000021485.1 GFF/protein: https://www.ncbi.nlm.nih.gov/datasets/genome/GCA_000021485.1/; ACK78013.1: https://www.ncbi.nlm.nih.gov/protein/ACK78013.1; ACK80283.1: https://www.ncbi.nlm.nih.gov/protein/ACK80283.1
RU820_RS01505	WP_009566505.1	多重候选	AFE_0311	重新识别为原始GCA旧AFE基因对应	否	原始GCA AFE_0311 (ACK77993.1) 与旧GCF同坐标投射重叠 1191 bp，占较短CDS大部；identity=1.0000, aa=396, 双向coverage=1.0000/1.0000	NCBI RefSeq GCF_049532655.1: https://www.ncbi.nlm.nih.gov/datasets/genome/GCF_049532655.1/; current WP WP_009566505.1: https://www.ncbi.nlm.nih.gov/protein/WP_009566505.1; old RefSeq GCF_000021485.1: https://www.ncbi.nlm.nih.gov/datasets/genome/GCF_000021485.1/; old RefSeq WP WP_009566505.1: https://www.ncbi.nlm.nih.gov/protein/WP_009566505.1; original GenBank GCA_000021485.1 GFF/protein: https://www.ncbi.nlm.nih.gov/datasets/genome/GCA_000021485.1/; ACK77993.1: https://www.ncbi.nlm.nih.gov/protein/ACK77993.1; ACK78942.1: https://www.ncbi.nlm.nih.gov/protein/ACK78942.1; ACK79247.1: https://www.ncbi.nlm.nih.gov/protein/ACK79247.1
RU820_RS01550	WP_012606540.1	B1无行	AFE_0321	重新识别为原始GCA旧AFE基因对应	否	原始GCA AFE_0321 (ACK80911.1) 与旧GCF同坐标投射重叠 4155 bp，占较短CDS大部；identity=1.0000, aa=1384, 双向coverage=1.0000/1.0000	NCBI RefSeq GCF_049532655.1: https://www.ncbi.nlm.nih.gov/datasets/genome/GCF_049532655.1/; current WP WP_012606540.1: https://www.ncbi.nlm.nih.gov/protein/WP_012606540.1; old RefSeq GCF_000021485.1: https://www.ncbi.nlm.nih.gov/datasets/genome/GCF_000021485.1/; old RefSeq WP WP_012536083.1: https://www.ncbi.nlm.nih.gov/protein/WP_012536083.1; original GenBank GCA_000021485.1 GFF/protein: https://www.ncbi.nlm.nih.gov/datasets/genome/GCA_000021485.1/; ACK80911.1: https://www.ncbi.nlm.nih.gov/protein/ACK80911.1
RU820_RS01570	WP_009566505.1	多重候选	AFE_0325	重新识别为原始GCA旧AFE基因对应	否	原始GCA AFE_0325 (ACK78942.1) 与旧GCF同坐标投射重叠 1191 bp，占较短CDS大部；identity=1.0000, aa=396, 双向coverage=1.0000/1.0000	NCBI RefSeq GCF_049532655.1: https://www.ncbi.nlm.nih.gov/datasets/genome/GCF_049532655.1/; current WP WP_009566505.1: https://www.ncbi.nlm.nih.gov/protein/WP_009566505.1; old RefSeq GCF_000021485.1: https://www.ncbi.nlm.nih.gov/datasets/genome/GCF_000021485.1/; old RefSeq WP WP_009566505.1: https://www.ncbi.nlm.nih.gov/protein/WP_009566505.1; original GenBank GCA_000021485.1 GFF/protein: https://www.ncbi.nlm.nih.gov/datasets/genome/GCA_000021485.1/; ACK78942.1: https://www.ncbi.nlm.nih.gov/protein/ACK78942.1; ACK79390.1: https://www.ncbi.nlm.nih.gov/protein/ACK79390.1
RU820_RS01825	WP_041838681.1	B1无行	AFE_0376	旧新关系待人工复核	否	邻域核验：是：top候选在锚定区间；分类建议=建议排除：序列top hit唯一落在双侧锚区间，旧AFE对应；top hit=WP_278415965.1 identity=0.9982，较短覆盖=1.0000，当前覆盖=0.7357，旧序列覆盖=1.0000；identity或任一侧覆盖未达90%，或出现重复拷贝/结构变化，未强制归类。	NCBI RefSeq GCF_049532655.1: https://www.ncbi.nlm.nih.gov/datasets/genome/GCF_049532655.1/; current WP WP_041838681.1: https://www.ncbi.nlm.nih.gov/protein/WP_041838681.1; old RefSeq GCF_000021485.1: https://www.ncbi.nlm.nih.gov/datasets/genome/GCF_000021485.1/; old RefSeq WP WP_278415965.1: https://www.ncbi.nlm.nih.gov/protein/WP_278415965.1; original GenBank GCA_000021485.1 GFF/protein: https://www.ncbi.nlm.nih.gov/datasets/genome/GCA_000021485.1/; ACK78941.1: https://www.ncbi.nlm.nih.gov/protein/ACK78941.1; ACK80824.1: https://www.ncbi.nlm.nih.gov/protein/ACK80824.1
RU820_RS02020	WP_146235837.1	B1无行	无	旧基因组同源基因无旧AFE_xxxx标签；按工作定义纳入母表	是	邻域核验：是：top候选在锚定区间；AFE_RS15930[old=空]；identity=1.0000，较短覆盖=1.0000，当前覆盖=1.0000，旧序列覆盖=1.0000。旧2025 GFF已有同源蛋白注释，但无法关联任何旧AFE_xxxx，故按本项目身份定义列入母表；不表示生物学上新出现。	NCBI RefSeq GCF_049532655.1: https://www.ncbi.nlm.nih.gov/datasets/genome/GCF_049532655.1/; current WP WP_146235837.1: https://www.ncbi.nlm.nih.gov/protein/WP_146235837.1; old RefSeq GCF_000021485.1: https://www.ncbi.nlm.nih.gov/datasets/genome/GCF_000021485.1/; old RefSeq WP WP_146235837.1: https://www.ncbi.nlm.nih.gov/protein/WP_146235837.1; original GenBank GCA_000021485.1 GFF/protein: https://www.ncbi.nlm.nih.gov/datasets/genome/GCA_000021485.1/; ACK78424.1: https://www.ncbi.nlm.nih.gov/protein/ACK78424.1; ACK79378.1: https://www.ncbi.nlm.nih.gov/protein/ACK79378.1
RU820_RS02245	WP_009564831.1	B1无行	无	旧基因组同源基因无旧AFE_xxxx标签；按工作定义纳入母表	是	邻域核验：是：top候选在锚定区间；AFE_RS02190[old=空]；identity=1.0000，较短覆盖=1.0000，当前覆盖=1.0000，旧序列覆盖=1.0000。旧2025 GFF已有同源蛋白注释，但无法关联任何旧AFE_xxxx，故按本项目身份定义列入母表；不表示生物学上新出现。	NCBI RefSeq GCF_049532655.1: https://www.ncbi.nlm.nih.gov/datasets/genome/GCF_049532655.1/; current WP WP_009564831.1: https://www.ncbi.nlm.nih.gov/protein/WP_009564831.1; old RefSeq GCF_000021485.1: https://www.ncbi.nlm.nih.gov/datasets/genome/GCF_000021485.1/; old RefSeq WP WP_009564831.1: https://www.ncbi.nlm.nih.gov/protein/WP_009564831.1; original GenBank GCA_000021485.1 GFF/protein: https://www.ncbi.nlm.nih.gov/datasets/genome/GCA_000021485.1/; ACK78122.1: https://www.ncbi.nlm.nih.gov/protein/ACK78122.1; ACK78176.1: https://www.ncbi.nlm.nih.gov/protein/ACK78176.1
RU820_RS02395	WP_041645281.1	B1无行	AFE_0494	旧新关系待人工复核	否	邻域核验：是：top候选在锚定区间；分类建议=建议排除：序列top hit唯一落在双侧锚区间，旧AFE对应；top hit=WP_074874213.1 identity=1.0000，较短覆盖=1.0000，当前覆盖=1.0000，旧序列覆盖=0.7164；identity或任一侧覆盖未达90%，或出现重复拷贝/结构变化，未强制归类。	NCBI RefSeq GCF_049532655.1: https://www.ncbi.nlm.nih.gov/datasets/genome/GCF_049532655.1/; current WP WP_041645281.1: https://www.ncbi.nlm.nih.gov/protein/WP_041645281.1; old RefSeq GCF_000021485.1: https://www.ncbi.nlm.nih.gov/datasets/genome/GCF_000021485.1/; old RefSeq WP WP_074874213.1: https://www.ncbi.nlm.nih.gov/protein/WP_074874213.1; original GenBank GCA_000021485.1 GFF/protein: https://www.ncbi.nlm.nih.gov/datasets/genome/GCA_000021485.1/; ACK80018.1: https://www.ncbi.nlm.nih.gov/protein/ACK80018.1; ACK80473.1: https://www.ncbi.nlm.nih.gov/protein/ACK80473.1
RU820_RS02400	WP_009567639.1	B1无行	AFE_0495	重新识别为原始GCA旧AFE基因对应	否	原始GCA AFE_0495 (ACK80473.1) 与旧GCF同坐标投射重叠 165 bp，占较短CDS大部；identity=1.0000, aa=75, 双向coverage=1.0000/1.0000	NCBI RefSeq GCF_049532655.1: https://www.ncbi.nlm.nih.gov/datasets/genome/GCF_049532655.1/; current WP WP_009567639.1: https://www.ncbi.nlm.nih.gov/protein/WP_009567639.1; old RefSeq GCF_000021485.1: https://www.ncbi.nlm.nih.gov/datasets/genome/GCF_000021485.1/; old RefSeq WP WP_225487403.1: https://www.ncbi.nlm.nih.gov/protein/WP_225487403.1; original GenBank GCA_000021485.1 GFF/protein: https://www.ncbi.nlm.nih.gov/datasets/genome/GCA_000021485.1/; ACK80473.1: https://www.ncbi.nlm.nih.gov/protein/ACK80473.1
RU820_RS02410	WP_198293661.1	B1无行	无	旧基因组同源基因无旧AFE_xxxx标签；按工作定义纳入母表	是	邻域核验：是：top候选在锚定区间；AFE_RS16885[old=空]；identity=1.0000，较短覆盖=1.0000，当前覆盖=1.0000，旧序列覆盖=1.0000。旧2025 GFF已有同源蛋白注释，但无法关联任何旧AFE_xxxx，故按本项目身份定义列入母表；不表示生物学上新出现。	NCBI RefSeq GCF_049532655.1: https://www.ncbi.nlm.nih.gov/datasets/genome/GCF_049532655.1/; current WP WP_198293661.1: https://www.ncbi.nlm.nih.gov/protein/WP_198293661.1; old RefSeq GCF_000021485.1: https://www.ncbi.nlm.nih.gov/datasets/genome/GCF_000021485.1/; old RefSeq WP WP_198293661.1: https://www.ncbi.nlm.nih.gov/protein/WP_198293661.1; original GenBank GCA_000021485.1 GFF/protein: https://www.ncbi.nlm.nih.gov/datasets/genome/GCA_000021485.1/; ACK80054.1: https://www.ncbi.nlm.nih.gov/protein/ACK80054.1; ACK80406.1: https://www.ncbi.nlm.nih.gov/protein/ACK80406.1
RU820_RS02415	WP_009567636.1	B1无行	无	旧基因组同源基因无旧AFE_xxxx标签；按工作定义纳入母表	是	邻域核验：是：top候选在锚定区间；AFE_RS16890[old=空]；identity=1.0000，较短覆盖=1.0000，当前覆盖=1.0000，旧序列覆盖=1.0000。旧2025 GFF已有同源蛋白注释，但无法关联任何旧AFE_xxxx，故按本项目身份定义列入母表；不表示生物学上新出现。	NCBI RefSeq GCF_049532655.1: https://www.ncbi.nlm.nih.gov/datasets/genome/GCF_049532655.1/; current WP WP_009567636.1: https://www.ncbi.nlm.nih.gov/protein/WP_009567636.1; old RefSeq GCF_000021485.1: https://www.ncbi.nlm.nih.gov/datasets/genome/GCF_000021485.1/; old RefSeq WP WP_009567636.1: https://www.ncbi.nlm.nih.gov/protein/WP_009567636.1; original GenBank GCA_000021485.1 GFF/protein: https://www.ncbi.nlm.nih.gov/datasets/genome/GCA_000021485.1/; ACK79869.1: https://www.ncbi.nlm.nih.gov/protein/ACK79869.1
RU820_RS02450	WP_226834174.1	多重候选	AFE_0505	旧AFE候选涉及split/merge或注释边界变化，待人工复核	否	原始GCA AFE_0505 (ACK80288.1) 同链坐标重叠 387 bp；identity=1.0000, aa=128, 当前覆盖=1.0000, 旧覆盖=0.7033	NCBI RefSeq GCF_049532655.1: https://www.ncbi.nlm.nih.gov/datasets/genome/GCF_049532655.1/; current WP WP_226834174.1: https://www.ncbi.nlm.nih.gov/protein/WP_226834174.1; old RefSeq GCF_000021485.1: https://www.ncbi.nlm.nih.gov/datasets/genome/GCF_000021485.1/; old RefSeq WP WP_226834174.1: https://www.ncbi.nlm.nih.gov/protein/WP_226834174.1; original GenBank GCA_000021485.1 GFF/protein: https://www.ncbi.nlm.nih.gov/datasets/genome/GCA_000021485.1/; ACK78039.1: https://www.ncbi.nlm.nih.gov/protein/ACK78039.1; ACK78204.1: https://www.ncbi.nlm.nih.gov/protein/ACK78204.1; ACK78914.1: https://www.ncbi.nlm.nih.gov/protein/ACK78914.1; ACK79957.1: https://www.ncbi.nlm.nih.gov/protein/ACK79957.1; ACK80288.1: https://www.ncbi.nlm.nih.gov/protein/ACK80288.1
RU820_RS02460	WP_012535982.1	多重候选	AFE_0507	重新识别为原始GCA旧AFE基因对应	否	原始GCA AFE_0507 (ACK78204.1) 与旧GCF同坐标投射重叠 1245 bp，占较短CDS大部；identity=1.0000, aa=414, 双向coverage=1.0000/1.0000	NCBI RefSeq GCF_049532655.1: https://www.ncbi.nlm.nih.gov/datasets/genome/GCF_049532655.1/; current WP WP_012535982.1: https://www.ncbi.nlm.nih.gov/protein/WP_012535982.1; old RefSeq GCF_000021485.1: https://www.ncbi.nlm.nih.gov/datasets/genome/GCF_000021485.1/; old RefSeq WP WP_012535982.1: https://www.ncbi.nlm.nih.gov/protein/WP_012535982.1; original GenBank GCA_000021485.1 GFF/protein: https://www.ncbi.nlm.nih.gov/datasets/genome/GCA_000021485.1/; ACK78039.1: https://www.ncbi.nlm.nih.gov/protein/ACK78039.1; ACK78204.1: https://www.ncbi.nlm.nih.gov/protein/ACK78204.1; ACK78871.1: https://www.ncbi.nlm.nih.gov/protein/ACK78871.1; ACK79199.1: https://www.ncbi.nlm.nih.gov/protein/ACK79199.1; ACK79957.1: https://www.ncbi.nlm.nih.gov/protein/ACK79957.1; ACK80270.1: https://www.ncbi.nlm.nih.gov/protein/ACK80270.1; ACK80288.1: https://www.ncbi.nlm.nih.gov/protein/ACK80288.1
RU820_RS02465	WP_012535983.1	多重候选	AFE_0508	重新识别为原始GCA旧AFE基因对应	否	原始GCA AFE_0508 (ACK78871.1) 与旧GCF同坐标投射重叠 942 bp，占较短CDS大部；identity=1.0000, aa=313, 双向coverage=1.0000/1.0000	NCBI RefSeq GCF_049532655.1: https://www.ncbi.nlm.nih.gov/datasets/genome/GCF_049532655.1/; current WP WP_012535983.1: https://www.ncbi.nlm.nih.gov/protein/WP_012535983.1; old RefSeq GCF_000021485.1: https://www.ncbi.nlm.nih.gov/datasets/genome/GCF_000021485.1/; old RefSeq WP WP_012535983.1: https://www.ncbi.nlm.nih.gov/protein/WP_012535983.1; original GenBank GCA_000021485.1 GFF/protein: https://www.ncbi.nlm.nih.gov/datasets/genome/GCA_000021485.1/; ACK78204.1: https://www.ncbi.nlm.nih.gov/protein/ACK78204.1; ACK78871.1: https://www.ncbi.nlm.nih.gov/protein/ACK78871.1; ACK78914.1: https://www.ncbi.nlm.nih.gov/protein/ACK78914.1; ACK79957.1: https://www.ncbi.nlm.nih.gov/protein/ACK79957.1; ACK80270.1: https://www.ncbi.nlm.nih.gov/protein/ACK80270.1; ACK80490.1: https://www.ncbi.nlm.nih.gov/protein/ACK80490.1
RU820_RS02470	WP_009561339.1	多重候选	AFE_0509	重新识别为原始GCA旧AFE基因对应	否	原始GCA AFE_0509 (ACK78914.1) 与旧GCF同坐标投射重叠 999 bp，占较短CDS大部；identity=1.0000, aa=332, 双向coverage=1.0000/1.0000	NCBI RefSeq GCF_049532655.1: https://www.ncbi.nlm.nih.gov/datasets/genome/GCF_049532655.1/; current WP WP_009561339.1: https://www.ncbi.nlm.nih.gov/protein/WP_009561339.1; old RefSeq GCF_000021485.1: https://www.ncbi.nlm.nih.gov/datasets/genome/GCF_000021485.1/; old RefSeq WP WP_009561339.1: https://www.ncbi.nlm.nih.gov/protein/WP_009561339.1; original GenBank GCA_000021485.1 GFF/protein: https://www.ncbi.nlm.nih.gov/datasets/genome/GCA_000021485.1/; ACK78263.1: https://www.ncbi.nlm.nih.gov/protein/ACK78263.1; ACK78871.1: https://www.ncbi.nlm.nih.gov/protein/ACK78871.1; ACK78914.1: https://www.ncbi.nlm.nih.gov/protein/ACK78914.1; ACK79957.1: https://www.ncbi.nlm.nih.gov/protein/ACK79957.1; ACK80288.1: https://www.ncbi.nlm.nih.gov/protein/ACK80288.1; ACK80674.1: https://www.ncbi.nlm.nih.gov/protein/ACK80674.1
RU820_RS02480	WP_012535980.1	多重候选	AFE_0504,AFE_0505,AFE_0506,AFE_0507,AFE_0508,AFE_0509,AFE_0510	原始AFE序列命中但位置/覆盖关系冲突，待人工复核	否	原始GCA top=ACK80580.1 loci=AFE_0504,AFE_0505,AFE_0506,AFE_0507,AFE_0508,AFE_0509,AFE_0510; identity=1.0000, 双向coverage=1.0000/1.0000; 同位锚定未成立或存在长度差/旁系同源	NCBI RefSeq GCF_049532655.1: https://www.ncbi.nlm.nih.gov/datasets/genome/GCF_049532655.1/; current WP WP_012535980.1: https://www.ncbi.nlm.nih.gov/protein/WP_012535980.1; old RefSeq GCF_000021485.1: https://www.ncbi.nlm.nih.gov/datasets/genome/GCF_000021485.1/; old RefSeq WP WP_012535980.1: https://www.ncbi.nlm.nih.gov/protein/WP_012535980.1; original GenBank GCA_000021485.1 GFF/protein: https://www.ncbi.nlm.nih.gov/datasets/genome/GCA_000021485.1/; ACK78039.1: https://www.ncbi.nlm.nih.gov/protein/ACK78039.1; ACK78204.1: https://www.ncbi.nlm.nih.gov/protein/ACK78204.1; ACK78263.1: https://www.ncbi.nlm.nih.gov/protein/ACK78263.1; ACK78871.1: https://www.ncbi.nlm.nih.gov/protein/ACK78871.1; ACK78914.1: https://www.ncbi.nlm.nih.gov/protein/ACK78914.1; ACK79957.1: https://www.ncbi.nlm.nih.gov/protein/ACK79957.1; ACK80288.1: https://www.ncbi.nlm.nih.gov/protein/ACK80288.1; ACK80580.1: https://www.ncbi.nlm.nih.gov/protein/ACK80580.1
RU820_RS02485	WP_009567530.1	多重候选	AFE_0512	重新识别为原始GCA旧AFE基因对应	否	原始GCA AFE_0512 (ACK80270.1) 与旧GCF同坐标投射重叠 204 bp，占较短CDS大部；identity=1.0000, aa=67, 双向coverage=1.0000/1.0000	NCBI RefSeq GCF_049532655.1: https://www.ncbi.nlm.nih.gov/datasets/genome/GCF_049532655.1/; current WP WP_009567530.1: https://www.ncbi.nlm.nih.gov/protein/WP_009567530.1; old RefSeq GCF_000021485.1: https://www.ncbi.nlm.nih.gov/datasets/genome/GCF_000021485.1/; old RefSeq WP WP_009567530.1: https://www.ncbi.nlm.nih.gov/protein/WP_009567530.1; original GenBank GCA_000021485.1 GFF/protein: https://www.ncbi.nlm.nih.gov/datasets/genome/GCA_000021485.1/; ACK78204.1: https://www.ncbi.nlm.nih.gov/protein/ACK78204.1; ACK78871.1: https://www.ncbi.nlm.nih.gov/protein/ACK78871.1; ACK79957.1: https://www.ncbi.nlm.nih.gov/protein/ACK79957.1; ACK80270.1: https://www.ncbi.nlm.nih.gov/protein/ACK80270.1
RU820_RS02500	WP_080513172.1	B1无行	无	旧基因组同源基因无旧AFE_xxxx标签；按工作定义纳入母表	是	邻域核验：是：top候选在锚定区间；AFE_RS15470[old=空]；identity=1.0000，较短覆盖=1.0000，当前覆盖=1.0000，旧序列覆盖=1.0000。旧2025 GFF已有同源蛋白注释，但无法关联任何旧AFE_xxxx，故按本项目身份定义列入母表；不表示生物学上新出现。	NCBI RefSeq GCF_049532655.1: https://www.ncbi.nlm.nih.gov/datasets/genome/GCF_049532655.1/; current WP WP_080513172.1: https://www.ncbi.nlm.nih.gov/protein/WP_080513172.1; old RefSeq GCF_000021485.1: https://www.ncbi.nlm.nih.gov/datasets/genome/GCF_000021485.1/; old RefSeq WP WP_080513172.1: https://www.ncbi.nlm.nih.gov/protein/WP_080513172.1; original GenBank GCA_000021485.1 GFF/protein: https://www.ncbi.nlm.nih.gov/datasets/genome/GCA_000021485.1/; ACK77965.1: https://www.ncbi.nlm.nih.gov/protein/ACK77965.1; ACK78405.1: https://www.ncbi.nlm.nih.gov/protein/ACK78405.1
RU820_RS02510	WP_225487644.1	B1无行	无	旧基因组同源基因无旧AFE_xxxx标签；按工作定义纳入母表	是	邻域核验：是：top候选在锚定区间；AFE_RS16665[old=空]；identity=1.0000，较短覆盖=1.0000，当前覆盖=1.0000，旧序列覆盖=1.0000。旧2025 GFF已有同源蛋白注释，但无法关联任何旧AFE_xxxx，故按本项目身份定义列入母表；不表示生物学上新出现。	NCBI RefSeq GCF_049532655.1: https://www.ncbi.nlm.nih.gov/datasets/genome/GCF_049532655.1/; current WP WP_225487644.1: https://www.ncbi.nlm.nih.gov/protein/WP_225487644.1; old RefSeq GCF_000021485.1: https://www.ncbi.nlm.nih.gov/datasets/genome/GCF_000021485.1/; old RefSeq WP WP_225487644.1: https://www.ncbi.nlm.nih.gov/protein/WP_225487644.1; original GenBank GCA_000021485.1 GFF/protein: https://www.ncbi.nlm.nih.gov/datasets/genome/GCA_000021485.1/; ACK78256.1: https://www.ncbi.nlm.nih.gov/protein/ACK78256.1; ACK80304.1: https://www.ncbi.nlm.nih.gov/protein/ACK80304.1
RU820_RS02640	WP_225487408.1	B1无行	AFE_0545	重新识别为原始GCA旧AFE基因对应	否	原始GCA AFE_0545 (ACK79862.1) 与旧GCF同坐标投射重叠 1851 bp，占较短CDS大部；identity=1.0000, aa=597, 双向coverage=1.0000/0.9692	NCBI RefSeq GCF_049532655.1: https://www.ncbi.nlm.nih.gov/datasets/genome/GCF_049532655.1/; current WP WP_225487408.1: https://www.ncbi.nlm.nih.gov/protein/WP_225487408.1; old RefSeq GCF_000021485.1: https://www.ncbi.nlm.nih.gov/datasets/genome/GCF_000021485.1/; old RefSeq WP WP_012536195.1: https://www.ncbi.nlm.nih.gov/protein/WP_012536195.1; original GenBank GCA_000021485.1 GFF/protein: https://www.ncbi.nlm.nih.gov/datasets/genome/GCA_000021485.1/; ACK79862.1: https://www.ncbi.nlm.nih.gov/protein/ACK79862.1
RU820_RS02660	WP_012536197.1	B1无行	AFE_0549	重新识别为原始GCA旧AFE基因对应	否	原始GCA AFE_0549 (ACK80307.1) 与旧GCF同坐标投射重叠 3597 bp，占较短CDS大部；identity=0.9992, aa=1197, 双向coverage=0.9779/0.9893	NCBI RefSeq GCF_049532655.1: https://www.ncbi.nlm.nih.gov/datasets/genome/GCF_049532655.1/; current WP WP_012536197.1: https://www.ncbi.nlm.nih.gov/protein/WP_012536197.1; old RefSeq GCF_000021485.1: https://www.ncbi.nlm.nih.gov/datasets/genome/GCF_000021485.1/; old RefSeq WP WP_080513173.1: https://www.ncbi.nlm.nih.gov/protein/WP_080513173.1; original GenBank GCA_000021485.1 GFF/protein: https://www.ncbi.nlm.nih.gov/datasets/genome/GCA_000021485.1/; ACK78827.1: https://www.ncbi.nlm.nih.gov/protein/ACK78827.1; ACK80307.1: https://www.ncbi.nlm.nih.gov/protein/ACK80307.1
RU820_RS02820	WP_225487645.1	B1无行	无	旧基因组同源基因无旧AFE_xxxx标签；按工作定义纳入母表	是	邻域核验：是：top候选在锚定区间；AFE_RS16670[old=空]；identity=1.0000，较短覆盖=1.0000，当前覆盖=1.0000，旧序列覆盖=1.0000。旧2025 GFF已有同源蛋白注释，但无法关联任何旧AFE_xxxx，故按本项目身份定义列入母表；不表示生物学上新出现。	NCBI RefSeq GCF_049532655.1: https://www.ncbi.nlm.nih.gov/datasets/genome/GCF_049532655.1/; current WP WP_225487645.1: https://www.ncbi.nlm.nih.gov/protein/WP_225487645.1; old RefSeq GCF_000021485.1: https://www.ncbi.nlm.nih.gov/datasets/genome/GCF_000021485.1/; old RefSeq WP WP_225487645.1: https://www.ncbi.nlm.nih.gov/protein/WP_225487645.1; original GenBank GCA_000021485.1 GFF/protein: https://www.ncbi.nlm.nih.gov/datasets/genome/GCA_000021485.1/; ACK80093.1: https://www.ncbi.nlm.nih.gov/protein/ACK80093.1
RU820_RS02835	WP_374058762.1	B1无行	AFE_0587	旧AFE候选涉及split/merge或注释边界变化，待人工复核	否	原始GCA AFE_0587 (ACK79138.1) 同链坐标重叠 1008 bp；identity=0.9866, aa=298, 当前覆盖=0.9707, 旧覆盖=0.8896	NCBI RefSeq GCF_049532655.1: https://www.ncbi.nlm.nih.gov/datasets/genome/GCF_049532655.1/; current WP WP_374058762.1: https://www.ncbi.nlm.nih.gov/protein/WP_374058762.1; old RefSeq GCF_000021485.1: https://www.ncbi.nlm.nih.gov/datasets/genome/GCF_000021485.1/; old RefSeq WP WP_012606594.1: https://www.ncbi.nlm.nih.gov/protein/WP_012606594.1; original GenBank GCA_000021485.1 GFF/protein: https://www.ncbi.nlm.nih.gov/datasets/genome/GCA_000021485.1/; ACK79138.1: https://www.ncbi.nlm.nih.gov/protein/ACK79138.1
RU820_RS02945	WP_155644734.1	B1无行	无	旧基因组同源基因无旧AFE_xxxx标签；按工作定义纳入母表	是	邻域核验：是：top候选在锚定区间；AFE_RS16305[old=空]；identity=1.0000，较短覆盖=1.0000，当前覆盖=1.0000，旧序列覆盖=1.0000。旧2025 GFF已有同源蛋白注释，但无法关联任何旧AFE_xxxx，故按本项目身份定义列入母表；不表示生物学上新出现。	NCBI RefSeq GCF_049532655.1: https://www.ncbi.nlm.nih.gov/datasets/genome/GCF_049532655.1/; current WP WP_155644734.1: https://www.ncbi.nlm.nih.gov/protein/WP_155644734.1; old RefSeq GCF_000021485.1: https://www.ncbi.nlm.nih.gov/datasets/genome/GCF_000021485.1/; old RefSeq WP WP_155644734.1: https://www.ncbi.nlm.nih.gov/protein/WP_155644734.1; original GenBank GCA_000021485.1 GFF/protein: https://www.ncbi.nlm.nih.gov/datasets/genome/GCA_000021485.1/; ACK78174.1: https://www.ncbi.nlm.nih.gov/protein/ACK78174.1; ACK78378.1: https://www.ncbi.nlm.nih.gov/protein/ACK78378.1
RU820_RS02960	WP_009568923.1	B1无行	无	旧基因组同源基因无旧AFE_xxxx标签；按工作定义纳入母表	是	邻域核验：是：top候选在锚定区间；AFE_RS02880[old=空]；identity=1.0000，较短覆盖=1.0000，当前覆盖=1.0000，旧序列覆盖=1.0000。旧2025 GFF已有同源蛋白注释，但无法关联任何旧AFE_xxxx，故按本项目身份定义列入母表；不表示生物学上新出现。	NCBI RefSeq GCF_049532655.1: https://www.ncbi.nlm.nih.gov/datasets/genome/GCF_049532655.1/; current WP WP_009568923.1: https://www.ncbi.nlm.nih.gov/protein/WP_009568923.1; old RefSeq GCF_000021485.1: https://www.ncbi.nlm.nih.gov/datasets/genome/GCF_000021485.1/; old RefSeq WP WP_009568923.1: https://www.ncbi.nlm.nih.gov/protein/WP_009568923.1; original GenBank GCA_000021485.1 GFF/protein: https://www.ncbi.nlm.nih.gov/datasets/genome/GCA_000021485.1/; ACK80021.1: https://www.ncbi.nlm.nih.gov/protein/ACK80021.1; ACK80165.1: https://www.ncbi.nlm.nih.gov/protein/ACK80165.1
RU820_RS03065	WP_012536251.1	多重候选	AFE_0635	重新识别为原始GCA旧AFE基因对应	否	原始GCA AFE_0635 (ACK80513.1) 与旧GCF同坐标投射重叠 945 bp，占较短CDS大部；identity=1.0000, aa=314, 双向coverage=1.0000/1.0000	NCBI RefSeq GCF_049532655.1: https://www.ncbi.nlm.nih.gov/datasets/genome/GCF_049532655.1/; current WP WP_012536251.1: https://www.ncbi.nlm.nih.gov/protein/WP_012536251.1; old RefSeq GCF_000021485.1: https://www.ncbi.nlm.nih.gov/datasets/genome/GCF_000021485.1/; old RefSeq WP WP_012536251.1: https://www.ncbi.nlm.nih.gov/protein/WP_012536251.1; original GenBank GCA_000021485.1 GFF/protein: https://www.ncbi.nlm.nih.gov/datasets/genome/GCA_000021485.1/; ACK80513.1: https://www.ncbi.nlm.nih.gov/protein/ACK80513.1; ACK80568.1: https://www.ncbi.nlm.nih.gov/protein/ACK80568.1
RU820_RS03180	WP_012536268.1	B1无行	AFE_0658	重新识别为原始GCA旧AFE基因对应	否	原始GCA AFE_0658 (ACK78760.1) 与旧GCF同坐标投射重叠 1257 bp，占较短CDS大部；identity=1.0000, aa=418, 双向coverage=1.0000/1.0000	NCBI RefSeq GCF_049532655.1: https://www.ncbi.nlm.nih.gov/datasets/genome/GCF_049532655.1/; current WP WP_012536268.1: https://www.ncbi.nlm.nih.gov/protein/WP_012536268.1; old RefSeq GCF_000021485.1: https://www.ncbi.nlm.nih.gov/datasets/genome/GCF_000021485.1/; old RefSeq WP WP_428947036.1: https://www.ncbi.nlm.nih.gov/protein/WP_428947036.1; original GenBank GCA_000021485.1 GFF/protein: https://www.ncbi.nlm.nih.gov/datasets/genome/GCA_000021485.1/; ACK78760.1: https://www.ncbi.nlm.nih.gov/protein/ACK78760.1; ACK80888.1: https://www.ncbi.nlm.nih.gov/protein/ACK80888.1
RU820_RS03245	WP_009566459.1	B1无行	AFE_0671	重新识别为原始GCA旧AFE基因对应	否	原始GCA AFE_0671 (ACK80553.1) 与旧GCF同坐标投射重叠 750 bp，占较短CDS大部；identity=1.0000, aa=249, 双向coverage=1.0000/1.0000	NCBI RefSeq GCF_049532655.1: https://www.ncbi.nlm.nih.gov/datasets/genome/GCF_049532655.1/; current WP WP_009566459.1: https://www.ncbi.nlm.nih.gov/protein/WP_009566459.1; old RefSeq GCF_000021485.1: https://www.ncbi.nlm.nih.gov/datasets/genome/GCF_000021485.1/; old RefSeq WP WP_012536274.1: https://www.ncbi.nlm.nih.gov/protein/WP_012536274.1; original GenBank GCA_000021485.1 GFF/protein: https://www.ncbi.nlm.nih.gov/datasets/genome/GCA_000021485.1/; ACK79732.1: https://www.ncbi.nlm.nih.gov/protein/ACK79732.1; ACK80553.1: https://www.ncbi.nlm.nih.gov/protein/ACK80553.1
RU820_RS03395	WP_009564317.1	B1无行	AFE_0704	重新识别为原始GCA旧AFE基因对应	否	原始GCA AFE_0704 (ACK78571.1) 与旧GCF同坐标投射重叠 324 bp，占较短CDS大部；identity=1.0000, aa=110, 双向coverage=1.0000/1.0000	NCBI RefSeq GCF_049532655.1: https://www.ncbi.nlm.nih.gov/datasets/genome/GCF_049532655.1/; current WP WP_009564317.1: https://www.ncbi.nlm.nih.gov/protein/WP_009564317.1; old RefSeq GCF_000021485.1: https://www.ncbi.nlm.nih.gov/datasets/genome/GCF_000021485.1/; old RefSeq WP WP_230959333.1: https://www.ncbi.nlm.nih.gov/protein/WP_230959333.1; original GenBank GCA_000021485.1 GFF/protein: https://www.ncbi.nlm.nih.gov/datasets/genome/GCA_000021485.1/; ACK78571.1: https://www.ncbi.nlm.nih.gov/protein/ACK78571.1
RU820_RS03545	WP_371741701.1	B1无行	AFE_0734	重新识别为原始GCA旧AFE基因对应	否	原始GCA AFE_0734 (ACK79787.1) 与旧GCF同坐标投射重叠 540 bp，占较短CDS大部；identity=1.0000, aa=169, 双向coverage=1.0000/0.9441	NCBI RefSeq GCF_049532655.1: https://www.ncbi.nlm.nih.gov/datasets/genome/GCF_049532655.1/; current WP WP_371741701.1: https://www.ncbi.nlm.nih.gov/protein/WP_371741701.1; old RefSeq GCF_000021485.1: https://www.ncbi.nlm.nih.gov/datasets/genome/GCF_000021485.1/; old RefSeq WP WP_012536318.1: https://www.ncbi.nlm.nih.gov/protein/WP_012536318.1; original GenBank GCA_000021485.1 GFF/protein: https://www.ncbi.nlm.nih.gov/datasets/genome/GCA_000021485.1/; ACK78147.1: https://www.ncbi.nlm.nih.gov/protein/ACK78147.1; ACK79787.1: https://www.ncbi.nlm.nih.gov/protein/ACK79787.1
RU820_RS03575	WP_012536323.1	B1无行	AFE_0741	重新识别为原始GCA旧AFE基因对应	否	原始GCA AFE_0741 (ACK78638.1) 与旧GCF同坐标投射重叠 534 bp，占较短CDS大部；identity=1.0000, aa=177, 双向coverage=1.0000/1.0000	NCBI RefSeq GCF_049532655.1: https://www.ncbi.nlm.nih.gov/datasets/genome/GCF_049532655.1/; current WP WP_012536323.1: https://www.ncbi.nlm.nih.gov/protein/WP_012536323.1; old RefSeq GCF_000021485.1: https://www.ncbi.nlm.nih.gov/datasets/genome/GCF_000021485.1/; old RefSeq WP WP_009566066.1: https://www.ncbi.nlm.nih.gov/protein/WP_009566066.1; original GenBank GCA_000021485.1 GFF/protein: https://www.ncbi.nlm.nih.gov/datasets/genome/GCA_000021485.1/; ACK78166.1: https://www.ncbi.nlm.nih.gov/protein/ACK78166.1; ACK78638.1: https://www.ncbi.nlm.nih.gov/protein/ACK78638.1
RU820_RS03600	WP_012606634.1	B1无行	AFE_0746	重新识别为原始GCA旧AFE基因对应	否	原始GCA AFE_0746 (ACK79145.1) 与旧GCF同坐标投射重叠 486 bp，占较短CDS大部；identity=1.0000, aa=161, 双向coverage=1.0000/1.0000	NCBI RefSeq GCF_049532655.1: https://www.ncbi.nlm.nih.gov/datasets/genome/GCF_049532655.1/; current WP WP_012606634.1: https://www.ncbi.nlm.nih.gov/protein/WP_012606634.1; old RefSeq GCF_000021485.1: https://www.ncbi.nlm.nih.gov/datasets/genome/GCF_000021485.1/; old RefSeq WP WP_012536328.1: https://www.ncbi.nlm.nih.gov/protein/WP_012536328.1; original GenBank GCA_000021485.1 GFF/protein: https://www.ncbi.nlm.nih.gov/datasets/genome/GCA_000021485.1/; ACK78524.1: https://www.ncbi.nlm.nih.gov/protein/ACK78524.1; ACK79145.1: https://www.ncbi.nlm.nih.gov/protein/ACK79145.1
RU820_RS03720	WP_230456334.1	B1无行	AFE_0774	重新识别为原始GCA旧AFE基因对应	否	原始GCA AFE_0774 (ACK80899.1) 与旧GCF同坐标投射重叠 1002 bp，占较短CDS大部；identity=0.9970, aa=333, 双向coverage=0.9098/1.0000	NCBI RefSeq GCF_049532655.1: https://www.ncbi.nlm.nih.gov/datasets/genome/GCF_049532655.1/; current WP WP_230456334.1: https://www.ncbi.nlm.nih.gov/protein/WP_230456334.1; old RefSeq GCF_000021485.1: https://www.ncbi.nlm.nih.gov/datasets/genome/GCF_000021485.1/; old RefSeq WP WP_225487417.1: https://www.ncbi.nlm.nih.gov/protein/WP_225487417.1; original GenBank GCA_000021485.1 GFF/protein: https://www.ncbi.nlm.nih.gov/datasets/genome/GCA_000021485.1/; ACK80899.1: https://www.ncbi.nlm.nih.gov/protein/ACK80899.1
RU820_RS03785	WP_012536357.1	B1无行	AFE_0787	旧AFE候选涉及split/merge或注释边界变化，待人工复核	否	原始GCA AFE_0787 (ACK78404.1) 同链坐标重叠 696 bp；identity=1.0000, aa=246, 当前覆盖=1.0000, 旧覆盖=0.7049	NCBI RefSeq GCF_049532655.1: https://www.ncbi.nlm.nih.gov/datasets/genome/GCF_049532655.1/; current WP WP_012536357.1: https://www.ncbi.nlm.nih.gov/protein/WP_012536357.1; old RefSeq GCF_000021485.1: https://www.ncbi.nlm.nih.gov/datasets/genome/GCF_000021485.1/; old RefSeq WP WP_157293193.1: https://www.ncbi.nlm.nih.gov/protein/WP_157293193.1; original GenBank GCA_000021485.1 GFF/protein: https://www.ncbi.nlm.nih.gov/datasets/genome/GCA_000021485.1/; ACK78404.1: https://www.ncbi.nlm.nih.gov/protein/ACK78404.1
RU820_RS03830	WP_423365384.1	B1无行	AFE_0796	旧AFE候选涉及split/merge或注释边界变化，待人工复核	否	原始GCA AFE_0796 (ACK80936.1) 同链坐标重叠 1194 bp；identity=1.0000, aa=242, 当前覆盖=1.0000, 旧覆盖=0.6096	NCBI RefSeq GCF_049532655.1: https://www.ncbi.nlm.nih.gov/datasets/genome/GCF_049532655.1/; current WP WP_423365384.1: https://www.ncbi.nlm.nih.gov/protein/WP_423365384.1; old RefSeq GCF_000021485.1: https://www.ncbi.nlm.nih.gov/datasets/genome/GCF_000021485.1/; old RefSeq WP WP_012536365.1: https://www.ncbi.nlm.nih.gov/protein/WP_012536365.1; original GenBank GCA_000021485.1 GFF/protein: https://www.ncbi.nlm.nih.gov/datasets/genome/GCA_000021485.1/; ACK80936.1: https://www.ncbi.nlm.nih.gov/protein/ACK80936.1
RU820_RS03835	WP_012606582.1	多重候选	AFE_0550,AFE_1110,AFE_1142,AFE_1265,AFE_2432,AFE_2709,AFE_2972,AFE_3263	多个原始AFE候选，待人工复核	否	高相似原始AFE坐标候选=AFE_0550,AFE_1110,AFE_1142,AFE_1265,AFE_2432,AFE_2709,AFE_2972,AFE_3263，存在多对一/拆分关系	NCBI RefSeq GCF_049532655.1: https://www.ncbi.nlm.nih.gov/datasets/genome/GCF_049532655.1/; current WP WP_012606582.1: https://www.ncbi.nlm.nih.gov/protein/WP_012606582.1; old RefSeq GCF_000021485.1: https://www.ncbi.nlm.nih.gov/datasets/genome/GCF_000021485.1/; old RefSeq WP WP_012606582.1: https://www.ncbi.nlm.nih.gov/protein/WP_012606582.1; original GenBank GCA_000021485.1 GFF/protein: https://www.ncbi.nlm.nih.gov/datasets/genome/GCA_000021485.1/; ACK77962.1: https://www.ncbi.nlm.nih.gov/protein/ACK77962.1; ACK78329.1: https://www.ncbi.nlm.nih.gov/protein/ACK78329.1; ACK78827.1: https://www.ncbi.nlm.nih.gov/protein/ACK78827.1; ACK79267.1: https://www.ncbi.nlm.nih.gov/protein/ACK79267.1; ACK79585.1: https://www.ncbi.nlm.nih.gov/protein/ACK79585.1; ACK79916.1: https://www.ncbi.nlm.nih.gov/protein/ACK79916.1; ACK80266.1: https://www.ncbi.nlm.nih.gov/protein/ACK80266.1; ACK80502.1: https://www.ncbi.nlm.nih.gov/protein/ACK80502.1; ACK80936.1: https://www.ncbi.nlm.nih.gov/protein/ACK80936.1
RU820_RS03840	WP_423365385.1	B1无行	AFE_0796	旧新关系待人工复核	否	邻域核验：是：top候选在锚定区间；分类建议=建议排除：序列top hit唯一落在双侧锚区间，旧AFE对应；top hit=WP_012536365.1 identity=0.9728，较短覆盖=0.8305，当前覆盖=0.8305，旧序列覆盖=0.3703；identity或任一侧覆盖未达90%，或出现重复拷贝/结构变化，未强制归类。	NCBI RefSeq GCF_049532655.1: https://www.ncbi.nlm.nih.gov/datasets/genome/GCF_049532655.1/; current WP WP_423365385.1: https://www.ncbi.nlm.nih.gov/protein/WP_423365385.1; old RefSeq GCF_000021485.1: https://www.ncbi.nlm.nih.gov/datasets/genome/GCF_000021485.1/; old RefSeq WP WP_012536365.1: https://www.ncbi.nlm.nih.gov/protein/WP_012536365.1; original GenBank GCA_000021485.1 GFF/protein: https://www.ncbi.nlm.nih.gov/datasets/genome/GCA_000021485.1/; ACK80936.1: https://www.ncbi.nlm.nih.gov/protein/ACK80936.1
RU820_RS03865	WP_074874130.1	B1无行	AFE_0801	旧AFE候选涉及split/merge或注释边界变化，待人工复核	否	原始GCA AFE_0801 (ACK78316.1) 同链坐标重叠 231 bp；identity=1.0000, aa=76, 当前覆盖=0.5588, 旧覆盖=1.0000	NCBI RefSeq GCF_049532655.1: https://www.ncbi.nlm.nih.gov/datasets/genome/GCF_049532655.1/; current WP WP_074874130.1: https://www.ncbi.nlm.nih.gov/protein/WP_074874130.1; old RefSeq GCF_000021485.1: https://www.ncbi.nlm.nih.gov/datasets/genome/GCF_000021485.1/; old RefSeq WP WP_074874130.1: https://www.ncbi.nlm.nih.gov/protein/WP_074874130.1; original GenBank GCA_000021485.1 GFF/protein: https://www.ncbi.nlm.nih.gov/datasets/genome/GCA_000021485.1/; ACK78316.1: https://www.ncbi.nlm.nih.gov/protein/ACK78316.1; ACK78993.1: https://www.ncbi.nlm.nih.gov/protein/ACK78993.1
RU820_RS03940	WP_111122532.1	B1无行	无	旧基因组同源基因无旧AFE_xxxx标签；按工作定义纳入母表	是	邻域核验：是：top候选在锚定区间；AFE_RS17040[old=空]；identity=1.0000，较短覆盖=1.0000，当前覆盖=1.0000，旧序列覆盖=1.0000。旧2025 GFF已有同源蛋白注释，但无法关联任何旧AFE_xxxx，故按本项目身份定义列入母表；不表示生物学上新出现。	NCBI RefSeq GCF_049532655.1: https://www.ncbi.nlm.nih.gov/datasets/genome/GCF_049532655.1/; current WP WP_111122532.1: https://www.ncbi.nlm.nih.gov/protein/WP_111122532.1; old RefSeq GCF_000021485.1: https://www.ncbi.nlm.nih.gov/datasets/genome/GCF_000021485.1/; old RefSeq WP WP_111122532.1: https://www.ncbi.nlm.nih.gov/protein/WP_111122532.1; original GenBank GCA_000021485.1 GFF/protein: https://www.ncbi.nlm.nih.gov/datasets/genome/GCA_000021485.1/; ACK79457.1: https://www.ncbi.nlm.nih.gov/protein/ACK79457.1; ACK79681.1: https://www.ncbi.nlm.nih.gov/protein/ACK79681.1
RU820_RS03960	WP_012536381.1	B1无行	AFE_0824	旧AFE候选涉及split/merge或注释边界变化，待人工复核	否	原始GCA AFE_0824 (ACK79929.1) 同链坐标重叠 270 bp；identity=1.0000, aa=85, 当前覆盖=1.0000, 旧覆盖=0.8854	NCBI RefSeq GCF_049532655.1: https://www.ncbi.nlm.nih.gov/datasets/genome/GCF_049532655.1/; current WP WP_012536381.1: https://www.ncbi.nlm.nih.gov/protein/WP_012536381.1; old RefSeq GCF_000021485.1: https://www.ncbi.nlm.nih.gov/datasets/genome/GCF_000021485.1/; old RefSeq WP WP_111122550.1: https://www.ncbi.nlm.nih.gov/protein/WP_111122550.1; original GenBank GCA_000021485.1 GFF/protein: https://www.ncbi.nlm.nih.gov/datasets/genome/GCA_000021485.1/; ACK79220.1: https://www.ncbi.nlm.nih.gov/protein/ACK79220.1; ACK79929.1: https://www.ncbi.nlm.nih.gov/protein/ACK79929.1
RU820_RS03985	WP_226834174.1	多重候选	AFE_0831	旧AFE候选涉及split/merge或注释边界变化，待人工复核	否	原始GCA AFE_0831 (ACK77838.1) 同链坐标重叠 387 bp；identity=1.0000, aa=128, 当前覆盖=1.0000, 旧覆盖=0.7033	NCBI RefSeq GCF_049532655.1: https://www.ncbi.nlm.nih.gov/datasets/genome/GCF_049532655.1/; current WP WP_226834174.1: https://www.ncbi.nlm.nih.gov/protein/WP_226834174.1; old RefSeq GCF_000021485.1: https://www.ncbi.nlm.nih.gov/datasets/genome/GCF_000021485.1/; old RefSeq WP WP_226834174.1: https://www.ncbi.nlm.nih.gov/protein/WP_226834174.1; original GenBank GCA_000021485.1 GFF/protein: https://www.ncbi.nlm.nih.gov/datasets/genome/GCA_000021485.1/; ACK77838.1: https://www.ncbi.nlm.nih.gov/protein/ACK77838.1; ACK79199.1: https://www.ncbi.nlm.nih.gov/protein/ACK79199.1; ACK79751.1: https://www.ncbi.nlm.nih.gov/protein/ACK79751.1; ACK79885.1: https://www.ncbi.nlm.nih.gov/protein/ACK79885.1; ACK80288.1: https://www.ncbi.nlm.nih.gov/protein/ACK80288.1; ACK80536.1: https://www.ncbi.nlm.nih.gov/protein/ACK80536.1; ACK80580.1: https://www.ncbi.nlm.nih.gov/protein/ACK80580.1
RU820_RS03995	WP_009561339.1	多重候选	AFE_0833	重新识别为原始GCA旧AFE基因对应	否	原始GCA AFE_0833 (ACK79751.1) 与旧GCF同坐标投射重叠 999 bp，占较短CDS大部；identity=1.0000, aa=332, 双向coverage=1.0000/1.0000	NCBI RefSeq GCF_049532655.1: https://www.ncbi.nlm.nih.gov/datasets/genome/GCF_049532655.1/; current WP WP_009561339.1: https://www.ncbi.nlm.nih.gov/protein/WP_009561339.1; old RefSeq GCF_000021485.1: https://www.ncbi.nlm.nih.gov/datasets/genome/GCF_000021485.1/; old RefSeq WP WP_009561339.1: https://www.ncbi.nlm.nih.gov/protein/WP_009561339.1; original GenBank GCA_000021485.1 GFF/protein: https://www.ncbi.nlm.nih.gov/datasets/genome/GCA_000021485.1/; ACK77838.1: https://www.ncbi.nlm.nih.gov/protein/ACK77838.1; ACK79575.1: https://www.ncbi.nlm.nih.gov/protein/ACK79575.1; ACK79751.1: https://www.ncbi.nlm.nih.gov/protein/ACK79751.1; ACK80490.1: https://www.ncbi.nlm.nih.gov/protein/ACK80490.1; ACK80536.1: https://www.ncbi.nlm.nih.gov/protein/ACK80536.1; ACK80580.1: https://www.ncbi.nlm.nih.gov/protein/ACK80580.1; ACK80674.1: https://www.ncbi.nlm.nih.gov/protein/ACK80674.1
RU820_RS04000	WP_012535983.1	多重候选	AFE_0834	重新识别为原始GCA旧AFE基因对应	否	原始GCA AFE_0834 (ACK80490.1) 与旧GCF同坐标投射重叠 942 bp，占较短CDS大部；identity=1.0000, aa=313, 双向coverage=1.0000/1.0000	NCBI RefSeq GCF_049532655.1: https://www.ncbi.nlm.nih.gov/datasets/genome/GCF_049532655.1/; current WP WP_012535983.1: https://www.ncbi.nlm.nih.gov/protein/WP_012535983.1; old RefSeq GCF_000021485.1: https://www.ncbi.nlm.nih.gov/datasets/genome/GCF_000021485.1/; old RefSeq WP WP_012535983.1: https://www.ncbi.nlm.nih.gov/protein/WP_012535983.1; original GenBank GCA_000021485.1 GFF/protein: https://www.ncbi.nlm.nih.gov/datasets/genome/GCA_000021485.1/; ACK79199.1: https://www.ncbi.nlm.nih.gov/protein/ACK79199.1; ACK79201.1: https://www.ncbi.nlm.nih.gov/protein/ACK79201.1; ACK79751.1: https://www.ncbi.nlm.nih.gov/protein/ACK79751.1; ACK80490.1: https://www.ncbi.nlm.nih.gov/protein/ACK80490.1; ACK80536.1: https://www.ncbi.nlm.nih.gov/protein/ACK80536.1; ACK80580.1: https://www.ncbi.nlm.nih.gov/protein/ACK80580.1
RU820_RS04005	WP_012535982.1	多重候选	AFE_0835	重新识别为原始GCA旧AFE基因对应	否	原始GCA AFE_0835 (ACK79199.1) 与旧GCF同坐标投射重叠 1245 bp，占较短CDS大部；identity=1.0000, aa=414, 双向coverage=1.0000/1.0000	NCBI RefSeq GCF_049532655.1: https://www.ncbi.nlm.nih.gov/datasets/genome/GCF_049532655.1/; current WP WP_012535982.1: https://www.ncbi.nlm.nih.gov/protein/WP_012535982.1; old RefSeq GCF_000021485.1: https://www.ncbi.nlm.nih.gov/datasets/genome/GCF_000021485.1/; old RefSeq WP WP_012535982.1: https://www.ncbi.nlm.nih.gov/protein/WP_012535982.1; original GenBank GCA_000021485.1 GFF/protein: https://www.ncbi.nlm.nih.gov/datasets/genome/GCA_000021485.1/; ACK77838.1: https://www.ncbi.nlm.nih.gov/protein/ACK77838.1; ACK79199.1: https://www.ncbi.nlm.nih.gov/protein/ACK79199.1; ACK79201.1: https://www.ncbi.nlm.nih.gov/protein/ACK79201.1; ACK79885.1: https://www.ncbi.nlm.nih.gov/protein/ACK79885.1; ACK80490.1: https://www.ncbi.nlm.nih.gov/protein/ACK80490.1; ACK80536.1: https://www.ncbi.nlm.nih.gov/protein/ACK80536.1; ACK80580.1: https://www.ncbi.nlm.nih.gov/protein/ACK80580.1
RU820_RS04015	WP_012535980.1	多重候选	AFE_0837	重新识别为原始GCA旧AFE基因对应	否	原始GCA AFE_0837 (ACK80580.1) 与旧GCF同坐标投射重叠 840 bp，占较短CDS大部；identity=1.0000, aa=279, 双向coverage=1.0000/1.0000	NCBI RefSeq GCF_049532655.1: https://www.ncbi.nlm.nih.gov/datasets/genome/GCF_049532655.1/; current WP WP_012535980.1: https://www.ncbi.nlm.nih.gov/protein/WP_012535980.1; old RefSeq GCF_000021485.1: https://www.ncbi.nlm.nih.gov/datasets/genome/GCF_000021485.1/; old RefSeq WP WP_012535980.1: https://www.ncbi.nlm.nih.gov/protein/WP_012535980.1; original GenBank GCA_000021485.1 GFF/protein: https://www.ncbi.nlm.nih.gov/datasets/genome/GCA_000021485.1/; ACK77838.1: https://www.ncbi.nlm.nih.gov/protein/ACK77838.1; ACK79199.1: https://www.ncbi.nlm.nih.gov/protein/ACK79199.1; ACK79575.1: https://www.ncbi.nlm.nih.gov/protein/ACK79575.1; ACK79751.1: https://www.ncbi.nlm.nih.gov/protein/ACK79751.1; ACK79885.1: https://www.ncbi.nlm.nih.gov/protein/ACK79885.1; ACK80490.1: https://www.ncbi.nlm.nih.gov/protein/ACK80490.1; ACK80536.1: https://www.ncbi.nlm.nih.gov/protein/ACK80536.1; ACK80580.1: https://www.ncbi.nlm.nih.gov/protein/ACK80580.1
RU820_RS04020	WP_009567530.1	多重候选	AFE_0838	重新识别为原始GCA旧AFE基因对应	否	原始GCA AFE_0838 (ACK79201.1) 与旧GCF同坐标投射重叠 204 bp，占较短CDS大部；identity=1.0000, aa=67, 双向coverage=1.0000/1.0000	NCBI RefSeq GCF_049532655.1: https://www.ncbi.nlm.nih.gov/datasets/genome/GCF_049532655.1/; current WP WP_009567530.1: https://www.ncbi.nlm.nih.gov/protein/WP_009567530.1; old RefSeq GCF_000021485.1: https://www.ncbi.nlm.nih.gov/datasets/genome/GCF_000021485.1/; old RefSeq WP WP_009567530.1: https://www.ncbi.nlm.nih.gov/protein/WP_009567530.1; original GenBank GCA_000021485.1 GFF/protein: https://www.ncbi.nlm.nih.gov/datasets/genome/GCA_000021485.1/; ACK79199.1: https://www.ncbi.nlm.nih.gov/protein/ACK79199.1; ACK79201.1: https://www.ncbi.nlm.nih.gov/protein/ACK79201.1; ACK80270.1: https://www.ncbi.nlm.nih.gov/protein/ACK80270.1; ACK80490.1: https://www.ncbi.nlm.nih.gov/protein/ACK80490.1; ACK80536.1: https://www.ncbi.nlm.nih.gov/protein/ACK80536.1
RU820_RS04120	WP_012606582.1	多重候选	AFE_0550,AFE_1110,AFE_1142,AFE_1265,AFE_2432,AFE_2709,AFE_2972,AFE_3263	多个原始AFE候选，待人工复核	否	高相似原始AFE坐标候选=AFE_0550,AFE_1110,AFE_1142,AFE_1265,AFE_2432,AFE_2709,AFE_2972,AFE_3263，存在多对一/拆分关系	NCBI RefSeq GCF_049532655.1: https://www.ncbi.nlm.nih.gov/datasets/genome/GCF_049532655.1/; current WP WP_012606582.1: https://www.ncbi.nlm.nih.gov/protein/WP_012606582.1; old RefSeq GCF_000021485.1: https://www.ncbi.nlm.nih.gov/datasets/genome/GCF_000021485.1/; old RefSeq WP WP_012606582.1: https://www.ncbi.nlm.nih.gov/protein/WP_012606582.1; original GenBank GCA_000021485.1 GFF/protein: https://www.ncbi.nlm.nih.gov/datasets/genome/GCA_000021485.1/; ACK77962.1: https://www.ncbi.nlm.nih.gov/protein/ACK77962.1; ACK78329.1: https://www.ncbi.nlm.nih.gov/protein/ACK78329.1; ACK78827.1: https://www.ncbi.nlm.nih.gov/protein/ACK78827.1; ACK79267.1: https://www.ncbi.nlm.nih.gov/protein/ACK79267.1; ACK79585.1: https://www.ncbi.nlm.nih.gov/protein/ACK79585.1; ACK79916.1: https://www.ncbi.nlm.nih.gov/protein/ACK79916.1; ACK80266.1: https://www.ncbi.nlm.nih.gov/protein/ACK80266.1; ACK80502.1: https://www.ncbi.nlm.nih.gov/protein/ACK80502.1
RU820_RS04165	WP_146235817.1	B1无行	无	旧基因组同源基因无旧AFE_xxxx标签；按工作定义纳入母表	是	邻域核验：是：top候选在锚定区间；AFE_RS04070[old=空]；identity=1.0000，较短覆盖=1.0000，当前覆盖=1.0000，旧序列覆盖=1.0000。旧2025 GFF已有同源蛋白注释，但无法关联任何旧AFE_xxxx，故按本项目身份定义列入母表；不表示生物学上新出现。	NCBI RefSeq GCF_049532655.1: https://www.ncbi.nlm.nih.gov/datasets/genome/GCF_049532655.1/; current WP WP_146235817.1: https://www.ncbi.nlm.nih.gov/protein/WP_146235817.1; old RefSeq GCF_000021485.1: https://www.ncbi.nlm.nih.gov/datasets/genome/GCF_000021485.1/; old RefSeq WP WP_146235817.1: https://www.ncbi.nlm.nih.gov/protein/WP_146235817.1; original GenBank GCA_000021485.1 GFF/protein: https://www.ncbi.nlm.nih.gov/datasets/genome/GCA_000021485.1/; ACK79528.1: https://www.ncbi.nlm.nih.gov/protein/ACK79528.1
RU820_RS04170	WP_012536406.1	B1无行	无	旧基因组同源基因无旧AFE_xxxx标签；按工作定义纳入母表	是	邻域核验：是：top候选在锚定区间；AFE_RS04075[old=空]；identity=1.0000，较短覆盖=1.0000，当前覆盖=1.0000，旧序列覆盖=1.0000。旧2025 GFF已有同源蛋白注释，但无法关联任何旧AFE_xxxx，故按本项目身份定义列入母表；不表示生物学上新出现。	NCBI RefSeq GCF_049532655.1: https://www.ncbi.nlm.nih.gov/datasets/genome/GCF_049532655.1/; current WP WP_012536406.1: https://www.ncbi.nlm.nih.gov/protein/WP_012536406.1; old RefSeq GCF_000021485.1: https://www.ncbi.nlm.nih.gov/datasets/genome/GCF_000021485.1/; old RefSeq WP WP_012536406.1: https://www.ncbi.nlm.nih.gov/protein/WP_012536406.1; original GenBank GCA_000021485.1 GFF/protein: https://www.ncbi.nlm.nih.gov/datasets/genome/GCA_000021485.1/; ACK80363.1: https://www.ncbi.nlm.nih.gov/protein/ACK80363.1
RU820_RS04200	WP_009562941.1	B1无行	无	旧基因组同源基因无旧AFE_xxxx标签；按工作定义纳入母表	是	邻域核验：是：top候选在锚定区间；AFE_RS16685[old=空]；identity=1.0000，较短覆盖=1.0000，当前覆盖=1.0000，旧序列覆盖=1.0000。旧2025 GFF已有同源蛋白注释，但无法关联任何旧AFE_xxxx，故按本项目身份定义列入母表；不表示生物学上新出现。	NCBI RefSeq GCF_049532655.1: https://www.ncbi.nlm.nih.gov/datasets/genome/GCF_049532655.1/; current WP WP_009562941.1: https://www.ncbi.nlm.nih.gov/protein/WP_009562941.1; old RefSeq GCF_000021485.1: https://www.ncbi.nlm.nih.gov/datasets/genome/GCF_000021485.1/; old RefSeq WP WP_009562941.1: https://www.ncbi.nlm.nih.gov/protein/WP_009562941.1; original GenBank GCA_000021485.1 GFF/protein: https://www.ncbi.nlm.nih.gov/datasets/genome/GCA_000021485.1/; ACK80943.1: https://www.ncbi.nlm.nih.gov/protein/ACK80943.1
RU820_RS04230	WP_009568151.1	B1无行	无	旧基因组同源基因无旧AFE_xxxx标签；按工作定义纳入母表	是	邻域核验：是：top候选在锚定区间；AFE_RS04125[old=空]；identity=1.0000，较短覆盖=1.0000，当前覆盖=1.0000，旧序列覆盖=1.0000。旧2025 GFF已有同源蛋白注释，但无法关联任何旧AFE_xxxx，故按本项目身份定义列入母表；不表示生物学上新出现。	NCBI RefSeq GCF_049532655.1: https://www.ncbi.nlm.nih.gov/datasets/genome/GCF_049532655.1/; current WP WP_009568151.1: https://www.ncbi.nlm.nih.gov/protein/WP_009568151.1; old RefSeq GCF_000021485.1: https://www.ncbi.nlm.nih.gov/datasets/genome/GCF_000021485.1/; old RefSeq WP WP_009568151.1: https://www.ncbi.nlm.nih.gov/protein/WP_009568151.1; original GenBank GCA_000021485.1 GFF/protein: https://www.ncbi.nlm.nih.gov/datasets/genome/GCA_000021485.1/; ACK77930.1: https://www.ncbi.nlm.nih.gov/protein/ACK77930.1
RU820_RS04240	WP_225487690.1	B1无行	无	旧基因组同源基因无旧AFE_xxxx标签；按工作定义纳入母表	是	邻域核验：是：top候选在锚定区间；AFE_RS16705[old=空]；identity=1.0000，较短覆盖=1.0000，当前覆盖=1.0000，旧序列覆盖=1.0000。旧2025 GFF已有同源蛋白注释，但无法关联任何旧AFE_xxxx，故按本项目身份定义列入母表；不表示生物学上新出现。	NCBI RefSeq GCF_049532655.1: https://www.ncbi.nlm.nih.gov/datasets/genome/GCF_049532655.1/; current WP WP_225487690.1: https://www.ncbi.nlm.nih.gov/protein/WP_225487690.1; old RefSeq GCF_000021485.1: https://www.ncbi.nlm.nih.gov/datasets/genome/GCF_000021485.1/; old RefSeq WP WP_225487690.1: https://www.ncbi.nlm.nih.gov/protein/WP_225487690.1; original GenBank GCA_000021485.1 GFF/protein: https://www.ncbi.nlm.nih.gov/datasets/genome/GCA_000021485.1/; ACK78896.1: https://www.ncbi.nlm.nih.gov/protein/ACK78896.1
RU820_RS04390	WP_012606685.1	B1无行	AFE_0912	重新识别为原始GCA旧AFE基因对应	否	原始GCA AFE_0912 (ACK80185.1) 与旧GCF同坐标投射重叠 2391 bp，占较短CDS大部；identity=1.0000, aa=796, 双向coverage=1.0000/1.0000	NCBI RefSeq GCF_049532655.1: https://www.ncbi.nlm.nih.gov/datasets/genome/GCF_049532655.1/; current WP WP_012606685.1: https://www.ncbi.nlm.nih.gov/protein/WP_012606685.1; old RefSeq GCF_000021485.1: https://www.ncbi.nlm.nih.gov/datasets/genome/GCF_000021485.1/; old RefSeq WP WP_012536431.1: https://www.ncbi.nlm.nih.gov/protein/WP_012536431.1; original GenBank GCA_000021485.1 GFF/protein: https://www.ncbi.nlm.nih.gov/datasets/genome/GCA_000021485.1/; ACK80185.1: https://www.ncbi.nlm.nih.gov/protein/ACK80185.1; ACK80716.1: https://www.ncbi.nlm.nih.gov/protein/ACK80716.1
RU820_RS04525	WP_225487427.1	B1无行	AFE_0941	重新识别为原始GCA旧AFE基因对应	否	原始GCA AFE_0941 (ACK78809.1) 与旧GCF同坐标投射重叠 1920 bp，占较短CDS大部；identity=0.9984, aa=639, 双向coverage=0.9816/1.0000	NCBI RefSeq GCF_049532655.1: https://www.ncbi.nlm.nih.gov/datasets/genome/GCF_049532655.1/; current WP WP_225487427.1: https://www.ncbi.nlm.nih.gov/protein/WP_225487427.1; old RefSeq GCF_000021485.1: https://www.ncbi.nlm.nih.gov/datasets/genome/GCF_000021485.1/; old RefSeq WP WP_012536452.1: https://www.ncbi.nlm.nih.gov/protein/WP_012536452.1; original GenBank GCA_000021485.1 GFF/protein: https://www.ncbi.nlm.nih.gov/datasets/genome/GCA_000021485.1/; ACK78809.1: https://www.ncbi.nlm.nih.gov/protein/ACK78809.1
RU820_RS04550	WP_371741691.1	B1无行	AFE_0948	重新识别为原始GCA旧AFE基因对应	否	原始GCA AFE_0948 (ACK78051.1) 与旧GCF同坐标投射重叠 1884 bp，占较短CDS大部；identity=1.0000, aa=616, 双向coverage=1.0000/0.9825	NCBI RefSeq GCF_049532655.1: https://www.ncbi.nlm.nih.gov/datasets/genome/GCF_049532655.1/; current WP WP_371741691.1: https://www.ncbi.nlm.nih.gov/protein/WP_371741691.1; old RefSeq GCF_000021485.1: https://www.ncbi.nlm.nih.gov/datasets/genome/GCF_000021485.1/; old RefSeq WP WP_012536456.1: https://www.ncbi.nlm.nih.gov/protein/WP_012536456.1; original GenBank GCA_000021485.1 GFF/protein: https://www.ncbi.nlm.nih.gov/datasets/genome/GCA_000021485.1/; ACK78051.1: https://www.ncbi.nlm.nih.gov/protein/ACK78051.1; ACK80121.1: https://www.ncbi.nlm.nih.gov/protein/ACK80121.1
RU820_RS04630	WP_012536467.1	B1无行	AFE_0965	重新识别为原始GCA旧AFE基因对应	否	原始GCA AFE_0965 (ACK78845.1) 与旧GCF同坐标投射重叠 408 bp，占较短CDS大部；identity=1.0000, aa=135, 双向coverage=1.0000/1.0000	NCBI RefSeq GCF_049532655.1: https://www.ncbi.nlm.nih.gov/datasets/genome/GCF_049532655.1/; current WP WP_012536467.1: https://www.ncbi.nlm.nih.gov/protein/WP_012536467.1; old RefSeq GCF_000021485.1: https://www.ncbi.nlm.nih.gov/datasets/genome/GCF_000021485.1/; old RefSeq WP WP_225487428.1: https://www.ncbi.nlm.nih.gov/protein/WP_225487428.1; original GenBank GCA_000021485.1 GFF/protein: https://www.ncbi.nlm.nih.gov/datasets/genome/GCA_000021485.1/; ACK78845.1: https://www.ncbi.nlm.nih.gov/protein/ACK78845.1; ACK79540.1: https://www.ncbi.nlm.nih.gov/protein/ACK79540.1
RU820_RS04745	WP_012536486.1	B1无行	无	旧基因组同源基因无旧AFE_xxxx标签；按工作定义纳入母表	是	邻域核验：是：top候选在锚定区间；AFE_RS04635[old=空]；identity=1.0000，较短覆盖=1.0000，当前覆盖=1.0000，旧序列覆盖=1.0000。旧2025 GFF已有同源蛋白注释，但无法关联任何旧AFE_xxxx，故按本项目身份定义列入母表；不表示生物学上新出现。	NCBI RefSeq GCF_049532655.1: https://www.ncbi.nlm.nih.gov/datasets/genome/GCF_049532655.1/; current WP WP_012536486.1: https://www.ncbi.nlm.nih.gov/protein/WP_012536486.1; old RefSeq GCF_000021485.1: https://www.ncbi.nlm.nih.gov/datasets/genome/GCF_000021485.1/; old RefSeq WP WP_012536486.1: https://www.ncbi.nlm.nih.gov/protein/WP_012536486.1; original GenBank GCA_000021485.1 GFF/protein: https://www.ncbi.nlm.nih.gov/datasets/genome/GCA_000021485.1/; ACK79273.1: https://www.ncbi.nlm.nih.gov/protein/ACK79273.1; ACK79616.1: https://www.ncbi.nlm.nih.gov/protein/ACK79616.1
RU820_RS04800	WP_041645360.1	B1无行	无	旧基因组同源基因无旧AFE_xxxx标签；按工作定义纳入母表	是	邻域核验：是：top候选在锚定区间；AFE_RS15970[old=空]；identity=1.0000，较短覆盖=1.0000，当前覆盖=1.0000，旧序列覆盖=1.0000。旧2025 GFF已有同源蛋白注释，但无法关联任何旧AFE_xxxx，故按本项目身份定义列入母表；不表示生物学上新出现。	NCBI RefSeq GCF_049532655.1: https://www.ncbi.nlm.nih.gov/datasets/genome/GCF_049532655.1/; current WP WP_041645360.1: https://www.ncbi.nlm.nih.gov/protein/WP_041645360.1; old RefSeq GCF_000021485.1: https://www.ncbi.nlm.nih.gov/datasets/genome/GCF_000021485.1/; old RefSeq WP WP_041645360.1: https://www.ncbi.nlm.nih.gov/protein/WP_041645360.1; original GenBank GCA_000021485.1 GFF/protein: https://www.ncbi.nlm.nih.gov/datasets/genome/GCA_000021485.1/; ACK79308.1: https://www.ncbi.nlm.nih.gov/protein/ACK79308.1; ACK80167.1: https://www.ncbi.nlm.nih.gov/protein/ACK80167.1
RU820_RS04890	WP_041645372.1	B1无行	无	旧基因组同源基因无旧AFE_xxxx标签；按工作定义纳入母表	是	邻域核验：是：top候选在锚定区间；AFE_RS04770[old=空]；identity=1.0000，较短覆盖=1.0000，当前覆盖=1.0000，旧序列覆盖=1.0000。旧2025 GFF已有同源蛋白注释，但无法关联任何旧AFE_xxxx，故按本项目身份定义列入母表；不表示生物学上新出现。	NCBI RefSeq GCF_049532655.1: https://www.ncbi.nlm.nih.gov/datasets/genome/GCF_049532655.1/; current WP WP_041645372.1: https://www.ncbi.nlm.nih.gov/protein/WP_041645372.1; old RefSeq GCF_000021485.1: https://www.ncbi.nlm.nih.gov/datasets/genome/GCF_000021485.1/; old RefSeq WP WP_041645372.1: https://www.ncbi.nlm.nih.gov/protein/WP_041645372.1; original GenBank GCA_000021485.1 GFF/protein: https://www.ncbi.nlm.nih.gov/datasets/genome/GCA_000021485.1/; ACK78899.1: https://www.ncbi.nlm.nih.gov/protein/ACK78899.1; ACK80178.1: https://www.ncbi.nlm.nih.gov/protein/ACK80178.1
RU820_RS04920	WP_041645376.1	B1无行	无	旧基因组同源基因无旧AFE_xxxx标签；按工作定义纳入母表	是	邻域核验：是：top候选在锚定区间；AFE_RS04800[old=空]；identity=1.0000，较短覆盖=1.0000，当前覆盖=1.0000，旧序列覆盖=1.0000。旧2025 GFF已有同源蛋白注释，但无法关联任何旧AFE_xxxx，故按本项目身份定义列入母表；不表示生物学上新出现。	NCBI RefSeq GCF_049532655.1: https://www.ncbi.nlm.nih.gov/datasets/genome/GCF_049532655.1/; current WP WP_041645376.1: https://www.ncbi.nlm.nih.gov/protein/WP_041645376.1; old RefSeq GCF_000021485.1: https://www.ncbi.nlm.nih.gov/datasets/genome/GCF_000021485.1/; old RefSeq WP WP_041645376.1: https://www.ncbi.nlm.nih.gov/protein/WP_041645376.1; original GenBank GCA_000021485.1 GFF/protein: https://www.ncbi.nlm.nih.gov/datasets/genome/GCA_000021485.1/; ACK80232.1: https://www.ncbi.nlm.nih.gov/protein/ACK80232.1; ACK80873.1: https://www.ncbi.nlm.nih.gov/protein/ACK80873.1
RU820_RS04925	WP_148208598.1	B1无行	AFE_1025	旧AFE候选涉及split/merge或注释边界变化，待人工复核	否	原始GCA AFE_1025 (ACK80232.1) 同链坐标重叠 228 bp；identity=1.0000, aa=75, 当前覆盖=1.0000, 旧覆盖=0.5102	NCBI RefSeq GCF_049532655.1: https://www.ncbi.nlm.nih.gov/datasets/genome/GCF_049532655.1/; current WP WP_148208598.1: https://www.ncbi.nlm.nih.gov/protein/WP_148208598.1; old RefSeq GCF_000021485.1: https://www.ncbi.nlm.nih.gov/datasets/genome/GCF_000021485.1/; old RefSeq WP WP_148208598.1: https://www.ncbi.nlm.nih.gov/protein/WP_148208598.1; original GenBank GCA_000021485.1 GFF/protein: https://www.ncbi.nlm.nih.gov/datasets/genome/GCA_000021485.1/; ACK80232.1: https://www.ncbi.nlm.nih.gov/protein/ACK80232.1
RU820_RS04995	WP_158303817.1	B1无行	无	旧基因组同源基因无旧AFE_xxxx标签；按工作定义纳入母表	是	邻域核验：是：top候选在锚定区间；AFE_RS16320[old=空]；identity=1.0000，较短覆盖=1.0000，当前覆盖=1.0000，旧序列覆盖=1.0000。旧2025 GFF已有同源蛋白注释，但无法关联任何旧AFE_xxxx，故按本项目身份定义列入母表；不表示生物学上新出现。	NCBI RefSeq GCF_049532655.1: https://www.ncbi.nlm.nih.gov/datasets/genome/GCF_049532655.1/; current WP WP_158303817.1: https://www.ncbi.nlm.nih.gov/protein/WP_158303817.1; old RefSeq GCF_000021485.1: https://www.ncbi.nlm.nih.gov/datasets/genome/GCF_000021485.1/; old RefSeq WP WP_158303817.1: https://www.ncbi.nlm.nih.gov/protein/WP_158303817.1; original GenBank GCA_000021485.1 GFF/protein: https://www.ncbi.nlm.nih.gov/datasets/genome/GCA_000021485.1/; ACK79600.1: https://www.ncbi.nlm.nih.gov/protein/ACK79600.1; ACK80923.1: https://www.ncbi.nlm.nih.gov/protein/ACK80923.1
RU820_RS05005	WP_148208601.1	B1无行	AFE_1046	旧AFE候选涉及split/merge或注释边界变化，待人工复核	否	原始GCA AFE_1046 (ACK78536.1) 同链坐标重叠 276 bp；identity=0.9890, aa=91, 当前覆盖=1.0000, 旧覆盖=0.6190	NCBI RefSeq GCF_049532655.1: https://www.ncbi.nlm.nih.gov/datasets/genome/GCF_049532655.1/; current WP WP_148208601.1: https://www.ncbi.nlm.nih.gov/protein/WP_148208601.1; old RefSeq GCF_000021485.1: https://www.ncbi.nlm.nih.gov/datasets/genome/GCF_000021485.1/; old RefSeq WP WP_148208601.1: https://www.ncbi.nlm.nih.gov/protein/WP_148208601.1; original GenBank GCA_000021485.1 GFF/protein: https://www.ncbi.nlm.nih.gov/datasets/genome/GCA_000021485.1/; ACK78536.1: https://www.ncbi.nlm.nih.gov/protein/ACK78536.1; ACK80668.1: https://www.ncbi.nlm.nih.gov/protein/ACK80668.1
RU820_RS05025	WP_041645405.1	B1无行	AFE_1050	旧AFE候选涉及split/merge或注释边界变化，待人工复核	否	原始GCA AFE_1050 (ACK79969.1) 同链坐标重叠 294 bp；identity=1.0000, aa=97, 当前覆盖=0.5879, 旧覆盖=1.0000	NCBI RefSeq GCF_049532655.1: https://www.ncbi.nlm.nih.gov/datasets/genome/GCF_049532655.1/; current WP WP_041645405.1: https://www.ncbi.nlm.nih.gov/protein/WP_041645405.1; old RefSeq GCF_000021485.1: https://www.ncbi.nlm.nih.gov/datasets/genome/GCF_000021485.1/; old RefSeq WP WP_041645405.1: https://www.ncbi.nlm.nih.gov/protein/WP_041645405.1; original GenBank GCA_000021485.1 GFF/protein: https://www.ncbi.nlm.nih.gov/datasets/genome/GCA_000021485.1/; ACK79969.1: https://www.ncbi.nlm.nih.gov/protein/ACK79969.1
RU820_RS05050	WP_206382815.1	B1无行	AFE_1057	重新识别为原始GCA旧AFE基因对应	否	原始GCA AFE_1057 (ACK78462.1) 与旧GCF同坐标投射重叠 1650 bp，占较短CDS大部；identity=0.9982, aa=549, 双向coverage=0.9769/1.0000	NCBI RefSeq GCF_049532655.1: https://www.ncbi.nlm.nih.gov/datasets/genome/GCF_049532655.1/; current WP WP_206382815.1: https://www.ncbi.nlm.nih.gov/protein/WP_206382815.1; old RefSeq GCF_000021485.1: https://www.ncbi.nlm.nih.gov/datasets/genome/GCF_000021485.1/; old RefSeq WP WP_049759414.1: https://www.ncbi.nlm.nih.gov/protein/WP_049759414.1; original GenBank GCA_000021485.1 GFF/protein: https://www.ncbi.nlm.nih.gov/datasets/genome/GCA_000021485.1/; ACK78462.1: https://www.ncbi.nlm.nih.gov/protein/ACK78462.1; ACK79338.1: https://www.ncbi.nlm.nih.gov/protein/ACK79338.1
RU820_RS05140	WP_041645429.1	B1无行	无	旧基因组同源基因无旧AFE_xxxx标签；按工作定义纳入母表	是	邻域核验：是：top候选在锚定区间；AFE_RS05045[old=空]；identity=1.0000，较短覆盖=1.0000，当前覆盖=1.0000，旧序列覆盖=1.0000。旧2025 GFF已有同源蛋白注释，但无法关联任何旧AFE_xxxx，故按本项目身份定义列入母表；不表示生物学上新出现。	NCBI RefSeq GCF_049532655.1: https://www.ncbi.nlm.nih.gov/datasets/genome/GCF_049532655.1/; current WP WP_041645429.1: https://www.ncbi.nlm.nih.gov/protein/WP_041645429.1; old RefSeq GCF_000021485.1: https://www.ncbi.nlm.nih.gov/datasets/genome/GCF_000021485.1/; old RefSeq WP WP_041645429.1: https://www.ncbi.nlm.nih.gov/protein/WP_041645429.1; original GenBank GCA_000021485.1 GFF/protein: https://www.ncbi.nlm.nih.gov/datasets/genome/GCA_000021485.1/; ACK79140.1: https://www.ncbi.nlm.nih.gov/protein/ACK79140.1; ACK80408.1: https://www.ncbi.nlm.nih.gov/protein/ACK80408.1
RU820_RS05145	WP_148208604.1	B1无行	AFE_1077	旧AFE候选涉及split/merge或注释边界变化，待人工复核	否	原始GCA AFE_1077 (ACK79140.1) 同链坐标重叠 312 bp；identity=1.0000, aa=103, 当前覆盖=1.0000, 旧覆盖=0.3527	NCBI RefSeq GCF_049532655.1: https://www.ncbi.nlm.nih.gov/datasets/genome/GCF_049532655.1/; current WP WP_148208604.1: https://www.ncbi.nlm.nih.gov/protein/WP_148208604.1; old RefSeq GCF_000021485.1: https://www.ncbi.nlm.nih.gov/datasets/genome/GCF_000021485.1/; old RefSeq WP WP_148208604.1: https://www.ncbi.nlm.nih.gov/protein/WP_148208604.1; original GenBank GCA_000021485.1 GFF/protein: https://www.ncbi.nlm.nih.gov/datasets/genome/GCA_000021485.1/; ACK79140.1: https://www.ncbi.nlm.nih.gov/protein/ACK79140.1; ACK79758.1: https://www.ncbi.nlm.nih.gov/protein/ACK79758.1
RU820_RS05180	WP_041645435.1	B1无行	AFE_1083	原始AFE序列命中但位置/覆盖关系冲突，待人工复核	否	原始GCA top=ACK79638.1 loci=AFE_1083; identity=0.9030, 双向coverage=0.9853/0.9926; 同位锚定未成立或存在长度差/旁系同源	NCBI RefSeq GCF_049532655.1: https://www.ncbi.nlm.nih.gov/datasets/genome/GCF_049532655.1/; current WP WP_041645435.1: https://www.ncbi.nlm.nih.gov/protein/WP_041645435.1; old RefSeq GCF_000021485.1: https://www.ncbi.nlm.nih.gov/datasets/genome/GCF_000021485.1/; old RefSeq WP WP_041645435.1: https://www.ncbi.nlm.nih.gov/protein/WP_041645435.1; original GenBank GCA_000021485.1 GFF/protein: https://www.ncbi.nlm.nih.gov/datasets/genome/GCA_000021485.1/; ACK77951.1: https://www.ncbi.nlm.nih.gov/protein/ACK77951.1; ACK79638.1: https://www.ncbi.nlm.nih.gov/protein/ACK79638.1
RU820_RS05210	WP_206382869.1	B1无行	AFE_1090	重新识别为原始GCA旧AFE基因对应	否	原始GCA AFE_1090 (ACK79977.1) 与旧GCF同坐标投射重叠 495 bp，占较短CDS大部；identity=0.9939, aa=164, 双向coverage=1.0000/1.0000	NCBI RefSeq GCF_049532655.1: https://www.ncbi.nlm.nih.gov/datasets/genome/GCF_049532655.1/; current WP WP_206382869.1: https://www.ncbi.nlm.nih.gov/protein/WP_206382869.1; old RefSeq GCF_000021485.1: https://www.ncbi.nlm.nih.gov/datasets/genome/GCF_000021485.1/; old RefSeq WP WP_012606800.1: https://www.ncbi.nlm.nih.gov/protein/WP_012606800.1; original GenBank GCA_000021485.1 GFF/protein: https://www.ncbi.nlm.nih.gov/datasets/genome/GCA_000021485.1/; ACK79065.1: https://www.ncbi.nlm.nih.gov/protein/ACK79065.1; ACK79977.1: https://www.ncbi.nlm.nih.gov/protein/ACK79977.1; ACK80617.1: https://www.ncbi.nlm.nih.gov/protein/ACK80617.1
RU820_RS05225	WP_241160300.1	B1无行	AFE_1094	旧AFE候选涉及split/merge或注释边界变化，待人工复核	否	原始GCA AFE_1094 (ACK78415.1) 同链坐标重叠 633 bp；identity=1.0000, aa=210, 当前覆盖=0.8607, 旧覆盖=1.0000	NCBI RefSeq GCF_049532655.1: https://www.ncbi.nlm.nih.gov/datasets/genome/GCF_049532655.1/; current WP WP_241160300.1: https://www.ncbi.nlm.nih.gov/protein/WP_241160300.1; old RefSeq GCF_000021485.1: https://www.ncbi.nlm.nih.gov/datasets/genome/GCF_000021485.1/; old RefSeq WP WP_041645441.1: https://www.ncbi.nlm.nih.gov/protein/WP_041645441.1; original GenBank GCA_000021485.1 GFF/protein: https://www.ncbi.nlm.nih.gov/datasets/genome/GCA_000021485.1/; ACK78415.1: https://www.ncbi.nlm.nih.gov/protein/ACK78415.1; ACK79371.1: https://www.ncbi.nlm.nih.gov/protein/ACK79371.1
RU820_RS05235	WP_049759419.1	B1无行	无	旧基因组同源基因无旧AFE_xxxx标签；按工作定义纳入母表	是	邻域核验：是：top候选在锚定区间；AFE_RS15265[old=空]；identity=1.0000，较短覆盖=1.0000，当前覆盖=1.0000，旧序列覆盖=1.0000。旧2025 GFF已有同源蛋白注释，但无法关联任何旧AFE_xxxx，故按本项目身份定义列入母表；不表示生物学上新出现。	NCBI RefSeq GCF_049532655.1: https://www.ncbi.nlm.nih.gov/datasets/genome/GCF_049532655.1/; current WP WP_049759419.1: https://www.ncbi.nlm.nih.gov/protein/WP_049759419.1; old RefSeq GCF_000021485.1: https://www.ncbi.nlm.nih.gov/datasets/genome/GCF_000021485.1/; old RefSeq WP WP_049759419.1: https://www.ncbi.nlm.nih.gov/protein/WP_049759419.1; original GenBank GCA_000021485.1 GFF/protein: https://www.ncbi.nlm.nih.gov/datasets/genome/GCA_000021485.1/; ACK78527.1: https://www.ncbi.nlm.nih.gov/protein/ACK78527.1; ACK79371.1: https://www.ncbi.nlm.nih.gov/protein/ACK79371.1; ACK80018.1: https://www.ncbi.nlm.nih.gov/protein/ACK80018.1
RU820_RS05270	WP_423365450.1	B1无行	AFE_3010	旧新关系待人工复核	否	邻域核验：否：top候选均在区间外；分类建议=待复核：序列候选均不在锚定区间，可能旁系同源/结构变化；top hit=WP_012537539.1 identity=0.3286，较短覆盖=0.6140，当前覆盖=0.6140，旧序列覆盖=0.0282；identity或任一侧覆盖未达90%，或出现重复拷贝/结构变化，未强制归类。	NCBI RefSeq GCF_049532655.1: https://www.ncbi.nlm.nih.gov/datasets/genome/GCF_049532655.1/; current WP WP_423365450.1: https://www.ncbi.nlm.nih.gov/protein/WP_423365450.1; old RefSeq GCF_000021485.1: https://www.ncbi.nlm.nih.gov/datasets/genome/GCF_000021485.1/; old RefSeq WP WP_012537539.1: https://www.ncbi.nlm.nih.gov/protein/WP_012537539.1; original GenBank GCA_000021485.1 GFF/protein: https://www.ncbi.nlm.nih.gov/datasets/genome/GCA_000021485.1/; ACK78025.1: https://www.ncbi.nlm.nih.gov/protein/ACK78025.1; ACK79418.1: https://www.ncbi.nlm.nih.gov/protein/ACK79418.1; ACK79791.1: https://www.ncbi.nlm.nih.gov/protein/ACK79791.1; ACK80713.1: https://www.ncbi.nlm.nih.gov/protein/ACK80713.1
RU820_RS05275	WP_423365452.1	B1无行	AFE_1104	旧AFE候选涉及split/merge或注释边界变化，待人工复核	否	原始GCA AFE_1104 (ACK78025.1) 同链坐标重叠 1278 bp；identity=0.9968, aa=312, 当前覆盖=1.0000, 旧覆盖=0.7341	NCBI RefSeq GCF_049532655.1: https://www.ncbi.nlm.nih.gov/datasets/genome/GCF_049532655.1/; current WP WP_423365452.1: https://www.ncbi.nlm.nih.gov/protein/WP_423365452.1; old RefSeq GCF_000021485.1: https://www.ncbi.nlm.nih.gov/datasets/genome/GCF_000021485.1/; old RefSeq WP WP_236608976.1: https://www.ncbi.nlm.nih.gov/protein/WP_236608976.1; original GenBank GCA_000021485.1 GFF/protein: https://www.ncbi.nlm.nih.gov/datasets/genome/GCA_000021485.1/; ACK78025.1: https://www.ncbi.nlm.nih.gov/protein/ACK78025.1; ACK79418.1: https://www.ncbi.nlm.nih.gov/protein/ACK79418.1
RU820_RS05290	WP_041645466.1	B1无行	无	旧基因组同源基因无旧AFE_xxxx标签；按工作定义纳入母表	是	邻域核验：是：top候选在锚定区间；AFE_RS05190[old=空]；identity=1.0000，较短覆盖=1.0000，当前覆盖=1.0000，旧序列覆盖=1.0000。旧2025 GFF已有同源蛋白注释，但无法关联任何旧AFE_xxxx，故按本项目身份定义列入母表；不表示生物学上新出现。	NCBI RefSeq GCF_049532655.1: https://www.ncbi.nlm.nih.gov/datasets/genome/GCF_049532655.1/; current WP WP_041645466.1: https://www.ncbi.nlm.nih.gov/protein/WP_041645466.1; old RefSeq GCF_000021485.1: https://www.ncbi.nlm.nih.gov/datasets/genome/GCF_000021485.1/; old RefSeq WP WP_041645466.1: https://www.ncbi.nlm.nih.gov/protein/WP_041645466.1; original GenBank GCA_000021485.1 GFF/protein: https://www.ncbi.nlm.nih.gov/datasets/genome/GCA_000021485.1/; ACK80307.1: https://www.ncbi.nlm.nih.gov/protein/ACK80307.1
RU820_RS05305	WP_041645471.1	B1无行	无	旧基因组同源基因无旧AFE_xxxx标签；按工作定义纳入母表	是	邻域核验：是：top候选在锚定区间；AFE_RS05205[old=空]；identity=1.0000，较短覆盖=1.0000，当前覆盖=1.0000，旧序列覆盖=1.0000。旧2025 GFF已有同源蛋白注释，但无法关联任何旧AFE_xxxx，故按本项目身份定义列入母表；不表示生物学上新出现。	NCBI RefSeq GCF_049532655.1: https://www.ncbi.nlm.nih.gov/datasets/genome/GCF_049532655.1/; current WP WP_041645471.1: https://www.ncbi.nlm.nih.gov/protein/WP_041645471.1; old RefSeq GCF_000021485.1: https://www.ncbi.nlm.nih.gov/datasets/genome/GCF_000021485.1/; old RefSeq WP WP_041645471.1: https://www.ncbi.nlm.nih.gov/protein/WP_041645471.1; original GenBank GCA_000021485.1 GFF/protein: https://www.ncbi.nlm.nih.gov/datasets/genome/GCA_000021485.1/; ACK78900.1: https://www.ncbi.nlm.nih.gov/protein/ACK78900.1; ACK79039.1: https://www.ncbi.nlm.nih.gov/protein/ACK79039.1
RU820_RS05315	WP_012606582.1	多重候选	AFE_1110	重新识别为原始GCA旧AFE基因对应	否	原始GCA AFE_1110 (ACK78329.1) 与旧GCF同坐标投射重叠 1227 bp，占较短CDS大部；identity=1.0000, aa=408, 双向coverage=1.0000/1.0000	NCBI RefSeq GCF_049532655.1: https://www.ncbi.nlm.nih.gov/datasets/genome/GCF_049532655.1/; current WP WP_012606582.1: https://www.ncbi.nlm.nih.gov/protein/WP_012606582.1; old RefSeq GCF_000021485.1: https://www.ncbi.nlm.nih.gov/datasets/genome/GCF_000021485.1/; old RefSeq WP WP_012606582.1: https://www.ncbi.nlm.nih.gov/protein/WP_012606582.1; original GenBank GCA_000021485.1 GFF/protein: https://www.ncbi.nlm.nih.gov/datasets/genome/GCA_000021485.1/; ACK78329.1: https://www.ncbi.nlm.nih.gov/protein/ACK78329.1; ACK79026.1: https://www.ncbi.nlm.nih.gov/protein/ACK79026.1; ACK80502.1: https://www.ncbi.nlm.nih.gov/protein/ACK80502.1
RU820_RS05320	WP_041645475.1	B1无行	AFE_1111	旧AFE候选涉及split/merge或注释边界变化，待人工复核	否	原始GCA AFE_1111 (ACK79026.1) 同链坐标重叠 189 bp；identity=1.0000, aa=62, 当前覆盖=1.0000, 旧覆盖=0.4460	NCBI RefSeq GCF_049532655.1: https://www.ncbi.nlm.nih.gov/datasets/genome/GCF_049532655.1/; current WP WP_041645475.1: https://www.ncbi.nlm.nih.gov/protein/WP_041645475.1; old RefSeq GCF_000021485.1: https://www.ncbi.nlm.nih.gov/datasets/genome/GCF_000021485.1/; old RefSeq WP WP_041645475.1: https://www.ncbi.nlm.nih.gov/protein/WP_041645475.1; original GenBank GCA_000021485.1 GFF/protein: https://www.ncbi.nlm.nih.gov/datasets/genome/GCA_000021485.1/; ACK78078.1: https://www.ncbi.nlm.nih.gov/protein/ACK78078.1; ACK78329.1: https://www.ncbi.nlm.nih.gov/protein/ACK78329.1; ACK79026.1: https://www.ncbi.nlm.nih.gov/protein/ACK79026.1
RU820_RS05335	WP_041645480.1	B1无行	无	旧基因组同源基因无旧AFE_xxxx标签；按工作定义纳入母表	是	邻域核验：是：top候选在锚定区间；AFE_RS05235[old=空]；identity=1.0000，较短覆盖=1.0000，当前覆盖=1.0000，旧序列覆盖=1.0000。旧2025 GFF已有同源蛋白注释，但无法关联任何旧AFE_xxxx，故按本项目身份定义列入母表；不表示生物学上新出现。	NCBI RefSeq GCF_049532655.1: https://www.ncbi.nlm.nih.gov/datasets/genome/GCF_049532655.1/; current WP WP_041645480.1: https://www.ncbi.nlm.nih.gov/protein/WP_041645480.1; old RefSeq GCF_000021485.1: https://www.ncbi.nlm.nih.gov/datasets/genome/GCF_000021485.1/; old RefSeq WP WP_041645480.1: https://www.ncbi.nlm.nih.gov/protein/WP_041645480.1; original GenBank GCA_000021485.1 GFF/protein: https://www.ncbi.nlm.nih.gov/datasets/genome/GCA_000021485.1/; ACK78898.1: https://www.ncbi.nlm.nih.gov/protein/ACK78898.1; ACK80022.1: https://www.ncbi.nlm.nih.gov/protein/ACK80022.1
RU820_RS05380	WP_041645491.1	B1无行	无	旧基因组同源基因无旧AFE_xxxx标签；按工作定义纳入母表	是	邻域核验：是：top候选在锚定区间；AFE_RS05280[old=空]；identity=1.0000，较短覆盖=1.0000，当前覆盖=1.0000，旧序列覆盖=1.0000。旧2025 GFF已有同源蛋白注释，但无法关联任何旧AFE_xxxx，故按本项目身份定义列入母表；不表示生物学上新出现。	NCBI RefSeq GCF_049532655.1: https://www.ncbi.nlm.nih.gov/datasets/genome/GCF_049532655.1/; current WP WP_041645491.1: https://www.ncbi.nlm.nih.gov/protein/WP_041645491.1; old RefSeq GCF_000021485.1: https://www.ncbi.nlm.nih.gov/datasets/genome/GCF_000021485.1/; old RefSeq WP WP_041645491.1: https://www.ncbi.nlm.nih.gov/protein/WP_041645491.1; original GenBank GCA_000021485.1 GFF/protein: https://www.ncbi.nlm.nih.gov/datasets/genome/GCA_000021485.1/; ACK79557.1: https://www.ncbi.nlm.nih.gov/protein/ACK79557.1; ACK80564.1: https://www.ncbi.nlm.nih.gov/protein/ACK80564.1
RU820_RS05385	WP_041645496.1	B1无行	无	旧基因组同源基因无旧AFE_xxxx标签；按工作定义纳入母表	是	邻域核验：是：top候选在锚定区间；AFE_RS05285[old=空]；identity=1.0000，较短覆盖=1.0000，当前覆盖=1.0000，旧序列覆盖=1.0000。旧2025 GFF已有同源蛋白注释，但无法关联任何旧AFE_xxxx，故按本项目身份定义列入母表；不表示生物学上新出现。	NCBI RefSeq GCF_049532655.1: https://www.ncbi.nlm.nih.gov/datasets/genome/GCF_049532655.1/; current WP WP_041645496.1: https://www.ncbi.nlm.nih.gov/protein/WP_041645496.1; old RefSeq GCF_000021485.1: https://www.ncbi.nlm.nih.gov/datasets/genome/GCF_000021485.1/; old RefSeq WP WP_041645496.1: https://www.ncbi.nlm.nih.gov/protein/WP_041645496.1; original GenBank GCA_000021485.1 GFF/protein: https://www.ncbi.nlm.nih.gov/datasets/genome/GCA_000021485.1/; ACK79557.1: https://www.ncbi.nlm.nih.gov/protein/ACK79557.1; ACK79656.1: https://www.ncbi.nlm.nih.gov/protein/ACK79656.1; ACK80668.1: https://www.ncbi.nlm.nih.gov/protein/ACK80668.1
RU820_RS05430	WP_080513182.1	B1无行	无	旧基因组同源基因无旧AFE_xxxx标签；按工作定义纳入母表	是	邻域核验：是：top候选在锚定区间；AFE_RS05340[old=空]；identity=1.0000，较短覆盖=1.0000，当前覆盖=1.0000，旧序列覆盖=1.0000。旧2025 GFF已有同源蛋白注释，但无法关联任何旧AFE_xxxx，故按本项目身份定义列入母表；不表示生物学上新出现。	NCBI RefSeq GCF_049532655.1: https://www.ncbi.nlm.nih.gov/datasets/genome/GCF_049532655.1/; current WP WP_080513182.1: https://www.ncbi.nlm.nih.gov/protein/WP_080513182.1; old RefSeq GCF_000021485.1: https://www.ncbi.nlm.nih.gov/datasets/genome/GCF_000021485.1/; old RefSeq WP WP_080513182.1: https://www.ncbi.nlm.nih.gov/protein/WP_080513182.1; original GenBank GCA_000021485.1 GFF/protein: https://www.ncbi.nlm.nih.gov/datasets/genome/GCA_000021485.1/; ACK78131.1: https://www.ncbi.nlm.nih.gov/protein/ACK78131.1; ACK79169.1: https://www.ncbi.nlm.nih.gov/protein/ACK79169.1; ACK80478.1: https://www.ncbi.nlm.nih.gov/protein/ACK80478.1
RU820_RS05435	WP_041645534.1	B1无行	无	旧基因组同源基因无旧AFE_xxxx标签；按工作定义纳入母表	是	邻域核验：是：top候选在锚定区间；AFE_RS05345[old=空]；identity=1.0000，较短覆盖=1.0000，当前覆盖=1.0000，旧序列覆盖=1.0000。旧2025 GFF已有同源蛋白注释，但无法关联任何旧AFE_xxxx，故按本项目身份定义列入母表；不表示生物学上新出现。	NCBI RefSeq GCF_049532655.1: https://www.ncbi.nlm.nih.gov/datasets/genome/GCF_049532655.1/; current WP WP_041645534.1: https://www.ncbi.nlm.nih.gov/protein/WP_041645534.1; old RefSeq GCF_000021485.1: https://www.ncbi.nlm.nih.gov/datasets/genome/GCF_000021485.1/; old RefSeq WP WP_041645534.1: https://www.ncbi.nlm.nih.gov/protein/WP_041645534.1; original GenBank GCA_000021485.1 GFF/protein: https://www.ncbi.nlm.nih.gov/datasets/genome/GCA_000021485.1/; ACK78850.1: https://www.ncbi.nlm.nih.gov/protein/ACK78850.1; ACK79169.1: https://www.ncbi.nlm.nih.gov/protein/ACK79169.1; ACK79949.1: https://www.ncbi.nlm.nih.gov/protein/ACK79949.1; ACK80280.1: https://www.ncbi.nlm.nih.gov/protein/ACK80280.1
RU820_RS05465	WP_012606582.1	多重候选	AFE_1142	重新识别为原始GCA旧AFE基因对应	否	原始GCA AFE_1142 (ACK79585.1) 与旧GCF同坐标投射重叠 1227 bp，占较短CDS大部；identity=1.0000, aa=408, 双向coverage=1.0000/1.0000	NCBI RefSeq GCF_049532655.1: https://www.ncbi.nlm.nih.gov/datasets/genome/GCF_049532655.1/; current WP WP_012606582.1: https://www.ncbi.nlm.nih.gov/protein/WP_012606582.1; old RefSeq GCF_000021485.1: https://www.ncbi.nlm.nih.gov/datasets/genome/GCF_000021485.1/; old RefSeq WP WP_012606582.1: https://www.ncbi.nlm.nih.gov/protein/WP_012606582.1; original GenBank GCA_000021485.1 GFF/protein: https://www.ncbi.nlm.nih.gov/datasets/genome/GCA_000021485.1/; ACK79585.1: https://www.ncbi.nlm.nih.gov/protein/ACK79585.1; ACK80502.1: https://www.ncbi.nlm.nih.gov/protein/ACK80502.1; ACK80708.1: https://www.ncbi.nlm.nih.gov/protein/ACK80708.1
RU820_RS05470	WP_041645546.1	B1无行	无	旧基因组同源基因无旧AFE_xxxx标签；按工作定义纳入母表	是	邻域核验：是：top候选在锚定区间；AFE_RS05385[old=空]；identity=1.0000，较短覆盖=1.0000，当前覆盖=1.0000，旧序列覆盖=1.0000。旧2025 GFF已有同源蛋白注释，但无法关联任何旧AFE_xxxx，故按本项目身份定义列入母表；不表示生物学上新出现。	NCBI RefSeq GCF_049532655.1: https://www.ncbi.nlm.nih.gov/datasets/genome/GCF_049532655.1/; current WP WP_041645546.1: https://www.ncbi.nlm.nih.gov/protein/WP_041645546.1; old RefSeq GCF_000021485.1: https://www.ncbi.nlm.nih.gov/datasets/genome/GCF_000021485.1/; old RefSeq WP WP_041645546.1: https://www.ncbi.nlm.nih.gov/protein/WP_041645546.1; original GenBank GCA_000021485.1 GFF/protein: https://www.ncbi.nlm.nih.gov/datasets/genome/GCA_000021485.1/; ACK79585.1: https://www.ncbi.nlm.nih.gov/protein/ACK79585.1; ACK80548.1: https://www.ncbi.nlm.nih.gov/protein/ACK80548.1
RU820_RS05475	WP_148208608.1	B1无行	无	旧基因组同源基因无旧AFE_xxxx标签；按工作定义纳入母表	是	邻域核验：是：top候选在锚定区间；AFE_RS05390[old=空]；identity=1.0000，较短覆盖=1.0000，当前覆盖=1.0000，旧序列覆盖=1.0000。旧2025 GFF已有同源蛋白注释，但无法关联任何旧AFE_xxxx，故按本项目身份定义列入母表；不表示生物学上新出现。	NCBI RefSeq GCF_049532655.1: https://www.ncbi.nlm.nih.gov/datasets/genome/GCF_049532655.1/; current WP WP_148208608.1: https://www.ncbi.nlm.nih.gov/protein/WP_148208608.1; old RefSeq GCF_000021485.1: https://www.ncbi.nlm.nih.gov/datasets/genome/GCF_000021485.1/; old RefSeq WP WP_148208608.1: https://www.ncbi.nlm.nih.gov/protein/WP_148208608.1; original GenBank GCA_000021485.1 GFF/protein: https://www.ncbi.nlm.nih.gov/datasets/genome/GCA_000021485.1/; ACK79585.1: https://www.ncbi.nlm.nih.gov/protein/ACK79585.1; ACK79722.1: https://www.ncbi.nlm.nih.gov/protein/ACK79722.1; ACK80708.1: https://www.ncbi.nlm.nih.gov/protein/ACK80708.1
RU820_RS05525	WP_041645573.1	B1无行	AFE_1154	旧AFE候选涉及split/merge或注释边界变化，待人工复核	否	原始GCA AFE_1154 (ACK80738.1) 同链坐标重叠 399 bp；identity=1.0000, aa=100, 当前覆盖=1.0000, 旧覆盖=0.7576	NCBI RefSeq GCF_049532655.1: https://www.ncbi.nlm.nih.gov/datasets/genome/GCF_049532655.1/; current WP WP_041645573.1: https://www.ncbi.nlm.nih.gov/protein/WP_041645573.1; old RefSeq GCF_000021485.1: https://www.ncbi.nlm.nih.gov/datasets/genome/GCF_000021485.1/; old RefSeq WP WP_012606862.1: https://www.ncbi.nlm.nih.gov/protein/WP_012606862.1; original GenBank GCA_000021485.1 GFF/protein: https://www.ncbi.nlm.nih.gov/datasets/genome/GCA_000021485.1/; ACK78931.1: https://www.ncbi.nlm.nih.gov/protein/ACK78931.1; ACK80738.1: https://www.ncbi.nlm.nih.gov/protein/ACK80738.1
RU820_RS05590	WP_041645583.1	B1无行	无	旧基因组同源基因无旧AFE_xxxx标签；按工作定义纳入母表	是	邻域核验：是：top候选在锚定区间；AFE_RS05505[old=空]；identity=1.0000，较短覆盖=1.0000，当前覆盖=1.0000，旧序列覆盖=1.0000。旧2025 GFF已有同源蛋白注释，但无法关联任何旧AFE_xxxx，故按本项目身份定义列入母表；不表示生物学上新出现。	NCBI RefSeq GCF_049532655.1: https://www.ncbi.nlm.nih.gov/datasets/genome/GCF_049532655.1/; current WP WP_041645583.1: https://www.ncbi.nlm.nih.gov/protein/WP_041645583.1; old RefSeq GCF_000021485.1: https://www.ncbi.nlm.nih.gov/datasets/genome/GCF_000021485.1/; old RefSeq WP WP_041645583.1: https://www.ncbi.nlm.nih.gov/protein/WP_041645583.1; original GenBank GCA_000021485.1 GFF/protein: https://www.ncbi.nlm.nih.gov/datasets/genome/GCA_000021485.1/; ACK79309.1: https://www.ncbi.nlm.nih.gov/protein/ACK79309.1; ACK80738.1: https://www.ncbi.nlm.nih.gov/protein/ACK80738.1
RU820_RS05610	WP_041645589.1	B1无行	无	旧基因组同源基因无旧AFE_xxxx标签；按工作定义纳入母表	是	邻域核验：是：top候选在锚定区间；AFE_RS05530[old=空]；identity=1.0000，较短覆盖=1.0000，当前覆盖=1.0000，旧序列覆盖=1.0000。旧2025 GFF已有同源蛋白注释，但无法关联任何旧AFE_xxxx，故按本项目身份定义列入母表；不表示生物学上新出现。	NCBI RefSeq GCF_049532655.1: https://www.ncbi.nlm.nih.gov/datasets/genome/GCF_049532655.1/; current WP WP_041645589.1: https://www.ncbi.nlm.nih.gov/protein/WP_041645589.1; old RefSeq GCF_000021485.1: https://www.ncbi.nlm.nih.gov/datasets/genome/GCF_000021485.1/; old RefSeq WP WP_041645589.1: https://www.ncbi.nlm.nih.gov/protein/WP_041645589.1; original GenBank GCA_000021485.1 GFF/protein: https://www.ncbi.nlm.nih.gov/datasets/genome/GCA_000021485.1/; ACK79729.1: https://www.ncbi.nlm.nih.gov/protein/ACK79729.1; ACK80738.1: https://www.ncbi.nlm.nih.gov/protein/ACK80738.1
RU820_RS05640	WP_041645592.1	B1无行	无	旧基因组同源基因无旧AFE_xxxx标签；按工作定义纳入母表	是	邻域核验：是：top候选在锚定区间；AFE_RS05555[old=空]；identity=1.0000，较短覆盖=1.0000，当前覆盖=1.0000，旧序列覆盖=1.0000。旧2025 GFF已有同源蛋白注释，但无法关联任何旧AFE_xxxx，故按本项目身份定义列入母表；不表示生物学上新出现。	NCBI RefSeq GCF_049532655.1: https://www.ncbi.nlm.nih.gov/datasets/genome/GCF_049532655.1/; current WP WP_041645592.1: https://www.ncbi.nlm.nih.gov/protein/WP_041645592.1; old RefSeq GCF_000021485.1: https://www.ncbi.nlm.nih.gov/datasets/genome/GCF_000021485.1/; old RefSeq WP WP_041645592.1: https://www.ncbi.nlm.nih.gov/protein/WP_041645592.1; original GenBank GCA_000021485.1 GFF/protein: https://www.ncbi.nlm.nih.gov/datasets/genome/GCA_000021485.1/; ACK79907.1: https://www.ncbi.nlm.nih.gov/protein/ACK79907.1
RU820_RS05655	WP_041645597.1	B1无行	无	旧基因组同源基因无旧AFE_xxxx标签；按工作定义纳入母表	是	邻域核验：是：top候选在锚定区间；AFE_RS05570[old=空]；identity=1.0000，较短覆盖=1.0000，当前覆盖=1.0000，旧序列覆盖=1.0000。旧2025 GFF已有同源蛋白注释，但无法关联任何旧AFE_xxxx，故按本项目身份定义列入母表；不表示生物学上新出现。	NCBI RefSeq GCF_049532655.1: https://www.ncbi.nlm.nih.gov/datasets/genome/GCF_049532655.1/; current WP WP_041645597.1: https://www.ncbi.nlm.nih.gov/protein/WP_041645597.1; old RefSeq GCF_000021485.1: https://www.ncbi.nlm.nih.gov/datasets/genome/GCF_000021485.1/; old RefSeq WP WP_041645597.1: https://www.ncbi.nlm.nih.gov/protein/WP_041645597.1; original GenBank GCA_000021485.1 GFF/protein: https://www.ncbi.nlm.nih.gov/datasets/genome/GCA_000021485.1/; ACK78645.1: https://www.ncbi.nlm.nih.gov/protein/ACK78645.1; ACK79700.1: https://www.ncbi.nlm.nih.gov/protein/ACK79700.1
RU820_RS05660	WP_423365463.1	B1无行	AFE_1178	旧AFE候选涉及split/merge或注释边界变化，待人工复核	否	原始GCA AFE_1178 (ACK78645.1) 同链坐标重叠 663 bp；identity=1.0000, aa=201, 当前覆盖=1.0000, 旧覆盖=0.8138	NCBI RefSeq GCF_049532655.1: https://www.ncbi.nlm.nih.gov/datasets/genome/GCF_049532655.1/; current WP WP_423365463.1: https://www.ncbi.nlm.nih.gov/protein/WP_423365463.1; old RefSeq GCF_000021485.1: https://www.ncbi.nlm.nih.gov/datasets/genome/GCF_000021485.1/; old RefSeq WP WP_148208609.1: https://www.ncbi.nlm.nih.gov/protein/WP_148208609.1; original GenBank GCA_000021485.1 GFF/protein: https://www.ncbi.nlm.nih.gov/datasets/genome/GCA_000021485.1/; ACK78295.1: https://www.ncbi.nlm.nih.gov/protein/ACK78295.1; ACK78645.1: https://www.ncbi.nlm.nih.gov/protein/ACK78645.1
RU820_RS05750	WP_041645602.1	B1无行	无	旧基因组同源基因无旧AFE_xxxx标签；按工作定义纳入母表	是	邻域核验：是：top候选在锚定区间；AFE_RS05665[old=空]；identity=1.0000，较短覆盖=1.0000，当前覆盖=1.0000，旧序列覆盖=1.0000。旧2025 GFF已有同源蛋白注释，但无法关联任何旧AFE_xxxx，故按本项目身份定义列入母表；不表示生物学上新出现。	NCBI RefSeq GCF_049532655.1: https://www.ncbi.nlm.nih.gov/datasets/genome/GCF_049532655.1/; current WP WP_041645602.1: https://www.ncbi.nlm.nih.gov/protein/WP_041645602.1; old RefSeq GCF_000021485.1: https://www.ncbi.nlm.nih.gov/datasets/genome/GCF_000021485.1/; old RefSeq WP WP_041645602.1: https://www.ncbi.nlm.nih.gov/protein/WP_041645602.1; original GenBank GCA_000021485.1 GFF/protein: https://www.ncbi.nlm.nih.gov/datasets/genome/GCA_000021485.1/; ACK77934.1: https://www.ncbi.nlm.nih.gov/protein/ACK77934.1; ACK79691.1: https://www.ncbi.nlm.nih.gov/protein/ACK79691.1; ACK80204.1: https://www.ncbi.nlm.nih.gov/protein/ACK80204.1
RU820_RS05780	WP_423365467.1	B1无行	AFE_3196	重新识别为原始GCA旧AFE基因对应	否	原始GCA AFE_3196 (ACK79912.1) 与旧GCF同坐标投射重叠 1830 bp，占较短CDS大部；identity=0.9803, aa=609, 双向coverage=1.0000/1.0000	NCBI RefSeq GCF_049532655.1: https://www.ncbi.nlm.nih.gov/datasets/genome/GCF_049532655.1/; current WP WP_423365467.1: https://www.ncbi.nlm.nih.gov/protein/WP_423365467.1; old RefSeq GCF_000021485.1: https://www.ncbi.nlm.nih.gov/datasets/genome/GCF_000021485.1/; old RefSeq WP WP_009568473.1: https://www.ncbi.nlm.nih.gov/protein/WP_009568473.1; original GenBank GCA_000021485.1 GFF/protein: https://www.ncbi.nlm.nih.gov/datasets/genome/GCA_000021485.1/; ACK77867.1: https://www.ncbi.nlm.nih.gov/protein/ACK77867.1; ACK79837.1: https://www.ncbi.nlm.nih.gov/protein/ACK79837.1; ACK79912.1: https://www.ncbi.nlm.nih.gov/protein/ACK79912.1
RU820_RS05785	WP_423365469.1	B1无行	AFE_1205	重新识别为原始GCA旧AFE基因对应	否	原始GCA AFE_1205 (ACK77867.1) 与旧GCF同坐标投射重叠 1668 bp，占较短CDS大部；identity=0.9712, aa=555, 双向coverage=0.9893/1.0000	NCBI RefSeq GCF_049532655.1: https://www.ncbi.nlm.nih.gov/datasets/genome/GCF_049532655.1/; current WP WP_423365469.1: https://www.ncbi.nlm.nih.gov/protein/WP_423365469.1; old RefSeq GCF_000021485.1: https://www.ncbi.nlm.nih.gov/datasets/genome/GCF_000021485.1/; old RefSeq WP WP_041645616.1: https://www.ncbi.nlm.nih.gov/protein/WP_041645616.1; original GenBank GCA_000021485.1 GFF/protein: https://www.ncbi.nlm.nih.gov/datasets/genome/GCA_000021485.1/; ACK77867.1: https://www.ncbi.nlm.nih.gov/protein/ACK77867.1; ACK79837.1: https://www.ncbi.nlm.nih.gov/protein/ACK79837.1
RU820_RS05795	WP_423365470.1	B1无行	AFE_1208	重新识别为原始GCA旧AFE基因对应	否	原始GCA AFE_1208 (ACK80564.1) 与旧GCF同坐标投射重叠 2976 bp，占较短CDS大部；identity=1.0000, aa=981, 双向coverage=1.0000/0.9899	NCBI RefSeq GCF_049532655.1: https://www.ncbi.nlm.nih.gov/datasets/genome/GCF_049532655.1/; current WP WP_423365470.1: https://www.ncbi.nlm.nih.gov/protein/WP_423365470.1; old RefSeq GCF_000021485.1: https://www.ncbi.nlm.nih.gov/datasets/genome/GCF_000021485.1/; old RefSeq WP WP_012606881.1: https://www.ncbi.nlm.nih.gov/protein/WP_012606881.1; original GenBank GCA_000021485.1 GFF/protein: https://www.ncbi.nlm.nih.gov/datasets/genome/GCA_000021485.1/; ACK80028.1: https://www.ncbi.nlm.nih.gov/protein/ACK80028.1; ACK80564.1: https://www.ncbi.nlm.nih.gov/protein/ACK80564.1
RU820_RS05805	WP_236608977.1	B1无行	无	旧基因组同源基因无旧AFE_xxxx标签；按工作定义纳入母表	是	邻域核验：是：top候选在锚定区间；AFE_RS16730[old=空]；identity=1.0000，较短覆盖=1.0000，当前覆盖=1.0000，旧序列覆盖=1.0000。旧2025 GFF已有同源蛋白注释，但无法关联任何旧AFE_xxxx，故按本项目身份定义列入母表；不表示生物学上新出现。	NCBI RefSeq GCF_049532655.1: https://www.ncbi.nlm.nih.gov/datasets/genome/GCF_049532655.1/; current WP WP_236608977.1: https://www.ncbi.nlm.nih.gov/protein/WP_236608977.1; old RefSeq GCF_000021485.1: https://www.ncbi.nlm.nih.gov/datasets/genome/GCF_000021485.1/; old RefSeq WP WP_236608977.1: https://www.ncbi.nlm.nih.gov/protein/WP_236608977.1; original GenBank GCA_000021485.1 GFF/protein: https://www.ncbi.nlm.nih.gov/datasets/genome/GCA_000021485.1/; ACK80028.1: https://www.ncbi.nlm.nih.gov/protein/ACK80028.1; ACK80564.1: https://www.ncbi.nlm.nih.gov/protein/ACK80564.1; ACK80602.1: https://www.ncbi.nlm.nih.gov/protein/ACK80602.1
RU820_RS05810	WP_049759432.1	B1无行	无	旧基因组同源基因无旧AFE_xxxx标签；按工作定义纳入母表	是	邻域核验：是：top候选在锚定区间；AFE_RS16735[old=空]；identity=1.0000，较短覆盖=1.0000，当前覆盖=1.0000，旧序列覆盖=1.0000。旧2025 GFF已有同源蛋白注释，但无法关联任何旧AFE_xxxx，故按本项目身份定义列入母表；不表示生物学上新出现。	NCBI RefSeq GCF_049532655.1: https://www.ncbi.nlm.nih.gov/datasets/genome/GCF_049532655.1/; current WP WP_049759432.1: https://www.ncbi.nlm.nih.gov/protein/WP_049759432.1; old RefSeq GCF_000021485.1: https://www.ncbi.nlm.nih.gov/datasets/genome/GCF_000021485.1/; old RefSeq WP WP_049759432.1: https://www.ncbi.nlm.nih.gov/protein/WP_049759432.1; original GenBank GCA_000021485.1 GFF/protein: https://www.ncbi.nlm.nih.gov/datasets/genome/GCA_000021485.1/; ACK78170.1: https://www.ncbi.nlm.nih.gov/protein/ACK78170.1; ACK80028.1: https://www.ncbi.nlm.nih.gov/protein/ACK80028.1; ACK80564.1: https://www.ncbi.nlm.nih.gov/protein/ACK80564.1
RU820_RS05815	WP_423365615.1	B1无行	AFE_1209	旧AFE候选涉及split/merge或注释边界变化，待人工复核	否	原始GCA AFE_1209 (ACK80028.1) 同链坐标重叠 9060 bp；identity=1.0000, aa=898, 当前覆盖=0.9989, 旧覆盖=0.2577	NCBI RefSeq GCF_049532655.1: https://www.ncbi.nlm.nih.gov/datasets/genome/GCF_049532655.1/; current WP WP_423365615.1: https://www.ncbi.nlm.nih.gov/protein/WP_423365615.1; old RefSeq GCF_000021485.1: https://www.ncbi.nlm.nih.gov/datasets/genome/GCF_000021485.1/; old RefSeq WP WP_049759435.1: https://www.ncbi.nlm.nih.gov/protein/WP_049759435.1; original GenBank GCA_000021485.1 GFF/protein: https://www.ncbi.nlm.nih.gov/datasets/genome/GCA_000021485.1/; ACK78709.1: https://www.ncbi.nlm.nih.gov/protein/ACK78709.1; ACK80028.1: https://www.ncbi.nlm.nih.gov/protein/ACK80028.1; ACK80564.1: https://www.ncbi.nlm.nih.gov/protein/ACK80564.1
RU820_RS05820	WP_012606582.1	多重候选	AFE_0550,AFE_1110,AFE_1142,AFE_1265,AFE_2432,AFE_2709,AFE_2972,AFE_3263	多个原始AFE候选，待人工复核	否	高相似原始AFE坐标候选=AFE_0550,AFE_1110,AFE_1142,AFE_1265,AFE_2432,AFE_2709,AFE_2972,AFE_3263，存在多对一/拆分关系	NCBI RefSeq GCF_049532655.1: https://www.ncbi.nlm.nih.gov/datasets/genome/GCF_049532655.1/; current WP WP_012606582.1: https://www.ncbi.nlm.nih.gov/protein/WP_012606582.1; old RefSeq GCF_000021485.1: https://www.ncbi.nlm.nih.gov/datasets/genome/GCF_000021485.1/; old RefSeq WP WP_012606582.1: https://www.ncbi.nlm.nih.gov/protein/WP_012606582.1; original GenBank GCA_000021485.1 GFF/protein: https://www.ncbi.nlm.nih.gov/datasets/genome/GCA_000021485.1/; ACK77962.1: https://www.ncbi.nlm.nih.gov/protein/ACK77962.1; ACK78329.1: https://www.ncbi.nlm.nih.gov/protein/ACK78329.1; ACK78827.1: https://www.ncbi.nlm.nih.gov/protein/ACK78827.1; ACK79184.1: https://www.ncbi.nlm.nih.gov/protein/ACK79184.1; ACK79267.1: https://www.ncbi.nlm.nih.gov/protein/ACK79267.1; ACK79585.1: https://www.ncbi.nlm.nih.gov/protein/ACK79585.1; ACK79916.1: https://www.ncbi.nlm.nih.gov/protein/ACK79916.1; ACK80028.1: https://www.ncbi.nlm.nih.gov/protein/ACK80028.1; ACK80266.1: https://www.ncbi.nlm.nih.gov/protein/ACK80266.1; ACK80502.1: https://www.ncbi.nlm.nih.gov/protein/ACK80502.1
RU820_RS05825	WP_423365472.1	B1无行	AFE_1209	旧AFE候选涉及split/merge或注释边界变化，待人工复核	否	原始GCA AFE_1209 (ACK80028.1) 同链坐标重叠 9060 bp；identity=0.9995, aa=2114, 当前覆盖=0.9755, 旧覆盖=0.6068	NCBI RefSeq GCF_049532655.1: https://www.ncbi.nlm.nih.gov/datasets/genome/GCF_049532655.1/; current WP WP_423365472.1: https://www.ncbi.nlm.nih.gov/protein/WP_423365472.1; old RefSeq GCF_000021485.1: https://www.ncbi.nlm.nih.gov/datasets/genome/GCF_000021485.1/; old RefSeq WP WP_049759435.1: https://www.ncbi.nlm.nih.gov/protein/WP_049759435.1; original GenBank GCA_000021485.1 GFF/protein: https://www.ncbi.nlm.nih.gov/datasets/genome/GCA_000021485.1/; ACK78709.1: https://www.ncbi.nlm.nih.gov/protein/ACK78709.1; ACK79184.1: https://www.ncbi.nlm.nih.gov/protein/ACK79184.1; ACK80028.1: https://www.ncbi.nlm.nih.gov/protein/ACK80028.1; ACK80564.1: https://www.ncbi.nlm.nih.gov/protein/ACK80564.1
RU820_RS05845	WP_148208610.1	B1无行	无	旧基因组同源基因无旧AFE_xxxx标签；按工作定义纳入母表	是	邻域核验：是：top候选在锚定区间；AFE_RS16020[old=空]；identity=1.0000，较短覆盖=1.0000，当前覆盖=1.0000，旧序列覆盖=1.0000。旧2025 GFF已有同源蛋白注释，但无法关联任何旧AFE_xxxx，故按本项目身份定义列入母表；不表示生物学上新出现。	NCBI RefSeq GCF_049532655.1: https://www.ncbi.nlm.nih.gov/datasets/genome/GCF_049532655.1/; current WP WP_148208610.1: https://www.ncbi.nlm.nih.gov/protein/WP_148208610.1; old RefSeq GCF_000021485.1: https://www.ncbi.nlm.nih.gov/datasets/genome/GCF_000021485.1/; old RefSeq WP WP_148208610.1: https://www.ncbi.nlm.nih.gov/protein/WP_148208610.1; original GenBank GCA_000021485.1 GFF/protein: https://www.ncbi.nlm.nih.gov/datasets/genome/GCA_000021485.1/; ACK78810.1: https://www.ncbi.nlm.nih.gov/protein/ACK78810.1; ACK79074.1: https://www.ncbi.nlm.nih.gov/protein/ACK79074.1
RU820_RS05880	WP_049759437.1	B1无行	无	旧基因组同源基因无旧AFE_xxxx标签；按工作定义纳入母表	是	邻域核验：是：top候选在锚定区间；AFE_RS16910[old=空]；identity=1.0000，较短覆盖=1.0000，当前覆盖=1.0000，旧序列覆盖=1.0000。旧2025 GFF已有同源蛋白注释，但无法关联任何旧AFE_xxxx，故按本项目身份定义列入母表；不表示生物学上新出现。	NCBI RefSeq GCF_049532655.1: https://www.ncbi.nlm.nih.gov/datasets/genome/GCF_049532655.1/; current WP WP_049759437.1: https://www.ncbi.nlm.nih.gov/protein/WP_049759437.1; old RefSeq GCF_000021485.1: https://www.ncbi.nlm.nih.gov/datasets/genome/GCF_000021485.1/; old RefSeq WP WP_049759437.1: https://www.ncbi.nlm.nih.gov/protein/WP_049759437.1; original GenBank GCA_000021485.1 GFF/protein: https://www.ncbi.nlm.nih.gov/datasets/genome/GCA_000021485.1/; ACK80235.1: https://www.ncbi.nlm.nih.gov/protein/ACK80235.1
RU820_RS05885	WP_049759438.1	B1无行	无	旧基因组同源基因无旧AFE_xxxx标签；按工作定义纳入母表	是	邻域核验：是：top候选在锚定区间；AFE_RS16915[old=空]；identity=1.0000，较短覆盖=1.0000，当前覆盖=1.0000，旧序列覆盖=1.0000。旧2025 GFF已有同源蛋白注释，但无法关联任何旧AFE_xxxx，故按本项目身份定义列入母表；不表示生物学上新出现。	NCBI RefSeq GCF_049532655.1: https://www.ncbi.nlm.nih.gov/datasets/genome/GCF_049532655.1/; current WP WP_049759438.1: https://www.ncbi.nlm.nih.gov/protein/WP_049759438.1; old RefSeq GCF_000021485.1: https://www.ncbi.nlm.nih.gov/datasets/genome/GCF_000021485.1/; old RefSeq WP WP_049759438.1: https://www.ncbi.nlm.nih.gov/protein/WP_049759438.1; original GenBank GCA_000021485.1 GFF/protein: https://www.ncbi.nlm.nih.gov/datasets/genome/GCA_000021485.1/; ACK80018.1: https://www.ncbi.nlm.nih.gov/protein/ACK80018.1
RU820_RS05920	WP_041645646.1	B1无行	无	旧基因组同源基因无旧AFE_xxxx标签；按工作定义纳入母表	是	邻域核验：是：top候选在锚定区间；AFE_RS05815[old=空]；identity=1.0000，较短覆盖=1.0000，当前覆盖=1.0000，旧序列覆盖=1.0000。旧2025 GFF已有同源蛋白注释，但无法关联任何旧AFE_xxxx，故按本项目身份定义列入母表；不表示生物学上新出现。	NCBI RefSeq GCF_049532655.1: https://www.ncbi.nlm.nih.gov/datasets/genome/GCF_049532655.1/; current WP WP_041645646.1: https://www.ncbi.nlm.nih.gov/protein/WP_041645646.1; old RefSeq GCF_000021485.1: https://www.ncbi.nlm.nih.gov/datasets/genome/GCF_000021485.1/; old RefSeq WP WP_041645646.1: https://www.ncbi.nlm.nih.gov/protein/WP_041645646.1; original GenBank GCA_000021485.1 GFF/protein: https://www.ncbi.nlm.nih.gov/datasets/genome/GCA_000021485.1/; ACK79229.1: https://www.ncbi.nlm.nih.gov/protein/ACK79229.1; ACK79262.1: https://www.ncbi.nlm.nih.gov/protein/ACK79262.1
RU820_RS05940	WP_041645660.1	B1无行	AFE_1232	旧AFE候选涉及split/merge或注释边界变化，待人工复核	否	原始GCA AFE_1232 (ACK78186.1) 同链坐标重叠 939 bp；identity=0.9881, aa=84, 当前覆盖=1.0000, 旧覆盖=0.2692	NCBI RefSeq GCF_049532655.1: https://www.ncbi.nlm.nih.gov/datasets/genome/GCF_049532655.1/; current WP WP_041645660.1: https://www.ncbi.nlm.nih.gov/protein/WP_041645660.1; old RefSeq GCF_000021485.1: https://www.ncbi.nlm.nih.gov/datasets/genome/GCF_000021485.1/; old RefSeq WP WP_012606904.1: https://www.ncbi.nlm.nih.gov/protein/WP_012606904.1; original GenBank GCA_000021485.1 GFF/protein: https://www.ncbi.nlm.nih.gov/datasets/genome/GCA_000021485.1/; ACK78186.1: https://www.ncbi.nlm.nih.gov/protein/ACK78186.1; ACK79552.1: https://www.ncbi.nlm.nih.gov/protein/ACK79552.1
RU820_RS05945	WP_206383199.1	B1无行	AFE_1232	旧新关系待人工复核	否	邻域核验：是：top候选在锚定区间；分类建议=建议排除：序列top hit唯一落在双侧锚区间，旧AFE对应；top hit=WP_012606904.1 identity=0.9417，较短覆盖=0.5450，当前覆盖=0.5450，旧序列覆盖=0.3301；identity或任一侧覆盖未达90%，或出现重复拷贝/结构变化，未强制归类。	NCBI RefSeq GCF_049532655.1: https://www.ncbi.nlm.nih.gov/datasets/genome/GCF_049532655.1/; current WP WP_206383199.1: https://www.ncbi.nlm.nih.gov/protein/WP_206383199.1; old RefSeq GCF_000021485.1: https://www.ncbi.nlm.nih.gov/datasets/genome/GCF_000021485.1/; old RefSeq WP WP_012606904.1: https://www.ncbi.nlm.nih.gov/protein/WP_012606904.1; original GenBank GCA_000021485.1 GFF/protein: https://www.ncbi.nlm.nih.gov/datasets/genome/GCA_000021485.1/; ACK78186.1: https://www.ncbi.nlm.nih.gov/protein/ACK78186.1; ACK79552.1: https://www.ncbi.nlm.nih.gov/protein/ACK79552.1
RU820_RS05975	WP_041645674.1	B1无行	AFE_1240	旧AFE候选涉及split/merge或注释边界变化，待人工复核	否	原始GCA AFE_1240 (ACK79809.1) 同链坐标重叠 345 bp；identity=0.9912, aa=114, 当前覆盖=0.5561, 旧覆盖=1.0000	NCBI RefSeq GCF_049532655.1: https://www.ncbi.nlm.nih.gov/datasets/genome/GCF_049532655.1/; current WP WP_041645674.1: https://www.ncbi.nlm.nih.gov/protein/WP_041645674.1; old RefSeq GCF_000021485.1: https://www.ncbi.nlm.nih.gov/datasets/genome/GCF_000021485.1/; old RefSeq WP WP_041645674.1: https://www.ncbi.nlm.nih.gov/protein/WP_041645674.1; original GenBank GCA_000021485.1 GFF/protein: https://www.ncbi.nlm.nih.gov/datasets/genome/GCA_000021485.1/; ACK78572.1: https://www.ncbi.nlm.nih.gov/protein/ACK78572.1; ACK79809.1: https://www.ncbi.nlm.nih.gov/protein/ACK79809.1; ACK80213.1: https://www.ncbi.nlm.nih.gov/protein/ACK80213.1
RU820_RS06005	WP_041645679.1	B1无行	无	旧基因组同源基因无旧AFE_xxxx标签；按工作定义纳入母表	是	邻域核验：是：top候选在锚定区间；AFE_RS05910[old=空]；identity=1.0000，较短覆盖=1.0000，当前覆盖=1.0000，旧序列覆盖=1.0000。旧2025 GFF已有同源蛋白注释，但无法关联任何旧AFE_xxxx，故按本项目身份定义列入母表；不表示生物学上新出现。	NCBI RefSeq GCF_049532655.1: https://www.ncbi.nlm.nih.gov/datasets/genome/GCF_049532655.1/; current WP WP_041645679.1: https://www.ncbi.nlm.nih.gov/protein/WP_041645679.1; old RefSeq GCF_000021485.1: https://www.ncbi.nlm.nih.gov/datasets/genome/GCF_000021485.1/; old RefSeq WP WP_041645679.1: https://www.ncbi.nlm.nih.gov/protein/WP_041645679.1; original GenBank GCA_000021485.1 GFF/protein: https://www.ncbi.nlm.nih.gov/datasets/genome/GCA_000021485.1/; ACK79736.1: https://www.ncbi.nlm.nih.gov/protein/ACK79736.1; ACK79897.1: https://www.ncbi.nlm.nih.gov/protein/ACK79897.1; ACK80394.1: https://www.ncbi.nlm.nih.gov/protein/ACK80394.1; ACK80412.1: https://www.ncbi.nlm.nih.gov/protein/ACK80412.1
RU820_RS06010	WP_049759441.1	B1无行	AFE_1249	重新识别为原始GCA旧AFE基因对应	否	原始GCA AFE_1249 (ACK79897.1) 与旧GCF同坐标投射重叠 1053 bp，占较短CDS大部；identity=0.9970, aa=338, 双向coverage=1.0000/0.9657	NCBI RefSeq GCF_049532655.1: https://www.ncbi.nlm.nih.gov/datasets/genome/GCF_049532655.1/; current WP WP_049759441.1: https://www.ncbi.nlm.nih.gov/protein/WP_049759441.1; old RefSeq GCF_000021485.1: https://www.ncbi.nlm.nih.gov/datasets/genome/GCF_000021485.1/; old RefSeq WP WP_012606921.1: https://www.ncbi.nlm.nih.gov/protein/WP_012606921.1; original GenBank GCA_000021485.1 GFF/protein: https://www.ncbi.nlm.nih.gov/datasets/genome/GCA_000021485.1/; ACK79736.1: https://www.ncbi.nlm.nih.gov/protein/ACK79736.1; ACK79897.1: https://www.ncbi.nlm.nih.gov/protein/ACK79897.1; ACK80412.1: https://www.ncbi.nlm.nih.gov/protein/ACK80412.1
RU820_RS06025	WP_041645682.1	B1无行	无	旧基因组同源基因无旧AFE_xxxx标签；按工作定义纳入母表	是	邻域核验：是：top候选在锚定区间；AFE_RS05930[old=空]；identity=1.0000，较短覆盖=1.0000，当前覆盖=1.0000，旧序列覆盖=1.0000。旧2025 GFF已有同源蛋白注释，但无法关联任何旧AFE_xxxx，故按本项目身份定义列入母表；不表示生物学上新出现。	NCBI RefSeq GCF_049532655.1: https://www.ncbi.nlm.nih.gov/datasets/genome/GCF_049532655.1/; current WP WP_041645682.1: https://www.ncbi.nlm.nih.gov/protein/WP_041645682.1; old RefSeq GCF_000021485.1: https://www.ncbi.nlm.nih.gov/datasets/genome/GCF_000021485.1/; old RefSeq WP WP_041645682.1: https://www.ncbi.nlm.nih.gov/protein/WP_041645682.1; original GenBank GCA_000021485.1 GFF/protein: https://www.ncbi.nlm.nih.gov/datasets/genome/GCA_000021485.1/; ACK78455.1: https://www.ncbi.nlm.nih.gov/protein/ACK78455.1; ACK80818.1: https://www.ncbi.nlm.nih.gov/protein/ACK80818.1
RU820_RS06030	WP_148208612.1	B1无行	AFE_1253	旧AFE候选涉及split/merge或注释边界变化，待人工复核	否	原始GCA AFE_1253 (ACK80818.1) 同链坐标重叠 444 bp；identity=1.0000, aa=147, 当前覆盖=1.0000, 旧覆盖=0.3984	NCBI RefSeq GCF_049532655.1: https://www.ncbi.nlm.nih.gov/datasets/genome/GCF_049532655.1/; current WP WP_148208612.1: https://www.ncbi.nlm.nih.gov/protein/WP_148208612.1; old RefSeq GCF_000021485.1: https://www.ncbi.nlm.nih.gov/datasets/genome/GCF_000021485.1/; old RefSeq WP WP_148208612.1: https://www.ncbi.nlm.nih.gov/protein/WP_148208612.1; original GenBank GCA_000021485.1 GFF/protein: https://www.ncbi.nlm.nih.gov/datasets/genome/GCA_000021485.1/; ACK80273.1: https://www.ncbi.nlm.nih.gov/protein/ACK80273.1; ACK80818.1: https://www.ncbi.nlm.nih.gov/protein/ACK80818.1
RU820_RS06035	WP_041645693.1	B1无行	无	旧基因组同源基因无旧AFE_xxxx标签；按工作定义纳入母表	是	邻域核验：是：top候选在锚定区间；AFE_RS05940[old=空]；identity=1.0000，较短覆盖=1.0000，当前覆盖=1.0000，旧序列覆盖=1.0000。旧2025 GFF已有同源蛋白注释，但无法关联任何旧AFE_xxxx，故按本项目身份定义列入母表；不表示生物学上新出现。	NCBI RefSeq GCF_049532655.1: https://www.ncbi.nlm.nih.gov/datasets/genome/GCF_049532655.1/; current WP WP_041645693.1: https://www.ncbi.nlm.nih.gov/protein/WP_041645693.1; old RefSeq GCF_000021485.1: https://www.ncbi.nlm.nih.gov/datasets/genome/GCF_000021485.1/; old RefSeq WP WP_041645693.1: https://www.ncbi.nlm.nih.gov/protein/WP_041645693.1; original GenBank GCA_000021485.1 GFF/protein: https://www.ncbi.nlm.nih.gov/datasets/genome/GCA_000021485.1/; ACK79365.1: https://www.ncbi.nlm.nih.gov/protein/ACK79365.1; ACK80273.1: https://www.ncbi.nlm.nih.gov/protein/ACK80273.1; ACK80818.1: https://www.ncbi.nlm.nih.gov/protein/ACK80818.1
RU820_RS06080	WP_012606582.1	多重候选	AFE_1265	重新识别为原始GCA旧AFE基因对应	否	原始GCA AFE_1265 (ACK80266.1) 与旧GCF同坐标投射重叠 1227 bp，占较短CDS大部；identity=1.0000, aa=408, 双向coverage=1.0000/1.0000	NCBI RefSeq GCF_049532655.1: https://www.ncbi.nlm.nih.gov/datasets/genome/GCF_049532655.1/; current WP WP_012606582.1: https://www.ncbi.nlm.nih.gov/protein/WP_012606582.1; old RefSeq GCF_000021485.1: https://www.ncbi.nlm.nih.gov/datasets/genome/GCF_000021485.1/; old RefSeq WP WP_012606582.1: https://www.ncbi.nlm.nih.gov/protein/WP_012606582.1; original GenBank GCA_000021485.1 GFF/protein: https://www.ncbi.nlm.nih.gov/datasets/genome/GCA_000021485.1/; ACK80266.1: https://www.ncbi.nlm.nih.gov/protein/ACK80266.1; ACK80502.1: https://www.ncbi.nlm.nih.gov/protein/ACK80502.1
RU820_RS06115	WP_041645725.1	B1无行	AFE_1274	旧AFE候选涉及split/merge或注释边界变化，待人工复核	否	原始GCA AFE_1274 (ACK78283.1) 同链坐标重叠 213 bp；identity=1.0000, aa=70, 当前覆盖=1.0000, 旧覆盖=0.5983	NCBI RefSeq GCF_049532655.1: https://www.ncbi.nlm.nih.gov/datasets/genome/GCF_049532655.1/; current WP WP_041645725.1: https://www.ncbi.nlm.nih.gov/protein/WP_041645725.1; old RefSeq GCF_000021485.1: https://www.ncbi.nlm.nih.gov/datasets/genome/GCF_000021485.1/; old RefSeq WP WP_041645725.1: https://www.ncbi.nlm.nih.gov/protein/WP_041645725.1; original GenBank GCA_000021485.1 GFF/protein: https://www.ncbi.nlm.nih.gov/datasets/genome/GCA_000021485.1/; ACK78283.1: https://www.ncbi.nlm.nih.gov/protein/ACK78283.1; ACK79251.1: https://www.ncbi.nlm.nih.gov/protein/ACK79251.1
RU820_RS06145	WP_041645736.1	B1无行	无	旧基因组同源基因无旧AFE_xxxx标签；按工作定义纳入母表	是	邻域核验：是：top候选在锚定区间；AFE_RS06055[old=空]；identity=1.0000，较短覆盖=1.0000，当前覆盖=1.0000，旧序列覆盖=1.0000。旧2025 GFF已有同源蛋白注释，但无法关联任何旧AFE_xxxx，故按本项目身份定义列入母表；不表示生物学上新出现。	NCBI RefSeq GCF_049532655.1: https://www.ncbi.nlm.nih.gov/datasets/genome/GCF_049532655.1/; current WP WP_041645736.1: https://www.ncbi.nlm.nih.gov/protein/WP_041645736.1; old RefSeq GCF_000021485.1: https://www.ncbi.nlm.nih.gov/datasets/genome/GCF_000021485.1/; old RefSeq WP WP_041645736.1: https://www.ncbi.nlm.nih.gov/protein/WP_041645736.1; original GenBank GCA_000021485.1 GFF/protein: https://www.ncbi.nlm.nih.gov/datasets/genome/GCA_000021485.1/; ACK78854.1: https://www.ncbi.nlm.nih.gov/protein/ACK78854.1; ACK79664.1: https://www.ncbi.nlm.nih.gov/protein/ACK79664.1
RU820_RS06250	WP_206382827.1	B1无行	无	旧基因组同源基因无旧AFE_xxxx标签；按工作定义纳入母表	是	邻域核验：是：top候选在锚定区间；AFE_RS06165[old=空]；identity=1.0000，较短覆盖=1.0000，当前覆盖=0.9191，旧序列覆盖=1.0000。旧2025 GFF已有同源蛋白注释，但无法关联任何旧AFE_xxxx，故按本项目身份定义列入母表；不表示生物学上新出现。	NCBI RefSeq GCF_049532655.1: https://www.ncbi.nlm.nih.gov/datasets/genome/GCF_049532655.1/; current WP WP_206382827.1: https://www.ncbi.nlm.nih.gov/protein/WP_206382827.1; old RefSeq GCF_000021485.1: https://www.ncbi.nlm.nih.gov/datasets/genome/GCF_000021485.1/; old RefSeq WP WP_041645749.1: https://www.ncbi.nlm.nih.gov/protein/WP_041645749.1; original GenBank GCA_000021485.1 GFF/protein: https://www.ncbi.nlm.nih.gov/datasets/genome/GCA_000021485.1/; ACK77834.1: https://www.ncbi.nlm.nih.gov/protein/ACK77834.1; ACK77919.1: https://www.ncbi.nlm.nih.gov/protein/ACK77919.1; ACK78022.1: https://www.ncbi.nlm.nih.gov/protein/ACK78022.1; ACK78120.1: https://www.ncbi.nlm.nih.gov/protein/ACK78120.1; ACK78465.1: https://www.ncbi.nlm.nih.gov/protein/ACK78465.1; ACK78468.1: https://www.ncbi.nlm.nih.gov/protein/ACK78468.1; ACK78620.1: https://www.ncbi.nlm.nih.gov/protein/ACK78620.1; ACK78675.1: https://www.ncbi.nlm.nih.gov/protein/ACK78675.1; ACK78695.1: https://www.ncbi.nlm.nih.gov/protein/ACK78695.1; ACK78789.1: https://www.ncbi.nlm.nih.gov/protein/ACK78789.1; ACK78805.1: https://www.ncbi.nlm.nih.gov/protein/ACK78805.1; ACK78867.1: https://www.ncbi.nlm.nih.gov/protein/ACK78867.1; ACK78971.1: https://www.ncbi.nlm.nih.gov/protein/ACK78971.1; ACK79121.1: https://www.ncbi.nlm.nih.gov/protein/ACK79121.1; ACK79132.1: https://www.ncbi.nlm.nih.gov/protein/ACK79132.1; ACK79203.1: https://www.ncbi.nlm.nih.gov/protein/ACK79203.1; ACK79416.1: https://www.ncbi.nlm.nih.gov/protein/ACK79416.1; ACK79599.1: https://www.ncbi.nlm.nih.gov/protein/ACK79599.1; ACK79735.1: https://www.ncbi.nlm.nih.gov/protein/ACK79735.1; ACK79762.1: https://www.ncbi.nlm.nih.gov/protein/ACK79762.1; ACK79985.1: https://www.ncbi.nlm.nih.gov/protein/ACK79985.1; ACK80080.1: https://www.ncbi.nlm.nih.gov/protein/ACK80080.1; ACK80160.1: https://www.ncbi.nlm.nih.gov/protein/ACK80160.1; ACK80180.1: https://www.ncbi.nlm.nih.gov/protein/ACK80180.1; ACK80302.1: https://www.ncbi.nlm.nih.gov/protein/ACK80302.1; ACK80414.1: https://www.ncbi.nlm.nih.gov/protein/ACK80414.1; ACK80519.1: https://www.ncbi.nlm.nih.gov/protein/ACK80519.1; ACK80535.1: https://www.ncbi.nlm.nih.gov/protein/ACK80535.1; ACK80543.1: https://www.ncbi.nlm.nih.gov/protein/ACK80543.1; ACK80781.1: https://www.ncbi.nlm.nih.gov/protein/ACK80781.1; ACK80876.1: https://www.ncbi.nlm.nih.gov/protein/ACK80876.1; ACK80898.1: https://www.ncbi.nlm.nih.gov/protein/ACK80898.1; ACK80941.1: https://www.ncbi.nlm.nih.gov/protein/ACK80941.1; ACK80952.1: https://www.ncbi.nlm.nih.gov/protein/ACK80952.1
RU820_RS06255	WP_206382828.1	B1无行	AFE_1351	旧AFE候选涉及split/merge或注释边界变化，待人工复核	否	原始GCA AFE_1351 (ACK77834.1) 同链坐标重叠 1173 bp；identity=0.9960, aa=251, 当前覆盖=1.0000, 旧覆盖=0.6436	NCBI RefSeq GCF_049532655.1: https://www.ncbi.nlm.nih.gov/datasets/genome/GCF_049532655.1/; current WP WP_206382828.1: https://www.ncbi.nlm.nih.gov/protein/WP_206382828.1; old RefSeq GCF_000021485.1: https://www.ncbi.nlm.nih.gov/datasets/genome/GCF_000021485.1/; old RefSeq WP WP_012607022.1: https://www.ncbi.nlm.nih.gov/protein/WP_012607022.1; original GenBank GCA_000021485.1 GFF/protein: https://www.ncbi.nlm.nih.gov/datasets/genome/GCA_000021485.1/; ACK77834.1: https://www.ncbi.nlm.nih.gov/protein/ACK77834.1; ACK78022.1: https://www.ncbi.nlm.nih.gov/protein/ACK78022.1; ACK78397.1: https://www.ncbi.nlm.nih.gov/protein/ACK78397.1; ACK78426.1: https://www.ncbi.nlm.nih.gov/protein/ACK78426.1; ACK78465.1: https://www.ncbi.nlm.nih.gov/protein/ACK78465.1; ACK78468.1: https://www.ncbi.nlm.nih.gov/protein/ACK78468.1; ACK78675.1: https://www.ncbi.nlm.nih.gov/protein/ACK78675.1; ACK78695.1: https://www.ncbi.nlm.nih.gov/protein/ACK78695.1; ACK78710.1: https://www.ncbi.nlm.nih.gov/protein/ACK78710.1; ACK78789.1: https://www.ncbi.nlm.nih.gov/protein/ACK78789.1; ACK78805.1: https://www.ncbi.nlm.nih.gov/protein/ACK78805.1; ACK78867.1: https://www.ncbi.nlm.nih.gov/protein/ACK78867.1; ACK78971.1: https://www.ncbi.nlm.nih.gov/protein/ACK78971.1; ACK79121.1: https://www.ncbi.nlm.nih.gov/protein/ACK79121.1; ACK79132.1: https://www.ncbi.nlm.nih.gov/protein/ACK79132.1; ACK79329.1: https://www.ncbi.nlm.nih.gov/protein/ACK79329.1; ACK79416.1: https://www.ncbi.nlm.nih.gov/protein/ACK79416.1; ACK79437.1: https://www.ncbi.nlm.nih.gov/protein/ACK79437.1; ACK79464.1: https://www.ncbi.nlm.nih.gov/protein/ACK79464.1; ACK79735.1: https://www.ncbi.nlm.nih.gov/protein/ACK79735.1; ACK79762.1: https://www.ncbi.nlm.nih.gov/protein/ACK79762.1; ACK79853.1: https://www.ncbi.nlm.nih.gov/protein/ACK79853.1; ACK79985.1: https://www.ncbi.nlm.nih.gov/protein/ACK79985.1; ACK80069.1: https://www.ncbi.nlm.nih.gov/protein/ACK80069.1; ACK80180.1: https://www.ncbi.nlm.nih.gov/protein/ACK80180.1; ACK80411.1: https://www.ncbi.nlm.nih.gov/protein/ACK80411.1; ACK80414.1: https://www.ncbi.nlm.nih.gov/protein/ACK80414.1; ACK80535.1: https://www.ncbi.nlm.nih.gov/protein/ACK80535.1; ACK80543.1: https://www.ncbi.nlm.nih.gov/protein/ACK80543.1; ACK80597.1: https://www.ncbi.nlm.nih.gov/protein/ACK80597.1; ACK80781.1: https://www.ncbi.nlm.nih.gov/protein/ACK80781.1; ACK80898.1: https://www.ncbi.nlm.nih.gov/protein/ACK80898.1; ACK80941.1: https://www.ncbi.nlm.nih.gov/protein/ACK80941.1; ACK80952.1: https://www.ncbi.nlm.nih.gov/protein/ACK80952.1
RU820_RS06290	WP_012607030.1	多重候选	AFE_1360	重新识别为原始GCA旧AFE基因对应	否	原始GCA AFE_1360 (ACK79122.1) 与旧GCF同坐标投射重叠 441 bp，占较短CDS大部；identity=1.0000, aa=146, 双向coverage=1.0000/1.0000	NCBI RefSeq GCF_049532655.1: https://www.ncbi.nlm.nih.gov/datasets/genome/GCF_049532655.1/; current WP WP_012607030.1: https://www.ncbi.nlm.nih.gov/protein/WP_012607030.1; old RefSeq GCF_000021485.1: https://www.ncbi.nlm.nih.gov/datasets/genome/GCF_000021485.1/; old RefSeq WP WP_012607030.1: https://www.ncbi.nlm.nih.gov/protein/WP_012607030.1; original GenBank GCA_000021485.1 GFF/protein: https://www.ncbi.nlm.nih.gov/datasets/genome/GCA_000021485.1/; ACK78281.1: https://www.ncbi.nlm.nih.gov/protein/ACK78281.1; ACK79122.1: https://www.ncbi.nlm.nih.gov/protein/ACK79122.1; ACK80614.1: https://www.ncbi.nlm.nih.gov/protein/ACK80614.1
RU820_RS06310	WP_012607030.1	多重候选	AFE_1364	重新识别为原始GCA旧AFE基因对应	否	原始GCA AFE_1364 (ACK80614.1) 与旧GCF同坐标投射重叠 441 bp，占较短CDS大部；identity=1.0000, aa=146, 双向coverage=1.0000/1.0000	NCBI RefSeq GCF_049532655.1: https://www.ncbi.nlm.nih.gov/datasets/genome/GCF_049532655.1/; current WP WP_012607030.1: https://www.ncbi.nlm.nih.gov/protein/WP_012607030.1; old RefSeq GCF_000021485.1: https://www.ncbi.nlm.nih.gov/datasets/genome/GCF_000021485.1/; old RefSeq WP WP_012607030.1: https://www.ncbi.nlm.nih.gov/protein/WP_012607030.1; original GenBank GCA_000021485.1 GFF/protein: https://www.ncbi.nlm.nih.gov/datasets/genome/GCA_000021485.1/; ACK78880.1: https://www.ncbi.nlm.nih.gov/protein/ACK78880.1; ACK80614.1: https://www.ncbi.nlm.nih.gov/protein/ACK80614.1
RU820_RS06320	WP_423365497.1	B1无行	AFE_1366	重新识别为原始GCA旧AFE基因对应	否	原始GCA AFE_1366 (ACK79939.1) 与旧GCF同坐标投射重叠 1443 bp，占较短CDS大部；identity=0.9854, aa=480, 双向coverage=1.0000/1.0000	NCBI RefSeq GCF_049532655.1: https://www.ncbi.nlm.nih.gov/datasets/genome/GCF_049532655.1/; current WP WP_423365497.1: https://www.ncbi.nlm.nih.gov/protein/WP_423365497.1; old RefSeq GCF_000021485.1: https://www.ncbi.nlm.nih.gov/datasets/genome/GCF_000021485.1/; old RefSeq WP WP_012607035.1: https://www.ncbi.nlm.nih.gov/protein/WP_012607035.1; original GenBank GCA_000021485.1 GFF/protein: https://www.ncbi.nlm.nih.gov/datasets/genome/GCA_000021485.1/; ACK79939.1: https://www.ncbi.nlm.nih.gov/protein/ACK79939.1
RU820_RS06335	WP_041645783.1	B1无行	无	旧基因组同源基因无旧AFE_xxxx标签；按工作定义纳入母表	是	邻域核验：是：top候选在锚定区间；AFE_RS06425[old=空]；identity=1.0000，较短覆盖=1.0000，当前覆盖=1.0000，旧序列覆盖=1.0000。旧2025 GFF已有同源蛋白注释，但无法关联任何旧AFE_xxxx，故按本项目身份定义列入母表；不表示生物学上新出现。	NCBI RefSeq GCF_049532655.1: https://www.ncbi.nlm.nih.gov/datasets/genome/GCF_049532655.1/; current WP WP_041645783.1: https://www.ncbi.nlm.nih.gov/protein/WP_041645783.1; old RefSeq GCF_000021485.1: https://www.ncbi.nlm.nih.gov/datasets/genome/GCF_000021485.1/; old RefSeq WP WP_041645783.1: https://www.ncbi.nlm.nih.gov/protein/WP_041645783.1; original GenBank GCA_000021485.1 GFF/protein: https://www.ncbi.nlm.nih.gov/datasets/genome/GCA_000021485.1/; ACK78728.1: https://www.ncbi.nlm.nih.gov/protein/ACK78728.1; ACK78842.1: https://www.ncbi.nlm.nih.gov/protein/ACK78842.1
RU820_RS06340	WP_201763905.1	B1无行	AFE_1369	旧AFE候选涉及split/merge或注释边界变化，待人工复核	否	原始GCA AFE_1369 (ACK78842.1) 同链坐标重叠 471 bp；identity=0.9936, aa=156, 当前覆盖=1.0000, 旧覆盖=0.6023	NCBI RefSeq GCF_049532655.1: https://www.ncbi.nlm.nih.gov/datasets/genome/GCF_049532655.1/; current WP WP_201763905.1: https://www.ncbi.nlm.nih.gov/protein/WP_201763905.1; old RefSeq GCF_000021485.1: https://www.ncbi.nlm.nih.gov/datasets/genome/GCF_000021485.1/; old RefSeq WP WP_201763905.1: https://www.ncbi.nlm.nih.gov/protein/WP_201763905.1; original GenBank GCA_000021485.1 GFF/protein: https://www.ncbi.nlm.nih.gov/datasets/genome/GCA_000021485.1/; ACK78842.1: https://www.ncbi.nlm.nih.gov/protein/ACK78842.1; ACK80448.1: https://www.ncbi.nlm.nih.gov/protein/ACK80448.1
RU820_RS06390	WP_158303823.1	B1无行	无	旧基因组同源基因无旧AFE_xxxx标签；按工作定义纳入母表	是	邻域核验：是：top候选在锚定区间；AFE_RS16340[old=空]；identity=1.0000，较短覆盖=1.0000，当前覆盖=1.0000，旧序列覆盖=1.0000。旧2025 GFF已有同源蛋白注释，但无法关联任何旧AFE_xxxx，故按本项目身份定义列入母表；不表示生物学上新出现。	NCBI RefSeq GCF_049532655.1: https://www.ncbi.nlm.nih.gov/datasets/genome/GCF_049532655.1/; current WP WP_158303823.1: https://www.ncbi.nlm.nih.gov/protein/WP_158303823.1; old RefSeq GCF_000021485.1: https://www.ncbi.nlm.nih.gov/datasets/genome/GCF_000021485.1/; old RefSeq WP WP_158303823.1: https://www.ncbi.nlm.nih.gov/protein/WP_158303823.1; original GenBank GCA_000021485.1 GFF/protein: https://www.ncbi.nlm.nih.gov/datasets/genome/GCA_000021485.1/; ACK78034.1: https://www.ncbi.nlm.nih.gov/protein/ACK78034.1; ACK79250.1: https://www.ncbi.nlm.nih.gov/protein/ACK79250.1; ACK80381.1: https://www.ncbi.nlm.nih.gov/protein/ACK80381.1
RU820_RS06415	WP_236608982.1	B1无行	无	旧基因组同源基因无旧AFE_xxxx标签；按工作定义纳入母表	是	邻域核验：是：top候选在锚定区间；AFE_RS16745[old=空]；identity=1.0000，较短覆盖=1.0000，当前覆盖=1.0000，旧序列覆盖=1.0000。旧2025 GFF已有同源蛋白注释，但无法关联任何旧AFE_xxxx，故按本项目身份定义列入母表；不表示生物学上新出现。	NCBI RefSeq GCF_049532655.1: https://www.ncbi.nlm.nih.gov/datasets/genome/GCF_049532655.1/; current WP WP_236608982.1: https://www.ncbi.nlm.nih.gov/protein/WP_236608982.1; old RefSeq GCF_000021485.1: https://www.ncbi.nlm.nih.gov/datasets/genome/GCF_000021485.1/; old RefSeq WP WP_236608982.1: https://www.ncbi.nlm.nih.gov/protein/WP_236608982.1; original GenBank GCA_000021485.1 GFF/protein: https://www.ncbi.nlm.nih.gov/datasets/genome/GCA_000021485.1/; ACK80413.1: https://www.ncbi.nlm.nih.gov/protein/ACK80413.1
RU820_RS06550	WP_009569579.1	B1无行	无	旧基因组同源基因无旧AFE_xxxx标签；按工作定义纳入母表	是	邻域核验：是：top候选在锚定区间；AFE_RS16455[old=空]；identity=1.0000，较短覆盖=1.0000，当前覆盖=1.0000，旧序列覆盖=1.0000。旧2025 GFF已有同源蛋白注释，但无法关联任何旧AFE_xxxx，故按本项目身份定义列入母表；不表示生物学上新出现。	NCBI RefSeq GCF_049532655.1: https://www.ncbi.nlm.nih.gov/datasets/genome/GCF_049532655.1/; current WP WP_009569579.1: https://www.ncbi.nlm.nih.gov/protein/WP_009569579.1; old RefSeq GCF_000021485.1: https://www.ncbi.nlm.nih.gov/datasets/genome/GCF_000021485.1/; old RefSeq WP WP_009569579.1: https://www.ncbi.nlm.nih.gov/protein/WP_009569579.1; original GenBank GCA_000021485.1 GFF/protein: https://www.ncbi.nlm.nih.gov/datasets/genome/GCA_000021485.1/; ACK78421.1: https://www.ncbi.nlm.nih.gov/protein/ACK78421.1; ACK79206.1: https://www.ncbi.nlm.nih.gov/protein/ACK79206.1
RU820_RS06570	WP_009562915.1	B1无行	AFE_1419	旧AFE候选涉及split/merge或注释边界变化，待人工复核	否	原始GCA AFE_1419 (ACK80322.1) 同链坐标重叠 213 bp；identity=1.0000, aa=70, 当前覆盖=1.0000, 旧覆盖=0.6422	NCBI RefSeq GCF_049532655.1: https://www.ncbi.nlm.nih.gov/datasets/genome/GCF_049532655.1/; current WP WP_009562915.1: https://www.ncbi.nlm.nih.gov/protein/WP_009562915.1; old RefSeq GCF_000021485.1: https://www.ncbi.nlm.nih.gov/datasets/genome/GCF_000021485.1/; old RefSeq WP WP_009562915.1: https://www.ncbi.nlm.nih.gov/protein/WP_009562915.1; original GenBank GCA_000021485.1 GFF/protein: https://www.ncbi.nlm.nih.gov/datasets/genome/GCA_000021485.1/; ACK80322.1: https://www.ncbi.nlm.nih.gov/protein/ACK80322.1
RU820_RS06585	WP_009568482.1	B1无行	无	旧基因组同源基因无旧AFE_xxxx标签；按工作定义纳入母表	是	邻域核验：是：top候选在锚定区间；AFE_RS06655[old=空]；identity=1.0000，较短覆盖=1.0000，当前覆盖=1.0000，旧序列覆盖=1.0000。旧2025 GFF已有同源蛋白注释，但无法关联任何旧AFE_xxxx，故按本项目身份定义列入母表；不表示生物学上新出现。	NCBI RefSeq GCF_049532655.1: https://www.ncbi.nlm.nih.gov/datasets/genome/GCF_049532655.1/; current WP WP_009568482.1: https://www.ncbi.nlm.nih.gov/protein/WP_009568482.1; old RefSeq GCF_000021485.1: https://www.ncbi.nlm.nih.gov/datasets/genome/GCF_000021485.1/; old RefSeq WP WP_009568482.1: https://www.ncbi.nlm.nih.gov/protein/WP_009568482.1; original GenBank GCA_000021485.1 GFF/protein: https://www.ncbi.nlm.nih.gov/datasets/genome/GCA_000021485.1/; ACK78022.1: https://www.ncbi.nlm.nih.gov/protein/ACK78022.1; ACK78576.1: https://www.ncbi.nlm.nih.gov/protein/ACK78576.1
RU820_RS06635	WP_229129792.1	B1无行	AFE_1435	重新识别为原始GCA旧AFE基因对应	否	原始GCA AFE_1435 (ACK78036.1) 与旧GCF同坐标投射重叠 1329 bp，占较短CDS大部；identity=0.9977, aa=442, 双向coverage=0.9286/1.0000	NCBI RefSeq GCF_049532655.1: https://www.ncbi.nlm.nih.gov/datasets/genome/GCF_049532655.1/; current WP WP_229129792.1: https://www.ncbi.nlm.nih.gov/protein/WP_229129792.1; old RefSeq GCF_000021485.1: https://www.ncbi.nlm.nih.gov/datasets/genome/GCF_000021485.1/; old RefSeq WP WP_012536514.1: https://www.ncbi.nlm.nih.gov/protein/WP_012536514.1; original GenBank GCA_000021485.1 GFF/protein: https://www.ncbi.nlm.nih.gov/datasets/genome/GCA_000021485.1/; ACK78036.1: https://www.ncbi.nlm.nih.gov/protein/ACK78036.1
RU820_RS06660	WP_206382835.1	B1无行	AFE_1440	重新识别为原始GCA旧AFE基因对应	否	原始GCA AFE_1440 (ACK79993.1) 与旧GCF同坐标投射重叠 714 bp，占较短CDS大部；identity=0.9958, aa=237, 双向coverage=1.0000/1.0000	NCBI RefSeq GCF_049532655.1: https://www.ncbi.nlm.nih.gov/datasets/genome/GCF_049532655.1/; current WP WP_206382835.1: https://www.ncbi.nlm.nih.gov/protein/WP_206382835.1; old RefSeq GCF_000021485.1: https://www.ncbi.nlm.nih.gov/datasets/genome/GCF_000021485.1/; old RefSeq WP WP_012536519.1: https://www.ncbi.nlm.nih.gov/protein/WP_012536519.1; original GenBank GCA_000021485.1 GFF/protein: https://www.ncbi.nlm.nih.gov/datasets/genome/GCA_000021485.1/; ACK79993.1: https://www.ncbi.nlm.nih.gov/protein/ACK79993.1
RU820_RS06885	WP_225487435.1	B1无行	无	旧基因组同源基因无旧AFE_xxxx标签；按工作定义纳入母表	是	邻域核验：是：top候选在锚定区间；AFE_RS16750[old=空]；identity=1.0000，较短覆盖=1.0000，当前覆盖=1.0000，旧序列覆盖=1.0000。旧2025 GFF已有同源蛋白注释，但无法关联任何旧AFE_xxxx，故按本项目身份定义列入母表；不表示生物学上新出现。	NCBI RefSeq GCF_049532655.1: https://www.ncbi.nlm.nih.gov/datasets/genome/GCF_049532655.1/; current WP WP_225487435.1: https://www.ncbi.nlm.nih.gov/protein/WP_225487435.1; old RefSeq GCF_000021485.1: https://www.ncbi.nlm.nih.gov/datasets/genome/GCF_000021485.1/; old RefSeq WP WP_225487435.1: https://www.ncbi.nlm.nih.gov/protein/WP_225487435.1; original GenBank GCA_000021485.1 GFF/protein: https://www.ncbi.nlm.nih.gov/datasets/genome/GCA_000021485.1/; ACK78007.1: https://www.ncbi.nlm.nih.gov/protein/ACK78007.1; ACK80028.1: https://www.ncbi.nlm.nih.gov/protein/ACK80028.1
RU820_RS06890	WP_225487436.1	B1无行	AFE_1487	旧AFE候选涉及split/merge或注释边界变化，待人工复核	否	原始GCA AFE_1487 (ACK78007.1) 同链坐标重叠 327 bp；identity=1.0000, aa=108, 当前覆盖=1.0000, 旧覆盖=0.4426	NCBI RefSeq GCF_049532655.1: https://www.ncbi.nlm.nih.gov/datasets/genome/GCF_049532655.1/; current WP WP_225487436.1: https://www.ncbi.nlm.nih.gov/protein/WP_225487436.1; old RefSeq GCF_000021485.1: https://www.ncbi.nlm.nih.gov/datasets/genome/GCF_000021485.1/; old RefSeq WP WP_225487436.1: https://www.ncbi.nlm.nih.gov/protein/WP_225487436.1; original GenBank GCA_000021485.1 GFF/protein: https://www.ncbi.nlm.nih.gov/datasets/genome/GCA_000021485.1/; ACK78007.1: https://www.ncbi.nlm.nih.gov/protein/ACK78007.1
RU820_RS07160	WP_012536593.1	B1无行	AFE_1543	重新识别为原始GCA旧AFE基因对应	否	原始GCA AFE_1543 (ACK79515.1) 与旧GCF同坐标投射重叠 828 bp，占较短CDS大部；identity=1.0000, aa=275, 双向coverage=1.0000/1.0000	NCBI RefSeq GCF_049532655.1: https://www.ncbi.nlm.nih.gov/datasets/genome/GCF_049532655.1/; current WP WP_012536593.1: https://www.ncbi.nlm.nih.gov/protein/WP_012536593.1; old RefSeq GCF_000021485.1: https://www.ncbi.nlm.nih.gov/datasets/genome/GCF_000021485.1/; old RefSeq WP WP_230959347.1: https://www.ncbi.nlm.nih.gov/protein/WP_230959347.1; original GenBank GCA_000021485.1 GFF/protein: https://www.ncbi.nlm.nih.gov/datasets/genome/GCA_000021485.1/; ACK79515.1: https://www.ncbi.nlm.nih.gov/protein/ACK79515.1
RU820_RS07230	WP_257248164.1	B1无行	无	旧基因组同源基因无旧AFE_xxxx标签；按工作定义纳入母表	是	邻域核验：是：top候选在锚定区间；AFE_RS16920[old=空]；identity=1.0000，较短覆盖=1.0000，当前覆盖=1.0000，旧序列覆盖=1.0000。旧2025 GFF已有同源蛋白注释，但无法关联任何旧AFE_xxxx，故按本项目身份定义列入母表；不表示生物学上新出现。	NCBI RefSeq GCF_049532655.1: https://www.ncbi.nlm.nih.gov/datasets/genome/GCF_049532655.1/; current WP WP_257248164.1: https://www.ncbi.nlm.nih.gov/protein/WP_257248164.1; old RefSeq GCF_000021485.1: https://www.ncbi.nlm.nih.gov/datasets/genome/GCF_000021485.1/; old RefSeq WP WP_257248164.1: https://www.ncbi.nlm.nih.gov/protein/WP_257248164.1; original GenBank GCA_000021485.1 GFF/protein: https://www.ncbi.nlm.nih.gov/datasets/genome/GCA_000021485.1/; ACK79862.1: https://www.ncbi.nlm.nih.gov/protein/ACK79862.1; ACK80874.1: https://www.ncbi.nlm.nih.gov/protein/ACK80874.1
RU820_RS07300	WP_041645816.1	B1无行	无	旧基因组同源基因无旧AFE_xxxx标签；按工作定义纳入母表	是	邻域核验：是：top候选在锚定区间；AFE_RS07350[old=空]；identity=1.0000，较短覆盖=1.0000，当前覆盖=1.0000，旧序列覆盖=1.0000。旧2025 GFF已有同源蛋白注释，但无法关联任何旧AFE_xxxx，故按本项目身份定义列入母表；不表示生物学上新出现。	NCBI RefSeq GCF_049532655.1: https://www.ncbi.nlm.nih.gov/datasets/genome/GCF_049532655.1/; current WP WP_041645816.1: https://www.ncbi.nlm.nih.gov/protein/WP_041645816.1; old RefSeq GCF_000021485.1: https://www.ncbi.nlm.nih.gov/datasets/genome/GCF_000021485.1/; old RefSeq WP WP_041645816.1: https://www.ncbi.nlm.nih.gov/protein/WP_041645816.1; original GenBank GCA_000021485.1 GFF/protein: https://www.ncbi.nlm.nih.gov/datasets/genome/GCA_000021485.1/; ACK78141.1: https://www.ncbi.nlm.nih.gov/protein/ACK78141.1; ACK79022.1: https://www.ncbi.nlm.nih.gov/protein/ACK79022.1; ACK80122.1: https://www.ncbi.nlm.nih.gov/protein/ACK80122.1
RU820_RS07405	WP_146778652.1	B1无行	无	旧基因组同源基因无旧AFE_xxxx标签；按工作定义纳入母表	是	邻域核验：是：top候选在锚定区间；AFE_RS07435[old=空]；identity=1.0000，较短覆盖=1.0000，当前覆盖=1.0000，旧序列覆盖=1.0000。旧2025 GFF已有同源蛋白注释，但无法关联任何旧AFE_xxxx，故按本项目身份定义列入母表；不表示生物学上新出现。	NCBI RefSeq GCF_049532655.1: https://www.ncbi.nlm.nih.gov/datasets/genome/GCF_049532655.1/; current WP WP_146778652.1: https://www.ncbi.nlm.nih.gov/protein/WP_146778652.1; old RefSeq GCF_000021485.1: https://www.ncbi.nlm.nih.gov/datasets/genome/GCF_000021485.1/; old RefSeq WP WP_146778652.1: https://www.ncbi.nlm.nih.gov/protein/WP_146778652.1; original GenBank GCA_000021485.1 GFF/protein: https://www.ncbi.nlm.nih.gov/datasets/genome/GCA_000021485.1/; ACK78210.1: https://www.ncbi.nlm.nih.gov/protein/ACK78210.1; ACK78562.1: https://www.ncbi.nlm.nih.gov/protein/ACK78562.1; ACK78860.1: https://www.ncbi.nlm.nih.gov/protein/ACK78860.1; ACK79312.1: https://www.ncbi.nlm.nih.gov/protein/ACK79312.1; ACK80616.1: https://www.ncbi.nlm.nih.gov/protein/ACK80616.1
RU820_RS07410	WP_041645825.1	B1无行	无	旧基因组同源基因无旧AFE_xxxx标签；按工作定义纳入母表	是	邻域核验：是：top候选在锚定区间；AFE_RS07440[old=空]；identity=1.0000，较短覆盖=1.0000，当前覆盖=1.0000，旧序列覆盖=1.0000。旧2025 GFF已有同源蛋白注释，但无法关联任何旧AFE_xxxx，故按本项目身份定义列入母表；不表示生物学上新出现。	NCBI RefSeq GCF_049532655.1: https://www.ncbi.nlm.nih.gov/datasets/genome/GCF_049532655.1/; current WP WP_041645825.1: https://www.ncbi.nlm.nih.gov/protein/WP_041645825.1; old RefSeq GCF_000021485.1: https://www.ncbi.nlm.nih.gov/datasets/genome/GCF_000021485.1/; old RefSeq WP WP_041645825.1: https://www.ncbi.nlm.nih.gov/protein/WP_041645825.1; original GenBank GCA_000021485.1 GFF/protein: https://www.ncbi.nlm.nih.gov/datasets/genome/GCA_000021485.1/; ACK78562.1: https://www.ncbi.nlm.nih.gov/protein/ACK78562.1; ACK78855.1: https://www.ncbi.nlm.nih.gov/protein/ACK78855.1; ACK78860.1: https://www.ncbi.nlm.nih.gov/protein/ACK78860.1; ACK79526.1: https://www.ncbi.nlm.nih.gov/protein/ACK79526.1; ACK80616.1: https://www.ncbi.nlm.nih.gov/protein/ACK80616.1
RU820_RS07465	WP_009566507.1	B1无行	无	旧基因组同源基因无旧AFE_xxxx标签；按工作定义纳入母表	是	邻域核验：是：top候选在锚定区间；AFE_RS17085[old=空]；identity=1.0000，较短覆盖=1.0000，当前覆盖=1.0000，旧序列覆盖=1.0000。旧2025 GFF已有同源蛋白注释，但无法关联任何旧AFE_xxxx，故按本项目身份定义列入母表；不表示生物学上新出现。	NCBI RefSeq GCF_049532655.1: https://www.ncbi.nlm.nih.gov/datasets/genome/GCF_049532655.1/; current WP WP_009566507.1: https://www.ncbi.nlm.nih.gov/protein/WP_009566507.1; old RefSeq GCF_000021485.1: https://www.ncbi.nlm.nih.gov/datasets/genome/GCF_000021485.1/; old RefSeq WP WP_009566507.1: https://www.ncbi.nlm.nih.gov/protein/WP_009566507.1; original GenBank GCA_000021485.1 GFF/protein: https://www.ncbi.nlm.nih.gov/datasets/genome/GCA_000021485.1/; ACK78114.1: https://www.ncbi.nlm.nih.gov/protein/ACK78114.1
RU820_RS07510	WP_041647340.1	B1无行	AFE_1625	旧AFE候选涉及split/merge或注释边界变化，待人工复核	否	原始GCA AFE_1625 (ACK78080.1) 同链坐标重叠 645 bp；identity=1.0000, aa=214, 当前覆盖=0.8392, 旧覆盖=1.0000	NCBI RefSeq GCF_049532655.1: https://www.ncbi.nlm.nih.gov/datasets/genome/GCF_049532655.1/; current WP WP_041647340.1: https://www.ncbi.nlm.nih.gov/protein/WP_041647340.1; old RefSeq GCF_000021485.1: https://www.ncbi.nlm.nih.gov/datasets/genome/GCF_000021485.1/; old RefSeq WP WP_009569008.1: https://www.ncbi.nlm.nih.gov/protein/WP_009569008.1; original GenBank GCA_000021485.1 GFF/protein: https://www.ncbi.nlm.nih.gov/datasets/genome/GCA_000021485.1/; ACK78080.1: https://www.ncbi.nlm.nih.gov/protein/ACK78080.1; ACK80179.1: https://www.ncbi.nlm.nih.gov/protein/ACK80179.1
RU820_RS07540	WP_041645837.1	B1无行	无	旧基因组同源基因无旧AFE_xxxx标签；按工作定义纳入母表	是	邻域核验：是：top候选在锚定区间；AFE_RS07570[old=空]；identity=1.0000，较短覆盖=1.0000，当前覆盖=1.0000，旧序列覆盖=1.0000。旧2025 GFF已有同源蛋白注释，但无法关联任何旧AFE_xxxx，故按本项目身份定义列入母表；不表示生物学上新出现。	NCBI RefSeq GCF_049532655.1: https://www.ncbi.nlm.nih.gov/datasets/genome/GCF_049532655.1/; current WP WP_041645837.1: https://www.ncbi.nlm.nih.gov/protein/WP_041645837.1; old RefSeq GCF_000021485.1: https://www.ncbi.nlm.nih.gov/datasets/genome/GCF_000021485.1/; old RefSeq WP WP_041645837.1: https://www.ncbi.nlm.nih.gov/protein/WP_041645837.1; original GenBank GCA_000021485.1 GFF/protein: https://www.ncbi.nlm.nih.gov/datasets/genome/GCA_000021485.1/; ACK80081.1: https://www.ncbi.nlm.nih.gov/protein/ACK80081.1; ACK80251.1: https://www.ncbi.nlm.nih.gov/protein/ACK80251.1; ACK80865.1: https://www.ncbi.nlm.nih.gov/protein/ACK80865.1
RU820_RS07820	WP_041647345.1	B1无行	AFE_1692	重新识别为原始GCA旧AFE基因对应	否	原始GCA AFE_1692 (ACK78724.1) 与旧GCF同坐标投射重叠 999 bp，占较短CDS大部；identity=1.0000, aa=308, 双向coverage=1.0000/0.9277	NCBI RefSeq GCF_049532655.1: https://www.ncbi.nlm.nih.gov/datasets/genome/GCF_049532655.1/; current WP WP_041647345.1: https://www.ncbi.nlm.nih.gov/protein/WP_041647345.1; old RefSeq GCF_000021485.1: https://www.ncbi.nlm.nih.gov/datasets/genome/GCF_000021485.1/; old RefSeq WP WP_232027572.1: https://www.ncbi.nlm.nih.gov/protein/WP_232027572.1; original GenBank GCA_000021485.1 GFF/protein: https://www.ncbi.nlm.nih.gov/datasets/genome/GCA_000021485.1/; ACK78724.1: https://www.ncbi.nlm.nih.gov/protein/ACK78724.1
RU820_RS07850	WP_009566320.1	B1无行	无	旧基因组同源基因无旧AFE_xxxx标签；按工作定义纳入母表	是	邻域核验：是：top候选在锚定区间；AFE_RS07890[old=空]；identity=1.0000，较短覆盖=1.0000，当前覆盖=1.0000，旧序列覆盖=1.0000。旧2025 GFF已有同源蛋白注释，但无法关联任何旧AFE_xxxx，故按本项目身份定义列入母表；不表示生物学上新出现。	NCBI RefSeq GCF_049532655.1: https://www.ncbi.nlm.nih.gov/datasets/genome/GCF_049532655.1/; current WP WP_009566320.1: https://www.ncbi.nlm.nih.gov/protein/WP_009566320.1; old RefSeq GCF_000021485.1: https://www.ncbi.nlm.nih.gov/datasets/genome/GCF_000021485.1/; old RefSeq WP WP_009566320.1: https://www.ncbi.nlm.nih.gov/protein/WP_009566320.1; original GenBank GCA_000021485.1 GFF/protein: https://www.ncbi.nlm.nih.gov/datasets/genome/GCA_000021485.1/; ACK80387.1: https://www.ncbi.nlm.nih.gov/protein/ACK80387.1; ACK80936.1: https://www.ncbi.nlm.nih.gov/protein/ACK80936.1
RU820_RS07875	WP_113527130.1	B1无行	无	旧基因组同源基因无旧AFE_xxxx标签；按工作定义纳入母表	是	邻域核验：是：top候选在锚定区间；AFE_RS16350[old=空]；identity=1.0000，较短覆盖=1.0000，当前覆盖=1.0000，旧序列覆盖=1.0000。旧2025 GFF已有同源蛋白注释，但无法关联任何旧AFE_xxxx，故按本项目身份定义列入母表；不表示生物学上新出现。	NCBI RefSeq GCF_049532655.1: https://www.ncbi.nlm.nih.gov/datasets/genome/GCF_049532655.1/; current WP WP_113527130.1: https://www.ncbi.nlm.nih.gov/protein/WP_113527130.1; old RefSeq GCF_000021485.1: https://www.ncbi.nlm.nih.gov/datasets/genome/GCF_000021485.1/; old RefSeq WP WP_113527130.1: https://www.ncbi.nlm.nih.gov/protein/WP_113527130.1; original GenBank GCA_000021485.1 GFF/protein: https://www.ncbi.nlm.nih.gov/datasets/genome/GCA_000021485.1/; ACK78420.1: https://www.ncbi.nlm.nih.gov/protein/ACK78420.1; ACK78851.1: https://www.ncbi.nlm.nih.gov/protein/ACK78851.1; ACK79393.1: https://www.ncbi.nlm.nih.gov/protein/ACK79393.1; ACK79546.1: https://www.ncbi.nlm.nih.gov/protein/ACK79546.1; ACK80653.1: https://www.ncbi.nlm.nih.gov/protein/ACK80653.1
RU820_RS07885	WP_012607185.1	未映射/未确定	AFE_1706	重新识别为原始GCA旧AFE基因对应	否	原始GCA AFE_1706 (ACK80306.1) 与旧GCF同坐标投射重叠 1638 bp，占较短CDS大部；identity=1.0000, aa=545, 双向coverage=1.0000/1.0000	NCBI RefSeq GCF_049532655.1: https://www.ncbi.nlm.nih.gov/datasets/genome/GCF_049532655.1/; current WP WP_012607185.1: https://www.ncbi.nlm.nih.gov/protein/WP_012607185.1; old RefSeq GCF_000021485.1: https://www.ncbi.nlm.nih.gov/datasets/genome/GCF_000021485.1/; old RefSeq WP WP_012607185.1: https://www.ncbi.nlm.nih.gov/protein/WP_012607185.1; original GenBank GCA_000021485.1 GFF/protein: https://www.ncbi.nlm.nih.gov/datasets/genome/GCA_000021485.1/; ACK78138.1: https://www.ncbi.nlm.nih.gov/protein/ACK78138.1; ACK78851.1: https://www.ncbi.nlm.nih.gov/protein/ACK78851.1; ACK79362.1: https://www.ncbi.nlm.nih.gov/protein/ACK79362.1; ACK79393.1: https://www.ncbi.nlm.nih.gov/protein/ACK79393.1; ACK79546.1: https://www.ncbi.nlm.nih.gov/protein/ACK79546.1; ACK80306.1: https://www.ncbi.nlm.nih.gov/protein/ACK80306.1; ACK80340.1: https://www.ncbi.nlm.nih.gov/protein/ACK80340.1
RU820_RS07890	WP_009569019.1	未映射/未确定	AFE_1708	重新识别为原始GCA旧AFE基因对应	否	原始GCA AFE_1708 (ACK79393.1) 与旧GCF同坐标投射重叠 348 bp，占较短CDS大部；identity=1.0000, aa=115, 双向coverage=1.0000/1.0000	NCBI RefSeq GCF_049532655.1: https://www.ncbi.nlm.nih.gov/datasets/genome/GCF_049532655.1/; current WP WP_009569019.1: https://www.ncbi.nlm.nih.gov/protein/WP_009569019.1; old RefSeq GCF_000021485.1: https://www.ncbi.nlm.nih.gov/datasets/genome/GCF_000021485.1/; old RefSeq WP WP_009569019.1: https://www.ncbi.nlm.nih.gov/protein/WP_009569019.1; original GenBank GCA_000021485.1 GFF/protein: https://www.ncbi.nlm.nih.gov/datasets/genome/GCA_000021485.1/; ACK78420.1: https://www.ncbi.nlm.nih.gov/protein/ACK78420.1; ACK79362.1: https://www.ncbi.nlm.nih.gov/protein/ACK79362.1; ACK79393.1: https://www.ncbi.nlm.nih.gov/protein/ACK79393.1; ACK79546.1: https://www.ncbi.nlm.nih.gov/protein/ACK79546.1; ACK80306.1: https://www.ncbi.nlm.nih.gov/protein/ACK80306.1; ACK80340.1: https://www.ncbi.nlm.nih.gov/protein/ACK80340.1
RU820_RS07895	WP_012536651.1	未映射/未确定	AFE_1709	重新识别为原始GCA旧AFE基因对应	否	原始GCA AFE_1709 (ACK80340.1) 与旧GCF同坐标投射重叠 333 bp，占较短CDS大部；identity=1.0000, aa=110, 双向coverage=1.0000/1.0000	NCBI RefSeq GCF_049532655.1: https://www.ncbi.nlm.nih.gov/datasets/genome/GCF_049532655.1/; current WP WP_012536651.1: https://www.ncbi.nlm.nih.gov/protein/WP_012536651.1; old RefSeq GCF_000021485.1: https://www.ncbi.nlm.nih.gov/datasets/genome/GCF_000021485.1/; old RefSeq WP WP_012536651.1: https://www.ncbi.nlm.nih.gov/protein/WP_012536651.1; original GenBank GCA_000021485.1 GFF/protein: https://www.ncbi.nlm.nih.gov/datasets/genome/GCA_000021485.1/; ACK78420.1: https://www.ncbi.nlm.nih.gov/protein/ACK78420.1; ACK79393.1: https://www.ncbi.nlm.nih.gov/protein/ACK79393.1; ACK80306.1: https://www.ncbi.nlm.nih.gov/protein/ACK80306.1; ACK80340.1: https://www.ncbi.nlm.nih.gov/protein/ACK80340.1
RU820_RS07975	WP_080513196.1	B1无行	AFE_1729	旧AFE候选涉及split/merge或注释边界变化，待人工复核	否	原始GCA AFE_1729 (ACK78676.1) 同链坐标重叠 132 bp；identity=0.9767, aa=43, 当前覆盖=0.6143, 旧覆盖=1.0000	NCBI RefSeq GCF_049532655.1: https://www.ncbi.nlm.nih.gov/datasets/genome/GCF_049532655.1/; current WP WP_080513196.1: https://www.ncbi.nlm.nih.gov/protein/WP_080513196.1; old RefSeq GCF_000021485.1: https://www.ncbi.nlm.nih.gov/datasets/genome/GCF_000021485.1/; old RefSeq WP WP_080513196.1: https://www.ncbi.nlm.nih.gov/protein/WP_080513196.1; original GenBank GCA_000021485.1 GFF/protein: https://www.ncbi.nlm.nih.gov/datasets/genome/GCA_000021485.1/; ACK78676.1: https://www.ncbi.nlm.nih.gov/protein/ACK78676.1; ACK80162.1: https://www.ncbi.nlm.nih.gov/protein/ACK80162.1
RU820_RS08005	WP_148208623.1	B1无行	无	旧基因组同源基因无旧AFE_xxxx标签；按工作定义纳入母表	是	邻域核验：是：top候选在锚定区间；AFE_RS08070[old=空]；identity=1.0000，较短覆盖=1.0000，当前覆盖=1.0000，旧序列覆盖=1.0000。旧2025 GFF已有同源蛋白注释，但无法关联任何旧AFE_xxxx，故按本项目身份定义列入母表；不表示生物学上新出现。	NCBI RefSeq GCF_049532655.1: https://www.ncbi.nlm.nih.gov/datasets/genome/GCF_049532655.1/; current WP WP_148208623.1: https://www.ncbi.nlm.nih.gov/protein/WP_148208623.1; old RefSeq GCF_000021485.1: https://www.ncbi.nlm.nih.gov/datasets/genome/GCF_000021485.1/; old RefSeq WP WP_148208623.1: https://www.ncbi.nlm.nih.gov/protein/WP_148208623.1; original GenBank GCA_000021485.1 GFF/protein: https://www.ncbi.nlm.nih.gov/datasets/genome/GCA_000021485.1/; ACK78347.1: https://www.ncbi.nlm.nih.gov/protein/ACK78347.1; ACK80268.1: https://www.ncbi.nlm.nih.gov/protein/ACK80268.1
RU820_RS08035	WP_009568528.1	B1无行	无	旧基因组同源基因无旧AFE_xxxx标签；按工作定义纳入母表	是	邻域核验：是：top候选在锚定区间；AFE_RS16780[old=空]；identity=1.0000，较短覆盖=1.0000，当前覆盖=1.0000，旧序列覆盖=1.0000。旧2025 GFF已有同源蛋白注释，但无法关联任何旧AFE_xxxx，故按本项目身份定义列入母表；不表示生物学上新出现。	NCBI RefSeq GCF_049532655.1: https://www.ncbi.nlm.nih.gov/datasets/genome/GCF_049532655.1/; current WP WP_009568528.1: https://www.ncbi.nlm.nih.gov/protein/WP_009568528.1; old RefSeq GCF_000021485.1: https://www.ncbi.nlm.nih.gov/datasets/genome/GCF_000021485.1/; old RefSeq WP WP_009568528.1: https://www.ncbi.nlm.nih.gov/protein/WP_009568528.1; original GenBank GCA_000021485.1 GFF/protein: https://www.ncbi.nlm.nih.gov/datasets/genome/GCA_000021485.1/; ACK79914.1: https://www.ncbi.nlm.nih.gov/protein/ACK79914.1; ACK80755.1: https://www.ncbi.nlm.nih.gov/protein/ACK80755.1
RU820_RS08050	WP_146778651.1	B1无行	无	旧基因组同源基因无旧AFE_xxxx标签；按工作定义纳入母表	是	邻域核验：是：top候选在锚定区间；AFE_RS08110[old=空]；identity=1.0000，较短覆盖=1.0000，当前覆盖=1.0000，旧序列覆盖=1.0000。旧2025 GFF已有同源蛋白注释，但无法关联任何旧AFE_xxxx，故按本项目身份定义列入母表；不表示生物学上新出现。	NCBI RefSeq GCF_049532655.1: https://www.ncbi.nlm.nih.gov/datasets/genome/GCF_049532655.1/; current WP WP_146778651.1: https://www.ncbi.nlm.nih.gov/protein/WP_146778651.1; old RefSeq GCF_000021485.1: https://www.ncbi.nlm.nih.gov/datasets/genome/GCF_000021485.1/; old RefSeq WP WP_146778651.1: https://www.ncbi.nlm.nih.gov/protein/WP_146778651.1; original GenBank GCA_000021485.1 GFF/protein: https://www.ncbi.nlm.nih.gov/datasets/genome/GCA_000021485.1/; ACK79016.1: https://www.ncbi.nlm.nih.gov/protein/ACK79016.1; ACK80539.1: https://www.ncbi.nlm.nih.gov/protein/ACK80539.1; ACK80785.1: https://www.ncbi.nlm.nih.gov/protein/ACK80785.1
RU820_RS08090	WP_169302907.1	B1无行	无	旧基因组同源基因无旧AFE_xxxx标签；按工作定义纳入母表	是	邻域核验：是：top候选在锚定区间；AFE_RS16515[old=空]；identity=1.0000，较短覆盖=1.0000，当前覆盖=1.0000，旧序列覆盖=1.0000。旧2025 GFF已有同源蛋白注释，但无法关联任何旧AFE_xxxx，故按本项目身份定义列入母表；不表示生物学上新出现。	NCBI RefSeq GCF_049532655.1: https://www.ncbi.nlm.nih.gov/datasets/genome/GCF_049532655.1/; current WP WP_169302907.1: https://www.ncbi.nlm.nih.gov/protein/WP_169302907.1; old RefSeq GCF_000021485.1: https://www.ncbi.nlm.nih.gov/datasets/genome/GCF_000021485.1/; old RefSeq WP WP_169302907.1: https://www.ncbi.nlm.nih.gov/protein/WP_169302907.1; original GenBank GCA_000021485.1 GFF/protein: https://www.ncbi.nlm.nih.gov/datasets/genome/GCA_000021485.1/; ACK78686.1: https://www.ncbi.nlm.nih.gov/protein/ACK78686.1; ACK80837.1: https://www.ncbi.nlm.nih.gov/protein/ACK80837.1
RU820_RS08135	WP_012536742.1	B1无行	无	旧基因组同源基因无旧AFE_xxxx标签；按工作定义纳入母表	是	邻域核验：是：top候选在锚定区间；AFE_RS08195[old=空]；identity=1.0000，较短覆盖=1.0000，当前覆盖=1.0000，旧序列覆盖=1.0000。旧2025 GFF已有同源蛋白注释，但无法关联任何旧AFE_xxxx，故按本项目身份定义列入母表；不表示生物学上新出现。	NCBI RefSeq GCF_049532655.1: https://www.ncbi.nlm.nih.gov/datasets/genome/GCF_049532655.1/; current WP WP_012536742.1: https://www.ncbi.nlm.nih.gov/protein/WP_012536742.1; old RefSeq GCF_000021485.1: https://www.ncbi.nlm.nih.gov/datasets/genome/GCF_000021485.1/; old RefSeq WP WP_012536742.1: https://www.ncbi.nlm.nih.gov/protein/WP_012536742.1; original GenBank GCA_000021485.1 GFF/protein: https://www.ncbi.nlm.nih.gov/datasets/genome/GCA_000021485.1/; ACK79011.1: https://www.ncbi.nlm.nih.gov/protein/ACK79011.1; ACK79123.1: https://www.ncbi.nlm.nih.gov/protein/ACK79123.1; ACK79392.1: https://www.ncbi.nlm.nih.gov/protein/ACK79392.1
RU820_RS08155	WP_012536745.1	B1无行	AFE_1772	重新识别为原始GCA旧AFE基因对应	否	原始GCA AFE_1772 (ACK79093.1) 与旧GCF同坐标投射重叠 612 bp，占较短CDS大部；identity=1.0000, aa=203, 双向coverage=1.0000/1.0000	NCBI RefSeq GCF_049532655.1: https://www.ncbi.nlm.nih.gov/datasets/genome/GCF_049532655.1/; current WP WP_012536745.1: https://www.ncbi.nlm.nih.gov/protein/WP_012536745.1; old RefSeq GCF_000021485.1: https://www.ncbi.nlm.nih.gov/datasets/genome/GCF_000021485.1/; old RefSeq WP WP_229129794.1: https://www.ncbi.nlm.nih.gov/protein/WP_229129794.1; original GenBank GCA_000021485.1 GFF/protein: https://www.ncbi.nlm.nih.gov/datasets/genome/GCA_000021485.1/; ACK79093.1: https://www.ncbi.nlm.nih.gov/protein/ACK79093.1; ACK80864.1: https://www.ncbi.nlm.nih.gov/protein/ACK80864.1
RU820_RS08160	WP_088775915.1	B1无行	AFE_2161	旧新关系待人工复核	否	邻域核验：否：top候选均在区间外；分类建议=待复核：序列候选均不在锚定区间，可能旁系同源/结构变化；top hit=WP_012537017.1 identity=0.2932，较短覆盖=0.7037，当前覆盖=0.7037，旧序列覆盖=0.2142；identity或任一侧覆盖未达90%，或出现重复拷贝/结构变化，未强制归类。	NCBI RefSeq GCF_049532655.1: https://www.ncbi.nlm.nih.gov/datasets/genome/GCF_049532655.1/; current WP WP_088775915.1: https://www.ncbi.nlm.nih.gov/protein/WP_088775915.1; old RefSeq GCF_000021485.1: https://www.ncbi.nlm.nih.gov/datasets/genome/GCF_000021485.1/; old RefSeq WP WP_012537017.1: https://www.ncbi.nlm.nih.gov/protein/WP_012537017.1; original GenBank GCA_000021485.1 GFF/protein: https://www.ncbi.nlm.nih.gov/datasets/genome/GCA_000021485.1/; ACK77913.1: https://www.ncbi.nlm.nih.gov/protein/ACK77913.1; ACK78979.1: https://www.ncbi.nlm.nih.gov/protein/ACK78979.1; ACK79093.1: https://www.ncbi.nlm.nih.gov/protein/ACK79093.1
RU820_RS08205	WP_012536753.1	B1无行	无	旧基因组同源基因无旧AFE_xxxx标签；按工作定义纳入母表	是	邻域核验：是：top候选在锚定区间；AFE_RS15680[old=空]；identity=1.0000，较短覆盖=1.0000，当前覆盖=1.0000，旧序列覆盖=1.0000。旧2025 GFF已有同源蛋白注释，但无法关联任何旧AFE_xxxx，故按本项目身份定义列入母表；不表示生物学上新出现。	NCBI RefSeq GCF_049532655.1: https://www.ncbi.nlm.nih.gov/datasets/genome/GCF_049532655.1/; current WP WP_012536753.1: https://www.ncbi.nlm.nih.gov/protein/WP_012536753.1; old RefSeq GCF_000021485.1: https://www.ncbi.nlm.nih.gov/datasets/genome/GCF_000021485.1/; old RefSeq WP WP_012536753.1: https://www.ncbi.nlm.nih.gov/protein/WP_012536753.1; original GenBank GCA_000021485.1 GFF/protein: https://www.ncbi.nlm.nih.gov/datasets/genome/GCA_000021485.1/; ACK79029.1: https://www.ncbi.nlm.nih.gov/protein/ACK79029.1; ACK79518.1: https://www.ncbi.nlm.nih.gov/protein/ACK79518.1
RU820_RS08275	WP_012536764.1	B1无行	无	旧基因组同源基因无旧AFE_xxxx标签；按工作定义纳入母表	是	邻域核验：是：top候选在锚定区间；AFE_RS08330[old=空]；identity=1.0000，较短覆盖=1.0000，当前覆盖=1.0000，旧序列覆盖=1.0000。旧2025 GFF已有同源蛋白注释，但无法关联任何旧AFE_xxxx，故按本项目身份定义列入母表；不表示生物学上新出现。	NCBI RefSeq GCF_049532655.1: https://www.ncbi.nlm.nih.gov/datasets/genome/GCF_049532655.1/; current WP WP_012536764.1: https://www.ncbi.nlm.nih.gov/protein/WP_012536764.1; old RefSeq GCF_000021485.1: https://www.ncbi.nlm.nih.gov/datasets/genome/GCF_000021485.1/; old RefSeq WP WP_012536764.1: https://www.ncbi.nlm.nih.gov/protein/WP_012536764.1; original GenBank GCA_000021485.1 GFF/protein: https://www.ncbi.nlm.nih.gov/datasets/genome/GCA_000021485.1/; ACK78656.1: https://www.ncbi.nlm.nih.gov/protein/ACK78656.1; ACK78662.1: https://www.ncbi.nlm.nih.gov/protein/ACK78662.1
RU820_RS08425	WP_012536786.1	B1无行	AFE_1828	重新识别为原始GCA旧AFE基因对应	否	原始GCA AFE_1828 (ACK80425.1) 与旧GCF同坐标投射重叠 549 bp，占较短CDS大部；identity=1.0000, aa=188, 双向coverage=1.0000/1.0000	NCBI RefSeq GCF_049532655.1: https://www.ncbi.nlm.nih.gov/datasets/genome/GCF_049532655.1/; current WP WP_012536786.1: https://www.ncbi.nlm.nih.gov/protein/WP_012536786.1; old RefSeq GCF_000021485.1: https://www.ncbi.nlm.nih.gov/datasets/genome/GCF_000021485.1/; old RefSeq WP WP_009565289.1: https://www.ncbi.nlm.nih.gov/protein/WP_009565289.1; original GenBank GCA_000021485.1 GFF/protein: https://www.ncbi.nlm.nih.gov/datasets/genome/GCA_000021485.1/; ACK79240.1: https://www.ncbi.nlm.nih.gov/protein/ACK79240.1; ACK80425.1: https://www.ncbi.nlm.nih.gov/protein/ACK80425.1
RU820_RS08470	WP_306674771.1	B1无行	AFE_1838	原始AFE序列命中但位置/覆盖关系冲突，待人工复核	否	原始GCA top=ACK80448.1 loci=AFE_1838; identity=0.9324, 双向coverage=1.0000/0.1529; 同位锚定未成立或存在长度差/旁系同源	NCBI RefSeq GCF_049532655.1: https://www.ncbi.nlm.nih.gov/datasets/genome/GCF_049532655.1/; current WP WP_306674771.1: https://www.ncbi.nlm.nih.gov/protein/WP_306674771.1; old RefSeq GCF_000021485.1: https://www.ncbi.nlm.nih.gov/datasets/genome/GCF_000021485.1/; old RefSeq WP WP_306674771.1: https://www.ncbi.nlm.nih.gov/protein/WP_306674771.1; original GenBank GCA_000021485.1 GFF/protein: https://www.ncbi.nlm.nih.gov/datasets/genome/GCA_000021485.1/; ACK79257.1: https://www.ncbi.nlm.nih.gov/protein/ACK79257.1; ACK80448.1: https://www.ncbi.nlm.nih.gov/protein/ACK80448.1
RU820_RS08480	WP_273699428.1	B1无行	无	旧基因组同源基因无旧AFE_xxxx标签；按工作定义纳入母表	是	邻域核验：是：top候选在锚定区间；AFE_RS17180[old=空]；identity=1.0000，较短覆盖=1.0000，当前覆盖=1.0000，旧序列覆盖=1.0000。旧2025 GFF已有同源蛋白注释，但无法关联任何旧AFE_xxxx，故按本项目身份定义列入母表；不表示生物学上新出现。	NCBI RefSeq GCF_049532655.1: https://www.ncbi.nlm.nih.gov/datasets/genome/GCF_049532655.1/; current WP WP_273699428.1: https://www.ncbi.nlm.nih.gov/protein/WP_273699428.1; old RefSeq GCF_000021485.1: https://www.ncbi.nlm.nih.gov/datasets/genome/GCF_000021485.1/; old RefSeq WP WP_273699428.1: https://www.ncbi.nlm.nih.gov/protein/WP_273699428.1; original GenBank GCA_000021485.1 GFF/protein: https://www.ncbi.nlm.nih.gov/datasets/genome/GCA_000021485.1/; ACK79257.1: https://www.ncbi.nlm.nih.gov/protein/ACK79257.1; ACK80448.1: https://www.ncbi.nlm.nih.gov/protein/ACK80448.1
RU820_RS08500	WP_012606582.1	多重候选	AFE_0550,AFE_1110,AFE_1142,AFE_1265,AFE_2432,AFE_2709,AFE_2972,AFE_3263	多个原始AFE候选，待人工复核	否	高相似原始AFE坐标候选=AFE_0550,AFE_1110,AFE_1142,AFE_1265,AFE_2432,AFE_2709,AFE_2972,AFE_3263，存在多对一/拆分关系	NCBI RefSeq GCF_049532655.1: https://www.ncbi.nlm.nih.gov/datasets/genome/GCF_049532655.1/; current WP WP_012606582.1: https://www.ncbi.nlm.nih.gov/protein/WP_012606582.1; old RefSeq GCF_000021485.1: https://www.ncbi.nlm.nih.gov/datasets/genome/GCF_000021485.1/; old RefSeq WP WP_012606582.1: https://www.ncbi.nlm.nih.gov/protein/WP_012606582.1; original GenBank GCA_000021485.1 GFF/protein: https://www.ncbi.nlm.nih.gov/datasets/genome/GCA_000021485.1/; ACK77962.1: https://www.ncbi.nlm.nih.gov/protein/ACK77962.1; ACK78329.1: https://www.ncbi.nlm.nih.gov/protein/ACK78329.1; ACK78827.1: https://www.ncbi.nlm.nih.gov/protein/ACK78827.1; ACK79267.1: https://www.ncbi.nlm.nih.gov/protein/ACK79267.1; ACK79585.1: https://www.ncbi.nlm.nih.gov/protein/ACK79585.1; ACK79643.1: https://www.ncbi.nlm.nih.gov/protein/ACK79643.1; ACK79916.1: https://www.ncbi.nlm.nih.gov/protein/ACK79916.1; ACK80266.1: https://www.ncbi.nlm.nih.gov/protein/ACK80266.1; ACK80502.1: https://www.ncbi.nlm.nih.gov/protein/ACK80502.1
RU820_RS08505	WP_012606582.1	多重候选	AFE_0550,AFE_1110,AFE_1142,AFE_1265,AFE_2432,AFE_2709,AFE_2972,AFE_3263	多个原始AFE候选，待人工复核	否	高相似原始AFE坐标候选=AFE_0550,AFE_1110,AFE_1142,AFE_1265,AFE_2432,AFE_2709,AFE_2972,AFE_3263，存在多对一/拆分关系	NCBI RefSeq GCF_049532655.1: https://www.ncbi.nlm.nih.gov/datasets/genome/GCF_049532655.1/; current WP WP_012606582.1: https://www.ncbi.nlm.nih.gov/protein/WP_012606582.1; old RefSeq GCF_000021485.1: https://www.ncbi.nlm.nih.gov/datasets/genome/GCF_000021485.1/; old RefSeq WP WP_012606582.1: https://www.ncbi.nlm.nih.gov/protein/WP_012606582.1; original GenBank GCA_000021485.1 GFF/protein: https://www.ncbi.nlm.nih.gov/datasets/genome/GCA_000021485.1/; ACK77962.1: https://www.ncbi.nlm.nih.gov/protein/ACK77962.1; ACK78329.1: https://www.ncbi.nlm.nih.gov/protein/ACK78329.1; ACK78827.1: https://www.ncbi.nlm.nih.gov/protein/ACK78827.1; ACK79267.1: https://www.ncbi.nlm.nih.gov/protein/ACK79267.1; ACK79585.1: https://www.ncbi.nlm.nih.gov/protein/ACK79585.1; ACK79643.1: https://www.ncbi.nlm.nih.gov/protein/ACK79643.1; ACK79916.1: https://www.ncbi.nlm.nih.gov/protein/ACK79916.1; ACK80266.1: https://www.ncbi.nlm.nih.gov/protein/ACK80266.1; ACK80502.1: https://www.ncbi.nlm.nih.gov/protein/ACK80502.1
RU820_RS08515	WP_225487659.1	B1无行	AFE_1844	旧AFE候选涉及split/merge或注释边界变化，待人工复核	否	原始GCA AFE_1844 (ACK79643.1) 同链坐标重叠 261 bp；identity=0.9884, aa=86, 当前覆盖=1.0000, 旧覆盖=0.4175	NCBI RefSeq GCF_049532655.1: https://www.ncbi.nlm.nih.gov/datasets/genome/GCF_049532655.1/; current WP WP_225487659.1: https://www.ncbi.nlm.nih.gov/protein/WP_225487659.1; old RefSeq GCF_000021485.1: https://www.ncbi.nlm.nih.gov/datasets/genome/GCF_000021485.1/; old RefSeq WP WP_225487659.1: https://www.ncbi.nlm.nih.gov/protein/WP_225487659.1; original GenBank GCA_000021485.1 GFF/protein: https://www.ncbi.nlm.nih.gov/datasets/genome/GCA_000021485.1/; ACK79643.1: https://www.ncbi.nlm.nih.gov/protein/ACK79643.1
RU820_RS08580	WP_146235805.1	B1无行	无	旧基因组同源基因无旧AFE_xxxx标签；按工作定义纳入母表	是	邻域核验：是：top候选在锚定区间；AFE_RS16110[old=空]；identity=1.0000，较短覆盖=1.0000，当前覆盖=1.0000，旧序列覆盖=1.0000。旧2025 GFF已有同源蛋白注释，但无法关联任何旧AFE_xxxx，故按本项目身份定义列入母表；不表示生物学上新出现。	NCBI RefSeq GCF_049532655.1: https://www.ncbi.nlm.nih.gov/datasets/genome/GCF_049532655.1/; current WP WP_146235805.1: https://www.ncbi.nlm.nih.gov/protein/WP_146235805.1; old RefSeq GCF_000021485.1: https://www.ncbi.nlm.nih.gov/datasets/genome/GCF_000021485.1/; old RefSeq WP WP_146235805.1: https://www.ncbi.nlm.nih.gov/protein/WP_146235805.1; original GenBank GCA_000021485.1 GFF/protein: https://www.ncbi.nlm.nih.gov/datasets/genome/GCA_000021485.1/; ACK79824.1: https://www.ncbi.nlm.nih.gov/protein/ACK79824.1; ACK80310.1: https://www.ncbi.nlm.nih.gov/protein/ACK80310.1
RU820_RS08640	WP_012536813.1	B1无行	AFE_1873	重新识别为原始GCA旧AFE基因对应	否	原始GCA AFE_1873 (ACK79911.1) 与旧GCF同坐标投射重叠 2628 bp，占较短CDS大部；identity=1.0000, aa=875, 双向coverage=1.0000/1.0000	NCBI RefSeq GCF_049532655.1: https://www.ncbi.nlm.nih.gov/datasets/genome/GCF_049532655.1/; current WP WP_012536813.1: https://www.ncbi.nlm.nih.gov/protein/WP_012536813.1; old RefSeq GCF_000021485.1: https://www.ncbi.nlm.nih.gov/datasets/genome/GCF_000021485.1/; old RefSeq WP WP_225487641.1: https://www.ncbi.nlm.nih.gov/protein/WP_225487641.1; original GenBank GCA_000021485.1 GFF/protein: https://www.ncbi.nlm.nih.gov/datasets/genome/GCA_000021485.1/; ACK78474.1: https://www.ncbi.nlm.nih.gov/protein/ACK78474.1; ACK79911.1: https://www.ncbi.nlm.nih.gov/protein/ACK79911.1
RU820_RS08655	WP_423364875.1	B1无行	AFE_1876	重新识别为原始GCA旧AFE基因对应	否	原始GCA AFE_1876 (ACK78923.1) 与旧GCF同坐标投射重叠 2106 bp，占较短CDS大部；identity=0.9986, aa=701, 双向coverage=1.0000/1.0000	NCBI RefSeq GCF_049532655.1: https://www.ncbi.nlm.nih.gov/datasets/genome/GCF_049532655.1/; current WP WP_423364875.1: https://www.ncbi.nlm.nih.gov/protein/WP_423364875.1; old RefSeq GCF_000021485.1: https://www.ncbi.nlm.nih.gov/datasets/genome/GCF_000021485.1/; old RefSeq WP WP_012536815.1: https://www.ncbi.nlm.nih.gov/protein/WP_012536815.1; original GenBank GCA_000021485.1 GFF/protein: https://www.ncbi.nlm.nih.gov/datasets/genome/GCA_000021485.1/; ACK78923.1: https://www.ncbi.nlm.nih.gov/protein/ACK78923.1; ACK79087.1: https://www.ncbi.nlm.nih.gov/protein/ACK79087.1
RU820_RS08720	WP_196491180.1	B1无行	AFE_1889	重新识别为原始GCA旧AFE基因对应	否	原始GCA AFE_1889 (ACK79361.1) 与旧GCF同坐标投射重叠 1296 bp，占较短CDS大部；identity=0.9977, aa=429, 双向coverage=1.0000/0.9954	NCBI RefSeq GCF_049532655.1: https://www.ncbi.nlm.nih.gov/datasets/genome/GCF_049532655.1/; current WP WP_196491180.1: https://www.ncbi.nlm.nih.gov/protein/WP_196491180.1; old RefSeq GCF_000021485.1: https://www.ncbi.nlm.nih.gov/datasets/genome/GCF_000021485.1/; old RefSeq WP WP_009562382.1: https://www.ncbi.nlm.nih.gov/protein/WP_009562382.1; original GenBank GCA_000021485.1 GFF/protein: https://www.ncbi.nlm.nih.gov/datasets/genome/GCA_000021485.1/; ACK79361.1: https://www.ncbi.nlm.nih.gov/protein/ACK79361.1
RU820_RS08750	WP_012536826.1	多重候选	AFE_1895	重新识别为原始GCA旧AFE基因对应	否	原始GCA AFE_1895 (ACK78997.1) 与旧GCF同坐标投射重叠 1029 bp，占较短CDS大部；identity=1.0000, aa=342, 双向coverage=1.0000/1.0000	NCBI RefSeq GCF_049532655.1: https://www.ncbi.nlm.nih.gov/datasets/genome/GCF_049532655.1/; current WP WP_012536826.1: https://www.ncbi.nlm.nih.gov/protein/WP_012536826.1; old RefSeq GCF_000021485.1: https://www.ncbi.nlm.nih.gov/datasets/genome/GCF_000021485.1/; old RefSeq WP WP_012536826.1: https://www.ncbi.nlm.nih.gov/protein/WP_012536826.1; original GenBank GCA_000021485.1 GFF/protein: https://www.ncbi.nlm.nih.gov/datasets/genome/GCA_000021485.1/; ACK78997.1: https://www.ncbi.nlm.nih.gov/protein/ACK78997.1
RU820_RS08865	WP_012536837.1	B1无行	AFE_1920	重新识别为原始GCA旧AFE基因对应	否	原始GCA AFE_1920 (ACK79227.1) 与旧GCF同坐标投射重叠 324 bp，占较短CDS大部；identity=1.0000, aa=107, 双向coverage=1.0000/1.0000	NCBI RefSeq GCF_049532655.1: https://www.ncbi.nlm.nih.gov/datasets/genome/GCF_049532655.1/; current WP WP_012536837.1: https://www.ncbi.nlm.nih.gov/protein/WP_012536837.1; old RefSeq GCF_000021485.1: https://www.ncbi.nlm.nih.gov/datasets/genome/GCF_000021485.1/; old RefSeq WP WP_233459568.1: https://www.ncbi.nlm.nih.gov/protein/WP_233459568.1; original GenBank GCA_000021485.1 GFF/protein: https://www.ncbi.nlm.nih.gov/datasets/genome/GCA_000021485.1/; ACK79172.1: https://www.ncbi.nlm.nih.gov/protein/ACK79172.1; ACK79227.1: https://www.ncbi.nlm.nih.gov/protein/ACK79227.1
RU820_RS09010	WP_146235859.1	B1无行	无	旧基因组同源基因无旧AFE_xxxx标签；按工作定义纳入母表	是	邻域核验：是：top候选在锚定区间；AFE_RS16115[old=空]；identity=1.0000，较短覆盖=1.0000，当前覆盖=1.0000，旧序列覆盖=1.0000。旧2025 GFF已有同源蛋白注释，但无法关联任何旧AFE_xxxx，故按本项目身份定义列入母表；不表示生物学上新出现。	NCBI RefSeq GCF_049532655.1: https://www.ncbi.nlm.nih.gov/datasets/genome/GCF_049532655.1/; current WP WP_146235859.1: https://www.ncbi.nlm.nih.gov/protein/WP_146235859.1; old RefSeq GCF_000021485.1: https://www.ncbi.nlm.nih.gov/datasets/genome/GCF_000021485.1/; old RefSeq WP WP_146235859.1: https://www.ncbi.nlm.nih.gov/protein/WP_146235859.1; original GenBank GCA_000021485.1 GFF/protein: https://www.ncbi.nlm.nih.gov/datasets/genome/GCA_000021485.1/; ACK79861.1: https://www.ncbi.nlm.nih.gov/protein/ACK79861.1; ACK80759.1: https://www.ncbi.nlm.nih.gov/protein/ACK80759.1
RU820_RS09070	WP_012536868.1	B1无行	AFE_1962	旧AFE候选涉及split/merge或注释边界变化，待人工复核	否	原始GCA AFE_1962 (ACK80437.1) 同链坐标重叠 276 bp；identity=0.9890, aa=91, 当前覆盖=0.5482, 旧覆盖=1.0000	NCBI RefSeq GCF_049532655.1: https://www.ncbi.nlm.nih.gov/datasets/genome/GCF_049532655.1/; current WP WP_012536868.1: https://www.ncbi.nlm.nih.gov/protein/WP_012536868.1; old RefSeq GCF_000021485.1: https://www.ncbi.nlm.nih.gov/datasets/genome/GCF_000021485.1/; old RefSeq WP WP_012536868.1: https://www.ncbi.nlm.nih.gov/protein/WP_012536868.1; original GenBank GCA_000021485.1 GFF/protein: https://www.ncbi.nlm.nih.gov/datasets/genome/GCA_000021485.1/; ACK79129.1: https://www.ncbi.nlm.nih.gov/protein/ACK79129.1; ACK80437.1: https://www.ncbi.nlm.nih.gov/protein/ACK80437.1; ACK80947.1: https://www.ncbi.nlm.nih.gov/protein/ACK80947.1
RU820_RS09075	WP_012536869.1	B1无行	无	旧基因组同源基因无旧AFE_xxxx标签；按工作定义纳入母表	是	邻域核验：是：top候选在锚定区间；AFE_RS09090[old=空]；identity=1.0000，较短覆盖=1.0000，当前覆盖=1.0000，旧序列覆盖=1.0000。旧2025 GFF已有同源蛋白注释，但无法关联任何旧AFE_xxxx，故按本项目身份定义列入母表；不表示生物学上新出现。	NCBI RefSeq GCF_049532655.1: https://www.ncbi.nlm.nih.gov/datasets/genome/GCF_049532655.1/; current WP WP_012536869.1: https://www.ncbi.nlm.nih.gov/protein/WP_012536869.1; old RefSeq GCF_000021485.1: https://www.ncbi.nlm.nih.gov/datasets/genome/GCF_000021485.1/; old RefSeq WP WP_012536869.1: https://www.ncbi.nlm.nih.gov/protein/WP_012536869.1; original GenBank GCA_000021485.1 GFF/protein: https://www.ncbi.nlm.nih.gov/datasets/genome/GCA_000021485.1/; ACK80622.1: https://www.ncbi.nlm.nih.gov/protein/ACK80622.1; ACK80947.1: https://www.ncbi.nlm.nih.gov/protein/ACK80947.1
RU820_RS09080	WP_225487040.1	B1无行	AFE_1964	重新识别为原始GCA旧AFE基因对应	否	原始GCA AFE_1964 (ACK79129.1) 与旧GCF同坐标投射重叠 1002 bp，占较短CDS大部；identity=0.9972, aa=362, 双向coverage=1.0000/0.9679	NCBI RefSeq GCF_049532655.1: https://www.ncbi.nlm.nih.gov/datasets/genome/GCF_049532655.1/; current WP WP_225487040.1: https://www.ncbi.nlm.nih.gov/protein/WP_225487040.1; old RefSeq GCF_000021485.1: https://www.ncbi.nlm.nih.gov/datasets/genome/GCF_000021485.1/; old RefSeq WP WP_236608963.1: https://www.ncbi.nlm.nih.gov/protein/WP_236608963.1; original GenBank GCA_000021485.1 GFF/protein: https://www.ncbi.nlm.nih.gov/datasets/genome/GCA_000021485.1/; ACK79129.1: https://www.ncbi.nlm.nih.gov/protein/ACK79129.1; ACK80437.1: https://www.ncbi.nlm.nih.gov/protein/ACK80437.1; ACK80947.1: https://www.ncbi.nlm.nih.gov/protein/ACK80947.1
RU820_RS09150	WP_230456301.1	B1无行	AFE_1978	旧AFE候选涉及split/merge或注释边界变化，待人工复核	否	原始GCA AFE_1978 (ACK78681.1) 同链坐标重叠 387 bp；identity=0.9922, aa=128, 当前覆盖=1.0000, 旧覆盖=0.4655	NCBI RefSeq GCF_049532655.1: https://www.ncbi.nlm.nih.gov/datasets/genome/GCF_049532655.1/; current WP WP_230456301.1: https://www.ncbi.nlm.nih.gov/protein/WP_230456301.1; old RefSeq GCF_000021485.1: https://www.ncbi.nlm.nih.gov/datasets/genome/GCF_000021485.1/; old RefSeq WP WP_230456301.1: https://www.ncbi.nlm.nih.gov/protein/WP_230456301.1; original GenBank GCA_000021485.1 GFF/protein: https://www.ncbi.nlm.nih.gov/datasets/genome/GCA_000021485.1/; ACK78681.1: https://www.ncbi.nlm.nih.gov/protein/ACK78681.1
RU820_RS09175	WP_012536887.1	B1无行	AFE_1985	重新识别为原始GCA旧AFE基因对应	否	原始GCA AFE_1985 (ACK78599.1) 位于两侧已确认旧AFE_RS锚点之间；identity=1.0000, aa=58, 双向coverage=1.0000/1.0000	NCBI RefSeq GCF_049532655.1: https://www.ncbi.nlm.nih.gov/datasets/genome/GCF_049532655.1/; current WP WP_012536887.1: https://www.ncbi.nlm.nih.gov/protein/WP_012536887.1; old RefSeq GCF_000021485.1: https://www.ncbi.nlm.nih.gov/datasets/genome/GCF_000021485.1/; old RefSeq WP WP_012536754.1: https://www.ncbi.nlm.nih.gov/protein/WP_012536754.1; original GenBank GCA_000021485.1 GFF/protein: https://www.ncbi.nlm.nih.gov/datasets/genome/GCA_000021485.1/; ACK78599.1: https://www.ncbi.nlm.nih.gov/protein/ACK78599.1; ACK78826.1: https://www.ncbi.nlm.nih.gov/protein/ACK78826.1
RU820_RS09255	WP_225487041.1	B1无行	无	旧基因组同源基因无旧AFE_xxxx标签；按工作定义纳入母表	是	邻域核验：是：top候选在锚定区间；AFE_RS09260[old=空]；identity=1.0000，较短覆盖=1.0000，当前覆盖=1.0000，旧序列覆盖=1.0000。旧2025 GFF已有同源蛋白注释，但无法关联任何旧AFE_xxxx，故按本项目身份定义列入母表；不表示生物学上新出现。	NCBI RefSeq GCF_049532655.1: https://www.ncbi.nlm.nih.gov/datasets/genome/GCF_049532655.1/; current WP WP_225487041.1: https://www.ncbi.nlm.nih.gov/protein/WP_225487041.1; old RefSeq GCF_000021485.1: https://www.ncbi.nlm.nih.gov/datasets/genome/GCF_000021485.1/; old RefSeq WP WP_225487041.1: https://www.ncbi.nlm.nih.gov/protein/WP_225487041.1; original GenBank GCA_000021485.1 GFF/protein: https://www.ncbi.nlm.nih.gov/datasets/genome/GCA_000021485.1/; ACK80445.1: https://www.ncbi.nlm.nih.gov/protein/ACK80445.1
RU820_RS09335	WP_012536911.1	B1无行	无	旧基因组同源基因无旧AFE_xxxx标签；按工作定义纳入母表	是	邻域核验：是：top候选在锚定区间；AFE_RS09335[old=空]；identity=1.0000，较短覆盖=1.0000，当前覆盖=1.0000，旧序列覆盖=1.0000。旧2025 GFF已有同源蛋白注释，但无法关联任何旧AFE_xxxx，故按本项目身份定义列入母表；不表示生物学上新出现。	NCBI RefSeq GCF_049532655.1: https://www.ncbi.nlm.nih.gov/datasets/genome/GCF_049532655.1/; current WP WP_012536911.1: https://www.ncbi.nlm.nih.gov/protein/WP_012536911.1; old RefSeq GCF_000021485.1: https://www.ncbi.nlm.nih.gov/datasets/genome/GCF_000021485.1/; old RefSeq WP WP_012536911.1: https://www.ncbi.nlm.nih.gov/protein/WP_012536911.1; original GenBank GCA_000021485.1 GFF/protein: https://www.ncbi.nlm.nih.gov/datasets/genome/GCA_000021485.1/; ACK78011.1: https://www.ncbi.nlm.nih.gov/protein/ACK78011.1; ACK80589.1: https://www.ncbi.nlm.nih.gov/protein/ACK80589.1
RU820_RS09350	WP_307871269.1	B1无行	AFE_2023	重新识别为原始GCA旧AFE基因对应	否	原始GCA AFE_2023 (ACK79849.1) 与旧GCF同坐标投射重叠 1185 bp，占较短CDS大部；identity=1.0000, aa=394, 双向coverage=0.9949/1.0000	NCBI RefSeq GCF_049532655.1: https://www.ncbi.nlm.nih.gov/datasets/genome/GCF_049532655.1/; current WP WP_307871269.1: https://www.ncbi.nlm.nih.gov/protein/WP_307871269.1; old RefSeq GCF_000021485.1: https://www.ncbi.nlm.nih.gov/datasets/genome/GCF_000021485.1/; old RefSeq WP WP_012536914.1: https://www.ncbi.nlm.nih.gov/protein/WP_012536914.1; original GenBank GCA_000021485.1 GFF/protein: https://www.ncbi.nlm.nih.gov/datasets/genome/GCA_000021485.1/; ACK79849.1: https://www.ncbi.nlm.nih.gov/protein/ACK79849.1
RU820_RS09460	WP_009564632.1	B1无行	无	旧基因组同源基因无旧AFE_xxxx标签；按工作定义纳入母表	是	邻域核验：是：top候选在锚定区间；AFE_RS09460[old=空]；identity=1.0000，较短覆盖=1.0000，当前覆盖=1.0000，旧序列覆盖=1.0000。旧2025 GFF已有同源蛋白注释，但无法关联任何旧AFE_xxxx，故按本项目身份定义列入母表；不表示生物学上新出现。	NCBI RefSeq GCF_049532655.1: https://www.ncbi.nlm.nih.gov/datasets/genome/GCF_049532655.1/; current WP WP_009564632.1: https://www.ncbi.nlm.nih.gov/protein/WP_009564632.1; old RefSeq GCF_000021485.1: https://www.ncbi.nlm.nih.gov/datasets/genome/GCF_000021485.1/; old RefSeq WP WP_009564632.1: https://www.ncbi.nlm.nih.gov/protein/WP_009564632.1; original GenBank GCA_000021485.1 GFF/protein: https://www.ncbi.nlm.nih.gov/datasets/genome/GCA_000021485.1/; ACK80174.1: https://www.ncbi.nlm.nih.gov/protein/ACK80174.1; ACK80688.1: https://www.ncbi.nlm.nih.gov/protein/ACK80688.1
RU820_RS09525	WP_012607305.1	B1无行	AFE_2064	重新识别为原始GCA旧AFE基因对应	否	原始GCA AFE_2064 (ACK79769.1) 与旧GCF同坐标投射重叠 1428 bp，占较短CDS大部；identity=1.0000, aa=475, 双向coverage=1.0000/1.0000	NCBI RefSeq GCF_049532655.1: https://www.ncbi.nlm.nih.gov/datasets/genome/GCF_049532655.1/; current WP WP_012607305.1: https://www.ncbi.nlm.nih.gov/protein/WP_012607305.1; old RefSeq GCF_000021485.1: https://www.ncbi.nlm.nih.gov/datasets/genome/GCF_000021485.1/; old RefSeq WP WP_012536943.1: https://www.ncbi.nlm.nih.gov/protein/WP_012536943.1; original GenBank GCA_000021485.1 GFF/protein: https://www.ncbi.nlm.nih.gov/datasets/genome/GCA_000021485.1/; ACK77872.1: https://www.ncbi.nlm.nih.gov/protein/ACK77872.1; ACK79769.1: https://www.ncbi.nlm.nih.gov/protein/ACK79769.1; ACK80453.1: https://www.ncbi.nlm.nih.gov/protein/ACK80453.1
RU820_RS09655	WP_012536963.1	B1无行	无	旧基因组同源基因无旧AFE_xxxx标签；按工作定义纳入母表	是	邻域核验：是：top候选在锚定区间；AFE_RS16825[old=空]；identity=1.0000，较短覆盖=1.0000，当前覆盖=1.0000，旧序列覆盖=1.0000。旧2025 GFF已有同源蛋白注释，但无法关联任何旧AFE_xxxx，故按本项目身份定义列入母表；不表示生物学上新出现。	NCBI RefSeq GCF_049532655.1: https://www.ncbi.nlm.nih.gov/datasets/genome/GCF_049532655.1/; current WP WP_012536963.1: https://www.ncbi.nlm.nih.gov/protein/WP_012536963.1; old RefSeq GCF_000021485.1: https://www.ncbi.nlm.nih.gov/datasets/genome/GCF_000021485.1/; old RefSeq WP WP_012536963.1: https://www.ncbi.nlm.nih.gov/protein/WP_012536963.1; original GenBank GCA_000021485.1 GFF/protein: https://www.ncbi.nlm.nih.gov/datasets/genome/GCA_000021485.1/; ACK78357.1: https://www.ncbi.nlm.nih.gov/protein/ACK78357.1; ACK79408.1: https://www.ncbi.nlm.nih.gov/protein/ACK79408.1
RU820_RS09690	WP_074874203.1	B1无行	无	旧基因组同源基因无旧AFE_xxxx标签；按工作定义纳入母表	是	邻域核验：是：top候选在锚定区间；AFE_RS15705[old=空]；identity=1.0000，较短覆盖=1.0000，当前覆盖=1.0000，旧序列覆盖=1.0000。旧2025 GFF已有同源蛋白注释，但无法关联任何旧AFE_xxxx，故按本项目身份定义列入母表；不表示生物学上新出现。	NCBI RefSeq GCF_049532655.1: https://www.ncbi.nlm.nih.gov/datasets/genome/GCF_049532655.1/; current WP WP_074874203.1: https://www.ncbi.nlm.nih.gov/protein/WP_074874203.1; old RefSeq GCF_000021485.1: https://www.ncbi.nlm.nih.gov/datasets/genome/GCF_000021485.1/; old RefSeq WP WP_074874203.1: https://www.ncbi.nlm.nih.gov/protein/WP_074874203.1; original GenBank GCA_000021485.1 GFF/protein: https://www.ncbi.nlm.nih.gov/datasets/genome/GCA_000021485.1/; ACK77847.1: https://www.ncbi.nlm.nih.gov/protein/ACK77847.1; ACK78878.1: https://www.ncbi.nlm.nih.gov/protein/ACK78878.1; ACK79074.1: https://www.ncbi.nlm.nih.gov/protein/ACK79074.1; ACK80044.1: https://www.ncbi.nlm.nih.gov/protein/ACK80044.1
RU820_RS09695	WP_148208624.1	B1无行	无	旧基因组同源基因无旧AFE_xxxx标签；按工作定义纳入母表	是	邻域核验：是：top候选在锚定区间；AFE_RS15710[old=空]；identity=1.0000，较短覆盖=1.0000，当前覆盖=1.0000，旧序列覆盖=1.0000。旧2025 GFF已有同源蛋白注释，但无法关联任何旧AFE_xxxx，故按本项目身份定义列入母表；不表示生物学上新出现。	NCBI RefSeq GCF_049532655.1: https://www.ncbi.nlm.nih.gov/datasets/genome/GCF_049532655.1/; current WP WP_148208624.1: https://www.ncbi.nlm.nih.gov/protein/WP_148208624.1; old RefSeq GCF_000021485.1: https://www.ncbi.nlm.nih.gov/datasets/genome/GCF_000021485.1/; old RefSeq WP WP_148208624.1: https://www.ncbi.nlm.nih.gov/protein/WP_148208624.1; original GenBank GCA_000021485.1 GFF/protein: https://www.ncbi.nlm.nih.gov/datasets/genome/GCA_000021485.1/; ACK77847.1: https://www.ncbi.nlm.nih.gov/protein/ACK77847.1; ACK80028.1: https://www.ncbi.nlm.nih.gov/protein/ACK80028.1; ACK80044.1: https://www.ncbi.nlm.nih.gov/protein/ACK80044.1
RU820_RS09700	WP_012536969.1	B1无行	无	旧基因组同源基因无旧AFE_xxxx标签；按工作定义纳入母表	是	邻域核验：是：top候选在锚定区间；AFE_RS15715[old=空]；identity=1.0000，较短覆盖=1.0000，当前覆盖=1.0000，旧序列覆盖=1.0000。旧2025 GFF已有同源蛋白注释，但无法关联任何旧AFE_xxxx，故按本项目身份定义列入母表；不表示生物学上新出现。	NCBI RefSeq GCF_049532655.1: https://www.ncbi.nlm.nih.gov/datasets/genome/GCF_049532655.1/; current WP WP_012536969.1: https://www.ncbi.nlm.nih.gov/protein/WP_012536969.1; old RefSeq GCF_000021485.1: https://www.ncbi.nlm.nih.gov/datasets/genome/GCF_000021485.1/; old RefSeq WP WP_012536969.1: https://www.ncbi.nlm.nih.gov/protein/WP_012536969.1; original GenBank GCA_000021485.1 GFF/protein: https://www.ncbi.nlm.nih.gov/datasets/genome/GCA_000021485.1/; ACK78878.1: https://www.ncbi.nlm.nih.gov/protein/ACK78878.1; ACK80338.1: https://www.ncbi.nlm.nih.gov/protein/ACK80338.1; ACK80893.1: https://www.ncbi.nlm.nih.gov/protein/ACK80893.1
RU820_RS09710	WP_041647398.1	B1无行	无	旧基因组同源基因无旧AFE_xxxx标签；按工作定义纳入母表	是	邻域核验：是：top候选在锚定区间；AFE_RS17105[old=空]；identity=1.0000，较短覆盖=1.0000，当前覆盖=1.0000，旧序列覆盖=1.0000。旧2025 GFF已有同源蛋白注释，但无法关联任何旧AFE_xxxx，故按本项目身份定义列入母表；不表示生物学上新出现。	NCBI RefSeq GCF_049532655.1: https://www.ncbi.nlm.nih.gov/datasets/genome/GCF_049532655.1/; current WP WP_041647398.1: https://www.ncbi.nlm.nih.gov/protein/WP_041647398.1; old RefSeq GCF_000021485.1: https://www.ncbi.nlm.nih.gov/datasets/genome/GCF_000021485.1/; old RefSeq WP WP_041647398.1: https://www.ncbi.nlm.nih.gov/protein/WP_041647398.1; original GenBank GCA_000021485.1 GFF/protein: https://www.ncbi.nlm.nih.gov/datasets/genome/GCA_000021485.1/; ACK77847.1: https://www.ncbi.nlm.nih.gov/protein/ACK77847.1; ACK78309.1: https://www.ncbi.nlm.nih.gov/protein/ACK78309.1; ACK78878.1: https://www.ncbi.nlm.nih.gov/protein/ACK78878.1; ACK80044.1: https://www.ncbi.nlm.nih.gov/protein/ACK80044.1; ACK80508.1: https://www.ncbi.nlm.nih.gov/protein/ACK80508.1; ACK80893.1: https://www.ncbi.nlm.nih.gov/protein/ACK80893.1
RU820_RS09740	WP_229129717.1	B1无行	AFE_2109	旧新关系待人工复核	否	邻域核验：是：top候选在锚定区间；分类建议=建议排除：序列top hit唯一落在双侧锚区间，旧AFE对应；top hit=WP_236608964.1 identity=0.9439，较短覆盖=0.8843，当前覆盖=0.8843，旧序列覆盖=0.8629；identity或任一侧覆盖未达90%，或出现重复拷贝/结构变化，未强制归类。	NCBI RefSeq GCF_049532655.1: https://www.ncbi.nlm.nih.gov/datasets/genome/GCF_049532655.1/; current WP WP_229129717.1: https://www.ncbi.nlm.nih.gov/protein/WP_229129717.1; old RefSeq GCF_000021485.1: https://www.ncbi.nlm.nih.gov/datasets/genome/GCF_000021485.1/; old RefSeq WP WP_236608964.1: https://www.ncbi.nlm.nih.gov/protein/WP_236608964.1; original GenBank GCA_000021485.1 GFF/protein: https://www.ncbi.nlm.nih.gov/datasets/genome/GCA_000021485.1/; ACK78461.1: https://www.ncbi.nlm.nih.gov/protein/ACK78461.1; ACK78945.1: https://www.ncbi.nlm.nih.gov/protein/ACK78945.1; ACK79131.1: https://www.ncbi.nlm.nih.gov/protein/ACK79131.1
RU820_RS09745	WP_041646221.1	B1无行	AFE_2110	重新识别为原始GCA旧AFE基因对应	否	原始GCA AFE_2110 (ACK78461.1) 与旧GCF同坐标投射重叠 1437 bp，占较短CDS大部；identity=1.0000, aa=476, 双向coverage=1.0000/0.9958	NCBI RefSeq GCF_049532655.1: https://www.ncbi.nlm.nih.gov/datasets/genome/GCF_049532655.1/; current WP WP_041646221.1: https://www.ncbi.nlm.nih.gov/protein/WP_041646221.1; old RefSeq GCF_000021485.1: https://www.ncbi.nlm.nih.gov/datasets/genome/GCF_000021485.1/; old RefSeq WP WP_012536978.1: https://www.ncbi.nlm.nih.gov/protein/WP_012536978.1; original GenBank GCA_000021485.1 GFF/protein: https://www.ncbi.nlm.nih.gov/datasets/genome/GCA_000021485.1/; ACK78461.1: https://www.ncbi.nlm.nih.gov/protein/ACK78461.1; ACK80960.1: https://www.ncbi.nlm.nih.gov/protein/ACK80960.1
RU820_RS09780	WP_012607322.1	B1无行	AFE_2117	重新识别为原始GCA旧AFE基因对应	否	原始GCA AFE_2117 (ACK78892.1) 与旧GCF同坐标投射重叠 1017 bp，占较短CDS大部；identity=1.0000, aa=338, 双向coverage=1.0000/1.0000	NCBI RefSeq GCF_049532655.1: https://www.ncbi.nlm.nih.gov/datasets/genome/GCF_049532655.1/; current WP WP_012607322.1: https://www.ncbi.nlm.nih.gov/protein/WP_012607322.1; old RefSeq GCF_000021485.1: https://www.ncbi.nlm.nih.gov/datasets/genome/GCF_000021485.1/; old RefSeq WP WP_009569145.1: https://www.ncbi.nlm.nih.gov/protein/WP_009569145.1; original GenBank GCA_000021485.1 GFF/protein: https://www.ncbi.nlm.nih.gov/datasets/genome/GCA_000021485.1/; ACK78073.1: https://www.ncbi.nlm.nih.gov/protein/ACK78073.1; ACK78141.1: https://www.ncbi.nlm.nih.gov/protein/ACK78141.1; ACK78892.1: https://www.ncbi.nlm.nih.gov/protein/ACK78892.1
RU820_RS09850	WP_257246597.1	B1无行	无	旧基因组同源基因无旧AFE_xxxx标签；按工作定义纳入母表	是	邻域核验：是：top候选在锚定区间；AFE_RS16955[old=空]；identity=1.0000，较短覆盖=1.0000，当前覆盖=1.0000，旧序列覆盖=1.0000。旧2025 GFF已有同源蛋白注释，但无法关联任何旧AFE_xxxx，故按本项目身份定义列入母表；不表示生物学上新出现。	NCBI RefSeq GCF_049532655.1: https://www.ncbi.nlm.nih.gov/datasets/genome/GCF_049532655.1/; current WP WP_257246597.1: https://www.ncbi.nlm.nih.gov/protein/WP_257246597.1; old RefSeq GCF_000021485.1: https://www.ncbi.nlm.nih.gov/datasets/genome/GCF_000021485.1/; old RefSeq WP WP_257246597.1: https://www.ncbi.nlm.nih.gov/protein/WP_257246597.1; original GenBank GCA_000021485.1 GFF/protein: https://www.ncbi.nlm.nih.gov/datasets/genome/GCA_000021485.1/; ACK79028.1: https://www.ncbi.nlm.nih.gov/protein/ACK79028.1
RU820_RS10090	WP_012537035.1	B1无行	无	旧基因组同源基因无旧AFE_xxxx标签；按工作定义纳入母表	是	邻域核验：是：top候选在锚定区间；AFE_RS15380[old=空]；identity=1.0000，较短覆盖=1.0000，当前覆盖=1.0000，旧序列覆盖=1.0000。旧2025 GFF已有同源蛋白注释，但无法关联任何旧AFE_xxxx，故按本项目身份定义列入母表；不表示生物学上新出现。	NCBI RefSeq GCF_049532655.1: https://www.ncbi.nlm.nih.gov/datasets/genome/GCF_049532655.1/; current WP WP_012537035.1: https://www.ncbi.nlm.nih.gov/protein/WP_012537035.1; old RefSeq GCF_000021485.1: https://www.ncbi.nlm.nih.gov/datasets/genome/GCF_000021485.1/; old RefSeq WP WP_012537035.1: https://www.ncbi.nlm.nih.gov/protein/WP_012537035.1; original GenBank GCA_000021485.1 GFF/protein: https://www.ncbi.nlm.nih.gov/datasets/genome/GCA_000021485.1/; ACK78101.1: https://www.ncbi.nlm.nih.gov/protein/ACK78101.1; ACK78475.1: https://www.ncbi.nlm.nih.gov/protein/ACK78475.1; ACK78696.1: https://www.ncbi.nlm.nih.gov/protein/ACK78696.1; ACK79366.1: https://www.ncbi.nlm.nih.gov/protein/ACK79366.1
RU820_RS10125	WP_009567471.1	B1无行	AFE_2189	重新识别为原始GCA旧AFE基因对应	否	原始GCA AFE_2189 (ACK78243.1) 与旧GCF同坐标投射重叠 1014 bp，占较短CDS大部；identity=0.9970, aa=337, 双向coverage=1.0000/1.0000	NCBI RefSeq GCF_049532655.1: https://www.ncbi.nlm.nih.gov/datasets/genome/GCF_049532655.1/; current WP WP_009567471.1: https://www.ncbi.nlm.nih.gov/protein/WP_009567471.1; old RefSeq GCF_000021485.1: https://www.ncbi.nlm.nih.gov/datasets/genome/GCF_000021485.1/; old RefSeq WP WP_012607339.1: https://www.ncbi.nlm.nih.gov/protein/WP_012607339.1; original GenBank GCA_000021485.1 GFF/protein: https://www.ncbi.nlm.nih.gov/datasets/genome/GCA_000021485.1/; ACK78243.1: https://www.ncbi.nlm.nih.gov/protein/ACK78243.1
RU820_RS10160	WP_009568772.1	B1无行	无	旧基因组同源基因无旧AFE_xxxx标签；按工作定义纳入母表	是	邻域核验：是：top候选在锚定区间；AFE_RS10135[old=空]；identity=1.0000，较短覆盖=1.0000，当前覆盖=1.0000，旧序列覆盖=1.0000。旧2025 GFF已有同源蛋白注释，但无法关联任何旧AFE_xxxx，故按本项目身份定义列入母表；不表示生物学上新出现。	NCBI RefSeq GCF_049532655.1: https://www.ncbi.nlm.nih.gov/datasets/genome/GCF_049532655.1/; current WP WP_009568772.1: https://www.ncbi.nlm.nih.gov/protein/WP_009568772.1; old RefSeq GCF_000021485.1: https://www.ncbi.nlm.nih.gov/datasets/genome/GCF_000021485.1/; old RefSeq WP WP_009568772.1: https://www.ncbi.nlm.nih.gov/protein/WP_009568772.1; original GenBank GCA_000021485.1 GFF/protein: https://www.ncbi.nlm.nih.gov/datasets/genome/GCA_000021485.1/; ACK77980.1: https://www.ncbi.nlm.nih.gov/protein/ACK77980.1; ACK78518.1: https://www.ncbi.nlm.nih.gov/protein/ACK78518.1; ACK79626.1: https://www.ncbi.nlm.nih.gov/protein/ACK79626.1
RU820_RS10185	WP_012537048.1	B1无行	无	旧基因组同源基因无旧AFE_xxxx标签；按工作定义纳入母表	是	邻域核验：是：top候选在锚定区间；AFE_RS16605[old=空]；identity=1.0000，较短覆盖=1.0000，当前覆盖=1.0000，旧序列覆盖=1.0000。旧2025 GFF已有同源蛋白注释，但无法关联任何旧AFE_xxxx，故按本项目身份定义列入母表；不表示生物学上新出现。	NCBI RefSeq GCF_049532655.1: https://www.ncbi.nlm.nih.gov/datasets/genome/GCF_049532655.1/; current WP WP_012537048.1: https://www.ncbi.nlm.nih.gov/protein/WP_012537048.1; old RefSeq GCF_000021485.1: https://www.ncbi.nlm.nih.gov/datasets/genome/GCF_000021485.1/; old RefSeq WP WP_012537048.1: https://www.ncbi.nlm.nih.gov/protein/WP_012537048.1; original GenBank GCA_000021485.1 GFF/protein: https://www.ncbi.nlm.nih.gov/datasets/genome/GCA_000021485.1/; ACK78670.1: https://www.ncbi.nlm.nih.gov/protein/ACK78670.1; ACK79348.1: https://www.ncbi.nlm.nih.gov/protein/ACK79348.1; ACK80800.1: https://www.ncbi.nlm.nih.gov/protein/ACK80800.1
RU820_RS10295	WP_012537065.1	B1无行	无	旧基因组同源基因无旧AFE_xxxx标签；按工作定义纳入母表	是	邻域核验：是：top候选在锚定区间；AFE_RS10270[old=空]；identity=1.0000，较短覆盖=1.0000，当前覆盖=1.0000，旧序列覆盖=1.0000。旧2025 GFF已有同源蛋白注释，但无法关联任何旧AFE_xxxx，故按本项目身份定义列入母表；不表示生物学上新出现。	NCBI RefSeq GCF_049532655.1: https://www.ncbi.nlm.nih.gov/datasets/genome/GCF_049532655.1/; current WP WP_012537065.1: https://www.ncbi.nlm.nih.gov/protein/WP_012537065.1; old RefSeq GCF_000021485.1: https://www.ncbi.nlm.nih.gov/datasets/genome/GCF_000021485.1/; old RefSeq WP WP_012537065.1: https://www.ncbi.nlm.nih.gov/protein/WP_012537065.1; original GenBank GCA_000021485.1 GFF/protein: https://www.ncbi.nlm.nih.gov/datasets/genome/GCA_000021485.1/; ACK78762.1: https://www.ncbi.nlm.nih.gov/protein/ACK78762.1; ACK80621.1: https://www.ncbi.nlm.nih.gov/protein/ACK80621.1
RU820_RS10300	WP_012537066.1	B1无行	AFE_2226	旧AFE候选涉及split/merge或注释边界变化，待人工复核	否	原始GCA AFE_2226 (ACK80621.1) 同链坐标重叠 999 bp；identity=1.0000, aa=332, 当前覆盖=1.0000, 旧覆盖=0.5929	NCBI RefSeq GCF_049532655.1: https://www.ncbi.nlm.nih.gov/datasets/genome/GCF_049532655.1/; current WP WP_012537066.1: https://www.ncbi.nlm.nih.gov/protein/WP_012537066.1; old RefSeq GCF_000021485.1: https://www.ncbi.nlm.nih.gov/datasets/genome/GCF_000021485.1/; old RefSeq WP WP_012537066.1: https://www.ncbi.nlm.nih.gov/protein/WP_012537066.1; original GenBank GCA_000021485.1 GFF/protein: https://www.ncbi.nlm.nih.gov/datasets/genome/GCA_000021485.1/; ACK80621.1: https://www.ncbi.nlm.nih.gov/protein/ACK80621.1
RU820_RS10335	WP_423364961.1	B1无行	AFE_2234	重新识别为原始GCA旧AFE基因对应	否	原始GCA AFE_2234 (ACK80026.1) 与旧GCF同坐标投射重叠 621 bp，占较短CDS大部；identity=0.9563, aa=206, 双向coverage=1.0000/1.0000	NCBI RefSeq GCF_049532655.1: https://www.ncbi.nlm.nih.gov/datasets/genome/GCF_049532655.1/; current WP WP_423364961.1: https://www.ncbi.nlm.nih.gov/protein/WP_423364961.1; old RefSeq GCF_000021485.1: https://www.ncbi.nlm.nih.gov/datasets/genome/GCF_000021485.1/; old RefSeq WP WP_012537070.1: https://www.ncbi.nlm.nih.gov/protein/WP_012537070.1; original GenBank GCA_000021485.1 GFF/protein: https://www.ncbi.nlm.nih.gov/datasets/genome/GCA_000021485.1/; ACK80026.1: https://www.ncbi.nlm.nih.gov/protein/ACK80026.1
RU820_RS10395	WP_012537082.1	B1无行	AFE_2253	旧AFE候选涉及split/merge或注释边界变化，待人工复核	否	原始GCA AFE_2253 (ACK79956.1) 同链坐标重叠 3912 bp；identity=0.9994, aa=1569, 当前覆盖=0.8583, 旧覆盖=1.0000	NCBI RefSeq GCF_049532655.1: https://www.ncbi.nlm.nih.gov/datasets/genome/GCF_049532655.1/; current WP WP_012537082.1: https://www.ncbi.nlm.nih.gov/protein/WP_012537082.1; old RefSeq GCF_000021485.1: https://www.ncbi.nlm.nih.gov/datasets/genome/GCF_000021485.1/; old RefSeq WP WP_236608987.1: https://www.ncbi.nlm.nih.gov/protein/WP_236608987.1; original GenBank GCA_000021485.1 GFF/protein: https://www.ncbi.nlm.nih.gov/datasets/genome/GCA_000021485.1/; ACK79266.1: https://www.ncbi.nlm.nih.gov/protein/ACK79266.1; ACK79956.1: https://www.ncbi.nlm.nih.gov/protein/ACK79956.1
RU820_RS10575	WP_009563788.1	B1无行	无	旧基因组同源基因无旧AFE_xxxx标签；按工作定义纳入母表	是	邻域核验：是：top候选在锚定区间；AFE_RS16365[old=空]；identity=1.0000，较短覆盖=1.0000，当前覆盖=1.0000，旧序列覆盖=1.0000。旧2025 GFF已有同源蛋白注释，但无法关联任何旧AFE_xxxx，故按本项目身份定义列入母表；不表示生物学上新出现。	NCBI RefSeq GCF_049532655.1: https://www.ncbi.nlm.nih.gov/datasets/genome/GCF_049532655.1/; current WP WP_009563788.1: https://www.ncbi.nlm.nih.gov/protein/WP_009563788.1; old RefSeq GCF_000021485.1: https://www.ncbi.nlm.nih.gov/datasets/genome/GCF_000021485.1/; old RefSeq WP WP_009563788.1: https://www.ncbi.nlm.nih.gov/protein/WP_009563788.1; original GenBank GCA_000021485.1 GFF/protein: https://www.ncbi.nlm.nih.gov/datasets/genome/GCA_000021485.1/; ACK80032.1: https://www.ncbi.nlm.nih.gov/protein/ACK80032.1; ACK80458.1: https://www.ncbi.nlm.nih.gov/protein/ACK80458.1
RU820_RS10580	WP_158303827.1	B1无行	无	旧基因组同源基因无旧AFE_xxxx标签；按工作定义纳入母表	是	邻域核验：是：top候选在锚定区间；AFE_RS16370[old=空]；identity=1.0000，较短覆盖=1.0000，当前覆盖=1.0000，旧序列覆盖=1.0000。旧2025 GFF已有同源蛋白注释，但无法关联任何旧AFE_xxxx，故按本项目身份定义列入母表；不表示生物学上新出现。	NCBI RefSeq GCF_049532655.1: https://www.ncbi.nlm.nih.gov/datasets/genome/GCF_049532655.1/; current WP WP_158303827.1: https://www.ncbi.nlm.nih.gov/protein/WP_158303827.1; old RefSeq GCF_000021485.1: https://www.ncbi.nlm.nih.gov/datasets/genome/GCF_000021485.1/; old RefSeq WP WP_158303827.1: https://www.ncbi.nlm.nih.gov/protein/WP_158303827.1; original GenBank GCA_000021485.1 GFF/protein: https://www.ncbi.nlm.nih.gov/datasets/genome/GCA_000021485.1/; ACK78117.1: https://www.ncbi.nlm.nih.gov/protein/ACK78117.1; ACK80032.1: https://www.ncbi.nlm.nih.gov/protein/ACK80032.1
RU820_RS10770	WP_012537129.1	B1无行	AFE_2336	重新识别为原始GCA旧AFE基因对应	否	原始GCA AFE_2336 (ACK78773.1) 与旧GCF同坐标投射重叠 1875 bp，占较短CDS大部；identity=0.9984, aa=624, 双向coverage=0.9889/1.0000	NCBI RefSeq GCF_049532655.1: https://www.ncbi.nlm.nih.gov/datasets/genome/GCF_049532655.1/; current WP WP_012537129.1: https://www.ncbi.nlm.nih.gov/protein/WP_012537129.1; old RefSeq GCF_000021485.1: https://www.ncbi.nlm.nih.gov/datasets/genome/GCF_000021485.1/; old RefSeq WP WP_012607388.1: https://www.ncbi.nlm.nih.gov/protein/WP_012607388.1; original GenBank GCA_000021485.1 GFF/protein: https://www.ncbi.nlm.nih.gov/datasets/genome/GCA_000021485.1/; ACK78773.1: https://www.ncbi.nlm.nih.gov/protein/ACK78773.1
RU820_RS10835	WP_012537140.1	B1无行	无	旧基因组同源基因无旧AFE_xxxx标签；按工作定义纳入母表	是	邻域核验：是：top候选在锚定区间；AFE_RS16540[old=空]；identity=1.0000，较短覆盖=1.0000，当前覆盖=1.0000，旧序列覆盖=1.0000。旧2025 GFF已有同源蛋白注释，但无法关联任何旧AFE_xxxx，故按本项目身份定义列入母表；不表示生物学上新出现。	NCBI RefSeq GCF_049532655.1: https://www.ncbi.nlm.nih.gov/datasets/genome/GCF_049532655.1/; current WP WP_012537140.1: https://www.ncbi.nlm.nih.gov/protein/WP_012537140.1; old RefSeq GCF_000021485.1: https://www.ncbi.nlm.nih.gov/datasets/genome/GCF_000021485.1/; old RefSeq WP WP_012537140.1: https://www.ncbi.nlm.nih.gov/protein/WP_012537140.1; original GenBank GCA_000021485.1 GFF/protein: https://www.ncbi.nlm.nih.gov/datasets/genome/GCA_000021485.1/; ACK79053.1: https://www.ncbi.nlm.nih.gov/protein/ACK79053.1
RU820_RS10980	WP_012537160.1	B1无行	无	旧基因组同源基因无旧AFE_xxxx标签；按工作定义纳入母表	是	邻域核验：是：top候选在锚定区间；AFE_RS10930[old=空]；identity=1.0000，较短覆盖=1.0000，当前覆盖=1.0000，旧序列覆盖=1.0000。旧2025 GFF已有同源蛋白注释，但无法关联任何旧AFE_xxxx，故按本项目身份定义列入母表；不表示生物学上新出现。	NCBI RefSeq GCF_049532655.1: https://www.ncbi.nlm.nih.gov/datasets/genome/GCF_049532655.1/; current WP WP_012537160.1: https://www.ncbi.nlm.nih.gov/protein/WP_012537160.1; old RefSeq GCF_000021485.1: https://www.ncbi.nlm.nih.gov/datasets/genome/GCF_000021485.1/; old RefSeq WP WP_012537160.1: https://www.ncbi.nlm.nih.gov/protein/WP_012537160.1; original GenBank GCA_000021485.1 GFF/protein: https://www.ncbi.nlm.nih.gov/datasets/genome/GCA_000021485.1/; ACK79528.1: https://www.ncbi.nlm.nih.gov/protein/ACK79528.1; ACK79889.1: https://www.ncbi.nlm.nih.gov/protein/ACK79889.1; ACK80474.1: https://www.ncbi.nlm.nih.gov/protein/ACK80474.1
RU820_RS11040	WP_229129733.1	B1无行	无	旧基因组同源基因无旧AFE_xxxx标签；按工作定义纳入母表	是	邻域核验：是：top候选在锚定区间；AFE_RS16835[old=空]；identity=1.0000，较短覆盖=1.0000，当前覆盖=1.0000，旧序列覆盖=1.0000。旧2025 GFF已有同源蛋白注释，但无法关联任何旧AFE_xxxx，故按本项目身份定义列入母表；不表示生物学上新出现。	NCBI RefSeq GCF_049532655.1: https://www.ncbi.nlm.nih.gov/datasets/genome/GCF_049532655.1/; current WP WP_229129733.1: https://www.ncbi.nlm.nih.gov/protein/WP_229129733.1; old RefSeq GCF_000021485.1: https://www.ncbi.nlm.nih.gov/datasets/genome/GCF_000021485.1/; old RefSeq WP WP_229129733.1: https://www.ncbi.nlm.nih.gov/protein/WP_229129733.1; original GenBank GCA_000021485.1 GFF/protein: https://www.ncbi.nlm.nih.gov/datasets/genome/GCA_000021485.1/; ACK79850.1: https://www.ncbi.nlm.nih.gov/protein/ACK79850.1
RU820_RS11055	WP_009565786.1	B1无行	无	旧基因组同源基因无旧AFE_xxxx标签；按工作定义纳入母表	是	邻域核验：是：top候选在锚定区间；AFE_RS16610[old=空]；identity=1.0000，较短覆盖=1.0000，当前覆盖=1.0000，旧序列覆盖=1.0000。旧2025 GFF已有同源蛋白注释，但无法关联任何旧AFE_xxxx，故按本项目身份定义列入母表；不表示生物学上新出现。	NCBI RefSeq GCF_049532655.1: https://www.ncbi.nlm.nih.gov/datasets/genome/GCF_049532655.1/; current WP WP_009565786.1: https://www.ncbi.nlm.nih.gov/protein/WP_009565786.1; old RefSeq GCF_000021485.1: https://www.ncbi.nlm.nih.gov/datasets/genome/GCF_000021485.1/; old RefSeq WP WP_009565786.1: https://www.ncbi.nlm.nih.gov/protein/WP_009565786.1; original GenBank GCA_000021485.1 GFF/protein: https://www.ncbi.nlm.nih.gov/datasets/genome/GCA_000021485.1/; ACK77926.1: https://www.ncbi.nlm.nih.gov/protein/ACK77926.1; ACK78807.1: https://www.ncbi.nlm.nih.gov/protein/ACK78807.1; ACK78875.1: https://www.ncbi.nlm.nih.gov/protein/ACK78875.1; ACK79562.1: https://www.ncbi.nlm.nih.gov/protein/ACK79562.1; ACK79568.1: https://www.ncbi.nlm.nih.gov/protein/ACK79568.1; ACK80674.1: https://www.ncbi.nlm.nih.gov/protein/ACK80674.1
RU820_RS11070	WP_012535982.1	多重候选	AFE_2397	重新识别为原始GCA旧AFE基因对应	否	原始GCA AFE_2397 (ACK78875.1) 与旧GCF同坐标投射重叠 1245 bp，占较短CDS大部；identity=1.0000, aa=414, 双向coverage=1.0000/1.0000	NCBI RefSeq GCF_049532655.1: https://www.ncbi.nlm.nih.gov/datasets/genome/GCF_049532655.1/; current WP WP_012535982.1: https://www.ncbi.nlm.nih.gov/protein/WP_012535982.1; old RefSeq GCF_000021485.1: https://www.ncbi.nlm.nih.gov/datasets/genome/GCF_000021485.1/; old RefSeq WP WP_012535982.1: https://www.ncbi.nlm.nih.gov/protein/WP_012535982.1; original GenBank GCA_000021485.1 GFF/protein: https://www.ncbi.nlm.nih.gov/datasets/genome/GCA_000021485.1/; ACK78124.1: https://www.ncbi.nlm.nih.gov/protein/ACK78124.1; ACK78807.1: https://www.ncbi.nlm.nih.gov/protein/ACK78807.1; ACK78875.1: https://www.ncbi.nlm.nih.gov/protein/ACK78875.1; ACK79199.1: https://www.ncbi.nlm.nih.gov/protein/ACK79199.1; ACK79562.1: https://www.ncbi.nlm.nih.gov/protein/ACK79562.1; ACK79568.1: https://www.ncbi.nlm.nih.gov/protein/ACK79568.1; ACK79933.1: https://www.ncbi.nlm.nih.gov/protein/ACK79933.1
RU820_RS11075	WP_012535983.1	多重候选	AFE_2398	重新识别为原始GCA旧AFE基因对应	否	原始GCA AFE_2398 (ACK78124.1) 与旧GCF同坐标投射重叠 942 bp，占较短CDS大部；identity=1.0000, aa=313, 双向coverage=1.0000/1.0000	NCBI RefSeq GCF_049532655.1: https://www.ncbi.nlm.nih.gov/datasets/genome/GCF_049532655.1/; current WP WP_012535983.1: https://www.ncbi.nlm.nih.gov/protein/WP_012535983.1; old RefSeq GCF_000021485.1: https://www.ncbi.nlm.nih.gov/datasets/genome/GCF_000021485.1/; old RefSeq WP WP_012535983.1: https://www.ncbi.nlm.nih.gov/protein/WP_012535983.1; original GenBank GCA_000021485.1 GFF/protein: https://www.ncbi.nlm.nih.gov/datasets/genome/GCA_000021485.1/; ACK78124.1: https://www.ncbi.nlm.nih.gov/protein/ACK78124.1; ACK78807.1: https://www.ncbi.nlm.nih.gov/protein/ACK78807.1; ACK78875.1: https://www.ncbi.nlm.nih.gov/protein/ACK78875.1; ACK79562.1: https://www.ncbi.nlm.nih.gov/protein/ACK79562.1; ACK79568.1: https://www.ncbi.nlm.nih.gov/protein/ACK79568.1; ACK79933.1: https://www.ncbi.nlm.nih.gov/protein/ACK79933.1; ACK80490.1: https://www.ncbi.nlm.nih.gov/protein/ACK80490.1; ACK80674.1: https://www.ncbi.nlm.nih.gov/protein/ACK80674.1
RU820_RS11080	WP_009561339.1	多重候选	AFE_2399	重新识别为原始GCA旧AFE基因对应	否	原始GCA AFE_2399 (ACK80674.1) 与旧GCF同坐标投射重叠 999 bp，占较短CDS大部；identity=1.0000, aa=332, 双向coverage=1.0000/1.0000	NCBI RefSeq GCF_049532655.1: https://www.ncbi.nlm.nih.gov/datasets/genome/GCF_049532655.1/; current WP WP_009561339.1: https://www.ncbi.nlm.nih.gov/protein/WP_009561339.1; old RefSeq GCF_000021485.1: https://www.ncbi.nlm.nih.gov/datasets/genome/GCF_000021485.1/; old RefSeq WP WP_009561339.1: https://www.ncbi.nlm.nih.gov/protein/WP_009561339.1; original GenBank GCA_000021485.1 GFF/protein: https://www.ncbi.nlm.nih.gov/datasets/genome/GCA_000021485.1/; ACK78124.1: https://www.ncbi.nlm.nih.gov/protein/ACK78124.1; ACK78807.1: https://www.ncbi.nlm.nih.gov/protein/ACK78807.1; ACK79568.1: https://www.ncbi.nlm.nih.gov/protein/ACK79568.1; ACK79933.1: https://www.ncbi.nlm.nih.gov/protein/ACK79933.1; ACK80674.1: https://www.ncbi.nlm.nih.gov/protein/ACK80674.1
RU820_RS11105	WP_225487687.1	B1无行	无	旧基因组同源基因无旧AFE_xxxx标签；按工作定义纳入母表	是	邻域核验：是：top候选在锚定区间；AFE_RS16845[old=空]；identity=1.0000，较短覆盖=1.0000，当前覆盖=1.0000，旧序列覆盖=1.0000。旧2025 GFF已有同源蛋白注释，但无法关联任何旧AFE_xxxx，故按本项目身份定义列入母表；不表示生物学上新出现。	NCBI RefSeq GCF_049532655.1: https://www.ncbi.nlm.nih.gov/datasets/genome/GCF_049532655.1/; current WP WP_225487687.1: https://www.ncbi.nlm.nih.gov/protein/WP_225487687.1; old RefSeq GCF_000021485.1: https://www.ncbi.nlm.nih.gov/datasets/genome/GCF_000021485.1/; old RefSeq WP WP_225487687.1: https://www.ncbi.nlm.nih.gov/protein/WP_225487687.1; original GenBank GCA_000021485.1 GFF/protein: https://www.ncbi.nlm.nih.gov/datasets/genome/GCA_000021485.1/; ACK78310.1: https://www.ncbi.nlm.nih.gov/protein/ACK78310.1; ACK78937.1: https://www.ncbi.nlm.nih.gov/protein/ACK78937.1; ACK79111.1: https://www.ncbi.nlm.nih.gov/protein/ACK79111.1; ACK80142.1: https://www.ncbi.nlm.nih.gov/protein/ACK80142.1; ACK80853.1: https://www.ncbi.nlm.nih.gov/protein/ACK80853.1
RU820_RS11115	WP_012537173.1	B1无行	无	旧基因组同源基因无旧AFE_xxxx标签；按工作定义纳入母表	是	邻域核验：是：top候选在锚定区间；AFE_RS16185[old=空]；identity=1.0000，较短覆盖=1.0000，当前覆盖=1.0000，旧序列覆盖=1.0000。旧2025 GFF已有同源蛋白注释，但无法关联任何旧AFE_xxxx，故按本项目身份定义列入母表；不表示生物学上新出现。	NCBI RefSeq GCF_049532655.1: https://www.ncbi.nlm.nih.gov/datasets/genome/GCF_049532655.1/; current WP WP_012537173.1: https://www.ncbi.nlm.nih.gov/protein/WP_012537173.1; old RefSeq GCF_000021485.1: https://www.ncbi.nlm.nih.gov/datasets/genome/GCF_000021485.1/; old RefSeq WP WP_012537173.1: https://www.ncbi.nlm.nih.gov/protein/WP_012537173.1; original GenBank GCA_000021485.1 GFF/protein: https://www.ncbi.nlm.nih.gov/datasets/genome/GCA_000021485.1/; ACK78310.1: https://www.ncbi.nlm.nih.gov/protein/ACK78310.1; ACK78874.1: https://www.ncbi.nlm.nih.gov/protein/ACK78874.1
RU820_RS11120	WP_041647442.1	B1无行	AFE_2407	重新识别为原始GCA旧AFE基因对应	否	原始GCA AFE_2407 (ACK78310.1) 与旧GCF同坐标投射重叠 1296 bp，占较短CDS大部；identity=0.9977, aa=431, 双向coverage=0.9370/1.0000	NCBI RefSeq GCF_049532655.1: https://www.ncbi.nlm.nih.gov/datasets/genome/GCF_049532655.1/; current WP WP_041647442.1: https://www.ncbi.nlm.nih.gov/protein/WP_041647442.1; old RefSeq GCF_000021485.1: https://www.ncbi.nlm.nih.gov/datasets/genome/GCF_000021485.1/; old RefSeq WP WP_012537174.1: https://www.ncbi.nlm.nih.gov/protein/WP_012537174.1; original GenBank GCA_000021485.1 GFF/protein: https://www.ncbi.nlm.nih.gov/datasets/genome/GCA_000021485.1/; ACK78310.1: https://www.ncbi.nlm.nih.gov/protein/ACK78310.1; ACK80142.1: https://www.ncbi.nlm.nih.gov/protein/ACK80142.1; ACK80853.1: https://www.ncbi.nlm.nih.gov/protein/ACK80853.1
RU820_RS11140	WP_206382823.1	B1无行	AFE_2412	重新识别为原始GCA旧AFE基因对应	否	原始GCA AFE_2412 (ACK78211.1) 与旧GCF同坐标投射重叠 2127 bp，占较短CDS大部；identity=0.9986, aa=708, 双向coverage=0.9766/1.0000	NCBI RefSeq GCF_049532655.1: https://www.ncbi.nlm.nih.gov/datasets/genome/GCF_049532655.1/; current WP WP_206382823.1: https://www.ncbi.nlm.nih.gov/protein/WP_206382823.1; old RefSeq GCF_000021485.1: https://www.ncbi.nlm.nih.gov/datasets/genome/GCF_000021485.1/; old RefSeq WP WP_012537178.1: https://www.ncbi.nlm.nih.gov/protein/WP_012537178.1; original GenBank GCA_000021485.1 GFF/protein: https://www.ncbi.nlm.nih.gov/datasets/genome/GCA_000021485.1/; ACK78211.1: https://www.ncbi.nlm.nih.gov/protein/ACK78211.1
RU820_RS11160	WP_012537181.1	B1无行	无	旧基因组同源基因无旧AFE_xxxx标签；按工作定义纳入母表	是	邻域核验：是：top候选在锚定区间；AFE_RS11100[old=空]；identity=1.0000，较短覆盖=1.0000，当前覆盖=1.0000，旧序列覆盖=1.0000。旧2025 GFF已有同源蛋白注释，但无法关联任何旧AFE_xxxx，故按本项目身份定义列入母表；不表示生物学上新出现。	NCBI RefSeq GCF_049532655.1: https://www.ncbi.nlm.nih.gov/datasets/genome/GCF_049532655.1/; current WP WP_012537181.1: https://www.ncbi.nlm.nih.gov/protein/WP_012537181.1; old RefSeq GCF_000021485.1: https://www.ncbi.nlm.nih.gov/datasets/genome/GCF_000021485.1/; old RefSeq WP WP_012537181.1: https://www.ncbi.nlm.nih.gov/protein/WP_012537181.1; original GenBank GCA_000021485.1 GFF/protein: https://www.ncbi.nlm.nih.gov/datasets/genome/GCA_000021485.1/; ACK79889.1: https://www.ncbi.nlm.nih.gov/protein/ACK79889.1; ACK80279.1: https://www.ncbi.nlm.nih.gov/protein/ACK80279.1
RU820_RS11205	WP_012537189.1	B1无行	AFE_2426	旧AFE候选涉及split/merge或注释边界变化，待人工复核	否	原始GCA AFE_2426 (ACK79545.1) 同链坐标重叠 102 bp；identity=1.0000, aa=33, 当前覆盖=0.3235, 旧覆盖=1.0000	NCBI RefSeq GCF_049532655.1: https://www.ncbi.nlm.nih.gov/datasets/genome/GCF_049532655.1/; current WP WP_012537189.1: https://www.ncbi.nlm.nih.gov/protein/WP_012537189.1; old RefSeq GCF_000021485.1: https://www.ncbi.nlm.nih.gov/datasets/genome/GCF_000021485.1/; old RefSeq WP WP_012537189.1: https://www.ncbi.nlm.nih.gov/protein/WP_012537189.1; original GenBank GCA_000021485.1 GFF/protein: https://www.ncbi.nlm.nih.gov/datasets/genome/GCA_000021485.1/; ACK79545.1: https://www.ncbi.nlm.nih.gov/protein/ACK79545.1; ACK79864.1: https://www.ncbi.nlm.nih.gov/protein/ACK79864.1; ACK80063.1: https://www.ncbi.nlm.nih.gov/protein/ACK80063.1
RU820_RS11230	WP_012606582.1	多重候选	AFE_2432	重新识别为原始GCA旧AFE基因对应	否	原始GCA AFE_2432 (ACK77962.1) 与旧GCF同坐标投射重叠 1227 bp，占较短CDS大部；identity=1.0000, aa=408, 双向coverage=1.0000/1.0000	NCBI RefSeq GCF_049532655.1: https://www.ncbi.nlm.nih.gov/datasets/genome/GCF_049532655.1/; current WP WP_012606582.1: https://www.ncbi.nlm.nih.gov/protein/WP_012606582.1; old RefSeq GCF_000021485.1: https://www.ncbi.nlm.nih.gov/datasets/genome/GCF_000021485.1/; old RefSeq WP WP_012606582.1: https://www.ncbi.nlm.nih.gov/protein/WP_012606582.1; original GenBank GCA_000021485.1 GFF/protein: https://www.ncbi.nlm.nih.gov/datasets/genome/GCA_000021485.1/; ACK77962.1: https://www.ncbi.nlm.nih.gov/protein/ACK77962.1; ACK80502.1: https://www.ncbi.nlm.nih.gov/protein/ACK80502.1
RU820_RS11275	WP_158303828.1	B1无行	AFE_2443	旧AFE候选涉及split/merge或注释边界变化，待人工复核	否	原始GCA AFE_2443 (ACK80234.1) 同链坐标重叠 174 bp；identity=0.9825, aa=57, 当前覆盖=1.0000, 旧覆盖=0.5481	NCBI RefSeq GCF_049532655.1: https://www.ncbi.nlm.nih.gov/datasets/genome/GCF_049532655.1/; current WP WP_158303828.1: https://www.ncbi.nlm.nih.gov/protein/WP_158303828.1; old RefSeq GCF_000021485.1: https://www.ncbi.nlm.nih.gov/datasets/genome/GCF_000021485.1/; old RefSeq WP WP_158303828.1: https://www.ncbi.nlm.nih.gov/protein/WP_158303828.1; original GenBank GCA_000021485.1 GFF/protein: https://www.ncbi.nlm.nih.gov/datasets/genome/GCA_000021485.1/; ACK79374.1: https://www.ncbi.nlm.nih.gov/protein/ACK79374.1; ACK80234.1: https://www.ncbi.nlm.nih.gov/protein/ACK80234.1
RU820_RS11285	WP_009569252.1	B1无行	无	旧基因组同源基因无旧AFE_xxxx标签；按工作定义纳入母表	是	邻域核验：是：top候选在锚定区间；AFE_RS11220[old=空]；identity=1.0000，较短覆盖=1.0000，当前覆盖=1.0000，旧序列覆盖=1.0000。旧2025 GFF已有同源蛋白注释，但无法关联任何旧AFE_xxxx，故按本项目身份定义列入母表；不表示生物学上新出现。	NCBI RefSeq GCF_049532655.1: https://www.ncbi.nlm.nih.gov/datasets/genome/GCF_049532655.1/; current WP WP_009569252.1: https://www.ncbi.nlm.nih.gov/protein/WP_009569252.1; old RefSeq GCF_000021485.1: https://www.ncbi.nlm.nih.gov/datasets/genome/GCF_000021485.1/; old RefSeq WP WP_009569252.1: https://www.ncbi.nlm.nih.gov/protein/WP_009569252.1; original GenBank GCA_000021485.1 GFF/protein: https://www.ncbi.nlm.nih.gov/datasets/genome/GCA_000021485.1/; ACK78856.1: https://www.ncbi.nlm.nih.gov/protein/ACK78856.1; ACK79374.1: https://www.ncbi.nlm.nih.gov/protein/ACK79374.1; ACK79417.1: https://www.ncbi.nlm.nih.gov/protein/ACK79417.1; ACK80234.1: https://www.ncbi.nlm.nih.gov/protein/ACK80234.1
RU820_RS11370	WP_012535937.1	多重候选	AFE_2468	重新识别为原始GCA旧AFE基因对应	否	原始GCA AFE_2468 (ACK79139.1) 与旧GCF同坐标投射重叠 333 bp，占较短CDS大部；identity=1.0000, aa=110, 双向coverage=1.0000/1.0000	NCBI RefSeq GCF_049532655.1: https://www.ncbi.nlm.nih.gov/datasets/genome/GCF_049532655.1/; current WP WP_012535937.1: https://www.ncbi.nlm.nih.gov/protein/WP_012535937.1; old RefSeq GCF_000021485.1: https://www.ncbi.nlm.nih.gov/datasets/genome/GCF_000021485.1/; old RefSeq WP WP_012535937.1: https://www.ncbi.nlm.nih.gov/protein/WP_012535937.1; original GenBank GCA_000021485.1 GFF/protein: https://www.ncbi.nlm.nih.gov/datasets/genome/GCA_000021485.1/; ACK78269.1: https://www.ncbi.nlm.nih.gov/protein/ACK78269.1; ACK79139.1: https://www.ncbi.nlm.nih.gov/protein/ACK79139.1; ACK79350.1: https://www.ncbi.nlm.nih.gov/protein/ACK79350.1; ACK80140.1: https://www.ncbi.nlm.nih.gov/protein/ACK80140.1
RU820_RS11375	WP_012535936.1	多重候选	AFE_2469	重新识别为原始GCA旧AFE基因对应	否	原始GCA AFE_2469 (ACK78269.1) 与旧GCF同坐标投射重叠 348 bp，占较短CDS大部；identity=1.0000, aa=115, 双向coverage=1.0000/1.0000	NCBI RefSeq GCF_049532655.1: https://www.ncbi.nlm.nih.gov/datasets/genome/GCF_049532655.1/; current WP WP_012535936.1: https://www.ncbi.nlm.nih.gov/protein/WP_012535936.1; old RefSeq GCF_000021485.1: https://www.ncbi.nlm.nih.gov/datasets/genome/GCF_000021485.1/; old RefSeq WP WP_012535936.1: https://www.ncbi.nlm.nih.gov/protein/WP_012535936.1; original GenBank GCA_000021485.1 GFF/protein: https://www.ncbi.nlm.nih.gov/datasets/genome/GCA_000021485.1/; ACK78269.1: https://www.ncbi.nlm.nih.gov/protein/ACK78269.1; ACK79139.1: https://www.ncbi.nlm.nih.gov/protein/ACK79139.1; ACK79350.1: https://www.ncbi.nlm.nih.gov/protein/ACK79350.1; ACK79906.1: https://www.ncbi.nlm.nih.gov/protein/ACK79906.1; ACK80140.1: https://www.ncbi.nlm.nih.gov/protein/ACK80140.1; ACK80830.1: https://www.ncbi.nlm.nih.gov/protein/ACK80830.1
RU820_RS11380	WP_012535935.1	未映射/未确定	AFE_2470	重新识别为原始GCA旧AFE基因对应	否	原始GCA AFE_2470 (ACK79906.1) 与旧GCF同坐标投射重叠 1638 bp，占较短CDS大部；identity=1.0000, aa=545, 双向coverage=1.0000/1.0000	NCBI RefSeq GCF_049532655.1: https://www.ncbi.nlm.nih.gov/datasets/genome/GCF_049532655.1/; current WP WP_012535935.1: https://www.ncbi.nlm.nih.gov/protein/WP_012535935.1; old RefSeq GCF_000021485.1: https://www.ncbi.nlm.nih.gov/datasets/genome/GCF_000021485.1/; old RefSeq WP WP_012535935.1: https://www.ncbi.nlm.nih.gov/protein/WP_012535935.1; original GenBank GCA_000021485.1 GFF/protein: https://www.ncbi.nlm.nih.gov/datasets/genome/GCA_000021485.1/; ACK78269.1: https://www.ncbi.nlm.nih.gov/protein/ACK78269.1; ACK79906.1: https://www.ncbi.nlm.nih.gov/protein/ACK79906.1; ACK80140.1: https://www.ncbi.nlm.nih.gov/protein/ACK80140.1
RU820_RS11385	WP_012537211.1	B1无行	AFE_2471	旧AFE候选涉及split/merge或注释边界变化，待人工复核	否	原始GCA AFE_2471 (ACK79350.1) 同链坐标重叠 282 bp；identity=1.0000, aa=93, 当前覆盖=1.0000, 旧覆盖=0.4844	NCBI RefSeq GCF_049532655.1: https://www.ncbi.nlm.nih.gov/datasets/genome/GCF_049532655.1/; current WP WP_012537211.1: https://www.ncbi.nlm.nih.gov/protein/WP_012537211.1; old RefSeq GCF_000021485.1: https://www.ncbi.nlm.nih.gov/datasets/genome/GCF_000021485.1/; old RefSeq WP WP_012537211.1: https://www.ncbi.nlm.nih.gov/protein/WP_012537211.1; original GenBank GCA_000021485.1 GFF/protein: https://www.ncbi.nlm.nih.gov/datasets/genome/GCA_000021485.1/; ACK79350.1: https://www.ncbi.nlm.nih.gov/protein/ACK79350.1
RU820_RS11390	WP_012537212.1	B1无行	无	旧基因组同源基因无旧AFE_xxxx标签；按工作定义纳入母表	是	邻域核验：是：top候选在锚定区间；AFE_RS11330[old=空]；identity=1.0000，较短覆盖=1.0000，当前覆盖=1.0000，旧序列覆盖=1.0000。旧2025 GFF已有同源蛋白注释，但无法关联任何旧AFE_xxxx，故按本项目身份定义列入母表；不表示生物学上新出现。	NCBI RefSeq GCF_049532655.1: https://www.ncbi.nlm.nih.gov/datasets/genome/GCF_049532655.1/; current WP WP_012537212.1: https://www.ncbi.nlm.nih.gov/protein/WP_012537212.1; old RefSeq GCF_000021485.1: https://www.ncbi.nlm.nih.gov/datasets/genome/GCF_000021485.1/; old RefSeq WP WP_012537212.1: https://www.ncbi.nlm.nih.gov/protein/WP_012537212.1; original GenBank GCA_000021485.1 GFF/protein: https://www.ncbi.nlm.nih.gov/datasets/genome/GCA_000021485.1/; ACK78269.1: https://www.ncbi.nlm.nih.gov/protein/ACK78269.1; ACK78628.1: https://www.ncbi.nlm.nih.gov/protein/ACK78628.1; ACK79139.1: https://www.ncbi.nlm.nih.gov/protein/ACK79139.1; ACK79350.1: https://www.ncbi.nlm.nih.gov/protein/ACK79350.1; ACK79906.1: https://www.ncbi.nlm.nih.gov/protein/ACK79906.1
RU820_RS11395	WP_009569773.1	B1无行	AFE_2472	旧AFE候选涉及split/merge或注释边界变化，待人工复核	否	原始GCA AFE_2472 (ACK80140.1) 同链坐标重叠 225 bp；identity=1.0000, aa=74, 当前覆盖=1.0000, 旧覆盖=0.4302	NCBI RefSeq GCF_049532655.1: https://www.ncbi.nlm.nih.gov/datasets/genome/GCF_049532655.1/; current WP WP_009569773.1: https://www.ncbi.nlm.nih.gov/protein/WP_009569773.1; old RefSeq GCF_000021485.1: https://www.ncbi.nlm.nih.gov/datasets/genome/GCF_000021485.1/; old RefSeq WP WP_009569773.1: https://www.ncbi.nlm.nih.gov/protein/WP_009569773.1; original GenBank GCA_000021485.1 GFF/protein: https://www.ncbi.nlm.nih.gov/datasets/genome/GCA_000021485.1/; ACK78269.1: https://www.ncbi.nlm.nih.gov/protein/ACK78269.1; ACK79139.1: https://www.ncbi.nlm.nih.gov/protein/ACK79139.1; ACK80140.1: https://www.ncbi.nlm.nih.gov/protein/ACK80140.1
RU820_RS11400	WP_009569774.1	B1无行	无	旧基因组同源基因无旧AFE_xxxx标签；按工作定义纳入母表	是	邻域核验：是：top候选在锚定区间；AFE_RS16385[old=空]；identity=1.0000，较短覆盖=1.0000，当前覆盖=1.0000，旧序列覆盖=1.0000。旧2025 GFF已有同源蛋白注释，但无法关联任何旧AFE_xxxx，故按本项目身份定义列入母表；不表示生物学上新出现。	NCBI RefSeq GCF_049532655.1: https://www.ncbi.nlm.nih.gov/datasets/genome/GCF_049532655.1/; current WP WP_009569774.1: https://www.ncbi.nlm.nih.gov/protein/WP_009569774.1; old RefSeq GCF_000021485.1: https://www.ncbi.nlm.nih.gov/datasets/genome/GCF_000021485.1/; old RefSeq WP WP_009569774.1: https://www.ncbi.nlm.nih.gov/protein/WP_009569774.1; original GenBank GCA_000021485.1 GFF/protein: https://www.ncbi.nlm.nih.gov/datasets/genome/GCA_000021485.1/; ACK79040.1: https://www.ncbi.nlm.nih.gov/protein/ACK79040.1; ACK79139.1: https://www.ncbi.nlm.nih.gov/protein/ACK79139.1; ACK79350.1: https://www.ncbi.nlm.nih.gov/protein/ACK79350.1; ACK79906.1: https://www.ncbi.nlm.nih.gov/protein/ACK79906.1; ACK80140.1: https://www.ncbi.nlm.nih.gov/protein/ACK80140.1; ACK80904.1: https://www.ncbi.nlm.nih.gov/protein/ACK80904.1
RU820_RS11460	WP_306670511.1	B1无行	AFE_2485	重新识别为原始GCA旧AFE基因对应	否	原始GCA AFE_2485 (ACK79836.1) 与旧GCF同坐标投射重叠 180 bp，占较短CDS大部；identity=0.9815, aa=54, 双向coverage=1.0000/0.9153	NCBI RefSeq GCF_049532655.1: https://www.ncbi.nlm.nih.gov/datasets/genome/GCF_049532655.1/; current WP WP_306670511.1: https://www.ncbi.nlm.nih.gov/protein/WP_306670511.1; old RefSeq GCF_000021485.1: https://www.ncbi.nlm.nih.gov/datasets/genome/GCF_000021485.1/; old RefSeq WP WP_009568515.1: https://www.ncbi.nlm.nih.gov/protein/WP_009568515.1; original GenBank GCA_000021485.1 GFF/protein: https://www.ncbi.nlm.nih.gov/datasets/genome/GCA_000021485.1/; ACK79836.1: https://www.ncbi.nlm.nih.gov/protein/ACK79836.1
RU820_RS11480	WP_257246328.1	B1无行	无	旧基因组同源基因无旧AFE_xxxx标签；按工作定义纳入母表	是	邻域核验：是：top候选在锚定区间；AFE_RS16960[old=空]；identity=1.0000，较短覆盖=1.0000，当前覆盖=1.0000，旧序列覆盖=1.0000。旧2025 GFF已有同源蛋白注释，但无法关联任何旧AFE_xxxx，故按本项目身份定义列入母表；不表示生物学上新出现。	NCBI RefSeq GCF_049532655.1: https://www.ncbi.nlm.nih.gov/datasets/genome/GCF_049532655.1/; current WP WP_257246328.1: https://www.ncbi.nlm.nih.gov/protein/WP_257246328.1; old RefSeq GCF_000021485.1: https://www.ncbi.nlm.nih.gov/datasets/genome/GCF_000021485.1/; old RefSeq WP WP_257246328.1: https://www.ncbi.nlm.nih.gov/protein/WP_257246328.1; original GenBank GCA_000021485.1 GFF/protein: https://www.ncbi.nlm.nih.gov/datasets/genome/GCA_000021485.1/; ACK79500.1: https://www.ncbi.nlm.nih.gov/protein/ACK79500.1; ACK79995.1: https://www.ncbi.nlm.nih.gov/protein/ACK79995.1
RU820_RS11515	WP_229129738.1	B1无行	无	旧基因组同源基因无旧AFE_xxxx标签；按工作定义纳入母表	是	邻域核验：是：top候选在锚定区间；AFE_RS11430[old=空]；identity=1.0000，较短覆盖=1.0000，当前覆盖=1.0000，旧序列覆盖=1.0000。旧2025 GFF已有同源蛋白注释，但无法关联任何旧AFE_xxxx，故按本项目身份定义列入母表；不表示生物学上新出现。	NCBI RefSeq GCF_049532655.1: https://www.ncbi.nlm.nih.gov/datasets/genome/GCF_049532655.1/; current WP WP_229129738.1: https://www.ncbi.nlm.nih.gov/protein/WP_229129738.1; old RefSeq GCF_000021485.1: https://www.ncbi.nlm.nih.gov/datasets/genome/GCF_000021485.1/; old RefSeq WP WP_229129738.1: https://www.ncbi.nlm.nih.gov/protein/WP_229129738.1; original GenBank GCA_000021485.1 GFF/protein: https://www.ncbi.nlm.nih.gov/datasets/genome/GCA_000021485.1/; ACK78749.1: https://www.ncbi.nlm.nih.gov/protein/ACK78749.1; ACK80049.1: https://www.ncbi.nlm.nih.gov/protein/ACK80049.1; ACK80537.1: https://www.ncbi.nlm.nih.gov/protein/ACK80537.1
RU820_RS11525	WP_009563471.1	B1无行	无	旧基因组同源基因无旧AFE_xxxx标签；按工作定义纳入母表	是	邻域核验：是：top候选在锚定区间；AFE_RS11445[old=空]；identity=1.0000，较短覆盖=1.0000，当前覆盖=1.0000，旧序列覆盖=1.0000。旧2025 GFF已有同源蛋白注释，但无法关联任何旧AFE_xxxx，故按本项目身份定义列入母表；不表示生物学上新出现。	NCBI RefSeq GCF_049532655.1: https://www.ncbi.nlm.nih.gov/datasets/genome/GCF_049532655.1/; current WP WP_009563471.1: https://www.ncbi.nlm.nih.gov/protein/WP_009563471.1; old RefSeq GCF_000021485.1: https://www.ncbi.nlm.nih.gov/datasets/genome/GCF_000021485.1/; old RefSeq WP WP_009563471.1: https://www.ncbi.nlm.nih.gov/protein/WP_009563471.1; original GenBank GCA_000021485.1 GFF/protein: https://www.ncbi.nlm.nih.gov/datasets/genome/GCA_000021485.1/; ACK77840.1: https://www.ncbi.nlm.nih.gov/protein/ACK77840.1; ACK78752.1: https://www.ncbi.nlm.nih.gov/protein/ACK78752.1; ACK80072.1: https://www.ncbi.nlm.nih.gov/protein/ACK80072.1; ACK80581.1: https://www.ncbi.nlm.nih.gov/protein/ACK80581.1; ACK80808.1: https://www.ncbi.nlm.nih.gov/protein/ACK80808.1
RU820_RS11530	WP_148208626.1	B1无行	AFE_2502	旧AFE候选涉及split/merge或注释边界变化，待人工复核	否	原始GCA AFE_2502 (ACK80581.1) 同链坐标重叠 849 bp；identity=1.0000, aa=282, 当前覆盖=1.0000, 旧覆盖=0.5863	NCBI RefSeq GCF_049532655.1: https://www.ncbi.nlm.nih.gov/datasets/genome/GCF_049532655.1/; current WP WP_148208626.1: https://www.ncbi.nlm.nih.gov/protein/WP_148208626.1; old RefSeq GCF_000021485.1: https://www.ncbi.nlm.nih.gov/datasets/genome/GCF_000021485.1/; old RefSeq WP WP_148208626.1: https://www.ncbi.nlm.nih.gov/protein/WP_148208626.1; original GenBank GCA_000021485.1 GFF/protein: https://www.ncbi.nlm.nih.gov/datasets/genome/GCA_000021485.1/; ACK77840.1: https://www.ncbi.nlm.nih.gov/protein/ACK77840.1; ACK78752.1: https://www.ncbi.nlm.nih.gov/protein/ACK78752.1; ACK80072.1: https://www.ncbi.nlm.nih.gov/protein/ACK80072.1; ACK80581.1: https://www.ncbi.nlm.nih.gov/protein/ACK80581.1
RU820_RS11625	WP_012537242.1	B1无行	AFE_2526	重新识别为原始GCA旧AFE基因对应	否	原始GCA AFE_2526 (ACK79721.1) 与旧GCF同坐标投射重叠 861 bp，占较短CDS大部；identity=1.0000, aa=290, 双向coverage=1.0000/1.0000	NCBI RefSeq GCF_049532655.1: https://www.ncbi.nlm.nih.gov/datasets/genome/GCF_049532655.1/; current WP WP_012537242.1: https://www.ncbi.nlm.nih.gov/protein/WP_012537242.1; old RefSeq GCF_000021485.1: https://www.ncbi.nlm.nih.gov/datasets/genome/GCF_000021485.1/; old RefSeq WP WP_225487193.1: https://www.ncbi.nlm.nih.gov/protein/WP_225487193.1; original GenBank GCA_000021485.1 GFF/protein: https://www.ncbi.nlm.nih.gov/datasets/genome/GCA_000021485.1/; ACK79721.1: https://www.ncbi.nlm.nih.gov/protein/ACK79721.1; ACK80894.1: https://www.ncbi.nlm.nih.gov/protein/ACK80894.1
RU820_RS11685	WP_009563398.1	B1无行	无	旧基因组同源基因无旧AFE_xxxx标签；按工作定义纳入母表	是	邻域核验：是：top候选在锚定区间；AFE_RS11615[old=空]；identity=1.0000，较短覆盖=1.0000，当前覆盖=1.0000，旧序列覆盖=1.0000。旧2025 GFF已有同源蛋白注释，但无法关联任何旧AFE_xxxx，故按本项目身份定义列入母表；不表示生物学上新出现。	NCBI RefSeq GCF_049532655.1: https://www.ncbi.nlm.nih.gov/datasets/genome/GCF_049532655.1/; current WP WP_009563398.1: https://www.ncbi.nlm.nih.gov/protein/WP_009563398.1; old RefSeq GCF_000021485.1: https://www.ncbi.nlm.nih.gov/datasets/genome/GCF_000021485.1/; old RefSeq WP WP_009563398.1: https://www.ncbi.nlm.nih.gov/protein/WP_009563398.1; original GenBank GCA_000021485.1 GFF/protein: https://www.ncbi.nlm.nih.gov/datasets/genome/GCA_000021485.1/; ACK78738.1: https://www.ncbi.nlm.nih.gov/protein/ACK78738.1; ACK80275.1: https://www.ncbi.nlm.nih.gov/protein/ACK80275.1
RU820_RS11805	WP_206382850.1	B1无行	AFE_2562	重新识别为原始GCA旧AFE基因对应	否	原始GCA AFE_2562 (ACK80562.1) 与旧GCF同坐标投射重叠 1044 bp，占较短CDS大部；identity=0.9942, aa=346, 双向coverage=1.0000/0.9943	NCBI RefSeq GCF_049532655.1: https://www.ncbi.nlm.nih.gov/datasets/genome/GCF_049532655.1/; current WP WP_206382850.1: https://www.ncbi.nlm.nih.gov/protein/WP_206382850.1; old RefSeq GCF_000021485.1: https://www.ncbi.nlm.nih.gov/datasets/genome/GCF_000021485.1/; old RefSeq WP WP_009567487.1: https://www.ncbi.nlm.nih.gov/protein/WP_009567487.1; original GenBank GCA_000021485.1 GFF/protein: https://www.ncbi.nlm.nih.gov/datasets/genome/GCA_000021485.1/; ACK80562.1: https://www.ncbi.nlm.nih.gov/protein/ACK80562.1
RU820_RS11825	WP_012537260.1	B1无行	AFE_2566	重新识别为原始GCA旧AFE基因对应	否	原始GCA AFE_2566 (ACK78723.1) 与旧GCF同坐标投射重叠 1212 bp，占较短CDS大部；identity=1.0000, aa=363, 双向coverage=0.9973/0.9007	NCBI RefSeq GCF_049532655.1: https://www.ncbi.nlm.nih.gov/datasets/genome/GCF_049532655.1/; current WP WP_012537260.1: https://www.ncbi.nlm.nih.gov/protein/WP_012537260.1; old RefSeq GCF_000021485.1: https://www.ncbi.nlm.nih.gov/datasets/genome/GCF_000021485.1/; old RefSeq WP WP_012607471.1: https://www.ncbi.nlm.nih.gov/protein/WP_012607471.1; original GenBank GCA_000021485.1 GFF/protein: https://www.ncbi.nlm.nih.gov/datasets/genome/GCA_000021485.1/; ACK78723.1: https://www.ncbi.nlm.nih.gov/protein/ACK78723.1; ACK80139.1: https://www.ncbi.nlm.nih.gov/protein/ACK80139.1
RU820_RS11835	WP_012537262.1	B1无行	无	旧基因组同源基因无旧AFE_xxxx标签；按工作定义纳入母表	是	邻域核验：是：top候选在锚定区间；AFE_RS11765[old=空]；identity=1.0000，较短覆盖=1.0000，当前覆盖=1.0000，旧序列覆盖=1.0000。旧2025 GFF已有同源蛋白注释，但无法关联任何旧AFE_xxxx，故按本项目身份定义列入母表；不表示生物学上新出现。	NCBI RefSeq GCF_049532655.1: https://www.ncbi.nlm.nih.gov/datasets/genome/GCF_049532655.1/; current WP WP_012537262.1: https://www.ncbi.nlm.nih.gov/protein/WP_012537262.1; old RefSeq GCF_000021485.1: https://www.ncbi.nlm.nih.gov/datasets/genome/GCF_000021485.1/; old RefSeq WP WP_012537262.1: https://www.ncbi.nlm.nih.gov/protein/WP_012537262.1; original GenBank GCA_000021485.1 GFF/protein: https://www.ncbi.nlm.nih.gov/datasets/genome/GCA_000021485.1/; ACK78542.1: https://www.ncbi.nlm.nih.gov/protein/ACK78542.1; ACK78987.1: https://www.ncbi.nlm.nih.gov/protein/ACK78987.1; ACK80153.1: https://www.ncbi.nlm.nih.gov/protein/ACK80153.1
RU820_RS11925	WP_009567612.1	B1无行	AFE_2587	旧AFE候选涉及split/merge或注释边界变化，待人工复核	否	原始GCA AFE_2587 (ACK78593.1) 同链坐标重叠 303 bp；identity=1.0000, aa=100, 当前覆盖=1.0000, 旧覆盖=0.6369	NCBI RefSeq GCF_049532655.1: https://www.ncbi.nlm.nih.gov/datasets/genome/GCF_049532655.1/; current WP WP_009567612.1: https://www.ncbi.nlm.nih.gov/protein/WP_009567612.1; old RefSeq GCF_000021485.1: https://www.ncbi.nlm.nih.gov/datasets/genome/GCF_000021485.1/; old RefSeq WP WP_009567612.1: https://www.ncbi.nlm.nih.gov/protein/WP_009567612.1; original GenBank GCA_000021485.1 GFF/protein: https://www.ncbi.nlm.nih.gov/datasets/genome/GCA_000021485.1/; ACK78593.1: https://www.ncbi.nlm.nih.gov/protein/ACK78593.1
RU820_RS11935	WP_009567610.1	B1无行	无	旧基因组同源基因无旧AFE_xxxx标签；按工作定义纳入母表	是	邻域核验：是：top候选在锚定区间；AFE_RS11865[old=空]；identity=1.0000，较短覆盖=1.0000，当前覆盖=1.0000，旧序列覆盖=1.0000。旧2025 GFF已有同源蛋白注释，但无法关联任何旧AFE_xxxx，故按本项目身份定义列入母表；不表示生物学上新出现。	NCBI RefSeq GCF_049532655.1: https://www.ncbi.nlm.nih.gov/datasets/genome/GCF_049532655.1/; current WP WP_009567610.1: https://www.ncbi.nlm.nih.gov/protein/WP_009567610.1; old RefSeq GCF_000021485.1: https://www.ncbi.nlm.nih.gov/datasets/genome/GCF_000021485.1/; old RefSeq WP WP_009567610.1: https://www.ncbi.nlm.nih.gov/protein/WP_009567610.1; original GenBank GCA_000021485.1 GFF/protein: https://www.ncbi.nlm.nih.gov/datasets/genome/GCA_000021485.1/; ACK77976.1: https://www.ncbi.nlm.nih.gov/protein/ACK77976.1; ACK80200.1: https://www.ncbi.nlm.nih.gov/protein/ACK80200.1
RU820_RS11980	WP_012537283.1	多重候选	AFE_2599	重新识别为原始GCA旧AFE基因对应	否	原始GCA AFE_2599 (ACK77945.1) 与旧GCF同坐标投射重叠 387 bp，占较短CDS大部；identity=1.0000, aa=128, 双向coverage=1.0000/1.0000	NCBI RefSeq GCF_049532655.1: https://www.ncbi.nlm.nih.gov/datasets/genome/GCF_049532655.1/; current WP WP_012537283.1: https://www.ncbi.nlm.nih.gov/protein/WP_012537283.1; old RefSeq GCF_000021485.1: https://www.ncbi.nlm.nih.gov/datasets/genome/GCF_000021485.1/; old RefSeq WP WP_012537283.1: https://www.ncbi.nlm.nih.gov/protein/WP_012537283.1; original GenBank GCA_000021485.1 GFF/protein: https://www.ncbi.nlm.nih.gov/datasets/genome/GCA_000021485.1/; ACK77945.1: https://www.ncbi.nlm.nih.gov/protein/ACK77945.1; ACK79359.1: https://www.ncbi.nlm.nih.gov/protein/ACK79359.1
RU820_RS11985	WP_009566820.1	多重候选	AFE_2600	重新识别为原始GCA旧AFE基因对应	否	原始GCA AFE_2600 (ACK80127.1) 与旧GCF同坐标投射重叠 231 bp，占较短CDS大部；identity=1.0000, aa=76, 双向coverage=1.0000/1.0000	NCBI RefSeq GCF_049532655.1: https://www.ncbi.nlm.nih.gov/datasets/genome/GCF_049532655.1/; current WP WP_009566820.1: https://www.ncbi.nlm.nih.gov/protein/WP_009566820.1; old RefSeq GCF_000021485.1: https://www.ncbi.nlm.nih.gov/datasets/genome/GCF_000021485.1/; old RefSeq WP WP_009566820.1: https://www.ncbi.nlm.nih.gov/protein/WP_009566820.1; original GenBank GCA_000021485.1 GFF/protein: https://www.ncbi.nlm.nih.gov/datasets/genome/GCA_000021485.1/; ACK79733.1: https://www.ncbi.nlm.nih.gov/protein/ACK79733.1; ACK80127.1: https://www.ncbi.nlm.nih.gov/protein/ACK80127.1; ACK80931.1: https://www.ncbi.nlm.nih.gov/protein/ACK80931.1
RU820_RS11990	WP_009566821.1	多重候选	AFE_2601	重新识别为原始GCA旧AFE基因对应	否	原始GCA AFE_2601 (ACK79733.1) 与旧GCF同坐标投射重叠 1140 bp，占较短CDS大部；identity=1.0000, aa=379, 双向coverage=1.0000/1.0000	NCBI RefSeq GCF_049532655.1: https://www.ncbi.nlm.nih.gov/datasets/genome/GCF_049532655.1/; current WP WP_009566821.1: https://www.ncbi.nlm.nih.gov/protein/WP_009566821.1; old RefSeq GCF_000021485.1: https://www.ncbi.nlm.nih.gov/datasets/genome/GCF_000021485.1/; old RefSeq WP WP_009566821.1: https://www.ncbi.nlm.nih.gov/protein/WP_009566821.1; original GenBank GCA_000021485.1 GFF/protein: https://www.ncbi.nlm.nih.gov/datasets/genome/GCA_000021485.1/; ACK79733.1: https://www.ncbi.nlm.nih.gov/protein/ACK79733.1; ACK80127.1: https://www.ncbi.nlm.nih.gov/protein/ACK80127.1; ACK80497.1: https://www.ncbi.nlm.nih.gov/protein/ACK80497.1; ACK80931.1: https://www.ncbi.nlm.nih.gov/protein/ACK80931.1
RU820_RS11995	WP_012537284.1	B1无行	无	旧基因组同源基因无旧AFE_xxxx标签；按工作定义纳入母表	是	邻域核验：是：top候选在锚定区间；AFE_RS11925[old=空];AFE_RS14295[old=空]；identity=1.0000，较短覆盖=1.0000，当前覆盖=1.0000，旧序列覆盖=1.0000。旧2025 GFF已有同源蛋白注释，但无法关联任何旧AFE_xxxx，故按本项目身份定义列入母表；不表示生物学上新出现。	NCBI RefSeq GCF_049532655.1: https://www.ncbi.nlm.nih.gov/datasets/genome/GCF_049532655.1/; current WP WP_012537284.1: https://www.ncbi.nlm.nih.gov/protein/WP_012537284.1; old RefSeq GCF_000021485.1: https://www.ncbi.nlm.nih.gov/datasets/genome/GCF_000021485.1/; old RefSeq WP WP_012537284.1: https://www.ncbi.nlm.nih.gov/protein/WP_012537284.1; original GenBank GCA_000021485.1 GFF/protein: https://www.ncbi.nlm.nih.gov/datasets/genome/GCA_000021485.1/; ACK79733.1: https://www.ncbi.nlm.nih.gov/protein/ACK79733.1; ACK80018.1: https://www.ncbi.nlm.nih.gov/protein/ACK80018.1
RU820_RS12005	WP_009568826.1	B1无行	无	旧基因组同源基因无旧AFE_xxxx标签；按工作定义纳入母表	是	邻域核验：是：top候选在锚定区间；AFE_RS16390[old=空]；identity=1.0000，较短覆盖=1.0000，当前覆盖=1.0000，旧序列覆盖=1.0000。旧2025 GFF已有同源蛋白注释，但无法关联任何旧AFE_xxxx，故按本项目身份定义列入母表；不表示生物学上新出现。	NCBI RefSeq GCF_049532655.1: https://www.ncbi.nlm.nih.gov/datasets/genome/GCF_049532655.1/; current WP WP_009568826.1: https://www.ncbi.nlm.nih.gov/protein/WP_009568826.1; old RefSeq GCF_000021485.1: https://www.ncbi.nlm.nih.gov/datasets/genome/GCF_000021485.1/; old RefSeq WP WP_009568826.1: https://www.ncbi.nlm.nih.gov/protein/WP_009568826.1; original GenBank GCA_000021485.1 GFF/protein: https://www.ncbi.nlm.nih.gov/datasets/genome/GCA_000021485.1/; ACK79569.1: https://www.ncbi.nlm.nih.gov/protein/ACK79569.1
RU820_RS12030	WP_215905525.1	B1无行	AFE_2608	旧AFE候选涉及split/merge或注释边界变化，待人工复核	否	原始GCA AFE_2608 (ACK80928.1) 同链坐标重叠 300 bp；identity=1.0000, aa=89, 当前覆盖=1.0000, 旧覆盖=0.8990	NCBI RefSeq GCF_049532655.1: https://www.ncbi.nlm.nih.gov/datasets/genome/GCF_049532655.1/; current WP WP_215905525.1: https://www.ncbi.nlm.nih.gov/protein/WP_215905525.1; old RefSeq GCF_000021485.1: https://www.ncbi.nlm.nih.gov/datasets/genome/GCF_000021485.1/; old RefSeq WP WP_012537288.1: https://www.ncbi.nlm.nih.gov/protein/WP_012537288.1; original GenBank GCA_000021485.1 GFF/protein: https://www.ncbi.nlm.nih.gov/datasets/genome/GCA_000021485.1/; ACK78976.1: https://www.ncbi.nlm.nih.gov/protein/ACK78976.1; ACK80928.1: https://www.ncbi.nlm.nih.gov/protein/ACK80928.1
RU820_RS12055	WP_012607480.1	B1无行	AFE_2613	重新识别为原始GCA旧AFE基因对应	否	原始GCA AFE_2613 (ACK80655.1) 与旧GCF同坐标投射重叠 501 bp，占较短CDS大部；identity=1.0000, aa=172, 双向coverage=1.0000/1.0000	NCBI RefSeq GCF_049532655.1: https://www.ncbi.nlm.nih.gov/datasets/genome/GCF_049532655.1/; current WP WP_012607480.1: https://www.ncbi.nlm.nih.gov/protein/WP_012607480.1; old RefSeq GCF_000021485.1: https://www.ncbi.nlm.nih.gov/datasets/genome/GCF_000021485.1/; old RefSeq WP WP_012537293.1: https://www.ncbi.nlm.nih.gov/protein/WP_012537293.1; original GenBank GCA_000021485.1 GFF/protein: https://www.ncbi.nlm.nih.gov/datasets/genome/GCA_000021485.1/; ACK80655.1: https://www.ncbi.nlm.nih.gov/protein/ACK80655.1
RU820_RS12215	WP_230959335.1	B1无行	无	旧基因组同源基因无旧AFE_xxxx标签；按工作定义纳入母表	是	邻域核验：是：top候选在锚定区间；AFE_RS17120[old=空]；identity=1.0000，较短覆盖=1.0000，当前覆盖=1.0000，旧序列覆盖=1.0000。旧2025 GFF已有同源蛋白注释，但无法关联任何旧AFE_xxxx，故按本项目身份定义列入母表；不表示生物学上新出现。	NCBI RefSeq GCF_049532655.1: https://www.ncbi.nlm.nih.gov/datasets/genome/GCF_049532655.1/; current WP WP_230959335.1: https://www.ncbi.nlm.nih.gov/protein/WP_230959335.1; old RefSeq GCF_000021485.1: https://www.ncbi.nlm.nih.gov/datasets/genome/GCF_000021485.1/; old RefSeq WP WP_230959335.1: https://www.ncbi.nlm.nih.gov/protein/WP_230959335.1; original GenBank GCA_000021485.1 GFF/protein: https://www.ncbi.nlm.nih.gov/datasets/genome/GCA_000021485.1/; ACK78420.1: https://www.ncbi.nlm.nih.gov/protein/ACK78420.1
RU820_RS12225	WP_012537313.1	B1无行	无	旧基因组同源基因无旧AFE_xxxx标签；按工作定义纳入母表	是	邻域核验：是：top候选在锚定区间；AFE_RS12150[old=空]；identity=1.0000，较短覆盖=1.0000，当前覆盖=1.0000，旧序列覆盖=1.0000。旧2025 GFF已有同源蛋白注释，但无法关联任何旧AFE_xxxx，故按本项目身份定义列入母表；不表示生物学上新出现。	NCBI RefSeq GCF_049532655.1: https://www.ncbi.nlm.nih.gov/datasets/genome/GCF_049532655.1/; current WP WP_012537313.1: https://www.ncbi.nlm.nih.gov/protein/WP_012537313.1; old RefSeq GCF_000021485.1: https://www.ncbi.nlm.nih.gov/datasets/genome/GCF_000021485.1/; old RefSeq WP WP_012537313.1: https://www.ncbi.nlm.nih.gov/protein/WP_012537313.1; original GenBank GCA_000021485.1 GFF/protein: https://www.ncbi.nlm.nih.gov/datasets/genome/GCA_000021485.1/; ACK78108.1: https://www.ncbi.nlm.nih.gov/protein/ACK78108.1; ACK79729.1: https://www.ncbi.nlm.nih.gov/protein/ACK79729.1
RU820_RS12235	WP_012537315.1	B1无行	无	旧基因组同源基因无旧AFE_xxxx标签；按工作定义纳入母表	是	邻域核验：是：top候选在锚定区间；AFE_RS12160[old=空]；identity=1.0000，较短覆盖=1.0000，当前覆盖=1.0000，旧序列覆盖=1.0000。旧2025 GFF已有同源蛋白注释，但无法关联任何旧AFE_xxxx，故按本项目身份定义列入母表；不表示生物学上新出现。	NCBI RefSeq GCF_049532655.1: https://www.ncbi.nlm.nih.gov/datasets/genome/GCF_049532655.1/; current WP WP_012537315.1: https://www.ncbi.nlm.nih.gov/protein/WP_012537315.1; old RefSeq GCF_000021485.1: https://www.ncbi.nlm.nih.gov/datasets/genome/GCF_000021485.1/; old RefSeq WP WP_012537315.1: https://www.ncbi.nlm.nih.gov/protein/WP_012537315.1; original GenBank GCA_000021485.1 GFF/protein: https://www.ncbi.nlm.nih.gov/datasets/genome/GCA_000021485.1/; ACK79316.1: https://www.ncbi.nlm.nih.gov/protein/ACK79316.1; ACK79566.1: https://www.ncbi.nlm.nih.gov/protein/ACK79566.1
RU820_RS12270	WP_012537319.1	B1无行	无	旧基因组同源基因无旧AFE_xxxx标签；按工作定义纳入母表	是	邻域核验：是：top候选在锚定区间；AFE_RS12190[old=空]；identity=1.0000，较短覆盖=1.0000，当前覆盖=1.0000，旧序列覆盖=1.0000。旧2025 GFF已有同源蛋白注释，但无法关联任何旧AFE_xxxx，故按本项目身份定义列入母表；不表示生物学上新出现。	NCBI RefSeq GCF_049532655.1: https://www.ncbi.nlm.nih.gov/datasets/genome/GCF_049532655.1/; current WP WP_012537319.1: https://www.ncbi.nlm.nih.gov/protein/WP_012537319.1; old RefSeq GCF_000021485.1: https://www.ncbi.nlm.nih.gov/datasets/genome/GCF_000021485.1/; old RefSeq WP WP_012537319.1: https://www.ncbi.nlm.nih.gov/protein/WP_012537319.1; original GenBank GCA_000021485.1 GFF/protein: https://www.ncbi.nlm.nih.gov/datasets/genome/GCA_000021485.1/; ACK78782.1: https://www.ncbi.nlm.nih.gov/protein/ACK78782.1; ACK79506.1: https://www.ncbi.nlm.nih.gov/protein/ACK79506.1
RU820_RS12395	WP_012607497.1	B1无行	AFE_2684	重新识别为原始GCA旧AFE基因对应	否	原始GCA AFE_2684 (ACK79222.1) 与旧GCF同坐标投射重叠 2121 bp，占较短CDS大部；identity=1.0000, aa=706, 双向coverage=1.0000/1.0000	NCBI RefSeq GCF_049532655.1: https://www.ncbi.nlm.nih.gov/datasets/genome/GCF_049532655.1/; current WP WP_012607497.1: https://www.ncbi.nlm.nih.gov/protein/WP_012607497.1; old RefSeq GCF_000021485.1: https://www.ncbi.nlm.nih.gov/datasets/genome/GCF_000021485.1/; old RefSeq WP WP_012537331.1: https://www.ncbi.nlm.nih.gov/protein/WP_012537331.1; original GenBank GCA_000021485.1 GFF/protein: https://www.ncbi.nlm.nih.gov/datasets/genome/GCA_000021485.1/; ACK79222.1: https://www.ncbi.nlm.nih.gov/protein/ACK79222.1
RU820_RS12425	WP_423365052.1	B1无行	AFE_2690	重新识别为原始GCA旧AFE基因对应	否	原始GCA AFE_2690 (ACK78482.1) 与旧GCF同坐标投射重叠 1797 bp，占较短CDS大部；identity=1.0000, aa=598, 双向coverage=0.9315/1.0000	NCBI RefSeq GCF_049532655.1: https://www.ncbi.nlm.nih.gov/datasets/genome/GCF_049532655.1/; current WP WP_423365052.1: https://www.ncbi.nlm.nih.gov/protein/WP_423365052.1; old RefSeq GCF_000021485.1: https://www.ncbi.nlm.nih.gov/datasets/genome/GCF_000021485.1/; old RefSeq WP WP_225487197.1: https://www.ncbi.nlm.nih.gov/protein/WP_225487197.1; original GenBank GCA_000021485.1 GFF/protein: https://www.ncbi.nlm.nih.gov/datasets/genome/GCA_000021485.1/; ACK78363.1: https://www.ncbi.nlm.nih.gov/protein/ACK78363.1; ACK78482.1: https://www.ncbi.nlm.nih.gov/protein/ACK78482.1; ACK79975.1: https://www.ncbi.nlm.nih.gov/protein/ACK79975.1
RU820_RS12475	WP_423365055.1	B1无行	AFE_2702	重新识别为原始GCA旧AFE基因对应	否	原始GCA AFE_2702 (ACK78546.1) 与旧GCF同坐标投射重叠 1335 bp，占较短CDS大部；identity=0.9977, aa=444, 双向coverage=1.0000/1.0000	NCBI RefSeq GCF_049532655.1: https://www.ncbi.nlm.nih.gov/datasets/genome/GCF_049532655.1/; current WP WP_423365055.1: https://www.ncbi.nlm.nih.gov/protein/WP_423365055.1; old RefSeq GCF_000021485.1: https://www.ncbi.nlm.nih.gov/datasets/genome/GCF_000021485.1/; old RefSeq WP WP_012607505.1: https://www.ncbi.nlm.nih.gov/protein/WP_012607505.1; original GenBank GCA_000021485.1 GFF/protein: https://www.ncbi.nlm.nih.gov/datasets/genome/GCA_000021485.1/; ACK78546.1: https://www.ncbi.nlm.nih.gov/protein/ACK78546.1; ACK78884.1: https://www.ncbi.nlm.nih.gov/protein/ACK78884.1; ACK79427.1: https://www.ncbi.nlm.nih.gov/protein/ACK79427.1
RU820_RS12510	WP_012606582.1	多重候选	AFE_0550,AFE_1110,AFE_1142,AFE_1265,AFE_2432,AFE_2709,AFE_2972,AFE_3263	多个原始AFE候选，待人工复核	否	高相似原始AFE坐标候选=AFE_0550,AFE_1110,AFE_1142,AFE_1265,AFE_2432,AFE_2709,AFE_2972,AFE_3263，存在多对一/拆分关系	NCBI RefSeq GCF_049532655.1: https://www.ncbi.nlm.nih.gov/datasets/genome/GCF_049532655.1/; current WP WP_012606582.1: https://www.ncbi.nlm.nih.gov/protein/WP_012606582.1; old RefSeq GCF_000021485.1: https://www.ncbi.nlm.nih.gov/datasets/genome/GCF_000021485.1/; old RefSeq WP WP_012606582.1: https://www.ncbi.nlm.nih.gov/protein/WP_012606582.1; original GenBank GCA_000021485.1 GFF/protein: https://www.ncbi.nlm.nih.gov/datasets/genome/GCA_000021485.1/; ACK77962.1: https://www.ncbi.nlm.nih.gov/protein/ACK77962.1; ACK78329.1: https://www.ncbi.nlm.nih.gov/protein/ACK78329.1; ACK78469.1: https://www.ncbi.nlm.nih.gov/protein/ACK78469.1; ACK78827.1: https://www.ncbi.nlm.nih.gov/protein/ACK78827.1; ACK79267.1: https://www.ncbi.nlm.nih.gov/protein/ACK79267.1; ACK79585.1: https://www.ncbi.nlm.nih.gov/protein/ACK79585.1; ACK79916.1: https://www.ncbi.nlm.nih.gov/protein/ACK79916.1; ACK80266.1: https://www.ncbi.nlm.nih.gov/protein/ACK80266.1; ACK80502.1: https://www.ncbi.nlm.nih.gov/protein/ACK80502.1
RU820_RS12515	WP_009567547.1	B1无行	无	旧基因组同源基因无旧AFE_xxxx标签；按工作定义纳入母表	是	邻域核验：是：top候选在锚定区间；AFE_RS12435[old=空]；identity=1.0000，较短覆盖=1.0000，当前覆盖=1.0000，旧序列覆盖=1.0000。旧2025 GFF已有同源蛋白注释，但无法关联任何旧AFE_xxxx，故按本项目身份定义列入母表；不表示生物学上新出现。	NCBI RefSeq GCF_049532655.1: https://www.ncbi.nlm.nih.gov/datasets/genome/GCF_049532655.1/; current WP WP_009567547.1: https://www.ncbi.nlm.nih.gov/protein/WP_009567547.1; old RefSeq GCF_000021485.1: https://www.ncbi.nlm.nih.gov/datasets/genome/GCF_000021485.1/; old RefSeq WP WP_009567547.1: https://www.ncbi.nlm.nih.gov/protein/WP_009567547.1; original GenBank GCA_000021485.1 GFF/protein: https://www.ncbi.nlm.nih.gov/datasets/genome/GCA_000021485.1/; ACK78469.1: https://www.ncbi.nlm.nih.gov/protein/ACK78469.1; ACK78570.1: https://www.ncbi.nlm.nih.gov/protein/ACK78570.1
RU820_RS12585	WP_012537357.1	B1无行	AFE_2725	重新识别为旧AFE基因对应	否	邻域核验：是：top候选在锚定区间；序列top hit=WP_236608966.1 identity=1.0000，较短覆盖=0.9576，当前覆盖=0.9186，旧序列覆盖=0.9576；旧基因组AFE locus=AFE_RS12505对应AFE_2725	NCBI RefSeq GCF_049532655.1: https://www.ncbi.nlm.nih.gov/datasets/genome/GCF_049532655.1/; current WP WP_012537357.1: https://www.ncbi.nlm.nih.gov/protein/WP_012537357.1; old RefSeq GCF_000021485.1: https://www.ncbi.nlm.nih.gov/datasets/genome/GCF_000021485.1/; old RefSeq WP WP_236608966.1: https://www.ncbi.nlm.nih.gov/protein/WP_236608966.1; original GenBank GCA_000021485.1 GFF/protein: https://www.ncbi.nlm.nih.gov/datasets/genome/GCA_000021485.1/; ACK80919.1: https://www.ncbi.nlm.nih.gov/protein/ACK80919.1
RU820_RS12810	WP_009566528.1	B1无行	无	旧基因组同源基因无旧AFE_xxxx标签；按工作定义纳入母表	是	邻域核验：是：top候选在锚定区间；AFE_RS16410[old=空]；identity=1.0000，较短覆盖=1.0000，当前覆盖=1.0000，旧序列覆盖=1.0000。旧2025 GFF已有同源蛋白注释，但无法关联任何旧AFE_xxxx，故按本项目身份定义列入母表；不表示生物学上新出现。	NCBI RefSeq GCF_049532655.1: https://www.ncbi.nlm.nih.gov/datasets/genome/GCF_049532655.1/; current WP WP_009566528.1: https://www.ncbi.nlm.nih.gov/protein/WP_009566528.1; old RefSeq GCF_000021485.1: https://www.ncbi.nlm.nih.gov/datasets/genome/GCF_000021485.1/; old RefSeq WP WP_009566528.1: https://www.ncbi.nlm.nih.gov/protein/WP_009566528.1; original GenBank GCA_000021485.1 GFF/protein: https://www.ncbi.nlm.nih.gov/datasets/genome/GCA_000021485.1/; ACK80940.1: https://www.ncbi.nlm.nih.gov/protein/ACK80940.1
RU820_RS12825	WP_012537379.1	B1无行	无	旧基因组同源基因无旧AFE_xxxx标签；按工作定义纳入母表	是	邻域核验：是：top候选在锚定区间；AFE_RS16235[old=空]；identity=1.0000，较短覆盖=1.0000，当前覆盖=1.0000，旧序列覆盖=1.0000。旧2025 GFF已有同源蛋白注释，但无法关联任何旧AFE_xxxx，故按本项目身份定义列入母表；不表示生物学上新出现。	NCBI RefSeq GCF_049532655.1: https://www.ncbi.nlm.nih.gov/datasets/genome/GCF_049532655.1/; current WP WP_012537379.1: https://www.ncbi.nlm.nih.gov/protein/WP_012537379.1; old RefSeq GCF_000021485.1: https://www.ncbi.nlm.nih.gov/datasets/genome/GCF_000021485.1/; old RefSeq WP WP_012537379.1: https://www.ncbi.nlm.nih.gov/protein/WP_012537379.1; original GenBank GCA_000021485.1 GFF/protein: https://www.ncbi.nlm.nih.gov/datasets/genome/GCA_000021485.1/; ACK78829.1: https://www.ncbi.nlm.nih.gov/protein/ACK78829.1; ACK79797.1: https://www.ncbi.nlm.nih.gov/protein/ACK79797.1
RU820_RS12855	WP_009561617.1	B1无行	AFE_2778	重新识别为原始GCA旧AFE基因对应	否	原始GCA AFE_2778 (ACK80900.1) 位于两侧已确认旧AFE_RS锚点之间；identity=1.0000, aa=92, 双向coverage=1.0000/0.9200	NCBI RefSeq GCF_049532655.1: https://www.ncbi.nlm.nih.gov/datasets/genome/GCF_049532655.1/; current WP WP_009561617.1: https://www.ncbi.nlm.nih.gov/protein/WP_009561617.1; old RefSeq GCF_000021485.1: https://www.ncbi.nlm.nih.gov/datasets/genome/GCF_000021485.1/; old RefSeq WP WP_012606790.1: https://www.ncbi.nlm.nih.gov/protein/WP_012606790.1; original GenBank GCA_000021485.1 GFF/protein: https://www.ncbi.nlm.nih.gov/datasets/genome/GCA_000021485.1/; ACK78017.1: https://www.ncbi.nlm.nih.gov/protein/ACK78017.1; ACK79095.1: https://www.ncbi.nlm.nih.gov/protein/ACK79095.1; ACK80241.1: https://www.ncbi.nlm.nih.gov/protein/ACK80241.1; ACK80900.1: https://www.ncbi.nlm.nih.gov/protein/ACK80900.1
RU820_RS12910	WP_012537388.1	B1无行	无	旧基因组同源基因无旧AFE_xxxx标签；按工作定义纳入母表	是	邻域核验：是：top候选在锚定区间；AFE_RS12815[old=空]；identity=1.0000，较短覆盖=1.0000，当前覆盖=1.0000，旧序列覆盖=1.0000。旧2025 GFF已有同源蛋白注释，但无法关联任何旧AFE_xxxx，故按本项目身份定义列入母表；不表示生物学上新出现。	NCBI RefSeq GCF_049532655.1: https://www.ncbi.nlm.nih.gov/datasets/genome/GCF_049532655.1/; current WP WP_012537388.1: https://www.ncbi.nlm.nih.gov/protein/WP_012537388.1; old RefSeq GCF_000021485.1: https://www.ncbi.nlm.nih.gov/datasets/genome/GCF_000021485.1/; old RefSeq WP WP_012537388.1: https://www.ncbi.nlm.nih.gov/protein/WP_012537388.1; original GenBank GCA_000021485.1 GFF/protein: https://www.ncbi.nlm.nih.gov/datasets/genome/GCA_000021485.1/; ACK78777.1: https://www.ncbi.nlm.nih.gov/protein/ACK78777.1; ACK80477.1: https://www.ncbi.nlm.nih.gov/protein/ACK80477.1
RU820_RS12925	WP_009565339.1	B1无行	无	旧基因组同源基因无旧AFE_xxxx标签；按工作定义纳入母表	是	邻域核验：是：top候选在锚定区间；AFE_RS12830[old=空]；identity=1.0000，较短覆盖=1.0000，当前覆盖=1.0000，旧序列覆盖=1.0000。旧2025 GFF已有同源蛋白注释，但无法关联任何旧AFE_xxxx，故按本项目身份定义列入母表；不表示生物学上新出现。	NCBI RefSeq GCF_049532655.1: https://www.ncbi.nlm.nih.gov/datasets/genome/GCF_049532655.1/; current WP WP_009565339.1: https://www.ncbi.nlm.nih.gov/protein/WP_009565339.1; old RefSeq GCF_000021485.1: https://www.ncbi.nlm.nih.gov/datasets/genome/GCF_000021485.1/; old RefSeq WP WP_009565339.1: https://www.ncbi.nlm.nih.gov/protein/WP_009565339.1; original GenBank GCA_000021485.1 GFF/protein: https://www.ncbi.nlm.nih.gov/datasets/genome/GCA_000021485.1/; ACK77944.1: https://www.ncbi.nlm.nih.gov/protein/ACK77944.1
RU820_RS12940	WP_080513214.1	B1无行	无	旧基因组同源基因无旧AFE_xxxx标签；按工作定义纳入母表	是	邻域核验：是：top候选在锚定区间；AFE_RS17130[old=空]；identity=1.0000，较短覆盖=1.0000，当前覆盖=1.0000，旧序列覆盖=1.0000。旧2025 GFF已有同源蛋白注释，但无法关联任何旧AFE_xxxx，故按本项目身份定义列入母表；不表示生物学上新出现。	NCBI RefSeq GCF_049532655.1: https://www.ncbi.nlm.nih.gov/datasets/genome/GCF_049532655.1/; current WP WP_080513214.1: https://www.ncbi.nlm.nih.gov/protein/WP_080513214.1; old RefSeq GCF_000021485.1: https://www.ncbi.nlm.nih.gov/datasets/genome/GCF_000021485.1/; old RefSeq WP WP_080513214.1: https://www.ncbi.nlm.nih.gov/protein/WP_080513214.1; original GenBank GCA_000021485.1 GFF/protein: https://www.ncbi.nlm.nih.gov/datasets/genome/GCA_000021485.1/; ACK77959.1: https://www.ncbi.nlm.nih.gov/protein/ACK77959.1; ACK78579.1: https://www.ncbi.nlm.nih.gov/protein/ACK78579.1
RU820_RS13025	WP_226850049.1	B1无行	AFE_2816	旧AFE候选涉及split/merge或注释边界变化，待人工复核	否	原始GCA AFE_2816 (ACK78177.1) 同链坐标重叠 441 bp；identity=1.0000, aa=125, 当前覆盖=1.0000, 旧覆盖=0.8562	NCBI RefSeq GCF_049532655.1: https://www.ncbi.nlm.nih.gov/datasets/genome/GCF_049532655.1/; current WP WP_226850049.1: https://www.ncbi.nlm.nih.gov/protein/WP_226850049.1; old RefSeq GCF_000021485.1: https://www.ncbi.nlm.nih.gov/datasets/genome/GCF_000021485.1/; old RefSeq WP WP_012537407.1: https://www.ncbi.nlm.nih.gov/protein/WP_012537407.1; original GenBank GCA_000021485.1 GFF/protein: https://www.ncbi.nlm.nih.gov/datasets/genome/GCA_000021485.1/; ACK78177.1: https://www.ncbi.nlm.nih.gov/protein/ACK78177.1
RU820_RS13050	WP_009562433.1	B1无行	AFE_2821,AFE_2822	旧AFE候选涉及split/merge或注释边界变化，待人工复核	否	原始GCA AFE_2821 (ACK79720.1) 同链坐标重叠 582 bp；identity=0.9948, aa=193, 当前覆盖=0.6349, 旧覆盖=1.0000; 原始GCA AFE_2822 (ACK78612.1) 同链坐标重叠 34 bp；identity=0.9908, aa=109, 当前覆盖=0.3586, 旧覆盖=0.9237	NCBI RefSeq GCF_049532655.1: https://www.ncbi.nlm.nih.gov/datasets/genome/GCF_049532655.1/; current WP WP_009562433.1: https://www.ncbi.nlm.nih.gov/protein/WP_009562433.1; old RefSeq GCF_000021485.1: https://www.ncbi.nlm.nih.gov/datasets/genome/GCF_000021485.1/; old RefSeq WP WP_236608967.1: https://www.ncbi.nlm.nih.gov/protein/WP_236608967.1; original GenBank GCA_000021485.1 GFF/protein: https://www.ncbi.nlm.nih.gov/datasets/genome/GCA_000021485.1/; ACK78612.1: https://www.ncbi.nlm.nih.gov/protein/ACK78612.1; ACK79720.1: https://www.ncbi.nlm.nih.gov/protein/ACK79720.1
RU820_RS13090	WP_012537416.1	B1无行	AFE_2830	旧AFE候选涉及split/merge或注释边界变化，待人工复核	否	原始GCA AFE_2830 (ACK78544.1) 同链坐标重叠 429 bp；identity=1.0000, aa=142, 当前覆盖=0.6174, 旧覆盖=1.0000	NCBI RefSeq GCF_049532655.1: https://www.ncbi.nlm.nih.gov/datasets/genome/GCF_049532655.1/; current WP WP_012537416.1: https://www.ncbi.nlm.nih.gov/protein/WP_012537416.1; old RefSeq GCF_000021485.1: https://www.ncbi.nlm.nih.gov/datasets/genome/GCF_000021485.1/; old RefSeq WP WP_012537416.1: https://www.ncbi.nlm.nih.gov/protein/WP_012537416.1; original GenBank GCA_000021485.1 GFF/protein: https://www.ncbi.nlm.nih.gov/datasets/genome/GCA_000021485.1/; ACK78544.1: https://www.ncbi.nlm.nih.gov/protein/ACK78544.1
RU820_RS13170	WP_009564657.1	B1无行	无	旧基因组同源基因无旧AFE_xxxx标签；按工作定义纳入母表	是	邻域核验：是：top候选在锚定区间；AFE_RS13075[old=空]；identity=1.0000，较短覆盖=1.0000，当前覆盖=1.0000，旧序列覆盖=1.0000。旧2025 GFF已有同源蛋白注释，但无法关联任何旧AFE_xxxx，故按本项目身份定义列入母表；不表示生物学上新出现。	NCBI RefSeq GCF_049532655.1: https://www.ncbi.nlm.nih.gov/datasets/genome/GCF_049532655.1/; current WP WP_009564657.1: https://www.ncbi.nlm.nih.gov/protein/WP_009564657.1; old RefSeq GCF_000021485.1: https://www.ncbi.nlm.nih.gov/datasets/genome/GCF_000021485.1/; old RefSeq WP WP_009564657.1: https://www.ncbi.nlm.nih.gov/protein/WP_009564657.1; original GenBank GCA_000021485.1 GFF/protein: https://www.ncbi.nlm.nih.gov/datasets/genome/GCA_000021485.1/; ACK78685.1: https://www.ncbi.nlm.nih.gov/protein/ACK78685.1; ACK79015.1: https://www.ncbi.nlm.nih.gov/protein/ACK79015.1
RU820_RS13295	WP_148208627.1	B1无行	无	旧基因组同源基因无旧AFE_xxxx标签；按工作定义纳入母表	是	邻域核验：是：top候选在锚定区间；AFE_RS16245[old=空]；identity=1.0000，较短覆盖=1.0000，当前覆盖=1.0000，旧序列覆盖=1.0000。旧2025 GFF已有同源蛋白注释，但无法关联任何旧AFE_xxxx，故按本项目身份定义列入母表；不表示生物学上新出现。	NCBI RefSeq GCF_049532655.1: https://www.ncbi.nlm.nih.gov/datasets/genome/GCF_049532655.1/; current WP WP_148208627.1: https://www.ncbi.nlm.nih.gov/protein/WP_148208627.1; old RefSeq GCF_000021485.1: https://www.ncbi.nlm.nih.gov/datasets/genome/GCF_000021485.1/; old RefSeq WP WP_148208627.1: https://www.ncbi.nlm.nih.gov/protein/WP_148208627.1; original GenBank GCA_000021485.1 GFF/protein: https://www.ncbi.nlm.nih.gov/datasets/genome/GCA_000021485.1/; ACK78330.1: https://www.ncbi.nlm.nih.gov/protein/ACK78330.1; ACK79940.1: https://www.ncbi.nlm.nih.gov/protein/ACK79940.1; ACK80631.1: https://www.ncbi.nlm.nih.gov/protein/ACK80631.1
RU820_RS13300	WP_146235846.1	B1无行	无	旧基因组同源基因无旧AFE_xxxx标签；按工作定义纳入母表	是	邻域核验：是：top候选在锚定区间；AFE_RS16250[old=空]；identity=1.0000，较短覆盖=1.0000，当前覆盖=1.0000，旧序列覆盖=1.0000。旧2025 GFF已有同源蛋白注释，但无法关联任何旧AFE_xxxx，故按本项目身份定义列入母表；不表示生物学上新出现。	NCBI RefSeq GCF_049532655.1: https://www.ncbi.nlm.nih.gov/datasets/genome/GCF_049532655.1/; current WP WP_146235846.1: https://www.ncbi.nlm.nih.gov/protein/WP_146235846.1; old RefSeq GCF_000021485.1: https://www.ncbi.nlm.nih.gov/datasets/genome/GCF_000021485.1/; old RefSeq WP WP_146235846.1: https://www.ncbi.nlm.nih.gov/protein/WP_146235846.1; original GenBank GCA_000021485.1 GFF/protein: https://www.ncbi.nlm.nih.gov/datasets/genome/GCA_000021485.1/; ACK78631.1: https://www.ncbi.nlm.nih.gov/protein/ACK78631.1; ACK79940.1: https://www.ncbi.nlm.nih.gov/protein/ACK79940.1; ACK80631.1: https://www.ncbi.nlm.nih.gov/protein/ACK80631.1
RU820_RS13305	WP_041646608.1	B1无行	无	旧基因组同源基因无旧AFE_xxxx标签；按工作定义纳入母表	是	邻域核验：是：top候选在锚定区间；AFE_RS16630[old=空]；identity=1.0000，较短覆盖=1.0000，当前覆盖=1.0000，旧序列覆盖=1.0000。旧2025 GFF已有同源蛋白注释，但无法关联任何旧AFE_xxxx，故按本项目身份定义列入母表；不表示生物学上新出现。	NCBI RefSeq GCF_049532655.1: https://www.ncbi.nlm.nih.gov/datasets/genome/GCF_049532655.1/; current WP WP_041646608.1: https://www.ncbi.nlm.nih.gov/protein/WP_041646608.1; old RefSeq GCF_000021485.1: https://www.ncbi.nlm.nih.gov/datasets/genome/GCF_000021485.1/; old RefSeq WP WP_041646608.1: https://www.ncbi.nlm.nih.gov/protein/WP_041646608.1; original GenBank GCA_000021485.1 GFF/protein: https://www.ncbi.nlm.nih.gov/datasets/genome/GCA_000021485.1/; ACK79361.1: https://www.ncbi.nlm.nih.gov/protein/ACK79361.1; ACK80631.1: https://www.ncbi.nlm.nih.gov/protein/ACK80631.1
RU820_RS13320	WP_245451231.1	B1无行	无	旧基因组同源基因无旧AFE_xxxx标签；按工作定义纳入母表	是	邻域核验：是：top候选在锚定区间；AFE_RS17015[old=空]；identity=1.0000，较短覆盖=1.0000，当前覆盖=1.0000，旧序列覆盖=1.0000。旧2025 GFF已有同源蛋白注释，但无法关联任何旧AFE_xxxx，故按本项目身份定义列入母表；不表示生物学上新出现。	NCBI RefSeq GCF_049532655.1: https://www.ncbi.nlm.nih.gov/datasets/genome/GCF_049532655.1/; current WP WP_245451231.1: https://www.ncbi.nlm.nih.gov/protein/WP_245451231.1; old RefSeq GCF_000021485.1: https://www.ncbi.nlm.nih.gov/datasets/genome/GCF_000021485.1/; old RefSeq WP WP_245451231.1: https://www.ncbi.nlm.nih.gov/protein/WP_245451231.1; original GenBank GCA_000021485.1 GFF/protein: https://www.ncbi.nlm.nih.gov/datasets/genome/GCA_000021485.1/; ACK78322.1: https://www.ncbi.nlm.nih.gov/protein/ACK78322.1; ACK78987.1: https://www.ncbi.nlm.nih.gov/protein/ACK78987.1
RU820_RS13340	WP_009566804.1	B1无行	无	旧基因组同源基因无旧AFE_xxxx标签；按工作定义纳入母表	是	邻域核验：是：top候选在锚定区间；AFE_RS17135[old=空]；identity=1.0000，较短覆盖=1.0000，当前覆盖=1.0000，旧序列覆盖=1.0000。旧2025 GFF已有同源蛋白注释，但无法关联任何旧AFE_xxxx，故按本项目身份定义列入母表；不表示生物学上新出现。	NCBI RefSeq GCF_049532655.1: https://www.ncbi.nlm.nih.gov/datasets/genome/GCF_049532655.1/; current WP WP_009566804.1: https://www.ncbi.nlm.nih.gov/protein/WP_009566804.1; old RefSeq GCF_000021485.1: https://www.ncbi.nlm.nih.gov/datasets/genome/GCF_000021485.1/; old RefSeq WP WP_009566804.1: https://www.ncbi.nlm.nih.gov/protein/WP_009566804.1; original GenBank GCA_000021485.1 GFF/protein: https://www.ncbi.nlm.nih.gov/datasets/genome/GCA_000021485.1/; ACK79015.1: https://www.ncbi.nlm.nih.gov/protein/ACK79015.1
RU820_RS13345	WP_012537449.1	B1无行	无	旧基因组同源基因无旧AFE_xxxx标签；按工作定义纳入母表	是	邻域核验：是：top候选在锚定区间；AFE_RS15395[old=空]；identity=1.0000，较短覆盖=1.0000，当前覆盖=1.0000，旧序列覆盖=1.0000。旧2025 GFF已有同源蛋白注释，但无法关联任何旧AFE_xxxx，故按本项目身份定义列入母表；不表示生物学上新出现。	NCBI RefSeq GCF_049532655.1: https://www.ncbi.nlm.nih.gov/datasets/genome/GCF_049532655.1/; current WP WP_012537449.1: https://www.ncbi.nlm.nih.gov/protein/WP_012537449.1; old RefSeq GCF_000021485.1: https://www.ncbi.nlm.nih.gov/datasets/genome/GCF_000021485.1/; old RefSeq WP WP_012537449.1: https://www.ncbi.nlm.nih.gov/protein/WP_012537449.1; original GenBank GCA_000021485.1 GFF/protein: https://www.ncbi.nlm.nih.gov/datasets/genome/GCA_000021485.1/; ACK78726.1: https://www.ncbi.nlm.nih.gov/protein/ACK78726.1
RU820_RS13405	WP_411763108.1	B1无行	AFE_2893	旧AFE候选涉及split/merge或注释边界变化，待人工复核	否	原始GCA AFE_2893 (ACK79038.1) 同链坐标重叠 1863 bp；identity=1.0000, aa=76, 当前覆盖=1.0000, 旧覆盖=0.1226	NCBI RefSeq GCF_049532655.1: https://www.ncbi.nlm.nih.gov/datasets/genome/GCF_049532655.1/; current WP WP_411763108.1: https://www.ncbi.nlm.nih.gov/protein/WP_411763108.1; old RefSeq GCF_000021485.1: https://www.ncbi.nlm.nih.gov/datasets/genome/GCF_000021485.1/; old RefSeq WP WP_012537458.1: https://www.ncbi.nlm.nih.gov/protein/WP_012537458.1; original GenBank GCA_000021485.1 GFF/protein: https://www.ncbi.nlm.nih.gov/datasets/genome/GCA_000021485.1/; ACK79038.1: https://www.ncbi.nlm.nih.gov/protein/ACK79038.1
RU820_RS13610	WP_012535935.1	未映射/未确定	AFE_2470	重新识别为原始GCA旧AFE基因对应	否	原始GCA AFE_2470 (ACK79906.1) 与旧GCF同坐标投射重叠 1638 bp，占较短CDS大部；identity=1.0000, aa=545, 双向coverage=1.0000/1.0000	NCBI RefSeq GCF_049532655.1: https://www.ncbi.nlm.nih.gov/datasets/genome/GCF_049532655.1/; current WP WP_012535935.1: https://www.ncbi.nlm.nih.gov/protein/WP_012535935.1; old RefSeq GCF_000021485.1: https://www.ncbi.nlm.nih.gov/datasets/genome/GCF_000021485.1/; old RefSeq WP WP_012535935.1: https://www.ncbi.nlm.nih.gov/protein/WP_012535935.1; original GenBank GCA_000021485.1 GFF/protein: https://www.ncbi.nlm.nih.gov/datasets/genome/GCA_000021485.1/; ACK79906.1: https://www.ncbi.nlm.nih.gov/protein/ACK79906.1; ACK80830.1: https://www.ncbi.nlm.nih.gov/protein/ACK80830.1
RU820_RS13615	WP_012535936.1	多重候选	AFE_2938	重新识别为原始GCA旧AFE基因对应	否	原始GCA AFE_2938 (ACK80830.1) 与旧GCF同坐标投射重叠 348 bp，占较短CDS大部；identity=1.0000, aa=115, 双向coverage=1.0000/1.0000	NCBI RefSeq GCF_049532655.1: https://www.ncbi.nlm.nih.gov/datasets/genome/GCF_049532655.1/; current WP WP_012535936.1: https://www.ncbi.nlm.nih.gov/protein/WP_012535936.1; old RefSeq GCF_000021485.1: https://www.ncbi.nlm.nih.gov/datasets/genome/GCF_000021485.1/; old RefSeq WP WP_012535936.1: https://www.ncbi.nlm.nih.gov/protein/WP_012535936.1; original GenBank GCA_000021485.1 GFF/protein: https://www.ncbi.nlm.nih.gov/datasets/genome/GCA_000021485.1/; ACK78353.1: https://www.ncbi.nlm.nih.gov/protein/ACK78353.1; ACK80830.1: https://www.ncbi.nlm.nih.gov/protein/ACK80830.1
RU820_RS13620	WP_012535937.1	多重候选	AFE_2939	重新识别为原始GCA旧AFE基因对应	否	原始GCA AFE_2939 (ACK78353.1) 与旧GCF同坐标投射重叠 333 bp，占较短CDS大部；identity=1.0000, aa=110, 双向coverage=1.0000/1.0000	NCBI RefSeq GCF_049532655.1: https://www.ncbi.nlm.nih.gov/datasets/genome/GCF_049532655.1/; current WP WP_012535937.1: https://www.ncbi.nlm.nih.gov/protein/WP_012535937.1; old RefSeq GCF_000021485.1: https://www.ncbi.nlm.nih.gov/datasets/genome/GCF_000021485.1/; old RefSeq WP WP_012535937.1: https://www.ncbi.nlm.nih.gov/protein/WP_012535937.1; original GenBank GCA_000021485.1 GFF/protein: https://www.ncbi.nlm.nih.gov/datasets/genome/GCA_000021485.1/; ACK78353.1: https://www.ncbi.nlm.nih.gov/protein/ACK78353.1; ACK79139.1: https://www.ncbi.nlm.nih.gov/protein/ACK79139.1; ACK80830.1: https://www.ncbi.nlm.nih.gov/protein/ACK80830.1
RU820_RS13635	WP_012537487.1	B1无行	无	旧基因组同源基因无旧AFE_xxxx标签；按工作定义纳入母表	是	邻域核验：是：top候选在锚定区间；AFE_RS13500[old=空]；identity=1.0000，较短覆盖=1.0000，当前覆盖=1.0000，旧序列覆盖=1.0000。旧2025 GFF已有同源蛋白注释，但无法关联任何旧AFE_xxxx，故按本项目身份定义列入母表；不表示生物学上新出现。	NCBI RefSeq GCF_049532655.1: https://www.ncbi.nlm.nih.gov/datasets/genome/GCF_049532655.1/; current WP WP_012537487.1: https://www.ncbi.nlm.nih.gov/protein/WP_012537487.1; old RefSeq GCF_000021485.1: https://www.ncbi.nlm.nih.gov/datasets/genome/GCF_000021485.1/; old RefSeq WP WP_012537487.1: https://www.ncbi.nlm.nih.gov/protein/WP_012537487.1; original GenBank GCA_000021485.1 GFF/protein: https://www.ncbi.nlm.nih.gov/datasets/genome/GCA_000021485.1/; ACK79531.1: https://www.ncbi.nlm.nih.gov/protein/ACK79531.1; ACK80555.1: https://www.ncbi.nlm.nih.gov/protein/ACK80555.1
RU820_RS13645	WP_012537490.1	B1无行	无	旧基因组同源基因无旧AFE_xxxx标签；按工作定义纳入母表	是	邻域核验：是：top候选在锚定区间；AFE_RS16420[old=空]；identity=1.0000，较短覆盖=1.0000，当前覆盖=1.0000，旧序列覆盖=1.0000。旧2025 GFF已有同源蛋白注释，但无法关联任何旧AFE_xxxx，故按本项目身份定义列入母表；不表示生物学上新出现。	NCBI RefSeq GCF_049532655.1: https://www.ncbi.nlm.nih.gov/datasets/genome/GCF_049532655.1/; current WP WP_012537490.1: https://www.ncbi.nlm.nih.gov/protein/WP_012537490.1; old RefSeq GCF_000021485.1: https://www.ncbi.nlm.nih.gov/datasets/genome/GCF_000021485.1/; old RefSeq WP WP_012537490.1: https://www.ncbi.nlm.nih.gov/protein/WP_012537490.1; original GenBank GCA_000021485.1 GFF/protein: https://www.ncbi.nlm.nih.gov/datasets/genome/GCA_000021485.1/; ACK80869.1: https://www.ncbi.nlm.nih.gov/protein/ACK80869.1
RU820_RS13715	WP_012537501.1	B1无行	无	旧基因组同源基因无旧AFE_xxxx标签；按工作定义纳入母表	是	邻域核验：是：top候选在锚定区间；AFE_RS13575[old=空]；identity=1.0000，较短覆盖=1.0000，当前覆盖=1.0000，旧序列覆盖=1.0000。旧2025 GFF已有同源蛋白注释，但无法关联任何旧AFE_xxxx，故按本项目身份定义列入母表；不表示生物学上新出现。	NCBI RefSeq GCF_049532655.1: https://www.ncbi.nlm.nih.gov/datasets/genome/GCF_049532655.1/; current WP WP_012537501.1: https://www.ncbi.nlm.nih.gov/protein/WP_012537501.1; old RefSeq GCF_000021485.1: https://www.ncbi.nlm.nih.gov/datasets/genome/GCF_000021485.1/; old RefSeq WP WP_012537501.1: https://www.ncbi.nlm.nih.gov/protein/WP_012537501.1; original GenBank GCA_000021485.1 GFF/protein: https://www.ncbi.nlm.nih.gov/datasets/genome/GCA_000021485.1/; ACK79821.1: https://www.ncbi.nlm.nih.gov/protein/ACK79821.1; ACK80607.1: https://www.ncbi.nlm.nih.gov/protein/ACK80607.1
RU820_RS13780	WP_012606582.1	多重候选	AFE_2972	重新识别为原始GCA旧AFE基因对应	否	原始GCA AFE_2972 (ACK80502.1) 与旧GCF同坐标投射重叠 1227 bp，占较短CDS大部；identity=1.0000, aa=408, 双向coverage=1.0000/1.0000	NCBI RefSeq GCF_049532655.1: https://www.ncbi.nlm.nih.gov/datasets/genome/GCF_049532655.1/; current WP WP_012606582.1: https://www.ncbi.nlm.nih.gov/protein/WP_012606582.1; old RefSeq GCF_000021485.1: https://www.ncbi.nlm.nih.gov/datasets/genome/GCF_000021485.1/; old RefSeq WP WP_012606582.1: https://www.ncbi.nlm.nih.gov/protein/WP_012606582.1; original GenBank GCA_000021485.1 GFF/protein: https://www.ncbi.nlm.nih.gov/datasets/genome/GCA_000021485.1/; ACK80502.1: https://www.ncbi.nlm.nih.gov/protein/ACK80502.1
RU820_RS13790	WP_012537513.1	B1无行	AFE_2974	重新识别为原始GCA旧AFE基因对应	否	原始GCA AFE_2974 (ACK80056.1) 与旧GCF同坐标投射重叠 1581 bp，占较短CDS大部；identity=1.0000, aa=585, 双向coverage=1.0000/1.0000	NCBI RefSeq GCF_049532655.1: https://www.ncbi.nlm.nih.gov/datasets/genome/GCF_049532655.1/; current WP WP_012537513.1: https://www.ncbi.nlm.nih.gov/protein/WP_012537513.1; old RefSeq GCF_000021485.1: https://www.ncbi.nlm.nih.gov/datasets/genome/GCF_000021485.1/; old RefSeq WP WP_230456317.1: https://www.ncbi.nlm.nih.gov/protein/WP_230456317.1; original GenBank GCA_000021485.1 GFF/protein: https://www.ncbi.nlm.nih.gov/datasets/genome/GCA_000021485.1/; ACK80056.1: https://www.ncbi.nlm.nih.gov/protein/ACK80056.1
RU820_RS13805	WP_012537516.1	B1无行	无	旧基因组同源基因无旧AFE_xxxx标签；按工作定义纳入母表	是	邻域核验：是：top候选在锚定区间；AFE_RS16265[old=空]；identity=1.0000，较短覆盖=1.0000，当前覆盖=1.0000，旧序列覆盖=1.0000。旧2025 GFF已有同源蛋白注释，但无法关联任何旧AFE_xxxx，故按本项目身份定义列入母表；不表示生物学上新出现。	NCBI RefSeq GCF_049532655.1: https://www.ncbi.nlm.nih.gov/datasets/genome/GCF_049532655.1/; current WP WP_012537516.1: https://www.ncbi.nlm.nih.gov/protein/WP_012537516.1; old RefSeq GCF_000021485.1: https://www.ncbi.nlm.nih.gov/datasets/genome/GCF_000021485.1/; old RefSeq WP WP_012537516.1: https://www.ncbi.nlm.nih.gov/protein/WP_012537516.1; original GenBank GCA_000021485.1 GFF/protein: https://www.ncbi.nlm.nih.gov/datasets/genome/GCA_000021485.1/; ACK78053.1: https://www.ncbi.nlm.nih.gov/protein/ACK78053.1; ACK78758.1: https://www.ncbi.nlm.nih.gov/protein/ACK78758.1; ACK79029.1: https://www.ncbi.nlm.nih.gov/protein/ACK79029.1
RU820_RS13810	WP_206382953.1	B1无行	AFE_2977	重新识别为原始GCA旧AFE基因对应	否	原始GCA AFE_2977 (ACK78758.1) 与旧GCF同坐标投射重叠 1020 bp，占较短CDS大部；identity=1.0000, aa=328, 双向coverage=1.0000/0.9676	NCBI RefSeq GCF_049532655.1: https://www.ncbi.nlm.nih.gov/datasets/genome/GCF_049532655.1/; current WP WP_206382953.1: https://www.ncbi.nlm.nih.gov/protein/WP_206382953.1; old RefSeq GCF_000021485.1: https://www.ncbi.nlm.nih.gov/datasets/genome/GCF_000021485.1/; old RefSeq WP WP_012537517.1: https://www.ncbi.nlm.nih.gov/protein/WP_012537517.1; original GenBank GCA_000021485.1 GFF/protein: https://www.ncbi.nlm.nih.gov/datasets/genome/GCA_000021485.1/; ACK78758.1: https://www.ncbi.nlm.nih.gov/protein/ACK78758.1
RU820_RS13815	WP_012607185.1	未映射/未确定	AFE_1706	重新识别为原始GCA旧AFE基因对应	否	原始GCA AFE_1706 (ACK80306.1) 与旧GCF同坐标投射重叠 1638 bp，占较短CDS大部；identity=1.0000, aa=545, 双向coverage=1.0000/1.0000	NCBI RefSeq GCF_049532655.1: https://www.ncbi.nlm.nih.gov/datasets/genome/GCF_049532655.1/; current WP WP_012607185.1: https://www.ncbi.nlm.nih.gov/protein/WP_012607185.1; old RefSeq GCF_000021485.1: https://www.ncbi.nlm.nih.gov/datasets/genome/GCF_000021485.1/; old RefSeq WP WP_012607185.1: https://www.ncbi.nlm.nih.gov/protein/WP_012607185.1; original GenBank GCA_000021485.1 GFF/protein: https://www.ncbi.nlm.nih.gov/datasets/genome/GCA_000021485.1/; ACK78758.1: https://www.ncbi.nlm.nih.gov/protein/ACK78758.1; ACK80306.1: https://www.ncbi.nlm.nih.gov/protein/ACK80306.1
RU820_RS13820	WP_009569019.1	未映射/未确定	AFE_1708	重新识别为原始GCA旧AFE基因对应	否	原始GCA AFE_1708 (ACK79393.1) 与旧GCF同坐标投射重叠 348 bp，占较短CDS大部；identity=1.0000, aa=115, 双向coverage=1.0000/1.0000	NCBI RefSeq GCF_049532655.1: https://www.ncbi.nlm.nih.gov/datasets/genome/GCF_049532655.1/; current WP WP_009569019.1: https://www.ncbi.nlm.nih.gov/protein/WP_009569019.1; old RefSeq GCF_000021485.1: https://www.ncbi.nlm.nih.gov/datasets/genome/GCF_000021485.1/; old RefSeq WP WP_009569019.1: https://www.ncbi.nlm.nih.gov/protein/WP_009569019.1; original GenBank GCA_000021485.1 GFF/protein: https://www.ncbi.nlm.nih.gov/datasets/genome/GCA_000021485.1/; ACK78758.1: https://www.ncbi.nlm.nih.gov/protein/ACK78758.1; ACK79393.1: https://www.ncbi.nlm.nih.gov/protein/ACK79393.1; ACK80340.1: https://www.ncbi.nlm.nih.gov/protein/ACK80340.1
RU820_RS13825	WP_012536651.1	未映射/未确定	AFE_1709	重新识别为原始GCA旧AFE基因对应	否	原始GCA AFE_1709 (ACK80340.1) 与旧GCF同坐标投射重叠 333 bp，占较短CDS大部；identity=1.0000, aa=110, 双向coverage=1.0000/1.0000	NCBI RefSeq GCF_049532655.1: https://www.ncbi.nlm.nih.gov/datasets/genome/GCF_049532655.1/; current WP WP_012536651.1: https://www.ncbi.nlm.nih.gov/protein/WP_012536651.1; old RefSeq GCF_000021485.1: https://www.ncbi.nlm.nih.gov/datasets/genome/GCF_000021485.1/; old RefSeq WP WP_012536651.1: https://www.ncbi.nlm.nih.gov/protein/WP_012536651.1; original GenBank GCA_000021485.1 GFF/protein: https://www.ncbi.nlm.nih.gov/datasets/genome/GCA_000021485.1/; ACK78758.1: https://www.ncbi.nlm.nih.gov/protein/ACK78758.1; ACK79393.1: https://www.ncbi.nlm.nih.gov/protein/ACK79393.1; ACK80340.1: https://www.ncbi.nlm.nih.gov/protein/ACK80340.1
RU820_RS14070	WP_012537557.1	B1无行	无	旧基因组同源基因无旧AFE_xxxx标签；按工作定义纳入母表	是	邻域核验：是：top候选在锚定区间；AFE_RS13890[old=空]；identity=1.0000，较短覆盖=1.0000，当前覆盖=1.0000，旧序列覆盖=1.0000。旧2025 GFF已有同源蛋白注释，但无法关联任何旧AFE_xxxx，故按本项目身份定义列入母表；不表示生物学上新出现。	NCBI RefSeq GCF_049532655.1: https://www.ncbi.nlm.nih.gov/datasets/genome/GCF_049532655.1/; current WP WP_012537557.1: https://www.ncbi.nlm.nih.gov/protein/WP_012537557.1; old RefSeq GCF_000021485.1: https://www.ncbi.nlm.nih.gov/datasets/genome/GCF_000021485.1/; old RefSeq WP WP_012537557.1: https://www.ncbi.nlm.nih.gov/protein/WP_012537557.1; original GenBank GCA_000021485.1 GFF/protein: https://www.ncbi.nlm.nih.gov/datasets/genome/GCA_000021485.1/; ACK79086.1: https://www.ncbi.nlm.nih.gov/protein/ACK79086.1
RU820_RS14245	WP_420807563.1	B1无行	AFE_3067	重新识别为原始GCA旧AFE基因对应	否	原始GCA AFE_3067 (ACK79307.1) 与旧GCF同坐标投射重叠 375 bp，占较短CDS大部；identity=0.9912, aa=113, 双向coverage=1.0000/0.9113	NCBI RefSeq GCF_049532655.1: https://www.ncbi.nlm.nih.gov/datasets/genome/GCF_049532655.1/; current WP WP_420807563.1: https://www.ncbi.nlm.nih.gov/protein/WP_420807563.1; old RefSeq GCF_000021485.1: https://www.ncbi.nlm.nih.gov/datasets/genome/GCF_000021485.1/; old RefSeq WP WP_012537577.1: https://www.ncbi.nlm.nih.gov/protein/WP_012537577.1; original GenBank GCA_000021485.1 GFF/protein: https://www.ncbi.nlm.nih.gov/datasets/genome/GCA_000021485.1/; ACK79307.1: https://www.ncbi.nlm.nih.gov/protein/ACK79307.1
RU820_RS14290	WP_229129811.1	B1无行	AFE_3076	旧AFE候选涉及split/merge或注释边界变化，待人工复核	否	原始GCA AFE_3076 (ACK80965.1) 同链坐标重叠 411 bp；identity=0.9925, aa=134, 当前覆盖=1.0000, 旧覆盖=0.8171	NCBI RefSeq GCF_049532655.1: https://www.ncbi.nlm.nih.gov/datasets/genome/GCF_049532655.1/; current WP WP_229129811.1: https://www.ncbi.nlm.nih.gov/protein/WP_229129811.1; old RefSeq GCF_000021485.1: https://www.ncbi.nlm.nih.gov/datasets/genome/GCF_000021485.1/; old RefSeq WP WP_226833942.1: https://www.ncbi.nlm.nih.gov/protein/WP_226833942.1; original GenBank GCA_000021485.1 GFF/protein: https://www.ncbi.nlm.nih.gov/datasets/genome/GCA_000021485.1/; ACK79216.1: https://www.ncbi.nlm.nih.gov/protein/ACK79216.1; ACK80965.1: https://www.ncbi.nlm.nih.gov/protein/ACK80965.1
RU820_RS14295	WP_012537585.1	B1无行	无	旧基因组同源基因无旧AFE_xxxx标签；按工作定义纳入母表	是	邻域核验：是：top候选在锚定区间；AFE_RS14110[old=空]；identity=1.0000，较短覆盖=1.0000，当前覆盖=1.0000，旧序列覆盖=1.0000。旧2025 GFF已有同源蛋白注释，但无法关联任何旧AFE_xxxx，故按本项目身份定义列入母表；不表示生物学上新出现。	NCBI RefSeq GCF_049532655.1: https://www.ncbi.nlm.nih.gov/datasets/genome/GCF_049532655.1/; current WP WP_012537585.1: https://www.ncbi.nlm.nih.gov/protein/WP_012537585.1; old RefSeq GCF_000021485.1: https://www.ncbi.nlm.nih.gov/datasets/genome/GCF_000021485.1/; old RefSeq WP WP_012537585.1: https://www.ncbi.nlm.nih.gov/protein/WP_012537585.1; original GenBank GCA_000021485.1 GFF/protein: https://www.ncbi.nlm.nih.gov/datasets/genome/GCA_000021485.1/; ACK79312.1: https://www.ncbi.nlm.nih.gov/protein/ACK79312.1; ACK80965.1: https://www.ncbi.nlm.nih.gov/protein/ACK80965.1
RU820_RS14410	WP_009566502.1	B1无行	无	旧基因组同源基因无旧AFE_xxxx标签；按工作定义纳入母表	是	邻域核验：是：top候选在锚定区间；AFE_RS14225[old=空]；identity=1.0000，较短覆盖=1.0000，当前覆盖=1.0000，旧序列覆盖=1.0000。旧2025 GFF已有同源蛋白注释，但无法关联任何旧AFE_xxxx，故按本项目身份定义列入母表；不表示生物学上新出现。	NCBI RefSeq GCF_049532655.1: https://www.ncbi.nlm.nih.gov/datasets/genome/GCF_049532655.1/; current WP WP_009566502.1: https://www.ncbi.nlm.nih.gov/protein/WP_009566502.1; old RefSeq GCF_000021485.1: https://www.ncbi.nlm.nih.gov/datasets/genome/GCF_000021485.1/; old RefSeq WP WP_009566502.1: https://www.ncbi.nlm.nih.gov/protein/WP_009566502.1; original GenBank GCA_000021485.1 GFF/protein: https://www.ncbi.nlm.nih.gov/datasets/genome/GCA_000021485.1/; ACK78325.1: https://www.ncbi.nlm.nih.gov/protein/ACK78325.1; ACK79946.1: https://www.ncbi.nlm.nih.gov/protein/ACK79946.1
RU820_RS14475	WP_012537283.1	多重候选	AFE_3116	重新识别为原始GCA旧AFE基因对应	否	原始GCA AFE_3116 (ACK79359.1) 与旧GCF同坐标投射重叠 387 bp，占较短CDS大部；identity=1.0000, aa=128, 双向coverage=1.0000/1.0000	NCBI RefSeq GCF_049532655.1: https://www.ncbi.nlm.nih.gov/datasets/genome/GCF_049532655.1/; current WP WP_012537283.1: https://www.ncbi.nlm.nih.gov/protein/WP_012537283.1; old RefSeq GCF_000021485.1: https://www.ncbi.nlm.nih.gov/datasets/genome/GCF_000021485.1/; old RefSeq WP WP_012537283.1: https://www.ncbi.nlm.nih.gov/protein/WP_012537283.1; original GenBank GCA_000021485.1 GFF/protein: https://www.ncbi.nlm.nih.gov/datasets/genome/GCA_000021485.1/; ACK79359.1: https://www.ncbi.nlm.nih.gov/protein/ACK79359.1
RU820_RS14480	WP_009566820.1	多重候选	AFE_3117	重新识别为原始GCA旧AFE基因对应	否	原始GCA AFE_3117 (ACK78641.1) 与旧GCF同坐标投射重叠 231 bp，占较短CDS大部；identity=1.0000, aa=76, 双向coverage=1.0000/1.0000	NCBI RefSeq GCF_049532655.1: https://www.ncbi.nlm.nih.gov/datasets/genome/GCF_049532655.1/; current WP WP_009566820.1: https://www.ncbi.nlm.nih.gov/protein/WP_009566820.1; old RefSeq GCF_000021485.1: https://www.ncbi.nlm.nih.gov/datasets/genome/GCF_000021485.1/; old RefSeq WP WP_009566820.1: https://www.ncbi.nlm.nih.gov/protein/WP_009566820.1; original GenBank GCA_000021485.1 GFF/protein: https://www.ncbi.nlm.nih.gov/datasets/genome/GCA_000021485.1/; ACK78641.1: https://www.ncbi.nlm.nih.gov/protein/ACK78641.1; ACK79186.1: https://www.ncbi.nlm.nih.gov/protein/ACK79186.1; ACK80127.1: https://www.ncbi.nlm.nih.gov/protein/ACK80127.1; ACK80497.1: https://www.ncbi.nlm.nih.gov/protein/ACK80497.1
RU820_RS14485	WP_009566821.1	多重候选	AFE_3118	重新识别为原始GCA旧AFE基因对应	否	原始GCA AFE_3118 (ACK80497.1) 与旧GCF同坐标投射重叠 1140 bp，占较短CDS大部；identity=1.0000, aa=379, 双向coverage=1.0000/1.0000	NCBI RefSeq GCF_049532655.1: https://www.ncbi.nlm.nih.gov/datasets/genome/GCF_049532655.1/; current WP WP_009566821.1: https://www.ncbi.nlm.nih.gov/protein/WP_009566821.1; old RefSeq GCF_000021485.1: https://www.ncbi.nlm.nih.gov/datasets/genome/GCF_000021485.1/; old RefSeq WP WP_009566821.1: https://www.ncbi.nlm.nih.gov/protein/WP_009566821.1; original GenBank GCA_000021485.1 GFF/protein: https://www.ncbi.nlm.nih.gov/datasets/genome/GCA_000021485.1/; ACK78641.1: https://www.ncbi.nlm.nih.gov/protein/ACK78641.1; ACK80497.1: https://www.ncbi.nlm.nih.gov/protein/ACK80497.1
RU820_RS14490	WP_012537284.1	B1无行	无	旧基因组同源基因无旧AFE_xxxx标签；按工作定义纳入母表	是	邻域核验：是：top候选在锚定区间；AFE_RS11925[old=空];AFE_RS14295[old=空]；identity=1.0000，较短覆盖=1.0000，当前覆盖=1.0000，旧序列覆盖=1.0000。旧2025 GFF已有同源蛋白注释，但无法关联任何旧AFE_xxxx，故按本项目身份定义列入母表；不表示生物学上新出现。	NCBI RefSeq GCF_049532655.1: https://www.ncbi.nlm.nih.gov/datasets/genome/GCF_049532655.1/; current WP WP_012537284.1: https://www.ncbi.nlm.nih.gov/protein/WP_012537284.1; old RefSeq GCF_000021485.1: https://www.ncbi.nlm.nih.gov/datasets/genome/GCF_000021485.1/; old RefSeq WP WP_012537284.1: https://www.ncbi.nlm.nih.gov/protein/WP_012537284.1; original GenBank GCA_000021485.1 GFF/protein: https://www.ncbi.nlm.nih.gov/datasets/genome/GCA_000021485.1/; ACK80018.1: https://www.ncbi.nlm.nih.gov/protein/ACK80018.1; ACK80497.1: https://www.ncbi.nlm.nih.gov/protein/ACK80497.1
RU820_RS14495	WP_230456318.1	B1无行	无	旧新关系待人工复核	否	邻域核验：是：top候选在锚定区间；分类建议=建议排除：top hit唯一落在双侧锚区间，旧old_locus_tag为空/非AFE；top hit=WP_225981880.1 identity=1.0000，较短覆盖=1.0000，当前覆盖=1.0000，旧序列覆盖=0.8966；identity或任一侧覆盖未达90%，或出现重复拷贝/结构变化，未强制归类。	NCBI RefSeq GCF_049532655.1: https://www.ncbi.nlm.nih.gov/datasets/genome/GCF_049532655.1/; current WP WP_230456318.1: https://www.ncbi.nlm.nih.gov/protein/WP_230456318.1; old RefSeq GCF_000021485.1: https://www.ncbi.nlm.nih.gov/datasets/genome/GCF_000021485.1/; old RefSeq WP WP_225981880.1: https://www.ncbi.nlm.nih.gov/protein/WP_225981880.1; original GenBank GCA_000021485.1 GFF/protein: https://www.ncbi.nlm.nih.gov/datasets/genome/GCA_000021485.1/; ACK79359.1: https://www.ncbi.nlm.nih.gov/protein/ACK79359.1; ACK79394.1: https://www.ncbi.nlm.nih.gov/protein/ACK79394.1; ACK80497.1: https://www.ncbi.nlm.nih.gov/protein/ACK80497.1
RU820_RS14565	WP_012535937.1	多重候选	AFE_2468,AFE_2939	多个原始AFE候选，待人工复核	否	高相似原始AFE坐标候选=AFE_2468,AFE_2939，存在多对一/拆分关系	NCBI RefSeq GCF_049532655.1: https://www.ncbi.nlm.nih.gov/datasets/genome/GCF_049532655.1/; current WP WP_012535937.1: https://www.ncbi.nlm.nih.gov/protein/WP_012535937.1; old RefSeq GCF_000021485.1: https://www.ncbi.nlm.nih.gov/datasets/genome/GCF_000021485.1/; old RefSeq WP WP_012535937.1: https://www.ncbi.nlm.nih.gov/protein/WP_012535937.1; original GenBank GCA_000021485.1 GFF/protein: https://www.ncbi.nlm.nih.gov/datasets/genome/GCA_000021485.1/; ACK78269.1: https://www.ncbi.nlm.nih.gov/protein/ACK78269.1; ACK78353.1: https://www.ncbi.nlm.nih.gov/protein/ACK78353.1; ACK79139.1: https://www.ncbi.nlm.nih.gov/protein/ACK79139.1; ACK79144.1: https://www.ncbi.nlm.nih.gov/protein/ACK79144.1; ACK80830.1: https://www.ncbi.nlm.nih.gov/protein/ACK80830.1
RU820_RS14570	WP_012535936.1	多重候选	AFE_2469,AFE_2938	多个原始AFE候选，待人工复核	否	高相似原始AFE坐标候选=AFE_2469,AFE_2938，存在多对一/拆分关系	NCBI RefSeq GCF_049532655.1: https://www.ncbi.nlm.nih.gov/datasets/genome/GCF_049532655.1/; current WP WP_012535936.1: https://www.ncbi.nlm.nih.gov/protein/WP_012535936.1; old RefSeq GCF_000021485.1: https://www.ncbi.nlm.nih.gov/datasets/genome/GCF_000021485.1/; old RefSeq WP WP_012535936.1: https://www.ncbi.nlm.nih.gov/protein/WP_012535936.1; original GenBank GCA_000021485.1 GFF/protein: https://www.ncbi.nlm.nih.gov/datasets/genome/GCA_000021485.1/; ACK78269.1: https://www.ncbi.nlm.nih.gov/protein/ACK78269.1; ACK78353.1: https://www.ncbi.nlm.nih.gov/protein/ACK78353.1; ACK79139.1: https://www.ncbi.nlm.nih.gov/protein/ACK79139.1; ACK79144.1: https://www.ncbi.nlm.nih.gov/protein/ACK79144.1; ACK80830.1: https://www.ncbi.nlm.nih.gov/protein/ACK80830.1
RU820_RS14575	WP_012535935.1	未映射/未确定	AFE_2470	重新识别为原始GCA旧AFE基因对应	否	原始GCA AFE_2470 (ACK79906.1) 与旧GCF同坐标投射重叠 1638 bp，占较短CDS大部；identity=1.0000, aa=545, 双向coverage=1.0000/1.0000	NCBI RefSeq GCF_049532655.1: https://www.ncbi.nlm.nih.gov/datasets/genome/GCF_049532655.1/; current WP WP_012535935.1: https://www.ncbi.nlm.nih.gov/protein/WP_012535935.1; old RefSeq GCF_000021485.1: https://www.ncbi.nlm.nih.gov/datasets/genome/GCF_000021485.1/; old RefSeq WP WP_012535935.1: https://www.ncbi.nlm.nih.gov/protein/WP_012535935.1; original GenBank GCA_000021485.1 GFF/protein: https://www.ncbi.nlm.nih.gov/datasets/genome/GCA_000021485.1/; ACK79144.1: https://www.ncbi.nlm.nih.gov/protein/ACK79144.1; ACK79906.1: https://www.ncbi.nlm.nih.gov/protein/ACK79906.1
RU820_RS14580	WP_423365160.1	B1无行	AFE_3136	重新识别为原始GCA旧AFE基因对应	否	原始GCA AFE_3136 (ACK79144.1) 与旧GCF同坐标投射重叠 1254 bp，占较短CDS大部；identity=0.9976, aa=417, 双向coverage=0.9835/1.0000	NCBI RefSeq GCF_049532655.1: https://www.ncbi.nlm.nih.gov/datasets/genome/GCF_049532655.1/; current WP WP_423365160.1: https://www.ncbi.nlm.nih.gov/protein/WP_423365160.1; old RefSeq GCF_000021485.1: https://www.ncbi.nlm.nih.gov/datasets/genome/GCF_000021485.1/; old RefSeq WP WP_012537615.1: https://www.ncbi.nlm.nih.gov/protein/WP_012537615.1; original GenBank GCA_000021485.1 GFF/protein: https://www.ncbi.nlm.nih.gov/datasets/genome/GCA_000021485.1/; ACK79144.1: https://www.ncbi.nlm.nih.gov/protein/ACK79144.1
RU820_RS14610	WP_012536251.1	多重候选	AFE_3143	重新识别为原始GCA旧AFE基因对应	否	原始GCA AFE_3143 (ACK80568.1) 与旧GCF同坐标投射重叠 945 bp，占较短CDS大部；identity=1.0000, aa=314, 双向coverage=1.0000/1.0000	NCBI RefSeq GCF_049532655.1: https://www.ncbi.nlm.nih.gov/datasets/genome/GCF_049532655.1/; current WP WP_012536251.1: https://www.ncbi.nlm.nih.gov/protein/WP_012536251.1; old RefSeq GCF_000021485.1: https://www.ncbi.nlm.nih.gov/datasets/genome/GCF_000021485.1/; old RefSeq WP WP_012536251.1: https://www.ncbi.nlm.nih.gov/protein/WP_012536251.1; original GenBank GCA_000021485.1 GFF/protein: https://www.ncbi.nlm.nih.gov/datasets/genome/GCA_000021485.1/; ACK80568.1: https://www.ncbi.nlm.nih.gov/protein/ACK80568.1
RU820_RS14625	WP_012537623.1	B1无行	无	旧基因组同源基因无旧AFE_xxxx标签；按工作定义纳入母表	是	邻域核验：是：top候选在锚定区间；AFE_RS16555[old=空]；identity=1.0000，较短覆盖=1.0000，当前覆盖=1.0000，旧序列覆盖=1.0000。旧2025 GFF已有同源蛋白注释，但无法关联任何旧AFE_xxxx，故按本项目身份定义列入母表；不表示生物学上新出现。	NCBI RefSeq GCF_049532655.1: https://www.ncbi.nlm.nih.gov/datasets/genome/GCF_049532655.1/; current WP WP_012537623.1: https://www.ncbi.nlm.nih.gov/protein/WP_012537623.1; old RefSeq GCF_000021485.1: https://www.ncbi.nlm.nih.gov/datasets/genome/GCF_000021485.1/; old RefSeq WP WP_012537623.1: https://www.ncbi.nlm.nih.gov/protein/WP_012537623.1; original GenBank GCA_000021485.1 GFF/protein: https://www.ncbi.nlm.nih.gov/datasets/genome/GCA_000021485.1/; ACK78613.1: https://www.ncbi.nlm.nih.gov/protein/ACK78613.1; ACK79720.1: https://www.ncbi.nlm.nih.gov/protein/ACK79720.1
RU820_RS14670	WP_146235849.1	B1无行	无	旧基因组同源基因无旧AFE_xxxx标签；按工作定义纳入母表	是	邻域核验：是：top候选在锚定区间；AFE_RS16285[old=空]；identity=1.0000，较短覆盖=1.0000，当前覆盖=1.0000，旧序列覆盖=1.0000。旧2025 GFF已有同源蛋白注释，但无法关联任何旧AFE_xxxx，故按本项目身份定义列入母表；不表示生物学上新出现。	NCBI RefSeq GCF_049532655.1: https://www.ncbi.nlm.nih.gov/datasets/genome/GCF_049532655.1/; current WP WP_146235849.1: https://www.ncbi.nlm.nih.gov/protein/WP_146235849.1; old RefSeq GCF_000021485.1: https://www.ncbi.nlm.nih.gov/datasets/genome/GCF_000021485.1/; old RefSeq WP WP_146235849.1: https://www.ncbi.nlm.nih.gov/protein/WP_146235849.1; original GenBank GCA_000021485.1 GFF/protein: https://www.ncbi.nlm.nih.gov/datasets/genome/GCA_000021485.1/; ACK79276.1: https://www.ncbi.nlm.nih.gov/protein/ACK79276.1; ACK80447.1: https://www.ncbi.nlm.nih.gov/protein/ACK80447.1
RU820_RS14755	WP_012537638.1	B1无行	AFE_3173	重新识别为原始GCA旧AFE基因对应	否	原始GCA AFE_3173 (ACK77910.1) 与旧GCF同坐标投射重叠 411 bp，占较短CDS大部；identity=1.0000, aa=141, 双向coverage=1.0000/1.0000	NCBI RefSeq GCF_049532655.1: https://www.ncbi.nlm.nih.gov/datasets/genome/GCF_049532655.1/; current WP WP_012537638.1: https://www.ncbi.nlm.nih.gov/protein/WP_012537638.1; old RefSeq GCF_000021485.1: https://www.ncbi.nlm.nih.gov/datasets/genome/GCF_000021485.1/; old RefSeq WP WP_225487348.1: https://www.ncbi.nlm.nih.gov/protein/WP_225487348.1; original GenBank GCA_000021485.1 GFF/protein: https://www.ncbi.nlm.nih.gov/datasets/genome/GCA_000021485.1/; ACK77910.1: https://www.ncbi.nlm.nih.gov/protein/ACK77910.1
RU820_RS14760	WP_012537639.1	B1无行	AFE_3174	旧AFE候选涉及split/merge或注释边界变化，待人工复核	否	原始GCA AFE_3174 (ACK78646.1) 同链坐标重叠 261 bp；identity=1.0000, aa=86, 当前覆盖=1.0000, 旧覆盖=0.5150	NCBI RefSeq GCF_049532655.1: https://www.ncbi.nlm.nih.gov/datasets/genome/GCF_049532655.1/; current WP WP_012537639.1: https://www.ncbi.nlm.nih.gov/protein/WP_012537639.1; old RefSeq GCF_000021485.1: https://www.ncbi.nlm.nih.gov/datasets/genome/GCF_000021485.1/; old RefSeq WP WP_012537639.1: https://www.ncbi.nlm.nih.gov/protein/WP_012537639.1; original GenBank GCA_000021485.1 GFF/protein: https://www.ncbi.nlm.nih.gov/datasets/genome/GCA_000021485.1/; ACK77910.1: https://www.ncbi.nlm.nih.gov/protein/ACK77910.1; ACK78646.1: https://www.ncbi.nlm.nih.gov/protein/ACK78646.1
RU820_RS14765	WP_012537640.1	B1无行	无	旧基因组同源基因无旧AFE_xxxx标签；按工作定义纳入母表	是	邻域核验：是：top候选在锚定区间；AFE_RS14540[old=空]；identity=1.0000，较短覆盖=1.0000，当前覆盖=1.0000，旧序列覆盖=1.0000。旧2025 GFF已有同源蛋白注释，但无法关联任何旧AFE_xxxx，故按本项目身份定义列入母表；不表示生物学上新出现。	NCBI RefSeq GCF_049532655.1: https://www.ncbi.nlm.nih.gov/datasets/genome/GCF_049532655.1/; current WP WP_012537640.1: https://www.ncbi.nlm.nih.gov/protein/WP_012537640.1; old RefSeq GCF_000021485.1: https://www.ncbi.nlm.nih.gov/datasets/genome/GCF_000021485.1/; old RefSeq WP WP_012537640.1: https://www.ncbi.nlm.nih.gov/protein/WP_012537640.1; original GenBank GCA_000021485.1 GFF/protein: https://www.ncbi.nlm.nih.gov/datasets/genome/GCA_000021485.1/; ACK77910.1: https://www.ncbi.nlm.nih.gov/protein/ACK77910.1; ACK78517.1: https://www.ncbi.nlm.nih.gov/protein/ACK78517.1; ACK78646.1: https://www.ncbi.nlm.nih.gov/protein/ACK78646.1
RU820_RS14805	WP_012536826.1	多重候选	AFE_3183	重新识别为原始GCA旧AFE基因对应	否	原始GCA AFE_3183 (ACK78067.1) 与旧GCF同坐标投射重叠 1029 bp，占较短CDS大部；identity=1.0000, aa=342, 双向coverage=1.0000/1.0000	NCBI RefSeq GCF_049532655.1: https://www.ncbi.nlm.nih.gov/datasets/genome/GCF_049532655.1/; current WP WP_012536826.1: https://www.ncbi.nlm.nih.gov/protein/WP_012536826.1; old RefSeq GCF_000021485.1: https://www.ncbi.nlm.nih.gov/datasets/genome/GCF_000021485.1/; old RefSeq WP WP_012536826.1: https://www.ncbi.nlm.nih.gov/protein/WP_012536826.1; original GenBank GCA_000021485.1 GFF/protein: https://www.ncbi.nlm.nih.gov/datasets/genome/GCA_000021485.1/; ACK78067.1: https://www.ncbi.nlm.nih.gov/protein/ACK78067.1; ACK78997.1: https://www.ncbi.nlm.nih.gov/protein/ACK78997.1
RU820_RS14820	WP_041646670.1	B1无行	无	旧基因组同源基因无旧AFE_xxxx标签；按工作定义纳入母表	是	邻域核验：是：top候选在锚定区间；AFE_RS14595[old=空]；identity=1.0000，较短覆盖=1.0000，当前覆盖=1.0000，旧序列覆盖=1.0000。旧2025 GFF已有同源蛋白注释，但无法关联任何旧AFE_xxxx，故按本项目身份定义列入母表；不表示生物学上新出现。	NCBI RefSeq GCF_049532655.1: https://www.ncbi.nlm.nih.gov/datasets/genome/GCF_049532655.1/; current WP WP_041646670.1: https://www.ncbi.nlm.nih.gov/protein/WP_041646670.1; old RefSeq GCF_000021485.1: https://www.ncbi.nlm.nih.gov/datasets/genome/GCF_000021485.1/; old RefSeq WP WP_041646670.1: https://www.ncbi.nlm.nih.gov/protein/WP_041646670.1; original GenBank GCA_000021485.1 GFF/protein: https://www.ncbi.nlm.nih.gov/datasets/genome/GCA_000021485.1/; ACK78067.1: https://www.ncbi.nlm.nih.gov/protein/ACK78067.1; ACK80334.1: https://www.ncbi.nlm.nih.gov/protein/ACK80334.1
RU820_RS14870	WP_423365169.1	B1无行	AFE_3197	旧AFE候选涉及split/merge或注释边界变化，待人工复核	否	原始GCA AFE_3197 (ACK79872.1) 同链坐标重叠 1656 bp；identity=0.9825, aa=400, 当前覆盖=1.0000, 旧覆盖=0.7260	NCBI RefSeq GCF_049532655.1: https://www.ncbi.nlm.nih.gov/datasets/genome/GCF_049532655.1/; current WP WP_423365169.1: https://www.ncbi.nlm.nih.gov/protein/WP_423365169.1; old RefSeq GCF_000021485.1: https://www.ncbi.nlm.nih.gov/datasets/genome/GCF_000021485.1/; old RefSeq WP WP_009568474.1: https://www.ncbi.nlm.nih.gov/protein/WP_009568474.1; original GenBank GCA_000021485.1 GFF/protein: https://www.ncbi.nlm.nih.gov/datasets/genome/GCA_000021485.1/; ACK78822.1: https://www.ncbi.nlm.nih.gov/protein/ACK78822.1; ACK79296.1: https://www.ncbi.nlm.nih.gov/protein/ACK79296.1; ACK79872.1: https://www.ncbi.nlm.nih.gov/protein/ACK79872.1; ACK79912.1: https://www.ncbi.nlm.nih.gov/protein/ACK79912.1
RU820_RS14970	WP_012537664.1	B1无行	AFE_3217	重新识别为原始GCA旧AFE基因对应	否	原始GCA AFE_3217 (ACK79847.1) 与旧GCF同坐标投射重叠 543 bp，占较短CDS大部；identity=1.0000, aa=180, 双向coverage=1.0000/1.0000	NCBI RefSeq GCF_049532655.1: https://www.ncbi.nlm.nih.gov/datasets/genome/GCF_049532655.1/; current WP WP_012537664.1: https://www.ncbi.nlm.nih.gov/protein/WP_012537664.1; old RefSeq GCF_000021485.1: https://www.ncbi.nlm.nih.gov/datasets/genome/GCF_000021485.1/; old RefSeq WP WP_428947137.1: https://www.ncbi.nlm.nih.gov/protein/WP_428947137.1; original GenBank GCA_000021485.1 GFF/protein: https://www.ncbi.nlm.nih.gov/datasets/genome/GCA_000021485.1/; ACK79847.1: https://www.ncbi.nlm.nih.gov/protein/ACK79847.1
RU820_RS15015	WP_080513205.1	B1无行	无	旧基因组同源基因无旧AFE_xxxx标签；按工作定义纳入母表	是	邻域核验：是：top候选在锚定区间；AFE_RS17160[old=空]；identity=1.0000，较短覆盖=1.0000，当前覆盖=1.0000，旧序列覆盖=1.0000。旧2025 GFF已有同源蛋白注释，但无法关联任何旧AFE_xxxx，故按本项目身份定义列入母表；不表示生物学上新出现。	NCBI RefSeq GCF_049532655.1: https://www.ncbi.nlm.nih.gov/datasets/genome/GCF_049532655.1/; current WP WP_080513205.1: https://www.ncbi.nlm.nih.gov/protein/WP_080513205.1; old RefSeq GCF_000021485.1: https://www.ncbi.nlm.nih.gov/datasets/genome/GCF_000021485.1/; old RefSeq WP WP_080513205.1: https://www.ncbi.nlm.nih.gov/protein/WP_080513205.1; original GenBank GCA_000021485.1 GFF/protein: https://www.ncbi.nlm.nih.gov/datasets/genome/GCA_000021485.1/; ACK77894.1: https://www.ncbi.nlm.nih.gov/protein/ACK77894.1; ACK77954.1: https://www.ncbi.nlm.nih.gov/protein/ACK77954.1
RU820_RS15180	WP_012606582.1	多重候选	AFE_3263	重新识别为原始GCA旧AFE基因对应	否	原始GCA AFE_3263 (ACK79267.1) 与旧GCF同坐标投射重叠 1227 bp，占较短CDS大部；identity=1.0000, aa=408, 双向coverage=1.0000/1.0000	NCBI RefSeq GCF_049532655.1: https://www.ncbi.nlm.nih.gov/datasets/genome/GCF_049532655.1/; current WP WP_012606582.1: https://www.ncbi.nlm.nih.gov/protein/WP_012606582.1; old RefSeq GCF_000021485.1: https://www.ncbi.nlm.nih.gov/datasets/genome/GCF_000021485.1/; old RefSeq WP WP_012606582.1: https://www.ncbi.nlm.nih.gov/protein/WP_012606582.1; original GenBank GCA_000021485.1 GFF/protein: https://www.ncbi.nlm.nih.gov/datasets/genome/GCA_000021485.1/; ACK79267.1: https://www.ncbi.nlm.nih.gov/protein/ACK79267.1; ACK80502.1: https://www.ncbi.nlm.nih.gov/protein/ACK80502.1
RU820_RS15200	WP_012607661.1	B1无行	AFE_3268	重新识别为原始GCA旧AFE基因对应	否	原始GCA AFE_3268 (ACK79936.1) 与旧GCF同坐标投射重叠 294 bp，占较短CDS大部；identity=1.0000, aa=97, 双向coverage=1.0000/1.0000	NCBI RefSeq GCF_049532655.1: https://www.ncbi.nlm.nih.gov/datasets/genome/GCF_049532655.1/; current WP WP_012607661.1: https://www.ncbi.nlm.nih.gov/protein/WP_012607661.1; old RefSeq GCF_000021485.1: https://www.ncbi.nlm.nih.gov/datasets/genome/GCF_000021485.1/; old RefSeq WP WP_236608969.1: https://www.ncbi.nlm.nih.gov/protein/WP_236608969.1; original GenBank GCA_000021485.1 GFF/protein: https://www.ncbi.nlm.nih.gov/datasets/genome/GCA_000021485.1/; ACK79936.1: https://www.ncbi.nlm.nih.gov/protein/ACK79936.1
RU820_RS15215	WP_146235850.1	B1无行	无	旧基因组同源基因无旧AFE_xxxx标签；按工作定义纳入母表	是	邻域核验：是：top候选在锚定区间；AFE_RS16295[old=空]；identity=1.0000，较短覆盖=1.0000，当前覆盖=1.0000，旧序列覆盖=1.0000。旧2025 GFF已有同源蛋白注释，但无法关联任何旧AFE_xxxx，故按本项目身份定义列入母表；不表示生物学上新出现。	NCBI RefSeq GCF_049532655.1: https://www.ncbi.nlm.nih.gov/datasets/genome/GCF_049532655.1/; current WP WP_146235850.1: https://www.ncbi.nlm.nih.gov/protein/WP_146235850.1; old RefSeq GCF_000021485.1: https://www.ncbi.nlm.nih.gov/datasets/genome/GCF_000021485.1/; old RefSeq WP WP_146235850.1: https://www.ncbi.nlm.nih.gov/protein/WP_146235850.1; original GenBank GCA_000021485.1 GFF/protein: https://www.ncbi.nlm.nih.gov/datasets/genome/GCA_000021485.1/; ACK78209.1: https://www.ncbi.nlm.nih.gov/protein/ACK78209.1; ACK78703.1: https://www.ncbi.nlm.nih.gov/protein/ACK78703.1; ACK78857.1: https://www.ncbi.nlm.nih.gov/protein/ACK78857.1
RU820_RS15220	WP_080513206.1	B1无行	无	旧基因组同源基因无旧AFE_xxxx标签；按工作定义纳入母表	是	邻域核验：是：top候选在锚定区间；AFE_RS15905[old=空]；identity=1.0000，较短覆盖=1.0000，当前覆盖=1.0000，旧序列覆盖=1.0000。旧2025 GFF已有同源蛋白注释，但无法关联任何旧AFE_xxxx，故按本项目身份定义列入母表；不表示生物学上新出现。	NCBI RefSeq GCF_049532655.1: https://www.ncbi.nlm.nih.gov/datasets/genome/GCF_049532655.1/; current WP WP_080513206.1: https://www.ncbi.nlm.nih.gov/protein/WP_080513206.1; old RefSeq GCF_000021485.1: https://www.ncbi.nlm.nih.gov/datasets/genome/GCF_000021485.1/; old RefSeq WP WP_080513206.1: https://www.ncbi.nlm.nih.gov/protein/WP_080513206.1; original GenBank GCA_000021485.1 GFF/protein: https://www.ncbi.nlm.nih.gov/datasets/genome/GCA_000021485.1/; ACK78209.1: https://www.ncbi.nlm.nih.gov/protein/ACK78209.1; ACK79231.1: https://www.ncbi.nlm.nih.gov/protein/ACK79231.1
RU820_RS15225	WP_009566868.1	B1无行	无	旧基因组同源基因无旧AFE_xxxx标签；按工作定义纳入母表	是	邻域核验：是：top候选在锚定区间；AFE_RS14990[old=空]；identity=1.0000，较短覆盖=1.0000，当前覆盖=1.0000，旧序列覆盖=1.0000。旧2025 GFF已有同源蛋白注释，但无法关联任何旧AFE_xxxx，故按本项目身份定义列入母表；不表示生物学上新出现。	NCBI RefSeq GCF_049532655.1: https://www.ncbi.nlm.nih.gov/datasets/genome/GCF_049532655.1/; current WP WP_009566868.1: https://www.ncbi.nlm.nih.gov/protein/WP_009566868.1; old RefSeq GCF_000021485.1: https://www.ncbi.nlm.nih.gov/datasets/genome/GCF_000021485.1/; old RefSeq WP WP_009566868.1: https://www.ncbi.nlm.nih.gov/protein/WP_009566868.1; original GenBank GCA_000021485.1 GFF/protein: https://www.ncbi.nlm.nih.gov/datasets/genome/GCA_000021485.1/; ACK78209.1: https://www.ncbi.nlm.nih.gov/protein/ACK78209.1; ACK80651.1: https://www.ncbi.nlm.nih.gov/protein/ACK80651.1
RU820_RS15350	WP_225487350.1	B1无行	AFE_3297	旧AFE候选涉及split/merge或注释边界变化，待人工复核	否	原始GCA AFE_3297 (ACK80844.1) 同链坐标重叠 693 bp；identity=1.0000, aa=194, 当前覆盖=1.0000, 旧覆盖=0.8435	NCBI RefSeq GCF_049532655.1: https://www.ncbi.nlm.nih.gov/datasets/genome/GCF_049532655.1/; current WP WP_225487350.1: https://www.ncbi.nlm.nih.gov/protein/WP_225487350.1; old RefSeq GCF_000021485.1: https://www.ncbi.nlm.nih.gov/datasets/genome/GCF_000021485.1/; old RefSeq WP WP_012607668.1: https://www.ncbi.nlm.nih.gov/protein/WP_012607668.1; original GenBank GCA_000021485.1 GFF/protein: https://www.ncbi.nlm.nih.gov/datasets/genome/GCA_000021485.1/; ACK77984.1: https://www.ncbi.nlm.nih.gov/protein/ACK77984.1; ACK80844.1: https://www.ncbi.nlm.nih.gov/protein/ACK80844.1
