当前locus	当前protein ID	旧RefSeq top WP	邻域筛选后旧RefSeq locus_tag	B1双侧锚点旧GCF坐标区间	区间原始AFE CDS候选序列比对	区间最佳AFE序列命中	旧GCF坐标投射到原始GCA AFE CDS及序列identity/双向coverage	全库最佳原始AFE_xxxx	最佳ACK protein ID	比对氨基酸数	identity	current coverage	old coverage	annotation/topology candidates (not confirmed events)	核验结论
RU820_RS00130	WP_009566312.1	WP_009566312.1	AFE_RS16445	AFE_RS00120:26385..27791->AFE_RS00130:29710..31122	AFE_0026(ACK79489.1)[aa=28;id=0.3571;curCov=0.5091;oldCov=0.0527]	AFE_0026(ACK79489.1)[id=0.3571;curCov=0.5091;oldCov=0.0527]	AFE_RS16445(WP_009566312.1)=>AFE_0025(ACK78604.1)[bp=47;aa=13;id=0.3077;curCov=0.2364;oldCov=0.2000]	AFE_0614	ACK79445.1	41	0.3902	0.7455	0.1002	无	旧RefSeq坐标投射命中原始AFE CDS；查看identity及双向coverage
RU820_RS00135	WP_206382926.1	WP_012606474.1	AFE_RS00125	AFE_RS00120:26385..27791->AFE_RS00130:29710..31122	AFE_0026(ACK79489.1)[aa=490;id=0.9980;curCov=1.0000;oldCov=0.9228]	AFE_0026(ACK79489.1)[id=0.9980;curCov=1.0000;oldCov=0.9228]	AFE_RS00125(WP_012606474.1)=>AFE_0026(ACK79489.1)[bp=1596;aa=490;id=0.9980;curCov=1.0000;oldCov=0.9228]	AFE_0026	ACK79489.1	490	0.9980	1.0000	0.9228	old annotation topology: AFE_0026 overlaps 2 old-RefSeq CDS (not evidence of current split)	原始AFE坐标对应；旧注释拓扑差异/可能merge，按覆盖与多拷贝复核
RU820_RS00200	WP_012606477.1	WP_012535759.1	AFE_RS00190	AFE_RS00185:42174..43628->AFE_RS00195:45751..46944	AFE_0040(ACK78439.1)[aa=540;id=1.0000;curCov=1.0000;oldCov=1.0000]	AFE_0040(ACK78439.1)[id=1.0000;curCov=1.0000;oldCov=1.0000]	AFE_RS00190(WP_012535759.1)=>AFE_0039(ACK78259.1)[bp=20;aa=242;id=0.3719;curCov=0.4481;oldCov=0.5000];AFE_RS00190(WP_012535759.1)=>AFE_0040(ACK78439.1)[bp=1623;aa=540;id=1.0000;curCov=1.0000;oldCov=1.0000]	AFE_0040	ACK78439.1	540	1.0000	1.0000	1.0000	old annotation topology: AFE_0040 overlaps 2 old-RefSeq CDS (not evidence of current split)	原始AFE坐标对应；旧注释拓扑差异/可能merge，按覆盖与多拷贝复核
RU820_RS00255	WP_009565533.1	WP_009565533.1	AFE_RS00245	AFE_RS00240:53965..54777->AFE_RS00250:55329..56111	AFE_0051(ACK78968.1)[aa=53;id=0.3019;curCov=0.3397;oldCov=0.2994]	AFE_0051(ACK78968.1)[id=0.3019;curCov=0.3397;oldCov=0.2994]	无	AFE_3213	ACK77956.1	91	0.2967	0.5833	0.4118	无	无原始AFE坐标投射命中；结合最佳ACK序列覆盖复核
RU820_RS00455	WP_257246670.1	WP_257246670.1	AFE_RS16880	AFE_RS00445:86308..86487->AFE_RS00450:86907..88070	AFE_0091(ACK78163.1)[aa=18;id=0.3889;curCov=0.4286;oldCov=0.2093]	AFE_0091(ACK78163.1)[id=0.3889;curCov=0.4286;oldCov=0.2093]	AFE_RS16880(WP_257246670.1)=>AFE_0091(ACK78163.1)[bp=92;aa=18;id=0.3889;curCov=0.4286;oldCov=0.2093]	AFE_0835	ACK79199.1	37	0.3784	0.8810	0.0894	无	旧RefSeq坐标投射命中原始AFE CDS；查看identity及双向coverage
RU820_RS00465	WP_196491178.1	WP_196491178.1	AFE_RS16560	AFE_RS00450:86907..88070->AFE_RS00460:88630..88872	no_interval_hit_above_minimum	none	AFE_RS16560(WP_196491178.1)=>AFE_0094(ACK80324.1)[bp=4;aa=35;id=0.2571;curCov=0.3977;oldCov=0.3431]	AFE_1780	ACK78198.1	75	0.4400	0.8523	0.5396	无	旧RefSeq坐标投射命中原始AFE CDS；查看identity及双向coverage
RU820_RS00545	WP_012535793.1	WP_012536817.1	AFE_RS08685	AFE_RS00530:101733..102815->AFE_RS16565:105995..106156	no_interval_hit_above_minimum	none	AFE_RS08685(WP_012536817.1)=>AFE_1878(ACK79729.1)[bp=3081;aa=1012;id=0.5168;curCov=0.9844;oldCov=0.9864]	AFE_1878	ACK79729.1	1012	0.5168	0.9844	0.9864	无	旧RefSeq坐标投射命中原始AFE CDS；查看identity及双向coverage
RU820_RS00570	WP_012535797.1	WP_012535797.1	AFE_RS16300	AFE_RS00555:108301..109737->AFE_RS00560:110404..111384	no_interval_hit_above_minimum	AFE_0116(ACK79687.1)[id=0.6000;curCov=0.0641;oldCov=0.1515]	无	AFE_2596	ACK78411.1	62	0.3710	0.7949	0.1209	无	无原始AFE坐标投射命中；结合最佳ACK序列覆盖复核
RU820_RS00670	WP_371744260.1	WP_012535973.1	AFE_RS17165	AFE_RS00650:126917..128302->AFE_RS00660:129372..129737	AFE_0141(ACK78447.1)[aa=166;id=0.9940;curCov=1.0000;oldCov=0.4637]	AFE_0141(ACK78447.1)[id=0.9940;curCov=1.0000;oldCov=0.4637]	AFE_RS17165(WP_012535973.1)=>AFE_0140(ACK80037.1)[bp=4;aa=72;id=0.4028;curCov=0.4337;oldCov=0.1562];AFE_RS17165(WP_012535973.1)=>AFE_0141(ACK78447.1)[bp=1077;aa=166;id=0.9940;curCov=1.0000;oldCov=0.4637];AFE_RS17165(WP_012535973.1)=>AFE_0142(ACK80365.1)[bp=4;aa=48;id=0.5000;curCov=0.2892;oldCov=0.3967]	AFE_0141	ACK78447.1	166	0.9940	1.0000	0.4637	old annotation topology: AFE_0141 overlaps 3 old-RefSeq CDS (not evidence of current split)	原始AFE坐标对应；旧注释拓扑差异/可能merge，按覆盖与多拷贝复核
RU820_RS00910	WP_111122559.1	WP_111122559.1	AFE_RS16975	AFE_RS00885:167554..168573->AFE_RS00890:168768..169193	no_interval_hit_above_minimum	none	无	AFE_1707	ACK78420.1	32	0.4375	0.4776	0.0303	无	无原始AFE坐标投射命中；结合最佳ACK序列覆盖复核
RU820_RS01005	WP_225487399.1	WP_009567101.1	AFE_RS00980	AFE_RS00975:183382..184554->AFE_RS00985:185899..186981	AFE_0208(ACK79052.1)[aa=446;id=1.0000;curCov=1.0000;oldCov=0.9955]	AFE_0208(ACK79052.1)[id=1.0000;curCov=1.0000;oldCov=0.9955]	AFE_RS00980(WP_009567101.1)=>AFE_0207(ACK78383.1)[bp=4;aa=98;id=0.3367;curCov=0.2197;oldCov=0.2513];AFE_RS00980(WP_009567101.1)=>AFE_0208(ACK79052.1)[bp=1347;aa=446;id=1.0000;curCov=1.0000;oldCov=0.9955]	AFE_0208	ACK79052.1	446	1.0000	1.0000	0.9955	old annotation topology: AFE_0208 overlaps 2 old-RefSeq CDS (not evidence of current split)	原始AFE坐标对应；旧注释拓扑差异/可能merge，按覆盖与多拷贝复核
RU820_RS01060	WP_012536025.1	WP_012606522.1	AFE_RS01025	AFE_RS01020:194246..195616->AFE_RS01030:197366..197986	AFE_0220(ACK79334.1)[aa=580;id=0.9966;curCov=1.0000;oldCov=1.0000]	AFE_0220(ACK79334.1)[id=0.9966;curCov=1.0000;oldCov=1.0000]	AFE_RS01025(WP_012606522.1)=>AFE_0220(ACK79334.1)[bp=1743;aa=580;id=0.9966;curCov=1.0000;oldCov=1.0000]	AFE_0220	ACK79334.1	580	0.9966	1.0000	1.0000	无	旧RefSeq坐标投射命中原始AFE CDS；查看identity及双向coverage
RU820_RS01075	WP_012536027.1	WP_012536027.1	AFE_RS01040	AFE_RS01035:198276..199190->AFE_RS01045:199695..202439	no_interval_hit_above_minimum	AFE_0224(ACK80763.1)[id=0.4444;curCov=0.0529;oldCov=0.2903]	无	AFE_2123	ACK80748.1	108	0.3889	0.6353	0.4557	无	无原始AFE坐标投射命中；结合最佳ACK序列覆盖复核
RU820_RS01225	WP_041645263.1	WP_041645263.1	AFE_RS01190	AFE_RS01185:229352..229720->AFE_RS01195:230113..231051	no_interval_hit_above_minimum	none	AFE_RS01190(WP_041645263.1)=>AFE_0254(ACK78013.1)[bp=8;aa=22;id=0.3182;curCov=0.2136;oldCov=0.0705]	AFE_1799	ACK80283.1	60	0.3500	0.5825	0.0713	无	旧RefSeq坐标投射命中原始AFE CDS；查看identity及双向coverage
RU820_RS01505	WP_009566505.1	WP_009566505.1	AFE_RS01470	AFE_RS01450:274144..274797->AFE_RS01480:276713..277063	AFE_0311(ACK77993.1)[aa=396;id=1.0000;curCov=1.0000;oldCov=1.0000];AFE_0307(ACK79247.1)[aa=40;id=0.3500;curCov=0.1010;oldCov=0.6154]	AFE_0311(ACK77993.1)[id=1.0000;curCov=1.0000;oldCov=1.0000]	AFE_RS01470(WP_009566505.1)=>AFE_0311(ACK77993.1)[bp=1191;aa=396;id=1.0000;curCov=1.0000;oldCov=1.0000]	AFE_0325	ACK78942.1	396	1.0000	1.0000	1.0000	无	旧RefSeq坐标投射命中原始AFE CDS；查看identity及双向coverage
RU820_RS01550	WP_012606540.1	WP_012536083.1	AFE_RS01515	AFE_RS01510:279980..284068->AFE_RS01520:288366..288737	AFE_0321(ACK80911.1)[aa=1384;id=1.0000;curCov=1.0000;oldCov=1.0000]	AFE_0321(ACK80911.1)[id=1.0000;curCov=1.0000;oldCov=1.0000]	AFE_RS01515(WP_012536083.1)=>AFE_0321(ACK80911.1)[bp=4155;aa=1384;id=1.0000;curCov=1.0000;oldCov=1.0000]	AFE_0321	ACK80911.1	1384	1.0000	1.0000	1.0000	无	旧RefSeq坐标投射命中原始AFE CDS；查看identity及双向coverage
RU820_RS01570	WP_009566505.1	WP_009566505.1	AFE_RS01535	AFE_RS01530:289267..291366->AFE_RS01540:292577..292885	AFE_0325(ACK78942.1)[aa=396;id=1.0000;curCov=1.0000;oldCov=1.0000]	AFE_0325(ACK78942.1)[id=1.0000;curCov=1.0000;oldCov=1.0000]	AFE_RS01535(WP_009566505.1)=>AFE_0325(ACK78942.1)[bp=1191;aa=396;id=1.0000;curCov=1.0000;oldCov=1.0000];AFE_RS01535(WP_009566505.1)=>AFE_0326(ACK79390.1)[bp=1;aa=39;id=0.4615;curCov=0.0985;oldCov=0.3824]	AFE_0325	ACK78942.1	396	1.0000	1.0000	1.0000	old annotation topology: AFE_0325 overlaps 2 old-RefSeq CDS (not evidence of current split)	原始AFE坐标对应；旧注释拓扑差异/可能merge，按覆盖与多拷贝复核
RU820_RS01825	WP_041838681.1	WP_278415965.1	AFE_RS16650	AFE_RS01775:323660..324631->AFE_RS01785:327167..327859	no_interval_hit_above_minimum	none	AFE_RS16650(WP_278415965.1)=>AFE_0377(ACK80824.1)[bp=29;aa=66;id=0.3333;curCov=0.0859;oldCov=0.2870]	AFE_1130	ACK78941.1	39	0.7436	0.0508	0.9512	无	旧RefSeq坐标投射命中原始AFE CDS；查看identity及双向coverage
RU820_RS02020	WP_146235837.1	WP_146235837.1	AFE_RS15930	AFE_RS01965:359479..360015->AFE_RS01970:360588..360803	no_interval_hit_above_minimum	AFE_0417(ACK79378.1)[id=0.5714;curCov=0.0729;oldCov=0.0864]	AFE_RS15930(WP_146235837.1)=>AFE_0417(ACK79378.1)[bp=20;aa=7;id=0.5714;curCov=0.0729;oldCov=0.0864]	AFE_2727	ACK78424.1	39	0.3846	0.4062	0.1797	无	旧RefSeq坐标投射命中原始AFE CDS；查看identity及双向coverage
RU820_RS02245	WP_009564831.1	WP_009564831.1	AFE_RS02190	AFE_RS02185:403957..404760->AFE_RS02195:405436..406611	AFE_0464(ACK78176.1)[aa=57;id=0.3333;curCov=0.3826;oldCov=0.3353]	AFE_0464(ACK78176.1)[id=0.3333;curCov=0.3826;oldCov=0.3353]	无	AFE_0151	ACK78122.1	124	0.3952	0.8322	0.9394	无	无原始AFE坐标投射命中；结合最佳ACK序列覆盖复核
RU820_RS02395	WP_041645281.1	WP_074874213.1	AFE_RS17030	AFE_RS02335:432117..432497->AFE_RS02350:433901..434497	no_interval_hit_above_minimum	AFE_0495(ACK80473.1)[id=0.4000;curCov=0.1042;oldCov=0.1333]	无	AFE_2931	ACK80018.1	62	0.3065	0.6458	0.0549	无	无原始AFE坐标投射命中；结合最佳ACK序列覆盖复核
RU820_RS02400	WP_009567639.1	WP_225487403.1	AFE_RS02345	AFE_RS02335:432117..432497->AFE_RS02350:433901..434497	AFE_0495(ACK80473.1)[aa=75;id=1.0000;curCov=1.0000;oldCov=1.0000]	AFE_0495(ACK80473.1)[id=1.0000;curCov=1.0000;oldCov=1.0000]	AFE_RS02345(WP_225487403.1)=>AFE_0495(ACK80473.1)[bp=165;aa=75;id=1.0000;curCov=1.0000;oldCov=1.0000]	AFE_0495	ACK80473.1	75	1.0000	1.0000	1.0000	无	旧RefSeq坐标投射命中原始AFE CDS；查看identity及双向coverage
RU820_RS02410	WP_198293661.1	WP_198293661.1	AFE_RS16885	AFE_RS02350:433901..434497->AFE_RS02360:435706..436143	no_interval_hit_above_minimum	none	AFE_RS16885(WP_198293661.1)=>AFE_0496(ACK80054.1)[bp=26;aa=140;id=0.3214;curCov=0.6763;oldCov=0.7071]	AFE_1723	ACK80406.1	152	0.3487	0.7343	0.4578	无	旧RefSeq坐标投射命中原始AFE CDS；查看identity及双向coverage
RU820_RS02415	WP_009567636.1	WP_009567636.1	AFE_RS16890	AFE_RS02350:433901..434497->AFE_RS02360:435706..436143	no_interval_hit_above_minimum	none	无	AFE_2104	ACK79869.1	98	0.3878	0.6087	0.0948	无	无原始AFE坐标投射命中；结合最佳ACK序列覆盖复核
RU820_RS02450	WP_226834174.1	WP_226834174.1	AFE_RS02380	AFE_RS15935:439305..439445->AFE_RS02425:446469..446723	AFE_0505(ACK80288.1)[aa=128;id=1.0000;curCov=1.0000;oldCov=0.7033];AFE_0506(ACK79957.1)[aa=85;id=0.3882;curCov=0.6641;oldCov=0.2972];AFE_0510(ACK78039.1)[aa=49;id=0.3878;curCov=0.3828;oldCov=0.2800];AFE_0509(ACK78914.1)[aa=97;id=0.3093;curCov=0.7578;oldCov=0.2922];AFE_0507(ACK78204.1)[aa=50;id=0.3600;curCov=0.3906;oldCov=0.1208]	AFE_0505(ACK80288.1)[id=1.0000;curCov=1.0000;oldCov=0.7033]	AFE_RS02380(WP_226834174.1)=>AFE_0505(ACK80288.1)[bp=387;aa=128;id=1.0000;curCov=1.0000;oldCov=0.7033]	AFE_0505	ACK80288.1	128	1.0000	1.0000	0.7033	无	旧RefSeq坐标投射命中原始AFE CDS；查看identity及双向coverage
RU820_RS02460	WP_012535982.1	WP_012535982.1	AFE_RS02390	AFE_RS15935:439305..439445->AFE_RS02425:446469..446723	AFE_0507(ACK78204.1)[aa=414;id=1.0000;curCov=1.0000;oldCov=1.0000];AFE_0508(ACK78871.1)[aa=187;id=0.3209;curCov=0.4517;oldCov=0.5974];AFE_0506(ACK79957.1)[aa=213;id=0.3052;curCov=0.5145;oldCov=0.7448];AFE_0510(ACK78039.1)[aa=53;id=0.4528;curCov=0.1280;oldCov=0.3029];AFE_0505(ACK80288.1)[aa=126;id=0.3175;curCov=0.3043;oldCov=0.6923];AFE_0512(ACK80270.1)[aa=25;id=0.3600;curCov=0.0604;oldCov=0.3731]	AFE_0507(ACK78204.1)[id=1.0000;curCov=1.0000;oldCov=1.0000]	AFE_RS02390(WP_012535982.1)=>AFE_0507(ACK78204.1)[bp=1245;aa=414;id=1.0000;curCov=1.0000;oldCov=1.0000];AFE_RS02390(WP_012535982.1)=>AFE_0508(ACK78871.1)[bp=4;aa=187;id=0.3209;curCov=0.4517;oldCov=0.5974]	AFE_0835	ACK79199.1	414	1.0000	1.0000	1.0000	old annotation topology: AFE_0507 overlaps 2 old-RefSeq CDS (not evidence of current split)	原始AFE坐标对应；旧注释拓扑差异/可能merge，按覆盖与多拷贝复核
RU820_RS02465	WP_012535983.1	WP_012535983.1	AFE_RS02395	AFE_RS15935:439305..439445->AFE_RS02425:446469..446723	AFE_0508(ACK78871.1)[aa=313;id=1.0000;curCov=1.0000;oldCov=1.0000];AFE_0509(ACK78914.1)[aa=143;id=0.3706;curCov=0.4569;oldCov=0.4307];AFE_0507(ACK78204.1)[aa=187;id=0.3209;curCov=0.5974;oldCov=0.4517];AFE_0506(ACK79957.1)[aa=75;id=0.3733;curCov=0.2396;oldCov=0.2622];AFE_0512(ACK80270.1)[aa=20;id=0.4500;curCov=0.0639;oldCov=0.2985]	AFE_0508(ACK78871.1)[id=1.0000;curCov=1.0000;oldCov=1.0000]	AFE_RS02395(WP_012535983.1)=>AFE_0507(ACK78204.1)[bp=4;aa=187;id=0.3209;curCov=0.5974;oldCov=0.4517];AFE_RS02395(WP_012535983.1)=>AFE_0508(ACK78871.1)[bp=942;aa=313;id=1.0000;curCov=1.0000;oldCov=1.0000];AFE_RS02395(WP_012535983.1)=>AFE_0509(ACK78914.1)[bp=8;aa=143;id=0.3706;curCov=0.4569;oldCov=0.4307]	AFE_0834	ACK80490.1	313	1.0000	1.0000	1.0000	old annotation topology: AFE_0508 overlaps 3 old-RefSeq CDS (not evidence of current split)	原始AFE坐标对应；旧注释拓扑差异/可能merge，按覆盖与多拷贝复核
RU820_RS02470	WP_009561339.1	WP_009561339.1	AFE_RS02400	AFE_RS15935:439305..439445->AFE_RS02425:446469..446723	AFE_0509(ACK78914.1)[aa=332;id=1.0000;curCov=1.0000;oldCov=1.0000];AFE_0508(ACK78871.1)[aa=143;id=0.3706;curCov=0.4307;oldCov=0.4569];AFE_0506(ACK79957.1)[aa=109;id=0.4587;curCov=0.3283;oldCov=0.3811];AFE_0505(ACK80288.1)[aa=97;id=0.3093;curCov=0.2922;oldCov=0.5330];AFE_0504(ACK78263.1)[aa=20;id=0.5000;curCov=0.0602;oldCov=0.3226]	AFE_0509(ACK78914.1)[id=1.0000;curCov=1.0000;oldCov=1.0000]	AFE_RS02400(WP_009561339.1)=>AFE_0508(ACK78871.1)[bp=8;aa=143;id=0.3706;curCov=0.4307;oldCov=0.4569];AFE_RS02400(WP_009561339.1)=>AFE_0509(ACK78914.1)[bp=999;aa=332;id=1.0000;curCov=1.0000;oldCov=1.0000]	AFE_2399	ACK80674.1	332	1.0000	1.0000	1.0000	old annotation topology: AFE_0509 overlaps 2 old-RefSeq CDS (not evidence of current split)	原始AFE坐标对应；旧注释拓扑差异/可能merge，按覆盖与多拷贝复核
RU820_RS02480	WP_012535980.1	WP_012535980.1	AFE_RS02410	AFE_RS15935:439305..439445->AFE_RS02425:446469..446723	AFE_0509(ACK78914.1)[aa=164;id=0.3841;curCov=0.5878;oldCov=0.4940];AFE_0508(ACK78871.1)[aa=118;id=0.3390;curCov=0.4229;oldCov=0.3770];AFE_0507(ACK78204.1)[aa=100;id=0.3200;curCov=0.3584;oldCov=0.2415];AFE_0506(ACK79957.1)[aa=185;id=0.3297;curCov=0.6631;oldCov=0.6469];AFE_0505(ACK80288.1)[aa=84;id=0.3214;curCov=0.3011;oldCov=0.4615];AFE_0510(ACK78039.1)[aa=83;id=0.3133;curCov=0.2975;oldCov=0.4743];AFE_0504(ACK78263.1)[aa=20;id=0.5000;curCov=0.0717;oldCov=0.3226]	AFE_0509(ACK78914.1)[id=0.3841;curCov=0.5878;oldCov=0.4940]	无	AFE_0837	ACK80580.1	279	1.0000	1.0000	1.0000	无	高相似原始AFE蛋白命中但未由旧RefSeq坐标投射
RU820_RS02485	WP_009567530.1	WP_009567530.1	AFE_RS02415	AFE_RS15935:439305..439445->AFE_RS02425:446469..446723	AFE_0512(ACK80270.1)[aa=67;id=1.0000;curCov=1.0000;oldCov=1.0000];AFE_0508(ACK78871.1)[aa=20;id=0.4500;curCov=0.2985;oldCov=0.0639];AFE_0507(ACK78204.1)[aa=25;id=0.3600;curCov=0.3731;oldCov=0.0604];AFE_0506(ACK79957.1)[aa=29;id=0.3103;curCov=0.4328;oldCov=0.1014]	AFE_0512(ACK80270.1)[id=1.0000;curCov=1.0000;oldCov=1.0000]	AFE_RS02415(WP_009567530.1)=>AFE_0512(ACK80270.1)[bp=204;aa=67;id=1.0000;curCov=1.0000;oldCov=1.0000]	AFE_0512	ACK80270.1	67	1.0000	1.0000	1.0000	无	旧RefSeq坐标投射命中原始AFE CDS；查看identity及双向coverage
RU820_RS02500	WP_080513172.1	WP_080513172.1	AFE_RS15470	AFE_RS02425:446469..446723->AFE_RS16660:447712..447924	no_interval_hit_above_minimum	AFE_0514(ACK77965.1)[id=0.5455;curCov=0.0973;oldCov=0.2821]	无	AFE_1755	ACK78405.1	58	0.3966	0.5133	0.2522	无	无原始AFE坐标投射命中；结合最佳ACK序列覆盖复核
RU820_RS02510	WP_225487644.1	WP_225487644.1	AFE_RS16665	AFE_RS16660:447712..447924->AFE_RS02435:448664..449236	AFE_0516(ACK78256.1)[aa=23;id=0.3043;curCov=0.3108;oldCov=0.2614]	AFE_0516(ACK78256.1)[id=0.3043;curCov=0.3108;oldCov=0.2614]	无	AFE_0372	ACK80304.1	56	0.3393	0.7568	0.1547	无	无原始AFE坐标投射命中；结合最佳ACK序列覆盖复核
RU820_RS02640	WP_225487408.1	WP_012536195.1	AFE_RS02560	AFE_RS02555:476519..477283->AFE_RS02565:479533..479745	AFE_0545(ACK79862.1)[aa=597;id=1.0000;curCov=1.0000;oldCov=0.9692]	AFE_0545(ACK79862.1)[id=1.0000;curCov=1.0000;oldCov=0.9692]	AFE_RS02560(WP_012536195.1)=>AFE_0545(ACK79862.1)[bp=1851;aa=597;id=1.0000;curCov=1.0000;oldCov=0.9692]	AFE_0545	ACK79862.1	597	1.0000	1.0000	0.9692	无	旧RefSeq坐标投射命中原始AFE CDS；查看identity及双向coverage
RU820_RS02660	WP_012536197.1	WP_080513173.1	AFE_RS02580	AFE_RS02575:480686..483550->AFE_RS02590:489034..489849	AFE_0549(ACK80307.1)[aa=1197;id=0.9992;curCov=0.9779;oldCov=0.9893];AFE_0550(ACK78827.1)[aa=197;id=0.3706;curCov=0.1609;oldCov=0.4828]	AFE_0549(ACK80307.1)[id=0.9992;curCov=0.9779;oldCov=0.9893]	AFE_RS02580(WP_080513173.1)=>AFE_0549(ACK80307.1)[bp=3597;aa=1197;id=0.9992;curCov=0.9779;oldCov=0.9893]	AFE_0549	ACK80307.1	1197	0.9992	0.9779	0.9893	无	旧RefSeq坐标投射命中原始AFE CDS；查看identity及双向coverage
RU820_RS02820	WP_225487645.1	WP_225487645.1	AFE_RS16670	AFE_RS02735:518054..518284->AFE_RS16675:519020..519379	no_interval_hit_above_minimum	none	无	AFE_1556	ACK80093.1	113	0.3451	0.8828	0.3414	无	无原始AFE坐标投射命中；结合最佳ACK序列覆盖复核
RU820_RS02835	WP_374058762.1	WP_012606594.1	AFE_RS02755	AFE_RS16675:519020..519379->AFE_RS02760:520643..521266	AFE_0587(ACK79138.1)[aa=298;id=0.9866;curCov=0.9707;oldCov=0.8896]	AFE_0587(ACK79138.1)[id=0.9866;curCov=0.9707;oldCov=0.8896]	AFE_RS02755(WP_012606594.1)=>AFE_0587(ACK79138.1)[bp=1008;aa=298;id=0.9866;curCov=0.9707;oldCov=0.8896]	AFE_0587	ACK79138.1	298	0.9866	0.9707	0.8896	无	旧RefSeq坐标投射命中原始AFE CDS；查看identity及双向coverage
RU820_RS02945	WP_155644734.1	WP_155644734.1	AFE_RS16305	AFE_RS02860:541415..542428->AFE_RS02870:542742..543989	no_interval_hit_above_minimum	AFE_0610(ACK78378.1)[id=0.5000;curCov=0.2264;oldCov=0.1446]	无	AFE_3085	ACK78174.1	39	0.5128	0.7358	0.0958	无	无原始AFE坐标投射命中；结合最佳ACK序列覆盖复核
RU820_RS02960	WP_009568923.1	WP_009568923.1	AFE_RS02880	AFE_RS02875:543982..544824->AFE_RS02885:545531..546949	no_interval_hit_above_minimum	AFE_0613(ACK80165.1)[id=0.7500;curCov=0.0357;oldCov=0.0588]	无	AFE_2277	ACK80021.1	76	0.2763	0.6786	0.1634	无	无原始AFE坐标投射命中；结合最佳ACK序列覆盖复核
RU820_RS03065	WP_012536251.1	WP_012536251.1	AFE_RS02990	AFE_RS02985:566052..566408->AFE_RS02995:567401..568603	AFE_0635(ACK80513.1)[aa=314;id=1.0000;curCov=1.0000;oldCov=1.0000]	AFE_0635(ACK80513.1)[id=1.0000;curCov=1.0000;oldCov=1.0000]	AFE_RS02990(WP_012536251.1)=>AFE_0635(ACK80513.1)[bp=945;aa=314;id=1.0000;curCov=1.0000;oldCov=1.0000]	AFE_3143	ACK80568.1	314	1.0000	1.0000	1.0000	无	旧RefSeq坐标投射命中原始AFE CDS；查看identity及双向coverage
RU820_RS03180	WP_012536268.1	WP_428947036.1	AFE_RS03105	AFE_RS03100:588124..588450->AFE_RS03110:589898..590104	AFE_0658(ACK78760.1)[aa=418;id=1.0000;curCov=1.0000;oldCov=1.0000]	AFE_0658(ACK78760.1)[id=1.0000;curCov=1.0000;oldCov=1.0000]	AFE_RS03105(WP_428947036.1)=>AFE_0657(ACK80888.1)[bp=4;aa=65;id=0.2308;curCov=0.1555;oldCov=0.6019];AFE_RS03105(WP_428947036.1)=>AFE_0658(ACK78760.1)[bp=1257;aa=418;id=1.0000;curCov=1.0000;oldCov=1.0000]	AFE_0658	ACK78760.1	418	1.0000	1.0000	1.0000	无	旧RefSeq坐标投射命中原始AFE CDS；查看identity及双向coverage
RU820_RS03245	WP_009566459.1	WP_012536274.1	AFE_RS03170	AFE_RS03165:599772..600575->AFE_RS03175:601415..601903	AFE_0671(ACK80553.1)[aa=249;id=1.0000;curCov=1.0000;oldCov=1.0000]	AFE_0671(ACK80553.1)[id=1.0000;curCov=1.0000;oldCov=1.0000]	AFE_RS03170(WP_012536274.1)=>AFE_0670(ACK79732.1)[bp=1;aa=71;id=0.3803;curCov=0.2851;oldCov=0.2773];AFE_RS03170(WP_012536274.1)=>AFE_0671(ACK80553.1)[bp=750;aa=249;id=1.0000;curCov=1.0000;oldCov=1.0000]	AFE_0671	ACK80553.1	249	1.0000	1.0000	1.0000	无	旧RefSeq坐标投射命中原始AFE CDS；查看identity及双向coverage
RU820_RS03395	WP_009564317.1	WP_230959333.1	AFE_RS03330	AFE_RS03325:632701..633021->AFE_RS03335:633375..633848	AFE_0704(ACK78571.1)[aa=110;id=1.0000;curCov=1.0000;oldCov=1.0000]	AFE_0704(ACK78571.1)[id=1.0000;curCov=1.0000;oldCov=1.0000]	AFE_RS03330(WP_230959333.1)=>AFE_0704(ACK78571.1)[bp=324;aa=110;id=1.0000;curCov=1.0000;oldCov=1.0000]	AFE_0704	ACK78571.1	110	1.0000	1.0000	1.0000	无	旧RefSeq坐标投射命中原始AFE CDS；查看identity及双向coverage
RU820_RS03545	WP_371741701.1	WP_012536318.1	AFE_RS03480	AFE_RS03475:662107..663201->AFE_RS03485:663843..666197	AFE_0734(ACK79787.1)[aa=169;id=1.0000;curCov=1.0000;oldCov=0.9441]	AFE_0734(ACK79787.1)[id=1.0000;curCov=1.0000;oldCov=0.9441]	AFE_RS03480(WP_012536318.1)=>AFE_0734(ACK79787.1)[bp=540;aa=169;id=1.0000;curCov=1.0000;oldCov=0.9441];AFE_RS03480(WP_012536318.1)=>AFE_0735(ACK78147.1)[bp=4;aa=124;id=0.3065;curCov=0.7337;oldCov=0.1582]	AFE_0734	ACK79787.1	169	1.0000	1.0000	0.9441	old annotation topology: AFE_0734 overlaps 2 old-RefSeq CDS (not evidence of current split)	原始AFE坐标对应；旧注释拓扑差异/可能merge，按覆盖与多拷贝复核
RU820_RS03575	WP_012536323.1	WP_009566066.1	AFE_RS03510	AFE_RS03505:668027..669091->AFE_RS03515:669849..670280	AFE_0741(ACK78638.1)[aa=177;id=1.0000;curCov=1.0000;oldCov=1.0000]	AFE_0741(ACK78638.1)[id=1.0000;curCov=1.0000;oldCov=1.0000]	AFE_RS03510(WP_009566066.1)=>AFE_0741(ACK78638.1)[bp=534;aa=177;id=1.0000;curCov=1.0000;oldCov=1.0000];AFE_RS03510(WP_009566066.1)=>AFE_0742(ACK78166.1)[bp=4;aa=39;id=0.5385;curCov=0.2203;oldCov=0.2727]	AFE_0741	ACK78638.1	177	1.0000	1.0000	1.0000	old annotation topology: AFE_0741 overlaps 2 old-RefSeq CDS (not evidence of current split)	原始AFE坐标对应；旧注释拓扑差异/可能merge，按覆盖与多拷贝复核
RU820_RS03600	WP_012606634.1	WP_012536328.1	AFE_RS03535	AFE_RS03530:672435..674180->AFE_RS03540:674720..675736	AFE_0746(ACK79145.1)[aa=161;id=1.0000;curCov=1.0000;oldCov=1.0000]	AFE_0746(ACK79145.1)[id=1.0000;curCov=1.0000;oldCov=1.0000]	AFE_RS03535(WP_012536328.1)=>AFE_0745(ACK78524.1)[bp=4;aa=66;id=0.3333;curCov=0.4099;oldCov=0.1136];AFE_RS03535(WP_012536328.1)=>AFE_0746(ACK79145.1)[bp=486;aa=161;id=1.0000;curCov=1.0000;oldCov=1.0000]	AFE_0746	ACK79145.1	161	1.0000	1.0000	1.0000	无	旧RefSeq坐标投射命中原始AFE CDS；查看identity及双向coverage
RU820_RS03720	WP_230456334.1	WP_225487417.1	AFE_RS03650	AFE_RS03645:700142..701185->AFE_RS03655:702272..704530	AFE_0774(ACK80899.1)[aa=333;id=0.9970;curCov=0.9098;oldCov=1.0000]	AFE_0774(ACK80899.1)[id=0.9970;curCov=0.9098;oldCov=1.0000]	AFE_RS03650(WP_225487417.1)=>AFE_0774(ACK80899.1)[bp=1002;aa=333;id=0.9970;curCov=0.9098;oldCov=1.0000]	AFE_0774	ACK80899.1	333	0.9970	0.9098	1.0000	无	旧RefSeq坐标投射命中原始AFE CDS；查看identity及双向coverage
RU820_RS03785	WP_012536357.1	WP_157293193.1	AFE_RS03715	AFE_RS03710:713160..713684->AFE_RS03720:714875..716194	AFE_0787(ACK78404.1)[aa=246;id=1.0000;curCov=1.0000;oldCov=0.7049]	AFE_0787(ACK78404.1)[id=1.0000;curCov=1.0000;oldCov=0.7049]	AFE_RS03715(WP_157293193.1)=>AFE_0787(ACK78404.1)[bp=696;aa=246;id=1.0000;curCov=1.0000;oldCov=0.7049]	AFE_0787	ACK78404.1	246	1.0000	1.0000	0.7049	无	旧RefSeq坐标投射命中原始AFE CDS；查看identity及双向coverage
RU820_RS03830	WP_423365384.1	WP_012536365.1	AFE_RS03760	AFE_RS03755:721378..722193->AFE_RS03765:723703..723969	AFE_0796(ACK80936.1)[aa=242;id=1.0000;curCov=1.0000;oldCov=0.6096]	AFE_0796(ACK80936.1)[id=1.0000;curCov=1.0000;oldCov=0.6096]	AFE_RS03760(WP_012536365.1)=>AFE_0796(ACK80936.1)[bp=1194;aa=242;id=1.0000;curCov=1.0000;oldCov=0.6096]	AFE_0796	ACK80936.1	242	1.0000	1.0000	0.6096	无	旧RefSeq坐标投射命中原始AFE CDS；查看identity及双向coverage
RU820_RS03835	WP_012606582.1	WP_012606582.1	AFE_RS02585;AFE_RS05215;AFE_RS05380;AFE_RS05990;AFE_RS11170;AFE_RS12425;AFE_RS13635;AFE_RS14955	AFE_RS03755:721378..722193->AFE_RS03765:723703..723969	AFE_0796(ACK80936.1)[aa=129;id=0.3101;curCov=0.3162;oldCov=0.3249]	AFE_0796(ACK80936.1)[id=0.3101;curCov=0.3162;oldCov=0.3249]	AFE_RS02585(WP_012606582.1)=>AFE_0550(ACK78827.1)[bp=1227;aa=408;id=1.0000;curCov=1.0000;oldCov=1.0000];AFE_RS05215(WP_012606582.1)=>AFE_1110(ACK78329.1)[bp=1227;aa=408;id=1.0000;curCov=1.0000;oldCov=1.0000];AFE_RS05380(WP_012606582.1)=>AFE_1142(ACK79585.1)[bp=1227;aa=408;id=1.0000;curCov=1.0000;oldCov=1.0000];AFE_RS05990(WP_012606582.1)=>AFE_1265(ACK80266.1)[bp=1227;aa=408;id=1.0000;curCov=1.0000;oldCov=1.0000];AFE_RS11170(WP_012606582.1)=>AFE_2432(ACK77962.1)[bp=1227;aa=408;id=1.0000;curCov=1.0000;oldCov=1.0000];AFE_RS12425(WP_012606582.1)=>AFE_2709(ACK79916.1)[bp=1227;aa=408;id=1.0000;curCov=1.0000;oldCov=1.0000];AFE_RS13635(WP_012606582.1)=>AFE_2972(ACK80502.1)[bp=1227;aa=408;id=1.0000;curCov=1.0000;oldCov=1.0000];AFE_RS14955(WP_012606582.1)=>AFE_3263(ACK79267.1)[bp=1227;aa=408;id=1.0000;curCov=1.0000;oldCov=1.0000]	AFE_2972	ACK80502.1	408	1.0000	1.0000	1.0000	possible current/old annotation merge: substantial sequence support at 8 original AFE loci	原始AFE坐标对应；旧注释拓扑差异/可能merge，按覆盖与多拷贝复核
RU820_RS03840	WP_423365385.1	WP_012536365.1	AFE_RS03760	AFE_RS03755:721378..722193->AFE_RS03765:723703..723969	AFE_0796(ACK80936.1)[aa=147;id=0.9728;curCov=0.8305;oldCov=0.3703]	AFE_0796(ACK80936.1)[id=0.9728;curCov=0.8305;oldCov=0.3703]	AFE_RS03760(WP_012536365.1)=>AFE_0796(ACK80936.1)[bp=1194;aa=147;id=0.9728;curCov=0.8305;oldCov=0.3703]	AFE_0796	ACK80936.1	147	0.9728	0.8305	0.3703	无	旧RefSeq坐标投射命中原始AFE CDS；查看identity及双向coverage
RU820_RS03865	WP_074874130.1	WP_074874130.1	AFE_RS17035	AFE_RS03780:727128..728048->AFE_RS03790:728355..729716	AFE_0801(ACK78316.1)[aa=76;id=1.0000;curCov=0.5588;oldCov=1.0000]	AFE_0801(ACK78316.1)[id=1.0000;curCov=0.5588;oldCov=1.0000]	AFE_RS17035(WP_074874130.1)=>AFE_0801(ACK78316.1)[bp=231;aa=76;id=1.0000;curCov=0.5588;oldCov=1.0000];AFE_RS17035(WP_074874130.1)=>AFE_0802(ACK78993.1)[bp=104;aa=78;id=0.3205;curCov=0.5735;oldCov=0.1722]	AFE_0801	ACK78316.1	76	1.0000	0.5588	1.0000	old annotation topology: AFE_0801 overlaps 2 old-RefSeq CDS (not evidence of current split);old annotation topology: AFE_0802 overlaps 2 old-RefSeq CDS (not evidence of current split);possible current/old annotation merge: substantial sequence support at 2 original AFE loci	原始AFE坐标对应；旧注释拓扑差异/可能merge，按覆盖与多拷贝复核
RU820_RS03940	WP_111122532.1	WP_111122532.1	AFE_RS17040	AFE_RS03855:745902..748331->AFE_RS03860:749485..749961	AFE_0819(ACK79681.1)[aa=25;id=0.3600;curCov=0.3378;oldCov=0.4717]	AFE_0819(ACK79681.1)[id=0.3600;curCov=0.3378;oldCov=0.4717]	无	AFE_2932	ACK79457.1	59	0.2881	0.7973	0.0492	无	无原始AFE坐标投射命中；结合最佳ACK序列覆盖复核
RU820_RS03960	WP_012536381.1	WP_111122550.1	AFE_RS03870	AFE_RS03865:750211..750522->AFE_RS03875:751066..752628	AFE_0824(ACK79929.1)[aa=85;id=1.0000;curCov=1.0000;oldCov=0.8854]	AFE_0824(ACK79929.1)[id=1.0000;curCov=1.0000;oldCov=0.8854]	AFE_RS03870(WP_111122550.1)=>AFE_0822(ACK79220.1)[bp=8;aa=24;id=0.4167;curCov=0.2824;oldCov=0.2330];AFE_RS03870(WP_111122550.1)=>AFE_0824(ACK79929.1)[bp=270;aa=85;id=1.0000;curCov=1.0000;oldCov=0.8854]	AFE_0824	ACK79929.1	85	1.0000	1.0000	0.8854	old annotation topology: AFE_0824 overlaps 2 old-RefSeq CDS (not evidence of current split)	原始AFE坐标对应；旧注释拓扑差异/可能merge，按覆盖与多拷贝复核
RU820_RS03985	WP_226834174.1	WP_226834174.1	AFE_RS03895	AFE_RS15205:755298..756458->AFE_RS03935:763398..766352	AFE_0831(ACK77838.1)[aa=128;id=1.0000;curCov=1.0000;oldCov=0.7033];AFE_0832(ACK80536.1)[aa=85;id=0.3882;curCov=0.6641;oldCov=0.2972];AFE_0836(ACK79885.1)[aa=49;id=0.3878;curCov=0.3828;oldCov=0.2800];AFE_0833(ACK79751.1)[aa=97;id=0.3093;curCov=0.7578;oldCov=0.2922];AFE_0835(ACK79199.1)[aa=50;id=0.3600;curCov=0.3906;oldCov=0.1208];AFE_0837(ACK80580.1)[aa=28;id=0.4643;curCov=0.2188;oldCov=0.1004]	AFE_0831(ACK77838.1)[id=1.0000;curCov=1.0000;oldCov=0.7033]	AFE_RS03895(WP_226834174.1)=>AFE_0831(ACK77838.1)[bp=387;aa=128;id=1.0000;curCov=1.0000;oldCov=0.7033]	AFE_0505	ACK80288.1	128	1.0000	1.0000	0.7033	无	旧RefSeq坐标投射命中原始AFE CDS；查看identity及双向coverage
RU820_RS03995	WP_009561339.1	WP_009561339.1	AFE_RS03905	AFE_RS15205:755298..756458->AFE_RS03935:763398..766352	AFE_0833(ACK79751.1)[aa=332;id=1.0000;curCov=1.0000;oldCov=1.0000];AFE_0834(ACK80490.1)[aa=143;id=0.3706;curCov=0.4307;oldCov=0.4569];AFE_0837(ACK80580.1)[aa=164;id=0.3841;curCov=0.4940;oldCov=0.5878];AFE_0832(ACK80536.1)[aa=109;id=0.4587;curCov=0.3283;oldCov=0.3811];AFE_0831(ACK77838.1)[aa=97;id=0.3093;curCov=0.2922;oldCov=0.5330];AFE_0830(ACK79575.1)[aa=20;id=0.5000;curCov=0.0602;oldCov=0.3226]	AFE_0833(ACK79751.1)[id=1.0000;curCov=1.0000;oldCov=1.0000]	AFE_RS03905(WP_009561339.1)=>AFE_0833(ACK79751.1)[bp=999;aa=332;id=1.0000;curCov=1.0000;oldCov=1.0000];AFE_RS03905(WP_009561339.1)=>AFE_0834(ACK80490.1)[bp=8;aa=143;id=0.3706;curCov=0.4307;oldCov=0.4569]	AFE_2399	ACK80674.1	332	1.0000	1.0000	1.0000	old annotation topology: AFE_0833 overlaps 2 old-RefSeq CDS (not evidence of current split)	原始AFE坐标对应；旧注释拓扑差异/可能merge，按覆盖与多拷贝复核
RU820_RS04000	WP_012535983.1	WP_012535983.1	AFE_RS03910	AFE_RS15205:755298..756458->AFE_RS03935:763398..766352	AFE_0834(ACK80490.1)[aa=313;id=1.0000;curCov=1.0000;oldCov=1.0000];AFE_0833(ACK79751.1)[aa=143;id=0.3706;curCov=0.4569;oldCov=0.4307];AFE_0835(ACK79199.1)[aa=187;id=0.3209;curCov=0.5974;oldCov=0.4517];AFE_0832(ACK80536.1)[aa=75;id=0.3733;curCov=0.2396;oldCov=0.2622];AFE_0837(ACK80580.1)[aa=118;id=0.3390;curCov=0.3770;oldCov=0.4229];AFE_0838(ACK79201.1)[aa=20;id=0.4500;curCov=0.0639;oldCov=0.2985]	AFE_0834(ACK80490.1)[id=1.0000;curCov=1.0000;oldCov=1.0000]	AFE_RS03910(WP_012535983.1)=>AFE_0833(ACK79751.1)[bp=8;aa=143;id=0.3706;curCov=0.4569;oldCov=0.4307];AFE_RS03910(WP_012535983.1)=>AFE_0834(ACK80490.1)[bp=942;aa=313;id=1.0000;curCov=1.0000;oldCov=1.0000];AFE_RS03910(WP_012535983.1)=>AFE_0835(ACK79199.1)[bp=4;aa=187;id=0.3209;curCov=0.5974;oldCov=0.4517]	AFE_0834	ACK80490.1	313	1.0000	1.0000	1.0000	old annotation topology: AFE_0834 overlaps 3 old-RefSeq CDS (not evidence of current split)	原始AFE坐标对应；旧注释拓扑差异/可能merge，按覆盖与多拷贝复核
RU820_RS04005	WP_012535982.1	WP_012535982.1	AFE_RS03915	AFE_RS15205:755298..756458->AFE_RS03935:763398..766352	AFE_0835(ACK79199.1)[aa=414;id=1.0000;curCov=1.0000;oldCov=1.0000];AFE_0834(ACK80490.1)[aa=187;id=0.3209;curCov=0.4517;oldCov=0.5974];AFE_0832(ACK80536.1)[aa=213;id=0.3052;curCov=0.5145;oldCov=0.7448];AFE_0837(ACK80580.1)[aa=100;id=0.3200;curCov=0.2415;oldCov=0.3584];AFE_0836(ACK79885.1)[aa=53;id=0.4528;curCov=0.1280;oldCov=0.3029];AFE_0831(ACK77838.1)[aa=126;id=0.3175;curCov=0.3043;oldCov=0.6923];AFE_0838(ACK79201.1)[aa=25;id=0.3600;curCov=0.0604;oldCov=0.3731]	AFE_0835(ACK79199.1)[id=1.0000;curCov=1.0000;oldCov=1.0000]	AFE_RS03915(WP_012535982.1)=>AFE_0834(ACK80490.1)[bp=4;aa=187;id=0.3209;curCov=0.4517;oldCov=0.5974];AFE_RS03915(WP_012535982.1)=>AFE_0835(ACK79199.1)[bp=1245;aa=414;id=1.0000;curCov=1.0000;oldCov=1.0000]	AFE_0835	ACK79199.1	414	1.0000	1.0000	1.0000	old annotation topology: AFE_0835 overlaps 2 old-RefSeq CDS (not evidence of current split)	原始AFE坐标对应；旧注释拓扑差异/可能merge，按覆盖与多拷贝复核
RU820_RS04015	WP_012535980.1	WP_012535980.1	AFE_RS03925	AFE_RS15205:755298..756458->AFE_RS03935:763398..766352	AFE_0837(ACK80580.1)[aa=279;id=1.0000;curCov=1.0000;oldCov=1.0000];AFE_0833(ACK79751.1)[aa=164;id=0.3841;curCov=0.5878;oldCov=0.4940];AFE_0834(ACK80490.1)[aa=118;id=0.3390;curCov=0.4229;oldCov=0.3770];AFE_0835(ACK79199.1)[aa=100;id=0.3200;curCov=0.3584;oldCov=0.2415];AFE_0832(ACK80536.1)[aa=185;id=0.3297;curCov=0.6631;oldCov=0.6469];AFE_0831(ACK77838.1)[aa=84;id=0.3214;curCov=0.3011;oldCov=0.4615];AFE_0836(ACK79885.1)[aa=83;id=0.3133;curCov=0.2975;oldCov=0.4743];AFE_0830(ACK79575.1)[aa=20;id=0.5000;curCov=0.0717;oldCov=0.3226]	AFE_0837(ACK80580.1)[id=1.0000;curCov=1.0000;oldCov=1.0000]	AFE_RS03925(WP_012535980.1)=>AFE_0837(ACK80580.1)[bp=840;aa=279;id=1.0000;curCov=1.0000;oldCov=1.0000]	AFE_0837	ACK80580.1	279	1.0000	1.0000	1.0000	无	旧RefSeq坐标投射命中原始AFE CDS；查看identity及双向coverage
RU820_RS04020	WP_009567530.1	WP_009567530.1	AFE_RS03930	AFE_RS15205:755298..756458->AFE_RS03935:763398..766352	AFE_0838(ACK79201.1)[aa=67;id=1.0000;curCov=1.0000;oldCov=1.0000];AFE_0834(ACK80490.1)[aa=20;id=0.4500;curCov=0.2985;oldCov=0.0639];AFE_0835(ACK79199.1)[aa=25;id=0.3600;curCov=0.3731;oldCov=0.0604];AFE_0832(ACK80536.1)[aa=29;id=0.3103;curCov=0.4328;oldCov=0.1014]	AFE_0838(ACK79201.1)[id=1.0000;curCov=1.0000;oldCov=1.0000]	AFE_RS03930(WP_009567530.1)=>AFE_0838(ACK79201.1)[bp=204;aa=67;id=1.0000;curCov=1.0000;oldCov=1.0000]	AFE_0512	ACK80270.1	67	1.0000	1.0000	1.0000	无	旧RefSeq坐标投射命中原始AFE CDS；查看identity及双向coverage
RU820_RS04120	WP_012606582.1	WP_012606582.1	AFE_RS02585;AFE_RS05215;AFE_RS05380;AFE_RS05990;AFE_RS11170;AFE_RS12425;AFE_RS13635;AFE_RS14955	AFE_RS04025:782846..784057->AFE_RS04030:784139..785122	no_interval_hit_above_minimum	none	AFE_RS02585(WP_012606582.1)=>AFE_0550(ACK78827.1)[bp=1227;aa=408;id=1.0000;curCov=1.0000;oldCov=1.0000];AFE_RS05215(WP_012606582.1)=>AFE_1110(ACK78329.1)[bp=1227;aa=408;id=1.0000;curCov=1.0000;oldCov=1.0000];AFE_RS05380(WP_012606582.1)=>AFE_1142(ACK79585.1)[bp=1227;aa=408;id=1.0000;curCov=1.0000;oldCov=1.0000];AFE_RS05990(WP_012606582.1)=>AFE_1265(ACK80266.1)[bp=1227;aa=408;id=1.0000;curCov=1.0000;oldCov=1.0000];AFE_RS11170(WP_012606582.1)=>AFE_2432(ACK77962.1)[bp=1227;aa=408;id=1.0000;curCov=1.0000;oldCov=1.0000];AFE_RS12425(WP_012606582.1)=>AFE_2709(ACK79916.1)[bp=1227;aa=408;id=1.0000;curCov=1.0000;oldCov=1.0000];AFE_RS13635(WP_012606582.1)=>AFE_2972(ACK80502.1)[bp=1227;aa=408;id=1.0000;curCov=1.0000;oldCov=1.0000];AFE_RS14955(WP_012606582.1)=>AFE_3263(ACK79267.1)[bp=1227;aa=408;id=1.0000;curCov=1.0000;oldCov=1.0000]	AFE_2972	ACK80502.1	408	1.0000	1.0000	1.0000	possible current/old annotation merge: substantial sequence support at 8 original AFE loci	原始AFE坐标对应；旧注释拓扑差异/可能merge，按覆盖与多拷贝复核
RU820_RS04165	WP_146235817.1	WP_146235817.1	AFE_RS04070	AFE_RS04065:791272..791496->AFE_RS04080:792363..792605	no_interval_hit_above_minimum	none	无	AFE_2229	ACK79528.1	44	0.3636	0.5641	0.0482	无	无原始AFE坐标投射命中；结合最佳ACK序列覆盖复核
RU820_RS04170	WP_012536406.1	WP_012536406.1	AFE_RS04075	AFE_RS04065:791272..791496->AFE_RS04080:792363..792605	no_interval_hit_above_minimum	none	无	AFE_0515	ACK80363.1	37	0.8108	0.2891	0.5286	无	无原始AFE坐标投射命中；结合最佳ACK序列覆盖复核
RU820_RS04200	WP_009562941.1	WP_009562941.1	AFE_RS16685	AFE_RS04100:795942..796181->AFE_RS04110:797107..797583	no_interval_hit_above_minimum	none	无	AFE_1525	ACK80943.1	57	0.4035	0.7808	0.1234	无	无原始AFE坐标投射命中；结合最佳ACK序列覆盖复核
RU820_RS04230	WP_009568151.1	WP_009568151.1	AFE_RS04125	AFE_RS04120:798852..799364->AFE_RS16695:799956..800627	no_interval_hit_above_minimum	none	无	AFE_2069	ACK77930.1	37	0.4054	0.5522	0.0927	无	无原始AFE坐标投射命中；结合最佳ACK序列覆盖复核
RU820_RS04240	WP_225487690.1	WP_225487690.1	AFE_RS16705	AFE_RS16695:799956..800627->AFE_RS04135:800970..801269	no_interval_hit_above_minimum	none	无	AFE_2955	ACK78896.1	31	0.4839	0.4844	0.0678	无	无原始AFE坐标投射命中；结合最佳ACK序列覆盖复核
RU820_RS04390	WP_012606685.1	WP_012536431.1	AFE_RS04280	AFE_RS04275:826600..827871->AFE_RS04285:830639..830911	AFE_0912(ACK80185.1)[aa=796;id=1.0000;curCov=1.0000;oldCov=1.0000];AFE_0913(ACK80716.1)[aa=15;id=0.4667;curCov=0.0188;oldCov=0.3571]	AFE_0912(ACK80185.1)[id=1.0000;curCov=1.0000;oldCov=1.0000]	AFE_RS04280(WP_012536431.1)=>AFE_0912(ACK80185.1)[bp=2391;aa=796;id=1.0000;curCov=1.0000;oldCov=1.0000]	AFE_0912	ACK80185.1	796	1.0000	1.0000	1.0000	无	旧RefSeq坐标投射命中原始AFE CDS；查看identity及双向coverage
RU820_RS04525	WP_225487427.1	WP_012536452.1	AFE_RS04415	AFE_RS04410:853890..854996->AFE_RS04420:857210..860551	AFE_0941(ACK78809.1)[aa=639;id=0.9984;curCov=0.9816;oldCov=1.0000]	AFE_0941(ACK78809.1)[id=0.9984;curCov=0.9816;oldCov=1.0000]	AFE_RS04415(WP_012536452.1)=>AFE_0941(ACK78809.1)[bp=1920;aa=639;id=0.9984;curCov=0.9816;oldCov=1.0000]	AFE_0941	ACK78809.1	639	0.9984	0.9816	1.0000	无	旧RefSeq坐标投射命中原始AFE CDS；查看identity及双向coverage
RU820_RS04550	WP_371741691.1	WP_012536456.1	AFE_RS04440	AFE_RS04435:862487..864079->AFE_RS04445:866307..866771	AFE_0948(ACK78051.1)[aa=616;id=1.0000;curCov=1.0000;oldCov=0.9825];AFE_0946(ACK80121.1)[aa=21;id=0.4286;curCov=0.0341;oldCov=0.3684]	AFE_0948(ACK78051.1)[id=1.0000;curCov=1.0000;oldCov=0.9825]	AFE_RS04440(WP_012536456.1)=>AFE_0948(ACK78051.1)[bp=1884;aa=616;id=1.0000;curCov=1.0000;oldCov=0.9825]	AFE_0948	ACK78051.1	616	1.0000	1.0000	0.9825	无	旧RefSeq坐标投射命中原始AFE CDS；查看identity及双向coverage
RU820_RS04630	WP_012536467.1	WP_225487428.1	AFE_RS04520	AFE_RS04515:882831..883280->AFE_RS04525:883707..885005	AFE_0965(ACK78845.1)[aa=135;id=1.0000;curCov=1.0000;oldCov=1.0000]	AFE_0965(ACK78845.1)[id=1.0000;curCov=1.0000;oldCov=1.0000]	AFE_RS04520(WP_225487428.1)=>AFE_0964(ACK79540.1)[bp=26;aa=28;id=0.3571;curCov=0.2074;oldCov=0.1497];AFE_RS04520(WP_225487428.1)=>AFE_0965(ACK78845.1)[bp=408;aa=135;id=1.0000;curCov=1.0000;oldCov=1.0000]	AFE_0965	ACK78845.1	135	1.0000	1.0000	1.0000	old annotation topology: AFE_0965 overlaps 2 old-RefSeq CDS (not evidence of current split)	原始AFE坐标对应；旧注释拓扑差异/可能merge，按覆盖与多拷贝复核
RU820_RS04745	WP_012536486.1	WP_012536486.1	AFE_RS04635	AFE_RS04630:904658..905698->AFE_RS04640:906280..906747	AFE_0989(ACK79273.1)[aa=64;id=0.3281;curCov=0.4571;oldCov=0.2783]	AFE_0989(ACK79273.1)[id=0.3281;curCov=0.4571;oldCov=0.2783]	无	AFE_0070	ACK79616.1	100	0.3800	0.7143	0.3676	无	无原始AFE坐标投射命中；结合最佳ACK序列覆盖复核
RU820_RS04800	WP_041645360.1	WP_041645360.1	AFE_RS15970	AFE_RS17055:912109..912318->AFE_RS15975:912929..913564	no_interval_hit_above_minimum	none	AFE_RS15970(WP_041645360.1)=>AFE_0999(ACK80167.1)[bp=4;aa=43;id=0.2326;curCov=0.4175;oldCov=0.6232]	AFE_0753	ACK79308.1	88	0.2841	0.8544	0.0765	无	旧RefSeq坐标投射命中原始AFE CDS；查看identity及双向coverage
RU820_RS04890	WP_041645372.1	WP_041645372.1	AFE_RS04770	AFE_RS15240:923384..923932->AFE_RS04775:924381..924656	no_interval_hit_above_minimum	AFE_1019(ACK78899.1)[id=0.4000;curCov=0.0741;oldCov=0.2778]	无	AFE_1544	ACK80178.1	63	0.3016	0.4667	0.2218	无	无原始AFE坐标投射命中；结合最佳ACK序列覆盖复核
RU820_RS04920	WP_041645376.1	WP_041645376.1	AFE_RS04800	AFE_RS04795:927479..928069->AFE_RS04810:928854..929747	AFE_1025(ACK80232.1)[aa=19;id=0.4211;curCov=0.2262;oldCov=0.1293]	AFE_1025(ACK80232.1)[id=0.4211;curCov=0.2262;oldCov=0.1293]	AFE_RS04800(WP_041645376.1)=>AFE_1025(ACK80232.1)[bp=211;aa=19;id=0.4211;curCov=0.2262;oldCov=0.1293]	AFE_1717	ACK80873.1	84	0.6310	1.0000	0.9882	old annotation topology: AFE_1025 overlaps 2 old-RefSeq CDS (not evidence of current split)	原始AFE坐标对应；旧注释拓扑差异/可能merge，按覆盖与多拷贝复核
RU820_RS04925	WP_148208598.1	WP_148208598.1	AFE_RS04805	AFE_RS04795:927479..928069->AFE_RS04810:928854..929747	AFE_1025(ACK80232.1)[aa=75;id=1.0000;curCov=1.0000;oldCov=0.5102]	AFE_1025(ACK80232.1)[id=1.0000;curCov=1.0000;oldCov=0.5102]	AFE_RS04805(WP_148208598.1)=>AFE_1025(ACK80232.1)[bp=228;aa=75;id=1.0000;curCov=1.0000;oldCov=0.5102]	AFE_1025	ACK80232.1	75	1.0000	1.0000	0.5102	old annotation topology: AFE_1025 overlaps 2 old-RefSeq CDS (not evidence of current split)	原始AFE坐标对应；旧注释拓扑差异/可能merge，按覆盖与多拷贝复核
RU820_RS04995	WP_158303817.1	WP_158303817.1	AFE_RS16320	AFE_RS04875:940065..940628->AFE_RS04895:942952..943341	no_interval_hit_above_minimum	AFE_1044(ACK80923.1)[id=0.6250;curCov=0.1509;oldCov=0.0899]	无	AFE_2583	ACK79600.1	14	0.6429	0.2642	0.0464	无	无原始AFE坐标投射命中；结合最佳ACK序列覆盖复核
RU820_RS05005	WP_148208601.1	WP_148208601.1	AFE_RS15985	AFE_RS04895:942952..943341->AFE_RS04905:943788..945923	AFE_1046(ACK78536.1)[aa=91;id=0.9890;curCov=1.0000;oldCov=0.6190]	AFE_1046(ACK78536.1)[id=0.9890;curCov=1.0000;oldCov=0.6190]	AFE_RS15985(WP_148208601.1)=>AFE_1046(ACK78536.1)[bp=276;aa=91;id=0.9890;curCov=1.0000;oldCov=0.6190];AFE_RS15985(WP_148208601.1)=>AFE_1047(ACK80668.1)[bp=1;aa=67;id=0.3731;curCov=0.7363;oldCov=0.0942]	AFE_1046	ACK78536.1	91	0.9890	1.0000	0.6190	old annotation topology: AFE_1046 overlaps 2 old-RefSeq CDS (not evidence of current split)	原始AFE坐标对应；旧注释拓扑差异/可能merge，按覆盖与多拷贝复核
RU820_RS05025	WP_041645405.1	WP_041645405.1	AFE_RS04920	AFE_RS04915:946745..946987->AFE_RS04925:947870..949570	AFE_1050(ACK79969.1)[aa=97;id=1.0000;curCov=0.5879;oldCov=1.0000]	AFE_1050(ACK79969.1)[id=1.0000;curCov=0.5879;oldCov=1.0000]	AFE_RS04920(WP_041645405.1)=>AFE_1050(ACK79969.1)[bp=294;aa=97;id=1.0000;curCov=0.5879;oldCov=1.0000]	AFE_1050	ACK79969.1	97	1.0000	0.5879	1.0000	无	旧RefSeq坐标投射命中原始AFE CDS；查看identity及双向coverage
RU820_RS05050	WP_206382815.1	WP_049759414.1	AFE_RS15255	AFE_RS04945:951233..951502->AFE_RS04955:953382..954608	AFE_1057(ACK78462.1)[aa=549;id=0.9982;curCov=0.9769;oldCov=1.0000]	AFE_1057(ACK78462.1)[id=0.9982;curCov=0.9769;oldCov=1.0000]	AFE_RS15255(WP_049759414.1)=>AFE_1056(ACK79338.1)[bp=14;aa=26;id=0.5385;curCov=0.0463;oldCov=0.3514];AFE_RS15255(WP_049759414.1)=>AFE_1057(ACK78462.1)[bp=1650;aa=549;id=0.9982;curCov=0.9769;oldCov=1.0000]	AFE_1057	ACK78462.1	549	0.9982	0.9769	1.0000	无	旧RefSeq坐标投射命中原始AFE CDS；查看identity及双向coverage
RU820_RS05140	WP_041645429.1	WP_041645429.1	AFE_RS05045	AFE_RS05040:970005..970391->AFE_RS05055:971236..971535	AFE_1077(ACK79140.1)[aa=54;id=0.3148;curCov=0.3017;oldCov=0.1849]	AFE_1077(ACK79140.1)[id=0.3148;curCov=0.3017;oldCov=0.1849]	AFE_RS05045(WP_041645429.1)=>AFE_1077(ACK79140.1)[bp=540;aa=54;id=0.3148;curCov=0.3017;oldCov=0.1849]	AFE_1646	ACK80408.1	73	0.3425	0.4078	0.1478	old annotation topology: AFE_1077 overlaps 4 old-RefSeq CDS (not evidence of current split)	原始AFE坐标对应；旧注释拓扑差异/可能merge，按覆盖与多拷贝复核
RU820_RS05145	WP_148208604.1	WP_148208604.1	AFE_RS05050	AFE_RS05040:970005..970391->AFE_RS05055:971236..971535	AFE_1077(ACK79140.1)[aa=103;id=1.0000;curCov=1.0000;oldCov=0.3527]	AFE_1077(ACK79140.1)[id=1.0000;curCov=1.0000;oldCov=0.3527]	AFE_RS05050(WP_148208604.1)=>AFE_1077(ACK79140.1)[bp=312;aa=103;id=1.0000;curCov=1.0000;oldCov=0.3527];AFE_RS05050(WP_148208604.1)=>AFE_1078(ACK79758.1)[bp=13;aa=25;id=0.2800;curCov=0.2427;oldCov=0.2717]	AFE_1077	ACK79140.1	103	1.0000	1.0000	0.3527	old annotation topology: AFE_1077 overlaps 4 old-RefSeq CDS (not evidence of current split)	原始AFE坐标对应；旧注释拓扑差异/可能merge，按覆盖与多拷贝复核
RU820_RS05180	WP_041645435.1	WP_041645435.1	AFE_RS05085	AFE_RS05080:975473..975880->AFE_RS05090:976486..977310	AFE_1083(ACK77951.1)[aa=33;id=0.3333;curCov=0.2426;oldCov=0.1844]	AFE_1083(ACK77951.1)[id=0.3333;curCov=0.2426;oldCov=0.1844]	无	AFE_1084	ACK79638.1	134	0.9030	0.9853	0.9926	无	高相似原始AFE蛋白命中但未由旧RefSeq坐标投射
RU820_RS05210	WP_206382869.1	WP_012606800.1	AFE_RS05115	AFE_RS05110:980404..983004->AFE_RS05120:983458..984012	AFE_1090(ACK79977.1)[aa=164;id=0.9939;curCov=1.0000;oldCov=1.0000]	AFE_1090(ACK79977.1)[id=0.9939;curCov=1.0000;oldCov=1.0000]	AFE_RS05115(WP_012606800.1)=>AFE_1089(ACK80617.1)[bp=1;aa=143;id=0.3007;curCov=0.8720;oldCov=0.1651];AFE_RS05115(WP_012606800.1)=>AFE_1090(ACK79977.1)[bp=495;aa=164;id=0.9939;curCov=1.0000;oldCov=1.0000];AFE_RS05115(WP_012606800.1)=>AFE_1091(ACK79065.1)[bp=41;aa=77;id=0.2857;curCov=0.4695;oldCov=0.4185]	AFE_1090	ACK79977.1	164	0.9939	1.0000	1.0000	old annotation topology: AFE_1090 overlaps 3 old-RefSeq CDS (not evidence of current split)	原始AFE坐标对应；旧注释拓扑差异/可能merge，按覆盖与多拷贝复核
RU820_RS05225	WP_241160300.1	WP_041645441.1	AFE_RS05130	AFE_RS05125:984061..985092->AFE_RS05135:985906..987174	AFE_1094(ACK78415.1)[aa=210;id=1.0000;curCov=0.8607;oldCov=1.0000]	AFE_1094(ACK78415.1)[id=1.0000;curCov=0.8607;oldCov=1.0000]	AFE_RS05130(WP_041645441.1)=>AFE_1094(ACK78415.1)[bp=633;aa=210;id=1.0000;curCov=0.8607;oldCov=1.0000];AFE_RS05130(WP_041645441.1)=>AFE_1095(ACK79371.1)[bp=4;aa=36;id=0.5278;curCov=0.1475;oldCov=0.0853]	AFE_1094	ACK78415.1	210	1.0000	0.8607	1.0000	old annotation topology: AFE_1094 overlaps 2 old-RefSeq CDS (not evidence of current split)	原始AFE坐标对应；旧注释拓扑差异/可能merge，按覆盖与多拷贝复核
RU820_RS05235	WP_049759419.1	WP_049759419.1	AFE_RS15265	AFE_RS05135:985906..987174->AFE_RS05145:987452..988702	no_interval_hit_above_minimum	none	AFE_RS15265(WP_049759419.1)=>AFE_1095(ACK79371.1)[bp=1;aa=22;id=0.3182;curCov=0.2366;oldCov=0.0521];AFE_RS15265(WP_049759419.1)=>AFE_1096(ACK78527.1)[bp=4;aa=46;id=0.3696;curCov=0.4946;oldCov=0.1106]	AFE_2931	ACK80018.1	51	0.3922	0.5484	0.0451	无	旧RefSeq坐标投射命中原始AFE CDS；查看identity及双向coverage
RU820_RS05270	WP_423365450.1	WP_012537539.1	AFE_RS13785	AFE_RS05170:993877..994122->AFE_RS05180:996622..997212	AFE_1104(ACK78025.1)[aa=55;id=0.3273;curCov=0.4825;oldCov=0.1294];AFE_1103(ACK79418.1)[aa=21;id=0.4762;curCov=0.1842;oldCov=0.0616]	AFE_1104(ACK78025.1)[id=0.3273;curCov=0.4825;oldCov=0.1294]	AFE_RS13785(WP_012537539.1)=>AFE_3009(ACK79791.1)[bp=4;aa=20;id=0.4000;curCov=0.1754;oldCov=0.4167];AFE_RS13785(WP_012537539.1)=>AFE_3010(ACK80713.1)[bp=7461;aa=70;id=0.3286;curCov=0.6140;oldCov=0.0282]	AFE_3010	ACK80713.1	70	0.3286	0.6140	0.0282	old annotation topology: AFE_3010 overlaps 2 old-RefSeq CDS (not evidence of current split)	原始AFE坐标对应；旧注释拓扑差异/可能merge，按覆盖与多拷贝复核
RU820_RS05275	WP_423365452.1	WP_236608976.1	AFE_RS05175	AFE_RS05170:993877..994122->AFE_RS05180:996622..997212	AFE_1104(ACK78025.1)[aa=312;id=0.9968;curCov=1.0000;oldCov=0.7341]	AFE_1104(ACK78025.1)[id=0.9968;curCov=1.0000;oldCov=0.7341]	AFE_RS05175(WP_236608976.1)=>AFE_1103(ACK79418.1)[bp=4;aa=176;id=0.2557;curCov=0.5641;oldCov=0.5161];AFE_RS05175(WP_236608976.1)=>AFE_1104(ACK78025.1)[bp=1278;aa=312;id=0.9968;curCov=1.0000;oldCov=0.7341]	AFE_1104	ACK78025.1	312	0.9968	1.0000	0.7341	无	旧RefSeq坐标投射命中原始AFE CDS；查看identity及双向coverage
RU820_RS05290	WP_041645466.1	WP_041645466.1	AFE_RS05190	AFE_RS05185:997209..998858->AFE_RS05195:999219..999761	no_interval_hit_above_minimum	none	无	AFE_0549	ACK80307.1	41	0.3902	0.6029	0.0339	无	无原始AFE坐标投射命中；结合最佳ACK序列覆盖复核
RU820_RS05305	WP_041645471.1	WP_041645471.1	AFE_RS05205	AFE_RS05200:999758..1000096->AFE_RS15270:1000305..1000982	no_interval_hit_above_minimum	none	AFE_RS05205(WP_041645471.1)=>AFE_1109(ACK79039.1)[bp=4;aa=26;id=0.4231;curCov=0.3768;oldCov=0.1156]	AFE_2366	ACK78900.1	52	0.3654	0.7536	0.0476	无	旧RefSeq坐标投射命中原始AFE CDS；查看identity及双向coverage
RU820_RS05315	WP_012606582.1	WP_012606582.1	AFE_RS05215	AFE_RS15270:1000305..1000982->AFE_RS05225:1002755..1003066	AFE_1110(ACK78329.1)[aa=408;id=1.0000;curCov=1.0000;oldCov=1.0000];AFE_1111(ACK79026.1)[aa=16;id=0.3750;curCov=0.0392;oldCov=0.1151]	AFE_1110(ACK78329.1)[id=1.0000;curCov=1.0000;oldCov=1.0000]	AFE_RS05215(WP_012606582.1)=>AFE_1110(ACK78329.1)[bp=1227;aa=408;id=1.0000;curCov=1.0000;oldCov=1.0000]	AFE_2972	ACK80502.1	408	1.0000	1.0000	1.0000	无	旧RefSeq坐标投射命中原始AFE CDS；查看identity及双向coverage
RU820_RS05320	WP_041645475.1	WP_041645475.1	AFE_RS05220	AFE_RS15270:1000305..1000982->AFE_RS05225:1002755..1003066	AFE_1111(ACK79026.1)[aa=62;id=1.0000;curCov=1.0000;oldCov=0.4460];AFE_1110(ACK78329.1)[aa=16;id=0.3750;curCov=0.2581;oldCov=0.0392]	AFE_1111(ACK79026.1)[id=1.0000;curCov=1.0000;oldCov=0.4460]	AFE_RS05220(WP_041645475.1)=>AFE_1111(ACK79026.1)[bp=189;aa=62;id=1.0000;curCov=1.0000;oldCov=0.4460];AFE_RS05220(WP_041645475.1)=>AFE_1112(ACK78078.1)[bp=1;aa=44;id=0.3636;curCov=0.7097;oldCov=0.4272]	AFE_1111	ACK79026.1	62	1.0000	1.0000	0.4460	old annotation topology: AFE_1111 overlaps 2 old-RefSeq CDS (not evidence of current split)	原始AFE坐标对应；旧注释拓扑差异/可能merge，按覆盖与多拷贝复核
RU820_RS05335	WP_041645480.1	WP_041645480.1	AFE_RS05235	AFE_RS05230:1003063..1003296->AFE_RS05240:1003537..1004358	no_interval_hit_above_minimum	none	AFE_RS05235(WP_041645480.1)=>AFE_1113(ACK80022.1)[bp=14;aa=15;id=0.3333;curCov=0.1875;oldCov=0.1948]	AFE_1264	ACK78898.1	67	0.3134	0.8375	0.0478	无	旧RefSeq坐标投射命中原始AFE CDS；查看identity及双向coverage
RU820_RS05380	WP_041645491.1	WP_041645491.1	AFE_RS05280	AFE_RS05275:1008142..1008399->AFE_RS05290:1009216..1009458	AFE_1123(ACK79557.1)[aa=34;id=0.3824;curCov=0.2394;oldCov=0.1910]	AFE_1123(ACK79557.1)[id=0.3824;curCov=0.2394;oldCov=0.1910]	无	AFE_1208	ACK80564.1	116	0.2500	0.8169	0.1171	无	无原始AFE坐标投射命中；结合最佳ACK序列覆盖复核
RU820_RS05385	WP_041645496.1	WP_041645496.1	AFE_RS05285	AFE_RS05275:1008142..1008399->AFE_RS05290:1009216..1009458	no_interval_hit_above_minimum	AFE_1123(ACK79557.1)[id=0.2821;curCov=0.3197;oldCov=0.2191]	AFE_RS05285(WP_041645496.1)=>AFE_1124(ACK79656.1)[bp=1;aa=36;id=0.1944;curCov=0.2951;oldCov=0.4500]	AFE_1047	ACK80668.1	66	0.3788	0.5410	0.0928	无	旧RefSeq坐标投射命中原始AFE CDS；查看identity及双向coverage
RU820_RS05430	WP_080513182.1	WP_080513182.1	AFE_RS05340	AFE_RS15560:1012629..1013108->AFE_RS05350:1014070..1014771	AFE_1132(ACK79169.1)[aa=22;id=0.4091;curCov=0.1803;oldCov=0.1447]	AFE_1132(ACK79169.1)[id=0.4091;curCov=0.1803;oldCov=0.1447]	AFE_RS05340(WP_080513182.1)=>AFE_1133(ACK80478.1)[bp=14;aa=34;id=0.2353;curCov=0.2787;oldCov=0.2138]	AFE_0237	ACK78131.1	76	0.3289	0.6230	0.1823	无	旧RefSeq坐标投射命中原始AFE CDS；查看identity及双向coverage
RU820_RS05435	WP_041645534.1	WP_041645534.1	AFE_RS05345	AFE_RS15560:1012629..1013108->AFE_RS05350:1014070..1014771	AFE_1134(ACK78850.1)[aa=30;id=0.3667;curCov=0.1571;oldCov=0.8571];AFE_1132(ACK79169.1)[aa=37;id=0.3784;curCov=0.1937;oldCov=0.2434]	AFE_1134(ACK78850.1)[id=0.3667;curCov=0.1571;oldCov=0.8571]	AFE_RS05345(WP_041645534.1)=>AFE_1135(ACK79949.1)[bp=1;aa=42;id=0.4524;curCov=0.2199;oldCov=0.1803]	AFE_3194	ACK80280.1	86	0.3721	0.4503	0.2134	无	旧RefSeq坐标投射命中原始AFE CDS；查看identity及双向coverage
RU820_RS05465	WP_012606582.1	WP_012606582.1	AFE_RS05380	AFE_RS05375:1018220..1019098->AFE_RS05395:1021694..1021924	AFE_1142(ACK79585.1)[aa=408;id=1.0000;curCov=1.0000;oldCov=1.0000];AFE_1143(ACK80708.1)[aa=71;id=0.3380;curCov=0.1740;oldCov=0.3532]	AFE_1142(ACK79585.1)[id=1.0000;curCov=1.0000;oldCov=1.0000]	AFE_RS05380(WP_012606582.1)=>AFE_1142(ACK79585.1)[bp=1227;aa=408;id=1.0000;curCov=1.0000;oldCov=1.0000]	AFE_2972	ACK80502.1	408	1.0000	1.0000	1.0000	无	旧RefSeq坐标投射命中原始AFE CDS；查看identity及双向coverage
RU820_RS05470	WP_041645546.1	WP_041645546.1	AFE_RS05385	AFE_RS05375:1018220..1019098->AFE_RS05395:1021694..1021924	no_interval_hit_above_minimum	AFE_1142(ACK79585.1)[id=0.2708;curCov=0.5053;oldCov=0.2353]	无	AFE_2836	ACK80548.1	115	0.3478	0.6053	0.1571	无	无原始AFE坐标投射命中；结合最佳ACK序列覆盖复核
RU820_RS05475	WP_148208608.1	WP_148208608.1	AFE_RS05390	AFE_RS05375:1018220..1019098->AFE_RS05395:1021694..1021924	AFE_1143(ACK80708.1)[aa=38;id=0.3421;curCov=0.3167;oldCov=0.1891]	AFE_1142(ACK79585.1)[id=0.2644;curCov=0.7250;oldCov=0.2132]	无	AFE_1099	ACK79722.1	25	0.6000	0.2083	0.2212	无	无原始AFE坐标投射命中；结合最佳ACK序列覆盖复核
RU820_RS05525	WP_041645573.1	WP_012606862.1	AFE_RS05440	AFE_RS05435:1026498..1026725->AFE_RS05545:1030242..1030520	AFE_1154(ACK80738.1)[aa=100;id=1.0000;curCov=1.0000;oldCov=0.7576]	AFE_1154(ACK80738.1)[id=1.0000;curCov=1.0000;oldCov=0.7576]	AFE_RS05440(WP_012606862.1)=>AFE_1153(ACK78931.1)[bp=1;aa=23;id=0.3913;curCov=0.2300;oldCov=0.3067];AFE_RS05440(WP_012606862.1)=>AFE_1154(ACK80738.1)[bp=399;aa=100;id=1.0000;curCov=1.0000;oldCov=0.7576]	AFE_1154	ACK80738.1	100	1.0000	1.0000	0.7576	old annotation topology: AFE_1154 overlaps 2 old-RefSeq CDS (not evidence of current split)	原始AFE坐标对应；旧注释拓扑差异/可能merge，按覆盖与多拷贝复核
RU820_RS05590	WP_041645583.1	WP_041645583.1	AFE_RS05505	AFE_RS05435:1026498..1026725->AFE_RS05545:1030242..1030520	AFE_1154(ACK80738.1)[aa=49;id=0.3878;curCov=0.5976;oldCov=0.3712]	AFE_1154(ACK80738.1)[id=0.3878;curCov=0.5976;oldCov=0.3712]	无	AFE_1725	ACK79309.1	58	0.3448	0.7073	0.0818	无	无原始AFE坐标投射命中；结合最佳ACK序列覆盖复核
RU820_RS05610	WP_041645589.1	WP_041645589.1	AFE_RS05530	AFE_RS05435:1026498..1026725->AFE_RS05545:1030242..1030520	AFE_1154(ACK80738.1)[aa=37;id=0.3514;curCov=0.3524;oldCov=0.2803]	AFE_1154(ACK80738.1)[id=0.3514;curCov=0.3524;oldCov=0.2803]	无	AFE_1878	ACK79729.1	56	0.4286	0.5333	0.0546	无	无原始AFE坐标投射命中；结合最佳ACK序列覆盖复核
RU820_RS05640	WP_041645592.1	WP_041645592.1	AFE_RS05555	AFE_RS05545:1030242..1030520->AFE_RS05560:1031115..1031396	no_interval_hit_above_minimum	none	无	AFE_1002	ACK79907.1	44	0.4545	0.3894	0.1897	无	无原始AFE坐标投射命中；结合最佳ACK序列覆盖复核
RU820_RS05655	WP_041645597.1	WP_041645597.1	AFE_RS05570	AFE_RS05560:1031115..1031396->AFE_RS15565:1036579..1037418	AFE_1178(ACK78645.1)[aa=37;id=0.4324;curCov=0.3524;oldCov=0.1498]	AFE_1178(ACK78645.1)[id=0.4324;curCov=0.3524;oldCov=0.1498]	无	AFE_0391	ACK79700.1	30	0.5333	0.2857	0.0343	无	无原始AFE坐标投射命中；结合最佳ACK序列覆盖复核
RU820_RS05660	WP_423365463.1	WP_148208609.1	AFE_RS05575	AFE_RS05560:1031115..1031396->AFE_RS15565:1036579..1037418	AFE_1178(ACK78645.1)[aa=201;id=1.0000;curCov=1.0000;oldCov=0.8138];AFE_1195(ACK78295.1)[aa=16;id=0.4375;curCov=0.0796;oldCov=0.3019]	AFE_1178(ACK78645.1)[id=1.0000;curCov=1.0000;oldCov=0.8138]	AFE_RS05575(WP_148208609.1)=>AFE_1178(ACK78645.1)[bp=663;aa=201;id=1.0000;curCov=1.0000;oldCov=0.8138]	AFE_1178	ACK78645.1	201	1.0000	1.0000	0.8138	无	旧RefSeq坐标投射命中原始AFE CDS；查看identity及双向coverage
RU820_RS05750	WP_041645602.1	WP_041645602.1	AFE_RS05665	AFE_RS15565:1036579..1037418->AFE_RS05675:1037913..1038350	no_interval_hit_above_minimum	AFE_1198(ACK80204.1)[id=0.3636;curCov=0.1447;oldCov=0.1236]	AFE_RS05665(WP_041645602.1)=>AFE_1197(ACK79691.1)[bp=4;aa=14;id=0.5000;curCov=0.1842;oldCov=0.0502]	AFE_0555	ACK77934.1	45	0.4889	0.5921	0.2961	无	旧RefSeq坐标投射命中原始AFE CDS；查看identity及双向coverage
RU820_RS05780	WP_423365467.1	WP_009568473.1	AFE_RS14645	AFE_RS05695:1042142..1043800->AFE_RS05710:1047410..1050838	AFE_1204(ACK79837.1)[aa=609;id=0.9540;curCov=1.0000;oldCov=1.0000];AFE_1205(ACK77867.1)[aa=161;id=0.3416;curCov=0.2644;oldCov=0.2901]	AFE_1204(ACK79837.1)[id=0.9540;curCov=1.0000;oldCov=1.0000]	AFE_RS14645(WP_009568473.1)=>AFE_3196(ACK79912.1)[bp=1830;aa=609;id=0.9803;curCov=1.0000;oldCov=1.0000]	AFE_3196	ACK79912.1	609	0.9803	1.0000	1.0000	无	旧RefSeq坐标投射命中原始AFE CDS；查看identity及双向coverage
RU820_RS05785	WP_423365469.1	WP_041645616.1	AFE_RS05705	AFE_RS05695:1042142..1043800->AFE_RS05710:1047410..1050838	AFE_1205(ACK77867.1)[aa=555;id=0.9712;curCov=0.9893;oldCov=1.0000];AFE_1204(ACK79837.1)[aa=176;id=0.3011;curCov=0.3137;oldCov=0.2890]	AFE_1205(ACK77867.1)[id=0.9712;curCov=0.9893;oldCov=1.0000]	AFE_RS05705(WP_041645616.1)=>AFE_1205(ACK77867.1)[bp=1668;aa=555;id=0.9712;curCov=0.9893;oldCov=1.0000]	AFE_1205	ACK77867.1	555	0.9712	0.9893	1.0000	无	旧RefSeq坐标投射命中原始AFE CDS；查看identity及双向coverage
RU820_RS05795	WP_423365470.1	WP_012606881.1	AFE_RS15570	AFE_RS05710:1047410..1050838->AFE_RS05730:1064692..1065282	AFE_1208(ACK80564.1)[aa=981;id=1.0000;curCov=1.0000;oldCov=0.9899];AFE_1209(ACK80028.1)[aa=888;id=0.4977;curCov=0.9052;oldCov=0.2549]	AFE_1208(ACK80564.1)[id=1.0000;curCov=1.0000;oldCov=0.9899]	AFE_RS15570(WP_012606881.1)=>AFE_1208(ACK80564.1)[bp=2976;aa=981;id=1.0000;curCov=1.0000;oldCov=0.9899]	AFE_1208	ACK80564.1	981	1.0000	1.0000	0.9899	无	旧RefSeq坐标投射命中原始AFE CDS；查看identity及双向coverage
RU820_RS05805	WP_236608977.1	WP_236608977.1	AFE_RS16730	AFE_RS05710:1047410..1050838->AFE_RS05730:1064692..1065282	AFE_1208(ACK80564.1)[aa=40;id=0.3500;curCov=0.7273;oldCov=0.0404];AFE_1209(ACK80028.1)[aa=29;id=0.5172;curCov=0.5273;oldCov=0.0083]	AFE_1208(ACK80564.1)[id=0.3500;curCov=0.7273;oldCov=0.0404]	AFE_RS16730(WP_236608977.1)=>AFE_1209(ACK80028.1)[bp=168;aa=29;id=0.5172;curCov=0.5273;oldCov=0.0083]	AFE_2503	ACK80602.1	35	0.4286	0.6364	0.1023	old annotation topology: AFE_1209 overlaps 3 old-RefSeq CDS (not evidence of current split)	原始AFE坐标对应；旧注释拓扑差异/可能merge，按覆盖与多拷贝复核
RU820_RS05810	WP_049759432.1	WP_049759432.1	AFE_RS16735	AFE_RS05710:1047410..1050838->AFE_RS05730:1064692..1065282	AFE_1209(ACK80028.1)[aa=15;id=0.4000;curCov=0.1500;oldCov=0.0043]	AFE_1208(ACK80564.1)[id=0.2778;curCov=0.5400;oldCov=0.0545]	AFE_RS16735(WP_049759432.1)=>AFE_1209(ACK80028.1)[bp=303;aa=15;id=0.4000;curCov=0.1500;oldCov=0.0043]	AFE_0901	ACK78170.1	87	0.3563	0.8700	0.2009	old annotation topology: AFE_1209 overlaps 3 old-RefSeq CDS (not evidence of current split)	原始AFE坐标对应；旧注释拓扑差异/可能merge，按覆盖与多拷贝复核
RU820_RS05815	WP_423365615.1	WP_049759435.1	AFE_RS16330	AFE_RS05710:1047410..1050838->AFE_RS05730:1064692..1065282	AFE_1209(ACK80028.1)[aa=898;id=1.0000;curCov=0.9989;oldCov=0.2577];AFE_1208(ACK80564.1)[aa=707;id=0.3876;curCov=0.7864;oldCov=0.7134]	AFE_1209(ACK80028.1)[id=1.0000;curCov=0.9989;oldCov=0.2577]	AFE_RS16330(WP_049759435.1)=>AFE_1209(ACK80028.1)[bp=9060;aa=898;id=1.0000;curCov=0.9989;oldCov=0.2577];AFE_RS16330(WP_049759435.1)=>AFE_1210(ACK78709.1)[bp=68;aa=206;id=0.3155;curCov=0.2291;oldCov=0.8306]	AFE_1209	ACK80028.1	898	1.0000	0.9989	0.2577	old annotation topology: AFE_1209 overlaps 3 old-RefSeq CDS (not evidence of current split)	原始AFE坐标对应；旧注释拓扑差异/可能merge，按覆盖与多拷贝复核
RU820_RS05820	WP_012606582.1	WP_012606582.1	AFE_RS02585;AFE_RS05215;AFE_RS05380;AFE_RS05990;AFE_RS11170;AFE_RS12425;AFE_RS13635;AFE_RS14955	AFE_RS05710:1047410..1050838->AFE_RS05730:1064692..1065282	AFE_1209(ACK80028.1)[aa=126;id=0.3492;curCov=0.3088;oldCov=0.0362];AFE_1207(ACK79184.1)[aa=16;id=0.4375;curCov=0.0392;oldCov=0.5333]	AFE_1209(ACK80028.1)[id=0.3492;curCov=0.3088;oldCov=0.0362]	AFE_RS02585(WP_012606582.1)=>AFE_0550(ACK78827.1)[bp=1227;aa=408;id=1.0000;curCov=1.0000;oldCov=1.0000];AFE_RS05215(WP_012606582.1)=>AFE_1110(ACK78329.1)[bp=1227;aa=408;id=1.0000;curCov=1.0000;oldCov=1.0000];AFE_RS05380(WP_012606582.1)=>AFE_1142(ACK79585.1)[bp=1227;aa=408;id=1.0000;curCov=1.0000;oldCov=1.0000];AFE_RS05990(WP_012606582.1)=>AFE_1265(ACK80266.1)[bp=1227;aa=408;id=1.0000;curCov=1.0000;oldCov=1.0000];AFE_RS11170(WP_012606582.1)=>AFE_2432(ACK77962.1)[bp=1227;aa=408;id=1.0000;curCov=1.0000;oldCov=1.0000];AFE_RS12425(WP_012606582.1)=>AFE_2709(ACK79916.1)[bp=1227;aa=408;id=1.0000;curCov=1.0000;oldCov=1.0000];AFE_RS13635(WP_012606582.1)=>AFE_2972(ACK80502.1)[bp=1227;aa=408;id=1.0000;curCov=1.0000;oldCov=1.0000];AFE_RS14955(WP_012606582.1)=>AFE_3263(ACK79267.1)[bp=1227;aa=408;id=1.0000;curCov=1.0000;oldCov=1.0000]	AFE_2972	ACK80502.1	408	1.0000	1.0000	1.0000	possible current/old annotation merge: substantial sequence support at 8 original AFE loci	原始AFE坐标对应；旧注释拓扑差异/可能merge，按覆盖与多拷贝复核
RU820_RS05825	WP_423365472.1	WP_049759435.1	AFE_RS16330	AFE_RS05710:1047410..1050838->AFE_RS05730:1064692..1065282	AFE_1209(ACK80028.1)[aa=2114;id=0.9995;curCov=0.9755;oldCov=0.6068];AFE_1208(ACK80564.1)[aa=889;id=0.4972;curCov=0.4102;oldCov=0.8971];AFE_1207(ACK79184.1)[aa=24;id=0.3750;curCov=0.0111;oldCov=0.8000]	AFE_1209(ACK80028.1)[id=0.9995;curCov=0.9755;oldCov=0.6068]	AFE_RS16330(WP_049759435.1)=>AFE_1209(ACK80028.1)[bp=9060;aa=2114;id=0.9995;curCov=0.9755;oldCov=0.6068];AFE_RS16330(WP_049759435.1)=>AFE_1210(ACK78709.1)[bp=68;aa=94;id=0.3298;curCov=0.0434;oldCov=0.3790]	AFE_1209	ACK80028.1	2114	0.9995	0.9755	0.6068	old annotation topology: AFE_1209 overlaps 3 old-RefSeq CDS (not evidence of current split)	原始AFE坐标对应；旧注释拓扑差异/可能merge，按覆盖与多拷贝复核
RU820_RS05845	WP_148208610.1	WP_148208610.1	AFE_RS16020	AFE_RS05740:1067359..1068516->AFE_RS16025:1069934..1070398	no_interval_hit_above_minimum	AFE_1213(ACK78810.1)[id=0.3077;curCov=0.0897;oldCov=0.2708]	无	AFE_0378	ACK79074.1	85	0.2941	0.5862	0.2388	无	无原始AFE坐标投射命中；结合最佳ACK序列覆盖复核
RU820_RS05880	WP_049759437.1	WP_049759437.1	AFE_RS16910	AFE_RS05770:1072804..1073520->AFE_RS05780:1074584..1075315	no_interval_hit_above_minimum	none	无	AFE_0791	ACK80235.1	117	0.3846	0.7006	0.2612	无	无原始AFE坐标投射命中；结合最佳ACK序列覆盖复核
RU820_RS05885	WP_049759438.1	WP_049759438.1	AFE_RS16915	AFE_RS05770:1072804..1073520->AFE_RS05780:1074584..1075315	no_interval_hit_above_minimum	none	无	AFE_2931	ACK80018.1	70	0.4429	0.4348	0.0619	无	无原始AFE坐标投射命中；结合最佳ACK序列覆盖复核
RU820_RS05920	WP_041645646.1	WP_041645646.1	AFE_RS05815	AFE_RS05805:1080466..1081581->AFE_RS05820:1082240..1082929	AFE_1228(ACK79262.1)[aa=20;id=0.3500;curCov=0.1961;oldCov=0.1370]	AFE_1228(ACK79262.1)[id=0.3500;curCov=0.1961;oldCov=0.1370]	无	AFE_0396	ACK79229.1	78	0.3718	0.7647	0.1840	无	无原始AFE坐标投射命中；结合最佳ACK序列覆盖复核
RU820_RS05940	WP_041645660.1	WP_012606904.1	AFE_RS16030	AFE_RS16335:1084756..1084956->AFE_RS15325:1086194..1086649	AFE_1232(ACK78186.1)[aa=84;id=0.9881;curCov=1.0000;oldCov=0.2692]	AFE_1232(ACK78186.1)[id=0.9881;curCov=1.0000;oldCov=0.2692]	AFE_RS16030(WP_012606904.1)=>AFE_1232(ACK78186.1)[bp=939;aa=84;id=0.9881;curCov=1.0000;oldCov=0.2692];AFE_RS16030(WP_012606904.1)=>AFE_1233(ACK79552.1)[bp=16;aa=16;id=0.3750;curCov=0.1905;oldCov=0.1060]	AFE_1232	ACK78186.1	84	0.9881	1.0000	0.2692	old annotation topology: AFE_1232 overlaps 2 old-RefSeq CDS (not evidence of current split)	原始AFE坐标对应；旧注释拓扑差异/可能merge，按覆盖与多拷贝复核
RU820_RS05945	WP_206383199.1	WP_012606904.1	AFE_RS16030	AFE_RS16335:1084756..1084956->AFE_RS15325:1086194..1086649	AFE_1232(ACK78186.1)[aa=103;id=0.9417;curCov=0.5450;oldCov=0.3301]	AFE_1232(ACK78186.1)[id=0.9417;curCov=0.5450;oldCov=0.3301]	AFE_RS16030(WP_012606904.1)=>AFE_1232(ACK78186.1)[bp=939;aa=103;id=0.9417;curCov=0.5450;oldCov=0.3301];AFE_RS16030(WP_012606904.1)=>AFE_1233(ACK79552.1)[bp=16;aa=41;id=0.3171;curCov=0.2169;oldCov=0.2715]	AFE_1232	ACK78186.1	103	0.9417	0.5450	0.3301	old annotation topology: AFE_1232 overlaps 2 old-RefSeq CDS (not evidence of current split)	原始AFE坐标对应；旧注释拓扑差异/可能merge，按覆盖与多拷贝复核
RU820_RS05975	WP_041645674.1	WP_041645674.1	AFE_RS05880	AFE_RS05865:1088355..1088720->AFE_RS05885:1090147..1090422	AFE_1240(ACK79809.1)[aa=114;id=0.9912;curCov=0.5561;oldCov=1.0000];AFE_1239(ACK78572.1)[aa=43;id=0.3488;curCov=0.2098;oldCov=0.6515];AFE_1238(ACK80213.1)[aa=28;id=0.4286;curCov=0.1366;oldCov=0.4912]	AFE_1240(ACK79809.1)[id=0.9912;curCov=0.5561;oldCov=1.0000]	AFE_RS05880(WP_041645674.1)=>AFE_1239(ACK78572.1)[bp=1;aa=43;id=0.3488;curCov=0.2098;oldCov=0.6515];AFE_RS05880(WP_041645674.1)=>AFE_1240(ACK79809.1)[bp=345;aa=114;id=0.9912;curCov=0.5561;oldCov=1.0000]	AFE_1240	ACK79809.1	114	0.9912	0.5561	1.0000	无	旧RefSeq坐标投射命中原始AFE CDS；查看identity及双向coverage
RU820_RS06005	WP_041645679.1	WP_041645679.1	AFE_RS05910	AFE_RS05905:1091625..1091840->AFE_RS05920:1093608..1093799	AFE_1249(ACK79897.1)[aa=19;id=0.5263;curCov=0.1759;oldCov=0.0543]	AFE_1248(ACK79736.1)[id=0.2812;curCov=0.5926;oldCov=0.7529]	AFE_RS05910(WP_041645679.1)=>AFE_1247(ACK80412.1)[bp=166;aa=23;id=0.1739;curCov=0.2130;oldCov=0.4107]	AFE_1485	ACK80394.1	68	0.4559	0.6296	0.3134	无	旧RefSeq坐标投射命中原始AFE CDS；查看identity及双向coverage
RU820_RS06010	WP_049759441.1	WP_012606921.1	AFE_RS05915	AFE_RS05905:1091625..1091840->AFE_RS05920:1093608..1093799	AFE_1249(ACK79897.1)[aa=338;id=0.9970;curCov=1.0000;oldCov=0.9657];AFE_1248(ACK79736.1)[aa=44;id=0.3636;curCov=0.1302;oldCov=0.5176];AFE_1247(ACK80412.1)[aa=24;id=0.3333;curCov=0.0710;oldCov=0.4286]	AFE_1249(ACK79897.1)[id=0.9970;curCov=1.0000;oldCov=0.9657]	AFE_RS05915(WP_012606921.1)=>AFE_1248(ACK79736.1)[bp=8;aa=44;id=0.3636;curCov=0.1302;oldCov=0.5176];AFE_RS05915(WP_012606921.1)=>AFE_1249(ACK79897.1)[bp=1053;aa=338;id=0.9970;curCov=1.0000;oldCov=0.9657]	AFE_1249	ACK79897.1	338	0.9970	1.0000	0.9657	无	旧RefSeq坐标投射命中原始AFE CDS；查看identity及双向coverage
RU820_RS06025	WP_041645682.1	WP_041645682.1	AFE_RS05930	AFE_RS05925:1093796..1095655->AFE_RS05945:1097205..1099712	AFE_1253(ACK80818.1)[aa=31;id=0.3548;curCov=0.1950;oldCov=0.0840]	AFE_1253(ACK80818.1)[id=0.3548;curCov=0.1950;oldCov=0.0840]	AFE_RS05930(WP_041645682.1)=>AFE_1253(ACK80818.1)[bp=480;aa=31;id=0.3548;curCov=0.1950;oldCov=0.0840]	AFE_0770	ACK78455.1	67	0.4478	0.4214	0.3004	old annotation topology: AFE_1253 overlaps 3 old-RefSeq CDS (not evidence of current split)	原始AFE坐标对应；旧注释拓扑差异/可能merge，按覆盖与多拷贝复核
RU820_RS06030	WP_148208612.1	WP_148208612.1	AFE_RS05935	AFE_RS05925:1093796..1095655->AFE_RS05945:1097205..1099712	AFE_1253(ACK80818.1)[aa=147;id=1.0000;curCov=1.0000;oldCov=0.3984];AFE_1252(ACK80273.1)[aa=51;id=0.4510;curCov=0.3469;oldCov=0.2865]	AFE_1253(ACK80818.1)[id=1.0000;curCov=1.0000;oldCov=0.3984]	AFE_RS05935(WP_148208612.1)=>AFE_1253(ACK80818.1)[bp=444;aa=147;id=1.0000;curCov=1.0000;oldCov=0.3984]	AFE_1253	ACK80818.1	147	1.0000	1.0000	0.3984	old annotation topology: AFE_1253 overlaps 3 old-RefSeq CDS (not evidence of current split)	原始AFE坐标对应；旧注释拓扑差异/可能merge，按覆盖与多拷贝复核
RU820_RS06035	WP_041645693.1	WP_041645693.1	AFE_RS05940	AFE_RS05925:1093796..1095655->AFE_RS05945:1097205..1099712	AFE_1253(ACK80818.1)[aa=67;id=0.3731;curCov=0.4621;oldCov=0.1816];AFE_1252(ACK80273.1)[aa=26;id=0.3077;curCov=0.1793;oldCov=0.1461]	AFE_1253(ACK80818.1)[id=0.3731;curCov=0.4621;oldCov=0.1816]	无	AFE_1576	ACK79365.1	30	0.6000	0.2069	0.0752	无	无原始AFE坐标投射命中；结合最佳ACK序列覆盖复核
RU820_RS06080	WP_012606582.1	WP_012606582.1	AFE_RS05990	AFE_RS05985:1105489..1109700->AFE_RS05995:1111173..1113290	AFE_1265(ACK80266.1)[aa=408;id=1.0000;curCov=1.0000;oldCov=1.0000]	AFE_1265(ACK80266.1)[id=1.0000;curCov=1.0000;oldCov=1.0000]	AFE_RS05990(WP_012606582.1)=>AFE_1265(ACK80266.1)[bp=1227;aa=408;id=1.0000;curCov=1.0000;oldCov=1.0000]	AFE_2972	ACK80502.1	408	1.0000	1.0000	1.0000	无	旧RefSeq坐标投射命中原始AFE CDS；查看identity及双向coverage
RU820_RS06115	WP_041645725.1	WP_041645725.1	AFE_RS06025	AFE_RS06020:1115993..1116475->AFE_RS06030:1116883..1117794	AFE_1274(ACK78283.1)[aa=70;id=1.0000;curCov=1.0000;oldCov=0.5983]	AFE_1274(ACK78283.1)[id=1.0000;curCov=1.0000;oldCov=0.5983]	AFE_RS06025(WP_041645725.1)=>AFE_1274(ACK78283.1)[bp=213;aa=70;id=1.0000;curCov=1.0000;oldCov=0.5983];AFE_RS06025(WP_041645725.1)=>AFE_1275(ACK79251.1)[bp=4;aa=29;id=0.2069;curCov=0.4143;oldCov=0.0957]	AFE_1274	ACK78283.1	70	1.0000	1.0000	0.5983	old annotation topology: AFE_1274 overlaps 2 old-RefSeq CDS (not evidence of current split)	原始AFE坐标对应；旧注释拓扑差异/可能merge，按覆盖与多拷贝复核
RU820_RS06145	WP_041645736.1	WP_041645736.1	AFE_RS06055	AFE_RS06050:1119247..1119705->AFE_RS06060:1120186..1120425	AFE_1280(ACK78854.1)[aa=20;id=0.4500;curCov=0.1754;oldCov=0.1923]	AFE_1280(ACK78854.1)[id=0.4500;curCov=0.1754;oldCov=0.1923]	无	AFE_2029	ACK79664.1	56	0.4286	0.4912	0.0854	无	无原始AFE坐标投射命中；结合最佳ACK序列覆盖复核
RU820_RS06250	WP_206382827.1	WP_041645749.1	AFE_RS06165	AFE_RS06160:1134627..1134971->AFE_RS06345:1170207..1172105	AFE_1340(ACK79121.1)[aa=135;id=0.3111;curCov=0.5745;oldCov=0.1646];AFE_1342(ACK78468.1)[aa=128;id=0.3281;curCov=0.5447;oldCov=0.3855];AFE_1330(ACK80876.1)[aa=23;id=0.5652;curCov=0.0979;oldCov=0.0548];AFE_1327(ACK80543.1)[aa=98;id=0.3469;curCov=0.4170;oldCov=0.3904];AFE_1307(ACK80302.1)[aa=94;id=0.3191;curCov=0.4000;oldCov=0.8246];AFE_1339(ACK80941.1)[aa=145;id=0.3103;curCov=0.6170;oldCov=0.3846];AFE_1311(ACK80781.1)[aa=44;id=0.3182;curCov=0.1872;oldCov=0.2514];AFE_1335(ACK80535.1)[aa=39;id=0.3590;curCov=0.1660;oldCov=0.3980];AFE_1313(ACK79203.1)[aa=55;id=0.3273;curCov=0.2340;oldCov=0.2989];AFE_1348(ACK79762.1)[aa=88;id=0.3523;curCov=0.3745;oldCov=0.3713];AFE_1351(ACK77834.1)[aa=56;id=0.3929;curCov=0.2383;oldCov=0.1436];AFE_1341(ACK78805.1)[aa=66;id=0.4394;curCov=0.2809;oldCov=0.2609];AFE_1352(ACK80519.1)[aa=32;id=0.5000;curCov=0.1362;oldCov=0.5424];AFE_1305(ACK78971.1)[aa=56;id=0.3571;curCov=0.2383;oldCov=0.1207];AFE_1350(ACK78675.1)[aa=68;id=0.3235;curCov=0.2894;oldCov=0.1435];AFE_1338(ACK79735.1)[aa=41;id=0.3415;curCov=0.1745;oldCov=0.1182];AFE_1345(ACK79132.1)[aa=44;id=0.4318;curCov=0.1872;oldCov=0.1905];AFE_1322(ACK80952.1)[aa=30;id=0.3667;curCov=0.1277;oldCov=0.1463];AFE_1316(ACK78789.1)[aa=25;id=0.4000;curCov=0.1064;oldCov=0.2688];AFE_1320(ACK79416.1)[aa=46;id=0.4565;curCov=0.1957;oldCov=0.2527];AFE_1312(ACK78120.1)[aa=15;id=0.4667;curCov=0.0638;oldCov=0.2727];AFE_1346(ACK78867.1)[aa=33;id=0.3333;curCov=0.1404;oldCov=0.0962];AFE_1323(ACK78695.1)[aa=65;id=0.3385;curCov=0.2766;oldCov=0.2077];AFE_1331(ACK79599.1)[aa=20;id=0.3500;curCov=0.0851;oldCov=0.1639];AFE_1325(ACK80414.1)[aa=20;id=0.4500;curCov=0.0851;oldCov=0.1739];AFE_1318(ACK80180.1)[aa=28;id=0.3929;curCov=0.1191;oldCov=0.4179];AFE_1333(ACK80898.1)[aa=25;id=0.3600;curCov=0.1064;oldCov=0.1984];AFE_1334(ACK77919.1)[aa=23;id=0.3913;curCov=0.0979;oldCov=0.6970];AFE_1336(ACK78022.1)[aa=31;id=0.3548;curCov=0.1319;oldCov=0.4306];AFE_1319(ACK78465.1)[aa=22;id=0.4545;curCov=0.0936;oldCov=0.4783];AFE_1315(ACK80080.1)[aa=17;id=0.3529;curCov=0.0723;oldCov=0.3953];AFE_1324(ACK79985.1)[aa=30;id=0.3000;curCov=0.1277;oldCov=0.4225]	AFE_1340(ACK79121.1)[id=0.3111;curCov=0.5745;oldCov=0.1646]	AFE_RS06165(WP_041645749.1)=>AFE_1302(ACK78620.1)[bp=1;aa=76;id=0.3289;curCov=0.3234;oldCov=0.6667]	AFE_0556	ACK80160.1	165	0.3273	0.7021	0.1761	无	旧RefSeq坐标投射命中原始AFE CDS；查看identity及双向coverage
RU820_RS06255	WP_206382828.1	WP_012607022.1	AFE_RS06340	AFE_RS06160:1134627..1134971->AFE_RS06345:1170207..1172105	AFE_1351(ACK77834.1)[aa=251;id=0.9960;curCov=1.0000;oldCov=0.6436];AFE_1349(ACK78426.1)[aa=153;id=0.3725;curCov=0.6096;oldCov=0.3953];AFE_1343(ACK80597.1)[aa=83;id=0.3614;curCov=0.3307;oldCov=0.1886];AFE_1340(ACK79121.1)[aa=123;id=0.3252;curCov=0.4900;oldCov=0.1500];AFE_1339(ACK80941.1)[aa=71;id=0.4648;curCov=0.2829;oldCov=0.1883];AFE_1344(ACK79853.1)[aa=97;id=0.3608;curCov=0.3865;oldCov=0.1988];AFE_1323(ACK78695.1)[aa=143;id=0.3147;curCov=0.5697;oldCov=0.4569];AFE_1342(ACK78468.1)[aa=181;id=0.3315;curCov=0.7211;oldCov=0.5452];AFE_1304(ACK79437.1)[aa=84;id=0.3690;curCov=0.3347;oldCov=0.4019];AFE_1325(ACK80414.1)[aa=38;id=0.3684;curCov=0.1514;oldCov=0.3304];AFE_1341(ACK78805.1)[aa=81;id=0.3704;curCov=0.3227;oldCov=0.3202];AFE_1350(ACK78675.1)[aa=66;id=0.3939;curCov=0.2629;oldCov=0.1392];AFE_1348(ACK79762.1)[aa=79;id=0.3544;curCov=0.3147;oldCov=0.3333];AFE_1328(ACK80069.1)[aa=51;id=0.4118;curCov=0.2032;oldCov=0.1162];AFE_1338(ACK79735.1)[aa=56;id=0.3214;curCov=0.2231;oldCov=0.1614];AFE_1305(ACK78971.1)[aa=42;id=0.3571;curCov=0.1673;oldCov=0.0905];AFE_1311(ACK80781.1)[aa=94;id=0.3511;curCov=0.3745;oldCov=0.5371];AFE_1322(ACK80952.1)[aa=48;id=0.3333;curCov=0.1912;oldCov=0.2341];AFE_1345(ACK79132.1)[aa=100;id=0.3700;curCov=0.3984;oldCov=0.4329];AFE_1346(ACK78867.1)[aa=38;id=0.3684;curCov=0.1514;oldCov=0.1108];AFE_1336(ACK78022.1)[aa=28;id=0.3571;curCov=0.1116;oldCov=0.3889];AFE_1327(ACK80543.1)[aa=73;id=0.3425;curCov=0.2908;oldCov=0.2908];AFE_1320(ACK79416.1)[aa=50;id=0.3800;curCov=0.1992;oldCov=0.2747];AFE_1318(ACK80180.1)[aa=38;id=0.3947;curCov=0.1514;oldCov=0.5672];AFE_1335(ACK80535.1)[aa=38;id=0.3947;curCov=0.1514;oldCov=0.3878];AFE_1324(ACK79985.1)[aa=21;id=0.4286;curCov=0.0837;oldCov=0.2958];AFE_1333(ACK80898.1)[aa=31;id=0.4194;curCov=0.1235;oldCov=0.2460];AFE_1317(ACK79329.1)[aa=32;id=0.3438;curCov=0.1275;oldCov=0.4848];AFE_1329(ACK78397.1)[aa=23;id=0.4348;curCov=0.0916;oldCov=0.4259];AFE_1319(ACK78465.1)[aa=22;id=0.3182;curCov=0.0876;oldCov=0.4783];AFE_1306(ACK79464.1)[aa=105;id=0.3048;curCov=0.4183;oldCov=0.8268];AFE_1337(ACK80411.1)[aa=16;id=0.5000;curCov=0.0637;oldCov=0.5161];AFE_1316(ACK78789.1)[aa=30;id=0.5000;curCov=0.1195;oldCov=0.3226];AFE_1310(ACK78710.1)[aa=17;id=0.5294;curCov=0.0677;oldCov=0.4359]	AFE_1351(ACK77834.1)[id=0.9960;curCov=1.0000;oldCov=0.6436]	AFE_RS06340(WP_012607022.1)=>AFE_1350(ACK78675.1)[bp=4;aa=66;id=0.3939;curCov=0.2629;oldCov=0.1392];AFE_RS06340(WP_012607022.1)=>AFE_1351(ACK77834.1)[bp=1173;aa=251;id=0.9960;curCov=1.0000;oldCov=0.6436]	AFE_1351	ACK77834.1	251	0.9960	1.0000	0.6436	old annotation topology: AFE_1351 overlaps 2 old-RefSeq CDS (not evidence of current split)	原始AFE坐标对应；旧注释拓扑差异/可能merge，按覆盖与多拷贝复核
RU820_RS06290	WP_012607030.1	WP_012607030.1	AFE_RS06380	AFE_RS06375:1176233..1176637->AFE_RS06385:1177218..1177466	AFE_1360(ACK79122.1)[aa=146;id=1.0000;curCov=1.0000;oldCov=1.0000]	AFE_1360(ACK79122.1)[id=1.0000;curCov=1.0000;oldCov=1.0000]	AFE_RS06380(WP_012607030.1)=>AFE_1359(ACK78281.1)[bp=11;aa=5;id=0.6000;curCov=0.0342;oldCov=0.0373];AFE_RS06380(WP_012607030.1)=>AFE_1360(ACK79122.1)[bp=441;aa=146;id=1.0000;curCov=1.0000;oldCov=1.0000]	AFE_1364	ACK80614.1	146	1.0000	1.0000	1.0000	old annotation topology: AFE_1360 overlaps 2 old-RefSeq CDS (not evidence of current split)	原始AFE坐标对应；旧注释拓扑差异/可能merge，按覆盖与多拷贝复核
RU820_RS06310	WP_012607030.1	WP_012607030.1	AFE_RS06400	AFE_RS15360:1178048..1178452->AFE_RS06405:1179203..1180618	AFE_1364(ACK80614.1)[aa=146;id=1.0000;curCov=1.0000;oldCov=1.0000]	AFE_1364(ACK80614.1)[id=1.0000;curCov=1.0000;oldCov=1.0000]	AFE_RS06400(WP_012607030.1)=>AFE_1363(ACK78880.1)[bp=11;aa=50;id=0.3000;curCov=0.3425;oldCov=0.3731];AFE_RS06400(WP_012607030.1)=>AFE_1364(ACK80614.1)[bp=441;aa=146;id=1.0000;curCov=1.0000;oldCov=1.0000]	AFE_1364	ACK80614.1	146	1.0000	1.0000	1.0000	old annotation topology: AFE_1364 overlaps 2 old-RefSeq CDS (not evidence of current split)	原始AFE坐标对应；旧注释拓扑差异/可能merge，按覆盖与多拷贝复核
RU820_RS06320	WP_423365497.1	WP_012607035.1	AFE_RS06410	AFE_RS06405:1179203..1180618->AFE_RS06415:1182262..1182489	AFE_1366(ACK79939.1)[aa=480;id=0.9854;curCov=1.0000;oldCov=1.0000]	AFE_1366(ACK79939.1)[id=0.9854;curCov=1.0000;oldCov=1.0000]	AFE_RS06410(WP_012607035.1)=>AFE_1366(ACK79939.1)[bp=1443;aa=480;id=0.9854;curCov=1.0000;oldCov=1.0000]	AFE_1366	ACK79939.1	480	0.9854	1.0000	1.0000	无	旧RefSeq坐标投射命中原始AFE CDS；查看identity及双向coverage
RU820_RS06335	WP_041645783.1	WP_041645783.1	AFE_RS06425	AFE_RS06420:1182486..1182839->AFE_RS06435:1183665..1185119	AFE_1369(ACK78842.1)[aa=56;id=0.3214;curCov=0.7273;oldCov=0.2162]	AFE_1369(ACK78842.1)[id=0.3214;curCov=0.7273;oldCov=0.2162]	AFE_RS06425(WP_041645783.1)=>AFE_1369(ACK78842.1)[bp=234;aa=56;id=0.3214;curCov=0.7273;oldCov=0.2162]	AFE_0038	ACK78728.1	58	0.3276	0.7532	0.1568	old annotation topology: AFE_1369 overlaps 3 old-RefSeq CDS (not evidence of current split)	原始AFE坐标对应；旧注释拓扑差异/可能merge，按覆盖与多拷贝复核
RU820_RS06340	WP_201763905.1	WP_201763905.1	AFE_RS06430	AFE_RS06420:1182486..1182839->AFE_RS06435:1183665..1185119	AFE_1369(ACK78842.1)[aa=156;id=0.9936;curCov=1.0000;oldCov=0.6023]	AFE_1369(ACK78842.1)[id=0.9936;curCov=1.0000;oldCov=0.6023]	AFE_RS06430(WP_201763905.1)=>AFE_1369(ACK78842.1)[bp=471;aa=156;id=0.9936;curCov=1.0000;oldCov=0.6023];AFE_RS06430(WP_201763905.1)=>AFE_1370(ACK80448.1)[bp=4;aa=91;id=0.3626;curCov=0.5833;oldCov=0.1880]	AFE_1369	ACK78842.1	156	0.9936	1.0000	0.6023	old annotation topology: AFE_1369 overlaps 3 old-RefSeq CDS (not evidence of current split)	原始AFE坐标对应；旧注释拓扑差异/可能merge，按覆盖与多拷贝复核
RU820_RS06390	WP_158303823.1	WP_158303823.1	AFE_RS16340	AFE_RS06470:1194000..1196084->AFE_RS06485:1197505..1197720	no_interval_hit_above_minimum	AFE_1379(ACK80381.1)[id=0.8333;curCov=0.1333;oldCov=0.1111]	AFE_RS16340(WP_158303823.1)=>AFE_1380(ACK78034.1)[bp=4;aa=8;id=0.3750;curCov=0.1778;oldCov=0.0816]	AFE_2224	ACK79250.1	23	0.6087	0.5111	0.0293	无	旧RefSeq坐标投射命中原始AFE CDS；查看identity及双向coverage
RU820_RS06415	WP_236608982.1	WP_236608982.1	AFE_RS16745	AFE_RS06500:1198443..1199738->AFE_RS16585:1200090..1200248	no_interval_hit_above_minimum	none	无	AFE_2793	ACK80413.1	44	0.9545	0.8980	0.0838	无	无原始AFE坐标投射命中；结合最佳ACK序列覆盖复核
RU820_RS06550	WP_009569579.1	WP_009569579.1	AFE_RS16455	AFE_RS06620:1223629..1223958->AFE_RS06625:1224415..1224681	no_interval_hit_above_minimum	AFE_1414(ACK79206.1)[id=0.8000;curCov=0.1064;oldCov=0.0500]	无	AFE_1663	ACK78421.1	26	0.3462	0.5532	0.0625	无	无原始AFE坐标投射命中；结合最佳ACK序列覆盖复核
RU820_RS06570	WP_009562915.1	WP_009562915.1	AFE_RS06640	AFE_RS06635:1225517..1225789->AFE_RS06645:1226250..1226462	AFE_1419(ACK80322.1)[aa=70;id=1.0000;curCov=1.0000;oldCov=0.6422]	AFE_1419(ACK80322.1)[id=1.0000;curCov=1.0000;oldCov=0.6422]	AFE_RS06640(WP_009562915.1)=>AFE_1419(ACK80322.1)[bp=213;aa=70;id=1.0000;curCov=1.0000;oldCov=0.6422]	AFE_1419	ACK80322.1	70	1.0000	1.0000	0.6422	无	旧RefSeq坐标投射命中原始AFE CDS；查看identity及双向coverage
RU820_RS06585	WP_009568482.1	WP_009568482.1	AFE_RS06655	AFE_RS06650:1226866..1227687->AFE_RS06660:1228320..1229504	AFE_1423(ACK78576.1)[aa=38;id=0.3684;curCov=0.4691;oldCov=0.3363]	AFE_1423(ACK78576.1)[id=0.3684;curCov=0.4691;oldCov=0.3363]	无	AFE_1336	ACK78022.1	46	0.5435	0.5679	0.6389	无	无原始AFE坐标投射命中；结合最佳ACK序列覆盖复核
RU820_RS06635	WP_229129792.1	WP_012536514.1	AFE_RS06700	AFE_RS06695:1237096..1237827->AFE_RS06705:1239287..1240306	AFE_1435(ACK78036.1)[aa=442;id=0.9977;curCov=0.9286;oldCov=1.0000]	AFE_1435(ACK78036.1)[id=0.9977;curCov=0.9286;oldCov=1.0000]	AFE_RS06700(WP_012536514.1)=>AFE_1435(ACK78036.1)[bp=1329;aa=442;id=0.9977;curCov=0.9286;oldCov=1.0000]	AFE_1435	ACK78036.1	442	0.9977	0.9286	1.0000	无	旧RefSeq坐标投射命中原始AFE CDS；查看identity及双向coverage
RU820_RS06660	WP_206382835.1	WP_012536519.1	AFE_RS06725	AFE_RS06720:1242191..1242958->AFE_RS06730:1243686..1245197	AFE_1440(ACK79993.1)[aa=237;id=0.9958;curCov=1.0000;oldCov=1.0000]	AFE_1440(ACK79993.1)[id=0.9958;curCov=1.0000;oldCov=1.0000]	AFE_RS06725(WP_012536519.1)=>AFE_1440(ACK79993.1)[bp=714;aa=237;id=0.9958;curCov=1.0000;oldCov=1.0000]	AFE_1440	ACK79993.1	237	0.9958	1.0000	1.0000	无	旧RefSeq坐标投射命中原始AFE CDS；查看identity及双向coverage
RU820_RS06885	WP_225487435.1	WP_225487435.1	AFE_RS16750	AFE_RS06945:1287233..1287628->AFE_RS15620:1288372..1288551	no_interval_hit_above_minimum	AFE_1487(ACK78007.1)[id=0.5000;curCov=0.0986;oldCov=0.0574]	无	AFE_1209	ACK80028.1	127	0.4016	0.8944	0.0365	无	无原始AFE坐标投射命中；结合最佳ACK序列覆盖复核
RU820_RS06890	WP_225487436.1	WP_225487436.1	AFE_RS16755	AFE_RS06945:1287233..1287628->AFE_RS15620:1288372..1288551	AFE_1487(ACK78007.1)[aa=108;id=1.0000;curCov=1.0000;oldCov=0.4426]	AFE_1487(ACK78007.1)[id=1.0000;curCov=1.0000;oldCov=0.4426]	AFE_RS16755(WP_225487436.1)=>AFE_1487(ACK78007.1)[bp=327;aa=108;id=1.0000;curCov=1.0000;oldCov=0.4426]	AFE_1487	ACK78007.1	108	1.0000	1.0000	0.4426	old annotation topology: AFE_1487 overlaps 2 old-RefSeq CDS (not evidence of current split)	原始AFE坐标对应；旧注释拓扑差异/可能merge，按覆盖与多拷贝复核
RU820_RS07160	WP_012536593.1	WP_230959347.1	AFE_RS07215	AFE_RS07210:1333348..1333572->AFE_RS07220:1334461..1335315	AFE_1543(ACK79515.1)[aa=275;id=1.0000;curCov=1.0000;oldCov=1.0000]	AFE_1543(ACK79515.1)[id=1.0000;curCov=1.0000;oldCov=1.0000]	AFE_RS07215(WP_230959347.1)=>AFE_1543(ACK79515.1)[bp=828;aa=275;id=1.0000;curCov=1.0000;oldCov=1.0000]	AFE_1543	ACK79515.1	275	1.0000	1.0000	1.0000	无	旧RefSeq坐标投射命中原始AFE CDS；查看identity及双向coverage
RU820_RS07230	WP_257248164.1	WP_257248164.1	AFE_RS16920	AFE_RS07280:1347049..1348044->AFE_RS07290:1348643..1348876	no_interval_hit_above_minimum	AFE_1558(ACK80874.1)[id=0.5000;curCov=0.1818;oldCov=0.0842]	无	AFE_0545	ACK79862.1	14	0.6429	0.3182	0.0227	无	无原始AFE坐标投射命中；结合最佳ACK序列覆盖复核
RU820_RS07300	WP_041645816.1	WP_041645816.1	AFE_RS07350	AFE_RS07345:1357799..1364395->AFE_RS16070:1364998..1365981	AFE_1573(ACK79022.1)[aa=44;id=0.3182;curCov=0.2716;oldCov=0.4190]	AFE_1573(ACK79022.1)[id=0.3182;curCov=0.2716;oldCov=0.4190]	AFE_RS07350(WP_041645816.1)=>AFE_1574(ACK80122.1)[bp=11;aa=60;id=0.3667;curCov=0.3704;oldCov=0.1835]	AFE_2118	ACK78141.1	114	0.3158	0.7037	0.1297	无	旧RefSeq坐标投射命中原始AFE CDS；查看identity及双向coverage
RU820_RS07405	WP_146778652.1	WP_146778652.1	AFE_RS07435	AFE_RS07430:1378759..1379400->AFE_RS07450:1382087..1383223	AFE_1597(ACK78562.1)[aa=46;id=0.3913;curCov=0.1983;oldCov=0.5750];AFE_1596(ACK80616.1)[aa=39;id=0.3333;curCov=0.1681;oldCov=0.5200];AFE_1600(ACK78860.1)[aa=21;id=0.3333;curCov=0.0905;oldCov=0.3231];AFE_1599(ACK78210.1)[aa=17;id=0.3529;curCov=0.0733;oldCov=0.5484]	AFE_1597(ACK78562.1)[id=0.3913;curCov=0.1983;oldCov=0.5750]	无	AFE_1371	ACK79312.1	154	0.3831	0.6638	0.1115	无	无原始AFE坐标投射命中；结合最佳ACK序列覆盖复核
RU820_RS07410	WP_041645825.1	WP_041645825.1	AFE_RS07440	AFE_RS07430:1378759..1379400->AFE_RS07450:1382087..1383223	AFE_1596(ACK80616.1)[aa=15;id=0.4000;curCov=0.1293;oldCov=0.2000];AFE_1597(ACK78562.1)[aa=16;id=0.3125;curCov=0.1379;oldCov=0.2000];AFE_1598(ACK78855.1)[aa=20;id=0.4000;curCov=0.1724;oldCov=0.3636];AFE_1600(ACK78860.1)[aa=32;id=0.3125;curCov=0.2759;oldCov=0.4923]	AFE_1596(ACK80616.1)[id=0.4000;curCov=0.1293;oldCov=0.2000]	无	AFE_2543	ACK79526.1	76	0.3026	0.6552	0.2011	无	无原始AFE坐标投射命中；结合最佳ACK序列覆盖复核
RU820_RS07465	WP_009566507.1	WP_009566507.1	AFE_RS17085	AFE_RS07495:1391326..1391790->AFE_RS07500:1392226..1396575	no_interval_hit_above_minimum	none	无	AFE_1611	ACK78114.1	64	0.2969	0.6957	0.1905	无	无原始AFE坐标投射命中；结合最佳ACK序列覆盖复核
RU820_RS07510	WP_041647340.1	WP_009569008.1	AFE_RS07540	AFE_RS16990:1402741..1402920->AFE_RS07545:1404171..1404428	AFE_1625(ACK78080.1)[aa=214;id=1.0000;curCov=0.8392;oldCov=1.0000];AFE_1626(ACK80179.1)[aa=23;id=0.3043;curCov=0.0902;oldCov=0.6765]	AFE_1625(ACK78080.1)[id=1.0000;curCov=0.8392;oldCov=1.0000]	AFE_RS07540(WP_009569008.1)=>AFE_1625(ACK78080.1)[bp=645;aa=214;id=1.0000;curCov=0.8392;oldCov=1.0000]	AFE_1625	ACK78080.1	214	1.0000	0.8392	1.0000	无	旧RefSeq坐标投射命中原始AFE CDS；查看identity及双向coverage
RU820_RS07540	WP_041645837.1	WP_041645837.1	AFE_RS07570	AFE_RS07565:1405521..1405826->AFE_RS07575:1406427..1407395	AFE_1632(ACK80251.1)[aa=19;id=0.3158;curCov=0.1267;oldCov=0.1118]	AFE_1632(ACK80251.1)[id=0.3158;curCov=0.1267;oldCov=0.1118]	AFE_RS07570(WP_041645837.1)=>AFE_1634(ACK80865.1)[bp=4;aa=98;id=0.3673;curCov=0.6533;oldCov=0.3043]	AFE_2381	ACK80081.1	107	0.3645	0.7133	0.1037	无	旧RefSeq坐标投射命中原始AFE CDS；查看identity及双向coverage
RU820_RS07820	WP_041647345.1	WP_232027572.1	AFE_RS07860	AFE_RS07855:1462659..1464080->AFE_RS07865:1465595..1466452	AFE_1692(ACK78724.1)[aa=308;id=1.0000;curCov=1.0000;oldCov=0.9277]	AFE_1692(ACK78724.1)[id=1.0000;curCov=1.0000;oldCov=0.9277]	AFE_RS07860(WP_232027572.1)=>AFE_1692(ACK78724.1)[bp=999;aa=308;id=1.0000;curCov=1.0000;oldCov=0.9277]	AFE_1692	ACK78724.1	308	1.0000	1.0000	0.9277	无	旧RefSeq坐标投射命中原始AFE CDS；查看identity及双向coverage
RU820_RS07850	WP_009566320.1	WP_009566320.1	AFE_RS07890	AFE_RS07885:1469594..1471081->AFE_RS07895:1471391..1472062	no_interval_hit_above_minimum	none	AFE_RS07890(WP_009566320.1)=>AFE_1698(ACK80387.1)[bp=4;aa=19;id=0.4211;curCov=0.1900;oldCov=0.0852]	AFE_0796	ACK80936.1	44	0.4773	0.4400	0.1108	无	旧RefSeq坐标投射命中原始AFE CDS；查看identity及双向coverage
RU820_RS07875	WP_113527130.1	WP_113527130.1	AFE_RS16350	AFE_RS07910:1474883..1475089->AFE_RS07955:1482240..1482662	AFE_1707(ACK78420.1)[aa=95;id=0.3158;curCov=0.5793;oldCov=0.0899];AFE_1703(ACK78851.1)[aa=33;id=0.3939;curCov=0.2012;oldCov=0.4400];AFE_1702(ACK79546.1)[aa=18;id=0.3889;curCov=0.1098;oldCov=0.2903];AFE_1708(ACK79393.1)[aa=32;id=0.3438;curCov=0.1951;oldCov=0.2783]	AFE_1707(ACK78420.1)[id=0.3158;curCov=0.5793;oldCov=0.0899]	无	AFE_1392	ACK80653.1	58	0.3448	0.3537	0.1096	无	无原始AFE坐标投射命中；结合最佳ACK序列覆盖复核
RU820_RS07885	WP_012607185.1	WP_012607185.1	AFE_RS15660	AFE_RS07910:1474883..1475089->AFE_RS07955:1482240..1482662	AFE_1706(ACK80306.1)[aa=545;id=1.0000;curCov=1.0000;oldCov=1.0000];AFE_1709(ACK80340.1)[aa=82;id=0.3049;curCov=0.1505;oldCov=0.7455];AFE_1708(ACK79393.1)[aa=74;id=0.3784;curCov=0.1358;oldCov=0.6435];AFE_1704(ACK78138.1)[aa=33;id=0.3333;curCov=0.0606;oldCov=0.4231];AFE_1703(ACK78851.1)[aa=42;id=0.3571;curCov=0.0771;oldCov=0.5600];AFE_1702(ACK79546.1)[aa=42;id=0.4048;curCov=0.0771;oldCov=0.6774];AFE_1705(ACK79362.1)[aa=31;id=0.3226;curCov=0.0569;oldCov=0.7209]	AFE_1706(ACK80306.1)[id=1.0000;curCov=1.0000;oldCov=1.0000]	AFE_RS15660(WP_012607185.1)=>AFE_1706(ACK80306.1)[bp=1638;aa=545;id=1.0000;curCov=1.0000;oldCov=1.0000]	AFE_1706	ACK80306.1	545	1.0000	1.0000	1.0000	无	旧RefSeq坐标投射命中原始AFE CDS；查看identity及双向coverage
RU820_RS07890	WP_009569019.1	WP_009569019.1	AFE_RS07945	AFE_RS07910:1474883..1475089->AFE_RS07955:1482240..1482662	AFE_1708(ACK79393.1)[aa=115;id=1.0000;curCov=1.0000;oldCov=1.0000];AFE_1707(ACK78420.1)[aa=42;id=0.4524;curCov=0.3652;oldCov=0.0397];AFE_1706(ACK80306.1)[aa=74;id=0.3784;curCov=0.6435;oldCov=0.1358];AFE_1705(ACK79362.1)[aa=17;id=0.3529;curCov=0.1478;oldCov=0.3953];AFE_1702(ACK79546.1)[aa=17;id=0.4706;curCov=0.1478;oldCov=0.2742]	AFE_1708(ACK79393.1)[id=1.0000;curCov=1.0000;oldCov=1.0000]	AFE_RS07945(WP_009569019.1)=>AFE_1708(ACK79393.1)[bp=348;aa=115;id=1.0000;curCov=1.0000;oldCov=1.0000];AFE_RS07945(WP_009569019.1)=>AFE_1709(ACK80340.1)[bp=10;aa=13;id=0.4615;curCov=0.1130;oldCov=0.1182]	AFE_1708	ACK79393.1	115	1.0000	1.0000	1.0000	old annotation topology: AFE_1708 overlaps 2 old-RefSeq CDS (not evidence of current split)	原始AFE坐标对应；旧注释拓扑差异/可能merge，按覆盖与多拷贝复核
RU820_RS07895	WP_012536651.1	WP_012536651.1	AFE_RS07950	AFE_RS07910:1474883..1475089->AFE_RS07955:1482240..1482662	AFE_1709(ACK80340.1)[aa=110;id=1.0000;curCov=1.0000;oldCov=1.0000];AFE_1707(ACK78420.1)[aa=80;id=0.3625;curCov=0.7273;oldCov=0.0757];AFE_1706(ACK80306.1)[aa=82;id=0.3049;curCov=0.7455;oldCov=0.1505]	AFE_1709(ACK80340.1)[id=1.0000;curCov=1.0000;oldCov=1.0000]	AFE_RS07950(WP_012536651.1)=>AFE_1708(ACK79393.1)[bp=10;aa=13;id=0.4615;curCov=0.1182;oldCov=0.1130];AFE_RS07950(WP_012536651.1)=>AFE_1709(ACK80340.1)[bp=333;aa=110;id=1.0000;curCov=1.0000;oldCov=1.0000]	AFE_1709	ACK80340.1	110	1.0000	1.0000	1.0000	old annotation topology: AFE_1709 overlaps 2 old-RefSeq CDS (not evidence of current split)	原始AFE坐标对应；旧注释拓扑差异/可能merge，按覆盖与多拷贝复核
RU820_RS07975	WP_080513196.1	WP_080513196.1	AFE_RS15665	AFE_RS08035:1497144..1497485->AFE_RS08040:1497668..1497961	AFE_1729(ACK78676.1)[aa=43;id=0.9767;curCov=0.6143;oldCov=1.0000]	AFE_1729(ACK78676.1)[id=0.9767;curCov=0.6143;oldCov=1.0000]	AFE_RS15665(WP_080513196.1)=>AFE_1729(ACK78676.1)[bp=132;aa=43;id=0.9767;curCov=0.6143;oldCov=1.0000];AFE_RS15665(WP_080513196.1)=>AFE_1730(ACK80162.1)[bp=38;aa=22;id=0.4091;curCov=0.3143;oldCov=0.2529]	AFE_1729	ACK78676.1	43	0.9767	0.6143	1.0000	无	旧RefSeq坐标投射命中原始AFE CDS；查看identity及双向coverage
RU820_RS08005	WP_148208623.1	WP_148208623.1	AFE_RS08070	AFE_RS08065:1501586..1503685->AFE_RS08075:1504835..1506172	AFE_1739(ACK78347.1)[aa=22;id=0.3636;curCov=0.1196;oldCov=0.3492]	AFE_1739(ACK78347.1)[id=0.3636;curCov=0.1196;oldCov=0.3492]	AFE_RS08070(WP_148208623.1)=>AFE_1739(ACK78347.1)[bp=131;aa=22;id=0.3636;curCov=0.1196;oldCov=0.3492]	AFE_2644	ACK80268.1	92	0.3152	0.5000	0.3680	无	旧RefSeq坐标投射命中原始AFE CDS；查看identity及双向coverage
RU820_RS08035	WP_009568528.1	WP_009568528.1	AFE_RS16780	AFE_RS08095:1511065..1511598->AFE_RS08105:1512476..1512931	AFE_1746(ACK80755.1)[aa=25;id=0.3200;curCov=0.3378;oldCov=0.5556]	AFE_1746(ACK80755.1)[id=0.3200;curCov=0.3378;oldCov=0.5556]	无	AFE_2006	ACK79914.1	69	0.7971	0.9324	0.3151	无	无原始AFE坐标投射命中；结合最佳ACK序列覆盖复核
RU820_RS08050	WP_146778651.1	WP_146778651.1	AFE_RS08110	AFE_RS08105:1512476..1512931->AFE_RS08115:1513261..1513740	AFE_1748(ACK79016.1)[aa=39;id=0.3846;curCov=0.4875;oldCov=0.2000]	AFE_1748(ACK79016.1)[id=0.3846;curCov=0.4875;oldCov=0.2000]	AFE_RS08110(WP_146778651.1)=>AFE_1750(ACK80785.1)[bp=26;aa=13;id=0.5385;curCov=0.1625;oldCov=0.0793]	AFE_2254	ACK80539.1	54	0.3333	0.6750	0.0785	无	旧RefSeq坐标投射命中原始AFE CDS；查看identity及双向coverage
RU820_RS08090	WP_169302907.1	WP_169302907.1	AFE_RS16515	AFE_RS15670:1521058..1521294->AFE_RS08155:1521773..1522300	no_interval_hit_above_minimum	none	AFE_RS16515(WP_169302907.1)=>AFE_1758(ACK78686.1)[bp=11;aa=26;id=0.4231;curCov=0.4643;oldCov=0.1486]	AFE_3222	ACK80837.1	43	0.3488	0.7679	0.1208	无	旧RefSeq坐标投射命中原始AFE CDS；查看identity及双向coverage
RU820_RS08135	WP_012536742.1	WP_012536742.1	AFE_RS08195	AFE_RS08190:1529029..1529655->AFE_RS08200:1530100..1533933	AFE_1768(ACK79392.1)[aa=64;id=0.3750;curCov=0.4812;oldCov=0.5378]	AFE_1768(ACK79392.1)[id=0.3750;curCov=0.4812;oldCov=0.5378]	AFE_RS08195(WP_012536742.1)=>AFE_1766(ACK79123.1)[bp=4;aa=21;id=0.3810;curCov=0.1579;oldCov=0.1010]	AFE_0374	ACK79011.1	71	0.3662	0.5338	0.3698	无	旧RefSeq坐标投射命中原始AFE CDS；查看identity及双向coverage
RU820_RS08155	WP_012536745.1	WP_229129794.1	AFE_RS08215	AFE_RS08210:1534771..1535556->AFE_RS08225:1536682..1538034	AFE_1772(ACK79093.1)[aa=203;id=1.0000;curCov=1.0000;oldCov=1.0000]	AFE_1772(ACK79093.1)[id=1.0000;curCov=1.0000;oldCov=1.0000]	AFE_RS08215(WP_229129794.1)=>AFE_1771(ACK80864.1)[bp=8;aa=68;id=0.3676;curCov=0.3350;oldCov=0.2605];AFE_RS08215(WP_229129794.1)=>AFE_1772(ACK79093.1)[bp=612;aa=203;id=1.0000;curCov=1.0000;oldCov=1.0000]	AFE_1772	ACK79093.1	203	1.0000	1.0000	1.0000	old annotation topology: AFE_1772 overlaps 2 old-RefSeq CDS (not evidence of current split)	原始AFE坐标对应；旧注释拓扑差异/可能merge，按覆盖与多拷贝复核
RU820_RS08160	WP_088775915.1	WP_012537017.1	AFE_RS09970	AFE_RS08210:1534771..1535556->AFE_RS08225:1536682..1538034	AFE_1772(ACK79093.1)[aa=23;id=0.3913;curCov=0.1217;oldCov=0.1133]	AFE_1772(ACK79093.1)[id=0.3913;curCov=0.1217;oldCov=0.1133]	AFE_RS09970(WP_012537017.1)=>AFE_2161(ACK77913.1)[bp=1866;aa=133;id=0.2932;curCov=0.7037;oldCov=0.2142];AFE_RS09970(WP_012537017.1)=>AFE_2162(ACK78979.1)[bp=4;aa=19;id=0.2105;curCov=0.1005;oldCov=0.5135]	AFE_2161	ACK77913.1	133	0.2932	0.7037	0.2142	无	旧RefSeq坐标投射命中原始AFE CDS；查看identity及双向coverage
RU820_RS08205	WP_012536753.1	WP_012536753.1	AFE_RS15680	AFE_RS08260:1544680..1544913->AFE_RS08265:1545748..1547367	no_interval_hit_above_minimum	none	AFE_RS15680(WP_012536753.1)=>AFE_1781(ACK79518.1)[bp=1;aa=18;id=0.3889;curCov=0.3529;oldCov=0.2571]	AFE_2976	ACK79029.1	18	0.6111	0.3529	0.0463	无	旧RefSeq坐标投射命中原始AFE CDS；查看identity及双向coverage
RU820_RS08275	WP_012536764.1	WP_012536764.1	AFE_RS08330	AFE_RS08325:1559100..1559771->AFE_RS08335:1560075..1560347	no_interval_hit_above_minimum	AFE_1796(ACK78662.1)[id=0.8000;curCov=0.0581;oldCov=0.0362]	无	AFE_0186	ACK78656.1	64	0.4219	0.7442	0.2406	无	无原始AFE坐标投射命中；结合最佳ACK序列覆盖复核
RU820_RS08425	WP_012536786.1	WP_009565289.1	AFE_RS08480	AFE_RS08475:1591371..1592543->AFE_RS08490:1593921..1594574	AFE_1828(ACK80425.1)[aa=188;id=1.0000;curCov=1.0000;oldCov=1.0000]	AFE_1828(ACK80425.1)[id=1.0000;curCov=1.0000;oldCov=1.0000]	AFE_RS08480(WP_009565289.1)=>AFE_1827(ACK79240.1)[bp=4;aa=113;id=0.3540;curCov=0.6011;oldCov=0.2770];AFE_RS08480(WP_009565289.1)=>AFE_1828(ACK80425.1)[bp=549;aa=188;id=1.0000;curCov=1.0000;oldCov=1.0000]	AFE_1828	ACK80425.1	188	1.0000	1.0000	1.0000	无	旧RefSeq坐标投射命中原始AFE CDS；查看identity及双向coverage
RU820_RS08470	WP_306674771.1	WP_306674771.1	AFE_RS16935	AFE_RS08520:1598793..1599209->AFE_RS08530:1600734..1600940	no_interval_hit_above_minimum	AFE_1838(ACK79257.1)[id=1.0000;curCov=0.0946;oldCov=0.1111]	无	AFE_1370	ACK80448.1	74	0.9324	1.0000	0.1529	无	无原始AFE坐标投射命中；结合最佳ACK序列覆盖复核
RU820_RS08480	WP_273699428.1	WP_273699428.1	AFE_RS17180	AFE_RS08520:1598793..1599209->AFE_RS08530:1600734..1600940	no_interval_hit_above_minimum	AFE_1838(ACK79257.1)[id=0.6154;curCov=0.0743;oldCov=0.2063]	无	AFE_1370	ACK80448.1	134	0.8358	0.7657	0.2769	无	无原始AFE坐标投射命中；结合最佳ACK序列覆盖复核
RU820_RS08500	WP_012606582.1	WP_012606582.1	AFE_RS02585;AFE_RS05215;AFE_RS05380;AFE_RS05990;AFE_RS11170;AFE_RS12425;AFE_RS13635;AFE_RS14955	AFE_RS08535:1601311..1603341->AFE_RS08545:1604154..1604393	no_interval_hit_above_minimum	AFE_1844(ACK79643.1)[id=0.2579;curCov=0.3897;oldCov=0.7718]	AFE_RS02585(WP_012606582.1)=>AFE_0550(ACK78827.1)[bp=1227;aa=408;id=1.0000;curCov=1.0000;oldCov=1.0000];AFE_RS05215(WP_012606582.1)=>AFE_1110(ACK78329.1)[bp=1227;aa=408;id=1.0000;curCov=1.0000;oldCov=1.0000];AFE_RS05380(WP_012606582.1)=>AFE_1142(ACK79585.1)[bp=1227;aa=408;id=1.0000;curCov=1.0000;oldCov=1.0000];AFE_RS05990(WP_012606582.1)=>AFE_1265(ACK80266.1)[bp=1227;aa=408;id=1.0000;curCov=1.0000;oldCov=1.0000];AFE_RS11170(WP_012606582.1)=>AFE_2432(ACK77962.1)[bp=1227;aa=408;id=1.0000;curCov=1.0000;oldCov=1.0000];AFE_RS12425(WP_012606582.1)=>AFE_2709(ACK79916.1)[bp=1227;aa=408;id=1.0000;curCov=1.0000;oldCov=1.0000];AFE_RS13635(WP_012606582.1)=>AFE_2972(ACK80502.1)[bp=1227;aa=408;id=1.0000;curCov=1.0000;oldCov=1.0000];AFE_RS14955(WP_012606582.1)=>AFE_3263(ACK79267.1)[bp=1227;aa=408;id=1.0000;curCov=1.0000;oldCov=1.0000]	AFE_2972	ACK80502.1	408	1.0000	1.0000	1.0000	possible current/old annotation merge: substantial sequence support at 8 original AFE loci	原始AFE坐标对应；旧注释拓扑差异/可能merge，按覆盖与多拷贝复核
RU820_RS08505	WP_012606582.1	WP_012606582.1	AFE_RS02585;AFE_RS05215;AFE_RS05380;AFE_RS05990;AFE_RS11170;AFE_RS12425;AFE_RS13635;AFE_RS14955	AFE_RS08535:1601311..1603341->AFE_RS08545:1604154..1604393	no_interval_hit_above_minimum	AFE_1844(ACK79643.1)[id=0.2579;curCov=0.3897;oldCov=0.7718]	AFE_RS02585(WP_012606582.1)=>AFE_0550(ACK78827.1)[bp=1227;aa=408;id=1.0000;curCov=1.0000;oldCov=1.0000];AFE_RS05215(WP_012606582.1)=>AFE_1110(ACK78329.1)[bp=1227;aa=408;id=1.0000;curCov=1.0000;oldCov=1.0000];AFE_RS05380(WP_012606582.1)=>AFE_1142(ACK79585.1)[bp=1227;aa=408;id=1.0000;curCov=1.0000;oldCov=1.0000];AFE_RS05990(WP_012606582.1)=>AFE_1265(ACK80266.1)[bp=1227;aa=408;id=1.0000;curCov=1.0000;oldCov=1.0000];AFE_RS11170(WP_012606582.1)=>AFE_2432(ACK77962.1)[bp=1227;aa=408;id=1.0000;curCov=1.0000;oldCov=1.0000];AFE_RS12425(WP_012606582.1)=>AFE_2709(ACK79916.1)[bp=1227;aa=408;id=1.0000;curCov=1.0000;oldCov=1.0000];AFE_RS13635(WP_012606582.1)=>AFE_2972(ACK80502.1)[bp=1227;aa=408;id=1.0000;curCov=1.0000;oldCov=1.0000];AFE_RS14955(WP_012606582.1)=>AFE_3263(ACK79267.1)[bp=1227;aa=408;id=1.0000;curCov=1.0000;oldCov=1.0000]	AFE_2972	ACK80502.1	408	1.0000	1.0000	1.0000	possible current/old annotation merge: substantial sequence support at 8 original AFE loci	原始AFE坐标对应；旧注释拓扑差异/可能merge，按覆盖与多拷贝复核
RU820_RS08515	WP_225487659.1	WP_225487659.1	AFE_RS16805	AFE_RS08535:1601311..1603341->AFE_RS08545:1604154..1604393	AFE_1844(ACK79643.1)[aa=86;id=0.9884;curCov=1.0000;oldCov=0.4175]	AFE_1844(ACK79643.1)[id=0.9884;curCov=1.0000;oldCov=0.4175]	AFE_RS16805(WP_225487659.1)=>AFE_1844(ACK79643.1)[bp=261;aa=86;id=0.9884;curCov=1.0000;oldCov=0.4175]	AFE_1844	ACK79643.1	86	0.9884	1.0000	0.4175	无	旧RefSeq坐标投射命中原始AFE CDS；查看identity及双向coverage
RU820_RS08580	WP_146235805.1	WP_146235805.1	AFE_RS16110	AFE_RS08600:1613357..1613899->AFE_RS08605:1614393..1614722	no_interval_hit_above_minimum	AFE_1859(ACK80310.1)[id=0.5833;curCov=0.0857;oldCov=0.1935]	AFE_RS16110(WP_146235805.1)=>AFE_1859(ACK80310.1)[bp=163;aa=12;id=0.5833;curCov=0.0857;oldCov=0.1935]	AFE_0922	ACK79824.1	52	0.3654	0.3714	0.1068	无	旧RefSeq坐标投射命中原始AFE CDS；查看identity及双向coverage
RU820_RS08640	WP_012536813.1	WP_225487641.1	AFE_RS08660	AFE_RS08655:1623468..1624319->AFE_RS08665:1626985..1628454	AFE_1873(ACK79911.1)[aa=875;id=1.0000;curCov=1.0000;oldCov=1.0000]	AFE_1873(ACK79911.1)[id=1.0000;curCov=1.0000;oldCov=1.0000]	AFE_RS08660(WP_225487641.1)=>AFE_1872(ACK78474.1)[bp=13;aa=170;id=0.2647;curCov=0.1943;oldCov=0.6667];AFE_RS08660(WP_225487641.1)=>AFE_1873(ACK79911.1)[bp=2628;aa=875;id=1.0000;curCov=1.0000;oldCov=1.0000]	AFE_1873	ACK79911.1	875	1.0000	1.0000	1.0000	old annotation topology: AFE_1873 overlaps 2 old-RefSeq CDS (not evidence of current split)	原始AFE坐标对应；旧注释拓扑差异/可能merge，按覆盖与多拷贝复核
RU820_RS08655	WP_423364875.1	WP_012536815.1	AFE_RS08675	AFE_RS08670:1628438..1629076->AFE_RS08680:1631187..1632053	AFE_1876(ACK78923.1)[aa=701;id=0.9986;curCov=1.0000;oldCov=1.0000]	AFE_1876(ACK78923.1)[id=0.9986;curCov=1.0000;oldCov=1.0000]	AFE_RS08675(WP_012536815.1)=>AFE_1876(ACK78923.1)[bp=2106;aa=701;id=0.9986;curCov=1.0000;oldCov=1.0000];AFE_RS08675(WP_012536815.1)=>AFE_1877(ACK79087.1)[bp=8;aa=179;id=0.3184;curCov=0.2553;oldCov=0.6215]	AFE_1876	ACK78923.1	701	0.9986	1.0000	1.0000	old annotation topology: AFE_1876 overlaps 2 old-RefSeq CDS (not evidence of current split)	原始AFE坐标对应；旧注释拓扑差异/可能merge，按覆盖与多拷贝复核
RU820_RS08720	WP_196491180.1	WP_009562382.1	AFE_RS08740	AFE_RS08735:1646517..1647719->AFE_RS08750:1649232..1651472	AFE_1889(ACK79361.1)[aa=429;id=0.9977;curCov=1.0000;oldCov=0.9954]	AFE_1889(ACK79361.1)[id=0.9977;curCov=1.0000;oldCov=0.9954]	AFE_RS08740(WP_009562382.1)=>AFE_1889(ACK79361.1)[bp=1296;aa=429;id=0.9977;curCov=1.0000;oldCov=0.9954]	AFE_1889	ACK79361.1	429	0.9977	1.0000	0.9954	无	旧RefSeq坐标投射命中原始AFE CDS；查看identity及双向coverage
RU820_RS08750	WP_012536826.1	WP_012536826.1	AFE_RS08770	AFE_RS08765:1653800..1654552->AFE_RS08775:1655979..1656638	AFE_1895(ACK78997.1)[aa=342;id=1.0000;curCov=1.0000;oldCov=1.0000]	AFE_1895(ACK78997.1)[id=1.0000;curCov=1.0000;oldCov=1.0000]	AFE_RS08770(WP_012536826.1)=>AFE_1895(ACK78997.1)[bp=1029;aa=342;id=1.0000;curCov=1.0000;oldCov=1.0000]	AFE_1895	ACK78997.1	342	1.0000	1.0000	1.0000	无	旧RefSeq坐标投射命中原始AFE CDS；查看identity及双向coverage
RU820_RS08865	WP_012536837.1	WP_233459568.1	AFE_RS08880	AFE_RS08875:1671047..1672765->AFE_RS08885:1673115..1673714	AFE_1920(ACK79227.1)[aa=107;id=1.0000;curCov=1.0000;oldCov=1.0000]	AFE_1920(ACK79227.1)[id=1.0000;curCov=1.0000;oldCov=1.0000]	AFE_RS08880(WP_233459568.1)=>AFE_1919(ACK79172.1)[bp=11;aa=55;id=0.3818;curCov=0.5140;oldCov=0.0962];AFE_RS08880(WP_233459568.1)=>AFE_1920(ACK79227.1)[bp=324;aa=107;id=1.0000;curCov=1.0000;oldCov=1.0000]	AFE_1920	ACK79227.1	107	1.0000	1.0000	1.0000	无	旧RefSeq坐标投射命中原始AFE CDS；查看identity及双向coverage
RU820_RS09010	WP_146235859.1	WP_146235859.1	AFE_RS16115	AFE_RS09020:1701090..1702373->AFE_RS09030:1703061..1703528	no_interval_hit_above_minimum	AFE_1950(ACK79861.1)[id=0.2381;curCov=0.1448;oldCov=0.2692]	无	AFE_2021	ACK80759.1	103	0.3010	0.7103	0.1270	无	无原始AFE坐标投射命中；结合最佳ACK序列覆盖复核
RU820_RS09070	WP_012536868.1	WP_012536868.1	AFE_RS16815	AFE_RS09080:1714728..1715966->AFE_RS09100:1718307..1718711	AFE_1962(ACK80437.1)[aa=91;id=0.9890;curCov=0.5482;oldCov=1.0000];AFE_1964(ACK79129.1)[aa=39;id=0.3333;curCov=0.2349;oldCov=0.1043];AFE_1963(ACK80947.1)[aa=38;id=0.3158;curCov=0.2289;oldCov=0.4222]	AFE_1962(ACK80437.1)[id=0.9890;curCov=0.5482;oldCov=1.0000]	AFE_RS16815(WP_012536868.1)=>AFE_1962(ACK80437.1)[bp=276;aa=91;id=0.9890;curCov=0.5482;oldCov=1.0000]	AFE_1962	ACK80437.1	91	0.9890	0.5482	1.0000	无	旧RefSeq坐标投射命中原始AFE CDS；查看identity及双向coverage
RU820_RS09075	WP_012536869.1	WP_012536869.1	AFE_RS09090	AFE_RS09080:1714728..1715966->AFE_RS09100:1718307..1718711	AFE_1963(ACK80947.1)[aa=32;id=0.5000;curCov=0.3765;oldCov=0.3556]	AFE_1963(ACK80947.1)[id=0.5000;curCov=0.3765;oldCov=0.3556]	无	AFE_1943	ACK80622.1	51	0.5882	0.6000	0.2267	无	无原始AFE坐标投射命中；结合最佳ACK序列覆盖复核
RU820_RS09080	WP_225487040.1	WP_236608963.1	AFE_RS09095	AFE_RS09080:1714728..1715966->AFE_RS09100:1718307..1718711	AFE_1964(ACK79129.1)[aa=362;id=0.9972;curCov=1.0000;oldCov=0.9679];AFE_1962(ACK80437.1)[aa=39;id=0.3333;curCov=0.1077;oldCov=0.4286];AFE_1963(ACK80947.1)[aa=67;id=0.3582;curCov=0.1851;oldCov=0.7444]	AFE_1964(ACK79129.1)[id=0.9972;curCov=1.0000;oldCov=0.9679]	AFE_RS09095(WP_236608963.1)=>AFE_1964(ACK79129.1)[bp=1002;aa=362;id=0.9972;curCov=1.0000;oldCov=0.9679]	AFE_1964	ACK79129.1	362	0.9972	1.0000	0.9679	无	旧RefSeq坐标投射命中原始AFE CDS；查看identity及双向coverage
RU820_RS09150	WP_230456301.1	WP_230456301.1	AFE_RS16820	AFE_RS09160:1734020..1735231->AFE_RS09170:1736231..1736602	AFE_1978(ACK78681.1)[aa=128;id=0.9922;curCov=1.0000;oldCov=0.4655]	AFE_1978(ACK78681.1)[id=0.9922;curCov=1.0000;oldCov=0.4655]	AFE_RS16820(WP_230456301.1)=>AFE_1978(ACK78681.1)[bp=387;aa=128;id=0.9922;curCov=1.0000;oldCov=0.4655]	AFE_1978	ACK78681.1	128	0.9922	1.0000	0.4655	无	旧RefSeq坐标投射命中原始AFE CDS；查看identity及双向coverage
RU820_RS09175	WP_012536887.1	WP_012536754.1	AFE_RS08265	AFE_RS09185:1739731..1740177->AFE_RS09190:1741238..1741750	AFE_1985(ACK78599.1)[aa=58;id=1.0000;curCov=1.0000;oldCov=1.0000]	AFE_1985(ACK78599.1)[id=1.0000;curCov=1.0000;oldCov=1.0000]	AFE_RS08265(WP_012536754.1)=>AFE_1782(ACK78826.1)[bp=1620;aa=29;id=0.8966;curCov=0.5000;oldCov=0.0538]	AFE_1985	ACK78599.1	58	1.0000	1.0000	1.0000	无	旧RefSeq坐标投射命中原始AFE CDS；查看identity及双向coverage
RU820_RS09255	WP_225487041.1	WP_225487041.1	AFE_RS09260	AFE_RS09255:1755537..1755821->AFE_RS09265:1756381..1756842	no_interval_hit_above_minimum	none	无	AFE_3164	ACK80445.1	74	0.8784	0.6549	0.3442	无	无原始AFE坐标投射命中；结合最佳ACK序列覆盖复核
RU820_RS09335	WP_012536911.1	WP_012536911.1	AFE_RS09335	AFE_RS09330:1764539..1765516->AFE_RS09340:1766064..1768499	no_interval_hit_above_minimum	AFE_2020(ACK80589.1)[id=0.6667;curCov=0.0714;oldCov=0.0662]	无	AFE_1794	ACK78011.1	88	0.3295	0.6984	0.3946	无	无原始AFE坐标投射命中；结合最佳ACK序列覆盖复核
RU820_RS09350	WP_307871269.1	WP_012536914.1	AFE_RS09350	AFE_RS09345:1768717..1769898->AFE_RS09355:1771228..1772148	AFE_2023(ACK79849.1)[aa=394;id=1.0000;curCov=0.9949;oldCov=1.0000]	AFE_2023(ACK79849.1)[id=1.0000;curCov=0.9949;oldCov=1.0000]	AFE_RS09350(WP_012536914.1)=>AFE_2023(ACK79849.1)[bp=1185;aa=394;id=1.0000;curCov=0.9949;oldCov=1.0000]	AFE_2023	ACK79849.1	394	1.0000	0.9949	1.0000	无	旧RefSeq坐标投射命中原始AFE CDS；查看identity及双向coverage
RU820_RS09460	WP_009564632.1	WP_009564632.1	AFE_RS09460	AFE_RS09455:1799766..1799963->AFE_RS09465:1800608..1801657	AFE_2051(ACK80174.1)[aa=26;id=0.3077;curCov=0.1884;oldCov=0.3611]	AFE_2051(ACK80174.1)[id=0.3077;curCov=0.1884;oldCov=0.3611]	无	AFE_1642	ACK80688.1	54	0.5000	0.3913	0.0917	无	无原始AFE坐标投射命中；结合最佳ACK序列覆盖复核
RU820_RS09525	WP_012607305.1	WP_012536943.1	AFE_RS09525	AFE_RS09520:1812624..1813838->AFE_RS09530:1815270..1815767	AFE_2064(ACK79769.1)[aa=475;id=1.0000;curCov=1.0000;oldCov=1.0000]	AFE_2064(ACK79769.1)[id=1.0000;curCov=1.0000;oldCov=1.0000]	AFE_RS09525(WP_012536943.1)=>AFE_2063(ACK80453.1)[bp=4;aa=213;id=0.3615;curCov=0.4484;oldCov=0.5272];AFE_RS09525(WP_012536943.1)=>AFE_2064(ACK79769.1)[bp=1428;aa=475;id=1.0000;curCov=1.0000;oldCov=1.0000];AFE_RS09525(WP_012536943.1)=>AFE_2065(ACK77872.1)[bp=11;aa=25;id=0.2800;curCov=0.0526;oldCov=0.1515]	AFE_2064	ACK79769.1	475	1.0000	1.0000	1.0000	old annotation topology: AFE_2064 overlaps 2 old-RefSeq CDS (not evidence of current split)	原始AFE坐标对应；旧注释拓扑差异/可能merge，按覆盖与多拷贝复核
RU820_RS09655	WP_012536963.1	WP_012536963.1	AFE_RS16825	AFE_RS09650:1842831..1844360->AFE_RS09660:1844731..1845597	no_interval_hit_above_minimum	AFE_2092(ACK78357.1)[id=0.5000;curCov=0.0909;oldCov=0.0800]	无	AFE_1848	ACK79408.1	58	0.7586	0.6591	0.1801	无	无原始AFE坐标投射命中；结合最佳ACK序列覆盖复核
RU820_RS09690	WP_074874203.1	WP_074874203.1	AFE_RS15705	AFE_RS09675:1847993..1849297->AFE_RS09690:1853985..1855082	AFE_2098(ACK78878.1)[aa=25;id=0.4400;curCov=0.1087;oldCov=0.5102];AFE_2101(ACK80044.1)[aa=35;id=0.3429;curCov=0.1522;oldCov=0.4375];AFE_2099(ACK77847.1)[aa=16;id=0.5000;curCov=0.0696;oldCov=0.2712]	AFE_2098(ACK78878.1)[id=0.4400;curCov=0.1087;oldCov=0.5102]	AFE_RS15705(WP_074874203.1)=>AFE_2099(ACK77847.1)[bp=180;aa=16;id=0.5000;curCov=0.0696;oldCov=0.2712]	AFE_0378	ACK79074.1	177	0.3616	0.7696	0.4972	无	旧RefSeq坐标投射命中原始AFE CDS；查看identity及双向coverage
RU820_RS09695	WP_148208624.1	WP_148208624.1	AFE_RS15710	AFE_RS09675:1847993..1849297->AFE_RS09690:1853985..1855082	AFE_2099(ACK77847.1)[aa=35;id=0.3143;curCov=0.1535;oldCov=0.5932]	AFE_2101(ACK80044.1)[id=0.5000;curCov=0.0526;oldCov=0.1500]	无	AFE_1209	ACK80028.1	144	0.3333	0.6316	0.0413	无	无原始AFE坐标投射命中；结合最佳ACK序列覆盖复核
RU820_RS09700	WP_012536969.1	WP_012536969.1	AFE_RS15715	AFE_RS09675:1847993..1849297->AFE_RS09690:1853985..1855082	AFE_2098(ACK78878.1)[aa=19;id=0.3684;curCov=0.0984;oldCov=0.3878]	AFE_2098(ACK78878.1)[id=0.3684;curCov=0.0984;oldCov=0.3878]	AFE_RS15715(WP_012536969.1)=>AFE_2100(ACK80893.1)[bp=177;aa=33;id=0.2424;curCov=0.1710;oldCov=0.5690]	AFE_1913	ACK80338.1	82	0.4024	0.4249	0.3832	无	旧RefSeq坐标投射命中原始AFE CDS；查看identity及双向coverage
RU820_RS09710	WP_041647398.1	WP_041647398.1	AFE_RS17105	AFE_RS09675:1847993..1849297->AFE_RS09690:1853985..1855082	AFE_2098(ACK78878.1)[aa=22;id=0.5000;curCov=0.0463;oldCov=0.4490];AFE_2100(ACK80893.1)[aa=19;id=0.4737;curCov=0.0400;oldCov=0.3276];AFE_2099(ACK77847.1)[aa=21;id=0.3333;curCov=0.0442;oldCov=0.3559];AFE_2101(ACK80044.1)[aa=43;id=0.3256;curCov=0.0905;oldCov=0.5375]	AFE_2098(ACK78878.1)[id=0.5000;curCov=0.0463;oldCov=0.4490]	AFE_RS17105(WP_041647398.1)=>AFE_2103(ACK78309.1)[bp=1;aa=182;id=0.3516;curCov=0.3832;oldCov=0.5000]	AFE_3265	ACK80508.1	433	0.4365	0.9116	0.9097	无	旧RefSeq坐标投射命中原始AFE CDS；查看identity及双向coverage
RU820_RS09740	WP_229129717.1	WP_236608964.1	AFE_RS09715	AFE_RS09710:1859812..1860405->AFE_RS09725:1863131..1864603	AFE_2108(ACK79131.1)[aa=30;id=0.3667;curCov=0.2479;oldCov=0.4545];AFE_2110(ACK78461.1)[aa=28;id=0.3929;curCov=0.2314;oldCov=0.0586]	AFE_2108(ACK79131.1)[id=0.3667;curCov=0.2479;oldCov=0.4545]	无	AFE_1948	ACK78945.1	57	0.3860	0.4711	0.1298	无	无原始AFE坐标投射命中；结合最佳ACK序列覆盖复核
RU820_RS09745	WP_041646221.1	WP_012536978.1	AFE_RS09720	AFE_RS09710:1859812..1860405->AFE_RS09725:1863131..1864603	AFE_2110(ACK78461.1)[aa=476;id=1.0000;curCov=1.0000;oldCov=0.9958]	AFE_2110(ACK78461.1)[id=1.0000;curCov=1.0000;oldCov=0.9958]	AFE_RS09720(WP_012536978.1)=>AFE_2110(ACK78461.1)[bp=1437;aa=476;id=1.0000;curCov=1.0000;oldCov=0.9958];AFE_RS09720(WP_012536978.1)=>AFE_2111(ACK80960.1)[bp=4;aa=279;id=0.3154;curCov=0.5861;oldCov=0.5694]	AFE_2110	ACK78461.1	476	1.0000	1.0000	0.9958	old annotation topology: AFE_2110 overlaps 2 old-RefSeq CDS (not evidence of current split)	原始AFE坐标对应；旧注释拓扑差异/可能merge，按覆盖与多拷贝复核
RU820_RS09780	WP_012607322.1	WP_009569145.1	AFE_RS09755	AFE_RS09750:1867658..1868500->AFE_RS09760:1869515..1872217	AFE_2117(ACK78892.1)[aa=338;id=1.0000;curCov=1.0000;oldCov=1.0000]	AFE_2117(ACK78892.1)[id=1.0000;curCov=1.0000;oldCov=1.0000]	AFE_RS09755(WP_009569145.1)=>AFE_2116(ACK78073.1)[bp=4;aa=99;id=0.3232;curCov=0.2929;oldCov=0.3536];AFE_RS09755(WP_009569145.1)=>AFE_2117(ACK78892.1)[bp=1017;aa=338;id=1.0000;curCov=1.0000;oldCov=1.0000];AFE_RS09755(WP_009569145.1)=>AFE_2118(ACK78141.1)[bp=14;aa=248;id=0.2581;curCov=0.7337;oldCov=0.2821]	AFE_2117	ACK78892.1	338	1.0000	1.0000	1.0000	old annotation topology: AFE_2117 overlaps 2 old-RefSeq CDS (not evidence of current split)	原始AFE坐标对应；旧注释拓扑差异/可能merge，按覆盖与多拷贝复核
RU820_RS09850	WP_257246597.1	WP_257246597.1	AFE_RS16955	AFE_RS09820:1883141..1883371->AFE_RS09825:1883674..1885194	no_interval_hit_above_minimum	none	无	AFE_0906	ACK79028.1	19	0.4737	0.4750	0.0495	无	无原始AFE坐标投射命中；结合最佳ACK序列覆盖复核
RU820_RS10090	WP_012537035.1	WP_012537035.1	AFE_RS15380	AFE_RS10055:1934588..1935115->AFE_RS10070:1936227..1936658	AFE_2180(ACK78101.1)[aa=69;id=0.3913;curCov=0.3898;oldCov=0.3067];AFE_2182(ACK78696.1)[aa=34;id=0.3824;curCov=0.1921;oldCov=0.3736]	AFE_2180(ACK78101.1)[id=0.3913;curCov=0.3898;oldCov=0.3067]	AFE_RS15380(WP_012537035.1)=>AFE_2181(ACK79366.1)[bp=4;aa=26;id=0.4615;curCov=0.1469;oldCov=0.1383]	AFE_1464	ACK78475.1	89	0.4045	0.5028	0.1918	无	旧RefSeq坐标投射命中原始AFE CDS；查看identity及双向coverage
RU820_RS10125	WP_009567471.1	WP_012607339.1	AFE_RS10100	AFE_RS10095:1941815..1942090->AFE_RS10105:1943259..1944062	AFE_2189(ACK78243.1)[aa=337;id=0.9970;curCov=1.0000;oldCov=1.0000]	AFE_2189(ACK78243.1)[id=0.9970;curCov=1.0000;oldCov=1.0000]	AFE_RS10100(WP_012607339.1)=>AFE_2189(ACK78243.1)[bp=1014;aa=337;id=0.9970;curCov=1.0000;oldCov=1.0000]	AFE_2189	ACK78243.1	337	0.9970	1.0000	1.0000	无	旧RefSeq坐标投射命中原始AFE CDS；查看identity及双向coverage
RU820_RS10160	WP_009568772.1	WP_009568772.1	AFE_RS10135	AFE_RS10130:1947833..1948285->AFE_RS10140:1948739..1949812	AFE_2197(ACK79626.1)[aa=41;id=0.4146;curCov=0.3596;oldCov=0.2908];AFE_2198(ACK77980.1)[aa=22;id=0.3636;curCov=0.1930;oldCov=0.6875]	AFE_2197(ACK79626.1)[id=0.4146;curCov=0.3596;oldCov=0.2908]	无	AFE_0170	ACK78518.1	81	0.4568	0.7105	0.1399	无	无原始AFE坐标投射命中；结合最佳ACK序列覆盖复核
RU820_RS10185	WP_012537048.1	WP_012537048.1	AFE_RS16605	AFE_RS10155:1952562..1952987->AFE_RS10165:1953693..1956509	AFE_2202(ACK78670.1)[aa=83;id=0.3012;curCov=0.3593;oldCov=0.3109]	AFE_2202(ACK78670.1)[id=0.3012;curCov=0.3593;oldCov=0.3109]	AFE_RS16605(WP_012537048.1)=>AFE_2204(ACK80800.1)[bp=4;aa=129;id=0.3488;curCov=0.5584;oldCov=0.1375]	AFE_0538	ACK79348.1	167	0.2515	0.7229	0.3287	无	旧RefSeq坐标投射命中原始AFE CDS；查看identity及双向coverage
RU820_RS10295	WP_012537065.1	WP_012537065.1	AFE_RS10270	AFE_RS10265:1978630..1979415->AFE_RS10280:1981261..1982007	AFE_2226(ACK80621.1)[aa=70;id=0.3000;curCov=0.3933;oldCov=0.1250]	AFE_2226(ACK80621.1)[id=0.3000;curCov=0.3933;oldCov=0.1250]	AFE_RS10270(WP_012537065.1)=>AFE_2226(ACK80621.1)[bp=537;aa=70;id=0.3000;curCov=0.3933;oldCov=0.1250]	AFE_2220	ACK78762.1	113	0.4248	0.6348	0.1445	old annotation topology: AFE_2226 overlaps 2 old-RefSeq CDS (not evidence of current split)	原始AFE坐标对应；旧注释拓扑差异/可能merge，按覆盖与多拷贝复核
RU820_RS10300	WP_012537066.1	WP_012537066.1	AFE_RS10275	AFE_RS10265:1978630..1979415->AFE_RS10280:1981261..1982007	AFE_2226(ACK80621.1)[aa=332;id=1.0000;curCov=1.0000;oldCov=0.5929]	AFE_2226(ACK80621.1)[id=1.0000;curCov=1.0000;oldCov=0.5929]	AFE_RS10275(WP_012537066.1)=>AFE_2226(ACK80621.1)[bp=999;aa=332;id=1.0000;curCov=1.0000;oldCov=0.5929]	AFE_2226	ACK80621.1	332	1.0000	1.0000	0.5929	old annotation topology: AFE_2226 overlaps 2 old-RefSeq CDS (not evidence of current split)	原始AFE坐标对应；旧注释拓扑差异/可能merge，按覆盖与多拷贝复核
RU820_RS10335	WP_423364961.1	WP_012537070.1	AFE_RS10310	AFE_RS10305:1987764..1989833->AFE_RS10315:1990514..1990780	AFE_2234(ACK80026.1)[aa=206;id=0.9563;curCov=1.0000;oldCov=1.0000]	AFE_2234(ACK80026.1)[id=0.9563;curCov=1.0000;oldCov=1.0000]	AFE_RS10310(WP_012537070.1)=>AFE_2234(ACK80026.1)[bp=621;aa=206;id=0.9563;curCov=1.0000;oldCov=1.0000]	AFE_2234	ACK80026.1	206	0.9563	1.0000	1.0000	无	旧RefSeq坐标投射命中原始AFE CDS；查看identity及双向coverage
RU820_RS10395	WP_012537082.1	WP_236608987.1	AFE_RS10370	AFE_RS10365:1999089..2000276->AFE_RS10375:2006126..2008192	AFE_2253(ACK79956.1)[aa=1569;id=0.9994;curCov=0.8583;oldCov=1.0000];AFE_2252(ACK79266.1)[aa=209;id=0.8804;curCov=0.1143;oldCov=0.9372]	AFE_2253(ACK79956.1)[id=0.9994;curCov=0.8583;oldCov=1.0000]	AFE_RS10370(WP_236608987.1)=>AFE_2253(ACK79956.1)[bp=3912;aa=1569;id=0.9994;curCov=0.8583;oldCov=1.0000]	AFE_2253	ACK79956.1	1569	0.9994	0.8583	1.0000	无	旧RefSeq坐标投射命中原始AFE CDS；查看identity及双向coverage
RU820_RS10575	WP_009563788.1	WP_009563788.1	AFE_RS16365	AFE_RS10540:2038483..2040822->AFE_RS15730:2041664..2043985	no_interval_hit_above_minimum	AFE_2290(ACK80032.1)[id=0.5455;curCov=0.1325;oldCov=0.1507]	无	AFE_1652	ACK80458.1	63	0.4762	0.7590	0.0834	无	无原始AFE坐标投射命中；结合最佳ACK序列覆盖复核
RU820_RS10580	WP_158303827.1	WP_158303827.1	AFE_RS16370	AFE_RS10540:2038483..2040822->AFE_RS15730:2041664..2043985	no_interval_hit_above_minimum	AFE_2290(ACK80032.1)[id=0.2424;curCov=0.4648;oldCov=0.4521]	无	AFE_2267	ACK78117.1	62	0.3710	0.8732	0.1185	无	无原始AFE坐标投射命中；结合最佳ACK序列覆盖复核
RU820_RS10770	WP_012537129.1	WP_012607388.1	AFE_RS10725	AFE_RS15740:2079380..2080306->AFE_RS10730:2082858..2084609	AFE_2336(ACK78773.1)[aa=624;id=0.9984;curCov=0.9889;oldCov=1.0000]	AFE_2336(ACK78773.1)[id=0.9984;curCov=0.9889;oldCov=1.0000]	AFE_RS10725(WP_012607388.1)=>AFE_2336(ACK78773.1)[bp=1875;aa=624;id=0.9984;curCov=0.9889;oldCov=1.0000]	AFE_2336	ACK78773.1	624	0.9984	0.9889	1.0000	无	旧RefSeq坐标投射命中原始AFE CDS；查看identity及双向coverage
RU820_RS10835	WP_012537140.1	WP_012537140.1	AFE_RS16540	AFE_RS10785:2092821..2093615->AFE_RS10790:2094115..2095650	no_interval_hit_above_minimum	none	无	AFE_2000	ACK79053.1	50	0.5600	0.9615	0.9615	无	无原始AFE坐标投射命中；结合最佳ACK序列覆盖复核
RU820_RS10980	WP_012537160.1	WP_012537160.1	AFE_RS10930	AFE_RS10925:2124795..2126066->AFE_RS10935:2126416..2127030	AFE_2379(ACK80474.1)[aa=33;id=0.3636;curCov=0.2797;oldCov=0.5077]	AFE_2379(ACK80474.1)[id=0.3636;curCov=0.2797;oldCov=0.5077]	AFE_RS10930(WP_012537160.1)=>AFE_2380(ACK79889.1)[bp=4;aa=94;id=0.3617;curCov=0.7966;oldCov=0.4608]	AFE_2229	ACK79528.1	66	0.2576	0.5593	0.0723	无	旧RefSeq坐标投射命中原始AFE CDS；查看identity及双向coverage
RU820_RS11040	WP_229129733.1	WP_229129733.1	AFE_RS16835	AFE_RS10985:2137678..2138499->AFE_RS15745:2138641..2140485	no_interval_hit_above_minimum	none	无	AFE_1509	ACK79850.1	20	0.4000	0.4545	0.1639	无	无原始AFE坐标投射命中；结合最佳ACK序列覆盖复核
RU820_RS11055	WP_009565786.1	WP_009565786.1	AFE_RS16610	AFE_RS15745:2138641..2140485->AFE_RS11035:2148399..2148785	AFE_2399(ACK80674.1)[aa=61;id=0.3115;curCov=0.6559;oldCov=0.1837];AFE_2394(ACK78807.1)[aa=35;id=0.3429;curCov=0.3763;oldCov=0.3017];AFE_2393(ACK79562.1)[aa=16;id=0.4375;curCov=0.1720;oldCov=0.1060];AFE_2396(ACK79568.1)[aa=33;id=0.4242;curCov=0.3548;oldCov=0.5593]	AFE_2397(ACK78875.1)[id=0.2821;curCov=0.4194;oldCov=0.0942]	无	AFE_1947	ACK77926.1	64	0.3281	0.6882	0.0618	无	无原始AFE坐标投射命中；结合最佳ACK序列覆盖复核
RU820_RS11070	WP_012535982.1	WP_012535982.1	AFE_RS11015	AFE_RS15745:2138641..2140485->AFE_RS11035:2148399..2148785	AFE_2397(ACK78875.1)[aa=414;id=1.0000;curCov=1.0000;oldCov=1.0000];AFE_2398(ACK78124.1)[aa=187;id=0.3209;curCov=0.4517;oldCov=0.5974];AFE_2393(ACK79562.1)[aa=99;id=0.3636;curCov=0.2391;oldCov=0.6556];AFE_2400(ACK79933.1)[aa=130;id=0.3538;curCov=0.3140;oldCov=0.4545];AFE_2396(ACK79568.1)[aa=29;id=0.3448;curCov=0.0700;oldCov=0.4915];AFE_2394(ACK78807.1)[aa=62;id=0.3065;curCov=0.1498;oldCov=0.5345]	AFE_2397(ACK78875.1)[id=1.0000;curCov=1.0000;oldCov=1.0000]	AFE_RS11015(WP_012535982.1)=>AFE_2397(ACK78875.1)[bp=1245;aa=414;id=1.0000;curCov=1.0000;oldCov=1.0000];AFE_RS11015(WP_012535982.1)=>AFE_2398(ACK78124.1)[bp=4;aa=187;id=0.3209;curCov=0.4517;oldCov=0.5974]	AFE_0835	ACK79199.1	414	1.0000	1.0000	1.0000	old annotation topology: AFE_2397 overlaps 2 old-RefSeq CDS (not evidence of current split)	原始AFE坐标对应；旧注释拓扑差异/可能merge，按覆盖与多拷贝复核
RU820_RS11075	WP_012535983.1	WP_012535983.1	AFE_RS11020	AFE_RS15745:2138641..2140485->AFE_RS11035:2148399..2148785	AFE_2398(ACK78124.1)[aa=313;id=1.0000;curCov=1.0000;oldCov=1.0000];AFE_2399(ACK80674.1)[aa=143;id=0.3706;curCov=0.4569;oldCov=0.4307];AFE_2397(ACK78875.1)[aa=187;id=0.3209;curCov=0.5974;oldCov=0.4517];AFE_2400(ACK79933.1)[aa=68;id=0.4265;curCov=0.2173;oldCov=0.2378];AFE_2394(ACK78807.1)[aa=42;id=0.3095;curCov=0.1342;oldCov=0.3621];AFE_2393(ACK79562.1)[aa=23;id=0.3913;curCov=0.0735;oldCov=0.1523];AFE_2396(ACK79568.1)[aa=17;id=0.5294;curCov=0.0543;oldCov=0.2881]	AFE_2398(ACK78124.1)[id=1.0000;curCov=1.0000;oldCov=1.0000]	AFE_RS11020(WP_012535983.1)=>AFE_2397(ACK78875.1)[bp=4;aa=187;id=0.3209;curCov=0.5974;oldCov=0.4517];AFE_RS11020(WP_012535983.1)=>AFE_2398(ACK78124.1)[bp=942;aa=313;id=1.0000;curCov=1.0000;oldCov=1.0000];AFE_RS11020(WP_012535983.1)=>AFE_2399(ACK80674.1)[bp=8;aa=143;id=0.3706;curCov=0.4569;oldCov=0.4307]	AFE_0834	ACK80490.1	313	1.0000	1.0000	1.0000	old annotation topology: AFE_2398 overlaps 3 old-RefSeq CDS (not evidence of current split)	原始AFE坐标对应；旧注释拓扑差异/可能merge，按覆盖与多拷贝复核
RU820_RS11080	WP_009561339.1	WP_009561339.1	AFE_RS11025	AFE_RS15745:2138641..2140485->AFE_RS11035:2148399..2148785	AFE_2399(ACK80674.1)[aa=332;id=1.0000;curCov=1.0000;oldCov=1.0000];AFE_2398(ACK78124.1)[aa=143;id=0.3706;curCov=0.4307;oldCov=0.4569];AFE_2400(ACK79933.1)[aa=135;id=0.3185;curCov=0.4066;oldCov=0.4720];AFE_2394(ACK78807.1)[aa=44;id=0.3864;curCov=0.1325;oldCov=0.3793];AFE_2396(ACK79568.1)[aa=16;id=0.5000;curCov=0.0482;oldCov=0.2712]	AFE_2399(ACK80674.1)[id=1.0000;curCov=1.0000;oldCov=1.0000]	AFE_RS11025(WP_009561339.1)=>AFE_2398(ACK78124.1)[bp=8;aa=143;id=0.3706;curCov=0.4307;oldCov=0.4569];AFE_RS11025(WP_009561339.1)=>AFE_2399(ACK80674.1)[bp=999;aa=332;id=1.0000;curCov=1.0000;oldCov=1.0000]	AFE_2399	ACK80674.1	332	1.0000	1.0000	1.0000	old annotation topology: AFE_2399 overlaps 2 old-RefSeq CDS (not evidence of current split)	原始AFE坐标对应；旧注释拓扑差异/可能merge，按覆盖与多拷贝复核
RU820_RS11105	WP_225487687.1	WP_225487687.1	AFE_RS16845	AFE_RS16840:2150915..2151298->AFE_RS11065:2154272..2156701	AFE_2407(ACK78310.1)[aa=35;id=0.3714;curCov=0.2188;oldCov=0.0812];AFE_2404(ACK80142.1)[aa=54;id=0.3519;curCov=0.3375;oldCov=0.4355];AFE_2406(ACK80853.1)[aa=17;id=0.3529;curCov=0.1062;oldCov=0.5000]	AFE_2407(ACK78310.1)[id=0.3714;curCov=0.2188;oldCov=0.0812]	AFE_RS16845(WP_225487687.1)=>AFE_2405(ACK78937.1)[bp=70;aa=45;id=0.2889;curCov=0.2812;oldCov=0.2711]	AFE_2093	ACK79111.1	113	0.9469	0.7063	0.4708	无	旧RefSeq坐标投射命中原始AFE CDS；查看identity及双向coverage
RU820_RS11115	WP_012537173.1	WP_012537173.1	AFE_RS16185	AFE_RS16840:2150915..2151298->AFE_RS11065:2154272..2156701	AFE_2407(ACK78310.1)[aa=20;id=0.3500;curCov=0.3175;oldCov=0.0464]	AFE_2407(ACK78310.1)[id=0.3500;curCov=0.3175;oldCov=0.0464]	无	AFE_2721	ACK78874.1	51	0.3922	0.8095	0.1000	无	无原始AFE坐标投射命中；结合最佳ACK序列覆盖复核
RU820_RS11120	WP_041647442.1	WP_012537174.1	AFE_RS11060	AFE_RS16840:2150915..2151298->AFE_RS11065:2154272..2156701	AFE_2407(ACK78310.1)[aa=431;id=0.9977;curCov=0.9370;oldCov=1.0000];AFE_2404(ACK80142.1)[aa=28;id=0.3929;curCov=0.0609;oldCov=0.2258];AFE_2406(ACK80853.1)[aa=21;id=0.3333;curCov=0.0457;oldCov=0.6176]	AFE_2407(ACK78310.1)[id=0.9977;curCov=0.9370;oldCov=1.0000]	AFE_RS11060(WP_012537174.1)=>AFE_2407(ACK78310.1)[bp=1296;aa=431;id=0.9977;curCov=0.9370;oldCov=1.0000]	AFE_2407	ACK78310.1	431	0.9977	0.9370	1.0000	无	旧RefSeq坐标投射命中原始AFE CDS；查看identity及双向coverage
RU820_RS11140	WP_206382823.1	WP_012537178.1	AFE_RS11080	AFE_RS11075:2157957..2158433->AFE_RS11085:2160776..2161525	AFE_2412(ACK78211.1)[aa=708;id=0.9986;curCov=0.9766;oldCov=1.0000]	AFE_2412(ACK78211.1)[id=0.9986;curCov=0.9766;oldCov=1.0000]	AFE_RS11080(WP_012537178.1)=>AFE_2412(ACK78211.1)[bp=2127;aa=708;id=0.9986;curCov=0.9766;oldCov=1.0000]	AFE_2412	ACK78211.1	708	0.9986	0.9766	1.0000	无	旧RefSeq坐标投射命中原始AFE CDS；查看identity及双向coverage
RU820_RS11160	WP_012537181.1	WP_012537181.1	AFE_RS11100	AFE_RS11095:2161995..2162237->AFE_RS11105:2163294..2164091	no_interval_hit_above_minimum	AFE_2416(ACK80279.1)[id=0.2500;curCov=0.0635;oldCov=0.3636]	AFE_RS11100(WP_012537181.1)=>AFE_2416(ACK80279.1)[bp=44;aa=16;id=0.2500;curCov=0.0635;oldCov=0.3636]	AFE_2380	ACK79889.1	163	0.2699	0.6468	0.7990	无	旧RefSeq坐标投射命中原始AFE CDS；查看identity及双向coverage
RU820_RS11205	WP_012537189.1	WP_012537189.1	AFE_RS11145	AFE_RS11140:2170145..2170357->AFE_RS11150:2170930..2171292	AFE_2426(ACK79545.1)[aa=33;id=1.0000;curCov=0.3235;oldCov=1.0000]	AFE_2426(ACK79545.1)[id=1.0000;curCov=0.3235;oldCov=1.0000]	AFE_RS11145(WP_012537189.1)=>AFE_2426(ACK79545.1)[bp=102;aa=33;id=1.0000;curCov=0.3235;oldCov=1.0000];AFE_RS11145(WP_012537189.1)=>AFE_2427(ACK80063.1)[bp=152;aa=5;id=0.6000;curCov=0.0490;oldCov=0.0926]	AFE_2783	ACK79864.1	102	0.8725	1.0000	1.0000	无	旧RefSeq坐标投射命中原始AFE CDS；查看identity及双向coverage
RU820_RS11230	WP_012606582.1	WP_012606582.1	AFE_RS11170	AFE_RS11165:2172992..2176105->AFE_RS11175:2177651..2179099	AFE_2432(ACK77962.1)[aa=408;id=1.0000;curCov=1.0000;oldCov=1.0000]	AFE_2432(ACK77962.1)[id=1.0000;curCov=1.0000;oldCov=1.0000]	AFE_RS11170(WP_012606582.1)=>AFE_2432(ACK77962.1)[bp=1227;aa=408;id=1.0000;curCov=1.0000;oldCov=1.0000]	AFE_2972	ACK80502.1	408	1.0000	1.0000	1.0000	无	旧RefSeq坐标投射命中原始AFE CDS；查看identity及双向coverage
RU820_RS11275	WP_158303828.1	WP_158303828.1	AFE_RS16615	AFE_RS11205:2184586..2184897->AFE_RS11225:2186589..2187680	AFE_2443(ACK80234.1)[aa=57;id=0.9825;curCov=1.0000;oldCov=0.5481];AFE_2444(ACK79374.1)[aa=23;id=0.3478;curCov=0.4035;oldCov=0.1783]	AFE_2443(ACK80234.1)[id=0.9825;curCov=1.0000;oldCov=0.5481]	AFE_RS16615(WP_158303828.1)=>AFE_2443(ACK80234.1)[bp=174;aa=57;id=0.9825;curCov=1.0000;oldCov=0.5481]	AFE_2443	ACK80234.1	57	0.9825	1.0000	0.5481	无	旧RefSeq坐标投射命中原始AFE CDS；查看identity及双向coverage
RU820_RS11285	WP_009569252.1	WP_009569252.1	AFE_RS11220	AFE_RS11205:2184586..2184897->AFE_RS11225:2186589..2187680	AFE_2443(ACK80234.1)[aa=40;id=0.3250;curCov=0.4545;oldCov=0.3846];AFE_2445(ACK78856.1)[aa=25;id=0.4400;curCov=0.2841;oldCov=0.2688];AFE_2444(ACK79374.1)[aa=24;id=0.3333;curCov=0.2727;oldCov=0.1860]	AFE_2443(ACK80234.1)[id=0.3250;curCov=0.4545;oldCov=0.3846]	无	AFE_2617	ACK79417.1	62	0.3871	0.7045	0.1289	无	无原始AFE坐标投射命中；结合最佳ACK序列覆盖复核
RU820_RS11370	WP_012535937.1	WP_012535937.1	AFE_RS11310	AFE_RS11305:2200415..2200744->AFE_RS11340:2204733..2205356	AFE_2468(ACK79139.1)[aa=110;id=1.0000;curCov=1.0000;oldCov=1.0000];AFE_2471(ACK79350.1)[aa=28;id=0.4286;curCov=0.2545;oldCov=0.1458];AFE_2472(ACK80140.1)[aa=22;id=0.3636;curCov=0.2000;oldCov=0.1279]	AFE_2468(ACK79139.1)[id=1.0000;curCov=1.0000;oldCov=1.0000]	AFE_RS11310(WP_012535937.1)=>AFE_2468(ACK79139.1)[bp=333;aa=110;id=1.0000;curCov=1.0000;oldCov=1.0000];AFE_RS11310(WP_012535937.1)=>AFE_2469(ACK78269.1)[bp=10;aa=13;id=0.4615;curCov=0.1182;oldCov=0.1130]	AFE_2468	ACK79139.1	110	1.0000	1.0000	1.0000	old annotation topology: AFE_2468 overlaps 2 old-RefSeq CDS (not evidence of current split)	原始AFE坐标对应；旧注释拓扑差异/可能merge，按覆盖与多拷贝复核
RU820_RS11375	WP_012535936.1	WP_012535936.1	AFE_RS11315	AFE_RS11305:2200415..2200744->AFE_RS11340:2204733..2205356	AFE_2469(ACK78269.1)[aa=115;id=1.0000;curCov=1.0000;oldCov=1.0000];AFE_2470(ACK79906.1)[aa=74;id=0.3919;curCov=0.6435;oldCov=0.1358];AFE_2472(ACK80140.1)[aa=31;id=0.3548;curCov=0.2696;oldCov=0.1802];AFE_2471(ACK79350.1)[aa=22;id=0.4091;curCov=0.1913;oldCov=0.1146]	AFE_2469(ACK78269.1)[id=1.0000;curCov=1.0000;oldCov=1.0000]	AFE_RS11315(WP_012535936.1)=>AFE_2468(ACK79139.1)[bp=10;aa=13;id=0.4615;curCov=0.1130;oldCov=0.1182];AFE_RS11315(WP_012535936.1)=>AFE_2469(ACK78269.1)[bp=348;aa=115;id=1.0000;curCov=1.0000;oldCov=1.0000]	AFE_2938	ACK80830.1	115	1.0000	1.0000	1.0000	old annotation topology: AFE_2469 overlaps 2 old-RefSeq CDS (not evidence of current split)	原始AFE坐标对应；旧注释拓扑差异/可能merge，按覆盖与多拷贝复核
RU820_RS11380	WP_012535935.1	WP_012535935.1	AFE_RS11320	AFE_RS11305:2200415..2200744->AFE_RS11340:2204733..2205356	AFE_2470(ACK79906.1)[aa=545;id=1.0000;curCov=1.0000;oldCov=1.0000];AFE_2472(ACK80140.1)[aa=72;id=0.3472;curCov=0.1321;oldCov=0.4186];AFE_2469(ACK78269.1)[aa=74;id=0.3919;curCov=0.1358;oldCov=0.6435]	AFE_2470(ACK79906.1)[id=1.0000;curCov=1.0000;oldCov=1.0000]	AFE_RS11320(WP_012535935.1)=>AFE_2470(ACK79906.1)[bp=1638;aa=545;id=1.0000;curCov=1.0000;oldCov=1.0000]	AFE_2470	ACK79906.1	545	1.0000	1.0000	1.0000	无	旧RefSeq坐标投射命中原始AFE CDS；查看identity及双向coverage
RU820_RS11385	WP_012537211.1	WP_012537211.1	AFE_RS15790	AFE_RS11305:2200415..2200744->AFE_RS11340:2204733..2205356	AFE_2471(ACK79350.1)[aa=93;id=1.0000;curCov=1.0000;oldCov=0.4844]	AFE_2471(ACK79350.1)[id=1.0000;curCov=1.0000;oldCov=0.4844]	AFE_RS15790(WP_012537211.1)=>AFE_2471(ACK79350.1)[bp=282;aa=93;id=1.0000;curCov=1.0000;oldCov=0.4844]	AFE_2471	ACK79350.1	93	1.0000	1.0000	0.4844	old annotation topology: AFE_2471 overlaps 2 old-RefSeq CDS (not evidence of current split)	原始AFE坐标对应；旧注释拓扑差异/可能merge，按覆盖与多拷贝复核
RU820_RS11390	WP_012537212.1	WP_012537212.1	AFE_RS11330	AFE_RS11305:2200415..2200744->AFE_RS11340:2204733..2205356	AFE_2470(ACK79906.1)[aa=16;id=0.3750;curCov=0.2162;oldCov=0.0294];AFE_2469(ACK78269.1)[aa=37;id=0.3514;curCov=0.5000;oldCov=0.3217]	AFE_2468(ACK79139.1)[id=0.2821;curCov=0.5270;oldCov=0.3545]	AFE_RS11330(WP_012537212.1)=>AFE_2471(ACK79350.1)[bp=225;aa=8;id=0.5000;curCov=0.1081;oldCov=0.0417]	AFE_2235	ACK78628.1	65	0.8462	0.8784	0.7386	old annotation topology: AFE_2471 overlaps 2 old-RefSeq CDS (not evidence of current split)	原始AFE坐标对应；旧注释拓扑差异/可能merge，按覆盖与多拷贝复核
RU820_RS11395	WP_009569773.1	WP_009569773.1	AFE_RS11335	AFE_RS11305:2200415..2200744->AFE_RS11340:2204733..2205356	AFE_2472(ACK80140.1)[aa=74;id=1.0000;curCov=1.0000;oldCov=0.4302];AFE_2469(ACK78269.1)[aa=31;id=0.3548;curCov=0.4189;oldCov=0.2696];AFE_2468(ACK79139.1)[aa=22;id=0.3636;curCov=0.2973;oldCov=0.2000]	AFE_2472(ACK80140.1)[id=1.0000;curCov=1.0000;oldCov=0.4302]	AFE_RS11335(WP_009569773.1)=>AFE_2472(ACK80140.1)[bp=225;aa=74;id=1.0000;curCov=1.0000;oldCov=0.4302]	AFE_2472	ACK80140.1	74	1.0000	1.0000	0.4302	old annotation topology: AFE_2472 overlaps 3 old-RefSeq CDS (not evidence of current split)	原始AFE坐标对应；旧注释拓扑差异/可能merge，按覆盖与多拷贝复核
RU820_RS11400	WP_009569774.1	WP_009569774.1	AFE_RS16385	AFE_RS11305:2200415..2200744->AFE_RS11340:2204733..2205356	AFE_2468(ACK79139.1)[aa=25;id=0.4000;curCov=0.4545;oldCov=0.2273];AFE_2471(ACK79350.1)[aa=37;id=0.3514;curCov=0.6727;oldCov=0.1927];AFE_2470(ACK79906.1)[aa=24;id=0.5000;curCov=0.4364;oldCov=0.0440]	AFE_2468(ACK79139.1)[id=0.4000;curCov=0.4545;oldCov=0.2273]	AFE_RS16385(WP_009569774.1)=>AFE_2472(ACK80140.1)[bp=168;aa=7;id=0.5714;curCov=0.1273;oldCov=0.0407];AFE_RS16385(WP_009569774.1)=>AFE_2473(ACK80904.1)[bp=4;aa=10;id=0.7000;curCov=0.1818;oldCov=0.0483]	AFE_2327	ACK79040.1	31	0.3871	0.5636	0.0366	old annotation topology: AFE_2472 overlaps 3 old-RefSeq CDS (not evidence of current split)	原始AFE坐标对应；旧注释拓扑差异/可能merge，按覆盖与多拷贝复核
RU820_RS11460	WP_306670511.1	WP_009568515.1	AFE_RS15810	AFE_RS11375:2214192..2216270->AFE_RS11385:2217632..2218063	AFE_2485(ACK79836.1)[aa=54;id=0.9815;curCov=1.0000;oldCov=0.9153]	AFE_2485(ACK79836.1)[id=0.9815;curCov=1.0000;oldCov=0.9153]	AFE_RS15810(WP_009568515.1)=>AFE_2485(ACK79836.1)[bp=180;aa=54;id=0.9815;curCov=1.0000;oldCov=0.9153]	AFE_2485	ACK79836.1	54	0.9815	1.0000	0.9153	无	旧RefSeq坐标投射命中原始AFE CDS；查看identity及双向coverage
RU820_RS11480	WP_257246328.1	WP_257246328.1	AFE_RS16960	AFE_RS11395:2218391..2218579->AFE_RS11400:2219274..2219465	no_interval_hit_above_minimum	AFE_2489(ACK79500.1)[id=0.5556;curCov=0.2250;oldCov=0.1034]	AFE_RS16960(WP_257246328.1)=>AFE_2489(ACK79500.1)[bp=110;aa=9;id=0.5556;curCov=0.2250;oldCov=0.1034]	AFE_1490	ACK79995.1	35	0.5429	0.8750	0.1070	无	旧RefSeq坐标投射命中原始AFE CDS；查看identity及双向coverage
RU820_RS11515	WP_229129738.1	WP_229129738.1	AFE_RS11430	AFE_RS11425:2222232..2222498->AFE_RS11440:2223385..2224002	AFE_2496(ACK78749.1)[aa=30;id=0.3667;curCov=0.2521;oldCov=0.2206];AFE_2497(ACK80537.1)[aa=18;id=0.3333;curCov=0.1513;oldCov=0.1731]	AFE_2496(ACK78749.1)[id=0.3667;curCov=0.2521;oldCov=0.2206]	无	AFE_0099	ACK80049.1	115	0.7565	0.9664	0.7770	无	无原始AFE坐标投射命中；结合最佳ACK序列覆盖复核
RU820_RS11525	WP_009563471.1	WP_009563471.1	AFE_RS11445	AFE_RS11440:2223385..2224002->AFE_RS11460:2227266..2228342	AFE_2502(ACK80581.1)[aa=28;id=0.3929;curCov=0.3373;oldCov=0.0582];AFE_2499(ACK77840.1)[aa=21;id=0.4286;curCov=0.2530;oldCov=0.4118];AFE_2500(ACK80072.1)[aa=34;id=0.3235;curCov=0.4096;oldCov=0.6800];AFE_2501(ACK78752.1)[aa=19;id=0.4211;curCov=0.2289;oldCov=0.1387]	AFE_2502(ACK80581.1)[id=0.3929;curCov=0.3373;oldCov=0.0582]	无	AFE_2492	ACK80808.1	80	0.4750	0.9639	0.8000	无	无原始AFE坐标投射命中；结合最佳ACK序列覆盖复核
RU820_RS11530	WP_148208626.1	WP_148208626.1	AFE_RS16210	AFE_RS11440:2223385..2224002->AFE_RS11460:2227266..2228342	AFE_2502(ACK80581.1)[aa=282;id=1.0000;curCov=1.0000;oldCov=0.5863];AFE_2501(ACK78752.1)[aa=44;id=0.3864;curCov=0.1560;oldCov=0.3212];AFE_2500(ACK80072.1)[aa=29;id=0.3448;curCov=0.1028;oldCov=0.5800];AFE_2499(ACK77840.1)[aa=29;id=0.3793;curCov=0.1028;oldCov=0.5686]	AFE_2502(ACK80581.1)[id=1.0000;curCov=1.0000;oldCov=0.5863]	AFE_RS16210(WP_148208626.1)=>AFE_2502(ACK80581.1)[bp=849;aa=282;id=1.0000;curCov=1.0000;oldCov=0.5863]	AFE_2502	ACK80581.1	282	1.0000	1.0000	0.5863	old annotation topology: AFE_2502 overlaps 2 old-RefSeq CDS (not evidence of current split)	原始AFE坐标对应；旧注释拓扑差异/可能merge，按覆盖与多拷贝复核
RU820_RS11625	WP_012537242.1	WP_225487193.1	AFE_RS11555	AFE_RS11550:2246054..2246353->AFE_RS11560:2247316..2248068	AFE_2526(ACK79721.1)[aa=290;id=1.0000;curCov=1.0000;oldCov=1.0000]	AFE_2526(ACK79721.1)[id=1.0000;curCov=1.0000;oldCov=1.0000]	AFE_RS11555(WP_225487193.1)=>AFE_2526(ACK79721.1)[bp=861;aa=290;id=1.0000;curCov=1.0000;oldCov=1.0000];AFE_RS11555(WP_225487193.1)=>AFE_2528(ACK80894.1)[bp=8;aa=139;id=0.3453;curCov=0.4793;oldCov=0.5560]	AFE_2526	ACK79721.1	290	1.0000	1.0000	1.0000	old annotation topology: AFE_2526 overlaps 2 old-RefSeq CDS (not evidence of current split)	原始AFE坐标对应；旧注释拓扑差异/可能merge，按覆盖与多拷贝复核
RU820_RS11685	WP_009563398.1	WP_009563398.1	AFE_RS11615	AFE_RS11610:2257171..2257572->AFE_RS11620:2258077..2258457	no_interval_hit_above_minimum	AFE_2538(ACK78738.1)[id=0.2340;curCov=0.4393;oldCov=0.3852]	无	AFE_2505	ACK80275.1	48	0.2917	0.4486	0.0767	无	无原始AFE坐标投射命中；结合最佳ACK序列覆盖复核
RU820_RS11805	WP_206382850.1	WP_009567487.1	AFE_RS11735	AFE_RS11730:2276058..2276567->AFE_RS11740:2277892..2278731	AFE_2562(ACK80562.1)[aa=346;id=0.9942;curCov=1.0000;oldCov=0.9943]	AFE_2562(ACK80562.1)[id=0.9942;curCov=1.0000;oldCov=0.9943]	AFE_RS11735(WP_009567487.1)=>AFE_2562(ACK80562.1)[bp=1044;aa=346;id=0.9942;curCov=1.0000;oldCov=0.9943]	AFE_2562	ACK80562.1	346	0.9942	1.0000	0.9943	无	旧RefSeq坐标投射命中原始AFE CDS；查看identity及双向coverage
RU820_RS11825	WP_012537260.1	WP_012607471.1	AFE_RS11755	AFE_RS11750:2279201..2281009->AFE_RS11760:2282251..2283417	AFE_2566(ACK78723.1)[aa=363;id=1.0000;curCov=0.9973;oldCov=0.9007]	AFE_2566(ACK78723.1)[id=1.0000;curCov=0.9973;oldCov=0.9007]	AFE_RS11755(WP_012607471.1)=>AFE_2565(ACK80139.1)[bp=4;aa=270;id=0.3222;curCov=0.7418;oldCov=0.4485];AFE_RS11755(WP_012607471.1)=>AFE_2566(ACK78723.1)[bp=1212;aa=363;id=1.0000;curCov=0.9973;oldCov=0.9007]	AFE_2566	ACK78723.1	363	1.0000	0.9973	0.9007	old annotation topology: AFE_2566 overlaps 2 old-RefSeq CDS (not evidence of current split)	原始AFE坐标对应；旧注释拓扑差异/可能merge，按覆盖与多拷贝复核
RU820_RS11835	WP_012537262.1	WP_012537262.1	AFE_RS11765	AFE_RS11760:2282251..2283417->AFE_RS11770:2283973..2284611	AFE_2568(ACK78987.1)[aa=25;id=0.3600;curCov=0.2841;oldCov=0.1562]	AFE_2568(ACK78987.1)[id=0.3600;curCov=0.2841;oldCov=0.1562]	AFE_RS11765(WP_012537262.1)=>AFE_2568(ACK78987.1)[bp=253;aa=25;id=0.3600;curCov=0.2841;oldCov=0.1562];AFE_RS11765(WP_012537262.1)=>AFE_2569(ACK80153.1)[bp=4;aa=56;id=0.2857;curCov=0.6364;oldCov=0.2642]	AFE_1206	ACK78542.1	82	0.4024	0.9318	0.0718	无	旧RefSeq坐标投射命中原始AFE CDS；查看identity及双向coverage
RU820_RS11925	WP_009567612.1	WP_009567612.1	AFE_RS11855	AFE_RS11850:2298112..2299464->AFE_RS11860:2300182..2300883	AFE_2587(ACK78593.1)[aa=100;id=1.0000;curCov=1.0000;oldCov=0.6369]	AFE_2587(ACK78593.1)[id=1.0000;curCov=1.0000;oldCov=0.6369]	AFE_RS11855(WP_009567612.1)=>AFE_2587(ACK78593.1)[bp=303;aa=100;id=1.0000;curCov=1.0000;oldCov=0.6369]	AFE_2587	ACK78593.1	100	1.0000	1.0000	0.6369	无	旧RefSeq坐标投射命中原始AFE CDS；查看identity及双向coverage
RU820_RS11935	WP_009567610.1	WP_009567610.1	AFE_RS11865	AFE_RS11860:2300182..2300883->AFE_RS11870:2301397..2301951	no_interval_hit_above_minimum	none	AFE_RS11865(WP_009567610.1)=>AFE_2589(ACK80200.1)[bp=11;aa=50;id=0.3600;curCov=0.2551;oldCov=0.2717]	AFE_2762	ACK77976.1	142	0.3310	0.7245	0.2355	无	旧RefSeq坐标投射命中原始AFE CDS；查看identity及双向coverage
RU820_RS11980	WP_012537283.1	WP_012537283.1	AFE_RS11910	AFE_RS11905:2306274..2307593->AFE_RS11930:2310953..2311564	AFE_2599(ACK77945.1)[aa=128;id=1.0000;curCov=1.0000;oldCov=1.0000]	AFE_2599(ACK77945.1)[id=1.0000;curCov=1.0000;oldCov=1.0000]	AFE_RS11910(WP_012537283.1)=>AFE_2599(ACK77945.1)[bp=387;aa=128;id=1.0000;curCov=1.0000;oldCov=1.0000]	AFE_3116	ACK79359.1	128	1.0000	1.0000	1.0000	无	旧RefSeq坐标投射命中原始AFE CDS；查看identity及双向coverage
RU820_RS11985	WP_009566820.1	WP_009566820.1	AFE_RS11915	AFE_RS11905:2306274..2307593->AFE_RS11930:2310953..2311564	AFE_2600(ACK80127.1)[aa=76;id=1.0000;curCov=1.0000;oldCov=1.0000];AFE_2601(ACK79733.1)[aa=26;id=0.4231;curCov=0.3421;oldCov=0.0686];AFE_2602(ACK80931.1)[aa=29;id=0.3103;curCov=0.3816;oldCov=0.3118]	AFE_2600(ACK80127.1)[id=1.0000;curCov=1.0000;oldCov=1.0000]	AFE_RS11915(WP_009566820.1)=>AFE_2600(ACK80127.1)[bp=231;aa=76;id=1.0000;curCov=1.0000;oldCov=1.0000]	AFE_2600	ACK80127.1	76	1.0000	1.0000	1.0000	无	旧RefSeq坐标投射命中原始AFE CDS；查看identity及双向coverage
RU820_RS11990	WP_009566821.1	WP_009566821.1	AFE_RS11920	AFE_RS11905:2306274..2307593->AFE_RS11930:2310953..2311564	AFE_2601(ACK79733.1)[aa=379;id=1.0000;curCov=1.0000;oldCov=1.0000];AFE_2602(ACK80931.1)[aa=32;id=0.4375;curCov=0.0844;oldCov=0.3441];AFE_2600(ACK80127.1)[aa=26;id=0.4231;curCov=0.0686;oldCov=0.3421]	AFE_2601(ACK79733.1)[id=1.0000;curCov=1.0000;oldCov=1.0000]	AFE_RS11920(WP_009566821.1)=>AFE_2601(ACK79733.1)[bp=1140;aa=379;id=1.0000;curCov=1.0000;oldCov=1.0000]	AFE_3118	ACK80497.1	379	1.0000	1.0000	1.0000	无	旧RefSeq坐标投射命中原始AFE CDS；查看identity及双向coverage
RU820_RS11995	WP_012537284.1	WP_012537284.1	AFE_RS11925	AFE_RS11905:2306274..2307593->AFE_RS11930:2310953..2311564	AFE_2601(ACK79733.1)[aa=63;id=0.3492;curCov=0.3029;oldCov=0.1662]	AFE_2601(ACK79733.1)[id=0.3492;curCov=0.3029;oldCov=0.1662]	无	AFE_2931	ACK80018.1	143	0.3497	0.6875	0.1265	无	无原始AFE坐标投射命中；结合最佳ACK序列覆盖复核
RU820_RS12005	WP_009568826.1	WP_009568826.1	AFE_RS16390	AFE_RS11930:2310953..2311564->AFE_RS11935:2311957..2312856	no_interval_hit_above_minimum	none	无	AFE_2935	ACK79569.1	27	0.4074	0.5294	0.0337	无	无原始AFE坐标投射命中；结合最佳ACK序列覆盖复核
RU820_RS12030	WP_215905525.1	WP_012537288.1	AFE_RS16215	AFE_RS11950:2315128..2315580->AFE_RS11960:2315864..2318263	AFE_2608(ACK80928.1)[aa=89;id=1.0000;curCov=1.0000;oldCov=0.8990]	AFE_2608(ACK80928.1)[id=1.0000;curCov=1.0000;oldCov=0.8990]	AFE_RS16215(WP_012537288.1)=>AFE_2607(ACK78976.1)[bp=26;aa=18;id=0.4444;curCov=0.2022;oldCov=0.1200];AFE_RS16215(WP_012537288.1)=>AFE_2608(ACK80928.1)[bp=300;aa=89;id=1.0000;curCov=1.0000;oldCov=0.8990]	AFE_2608	ACK80928.1	89	1.0000	1.0000	0.8990	old annotation topology: AFE_2608 overlaps 2 old-RefSeq CDS (not evidence of current split)	原始AFE坐标对应；旧注释拓扑差异/可能merge，按覆盖与多拷贝复核
RU820_RS12055	WP_012607480.1	WP_012537293.1	AFE_RS11980	AFE_RS11975:2319694..2319891->AFE_RS11985:2320436..2322370	AFE_2613(ACK80655.1)[aa=172;id=1.0000;curCov=1.0000;oldCov=1.0000]	AFE_2613(ACK80655.1)[id=1.0000;curCov=1.0000;oldCov=1.0000]	AFE_RS11980(WP_012537293.1)=>AFE_2613(ACK80655.1)[bp=501;aa=172;id=1.0000;curCov=1.0000;oldCov=1.0000]	AFE_2613	ACK80655.1	172	1.0000	1.0000	1.0000	无	旧RefSeq坐标投射命中原始AFE CDS；查看identity及双向coverage
RU820_RS12215	WP_230959335.1	WP_230959335.1	AFE_RS17120	AFE_RS12135:2351189..2351941->AFE_RS16400:2352321..2352608	no_interval_hit_above_minimum	none	无	AFE_1707	ACK78420.1	28	0.4286	0.6364	0.0265	无	无原始AFE坐标投射命中；结合最佳ACK序列覆盖复核
RU820_RS12225	WP_012537313.1	WP_012537313.1	AFE_RS12150	AFE_RS16400:2352321..2352608->AFE_RS12155:2354638..2355072	no_interval_hit_above_minimum	AFE_2646(ACK78108.1)[id=0.5000;curCov=0.1311;oldCov=0.0988]	无	AFE_1878	ACK79729.1	50	0.3800	0.8197	0.0487	无	无原始AFE坐标投射命中；结合最佳ACK序列覆盖复核
RU820_RS12235	WP_012537315.1	WP_012537315.1	AFE_RS12160	AFE_RS12155:2354638..2355072->AFE_RS12165:2355887..2356981	no_interval_hit_above_minimum	AFE_2650(ACK79316.1)[id=0.2500;curCov=0.2581;oldCov=0.5926]	无	AFE_0421	ACK79566.1	99	0.3232	0.7984	0.1618	无	无原始AFE坐标投射命中；结合最佳ACK序列覆盖复核
RU820_RS12270	WP_012537319.1	WP_012537319.1	AFE_RS12190	AFE_RS16965:2360635..2360760->AFE_RS12195:2361174..2361476	no_interval_hit_above_minimum	none	AFE_RS12190(WP_012537319.1)=>AFE_2658(ACK79506.1)[bp=32;aa=30;id=0.3000;curCov=0.4478;oldCov=0.3000]	AFE_1503	ACK78782.1	50	0.3600	0.7463	0.0929	无	旧RefSeq坐标投射命中原始AFE CDS；查看identity及双向coverage
RU820_RS12395	WP_012607497.1	WP_012537331.1	AFE_RS12315	AFE_RS12310:2385104..2387065->AFE_RS12320:2389905..2390459	AFE_2684(ACK79222.1)[aa=706;id=1.0000;curCov=1.0000;oldCov=1.0000]	AFE_2684(ACK79222.1)[id=1.0000;curCov=1.0000;oldCov=1.0000]	AFE_RS12315(WP_012537331.1)=>AFE_2684(ACK79222.1)[bp=2121;aa=706;id=1.0000;curCov=1.0000;oldCov=1.0000]	AFE_2684	ACK79222.1	706	1.0000	1.0000	1.0000	无	旧RefSeq坐标投射命中原始AFE CDS；查看identity及双向coverage
RU820_RS12425	WP_423365052.1	WP_225487197.1	AFE_RS12345	AFE_RS12340:2392997..2393827->AFE_RS12350:2395736..2397133	AFE_2690(ACK78482.1)[aa=598;id=1.0000;curCov=0.9315;oldCov=1.0000];AFE_2691(ACK78363.1)[aa=18;id=0.5000;curCov=0.0280;oldCov=0.3750]	AFE_2690(ACK78482.1)[id=1.0000;curCov=0.9315;oldCov=1.0000]	AFE_RS12345(WP_225487197.1)=>AFE_2689(ACK79975.1)[bp=8;aa=147;id=0.4082;curCov=0.2290;oldCov=0.5568];AFE_RS12345(WP_225487197.1)=>AFE_2690(ACK78482.1)[bp=1797;aa=598;id=1.0000;curCov=0.9315;oldCov=1.0000];AFE_RS12345(WP_225487197.1)=>AFE_2691(ACK78363.1)[bp=95;aa=18;id=0.5000;curCov=0.0280;oldCov=0.3750]	AFE_2690	ACK78482.1	598	1.0000	0.9315	1.0000	old annotation topology: AFE_2690 overlaps 2 old-RefSeq CDS (not evidence of current split);old annotation topology: AFE_2691 overlaps 2 old-RefSeq CDS (not evidence of current split)	原始AFE坐标对应；旧注释拓扑差异/可能merge，按覆盖与多拷贝复核
RU820_RS12475	WP_423365055.1	WP_012607505.1	AFE_RS12395	AFE_RS12390:2405729..2406670->AFE_RS12400:2407998..2409227	AFE_2702(ACK78546.1)[aa=444;id=0.9977;curCov=1.0000;oldCov=1.0000]	AFE_2702(ACK78546.1)[id=0.9977;curCov=1.0000;oldCov=1.0000]	AFE_RS12395(WP_012607505.1)=>AFE_2701(ACK78884.1)[bp=4;aa=61;id=0.3279;curCov=0.1374;oldCov=0.1949];AFE_RS12395(WP_012607505.1)=>AFE_2702(ACK78546.1)[bp=1335;aa=444;id=0.9977;curCov=1.0000;oldCov=1.0000];AFE_RS12395(WP_012607505.1)=>AFE_2703(ACK79427.1)[bp=4;aa=236;id=0.3008;curCov=0.5315;oldCov=0.5770]	AFE_2702	ACK78546.1	444	0.9977	1.0000	1.0000	old annotation topology: AFE_2702 overlaps 3 old-RefSeq CDS (not evidence of current split)	原始AFE坐标对应；旧注释拓扑差异/可能merge，按覆盖与多拷贝复核
RU820_RS12510	WP_012606582.1	WP_012606582.1	AFE_RS02585;AFE_RS05215;AFE_RS05380;AFE_RS05990;AFE_RS11170;AFE_RS12425;AFE_RS13635;AFE_RS14955	AFE_RS12430:2414427..2414606->AFE_RS12440:2416116..2416568	AFE_2711(ACK78469.1)[aa=29;id=0.4828;curCov=0.0711;oldCov=0.0753]	AFE_2711(ACK78469.1)[id=0.4828;curCov=0.0711;oldCov=0.0753]	AFE_RS02585(WP_012606582.1)=>AFE_0550(ACK78827.1)[bp=1227;aa=408;id=1.0000;curCov=1.0000;oldCov=1.0000];AFE_RS05215(WP_012606582.1)=>AFE_1110(ACK78329.1)[bp=1227;aa=408;id=1.0000;curCov=1.0000;oldCov=1.0000];AFE_RS05380(WP_012606582.1)=>AFE_1142(ACK79585.1)[bp=1227;aa=408;id=1.0000;curCov=1.0000;oldCov=1.0000];AFE_RS05990(WP_012606582.1)=>AFE_1265(ACK80266.1)[bp=1227;aa=408;id=1.0000;curCov=1.0000;oldCov=1.0000];AFE_RS11170(WP_012606582.1)=>AFE_2432(ACK77962.1)[bp=1227;aa=408;id=1.0000;curCov=1.0000;oldCov=1.0000];AFE_RS12425(WP_012606582.1)=>AFE_2709(ACK79916.1)[bp=1227;aa=408;id=1.0000;curCov=1.0000;oldCov=1.0000];AFE_RS13635(WP_012606582.1)=>AFE_2972(ACK80502.1)[bp=1227;aa=408;id=1.0000;curCov=1.0000;oldCov=1.0000];AFE_RS14955(WP_012606582.1)=>AFE_3263(ACK79267.1)[bp=1227;aa=408;id=1.0000;curCov=1.0000;oldCov=1.0000]	AFE_2972	ACK80502.1	408	1.0000	1.0000	1.0000	possible current/old annotation merge: substantial sequence support at 8 original AFE loci	原始AFE坐标对应；旧注释拓扑差异/可能merge，按覆盖与多拷贝复核
RU820_RS12515	WP_009567547.1	WP_009567547.1	AFE_RS12435	AFE_RS12430:2414427..2414606->AFE_RS12440:2416116..2416568	AFE_2711(ACK78469.1)[aa=67;id=0.3881;curCov=0.3964;oldCov=0.1740]	AFE_2711(ACK78469.1)[id=0.3881;curCov=0.3964;oldCov=0.1740]	无	AFE_2687	ACK78570.1	151	0.4305	0.8935	0.7744	无	无原始AFE坐标投射命中；结合最佳ACK序列覆盖复核
RU820_RS12585	WP_012537357.1	WP_236608966.1	AFE_RS12505	AFE_RS12500:2427404..2427856->AFE_RS12510:2429353..2429700	no_interval_hit_above_minimum	none	无	AFE_0662	ACK80919.1	237	0.3038	0.6031	0.3866	无	无原始AFE坐标投射命中；结合最佳ACK序列覆盖复核
RU820_RS12810	WP_009566528.1	WP_009566528.1	AFE_RS16410	AFE_RS12720:2462775..2463686->AFE_RS12725:2464251..2464538	no_interval_hit_above_minimum	none	无	AFE_0098	ACK80940.1	26	0.3462	0.5200	0.0346	无	无原始AFE坐标投射命中；结合最佳ACK序列覆盖复核
RU820_RS12825	WP_012537379.1	WP_012537379.1	AFE_RS16235	AFE_RS12730:2464656..2464895->AFE_RS12740:2465564..2466445	no_interval_hit_above_minimum	AFE_2772(ACK78829.1)[id=0.5455;curCov=0.1236;oldCov=0.1310]	无	AFE_2028	ACK79797.1	85	0.2706	0.9551	0.1061	无	无原始AFE坐标投射命中；结合最佳ACK序列覆盖复核
RU820_RS12855	WP_009561617.1	WP_012606790.1	AFE_RS05065	AFE_RS12760:2469780..2470400->AFE_RS12765:2470925..2472949	AFE_2778(ACK80900.1)[aa=92;id=1.0000;curCov=1.0000;oldCov=0.9200]	AFE_2778(ACK80900.1)[id=1.0000;curCov=1.0000;oldCov=0.9200]	AFE_RS05065(WP_012606790.1)=>AFE_1079(ACK80241.1)[bp=4;aa=50;id=0.3200;curCov=0.5435;oldCov=0.2451];AFE_RS05065(WP_012606790.1)=>AFE_1080(ACK78017.1)[bp=1173;aa=57;id=0.3158;curCov=0.6196;oldCov=0.1462];AFE_RS05065(WP_012606790.1)=>AFE_1081(ACK79095.1)[bp=4;aa=69;id=0.2899;curCov=0.7500;oldCov=0.1271]	AFE_2778	ACK80900.1	92	1.0000	1.0000	0.9200	old annotation topology: AFE_1080 overlaps 3 old-RefSeq CDS (not evidence of current split)	原始AFE坐标对应；旧注释拓扑差异/可能merge，按覆盖与多拷贝复核
RU820_RS12910	WP_012537388.1	WP_012537388.1	AFE_RS12815	AFE_RS12810:2480037..2483105->AFE_RS12820:2483875..2485182	no_interval_hit_above_minimum	none	AFE_RS12815(WP_012537388.1)=>AFE_2790(ACK78777.1)[bp=4;aa=100;id=0.2900;curCov=0.3831;oldCov=0.0978];AFE_RS12815(WP_012537388.1)=>AFE_2791(ACK80477.1)[bp=13;aa=41;id=0.3171;curCov=0.1571;oldCov=0.0981]	AFE_2790	ACK78777.1	100	0.2900	0.3831	0.0978	无	旧RefSeq坐标投射命中原始AFE CDS；查看identity及双向coverage
RU820_RS12925	WP_009565339.1	WP_009565339.1	AFE_RS12830	AFE_RS12825:2485271..2485492->AFE_RS12835:2485818..2487395	no_interval_hit_above_minimum	none	无	AFE_1226	ACK77944.1	31	0.5161	0.3523	0.0354	无	无原始AFE坐标投射命中；结合最佳ACK序列覆盖复核
RU820_RS12940	WP_080513214.1	WP_080513214.1	AFE_RS17130	AFE_RS12840:2487461..2487904->AFE_RS12845:2488606..2489286	no_interval_hit_above_minimum	AFE_2795(ACK77959.1)[id=0.2941;curCov=0.1753;oldCov=0.5000]	无	AFE_3192	ACK78579.1	48	0.2917	0.4948	0.0639	无	无原始AFE坐标投射命中；结合最佳ACK序列覆盖复核
RU820_RS13025	WP_226850049.1	WP_012537407.1	AFE_RS12925	AFE_RS12920:2498521..2499861->AFE_RS12930:2500594..2501952	AFE_2816(ACK78177.1)[aa=125;id=1.0000;curCov=1.0000;oldCov=0.8562]	AFE_2816(ACK78177.1)[id=1.0000;curCov=1.0000;oldCov=0.8562]	AFE_RS12925(WP_012537407.1)=>AFE_2816(ACK78177.1)[bp=441;aa=125;id=1.0000;curCov=1.0000;oldCov=0.8562]	AFE_2816	ACK78177.1	125	1.0000	1.0000	0.8562	无	旧RefSeq坐标投射命中原始AFE CDS；查看identity及双向coverage
RU820_RS13050	WP_009562433.1	WP_236608967.1	AFE_RS16860	AFE_RS12945:2504518..2504964->AFE_RS12955:2505931..2506209	AFE_2821(ACK79720.1)[aa=193;id=0.9948;curCov=0.6349;oldCov=1.0000];AFE_2822(ACK78612.1)[aa=109;id=0.9908;curCov=0.3586;oldCov=0.9237]	AFE_2821(ACK79720.1)[id=0.9948;curCov=0.6349;oldCov=1.0000]	AFE_RS16860(WP_236608967.1)=>AFE_2821(ACK79720.1)[bp=582;aa=193;id=0.9948;curCov=0.6349;oldCov=1.0000];AFE_RS16860(WP_236608967.1)=>AFE_2822(ACK78612.1)[bp=34;aa=109;id=0.9908;curCov=0.3586;oldCov=0.9237]	AFE_2821	ACK79720.1	193	0.9948	0.6349	1.0000	old annotation topology: AFE_2821 overlaps 2 old-RefSeq CDS (not evidence of current split)	原始AFE坐标对应；旧注释拓扑差异/可能merge，按覆盖与多拷贝复核
RU820_RS13090	WP_012537416.1	WP_012537416.1	AFE_RS15830	AFE_RS12985:2511765..2512598->AFE_RS12995:2513281..2515320	AFE_2830(ACK78544.1)[aa=142;id=1.0000;curCov=0.6174;oldCov=1.0000]	AFE_2830(ACK78544.1)[id=1.0000;curCov=0.6174;oldCov=1.0000]	AFE_RS15830(WP_012537416.1)=>AFE_2830(ACK78544.1)[bp=429;aa=142;id=1.0000;curCov=0.6174;oldCov=1.0000]	AFE_2830	ACK78544.1	142	1.0000	0.6174	1.0000	old annotation topology: AFE_2830 overlaps 2 old-RefSeq CDS (not evidence of current split)	原始AFE坐标对应；旧注释拓扑差异/可能merge，按覆盖与多拷贝复核
RU820_RS13170	WP_009564657.1	WP_009564657.1	AFE_RS13075	AFE_RS13070:2530095..2532899->AFE_RS13080:2533634..2534503	AFE_2846(ACK78685.1)[aa=117;id=0.3504;curCov=0.6359;oldCov=0.4756]	AFE_2846(ACK78685.1)[id=0.3504;curCov=0.6359;oldCov=0.4756]	无	AFE_3068	ACK79015.1	134	0.3731	0.7283	0.1363	无	无原始AFE坐标投射命中；结合最佳ACK序列覆盖复核
RU820_RS13295	WP_148208627.1	WP_148208627.1	AFE_RS16245	AFE_RS13195:2553045..2553407->AFE_RS15840:2555628..2556551	AFE_2873(ACK80631.1)[aa=22;id=0.3182;curCov=0.1438;oldCov=0.3548]	AFE_2874(ACK79940.1)[id=0.4000;curCov=0.0654;oldCov=0.2857]	无	AFE_1868	ACK78330.1	110	0.2909	0.7190	0.5366	无	无原始AFE坐标投射命中；结合最佳ACK序列覆盖复核
RU820_RS13300	WP_146235846.1	WP_146235846.1	AFE_RS16250	AFE_RS13195:2553045..2553407->AFE_RS15840:2555628..2556551	AFE_2874(ACK79940.1)[aa=20;id=0.4000;curCov=0.1449;oldCov=0.5714];AFE_2873(ACK80631.1)[aa=18;id=0.3333;curCov=0.1304;oldCov=0.2903]	AFE_2874(ACK79940.1)[id=0.4000;curCov=0.1449;oldCov=0.5714]	无	AFE_2431	ACK78631.1	82	0.3659	0.5942	0.0791	无	无原始AFE坐标投射命中；结合最佳ACK序列覆盖复核
RU820_RS13305	WP_041646608.1	WP_041646608.1	AFE_RS16630	AFE_RS13195:2553045..2553407->AFE_RS15840:2555628..2556551	AFE_2873(ACK80631.1)[aa=24;id=0.3333;curCov=0.1805;oldCov=0.3871]	AFE_2873(ACK80631.1)[id=0.3333;curCov=0.1805;oldCov=0.3871]	无	AFE_1889	ACK79361.1	64	0.4062	0.4812	0.1485	无	无原始AFE坐标投射命中；结合最佳ACK序列覆盖复核
RU820_RS13320	WP_245451231.1	WP_245451231.1	AFE_RS17015	AFE_RS13205:2556664..2557287->AFE_RS13210:2558152..2560263	no_interval_hit_above_minimum	AFE_2878(ACK78322.1)[id=0.7143;curCov=0.2258;oldCov=0.1842]	无	AFE_2568	ACK78987.1	20	0.7000	0.6452	0.1250	无	无原始AFE坐标投射命中；结合最佳ACK序列覆盖复核
RU820_RS13340	WP_009566804.1	WP_009566804.1	AFE_RS17135	AFE_RS13220:2561031..2561708->AFE_RS13230:2562800..2563726	no_interval_hit_above_minimum	none	无	AFE_3068	ACK79015.1	35	0.4571	0.7000	0.0356	无	无原始AFE坐标投射命中；结合最佳ACK序列覆盖复核
RU820_RS13345	WP_012537449.1	WP_012537449.1	AFE_RS15395	AFE_RS13220:2561031..2561708->AFE_RS13230:2562800..2563726	no_interval_hit_above_minimum	none	无	AFE_1461	ACK78726.1	47	0.2979	0.4947	0.0403	无	无原始AFE坐标投射命中；结合最佳ACK序列覆盖复核
RU820_RS13405	WP_411763108.1	WP_012537458.1	AFE_RS13270	AFE_RS13265:2567803..2568153->AFE_RS13275:2570109..2570432	AFE_2893(ACK79038.1)[aa=76;id=1.0000;curCov=1.0000;oldCov=0.1226]	AFE_2893(ACK79038.1)[id=1.0000;curCov=1.0000;oldCov=0.1226]	AFE_RS13270(WP_012537458.1)=>AFE_2893(ACK79038.1)[bp=1863;aa=76;id=1.0000;curCov=1.0000;oldCov=0.1226]	AFE_2893	ACK79038.1	76	1.0000	1.0000	0.1226	无	旧RefSeq坐标投射命中原始AFE CDS；查看identity及双向coverage
RU820_RS13610	WP_012535935.1	WP_012535935.1	AFE_RS11320	AFE_RS13470:2623588..2625240->AFE_RS13490:2627701..2628435	AFE_2938(ACK80830.1)[aa=74;id=0.3919;curCov=0.1358;oldCov=0.6435]	AFE_2938(ACK80830.1)[id=0.3919;curCov=0.1358;oldCov=0.6435]	AFE_RS11320(WP_012535935.1)=>AFE_2470(ACK79906.1)[bp=1638;aa=545;id=1.0000;curCov=1.0000;oldCov=1.0000]	AFE_2470	ACK79906.1	545	1.0000	1.0000	1.0000	无	旧RefSeq坐标投射命中原始AFE CDS；查看identity及双向coverage
RU820_RS13615	WP_012535936.1	WP_012535936.1	AFE_RS13480	AFE_RS13470:2623588..2625240->AFE_RS13490:2627701..2628435	AFE_2938(ACK80830.1)[aa=115;id=1.0000;curCov=1.0000;oldCov=1.0000]	AFE_2938(ACK80830.1)[id=1.0000;curCov=1.0000;oldCov=1.0000]	AFE_RS13480(WP_012535936.1)=>AFE_2938(ACK80830.1)[bp=348;aa=115;id=1.0000;curCov=1.0000;oldCov=1.0000];AFE_RS13480(WP_012535936.1)=>AFE_2939(ACK78353.1)[bp=10;aa=13;id=0.4615;curCov=0.1130;oldCov=0.1182]	AFE_2938	ACK80830.1	115	1.0000	1.0000	1.0000	old annotation topology: AFE_2938 overlaps 2 old-RefSeq CDS (not evidence of current split)	原始AFE坐标对应；旧注释拓扑差异/可能merge，按覆盖与多拷贝复核
RU820_RS13620	WP_012535937.1	WP_012535937.1	AFE_RS13485	AFE_RS13470:2623588..2625240->AFE_RS13490:2627701..2628435	AFE_2939(ACK78353.1)[aa=110;id=1.0000;curCov=1.0000;oldCov=1.0000]	AFE_2939(ACK78353.1)[id=1.0000;curCov=1.0000;oldCov=1.0000]	AFE_RS13485(WP_012535937.1)=>AFE_2938(ACK80830.1)[bp=10;aa=13;id=0.4615;curCov=0.1182;oldCov=0.1130];AFE_RS13485(WP_012535937.1)=>AFE_2939(ACK78353.1)[bp=333;aa=110;id=1.0000;curCov=1.0000;oldCov=1.0000]	AFE_2468	ACK79139.1	110	1.0000	1.0000	1.0000	old annotation topology: AFE_2939 overlaps 2 old-RefSeq CDS (not evidence of current split)	原始AFE坐标对应；旧注释拓扑差异/可能merge，按覆盖与多拷贝复核
RU820_RS13635	WP_012537487.1	WP_012537487.1	AFE_RS13500	AFE_RS13495:2628629..2629207->AFE_RS13505:2630001..2632577	no_interval_hit_above_minimum	AFE_2943(ACK79531.1)[id=0.2632;curCov=0.4691;oldCov=0.4043]	无	AFE_2948	ACK80555.1	41	0.4878	0.5062	0.1881	无	无原始AFE坐标投射命中；结合最佳ACK序列覆盖复核
RU820_RS13645	WP_012537490.1	WP_012537490.1	AFE_RS16420	AFE_RS13505:2630001..2632577->AFE_RS13510:2632726..2633151	no_interval_hit_above_minimum	none	无	AFE_1396	ACK80869.1	33	0.4545	0.6346	0.0689	无	无原始AFE坐标投射命中；结合最佳ACK序列覆盖复核
RU820_RS13715	WP_012537501.1	WP_012537501.1	AFE_RS13575	AFE_RS13570:2641481..2643001->AFE_RS13580:2643724..2644005	no_interval_hit_above_minimum	AFE_2958(ACK79821.1)[id=0.2308;curCov=0.5132;oldCov=0.1848]	无	AFE_0015	ACK80607.1	46	0.4130	0.6053	0.0541	无	无原始AFE坐标投射命中；结合最佳ACK序列覆盖复核
RU820_RS13780	WP_012606582.1	WP_012606582.1	AFE_RS13635	AFE_RS13630:2659712..2661526->AFE_RS13640:2663141..2663998	AFE_2972(ACK80502.1)[aa=408;id=1.0000;curCov=1.0000;oldCov=1.0000]	AFE_2972(ACK80502.1)[id=1.0000;curCov=1.0000;oldCov=1.0000]	AFE_RS13635(WP_012606582.1)=>AFE_2972(ACK80502.1)[bp=1227;aa=408;id=1.0000;curCov=1.0000;oldCov=1.0000]	AFE_2972	ACK80502.1	408	1.0000	1.0000	1.0000	无	旧RefSeq坐标投射命中原始AFE CDS；查看identity及双向coverage
RU820_RS13790	WP_012537513.1	WP_230456317.1	AFE_RS13645	AFE_RS13640:2663141..2663998->AFE_RS13650:2665792..2666985	AFE_2974(ACK80056.1)[aa=585;id=1.0000;curCov=1.0000;oldCov=1.0000]	AFE_2974(ACK80056.1)[id=1.0000;curCov=1.0000;oldCov=1.0000]	AFE_RS13645(WP_230456317.1)=>AFE_2974(ACK80056.1)[bp=1581;aa=585;id=1.0000;curCov=1.0000;oldCov=1.0000]	AFE_2974	ACK80056.1	585	1.0000	1.0000	1.0000	old annotation topology: AFE_2974 overlaps 2 old-RefSeq CDS (not evidence of current split)	原始AFE坐标对应；旧注释拓扑差异/可能merge，按覆盖与多拷贝复核
RU820_RS13805	WP_012537516.1	WP_012537516.1	AFE_RS16265	AFE_RS13655:2666999..2668168->AFE_RS13665:2669358..2670116	AFE_2977(ACK78758.1)[aa=33;id=0.3636;curCov=0.6600;oldCov=0.0973]	AFE_2977(ACK78758.1)[id=0.3636;curCov=0.6600;oldCov=0.0973]	AFE_RS16265(WP_012537516.1)=>AFE_2976(ACK79029.1)[bp=4;aa=44;id=0.2727;curCov=0.8800;oldCov=0.1131];AFE_RS16265(WP_012537516.1)=>AFE_2977(ACK78758.1)[bp=4;aa=33;id=0.3636;curCov=0.6600;oldCov=0.0973]	AFE_3291	ACK78053.1	37	0.5946	0.7400	0.1259	无	旧RefSeq坐标投射命中原始AFE CDS；查看identity及双向coverage
RU820_RS13810	WP_206382953.1	WP_012537517.1	AFE_RS13660	AFE_RS13655:2666999..2668168->AFE_RS13665:2669358..2670116	AFE_2977(ACK78758.1)[aa=328;id=1.0000;curCov=1.0000;oldCov=0.9676]	AFE_2977(ACK78758.1)[id=1.0000;curCov=1.0000;oldCov=0.9676]	AFE_RS13660(WP_012537517.1)=>AFE_2977(ACK78758.1)[bp=1020;aa=328;id=1.0000;curCov=1.0000;oldCov=0.9676]	AFE_2977	ACK78758.1	328	1.0000	1.0000	0.9676	old annotation topology: AFE_2977 overlaps 2 old-RefSeq CDS (not evidence of current split)	原始AFE坐标对应；旧注释拓扑差异/可能merge，按覆盖与多拷贝复核
RU820_RS13815	WP_012607185.1	WP_012607185.1	AFE_RS15660	AFE_RS13655:2666999..2668168->AFE_RS13665:2669358..2670116	no_interval_hit_above_minimum	AFE_2977(ACK78758.1)[id=0.2890;curCov=0.4826;oldCov=0.7758]	AFE_RS15660(WP_012607185.1)=>AFE_1706(ACK80306.1)[bp=1638;aa=545;id=1.0000;curCov=1.0000;oldCov=1.0000]	AFE_1706	ACK80306.1	545	1.0000	1.0000	1.0000	无	旧RefSeq坐标投射命中原始AFE CDS；查看identity及双向coverage
RU820_RS13820	WP_009569019.1	WP_009569019.1	AFE_RS07945	AFE_RS13655:2666999..2668168->AFE_RS13665:2669358..2670116	AFE_2977(ACK78758.1)[aa=80;id=0.3875;curCov=0.6957;oldCov=0.2360]	AFE_2977(ACK78758.1)[id=0.3875;curCov=0.6957;oldCov=0.2360]	AFE_RS07945(WP_009569019.1)=>AFE_1708(ACK79393.1)[bp=348;aa=115;id=1.0000;curCov=1.0000;oldCov=1.0000];AFE_RS07945(WP_009569019.1)=>AFE_1709(ACK80340.1)[bp=10;aa=13;id=0.4615;curCov=0.1130;oldCov=0.1182]	AFE_1708	ACK79393.1	115	1.0000	1.0000	1.0000	old annotation topology: AFE_1708 overlaps 2 old-RefSeq CDS (not evidence of current split)	原始AFE坐标对应；旧注释拓扑差异/可能merge，按覆盖与多拷贝复核
RU820_RS13825	WP_012536651.1	WP_012536651.1	AFE_RS07950	AFE_RS13655:2666999..2668168->AFE_RS13665:2669358..2670116	no_interval_hit_above_minimum	AFE_2977(ACK78758.1)[id=0.2642;curCov=0.4818;oldCov=0.1563]	AFE_RS07950(WP_012536651.1)=>AFE_1708(ACK79393.1)[bp=10;aa=13;id=0.4615;curCov=0.1182;oldCov=0.1130];AFE_RS07950(WP_012536651.1)=>AFE_1709(ACK80340.1)[bp=333;aa=110;id=1.0000;curCov=1.0000;oldCov=1.0000]	AFE_1709	ACK80340.1	110	1.0000	1.0000	1.0000	old annotation topology: AFE_1709 overlaps 2 old-RefSeq CDS (not evidence of current split)	原始AFE坐标对应；旧注释拓扑差异/可能merge，按覆盖与多拷贝复核
RU820_RS14070	WP_012537557.1	WP_012537557.1	AFE_RS13890	AFE_RS13885:2721063..2722049->AFE_RS13895:2722369..2722824	no_interval_hit_above_minimum	none	无	AFE_2905	ACK79086.1	65	0.4154	0.7065	0.1335	无	无原始AFE坐标投射命中；结合最佳ACK序列覆盖复核
RU820_RS14245	WP_420807563.1	WP_012537577.1	AFE_RS14060	AFE_RS14055:2753656..2754816->AFE_RS14065:2755513..2758464	AFE_3067(ACK79307.1)[aa=113;id=0.9912;curCov=1.0000;oldCov=0.9113]	AFE_3067(ACK79307.1)[id=0.9912;curCov=1.0000;oldCov=0.9113]	AFE_RS14060(WP_012537577.1)=>AFE_3067(ACK79307.1)[bp=375;aa=113;id=0.9912;curCov=1.0000;oldCov=0.9113]	AFE_3067	ACK79307.1	113	0.9912	1.0000	0.9113	无	旧RefSeq坐标投射命中原始AFE CDS；查看identity及双向coverage
RU820_RS14290	WP_229129811.1	WP_226833942.1	AFE_RS14105	AFE_RS14100:2763339..2763767->AFE_RS14115:2765188..2765400	AFE_3076(ACK80965.1)[aa=134;id=0.9925;curCov=1.0000;oldCov=0.8171];AFE_3077(ACK79216.1)[aa=43;id=0.3953;curCov=0.3209;oldCov=0.4574]	AFE_3076(ACK80965.1)[id=0.9925;curCov=1.0000;oldCov=0.8171]	AFE_RS14105(WP_226833942.1)=>AFE_3076(ACK80965.1)[bp=411;aa=134;id=0.9925;curCov=1.0000;oldCov=0.8171]	AFE_3076	ACK80965.1	134	0.9925	1.0000	0.8171	无	旧RefSeq坐标投射命中原始AFE CDS；查看identity及双向coverage
RU820_RS14295	WP_012537585.1	WP_012537585.1	AFE_RS14110	AFE_RS14100:2763339..2763767->AFE_RS14115:2765188..2765400	no_interval_hit_above_minimum	AFE_3076(ACK80965.1)[id=0.2750;curCov=0.2778;oldCov=0.2439]	无	AFE_1371	ACK79312.1	49	0.3469	0.3403	0.0355	无	无原始AFE坐标投射命中；结合最佳ACK序列覆盖复核
RU820_RS14410	WP_009566502.1	WP_009566502.1	AFE_RS14225	AFE_RS14220:2787906..2788838->AFE_RS14230:2789156..2789824	no_interval_hit_above_minimum	none	AFE_RS14225(WP_009566502.1)=>AFE_3103(ACK78325.1)[bp=4;aa=38;id=0.3158;curCov=0.3878;oldCov=0.1712]	AFE_2851	ACK79946.1	29	0.5517	0.2959	0.0721	无	旧RefSeq坐标投射命中原始AFE CDS；查看identity及双向coverage
RU820_RS14475	WP_012537283.1	WP_012537283.1	AFE_RS14280	AFE_RS14275:2802475..2802960->AFE_RS14305:2806719..2807033	AFE_3116(ACK79359.1)[aa=128;id=1.0000;curCov=1.0000;oldCov=1.0000]	AFE_3116(ACK79359.1)[id=1.0000;curCov=1.0000;oldCov=1.0000]	AFE_RS14280(WP_012537283.1)=>AFE_3116(ACK79359.1)[bp=387;aa=128;id=1.0000;curCov=1.0000;oldCov=1.0000]	AFE_3116	ACK79359.1	128	1.0000	1.0000	1.0000	无	旧RefSeq坐标投射命中原始AFE CDS；查看identity及双向coverage
RU820_RS14480	WP_009566820.1	WP_009566820.1	AFE_RS14285	AFE_RS14275:2802475..2802960->AFE_RS14305:2806719..2807033	AFE_3117(ACK78641.1)[aa=76;id=1.0000;curCov=1.0000;oldCov=1.0000];AFE_3118(ACK80497.1)[aa=26;id=0.4231;curCov=0.3421;oldCov=0.0686];AFE_3119(ACK79186.1)[aa=16;id=0.4375;curCov=0.2105;oldCov=0.1333]	AFE_3117(ACK78641.1)[id=1.0000;curCov=1.0000;oldCov=1.0000]	AFE_RS14285(WP_009566820.1)=>AFE_3117(ACK78641.1)[bp=231;aa=76;id=1.0000;curCov=1.0000;oldCov=1.0000]	AFE_2600	ACK80127.1	76	1.0000	1.0000	1.0000	无	旧RefSeq坐标投射命中原始AFE CDS；查看identity及双向coverage
RU820_RS14485	WP_009566821.1	WP_009566821.1	AFE_RS14290	AFE_RS14275:2802475..2802960->AFE_RS14305:2806719..2807033	AFE_3118(ACK80497.1)[aa=379;id=1.0000;curCov=1.0000;oldCov=1.0000];AFE_3117(ACK78641.1)[aa=26;id=0.4231;curCov=0.0686;oldCov=0.3421]	AFE_3118(ACK80497.1)[id=1.0000;curCov=1.0000;oldCov=1.0000]	AFE_RS14290(WP_009566821.1)=>AFE_3118(ACK80497.1)[bp=1140;aa=379;id=1.0000;curCov=1.0000;oldCov=1.0000]	AFE_3118	ACK80497.1	379	1.0000	1.0000	1.0000	无	旧RefSeq坐标投射命中原始AFE CDS；查看identity及双向coverage
RU820_RS14490	WP_012537284.1	WP_012537284.1	AFE_RS14295	AFE_RS14275:2802475..2802960->AFE_RS14305:2806719..2807033	AFE_3118(ACK80497.1)[aa=63;id=0.3492;curCov=0.3029;oldCov=0.1662]	AFE_3118(ACK80497.1)[id=0.3492;curCov=0.3029;oldCov=0.1662]	无	AFE_2931	ACK80018.1	143	0.3497	0.6875	0.1265	无	无原始AFE坐标投射命中；结合最佳ACK序列覆盖复核
RU820_RS14495	WP_230456318.1	WP_225981880.1	AFE_RS14300	AFE_RS14275:2802475..2802960->AFE_RS14305:2806719..2807033	AFE_3116(ACK79359.1)[aa=41;id=0.3415;curCov=0.5256;oldCov=0.3203];AFE_3118(ACK80497.1)[aa=20;id=0.3500;curCov=0.2564;oldCov=0.0528]	AFE_3116(ACK79359.1)[id=0.3415;curCov=0.5256;oldCov=0.3203]	无	AFE_3261	ACK79394.1	28	0.5000	0.3590	0.1647	无	无原始AFE坐标投射命中；结合最佳ACK序列覆盖复核
RU820_RS14565	WP_012535937.1	WP_012535937.1	AFE_RS11310;AFE_RS13485	AFE_RS14370:2820227..2820631->AFE_RS14380:2822969..2823529	no_interval_hit_above_minimum	AFE_3136(ACK79144.1)[id=0.2979;curCov=0.4273;oldCov=0.1127]	AFE_RS11310(WP_012535937.1)=>AFE_2468(ACK79139.1)[bp=333;aa=110;id=1.0000;curCov=1.0000;oldCov=1.0000];AFE_RS11310(WP_012535937.1)=>AFE_2469(ACK78269.1)[bp=10;aa=13;id=0.4615;curCov=0.1182;oldCov=0.1130];AFE_RS13485(WP_012535937.1)=>AFE_2938(ACK80830.1)[bp=10;aa=13;id=0.4615;curCov=0.1182;oldCov=0.1130];AFE_RS13485(WP_012535937.1)=>AFE_2939(ACK78353.1)[bp=333;aa=110;id=1.0000;curCov=1.0000;oldCov=1.0000]	AFE_2468	ACK79139.1	110	1.0000	1.0000	1.0000	old annotation topology: AFE_2468 overlaps 2 old-RefSeq CDS (not evidence of current split);old annotation topology: AFE_2939 overlaps 2 old-RefSeq CDS (not evidence of current split);possible current/old annotation merge: substantial sequence support at 2 original AFE loci	原始AFE坐标对应；旧注释拓扑差异/可能merge，按覆盖与多拷贝复核
RU820_RS14570	WP_012535936.1	WP_012535936.1	AFE_RS11315;AFE_RS13480	AFE_RS14370:2820227..2820631->AFE_RS14380:2822969..2823529	AFE_3136(ACK79144.1)[aa=52;id=0.3846;curCov=0.4522;oldCov=0.1247]	AFE_3136(ACK79144.1)[id=0.3846;curCov=0.4522;oldCov=0.1247]	AFE_RS11315(WP_012535936.1)=>AFE_2468(ACK79139.1)[bp=10;aa=13;id=0.4615;curCov=0.1130;oldCov=0.1182];AFE_RS11315(WP_012535936.1)=>AFE_2469(ACK78269.1)[bp=348;aa=115;id=1.0000;curCov=1.0000;oldCov=1.0000];AFE_RS13480(WP_012535936.1)=>AFE_2938(ACK80830.1)[bp=348;aa=115;id=1.0000;curCov=1.0000;oldCov=1.0000];AFE_RS13480(WP_012535936.1)=>AFE_2939(ACK78353.1)[bp=10;aa=13;id=0.4615;curCov=0.1130;oldCov=0.1182]	AFE_2938	ACK80830.1	115	1.0000	1.0000	1.0000	old annotation topology: AFE_2469 overlaps 2 old-RefSeq CDS (not evidence of current split);old annotation topology: AFE_2938 overlaps 2 old-RefSeq CDS (not evidence of current split);possible current/old annotation merge: substantial sequence support at 2 original AFE loci	原始AFE坐标对应；旧注释拓扑差异/可能merge，按覆盖与多拷贝复核
RU820_RS14575	WP_012535935.1	WP_012535935.1	AFE_RS11320	AFE_RS14370:2820227..2820631->AFE_RS14380:2822969..2823529	AFE_3136(ACK79144.1)[aa=116;id=0.3190;curCov=0.2128;oldCov=0.2782]	AFE_3136(ACK79144.1)[id=0.3190;curCov=0.2128;oldCov=0.2782]	AFE_RS11320(WP_012535935.1)=>AFE_2470(ACK79906.1)[bp=1638;aa=545;id=1.0000;curCov=1.0000;oldCov=1.0000]	AFE_2470	ACK79906.1	545	1.0000	1.0000	1.0000	无	旧RefSeq坐标投射命中原始AFE CDS；查看identity及双向coverage
RU820_RS14580	WP_423365160.1	WP_012537615.1	AFE_RS14375	AFE_RS14370:2820227..2820631->AFE_RS14380:2822969..2823529	AFE_3136(ACK79144.1)[aa=417;id=0.9976;curCov=0.9835;oldCov=1.0000]	AFE_3136(ACK79144.1)[id=0.9976;curCov=0.9835;oldCov=1.0000]	AFE_RS14375(WP_012537615.1)=>AFE_3136(ACK79144.1)[bp=1254;aa=417;id=0.9976;curCov=0.9835;oldCov=1.0000]	AFE_3136	ACK79144.1	417	0.9976	0.9835	1.0000	无	旧RefSeq坐标投射命中原始AFE CDS；查看identity及双向coverage
RU820_RS14610	WP_012536251.1	WP_012536251.1	AFE_RS14405	AFE_RS14400:2825443..2826636->AFE_RS14410:2827616..2828569	AFE_3143(ACK80568.1)[aa=314;id=1.0000;curCov=1.0000;oldCov=1.0000]	AFE_3143(ACK80568.1)[id=1.0000;curCov=1.0000;oldCov=1.0000]	AFE_RS14405(WP_012536251.1)=>AFE_3143(ACK80568.1)[bp=945;aa=314;id=1.0000;curCov=1.0000;oldCov=1.0000]	AFE_3143	ACK80568.1	314	1.0000	1.0000	1.0000	无	旧RefSeq坐标投射命中原始AFE CDS；查看identity及双向coverage
RU820_RS14625	WP_012537623.1	WP_012537623.1	AFE_RS16555	AFE_RS14415:2828862..2829425->AFE_RS14420:2830028..2830582	no_interval_hit_above_minimum	AFE_3147(ACK78613.1)[id=0.2500;curCov=0.5217;oldCov=0.3750]	无	AFE_2821	ACK79720.1	29	0.4138	0.6304	0.1503	无	无原始AFE坐标投射命中；结合最佳ACK序列覆盖复核
RU820_RS14670	WP_146235849.1	WP_146235849.1	AFE_RS16285	AFE_RS14455:2837552..2838664->AFE_RS17140:2839388..2839744	no_interval_hit_above_minimum	AFE_3156(ACK79276.1)[id=0.2889;curCov=0.3169;oldCov=0.6164]	无	AFE_3027	ACK80447.1	115	0.2957	0.8099	0.6319	无	无原始AFE坐标投射命中；结合最佳ACK序列覆盖复核
RU820_RS14755	WP_012537638.1	WP_225487348.1	AFE_RS14530	AFE_RS14525:2850264..2850662->AFE_RS14545:2853048..2853968	AFE_3173(ACK77910.1)[aa=141;id=1.0000;curCov=1.0000;oldCov=1.0000]	AFE_3173(ACK77910.1)[id=1.0000;curCov=1.0000;oldCov=1.0000]	AFE_RS14530(WP_225487348.1)=>AFE_3173(ACK77910.1)[bp=411;aa=141;id=1.0000;curCov=1.0000;oldCov=1.0000]	AFE_3173	ACK77910.1	141	1.0000	1.0000	1.0000	old annotation topology: AFE_3173 overlaps 2 old-RefSeq CDS (not evidence of current split)	原始AFE坐标对应；旧注释拓扑差异/可能merge，按覆盖与多拷贝复核
RU820_RS14760	WP_012537639.1	WP_012537639.1	AFE_RS14535	AFE_RS14525:2850264..2850662->AFE_RS14545:2853048..2853968	AFE_3174(ACK78646.1)[aa=86;id=1.0000;curCov=1.0000;oldCov=0.5150];AFE_3173(ACK77910.1)[aa=28;id=0.3214;curCov=0.3256;oldCov=0.1986]	AFE_3174(ACK78646.1)[id=1.0000;curCov=1.0000;oldCov=0.5150]	AFE_RS14535(WP_012537639.1)=>AFE_3173(ACK77910.1)[bp=11;aa=28;id=0.3214;curCov=0.3256;oldCov=0.1986];AFE_RS14535(WP_012537639.1)=>AFE_3174(ACK78646.1)[bp=261;aa=86;id=1.0000;curCov=1.0000;oldCov=0.5150]	AFE_3174	ACK78646.1	86	1.0000	1.0000	0.5150	无	旧RefSeq坐标投射命中原始AFE CDS；查看identity及双向coverage
RU820_RS14765	WP_012537640.1	WP_012537640.1	AFE_RS14540	AFE_RS14525:2850264..2850662->AFE_RS14545:2853048..2853968	AFE_3173(ACK77910.1)[aa=69;id=0.3043;curCov=0.2456;oldCov=0.4894];AFE_3174(ACK78646.1)[aa=54;id=0.3148;curCov=0.1922;oldCov=0.3234]	AFE_3173(ACK77910.1)[id=0.3043;curCov=0.2456;oldCov=0.4894]	无	AFE_2419	ACK78517.1	216	0.2546	0.7687	0.4399	无	无原始AFE坐标投射命中；结合最佳ACK序列覆盖复核
RU820_RS14805	WP_012536826.1	WP_012536826.1	AFE_RS14580	AFE_RS16435:2856858..2857016->AFE_RS14600:2861419..2862336	AFE_3183(ACK78067.1)[aa=342;id=1.0000;curCov=1.0000;oldCov=1.0000]	AFE_3183(ACK78067.1)[id=1.0000;curCov=1.0000;oldCov=1.0000]	AFE_RS14580(WP_012536826.1)=>AFE_3183(ACK78067.1)[bp=1029;aa=342;id=1.0000;curCov=1.0000;oldCov=1.0000]	AFE_1895	ACK78997.1	342	1.0000	1.0000	1.0000	无	旧RefSeq坐标投射命中原始AFE CDS；查看identity及双向coverage
RU820_RS14820	WP_041646670.1	WP_041646670.1	AFE_RS14595	AFE_RS16435:2856858..2857016->AFE_RS14600:2861419..2862336	AFE_3183(ACK78067.1)[aa=24;id=0.3333;curCov=0.2449;oldCov=0.0702]	AFE_3183(ACK78067.1)[id=0.3333;curCov=0.2449;oldCov=0.0702]	无	AFE_0071	ACK80334.1	64	0.4531	0.6531	0.3333	无	无原始AFE坐标投射命中；结合最佳ACK序列覆盖复核
RU820_RS14870	WP_423365169.1	WP_009568474.1	AFE_RS14650	AFE_RS14635:2873220..2874431->AFE_RS14655:2879602..2881767	AFE_3197(ACK79872.1)[aa=400;id=0.9825;curCov=1.0000;oldCov=0.7260];AFE_3196(ACK79912.1)[aa=315;id=0.3206;curCov=0.7875;oldCov=0.5172];AFE_3195(ACK78822.1)[aa=110;id=0.3455;curCov=0.2750;oldCov=0.2026]	AFE_3197(ACK79872.1)[id=0.9825;curCov=1.0000;oldCov=0.7260]	AFE_RS14650(WP_009568474.1)=>AFE_3197(ACK79872.1)[bp=1656;aa=400;id=0.9825;curCov=1.0000;oldCov=0.7260];AFE_RS14650(WP_009568474.1)=>AFE_3198(ACK79296.1)[bp=17;aa=323;id=0.3065;curCov=0.8075;oldCov=0.4480]	AFE_3197	ACK79872.1	400	0.9825	1.0000	0.7260	old annotation topology: AFE_3197 overlaps 2 old-RefSeq CDS (not evidence of current split)	原始AFE坐标对应；旧注释拓扑差异/可能merge，按覆盖与多拷贝复核
RU820_RS14970	WP_012537664.1	WP_428947137.1	AFE_RS14750	AFE_RS14745:2897724..2898266->AFE_RS14755:2898964..2899899	AFE_3217(ACK79847.1)[aa=180;id=1.0000;curCov=1.0000;oldCov=1.0000]	AFE_3217(ACK79847.1)[id=1.0000;curCov=1.0000;oldCov=1.0000]	AFE_RS14750(WP_428947137.1)=>AFE_3217(ACK79847.1)[bp=543;aa=180;id=1.0000;curCov=1.0000;oldCov=1.0000]	AFE_3217	ACK79847.1	180	1.0000	1.0000	1.0000	无	旧RefSeq坐标投射命中原始AFE CDS；查看identity及双向coverage
RU820_RS15015	WP_080513205.1	WP_080513205.1	AFE_RS17160	AFE_RS14790:2905785..2906462->AFE_RS14795:2907212..2909518	AFE_3228(ACK77954.1)[aa=29;id=0.4828;curCov=0.3118;oldCov=0.4915]	AFE_3228(ACK77954.1)[id=0.4828;curCov=0.3118;oldCov=0.4915]	无	AFE_1699	ACK77894.1	58	0.5172	0.6237	0.0695	无	无原始AFE坐标投射命中；结合最佳ACK序列覆盖复核
RU820_RS15180	WP_012606582.1	WP_012606582.1	AFE_RS14955	AFE_RS14950:2937596..2940706->AFE_RS14960:2942256..2943389	AFE_3263(ACK79267.1)[aa=408;id=1.0000;curCov=1.0000;oldCov=1.0000]	AFE_3263(ACK79267.1)[id=1.0000;curCov=1.0000;oldCov=1.0000]	AFE_RS14955(WP_012606582.1)=>AFE_3263(ACK79267.1)[bp=1227;aa=408;id=1.0000;curCov=1.0000;oldCov=1.0000]	AFE_2972	ACK80502.1	408	1.0000	1.0000	1.0000	无	旧RefSeq坐标投射命中原始AFE CDS；查看identity及双向coverage
RU820_RS15200	WP_012607661.1	WP_236608969.1	AFE_RS14975	AFE_RS14970:2945466..2945909->AFE_RS14980:2946413..2946844	AFE_3268(ACK79936.1)[aa=97;id=1.0000;curCov=1.0000;oldCov=1.0000]	AFE_3268(ACK79936.1)[id=1.0000;curCov=1.0000;oldCov=1.0000]	AFE_RS14975(WP_236608969.1)=>AFE_3268(ACK79936.1)[bp=294;aa=97;id=1.0000;curCov=1.0000;oldCov=1.0000]	AFE_3268	ACK79936.1	97	1.0000	1.0000	1.0000	无	旧RefSeq坐标投射命中原始AFE CDS；查看identity及双向coverage
RU820_RS15215	WP_146235850.1	WP_146235850.1	AFE_RS16295	AFE_RS14985:2947141..2948676->AFE_RS14995:2950761..2951315	AFE_3272(ACK78857.1)[aa=23;id=0.3043;curCov=0.2371;oldCov=0.2500]	AFE_3271(ACK78209.1)[id=0.2558;curCov=0.4433;oldCov=0.6719]	无	AFE_2740	ACK78703.1	62	0.2581	0.6392	0.1025	无	无原始AFE坐标投射命中；结合最佳ACK序列覆盖复核
RU820_RS15220	WP_080513206.1	WP_080513206.1	AFE_RS15905	AFE_RS14985:2947141..2948676->AFE_RS14995:2950761..2951315	AFE_3271(ACK78209.1)[aa=17;id=0.3529;curCov=0.1164;oldCov=0.2656]	AFE_3271(ACK78209.1)[id=0.3529;curCov=0.1164;oldCov=0.2656]	无	AFE_1049	ACK79231.1	27	0.4815	0.1849	0.3375	无	无原始AFE坐标投射命中；结合最佳ACK序列覆盖复核
RU820_RS15225	WP_009566868.1	WP_009566868.1	AFE_RS14990	AFE_RS14985:2947141..2948676->AFE_RS14995:2950761..2951315	no_interval_hit_above_minimum	AFE_3271(ACK78209.1)[id=0.3846;curCov=0.1806;oldCov=0.2031]	无	AFE_2206	ACK80651.1	37	0.5135	0.5139	0.1345	无	无原始AFE坐标投射命中；结合最佳ACK序列覆盖复核
RU820_RS15350	WP_225487350.1	WP_012607668.1	AFE_RS15115	AFE_RS15110:2970883..2972259->AFE_RS15120:2972934..2973926	AFE_3297(ACK80844.1)[aa=194;id=1.0000;curCov=1.0000;oldCov=0.8435]	AFE_3297(ACK80844.1)[id=1.0000;curCov=1.0000;oldCov=0.8435]	AFE_RS15115(WP_012607668.1)=>AFE_3297(ACK80844.1)[bp=693;aa=194;id=1.0000;curCov=1.0000;oldCov=0.8435];AFE_RS15115(WP_012607668.1)=>AFE_3298(ACK77984.1)[bp=32;aa=55;id=0.3273;curCov=0.2835;oldCov=0.1667]	AFE_3297	ACK80844.1	194	1.0000	1.0000	0.8435	old annotation topology: AFE_3297 overlaps 2 old-RefSeq CDS (not evidence of current split)	原始AFE坐标对应；旧注释拓扑差异/可能merge，按覆盖与多拷贝复核
