transport	cap	reaction_id	name	equation	flux	subsystem	GPR	confidence
T0	0.1	Ex_fe2[e]	fe2+ exchange	fe2[e] -> 	-185.747703	Exchange		
T0	0.1	Ex_fe3[e]	fe3+ exchange	fe3[e] -> 	185.738627	Exchange		
T0	0.1	Htex	h transport	h[p] -> h[e]	-175.403762	Transport, Outer Membrane Porin		1
T0	0.1	Ex_h[e]	h+ exchange	h[e] -> 	-175.403762	Exchange		
T0	0.1	H2Otex	h2o transport	h2o[e] -> h2o[p]	-93.127589	Transport, Outer Membrane Porin		1
T0	0.1	H2Otpp	h2o transport (citoplasm)	h2o[p] -> h2o[c]	-93.127589	Transport, Inner Membrane		1
T0	0.1	Ex_h2o[e]	h2o exchange	h2o[e] -> 	93.127589	Exchange		
T0	0.1	CYT2	cytochrome c/rusticyanin complex	2 fe2[e] + rust[p] -> 2 fe3[e] + rustred[p]	92.871582	Oxidative Phosphorylation	(AFE_3153)	3
T0	0.1	CYTAA31	cytochrome c oxidase, aa3-type	cytccr[p] + 2 h[c] + 0.5 o2[c] -> cytcco[p] + h2o[c]	87.647466	Oxidative Phosphorylation	(AFE_3149 and AFE_3150 and AFE_3148 and AFE_3147)	3
T0	0.1	CYT1	cytochrome c552/rusticyanin complex	cytcco[p] + rustred[p] -> cytccr[p] + rust[p]	87.647466	Oxidative Phosphorylation	(AFE_3152 and AFE_3146)	3
T0	0.1	O2tex	o2 transport	o2[e] -> o2[p]	43.833944	Transport, Outer Membrane Porin		1
T0	0.1	O2tpp	o2 transport (citoplasm)	o2[p] -> o2[c]	43.833944	Transport, Inner Membrane		1
T0	0.1	Ex_o2[e]	o2 exchange	o2[e] -> 	-43.833944	Exchange		
T0	0.1	ATPS5rpp	ATP synthase (five protons for one ATP) (periplasm)	adp[c] + 5 h[p] + pi[c] -> atp[c] + h2o[c] + 4 h[c]	24.23306	Oxidative Phosphorylation	(AFE_3205 and AFE_3209 and AFE_3202 and AFE_3203 and AFE_3208 and AFE_3207 and AFE_3204 and AFE_3206)	3
T0	0.1	NADHI	NADH dehydrogenase (ubiquinone-8 & 5 protons) (periplasm)	5 h[p] + nad[c] + q8h2[c] -> 6 h[c] + nadh[c] + q8[c]	5.569995	Oxidative Phosphorylation	(AFE_2630 and AFE_2629 and AFE_2628 and AFE_2627 and AFE_2626 and AFE_2625 and AFE_2624 and AFE_2623 and AFE_2622 and AFE_2621 and AFE_2620 and AFE_2619 and AFE_2618 and AFE_2617)	3
T0	0.1	CYTBC1	cytochrome oxidase bc1 (5 protons) (periplasm)	cytcAr[p] + 5 h[p] + q8[c] -> cytcAo[p] + 5 h[c] + q8h2[c]	5.224116	Oxidative Phosphorylation	((AFE_3108 and AFE_3109 and AFE_3110 and AFE_3111) or (AFE_2729 and AFE_2730 and AFE_2731))	3
T0	0.1	CYTA2	cytochrome c4/rusticyanin complex	cytcAo[p] + rustred[p] -> cytcAr[p] + rust[p]	5.224116	Oxidative Phosphorylation	(AFE_3107 and AFE_3146)	3
T0	0.1	GAPD1	glyceraldehyde-3-phosphate dehydrogenase	13dpg[c] + h[c] + nadh[c] -> g3p[c] + nad[c] + pi[c]	3.663911	(Glycolysis/Gluconeogenesis) or (Calvin-Benson-Bassham Cycle)	AFE_3251	2
T0	0.1	PGK	phosphoglycerate kinase	3pg[c] + atp[c] -> 13dpg[c] + adp[c]	3.663911	(Glycolysis/Gluconeogenesis) or (Calvin-Benson-Bassham Cycle)	AFE_3250	2
T0	0.1	ATPM	ATP maintenance requirement	atp[c] + h2o[c] -> adp[c] + h[c] + pi[c]	3.475	Unassigned		1
T0	0.1	RUBISCO	Ribulose-bisphosphate carboxylase	co2[c] + h2o[c] + rb15bp[c] -> 2 3pg[c] + 2 h[c]	2.215404	(CO2 fixation) or (Rubisco Shunt) or (Calvin-Benson-Bassham Cycle)	(AFE_2155 or AFE_0434 or (AFE_3051 and AFE_3052) or (AFE_1690 and AFE_1691))	3
T0	0.1	PRUK	Phosphoribulokinase	atp[c] + ru5p-D[c] -> adp[c] + h[c] + rb15bp[c]	2.215404	(Pentose Phosphate Pathway) or (Calvin-Benson-Bassham Cycle)	AFE_0536	2
T0	0.1	HCO3tex	hco3 transport	h2co3[e] -> h2co3[p]	2.0	Transport, Outer Membrane Porin		1
T0	0.1	HCO3tpp	hco3 transport (citoplasm)	h2co3[p] -> h[c] + hco3[c]	2.0	Transport, Inner Membrane		1
T0	0.1	Ex_h2co3[e]	h3co3 exchange	h2co3[e] -> 	-2.0	Exchange		
T0	0.1	HCO3E	HCO3 equilibration reaction	co2[c] + h2o[c] -> h[c] + hco3[c]	-1.872237	(CO2 fixation) or (Rubisco Shunt) or (Calvin-Benson-Bassham Cycle)	AFE_0287	2
T0	0.1	RPE	ribulose 5-phosphate 3-epimerase	ru5p-D[c] -> xu5p-D[c]	-1.524637	(Pentose Phosphate Pathway) or (Calvin-Benson-Bassham Cycle)	AFE_3247	2
T0	0.1	TPI	triose-phosphate isomerase	g3p[c] -> dhap[c]	1.448876	(Glycolysis/Gluconeogenesis) or (Calvin-Benson-Bassham Cycle)	AFE_2633	2
T0	0.1	NADTRHD	NAD transhydrogenase	h[p] + nadh[c] + nadp[c] -> h[c] + nad[c] + nadph[c]	0.945652	Oxidative Phosphorylation		1
T0	0.1	TKT1	transketolase	e4p[c] + xu5p-D[c] -> f6p-B[c] + g3p[c]	-0.773195	(Pentose Phosphate Pathway) or (Calvin-Benson-Bassham Cycle)	(AFE_1843 and AFE_3252)	2
T0	0.1	FBA3	Sedoheptulose 1,7-bisphosphate D-glyceraldehyde-3-phosphate-lyase	dhap[c] + e4p[c] -> s17bp[c]	0.75152	(Pentose Phosphate Pathway) or (Calvin-Benson-Bassham Cycle)	(AFE_1676 and AFE_3248)	2
T0	0.1	SBPASE	Sedoheptulose-bisphosphatase	h2o[c] + s17bp[c] -> pi[c] + s7p[c]	0.75152	(Pentose Phosphate Pathway) or (Calvin-Benson-Bassham Cycle)	AFE_3253	2
T0	0.1	TKT2	transketolase	g3p[c] + s7p[c] -> r5p[c] + xu5p-D[c]	0.751442	(Pentose Phosphate Pathway) or (Calvin-Benson-Bassham Cycle)	(AFE_1843 and AFE_3252)	2
T0	0.1	CYTK1	cytidylate kinase (CMP)	atp[c] + cmp[c] -> adp[c] + cdp[c]	0.701435	Nucleotide Salvage Pathway	AFE_0902	2
T0	0.1	NDPK3	nucleoside-diphosphate kinase (ATP:CDP)	atp[c] + cdp[c] -> adp[c] + ctp[c]	0.699945	Nucleotide Salvage Pathway	AFE_1929	2
T0	0.1	RPI	ribose-5-phosphate isomerase	r5p[c] -> ru5p-D[c]	0.695971	(Pentose Phosphate Pathway) or (Calvin-Benson-Bassham Cycle)	AFE_0629	2
T0	0.1	CYTDK1	cytidine kinase (ATP)	atp[c] + cytd[c] -> adp[c] + cmp[c] + h[c]	0.693833	Nucleotide Salvage Pathway		1
T0	0.1	CYTD	cytidine deaminase	cytd[c] + h2o[c] + h[c] -> nh4[c] + uri[c]	-0.693833	Nucleotide Salvage Pathway		1
T0	0.1	UPPRT	uracil phosphoribosyltransferase	ppi[c] + ump[c] -> prpp[c] + ura[c]	0.693833	Purine and Pyrimidine Biosynthesis	AFE_3060	2
T0	0.1	URIP	uridine phosphorylase	pi[c] + uri[c] -> r1p[c] + ura[c]	-0.693833	Nucleotide Salvage Pathway		1
T0	0.1	FBA	fructose-bisphosphate aldolase	fdp[c] -> dhap[c] + g3p[c]	-0.690373	(Glycolysis/Gluconeogenesis) or (Calvin-Benson-Bassham Cycle)	AFE_1802	2
T0	0.1	FBP	fructose-bisphosphatase	fdp[c] + h2o[c] -> f6p-B[c] + pi[c]	0.690373	(Glycolysis/Gluconeogenesis) or (Calvin-Benson-Bassham Cycle)	AFE_0189	2
T0	0.1	ENO	enolase	2pg[c] -> h2o[c] + pep[c]	0.685921	Glycolysis/Gluconeogenesis	(AFE_1800 or AFE_0849)	2
T0	0.1	PGM1	phosphoglycerate mutase	3pg[c] -> 2pg[c]	0.685921	Glycolysis/Gluconeogenesis	(AFE_1815 or AFE_0155 or AFE_0526 or AFE_0621)	2
T0	0.1	CTPS2	CTP synthase (glutamine)	atp[c] + gln-L[c] + h2o[c] + utp[c] -> adp[c] + ctp[c] + glu-L[c] + 2 h[c] + pi[c]	-0.680943	Purine and Pyrimidine Biosynthesis	AFE_0847	2
T0	0.1	URIDK	uridylate kinase	atp[c] + ump[c] -> adp[c] + udp[c]	-0.671291	Purine and Pyrimidine Biosynthesis	AFE_1446	2
T0	0.1	NDPK2	nucleoside-diphosphate kinase (ATP:UDP)	atp[c] + udp[c] -> adp[c] + utp[c]	-0.670084	Nucleotide Salvage Pathway	AFE_1929	2
T0	0.1	PUNP3	guanosine phosphorylase 	gsn[c] + pi[c] -> gua[c] + r1p[c]	0.66975	Nucleotide Salvage Pathway		1
T0	0.1	GSNK	guanosine kinase	atp[c] + gsn[c] -> adp[c] + gmp[c] + h[c]	-0.66975	Nucleotide Salvage Pathway		1
T0	0.1	GUAPRT	guanine phosphoribosyltransferase	gmp[c] + ppi[c] -> gua[c] + prpp[c]	-0.66975	Nucleotide Salvage Pathway	AFE_0364	2
T0	0.1	GLUSy	glutamate synthase (NADPH)	akg[c] + gln-L[c] + h[c] + nadph[c] -> 2 glu-L[c] + nadp[c]	0.536321	Glutamate Metabolism	(AFE_0730 and AFE_0729)	4
T0	0.1	PYK	pyruvate kinase	adp[c] + h[c] + pep[c] -> atp[c] + pyr[c]	0.430176	Glycolysis/Gluconeogenesis	(AFE_0749 or AFE_1801 or AFE_3249)	2
T0	0.1	N2tex	n2 transport	n2[e] -> n2[p]	0.345881	Transport, Outer Membrane Porin		1
T0	0.1	N2tpp	n2 transport (citoplasm)	n2[p] -> n2[c]	0.345881	Transport, Inner Membrane		1
T0	0.1	HYD3pp	hydrogenase III	h2[c] + 2 h[c] + q8[c] -> 2 h[p] + q8h2[c]	0.345881	Hydrogen and Formate Utilization	(AFE_0937 and AFE_0938 and AFE_0939 and AFE_0940)	2
T0	0.1	NITF	sulfide quinone reductase	16 atp[c] + 16 h2o[c] + n2[c] + 4 nadh[c] -> 16 adp[c] + h2[c] + 10 h[c] + 4 nad[c] + 2 nh4[c] + 16 pi[c]	0.345881	Nitrogen fixation	(AFE_1515 and AFE_1516 and AFE_1517 and AFE_1518 and AFE_1519 and AFE_1520 and AFE_1521 and AFE_1522)	3
T0	0.1	Ex_n2[e]	n2 exchange	n2[e] -> 	-0.345881	Exchange		
T0	0.1	PDH	pyruvate dehydrogenase	coa[c] + nad[c] + pyr[c] -> accoa[c] + co2[c] + nadh[c]	0.212771	Glycolysis/Gluconeogenesis	(AFE_3070 and AFE_3069 and AFE_3068)	2
T0	0.1	PPA	inorganic diphosphatase	h2o[c] + ppi[c] -> h[c] + 2 pi[c]	0.208463	Anaplerotic Reactions	AFE_0492	2
T0	0.1	PPC	phosphoenolpyruvate carboxylase	co2[c] + h2o[c] + pep[c] -> h[c] + oaa[c] + pi[c]	0.20544	Anaplerotic Reactions	AFE_1810	2
T0	0.1	ASPTA	aspartate transaminase	akg[c] + asp-L[c] -> glu-L[c] + oaa[c]	-0.167534	Alanine and Aspartate Metabolism	AFE_2022	2
T0	0.1	ADK1	Adenylate kinase	amp[c] + atp[c] -> 2 adp[c]	0.151881	Nucleotide Salvage Pathway	AFE_0348	2
T0	0.1	BDGK	Glucokinase 	atp[c] + glc-B[c] -> adp[c] + g6p-B[c] + h[c]	0.099993	Glycolysis/Gluconeogenesis		1
T0	0.1	Ex_glc-B[e]	beta-D-Glucose exchange	glc-B[e] -> 	-0.099993	hypothetical glucose uptake		
T0	0.1	GLCtex	glucose outer porin	glc-B[e] -> glc-B[p]	0.099993	hypothetical glucose uptake		
T0	0.1	GLCtpp	glucose facilitated inner transport	glc-B[p] -> glc-B[c]	0.099993	hypothetical glucose uptake		
T0	0.1	ACCOAC	Acetyl-CoA carboxylase	accoa[c] + atp[c] + hco3[c] -> adp[c] + h[c] + malcoa[c] + pi[c]	0.088513	(Membrane Lipid Metabolism) or (Fatty Acid Biosynthesis)	(AFE_1462 or AFE_0196 or AFE_0195 or AFE_2067)	2
T0	0.1	MCOATA	Malonyl-CoA-ACP transacylase	ACP[c] + malcoa[c] -> coa[c] + malACP[c]	0.088513	(Membrane Lipid Metabolism) or (Fatty acid biosynthesis)	AFE_1907	3
T0	0.1	PGI1	glucose-6-phosphate isomerase	g6p-B[c] -> f6p-B[c]	0.087369	Glycolysis/Gluconeogenesis	AFE_2924	2
T0	0.1	PGCD	phosphoglycerate dehydrogenase	3pg[c] + nad[c] -> 3php[c] + h[c] + nadh[c]	0.080979	Glycine and Serine Metabolism	AFE_0896	2
T0	0.1	PSP_L	phosphoserine phosphatase (L-serine)	h2o[c] + pser-L[c] -> pi[c] + ser-L[c]	0.080979	Glycine and Serine Metabolism	AFE_0368	2
T0	0.1	PSERT	phosphoserine transaminase	akg[c] + pser-L[c] -> 3php[c] + glu-L[c]	-0.080979	Glycine and Serine Metabolism	AFE_0895	2
T0	0.1	VALTA2	valine transaminase	akg[c] + val-L[c] -> 3mob[c] + glu-L[c]	-0.076836	Valine, Leucine, and Isoleucine Metabolism	AFE_0547	2
T0	0.1	ACONT1	aconitase (half-reaction A, Citrate hydro-lyase)	cit[c] -> acon-C[c] + h2o[c]	0.074528	Citric Acid Cycle	AFE_0423	2
T0	0.1	ACONT2	aconitase (half-reaction B, Isocitrate hydro-lyase)	acon-C[c] + h2o[c] -> icit[c]	0.074528	Citric Acid Cycle	AFE_0423	2
T0	0.1	CS	citrate synthase	accoa[c] + h2o[c] + oaa[c] -> cit[c] + coa[c] + h[c]	0.074528	Citric Acid Cycle	AFE_3065	2
T0	0.1	ICDHyr	isocitrate dehydrogenase (NADP)	icit[c] + nadp[c] -> akg[c] + co2[c] + nadph[c]	0.074528	Citric Acid Cycle	AFE_0424	2
T0	0.1	ASPK	Aspartate kinase	asp-L[c] + atp[c] -> 4pasp[c] + adp[c]	0.072845	Threonine and Lysine Metabolism	AFE_0407	2
T0	0.1	ASAD	aspartate-semialdehyde dehydrogenase	aspsa[c] + nadp[c] + pi[c] -> 4pasp[c] + h[c] + nadph[c]	-0.072845	Threonine and Lysine Metabolism	AFE_2074	2
T0	0.1	Afe_biomass_mc507_WT_139p0M	Afe biomass objective function (mc507) - WT - with 139 GAM estimate	2e-05 10fthf[c] + 2e-05 5mthf[c] + 3e-05 accoa[c] + 0.66 ala-L[c] + 2e-05 amet[c] + 0.28 arg-L[c] + 0.27 asn-L[c] + 0.27 asp-L[c] + 139.1 atp[c] + 0.087 ca2[c] + 2e-05 chor[c] + 2e-05 coa[c] + 0.13 ctp[c] + 0.001 cu2[c] + 0.015 datp[c] + 0.022 dctp[c] + 0.022 dgtp[c] + 0.015 dttp[c] + 2e-05 fad[c] + 0.067 fe2[c] + 0.067 fe3[c] + 0.26 gln-L[c] + 0.26 glu-L[c] + 0.55 gly[c] + 0.15 glycogen[c] + 2e-05 gthrd[c] + 0.14 gtp[c] + 139 h2o[c] + 2e-05 hemeO[c] + 0.24 his-L[c] + 0.29 ile-L[c] + 0.046 k[c] + 0.51 leu-L[c] + 0.024 lps_AFE[c] + 0.33 lys-L[c] + 0.17 met-L[c] + 0.24 mg2[c] + 2e-05 mlthf[c] + 0.03 mn2[c] + 0.013 murein5px4p[c] + 0.14 na1[c] + 0.00019 nad[c] + 1e-05 nadp[c] + 4e-05 nadph[c] + 0.18 phe-L[c] + 2e-05 pheme[c] + 0.07 ppl_AFE[c] + 0.27 pro-L[c] + 0.00358 ptrc[c] + 2e-05 pydx5p[c] + 2e-05 q8h2[c] + 2e-05 ribflv[c] + 0.23 ser-L[c] + 2e-05 sheme[c] + 0.09 so4[c] + 0.00073 spmd[c] + 1e-05 succoa[c] + 2e-05 thf[c] + 2e-05 thmpp[c] + 0.26 thr-L[c] + 0.14 tyr-L[c] + 1e-05 udcpdp[c] + 0.094 utp[c] + 0.41 val-L[c] + 0.002 zn2[c] -> 139 adp[c] + bio[c] + 139 h[c] + 139 pi[c] + 0.531 ppi[c]	0.067698	Exchange		3
T0	0.1	BIOMASStpp		bio[c] -> bio[p]	0.067698	Transport, Inner Membrane		1
T0	0.1	BIOMASStex		bio[p] -> bio[e]	0.067698	Transport, Outer Membrane Porin		1
T0	0.1	Ex_bio[e]	biomass exchange	bio[e] -> 	0.067698	Exchange		
T0	0.1	GHMT2	glycine hydroxymethyltransferase, reversible	ser-L[c] + thf[c] -> gly[c] + h2o[c] + mlthf[c]	0.062653	Glycine and Serine Metabolism	AFE_0295	2
T0	0.1	ACLS	acetolactate synthase	h[c] + 2 pyr[c] -> alac-S[c] + co2[c]	0.062286	Valine, Leucine, and Isoleucine Metabolism	(AFE_0745 and AFE_0746)	2
T0	0.1	KARA1	ketol-acid reductoisomerase (2,3-dihydroxy-3-methylbutanoate)	23dhmb[c] + nadp[c] -> alac-S[c] + h[c] + nadph[c]	-0.062286	Valine, Leucine, and Isoleucine Metabolism	AFE_0747	2
T0	0.1	DHAD1	dihydroxy-acid dehydratase (2,3-dihydroxy-3-methylbutanoate)	23dhmb[c] -> 3mob[c] + h2o[c]	0.062286	Valine, Leucine, and Isoleucine Metabolism	(AFE_1673 and AFE_0662)	2
T0	0.1	PRPPS	phosphoribosylpyrophosphate synthetase	atp[c] + r5p[c] -> amp[c] + h[c] + prpp[c]	0.055471	Histidine Metabolism	AFE_2766	2
T0	0.1	MTHFC	methenyltetrahydrofolate cyclohydrolase	h2o[c] + methf[c] -> 10fthf[c] + h[c]	0.053908	Folate Metabolism	AFE_1877	2
T0	0.1	MTHFD1	methylenetetrahydrofolate dehydrogenase (NADP)	mlthf[c] + nadp[c] -> methf[c] + nadph[c]	0.053908	Folate Metabolism	AFE_1877	2
T0	0.1	VALTA1	valine transaminase	pyr[c] + val-L[c] -> 3mob[c] + ala-L[c]	0.04908	Valine, Leucine, and Isoleucine Metabolism		1
T0	0.1	HSDy	homoserine dehydrogenase (NADPH)	hom-L[c] + nadp[c] -> aspsa[c] + h[c] + nadph[c]	-0.048744	Threonine and Lysine Metabolism	AFE_0473	2
T0	0.1	Pitex	pi transport	pi[p] -> pi[e]	-0.046184	Transport, Outer Membrane Porin		1
T0	0.1	Pitpp	Phosphate ABC transporter	atp[c] + h2o[c] + pi[p] -> adp[c] + h[c] + 2 pi[c]	0.046184	Transport, Inner Membrane	((AFE_1939 and AFE_1940 and AFE_1941) or (AFE_1434 and AFE_1435 and AFE_1436 and AFE_1437 and AFE_1438 and AFE_1439 and AFE_1440 and AFE_1441))	2
T0	0.1	Ex_pi[e]	phosphate exchange	pi[e] -> 	-0.046184	Exchange		
T0	0.1	CBPS	carbamoyl-phosphate synthase (glutamine-hydrolysing)	2 atp[c] + gln-L[c] + h2o[c] + hco3[c] -> 2 adp[c] + cbp[c] + glu-L[c] + 2 h[c] + pi[c]	0.03925	Arginine and Proline Metabolism	(AFE_0640 and AFE_0639)	2
T0	0.1	HMSK	Homoserine kinase 	atp[c] + hom-L[c] -> adp[c] + h[c] + phom[c]	0.037234	Threonine and Lysine Metabolism	AFE_3097	2
T0	0.1	THRS	threonine synthase	h2o[c] + phom[c] -> pi[c] + thr-L[c]	0.037234	Threonine and Lysine Metabolism	AFE_0474	2
T0	0.1	FUM	fumarase	mal-L[c] -> fum[c] + h2o[c]	-0.036622	Citric Acid Cycle	AFE_2673	2
T0	0.1	MDH	malate dehydrogenase	mal-L[c] + nad[c] -> h[c] + nadh[c] + oaa[c]	0.036622	Citric Acid Cycle	AFE_3000	2
T0	0.1	AICART	phosphoribosylaminoimidazolecarboxamide formyltransferase	10fthf[c] + aicar[c] -> fprica[c] + thf[c]	0.035109	Purine and Pyrimidine Biosynthesis	AFE_2260	2
T0	0.1	IMPC	IMP cyclohydrolase	h2o[c] + imp[c] -> fprica[c]	-0.035109	Purine and Pyrimidine Biosynthesis	AFE_2260	2
T0	0.1	OMCDC	2-Oxo-4-methyl-3-carboxypentanoate decarboxylation (spontaneous)	3c4mop[c] + h[c] -> 4mop[c] + co2[c]	0.034526	Valine, Leucine, and Isoleucine Metabolism		1
T0	0.1	LEUTA	leucine transaminase	akg[c] + leu-L[c] -> 4mop[c] + glu-L[c]	-0.034526	Valine, Leucine, and Isoleucine Metabolism	AFE_0547	2
T0	0.1	IPPS	2-isopropylmalate synthase	3mob[c] + accoa[c] + h2o[c] -> 3c3hmp[c] + coa[c] + h[c]	0.034526	Valine, Leucine, and Isoleucine Metabolism	(AFE_2596 and AFE_1989)	2
T0	0.1	IPMD	3-isopropylmalate dehydrogenase	3c2hmp[c] + nad[c] -> 3c4mop[c] + h[c] + nadh[c]	0.034526	Valine, Leucine, and Isoleucine Metabolism	AFE_2075	4
T0	0.1	IPPMIa	3-isopropylmalate dehydratase	3c3hmp[c] -> 3c2hmp[c]	0.034526	Valine, Leucine, and Isoleucine Metabolism	(AFE_0624 and AFE_0626)	2
T0	0.1	SUCOAS	succinyl-CoA synthetase (ADP-forming)	atp[c] + coa[c] + succ[c] -> adp[c] + pi[c] + succoa[c]	0.025295	Citric Acid Cycle	(AFE_0427 and AFE_0425)	2
T0	0.1	INSK	insosine kinase	atp[c] + ins[c] -> adp[c] + h[c] + imp[c]	-0.024134	Nucleotide Salvage Pathway		1
T0	0.1	ADA	Adenosine deaminase	adn[c] + h2o[c] + h[c] -> ins[c] + nh4[c]	-0.024134	Nucleotide Salvage Pathway	AFE_0773	2
T0	0.1	ADPT	adenine phosphoribosyltransferase	amp[c] + ppi[c] -> ade[c] + prpp[c]	-0.024133	Nucleotide Salvage Pathway	AFE_0540	2
T0	0.1	SDPTA	succinyldiaminopimelate transaminase	akg[c] + sl26da[c] -> glu-L[c] + sl2a6o[c]	-0.024101	Threonine and Lysine Metabolism	AFE_1821	2
T0	0.1	DHDPS	dihydrodipicolinate synthase	aspsa[c] + pyr[c] -> 23dhdp[c] + 2 h2o[c] + h[c]	0.024101	Threonine and Lysine Metabolism	AFE_2358	2
T0	0.1	DHDPRy	dihydrodipicolinate reductase (NADPH)	nadp[c] + thdp[c] -> 23dhdp[c] + h[c] + nadph[c]	-0.024101	Threonine and Lysine Metabolism	AFE_2663	2
T0	0.1	THDPS	tetrahydrodipicolinate succinylase	h2o[c] + succoa[c] + thdp[c] -> coa[c] + sl2a6o[c]	0.024101	Threonine and Lysine Metabolism	AFE_1820	2
T0	0.1	SDPDS	succinyl-diaminopimelate desuccinylase	h2o[c] + sl26da[c] -> 26dap-LL[c] + succ[c]	0.024101	Threonine and Lysine Metabolism	AFE_1819	2
T0	0.1	DAPE	diaminopimelate epimerase	26dap-LL[c] -> 26dap-M[c]	0.024101	Threonine and Lysine Metabolism	AFE_2743	2
T0	0.1	PUNP1	purine-nucleoside phosphorylase (Adenosine)	adn[c] + pi[c] -> ade[c] + r1p[c]	0.024083	Nucleotide Salvage Pathway		1
T0	0.1	DAPDC	diaminopimelate decarboxylase	26dap-M[c] + h[c] -> co2[c] + lys-L[c]	0.02234	Threonine and Lysine Metabolism	AFE_3279	2
T0	0.1	DDPA	2-dehydro-3-deoxyphosphoheptonate aldolase	e4p[c] + h2o[c] + pep[c] -> 2dda7p[c] + pi[c]	0.021673	Tyrosine, Tryptophan, and Phenylalanine Metabolism	(AFE_2671 or AFE_0899)	2
T0	0.1	SHKK	shikimate-kinase	atp[c] + skm[c] -> adp[c] + h[c] + skm5p[c]	0.021673	(Tyrosine, Tryptophan, and Phenylalanine Metabolism) or (Chorismate Biosynthesis)	AFE_0734	2
T0	0.1	PSCVT	3-phosphoshikimate 1-carboxyvinyltransferase	pep[c] + skm5p[c] -> 3psme[c] + pi[c]	0.021673	Tyrosine, Tryptophan, and Phenylalanine Metabolism	AFE_0901	2
T0	0.1	DHQS	3-dehydroquinate synthase	2dda7p[c] -> 3dhq[c] + pi[c]	0.021673	Tyrosine, Tryptophan, and Phenylalanine Metabolism	AFE_0733	2
T0	0.1	CHORS	chorismate synthase	3psme[c] -> chor[c] + pi[c]	0.021673	Tyrosine, Tryptophan, and Phenylalanine Metabolism	AFE_1972	2
T0	0.1	SHK3D	shikimate dehydrogenase	nadp[c] + skm[c] -> 3dhsk[c] + h[c] + nadph[c]	-0.021673	Tyrosine, Tryptophan, and Phenylalanine Metabolism	AFE_0182	2
T0	0.1	DHQT	3-dehydroquinate dehydratase, irreversible	3dhq[c] -> 3dhsk[c] + h2o[c]	0.021673	Tyrosine, Tryptophan, and Phenylalanine Metabolism	AFE_0197	2
T0	0.1	CHORM	chorismate mutase	chor[c] -> pphn[c]	0.021665	Tyrosine, Tryptophan, and Phenylalanine Metabolism	AFE_0897	2
T0	0.1	ASPCT	aspartate carbamoyltransferase	asp-L[c] + cbp[c] -> cbasp[c] + h[c] + pi[c]	0.020295	Purine and Pyrimidine Biosynthesis	AFE_3059	2
T0	0.1	DHORTS	dihydroorotase	cbasp[c] + h[c] -> dhor-S[c] + h2o[c]	0.020295	Purine and Pyrimidine Biosynthesis	(AFE_1672 and AFE_3058 and AFE_1463)	2
T0	0.1	DHORD	dihydoorotic acid dehydrogenase (quinone8)	dhor-S[c] + o2[c] -> h2o2[c] + orot[c]	0.020295	Purine and Pyrimidine Biosynthesis	AFE_2264	2
T0	0.1	ORPT	orotate phosphoribosyltransferase	orot[c] + prpp[c] -> orot5p[c] + ppi[c]	0.020295	Purine and Pyrimidine Biosynthesis	AFE_0908	2
T0	0.1	OMPDC	orotidine-5-phosphate decarboxylase	h[c] + orot5p[c] -> co2[c] + ump[c]	0.020295	Purine and Pyrimidine Biosynthesis	AFE_0907	2
T0	0.1	THRD_L	L-threonine deaminase	thr-L[c] -> 2obut[c] + nh4[c]	0.019632	Valine, Leucine, and Isoleucine Metabolism	AFE_0722	2
T0	0.1	ACHBS	2-aceto-2-hydroxybutanoate synthase	2obut[c] + h[c] + pyr[c] -> 2ahbut[c] + co2[c]	0.019632	Valine, Leucine, and Isoleucine Metabolism	(AFE_0745 and AFE_0746)	2
T0	0.1	KARA2	ketol-acid reductoisomerase (2-Acetolactate)	2ahbut[c] + h[c] + nadph[c] -> 23dhmp[c] + nadp[c]	0.019632	Valine, Leucine, and Isoleucine Metabolism	AFE_0747	2
T0	0.1	DHAD2	Dihydroxy-acid dehydratase (2,3-dihydroxy-3-methylpentanoate)	23dhmp[c] -> 3mop[c] + h2o[c]	0.019632	Valine, Leucine, and Isoleucine Metabolism	(AFE_1673 or AFE_0662)	2
T0	0.1	ILETA	isoleucine transaminase	akg[c] + ile-L[c] -> 3mop[c] + glu-L[c]	-0.019632	Valine, Leucine, and Isoleucine Metabolism	AFE_0547	2
T0	0.1	ACGK	acetylglutamate kinase	acglu[c] + atp[c] -> acg5p[c] + adp[c]	0.019247	Arginine and Proline Metabolism	AFE_0256	2
T0	0.1	AGPR	N-acetyl-g-glutamyl-phosphate reductase	acg5sa[c] + nadp[c] + pi[c] -> acg5p[c] + h[c] + nadph[c]	-0.019247	Arginine and Proline Metabolism	AFE_3073	2
T0	0.1	ACOTA	acetylornithine transaminase	acorn[c] + akg[c] -> acg5sa[c] + glu-L[c]	-0.019247	Arginine and Proline Metabolism	AFE_0406	2
T0	0.1	GLAT	glutamate N-acetyltransferase	acorn[c] + glu-L[c] -> acglu[c] + orn[c]	0.019247	Arginine and Proline Metabolism	AFE_0664	2
T0	0.1	OCBT	ornithine carbamoyltransferase	cbp[c] + orn[c] -> citr-L[c] + h[c] + pi[c]	0.018956	Arginine and Proline Metabolism	AFE_0405	2
T0	0.1	ARGSS	argininosuccinate synthase	asp-L[c] + atp[c] + citr-L[c] -> amp[c] + argsuc[c] + h[c] + ppi[c]	0.018956	Arginine and Proline Metabolism	AFE_0404	2
T0	0.1	ARGSL	argininosuccinate lyase	argsuc[c] -> arg-L[c] + fum[c]	0.018956	Arginine and Proline Metabolism	AFE_3277	2
T0	0.1	PRFGS	phosphoribosylformylglycinamidine synthase	atp[c] + fgam[c] + gln-L[c] + h2o[c] -> adp[c] + fpram[c] + glu-L[c] + h[c] + pi[c]	0.018863	Purine and Pyrimidine Biosynthesis	AFE_2354	2
T0	0.1	PRAIS	phosphoribosylaminoimidazole synthase	atp[c] + fpram[c] -> adp[c] + air[c] + 2 h[c] + pi[c]	0.018863	Purine and Pyrimidine Biosynthesis	AFE_1897	2
T0	0.1	PRAGS	phosphoribosylglycinamide synthase	atp[c] + gly[c] + pram[c] -> adp[c] + gar[c] + h[c] + pi[c]	0.018863	Purine and Pyrimidine Biosynthesis	AFE_2261	2
T0	0.1	GLUPRT	glutamine phosphoribosyldiphosphate amidotransferase	gln-L[c] + h2o[c] + prpp[c] -> glu-L[c] + ppi[c] + pram[c]	0.018863	Purine and Pyrimidine Biosynthesis	AFE_2064	2
T0	0.1	PRASCS	phosphoribosylaminoimidazolesuccinocarboxamide synthase	5aizc[c] + asp-L[c] + atp[c] -> 25aics[c] + adp[c] + h[c] + pi[c]	0.018862	Purine and Pyrimidine Biosynthesis	AFE_2355	2
T0	0.1	AIRC	Phosphoribosylaminoimidazole carboxylase	5aizc[c] + h[c] -> air[c] + co2[c]	-0.018862	Purine and Pyrimidine Biosynthesis	(AFE_0273 and AFE_0272)	2
T0	0.1	ADSL2	adenylosuccinate lyase	25aics[c] -> aicar[c] + fum[c]	0.018862	Purine and Pyrimidine Biosynthesis	AFE_2356	2
T0	0.1	GARFT	phosphoribosylglycinamide formyltransferase	10fthf[c] + gar[c] -> fgam[c] + h[c] + thf[c]	0.018797	Purine and Pyrimidine Biosynthesis	(AFE_1896 or AFE_2023)	2
T0	0.1	G5SADs	L-glutamate 5-semialdehyde dehydratase (spontaneous)	glu5sa[c] -> 1pyr5c[c] + h2o[c] + h[c]	0.018279	Arginine and Proline Metabolism		1
T0	0.1	ASNS1	asparagine synthase (glutamine-hydrolysing)	asp-L[c] + atp[c] + gln-L[c] + h2o[c] -> amp[c] + asn-L[c] + glu-L[c] + h[c] + ppi[c]	0.018279	Alanine and Aspartate Metabolism	AFE_1353	2
T0	0.1	P5CR	pyrroline-5-carboxylate reductase	nadp[c] + pro-L[c] -> 1pyr5c[c] + 2 h[c] + nadph[c]	-0.018279	Arginine and Proline Metabolism	AFE_0262	2
T0	0.1	G5SD	glutamate-5-semialdehyde dehydrogenase	glu5sa[c] + nadp[c] + pi[c] -> glu5p[c] + h[c] + nadph[c]	-0.018279	Arginine and Proline Metabolism	AFE_0454	2
T0	0.1	GLU5K	glutamate 5-kinase	atp[c] + glu-L[c] -> adp[c] + glu5p[c]	0.018279	Arginine and Proline Metabolism	(AFE_2464 and AFE_1783 and AFE_0281)	2
T0	0.1	SO4AA1tpp	sulfate ABC transporter	atp[c] + h2o[c] + so4aa[p] -> adp[c] + h[c] + pi[c] + so4[c]	0.01761	(Transport, Inner Membrane) or (Sulfur Metabolism)		2
T0	0.1	SO4AA2tpp	sulfate transport inner membrane	so4aa[p] -> so4aa[e]	-0.01761	Sulfur Metabolism		1
T0	0.1	Ex_so4aa[e]	sulfate exchange	so4aa[e] -> 	-0.01761	Exchange		
T0	0.1	HISTP	Histidinol-phosphatase	h2o[c] + hisp[c] -> histd[c] + pi[c]	0.016248	Histidine Metabolism	AFE_3043	2
T0	0.1	MG2tex	mg2 transport	mg2[e] -> mg2[p]	0.016248	Transport, Outer Membrane Porin		1
T0	0.1	MG2tpp	magnesium-translocating P-type ATPase	atp[c] + h2o[c] + mg2[p] -> adp[c] + h[c] + mg2[c] + pi[c]	0.016248	Transport, Inner Membrane	AFE_2327	2
T0	0.1	PRMICI	1-(5-phosphoribosyl)-5-[(5-phosphoribosylamino)methylideneamino)imidazole-4-carboxamide isomerase	prfp[c] -> prlp[c]	0.016248	Histidine Metabolism	AFE_3045	2
T0	0.1	IGPDH	imidazoleglycerol-phosphate dehydratase	eig3p[c] -> h2o[c] + imacp[c]	0.016248	Histidine Metabolism	AFE_3043	2
T0	0.1	HSTPT	histidinol-phosphate transaminase	glu-L[c] + imacp[c] -> akg[c] + hisp[c]	0.016248	Histidine Metabolism	(AFE_3042 and AFE_0898)	2
T0	0.1	HISTD1	histidinol dehydrogenase	histd[c] + nad[c] -> h[c] + hist-L[c] + nadh[c]	0.016248	Histidine Metabolism	AFE_3041	2
T0	0.1	HISTD2	Histidinal dehydrogenase 	h2o[c] + hist-L[c] + nad[c] -> 2 h[c] + his-L[c] + nadh[c]	0.016248	Histidine Metabolism	AFE_3041	2
T0	0.1	IG3PS	Imidazole-glycerol-3-phosphate synthase	gln-L[c] + prlp[c] -> aicar[c] + eig3p[c] + glu-L[c] + h[c]	0.016248	Histidine Metabolism	(AFE_3046 and AFE_3044)	2
T0	0.1	PRATPP	phosphoribosyl-ATP pyrophosphatase	h2o[c] + prbatp[c] -> h[c] + ppi[c] + prbamp[c]	0.016248	Histidine Metabolism	AFE_3047	2
T0	0.1	PRAMPC	phosphoribosyl-AMP cyclohydrolase	h2o[c] + prbamp[c] -> prfp[c]	0.016248	Histidine Metabolism	AFE_3047	2
T0	0.1	ATPPRT	ATP phosphoribosyltransferase	ppi[c] + prbatp[c] -> atp[c] + prpp[c]	-0.016248	Histidine Metabolism	(AFE_1888 and AFE_3040)	2
T0	0.1	Ex_mg2[e]	mg2+ exchange	mg2[e] -> 	-0.016248	Exchange		
T0	0.1	MTHFR3	Cobalamin-dependent homocysteine transmethylase	h[c] + mlthf[c] + nadph[c] -> 5mthf[c] + nadp[c]	0.014253	Methionine Metabolism	AFE_0535	2
T0	0.1	METS	5-methyltetrahydrofolate--homocysteine S-methyltransferase	5mthf[c] + hcys-L[c] -> met-L[c] + thf[c]	0.014251	Methionine Metabolism		1
T0	0.1	PGMT	phosphoglucomutase	g1p-B[c] -> g6p-B[c]	-0.012624	Glycolysis/Gluconeogenesis	AFE_2324	2
T0	0.1	GAP2		g1p[c] -> g1p-B[c]	-0.012624	Glycogen Metabolism		1
T0	0.1	ACS	acetyl-CoA synthetase	ac[c] + atp[c] + coa[c] -> accoa[c] + amp[c] + ppi[c]	0.012492	Pyruvate Metabolism	AFE_1969	2
T0	0.1	PPNDH	prephenate dehydratase	h[c] + pphn[c] -> co2[c] + h2o[c] + phpyr[c]	0.012186	Tyrosine, Tryptophan, and Phenylalanine Metabolism	AFE_0897	2
T0	0.1	PHETA1	phenylalanine transaminase	akg[c] + phe-L[c] -> glu-L[c] + phpyr[c]	-0.012186	Tyrosine, Tryptophan, and Phenylalanine Metabolism	AFE_2022	2
T0	0.1	3OAS1	3-oxoacyl-[acyl-carrier-protein] synthase	butACP[c] + h[c] + malACP[c] -> 3ohexACP[c] + ACP[c] + co2[c]	0.011682	(Cell Envelope Biosynthesis) or (Fatty acid biosynthesis)	(AFE_0796 or AFE_1910)	3
T0	0.1	3OAS8	3-oxoacyl-[acyl-carrier-protein] synthase	h[c] + hexACP[c] + malACP[c] -> 3ooctACP[c] + ACP[c] + co2[c]	0.011682	(Cell Envelope Biosynthesis) or (Fatty acid biosynthesis)	(AFE_0796 or AFE_1910)	3
T0	0.1	3OAS9	3-oxoacyl-[acyl-carrier-protein] synthase	h[c] + malACP[c] + ocACP[c] -> 3odecACP[c] + ACP[c] + co2[c]	0.011682	(Cell Envelope Biosynthesis) or (Fatty acid biosynthesis)	(AFE_0796 or AFE_1910)	3
T0	0.1	3OAR1	3-oxoacyl-(acyl-carrier-protein) reductase	actACP[c] + h[c] + nadph[c] -> 3hydbutACP[c] + nadp[c]	0.011682	(Cell Envelope Biosynthesis) or (Fatty acid biosynthesis)	AFE_1908	3
T0	0.1	3OAR10	3-oxoacyl-(acyl-carrier-protein) reductase	3ohexACP[c] + h[c] + nadph[c] -> 3hhexACP[c] + nadp[c]	0.011682	(Cell Envelope Biosynthesis) or (Fatty acid biosynthesis)	AFE_1908	3
T0	0.1	3OAR11	3-oxoacyl-(acyl-carrier-protein) reductase	3ooctACP[c] + h[c] + nadph[c] -> 3hoctACP[c] + nadp[c]	0.011682	(Cell Envelope Biosynthesis) or (Fatty acid biosynthesis)	AFE_1908	3
T0	0.1	3OAR12	3-oxoacyl-(acyl-carrier-protein) reductase	3odecACP[c] + h[c] + nadph[c] -> 3hdecACP[c] + nadp[c]	0.011682	(Cell Envelope Biosynthesis) or (Fatty acid biosynthesis)	AFE_1908	3
T0	0.1	ACOATA	Acetyl-CoA ACP transacylase	ACP[c] + accoa[c] -> acACP[c] + coa[c]	0.011682	(Membrane Lipid Metabolism) or (Fatty acid biosynthesis)		1
T0	0.1	3OAS27	3-oxoacyl-(acyl-carrier-protein) synthase III	acACP[c] + h[c] + malACP[c] -> ACP[c] + actACP[c] + co2[c]	0.011682	(Cell Envelope Biosynthesis) or (Fatty acid biosynthesis)	AFE_1906	3
T0	0.1	EAR1	enoyl-(acyl-carrier-protein) reductase	but2eACP[c] + h[c] + nadph[c] -> butACP[c] + nadp[c]	0.011682	(Cell Envelope Biosynthesis) or (Fatty acid biosynthesis)	AFE_0420	3
T0	0.1	EAR10	enoyl-(acyl-carrier-protein) reductase	h[c] + nadph[c] + thex2eACP[c] -> hexACP[c] + nadp[c]	0.011682	(Cell Envelope Biosynthesis) or (Fatty acid biosynthesis)	AFE_0420	3
T0	0.1	EAR11	enoyl-(acyl-carrier-protein) reductase	h[c] + nadph[c] + toct2eACP[c] -> nadp[c] + ocACP[c]	0.011682	(Cell Envelope Biosynthesis) or (Fatty acid biosynthesis)	AFE_0420	3
T0	0.1	BHAH1	beta-hydroxyacyl-(acyl-carrier-protein) dehydratase	3hydbutACP[c] -> but2eACP[c] + h2o[c]	0.011682	(Membrane Lipid Metabolism) or (Fatty acid biosynthesis)	AFE_1455	3
T0	0.1	BHAH10	beta-hydroxyacyl-(acyl-carrier-protein) dehydratase	3hhexACP[c] -> h2o[c] + thex2eACP[c]	0.011682	(Membrane Lipid Metabolism) or (Fatty acid biosynthesis)	AFE_1455	3
T0	0.1	BHAH11	beta-hydroxyacyl-(acyl-carrier-protein) dehydratase	3hoctACP[c] -> h2o[c] + toct2eACP[c]	0.011682	(Membrane Lipid Metabolism) or (Fatty acid biosynthesis)	AFE_1455	3
T0	0.1	BHAH12	beta-hydroxyacyl-(acyl-carrier-protein) dehydratase	3hdecACP[c] -> h2o[c] + tdec2eACP[c]	0.011682	(Membrane Lipid Metabolism) or (Fatty acid biosynthesis)	AFE_1455	3
T0	0.1	ADSK	adenylyl-sulfate kinase	aps[c] + atp[c] -> adp[c] + h[c] + paps[c]	0.011517	Cysteine Metabolism	AFE_0539	2
T0	0.1	PAPSR	3-phospho-adenylylsulfate reductase	2 h[c] + paps[c] + trdox[c] -> pap[c] + so3[c] + trdrd[c]	0.011517	Cysteine Metabolism	AFE_3123	2
T0	0.1	SULR2	Sulfite reductase (NADPH)	3 h2o[c] + h2s[c] + 3 nadp[c] -> 5 h[c] + 3 nadph[c] + so3[c]	-0.011517	Cysteine Metabolism	(AFE_3121 and AFE_3122)	2
T0	0.1	BPNT	3,5-bisphosphate nucleotidase	h2o[c] + pap[c] -> amp[c] + pi[c]	0.011517	Cysteine Metabolism	AFE_2973	2
T0	0.1	SADT	sulfate adenylate transferase	atp[c] + h[c] + so4[c] -> aps[c] + ppi[c]	0.011517	Sulfur Metabolism	((AFE_2970 and AFE_2971) or (AFE_3124 and AFE_3125))	3
T0	0.1	HACT	O-acetyl-L-homoserine:methanethiol 3-amino-3-carboxypropyltransferase	achms[c] + h2s[c] -> ac[c] + h[c] + hcys-L[c]	0.01151	Methionine Metabolism	AFE_2063	2
T0	0.1	HSERTA	Homoserine O-acetyltransferase	accoa[c] + hom-L[c] -> achms[c] + coa[c]	0.01151	Methionine Metabolism	AFE_0293	2
T0	0.1	GK1	guanylate kinase (GMP:ATP)	atp[c] + gmp[c] -> adp[c] + gdp[c]	0.010975	Nucleotide Salvage Pathway	AFE_0563	2
T0	0.1	GMPS2	GMP synthase	atp[c] + gln-L[c] + h2o[c] + xmp[c] -> amp[c] + glu-L[c] + gmp[c] + 2 h[c] + ppi[c]	0.010975	Purine and Pyrimidine Biosynthesis	AFE_1778	2
T0	0.1	IMPD	IMP dehydrogenase	h2o[c] + imp[c] + nad[c] -> h[c] + nadh[c] + xmp[c]	0.010975	Purine and Pyrimidine Biosynthesis	AFE_1777	2
T0	0.1	CAT	catalase	2 h2o2[c] -> 2 h2o[c] + o2[c]	0.010155	Unassigned		1
T0	0.1	GLCS1	glycogen synthase (ADPGlc)	adpglc[c] -> adp[c] + glycogendeb[c] + h[c]	0.010155	(Glycogen Metabolism) or (Glycolysis/Gluconeogenesis)	AFE_2678	2
T0	0.1	GLBRAN1	1,4-alpha-glucan branching enzyme (glycogen -> bglycogen)	glycogendeb[c] + 2 h[c] -> glycogen[c]	0.010155	(Glycogen Metabolism) or (Glycolysis/Gluconeogenesis)	AFE_2836	2
T0	0.1	GLGC	glucose-1-phosphate adenylyltransferase	atp[c] + g1p[c] + h[c] -> adpglc[c] + ppi[c]	0.010155	(Glycogen Metabolism) or (Glycolysis/Gluconeogenesis)	AFE_2838	2
T0	0.1	FA_PL-ACP-AFE	Fatty Acid formation	0.1 3hmrsACP[c] + 0.07 c190cACP[c] + 0.21 chexcaACP[c] + 0.08 ddcaACP[c] + 0.02 hpdcaACP[c] + 0.02 ocdcaACP[c] + 0.36 octeACP[c] + 0.11 palmACP[c] + 0.01 ptdcaACP[c] + 0.02 thepcaACP[c] -> faplACP[c]	0.009952	(Glycerophospholipid Metabolism) or (Phospholipid synthesis)		3
T0	0.1	NDPK1	nucleoside-diphosphate kinase (ATP:GDP)	atp[c] + gdp[c] -> adp[c] + gtp[c]	0.009512	Nucleotide Salvage Pathway	AFE_1929	2
T0	0.1	TYRTA	tyrosine transaminase	34hpp[c] + glu-L[c] -> akg[c] + tyr-L[c]	0.009479	Tyrosine, Tryptophan, and Phenylalanine Metabolism	AFE_2022	2
T0	0.1	PPND	prephenate dehydrogenase	nad[c] + pphn[c] -> 34hpp[c] + co2[c] + nadh[c]	0.009479	Tyrosine, Tryptophan, and Phenylalanine Metabolism	AFE_0900	2
T0	0.1	NA1tpp	na transport in via proton symport	h[p] + na1[p] -> h[c] + na1[c]	0.009478	Transport, Inner Membrane		1
T0	0.1	G3PD2	glycerol-3-phosphate dehydrogenase (NADP)	dhap[c] + h[c] + nadph[c] -> glyc3p[c] + nadp[c]	0.006966	Alternate Carbon Metabolism	AFE_2126	3
T0	0.1	GHMT3	glycine hydroxymethyltransferase	gly[c] + nad[c] + thf[c] -> co2[c] + mlthf[c] + nadh[c] + nh4[c]	0.006554	Glycine and Serine Metabolism	AFE_0295	2
T0	0.1	TRDR	thioredoxin reductase (NADPH)	nadph[c] + trdrd[c] -> 3 h[c] + nadp[c] + trdox[c]	0.006481	Oxidative Phosphorylation	AFE_0375	2
T0	0.1	3OAS10	3-oxoacyl-[acyl-carrier-protein] synthase	dcaACP[c] + h[c] + malACP[c] -> 3oddecACP[c] + ACP[c] + co2[c]	0.00601	(Cell Envelope Biosynthesis) or (Fatty acid biosynthesis)	(AFE_0796 or AFE_1910)	3
T0	0.1	3OAR13	3-oxoacyl-(acyl-carrier-protein) reductase	3oddecACP[c] + h[c] + nadph[c] -> 3hddecACP[c] + nadp[c]	0.00601	(Cell Envelope Biosynthesis) or (Fatty acid biosynthesis)	AFE_1908	3
T0	0.1	EAR12	enoyl-(acyl-carrier-protein) reductase	h[c] + nadph[c] + tdec2eACP[c] -> dcaACP[c] + nadp[c]	0.00601	(Cell Envelope Biosynthesis) or (Fatty acid biosynthesis)	AFE_0420	3
T0	0.1	EAR13	enoyl-(acyl-carrier-protein) reductase	h[c] + nadph[c] + tddec2eACP[c] -> ddcaACP[c] + nadp[c]	0.00601	(Cell Envelope Biosynthesis) or (Fatty acid biosynthesis)	AFE_0420	3
T0	0.1	BHAH13	beta-hydroxyacyl-(acyl-carrier-protein) dehydratase	3hddecACP[c] -> h2o[c] + tddec2eACP[c]	0.00601	(Membrane Lipid Metabolism) or (Fatty acid biosynthesis)	AFE_1455	3
T0	0.1	CA2tex	ca2 transport (citoplasm)	ca2[e] -> ca2[p]	0.00589	Transport, Outer Membrane Porin		1
T0	0.1	CA2tpp	Na+/Ca+2 symporter (periplasm)	ca2[p] -> ca2[c] + na1[p]	0.00589	Transport, Inner Membrane	AFE_0587	2
T0	0.1	Ex_ca2[e]	calcium exchange	ca2[e] -> 	-0.00589	Exchange		
T0	0.1	T2DECAI	trans-2-decenoyl-(acyl-carrier protein) isomerase 	tdec2eACP[c] -> dec3ACP[c]	0.005672	(Cell Envelope Biosynthesis) or (Fatty acid biosynthesis)		1
T0	0.1	3OAS2	3-oxoacyl-[acyl-carrier-protein] synthase	3cddACP[c] + h[c] + malACP[c] -> ACP[c] + co2[c] + coxtdeACP[c]	0.005672	(Cell Envelope Biosynthesis) or (Fatty acid biosynthesis)	(AFE_0796 or AFE_1910)	3
T0	0.1	3OAS3	3-oxoacyl-[acyl-carrier-protein] synthase	ctdeACP[c] + h[c] + malACP[c] -> ACP[c] + co2[c] + coxhxcsACP[c]	0.005672	(Cell Envelope Biosynthesis) or (Fatty acid biosynthesis)	(AFE_0796 or AFE_1910)	3
T0	0.1	3OAS15	3-oxoacyl-[acyl-carrier-protein] synthase	dec3ACP[c] + h[c] + malACP[c] -> ACP[c] + co2[c] + coxododACP[c]	0.005672	(Cell Envelope Biosynthesis) or (Fatty acid biosynthesis)	(AFE_0796 or AFE_1910)	3
T0	0.1	3OAR2	3-oxoacyl-(acyl-carrier-protein) reductase	coxododACP[c] + h[c] + nadph[c] -> chydodeACP[c] + nadp[c]	0.005672	(Cell Envelope Biosynthesis) or (Fatty acid biosynthesis)	AFE_1908	3
T0	0.1	3OAR3	3-oxoacyl-(acyl-carrier-protein) reductase	coxtdeACP[c] + h[c] + nadph[c] -> chytedeACP[c] + nadp[c]	0.005672	(Cell Envelope Biosynthesis) or (Fatty acid biosynthesis)	AFE_1908	3
T0	0.1	3OAR4	3-oxoacyl-(acyl-carrier-protein) reductase	coxhxcsACP[c] + h[c] + nadph[c] -> chyhecdeACP[c] + nadp[c]	0.005672	(Cell Envelope Biosynthesis) or (Fatty acid biosynthesis)	AFE_1908	3
T0	0.1	EAR2	enoyl-(acyl-carrier-protein) reductase	c2tdodeACP[c] + h[c] + nadph[c] -> 3cddACP[c] + nadp[c]	0.005672	(Cell Envelope Biosynthesis) or (Fatty acid biosynthesis)	AFE_0420	3
T0	0.1	EAR3	enoyl-(acyl-carrier-protein) reductase	c2ttedeACP[c] + h[c] + nadph[c] -> ctdeACP[c] + nadp[c]	0.005672	(Cell Envelope Biosynthesis) or (Fatty acid biosynthesis)	AFE_0420	3
T0	0.1	EAR4	enoyl-(acyl-carrier-protein) reductase	c2thedeACP[c] + h[c] + nadph[c] -> chexcaACP[c] + nadp[c]	0.005672	(Cell Envelope Biosynthesis) or (Fatty acid biosynthesis)	AFE_0420	3
T0	0.1	BHAH2	beta-hydroxyacyl-(acyl-carrier-protein) dehydratase	chydodeACP[c] -> c2tdodeACP[c] + h2o[c]	0.005672	(Membrane Lipid Metabolism) or (Fatty acid biosynthesis)	AFE_1455	3
T0	0.1	BHAH3	beta-hydroxyacyl-(acyl-carrier-protein) dehydratase	chytedeACP[c] -> c2ttedeACP[c] + h2o[c]	0.005672	(Membrane Lipid Metabolism) or (Fatty acid biosynthesis)	AFE_1455	3
T0	0.1	BHAH4	beta-hydroxyacyl-(acyl-carrier-protein) dehydratase	chyhecdeACP[c] -> c2thedeACP[c] + h2o[c]	0.005672	(Membrane Lipid Metabolism) or (Fatty acid biosynthesis)	AFE_1455	3
T0	0.1	A5PISO	Arabinose-5-phosphate isomerase	ru5p-D[c] -> ara5p[c]	0.005199	(Lipopolysaccharide Biosynthesis) or (Alternate Carbon Metabolism)	AFE_3030	2
T0	0.1	KDOPS	3-deoxy -D-manno-octulosonic -acid 8-phosphate synthase	ara5p[c] + h2o[c] + pep[c] -> kdo8p[c] + pi[c]	0.005199	( Lipopolysaccharide Biosynthesis ) or ( CMP-KDO biosynthesis )	AFE_0848	2
T0	0.1	KDOCT2	3-deoxy-manno-octulosonate cytidylyltransferase	ctp[c] + kdo[c] -> ckdo[c] + ppi[c]	0.005199	( Lipopolysaccharide Biosynthesis ) or ( CMP-KDO biosynthesis )	AFE_0491	2
T0	0.1	KDOPP	3-deoxy-manno-octulosonate-8-phosphatase	h2o[c] + kdo8p[c] -> kdo[c] + pi[c]	0.005199	( Lipopolysaccharide Biosynthesis ) or ( CMP-KDO biosynthesis )	AFE_3029	2
T0	0.1	PCYT	phosphatidate cytidylyltransferase	ctp[c] + dag3pi_AFE[c] -> cdpdag_AFE[c] + ppi[c]	0.004976	(Glycerophospholipid Metabolism) or (Phospholipid synthesis)	AFE_1449	2
T0	0.1	G3PAT1	acyl-ACP:sn-glycerol-3-phosphate 1-O-acyltransferase 	faplACP[c] + glyc3p[c] -> ACP[c] + faplg3p_AFE[c]	0.004976	Glycerophospholipid Metabolism		1
T0	0.1	G3PAT2	1-acyl-sn-glycerol-3-phosphate acyltransferase 	faplACP[c] + faplg3p_AFE[c] -> ACP[c] + dag3pi_AFE[c]	0.004976	Glycerophospholipid Metabolism	AFE_0727	2
T0	0.1	PL-AFE	phospholipids formation	0.05 clpn120[c] + 0.15 pe_AFE[c] + 0.37 pg120[c] + 0.43 ptdmeeta_AFE[c] -> ppl_AFE[c]	0.004739	(Glycerophospholipid Metabolism) or (Phospholipid synthesis)		3
T0	0.1	3OAS11	3-oxoacyl-[acyl-carrier-protein] synthase	ddcaACP[c] + h[c] + malACP[c] -> 3omrsACP[c] + ACP[c] + co2[c]	0.004726	(Cell Envelope Biosynthesis) or (Fatty acid biosynthesis)	(AFE_0796 or AFE_1910)	3
T0	0.1	3OAR14	3-oxoacyl-(acyl-carrier-protein) reductase	3omrsACP[c] + h[c] + nadph[c] -> 3hmrsACP[c] + nadp[c]	0.004726	(Cell Envelope Biosynthesis) or (Fatty acid biosynthesis)	AFE_1908	3
T0	0.1	MNTH	NRAMP dual Mn(II)/Fe(II) MntH-like transporter	fe2[p] + h[p] -> fe2[c] + h[c]	0.00454	Transport, Inner Membrane	(AFE_0105 or AFE_0920)	2
T0	0.1	FE2tex	fe2 transport	fe2[e] -> fe2[p]	0.00454	Transport, Outer Membrane Porin		1
T0	0.1	FE3tpp	Fe(III) ABC inner membrane transporter	atp[c] + fe3[p] + h2o[c] -> adp[c] + fe3[c] + h[c] + pi[c]	0.004536	(Transport, Inner Membrane) or (Fe+2 Metabolism)	((AFE_1489 and AFE_1490 and AFE_1491) or (AFE_1493 and AFE_1494 and AFE_1495))	2
T0	0.1	FE32tpp	fe3 ton transporter	fe3[e] -> fe3[p]	0.004536	Transport, Inner Membrane	((AFE_2267 and AFE_2268 and AFE_2269 and AFE_2270 and AFE_2271 and AFE_2273 and AFE_2274 and AFE_2275 and AFE_2276) or (AFE_2998 and AFE_2999 and AFE_2300 and AFE_2301 and AFE_2302 and AFE_2303 and AFE_2304 and AFE_2305))	2
T0	0.1	GF6PTA	glutamine-fructose-6-phosphate transaminase	f6p-B[c] + gln-L[c] -> gam6p[c] + glu-L[c]	0.004521	(Cell Envelope Biosynthesis) or (EPS biosynthesis)	AFE_3200	2
T0	0.1	PGAMT	phosphoglucosamine mutase	gam1p[c] -> gam6p[c]	-0.004495	(Cell Envelope Biosynthesis) or (EPS biosynthesis)	AFE_2634	2
T0	0.1	G1PACT	glucosamine-1-phosphate N-acetyltransferase	accoa[c] + gam1p[c] -> acgam1p[c] + coa[c] + h[c]	0.004495	(Cell Envelope Biosynthesis) or (EPS biosynthesis)	AFE_3201	2
T0	0.1	UAGDP	UDP-N-acetylglucosamine diphosphorylase	acgam1p[c] + h[c] + utp[c] -> ppi[c] + uacgam[c]	0.004495	(Cell Envelope Biosynthesis) or (EPS biosynthesis)	AFE_3201	2
T0	0.1	NA1tex	na transport	na1[e] -> na1[p]	0.003588	Transport, Outer Membrane Porin		1
T0	0.1	Ex_na1[e]	sodium exchange	na1[e] -> 	-0.003588	Exchange		
T0	0.1	3OAS4	3-oxoacyl-[acyl-carrier-protein] synthase	chexcaACP[c] + h[c] + malACP[c] -> ACP[c] + co2[c] + coxocdaACP[c]	0.003583	(Cell Envelope Biosynthesis) or (Fatty acid biosynthesis)	(AFE_0796 or AFE_1910)	3
T0	0.1	3OAR5	3-oxoacyl-(acyl-carrier-protein) reductase	coxocdaACP[c] + h[c] + nadph[c] -> chyocdeACP[c] + nadp[c]	0.003583	(Cell Envelope Biosynthesis) or (Fatty acid biosynthesis)	AFE_1908	3
T0	0.1	EAR5	enoyl-(acyl-carrier-protein) reductase	c2tocdeACP[c] + h[c] + nadph[c] -> nadp[c] + octeACP[c]	0.003583	(Cell Envelope Biosynthesis) or (Fatty acid biosynthesis)	AFE_0420	3
T0	0.1	BHAH5	beta-hydroxyacyl-(acyl-carrier-protein) dehydratase	chyocdeACP[c] -> c2tocdeACP[c] + h2o[c]	0.003583	(Membrane Lipid Metabolism) or (Fatty acid biosynthesis)	AFE_1455	3
T0	0.1	NDPK4	nucleoside-diphosphate kinase (ATP:dTDP)	atp[c] + dtdp[c] + h[c] -> adp[c] + dttp[c]	0.003485	Nucleotide Salvage Pathway	AFE_1929	2
T0	0.1	Ktex	k transport	k[e] -> k[p]	0.003114	Transport, Outer Membrane Porin		1
T0	0.1	Ktpp	voltage-gated potassium channel	k[p] -> k[c]	0.003114	Transport, Inner Membrane	(AFE_2922 or AFE_1968 or AFE_3093 or AFE_1753)	2
T0	0.1	Ex_k[e]	k+ exchange	k[e] -> 	-0.003114	Exchange		
T0	0.1	HCYSMT	homocysteine S-methyltransferase	amet[c] + hcys-L[c] -> ahcys[c] + h[c] + met-L[c]	-0.002792	Methionine Metabolism	AFE_3126	2
T0	0.1	PSD120	Phosphatidylserine decarboxylase	h[c] + ps120[c] -> co2[c] + pe_AFE[c]	0.002749	( Glycerophospholipid Metabolism ) or (Phosphatidylethanolamine biosynthesis )	AFE_2292	2
T0	0.1	PSSA120	CDP-diacylglycerol--serine O-phosphatidyltransferase 	cdpdag_AFE[c] + ser-L[c] -> cmp[c] + h[c] + ps120[c]	0.002749	( Glycerophospholipid Metabolism ) or (Phosphatidylethanolamine biosynthesis )	AFE_2291	2
T0	0.1	ALAR	alanine racemase	ala-L[c] -> ala-D[c]	0.00264	Alanine and Aspartate Metabolism	AFE_2818	2
T0	0.1	LIPA		0.52 dtdpglu[c] + 0.43 dtdprmn[c] + 0.01 gam[c] + 0.01 gdpmann[c] + hlipa_AFE[c] -> 0.94 dtdp[c] + 0.01 gdp[c] + polysac_AFE[c]	0.0026	Lipopolysaccharide Biosynthesis		3
T0	0.1	KDOCT	3-deoxy-D-manno-octulosonic-acid transferase	ckdo[c] -> cmp[c] + h[c] + kdo_AFE[c]	0.0026	( Lipopolysaccharide Biosynthesis ) or ( KDO(2)-AFE synthesis )	AFE_0237	3
T0	0.1	KDOCT3	3-deoxy-D-manno-octulosonic-acid transferase	ckdo[c] + kdo_AFE[c] -> kdo2_AFE[c]	0.0026	( Lipopolysaccharide Biosynthesis ) or ( KDO(2)-AFE synthesis )	AFE_0237	3
T0	0.1	HKDOS	Lipopolysaccharide heptosyltransferase Iacyltransferase 	0.03 adphep-LD[c] + kdo2_AFE[c] -> hlipa_AFE[c]	0.0026	( Lipopolysaccharide Biosynthesis ) or ( KDO(2)-AFE synthesis )		3
T0	0.1	G1PTT	glucose-1-phosphate thymidylyltransferase	dttp[c] + g1p[c] -> dtdpglu[c] + ppi[c]	0.00247	Cell Envelope Biosynthesis	AFE_3295	2
T0	0.1	PGPP120	Phosphatidylglycerophosphatase 	h2o[c] + pgp_AFE[c] -> pg120[c] + pi[c]	0.002227	Glycerophospholipid Metabolism	AFE_0929	2
T0	0.1	PGSA	CDP-diacylglycerol--glycerol-3-phosphate 3-phosphatidyltransferase 	cdpdag_AFE[c] + glyc3p[c] -> cmp[c] + h[c] + pgp_AFE[c]	0.002227	Glycerophospholipid Metabolism	(AFE_1900 and AFE_0854)	2
T0	0.1	PMEAS	Phosphatidylserine decarboxylase	amet[c] + pe_AFE[c] -> ahcys[c] + ptdmeeta_AFE[c]	0.002038	( Glycerophospholipid Metabolism ) or (Phosphatidylethanolamine biosynthesis )	(AFE_2739 or AFE_0594)	2
T0	0.1	MN2tex	mn2 transport	mn2[e] -> mn2[p]	0.002031	Transport, Outer Membrane Porin		1
T0	0.1	MN2tpp	metalion trabsporter, NRAMP family	mn2[p] -> mn2[c]	0.002031	Transport, Inner Membrane	(AFE_0920 or AFE_0105)	2
T0	0.1	Ex_mn2[e]	mn2+ exchange	mn2[e] -> 	-0.002031	Exchange		
T0	0.1	EAR14	enoyl-(acyl-carrier-protein) reductase	h[c] + nadph[c] + tmrs2eACP[c] -> myrsACP[c] + nadp[c]	0.001781	(Cell Envelope Biosynthesis) or (Fatty acid biosynthesis)	AFE_0420	3
T0	0.1	BHAH14	beta-hydroxyacyl-(acyl-carrier-protein) dehydratase	3hmrsACP[c] -> h2o[c] + tmrs2eACP[c]	0.001781	(Membrane Lipid Metabolism) or (Fatty acid biosynthesis)	AFE_1455	3
T0	0.1	UDCPDP	undecaprenyl-diphosphatase	h2o[c] + udcpdp[c] -> h[c] + pi[c] + udcpp[c]	0.00176	Cell Envelope Biosynthesis	AFE_0636	2
T0	0.1	ALAALAr	D-alanine-D-alanine ligase	2 ala-D[c] + atp[c] -> adp[c] + alaala[c] + h[c] + pi[c]	0.00176	(Cell Envelope Biosynthesis) or (Murein Biosynthesis)	AFE_0203	2
T0	0.1	PAPPT3	phospho-N-acetylmuramoyl-pentapeptide-transferase (meso-2,6-diaminopimelate)	udcpp[c] + ugmda[c] -> uagmda[c] + ump[c]	0.00176	( Cell Envelope Biosynthesis ) or ( Peptidoglycan biosynthesis )	AFE_0209	2
T0	0.1	UAGCVT	UDP-N-acetylglucosamine 1-carboxyvinyltransferase	pep[c] + uacgam[c] -> pi[c] + uaccg[c]	0.00176	( Cell Envelope Biosynthesis ) or ( Peptidoglycan biosynthesis )	AFE_3039	2
T0	0.1	UAPGR	UDP-N-acetylmuramate dehydrogenase	nadp[c] + uamr[c] -> h[c] + nadph[c] + uaccg[c]	-0.00176	( Cell Envelope Biosynthesis ) or ( Peptidoglycan biosynthesis )	AFE_0204	2
T0	0.1	UAMAS	UDP-N-acetylmuramate--alanine ligase	ala-L[c] + atp[c] + uamr[c] -> adp[c] + h[c] + pi[c] + uama[c]	0.00176	( Cell Envelope Biosynthesis ) or ( Peptidoglycan biosynthesis )	AFE_0205	2
T0	0.1	UAMAGS	UDP-N-acetylmuramoylalanine--D-glutamate ligase	atp[c] + glu-D[c] + uama[c] -> adp[c] + h[c] + pi[c] + uamag[c]	0.00176	( Cell Envelope Biosynthesis ) or ( Peptidoglycan biosynthesis )	AFE_0208	2
T0	0.1	UAAGDS	UDP-N-acetylmuramoylalanyl-D-glutamate--2,6-diaminopimelate ligase	26dap-M[c] + atp[c] + uamag[c] -> adp[c] + h[c] + pi[c] + ugmd[c]	0.00176	( Cell Envelope Biosynthesis ) or ( Peptidoglycan biosynthesis )	AFE_0211	2
T0	0.1	UGLDDS	UDP-N-acetylmuramoyl-tripeptide--D-alanyl-D-alanine ligase	alaala[c] + atp[c] + ugmd[c] -> adp[c] + h[c] + pi[c] + ugmda[c]	0.00176	( Cell Envelope Biosynthesis ) or ( Peptidoglycan biosynthesis )	AFE_0210	2
T0	0.1	UCMAT	undecaprenyldiphospho-muramoylpentapeptide ?-N-acetylglucosaminyltransferase	uacgam[c] + uagmda[c] -> h[c] + udp[c] + ugmdal[c]	0.00176	( Cell Envelope Biosynthesis ) or ( Peptidoglycan biosynthesis )	AFE_0206	2
T0	0.1	GLUR	glutamate racemase	glu-L[c] -> glu-D[c]	0.00176	( Cell Envelope Biosynthesis ) or ( Peptidoglycan biosynthesis )	AFE_2842	2
T0	0.1	LPS	lipolysaccharide formation	0.3 lip_AFE[c] + 1.6 polysac_AFE[c] -> lps_AFE[c]	0.001625	Lipopolysaccharide Biosynthesis		3
T0	0.1	NDPK7	nucleoside-diphosphate kinase (ATP:dCDP)	atp[c] + dcdp[c] -> adp[c] + dctp[c]	0.001489	Nucleotide Salvage Pathway	AFE_1929	2
T0	0.1	NDPK5	nucleoside-diphosphate kinase (ATP:dGDP)	atp[c] + dgdp[c] -> adp[c] + dgtp[c]	0.001489	Nucleotide Salvage Pathway	AFE_1929	2
T0	0.1	RNDR3	ribonucleoside-diphosphate reductase (CDP)	cdp[c] + trdrd[c] -> dcdp[c] + h2o[c] + trdox[c]	0.001489	Nucleotide Salvage Pathway	(AFE_2639 and AFE_2638)	2
T0	0.1	RNDR2	ribonucleoside-diphosphate reductase (GDP)	gdp[c] + trdrd[c] -> dgdp[c] + h2o[c] + trdox[c]	0.001489	Nucleotide Salvage Pathway	(AFE_2639 and AFE_2638)	2
T0	0.1	3OAS12	3-oxoacyl-[acyl-carrier-protein] synthase	h[c] + malACP[c] + myrsACP[c] -> 3opalmACP[c] + ACP[c] + co2[c]	0.001294	(Cell Envelope Biosynthesis) or (Fatty acid biosynthesis)	(AFE_0796 or AFE_1910)	3
T0	0.1	3OAR15	3-oxoacyl-(acyl-carrier-protein) reductase	3opalmACP[c] + h[c] + nadph[c] -> 3hpalmACP[c] + nadp[c]	0.001294	(Cell Envelope Biosynthesis) or (Fatty acid biosynthesis)	AFE_1908	3
T0	0.1	EAR15	enoyl-(acyl-carrier-protein) reductase	h[c] + nadph[c] + tpalm2eACP[c] -> nadp[c] + palmACP[c]	0.001294	(Cell Envelope Biosynthesis) or (Fatty acid biosynthesis)	AFE_0420	3
T0	0.1	BHAH15	beta-hydroxyacyl-(acyl-carrier-protein) dehydratase	3hpalmACP[c] -> h2o[c] + tpalm2eACP[c]	0.001294	(Membrane Lipid Metabolism) or (Fatty acid biosynthesis)	AFE_1455	3
T0	0.1	3OAS5	3-oxoacyl-[acyl-carrier-protein] synthase	5 h[c] + 5 malACP[c] + ptACP[c] -> 5 ACP[c] + 5 co2[c] + v3oaACP[c]	0.001194	(Cell Envelope Biosynthesis) or (Fatty acid biosynthesis)	(AFE_0796 or AFE_1910)	3
T0	0.1	3OAR6	3-oxoacyl-(acyl-carrier-protein) reductase	3oxpenACP[c] + h[c] + nadph[c] -> R-3hptACP[c] + nadp[c]	0.001194	(Cell Envelope Biosynthesis) or (Fatty acid biosynthesis)	AFE_1908	3
T0	0.1	3OAR7	3-oxoacyl-(acyl-carrier-protein) reductase	5 h[c] + 5 nadph[c] + v3oaACP[c] -> 5 nadp[c] + v3haACP[c]	0.001194	(Cell Envelope Biosynthesis) or (Fatty acid biosynthesis)	AFE_1908	3
T0	0.1	3OAS28	3-oxoacyl-(acyl-carrier-protein) synthase III	h[c] + malACP[c] + ppcoa[c] -> 3oxpenACP[c] + co2[c] + coa[c]	0.001194	(Cell Envelope Biosynthesis) or (Fatty acid biosynthesis)	AFE_1906	3
T0	0.1	EAR6	enoyl-(acyl-carrier-protein) reductase	2tpenACP[c] + h[c] + nadph[c] -> nadp[c] + ptACP[c]	0.001194	(Cell Envelope Biosynthesis) or (Fatty acid biosynthesis)	AFE_0420	3
T0	0.1	EAR7	enoyl-(acyl-carrier-protein) reductase	5 h[c] + 5 nadph[c] + vtenACP[c] -> 5 nadp[c] + ptdcaACP[c]	0.001194	(Cell Envelope Biosynthesis) or (Fatty acid biosynthesis)	AFE_0420	3
T0	0.1	BHAH6	beta-hydroxyacyl-(acyl-carrier-protein) dehydratase	R-3hptACP[c] -> 2tpenACP[c] + h2o[c]	0.001194	(Membrane Lipid Metabolism) or (Fatty acid biosynthesis)	AFE_1455	3
T0	0.1	BHAH7	beta-hydroxyacyl-(acyl-carrier-protein) dehydratase	v3haACP[c] -> 5 h2o[c] + vtenACP[c]	0.001194	(Membrane Lipid Metabolism) or (Fatty acid biosynthesis)	AFE_1455	3
T0	0.1	MMM	Methylmalonyl-CoA mutase	mmcoa[c] -> succoa[c]	-0.001194	( Alternate Carbon Metabolism ) or ( Methylmalonyl pathway )		1
T0	0.1	MMCD	Methylmalonyl-CoA decarboxylase	h[c] + mmcoa[c] -> co2[c] + ppcoa[c]	0.001194	Alternate Carbon Metabolism		1
T0	0.1	SUCD	succinate dehydrogenase	fum[c] + h[c] + nadh[c] -> nad[c] + succ[c]	0.001179	Citric Acid Cycle	AFE_2550	2
T0	0.1	TDPGDH	dTDPglucose 4,6-dehydratase	dtdpglu[c] -> dtdp4d6dg[c] + h2o[c]	0.001118	Cell Envelope Biosynthesis	AFE_0441	2
T0	0.1	TDPDRE2	dTDP-L-rhamnose synthetase 	dtdp4d6dg[c] + h[c] + nadh[c] -> dtdprmn[c] + nad[c]	0.001118	Cell Envelope Biosynthesis	AFE_3294	2
T0	0.1	3OAS6	3-oxoacyl-[acyl-carrier-protein] synthase	h[c] + malACP[c] + ptdcaACP[c] -> 3oxhepACP[c] + ACP[c] + co2[c]	0.001095	(Cell Envelope Biosynthesis) or (Fatty acid biosynthesis)	(AFE_0796 or AFE_1910)	3
T0	0.1	3OAR8	3-oxoacyl-(acyl-carrier-protein) reductase	3oxhepACP[c] + h[c] + nadph[c] -> R-3hyhepACP[c] + nadp[c]	0.001095	(Cell Envelope Biosynthesis) or (Fatty acid biosynthesis)	AFE_1908	3
T0	0.1	BHAH8	beta-hydroxyacyl-(acyl-carrier-protein) dehydratase	R-3hyhepACP[c] -> h2o[c] + thepcaACP[c]	0.001095	(Membrane Lipid Metabolism) or (Fatty acid biosynthesis)	AFE_1455	3
T0	0.1	DHFR	dihydrofolate reductase	nadp[c] + thf[c] -> dhf[c] + h[c] + nadph[c]	-0.001047	(Cofactor and Prosthetic Group Biosynthesis) or (Tetrahydrofolate biosynthesis)		1
T0	0.1	TMDS	Thymidylate synthase	dump[c] + mlthf[c] -> dhf[c] + dtmp[c]	0.001041	Nucleotide Salvage Pathway		1
T0	0.1	DUTPDP	dUTP diphosphatase	dutp[c] + h2o[c] -> dump[c] + h[c] + ppi[c]	0.001041	Nucleotide Salvage Pathway	AFE_0356	2
T0	0.1	NDPK6	nucleoside-diphosphate kinase (ATP:dUDP)	atp[c] + dudp[c] -> adp[c] + dutp[c] + h[c]	0.001041	Nucleotide Salvage Pathway	AFE_1929	2
T0	0.1	RNDR4	ribonucleoside-diphosphate reductase (UDP)	h[c] + trdrd[c] + udp[c] -> dudp[c] + h2o[c] + trdox[c]	0.001041	Nucleotide Salvage Pathway	(AFE_2639 and AFE_2638)	2
T0	0.1	DTMPK	dTMP kinase	atp[c] + dtmp[c] -> adp[c] + dtdp[c]	0.001041	Nucleotide Salvage Pathway	AFE_1913	2
T0	0.1	NDPK8	nucleoside-diphosphate kinase (ATP:dADP)	atp[c] + dadp[c] -> adp[c] + datp[c]	0.001015	Nucleotide Salvage Pathway	AFE_1929	2
T0	0.1	RNDR1	ribonucleoside-diphosphate reductase (ADP)	adp[c] + trdrd[c] -> dadp[c] + h2o[c] + trdox[c]	0.001015	Nucleotide Salvage Pathway	(AFE_2639 and AFE_2638)	2
T0	1.0	Ex_fe2[e]	fe2+ exchange	fe2[e] -> 	-376.909218	Exchange		
T0	1.0	Ex_fe3[e]	fe3+ exchange	fe3[e] -> 	376.881293	Exchange		
T0	1.0	Htex	h transport	h[p] -> h[e]	-361.69702	Transport, Outer Membrane Porin		1
T0	1.0	Ex_h[e]	h+ exchange	h[e] -> 	-361.69702	Exchange		
T0	1.0	H2Otex	h2o transport	h2o[e] -> h2o[p]	-189.235349	Transport, Outer Membrane Porin		1
T0	1.0	H2Otpp	h2o transport (citoplasm)	h2o[p] -> h2o[c]	-189.235349	Transport, Inner Membrane		1
T0	1.0	Ex_h2o[e]	h2o exchange	h2o[e] -> 	189.235349	Exchange		
T0	1.0	CYT2	cytochrome c/rusticyanin complex	2 fe2[e] + rust[p] -> 2 fe3[e] + rustred[p]	188.447624	Oxidative Phosphorylation	(AFE_3153)	3
T0	1.0	CYTAA31	cytochrome c oxidase, aa3-type	cytccr[p] + 2 h[c] + 0.5 o2[c] -> cytcco[p] + h2o[c]	180.681076	Oxidative Phosphorylation	(AFE_3149 and AFE_3150 and AFE_3148 and AFE_3147)	3
T0	1.0	CYT1	cytochrome c552/rusticyanin complex	cytcco[p] + rustred[p] -> cytccr[p] + rust[p]	180.681076	Oxidative Phosphorylation	(AFE_3152 and AFE_3146)	3
T0	1.0	O2tex	o2 transport	o2[e] -> o2[p]	90.371957	Transport, Outer Membrane Porin		1
T0	1.0	O2tpp	o2 transport (citoplasm)	o2[p] -> o2[c]	90.371957	Transport, Inner Membrane		1
T0	1.0	Ex_o2[e]	o2 exchange	o2[e] -> 	-90.371957	Exchange		
T0	1.0	ATPS5rpp	ATP synthase (five protons for one ATP) (periplasm)	adp[c] + 5 h[p] + pi[c] -> atp[c] + h2o[c] + 4 h[c]	55.577185	Oxidative Phosphorylation	(AFE_3205 and AFE_3209 and AFE_3202 and AFE_3203 and AFE_3208 and AFE_3207 and AFE_3204 and AFE_3206)	3
T0	1.0	NADHI	NADH dehydrogenase (ubiquinone-8 & 5 protons) (periplasm)	5 h[p] + nad[c] + q8h2[c] -> 6 h[c] + nadh[c] + q8[c]	8.830802	Oxidative Phosphorylation	(AFE_2630 and AFE_2629 and AFE_2628 and AFE_2627 and AFE_2626 and AFE_2625 and AFE_2624 and AFE_2623 and AFE_2622 and AFE_2621 and AFE_2620 and AFE_2619 and AFE_2618 and AFE_2617)	3
T0	1.0	CYTBC1	cytochrome oxidase bc1 (5 protons) (periplasm)	cytcAr[p] + 5 h[p] + q8[c] -> cytcAo[p] + 5 h[c] + q8h2[c]	7.766548	Oxidative Phosphorylation	((AFE_3108 and AFE_3109 and AFE_3110 and AFE_3111) or (AFE_2729 and AFE_2730 and AFE_2731))	3
T0	1.0	CYTA2	cytochrome c4/rusticyanin complex	cytcAo[p] + rustred[p] -> cytcAr[p] + rust[p]	7.766548	Oxidative Phosphorylation	(AFE_3107 and AFE_3146)	3
T0	1.0	ATPM	ATP maintenance requirement	atp[c] + h2o[c] -> adp[c] + h[c] + pi[c]	3.475	Unassigned		1
T0	1.0	GAPD1	glyceraldehyde-3-phosphate dehydrogenase	13dpg[c] + h[c] + nadh[c] -> g3p[c] + nad[c] + pi[c]	2.965869	(Glycolysis/Gluconeogenesis) or (Calvin-Benson-Bassham Cycle)	AFE_3251	2
T0	1.0	PGK	phosphoglycerate kinase	3pg[c] + atp[c] -> 13dpg[c] + adp[c]	2.965869	(Glycolysis/Gluconeogenesis) or (Calvin-Benson-Bassham Cycle)	AFE_3250	2
T0	1.0	NADTRHD	NAD transhydrogenase	h[p] + nadh[c] + nadp[c] -> h[c] + nad[c] + nadph[c]	2.909729	Oxidative Phosphorylation		1
T0	1.0	RUBISCO	Ribulose-bisphosphate carboxylase	co2[c] + h2o[c] + rb15bp[c] -> 2 3pg[c] + 2 h[c]	2.662787	(CO2 fixation) or (Rubisco Shunt) or (Calvin-Benson-Bassham Cycle)	(AFE_2155 or AFE_0434 or (AFE_3051 and AFE_3052) or (AFE_1690 and AFE_1691))	3
T0	1.0	PRUK	Phosphoribulokinase	atp[c] + ru5p-D[c] -> adp[c] + h[c] + rb15bp[c]	2.662787	(Pentose Phosphate Pathway) or (Calvin-Benson-Bassham Cycle)	AFE_0536	2
T0	1.0	CYTK1	cytidylate kinase (CMP)	atp[c] + cmp[c] -> adp[c] + cdp[c]	2.158283	Nucleotide Salvage Pathway	AFE_0902	2
T0	1.0	NDPK3	nucleoside-diphosphate kinase (ATP:CDP)	atp[c] + cdp[c] -> adp[c] + ctp[c]	2.1537	Nucleotide Salvage Pathway	AFE_1929	2
T0	1.0	CYTDK1	cytidine kinase (ATP)	atp[c] + cytd[c] -> adp[c] + cmp[c] + h[c]	2.134892	Nucleotide Salvage Pathway		1
T0	1.0	CYTD	cytidine deaminase	cytd[c] + h2o[c] + h[c] -> nh4[c] + uri[c]	-2.134892	Nucleotide Salvage Pathway		1
T0	1.0	UPPRT	uracil phosphoribosyltransferase	ppi[c] + ump[c] -> prpp[c] + ura[c]	2.134892	Purine and Pyrimidine Biosynthesis	AFE_3060	2
T0	1.0	URIP	uridine phosphorylase	pi[c] + uri[c] -> r1p[c] + ura[c]	-2.134892	Nucleotide Salvage Pathway		1
T0	1.0	ENO	enolase	2pg[c] -> h2o[c] + pep[c]	2.110547	Glycolysis/Gluconeogenesis	(AFE_1800 or AFE_0849)	2
T0	1.0	PGM1	phosphoglycerate mutase	3pg[c] -> 2pg[c]	2.110547	Glycolysis/Gluconeogenesis	(AFE_1815 or AFE_0155 or AFE_0526 or AFE_0621)	2
T0	1.0	CTPS2	CTP synthase (glutamine)	atp[c] + gln-L[c] + h2o[c] + utp[c] -> adp[c] + ctp[c] + glu-L[c] + 2 h[c] + pi[c]	-2.095231	Purine and Pyrimidine Biosynthesis	AFE_0847	2
T0	1.0	URIDK	uridylate kinase	atp[c] + ump[c] -> adp[c] + udp[c]	-2.06553	Purine and Pyrimidine Biosynthesis	AFE_1446	2
T0	1.0	NDPK2	nucleoside-diphosphate kinase (ATP:UDP)	atp[c] + udp[c] -> adp[c] + utp[c]	-2.061819	Nucleotide Salvage Pathway	AFE_1929	2
T0	1.0	PUNP3	guanosine phosphorylase 	gsn[c] + pi[c] -> gua[c] + r1p[c]	2.060789	Nucleotide Salvage Pathway		1
T0	1.0	GSNK	guanosine kinase	atp[c] + gsn[c] -> adp[c] + gmp[c] + h[c]	-2.060789	Nucleotide Salvage Pathway		1
T0	1.0	GUAPRT	guanine phosphoribosyltransferase	gmp[c] + ppi[c] -> gua[c] + prpp[c]	-2.060789	Nucleotide Salvage Pathway	AFE_0364	2
T0	1.0	HCO3tex	hco3 transport	h2co3[e] -> h2co3[p]	2.0	Transport, Outer Membrane Porin		1
T0	1.0	HCO3tpp	hco3 transport (citoplasm)	h2co3[p] -> h[c] + hco3[c]	2.0	Transport, Inner Membrane		1
T0	1.0	Ex_h2co3[e]	h3co3 exchange	h2co3[e] -> 	-2.0	Exchange		
T0	1.0	RPE	ribulose 5-phosphate 3-epimerase	ru5p-D[c] -> xu5p-D[c]	-1.921966	(Pentose Phosphate Pathway) or (Calvin-Benson-Bassham Cycle)	AFE_3247	2
T0	1.0	GLUSy	glutamate synthase (NADPH)	akg[c] + gln-L[c] + h[c] + nadph[c] -> 2 glu-L[c] + nadp[c]	1.650236	Glutamate Metabolism	(AFE_0730 and AFE_0729)	4
T0	1.0	HCO3E	HCO3 equilibration reaction	co2[c] + h2o[c] -> h[c] + hco3[c]	-1.606879	(CO2 fixation) or (Rubisco Shunt) or (Calvin-Benson-Bassham Cycle)	AFE_0287	2
T0	1.0	PYK	pyruvate kinase	adp[c] + h[c] + pep[c] -> atp[c] + pyr[c]	1.32363	Glycolysis/Gluconeogenesis	(AFE_0749 or AFE_1801 or AFE_3249)	2
T0	1.0	N2tex	n2 transport	n2[e] -> n2[p]	1.064258	Transport, Outer Membrane Porin		1
T0	1.0	N2tpp	n2 transport (citoplasm)	n2[p] -> n2[c]	1.064258	Transport, Inner Membrane		1
T0	1.0	HYD3pp	hydrogenase III	h2[c] + 2 h[c] + q8[c] -> 2 h[p] + q8h2[c]	1.064258	Hydrogen and Formate Utilization	(AFE_0937 and AFE_0938 and AFE_0939 and AFE_0940)	2
T0	1.0	NITF	sulfide quinone reductase	16 atp[c] + 16 h2o[c] + n2[c] + 4 nadh[c] -> 16 adp[c] + h2[c] + 10 h[c] + 4 nad[c] + 2 nh4[c] + 16 pi[c]	1.064258	Nitrogen fixation	(AFE_1515 and AFE_1516 and AFE_1517 and AFE_1518 and AFE_1519 and AFE_1520 and AFE_1521 and AFE_1522)	3
T0	1.0	Ex_n2[e]	n2 exchange	n2[e] -> 	-1.064258	Exchange		
T0	1.0	BDGK	Glucokinase 	atp[c] + glc-B[c] -> adp[c] + g6p-B[c] + h[c]	0.999992	Glycolysis/Gluconeogenesis		1
T0	1.0	Ex_glc-B[e]	beta-D-Glucose exchange	glc-B[e] -> 	-0.999992	hypothetical glucose uptake		
T0	1.0	GLCtex	glucose outer porin	glc-B[e] -> glc-B[p]	0.999992	hypothetical glucose uptake		
T0	1.0	GLCtpp	glucose facilitated inner transport	glc-B[p] -> glc-B[c]	0.999992	hypothetical glucose uptake		
T0	1.0	TPI	triose-phosphate isomerase	g3p[c] -> dhap[c]	0.996534	(Glycolysis/Gluconeogenesis) or (Calvin-Benson-Bassham Cycle)	AFE_2633	2
T0	1.0	TKT1	transketolase	e4p[c] + xu5p-D[c] -> f6p-B[c] + g3p[c]	-0.994448	(Pentose Phosphate Pathway) or (Calvin-Benson-Bassham Cycle)	(AFE_1843 and AFE_3252)	2
T0	1.0	PGI1	glucose-6-phosphate isomerase	g6p-B[c] -> f6p-B[c]	0.961148	Glycolysis/Gluconeogenesis	AFE_2924	2
T0	1.0	FBA3	Sedoheptulose 1,7-bisphosphate D-glyceraldehyde-3-phosphate-lyase	dhap[c] + e4p[c] -> s17bp[c]	0.927758	(Pentose Phosphate Pathway) or (Calvin-Benson-Bassham Cycle)	(AFE_1676 and AFE_3248)	2
T0	1.0	SBPASE	Sedoheptulose-bisphosphatase	h2o[c] + s17bp[c] -> pi[c] + s7p[c]	0.927758	(Pentose Phosphate Pathway) or (Calvin-Benson-Bassham Cycle)	AFE_3253	2
T0	1.0	TKT2	transketolase	g3p[c] + s7p[c] -> r5p[c] + xu5p-D[c]	0.927518	(Pentose Phosphate Pathway) or (Calvin-Benson-Bassham Cycle)	(AFE_1843 and AFE_3252)	2
T0	1.0	RPI	ribose-5-phosphate isomerase	r5p[c] -> ru5p-D[c]	0.756836	(Pentose Phosphate Pathway) or (Calvin-Benson-Bassham Cycle)	AFE_0629	2
T0	1.0	PDH	pyruvate dehydrogenase	coa[c] + nad[c] + pyr[c] -> accoa[c] + co2[c] + nadh[c]	0.654688	Glycolysis/Gluconeogenesis	(AFE_3070 and AFE_3069 and AFE_3068)	2
T0	1.0	PPA	inorganic diphosphatase	h2o[c] + ppi[c] -> h[c] + 2 pi[c]	0.641431	Anaplerotic Reactions	AFE_0492	2
T0	1.0	PPC	phosphoenolpyruvate carboxylase	co2[c] + h2o[c] + pep[c] -> h[c] + oaa[c] + pi[c]	0.63213	Anaplerotic Reactions	AFE_1810	2
T0	1.0	ASPTA	aspartate transaminase	akg[c] + asp-L[c] -> glu-L[c] + oaa[c]	-0.515494	Alanine and Aspartate Metabolism	AFE_2022	2
T0	1.0	ADK1	Adenylate kinase	amp[c] + atp[c] -> 2 adp[c]	0.46733	Nucleotide Salvage Pathway	AFE_0348	2
T0	1.0	ACCOAC	Acetyl-CoA carboxylase	accoa[c] + atp[c] + hco3[c] -> adp[c] + h[c] + malcoa[c] + pi[c]	0.27235	(Membrane Lipid Metabolism) or (Fatty Acid Biosynthesis)	(AFE_1462 or AFE_0196 or AFE_0195 or AFE_2067)	2
T0	1.0	MCOATA	Malonyl-CoA-ACP transacylase	ACP[c] + malcoa[c] -> coa[c] + malACP[c]	0.27235	(Membrane Lipid Metabolism) or (Fatty acid biosynthesis)	AFE_1907	3
T0	1.0	PGCD	phosphoglycerate dehydrogenase	3pg[c] + nad[c] -> 3php[c] + h[c] + nadh[c]	0.249167	Glycine and Serine Metabolism	AFE_0896	2
T0	1.0	PSP_L	phosphoserine phosphatase (L-serine)	h2o[c] + pser-L[c] -> pi[c] + ser-L[c]	0.249167	Glycine and Serine Metabolism	AFE_0368	2
T0	1.0	PSERT	phosphoserine transaminase	akg[c] + pser-L[c] -> 3php[c] + glu-L[c]	-0.249167	Glycine and Serine Metabolism	AFE_0895	2
T0	1.0	VALTA2	valine transaminase	akg[c] + val-L[c] -> 3mob[c] + glu-L[c]	-0.236421	Valine, Leucine, and Isoleucine Metabolism	AFE_0547	2
T0	1.0	ACONT1	aconitase (half-reaction A, Citrate hydro-lyase)	cit[c] -> acon-C[c] + h2o[c]	0.22932	Citric Acid Cycle	AFE_0423	2
T0	1.0	ACONT2	aconitase (half-reaction B, Isocitrate hydro-lyase)	acon-C[c] + h2o[c] -> icit[c]	0.22932	Citric Acid Cycle	AFE_0423	2
T0	1.0	CS	citrate synthase	accoa[c] + h2o[c] + oaa[c] -> cit[c] + coa[c] + h[c]	0.22932	Citric Acid Cycle	AFE_3065	2
T0	1.0	ICDHyr	isocitrate dehydrogenase (NADP)	icit[c] + nadp[c] -> akg[c] + co2[c] + nadph[c]	0.22932	Citric Acid Cycle	AFE_0424	2
T0	1.0	ASPK	Aspartate kinase	asp-L[c] + atp[c] -> 4pasp[c] + adp[c]	0.22414	Threonine and Lysine Metabolism	AFE_0407	2
T0	1.0	ASAD	aspartate-semialdehyde dehydrogenase	aspsa[c] + nadp[c] + pi[c] -> 4pasp[c] + h[c] + nadph[c]	-0.22414	Threonine and Lysine Metabolism	AFE_2074	2
T0	1.0	Afe_biomass_mc507_WT_139p0M	Afe biomass objective function (mc507) - WT - with 139 GAM estimate	2e-05 10fthf[c] + 2e-05 5mthf[c] + 3e-05 accoa[c] + 0.66 ala-L[c] + 2e-05 amet[c] + 0.28 arg-L[c] + 0.27 asn-L[c] + 0.27 asp-L[c] + 139.1 atp[c] + 0.087 ca2[c] + 2e-05 chor[c] + 2e-05 coa[c] + 0.13 ctp[c] + 0.001 cu2[c] + 0.015 datp[c] + 0.022 dctp[c] + 0.022 dgtp[c] + 0.015 dttp[c] + 2e-05 fad[c] + 0.067 fe2[c] + 0.067 fe3[c] + 0.26 gln-L[c] + 0.26 glu-L[c] + 0.55 gly[c] + 0.15 glycogen[c] + 2e-05 gthrd[c] + 0.14 gtp[c] + 139 h2o[c] + 2e-05 hemeO[c] + 0.24 his-L[c] + 0.29 ile-L[c] + 0.046 k[c] + 0.51 leu-L[c] + 0.024 lps_AFE[c] + 0.33 lys-L[c] + 0.17 met-L[c] + 0.24 mg2[c] + 2e-05 mlthf[c] + 0.03 mn2[c] + 0.013 murein5px4p[c] + 0.14 na1[c] + 0.00019 nad[c] + 1e-05 nadp[c] + 4e-05 nadph[c] + 0.18 phe-L[c] + 2e-05 pheme[c] + 0.07 ppl_AFE[c] + 0.27 pro-L[c] + 0.00358 ptrc[c] + 2e-05 pydx5p[c] + 2e-05 q8h2[c] + 2e-05 ribflv[c] + 0.23 ser-L[c] + 2e-05 sheme[c] + 0.09 so4[c] + 0.00073 spmd[c] + 1e-05 succoa[c] + 2e-05 thf[c] + 2e-05 thmpp[c] + 0.26 thr-L[c] + 0.14 tyr-L[c] + 1e-05 udcpdp[c] + 0.094 utp[c] + 0.41 val-L[c] + 0.002 zn2[c] -> 139 adp[c] + bio[c] + 139 h[c] + 139 pi[c] + 0.531 ppi[c]	0.208304	Exchange		3
T0	1.0	BIOMASStpp		bio[c] -> bio[p]	0.208304	Transport, Inner Membrane		1
T0	1.0	BIOMASStex		bio[p] -> bio[e]	0.208304	Transport, Outer Membrane Porin		1
T0	1.0	Ex_bio[e]	biomass exchange	bio[e] -> 	0.208304	Exchange		
T0	1.0	GHMT2	glycine hydroxymethyltransferase, reversible	ser-L[c] + thf[c] -> gly[c] + h2o[c] + mlthf[c]	0.192779	Glycine and Serine Metabolism	AFE_0295	2
T0	1.0	ACLS	acetolactate synthase	h[c] + 2 pyr[c] -> alac-S[c] + co2[c]	0.191652	Valine, Leucine, and Isoleucine Metabolism	(AFE_0745 and AFE_0746)	2
T0	1.0	KARA1	ketol-acid reductoisomerase (2,3-dihydroxy-3-methylbutanoate)	23dhmb[c] + nadp[c] -> alac-S[c] + h[c] + nadph[c]	-0.191652	Valine, Leucine, and Isoleucine Metabolism	AFE_0747	2
T0	1.0	DHAD1	dihydroxy-acid dehydratase (2,3-dihydroxy-3-methylbutanoate)	23dhmb[c] -> 3mob[c] + h2o[c]	0.191652	Valine, Leucine, and Isoleucine Metabolism	(AFE_1673 and AFE_0662)	2
T0	1.0	PRPPS	phosphoribosylpyrophosphate synthetase	atp[c] + r5p[c] -> amp[c] + h[c] + prpp[c]	0.170682	Histidine Metabolism	AFE_2766	2
T0	1.0	MTHFD1	methylenetetrahydrofolate dehydrogenase (NADP)	mlthf[c] + nadp[c] -> methf[c] + nadph[c]	0.165871	Folate Metabolism	AFE_1877	2
T0	1.0	MTHFC	methenyltetrahydrofolate cyclohydrolase	h2o[c] + methf[c] -> 10fthf[c] + h[c]	0.165871	Folate Metabolism	AFE_1877	2
T0	1.0	VALTA1	valine transaminase	pyr[c] + val-L[c] -> 3mob[c] + ala-L[c]	0.151016	Valine, Leucine, and Isoleucine Metabolism		1
T0	1.0	HSDy	homoserine dehydrogenase (NADPH)	hom-L[c] + nadp[c] -> aspsa[c] + h[c] + nadph[c]	-0.149983	Threonine and Lysine Metabolism	AFE_0473	2
T0	1.0	Pitex	pi transport	pi[p] -> pi[e]	-0.142106	Transport, Outer Membrane Porin		1
T0	1.0	Pitpp	Phosphate ABC transporter	atp[c] + h2o[c] + pi[p] -> adp[c] + h[c] + 2 pi[c]	0.142106	Transport, Inner Membrane	((AFE_1939 and AFE_1940 and AFE_1941) or (AFE_1434 and AFE_1435 and AFE_1436 and AFE_1437 and AFE_1438 and AFE_1439 and AFE_1440 and AFE_1441))	2
T0	1.0	Ex_pi[e]	phosphate exchange	pi[e] -> 	-0.142106	Exchange		
T0	1.0	CBPS	carbamoyl-phosphate synthase (glutamine-hydrolysing)	2 atp[c] + gln-L[c] + h2o[c] + hco3[c] -> 2 adp[c] + cbp[c] + glu-L[c] + 2 h[c] + pi[c]	0.120772	Arginine and Proline Metabolism	(AFE_0640 and AFE_0639)	2
T0	1.0	HMSK	Homoserine kinase 	atp[c] + hom-L[c] -> adp[c] + h[c] + phom[c]	0.114567	Threonine and Lysine Metabolism	AFE_3097	2
T0	1.0	THRS	threonine synthase	h2o[c] + phom[c] -> pi[c] + thr-L[c]	0.114567	Threonine and Lysine Metabolism	AFE_0474	2
T0	1.0	FUM	fumarase	mal-L[c] -> fum[c] + h2o[c]	-0.112685	Citric Acid Cycle	AFE_2673	2
T0	1.0	MDH	malate dehydrogenase	mal-L[c] + nad[c] -> h[c] + nadh[c] + oaa[c]	0.112685	Citric Acid Cycle	AFE_3000	2
T0	1.0	AICART	phosphoribosylaminoimidazolecarboxamide formyltransferase	10fthf[c] + aicar[c] -> fprica[c] + thf[c]	0.108029	Purine and Pyrimidine Biosynthesis	AFE_2260	2
T0	1.0	IMPC	IMP cyclohydrolase	h2o[c] + imp[c] -> fprica[c]	-0.108029	Purine and Pyrimidine Biosynthesis	AFE_2260	2
T0	1.0	OMCDC	2-Oxo-4-methyl-3-carboxypentanoate decarboxylation (spontaneous)	3c4mop[c] + h[c] -> 4mop[c] + co2[c]	0.106235	Valine, Leucine, and Isoleucine Metabolism		1
T0	1.0	LEUTA	leucine transaminase	akg[c] + leu-L[c] -> 4mop[c] + glu-L[c]	-0.106235	Valine, Leucine, and Isoleucine Metabolism	AFE_0547	2
T0	1.0	IPPS	2-isopropylmalate synthase	3mob[c] + accoa[c] + h2o[c] -> 3c3hmp[c] + coa[c] + h[c]	0.106235	Valine, Leucine, and Isoleucine Metabolism	(AFE_2596 and AFE_1989)	2
T0	1.0	IPMD	3-isopropylmalate dehydrogenase	3c2hmp[c] + nad[c] -> 3c4mop[c] + h[c] + nadh[c]	0.106235	Valine, Leucine, and Isoleucine Metabolism	AFE_2075	4
T0	1.0	IPPMIa	3-isopropylmalate dehydratase	3c3hmp[c] -> 3c2hmp[c]	0.106235	Valine, Leucine, and Isoleucine Metabolism	(AFE_0624 and AFE_0626)	2
T0	1.0	SUCOAS	succinyl-CoA synthetase (ADP-forming)	atp[c] + coa[c] + succ[c] -> adp[c] + pi[c] + succoa[c]	0.077833	Citric Acid Cycle	(AFE_0427 and AFE_0425)	2
T0	1.0	INSK	insosine kinase	atp[c] + ins[c] -> adp[c] + h[c] + imp[c]	-0.074259	Nucleotide Salvage Pathway		1
T0	1.0	ADA	Adenosine deaminase	adn[c] + h2o[c] + h[c] -> ins[c] + nh4[c]	-0.074259	Nucleotide Salvage Pathway	AFE_0773	2
T0	1.0	ADPT	adenine phosphoribosyltransferase	amp[c] + ppi[c] -> ade[c] + prpp[c]	-0.074255	Nucleotide Salvage Pathway	AFE_0540	2
T0	1.0	SDPTA	succinyldiaminopimelate transaminase	akg[c] + sl26da[c] -> glu-L[c] + sl2a6o[c]	-0.074156	Threonine and Lysine Metabolism	AFE_1821	2
T0	1.0	DHDPS	dihydrodipicolinate synthase	aspsa[c] + pyr[c] -> 23dhdp[c] + 2 h2o[c] + h[c]	0.074156	Threonine and Lysine Metabolism	AFE_2358	2
T0	1.0	DHDPRy	dihydrodipicolinate reductase (NADPH)	nadp[c] + thdp[c] -> 23dhdp[c] + h[c] + nadph[c]	-0.074156	Threonine and Lysine Metabolism	AFE_2663	2
T0	1.0	THDPS	tetrahydrodipicolinate succinylase	h2o[c] + succoa[c] + thdp[c] -> coa[c] + sl2a6o[c]	0.074156	Threonine and Lysine Metabolism	AFE_1820	2
T0	1.0	SDPDS	succinyl-diaminopimelate desuccinylase	h2o[c] + sl26da[c] -> 26dap-LL[c] + succ[c]	0.074156	Threonine and Lysine Metabolism	AFE_1819	2
T0	1.0	DAPE	diaminopimelate epimerase	26dap-LL[c] -> 26dap-M[c]	0.074156	Threonine and Lysine Metabolism	AFE_2743	2
T0	1.0	PUNP1	purine-nucleoside phosphorylase (Adenosine)	adn[c] + pi[c] -> ade[c] + r1p[c]	0.074103	Nucleotide Salvage Pathway		1
T0	1.0	DAPDC	diaminopimelate decarboxylase	26dap-M[c] + h[c] -> co2[c] + lys-L[c]	0.06874	Threonine and Lysine Metabolism	AFE_3279	2
T0	1.0	DDPA	2-dehydro-3-deoxyphosphoheptonate aldolase	e4p[c] + h2o[c] + pep[c] -> 2dda7p[c] + pi[c]	0.066687	Tyrosine, Tryptophan, and Phenylalanine Metabolism	(AFE_2671 or AFE_0899)	2
T0	1.0	SHKK	shikimate-kinase	atp[c] + skm[c] -> adp[c] + h[c] + skm5p[c]	0.066687	(Tyrosine, Tryptophan, and Phenylalanine Metabolism) or (Chorismate Biosynthesis)	AFE_0734	2
T0	1.0	PSCVT	3-phosphoshikimate 1-carboxyvinyltransferase	pep[c] + skm5p[c] -> 3psme[c] + pi[c]	0.066687	Tyrosine, Tryptophan, and Phenylalanine Metabolism	AFE_0901	2
T0	1.0	DHQS	3-dehydroquinate synthase	2dda7p[c] -> 3dhq[c] + pi[c]	0.066687	Tyrosine, Tryptophan, and Phenylalanine Metabolism	AFE_0733	2
T0	1.0	CHORS	chorismate synthase	3psme[c] -> chor[c] + pi[c]	0.066687	Tyrosine, Tryptophan, and Phenylalanine Metabolism	AFE_1972	2
T0	1.0	SHK3D	shikimate dehydrogenase	nadp[c] + skm[c] -> 3dhsk[c] + h[c] + nadph[c]	-0.066687	Tyrosine, Tryptophan, and Phenylalanine Metabolism	AFE_0182	2
T0	1.0	DHQT	3-dehydroquinate dehydratase, irreversible	3dhq[c] -> 3dhsk[c] + h2o[c]	0.066687	Tyrosine, Tryptophan, and Phenylalanine Metabolism	AFE_0197	2
T0	1.0	CHORM	chorismate mutase	chor[c] -> pphn[c]	0.066662	Tyrosine, Tryptophan, and Phenylalanine Metabolism	AFE_0897	2
T0	1.0	ASPCT	aspartate carbamoyltransferase	asp-L[c] + cbp[c] -> cbasp[c] + h[c] + pi[c]	0.062446	Purine and Pyrimidine Biosynthesis	AFE_3059	2
T0	1.0	DHORTS	dihydroorotase	cbasp[c] + h[c] -> dhor-S[c] + h2o[c]	0.062446	Purine and Pyrimidine Biosynthesis	(AFE_1672 and AFE_3058 and AFE_1463)	2
T0	1.0	DHORD	dihydoorotic acid dehydrogenase (quinone8)	dhor-S[c] + o2[c] -> h2o2[c] + orot[c]	0.062446	Purine and Pyrimidine Biosynthesis	AFE_2264	2
T0	1.0	ORPT	orotate phosphoribosyltransferase	orot[c] + prpp[c] -> orot5p[c] + ppi[c]	0.062446	Purine and Pyrimidine Biosynthesis	AFE_0908	2
T0	1.0	OMPDC	orotidine-5-phosphate decarboxylase	h[c] + orot5p[c] -> co2[c] + ump[c]	0.062446	Purine and Pyrimidine Biosynthesis	AFE_0907	2
T0	1.0	THRD_L	L-threonine deaminase	thr-L[c] -> 2obut[c] + nh4[c]	0.060408	Valine, Leucine, and Isoleucine Metabolism	AFE_0722	2
T0	1.0	ACHBS	2-aceto-2-hydroxybutanoate synthase	2obut[c] + h[c] + pyr[c] -> 2ahbut[c] + co2[c]	0.060408	Valine, Leucine, and Isoleucine Metabolism	(AFE_0745 and AFE_0746)	2
T0	1.0	KARA2	ketol-acid reductoisomerase (2-Acetolactate)	2ahbut[c] + h[c] + nadph[c] -> 23dhmp[c] + nadp[c]	0.060408	Valine, Leucine, and Isoleucine Metabolism	AFE_0747	2
T0	1.0	DHAD2	Dihydroxy-acid dehydratase (2,3-dihydroxy-3-methylpentanoate)	23dhmp[c] -> 3mop[c] + h2o[c]	0.060408	Valine, Leucine, and Isoleucine Metabolism	(AFE_1673 or AFE_0662)	2
T0	1.0	ILETA	isoleucine transaminase	akg[c] + ile-L[c] -> 3mop[c] + glu-L[c]	-0.060408	Valine, Leucine, and Isoleucine Metabolism	AFE_0547	2
T0	1.0	ACGK	acetylglutamate kinase	acglu[c] + atp[c] -> acg5p[c] + adp[c]	0.059223	Arginine and Proline Metabolism	AFE_0256	2
T0	1.0	AGPR	N-acetyl-g-glutamyl-phosphate reductase	acg5sa[c] + nadp[c] + pi[c] -> acg5p[c] + h[c] + nadph[c]	-0.059223	Arginine and Proline Metabolism	AFE_3073	2
T0	1.0	ACOTA	acetylornithine transaminase	acorn[c] + akg[c] -> acg5sa[c] + glu-L[c]	-0.059223	Arginine and Proline Metabolism	AFE_0406	2
T0	1.0	GLAT	glutamate N-acetyltransferase	acorn[c] + glu-L[c] -> acglu[c] + orn[c]	0.059223	Arginine and Proline Metabolism	AFE_0664	2
T0	1.0	OCBT	ornithine carbamoyltransferase	cbp[c] + orn[c] -> citr-L[c] + h[c] + pi[c]	0.058325	Arginine and Proline Metabolism	AFE_0405	2
T0	1.0	ARGSS	argininosuccinate synthase	asp-L[c] + atp[c] + citr-L[c] -> amp[c] + argsuc[c] + h[c] + ppi[c]	0.058325	Arginine and Proline Metabolism	AFE_0404	2
T0	1.0	ARGSL	argininosuccinate lyase	argsuc[c] -> arg-L[c] + fum[c]	0.058325	Arginine and Proline Metabolism	AFE_3277	2
T0	1.0	PRAGS	phosphoribosylglycinamide synthase	atp[c] + gly[c] + pram[c] -> adp[c] + gar[c] + h[c] + pi[c]	0.05804	Purine and Pyrimidine Biosynthesis	AFE_2261	2
T0	1.0	GLUPRT	glutamine phosphoribosyldiphosphate amidotransferase	gln-L[c] + h2o[c] + prpp[c] -> glu-L[c] + ppi[c] + pram[c]	0.05804	Purine and Pyrimidine Biosynthesis	AFE_2064	2
T0	1.0	PRFGS	phosphoribosylformylglycinamidine synthase	atp[c] + fgam[c] + gln-L[c] + h2o[c] -> adp[c] + fpram[c] + glu-L[c] + h[c] + pi[c]	0.05804	Purine and Pyrimidine Biosynthesis	AFE_2354	2
T0	1.0	PRAIS	phosphoribosylaminoimidazole synthase	atp[c] + fpram[c] -> adp[c] + air[c] + 2 h[c] + pi[c]	0.05804	Purine and Pyrimidine Biosynthesis	AFE_1897	2
T0	1.0	ADSL2	adenylosuccinate lyase	25aics[c] -> aicar[c] + fum[c]	0.058036	Purine and Pyrimidine Biosynthesis	AFE_2356	2
T0	1.0	PRASCS	phosphoribosylaminoimidazolesuccinocarboxamide synthase	5aizc[c] + asp-L[c] + atp[c] -> 25aics[c] + adp[c] + h[c] + pi[c]	0.058036	Purine and Pyrimidine Biosynthesis	AFE_2355	2
T0	1.0	AIRC	Phosphoribosylaminoimidazole carboxylase	5aizc[c] + h[c] -> air[c] + co2[c]	-0.058036	Purine and Pyrimidine Biosynthesis	(AFE_0273 and AFE_0272)	2
T0	1.0	GARFT	phosphoribosylglycinamide formyltransferase	10fthf[c] + gar[c] -> fgam[c] + h[c] + thf[c]	0.057838	Purine and Pyrimidine Biosynthesis	(AFE_1896 or AFE_2023)	2
T0	1.0	G5SADs	L-glutamate 5-semialdehyde dehydratase (spontaneous)	glu5sa[c] -> 1pyr5c[c] + h2o[c] + h[c]	0.056242	Arginine and Proline Metabolism		1
T0	1.0	ASNS1	asparagine synthase (glutamine-hydrolysing)	asp-L[c] + atp[c] + gln-L[c] + h2o[c] -> amp[c] + asn-L[c] + glu-L[c] + h[c] + ppi[c]	0.056242	Alanine and Aspartate Metabolism	AFE_1353	2
T0	1.0	P5CR	pyrroline-5-carboxylate reductase	nadp[c] + pro-L[c] -> 1pyr5c[c] + 2 h[c] + nadph[c]	-0.056242	Arginine and Proline Metabolism	AFE_0262	2
T0	1.0	G5SD	glutamate-5-semialdehyde dehydrogenase	glu5sa[c] + nadp[c] + pi[c] -> glu5p[c] + h[c] + nadph[c]	-0.056242	Arginine and Proline Metabolism	AFE_0454	2
T0	1.0	GLU5K	glutamate 5-kinase	atp[c] + glu-L[c] -> adp[c] + glu5p[c]	0.056242	Arginine and Proline Metabolism	(AFE_2464 and AFE_1783 and AFE_0281)	2
T0	1.0	SO4AA1tpp	sulfate ABC transporter	atp[c] + h2o[c] + so4aa[p] -> adp[c] + h[c] + pi[c] + so4[c]	0.054184	(Transport, Inner Membrane) or (Sulfur Metabolism)		2
T0	1.0	SO4AA2tpp	sulfate transport inner membrane	so4aa[p] -> so4aa[e]	-0.054184	Sulfur Metabolism		1
T0	1.0	Ex_so4aa[e]	sulfate exchange	so4aa[e] -> 	-0.054184	Exchange		
T0	1.0	HISTP	Histidinol-phosphatase	h2o[c] + hisp[c] -> histd[c] + pi[c]	0.049993	Histidine Metabolism	AFE_3043	2
T0	1.0	MG2tex	mg2 transport	mg2[e] -> mg2[p]	0.049993	Transport, Outer Membrane Porin		1
T0	1.0	MG2tpp	magnesium-translocating P-type ATPase	atp[c] + h2o[c] + mg2[p] -> adp[c] + h[c] + mg2[c] + pi[c]	0.049993	Transport, Inner Membrane	AFE_2327	2
T0	1.0	PRMICI	1-(5-phosphoribosyl)-5-[(5-phosphoribosylamino)methylideneamino)imidazole-4-carboxamide isomerase	prfp[c] -> prlp[c]	0.049993	Histidine Metabolism	AFE_3045	2
T0	1.0	IGPDH	imidazoleglycerol-phosphate dehydratase	eig3p[c] -> h2o[c] + imacp[c]	0.049993	Histidine Metabolism	AFE_3043	2
T0	1.0	HSTPT	histidinol-phosphate transaminase	glu-L[c] + imacp[c] -> akg[c] + hisp[c]	0.049993	Histidine Metabolism	(AFE_3042 and AFE_0898)	2
T0	1.0	HISTD1	histidinol dehydrogenase	histd[c] + nad[c] -> h[c] + hist-L[c] + nadh[c]	0.049993	Histidine Metabolism	AFE_3041	2
T0	1.0	HISTD2	Histidinal dehydrogenase 	h2o[c] + hist-L[c] + nad[c] -> 2 h[c] + his-L[c] + nadh[c]	0.049993	Histidine Metabolism	AFE_3041	2
T0	1.0	IG3PS	Imidazole-glycerol-3-phosphate synthase	gln-L[c] + prlp[c] -> aicar[c] + eig3p[c] + glu-L[c] + h[c]	0.049993	Histidine Metabolism	(AFE_3046 and AFE_3044)	2
T0	1.0	PRATPP	phosphoribosyl-ATP pyrophosphatase	h2o[c] + prbatp[c] -> h[c] + ppi[c] + prbamp[c]	0.049993	Histidine Metabolism	AFE_3047	2
T0	1.0	PRAMPC	phosphoribosyl-AMP cyclohydrolase	h2o[c] + prbamp[c] -> prfp[c]	0.049993	Histidine Metabolism	AFE_3047	2
T0	1.0	ATPPRT	ATP phosphoribosyltransferase	ppi[c] + prbatp[c] -> atp[c] + prpp[c]	-0.049993	Histidine Metabolism	(AFE_1888 and AFE_3040)	2
T0	1.0	Ex_mg2[e]	mg2+ exchange	mg2[e] -> 	-0.049993	Exchange		
T0	1.0	FBA	fructose-bisphosphate aldolase	fdp[c] -> dhap[c] + g3p[c]	-0.047292	(Glycolysis/Gluconeogenesis) or (Calvin-Benson-Bassham Cycle)	AFE_1802	2
T0	1.0	FBP	fructose-bisphosphatase	fdp[c] + h2o[c] -> f6p-B[c] + pi[c]	0.047292	(Glycolysis/Gluconeogenesis) or (Calvin-Benson-Bassham Cycle)	AFE_0189	2
T0	1.0	MTHFR3	Cobalamin-dependent homocysteine transmethylase	h[c] + mlthf[c] + nadph[c] -> 5mthf[c] + nadp[c]	0.043854	Methionine Metabolism	AFE_0535	2
T0	1.0	METS	5-methyltetrahydrofolate--homocysteine S-methyltransferase	5mthf[c] + hcys-L[c] -> met-L[c] + thf[c]	0.04385	Methionine Metabolism		1
T0	1.0	PGMT	phosphoglucomutase	g1p-B[c] -> g6p-B[c]	-0.038845	Glycolysis/Gluconeogenesis	AFE_2324	2
T0	1.0	GAP2		g1p[c] -> g1p-B[c]	-0.038845	Glycogen Metabolism		1
T0	1.0	ACS	acetyl-CoA synthetase	ac[c] + atp[c] + coa[c] -> accoa[c] + amp[c] + ppi[c]	0.038436	Pyruvate Metabolism	AFE_1969	2
T0	1.0	PPNDH	prephenate dehydratase	h[c] + pphn[c] -> co2[c] + h2o[c] + phpyr[c]	0.037495	Tyrosine, Tryptophan, and Phenylalanine Metabolism	AFE_0897	2
T0	1.0	PHETA1	phenylalanine transaminase	akg[c] + phe-L[c] -> glu-L[c] + phpyr[c]	-0.037495	Tyrosine, Tryptophan, and Phenylalanine Metabolism	AFE_2022	2
T0	1.0	3OAS1	3-oxoacyl-[acyl-carrier-protein] synthase	butACP[c] + h[c] + malACP[c] -> 3ohexACP[c] + ACP[c] + co2[c]	0.035945	(Cell Envelope Biosynthesis) or (Fatty acid biosynthesis)	(AFE_0796 or AFE_1910)	3
T0	1.0	3OAS8	3-oxoacyl-[acyl-carrier-protein] synthase	h[c] + hexACP[c] + malACP[c] -> 3ooctACP[c] + ACP[c] + co2[c]	0.035945	(Cell Envelope Biosynthesis) or (Fatty acid biosynthesis)	(AFE_0796 or AFE_1910)	3
T0	1.0	3OAS9	3-oxoacyl-[acyl-carrier-protein] synthase	h[c] + malACP[c] + ocACP[c] -> 3odecACP[c] + ACP[c] + co2[c]	0.035945	(Cell Envelope Biosynthesis) or (Fatty acid biosynthesis)	(AFE_0796 or AFE_1910)	3
T0	1.0	3OAR1	3-oxoacyl-(acyl-carrier-protein) reductase	actACP[c] + h[c] + nadph[c] -> 3hydbutACP[c] + nadp[c]	0.035945	(Cell Envelope Biosynthesis) or (Fatty acid biosynthesis)	AFE_1908	3
T0	1.0	3OAR10	3-oxoacyl-(acyl-carrier-protein) reductase	3ohexACP[c] + h[c] + nadph[c] -> 3hhexACP[c] + nadp[c]	0.035945	(Cell Envelope Biosynthesis) or (Fatty acid biosynthesis)	AFE_1908	3
T0	1.0	3OAR11	3-oxoacyl-(acyl-carrier-protein) reductase	3ooctACP[c] + h[c] + nadph[c] -> 3hoctACP[c] + nadp[c]	0.035945	(Cell Envelope Biosynthesis) or (Fatty acid biosynthesis)	AFE_1908	3
T0	1.0	3OAR12	3-oxoacyl-(acyl-carrier-protein) reductase	3odecACP[c] + h[c] + nadph[c] -> 3hdecACP[c] + nadp[c]	0.035945	(Cell Envelope Biosynthesis) or (Fatty acid biosynthesis)	AFE_1908	3
T0	1.0	ACOATA	Acetyl-CoA ACP transacylase	ACP[c] + accoa[c] -> acACP[c] + coa[c]	0.035945	(Membrane Lipid Metabolism) or (Fatty acid biosynthesis)		1
T0	1.0	3OAS27	3-oxoacyl-(acyl-carrier-protein) synthase III	acACP[c] + h[c] + malACP[c] -> ACP[c] + actACP[c] + co2[c]	0.035945	(Cell Envelope Biosynthesis) or (Fatty acid biosynthesis)	AFE_1906	3
T0	1.0	EAR1	enoyl-(acyl-carrier-protein) reductase	but2eACP[c] + h[c] + nadph[c] -> butACP[c] + nadp[c]	0.035945	(Cell Envelope Biosynthesis) or (Fatty acid biosynthesis)	AFE_0420	3
T0	1.0	EAR10	enoyl-(acyl-carrier-protein) reductase	h[c] + nadph[c] + thex2eACP[c] -> hexACP[c] + nadp[c]	0.035945	(Cell Envelope Biosynthesis) or (Fatty acid biosynthesis)	AFE_0420	3
T0	1.0	EAR11	enoyl-(acyl-carrier-protein) reductase	h[c] + nadph[c] + toct2eACP[c] -> nadp[c] + ocACP[c]	0.035945	(Cell Envelope Biosynthesis) or (Fatty acid biosynthesis)	AFE_0420	3
T0	1.0	BHAH1	beta-hydroxyacyl-(acyl-carrier-protein) dehydratase	3hydbutACP[c] -> but2eACP[c] + h2o[c]	0.035945	(Membrane Lipid Metabolism) or (Fatty acid biosynthesis)	AFE_1455	3
T0	1.0	BHAH10	beta-hydroxyacyl-(acyl-carrier-protein) dehydratase	3hhexACP[c] -> h2o[c] + thex2eACP[c]	0.035945	(Membrane Lipid Metabolism) or (Fatty acid biosynthesis)	AFE_1455	3
T0	1.0	BHAH11	beta-hydroxyacyl-(acyl-carrier-protein) dehydratase	3hoctACP[c] -> h2o[c] + toct2eACP[c]	0.035945	(Membrane Lipid Metabolism) or (Fatty acid biosynthesis)	AFE_1455	3
T0	1.0	BHAH12	beta-hydroxyacyl-(acyl-carrier-protein) dehydratase	3hdecACP[c] -> h2o[c] + tdec2eACP[c]	0.035945	(Membrane Lipid Metabolism) or (Fatty acid biosynthesis)	AFE_1455	3
T0	1.0	ADSK	adenylyl-sulfate kinase	aps[c] + atp[c] -> adp[c] + h[c] + paps[c]	0.035437	Cysteine Metabolism	AFE_0539	2
T0	1.0	SADT	sulfate adenylate transferase	atp[c] + h[c] + so4[c] -> aps[c] + ppi[c]	0.035437	Sulfur Metabolism	((AFE_2970 and AFE_2971) or (AFE_3124 and AFE_3125))	3
T0	1.0	PAPSR	3-phospho-adenylylsulfate reductase	2 h[c] + paps[c] + trdox[c] -> pap[c] + so3[c] + trdrd[c]	0.035437	Cysteine Metabolism	AFE_3123	2
T0	1.0	SULR2	Sulfite reductase (NADPH)	3 h2o[c] + h2s[c] + 3 nadp[c] -> 5 h[c] + 3 nadph[c] + so3[c]	-0.035437	Cysteine Metabolism	(AFE_3121 and AFE_3122)	2
T0	1.0	BPNT	3,5-bisphosphate nucleotidase	h2o[c] + pap[c] -> amp[c] + pi[c]	0.035437	Cysteine Metabolism	AFE_2973	2
T0	1.0	HACT	O-acetyl-L-homoserine:methanethiol 3-amino-3-carboxypropyltransferase	achms[c] + h2s[c] -> ac[c] + h[c] + hcys-L[c]	0.035416	Methionine Metabolism	AFE_2063	2
T0	1.0	HSERTA	Homoserine O-acetyltransferase	accoa[c] + hom-L[c] -> achms[c] + coa[c]	0.035416	Methionine Metabolism	AFE_0293	2
T0	1.0	GK1	guanylate kinase (GMP:ATP)	atp[c] + gmp[c] -> adp[c] + gdp[c]	0.03377	Nucleotide Salvage Pathway	AFE_0563	2
T0	1.0	GMPS2	GMP synthase	atp[c] + gln-L[c] + h2o[c] + xmp[c] -> amp[c] + glu-L[c] + gmp[c] + 2 h[c] + ppi[c]	0.03377	Purine and Pyrimidine Biosynthesis	AFE_1778	2
T0	1.0	IMPD	IMP dehydrogenase	h2o[c] + imp[c] + nad[c] -> h[c] + nadh[c] + xmp[c]	0.03377	Purine and Pyrimidine Biosynthesis	AFE_1777	2
T0	1.0	CAT	catalase	2 h2o2[c] -> 2 h2o[c] + o2[c]	0.031246	Unassigned		1
T0	1.0	GLCS1	glycogen synthase (ADPGlc)	adpglc[c] -> adp[c] + glycogendeb[c] + h[c]	0.031246	(Glycogen Metabolism) or (Glycolysis/Gluconeogenesis)	AFE_2678	2
T0	1.0	GLBRAN1	1,4-alpha-glucan branching enzyme (glycogen -> bglycogen)	glycogendeb[c] + 2 h[c] -> glycogen[c]	0.031246	(Glycogen Metabolism) or (Glycolysis/Gluconeogenesis)	AFE_2836	2
T0	1.0	GLGC	glucose-1-phosphate adenylyltransferase	atp[c] + g1p[c] + h[c] -> adpglc[c] + ppi[c]	0.031246	(Glycogen Metabolism) or (Glycolysis/Gluconeogenesis)	AFE_2838	2
T0	1.0	FA_PL-ACP-AFE	Fatty Acid formation	0.1 3hmrsACP[c] + 0.07 c190cACP[c] + 0.21 chexcaACP[c] + 0.08 ddcaACP[c] + 0.02 hpdcaACP[c] + 0.02 ocdcaACP[c] + 0.36 octeACP[c] + 0.11 palmACP[c] + 0.01 ptdcaACP[c] + 0.02 thepcaACP[c] -> faplACP[c]	0.030621	(Glycerophospholipid Metabolism) or (Phospholipid synthesis)		3
T0	1.0	NDPK1	nucleoside-diphosphate kinase (ATP:GDP)	atp[c] + gdp[c] -> adp[c] + gtp[c]	0.029268	Nucleotide Salvage Pathway	AFE_1929	2
T0	1.0	TYRTA	tyrosine transaminase	34hpp[c] + glu-L[c] -> akg[c] + tyr-L[c]	0.029167	Tyrosine, Tryptophan, and Phenylalanine Metabolism	AFE_2022	2
T0	1.0	PPND	prephenate dehydrogenase	nad[c] + pphn[c] -> 34hpp[c] + co2[c] + nadh[c]	0.029167	Tyrosine, Tryptophan, and Phenylalanine Metabolism	AFE_0900	2
T0	1.0	NA1tpp	na transport in via proton symport	h[p] + na1[p] -> h[c] + na1[c]	0.029163	Transport, Inner Membrane		1
T0	1.0	G3PD2	glycerol-3-phosphate dehydrogenase (NADP)	dhap[c] + h[c] + nadph[c] -> glyc3p[c] + nadp[c]	0.021435	Alternate Carbon Metabolism	AFE_2126	3
T0	1.0	GHMT3	glycine hydroxymethyltransferase	gly[c] + nad[c] + thf[c] -> co2[c] + mlthf[c] + nadh[c] + nh4[c]	0.020168	Glycine and Serine Metabolism	AFE_0295	2
T0	1.0	TRDR	thioredoxin reductase (NADPH)	nadph[c] + trdrd[c] -> 3 h[c] + nadp[c] + trdox[c]	0.019942	Oxidative Phosphorylation	AFE_0375	2
T0	1.0	3OAS10	3-oxoacyl-[acyl-carrier-protein] synthase	dcaACP[c] + h[c] + malACP[c] -> 3oddecACP[c] + ACP[c] + co2[c]	0.018491	(Cell Envelope Biosynthesis) or (Fatty acid biosynthesis)	(AFE_0796 or AFE_1910)	3
T0	1.0	3OAR13	3-oxoacyl-(acyl-carrier-protein) reductase	3oddecACP[c] + h[c] + nadph[c] -> 3hddecACP[c] + nadp[c]	0.018491	(Cell Envelope Biosynthesis) or (Fatty acid biosynthesis)	AFE_1908	3
T0	1.0	EAR12	enoyl-(acyl-carrier-protein) reductase	h[c] + nadph[c] + tdec2eACP[c] -> dcaACP[c] + nadp[c]	0.018491	(Cell Envelope Biosynthesis) or (Fatty acid biosynthesis)	AFE_0420	3
T0	1.0	EAR13	enoyl-(acyl-carrier-protein) reductase	h[c] + nadph[c] + tddec2eACP[c] -> ddcaACP[c] + nadp[c]	0.018491	(Cell Envelope Biosynthesis) or (Fatty acid biosynthesis)	AFE_0420	3
T0	1.0	BHAH13	beta-hydroxyacyl-(acyl-carrier-protein) dehydratase	3hddecACP[c] -> h2o[c] + tddec2eACP[c]	0.018491	(Membrane Lipid Metabolism) or (Fatty acid biosynthesis)	AFE_1455	3
T0	1.0	CA2tex	ca2 transport (citoplasm)	ca2[e] -> ca2[p]	0.018122	Transport, Outer Membrane Porin		1
T0	1.0	CA2tpp	Na+/Ca+2 symporter (periplasm)	ca2[p] -> ca2[c] + na1[p]	0.018122	Transport, Inner Membrane	AFE_0587	2
T0	1.0	Ex_ca2[e]	calcium exchange	ca2[e] -> 	-0.018122	Exchange		
T0	1.0	T2DECAI	trans-2-decenoyl-(acyl-carrier protein) isomerase 	tdec2eACP[c] -> dec3ACP[c]	0.017454	(Cell Envelope Biosynthesis) or (Fatty acid biosynthesis)		1
T0	1.0	3OAS2	3-oxoacyl-[acyl-carrier-protein] synthase	3cddACP[c] + h[c] + malACP[c] -> ACP[c] + co2[c] + coxtdeACP[c]	0.017454	(Cell Envelope Biosynthesis) or (Fatty acid biosynthesis)	(AFE_0796 or AFE_1910)	3
T0	1.0	3OAS3	3-oxoacyl-[acyl-carrier-protein] synthase	ctdeACP[c] + h[c] + malACP[c] -> ACP[c] + co2[c] + coxhxcsACP[c]	0.017454	(Cell Envelope Biosynthesis) or (Fatty acid biosynthesis)	(AFE_0796 or AFE_1910)	3
T0	1.0	3OAS15	3-oxoacyl-[acyl-carrier-protein] synthase	dec3ACP[c] + h[c] + malACP[c] -> ACP[c] + co2[c] + coxododACP[c]	0.017454	(Cell Envelope Biosynthesis) or (Fatty acid biosynthesis)	(AFE_0796 or AFE_1910)	3
T0	1.0	3OAR2	3-oxoacyl-(acyl-carrier-protein) reductase	coxododACP[c] + h[c] + nadph[c] -> chydodeACP[c] + nadp[c]	0.017454	(Cell Envelope Biosynthesis) or (Fatty acid biosynthesis)	AFE_1908	3
T0	1.0	3OAR3	3-oxoacyl-(acyl-carrier-protein) reductase	coxtdeACP[c] + h[c] + nadph[c] -> chytedeACP[c] + nadp[c]	0.017454	(Cell Envelope Biosynthesis) or (Fatty acid biosynthesis)	AFE_1908	3
T0	1.0	3OAR4	3-oxoacyl-(acyl-carrier-protein) reductase	coxhxcsACP[c] + h[c] + nadph[c] -> chyhecdeACP[c] + nadp[c]	0.017454	(Cell Envelope Biosynthesis) or (Fatty acid biosynthesis)	AFE_1908	3
T0	1.0	EAR2	enoyl-(acyl-carrier-protein) reductase	c2tdodeACP[c] + h[c] + nadph[c] -> 3cddACP[c] + nadp[c]	0.017454	(Cell Envelope Biosynthesis) or (Fatty acid biosynthesis)	AFE_0420	3
T0	1.0	EAR3	enoyl-(acyl-carrier-protein) reductase	c2ttedeACP[c] + h[c] + nadph[c] -> ctdeACP[c] + nadp[c]	0.017454	(Cell Envelope Biosynthesis) or (Fatty acid biosynthesis)	AFE_0420	3
T0	1.0	EAR4	enoyl-(acyl-carrier-protein) reductase	c2thedeACP[c] + h[c] + nadph[c] -> chexcaACP[c] + nadp[c]	0.017454	(Cell Envelope Biosynthesis) or (Fatty acid biosynthesis)	AFE_0420	3
T0	1.0	BHAH2	beta-hydroxyacyl-(acyl-carrier-protein) dehydratase	chydodeACP[c] -> c2tdodeACP[c] + h2o[c]	0.017454	(Membrane Lipid Metabolism) or (Fatty acid biosynthesis)	AFE_1455	3
T0	1.0	BHAH3	beta-hydroxyacyl-(acyl-carrier-protein) dehydratase	chytedeACP[c] -> c2ttedeACP[c] + h2o[c]	0.017454	(Membrane Lipid Metabolism) or (Fatty acid biosynthesis)	AFE_1455	3
T0	1.0	BHAH4	beta-hydroxyacyl-(acyl-carrier-protein) dehydratase	chyhecdeACP[c] -> c2thedeACP[c] + h2o[c]	0.017454	(Membrane Lipid Metabolism) or (Fatty acid biosynthesis)	AFE_1455	3
T0	1.0	A5PISO	Arabinose-5-phosphate isomerase	ru5p-D[c] -> ara5p[c]	0.015998	(Lipopolysaccharide Biosynthesis) or (Alternate Carbon Metabolism)	AFE_3030	2
T0	1.0	KDOPS	3-deoxy -D-manno-octulosonic -acid 8-phosphate synthase	ara5p[c] + h2o[c] + pep[c] -> kdo8p[c] + pi[c]	0.015998	( Lipopolysaccharide Biosynthesis ) or ( CMP-KDO biosynthesis )	AFE_0848	2
T0	1.0	KDOCT2	3-deoxy-manno-octulosonate cytidylyltransferase	ctp[c] + kdo[c] -> ckdo[c] + ppi[c]	0.015998	( Lipopolysaccharide Biosynthesis ) or ( CMP-KDO biosynthesis )	AFE_0491	2
T0	1.0	KDOPP	3-deoxy-manno-octulosonate-8-phosphatase	h2o[c] + kdo8p[c] -> kdo[c] + pi[c]	0.015998	( Lipopolysaccharide Biosynthesis ) or ( CMP-KDO biosynthesis )	AFE_3029	2
T0	1.0	PCYT	phosphatidate cytidylyltransferase	ctp[c] + dag3pi_AFE[c] -> cdpdag_AFE[c] + ppi[c]	0.01531	(Glycerophospholipid Metabolism) or (Phospholipid synthesis)	AFE_1449	2
T0	1.0	G3PAT1	acyl-ACP:sn-glycerol-3-phosphate 1-O-acyltransferase 	faplACP[c] + glyc3p[c] -> ACP[c] + faplg3p_AFE[c]	0.01531	Glycerophospholipid Metabolism		1
T0	1.0	G3PAT2	1-acyl-sn-glycerol-3-phosphate acyltransferase 	faplACP[c] + faplg3p_AFE[c] -> ACP[c] + dag3pi_AFE[c]	0.01531	Glycerophospholipid Metabolism	AFE_0727	2
T0	1.0	PL-AFE	phospholipids formation	0.05 clpn120[c] + 0.15 pe_AFE[c] + 0.37 pg120[c] + 0.43 ptdmeeta_AFE[c] -> ppl_AFE[c]	0.014581	(Glycerophospholipid Metabolism) or (Phospholipid synthesis)		3
T0	1.0	3OAS11	3-oxoacyl-[acyl-carrier-protein] synthase	ddcaACP[c] + h[c] + malACP[c] -> 3omrsACP[c] + ACP[c] + co2[c]	0.014542	(Cell Envelope Biosynthesis) or (Fatty acid biosynthesis)	(AFE_0796 or AFE_1910)	3
T0	1.0	3OAR14	3-oxoacyl-(acyl-carrier-protein) reductase	3omrsACP[c] + h[c] + nadph[c] -> 3hmrsACP[c] + nadp[c]	0.014542	(Cell Envelope Biosynthesis) or (Fatty acid biosynthesis)	AFE_1908	3
T0	1.0	MNTH	NRAMP dual Mn(II)/Fe(II) MntH-like transporter	fe2[p] + h[p] -> fe2[c] + h[c]	0.013969	Transport, Inner Membrane	(AFE_0105 or AFE_0920)	2
T0	1.0	FE2tex	fe2 transport	fe2[e] -> fe2[p]	0.013969	Transport, Outer Membrane Porin		1
T0	1.0	FE3tpp	Fe(III) ABC inner membrane transporter	atp[c] + fe3[p] + h2o[c] -> adp[c] + fe3[c] + h[c] + pi[c]	0.013956	(Transport, Inner Membrane) or (Fe+2 Metabolism)	((AFE_1489 and AFE_1490 and AFE_1491) or (AFE_1493 and AFE_1494 and AFE_1495))	2
T0	1.0	FE32tpp	fe3 ton transporter	fe3[e] -> fe3[p]	0.013956	Transport, Inner Membrane	((AFE_2267 and AFE_2268 and AFE_2269 and AFE_2270 and AFE_2271 and AFE_2273 and AFE_2274 and AFE_2275 and AFE_2276) or (AFE_2998 and AFE_2999 and AFE_2300 and AFE_2301 and AFE_2302 and AFE_2303 and AFE_2304 and AFE_2305))	2
T0	1.0	GF6PTA	glutamine-fructose-6-phosphate transaminase	f6p-B[c] + gln-L[c] -> gam6p[c] + glu-L[c]	0.013911	(Cell Envelope Biosynthesis) or (EPS biosynthesis)	AFE_3200	2
T0	1.0	PGAMT	phosphoglucosamine mutase	gam1p[c] -> gam6p[c]	-0.013831	(Cell Envelope Biosynthesis) or (EPS biosynthesis)	AFE_2634	2
T0	1.0	G1PACT	glucosamine-1-phosphate N-acetyltransferase	accoa[c] + gam1p[c] -> acgam1p[c] + coa[c] + h[c]	0.013831	(Cell Envelope Biosynthesis) or (EPS biosynthesis)	AFE_3201	2
T0	1.0	UAGDP	UDP-N-acetylglucosamine diphosphorylase	acgam1p[c] + h[c] + utp[c] -> ppi[c] + uacgam[c]	0.013831	(Cell Envelope Biosynthesis) or (EPS biosynthesis)	AFE_3201	2
T0	1.0	NA1tex	na transport	na1[e] -> na1[p]	0.01104	Transport, Outer Membrane Porin		1
T0	1.0	Ex_na1[e]	sodium exchange	na1[e] -> 	-0.01104	Exchange		
T0	1.0	3OAS4	3-oxoacyl-[acyl-carrier-protein] synthase	chexcaACP[c] + h[c] + malACP[c] -> ACP[c] + co2[c] + coxocdaACP[c]	0.011023	(Cell Envelope Biosynthesis) or (Fatty acid biosynthesis)	(AFE_0796 or AFE_1910)	3
T0	1.0	3OAR5	3-oxoacyl-(acyl-carrier-protein) reductase	coxocdaACP[c] + h[c] + nadph[c] -> chyocdeACP[c] + nadp[c]	0.011023	(Cell Envelope Biosynthesis) or (Fatty acid biosynthesis)	AFE_1908	3
T0	1.0	EAR5	enoyl-(acyl-carrier-protein) reductase	c2tocdeACP[c] + h[c] + nadph[c] -> nadp[c] + octeACP[c]	0.011023	(Cell Envelope Biosynthesis) or (Fatty acid biosynthesis)	AFE_0420	3
T0	1.0	BHAH5	beta-hydroxyacyl-(acyl-carrier-protein) dehydratase	chyocdeACP[c] -> c2tocdeACP[c] + h2o[c]	0.011023	(Membrane Lipid Metabolism) or (Fatty acid biosynthesis)	AFE_1455	3
T0	1.0	NDPK4	nucleoside-diphosphate kinase (ATP:dTDP)	atp[c] + dtdp[c] + h[c] -> adp[c] + dttp[c]	0.010724	Nucleotide Salvage Pathway	AFE_1929	2
T0	1.0	Ktex	k transport	k[e] -> k[p]	0.009582	Transport, Outer Membrane Porin		1
T0	1.0	Ktpp	voltage-gated potassium channel	k[p] -> k[c]	0.009582	Transport, Inner Membrane	(AFE_2922 or AFE_1968 or AFE_3093 or AFE_1753)	2
T0	1.0	Ex_k[e]	k+ exchange	k[e] -> 	-0.009582	Exchange		
T0	1.0	HCYSMT	homocysteine S-methyltransferase	amet[c] + hcys-L[c] -> ahcys[c] + h[c] + met-L[c]	-0.00859	Methionine Metabolism	AFE_3126	2
T0	1.0	PSD120	Phosphatidylserine decarboxylase	h[c] + ps120[c] -> co2[c] + pe_AFE[c]	0.008457	( Glycerophospholipid Metabolism ) or (Phosphatidylethanolamine biosynthesis )	AFE_2292	2
T0	1.0	PSSA120	CDP-diacylglycerol--serine O-phosphatidyltransferase 	cdpdag_AFE[c] + ser-L[c] -> cmp[c] + h[c] + ps120[c]	0.008457	( Glycerophospholipid Metabolism ) or (Phosphatidylethanolamine biosynthesis )	AFE_2291	2
T0	1.0	ALAR	alanine racemase	ala-L[c] -> ala-D[c]	0.008124	Alanine and Aspartate Metabolism	AFE_2818	2
T0	1.0	LIPA		0.52 dtdpglu[c] + 0.43 dtdprmn[c] + 0.01 gam[c] + 0.01 gdpmann[c] + hlipa_AFE[c] -> 0.94 dtdp[c] + 0.01 gdp[c] + polysac_AFE[c]	0.007999	Lipopolysaccharide Biosynthesis		3
T0	1.0	KDOCT	3-deoxy-D-manno-octulosonic-acid transferase	ckdo[c] -> cmp[c] + h[c] + kdo_AFE[c]	0.007999	( Lipopolysaccharide Biosynthesis ) or ( KDO(2)-AFE synthesis )	AFE_0237	3
T0	1.0	KDOCT3	3-deoxy-D-manno-octulosonic-acid transferase	ckdo[c] + kdo_AFE[c] -> kdo2_AFE[c]	0.007999	( Lipopolysaccharide Biosynthesis ) or ( KDO(2)-AFE synthesis )	AFE_0237	3
T0	1.0	HKDOS	Lipopolysaccharide heptosyltransferase Iacyltransferase 	0.03 adphep-LD[c] + kdo2_AFE[c] -> hlipa_AFE[c]	0.007999	( Lipopolysaccharide Biosynthesis ) or ( KDO(2)-AFE synthesis )		3
T0	1.0	G1PTT	glucose-1-phosphate thymidylyltransferase	dttp[c] + g1p[c] -> dtdpglu[c] + ppi[c]	0.007599	Cell Envelope Biosynthesis	AFE_3295	2
T0	1.0	PGPP120	Phosphatidylglycerophosphatase 	h2o[c] + pgp_AFE[c] -> pg120[c] + pi[c]	0.006853	Glycerophospholipid Metabolism	AFE_0929	2
T0	1.0	PGSA	CDP-diacylglycerol--glycerol-3-phosphate 3-phosphatidyltransferase 	cdpdag_AFE[c] + glyc3p[c] -> cmp[c] + h[c] + pgp_AFE[c]	0.006853	Glycerophospholipid Metabolism	(AFE_1900 and AFE_0854)	2
T0	1.0	PMEAS	Phosphatidylserine decarboxylase	amet[c] + pe_AFE[c] -> ahcys[c] + ptdmeeta_AFE[c]	0.00627	( Glycerophospholipid Metabolism ) or (Phosphatidylethanolamine biosynthesis )	(AFE_2739 or AFE_0594)	2
T0	1.0	MN2tex	mn2 transport	mn2[e] -> mn2[p]	0.006249	Transport, Outer Membrane Porin		1
T0	1.0	MN2tpp	metalion trabsporter, NRAMP family	mn2[p] -> mn2[c]	0.006249	Transport, Inner Membrane	(AFE_0920 or AFE_0105)	2
T0	1.0	Ex_mn2[e]	mn2+ exchange	mn2[e] -> 	-0.006249	Exchange		
T0	1.0	EAR14	enoyl-(acyl-carrier-protein) reductase	h[c] + nadph[c] + tmrs2eACP[c] -> myrsACP[c] + nadp[c]	0.00548	(Cell Envelope Biosynthesis) or (Fatty acid biosynthesis)	AFE_0420	3
T0	1.0	BHAH14	beta-hydroxyacyl-(acyl-carrier-protein) dehydratase	3hmrsACP[c] -> h2o[c] + tmrs2eACP[c]	0.00548	(Membrane Lipid Metabolism) or (Fatty acid biosynthesis)	AFE_1455	3
T0	1.0	UDCPDP	undecaprenyl-diphosphatase	h2o[c] + udcpdp[c] -> h[c] + pi[c] + udcpp[c]	0.005416	Cell Envelope Biosynthesis	AFE_0636	2
T0	1.0	ALAALAr	D-alanine-D-alanine ligase	2 ala-D[c] + atp[c] -> adp[c] + alaala[c] + h[c] + pi[c]	0.005416	(Cell Envelope Biosynthesis) or (Murein Biosynthesis)	AFE_0203	2
T0	1.0	PAPPT3	phospho-N-acetylmuramoyl-pentapeptide-transferase (meso-2,6-diaminopimelate)	udcpp[c] + ugmda[c] -> uagmda[c] + ump[c]	0.005416	( Cell Envelope Biosynthesis ) or ( Peptidoglycan biosynthesis )	AFE_0209	2
T0	1.0	UAGCVT	UDP-N-acetylglucosamine 1-carboxyvinyltransferase	pep[c] + uacgam[c] -> pi[c] + uaccg[c]	0.005416	( Cell Envelope Biosynthesis ) or ( Peptidoglycan biosynthesis )	AFE_3039	2
T0	1.0	UAPGR	UDP-N-acetylmuramate dehydrogenase	nadp[c] + uamr[c] -> h[c] + nadph[c] + uaccg[c]	-0.005416	( Cell Envelope Biosynthesis ) or ( Peptidoglycan biosynthesis )	AFE_0204	2
T0	1.0	UAMAS	UDP-N-acetylmuramate--alanine ligase	ala-L[c] + atp[c] + uamr[c] -> adp[c] + h[c] + pi[c] + uama[c]	0.005416	( Cell Envelope Biosynthesis ) or ( Peptidoglycan biosynthesis )	AFE_0205	2
T0	1.0	UAMAGS	UDP-N-acetylmuramoylalanine--D-glutamate ligase	atp[c] + glu-D[c] + uama[c] -> adp[c] + h[c] + pi[c] + uamag[c]	0.005416	( Cell Envelope Biosynthesis ) or ( Peptidoglycan biosynthesis )	AFE_0208	2
T0	1.0	UAAGDS	UDP-N-acetylmuramoylalanyl-D-glutamate--2,6-diaminopimelate ligase	26dap-M[c] + atp[c] + uamag[c] -> adp[c] + h[c] + pi[c] + ugmd[c]	0.005416	( Cell Envelope Biosynthesis ) or ( Peptidoglycan biosynthesis )	AFE_0211	2
T0	1.0	UGLDDS	UDP-N-acetylmuramoyl-tripeptide--D-alanyl-D-alanine ligase	alaala[c] + atp[c] + ugmd[c] -> adp[c] + h[c] + pi[c] + ugmda[c]	0.005416	( Cell Envelope Biosynthesis ) or ( Peptidoglycan biosynthesis )	AFE_0210	2
T0	1.0	UCMAT	undecaprenyldiphospho-muramoylpentapeptide ?-N-acetylglucosaminyltransferase	uacgam[c] + uagmda[c] -> h[c] + udp[c] + ugmdal[c]	0.005416	( Cell Envelope Biosynthesis ) or ( Peptidoglycan biosynthesis )	AFE_0206	2
T0	1.0	GLUR	glutamate racemase	glu-L[c] -> glu-D[c]	0.005416	( Cell Envelope Biosynthesis ) or ( Peptidoglycan biosynthesis )	AFE_2842	2
T0	1.0	LPS	lipolysaccharide formation	0.3 lip_AFE[c] + 1.6 polysac_AFE[c] -> lps_AFE[c]	0.004999	Lipopolysaccharide Biosynthesis		3
T0	1.0	NDPK7	nucleoside-diphosphate kinase (ATP:dCDP)	atp[c] + dcdp[c] -> adp[c] + dctp[c]	0.004583	Nucleotide Salvage Pathway	AFE_1929	2
T0	1.0	NDPK5	nucleoside-diphosphate kinase (ATP:dGDP)	atp[c] + dgdp[c] -> adp[c] + dgtp[c]	0.004583	Nucleotide Salvage Pathway	AFE_1929	2
T0	1.0	RNDR3	ribonucleoside-diphosphate reductase (CDP)	cdp[c] + trdrd[c] -> dcdp[c] + h2o[c] + trdox[c]	0.004583	Nucleotide Salvage Pathway	(AFE_2639 and AFE_2638)	2
T0	1.0	RNDR2	ribonucleoside-diphosphate reductase (GDP)	gdp[c] + trdrd[c] -> dgdp[c] + h2o[c] + trdox[c]	0.004583	Nucleotide Salvage Pathway	(AFE_2639 and AFE_2638)	2
T0	1.0	3OAS12	3-oxoacyl-[acyl-carrier-protein] synthase	h[c] + malACP[c] + myrsACP[c] -> 3opalmACP[c] + ACP[c] + co2[c]	0.003981	(Cell Envelope Biosynthesis) or (Fatty acid biosynthesis)	(AFE_0796 or AFE_1910)	3
T0	1.0	3OAR15	3-oxoacyl-(acyl-carrier-protein) reductase	3opalmACP[c] + h[c] + nadph[c] -> 3hpalmACP[c] + nadp[c]	0.003981	(Cell Envelope Biosynthesis) or (Fatty acid biosynthesis)	AFE_1908	3
T0	1.0	EAR15	enoyl-(acyl-carrier-protein) reductase	h[c] + nadph[c] + tpalm2eACP[c] -> nadp[c] + palmACP[c]	0.003981	(Cell Envelope Biosynthesis) or (Fatty acid biosynthesis)	AFE_0420	3
T0	1.0	BHAH15	beta-hydroxyacyl-(acyl-carrier-protein) dehydratase	3hpalmACP[c] -> h2o[c] + tpalm2eACP[c]	0.003981	(Membrane Lipid Metabolism) or (Fatty acid biosynthesis)	AFE_1455	3
T0	1.0	3OAS5	3-oxoacyl-[acyl-carrier-protein] synthase	5 h[c] + 5 malACP[c] + ptACP[c] -> 5 ACP[c] + 5 co2[c] + v3oaACP[c]	0.003674	(Cell Envelope Biosynthesis) or (Fatty acid biosynthesis)	(AFE_0796 or AFE_1910)	3
T0	1.0	3OAR6	3-oxoacyl-(acyl-carrier-protein) reductase	3oxpenACP[c] + h[c] + nadph[c] -> R-3hptACP[c] + nadp[c]	0.003674	(Cell Envelope Biosynthesis) or (Fatty acid biosynthesis)	AFE_1908	3
T0	1.0	3OAR7	3-oxoacyl-(acyl-carrier-protein) reductase	5 h[c] + 5 nadph[c] + v3oaACP[c] -> 5 nadp[c] + v3haACP[c]	0.003674	(Cell Envelope Biosynthesis) or (Fatty acid biosynthesis)	AFE_1908	3
T0	1.0	3OAS28	3-oxoacyl-(acyl-carrier-protein) synthase III	h[c] + malACP[c] + ppcoa[c] -> 3oxpenACP[c] + co2[c] + coa[c]	0.003674	(Cell Envelope Biosynthesis) or (Fatty acid biosynthesis)	AFE_1906	3
T0	1.0	EAR6	enoyl-(acyl-carrier-protein) reductase	2tpenACP[c] + h[c] + nadph[c] -> nadp[c] + ptACP[c]	0.003674	(Cell Envelope Biosynthesis) or (Fatty acid biosynthesis)	AFE_0420	3
T0	1.0	EAR7	enoyl-(acyl-carrier-protein) reductase	5 h[c] + 5 nadph[c] + vtenACP[c] -> 5 nadp[c] + ptdcaACP[c]	0.003674	(Cell Envelope Biosynthesis) or (Fatty acid biosynthesis)	AFE_0420	3
T0	1.0	BHAH6	beta-hydroxyacyl-(acyl-carrier-protein) dehydratase	R-3hptACP[c] -> 2tpenACP[c] + h2o[c]	0.003674	(Membrane Lipid Metabolism) or (Fatty acid biosynthesis)	AFE_1455	3
T0	1.0	BHAH7	beta-hydroxyacyl-(acyl-carrier-protein) dehydratase	v3haACP[c] -> 5 h2o[c] + vtenACP[c]	0.003674	(Membrane Lipid Metabolism) or (Fatty acid biosynthesis)	AFE_1455	3
T0	1.0	MMM	Methylmalonyl-CoA mutase	mmcoa[c] -> succoa[c]	-0.003674	( Alternate Carbon Metabolism ) or ( Methylmalonyl pathway )		1
T0	1.0	MMCD	Methylmalonyl-CoA decarboxylase	h[c] + mmcoa[c] -> co2[c] + ppcoa[c]	0.003674	Alternate Carbon Metabolism		1
T0	1.0	SUCD	succinate dehydrogenase	fum[c] + h[c] + nadh[c] -> nad[c] + succ[c]	0.003627	Citric Acid Cycle	AFE_2550	2
T0	1.0	TDPGDH	dTDPglucose 4,6-dehydratase	dtdpglu[c] -> dtdp4d6dg[c] + h2o[c]	0.00344	Cell Envelope Biosynthesis	AFE_0441	2
T0	1.0	TDPDRE2	dTDP-L-rhamnose synthetase 	dtdp4d6dg[c] + h[c] + nadh[c] -> dtdprmn[c] + nad[c]	0.00344	Cell Envelope Biosynthesis	AFE_3294	2
T0	1.0	3OAS6	3-oxoacyl-[acyl-carrier-protein] synthase	h[c] + malACP[c] + ptdcaACP[c] -> 3oxhepACP[c] + ACP[c] + co2[c]	0.003368	(Cell Envelope Biosynthesis) or (Fatty acid biosynthesis)	(AFE_0796 or AFE_1910)	3
T0	1.0	3OAR8	3-oxoacyl-(acyl-carrier-protein) reductase	3oxhepACP[c] + h[c] + nadph[c] -> R-3hyhepACP[c] + nadp[c]	0.003368	(Cell Envelope Biosynthesis) or (Fatty acid biosynthesis)	AFE_1908	3
T0	1.0	BHAH8	beta-hydroxyacyl-(acyl-carrier-protein) dehydratase	R-3hyhepACP[c] -> h2o[c] + thepcaACP[c]	0.003368	(Membrane Lipid Metabolism) or (Fatty acid biosynthesis)	AFE_1455	3
T0	1.0	DHFR	dihydrofolate reductase	nadp[c] + thf[c] -> dhf[c] + h[c] + nadph[c]	-0.003221	(Cofactor and Prosthetic Group Biosynthesis) or (Tetrahydrofolate biosynthesis)		1
T0	1.0	TMDS	Thymidylate synthase	dump[c] + mlthf[c] -> dhf[c] + dtmp[c]	0.003205	Nucleotide Salvage Pathway		1
T0	1.0	DUTPDP	dUTP diphosphatase	dutp[c] + h2o[c] -> dump[c] + h[c] + ppi[c]	0.003205	Nucleotide Salvage Pathway	AFE_0356	2
T0	1.0	NDPK6	nucleoside-diphosphate kinase (ATP:dUDP)	atp[c] + dudp[c] -> adp[c] + dutp[c] + h[c]	0.003205	Nucleotide Salvage Pathway	AFE_1929	2
T0	1.0	RNDR4	ribonucleoside-diphosphate reductase (UDP)	h[c] + trdrd[c] + udp[c] -> dudp[c] + h2o[c] + trdox[c]	0.003205	Nucleotide Salvage Pathway	(AFE_2639 and AFE_2638)	2
T0	1.0	DTMPK	dTMP kinase	atp[c] + dtmp[c] -> adp[c] + dtdp[c]	0.003205	Nucleotide Salvage Pathway	AFE_1913	2
T0	1.0	NDPK8	nucleoside-diphosphate kinase (ATP:dADP)	atp[c] + dadp[c] -> adp[c] + datp[c]	0.003125	Nucleotide Salvage Pathway	AFE_1929	2
T0	1.0	RNDR1	ribonucleoside-diphosphate reductase (ADP)	adp[c] + trdrd[c] -> dadp[c] + h2o[c] + trdox[c]	0.003125	Nucleotide Salvage Pathway	(AFE_2639 and AFE_2638)	2
T0	1.0	AGAD	NAD dependent UDP-N-acetylglucosamine 3-dehydrogenase 	nad[c] + uacgam[c] -> h[c] + nadh[c] + uacgamo[c]	0.003	Lipopolysaccharide Biosynthesis	AFE_1457	3
T0	1.0	UACAA	Pyridoxal phosphate-dependent UDP 2-acetamido-2-deoxy-alpha-D-ribo-hexopyranos-3-ulose 3-aminotransferase 	glu-L[c] + uacgamo[c] -> akg[c] + u3agn[c]	0.003	Lipopolysaccharide Biosynthesis	AFE_1458	3
T0	1.0	UAGAAT	UDP-N-acetylglucosamine acyltransferase	3hmrsACP[c] + u3agn[c] -> ACP[c] + h[c] + u3aga[c]	0.003	( Lipopolysaccharide Biosynthesis ) or ( Lipid A synthesis )	AFE_1456	3
T0	1.0	UAAD	UDP-3-O-acyl N-acetylglucosamine deacetylase	h2o[c] + u3aga[c] -> ac[c] + udpglucpypi[c]	0.003	( Lipopolysaccharide Biosynthesis ) or ( Lipid A synthesis )	AFE_0223	3
T0	1.0	UAAA	UDP-3-O-3-hydroxymiristoyl glucosamine N-acetyltransferase	3hmrsACP[c] + udpglucpypi[c] -> ACP[c] + h[c] + udpglucpy[c]	0.003	( Lipopolysaccharide Biosynthesis ) or ( Lipid A synthesis )	AFE_1454	3
T0	1.0	EAR8	enoyl-(acyl-carrier-protein) reductase	h[c] + nadph[c] + thepcaACP[c] -> hpdcaACP[c] + nadp[c]	0.002756	(Cell Envelope Biosynthesis) or (Fatty acid biosynthesis)	AFE_0420	3
T0	1.0	MCTP1A	murein crosslinking transpeptidase 1A:(A2pm->D-ala) 	murein5p5p[c] -> ala-D[c] + murein5px4p[c]	0.002708	(Cell Envelope Biosynthesis) or (Murein Biosynthesis)	(AFE_1960 or AFE_2526 or AFE_2923)	2
T0	1.0	PGLT	peptidoglycan glycosyltransferase	2 ugmdal[c] -> 2 h[c] + murein5p5p[c] + 2 udcpdp[c]	0.002708	( Cell Envelope Biosynthesis ) or ( Peptidoglycan biosynthesis )	AFE_0206	2
T0	1.0	CFAS190	cyclopropane-fatty-acyl-phospholipid synthase	amet[c] + noncaACP[c] -> ahcys[c] + c190cACP[c] + h[c]	0.002143	(Glycerophospholipid Metabolism) or (Phospholipid synthesis)	AFE_2929	2
T0	1.0	3OAS7	3-oxoacyl-[acyl-carrier-protein] synthase	h[c] + hpdcaACP[c] + malACP[c] -> 3oxnonACP[c] + ACP[c] + co2[c]	0.002143	(Cell Envelope Biosynthesis) or (Fatty acid biosynthesis)	(AFE_0796 or AFE_1910)	3
T0	1.0	3OAR9	3-oxoacyl-(acyl-carrier-protein) reductase	3oxnonACP[c] + h[c] + nadph[c] -> 3hynonACP[c] + nadp[c]	0.002143	(Cell Envelope Biosynthesis) or (Fatty acid biosynthesis)	AFE_1908	3
T0	1.0	BHAH9	beta-hydroxyacyl-(acyl-carrier-protein) dehydratase	3hynonACP[c] -> h2o[c] + noncaACP[c]	0.002143	(Membrane Lipid Metabolism) or (Fatty acid biosynthesis)	AFE_1455	3
T0	1.0	LPADSS	Lipid A disaccaride synthase	biglucpypi[c] + udpglucpy[c] -> h[c] + lipidA_AFE[c] + udp[c]	0.0015	( Lipopolysaccharide Biosynthesis ) or ( Lipid A synthesis )	AFE_1459	3
T0	1.0	UHGA	UDP-3-O-3-hydroxymiristoyl glucosamine N-acetyltransferase	h2o[c] + udpglucpy[c] -> biglucpypi[c] + 2 h[c] + ump[c]	0.0015	( Lipopolysaccharide Biosynthesis ) or ( Lipid A synthesis )	AFE_1987	3
T0	1.0	TDSK	Tetraacyldisaccharide 4kinase	atp[c] + lipidA_AFE[c] -> adp[c] + h[c] + lipid4A_AFE[c]	0.0015	( Lipopolysaccharide Biosynthesis ) or ( Lipid A synthesis )	AFE_0489	3
T0	1.0	LDAS	Lipid A biosynthesis lauroyl acyltransferase	ddcaACP[c] + lipid4A_AFE[c] -> ACP[c] + ddcalipid4A_AFE[c]	0.0015	( Lipopolysaccharide Biosynthesis ) or ( Lipid A synthesis )	AFE_0238	3
T0	1.0	LIPS	Myristoyl-acyl carrier protein-dependent acyltransferase	ddcalipid4A_AFE[c] + myrsACP[c] -> ACP[c] + lip_AFE[c]	0.0015	( Lipopolysaccharide Biosynthesis ) or ( Lipid A synthesis )	AFE_0238	3
T0	5.0	Ex_fe2[e]	fe2+ exchange	fe2[e] -> 	-999.997734	Exchange		
T0	5.0	Ex_fe3[e]	fe3+ exchange	fe3[e] -> 	999.908369	Exchange		
T0	5.0	Htex	h transport	h[p] -> h[e]	-968.917515	Transport, Outer Membrane Porin		1
T0	5.0	Ex_h[e]	h+ exchange	h[e] -> 	-968.917515	Exchange		
T0	5.0	H2Otex	h2o transport	h2o[e] -> h2o[p]	-502.497363	Transport, Outer Membrane Porin		1
T0	5.0	H2Otpp	h2o transport (citoplasm)	h2o[p] -> h2o[c]	-502.497363	Transport, Inner Membrane		1
T0	5.0	Ex_h2o[e]	h2o exchange	h2o[e] -> 	502.497363	Exchange		
T0	5.0	CYT2	cytochrome c/rusticyanin complex	2 fe2[e] + rust[p] -> 2 fe3[e] + rustred[p]	499.976516	Oxidative Phosphorylation	(AFE_3153)	3
T0	5.0	CYTAA31	cytochrome c oxidase, aa3-type	cytccr[p] + 2 h[c] + 0.5 o2[c] -> cytcco[p] + h2o[c]	483.922943	Oxidative Phosphorylation	(AFE_3149 and AFE_3150 and AFE_3148 and AFE_3147)	3
T0	5.0	CYT1	cytochrome c552/rusticyanin complex	cytcco[p] + rustred[p] -> cytccr[p] + rust[p]	483.922943	Oxidative Phosphorylation	(AFE_3152 and AFE_3146)	3
T0	5.0	O2tex	o2 transport	o2[e] -> o2[p]	242.062017	Transport, Outer Membrane Porin		1
T0	5.0	O2tpp	o2 transport (citoplasm)	o2[p] -> o2[c]	242.062017	Transport, Inner Membrane		1
T0	5.0	Ex_o2[e]	o2 exchange	o2[e] -> 	-242.062017	Exchange		
T0	5.0	ATPS5rpp	ATP synthase (five protons for one ATP) (periplasm)	adp[c] + 5 h[p] + pi[c] -> atp[c] + h2o[c] + 4 h[c]	157.742961	Oxidative Phosphorylation	(AFE_3205 and AFE_3209 and AFE_3202 and AFE_3203 and AFE_3208 and AFE_3207 and AFE_3204 and AFE_3206)	3
T0	5.0	NADHI	NADH dehydrogenase (ubiquinone-8 & 5 protons) (periplasm)	5 h[p] + nad[c] + q8h2[c] -> 6 h[c] + nadh[c] + q8[c]	19.459361	Oxidative Phosphorylation	(AFE_2630 and AFE_2629 and AFE_2628 and AFE_2627 and AFE_2626 and AFE_2625 and AFE_2624 and AFE_2623 and AFE_2622 and AFE_2621 and AFE_2620 and AFE_2619 and AFE_2618 and AFE_2617)	3
T0	5.0	CYTBC1	cytochrome oxidase bc1 (5 protons) (periplasm)	cytcAr[p] + 5 h[p] + q8[c] -> cytcAo[p] + 5 h[c] + q8h2[c]	16.053573	Oxidative Phosphorylation	((AFE_3108 and AFE_3109 and AFE_3110 and AFE_3111) or (AFE_2729 and AFE_2730 and AFE_2731))	3
T0	5.0	CYTA2	cytochrome c4/rusticyanin complex	cytcAo[p] + rustred[p] -> cytcAr[p] + rust[p]	16.053573	Oxidative Phosphorylation	(AFE_3107 and AFE_3146)	3
T0	5.0	NADTRHD	NAD transhydrogenase	h[p] + nadh[c] + nadp[c] -> h[c] + nad[c] + nadph[c]	9.31161	Oxidative Phosphorylation		1
T0	5.0	CYTK1	cytidylate kinase (CMP)	atp[c] + cmp[c] -> adp[c] + cdp[c]	6.906859	Nucleotide Salvage Pathway	AFE_0902	2
T0	5.0	NDPK3	nucleoside-diphosphate kinase (ATP:CDP)	atp[c] + cdp[c] -> adp[c] + ctp[c]	6.892194	Nucleotide Salvage Pathway	AFE_1929	2
T0	5.0	CYTDK1	cytidine kinase (ATP)	atp[c] + cytd[c] -> adp[c] + cmp[c] + h[c]	6.832006	Nucleotide Salvage Pathway		1
T0	5.0	CYTD	cytidine deaminase	cytd[c] + h2o[c] + h[c] -> nh4[c] + uri[c]	-6.832006	Nucleotide Salvage Pathway		1
T0	5.0	UPPRT	uracil phosphoribosyltransferase	ppi[c] + ump[c] -> prpp[c] + ura[c]	6.832006	Purine and Pyrimidine Biosynthesis	AFE_3060	2
T0	5.0	URIP	uridine phosphorylase	pi[c] + uri[c] -> r1p[c] + ura[c]	-6.832006	Nucleotide Salvage Pathway		1
T0	5.0	ENO	enolase	2pg[c] -> h2o[c] + pep[c]	6.754096	Glycolysis/Gluconeogenesis	(AFE_1800 or AFE_0849)	2
T0	5.0	PGM1	phosphoglycerate mutase	3pg[c] -> 2pg[c]	6.754096	Glycolysis/Gluconeogenesis	(AFE_1815 or AFE_0155 or AFE_0526 or AFE_0621)	2
T0	5.0	CTPS2	CTP synthase (glutamine)	atp[c] + gln-L[c] + h2o[c] + utp[c] -> adp[c] + ctp[c] + glu-L[c] + 2 h[c] + pi[c]	-6.705083	Purine and Pyrimidine Biosynthesis	AFE_0847	2
T0	5.0	URIDK	uridylate kinase	atp[c] + ump[c] -> adp[c] + udp[c]	-6.610036	Purine and Pyrimidine Biosynthesis	AFE_1446	2
T0	5.0	NDPK2	nucleoside-diphosphate kinase (ATP:UDP)	atp[c] + udp[c] -> adp[c] + utp[c]	-6.598159	Nucleotide Salvage Pathway	AFE_1929	2
T0	5.0	PUNP3	guanosine phosphorylase 	gsn[c] + pi[c] -> gua[c] + r1p[c]	6.594865	Nucleotide Salvage Pathway		1
T0	5.0	GSNK	guanosine kinase	atp[c] + gsn[c] -> adp[c] + gmp[c] + h[c]	-6.594865	Nucleotide Salvage Pathway		1
T0	5.0	GUAPRT	guanine phosphoribosyltransferase	gmp[c] + ppi[c] -> gua[c] + prpp[c]	-6.594865	Nucleotide Salvage Pathway	AFE_0364	2
T0	5.0	GLUSy	glutamate synthase (NADPH)	akg[c] + gln-L[c] + h[c] + nadph[c] -> 2 glu-L[c] + nadp[c]	5.281027	Glutamate Metabolism	(AFE_0730 and AFE_0729)	4
T0	5.0	PYK	pyruvate kinase	adp[c] + h[c] + pep[c] -> atp[c] + pyr[c]	4.235835	Glycolysis/Gluconeogenesis	(AFE_0749 or AFE_1801 or AFE_3249)	2
T0	5.0	RUBISCO	Ribulose-bisphosphate carboxylase	co2[c] + h2o[c] + rb15bp[c] -> 2 3pg[c] + 2 h[c]	4.121028	(CO2 fixation) or (Rubisco Shunt) or (Calvin-Benson-Bassham Cycle)	(AFE_2155 or AFE_0434 or (AFE_3051 and AFE_3052) or (AFE_1690 and AFE_1691))	3
T0	5.0	PRUK	Phosphoribulokinase	atp[c] + ru5p-D[c] -> adp[c] + h[c] + rb15bp[c]	4.121028	(Pentose Phosphate Pathway) or (Calvin-Benson-Bassham Cycle)	AFE_0536	2
T0	5.0	BDGK	Glucokinase 	atp[c] + glc-B[c] -> adp[c] + g6p-B[c] + h[c]	3.933528	Glycolysis/Gluconeogenesis		1
T0	5.0	Ex_glc-B[e]	beta-D-Glucose exchange	glc-B[e] -> 	-3.933528	hypothetical glucose uptake		
T0	5.0	GLCtex	glucose outer porin	glc-B[e] -> glc-B[p]	3.933528	hypothetical glucose uptake		
T0	5.0	GLCtpp	glucose facilitated inner transport	glc-B[p] -> glc-B[c]	3.933528	hypothetical glucose uptake		
T0	5.0	PGI1	glucose-6-phosphate isomerase	g6p-B[c] -> f6p-B[c]	3.809219	Glycolysis/Gluconeogenesis	AFE_2924	2
T0	5.0	ATPM	ATP maintenance requirement	atp[c] + h2o[c] -> adp[c] + h[c] + pi[c]	3.475	Unassigned		1
T0	5.0	N2tex	n2 transport	n2[e] -> n2[p]	3.405802	Transport, Outer Membrane Porin		1
T0	5.0	N2tpp	n2 transport (citoplasm)	n2[p] -> n2[c]	3.405802	Transport, Inner Membrane		1
T0	5.0	HYD3pp	hydrogenase III	h2[c] + 2 h[c] + q8[c] -> 2 h[p] + q8h2[c]	3.405802	Hydrogen and Formate Utilization	(AFE_0937 and AFE_0938 and AFE_0939 and AFE_0940)	2
T0	5.0	NITF	sulfide quinone reductase	16 atp[c] + 16 h2o[c] + n2[c] + 4 nadh[c] -> 16 adp[c] + h2[c] + 10 h[c] + 4 nad[c] + 2 nh4[c] + 16 pi[c]	3.405802	Nitrogen fixation	(AFE_1515 and AFE_1516 and AFE_1517 and AFE_1518 and AFE_1519 and AFE_1520 and AFE_1521 and AFE_1522)	3
T0	5.0	Ex_n2[e]	n2 exchange	n2[e] -> 	-3.405802	Exchange		
T0	5.0	RPE	ribulose 5-phosphate 3-epimerase	ru5p-D[c] -> xu5p-D[c]	-3.217054	(Pentose Phosphate Pathway) or (Calvin-Benson-Bassham Cycle)	AFE_3247	2
T0	5.0	PDH	pyruvate dehydrogenase	coa[c] + nad[c] + pyr[c] -> accoa[c] + co2[c] + nadh[c]	2.095109	Glycolysis/Gluconeogenesis	(AFE_3070 and AFE_3069 and AFE_3068)	2
T0	5.0	PPA	inorganic diphosphatase	h2o[c] + ppi[c] -> h[c] + 2 pi[c]	2.052684	Anaplerotic Reactions	AFE_0492	2
T0	5.0	TALA	transaldolase	g3p[c] + s7p[c] -> e4p[c] + f6p-B[c]	-2.048822	Pentose Phosphate Pathway	AFE_0419	2
T0	5.0	PPC	phosphoenolpyruvate carboxylase	co2[c] + h2o[c] + pep[c] -> h[c] + oaa[c] + pi[c]	2.022918	Anaplerotic Reactions	AFE_1810	2
T0	5.0	HCO3tex	hco3 transport	h2co3[e] -> h2co3[p]	2.0	Transport, Outer Membrane Porin		1
T0	5.0	HCO3tpp	hco3 transport (citoplasm)	h2co3[p] -> h[c] + hco3[c]	2.0	Transport, Inner Membrane		1
T0	5.0	Ex_h2co3[e]	h3co3 exchange	h2co3[e] -> 	-2.0	Exchange		
T0	5.0	TKT1	transketolase	e4p[c] + xu5p-D[c] -> f6p-B[c] + g3p[c]	-1.715622	(Pentose Phosphate Pathway) or (Calvin-Benson-Bassham Cycle)	(AFE_1843 and AFE_3252)	2
T0	5.0	ASPTA	aspartate transaminase	akg[c] + asp-L[c] -> glu-L[c] + oaa[c]	-1.649666	Alanine and Aspartate Metabolism	AFE_2022	2
T0	5.0	TKT2	transketolase	g3p[c] + s7p[c] -> r5p[c] + xu5p-D[c]	1.501432	(Pentose Phosphate Pathway) or (Calvin-Benson-Bassham Cycle)	(AFE_1843 and AFE_3252)	2
T0	5.0	ADK1	Adenylate kinase	amp[c] + atp[c] -> 2 adp[c]	1.495534	Nucleotide Salvage Pathway	AFE_0348	2
T0	5.0	RPI	ribose-5-phosphate isomerase	r5p[c] -> ru5p-D[c]	0.955223	(Pentose Phosphate Pathway) or (Calvin-Benson-Bassham Cycle)	AFE_0629	2
T0	5.0	ACCOAC	Acetyl-CoA carboxylase	accoa[c] + atp[c] + hco3[c] -> adp[c] + h[c] + malcoa[c] + pi[c]	0.871563	(Membrane Lipid Metabolism) or (Fatty Acid Biosynthesis)	(AFE_1462 or AFE_0196 or AFE_0195 or AFE_2067)	2
T0	5.0	MCOATA	Malonyl-CoA-ACP transacylase	ACP[c] + malcoa[c] -> coa[c] + malACP[c]	0.871563	(Membrane Lipid Metabolism) or (Fatty acid biosynthesis)	AFE_1907	3
T0	5.0	PGCD	phosphoglycerate dehydrogenase	3pg[c] + nad[c] -> 3php[c] + h[c] + nadh[c]	0.797377	Glycine and Serine Metabolism	AFE_0896	2
T0	5.0	PSP_L	phosphoserine phosphatase (L-serine)	h2o[c] + pser-L[c] -> pi[c] + ser-L[c]	0.797377	Glycine and Serine Metabolism	AFE_0368	2
T0	5.0	PSERT	phosphoserine transaminase	akg[c] + pser-L[c] -> 3php[c] + glu-L[c]	-0.797377	Glycine and Serine Metabolism	AFE_0895	2
T0	5.0	VALTA2	valine transaminase	akg[c] + val-L[c] -> 3mob[c] + glu-L[c]	-0.756587	Valine, Leucine, and Isoleucine Metabolism	AFE_0547	2
T0	5.0	HCO3E	HCO3 equilibration reaction	co2[c] + h2o[c] -> h[c] + hco3[c]	-0.741948	(CO2 fixation) or (Rubisco Shunt) or (Calvin-Benson-Bassham Cycle)	AFE_0287	2
T0	5.0	ACONT1	aconitase (half-reaction A, Citrate hydro-lyase)	cit[c] -> acon-C[c] + h2o[c]	0.733862	Citric Acid Cycle	AFE_0423	2
T0	5.0	ACONT2	aconitase (half-reaction B, Isocitrate hydro-lyase)	acon-C[c] + h2o[c] -> icit[c]	0.733862	Citric Acid Cycle	AFE_0423	2
T0	5.0	CS	citrate synthase	accoa[c] + h2o[c] + oaa[c] -> cit[c] + coa[c] + h[c]	0.733862	Citric Acid Cycle	AFE_3065	2
T0	5.0	ICDHyr	isocitrate dehydrogenase (NADP)	icit[c] + nadp[c] -> akg[c] + co2[c] + nadph[c]	0.733862	Citric Acid Cycle	AFE_0424	2
T0	5.0	ASPK	Aspartate kinase	asp-L[c] + atp[c] -> 4pasp[c] + adp[c]	0.717284	Threonine and Lysine Metabolism	AFE_0407	2
T0	5.0	ASAD	aspartate-semialdehyde dehydrogenase	aspsa[c] + nadp[c] + pi[c] -> 4pasp[c] + h[c] + nadph[c]	-0.717284	Threonine and Lysine Metabolism	AFE_2074	2
T0	5.0	GAPD1	glyceraldehyde-3-phosphate dehydrogenase	13dpg[c] + h[c] + nadh[c] -> g3p[c] + nad[c] + pi[c]	0.690611	(Glycolysis/Gluconeogenesis) or (Calvin-Benson-Bassham Cycle)	AFE_3251	2
T0	5.0	PGK	phosphoglycerate kinase	3pg[c] + atp[c] -> 13dpg[c] + adp[c]	0.690611	(Glycolysis/Gluconeogenesis) or (Calvin-Benson-Bassham Cycle)	AFE_3250	2
T0	5.0	Afe_biomass_mc507_WT_139p0M	Afe biomass objective function (mc507) - WT - with 139 GAM estimate	2e-05 10fthf[c] + 2e-05 5mthf[c] + 3e-05 accoa[c] + 0.66 ala-L[c] + 2e-05 amet[c] + 0.28 arg-L[c] + 0.27 asn-L[c] + 0.27 asp-L[c] + 139.1 atp[c] + 0.087 ca2[c] + 2e-05 chor[c] + 2e-05 coa[c] + 0.13 ctp[c] + 0.001 cu2[c] + 0.015 datp[c] + 0.022 dctp[c] + 0.022 dgtp[c] + 0.015 dttp[c] + 2e-05 fad[c] + 0.067 fe2[c] + 0.067 fe3[c] + 0.26 gln-L[c] + 0.26 glu-L[c] + 0.55 gly[c] + 0.15 glycogen[c] + 2e-05 gthrd[c] + 0.14 gtp[c] + 139 h2o[c] + 2e-05 hemeO[c] + 0.24 his-L[c] + 0.29 ile-L[c] + 0.046 k[c] + 0.51 leu-L[c] + 0.024 lps_AFE[c] + 0.33 lys-L[c] + 0.17 met-L[c] + 0.24 mg2[c] + 2e-05 mlthf[c] + 0.03 mn2[c] + 0.013 murein5px4p[c] + 0.14 na1[c] + 0.00019 nad[c] + 1e-05 nadp[c] + 4e-05 nadph[c] + 0.18 phe-L[c] + 2e-05 pheme[c] + 0.07 ppl_AFE[c] + 0.27 pro-L[c] + 0.00358 ptrc[c] + 2e-05 pydx5p[c] + 2e-05 q8h2[c] + 2e-05 ribflv[c] + 0.23 ser-L[c] + 2e-05 sheme[c] + 0.09 so4[c] + 0.00073 spmd[c] + 1e-05 succoa[c] + 2e-05 thf[c] + 2e-05 thmpp[c] + 0.26 thr-L[c] + 0.14 tyr-L[c] + 1e-05 udcpdp[c] + 0.094 utp[c] + 0.41 val-L[c] + 0.002 zn2[c] -> 139 adp[c] + bio[c] + 139 h[c] + 139 pi[c] + 0.531 ppi[c]	0.666608	Exchange		3
T0	5.0	BIOMASStpp		bio[c] -> bio[p]	0.666608	Transport, Inner Membrane		1
T0	5.0	BIOMASStex		bio[p] -> bio[e]	0.666608	Transport, Outer Membrane Porin		1
T0	5.0	Ex_bio[e]	biomass exchange	bio[e] -> 	0.666608	Exchange		
T0	5.0	GHMT2	glycine hydroxymethyltransferase, reversible	ser-L[c] + thf[c] -> gly[c] + h2o[c] + mlthf[c]	0.616926	Glycine and Serine Metabolism	AFE_0295	2
T0	5.0	ACLS	acetolactate synthase	h[c] + 2 pyr[c] -> alac-S[c] + co2[c]	0.613319	Valine, Leucine, and Isoleucine Metabolism	(AFE_0745 and AFE_0746)	2
T0	5.0	KARA1	ketol-acid reductoisomerase (2,3-dihydroxy-3-methylbutanoate)	23dhmb[c] + nadp[c] -> alac-S[c] + h[c] + nadph[c]	-0.613319	Valine, Leucine, and Isoleucine Metabolism	AFE_0747	2
T0	5.0	DHAD1	dihydroxy-acid dehydratase (2,3-dihydroxy-3-methylbutanoate)	23dhmb[c] -> 3mob[c] + h2o[c]	0.613319	Valine, Leucine, and Isoleucine Metabolism	(AFE_1673 and AFE_0662)	2
T0	5.0	FBA3	Sedoheptulose 1,7-bisphosphate D-glyceraldehyde-3-phosphate-lyase	dhap[c] + e4p[c] -> s17bp[c]	-0.546622	(Pentose Phosphate Pathway) or (Calvin-Benson-Bassham Cycle)	(AFE_1676 and AFE_3248)	2
T0	5.0	SBPASE	Sedoheptulose-bisphosphatase	h2o[c] + s17bp[c] -> pi[c] + s7p[c]	-0.546622	(Pentose Phosphate Pathway) or (Calvin-Benson-Bassham Cycle)	AFE_3253	2
T0	5.0	PRPPS	phosphoribosylpyrophosphate synthetase	atp[c] + r5p[c] -> amp[c] + h[c] + prpp[c]	0.546209	Histidine Metabolism	AFE_2766	2
T0	5.0	MTHFD1	methylenetetrahydrofolate dehydrogenase (NADP)	mlthf[c] + nadp[c] -> methf[c] + nadph[c]	0.530816	Folate Metabolism	AFE_1877	2
T0	5.0	MTHFC	methenyltetrahydrofolate cyclohydrolase	h2o[c] + methf[c] -> 10fthf[c] + h[c]	0.530816	Folate Metabolism	AFE_1877	2
T0	5.0	VALTA1	valine transaminase	pyr[c] + val-L[c] -> 3mob[c] + ala-L[c]	0.483278	Valine, Leucine, and Isoleucine Metabolism		1
T0	5.0	HSDy	homoserine dehydrogenase (NADPH)	hom-L[c] + nadp[c] -> aspsa[c] + h[c] + nadph[c]	-0.479971	Threonine and Lysine Metabolism	AFE_0473	2
T0	5.0	TPI	triose-phosphate isomerase	g3p[c] -> dhap[c]	-0.477868	(Glycolysis/Gluconeogenesis) or (Calvin-Benson-Bassham Cycle)	AFE_2633	2
T0	5.0	Pitex	pi transport	pi[p] -> pi[e]	-0.454761	Transport, Outer Membrane Porin		1
T0	5.0	Pitpp	Phosphate ABC transporter	atp[c] + h2o[c] + pi[p] -> adp[c] + h[c] + 2 pi[c]	0.454761	Transport, Inner Membrane	((AFE_1939 and AFE_1940 and AFE_1941) or (AFE_1434 and AFE_1435 and AFE_1436 and AFE_1437 and AFE_1438 and AFE_1439 and AFE_1440 and AFE_1441))	2
T0	5.0	Ex_pi[e]	phosphate exchange	pi[e] -> 	-0.454761	Exchange		
T0	5.0	CBPS	carbamoyl-phosphate synthase (glutamine-hydrolysing)	2 atp[c] + gln-L[c] + h2o[c] + hco3[c] -> 2 adp[c] + cbp[c] + glu-L[c] + 2 h[c] + pi[c]	0.386489	Arginine and Proline Metabolism	(AFE_0640 and AFE_0639)	2
T0	5.0	HMSK	Homoserine kinase 	atp[c] + hom-L[c] -> adp[c] + h[c] + phom[c]	0.366634	Threonine and Lysine Metabolism	AFE_3097	2
T0	5.0	THRS	threonine synthase	h2o[c] + phom[c] -> pi[c] + thr-L[c]	0.366634	Threonine and Lysine Metabolism	AFE_0474	2
T0	5.0	FUM	fumarase	mal-L[c] -> fum[c] + h2o[c]	-0.36061	Citric Acid Cycle	AFE_2673	2
T0	5.0	MDH	malate dehydrogenase	mal-L[c] + nad[c] -> h[c] + nadh[c] + oaa[c]	0.36061	Citric Acid Cycle	AFE_3000	2
T0	5.0	AICART	phosphoribosylaminoimidazolecarboxamide formyltransferase	10fthf[c] + aicar[c] -> fprica[c] + thf[c]	0.345711	Purine and Pyrimidine Biosynthesis	AFE_2260	2
T0	5.0	IMPC	IMP cyclohydrolase	h2o[c] + imp[c] -> fprica[c]	-0.345711	Purine and Pyrimidine Biosynthesis	AFE_2260	2
T0	5.0	OMCDC	2-Oxo-4-methyl-3-carboxypentanoate decarboxylation (spontaneous)	3c4mop[c] + h[c] -> 4mop[c] + co2[c]	0.33997	Valine, Leucine, and Isoleucine Metabolism		1
T0	5.0	LEUTA	leucine transaminase	akg[c] + leu-L[c] -> 4mop[c] + glu-L[c]	-0.33997	Valine, Leucine, and Isoleucine Metabolism	AFE_0547	2
T0	5.0	IPPS	2-isopropylmalate synthase	3mob[c] + accoa[c] + h2o[c] -> 3c3hmp[c] + coa[c] + h[c]	0.33997	Valine, Leucine, and Isoleucine Metabolism	(AFE_2596 and AFE_1989)	2
T0	5.0	IPMD	3-isopropylmalate dehydrogenase	3c2hmp[c] + nad[c] -> 3c4mop[c] + h[c] + nadh[c]	0.33997	Valine, Leucine, and Isoleucine Metabolism	AFE_2075	4
T0	5.0	IPPMIa	3-isopropylmalate dehydratase	3c3hmp[c] -> 3c2hmp[c]	0.33997	Valine, Leucine, and Isoleucine Metabolism	(AFE_0624 and AFE_0626)	2
T0	5.0	SUCOAS	succinyl-CoA synthetase (ADP-forming)	atp[c] + coa[c] + succ[c] -> adp[c] + pi[c] + succoa[c]	0.249078	Citric Acid Cycle	(AFE_0427 and AFE_0425)	2
T0	5.0	INSK	insosine kinase	atp[c] + ins[c] -> adp[c] + h[c] + imp[c]	-0.23764	Nucleotide Salvage Pathway		1
T0	5.0	ADA	Adenosine deaminase	adn[c] + h2o[c] + h[c] -> ins[c] + nh4[c]	-0.23764	Nucleotide Salvage Pathway	AFE_0773	2
T0	5.0	ADPT	adenine phosphoribosyltransferase	amp[c] + ppi[c] -> ade[c] + prpp[c]	-0.237627	Nucleotide Salvage Pathway	AFE_0540	2
T0	5.0	SDPTA	succinyldiaminopimelate transaminase	akg[c] + sl26da[c] -> glu-L[c] + sl2a6o[c]	-0.237312	Threonine and Lysine Metabolism	AFE_1821	2
T0	5.0	DHDPS	dihydrodipicolinate synthase	aspsa[c] + pyr[c] -> 23dhdp[c] + 2 h2o[c] + h[c]	0.237312	Threonine and Lysine Metabolism	AFE_2358	2
T0	5.0	DHDPRy	dihydrodipicolinate reductase (NADPH)	nadp[c] + thdp[c] -> 23dhdp[c] + h[c] + nadph[c]	-0.237312	Threonine and Lysine Metabolism	AFE_2663	2
T0	5.0	THDPS	tetrahydrodipicolinate succinylase	h2o[c] + succoa[c] + thdp[c] -> coa[c] + sl2a6o[c]	0.237312	Threonine and Lysine Metabolism	AFE_1820	2
T0	5.0	SDPDS	succinyl-diaminopimelate desuccinylase	h2o[c] + sl26da[c] -> 26dap-LL[c] + succ[c]	0.237312	Threonine and Lysine Metabolism	AFE_1819	2
T0	5.0	DAPE	diaminopimelate epimerase	26dap-LL[c] -> 26dap-M[c]	0.237312	Threonine and Lysine Metabolism	AFE_2743	2
T0	5.0	PUNP1	purine-nucleoside phosphorylase (Adenosine)	adn[c] + pi[c] -> ade[c] + r1p[c]	0.237141	Nucleotide Salvage Pathway		1
T0	5.0	DAPDC	diaminopimelate decarboxylase	26dap-M[c] + h[c] -> co2[c] + lys-L[c]	0.219981	Threonine and Lysine Metabolism	AFE_3279	2
T0	5.0	DDPA	2-dehydro-3-deoxyphosphoheptonate aldolase	e4p[c] + h2o[c] + pep[c] -> 2dda7p[c] + pi[c]	0.213408	Tyrosine, Tryptophan, and Phenylalanine Metabolism	(AFE_2671 or AFE_0899)	2
T0	5.0	SHKK	shikimate-kinase	atp[c] + skm[c] -> adp[c] + h[c] + skm5p[c]	0.213408	(Tyrosine, Tryptophan, and Phenylalanine Metabolism) or (Chorismate Biosynthesis)	AFE_0734	2
T0	5.0	PSCVT	3-phosphoshikimate 1-carboxyvinyltransferase	pep[c] + skm5p[c] -> 3psme[c] + pi[c]	0.213408	Tyrosine, Tryptophan, and Phenylalanine Metabolism	AFE_0901	2
T0	5.0	DHQS	3-dehydroquinate synthase	2dda7p[c] -> 3dhq[c] + pi[c]	0.213408	Tyrosine, Tryptophan, and Phenylalanine Metabolism	AFE_0733	2
T0	5.0	CHORS	chorismate synthase	3psme[c] -> chor[c] + pi[c]	0.213408	Tyrosine, Tryptophan, and Phenylalanine Metabolism	AFE_1972	2
T0	5.0	SHK3D	shikimate dehydrogenase	nadp[c] + skm[c] -> 3dhsk[c] + h[c] + nadph[c]	-0.213408	Tyrosine, Tryptophan, and Phenylalanine Metabolism	AFE_0182	2
T0	5.0	DHQT	3-dehydroquinate dehydratase, irreversible	3dhq[c] -> 3dhsk[c] + h2o[c]	0.213408	Tyrosine, Tryptophan, and Phenylalanine Metabolism	AFE_0197	2
T0	5.0	CHORM	chorismate mutase	chor[c] -> pphn[c]	0.213328	Tyrosine, Tryptophan, and Phenylalanine Metabolism	AFE_0897	2
T0	5.0	ASPCT	aspartate carbamoyltransferase	asp-L[c] + cbp[c] -> cbasp[c] + h[c] + pi[c]	0.199838	Purine and Pyrimidine Biosynthesis	AFE_3059	2
T0	5.0	DHORTS	dihydroorotase	cbasp[c] + h[c] -> dhor-S[c] + h2o[c]	0.199838	Purine and Pyrimidine Biosynthesis	(AFE_1672 and AFE_3058 and AFE_1463)	2
T0	5.0	DHORD	dihydoorotic acid dehydrogenase (quinone8)	dhor-S[c] + o2[c] -> h2o2[c] + orot[c]	0.199838	Purine and Pyrimidine Biosynthesis	AFE_2264	2
T0	5.0	ORPT	orotate phosphoribosyltransferase	orot[c] + prpp[c] -> orot5p[c] + ppi[c]	0.199838	Purine and Pyrimidine Biosynthesis	AFE_0908	2
T0	5.0	OMPDC	orotidine-5-phosphate decarboxylase	h[c] + orot5p[c] -> co2[c] + ump[c]	0.199838	Purine and Pyrimidine Biosynthesis	AFE_0907	2
T0	5.0	THRD_L	L-threonine deaminase	thr-L[c] -> 2obut[c] + nh4[c]	0.193316	Valine, Leucine, and Isoleucine Metabolism	AFE_0722	2
T0	5.0	ACHBS	2-aceto-2-hydroxybutanoate synthase	2obut[c] + h[c] + pyr[c] -> 2ahbut[c] + co2[c]	0.193316	Valine, Leucine, and Isoleucine Metabolism	(AFE_0745 and AFE_0746)	2
T0	5.0	KARA2	ketol-acid reductoisomerase (2-Acetolactate)	2ahbut[c] + h[c] + nadph[c] -> 23dhmp[c] + nadp[c]	0.193316	Valine, Leucine, and Isoleucine Metabolism	AFE_0747	2
T0	5.0	DHAD2	Dihydroxy-acid dehydratase (2,3-dihydroxy-3-methylpentanoate)	23dhmp[c] -> 3mop[c] + h2o[c]	0.193316	Valine, Leucine, and Isoleucine Metabolism	(AFE_1673 or AFE_0662)	2
T0	5.0	ILETA	isoleucine transaminase	akg[c] + ile-L[c] -> 3mop[c] + glu-L[c]	-0.193316	Valine, Leucine, and Isoleucine Metabolism	AFE_0547	2
T0	5.0	ACGK	acetylglutamate kinase	acglu[c] + atp[c] -> acg5p[c] + adp[c]	0.189523	Arginine and Proline Metabolism	AFE_0256	2
T0	5.0	AGPR	N-acetyl-g-glutamyl-phosphate reductase	acg5sa[c] + nadp[c] + pi[c] -> acg5p[c] + h[c] + nadph[c]	-0.189523	Arginine and Proline Metabolism	AFE_3073	2
T0	5.0	ACOTA	acetylornithine transaminase	acorn[c] + akg[c] -> acg5sa[c] + glu-L[c]	-0.189523	Arginine and Proline Metabolism	AFE_0406	2
T0	5.0	GLAT	glutamate N-acetyltransferase	acorn[c] + glu-L[c] -> acglu[c] + orn[c]	0.189523	Arginine and Proline Metabolism	AFE_0664	2
T0	5.0	OCBT	ornithine carbamoyltransferase	cbp[c] + orn[c] -> citr-L[c] + h[c] + pi[c]	0.18665	Arginine and Proline Metabolism	AFE_0405	2
T0	5.0	ARGSS	argininosuccinate synthase	asp-L[c] + atp[c] + citr-L[c] -> amp[c] + argsuc[c] + h[c] + ppi[c]	0.18665	Arginine and Proline Metabolism	AFE_0404	2
T0	5.0	ARGSL	argininosuccinate lyase	argsuc[c] -> arg-L[c] + fum[c]	0.18665	Arginine and Proline Metabolism	AFE_3277	2
T0	5.0	PRAGS	phosphoribosylglycinamide synthase	atp[c] + gly[c] + pram[c] -> adp[c] + gar[c] + h[c] + pi[c]	0.185738	Purine and Pyrimidine Biosynthesis	AFE_2261	2
T0	5.0	GLUPRT	glutamine phosphoribosyldiphosphate amidotransferase	gln-L[c] + h2o[c] + prpp[c] -> glu-L[c] + ppi[c] + pram[c]	0.185738	Purine and Pyrimidine Biosynthesis	AFE_2064	2
T0	5.0	PRFGS	phosphoribosylformylglycinamidine synthase	atp[c] + fgam[c] + gln-L[c] + h2o[c] -> adp[c] + fpram[c] + glu-L[c] + h[c] + pi[c]	0.185738	Purine and Pyrimidine Biosynthesis	AFE_2354	2
T0	5.0	PRAIS	phosphoribosylaminoimidazole synthase	atp[c] + fpram[c] -> adp[c] + air[c] + 2 h[c] + pi[c]	0.185738	Purine and Pyrimidine Biosynthesis	AFE_1897	2
T0	5.0	PRASCS	phosphoribosylaminoimidazolesuccinocarboxamide synthase	5aizc[c] + asp-L[c] + atp[c] -> 25aics[c] + adp[c] + h[c] + pi[c]	0.185725	Purine and Pyrimidine Biosynthesis	AFE_2355	2
T0	5.0	AIRC	Phosphoribosylaminoimidazole carboxylase	5aizc[c] + h[c] -> air[c] + co2[c]	-0.185725	Purine and Pyrimidine Biosynthesis	(AFE_0273 and AFE_0272)	2
T0	5.0	ADSL2	adenylosuccinate lyase	25aics[c] -> aicar[c] + fum[c]	0.185725	Purine and Pyrimidine Biosynthesis	AFE_2356	2
T0	5.0	GARFT	phosphoribosylglycinamide formyltransferase	10fthf[c] + gar[c] -> fgam[c] + h[c] + thf[c]	0.185092	Purine and Pyrimidine Biosynthesis	(AFE_1896 or AFE_2023)	2
T0	5.0	G5SADs	L-glutamate 5-semialdehyde dehydratase (spontaneous)	glu5sa[c] -> 1pyr5c[c] + h2o[c] + h[c]	0.179984	Arginine and Proline Metabolism		1
T0	5.0	ASNS1	asparagine synthase (glutamine-hydrolysing)	asp-L[c] + atp[c] + gln-L[c] + h2o[c] -> amp[c] + asn-L[c] + glu-L[c] + h[c] + ppi[c]	0.179984	Alanine and Aspartate Metabolism	AFE_1353	2
T0	5.0	P5CR	pyrroline-5-carboxylate reductase	nadp[c] + pro-L[c] -> 1pyr5c[c] + 2 h[c] + nadph[c]	-0.179984	Arginine and Proline Metabolism	AFE_0262	2
T0	5.0	G5SD	glutamate-5-semialdehyde dehydrogenase	glu5sa[c] + nadp[c] + pi[c] -> glu5p[c] + h[c] + nadph[c]	-0.179984	Arginine and Proline Metabolism	AFE_0454	2
T0	5.0	GLU5K	glutamate 5-kinase	atp[c] + glu-L[c] -> adp[c] + glu5p[c]	0.179984	Arginine and Proline Metabolism	(AFE_2464 and AFE_1783 and AFE_0281)	2
T0	5.0	SO4AA1tpp	sulfate ABC transporter	atp[c] + h2o[c] + so4aa[p] -> adp[c] + h[c] + pi[c] + so4[c]	0.173398	(Transport, Inner Membrane) or (Sulfur Metabolism)		2
T0	5.0	SO4AA2tpp	sulfate transport inner membrane	so4aa[p] -> so4aa[e]	-0.173398	Sulfur Metabolism		1
T0	5.0	Ex_so4aa[e]	sulfate exchange	so4aa[e] -> 	-0.173398	Exchange		
T0	5.0	HISTP	Histidinol-phosphatase	h2o[c] + hisp[c] -> histd[c] + pi[c]	0.159986	Histidine Metabolism	AFE_3043	2
T0	5.0	MG2tex	mg2 transport	mg2[e] -> mg2[p]	0.159986	Transport, Outer Membrane Porin		1
T0	5.0	MG2tpp	magnesium-translocating P-type ATPase	atp[c] + h2o[c] + mg2[p] -> adp[c] + h[c] + mg2[c] + pi[c]	0.159986	Transport, Inner Membrane	AFE_2327	2
T0	5.0	PRMICI	1-(5-phosphoribosyl)-5-[(5-phosphoribosylamino)methylideneamino)imidazole-4-carboxamide isomerase	prfp[c] -> prlp[c]	0.159986	Histidine Metabolism	AFE_3045	2
T0	5.0	IGPDH	imidazoleglycerol-phosphate dehydratase	eig3p[c] -> h2o[c] + imacp[c]	0.159986	Histidine Metabolism	AFE_3043	2
T0	5.0	HSTPT	histidinol-phosphate transaminase	glu-L[c] + imacp[c] -> akg[c] + hisp[c]	0.159986	Histidine Metabolism	(AFE_3042 and AFE_0898)	2
T0	5.0	HISTD1	histidinol dehydrogenase	histd[c] + nad[c] -> h[c] + hist-L[c] + nadh[c]	0.159986	Histidine Metabolism	AFE_3041	2
T0	5.0	HISTD2	Histidinal dehydrogenase 	h2o[c] + hist-L[c] + nad[c] -> 2 h[c] + his-L[c] + nadh[c]	0.159986	Histidine Metabolism	AFE_3041	2
T0	5.0	IG3PS	Imidazole-glycerol-3-phosphate synthase	gln-L[c] + prlp[c] -> aicar[c] + eig3p[c] + glu-L[c] + h[c]	0.159986	Histidine Metabolism	(AFE_3046 and AFE_3044)	2
T0	5.0	PRATPP	phosphoribosyl-ATP pyrophosphatase	h2o[c] + prbatp[c] -> h[c] + ppi[c] + prbamp[c]	0.159986	Histidine Metabolism	AFE_3047	2
T0	5.0	PRAMPC	phosphoribosyl-AMP cyclohydrolase	h2o[c] + prbamp[c] -> prfp[c]	0.159986	Histidine Metabolism	AFE_3047	2
T0	5.0	ATPPRT	ATP phosphoribosyltransferase	ppi[c] + prbatp[c] -> atp[c] + prpp[c]	-0.159986	Histidine Metabolism	(AFE_1888 and AFE_3040)	2
T0	5.0	Ex_mg2[e]	mg2+ exchange	mg2[e] -> 	-0.159986	Exchange		
T0	5.0	MTHFR3	Cobalamin-dependent homocysteine transmethylase	h[c] + mlthf[c] + nadph[c] -> 5mthf[c] + nadp[c]	0.140341	Methionine Metabolism	AFE_0535	2
T0	5.0	METS	5-methyltetrahydrofolate--homocysteine S-methyltransferase	5mthf[c] + hcys-L[c] -> met-L[c] + thf[c]	0.140328	Methionine Metabolism		1
T0	5.0	PGMT	phosphoglucomutase	g1p-B[c] -> g6p-B[c]	-0.124309	Glycolysis/Gluconeogenesis	AFE_2324	2
T0	5.0	GAP2		g1p[c] -> g1p-B[c]	-0.124309	Glycogen Metabolism		1
T0	5.0	ACS	acetyl-CoA synthetase	ac[c] + atp[c] + coa[c] -> accoa[c] + amp[c] + ppi[c]	0.123003	Pyruvate Metabolism	AFE_1969	2
T0	5.0	PPNDH	prephenate dehydratase	h[c] + pphn[c] -> co2[c] + h2o[c] + phpyr[c]	0.119989	Tyrosine, Tryptophan, and Phenylalanine Metabolism	AFE_0897	2
T0	5.0	PHETA1	phenylalanine transaminase	akg[c] + phe-L[c] -> glu-L[c] + phpyr[c]	-0.119989	Tyrosine, Tryptophan, and Phenylalanine Metabolism	AFE_2022	2
T0	5.0	3OAS1	3-oxoacyl-[acyl-carrier-protein] synthase	butACP[c] + h[c] + malACP[c] -> 3ohexACP[c] + ACP[c] + co2[c]	0.11503	(Cell Envelope Biosynthesis) or (Fatty acid biosynthesis)	(AFE_0796 or AFE_1910)	3
T0	5.0	3OAS8	3-oxoacyl-[acyl-carrier-protein] synthase	h[c] + hexACP[c] + malACP[c] -> 3ooctACP[c] + ACP[c] + co2[c]	0.11503	(Cell Envelope Biosynthesis) or (Fatty acid biosynthesis)	(AFE_0796 or AFE_1910)	3
T0	5.0	3OAS9	3-oxoacyl-[acyl-carrier-protein] synthase	h[c] + malACP[c] + ocACP[c] -> 3odecACP[c] + ACP[c] + co2[c]	0.11503	(Cell Envelope Biosynthesis) or (Fatty acid biosynthesis)	(AFE_0796 or AFE_1910)	3
T0	5.0	3OAR1	3-oxoacyl-(acyl-carrier-protein) reductase	actACP[c] + h[c] + nadph[c] -> 3hydbutACP[c] + nadp[c]	0.11503	(Cell Envelope Biosynthesis) or (Fatty acid biosynthesis)	AFE_1908	3
T0	5.0	3OAR10	3-oxoacyl-(acyl-carrier-protein) reductase	3ohexACP[c] + h[c] + nadph[c] -> 3hhexACP[c] + nadp[c]	0.11503	(Cell Envelope Biosynthesis) or (Fatty acid biosynthesis)	AFE_1908	3
T0	5.0	3OAR11	3-oxoacyl-(acyl-carrier-protein) reductase	3ooctACP[c] + h[c] + nadph[c] -> 3hoctACP[c] + nadp[c]	0.11503	(Cell Envelope Biosynthesis) or (Fatty acid biosynthesis)	AFE_1908	3
T0	5.0	3OAR12	3-oxoacyl-(acyl-carrier-protein) reductase	3odecACP[c] + h[c] + nadph[c] -> 3hdecACP[c] + nadp[c]	0.11503	(Cell Envelope Biosynthesis) or (Fatty acid biosynthesis)	AFE_1908	3
T0	5.0	ACOATA	Acetyl-CoA ACP transacylase	ACP[c] + accoa[c] -> acACP[c] + coa[c]	0.11503	(Membrane Lipid Metabolism) or (Fatty acid biosynthesis)		1
T0	5.0	3OAS27	3-oxoacyl-(acyl-carrier-protein) synthase III	acACP[c] + h[c] + malACP[c] -> ACP[c] + actACP[c] + co2[c]	0.11503	(Cell Envelope Biosynthesis) or (Fatty acid biosynthesis)	AFE_1906	3
T0	5.0	EAR1	enoyl-(acyl-carrier-protein) reductase	but2eACP[c] + h[c] + nadph[c] -> butACP[c] + nadp[c]	0.11503	(Cell Envelope Biosynthesis) or (Fatty acid biosynthesis)	AFE_0420	3
T0	5.0	EAR10	enoyl-(acyl-carrier-protein) reductase	h[c] + nadph[c] + thex2eACP[c] -> hexACP[c] + nadp[c]	0.11503	(Cell Envelope Biosynthesis) or (Fatty acid biosynthesis)	AFE_0420	3
T0	5.0	EAR11	enoyl-(acyl-carrier-protein) reductase	h[c] + nadph[c] + toct2eACP[c] -> nadp[c] + ocACP[c]	0.11503	(Cell Envelope Biosynthesis) or (Fatty acid biosynthesis)	AFE_0420	3
T0	5.0	BHAH1	beta-hydroxyacyl-(acyl-carrier-protein) dehydratase	3hydbutACP[c] -> but2eACP[c] + h2o[c]	0.11503	(Membrane Lipid Metabolism) or (Fatty acid biosynthesis)	AFE_1455	3
T0	5.0	BHAH10	beta-hydroxyacyl-(acyl-carrier-protein) dehydratase	3hhexACP[c] -> h2o[c] + thex2eACP[c]	0.11503	(Membrane Lipid Metabolism) or (Fatty acid biosynthesis)	AFE_1455	3
T0	5.0	BHAH11	beta-hydroxyacyl-(acyl-carrier-protein) dehydratase	3hoctACP[c] -> h2o[c] + toct2eACP[c]	0.11503	(Membrane Lipid Metabolism) or (Fatty acid biosynthesis)	AFE_1455	3
T0	5.0	BHAH12	beta-hydroxyacyl-(acyl-carrier-protein) dehydratase	3hdecACP[c] -> h2o[c] + tdec2eACP[c]	0.11503	(Membrane Lipid Metabolism) or (Fatty acid biosynthesis)	AFE_1455	3
T0	5.0	SULR2	Sulfite reductase (NADPH)	3 h2o[c] + h2s[c] + 3 nadp[c] -> 5 h[c] + 3 nadph[c] + so3[c]	-0.113403	Cysteine Metabolism	(AFE_3121 and AFE_3122)	2
T0	5.0	ADSK	adenylyl-sulfate kinase	aps[c] + atp[c] -> adp[c] + h[c] + paps[c]	0.113403	Cysteine Metabolism	AFE_0539	2
T0	5.0	SADT	sulfate adenylate transferase	atp[c] + h[c] + so4[c] -> aps[c] + ppi[c]	0.113403	Sulfur Metabolism	((AFE_2970 and AFE_2971) or (AFE_3124 and AFE_3125))	3
T0	5.0	PAPSR	3-phospho-adenylylsulfate reductase	2 h[c] + paps[c] + trdox[c] -> pap[c] + so3[c] + trdrd[c]	0.113403	Cysteine Metabolism	AFE_3123	2
T0	5.0	BPNT	3,5-bisphosphate nucleotidase	h2o[c] + pap[c] -> amp[c] + pi[c]	0.113403	Cysteine Metabolism	AFE_2973	2
T0	5.0	HACT	O-acetyl-L-homoserine:methanethiol 3-amino-3-carboxypropyltransferase	achms[c] + h2s[c] -> ac[c] + h[c] + hcys-L[c]	0.113337	Methionine Metabolism	AFE_2063	2
T0	5.0	HSERTA	Homoserine O-acetyltransferase	accoa[c] + hom-L[c] -> achms[c] + coa[c]	0.113337	Methionine Metabolism	AFE_0293	2
T0	5.0	GK1	guanylate kinase (GMP:ATP)	atp[c] + gmp[c] -> adp[c] + gdp[c]	0.108071	Nucleotide Salvage Pathway	AFE_0563	2
T0	5.0	GMPS2	GMP synthase	atp[c] + gln-L[c] + h2o[c] + xmp[c] -> amp[c] + glu-L[c] + gmp[c] + 2 h[c] + ppi[c]	0.108071	Purine and Pyrimidine Biosynthesis	AFE_1778	2
T0	5.0	IMPD	IMP dehydrogenase	h2o[c] + imp[c] + nad[c] -> h[c] + nadh[c] + xmp[c]	0.108071	Purine and Pyrimidine Biosynthesis	AFE_1777	2
T0	5.0	CAT	catalase	2 h2o2[c] -> 2 h2o[c] + o2[c]	0.099993	Unassigned		1
T0	5.0	GLCS1	glycogen synthase (ADPGlc)	adpglc[c] -> adp[c] + glycogendeb[c] + h[c]	0.099991	(Glycogen Metabolism) or (Glycolysis/Gluconeogenesis)	AFE_2678	2
T0	5.0	GLBRAN1	1,4-alpha-glucan branching enzyme (glycogen -> bglycogen)	glycogendeb[c] + 2 h[c] -> glycogen[c]	0.099991	(Glycogen Metabolism) or (Glycolysis/Gluconeogenesis)	AFE_2836	2
T0	5.0	GLGC	glucose-1-phosphate adenylyltransferase	atp[c] + g1p[c] + h[c] -> adpglc[c] + ppi[c]	0.099991	(Glycogen Metabolism) or (Glycolysis/Gluconeogenesis)	AFE_2838	2
T0	5.0	FA_PL-ACP-AFE	Fatty Acid formation	0.1 3hmrsACP[c] + 0.07 c190cACP[c] + 0.21 chexcaACP[c] + 0.08 ddcaACP[c] + 0.02 hpdcaACP[c] + 0.02 ocdcaACP[c] + 0.36 octeACP[c] + 0.11 palmACP[c] + 0.01 ptdcaACP[c] + 0.02 thepcaACP[c] -> faplACP[c]	0.097991	(Glycerophospholipid Metabolism) or (Phospholipid synthesis)		3
T0	5.0	NDPK1	nucleoside-diphosphate kinase (ATP:GDP)	atp[c] + gdp[c] -> adp[c] + gtp[c]	0.093661	Nucleotide Salvage Pathway	AFE_1929	2
T0	5.0	TYRTA	tyrosine transaminase	34hpp[c] + glu-L[c] -> akg[c] + tyr-L[c]	0.093338	Tyrosine, Tryptophan, and Phenylalanine Metabolism	AFE_2022	2
T0	5.0	PPND	prephenate dehydrogenase	nad[c] + pphn[c] -> 34hpp[c] + co2[c] + nadh[c]	0.093338	Tyrosine, Tryptophan, and Phenylalanine Metabolism	AFE_0900	2
T0	5.0	NA1tpp	na transport in via proton symport	h[p] + na1[p] -> h[c] + na1[c]	0.093325	Transport, Inner Membrane		1
T0	5.0	G3PD2	glycerol-3-phosphate dehydrogenase (NADP)	dhap[c] + h[c] + nadph[c] -> glyc3p[c] + nadp[c]	0.068594	Alternate Carbon Metabolism	AFE_2126	3
T0	5.0	GHMT3	glycine hydroxymethyltransferase	gly[c] + nad[c] + thf[c] -> co2[c] + mlthf[c] + nadh[c] + nh4[c]	0.06454	Glycine and Serine Metabolism	AFE_0295	2
T0	5.0	TRDR	thioredoxin reductase (NADPH)	nadph[c] + trdrd[c] -> 3 h[c] + nadp[c] + trdox[c]	0.063818	Oxidative Phosphorylation	AFE_0375	2
T0	5.0	3OAS10	3-oxoacyl-[acyl-carrier-protein] synthase	dcaACP[c] + h[c] + malACP[c] -> 3oddecACP[c] + ACP[c] + co2[c]	0.059175	(Cell Envelope Biosynthesis) or (Fatty acid biosynthesis)	(AFE_0796 or AFE_1910)	3
T0	5.0	3OAR13	3-oxoacyl-(acyl-carrier-protein) reductase	3oddecACP[c] + h[c] + nadph[c] -> 3hddecACP[c] + nadp[c]	0.059175	(Cell Envelope Biosynthesis) or (Fatty acid biosynthesis)	AFE_1908	3
T0	5.0	EAR12	enoyl-(acyl-carrier-protein) reductase	h[c] + nadph[c] + tdec2eACP[c] -> dcaACP[c] + nadp[c]	0.059175	(Cell Envelope Biosynthesis) or (Fatty acid biosynthesis)	AFE_0420	3
T0	5.0	EAR13	enoyl-(acyl-carrier-protein) reductase	h[c] + nadph[c] + tddec2eACP[c] -> ddcaACP[c] + nadp[c]	0.059175	(Cell Envelope Biosynthesis) or (Fatty acid biosynthesis)	AFE_0420	3
T0	5.0	BHAH13	beta-hydroxyacyl-(acyl-carrier-protein) dehydratase	3hddecACP[c] -> h2o[c] + tddec2eACP[c]	0.059175	(Membrane Lipid Metabolism) or (Fatty acid biosynthesis)	AFE_1455	3
T0	5.0	CA2tex	ca2 transport (citoplasm)	ca2[e] -> ca2[p]	0.057995	Transport, Outer Membrane Porin		1
T0	5.0	CA2tpp	Na+/Ca+2 symporter (periplasm)	ca2[p] -> ca2[c] + na1[p]	0.057995	Transport, Inner Membrane	AFE_0587	2
T0	5.0	Ex_ca2[e]	calcium exchange	ca2[e] -> 	-0.057995	Exchange		
T0	5.0	T2DECAI	trans-2-decenoyl-(acyl-carrier protein) isomerase 	tdec2eACP[c] -> dec3ACP[c]	0.055855	(Cell Envelope Biosynthesis) or (Fatty acid biosynthesis)		1
T0	5.0	3OAS2	3-oxoacyl-[acyl-carrier-protein] synthase	3cddACP[c] + h[c] + malACP[c] -> ACP[c] + co2[c] + coxtdeACP[c]	0.055855	(Cell Envelope Biosynthesis) or (Fatty acid biosynthesis)	(AFE_0796 or AFE_1910)	3
T0	5.0	3OAS3	3-oxoacyl-[acyl-carrier-protein] synthase	ctdeACP[c] + h[c] + malACP[c] -> ACP[c] + co2[c] + coxhxcsACP[c]	0.055855	(Cell Envelope Biosynthesis) or (Fatty acid biosynthesis)	(AFE_0796 or AFE_1910)	3
T0	5.0	3OAS15	3-oxoacyl-[acyl-carrier-protein] synthase	dec3ACP[c] + h[c] + malACP[c] -> ACP[c] + co2[c] + coxododACP[c]	0.055855	(Cell Envelope Biosynthesis) or (Fatty acid biosynthesis)	(AFE_0796 or AFE_1910)	3
T0	5.0	3OAR2	3-oxoacyl-(acyl-carrier-protein) reductase	coxododACP[c] + h[c] + nadph[c] -> chydodeACP[c] + nadp[c]	0.055855	(Cell Envelope Biosynthesis) or (Fatty acid biosynthesis)	AFE_1908	3
T0	5.0	3OAR3	3-oxoacyl-(acyl-carrier-protein) reductase	coxtdeACP[c] + h[c] + nadph[c] -> chytedeACP[c] + nadp[c]	0.055855	(Cell Envelope Biosynthesis) or (Fatty acid biosynthesis)	AFE_1908	3
T0	5.0	3OAR4	3-oxoacyl-(acyl-carrier-protein) reductase	coxhxcsACP[c] + h[c] + nadph[c] -> chyhecdeACP[c] + nadp[c]	0.055855	(Cell Envelope Biosynthesis) or (Fatty acid biosynthesis)	AFE_1908	3
T0	5.0	EAR2	enoyl-(acyl-carrier-protein) reductase	c2tdodeACP[c] + h[c] + nadph[c] -> 3cddACP[c] + nadp[c]	0.055855	(Cell Envelope Biosynthesis) or (Fatty acid biosynthesis)	AFE_0420	3
T0	5.0	EAR3	enoyl-(acyl-carrier-protein) reductase	c2ttedeACP[c] + h[c] + nadph[c] -> ctdeACP[c] + nadp[c]	0.055855	(Cell Envelope Biosynthesis) or (Fatty acid biosynthesis)	AFE_0420	3
T0	5.0	EAR4	enoyl-(acyl-carrier-protein) reductase	c2thedeACP[c] + h[c] + nadph[c] -> chexcaACP[c] + nadp[c]	0.055855	(Cell Envelope Biosynthesis) or (Fatty acid biosynthesis)	AFE_0420	3
T0	5.0	BHAH2	beta-hydroxyacyl-(acyl-carrier-protein) dehydratase	chydodeACP[c] -> c2tdodeACP[c] + h2o[c]	0.055855	(Membrane Lipid Metabolism) or (Fatty acid biosynthesis)	AFE_1455	3
T0	5.0	BHAH3	beta-hydroxyacyl-(acyl-carrier-protein) dehydratase	chytedeACP[c] -> c2ttedeACP[c] + h2o[c]	0.055855	(Membrane Lipid Metabolism) or (Fatty acid biosynthesis)	AFE_1455	3
T0	5.0	BHAH4	beta-hydroxyacyl-(acyl-carrier-protein) dehydratase	chyhecdeACP[c] -> c2thedeACP[c] + h2o[c]	0.055855	(Membrane Lipid Metabolism) or (Fatty acid biosynthesis)	AFE_1455	3
T0	5.0	A5PISO	Arabinose-5-phosphate isomerase	ru5p-D[c] -> ara5p[c]	0.051196	(Lipopolysaccharide Biosynthesis) or (Alternate Carbon Metabolism)	AFE_3030	2
T0	5.0	KDOPS	3-deoxy -D-manno-octulosonic -acid 8-phosphate synthase	ara5p[c] + h2o[c] + pep[c] -> kdo8p[c] + pi[c]	0.051196	( Lipopolysaccharide Biosynthesis ) or ( CMP-KDO biosynthesis )	AFE_0848	2
T0	5.0	KDOCT2	3-deoxy-manno-octulosonate cytidylyltransferase	ctp[c] + kdo[c] -> ckdo[c] + ppi[c]	0.051196	( Lipopolysaccharide Biosynthesis ) or ( CMP-KDO biosynthesis )	AFE_0491	2
T0	5.0	KDOPP	3-deoxy-manno-octulosonate-8-phosphatase	h2o[c] + kdo8p[c] -> kdo[c] + pi[c]	0.051196	( Lipopolysaccharide Biosynthesis ) or ( CMP-KDO biosynthesis )	AFE_3029	2
T0	5.0	PCYT	phosphatidate cytidylyltransferase	ctp[c] + dag3pi_AFE[c] -> cdpdag_AFE[c] + ppi[c]	0.048996	(Glycerophospholipid Metabolism) or (Phospholipid synthesis)	AFE_1449	2
T0	5.0	G3PAT1	acyl-ACP:sn-glycerol-3-phosphate 1-O-acyltransferase 	faplACP[c] + glyc3p[c] -> ACP[c] + faplg3p_AFE[c]	0.048996	Glycerophospholipid Metabolism		1
T0	5.0	G3PAT2	1-acyl-sn-glycerol-3-phosphate acyltransferase 	faplACP[c] + faplg3p_AFE[c] -> ACP[c] + dag3pi_AFE[c]	0.048996	Glycerophospholipid Metabolism	AFE_0727	2
T0	5.0	PL-AFE	phospholipids formation	0.05 clpn120[c] + 0.15 pe_AFE[c] + 0.37 pg120[c] + 0.43 ptdmeeta_AFE[c] -> ppl_AFE[c]	0.046663	(Glycerophospholipid Metabolism) or (Phospholipid synthesis)		3
T0	5.0	3OAS11	3-oxoacyl-[acyl-carrier-protein] synthase	ddcaACP[c] + h[c] + malACP[c] -> 3omrsACP[c] + ACP[c] + co2[c]	0.046536	(Cell Envelope Biosynthesis) or (Fatty acid biosynthesis)	(AFE_0796 or AFE_1910)	3
T0	5.0	3OAR14	3-oxoacyl-(acyl-carrier-protein) reductase	3omrsACP[c] + h[c] + nadph[c] -> 3hmrsACP[c] + nadp[c]	0.046536	(Cell Envelope Biosynthesis) or (Fatty acid biosynthesis)	AFE_1908	3
T0	5.0	MNTH	NRAMP dual Mn(II)/Fe(II) MntH-like transporter	fe2[p] + h[p] -> fe2[c] + h[c]	0.044703	Transport, Inner Membrane	(AFE_0105 or AFE_0920)	2
T0	5.0	FE2tex	fe2 transport	fe2[e] -> fe2[p]	0.044703	Transport, Outer Membrane Porin		1
T0	5.0	FE3tpp	Fe(III) ABC inner membrane transporter	atp[c] + fe3[p] + h2o[c] -> adp[c] + fe3[c] + h[c] + pi[c]	0.044663	(Transport, Inner Membrane) or (Fe+2 Metabolism)	((AFE_1489 and AFE_1490 and AFE_1491) or (AFE_1493 and AFE_1494 and AFE_1495))	2
T0	5.0	FE32tpp	fe3 ton transporter	fe3[e] -> fe3[p]	0.044663	Transport, Inner Membrane	((AFE_2267 and AFE_2268 and AFE_2269 and AFE_2270 and AFE_2271 and AFE_2273 and AFE_2274 and AFE_2275 and AFE_2276) or (AFE_2998 and AFE_2999 and AFE_2300 and AFE_2301 and AFE_2302 and AFE_2303 and AFE_2304 and AFE_2305))	2
T0	5.0	GF6PTA	glutamine-fructose-6-phosphate transaminase	f6p-B[c] + gln-L[c] -> gam6p[c] + glu-L[c]	0.044519	(Cell Envelope Biosynthesis) or (EPS biosynthesis)	AFE_3200	2
T0	5.0	PGAMT	phosphoglucosamine mutase	gam1p[c] -> gam6p[c]	-0.044263	(Cell Envelope Biosynthesis) or (EPS biosynthesis)	AFE_2634	2
T0	5.0	G1PACT	glucosamine-1-phosphate N-acetyltransferase	accoa[c] + gam1p[c] -> acgam1p[c] + coa[c] + h[c]	0.044263	(Cell Envelope Biosynthesis) or (EPS biosynthesis)	AFE_3201	2
T0	5.0	UAGDP	UDP-N-acetylglucosamine diphosphorylase	acgam1p[c] + h[c] + utp[c] -> ppi[c] + uacgam[c]	0.044263	(Cell Envelope Biosynthesis) or (EPS biosynthesis)	AFE_3201	2
T0	5.0	NA1tex	na transport	na1[e] -> na1[p]	0.03533	Transport, Outer Membrane Porin		1
T0	5.0	Ex_na1[e]	sodium exchange	na1[e] -> 	-0.03533	Exchange		
T0	5.0	3OAS4	3-oxoacyl-[acyl-carrier-protein] synthase	chexcaACP[c] + h[c] + malACP[c] -> ACP[c] + co2[c] + coxocdaACP[c]	0.035277	(Cell Envelope Biosynthesis) or (Fatty acid biosynthesis)	(AFE_0796 or AFE_1910)	3
T0	5.0	3OAR5	3-oxoacyl-(acyl-carrier-protein) reductase	coxocdaACP[c] + h[c] + nadph[c] -> chyocdeACP[c] + nadp[c]	0.035277	(Cell Envelope Biosynthesis) or (Fatty acid biosynthesis)	AFE_1908	3
T0	5.0	EAR5	enoyl-(acyl-carrier-protein) reductase	c2tocdeACP[c] + h[c] + nadph[c] -> nadp[c] + octeACP[c]	0.035277	(Cell Envelope Biosynthesis) or (Fatty acid biosynthesis)	AFE_0420	3
T0	5.0	BHAH5	beta-hydroxyacyl-(acyl-carrier-protein) dehydratase	chyocdeACP[c] -> c2tocdeACP[c] + h2o[c]	0.035277	(Membrane Lipid Metabolism) or (Fatty acid biosynthesis)	AFE_1455	3
T0	5.0	NDPK4	nucleoside-diphosphate kinase (ATP:dTDP)	atp[c] + dtdp[c] + h[c] -> adp[c] + dttp[c]	0.034317	Nucleotide Salvage Pathway	AFE_1929	2
T0	5.0	Ktex	k transport	k[e] -> k[p]	0.030664	Transport, Outer Membrane Porin		1
T0	5.0	Ktpp	voltage-gated potassium channel	k[p] -> k[c]	0.030664	Transport, Inner Membrane	(AFE_2922 or AFE_1968 or AFE_3093 or AFE_1753)	2
T0	5.0	Ex_k[e]	k+ exchange	k[e] -> 	-0.030664	Exchange		
T0	5.0	HCYSMT	homocysteine S-methyltransferase	amet[c] + hcys-L[c] -> ahcys[c] + h[c] + met-L[c]	-0.027491	Methionine Metabolism	AFE_3126	2
T0	5.0	PSD120	Phosphatidylserine decarboxylase	h[c] + ps120[c] -> co2[c] + pe_AFE[c]	0.027064	( Glycerophospholipid Metabolism ) or (Phosphatidylethanolamine biosynthesis )	AFE_2292	2
T0	5.0	PSSA120	CDP-diacylglycerol--serine O-phosphatidyltransferase 	cdpdag_AFE[c] + ser-L[c] -> cmp[c] + h[c] + ps120[c]	0.027064	( Glycerophospholipid Metabolism ) or (Phosphatidylethanolamine biosynthesis )	AFE_2291	2
T0	5.0	ALAR	alanine racemase	ala-L[c] -> ala-D[c]	0.025998	Alanine and Aspartate Metabolism	AFE_2818	2
T0	5.0	LIPA		0.52 dtdpglu[c] + 0.43 dtdprmn[c] + 0.01 gam[c] + 0.01 gdpmann[c] + hlipa_AFE[c] -> 0.94 dtdp[c] + 0.01 gdp[c] + polysac_AFE[c]	0.025598	Lipopolysaccharide Biosynthesis		3
T0	5.0	KDOCT	3-deoxy-D-manno-octulosonic-acid transferase	ckdo[c] -> cmp[c] + h[c] + kdo_AFE[c]	0.025598	( Lipopolysaccharide Biosynthesis ) or ( KDO(2)-AFE synthesis )	AFE_0237	3
T0	5.0	KDOCT3	3-deoxy-D-manno-octulosonic-acid transferase	ckdo[c] + kdo_AFE[c] -> kdo2_AFE[c]	0.025598	( Lipopolysaccharide Biosynthesis ) or ( KDO(2)-AFE synthesis )	AFE_0237	3
T0	5.0	HKDOS	Lipopolysaccharide heptosyltransferase Iacyltransferase 	0.03 adphep-LD[c] + kdo2_AFE[c] -> hlipa_AFE[c]	0.025598	( Lipopolysaccharide Biosynthesis ) or ( KDO(2)-AFE synthesis )		3
T0	5.0	G1PTT	glucose-1-phosphate thymidylyltransferase	dttp[c] + g1p[c] -> dtdpglu[c] + ppi[c]	0.024318	Cell Envelope Biosynthesis	AFE_3295	2
T0	5.0	PGPP120	Phosphatidylglycerophosphatase 	h2o[c] + pgp_AFE[c] -> pg120[c] + pi[c]	0.021931	Glycerophospholipid Metabolism	AFE_0929	2
T0	5.0	PGSA	CDP-diacylglycerol--glycerol-3-phosphate 3-phosphatidyltransferase 	cdpdag_AFE[c] + glyc3p[c] -> cmp[c] + h[c] + pgp_AFE[c]	0.021931	Glycerophospholipid Metabolism	(AFE_1900 and AFE_0854)	2
T0	5.0	PMEAS	Phosphatidylserine decarboxylase	amet[c] + pe_AFE[c] -> ahcys[c] + ptdmeeta_AFE[c]	0.020065	( Glycerophospholipid Metabolism ) or (Phosphatidylethanolamine biosynthesis )	(AFE_2739 or AFE_0594)	2
T0	5.0	MN2tex	mn2 transport	mn2[e] -> mn2[p]	0.019998	Transport, Outer Membrane Porin		1
T0	5.0	MN2tpp	metalion trabsporter, NRAMP family	mn2[p] -> mn2[c]	0.019998	Transport, Inner Membrane	(AFE_0920 or AFE_0105)	2
T0	5.0	Ex_mn2[e]	mn2+ exchange	mn2[e] -> 	-0.019998	Exchange		
T0	5.0	EAR14	enoyl-(acyl-carrier-protein) reductase	h[c] + nadph[c] + tmrs2eACP[c] -> myrsACP[c] + nadp[c]	0.017538	(Cell Envelope Biosynthesis) or (Fatty acid biosynthesis)	AFE_0420	3
T0	5.0	BHAH14	beta-hydroxyacyl-(acyl-carrier-protein) dehydratase	3hmrsACP[c] -> h2o[c] + tmrs2eACP[c]	0.017538	(Membrane Lipid Metabolism) or (Fatty acid biosynthesis)	AFE_1455	3
T0	5.0	UDCPDP	undecaprenyl-diphosphatase	h2o[c] + udcpdp[c] -> h[c] + pi[c] + udcpp[c]	0.017332	Cell Envelope Biosynthesis	AFE_0636	2
T0	5.0	ALAALAr	D-alanine-D-alanine ligase	2 ala-D[c] + atp[c] -> adp[c] + alaala[c] + h[c] + pi[c]	0.017332	(Cell Envelope Biosynthesis) or (Murein Biosynthesis)	AFE_0203	2
T0	5.0	PAPPT3	phospho-N-acetylmuramoyl-pentapeptide-transferase (meso-2,6-diaminopimelate)	udcpp[c] + ugmda[c] -> uagmda[c] + ump[c]	0.017332	( Cell Envelope Biosynthesis ) or ( Peptidoglycan biosynthesis )	AFE_0209	2
T0	5.0	UAGCVT	UDP-N-acetylglucosamine 1-carboxyvinyltransferase	pep[c] + uacgam[c] -> pi[c] + uaccg[c]	0.017332	( Cell Envelope Biosynthesis ) or ( Peptidoglycan biosynthesis )	AFE_3039	2
T0	5.0	UAPGR	UDP-N-acetylmuramate dehydrogenase	nadp[c] + uamr[c] -> h[c] + nadph[c] + uaccg[c]	-0.017332	( Cell Envelope Biosynthesis ) or ( Peptidoglycan biosynthesis )	AFE_0204	2
T0	5.0	UAMAS	UDP-N-acetylmuramate--alanine ligase	ala-L[c] + atp[c] + uamr[c] -> adp[c] + h[c] + pi[c] + uama[c]	0.017332	( Cell Envelope Biosynthesis ) or ( Peptidoglycan biosynthesis )	AFE_0205	2
T0	5.0	UAMAGS	UDP-N-acetylmuramoylalanine--D-glutamate ligase	atp[c] + glu-D[c] + uama[c] -> adp[c] + h[c] + pi[c] + uamag[c]	0.017332	( Cell Envelope Biosynthesis ) or ( Peptidoglycan biosynthesis )	AFE_0208	2
T0	5.0	UAAGDS	UDP-N-acetylmuramoylalanyl-D-glutamate--2,6-diaminopimelate ligase	26dap-M[c] + atp[c] + uamag[c] -> adp[c] + h[c] + pi[c] + ugmd[c]	0.017332	( Cell Envelope Biosynthesis ) or ( Peptidoglycan biosynthesis )	AFE_0211	2
T0	5.0	UGLDDS	UDP-N-acetylmuramoyl-tripeptide--D-alanyl-D-alanine ligase	alaala[c] + atp[c] + ugmd[c] -> adp[c] + h[c] + pi[c] + ugmda[c]	0.017332	( Cell Envelope Biosynthesis ) or ( Peptidoglycan biosynthesis )	AFE_0210	2
T0	5.0	UCMAT	undecaprenyldiphospho-muramoylpentapeptide ?-N-acetylglucosaminyltransferase	uacgam[c] + uagmda[c] -> h[c] + udp[c] + ugmdal[c]	0.017332	( Cell Envelope Biosynthesis ) or ( Peptidoglycan biosynthesis )	AFE_0206	2
T0	5.0	GLUR	glutamate racemase	glu-L[c] -> glu-D[c]	0.017332	( Cell Envelope Biosynthesis ) or ( Peptidoglycan biosynthesis )	AFE_2842	2
T0	5.0	LPS	lipolysaccharide formation	0.3 lip_AFE[c] + 1.6 polysac_AFE[c] -> lps_AFE[c]	0.015999	Lipopolysaccharide Biosynthesis		3
T0	5.0	NDPK7	nucleoside-diphosphate kinase (ATP:dCDP)	atp[c] + dcdp[c] -> adp[c] + dctp[c]	0.014665	Nucleotide Salvage Pathway	AFE_1929	2
T0	5.0	NDPK5	nucleoside-diphosphate kinase (ATP:dGDP)	atp[c] + dgdp[c] -> adp[c] + dgtp[c]	0.014665	Nucleotide Salvage Pathway	AFE_1929	2
T0	5.0	RNDR3	ribonucleoside-diphosphate reductase (CDP)	cdp[c] + trdrd[c] -> dcdp[c] + h2o[c] + trdox[c]	0.014665	Nucleotide Salvage Pathway	(AFE_2639 and AFE_2638)	2
T0	5.0	RNDR2	ribonucleoside-diphosphate reductase (GDP)	gdp[c] + trdrd[c] -> dgdp[c] + h2o[c] + trdox[c]	0.014665	Nucleotide Salvage Pathway	(AFE_2639 and AFE_2638)	2
T0	5.0	3OAS12	3-oxoacyl-[acyl-carrier-protein] synthase	h[c] + malACP[c] + myrsACP[c] -> 3opalmACP[c] + ACP[c] + co2[c]	0.012739	(Cell Envelope Biosynthesis) or (Fatty acid biosynthesis)	(AFE_0796 or AFE_1910)	3
T0	5.0	3OAR15	3-oxoacyl-(acyl-carrier-protein) reductase	3opalmACP[c] + h[c] + nadph[c] -> 3hpalmACP[c] + nadp[c]	0.012739	(Cell Envelope Biosynthesis) or (Fatty acid biosynthesis)	AFE_1908	3
T0	5.0	EAR15	enoyl-(acyl-carrier-protein) reductase	h[c] + nadph[c] + tpalm2eACP[c] -> nadp[c] + palmACP[c]	0.012739	(Cell Envelope Biosynthesis) or (Fatty acid biosynthesis)	AFE_0420	3
T0	5.0	BHAH15	beta-hydroxyacyl-(acyl-carrier-protein) dehydratase	3hpalmACP[c] -> h2o[c] + tpalm2eACP[c]	0.012739	(Membrane Lipid Metabolism) or (Fatty acid biosynthesis)	AFE_1455	3
T0	5.0	3OAS5	3-oxoacyl-[acyl-carrier-protein] synthase	5 h[c] + 5 malACP[c] + ptACP[c] -> 5 ACP[c] + 5 co2[c] + v3oaACP[c]	0.011759	(Cell Envelope Biosynthesis) or (Fatty acid biosynthesis)	(AFE_0796 or AFE_1910)	3
T0	5.0	3OAR6	3-oxoacyl-(acyl-carrier-protein) reductase	3oxpenACP[c] + h[c] + nadph[c] -> R-3hptACP[c] + nadp[c]	0.011759	(Cell Envelope Biosynthesis) or (Fatty acid biosynthesis)	AFE_1908	3
T0	5.0	3OAR7	3-oxoacyl-(acyl-carrier-protein) reductase	5 h[c] + 5 nadph[c] + v3oaACP[c] -> 5 nadp[c] + v3haACP[c]	0.011759	(Cell Envelope Biosynthesis) or (Fatty acid biosynthesis)	AFE_1908	3
T0	5.0	3OAS28	3-oxoacyl-(acyl-carrier-protein) synthase III	h[c] + malACP[c] + ppcoa[c] -> 3oxpenACP[c] + co2[c] + coa[c]	0.011759	(Cell Envelope Biosynthesis) or (Fatty acid biosynthesis)	AFE_1906	3
T0	5.0	EAR6	enoyl-(acyl-carrier-protein) reductase	2tpenACP[c] + h[c] + nadph[c] -> nadp[c] + ptACP[c]	0.011759	(Cell Envelope Biosynthesis) or (Fatty acid biosynthesis)	AFE_0420	3
T0	5.0	EAR7	enoyl-(acyl-carrier-protein) reductase	5 h[c] + 5 nadph[c] + vtenACP[c] -> 5 nadp[c] + ptdcaACP[c]	0.011759	(Cell Envelope Biosynthesis) or (Fatty acid biosynthesis)	AFE_0420	3
T0	5.0	BHAH6	beta-hydroxyacyl-(acyl-carrier-protein) dehydratase	R-3hptACP[c] -> 2tpenACP[c] + h2o[c]	0.011759	(Membrane Lipid Metabolism) or (Fatty acid biosynthesis)	AFE_1455	3
T0	5.0	BHAH7	beta-hydroxyacyl-(acyl-carrier-protein) dehydratase	v3haACP[c] -> 5 h2o[c] + vtenACP[c]	0.011759	(Membrane Lipid Metabolism) or (Fatty acid biosynthesis)	AFE_1455	3
T0	5.0	MMM	Methylmalonyl-CoA mutase	mmcoa[c] -> succoa[c]	-0.011759	( Alternate Carbon Metabolism ) or ( Methylmalonyl pathway )		1
T0	5.0	MMCD	Methylmalonyl-CoA decarboxylase	h[c] + mmcoa[c] -> co2[c] + ppcoa[c]	0.011759	Alternate Carbon Metabolism		1
T0	5.0	SUCD	succinate dehydrogenase	fum[c] + h[c] + nadh[c] -> nad[c] + succ[c]	0.011606	Citric Acid Cycle	AFE_2550	2
T0	5.0	TDPGDH	dTDPglucose 4,6-dehydratase	dtdpglu[c] -> dtdp4d6dg[c] + h2o[c]	0.011007	Cell Envelope Biosynthesis	AFE_0441	2
T0	5.0	TDPDRE2	dTDP-L-rhamnose synthetase 	dtdp4d6dg[c] + h[c] + nadh[c] -> dtdprmn[c] + nad[c]	0.011007	Cell Envelope Biosynthesis	AFE_3294	2
T0	5.0	3OAS6	3-oxoacyl-[acyl-carrier-protein] synthase	h[c] + malACP[c] + ptdcaACP[c] -> 3oxhepACP[c] + ACP[c] + co2[c]	0.010779	(Cell Envelope Biosynthesis) or (Fatty acid biosynthesis)	(AFE_0796 or AFE_1910)	3
T0	5.0	3OAR8	3-oxoacyl-(acyl-carrier-protein) reductase	3oxhepACP[c] + h[c] + nadph[c] -> R-3hyhepACP[c] + nadp[c]	0.010779	(Cell Envelope Biosynthesis) or (Fatty acid biosynthesis)	AFE_1908	3
T0	5.0	BHAH8	beta-hydroxyacyl-(acyl-carrier-protein) dehydratase	R-3hyhepACP[c] -> h2o[c] + thepcaACP[c]	0.010779	(Membrane Lipid Metabolism) or (Fatty acid biosynthesis)	AFE_1455	3
T0	5.0	DHFR	dihydrofolate reductase	nadp[c] + thf[c] -> dhf[c] + h[c] + nadph[c]	-0.010308	(Cofactor and Prosthetic Group Biosynthesis) or (Tetrahydrofolate biosynthesis)		1
T0	5.0	TMDS	Thymidylate synthase	dump[c] + mlthf[c] -> dhf[c] + dtmp[c]	0.010255	Nucleotide Salvage Pathway		1
T0	5.0	DUTPDP	dUTP diphosphatase	dutp[c] + h2o[c] -> dump[c] + h[c] + ppi[c]	0.010255	Nucleotide Salvage Pathway	AFE_0356	2
T0	5.0	NDPK6	nucleoside-diphosphate kinase (ATP:dUDP)	atp[c] + dudp[c] -> adp[c] + dutp[c] + h[c]	0.010255	Nucleotide Salvage Pathway	AFE_1929	2
T0	5.0	RNDR4	ribonucleoside-diphosphate reductase (UDP)	h[c] + trdrd[c] + udp[c] -> dudp[c] + h2o[c] + trdox[c]	0.010255	Nucleotide Salvage Pathway	(AFE_2639 and AFE_2638)	2
T0	5.0	DTMPK	dTMP kinase	atp[c] + dtmp[c] -> adp[c] + dtdp[c]	0.010255	Nucleotide Salvage Pathway	AFE_1913	2
T0	5.0	NDPK8	nucleoside-diphosphate kinase (ATP:dADP)	atp[c] + dadp[c] -> adp[c] + datp[c]	0.009999	Nucleotide Salvage Pathway	AFE_1929	2
T0	5.0	RNDR1	ribonucleoside-diphosphate reductase (ADP)	adp[c] + trdrd[c] -> dadp[c] + h2o[c] + trdox[c]	0.009999	Nucleotide Salvage Pathway	(AFE_2639 and AFE_2638)	2
T0	5.0	AGAD	NAD dependent UDP-N-acetylglucosamine 3-dehydrogenase 	nad[c] + uacgam[c] -> h[c] + nadh[c] + uacgamo[c]	0.009599	Lipopolysaccharide Biosynthesis	AFE_1457	3
T0	5.0	UACAA	Pyridoxal phosphate-dependent UDP 2-acetamido-2-deoxy-alpha-D-ribo-hexopyranos-3-ulose 3-aminotransferase 	glu-L[c] + uacgamo[c] -> akg[c] + u3agn[c]	0.009599	Lipopolysaccharide Biosynthesis	AFE_1458	3
T0	5.0	UAGAAT	UDP-N-acetylglucosamine acyltransferase	3hmrsACP[c] + u3agn[c] -> ACP[c] + h[c] + u3aga[c]	0.009599	( Lipopolysaccharide Biosynthesis ) or ( Lipid A synthesis )	AFE_1456	3
T0	5.0	UAAD	UDP-3-O-acyl N-acetylglucosamine deacetylase	h2o[c] + u3aga[c] -> ac[c] + udpglucpypi[c]	0.009599	( Lipopolysaccharide Biosynthesis ) or ( Lipid A synthesis )	AFE_0223	3
T0	5.0	UAAA	UDP-3-O-3-hydroxymiristoyl glucosamine N-acetyltransferase	3hmrsACP[c] + udpglucpypi[c] -> ACP[c] + h[c] + udpglucpy[c]	0.009599	( Lipopolysaccharide Biosynthesis ) or ( Lipid A synthesis )	AFE_1454	3
T0	5.0	EAR8	enoyl-(acyl-carrier-protein) reductase	h[c] + nadph[c] + thepcaACP[c] -> hpdcaACP[c] + nadp[c]	0.008819	(Cell Envelope Biosynthesis) or (Fatty acid biosynthesis)	AFE_0420	3
T0	5.0	MCTP1A	murein crosslinking transpeptidase 1A:(A2pm->D-ala) 	murein5p5p[c] -> ala-D[c] + murein5px4p[c]	0.008666	(Cell Envelope Biosynthesis) or (Murein Biosynthesis)	(AFE_1960 or AFE_2526 or AFE_2923)	2
T0	5.0	PGLT	peptidoglycan glycosyltransferase	2 ugmdal[c] -> 2 h[c] + murein5p5p[c] + 2 udcpdp[c]	0.008666	( Cell Envelope Biosynthesis ) or ( Peptidoglycan biosynthesis )	AFE_0206	2
T0	5.0	CFAS190	cyclopropane-fatty-acyl-phospholipid synthase	amet[c] + noncaACP[c] -> ahcys[c] + c190cACP[c] + h[c]	0.006859	(Glycerophospholipid Metabolism) or (Phospholipid synthesis)	AFE_2929	2
T0	5.0	3OAS7	3-oxoacyl-[acyl-carrier-protein] synthase	h[c] + hpdcaACP[c] + malACP[c] -> 3oxnonACP[c] + ACP[c] + co2[c]	0.006859	(Cell Envelope Biosynthesis) or (Fatty acid biosynthesis)	(AFE_0796 or AFE_1910)	3
T0	5.0	3OAR9	3-oxoacyl-(acyl-carrier-protein) reductase	3oxnonACP[c] + h[c] + nadph[c] -> 3hynonACP[c] + nadp[c]	0.006859	(Cell Envelope Biosynthesis) or (Fatty acid biosynthesis)	AFE_1908	3
T0	5.0	BHAH9	beta-hydroxyacyl-(acyl-carrier-protein) dehydratase	3hynonACP[c] -> h2o[c] + noncaACP[c]	0.006859	(Membrane Lipid Metabolism) or (Fatty acid biosynthesis)	AFE_1455	3
T0	5.0	LPADSS	Lipid A disaccaride synthase	biglucpypi[c] + udpglucpy[c] -> h[c] + lipidA_AFE[c] + udp[c]	0.0048	( Lipopolysaccharide Biosynthesis ) or ( Lipid A synthesis )	AFE_1459	3
T0	5.0	UHGA	UDP-3-O-3-hydroxymiristoyl glucosamine N-acetyltransferase	h2o[c] + udpglucpy[c] -> biglucpypi[c] + 2 h[c] + ump[c]	0.0048	( Lipopolysaccharide Biosynthesis ) or ( Lipid A synthesis )	AFE_1987	3
T0	5.0	TDSK	Tetraacyldisaccharide 4kinase	atp[c] + lipidA_AFE[c] -> adp[c] + h[c] + lipid4A_AFE[c]	0.0048	( Lipopolysaccharide Biosynthesis ) or ( Lipid A synthesis )	AFE_0489	3
T0	5.0	LDAS	Lipid A biosynthesis lauroyl acyltransferase	ddcaACP[c] + lipid4A_AFE[c] -> ACP[c] + ddcalipid4A_AFE[c]	0.0048	( Lipopolysaccharide Biosynthesis ) or ( Lipid A synthesis )	AFE_0238	3
T0	5.0	LIPS	Myristoyl-acyl carrier protein-dependent acyltransferase	ddcalipid4A_AFE[c] + myrsACP[c] -> ACP[c] + lip_AFE[c]	0.0048	( Lipopolysaccharide Biosynthesis ) or ( Lipid A synthesis )	AFE_0238	3
T0	5.0	ORNDC	Ornithine Decarboxylase	h[c] + orn[c] -> co2[c] + ptrc[c]	0.002873	Arginine and Proline Metabolism		1
T0	5.0	CLPNS120	cardiolipin synthase	2 pg120[c] -> clpn120[c] + glyc[c]	0.002333	(Glycerophospholipid Metabolism) or (Phospholipid synthesis) or (Cardiolipin Biosynthesis)	AFE_1740	2
T0	5.0	GLYK	glycerol kinase	atp[c] + glyc[c] -> adp[c] + glyc3p[c] + h[c]	0.002333	Alternate Carbon Metabolism		1
T0	5.0	3OAS13	3-oxoacyl-[acyl-carrier-protein] synthase	h[c] + malACP[c] + palmACP[c] -> 3ooctdACP[c] + ACP[c] + co2[c]	0.00196	(Cell Envelope Biosynthesis) or (Fatty acid biosynthesis)	(AFE_0796 or AFE_1910)	3
T0	5.0	3OAR16	3-oxoacyl-(acyl-carrier-protein) reductase	3ooctdACP[c] + h[c] + nadph[c] -> 3hoctaACP[c] + nadp[c]	0.00196	(Cell Envelope Biosynthesis) or (Fatty acid biosynthesis)	AFE_1908	3
T0	5.0	EAR16	enoyl-(acyl-carrier-protein) reductase	2tadeACP[c] + h[c] + nadph[c] -> nadp[c] + ocdcaACP[c]	0.00196	(Cell Envelope Biosynthesis) or (Fatty acid biosynthesis)	AFE_0420	3
T0	5.0	BHAH16	beta-hydroxyacyl-(acyl-carrier-protein) dehydratase	3hoctaACP[c] -> 2tadeACP[c] + h2o[c]	0.00196	(Membrane Lipid Metabolism) or (Fatty acid biosynthesis)	AFE_1455	3
T0	5.0	ZN2tex	zn2 transport	zn2[e] -> zn2[p]	0.001333	Transport, Outer Membrane Porin		1
T0	5.0	ZN2tpp	metalion trabsporter, NRAMP family	zn2[p] -> zn2[c]	0.001333	Transport, Inner Membrane	(AFE_0920 or AFE_0105)	2
T0	5.0	Ex_zn2[e]	zinc exchange	zn2[e] -> 	-0.001333	Exchange		
TH	0.1	Ex_fe2[e]	fe2+ exchange	fe2[e] -> 	-185.847696	Exchange		
TH	0.1	Ex_fe3[e]	fe3+ exchange	fe3[e] -> 	185.838621	Exchange		
TH	0.1	Htex	h transport	h[p] -> h[e]	-175.503755	Transport, Outer Membrane Porin		1
TH	0.1	Ex_h[e]	h+ exchange	h[e] -> 	-175.503755	Exchange		
TH	0.1	H2Otex	h2o transport	h2o[e] -> h2o[p]	-93.177586	Transport, Outer Membrane Porin		1
TH	0.1	H2Otpp	h2o transport (citoplasm)	h2o[p] -> h2o[c]	-93.177586	Transport, Inner Membrane		1
TH	0.1	Ex_h2o[e]	h2o exchange	h2o[e] -> 	93.177586	Exchange		
TH	0.1	CYT2	cytochrome c/rusticyanin complex	2 fe2[e] + rust[p] -> 2 fe3[e] + rustred[p]	92.921578	Oxidative Phosphorylation	(AFE_3153)	3
TH	0.1	CYTAA31	cytochrome c oxidase, aa3-type	cytccr[p] + 2 h[c] + 0.5 o2[c] -> cytcco[p] + h2o[c]	87.697462	Oxidative Phosphorylation	(AFE_3149 and AFE_3150 and AFE_3148 and AFE_3147)	3
TH	0.1	CYT1	cytochrome c552/rusticyanin complex	cytcco[p] + rustred[p] -> cytccr[p] + rust[p]	87.697462	Oxidative Phosphorylation	(AFE_3152 and AFE_3146)	3
TH	0.1	O2tex	o2 transport	o2[e] -> o2[p]	43.858942	Transport, Outer Membrane Porin		1
TH	0.1	O2tpp	o2 transport (citoplasm)	o2[p] -> o2[c]	43.858942	Transport, Inner Membrane		1
TH	0.1	Ex_o2[e]	o2 exchange	o2[e] -> 	-43.858942	Exchange		
TH	0.1	ATPS5rpp	ATP synthase (five protons for one ATP) (periplasm)	adp[c] + 5 h[p] + pi[c] -> atp[c] + h2o[c] + 4 h[c]	24.23306	Oxidative Phosphorylation	(AFE_3205 and AFE_3209 and AFE_3202 and AFE_3203 and AFE_3208 and AFE_3207 and AFE_3204 and AFE_3206)	3
TH	0.1	NADHI	NADH dehydrogenase (ubiquinone-8 & 5 protons) (periplasm)	5 h[p] + nad[c] + q8h2[c] -> 6 h[c] + nadh[c] + q8[c]	5.569995	Oxidative Phosphorylation	(AFE_2630 and AFE_2629 and AFE_2628 and AFE_2627 and AFE_2626 and AFE_2625 and AFE_2624 and AFE_2623 and AFE_2622 and AFE_2621 and AFE_2620 and AFE_2619 and AFE_2618 and AFE_2617)	3
TH	0.1	CYTBC1	cytochrome oxidase bc1 (5 protons) (periplasm)	cytcAr[p] + 5 h[p] + q8[c] -> cytcAo[p] + 5 h[c] + q8h2[c]	5.224116	Oxidative Phosphorylation	((AFE_3108 and AFE_3109 and AFE_3110 and AFE_3111) or (AFE_2729 and AFE_2730 and AFE_2731))	3
TH	0.1	CYTA2	cytochrome c4/rusticyanin complex	cytcAo[p] + rustred[p] -> cytcAr[p] + rust[p]	5.224116	Oxidative Phosphorylation	(AFE_3107 and AFE_3146)	3
TH	0.1	GAPD1	glyceraldehyde-3-phosphate dehydrogenase	13dpg[c] + h[c] + nadh[c] -> g3p[c] + nad[c] + pi[c]	3.663911	(Glycolysis/Gluconeogenesis) or (Calvin-Benson-Bassham Cycle)	AFE_3251	2
TH	0.1	PGK	phosphoglycerate kinase	3pg[c] + atp[c] -> 13dpg[c] + adp[c]	3.663911	(Glycolysis/Gluconeogenesis) or (Calvin-Benson-Bassham Cycle)	AFE_3250	2
TH	0.1	ATPM	ATP maintenance requirement	atp[c] + h2o[c] -> adp[c] + h[c] + pi[c]	3.475	Unassigned		1
TH	0.1	RUBISCO	Ribulose-bisphosphate carboxylase	co2[c] + h2o[c] + rb15bp[c] -> 2 3pg[c] + 2 h[c]	2.215404	(CO2 fixation) or (Rubisco Shunt) or (Calvin-Benson-Bassham Cycle)	(AFE_2155 or AFE_0434 or (AFE_3051 and AFE_3052) or (AFE_1690 and AFE_1691))	3
TH	0.1	PRUK	Phosphoribulokinase	atp[c] + ru5p-D[c] -> adp[c] + h[c] + rb15bp[c]	2.215404	(Pentose Phosphate Pathway) or (Calvin-Benson-Bassham Cycle)	AFE_0536	2
TH	0.1	HCO3tex	hco3 transport	h2co3[e] -> h2co3[p]	2.0	Transport, Outer Membrane Porin		1
TH	0.1	HCO3tpp	hco3 transport (citoplasm)	h2co3[p] -> h[c] + hco3[c]	2.0	Transport, Inner Membrane		1
TH	0.1	Ex_h2co3[e]	h3co3 exchange	h2co3[e] -> 	-2.0	Exchange		
TH	0.1	HCO3E	HCO3 equilibration reaction	co2[c] + h2o[c] -> h[c] + hco3[c]	-1.872237	(CO2 fixation) or (Rubisco Shunt) or (Calvin-Benson-Bassham Cycle)	AFE_0287	2
TH	0.1	RPE	ribulose 5-phosphate 3-epimerase	ru5p-D[c] -> xu5p-D[c]	-1.524637	(Pentose Phosphate Pathway) or (Calvin-Benson-Bassham Cycle)	AFE_3247	2
TH	0.1	TPI	triose-phosphate isomerase	g3p[c] -> dhap[c]	1.448876	(Glycolysis/Gluconeogenesis) or (Calvin-Benson-Bassham Cycle)	AFE_2633	2
TH	0.1	NADTRHD	NAD transhydrogenase	h[p] + nadh[c] + nadp[c] -> h[c] + nad[c] + nadph[c]	0.945652	Oxidative Phosphorylation		1
TH	0.1	TKT1	transketolase	e4p[c] + xu5p-D[c] -> f6p-B[c] + g3p[c]	-0.773195	(Pentose Phosphate Pathway) or (Calvin-Benson-Bassham Cycle)	(AFE_1843 and AFE_3252)	2
TH	0.1	FBA3	Sedoheptulose 1,7-bisphosphate D-glyceraldehyde-3-phosphate-lyase	dhap[c] + e4p[c] -> s17bp[c]	0.75152	(Pentose Phosphate Pathway) or (Calvin-Benson-Bassham Cycle)	(AFE_1676 and AFE_3248)	2
TH	0.1	SBPASE	Sedoheptulose-bisphosphatase	h2o[c] + s17bp[c] -> pi[c] + s7p[c]	0.75152	(Pentose Phosphate Pathway) or (Calvin-Benson-Bassham Cycle)	AFE_3253	2
TH	0.1	TKT2	transketolase	g3p[c] + s7p[c] -> r5p[c] + xu5p-D[c]	0.751442	(Pentose Phosphate Pathway) or (Calvin-Benson-Bassham Cycle)	(AFE_1843 and AFE_3252)	2
TH	0.1	CYTK1	cytidylate kinase (CMP)	atp[c] + cmp[c] -> adp[c] + cdp[c]	0.701435	Nucleotide Salvage Pathway	AFE_0902	2
TH	0.1	NDPK3	nucleoside-diphosphate kinase (ATP:CDP)	atp[c] + cdp[c] -> adp[c] + ctp[c]	0.699945	Nucleotide Salvage Pathway	AFE_1929	2
TH	0.1	RPI	ribose-5-phosphate isomerase	r5p[c] -> ru5p-D[c]	0.695971	(Pentose Phosphate Pathway) or (Calvin-Benson-Bassham Cycle)	AFE_0629	2
TH	0.1	CYTDK1	cytidine kinase (ATP)	atp[c] + cytd[c] -> adp[c] + cmp[c] + h[c]	0.693833	Nucleotide Salvage Pathway		1
TH	0.1	CYTD	cytidine deaminase	cytd[c] + h2o[c] + h[c] -> nh4[c] + uri[c]	-0.693833	Nucleotide Salvage Pathway		1
TH	0.1	UPPRT	uracil phosphoribosyltransferase	ppi[c] + ump[c] -> prpp[c] + ura[c]	0.693833	Purine and Pyrimidine Biosynthesis	AFE_3060	2
TH	0.1	URIP	uridine phosphorylase	pi[c] + uri[c] -> r1p[c] + ura[c]	-0.693833	Nucleotide Salvage Pathway		1
TH	0.1	FBA	fructose-bisphosphate aldolase	fdp[c] -> dhap[c] + g3p[c]	-0.690373	(Glycolysis/Gluconeogenesis) or (Calvin-Benson-Bassham Cycle)	AFE_1802	2
TH	0.1	FBP	fructose-bisphosphatase	fdp[c] + h2o[c] -> f6p-B[c] + pi[c]	0.690373	(Glycolysis/Gluconeogenesis) or (Calvin-Benson-Bassham Cycle)	AFE_0189	2
TH	0.1	ENO	enolase	2pg[c] -> h2o[c] + pep[c]	0.685921	Glycolysis/Gluconeogenesis	(AFE_1800 or AFE_0849)	2
TH	0.1	PGM1	phosphoglycerate mutase	3pg[c] -> 2pg[c]	0.685921	Glycolysis/Gluconeogenesis	(AFE_1815 or AFE_0155 or AFE_0526 or AFE_0621)	2
TH	0.1	CTPS2	CTP synthase (glutamine)	atp[c] + gln-L[c] + h2o[c] + utp[c] -> adp[c] + ctp[c] + glu-L[c] + 2 h[c] + pi[c]	-0.680943	Purine and Pyrimidine Biosynthesis	AFE_0847	2
TH	0.1	URIDK	uridylate kinase	atp[c] + ump[c] -> adp[c] + udp[c]	-0.671291	Purine and Pyrimidine Biosynthesis	AFE_1446	2
TH	0.1	NDPK2	nucleoside-diphosphate kinase (ATP:UDP)	atp[c] + udp[c] -> adp[c] + utp[c]	-0.670084	Nucleotide Salvage Pathway	AFE_1929	2
TH	0.1	PUNP3	guanosine phosphorylase 	gsn[c] + pi[c] -> gua[c] + r1p[c]	0.66975	Nucleotide Salvage Pathway		1
TH	0.1	GSNK	guanosine kinase	atp[c] + gsn[c] -> adp[c] + gmp[c] + h[c]	-0.66975	Nucleotide Salvage Pathway		1
TH	0.1	GUAPRT	guanine phosphoribosyltransferase	gmp[c] + ppi[c] -> gua[c] + prpp[c]	-0.66975	Nucleotide Salvage Pathway	AFE_0364	2
TH	0.1	GLUSy	glutamate synthase (NADPH)	akg[c] + gln-L[c] + h[c] + nadph[c] -> 2 glu-L[c] + nadp[c]	0.536321	Glutamate Metabolism	(AFE_0730 and AFE_0729)	4
TH	0.1	PYK	pyruvate kinase	adp[c] + h[c] + pep[c] -> atp[c] + pyr[c]	0.430176	Glycolysis/Gluconeogenesis	(AFE_0749 or AFE_1801 or AFE_3249)	2
TH	0.1	N2tex	n2 transport	n2[e] -> n2[p]	0.345881	Transport, Outer Membrane Porin		1
TH	0.1	N2tpp	n2 transport (citoplasm)	n2[p] -> n2[c]	0.345881	Transport, Inner Membrane		1
TH	0.1	HYD3pp	hydrogenase III	h2[c] + 2 h[c] + q8[c] -> 2 h[p] + q8h2[c]	0.345881	Hydrogen and Formate Utilization	(AFE_0937 and AFE_0938 and AFE_0939 and AFE_0940)	2
TH	0.1	NITF	sulfide quinone reductase	16 atp[c] + 16 h2o[c] + n2[c] + 4 nadh[c] -> 16 adp[c] + h2[c] + 10 h[c] + 4 nad[c] + 2 nh4[c] + 16 pi[c]	0.345881	Nitrogen fixation	(AFE_1515 and AFE_1516 and AFE_1517 and AFE_1518 and AFE_1519 and AFE_1520 and AFE_1521 and AFE_1522)	3
TH	0.1	Ex_n2[e]	n2 exchange	n2[e] -> 	-0.345881	Exchange		
TH	0.1	PDH	pyruvate dehydrogenase	coa[c] + nad[c] + pyr[c] -> accoa[c] + co2[c] + nadh[c]	0.212771	Glycolysis/Gluconeogenesis	(AFE_3070 and AFE_3069 and AFE_3068)	2
TH	0.1	PPA	inorganic diphosphatase	h2o[c] + ppi[c] -> h[c] + 2 pi[c]	0.208463	Anaplerotic Reactions	AFE_0492	2
TH	0.1	PPC	phosphoenolpyruvate carboxylase	co2[c] + h2o[c] + pep[c] -> h[c] + oaa[c] + pi[c]	0.20544	Anaplerotic Reactions	AFE_1810	2
TH	0.1	ASPTA	aspartate transaminase	akg[c] + asp-L[c] -> glu-L[c] + oaa[c]	-0.167534	Alanine and Aspartate Metabolism	AFE_2022	2
TH	0.1	ADK1	Adenylate kinase	amp[c] + atp[c] -> 2 adp[c]	0.151881	Nucleotide Salvage Pathway	AFE_0348	2
TH	0.1	BDGK	Glucokinase 	atp[c] + glc-B[c] -> adp[c] + g6p-B[c] + h[c]	0.099993	Glycolysis/Gluconeogenesis		1
TH	0.1	Ex_glc-B[e]	beta-D-Glucose exchange	glc-B[e] -> 	-0.099993	hypothetical glucose uptake		
TH	0.1	GLCtex	glucose outer porin	glc-B[e] -> glc-B[p]	0.099993	hypothetical glucose uptake		
TH	0.1	GLCtpp	glucose H+ symport inner transport	glc-B[p] + h[p] -> glc-B[c] + h[c]	0.099993	hypothetical glucose uptake		
TH	0.1	ACCOAC	Acetyl-CoA carboxylase	accoa[c] + atp[c] + hco3[c] -> adp[c] + h[c] + malcoa[c] + pi[c]	0.088513	(Membrane Lipid Metabolism) or (Fatty Acid Biosynthesis)	(AFE_1462 or AFE_0196 or AFE_0195 or AFE_2067)	2
TH	0.1	MCOATA	Malonyl-CoA-ACP transacylase	ACP[c] + malcoa[c] -> coa[c] + malACP[c]	0.088513	(Membrane Lipid Metabolism) or (Fatty acid biosynthesis)	AFE_1907	3
TH	0.1	PGI1	glucose-6-phosphate isomerase	g6p-B[c] -> f6p-B[c]	0.087369	Glycolysis/Gluconeogenesis	AFE_2924	2
TH	0.1	PGCD	phosphoglycerate dehydrogenase	3pg[c] + nad[c] -> 3php[c] + h[c] + nadh[c]	0.080979	Glycine and Serine Metabolism	AFE_0896	2
TH	0.1	PSP_L	phosphoserine phosphatase (L-serine)	h2o[c] + pser-L[c] -> pi[c] + ser-L[c]	0.080979	Glycine and Serine Metabolism	AFE_0368	2
TH	0.1	PSERT	phosphoserine transaminase	akg[c] + pser-L[c] -> 3php[c] + glu-L[c]	-0.080979	Glycine and Serine Metabolism	AFE_0895	2
TH	0.1	VALTA2	valine transaminase	akg[c] + val-L[c] -> 3mob[c] + glu-L[c]	-0.076836	Valine, Leucine, and Isoleucine Metabolism	AFE_0547	2
TH	0.1	ACONT1	aconitase (half-reaction A, Citrate hydro-lyase)	cit[c] -> acon-C[c] + h2o[c]	0.074528	Citric Acid Cycle	AFE_0423	2
TH	0.1	ACONT2	aconitase (half-reaction B, Isocitrate hydro-lyase)	acon-C[c] + h2o[c] -> icit[c]	0.074528	Citric Acid Cycle	AFE_0423	2
TH	0.1	CS	citrate synthase	accoa[c] + h2o[c] + oaa[c] -> cit[c] + coa[c] + h[c]	0.074528	Citric Acid Cycle	AFE_3065	2
TH	0.1	ICDHyr	isocitrate dehydrogenase (NADP)	icit[c] + nadp[c] -> akg[c] + co2[c] + nadph[c]	0.074528	Citric Acid Cycle	AFE_0424	2
TH	0.1	ASPK	Aspartate kinase	asp-L[c] + atp[c] -> 4pasp[c] + adp[c]	0.072845	Threonine and Lysine Metabolism	AFE_0407	2
TH	0.1	ASAD	aspartate-semialdehyde dehydrogenase	aspsa[c] + nadp[c] + pi[c] -> 4pasp[c] + h[c] + nadph[c]	-0.072845	Threonine and Lysine Metabolism	AFE_2074	2
TH	0.1	Afe_biomass_mc507_WT_139p0M	Afe biomass objective function (mc507) - WT - with 139 GAM estimate	2e-05 10fthf[c] + 2e-05 5mthf[c] + 3e-05 accoa[c] + 0.66 ala-L[c] + 2e-05 amet[c] + 0.28 arg-L[c] + 0.27 asn-L[c] + 0.27 asp-L[c] + 139.1 atp[c] + 0.087 ca2[c] + 2e-05 chor[c] + 2e-05 coa[c] + 0.13 ctp[c] + 0.001 cu2[c] + 0.015 datp[c] + 0.022 dctp[c] + 0.022 dgtp[c] + 0.015 dttp[c] + 2e-05 fad[c] + 0.067 fe2[c] + 0.067 fe3[c] + 0.26 gln-L[c] + 0.26 glu-L[c] + 0.55 gly[c] + 0.15 glycogen[c] + 2e-05 gthrd[c] + 0.14 gtp[c] + 139 h2o[c] + 2e-05 hemeO[c] + 0.24 his-L[c] + 0.29 ile-L[c] + 0.046 k[c] + 0.51 leu-L[c] + 0.024 lps_AFE[c] + 0.33 lys-L[c] + 0.17 met-L[c] + 0.24 mg2[c] + 2e-05 mlthf[c] + 0.03 mn2[c] + 0.013 murein5px4p[c] + 0.14 na1[c] + 0.00019 nad[c] + 1e-05 nadp[c] + 4e-05 nadph[c] + 0.18 phe-L[c] + 2e-05 pheme[c] + 0.07 ppl_AFE[c] + 0.27 pro-L[c] + 0.00358 ptrc[c] + 2e-05 pydx5p[c] + 2e-05 q8h2[c] + 2e-05 ribflv[c] + 0.23 ser-L[c] + 2e-05 sheme[c] + 0.09 so4[c] + 0.00073 spmd[c] + 1e-05 succoa[c] + 2e-05 thf[c] + 2e-05 thmpp[c] + 0.26 thr-L[c] + 0.14 tyr-L[c] + 1e-05 udcpdp[c] + 0.094 utp[c] + 0.41 val-L[c] + 0.002 zn2[c] -> 139 adp[c] + bio[c] + 139 h[c] + 139 pi[c] + 0.531 ppi[c]	0.067698	Exchange		3
TH	0.1	BIOMASStpp		bio[c] -> bio[p]	0.067698	Transport, Inner Membrane		1
TH	0.1	BIOMASStex		bio[p] -> bio[e]	0.067698	Transport, Outer Membrane Porin		1
TH	0.1	Ex_bio[e]	biomass exchange	bio[e] -> 	0.067698	Exchange		
TH	0.1	GHMT2	glycine hydroxymethyltransferase, reversible	ser-L[c] + thf[c] -> gly[c] + h2o[c] + mlthf[c]	0.062653	Glycine and Serine Metabolism	AFE_0295	2
TH	0.1	ACLS	acetolactate synthase	h[c] + 2 pyr[c] -> alac-S[c] + co2[c]	0.062286	Valine, Leucine, and Isoleucine Metabolism	(AFE_0745 and AFE_0746)	2
TH	0.1	KARA1	ketol-acid reductoisomerase (2,3-dihydroxy-3-methylbutanoate)	23dhmb[c] + nadp[c] -> alac-S[c] + h[c] + nadph[c]	-0.062286	Valine, Leucine, and Isoleucine Metabolism	AFE_0747	2
TH	0.1	DHAD1	dihydroxy-acid dehydratase (2,3-dihydroxy-3-methylbutanoate)	23dhmb[c] -> 3mob[c] + h2o[c]	0.062286	Valine, Leucine, and Isoleucine Metabolism	(AFE_1673 and AFE_0662)	2
TH	0.1	PRPPS	phosphoribosylpyrophosphate synthetase	atp[c] + r5p[c] -> amp[c] + h[c] + prpp[c]	0.055471	Histidine Metabolism	AFE_2766	2
TH	0.1	MTHFC	methenyltetrahydrofolate cyclohydrolase	h2o[c] + methf[c] -> 10fthf[c] + h[c]	0.053908	Folate Metabolism	AFE_1877	2
TH	0.1	MTHFD1	methylenetetrahydrofolate dehydrogenase (NADP)	mlthf[c] + nadp[c] -> methf[c] + nadph[c]	0.053908	Folate Metabolism	AFE_1877	2
TH	0.1	VALTA1	valine transaminase	pyr[c] + val-L[c] -> 3mob[c] + ala-L[c]	0.04908	Valine, Leucine, and Isoleucine Metabolism		1
TH	0.1	HSDy	homoserine dehydrogenase (NADPH)	hom-L[c] + nadp[c] -> aspsa[c] + h[c] + nadph[c]	-0.048744	Threonine and Lysine Metabolism	AFE_0473	2
TH	0.1	Pitex	pi transport	pi[p] -> pi[e]	-0.046184	Transport, Outer Membrane Porin		1
TH	0.1	Pitpp	Phosphate ABC transporter	atp[c] + h2o[c] + pi[p] -> adp[c] + h[c] + 2 pi[c]	0.046184	Transport, Inner Membrane	((AFE_1939 and AFE_1940 and AFE_1941) or (AFE_1434 and AFE_1435 and AFE_1436 and AFE_1437 and AFE_1438 and AFE_1439 and AFE_1440 and AFE_1441))	2
TH	0.1	Ex_pi[e]	phosphate exchange	pi[e] -> 	-0.046184	Exchange		
TH	0.1	CBPS	carbamoyl-phosphate synthase (glutamine-hydrolysing)	2 atp[c] + gln-L[c] + h2o[c] + hco3[c] -> 2 adp[c] + cbp[c] + glu-L[c] + 2 h[c] + pi[c]	0.03925	Arginine and Proline Metabolism	(AFE_0640 and AFE_0639)	2
TH	0.1	HMSK	Homoserine kinase 	atp[c] + hom-L[c] -> adp[c] + h[c] + phom[c]	0.037234	Threonine and Lysine Metabolism	AFE_3097	2
TH	0.1	THRS	threonine synthase	h2o[c] + phom[c] -> pi[c] + thr-L[c]	0.037234	Threonine and Lysine Metabolism	AFE_0474	2
TH	0.1	FUM	fumarase	mal-L[c] -> fum[c] + h2o[c]	-0.036622	Citric Acid Cycle	AFE_2673	2
TH	0.1	MDH	malate dehydrogenase	mal-L[c] + nad[c] -> h[c] + nadh[c] + oaa[c]	0.036622	Citric Acid Cycle	AFE_3000	2
TH	0.1	AICART	phosphoribosylaminoimidazolecarboxamide formyltransferase	10fthf[c] + aicar[c] -> fprica[c] + thf[c]	0.035109	Purine and Pyrimidine Biosynthesis	AFE_2260	2
TH	0.1	IMPC	IMP cyclohydrolase	h2o[c] + imp[c] -> fprica[c]	-0.035109	Purine and Pyrimidine Biosynthesis	AFE_2260	2
TH	0.1	OMCDC	2-Oxo-4-methyl-3-carboxypentanoate decarboxylation (spontaneous)	3c4mop[c] + h[c] -> 4mop[c] + co2[c]	0.034526	Valine, Leucine, and Isoleucine Metabolism		1
TH	0.1	LEUTA	leucine transaminase	akg[c] + leu-L[c] -> 4mop[c] + glu-L[c]	-0.034526	Valine, Leucine, and Isoleucine Metabolism	AFE_0547	2
TH	0.1	IPPS	2-isopropylmalate synthase	3mob[c] + accoa[c] + h2o[c] -> 3c3hmp[c] + coa[c] + h[c]	0.034526	Valine, Leucine, and Isoleucine Metabolism	(AFE_2596 and AFE_1989)	2
TH	0.1	IPMD	3-isopropylmalate dehydrogenase	3c2hmp[c] + nad[c] -> 3c4mop[c] + h[c] + nadh[c]	0.034526	Valine, Leucine, and Isoleucine Metabolism	AFE_2075	4
TH	0.1	IPPMIa	3-isopropylmalate dehydratase	3c3hmp[c] -> 3c2hmp[c]	0.034526	Valine, Leucine, and Isoleucine Metabolism	(AFE_0624 and AFE_0626)	2
TH	0.1	SUCOAS	succinyl-CoA synthetase (ADP-forming)	atp[c] + coa[c] + succ[c] -> adp[c] + pi[c] + succoa[c]	0.025295	Citric Acid Cycle	(AFE_0427 and AFE_0425)	2
TH	0.1	INSK	insosine kinase	atp[c] + ins[c] -> adp[c] + h[c] + imp[c]	-0.024134	Nucleotide Salvage Pathway		1
TH	0.1	ADA	Adenosine deaminase	adn[c] + h2o[c] + h[c] -> ins[c] + nh4[c]	-0.024134	Nucleotide Salvage Pathway	AFE_0773	2
TH	0.1	ADPT	adenine phosphoribosyltransferase	amp[c] + ppi[c] -> ade[c] + prpp[c]	-0.024133	Nucleotide Salvage Pathway	AFE_0540	2
TH	0.1	SDPTA	succinyldiaminopimelate transaminase	akg[c] + sl26da[c] -> glu-L[c] + sl2a6o[c]	-0.024101	Threonine and Lysine Metabolism	AFE_1821	2
TH	0.1	DHDPS	dihydrodipicolinate synthase	aspsa[c] + pyr[c] -> 23dhdp[c] + 2 h2o[c] + h[c]	0.024101	Threonine and Lysine Metabolism	AFE_2358	2
TH	0.1	DHDPRy	dihydrodipicolinate reductase (NADPH)	nadp[c] + thdp[c] -> 23dhdp[c] + h[c] + nadph[c]	-0.024101	Threonine and Lysine Metabolism	AFE_2663	2
TH	0.1	THDPS	tetrahydrodipicolinate succinylase	h2o[c] + succoa[c] + thdp[c] -> coa[c] + sl2a6o[c]	0.024101	Threonine and Lysine Metabolism	AFE_1820	2
TH	0.1	SDPDS	succinyl-diaminopimelate desuccinylase	h2o[c] + sl26da[c] -> 26dap-LL[c] + succ[c]	0.024101	Threonine and Lysine Metabolism	AFE_1819	2
TH	0.1	DAPE	diaminopimelate epimerase	26dap-LL[c] -> 26dap-M[c]	0.024101	Threonine and Lysine Metabolism	AFE_2743	2
TH	0.1	PUNP1	purine-nucleoside phosphorylase (Adenosine)	adn[c] + pi[c] -> ade[c] + r1p[c]	0.024083	Nucleotide Salvage Pathway		1
TH	0.1	DAPDC	diaminopimelate decarboxylase	26dap-M[c] + h[c] -> co2[c] + lys-L[c]	0.02234	Threonine and Lysine Metabolism	AFE_3279	2
TH	0.1	DDPA	2-dehydro-3-deoxyphosphoheptonate aldolase	e4p[c] + h2o[c] + pep[c] -> 2dda7p[c] + pi[c]	0.021673	Tyrosine, Tryptophan, and Phenylalanine Metabolism	(AFE_2671 or AFE_0899)	2
TH	0.1	SHKK	shikimate-kinase	atp[c] + skm[c] -> adp[c] + h[c] + skm5p[c]	0.021673	(Tyrosine, Tryptophan, and Phenylalanine Metabolism) or (Chorismate Biosynthesis)	AFE_0734	2
TH	0.1	PSCVT	3-phosphoshikimate 1-carboxyvinyltransferase	pep[c] + skm5p[c] -> 3psme[c] + pi[c]	0.021673	Tyrosine, Tryptophan, and Phenylalanine Metabolism	AFE_0901	2
TH	0.1	DHQS	3-dehydroquinate synthase	2dda7p[c] -> 3dhq[c] + pi[c]	0.021673	Tyrosine, Tryptophan, and Phenylalanine Metabolism	AFE_0733	2
TH	0.1	CHORS	chorismate synthase	3psme[c] -> chor[c] + pi[c]	0.021673	Tyrosine, Tryptophan, and Phenylalanine Metabolism	AFE_1972	2
TH	0.1	SHK3D	shikimate dehydrogenase	nadp[c] + skm[c] -> 3dhsk[c] + h[c] + nadph[c]	-0.021673	Tyrosine, Tryptophan, and Phenylalanine Metabolism	AFE_0182	2
TH	0.1	DHQT	3-dehydroquinate dehydratase, irreversible	3dhq[c] -> 3dhsk[c] + h2o[c]	0.021673	Tyrosine, Tryptophan, and Phenylalanine Metabolism	AFE_0197	2
TH	0.1	CHORM	chorismate mutase	chor[c] -> pphn[c]	0.021665	Tyrosine, Tryptophan, and Phenylalanine Metabolism	AFE_0897	2
TH	0.1	ASPCT	aspartate carbamoyltransferase	asp-L[c] + cbp[c] -> cbasp[c] + h[c] + pi[c]	0.020295	Purine and Pyrimidine Biosynthesis	AFE_3059	2
TH	0.1	DHORTS	dihydroorotase	cbasp[c] + h[c] -> dhor-S[c] + h2o[c]	0.020295	Purine and Pyrimidine Biosynthesis	(AFE_1672 and AFE_3058 and AFE_1463)	2
TH	0.1	DHORD	dihydoorotic acid dehydrogenase (quinone8)	dhor-S[c] + o2[c] -> h2o2[c] + orot[c]	0.020295	Purine and Pyrimidine Biosynthesis	AFE_2264	2
TH	0.1	ORPT	orotate phosphoribosyltransferase	orot[c] + prpp[c] -> orot5p[c] + ppi[c]	0.020295	Purine and Pyrimidine Biosynthesis	AFE_0908	2
TH	0.1	OMPDC	orotidine-5-phosphate decarboxylase	h[c] + orot5p[c] -> co2[c] + ump[c]	0.020295	Purine and Pyrimidine Biosynthesis	AFE_0907	2
TH	0.1	THRD_L	L-threonine deaminase	thr-L[c] -> 2obut[c] + nh4[c]	0.019632	Valine, Leucine, and Isoleucine Metabolism	AFE_0722	2
TH	0.1	ACHBS	2-aceto-2-hydroxybutanoate synthase	2obut[c] + h[c] + pyr[c] -> 2ahbut[c] + co2[c]	0.019632	Valine, Leucine, and Isoleucine Metabolism	(AFE_0745 and AFE_0746)	2
TH	0.1	KARA2	ketol-acid reductoisomerase (2-Acetolactate)	2ahbut[c] + h[c] + nadph[c] -> 23dhmp[c] + nadp[c]	0.019632	Valine, Leucine, and Isoleucine Metabolism	AFE_0747	2
TH	0.1	DHAD2	Dihydroxy-acid dehydratase (2,3-dihydroxy-3-methylpentanoate)	23dhmp[c] -> 3mop[c] + h2o[c]	0.019632	Valine, Leucine, and Isoleucine Metabolism	(AFE_1673 or AFE_0662)	2
TH	0.1	ILETA	isoleucine transaminase	akg[c] + ile-L[c] -> 3mop[c] + glu-L[c]	-0.019632	Valine, Leucine, and Isoleucine Metabolism	AFE_0547	2
TH	0.1	ACGK	acetylglutamate kinase	acglu[c] + atp[c] -> acg5p[c] + adp[c]	0.019247	Arginine and Proline Metabolism	AFE_0256	2
TH	0.1	AGPR	N-acetyl-g-glutamyl-phosphate reductase	acg5sa[c] + nadp[c] + pi[c] -> acg5p[c] + h[c] + nadph[c]	-0.019247	Arginine and Proline Metabolism	AFE_3073	2
TH	0.1	ACOTA	acetylornithine transaminase	acorn[c] + akg[c] -> acg5sa[c] + glu-L[c]	-0.019247	Arginine and Proline Metabolism	AFE_0406	2
TH	0.1	GLAT	glutamate N-acetyltransferase	acorn[c] + glu-L[c] -> acglu[c] + orn[c]	0.019247	Arginine and Proline Metabolism	AFE_0664	2
TH	0.1	OCBT	ornithine carbamoyltransferase	cbp[c] + orn[c] -> citr-L[c] + h[c] + pi[c]	0.018956	Arginine and Proline Metabolism	AFE_0405	2
TH	0.1	ARGSS	argininosuccinate synthase	asp-L[c] + atp[c] + citr-L[c] -> amp[c] + argsuc[c] + h[c] + ppi[c]	0.018956	Arginine and Proline Metabolism	AFE_0404	2
TH	0.1	ARGSL	argininosuccinate lyase	argsuc[c] -> arg-L[c] + fum[c]	0.018956	Arginine and Proline Metabolism	AFE_3277	2
TH	0.1	PRFGS	phosphoribosylformylglycinamidine synthase	atp[c] + fgam[c] + gln-L[c] + h2o[c] -> adp[c] + fpram[c] + glu-L[c] + h[c] + pi[c]	0.018863	Purine and Pyrimidine Biosynthesis	AFE_2354	2
TH	0.1	PRAIS	phosphoribosylaminoimidazole synthase	atp[c] + fpram[c] -> adp[c] + air[c] + 2 h[c] + pi[c]	0.018863	Purine and Pyrimidine Biosynthesis	AFE_1897	2
TH	0.1	PRAGS	phosphoribosylglycinamide synthase	atp[c] + gly[c] + pram[c] -> adp[c] + gar[c] + h[c] + pi[c]	0.018863	Purine and Pyrimidine Biosynthesis	AFE_2261	2
TH	0.1	GLUPRT	glutamine phosphoribosyldiphosphate amidotransferase	gln-L[c] + h2o[c] + prpp[c] -> glu-L[c] + ppi[c] + pram[c]	0.018863	Purine and Pyrimidine Biosynthesis	AFE_2064	2
TH	0.1	PRASCS	phosphoribosylaminoimidazolesuccinocarboxamide synthase	5aizc[c] + asp-L[c] + atp[c] -> 25aics[c] + adp[c] + h[c] + pi[c]	0.018862	Purine and Pyrimidine Biosynthesis	AFE_2355	2
TH	0.1	AIRC	Phosphoribosylaminoimidazole carboxylase	5aizc[c] + h[c] -> air[c] + co2[c]	-0.018862	Purine and Pyrimidine Biosynthesis	(AFE_0273 and AFE_0272)	2
TH	0.1	ADSL2	adenylosuccinate lyase	25aics[c] -> aicar[c] + fum[c]	0.018862	Purine and Pyrimidine Biosynthesis	AFE_2356	2
TH	0.1	GARFT	phosphoribosylglycinamide formyltransferase	10fthf[c] + gar[c] -> fgam[c] + h[c] + thf[c]	0.018797	Purine and Pyrimidine Biosynthesis	(AFE_1896 or AFE_2023)	2
TH	0.1	G5SADs	L-glutamate 5-semialdehyde dehydratase (spontaneous)	glu5sa[c] -> 1pyr5c[c] + h2o[c] + h[c]	0.018279	Arginine and Proline Metabolism		1
TH	0.1	ASNS1	asparagine synthase (glutamine-hydrolysing)	asp-L[c] + atp[c] + gln-L[c] + h2o[c] -> amp[c] + asn-L[c] + glu-L[c] + h[c] + ppi[c]	0.018279	Alanine and Aspartate Metabolism	AFE_1353	2
TH	0.1	P5CR	pyrroline-5-carboxylate reductase	nadp[c] + pro-L[c] -> 1pyr5c[c] + 2 h[c] + nadph[c]	-0.018279	Arginine and Proline Metabolism	AFE_0262	2
TH	0.1	G5SD	glutamate-5-semialdehyde dehydrogenase	glu5sa[c] + nadp[c] + pi[c] -> glu5p[c] + h[c] + nadph[c]	-0.018279	Arginine and Proline Metabolism	AFE_0454	2
TH	0.1	GLU5K	glutamate 5-kinase	atp[c] + glu-L[c] -> adp[c] + glu5p[c]	0.018279	Arginine and Proline Metabolism	(AFE_2464 and AFE_1783 and AFE_0281)	2
TH	0.1	SO4AA1tpp	sulfate ABC transporter	atp[c] + h2o[c] + so4aa[p] -> adp[c] + h[c] + pi[c] + so4[c]	0.01761	(Transport, Inner Membrane) or (Sulfur Metabolism)		2
TH	0.1	SO4AA2tpp	sulfate transport inner membrane	so4aa[p] -> so4aa[e]	-0.01761	Sulfur Metabolism		1
TH	0.1	Ex_so4aa[e]	sulfate exchange	so4aa[e] -> 	-0.01761	Exchange		
TH	0.1	HISTP	Histidinol-phosphatase	h2o[c] + hisp[c] -> histd[c] + pi[c]	0.016248	Histidine Metabolism	AFE_3043	2
TH	0.1	MG2tex	mg2 transport	mg2[e] -> mg2[p]	0.016248	Transport, Outer Membrane Porin		1
TH	0.1	MG2tpp	magnesium-translocating P-type ATPase	atp[c] + h2o[c] + mg2[p] -> adp[c] + h[c] + mg2[c] + pi[c]	0.016248	Transport, Inner Membrane	AFE_2327	2
TH	0.1	PRMICI	1-(5-phosphoribosyl)-5-[(5-phosphoribosylamino)methylideneamino)imidazole-4-carboxamide isomerase	prfp[c] -> prlp[c]	0.016248	Histidine Metabolism	AFE_3045	2
TH	0.1	IGPDH	imidazoleglycerol-phosphate dehydratase	eig3p[c] -> h2o[c] + imacp[c]	0.016248	Histidine Metabolism	AFE_3043	2
TH	0.1	HSTPT	histidinol-phosphate transaminase	glu-L[c] + imacp[c] -> akg[c] + hisp[c]	0.016248	Histidine Metabolism	(AFE_3042 and AFE_0898)	2
TH	0.1	HISTD1	histidinol dehydrogenase	histd[c] + nad[c] -> h[c] + hist-L[c] + nadh[c]	0.016248	Histidine Metabolism	AFE_3041	2
TH	0.1	HISTD2	Histidinal dehydrogenase 	h2o[c] + hist-L[c] + nad[c] -> 2 h[c] + his-L[c] + nadh[c]	0.016248	Histidine Metabolism	AFE_3041	2
TH	0.1	IG3PS	Imidazole-glycerol-3-phosphate synthase	gln-L[c] + prlp[c] -> aicar[c] + eig3p[c] + glu-L[c] + h[c]	0.016248	Histidine Metabolism	(AFE_3046 and AFE_3044)	2
TH	0.1	PRATPP	phosphoribosyl-ATP pyrophosphatase	h2o[c] + prbatp[c] -> h[c] + ppi[c] + prbamp[c]	0.016248	Histidine Metabolism	AFE_3047	2
TH	0.1	PRAMPC	phosphoribosyl-AMP cyclohydrolase	h2o[c] + prbamp[c] -> prfp[c]	0.016248	Histidine Metabolism	AFE_3047	2
TH	0.1	ATPPRT	ATP phosphoribosyltransferase	ppi[c] + prbatp[c] -> atp[c] + prpp[c]	-0.016248	Histidine Metabolism	(AFE_1888 and AFE_3040)	2
TH	0.1	Ex_mg2[e]	mg2+ exchange	mg2[e] -> 	-0.016248	Exchange		
TH	0.1	MTHFR3	Cobalamin-dependent homocysteine transmethylase	h[c] + mlthf[c] + nadph[c] -> 5mthf[c] + nadp[c]	0.014253	Methionine Metabolism	AFE_0535	2
TH	0.1	METS	5-methyltetrahydrofolate--homocysteine S-methyltransferase	5mthf[c] + hcys-L[c] -> met-L[c] + thf[c]	0.014251	Methionine Metabolism		1
TH	0.1	PGMT	phosphoglucomutase	g1p-B[c] -> g6p-B[c]	-0.012624	Glycolysis/Gluconeogenesis	AFE_2324	2
TH	0.1	GAP2		g1p[c] -> g1p-B[c]	-0.012624	Glycogen Metabolism		1
TH	0.1	ACS	acetyl-CoA synthetase	ac[c] + atp[c] + coa[c] -> accoa[c] + amp[c] + ppi[c]	0.012492	Pyruvate Metabolism	AFE_1969	2
TH	0.1	PPNDH	prephenate dehydratase	h[c] + pphn[c] -> co2[c] + h2o[c] + phpyr[c]	0.012186	Tyrosine, Tryptophan, and Phenylalanine Metabolism	AFE_0897	2
TH	0.1	PHETA1	phenylalanine transaminase	akg[c] + phe-L[c] -> glu-L[c] + phpyr[c]	-0.012186	Tyrosine, Tryptophan, and Phenylalanine Metabolism	AFE_2022	2
TH	0.1	3OAS1	3-oxoacyl-[acyl-carrier-protein] synthase	butACP[c] + h[c] + malACP[c] -> 3ohexACP[c] + ACP[c] + co2[c]	0.011682	(Cell Envelope Biosynthesis) or (Fatty acid biosynthesis)	(AFE_0796 or AFE_1910)	3
TH	0.1	3OAS8	3-oxoacyl-[acyl-carrier-protein] synthase	h[c] + hexACP[c] + malACP[c] -> 3ooctACP[c] + ACP[c] + co2[c]	0.011682	(Cell Envelope Biosynthesis) or (Fatty acid biosynthesis)	(AFE_0796 or AFE_1910)	3
TH	0.1	3OAS9	3-oxoacyl-[acyl-carrier-protein] synthase	h[c] + malACP[c] + ocACP[c] -> 3odecACP[c] + ACP[c] + co2[c]	0.011682	(Cell Envelope Biosynthesis) or (Fatty acid biosynthesis)	(AFE_0796 or AFE_1910)	3
TH	0.1	3OAR1	3-oxoacyl-(acyl-carrier-protein) reductase	actACP[c] + h[c] + nadph[c] -> 3hydbutACP[c] + nadp[c]	0.011682	(Cell Envelope Biosynthesis) or (Fatty acid biosynthesis)	AFE_1908	3
TH	0.1	3OAR10	3-oxoacyl-(acyl-carrier-protein) reductase	3ohexACP[c] + h[c] + nadph[c] -> 3hhexACP[c] + nadp[c]	0.011682	(Cell Envelope Biosynthesis) or (Fatty acid biosynthesis)	AFE_1908	3
TH	0.1	3OAR11	3-oxoacyl-(acyl-carrier-protein) reductase	3ooctACP[c] + h[c] + nadph[c] -> 3hoctACP[c] + nadp[c]	0.011682	(Cell Envelope Biosynthesis) or (Fatty acid biosynthesis)	AFE_1908	3
TH	0.1	3OAR12	3-oxoacyl-(acyl-carrier-protein) reductase	3odecACP[c] + h[c] + nadph[c] -> 3hdecACP[c] + nadp[c]	0.011682	(Cell Envelope Biosynthesis) or (Fatty acid biosynthesis)	AFE_1908	3
TH	0.1	ACOATA	Acetyl-CoA ACP transacylase	ACP[c] + accoa[c] -> acACP[c] + coa[c]	0.011682	(Membrane Lipid Metabolism) or (Fatty acid biosynthesis)		1
TH	0.1	3OAS27	3-oxoacyl-(acyl-carrier-protein) synthase III	acACP[c] + h[c] + malACP[c] -> ACP[c] + actACP[c] + co2[c]	0.011682	(Cell Envelope Biosynthesis) or (Fatty acid biosynthesis)	AFE_1906	3
TH	0.1	EAR1	enoyl-(acyl-carrier-protein) reductase	but2eACP[c] + h[c] + nadph[c] -> butACP[c] + nadp[c]	0.011682	(Cell Envelope Biosynthesis) or (Fatty acid biosynthesis)	AFE_0420	3
TH	0.1	EAR10	enoyl-(acyl-carrier-protein) reductase	h[c] + nadph[c] + thex2eACP[c] -> hexACP[c] + nadp[c]	0.011682	(Cell Envelope Biosynthesis) or (Fatty acid biosynthesis)	AFE_0420	3
TH	0.1	EAR11	enoyl-(acyl-carrier-protein) reductase	h[c] + nadph[c] + toct2eACP[c] -> nadp[c] + ocACP[c]	0.011682	(Cell Envelope Biosynthesis) or (Fatty acid biosynthesis)	AFE_0420	3
TH	0.1	BHAH1	beta-hydroxyacyl-(acyl-carrier-protein) dehydratase	3hydbutACP[c] -> but2eACP[c] + h2o[c]	0.011682	(Membrane Lipid Metabolism) or (Fatty acid biosynthesis)	AFE_1455	3
TH	0.1	BHAH10	beta-hydroxyacyl-(acyl-carrier-protein) dehydratase	3hhexACP[c] -> h2o[c] + thex2eACP[c]	0.011682	(Membrane Lipid Metabolism) or (Fatty acid biosynthesis)	AFE_1455	3
TH	0.1	BHAH11	beta-hydroxyacyl-(acyl-carrier-protein) dehydratase	3hoctACP[c] -> h2o[c] + toct2eACP[c]	0.011682	(Membrane Lipid Metabolism) or (Fatty acid biosynthesis)	AFE_1455	3
TH	0.1	BHAH12	beta-hydroxyacyl-(acyl-carrier-protein) dehydratase	3hdecACP[c] -> h2o[c] + tdec2eACP[c]	0.011682	(Membrane Lipid Metabolism) or (Fatty acid biosynthesis)	AFE_1455	3
TH	0.1	ADSK	adenylyl-sulfate kinase	aps[c] + atp[c] -> adp[c] + h[c] + paps[c]	0.011517	Cysteine Metabolism	AFE_0539	2
TH	0.1	PAPSR	3-phospho-adenylylsulfate reductase	2 h[c] + paps[c] + trdox[c] -> pap[c] + so3[c] + trdrd[c]	0.011517	Cysteine Metabolism	AFE_3123	2
TH	0.1	SULR2	Sulfite reductase (NADPH)	3 h2o[c] + h2s[c] + 3 nadp[c] -> 5 h[c] + 3 nadph[c] + so3[c]	-0.011517	Cysteine Metabolism	(AFE_3121 and AFE_3122)	2
TH	0.1	BPNT	3,5-bisphosphate nucleotidase	h2o[c] + pap[c] -> amp[c] + pi[c]	0.011517	Cysteine Metabolism	AFE_2973	2
TH	0.1	SADT	sulfate adenylate transferase	atp[c] + h[c] + so4[c] -> aps[c] + ppi[c]	0.011517	Sulfur Metabolism	((AFE_2970 and AFE_2971) or (AFE_3124 and AFE_3125))	3
TH	0.1	HACT	O-acetyl-L-homoserine:methanethiol 3-amino-3-carboxypropyltransferase	achms[c] + h2s[c] -> ac[c] + h[c] + hcys-L[c]	0.01151	Methionine Metabolism	AFE_2063	2
TH	0.1	HSERTA	Homoserine O-acetyltransferase	accoa[c] + hom-L[c] -> achms[c] + coa[c]	0.01151	Methionine Metabolism	AFE_0293	2
TH	0.1	GK1	guanylate kinase (GMP:ATP)	atp[c] + gmp[c] -> adp[c] + gdp[c]	0.010975	Nucleotide Salvage Pathway	AFE_0563	2
TH	0.1	GMPS2	GMP synthase	atp[c] + gln-L[c] + h2o[c] + xmp[c] -> amp[c] + glu-L[c] + gmp[c] + 2 h[c] + ppi[c]	0.010975	Purine and Pyrimidine Biosynthesis	AFE_1778	2
TH	0.1	IMPD	IMP dehydrogenase	h2o[c] + imp[c] + nad[c] -> h[c] + nadh[c] + xmp[c]	0.010975	Purine and Pyrimidine Biosynthesis	AFE_1777	2
TH	0.1	CAT	catalase	2 h2o2[c] -> 2 h2o[c] + o2[c]	0.010155	Unassigned		1
TH	0.1	GLCS1	glycogen synthase (ADPGlc)	adpglc[c] -> adp[c] + glycogendeb[c] + h[c]	0.010155	(Glycogen Metabolism) or (Glycolysis/Gluconeogenesis)	AFE_2678	2
TH	0.1	GLBRAN1	1,4-alpha-glucan branching enzyme (glycogen -> bglycogen)	glycogendeb[c] + 2 h[c] -> glycogen[c]	0.010155	(Glycogen Metabolism) or (Glycolysis/Gluconeogenesis)	AFE_2836	2
TH	0.1	GLGC	glucose-1-phosphate adenylyltransferase	atp[c] + g1p[c] + h[c] -> adpglc[c] + ppi[c]	0.010155	(Glycogen Metabolism) or (Glycolysis/Gluconeogenesis)	AFE_2838	2
TH	0.1	FA_PL-ACP-AFE	Fatty Acid formation	0.1 3hmrsACP[c] + 0.07 c190cACP[c] + 0.21 chexcaACP[c] + 0.08 ddcaACP[c] + 0.02 hpdcaACP[c] + 0.02 ocdcaACP[c] + 0.36 octeACP[c] + 0.11 palmACP[c] + 0.01 ptdcaACP[c] + 0.02 thepcaACP[c] -> faplACP[c]	0.009952	(Glycerophospholipid Metabolism) or (Phospholipid synthesis)		3
TH	0.1	NDPK1	nucleoside-diphosphate kinase (ATP:GDP)	atp[c] + gdp[c] -> adp[c] + gtp[c]	0.009512	Nucleotide Salvage Pathway	AFE_1929	2
TH	0.1	TYRTA	tyrosine transaminase	34hpp[c] + glu-L[c] -> akg[c] + tyr-L[c]	0.009479	Tyrosine, Tryptophan, and Phenylalanine Metabolism	AFE_2022	2
TH	0.1	PPND	prephenate dehydrogenase	nad[c] + pphn[c] -> 34hpp[c] + co2[c] + nadh[c]	0.009479	Tyrosine, Tryptophan, and Phenylalanine Metabolism	AFE_0900	2
TH	0.1	NA1tpp	na transport in via proton symport	h[p] + na1[p] -> h[c] + na1[c]	0.009478	Transport, Inner Membrane		1
TH	0.1	G3PD2	glycerol-3-phosphate dehydrogenase (NADP)	dhap[c] + h[c] + nadph[c] -> glyc3p[c] + nadp[c]	0.006966	Alternate Carbon Metabolism	AFE_2126	3
TH	0.1	GHMT3	glycine hydroxymethyltransferase	gly[c] + nad[c] + thf[c] -> co2[c] + mlthf[c] + nadh[c] + nh4[c]	0.006554	Glycine and Serine Metabolism	AFE_0295	2
TH	0.1	TRDR	thioredoxin reductase (NADPH)	nadph[c] + trdrd[c] -> 3 h[c] + nadp[c] + trdox[c]	0.006481	Oxidative Phosphorylation	AFE_0375	2
TH	0.1	3OAS10	3-oxoacyl-[acyl-carrier-protein] synthase	dcaACP[c] + h[c] + malACP[c] -> 3oddecACP[c] + ACP[c] + co2[c]	0.00601	(Cell Envelope Biosynthesis) or (Fatty acid biosynthesis)	(AFE_0796 or AFE_1910)	3
TH	0.1	3OAR13	3-oxoacyl-(acyl-carrier-protein) reductase	3oddecACP[c] + h[c] + nadph[c] -> 3hddecACP[c] + nadp[c]	0.00601	(Cell Envelope Biosynthesis) or (Fatty acid biosynthesis)	AFE_1908	3
TH	0.1	EAR12	enoyl-(acyl-carrier-protein) reductase	h[c] + nadph[c] + tdec2eACP[c] -> dcaACP[c] + nadp[c]	0.00601	(Cell Envelope Biosynthesis) or (Fatty acid biosynthesis)	AFE_0420	3
TH	0.1	EAR13	enoyl-(acyl-carrier-protein) reductase	h[c] + nadph[c] + tddec2eACP[c] -> ddcaACP[c] + nadp[c]	0.00601	(Cell Envelope Biosynthesis) or (Fatty acid biosynthesis)	AFE_0420	3
TH	0.1	BHAH13	beta-hydroxyacyl-(acyl-carrier-protein) dehydratase	3hddecACP[c] -> h2o[c] + tddec2eACP[c]	0.00601	(Membrane Lipid Metabolism) or (Fatty acid biosynthesis)	AFE_1455	3
TH	0.1	CA2tex	ca2 transport (citoplasm)	ca2[e] -> ca2[p]	0.00589	Transport, Outer Membrane Porin		1
TH	0.1	CA2tpp	Na+/Ca+2 symporter (periplasm)	ca2[p] -> ca2[c] + na1[p]	0.00589	Transport, Inner Membrane	AFE_0587	2
TH	0.1	Ex_ca2[e]	calcium exchange	ca2[e] -> 	-0.00589	Exchange		
TH	0.1	T2DECAI	trans-2-decenoyl-(acyl-carrier protein) isomerase 	tdec2eACP[c] -> dec3ACP[c]	0.005672	(Cell Envelope Biosynthesis) or (Fatty acid biosynthesis)		1
TH	0.1	3OAS2	3-oxoacyl-[acyl-carrier-protein] synthase	3cddACP[c] + h[c] + malACP[c] -> ACP[c] + co2[c] + coxtdeACP[c]	0.005672	(Cell Envelope Biosynthesis) or (Fatty acid biosynthesis)	(AFE_0796 or AFE_1910)	3
TH	0.1	3OAS3	3-oxoacyl-[acyl-carrier-protein] synthase	ctdeACP[c] + h[c] + malACP[c] -> ACP[c] + co2[c] + coxhxcsACP[c]	0.005672	(Cell Envelope Biosynthesis) or (Fatty acid biosynthesis)	(AFE_0796 or AFE_1910)	3
TH	0.1	3OAS15	3-oxoacyl-[acyl-carrier-protein] synthase	dec3ACP[c] + h[c] + malACP[c] -> ACP[c] + co2[c] + coxododACP[c]	0.005672	(Cell Envelope Biosynthesis) or (Fatty acid biosynthesis)	(AFE_0796 or AFE_1910)	3
TH	0.1	3OAR2	3-oxoacyl-(acyl-carrier-protein) reductase	coxododACP[c] + h[c] + nadph[c] -> chydodeACP[c] + nadp[c]	0.005672	(Cell Envelope Biosynthesis) or (Fatty acid biosynthesis)	AFE_1908	3
TH	0.1	3OAR3	3-oxoacyl-(acyl-carrier-protein) reductase	coxtdeACP[c] + h[c] + nadph[c] -> chytedeACP[c] + nadp[c]	0.005672	(Cell Envelope Biosynthesis) or (Fatty acid biosynthesis)	AFE_1908	3
TH	0.1	3OAR4	3-oxoacyl-(acyl-carrier-protein) reductase	coxhxcsACP[c] + h[c] + nadph[c] -> chyhecdeACP[c] + nadp[c]	0.005672	(Cell Envelope Biosynthesis) or (Fatty acid biosynthesis)	AFE_1908	3
TH	0.1	EAR2	enoyl-(acyl-carrier-protein) reductase	c2tdodeACP[c] + h[c] + nadph[c] -> 3cddACP[c] + nadp[c]	0.005672	(Cell Envelope Biosynthesis) or (Fatty acid biosynthesis)	AFE_0420	3
TH	0.1	EAR3	enoyl-(acyl-carrier-protein) reductase	c2ttedeACP[c] + h[c] + nadph[c] -> ctdeACP[c] + nadp[c]	0.005672	(Cell Envelope Biosynthesis) or (Fatty acid biosynthesis)	AFE_0420	3
TH	0.1	EAR4	enoyl-(acyl-carrier-protein) reductase	c2thedeACP[c] + h[c] + nadph[c] -> chexcaACP[c] + nadp[c]	0.005672	(Cell Envelope Biosynthesis) or (Fatty acid biosynthesis)	AFE_0420	3
TH	0.1	BHAH2	beta-hydroxyacyl-(acyl-carrier-protein) dehydratase	chydodeACP[c] -> c2tdodeACP[c] + h2o[c]	0.005672	(Membrane Lipid Metabolism) or (Fatty acid biosynthesis)	AFE_1455	3
TH	0.1	BHAH3	beta-hydroxyacyl-(acyl-carrier-protein) dehydratase	chytedeACP[c] -> c2ttedeACP[c] + h2o[c]	0.005672	(Membrane Lipid Metabolism) or (Fatty acid biosynthesis)	AFE_1455	3
TH	0.1	BHAH4	beta-hydroxyacyl-(acyl-carrier-protein) dehydratase	chyhecdeACP[c] -> c2thedeACP[c] + h2o[c]	0.005672	(Membrane Lipid Metabolism) or (Fatty acid biosynthesis)	AFE_1455	3
TH	0.1	A5PISO	Arabinose-5-phosphate isomerase	ru5p-D[c] -> ara5p[c]	0.005199	(Lipopolysaccharide Biosynthesis) or (Alternate Carbon Metabolism)	AFE_3030	2
TH	0.1	KDOPS	3-deoxy -D-manno-octulosonic -acid 8-phosphate synthase	ara5p[c] + h2o[c] + pep[c] -> kdo8p[c] + pi[c]	0.005199	( Lipopolysaccharide Biosynthesis ) or ( CMP-KDO biosynthesis )	AFE_0848	2
TH	0.1	KDOCT2	3-deoxy-manno-octulosonate cytidylyltransferase	ctp[c] + kdo[c] -> ckdo[c] + ppi[c]	0.005199	( Lipopolysaccharide Biosynthesis ) or ( CMP-KDO biosynthesis )	AFE_0491	2
TH	0.1	KDOPP	3-deoxy-manno-octulosonate-8-phosphatase	h2o[c] + kdo8p[c] -> kdo[c] + pi[c]	0.005199	( Lipopolysaccharide Biosynthesis ) or ( CMP-KDO biosynthesis )	AFE_3029	2
TH	0.1	PCYT	phosphatidate cytidylyltransferase	ctp[c] + dag3pi_AFE[c] -> cdpdag_AFE[c] + ppi[c]	0.004976	(Glycerophospholipid Metabolism) or (Phospholipid synthesis)	AFE_1449	2
TH	0.1	G3PAT1	acyl-ACP:sn-glycerol-3-phosphate 1-O-acyltransferase 	faplACP[c] + glyc3p[c] -> ACP[c] + faplg3p_AFE[c]	0.004976	Glycerophospholipid Metabolism		1
TH	0.1	G3PAT2	1-acyl-sn-glycerol-3-phosphate acyltransferase 	faplACP[c] + faplg3p_AFE[c] -> ACP[c] + dag3pi_AFE[c]	0.004976	Glycerophospholipid Metabolism	AFE_0727	2
TH	0.1	PL-AFE	phospholipids formation	0.05 clpn120[c] + 0.15 pe_AFE[c] + 0.37 pg120[c] + 0.43 ptdmeeta_AFE[c] -> ppl_AFE[c]	0.004739	(Glycerophospholipid Metabolism) or (Phospholipid synthesis)		3
TH	0.1	3OAS11	3-oxoacyl-[acyl-carrier-protein] synthase	ddcaACP[c] + h[c] + malACP[c] -> 3omrsACP[c] + ACP[c] + co2[c]	0.004726	(Cell Envelope Biosynthesis) or (Fatty acid biosynthesis)	(AFE_0796 or AFE_1910)	3
TH	0.1	3OAR14	3-oxoacyl-(acyl-carrier-protein) reductase	3omrsACP[c] + h[c] + nadph[c] -> 3hmrsACP[c] + nadp[c]	0.004726	(Cell Envelope Biosynthesis) or (Fatty acid biosynthesis)	AFE_1908	3
TH	0.1	MNTH	NRAMP dual Mn(II)/Fe(II) MntH-like transporter	fe2[p] + h[p] -> fe2[c] + h[c]	0.00454	Transport, Inner Membrane	(AFE_0105 or AFE_0920)	2
TH	0.1	FE2tex	fe2 transport	fe2[e] -> fe2[p]	0.00454	Transport, Outer Membrane Porin		1
TH	0.1	FE3tpp	Fe(III) ABC inner membrane transporter	atp[c] + fe3[p] + h2o[c] -> adp[c] + fe3[c] + h[c] + pi[c]	0.004536	(Transport, Inner Membrane) or (Fe+2 Metabolism)	((AFE_1489 and AFE_1490 and AFE_1491) or (AFE_1493 and AFE_1494 and AFE_1495))	2
TH	0.1	FE32tpp	fe3 ton transporter	fe3[e] -> fe3[p]	0.004536	Transport, Inner Membrane	((AFE_2267 and AFE_2268 and AFE_2269 and AFE_2270 and AFE_2271 and AFE_2273 and AFE_2274 and AFE_2275 and AFE_2276) or (AFE_2998 and AFE_2999 and AFE_2300 and AFE_2301 and AFE_2302 and AFE_2303 and AFE_2304 and AFE_2305))	2
TH	0.1	GF6PTA	glutamine-fructose-6-phosphate transaminase	f6p-B[c] + gln-L[c] -> gam6p[c] + glu-L[c]	0.004521	(Cell Envelope Biosynthesis) or (EPS biosynthesis)	AFE_3200	2
TH	0.1	PGAMT	phosphoglucosamine mutase	gam1p[c] -> gam6p[c]	-0.004495	(Cell Envelope Biosynthesis) or (EPS biosynthesis)	AFE_2634	2
TH	0.1	G1PACT	glucosamine-1-phosphate N-acetyltransferase	accoa[c] + gam1p[c] -> acgam1p[c] + coa[c] + h[c]	0.004495	(Cell Envelope Biosynthesis) or (EPS biosynthesis)	AFE_3201	2
TH	0.1	UAGDP	UDP-N-acetylglucosamine diphosphorylase	acgam1p[c] + h[c] + utp[c] -> ppi[c] + uacgam[c]	0.004495	(Cell Envelope Biosynthesis) or (EPS biosynthesis)	AFE_3201	2
TH	0.1	NA1tex	na transport	na1[e] -> na1[p]	0.003588	Transport, Outer Membrane Porin		1
TH	0.1	Ex_na1[e]	sodium exchange	na1[e] -> 	-0.003588	Exchange		
TH	0.1	3OAS4	3-oxoacyl-[acyl-carrier-protein] synthase	chexcaACP[c] + h[c] + malACP[c] -> ACP[c] + co2[c] + coxocdaACP[c]	0.003583	(Cell Envelope Biosynthesis) or (Fatty acid biosynthesis)	(AFE_0796 or AFE_1910)	3
TH	0.1	3OAR5	3-oxoacyl-(acyl-carrier-protein) reductase	coxocdaACP[c] + h[c] + nadph[c] -> chyocdeACP[c] + nadp[c]	0.003583	(Cell Envelope Biosynthesis) or (Fatty acid biosynthesis)	AFE_1908	3
TH	0.1	EAR5	enoyl-(acyl-carrier-protein) reductase	c2tocdeACP[c] + h[c] + nadph[c] -> nadp[c] + octeACP[c]	0.003583	(Cell Envelope Biosynthesis) or (Fatty acid biosynthesis)	AFE_0420	3
TH	0.1	BHAH5	beta-hydroxyacyl-(acyl-carrier-protein) dehydratase	chyocdeACP[c] -> c2tocdeACP[c] + h2o[c]	0.003583	(Membrane Lipid Metabolism) or (Fatty acid biosynthesis)	AFE_1455	3
TH	0.1	NDPK4	nucleoside-diphosphate kinase (ATP:dTDP)	atp[c] + dtdp[c] + h[c] -> adp[c] + dttp[c]	0.003485	Nucleotide Salvage Pathway	AFE_1929	2
TH	0.1	Ktex	k transport	k[e] -> k[p]	0.003114	Transport, Outer Membrane Porin		1
TH	0.1	Ktpp	voltage-gated potassium channel	k[p] -> k[c]	0.003114	Transport, Inner Membrane	(AFE_2922 or AFE_1968 or AFE_3093 or AFE_1753)	2
TH	0.1	Ex_k[e]	k+ exchange	k[e] -> 	-0.003114	Exchange		
TH	0.1	HCYSMT	homocysteine S-methyltransferase	amet[c] + hcys-L[c] -> ahcys[c] + h[c] + met-L[c]	-0.002792	Methionine Metabolism	AFE_3126	2
TH	0.1	PSD120	Phosphatidylserine decarboxylase	h[c] + ps120[c] -> co2[c] + pe_AFE[c]	0.002749	( Glycerophospholipid Metabolism ) or (Phosphatidylethanolamine biosynthesis )	AFE_2292	2
TH	0.1	PSSA120	CDP-diacylglycerol--serine O-phosphatidyltransferase 	cdpdag_AFE[c] + ser-L[c] -> cmp[c] + h[c] + ps120[c]	0.002749	( Glycerophospholipid Metabolism ) or (Phosphatidylethanolamine biosynthesis )	AFE_2291	2
TH	0.1	ALAR	alanine racemase	ala-L[c] -> ala-D[c]	0.00264	Alanine and Aspartate Metabolism	AFE_2818	2
TH	0.1	LIPA		0.52 dtdpglu[c] + 0.43 dtdprmn[c] + 0.01 gam[c] + 0.01 gdpmann[c] + hlipa_AFE[c] -> 0.94 dtdp[c] + 0.01 gdp[c] + polysac_AFE[c]	0.0026	Lipopolysaccharide Biosynthesis		3
TH	0.1	KDOCT	3-deoxy-D-manno-octulosonic-acid transferase	ckdo[c] -> cmp[c] + h[c] + kdo_AFE[c]	0.0026	( Lipopolysaccharide Biosynthesis ) or ( KDO(2)-AFE synthesis )	AFE_0237	3
TH	0.1	KDOCT3	3-deoxy-D-manno-octulosonic-acid transferase	ckdo[c] + kdo_AFE[c] -> kdo2_AFE[c]	0.0026	( Lipopolysaccharide Biosynthesis ) or ( KDO(2)-AFE synthesis )	AFE_0237	3
TH	0.1	HKDOS	Lipopolysaccharide heptosyltransferase Iacyltransferase 	0.03 adphep-LD[c] + kdo2_AFE[c] -> hlipa_AFE[c]	0.0026	( Lipopolysaccharide Biosynthesis ) or ( KDO(2)-AFE synthesis )		3
TH	0.1	G1PTT	glucose-1-phosphate thymidylyltransferase	dttp[c] + g1p[c] -> dtdpglu[c] + ppi[c]	0.00247	Cell Envelope Biosynthesis	AFE_3295	2
TH	0.1	PGPP120	Phosphatidylglycerophosphatase 	h2o[c] + pgp_AFE[c] -> pg120[c] + pi[c]	0.002227	Glycerophospholipid Metabolism	AFE_0929	2
TH	0.1	PGSA	CDP-diacylglycerol--glycerol-3-phosphate 3-phosphatidyltransferase 	cdpdag_AFE[c] + glyc3p[c] -> cmp[c] + h[c] + pgp_AFE[c]	0.002227	Glycerophospholipid Metabolism	(AFE_1900 and AFE_0854)	2
TH	0.1	PMEAS	Phosphatidylserine decarboxylase	amet[c] + pe_AFE[c] -> ahcys[c] + ptdmeeta_AFE[c]	0.002038	( Glycerophospholipid Metabolism ) or (Phosphatidylethanolamine biosynthesis )	(AFE_2739 or AFE_0594)	2
TH	0.1	MN2tex	mn2 transport	mn2[e] -> mn2[p]	0.002031	Transport, Outer Membrane Porin		1
TH	0.1	MN2tpp	metalion trabsporter, NRAMP family	mn2[p] -> mn2[c]	0.002031	Transport, Inner Membrane	(AFE_0920 or AFE_0105)	2
TH	0.1	Ex_mn2[e]	mn2+ exchange	mn2[e] -> 	-0.002031	Exchange		
TH	0.1	EAR14	enoyl-(acyl-carrier-protein) reductase	h[c] + nadph[c] + tmrs2eACP[c] -> myrsACP[c] + nadp[c]	0.001781	(Cell Envelope Biosynthesis) or (Fatty acid biosynthesis)	AFE_0420	3
TH	0.1	BHAH14	beta-hydroxyacyl-(acyl-carrier-protein) dehydratase	3hmrsACP[c] -> h2o[c] + tmrs2eACP[c]	0.001781	(Membrane Lipid Metabolism) or (Fatty acid biosynthesis)	AFE_1455	3
TH	0.1	UDCPDP	undecaprenyl-diphosphatase	h2o[c] + udcpdp[c] -> h[c] + pi[c] + udcpp[c]	0.00176	Cell Envelope Biosynthesis	AFE_0636	2
TH	0.1	ALAALAr	D-alanine-D-alanine ligase	2 ala-D[c] + atp[c] -> adp[c] + alaala[c] + h[c] + pi[c]	0.00176	(Cell Envelope Biosynthesis) or (Murein Biosynthesis)	AFE_0203	2
TH	0.1	PAPPT3	phospho-N-acetylmuramoyl-pentapeptide-transferase (meso-2,6-diaminopimelate)	udcpp[c] + ugmda[c] -> uagmda[c] + ump[c]	0.00176	( Cell Envelope Biosynthesis ) or ( Peptidoglycan biosynthesis )	AFE_0209	2
TH	0.1	UAGCVT	UDP-N-acetylglucosamine 1-carboxyvinyltransferase	pep[c] + uacgam[c] -> pi[c] + uaccg[c]	0.00176	( Cell Envelope Biosynthesis ) or ( Peptidoglycan biosynthesis )	AFE_3039	2
TH	0.1	UAPGR	UDP-N-acetylmuramate dehydrogenase	nadp[c] + uamr[c] -> h[c] + nadph[c] + uaccg[c]	-0.00176	( Cell Envelope Biosynthesis ) or ( Peptidoglycan biosynthesis )	AFE_0204	2
TH	0.1	UAMAS	UDP-N-acetylmuramate--alanine ligase	ala-L[c] + atp[c] + uamr[c] -> adp[c] + h[c] + pi[c] + uama[c]	0.00176	( Cell Envelope Biosynthesis ) or ( Peptidoglycan biosynthesis )	AFE_0205	2
TH	0.1	UAMAGS	UDP-N-acetylmuramoylalanine--D-glutamate ligase	atp[c] + glu-D[c] + uama[c] -> adp[c] + h[c] + pi[c] + uamag[c]	0.00176	( Cell Envelope Biosynthesis ) or ( Peptidoglycan biosynthesis )	AFE_0208	2
TH	0.1	UAAGDS	UDP-N-acetylmuramoylalanyl-D-glutamate--2,6-diaminopimelate ligase	26dap-M[c] + atp[c] + uamag[c] -> adp[c] + h[c] + pi[c] + ugmd[c]	0.00176	( Cell Envelope Biosynthesis ) or ( Peptidoglycan biosynthesis )	AFE_0211	2
TH	0.1	UGLDDS	UDP-N-acetylmuramoyl-tripeptide--D-alanyl-D-alanine ligase	alaala[c] + atp[c] + ugmd[c] -> adp[c] + h[c] + pi[c] + ugmda[c]	0.00176	( Cell Envelope Biosynthesis ) or ( Peptidoglycan biosynthesis )	AFE_0210	2
TH	0.1	UCMAT	undecaprenyldiphospho-muramoylpentapeptide ?-N-acetylglucosaminyltransferase	uacgam[c] + uagmda[c] -> h[c] + udp[c] + ugmdal[c]	0.00176	( Cell Envelope Biosynthesis ) or ( Peptidoglycan biosynthesis )	AFE_0206	2
TH	0.1	GLUR	glutamate racemase	glu-L[c] -> glu-D[c]	0.00176	( Cell Envelope Biosynthesis ) or ( Peptidoglycan biosynthesis )	AFE_2842	2
TH	0.1	LPS	lipolysaccharide formation	0.3 lip_AFE[c] + 1.6 polysac_AFE[c] -> lps_AFE[c]	0.001625	Lipopolysaccharide Biosynthesis		3
TH	0.1	NDPK7	nucleoside-diphosphate kinase (ATP:dCDP)	atp[c] + dcdp[c] -> adp[c] + dctp[c]	0.001489	Nucleotide Salvage Pathway	AFE_1929	2
TH	0.1	NDPK5	nucleoside-diphosphate kinase (ATP:dGDP)	atp[c] + dgdp[c] -> adp[c] + dgtp[c]	0.001489	Nucleotide Salvage Pathway	AFE_1929	2
TH	0.1	RNDR3	ribonucleoside-diphosphate reductase (CDP)	cdp[c] + trdrd[c] -> dcdp[c] + h2o[c] + trdox[c]	0.001489	Nucleotide Salvage Pathway	(AFE_2639 and AFE_2638)	2
TH	0.1	RNDR2	ribonucleoside-diphosphate reductase (GDP)	gdp[c] + trdrd[c] -> dgdp[c] + h2o[c] + trdox[c]	0.001489	Nucleotide Salvage Pathway	(AFE_2639 and AFE_2638)	2
TH	0.1	3OAS12	3-oxoacyl-[acyl-carrier-protein] synthase	h[c] + malACP[c] + myrsACP[c] -> 3opalmACP[c] + ACP[c] + co2[c]	0.001294	(Cell Envelope Biosynthesis) or (Fatty acid biosynthesis)	(AFE_0796 or AFE_1910)	3
TH	0.1	3OAR15	3-oxoacyl-(acyl-carrier-protein) reductase	3opalmACP[c] + h[c] + nadph[c] -> 3hpalmACP[c] + nadp[c]	0.001294	(Cell Envelope Biosynthesis) or (Fatty acid biosynthesis)	AFE_1908	3
TH	0.1	EAR15	enoyl-(acyl-carrier-protein) reductase	h[c] + nadph[c] + tpalm2eACP[c] -> nadp[c] + palmACP[c]	0.001294	(Cell Envelope Biosynthesis) or (Fatty acid biosynthesis)	AFE_0420	3
TH	0.1	BHAH15	beta-hydroxyacyl-(acyl-carrier-protein) dehydratase	3hpalmACP[c] -> h2o[c] + tpalm2eACP[c]	0.001294	(Membrane Lipid Metabolism) or (Fatty acid biosynthesis)	AFE_1455	3
TH	0.1	3OAS5	3-oxoacyl-[acyl-carrier-protein] synthase	5 h[c] + 5 malACP[c] + ptACP[c] -> 5 ACP[c] + 5 co2[c] + v3oaACP[c]	0.001194	(Cell Envelope Biosynthesis) or (Fatty acid biosynthesis)	(AFE_0796 or AFE_1910)	3
TH	0.1	3OAR6	3-oxoacyl-(acyl-carrier-protein) reductase	3oxpenACP[c] + h[c] + nadph[c] -> R-3hptACP[c] + nadp[c]	0.001194	(Cell Envelope Biosynthesis) or (Fatty acid biosynthesis)	AFE_1908	3
TH	0.1	3OAR7	3-oxoacyl-(acyl-carrier-protein) reductase	5 h[c] + 5 nadph[c] + v3oaACP[c] -> 5 nadp[c] + v3haACP[c]	0.001194	(Cell Envelope Biosynthesis) or (Fatty acid biosynthesis)	AFE_1908	3
TH	0.1	3OAS28	3-oxoacyl-(acyl-carrier-protein) synthase III	h[c] + malACP[c] + ppcoa[c] -> 3oxpenACP[c] + co2[c] + coa[c]	0.001194	(Cell Envelope Biosynthesis) or (Fatty acid biosynthesis)	AFE_1906	3
TH	0.1	EAR6	enoyl-(acyl-carrier-protein) reductase	2tpenACP[c] + h[c] + nadph[c] -> nadp[c] + ptACP[c]	0.001194	(Cell Envelope Biosynthesis) or (Fatty acid biosynthesis)	AFE_0420	3
TH	0.1	EAR7	enoyl-(acyl-carrier-protein) reductase	5 h[c] + 5 nadph[c] + vtenACP[c] -> 5 nadp[c] + ptdcaACP[c]	0.001194	(Cell Envelope Biosynthesis) or (Fatty acid biosynthesis)	AFE_0420	3
TH	0.1	BHAH6	beta-hydroxyacyl-(acyl-carrier-protein) dehydratase	R-3hptACP[c] -> 2tpenACP[c] + h2o[c]	0.001194	(Membrane Lipid Metabolism) or (Fatty acid biosynthesis)	AFE_1455	3
TH	0.1	BHAH7	beta-hydroxyacyl-(acyl-carrier-protein) dehydratase	v3haACP[c] -> 5 h2o[c] + vtenACP[c]	0.001194	(Membrane Lipid Metabolism) or (Fatty acid biosynthesis)	AFE_1455	3
TH	0.1	MMM	Methylmalonyl-CoA mutase	mmcoa[c] -> succoa[c]	-0.001194	( Alternate Carbon Metabolism ) or ( Methylmalonyl pathway )		1
TH	0.1	MMCD	Methylmalonyl-CoA decarboxylase	h[c] + mmcoa[c] -> co2[c] + ppcoa[c]	0.001194	Alternate Carbon Metabolism		1
TH	0.1	SUCD	succinate dehydrogenase	fum[c] + h[c] + nadh[c] -> nad[c] + succ[c]	0.001179	Citric Acid Cycle	AFE_2550	2
TH	0.1	TDPGDH	dTDPglucose 4,6-dehydratase	dtdpglu[c] -> dtdp4d6dg[c] + h2o[c]	0.001118	Cell Envelope Biosynthesis	AFE_0441	2
TH	0.1	TDPDRE2	dTDP-L-rhamnose synthetase 	dtdp4d6dg[c] + h[c] + nadh[c] -> dtdprmn[c] + nad[c]	0.001118	Cell Envelope Biosynthesis	AFE_3294	2
TH	0.1	3OAS6	3-oxoacyl-[acyl-carrier-protein] synthase	h[c] + malACP[c] + ptdcaACP[c] -> 3oxhepACP[c] + ACP[c] + co2[c]	0.001095	(Cell Envelope Biosynthesis) or (Fatty acid biosynthesis)	(AFE_0796 or AFE_1910)	3
TH	0.1	3OAR8	3-oxoacyl-(acyl-carrier-protein) reductase	3oxhepACP[c] + h[c] + nadph[c] -> R-3hyhepACP[c] + nadp[c]	0.001095	(Cell Envelope Biosynthesis) or (Fatty acid biosynthesis)	AFE_1908	3
TH	0.1	BHAH8	beta-hydroxyacyl-(acyl-carrier-protein) dehydratase	R-3hyhepACP[c] -> h2o[c] + thepcaACP[c]	0.001095	(Membrane Lipid Metabolism) or (Fatty acid biosynthesis)	AFE_1455	3
TH	0.1	DHFR	dihydrofolate reductase	nadp[c] + thf[c] -> dhf[c] + h[c] + nadph[c]	-0.001047	(Cofactor and Prosthetic Group Biosynthesis) or (Tetrahydrofolate biosynthesis)		1
TH	0.1	TMDS	Thymidylate synthase	dump[c] + mlthf[c] -> dhf[c] + dtmp[c]	0.001041	Nucleotide Salvage Pathway		1
TH	0.1	DUTPDP	dUTP diphosphatase	dutp[c] + h2o[c] -> dump[c] + h[c] + ppi[c]	0.001041	Nucleotide Salvage Pathway	AFE_0356	2
TH	0.1	NDPK6	nucleoside-diphosphate kinase (ATP:dUDP)	atp[c] + dudp[c] -> adp[c] + dutp[c] + h[c]	0.001041	Nucleotide Salvage Pathway	AFE_1929	2
TH	0.1	RNDR4	ribonucleoside-diphosphate reductase (UDP)	h[c] + trdrd[c] + udp[c] -> dudp[c] + h2o[c] + trdox[c]	0.001041	Nucleotide Salvage Pathway	(AFE_2639 and AFE_2638)	2
TH	0.1	DTMPK	dTMP kinase	atp[c] + dtmp[c] -> adp[c] + dtdp[c]	0.001041	Nucleotide Salvage Pathway	AFE_1913	2
TH	0.1	NDPK8	nucleoside-diphosphate kinase (ATP:dADP)	atp[c] + dadp[c] -> adp[c] + datp[c]	0.001015	Nucleotide Salvage Pathway	AFE_1929	2
TH	0.1	RNDR1	ribonucleoside-diphosphate reductase (ADP)	adp[c] + trdrd[c] -> dadp[c] + h2o[c] + trdox[c]	0.001015	Nucleotide Salvage Pathway	(AFE_2639 and AFE_2638)	2
TH	1.0	Ex_fe2[e]	fe2+ exchange	fe2[e] -> 	-377.90921	Exchange		
TH	1.0	Ex_fe3[e]	fe3+ exchange	fe3[e] -> 	377.881285	Exchange		
TH	1.0	Htex	h transport	h[p] -> h[e]	-362.697012	Transport, Outer Membrane Porin		1
TH	1.0	Ex_h[e]	h+ exchange	h[e] -> 	-362.697012	Exchange		
TH	1.0	H2Otex	h2o transport	h2o[e] -> h2o[p]	-189.735345	Transport, Outer Membrane Porin		1
TH	1.0	H2Otpp	h2o transport (citoplasm)	h2o[p] -> h2o[c]	-189.735345	Transport, Inner Membrane		1
TH	1.0	Ex_h2o[e]	h2o exchange	h2o[e] -> 	189.735345	Exchange		
TH	1.0	CYT2	cytochrome c/rusticyanin complex	2 fe2[e] + rust[p] -> 2 fe3[e] + rustred[p]	188.947621	Oxidative Phosphorylation	(AFE_3153)	3
TH	1.0	CYTAA31	cytochrome c oxidase, aa3-type	cytccr[p] + 2 h[c] + 0.5 o2[c] -> cytcco[p] + h2o[c]	181.181073	Oxidative Phosphorylation	(AFE_3149 and AFE_3150 and AFE_3148 and AFE_3147)	3
TH	1.0	CYT1	cytochrome c552/rusticyanin complex	cytcco[p] + rustred[p] -> cytccr[p] + rust[p]	181.181073	Oxidative Phosphorylation	(AFE_3152 and AFE_3146)	3
TH	1.0	O2tex	o2 transport	o2[e] -> o2[p]	90.621955	Transport, Outer Membrane Porin		1
TH	1.0	O2tpp	o2 transport (citoplasm)	o2[p] -> o2[c]	90.621955	Transport, Inner Membrane		1
TH	1.0	Ex_o2[e]	o2 exchange	o2[e] -> 	-90.621955	Exchange		
TH	1.0	ATPS5rpp	ATP synthase (five protons for one ATP) (periplasm)	adp[c] + 5 h[p] + pi[c] -> atp[c] + h2o[c] + 4 h[c]	55.577185	Oxidative Phosphorylation	(AFE_3205 and AFE_3209 and AFE_3202 and AFE_3203 and AFE_3208 and AFE_3207 and AFE_3204 and AFE_3206)	3
TH	1.0	NADHI	NADH dehydrogenase (ubiquinone-8 & 5 protons) (periplasm)	5 h[p] + nad[c] + q8h2[c] -> 6 h[c] + nadh[c] + q8[c]	8.830802	Oxidative Phosphorylation	(AFE_2630 and AFE_2629 and AFE_2628 and AFE_2627 and AFE_2626 and AFE_2625 and AFE_2624 and AFE_2623 and AFE_2622 and AFE_2621 and AFE_2620 and AFE_2619 and AFE_2618 and AFE_2617)	3
TH	1.0	CYTBC1	cytochrome oxidase bc1 (5 protons) (periplasm)	cytcAr[p] + 5 h[p] + q8[c] -> cytcAo[p] + 5 h[c] + q8h2[c]	7.766548	Oxidative Phosphorylation	((AFE_3108 and AFE_3109 and AFE_3110 and AFE_3111) or (AFE_2729 and AFE_2730 and AFE_2731))	3
TH	1.0	CYTA2	cytochrome c4/rusticyanin complex	cytcAo[p] + rustred[p] -> cytcAr[p] + rust[p]	7.766548	Oxidative Phosphorylation	(AFE_3107 and AFE_3146)	3
TH	1.0	ATPM	ATP maintenance requirement	atp[c] + h2o[c] -> adp[c] + h[c] + pi[c]	3.475	Unassigned		1
TH	1.0	GAPD1	glyceraldehyde-3-phosphate dehydrogenase	13dpg[c] + h[c] + nadh[c] -> g3p[c] + nad[c] + pi[c]	2.965869	(Glycolysis/Gluconeogenesis) or (Calvin-Benson-Bassham Cycle)	AFE_3251	2
TH	1.0	PGK	phosphoglycerate kinase	3pg[c] + atp[c] -> 13dpg[c] + adp[c]	2.965869	(Glycolysis/Gluconeogenesis) or (Calvin-Benson-Bassham Cycle)	AFE_3250	2
TH	1.0	NADTRHD	NAD transhydrogenase	h[p] + nadh[c] + nadp[c] -> h[c] + nad[c] + nadph[c]	2.909729	Oxidative Phosphorylation		1
TH	1.0	RUBISCO	Ribulose-bisphosphate carboxylase	co2[c] + h2o[c] + rb15bp[c] -> 2 3pg[c] + 2 h[c]	2.662787	(CO2 fixation) or (Rubisco Shunt) or (Calvin-Benson-Bassham Cycle)	(AFE_2155 or AFE_0434 or (AFE_3051 and AFE_3052) or (AFE_1690 and AFE_1691))	3
TH	1.0	PRUK	Phosphoribulokinase	atp[c] + ru5p-D[c] -> adp[c] + h[c] + rb15bp[c]	2.662787	(Pentose Phosphate Pathway) or (Calvin-Benson-Bassham Cycle)	AFE_0536	2
TH	1.0	CYTK1	cytidylate kinase (CMP)	atp[c] + cmp[c] -> adp[c] + cdp[c]	2.158283	Nucleotide Salvage Pathway	AFE_0902	2
TH	1.0	NDPK3	nucleoside-diphosphate kinase (ATP:CDP)	atp[c] + cdp[c] -> adp[c] + ctp[c]	2.1537	Nucleotide Salvage Pathway	AFE_1929	2
TH	1.0	CYTDK1	cytidine kinase (ATP)	atp[c] + cytd[c] -> adp[c] + cmp[c] + h[c]	2.134892	Nucleotide Salvage Pathway		1
TH	1.0	CYTD	cytidine deaminase	cytd[c] + h2o[c] + h[c] -> nh4[c] + uri[c]	-2.134892	Nucleotide Salvage Pathway		1
TH	1.0	UPPRT	uracil phosphoribosyltransferase	ppi[c] + ump[c] -> prpp[c] + ura[c]	2.134892	Purine and Pyrimidine Biosynthesis	AFE_3060	2
TH	1.0	URIP	uridine phosphorylase	pi[c] + uri[c] -> r1p[c] + ura[c]	-2.134892	Nucleotide Salvage Pathway		1
TH	1.0	ENO	enolase	2pg[c] -> h2o[c] + pep[c]	2.110547	Glycolysis/Gluconeogenesis	(AFE_1800 or AFE_0849)	2
TH	1.0	PGM1	phosphoglycerate mutase	3pg[c] -> 2pg[c]	2.110547	Glycolysis/Gluconeogenesis	(AFE_1815 or AFE_0155 or AFE_0526 or AFE_0621)	2
TH	1.0	CTPS2	CTP synthase (glutamine)	atp[c] + gln-L[c] + h2o[c] + utp[c] -> adp[c] + ctp[c] + glu-L[c] + 2 h[c] + pi[c]	-2.095231	Purine and Pyrimidine Biosynthesis	AFE_0847	2
TH	1.0	URIDK	uridylate kinase	atp[c] + ump[c] -> adp[c] + udp[c]	-2.06553	Purine and Pyrimidine Biosynthesis	AFE_1446	2
TH	1.0	NDPK2	nucleoside-diphosphate kinase (ATP:UDP)	atp[c] + udp[c] -> adp[c] + utp[c]	-2.061819	Nucleotide Salvage Pathway	AFE_1929	2
TH	1.0	PUNP3	guanosine phosphorylase 	gsn[c] + pi[c] -> gua[c] + r1p[c]	2.060789	Nucleotide Salvage Pathway		1
TH	1.0	GSNK	guanosine kinase	atp[c] + gsn[c] -> adp[c] + gmp[c] + h[c]	-2.060789	Nucleotide Salvage Pathway		1
TH	1.0	GUAPRT	guanine phosphoribosyltransferase	gmp[c] + ppi[c] -> gua[c] + prpp[c]	-2.060789	Nucleotide Salvage Pathway	AFE_0364	2
TH	1.0	HCO3tex	hco3 transport	h2co3[e] -> h2co3[p]	2.0	Transport, Outer Membrane Porin		1
TH	1.0	HCO3tpp	hco3 transport (citoplasm)	h2co3[p] -> h[c] + hco3[c]	2.0	Transport, Inner Membrane		1
TH	1.0	Ex_h2co3[e]	h3co3 exchange	h2co3[e] -> 	-2.0	Exchange		
TH	1.0	RPE	ribulose 5-phosphate 3-epimerase	ru5p-D[c] -> xu5p-D[c]	-1.921966	(Pentose Phosphate Pathway) or (Calvin-Benson-Bassham Cycle)	AFE_3247	2
TH	1.0	GLUSy	glutamate synthase (NADPH)	akg[c] + gln-L[c] + h[c] + nadph[c] -> 2 glu-L[c] + nadp[c]	1.650236	Glutamate Metabolism	(AFE_0730 and AFE_0729)	4
TH	1.0	HCO3E	HCO3 equilibration reaction	co2[c] + h2o[c] -> h[c] + hco3[c]	-1.606879	(CO2 fixation) or (Rubisco Shunt) or (Calvin-Benson-Bassham Cycle)	AFE_0287	2
TH	1.0	PYK	pyruvate kinase	adp[c] + h[c] + pep[c] -> atp[c] + pyr[c]	1.32363	Glycolysis/Gluconeogenesis	(AFE_0749 or AFE_1801 or AFE_3249)	2
TH	1.0	N2tex	n2 transport	n2[e] -> n2[p]	1.064258	Transport, Outer Membrane Porin		1
TH	1.0	N2tpp	n2 transport (citoplasm)	n2[p] -> n2[c]	1.064258	Transport, Inner Membrane		1
TH	1.0	HYD3pp	hydrogenase III	h2[c] + 2 h[c] + q8[c] -> 2 h[p] + q8h2[c]	1.064258	Hydrogen and Formate Utilization	(AFE_0937 and AFE_0938 and AFE_0939 and AFE_0940)	2
TH	1.0	NITF	sulfide quinone reductase	16 atp[c] + 16 h2o[c] + n2[c] + 4 nadh[c] -> 16 adp[c] + h2[c] + 10 h[c] + 4 nad[c] + 2 nh4[c] + 16 pi[c]	1.064258	Nitrogen fixation	(AFE_1515 and AFE_1516 and AFE_1517 and AFE_1518 and AFE_1519 and AFE_1520 and AFE_1521 and AFE_1522)	3
TH	1.0	Ex_n2[e]	n2 exchange	n2[e] -> 	-1.064258	Exchange		
TH	1.0	BDGK	Glucokinase 	atp[c] + glc-B[c] -> adp[c] + g6p-B[c] + h[c]	0.999992	Glycolysis/Gluconeogenesis		1
TH	1.0	Ex_glc-B[e]	beta-D-Glucose exchange	glc-B[e] -> 	-0.999992	hypothetical glucose uptake		
TH	1.0	GLCtex	glucose outer porin	glc-B[e] -> glc-B[p]	0.999992	hypothetical glucose uptake		
TH	1.0	GLCtpp	glucose H+ symport inner transport	glc-B[p] + h[p] -> glc-B[c] + h[c]	0.999992	hypothetical glucose uptake		
TH	1.0	TPI	triose-phosphate isomerase	g3p[c] -> dhap[c]	0.996534	(Glycolysis/Gluconeogenesis) or (Calvin-Benson-Bassham Cycle)	AFE_2633	2
TH	1.0	TKT1	transketolase	e4p[c] + xu5p-D[c] -> f6p-B[c] + g3p[c]	-0.994448	(Pentose Phosphate Pathway) or (Calvin-Benson-Bassham Cycle)	(AFE_1843 and AFE_3252)	2
TH	1.0	PGI1	glucose-6-phosphate isomerase	g6p-B[c] -> f6p-B[c]	0.961148	Glycolysis/Gluconeogenesis	AFE_2924	2
TH	1.0	FBA3	Sedoheptulose 1,7-bisphosphate D-glyceraldehyde-3-phosphate-lyase	dhap[c] + e4p[c] -> s17bp[c]	0.927758	(Pentose Phosphate Pathway) or (Calvin-Benson-Bassham Cycle)	(AFE_1676 and AFE_3248)	2
TH	1.0	SBPASE	Sedoheptulose-bisphosphatase	h2o[c] + s17bp[c] -> pi[c] + s7p[c]	0.927758	(Pentose Phosphate Pathway) or (Calvin-Benson-Bassham Cycle)	AFE_3253	2
TH	1.0	TKT2	transketolase	g3p[c] + s7p[c] -> r5p[c] + xu5p-D[c]	0.927518	(Pentose Phosphate Pathway) or (Calvin-Benson-Bassham Cycle)	(AFE_1843 and AFE_3252)	2
TH	1.0	RPI	ribose-5-phosphate isomerase	r5p[c] -> ru5p-D[c]	0.756836	(Pentose Phosphate Pathway) or (Calvin-Benson-Bassham Cycle)	AFE_0629	2
TH	1.0	PDH	pyruvate dehydrogenase	coa[c] + nad[c] + pyr[c] -> accoa[c] + co2[c] + nadh[c]	0.654688	Glycolysis/Gluconeogenesis	(AFE_3070 and AFE_3069 and AFE_3068)	2
TH	1.0	PPA	inorganic diphosphatase	h2o[c] + ppi[c] -> h[c] + 2 pi[c]	0.641431	Anaplerotic Reactions	AFE_0492	2
TH	1.0	PPC	phosphoenolpyruvate carboxylase	co2[c] + h2o[c] + pep[c] -> h[c] + oaa[c] + pi[c]	0.63213	Anaplerotic Reactions	AFE_1810	2
TH	1.0	ASPTA	aspartate transaminase	akg[c] + asp-L[c] -> glu-L[c] + oaa[c]	-0.515494	Alanine and Aspartate Metabolism	AFE_2022	2
TH	1.0	ADK1	Adenylate kinase	amp[c] + atp[c] -> 2 adp[c]	0.46733	Nucleotide Salvage Pathway	AFE_0348	2
TH	1.0	ACCOAC	Acetyl-CoA carboxylase	accoa[c] + atp[c] + hco3[c] -> adp[c] + h[c] + malcoa[c] + pi[c]	0.27235	(Membrane Lipid Metabolism) or (Fatty Acid Biosynthesis)	(AFE_1462 or AFE_0196 or AFE_0195 or AFE_2067)	2
TH	1.0	MCOATA	Malonyl-CoA-ACP transacylase	ACP[c] + malcoa[c] -> coa[c] + malACP[c]	0.27235	(Membrane Lipid Metabolism) or (Fatty acid biosynthesis)	AFE_1907	3
TH	1.0	PGCD	phosphoglycerate dehydrogenase	3pg[c] + nad[c] -> 3php[c] + h[c] + nadh[c]	0.249167	Glycine and Serine Metabolism	AFE_0896	2
TH	1.0	PSP_L	phosphoserine phosphatase (L-serine)	h2o[c] + pser-L[c] -> pi[c] + ser-L[c]	0.249167	Glycine and Serine Metabolism	AFE_0368	2
TH	1.0	PSERT	phosphoserine transaminase	akg[c] + pser-L[c] -> 3php[c] + glu-L[c]	-0.249167	Glycine and Serine Metabolism	AFE_0895	2
TH	1.0	VALTA2	valine transaminase	akg[c] + val-L[c] -> 3mob[c] + glu-L[c]	-0.236421	Valine, Leucine, and Isoleucine Metabolism	AFE_0547	2
TH	1.0	ACONT1	aconitase (half-reaction A, Citrate hydro-lyase)	cit[c] -> acon-C[c] + h2o[c]	0.22932	Citric Acid Cycle	AFE_0423	2
TH	1.0	ACONT2	aconitase (half-reaction B, Isocitrate hydro-lyase)	acon-C[c] + h2o[c] -> icit[c]	0.22932	Citric Acid Cycle	AFE_0423	2
TH	1.0	CS	citrate synthase	accoa[c] + h2o[c] + oaa[c] -> cit[c] + coa[c] + h[c]	0.22932	Citric Acid Cycle	AFE_3065	2
TH	1.0	ICDHyr	isocitrate dehydrogenase (NADP)	icit[c] + nadp[c] -> akg[c] + co2[c] + nadph[c]	0.22932	Citric Acid Cycle	AFE_0424	2
TH	1.0	ASPK	Aspartate kinase	asp-L[c] + atp[c] -> 4pasp[c] + adp[c]	0.22414	Threonine and Lysine Metabolism	AFE_0407	2
TH	1.0	ASAD	aspartate-semialdehyde dehydrogenase	aspsa[c] + nadp[c] + pi[c] -> 4pasp[c] + h[c] + nadph[c]	-0.22414	Threonine and Lysine Metabolism	AFE_2074	2
TH	1.0	Afe_biomass_mc507_WT_139p0M	Afe biomass objective function (mc507) - WT - with 139 GAM estimate	2e-05 10fthf[c] + 2e-05 5mthf[c] + 3e-05 accoa[c] + 0.66 ala-L[c] + 2e-05 amet[c] + 0.28 arg-L[c] + 0.27 asn-L[c] + 0.27 asp-L[c] + 139.1 atp[c] + 0.087 ca2[c] + 2e-05 chor[c] + 2e-05 coa[c] + 0.13 ctp[c] + 0.001 cu2[c] + 0.015 datp[c] + 0.022 dctp[c] + 0.022 dgtp[c] + 0.015 dttp[c] + 2e-05 fad[c] + 0.067 fe2[c] + 0.067 fe3[c] + 0.26 gln-L[c] + 0.26 glu-L[c] + 0.55 gly[c] + 0.15 glycogen[c] + 2e-05 gthrd[c] + 0.14 gtp[c] + 139 h2o[c] + 2e-05 hemeO[c] + 0.24 his-L[c] + 0.29 ile-L[c] + 0.046 k[c] + 0.51 leu-L[c] + 0.024 lps_AFE[c] + 0.33 lys-L[c] + 0.17 met-L[c] + 0.24 mg2[c] + 2e-05 mlthf[c] + 0.03 mn2[c] + 0.013 murein5px4p[c] + 0.14 na1[c] + 0.00019 nad[c] + 1e-05 nadp[c] + 4e-05 nadph[c] + 0.18 phe-L[c] + 2e-05 pheme[c] + 0.07 ppl_AFE[c] + 0.27 pro-L[c] + 0.00358 ptrc[c] + 2e-05 pydx5p[c] + 2e-05 q8h2[c] + 2e-05 ribflv[c] + 0.23 ser-L[c] + 2e-05 sheme[c] + 0.09 so4[c] + 0.00073 spmd[c] + 1e-05 succoa[c] + 2e-05 thf[c] + 2e-05 thmpp[c] + 0.26 thr-L[c] + 0.14 tyr-L[c] + 1e-05 udcpdp[c] + 0.094 utp[c] + 0.41 val-L[c] + 0.002 zn2[c] -> 139 adp[c] + bio[c] + 139 h[c] + 139 pi[c] + 0.531 ppi[c]	0.208304	Exchange		3
TH	1.0	BIOMASStpp		bio[c] -> bio[p]	0.208304	Transport, Inner Membrane		1
TH	1.0	BIOMASStex		bio[p] -> bio[e]	0.208304	Transport, Outer Membrane Porin		1
TH	1.0	Ex_bio[e]	biomass exchange	bio[e] -> 	0.208304	Exchange		
TH	1.0	GHMT2	glycine hydroxymethyltransferase, reversible	ser-L[c] + thf[c] -> gly[c] + h2o[c] + mlthf[c]	0.192779	Glycine and Serine Metabolism	AFE_0295	2
TH	1.0	ACLS	acetolactate synthase	h[c] + 2 pyr[c] -> alac-S[c] + co2[c]	0.191652	Valine, Leucine, and Isoleucine Metabolism	(AFE_0745 and AFE_0746)	2
TH	1.0	KARA1	ketol-acid reductoisomerase (2,3-dihydroxy-3-methylbutanoate)	23dhmb[c] + nadp[c] -> alac-S[c] + h[c] + nadph[c]	-0.191652	Valine, Leucine, and Isoleucine Metabolism	AFE_0747	2
TH	1.0	DHAD1	dihydroxy-acid dehydratase (2,3-dihydroxy-3-methylbutanoate)	23dhmb[c] -> 3mob[c] + h2o[c]	0.191652	Valine, Leucine, and Isoleucine Metabolism	(AFE_1673 and AFE_0662)	2
TH	1.0	PRPPS	phosphoribosylpyrophosphate synthetase	atp[c] + r5p[c] -> amp[c] + h[c] + prpp[c]	0.170682	Histidine Metabolism	AFE_2766	2
TH	1.0	MTHFD1	methylenetetrahydrofolate dehydrogenase (NADP)	mlthf[c] + nadp[c] -> methf[c] + nadph[c]	0.165871	Folate Metabolism	AFE_1877	2
TH	1.0	MTHFC	methenyltetrahydrofolate cyclohydrolase	h2o[c] + methf[c] -> 10fthf[c] + h[c]	0.165871	Folate Metabolism	AFE_1877	2
TH	1.0	VALTA1	valine transaminase	pyr[c] + val-L[c] -> 3mob[c] + ala-L[c]	0.151016	Valine, Leucine, and Isoleucine Metabolism		1
TH	1.0	HSDy	homoserine dehydrogenase (NADPH)	hom-L[c] + nadp[c] -> aspsa[c] + h[c] + nadph[c]	-0.149983	Threonine and Lysine Metabolism	AFE_0473	2
TH	1.0	Pitex	pi transport	pi[p] -> pi[e]	-0.142106	Transport, Outer Membrane Porin		1
TH	1.0	Pitpp	Phosphate ABC transporter	atp[c] + h2o[c] + pi[p] -> adp[c] + h[c] + 2 pi[c]	0.142106	Transport, Inner Membrane	((AFE_1939 and AFE_1940 and AFE_1941) or (AFE_1434 and AFE_1435 and AFE_1436 and AFE_1437 and AFE_1438 and AFE_1439 and AFE_1440 and AFE_1441))	2
TH	1.0	Ex_pi[e]	phosphate exchange	pi[e] -> 	-0.142106	Exchange		
TH	1.0	CBPS	carbamoyl-phosphate synthase (glutamine-hydrolysing)	2 atp[c] + gln-L[c] + h2o[c] + hco3[c] -> 2 adp[c] + cbp[c] + glu-L[c] + 2 h[c] + pi[c]	0.120772	Arginine and Proline Metabolism	(AFE_0640 and AFE_0639)	2
TH	1.0	HMSK	Homoserine kinase 	atp[c] + hom-L[c] -> adp[c] + h[c] + phom[c]	0.114567	Threonine and Lysine Metabolism	AFE_3097	2
TH	1.0	THRS	threonine synthase	h2o[c] + phom[c] -> pi[c] + thr-L[c]	0.114567	Threonine and Lysine Metabolism	AFE_0474	2
TH	1.0	FUM	fumarase	mal-L[c] -> fum[c] + h2o[c]	-0.112685	Citric Acid Cycle	AFE_2673	2
TH	1.0	MDH	malate dehydrogenase	mal-L[c] + nad[c] -> h[c] + nadh[c] + oaa[c]	0.112685	Citric Acid Cycle	AFE_3000	2
TH	1.0	AICART	phosphoribosylaminoimidazolecarboxamide formyltransferase	10fthf[c] + aicar[c] -> fprica[c] + thf[c]	0.108029	Purine and Pyrimidine Biosynthesis	AFE_2260	2
TH	1.0	IMPC	IMP cyclohydrolase	h2o[c] + imp[c] -> fprica[c]	-0.108029	Purine and Pyrimidine Biosynthesis	AFE_2260	2
TH	1.0	OMCDC	2-Oxo-4-methyl-3-carboxypentanoate decarboxylation (spontaneous)	3c4mop[c] + h[c] -> 4mop[c] + co2[c]	0.106235	Valine, Leucine, and Isoleucine Metabolism		1
TH	1.0	LEUTA	leucine transaminase	akg[c] + leu-L[c] -> 4mop[c] + glu-L[c]	-0.106235	Valine, Leucine, and Isoleucine Metabolism	AFE_0547	2
TH	1.0	IPPS	2-isopropylmalate synthase	3mob[c] + accoa[c] + h2o[c] -> 3c3hmp[c] + coa[c] + h[c]	0.106235	Valine, Leucine, and Isoleucine Metabolism	(AFE_2596 and AFE_1989)	2
TH	1.0	IPMD	3-isopropylmalate dehydrogenase	3c2hmp[c] + nad[c] -> 3c4mop[c] + h[c] + nadh[c]	0.106235	Valine, Leucine, and Isoleucine Metabolism	AFE_2075	4
TH	1.0	IPPMIa	3-isopropylmalate dehydratase	3c3hmp[c] -> 3c2hmp[c]	0.106235	Valine, Leucine, and Isoleucine Metabolism	(AFE_0624 and AFE_0626)	2
TH	1.0	SUCOAS	succinyl-CoA synthetase (ADP-forming)	atp[c] + coa[c] + succ[c] -> adp[c] + pi[c] + succoa[c]	0.077833	Citric Acid Cycle	(AFE_0427 and AFE_0425)	2
TH	1.0	INSK	insosine kinase	atp[c] + ins[c] -> adp[c] + h[c] + imp[c]	-0.074259	Nucleotide Salvage Pathway		1
TH	1.0	ADA	Adenosine deaminase	adn[c] + h2o[c] + h[c] -> ins[c] + nh4[c]	-0.074259	Nucleotide Salvage Pathway	AFE_0773	2
TH	1.0	ADPT	adenine phosphoribosyltransferase	amp[c] + ppi[c] -> ade[c] + prpp[c]	-0.074255	Nucleotide Salvage Pathway	AFE_0540	2
TH	1.0	SDPTA	succinyldiaminopimelate transaminase	akg[c] + sl26da[c] -> glu-L[c] + sl2a6o[c]	-0.074156	Threonine and Lysine Metabolism	AFE_1821	2
TH	1.0	DHDPS	dihydrodipicolinate synthase	aspsa[c] + pyr[c] -> 23dhdp[c] + 2 h2o[c] + h[c]	0.074156	Threonine and Lysine Metabolism	AFE_2358	2
TH	1.0	DHDPRy	dihydrodipicolinate reductase (NADPH)	nadp[c] + thdp[c] -> 23dhdp[c] + h[c] + nadph[c]	-0.074156	Threonine and Lysine Metabolism	AFE_2663	2
TH	1.0	THDPS	tetrahydrodipicolinate succinylase	h2o[c] + succoa[c] + thdp[c] -> coa[c] + sl2a6o[c]	0.074156	Threonine and Lysine Metabolism	AFE_1820	2
TH	1.0	SDPDS	succinyl-diaminopimelate desuccinylase	h2o[c] + sl26da[c] -> 26dap-LL[c] + succ[c]	0.074156	Threonine and Lysine Metabolism	AFE_1819	2
TH	1.0	DAPE	diaminopimelate epimerase	26dap-LL[c] -> 26dap-M[c]	0.074156	Threonine and Lysine Metabolism	AFE_2743	2
TH	1.0	PUNP1	purine-nucleoside phosphorylase (Adenosine)	adn[c] + pi[c] -> ade[c] + r1p[c]	0.074103	Nucleotide Salvage Pathway		1
TH	1.0	DAPDC	diaminopimelate decarboxylase	26dap-M[c] + h[c] -> co2[c] + lys-L[c]	0.06874	Threonine and Lysine Metabolism	AFE_3279	2
TH	1.0	DDPA	2-dehydro-3-deoxyphosphoheptonate aldolase	e4p[c] + h2o[c] + pep[c] -> 2dda7p[c] + pi[c]	0.066687	Tyrosine, Tryptophan, and Phenylalanine Metabolism	(AFE_2671 or AFE_0899)	2
TH	1.0	SHKK	shikimate-kinase	atp[c] + skm[c] -> adp[c] + h[c] + skm5p[c]	0.066687	(Tyrosine, Tryptophan, and Phenylalanine Metabolism) or (Chorismate Biosynthesis)	AFE_0734	2
TH	1.0	PSCVT	3-phosphoshikimate 1-carboxyvinyltransferase	pep[c] + skm5p[c] -> 3psme[c] + pi[c]	0.066687	Tyrosine, Tryptophan, and Phenylalanine Metabolism	AFE_0901	2
TH	1.0	DHQS	3-dehydroquinate synthase	2dda7p[c] -> 3dhq[c] + pi[c]	0.066687	Tyrosine, Tryptophan, and Phenylalanine Metabolism	AFE_0733	2
TH	1.0	CHORS	chorismate synthase	3psme[c] -> chor[c] + pi[c]	0.066687	Tyrosine, Tryptophan, and Phenylalanine Metabolism	AFE_1972	2
TH	1.0	SHK3D	shikimate dehydrogenase	nadp[c] + skm[c] -> 3dhsk[c] + h[c] + nadph[c]	-0.066687	Tyrosine, Tryptophan, and Phenylalanine Metabolism	AFE_0182	2
TH	1.0	DHQT	3-dehydroquinate dehydratase, irreversible	3dhq[c] -> 3dhsk[c] + h2o[c]	0.066687	Tyrosine, Tryptophan, and Phenylalanine Metabolism	AFE_0197	2
TH	1.0	CHORM	chorismate mutase	chor[c] -> pphn[c]	0.066662	Tyrosine, Tryptophan, and Phenylalanine Metabolism	AFE_0897	2
TH	1.0	ASPCT	aspartate carbamoyltransferase	asp-L[c] + cbp[c] -> cbasp[c] + h[c] + pi[c]	0.062446	Purine and Pyrimidine Biosynthesis	AFE_3059	2
TH	1.0	DHORTS	dihydroorotase	cbasp[c] + h[c] -> dhor-S[c] + h2o[c]	0.062446	Purine and Pyrimidine Biosynthesis	(AFE_1672 and AFE_3058 and AFE_1463)	2
TH	1.0	DHORD	dihydoorotic acid dehydrogenase (quinone8)	dhor-S[c] + o2[c] -> h2o2[c] + orot[c]	0.062446	Purine and Pyrimidine Biosynthesis	AFE_2264	2
TH	1.0	ORPT	orotate phosphoribosyltransferase	orot[c] + prpp[c] -> orot5p[c] + ppi[c]	0.062446	Purine and Pyrimidine Biosynthesis	AFE_0908	2
TH	1.0	OMPDC	orotidine-5-phosphate decarboxylase	h[c] + orot5p[c] -> co2[c] + ump[c]	0.062446	Purine and Pyrimidine Biosynthesis	AFE_0907	2
TH	1.0	THRD_L	L-threonine deaminase	thr-L[c] -> 2obut[c] + nh4[c]	0.060408	Valine, Leucine, and Isoleucine Metabolism	AFE_0722	2
TH	1.0	ACHBS	2-aceto-2-hydroxybutanoate synthase	2obut[c] + h[c] + pyr[c] -> 2ahbut[c] + co2[c]	0.060408	Valine, Leucine, and Isoleucine Metabolism	(AFE_0745 and AFE_0746)	2
TH	1.0	KARA2	ketol-acid reductoisomerase (2-Acetolactate)	2ahbut[c] + h[c] + nadph[c] -> 23dhmp[c] + nadp[c]	0.060408	Valine, Leucine, and Isoleucine Metabolism	AFE_0747	2
TH	1.0	DHAD2	Dihydroxy-acid dehydratase (2,3-dihydroxy-3-methylpentanoate)	23dhmp[c] -> 3mop[c] + h2o[c]	0.060408	Valine, Leucine, and Isoleucine Metabolism	(AFE_1673 or AFE_0662)	2
TH	1.0	ILETA	isoleucine transaminase	akg[c] + ile-L[c] -> 3mop[c] + glu-L[c]	-0.060408	Valine, Leucine, and Isoleucine Metabolism	AFE_0547	2
TH	1.0	ACGK	acetylglutamate kinase	acglu[c] + atp[c] -> acg5p[c] + adp[c]	0.059223	Arginine and Proline Metabolism	AFE_0256	2
TH	1.0	AGPR	N-acetyl-g-glutamyl-phosphate reductase	acg5sa[c] + nadp[c] + pi[c] -> acg5p[c] + h[c] + nadph[c]	-0.059223	Arginine and Proline Metabolism	AFE_3073	2
TH	1.0	ACOTA	acetylornithine transaminase	acorn[c] + akg[c] -> acg5sa[c] + glu-L[c]	-0.059223	Arginine and Proline Metabolism	AFE_0406	2
TH	1.0	GLAT	glutamate N-acetyltransferase	acorn[c] + glu-L[c] -> acglu[c] + orn[c]	0.059223	Arginine and Proline Metabolism	AFE_0664	2
TH	1.0	OCBT	ornithine carbamoyltransferase	cbp[c] + orn[c] -> citr-L[c] + h[c] + pi[c]	0.058325	Arginine and Proline Metabolism	AFE_0405	2
TH	1.0	ARGSS	argininosuccinate synthase	asp-L[c] + atp[c] + citr-L[c] -> amp[c] + argsuc[c] + h[c] + ppi[c]	0.058325	Arginine and Proline Metabolism	AFE_0404	2
TH	1.0	ARGSL	argininosuccinate lyase	argsuc[c] -> arg-L[c] + fum[c]	0.058325	Arginine and Proline Metabolism	AFE_3277	2
TH	1.0	PRAGS	phosphoribosylglycinamide synthase	atp[c] + gly[c] + pram[c] -> adp[c] + gar[c] + h[c] + pi[c]	0.05804	Purine and Pyrimidine Biosynthesis	AFE_2261	2
TH	1.0	GLUPRT	glutamine phosphoribosyldiphosphate amidotransferase	gln-L[c] + h2o[c] + prpp[c] -> glu-L[c] + ppi[c] + pram[c]	0.05804	Purine and Pyrimidine Biosynthesis	AFE_2064	2
TH	1.0	PRFGS	phosphoribosylformylglycinamidine synthase	atp[c] + fgam[c] + gln-L[c] + h2o[c] -> adp[c] + fpram[c] + glu-L[c] + h[c] + pi[c]	0.05804	Purine and Pyrimidine Biosynthesis	AFE_2354	2
TH	1.0	PRAIS	phosphoribosylaminoimidazole synthase	atp[c] + fpram[c] -> adp[c] + air[c] + 2 h[c] + pi[c]	0.05804	Purine and Pyrimidine Biosynthesis	AFE_1897	2
TH	1.0	ADSL2	adenylosuccinate lyase	25aics[c] -> aicar[c] + fum[c]	0.058036	Purine and Pyrimidine Biosynthesis	AFE_2356	2
TH	1.0	PRASCS	phosphoribosylaminoimidazolesuccinocarboxamide synthase	5aizc[c] + asp-L[c] + atp[c] -> 25aics[c] + adp[c] + h[c] + pi[c]	0.058036	Purine and Pyrimidine Biosynthesis	AFE_2355	2
TH	1.0	AIRC	Phosphoribosylaminoimidazole carboxylase	5aizc[c] + h[c] -> air[c] + co2[c]	-0.058036	Purine and Pyrimidine Biosynthesis	(AFE_0273 and AFE_0272)	2
TH	1.0	GARFT	phosphoribosylglycinamide formyltransferase	10fthf[c] + gar[c] -> fgam[c] + h[c] + thf[c]	0.057838	Purine and Pyrimidine Biosynthesis	(AFE_1896 or AFE_2023)	2
TH	1.0	G5SADs	L-glutamate 5-semialdehyde dehydratase (spontaneous)	glu5sa[c] -> 1pyr5c[c] + h2o[c] + h[c]	0.056242	Arginine and Proline Metabolism		1
TH	1.0	ASNS1	asparagine synthase (glutamine-hydrolysing)	asp-L[c] + atp[c] + gln-L[c] + h2o[c] -> amp[c] + asn-L[c] + glu-L[c] + h[c] + ppi[c]	0.056242	Alanine and Aspartate Metabolism	AFE_1353	2
TH	1.0	P5CR	pyrroline-5-carboxylate reductase	nadp[c] + pro-L[c] -> 1pyr5c[c] + 2 h[c] + nadph[c]	-0.056242	Arginine and Proline Metabolism	AFE_0262	2
TH	1.0	G5SD	glutamate-5-semialdehyde dehydrogenase	glu5sa[c] + nadp[c] + pi[c] -> glu5p[c] + h[c] + nadph[c]	-0.056242	Arginine and Proline Metabolism	AFE_0454	2
TH	1.0	GLU5K	glutamate 5-kinase	atp[c] + glu-L[c] -> adp[c] + glu5p[c]	0.056242	Arginine and Proline Metabolism	(AFE_2464 and AFE_1783 and AFE_0281)	2
TH	1.0	SO4AA1tpp	sulfate ABC transporter	atp[c] + h2o[c] + so4aa[p] -> adp[c] + h[c] + pi[c] + so4[c]	0.054184	(Transport, Inner Membrane) or (Sulfur Metabolism)		2
TH	1.0	SO4AA2tpp	sulfate transport inner membrane	so4aa[p] -> so4aa[e]	-0.054184	Sulfur Metabolism		1
TH	1.0	Ex_so4aa[e]	sulfate exchange	so4aa[e] -> 	-0.054184	Exchange		
TH	1.0	HISTP	Histidinol-phosphatase	h2o[c] + hisp[c] -> histd[c] + pi[c]	0.049993	Histidine Metabolism	AFE_3043	2
TH	1.0	MG2tex	mg2 transport	mg2[e] -> mg2[p]	0.049993	Transport, Outer Membrane Porin		1
TH	1.0	MG2tpp	magnesium-translocating P-type ATPase	atp[c] + h2o[c] + mg2[p] -> adp[c] + h[c] + mg2[c] + pi[c]	0.049993	Transport, Inner Membrane	AFE_2327	2
TH	1.0	PRMICI	1-(5-phosphoribosyl)-5-[(5-phosphoribosylamino)methylideneamino)imidazole-4-carboxamide isomerase	prfp[c] -> prlp[c]	0.049993	Histidine Metabolism	AFE_3045	2
TH	1.0	IGPDH	imidazoleglycerol-phosphate dehydratase	eig3p[c] -> h2o[c] + imacp[c]	0.049993	Histidine Metabolism	AFE_3043	2
TH	1.0	HSTPT	histidinol-phosphate transaminase	glu-L[c] + imacp[c] -> akg[c] + hisp[c]	0.049993	Histidine Metabolism	(AFE_3042 and AFE_0898)	2
TH	1.0	HISTD1	histidinol dehydrogenase	histd[c] + nad[c] -> h[c] + hist-L[c] + nadh[c]	0.049993	Histidine Metabolism	AFE_3041	2
TH	1.0	HISTD2	Histidinal dehydrogenase 	h2o[c] + hist-L[c] + nad[c] -> 2 h[c] + his-L[c] + nadh[c]	0.049993	Histidine Metabolism	AFE_3041	2
TH	1.0	IG3PS	Imidazole-glycerol-3-phosphate synthase	gln-L[c] + prlp[c] -> aicar[c] + eig3p[c] + glu-L[c] + h[c]	0.049993	Histidine Metabolism	(AFE_3046 and AFE_3044)	2
TH	1.0	PRATPP	phosphoribosyl-ATP pyrophosphatase	h2o[c] + prbatp[c] -> h[c] + ppi[c] + prbamp[c]	0.049993	Histidine Metabolism	AFE_3047	2
TH	1.0	PRAMPC	phosphoribosyl-AMP cyclohydrolase	h2o[c] + prbamp[c] -> prfp[c]	0.049993	Histidine Metabolism	AFE_3047	2
TH	1.0	ATPPRT	ATP phosphoribosyltransferase	ppi[c] + prbatp[c] -> atp[c] + prpp[c]	-0.049993	Histidine Metabolism	(AFE_1888 and AFE_3040)	2
TH	1.0	Ex_mg2[e]	mg2+ exchange	mg2[e] -> 	-0.049993	Exchange		
TH	1.0	FBA	fructose-bisphosphate aldolase	fdp[c] -> dhap[c] + g3p[c]	-0.047292	(Glycolysis/Gluconeogenesis) or (Calvin-Benson-Bassham Cycle)	AFE_1802	2
TH	1.0	FBP	fructose-bisphosphatase	fdp[c] + h2o[c] -> f6p-B[c] + pi[c]	0.047292	(Glycolysis/Gluconeogenesis) or (Calvin-Benson-Bassham Cycle)	AFE_0189	2
TH	1.0	MTHFR3	Cobalamin-dependent homocysteine transmethylase	h[c] + mlthf[c] + nadph[c] -> 5mthf[c] + nadp[c]	0.043854	Methionine Metabolism	AFE_0535	2
TH	1.0	METS	5-methyltetrahydrofolate--homocysteine S-methyltransferase	5mthf[c] + hcys-L[c] -> met-L[c] + thf[c]	0.04385	Methionine Metabolism		1
TH	1.0	PGMT	phosphoglucomutase	g1p-B[c] -> g6p-B[c]	-0.038845	Glycolysis/Gluconeogenesis	AFE_2324	2
TH	1.0	GAP2		g1p[c] -> g1p-B[c]	-0.038845	Glycogen Metabolism		1
TH	1.0	ACS	acetyl-CoA synthetase	ac[c] + atp[c] + coa[c] -> accoa[c] + amp[c] + ppi[c]	0.038436	Pyruvate Metabolism	AFE_1969	2
TH	1.0	PPNDH	prephenate dehydratase	h[c] + pphn[c] -> co2[c] + h2o[c] + phpyr[c]	0.037495	Tyrosine, Tryptophan, and Phenylalanine Metabolism	AFE_0897	2
TH	1.0	PHETA1	phenylalanine transaminase	akg[c] + phe-L[c] -> glu-L[c] + phpyr[c]	-0.037495	Tyrosine, Tryptophan, and Phenylalanine Metabolism	AFE_2022	2
TH	1.0	3OAS1	3-oxoacyl-[acyl-carrier-protein] synthase	butACP[c] + h[c] + malACP[c] -> 3ohexACP[c] + ACP[c] + co2[c]	0.035945	(Cell Envelope Biosynthesis) or (Fatty acid biosynthesis)	(AFE_0796 or AFE_1910)	3
TH	1.0	3OAS8	3-oxoacyl-[acyl-carrier-protein] synthase	h[c] + hexACP[c] + malACP[c] -> 3ooctACP[c] + ACP[c] + co2[c]	0.035945	(Cell Envelope Biosynthesis) or (Fatty acid biosynthesis)	(AFE_0796 or AFE_1910)	3
TH	1.0	3OAS9	3-oxoacyl-[acyl-carrier-protein] synthase	h[c] + malACP[c] + ocACP[c] -> 3odecACP[c] + ACP[c] + co2[c]	0.035945	(Cell Envelope Biosynthesis) or (Fatty acid biosynthesis)	(AFE_0796 or AFE_1910)	3
TH	1.0	3OAR1	3-oxoacyl-(acyl-carrier-protein) reductase	actACP[c] + h[c] + nadph[c] -> 3hydbutACP[c] + nadp[c]	0.035945	(Cell Envelope Biosynthesis) or (Fatty acid biosynthesis)	AFE_1908	3
TH	1.0	3OAR10	3-oxoacyl-(acyl-carrier-protein) reductase	3ohexACP[c] + h[c] + nadph[c] -> 3hhexACP[c] + nadp[c]	0.035945	(Cell Envelope Biosynthesis) or (Fatty acid biosynthesis)	AFE_1908	3
TH	1.0	3OAR11	3-oxoacyl-(acyl-carrier-protein) reductase	3ooctACP[c] + h[c] + nadph[c] -> 3hoctACP[c] + nadp[c]	0.035945	(Cell Envelope Biosynthesis) or (Fatty acid biosynthesis)	AFE_1908	3
TH	1.0	3OAR12	3-oxoacyl-(acyl-carrier-protein) reductase	3odecACP[c] + h[c] + nadph[c] -> 3hdecACP[c] + nadp[c]	0.035945	(Cell Envelope Biosynthesis) or (Fatty acid biosynthesis)	AFE_1908	3
TH	1.0	ACOATA	Acetyl-CoA ACP transacylase	ACP[c] + accoa[c] -> acACP[c] + coa[c]	0.035945	(Membrane Lipid Metabolism) or (Fatty acid biosynthesis)		1
TH	1.0	3OAS27	3-oxoacyl-(acyl-carrier-protein) synthase III	acACP[c] + h[c] + malACP[c] -> ACP[c] + actACP[c] + co2[c]	0.035945	(Cell Envelope Biosynthesis) or (Fatty acid biosynthesis)	AFE_1906	3
TH	1.0	EAR1	enoyl-(acyl-carrier-protein) reductase	but2eACP[c] + h[c] + nadph[c] -> butACP[c] + nadp[c]	0.035945	(Cell Envelope Biosynthesis) or (Fatty acid biosynthesis)	AFE_0420	3
TH	1.0	EAR10	enoyl-(acyl-carrier-protein) reductase	h[c] + nadph[c] + thex2eACP[c] -> hexACP[c] + nadp[c]	0.035945	(Cell Envelope Biosynthesis) or (Fatty acid biosynthesis)	AFE_0420	3
TH	1.0	EAR11	enoyl-(acyl-carrier-protein) reductase	h[c] + nadph[c] + toct2eACP[c] -> nadp[c] + ocACP[c]	0.035945	(Cell Envelope Biosynthesis) or (Fatty acid biosynthesis)	AFE_0420	3
TH	1.0	BHAH1	beta-hydroxyacyl-(acyl-carrier-protein) dehydratase	3hydbutACP[c] -> but2eACP[c] + h2o[c]	0.035945	(Membrane Lipid Metabolism) or (Fatty acid biosynthesis)	AFE_1455	3
TH	1.0	BHAH10	beta-hydroxyacyl-(acyl-carrier-protein) dehydratase	3hhexACP[c] -> h2o[c] + thex2eACP[c]	0.035945	(Membrane Lipid Metabolism) or (Fatty acid biosynthesis)	AFE_1455	3
TH	1.0	BHAH11	beta-hydroxyacyl-(acyl-carrier-protein) dehydratase	3hoctACP[c] -> h2o[c] + toct2eACP[c]	0.035945	(Membrane Lipid Metabolism) or (Fatty acid biosynthesis)	AFE_1455	3
TH	1.0	BHAH12	beta-hydroxyacyl-(acyl-carrier-protein) dehydratase	3hdecACP[c] -> h2o[c] + tdec2eACP[c]	0.035945	(Membrane Lipid Metabolism) or (Fatty acid biosynthesis)	AFE_1455	3
TH	1.0	ADSK	adenylyl-sulfate kinase	aps[c] + atp[c] -> adp[c] + h[c] + paps[c]	0.035437	Cysteine Metabolism	AFE_0539	2
TH	1.0	SADT	sulfate adenylate transferase	atp[c] + h[c] + so4[c] -> aps[c] + ppi[c]	0.035437	Sulfur Metabolism	((AFE_2970 and AFE_2971) or (AFE_3124 and AFE_3125))	3
TH	1.0	PAPSR	3-phospho-adenylylsulfate reductase	2 h[c] + paps[c] + trdox[c] -> pap[c] + so3[c] + trdrd[c]	0.035437	Cysteine Metabolism	AFE_3123	2
TH	1.0	SULR2	Sulfite reductase (NADPH)	3 h2o[c] + h2s[c] + 3 nadp[c] -> 5 h[c] + 3 nadph[c] + so3[c]	-0.035437	Cysteine Metabolism	(AFE_3121 and AFE_3122)	2
TH	1.0	BPNT	3,5-bisphosphate nucleotidase	h2o[c] + pap[c] -> amp[c] + pi[c]	0.035437	Cysteine Metabolism	AFE_2973	2
TH	1.0	HACT	O-acetyl-L-homoserine:methanethiol 3-amino-3-carboxypropyltransferase	achms[c] + h2s[c] -> ac[c] + h[c] + hcys-L[c]	0.035416	Methionine Metabolism	AFE_2063	2
TH	1.0	HSERTA	Homoserine O-acetyltransferase	accoa[c] + hom-L[c] -> achms[c] + coa[c]	0.035416	Methionine Metabolism	AFE_0293	2
TH	1.0	GK1	guanylate kinase (GMP:ATP)	atp[c] + gmp[c] -> adp[c] + gdp[c]	0.03377	Nucleotide Salvage Pathway	AFE_0563	2
TH	1.0	GMPS2	GMP synthase	atp[c] + gln-L[c] + h2o[c] + xmp[c] -> amp[c] + glu-L[c] + gmp[c] + 2 h[c] + ppi[c]	0.03377	Purine and Pyrimidine Biosynthesis	AFE_1778	2
TH	1.0	IMPD	IMP dehydrogenase	h2o[c] + imp[c] + nad[c] -> h[c] + nadh[c] + xmp[c]	0.03377	Purine and Pyrimidine Biosynthesis	AFE_1777	2
TH	1.0	CAT	catalase	2 h2o2[c] -> 2 h2o[c] + o2[c]	0.031246	Unassigned		1
TH	1.0	GLCS1	glycogen synthase (ADPGlc)	adpglc[c] -> adp[c] + glycogendeb[c] + h[c]	0.031246	(Glycogen Metabolism) or (Glycolysis/Gluconeogenesis)	AFE_2678	2
TH	1.0	GLBRAN1	1,4-alpha-glucan branching enzyme (glycogen -> bglycogen)	glycogendeb[c] + 2 h[c] -> glycogen[c]	0.031246	(Glycogen Metabolism) or (Glycolysis/Gluconeogenesis)	AFE_2836	2
TH	1.0	GLGC	glucose-1-phosphate adenylyltransferase	atp[c] + g1p[c] + h[c] -> adpglc[c] + ppi[c]	0.031246	(Glycogen Metabolism) or (Glycolysis/Gluconeogenesis)	AFE_2838	2
TH	1.0	FA_PL-ACP-AFE	Fatty Acid formation	0.1 3hmrsACP[c] + 0.07 c190cACP[c] + 0.21 chexcaACP[c] + 0.08 ddcaACP[c] + 0.02 hpdcaACP[c] + 0.02 ocdcaACP[c] + 0.36 octeACP[c] + 0.11 palmACP[c] + 0.01 ptdcaACP[c] + 0.02 thepcaACP[c] -> faplACP[c]	0.030621	(Glycerophospholipid Metabolism) or (Phospholipid synthesis)		3
TH	1.0	NDPK1	nucleoside-diphosphate kinase (ATP:GDP)	atp[c] + gdp[c] -> adp[c] + gtp[c]	0.029268	Nucleotide Salvage Pathway	AFE_1929	2
TH	1.0	TYRTA	tyrosine transaminase	34hpp[c] + glu-L[c] -> akg[c] + tyr-L[c]	0.029167	Tyrosine, Tryptophan, and Phenylalanine Metabolism	AFE_2022	2
TH	1.0	PPND	prephenate dehydrogenase	nad[c] + pphn[c] -> 34hpp[c] + co2[c] + nadh[c]	0.029167	Tyrosine, Tryptophan, and Phenylalanine Metabolism	AFE_0900	2
TH	1.0	NA1tpp	na transport in via proton symport	h[p] + na1[p] -> h[c] + na1[c]	0.029163	Transport, Inner Membrane		1
TH	1.0	G3PD2	glycerol-3-phosphate dehydrogenase (NADP)	dhap[c] + h[c] + nadph[c] -> glyc3p[c] + nadp[c]	0.021435	Alternate Carbon Metabolism	AFE_2126	3
TH	1.0	GHMT3	glycine hydroxymethyltransferase	gly[c] + nad[c] + thf[c] -> co2[c] + mlthf[c] + nadh[c] + nh4[c]	0.020168	Glycine and Serine Metabolism	AFE_0295	2
TH	1.0	TRDR	thioredoxin reductase (NADPH)	nadph[c] + trdrd[c] -> 3 h[c] + nadp[c] + trdox[c]	0.019942	Oxidative Phosphorylation	AFE_0375	2
TH	1.0	3OAS10	3-oxoacyl-[acyl-carrier-protein] synthase	dcaACP[c] + h[c] + malACP[c] -> 3oddecACP[c] + ACP[c] + co2[c]	0.018491	(Cell Envelope Biosynthesis) or (Fatty acid biosynthesis)	(AFE_0796 or AFE_1910)	3
TH	1.0	3OAR13	3-oxoacyl-(acyl-carrier-protein) reductase	3oddecACP[c] + h[c] + nadph[c] -> 3hddecACP[c] + nadp[c]	0.018491	(Cell Envelope Biosynthesis) or (Fatty acid biosynthesis)	AFE_1908	3
TH	1.0	EAR12	enoyl-(acyl-carrier-protein) reductase	h[c] + nadph[c] + tdec2eACP[c] -> dcaACP[c] + nadp[c]	0.018491	(Cell Envelope Biosynthesis) or (Fatty acid biosynthesis)	AFE_0420	3
TH	1.0	EAR13	enoyl-(acyl-carrier-protein) reductase	h[c] + nadph[c] + tddec2eACP[c] -> ddcaACP[c] + nadp[c]	0.018491	(Cell Envelope Biosynthesis) or (Fatty acid biosynthesis)	AFE_0420	3
TH	1.0	BHAH13	beta-hydroxyacyl-(acyl-carrier-protein) dehydratase	3hddecACP[c] -> h2o[c] + tddec2eACP[c]	0.018491	(Membrane Lipid Metabolism) or (Fatty acid biosynthesis)	AFE_1455	3
TH	1.0	CA2tex	ca2 transport (citoplasm)	ca2[e] -> ca2[p]	0.018122	Transport, Outer Membrane Porin		1
TH	1.0	CA2tpp	Na+/Ca+2 symporter (periplasm)	ca2[p] -> ca2[c] + na1[p]	0.018122	Transport, Inner Membrane	AFE_0587	2
TH	1.0	Ex_ca2[e]	calcium exchange	ca2[e] -> 	-0.018122	Exchange		
TH	1.0	T2DECAI	trans-2-decenoyl-(acyl-carrier protein) isomerase 	tdec2eACP[c] -> dec3ACP[c]	0.017454	(Cell Envelope Biosynthesis) or (Fatty acid biosynthesis)		1
TH	1.0	3OAS2	3-oxoacyl-[acyl-carrier-protein] synthase	3cddACP[c] + h[c] + malACP[c] -> ACP[c] + co2[c] + coxtdeACP[c]	0.017454	(Cell Envelope Biosynthesis) or (Fatty acid biosynthesis)	(AFE_0796 or AFE_1910)	3
TH	1.0	3OAS3	3-oxoacyl-[acyl-carrier-protein] synthase	ctdeACP[c] + h[c] + malACP[c] -> ACP[c] + co2[c] + coxhxcsACP[c]	0.017454	(Cell Envelope Biosynthesis) or (Fatty acid biosynthesis)	(AFE_0796 or AFE_1910)	3
TH	1.0	3OAS15	3-oxoacyl-[acyl-carrier-protein] synthase	dec3ACP[c] + h[c] + malACP[c] -> ACP[c] + co2[c] + coxododACP[c]	0.017454	(Cell Envelope Biosynthesis) or (Fatty acid biosynthesis)	(AFE_0796 or AFE_1910)	3
TH	1.0	3OAR2	3-oxoacyl-(acyl-carrier-protein) reductase	coxododACP[c] + h[c] + nadph[c] -> chydodeACP[c] + nadp[c]	0.017454	(Cell Envelope Biosynthesis) or (Fatty acid biosynthesis)	AFE_1908	3
TH	1.0	3OAR3	3-oxoacyl-(acyl-carrier-protein) reductase	coxtdeACP[c] + h[c] + nadph[c] -> chytedeACP[c] + nadp[c]	0.017454	(Cell Envelope Biosynthesis) or (Fatty acid biosynthesis)	AFE_1908	3
TH	1.0	3OAR4	3-oxoacyl-(acyl-carrier-protein) reductase	coxhxcsACP[c] + h[c] + nadph[c] -> chyhecdeACP[c] + nadp[c]	0.017454	(Cell Envelope Biosynthesis) or (Fatty acid biosynthesis)	AFE_1908	3
TH	1.0	EAR2	enoyl-(acyl-carrier-protein) reductase	c2tdodeACP[c] + h[c] + nadph[c] -> 3cddACP[c] + nadp[c]	0.017454	(Cell Envelope Biosynthesis) or (Fatty acid biosynthesis)	AFE_0420	3
TH	1.0	EAR3	enoyl-(acyl-carrier-protein) reductase	c2ttedeACP[c] + h[c] + nadph[c] -> ctdeACP[c] + nadp[c]	0.017454	(Cell Envelope Biosynthesis) or (Fatty acid biosynthesis)	AFE_0420	3
TH	1.0	EAR4	enoyl-(acyl-carrier-protein) reductase	c2thedeACP[c] + h[c] + nadph[c] -> chexcaACP[c] + nadp[c]	0.017454	(Cell Envelope Biosynthesis) or (Fatty acid biosynthesis)	AFE_0420	3
TH	1.0	BHAH2	beta-hydroxyacyl-(acyl-carrier-protein) dehydratase	chydodeACP[c] -> c2tdodeACP[c] + h2o[c]	0.017454	(Membrane Lipid Metabolism) or (Fatty acid biosynthesis)	AFE_1455	3
TH	1.0	BHAH3	beta-hydroxyacyl-(acyl-carrier-protein) dehydratase	chytedeACP[c] -> c2ttedeACP[c] + h2o[c]	0.017454	(Membrane Lipid Metabolism) or (Fatty acid biosynthesis)	AFE_1455	3
TH	1.0	BHAH4	beta-hydroxyacyl-(acyl-carrier-protein) dehydratase	chyhecdeACP[c] -> c2thedeACP[c] + h2o[c]	0.017454	(Membrane Lipid Metabolism) or (Fatty acid biosynthesis)	AFE_1455	3
TH	1.0	A5PISO	Arabinose-5-phosphate isomerase	ru5p-D[c] -> ara5p[c]	0.015998	(Lipopolysaccharide Biosynthesis) or (Alternate Carbon Metabolism)	AFE_3030	2
TH	1.0	KDOPS	3-deoxy -D-manno-octulosonic -acid 8-phosphate synthase	ara5p[c] + h2o[c] + pep[c] -> kdo8p[c] + pi[c]	0.015998	( Lipopolysaccharide Biosynthesis ) or ( CMP-KDO biosynthesis )	AFE_0848	2
TH	1.0	KDOCT2	3-deoxy-manno-octulosonate cytidylyltransferase	ctp[c] + kdo[c] -> ckdo[c] + ppi[c]	0.015998	( Lipopolysaccharide Biosynthesis ) or ( CMP-KDO biosynthesis )	AFE_0491	2
TH	1.0	KDOPP	3-deoxy-manno-octulosonate-8-phosphatase	h2o[c] + kdo8p[c] -> kdo[c] + pi[c]	0.015998	( Lipopolysaccharide Biosynthesis ) or ( CMP-KDO biosynthesis )	AFE_3029	2
TH	1.0	PCYT	phosphatidate cytidylyltransferase	ctp[c] + dag3pi_AFE[c] -> cdpdag_AFE[c] + ppi[c]	0.01531	(Glycerophospholipid Metabolism) or (Phospholipid synthesis)	AFE_1449	2
TH	1.0	G3PAT1	acyl-ACP:sn-glycerol-3-phosphate 1-O-acyltransferase 	faplACP[c] + glyc3p[c] -> ACP[c] + faplg3p_AFE[c]	0.01531	Glycerophospholipid Metabolism		1
TH	1.0	G3PAT2	1-acyl-sn-glycerol-3-phosphate acyltransferase 	faplACP[c] + faplg3p_AFE[c] -> ACP[c] + dag3pi_AFE[c]	0.01531	Glycerophospholipid Metabolism	AFE_0727	2
TH	1.0	PL-AFE	phospholipids formation	0.05 clpn120[c] + 0.15 pe_AFE[c] + 0.37 pg120[c] + 0.43 ptdmeeta_AFE[c] -> ppl_AFE[c]	0.014581	(Glycerophospholipid Metabolism) or (Phospholipid synthesis)		3
TH	1.0	3OAS11	3-oxoacyl-[acyl-carrier-protein] synthase	ddcaACP[c] + h[c] + malACP[c] -> 3omrsACP[c] + ACP[c] + co2[c]	0.014542	(Cell Envelope Biosynthesis) or (Fatty acid biosynthesis)	(AFE_0796 or AFE_1910)	3
TH	1.0	3OAR14	3-oxoacyl-(acyl-carrier-protein) reductase	3omrsACP[c] + h[c] + nadph[c] -> 3hmrsACP[c] + nadp[c]	0.014542	(Cell Envelope Biosynthesis) or (Fatty acid biosynthesis)	AFE_1908	3
TH	1.0	MNTH	NRAMP dual Mn(II)/Fe(II) MntH-like transporter	fe2[p] + h[p] -> fe2[c] + h[c]	0.013969	Transport, Inner Membrane	(AFE_0105 or AFE_0920)	2
TH	1.0	FE2tex	fe2 transport	fe2[e] -> fe2[p]	0.013969	Transport, Outer Membrane Porin		1
TH	1.0	FE3tpp	Fe(III) ABC inner membrane transporter	atp[c] + fe3[p] + h2o[c] -> adp[c] + fe3[c] + h[c] + pi[c]	0.013956	(Transport, Inner Membrane) or (Fe+2 Metabolism)	((AFE_1489 and AFE_1490 and AFE_1491) or (AFE_1493 and AFE_1494 and AFE_1495))	2
TH	1.0	FE32tpp	fe3 ton transporter	fe3[e] -> fe3[p]	0.013956	Transport, Inner Membrane	((AFE_2267 and AFE_2268 and AFE_2269 and AFE_2270 and AFE_2271 and AFE_2273 and AFE_2274 and AFE_2275 and AFE_2276) or (AFE_2998 and AFE_2999 and AFE_2300 and AFE_2301 and AFE_2302 and AFE_2303 and AFE_2304 and AFE_2305))	2
TH	1.0	GF6PTA	glutamine-fructose-6-phosphate transaminase	f6p-B[c] + gln-L[c] -> gam6p[c] + glu-L[c]	0.013911	(Cell Envelope Biosynthesis) or (EPS biosynthesis)	AFE_3200	2
TH	1.0	PGAMT	phosphoglucosamine mutase	gam1p[c] -> gam6p[c]	-0.013831	(Cell Envelope Biosynthesis) or (EPS biosynthesis)	AFE_2634	2
TH	1.0	G1PACT	glucosamine-1-phosphate N-acetyltransferase	accoa[c] + gam1p[c] -> acgam1p[c] + coa[c] + h[c]	0.013831	(Cell Envelope Biosynthesis) or (EPS biosynthesis)	AFE_3201	2
TH	1.0	UAGDP	UDP-N-acetylglucosamine diphosphorylase	acgam1p[c] + h[c] + utp[c] -> ppi[c] + uacgam[c]	0.013831	(Cell Envelope Biosynthesis) or (EPS biosynthesis)	AFE_3201	2
TH	1.0	NA1tex	na transport	na1[e] -> na1[p]	0.01104	Transport, Outer Membrane Porin		1
TH	1.0	Ex_na1[e]	sodium exchange	na1[e] -> 	-0.01104	Exchange		
TH	1.0	3OAS4	3-oxoacyl-[acyl-carrier-protein] synthase	chexcaACP[c] + h[c] + malACP[c] -> ACP[c] + co2[c] + coxocdaACP[c]	0.011023	(Cell Envelope Biosynthesis) or (Fatty acid biosynthesis)	(AFE_0796 or AFE_1910)	3
TH	1.0	3OAR5	3-oxoacyl-(acyl-carrier-protein) reductase	coxocdaACP[c] + h[c] + nadph[c] -> chyocdeACP[c] + nadp[c]	0.011023	(Cell Envelope Biosynthesis) or (Fatty acid biosynthesis)	AFE_1908	3
TH	1.0	EAR5	enoyl-(acyl-carrier-protein) reductase	c2tocdeACP[c] + h[c] + nadph[c] -> nadp[c] + octeACP[c]	0.011023	(Cell Envelope Biosynthesis) or (Fatty acid biosynthesis)	AFE_0420	3
TH	1.0	BHAH5	beta-hydroxyacyl-(acyl-carrier-protein) dehydratase	chyocdeACP[c] -> c2tocdeACP[c] + h2o[c]	0.011023	(Membrane Lipid Metabolism) or (Fatty acid biosynthesis)	AFE_1455	3
TH	1.0	NDPK4	nucleoside-diphosphate kinase (ATP:dTDP)	atp[c] + dtdp[c] + h[c] -> adp[c] + dttp[c]	0.010724	Nucleotide Salvage Pathway	AFE_1929	2
TH	1.0	Ktex	k transport	k[e] -> k[p]	0.009582	Transport, Outer Membrane Porin		1
TH	1.0	Ktpp	voltage-gated potassium channel	k[p] -> k[c]	0.009582	Transport, Inner Membrane	(AFE_2922 or AFE_1968 or AFE_3093 or AFE_1753)	2
TH	1.0	Ex_k[e]	k+ exchange	k[e] -> 	-0.009582	Exchange		
TH	1.0	HCYSMT	homocysteine S-methyltransferase	amet[c] + hcys-L[c] -> ahcys[c] + h[c] + met-L[c]	-0.00859	Methionine Metabolism	AFE_3126	2
TH	1.0	PSD120	Phosphatidylserine decarboxylase	h[c] + ps120[c] -> co2[c] + pe_AFE[c]	0.008457	( Glycerophospholipid Metabolism ) or (Phosphatidylethanolamine biosynthesis )	AFE_2292	2
TH	1.0	PSSA120	CDP-diacylglycerol--serine O-phosphatidyltransferase 	cdpdag_AFE[c] + ser-L[c] -> cmp[c] + h[c] + ps120[c]	0.008457	( Glycerophospholipid Metabolism ) or (Phosphatidylethanolamine biosynthesis )	AFE_2291	2
TH	1.0	ALAR	alanine racemase	ala-L[c] -> ala-D[c]	0.008124	Alanine and Aspartate Metabolism	AFE_2818	2
TH	1.0	LIPA		0.52 dtdpglu[c] + 0.43 dtdprmn[c] + 0.01 gam[c] + 0.01 gdpmann[c] + hlipa_AFE[c] -> 0.94 dtdp[c] + 0.01 gdp[c] + polysac_AFE[c]	0.007999	Lipopolysaccharide Biosynthesis		3
TH	1.0	KDOCT	3-deoxy-D-manno-octulosonic-acid transferase	ckdo[c] -> cmp[c] + h[c] + kdo_AFE[c]	0.007999	( Lipopolysaccharide Biosynthesis ) or ( KDO(2)-AFE synthesis )	AFE_0237	3
TH	1.0	KDOCT3	3-deoxy-D-manno-octulosonic-acid transferase	ckdo[c] + kdo_AFE[c] -> kdo2_AFE[c]	0.007999	( Lipopolysaccharide Biosynthesis ) or ( KDO(2)-AFE synthesis )	AFE_0237	3
TH	1.0	HKDOS	Lipopolysaccharide heptosyltransferase Iacyltransferase 	0.03 adphep-LD[c] + kdo2_AFE[c] -> hlipa_AFE[c]	0.007999	( Lipopolysaccharide Biosynthesis ) or ( KDO(2)-AFE synthesis )		3
TH	1.0	G1PTT	glucose-1-phosphate thymidylyltransferase	dttp[c] + g1p[c] -> dtdpglu[c] + ppi[c]	0.007599	Cell Envelope Biosynthesis	AFE_3295	2
TH	1.0	PGPP120	Phosphatidylglycerophosphatase 	h2o[c] + pgp_AFE[c] -> pg120[c] + pi[c]	0.006853	Glycerophospholipid Metabolism	AFE_0929	2
TH	1.0	PGSA	CDP-diacylglycerol--glycerol-3-phosphate 3-phosphatidyltransferase 	cdpdag_AFE[c] + glyc3p[c] -> cmp[c] + h[c] + pgp_AFE[c]	0.006853	Glycerophospholipid Metabolism	(AFE_1900 and AFE_0854)	2
TH	1.0	PMEAS	Phosphatidylserine decarboxylase	amet[c] + pe_AFE[c] -> ahcys[c] + ptdmeeta_AFE[c]	0.00627	( Glycerophospholipid Metabolism ) or (Phosphatidylethanolamine biosynthesis )	(AFE_2739 or AFE_0594)	2
TH	1.0	MN2tex	mn2 transport	mn2[e] -> mn2[p]	0.006249	Transport, Outer Membrane Porin		1
TH	1.0	MN2tpp	metalion trabsporter, NRAMP family	mn2[p] -> mn2[c]	0.006249	Transport, Inner Membrane	(AFE_0920 or AFE_0105)	2
TH	1.0	Ex_mn2[e]	mn2+ exchange	mn2[e] -> 	-0.006249	Exchange		
TH	1.0	EAR14	enoyl-(acyl-carrier-protein) reductase	h[c] + nadph[c] + tmrs2eACP[c] -> myrsACP[c] + nadp[c]	0.00548	(Cell Envelope Biosynthesis) or (Fatty acid biosynthesis)	AFE_0420	3
TH	1.0	BHAH14	beta-hydroxyacyl-(acyl-carrier-protein) dehydratase	3hmrsACP[c] -> h2o[c] + tmrs2eACP[c]	0.00548	(Membrane Lipid Metabolism) or (Fatty acid biosynthesis)	AFE_1455	3
TH	1.0	UDCPDP	undecaprenyl-diphosphatase	h2o[c] + udcpdp[c] -> h[c] + pi[c] + udcpp[c]	0.005416	Cell Envelope Biosynthesis	AFE_0636	2
TH	1.0	ALAALAr	D-alanine-D-alanine ligase	2 ala-D[c] + atp[c] -> adp[c] + alaala[c] + h[c] + pi[c]	0.005416	(Cell Envelope Biosynthesis) or (Murein Biosynthesis)	AFE_0203	2
TH	1.0	PAPPT3	phospho-N-acetylmuramoyl-pentapeptide-transferase (meso-2,6-diaminopimelate)	udcpp[c] + ugmda[c] -> uagmda[c] + ump[c]	0.005416	( Cell Envelope Biosynthesis ) or ( Peptidoglycan biosynthesis )	AFE_0209	2
TH	1.0	UAGCVT	UDP-N-acetylglucosamine 1-carboxyvinyltransferase	pep[c] + uacgam[c] -> pi[c] + uaccg[c]	0.005416	( Cell Envelope Biosynthesis ) or ( Peptidoglycan biosynthesis )	AFE_3039	2
TH	1.0	UAPGR	UDP-N-acetylmuramate dehydrogenase	nadp[c] + uamr[c] -> h[c] + nadph[c] + uaccg[c]	-0.005416	( Cell Envelope Biosynthesis ) or ( Peptidoglycan biosynthesis )	AFE_0204	2
TH	1.0	UAMAS	UDP-N-acetylmuramate--alanine ligase	ala-L[c] + atp[c] + uamr[c] -> adp[c] + h[c] + pi[c] + uama[c]	0.005416	( Cell Envelope Biosynthesis ) or ( Peptidoglycan biosynthesis )	AFE_0205	2
TH	1.0	UAMAGS	UDP-N-acetylmuramoylalanine--D-glutamate ligase	atp[c] + glu-D[c] + uama[c] -> adp[c] + h[c] + pi[c] + uamag[c]	0.005416	( Cell Envelope Biosynthesis ) or ( Peptidoglycan biosynthesis )	AFE_0208	2
TH	1.0	UAAGDS	UDP-N-acetylmuramoylalanyl-D-glutamate--2,6-diaminopimelate ligase	26dap-M[c] + atp[c] + uamag[c] -> adp[c] + h[c] + pi[c] + ugmd[c]	0.005416	( Cell Envelope Biosynthesis ) or ( Peptidoglycan biosynthesis )	AFE_0211	2
TH	1.0	UGLDDS	UDP-N-acetylmuramoyl-tripeptide--D-alanyl-D-alanine ligase	alaala[c] + atp[c] + ugmd[c] -> adp[c] + h[c] + pi[c] + ugmda[c]	0.005416	( Cell Envelope Biosynthesis ) or ( Peptidoglycan biosynthesis )	AFE_0210	2
TH	1.0	UCMAT	undecaprenyldiphospho-muramoylpentapeptide ?-N-acetylglucosaminyltransferase	uacgam[c] + uagmda[c] -> h[c] + udp[c] + ugmdal[c]	0.005416	( Cell Envelope Biosynthesis ) or ( Peptidoglycan biosynthesis )	AFE_0206	2
TH	1.0	GLUR	glutamate racemase	glu-L[c] -> glu-D[c]	0.005416	( Cell Envelope Biosynthesis ) or ( Peptidoglycan biosynthesis )	AFE_2842	2
TH	1.0	LPS	lipolysaccharide formation	0.3 lip_AFE[c] + 1.6 polysac_AFE[c] -> lps_AFE[c]	0.004999	Lipopolysaccharide Biosynthesis		3
TH	1.0	NDPK7	nucleoside-diphosphate kinase (ATP:dCDP)	atp[c] + dcdp[c] -> adp[c] + dctp[c]	0.004583	Nucleotide Salvage Pathway	AFE_1929	2
TH	1.0	NDPK5	nucleoside-diphosphate kinase (ATP:dGDP)	atp[c] + dgdp[c] -> adp[c] + dgtp[c]	0.004583	Nucleotide Salvage Pathway	AFE_1929	2
TH	1.0	RNDR3	ribonucleoside-diphosphate reductase (CDP)	cdp[c] + trdrd[c] -> dcdp[c] + h2o[c] + trdox[c]	0.004583	Nucleotide Salvage Pathway	(AFE_2639 and AFE_2638)	2
TH	1.0	RNDR2	ribonucleoside-diphosphate reductase (GDP)	gdp[c] + trdrd[c] -> dgdp[c] + h2o[c] + trdox[c]	0.004583	Nucleotide Salvage Pathway	(AFE_2639 and AFE_2638)	2
TH	1.0	3OAS12	3-oxoacyl-[acyl-carrier-protein] synthase	h[c] + malACP[c] + myrsACP[c] -> 3opalmACP[c] + ACP[c] + co2[c]	0.003981	(Cell Envelope Biosynthesis) or (Fatty acid biosynthesis)	(AFE_0796 or AFE_1910)	3
TH	1.0	3OAR15	3-oxoacyl-(acyl-carrier-protein) reductase	3opalmACP[c] + h[c] + nadph[c] -> 3hpalmACP[c] + nadp[c]	0.003981	(Cell Envelope Biosynthesis) or (Fatty acid biosynthesis)	AFE_1908	3
TH	1.0	EAR15	enoyl-(acyl-carrier-protein) reductase	h[c] + nadph[c] + tpalm2eACP[c] -> nadp[c] + palmACP[c]	0.003981	(Cell Envelope Biosynthesis) or (Fatty acid biosynthesis)	AFE_0420	3
TH	1.0	BHAH15	beta-hydroxyacyl-(acyl-carrier-protein) dehydratase	3hpalmACP[c] -> h2o[c] + tpalm2eACP[c]	0.003981	(Membrane Lipid Metabolism) or (Fatty acid biosynthesis)	AFE_1455	3
TH	1.0	3OAS5	3-oxoacyl-[acyl-carrier-protein] synthase	5 h[c] + 5 malACP[c] + ptACP[c] -> 5 ACP[c] + 5 co2[c] + v3oaACP[c]	0.003674	(Cell Envelope Biosynthesis) or (Fatty acid biosynthesis)	(AFE_0796 or AFE_1910)	3
TH	1.0	3OAR6	3-oxoacyl-(acyl-carrier-protein) reductase	3oxpenACP[c] + h[c] + nadph[c] -> R-3hptACP[c] + nadp[c]	0.003674	(Cell Envelope Biosynthesis) or (Fatty acid biosynthesis)	AFE_1908	3
TH	1.0	3OAR7	3-oxoacyl-(acyl-carrier-protein) reductase	5 h[c] + 5 nadph[c] + v3oaACP[c] -> 5 nadp[c] + v3haACP[c]	0.003674	(Cell Envelope Biosynthesis) or (Fatty acid biosynthesis)	AFE_1908	3
TH	1.0	3OAS28	3-oxoacyl-(acyl-carrier-protein) synthase III	h[c] + malACP[c] + ppcoa[c] -> 3oxpenACP[c] + co2[c] + coa[c]	0.003674	(Cell Envelope Biosynthesis) or (Fatty acid biosynthesis)	AFE_1906	3
TH	1.0	EAR6	enoyl-(acyl-carrier-protein) reductase	2tpenACP[c] + h[c] + nadph[c] -> nadp[c] + ptACP[c]	0.003674	(Cell Envelope Biosynthesis) or (Fatty acid biosynthesis)	AFE_0420	3
TH	1.0	EAR7	enoyl-(acyl-carrier-protein) reductase	5 h[c] + 5 nadph[c] + vtenACP[c] -> 5 nadp[c] + ptdcaACP[c]	0.003674	(Cell Envelope Biosynthesis) or (Fatty acid biosynthesis)	AFE_0420	3
TH	1.0	BHAH6	beta-hydroxyacyl-(acyl-carrier-protein) dehydratase	R-3hptACP[c] -> 2tpenACP[c] + h2o[c]	0.003674	(Membrane Lipid Metabolism) or (Fatty acid biosynthesis)	AFE_1455	3
TH	1.0	BHAH7	beta-hydroxyacyl-(acyl-carrier-protein) dehydratase	v3haACP[c] -> 5 h2o[c] + vtenACP[c]	0.003674	(Membrane Lipid Metabolism) or (Fatty acid biosynthesis)	AFE_1455	3
TH	1.0	MMM	Methylmalonyl-CoA mutase	mmcoa[c] -> succoa[c]	-0.003674	( Alternate Carbon Metabolism ) or ( Methylmalonyl pathway )		1
TH	1.0	MMCD	Methylmalonyl-CoA decarboxylase	h[c] + mmcoa[c] -> co2[c] + ppcoa[c]	0.003674	Alternate Carbon Metabolism		1
TH	1.0	SUCD	succinate dehydrogenase	fum[c] + h[c] + nadh[c] -> nad[c] + succ[c]	0.003627	Citric Acid Cycle	AFE_2550	2
TH	1.0	TDPGDH	dTDPglucose 4,6-dehydratase	dtdpglu[c] -> dtdp4d6dg[c] + h2o[c]	0.00344	Cell Envelope Biosynthesis	AFE_0441	2
TH	1.0	TDPDRE2	dTDP-L-rhamnose synthetase 	dtdp4d6dg[c] + h[c] + nadh[c] -> dtdprmn[c] + nad[c]	0.00344	Cell Envelope Biosynthesis	AFE_3294	2
TH	1.0	3OAS6	3-oxoacyl-[acyl-carrier-protein] synthase	h[c] + malACP[c] + ptdcaACP[c] -> 3oxhepACP[c] + ACP[c] + co2[c]	0.003368	(Cell Envelope Biosynthesis) or (Fatty acid biosynthesis)	(AFE_0796 or AFE_1910)	3
TH	1.0	3OAR8	3-oxoacyl-(acyl-carrier-protein) reductase	3oxhepACP[c] + h[c] + nadph[c] -> R-3hyhepACP[c] + nadp[c]	0.003368	(Cell Envelope Biosynthesis) or (Fatty acid biosynthesis)	AFE_1908	3
TH	1.0	BHAH8	beta-hydroxyacyl-(acyl-carrier-protein) dehydratase	R-3hyhepACP[c] -> h2o[c] + thepcaACP[c]	0.003368	(Membrane Lipid Metabolism) or (Fatty acid biosynthesis)	AFE_1455	3
TH	1.0	DHFR	dihydrofolate reductase	nadp[c] + thf[c] -> dhf[c] + h[c] + nadph[c]	-0.003221	(Cofactor and Prosthetic Group Biosynthesis) or (Tetrahydrofolate biosynthesis)		1
TH	1.0	TMDS	Thymidylate synthase	dump[c] + mlthf[c] -> dhf[c] + dtmp[c]	0.003205	Nucleotide Salvage Pathway		1
TH	1.0	DUTPDP	dUTP diphosphatase	dutp[c] + h2o[c] -> dump[c] + h[c] + ppi[c]	0.003205	Nucleotide Salvage Pathway	AFE_0356	2
TH	1.0	NDPK6	nucleoside-diphosphate kinase (ATP:dUDP)	atp[c] + dudp[c] -> adp[c] + dutp[c] + h[c]	0.003205	Nucleotide Salvage Pathway	AFE_1929	2
TH	1.0	RNDR4	ribonucleoside-diphosphate reductase (UDP)	h[c] + trdrd[c] + udp[c] -> dudp[c] + h2o[c] + trdox[c]	0.003205	Nucleotide Salvage Pathway	(AFE_2639 and AFE_2638)	2
TH	1.0	DTMPK	dTMP kinase	atp[c] + dtmp[c] -> adp[c] + dtdp[c]	0.003205	Nucleotide Salvage Pathway	AFE_1913	2
TH	1.0	NDPK8	nucleoside-diphosphate kinase (ATP:dADP)	atp[c] + dadp[c] -> adp[c] + datp[c]	0.003125	Nucleotide Salvage Pathway	AFE_1929	2
TH	1.0	RNDR1	ribonucleoside-diphosphate reductase (ADP)	adp[c] + trdrd[c] -> dadp[c] + h2o[c] + trdox[c]	0.003125	Nucleotide Salvage Pathway	(AFE_2639 and AFE_2638)	2
TH	1.0	AGAD	NAD dependent UDP-N-acetylglucosamine 3-dehydrogenase 	nad[c] + uacgam[c] -> h[c] + nadh[c] + uacgamo[c]	0.003	Lipopolysaccharide Biosynthesis	AFE_1457	3
TH	1.0	UACAA	Pyridoxal phosphate-dependent UDP 2-acetamido-2-deoxy-alpha-D-ribo-hexopyranos-3-ulose 3-aminotransferase 	glu-L[c] + uacgamo[c] -> akg[c] + u3agn[c]	0.003	Lipopolysaccharide Biosynthesis	AFE_1458	3
TH	1.0	UAGAAT	UDP-N-acetylglucosamine acyltransferase	3hmrsACP[c] + u3agn[c] -> ACP[c] + h[c] + u3aga[c]	0.003	( Lipopolysaccharide Biosynthesis ) or ( Lipid A synthesis )	AFE_1456	3
TH	1.0	UAAD	UDP-3-O-acyl N-acetylglucosamine deacetylase	h2o[c] + u3aga[c] -> ac[c] + udpglucpypi[c]	0.003	( Lipopolysaccharide Biosynthesis ) or ( Lipid A synthesis )	AFE_0223	3
TH	1.0	UAAA	UDP-3-O-3-hydroxymiristoyl glucosamine N-acetyltransferase	3hmrsACP[c] + udpglucpypi[c] -> ACP[c] + h[c] + udpglucpy[c]	0.003	( Lipopolysaccharide Biosynthesis ) or ( Lipid A synthesis )	AFE_1454	3
TH	1.0	EAR8	enoyl-(acyl-carrier-protein) reductase	h[c] + nadph[c] + thepcaACP[c] -> hpdcaACP[c] + nadp[c]	0.002756	(Cell Envelope Biosynthesis) or (Fatty acid biosynthesis)	AFE_0420	3
TH	1.0	MCTP1A	murein crosslinking transpeptidase 1A:(A2pm->D-ala) 	murein5p5p[c] -> ala-D[c] + murein5px4p[c]	0.002708	(Cell Envelope Biosynthesis) or (Murein Biosynthesis)	(AFE_1960 or AFE_2526 or AFE_2923)	2
TH	1.0	PGLT	peptidoglycan glycosyltransferase	2 ugmdal[c] -> 2 h[c] + murein5p5p[c] + 2 udcpdp[c]	0.002708	( Cell Envelope Biosynthesis ) or ( Peptidoglycan biosynthesis )	AFE_0206	2
TH	1.0	CFAS190	cyclopropane-fatty-acyl-phospholipid synthase	amet[c] + noncaACP[c] -> ahcys[c] + c190cACP[c] + h[c]	0.002143	(Glycerophospholipid Metabolism) or (Phospholipid synthesis)	AFE_2929	2
TH	1.0	3OAS7	3-oxoacyl-[acyl-carrier-protein] synthase	h[c] + hpdcaACP[c] + malACP[c] -> 3oxnonACP[c] + ACP[c] + co2[c]	0.002143	(Cell Envelope Biosynthesis) or (Fatty acid biosynthesis)	(AFE_0796 or AFE_1910)	3
TH	1.0	3OAR9	3-oxoacyl-(acyl-carrier-protein) reductase	3oxnonACP[c] + h[c] + nadph[c] -> 3hynonACP[c] + nadp[c]	0.002143	(Cell Envelope Biosynthesis) or (Fatty acid biosynthesis)	AFE_1908	3
TH	1.0	BHAH9	beta-hydroxyacyl-(acyl-carrier-protein) dehydratase	3hynonACP[c] -> h2o[c] + noncaACP[c]	0.002143	(Membrane Lipid Metabolism) or (Fatty acid biosynthesis)	AFE_1455	3
TH	1.0	LPADSS	Lipid A disaccaride synthase	biglucpypi[c] + udpglucpy[c] -> h[c] + lipidA_AFE[c] + udp[c]	0.0015	( Lipopolysaccharide Biosynthesis ) or ( Lipid A synthesis )	AFE_1459	3
TH	1.0	UHGA	UDP-3-O-3-hydroxymiristoyl glucosamine N-acetyltransferase	h2o[c] + udpglucpy[c] -> biglucpypi[c] + 2 h[c] + ump[c]	0.0015	( Lipopolysaccharide Biosynthesis ) or ( Lipid A synthesis )	AFE_1987	3
TH	1.0	TDSK	Tetraacyldisaccharide 4kinase	atp[c] + lipidA_AFE[c] -> adp[c] + h[c] + lipid4A_AFE[c]	0.0015	( Lipopolysaccharide Biosynthesis ) or ( Lipid A synthesis )	AFE_0489	3
TH	1.0	LDAS	Lipid A biosynthesis lauroyl acyltransferase	ddcaACP[c] + lipid4A_AFE[c] -> ACP[c] + ddcalipid4A_AFE[c]	0.0015	( Lipopolysaccharide Biosynthesis ) or ( Lipid A synthesis )	AFE_0238	3
TH	1.0	LIPS	Myristoyl-acyl carrier protein-dependent acyltransferase	ddcalipid4A_AFE[c] + myrsACP[c] -> ACP[c] + lip_AFE[c]	0.0015	( Lipopolysaccharide Biosynthesis ) or ( Lipid A synthesis )	AFE_0238	3
TH	5.0	Ex_fe2[e]	fe2+ exchange	fe2[e] -> 	-999.997727	Exchange		
TH	5.0	Ex_fe3[e]	fe3+ exchange	fe3[e] -> 	999.908748	Exchange		
TH	5.0	Htex	h transport	h[p] -> h[e]	-969.017213	Transport, Outer Membrane Porin		1
TH	5.0	Ex_h[e]	h+ exchange	h[e] -> 	-969.017213	Exchange		
TH	5.0	H2Otex	h2o transport	h2o[e] -> h2o[p]	-502.486566	Transport, Outer Membrane Porin		1
TH	5.0	H2Otpp	h2o transport (citoplasm)	h2o[p] -> h2o[c]	-502.486566	Transport, Inner Membrane		1
TH	5.0	Ex_h2o[e]	h2o exchange	h2o[e] -> 	502.486566	Exchange		
TH	5.0	CYT2	cytochrome c/rusticyanin complex	2 fe2[e] + rust[p] -> 2 fe3[e] + rustred[p]	499.976609	Oxidative Phosphorylation	(AFE_3153)	3
TH	5.0	CYTAA31	cytochrome c oxidase, aa3-type	cytccr[p] + 2 h[c] + 0.5 o2[c] -> cytcco[p] + h2o[c]	483.975106	Oxidative Phosphorylation	(AFE_3149 and AFE_3150 and AFE_3148 and AFE_3147)	3
TH	5.0	CYT1	cytochrome c552/rusticyanin complex	cytcco[p] + rustred[p] -> cytccr[p] + rust[p]	483.975106	Oxidative Phosphorylation	(AFE_3152 and AFE_3146)	3
TH	5.0	O2tex	o2 transport	o2[e] -> o2[p]	242.087665	Transport, Outer Membrane Porin		1
TH	5.0	O2tpp	o2 transport (citoplasm)	o2[p] -> o2[c]	242.087665	Transport, Inner Membrane		1
TH	5.0	Ex_o2[e]	o2 exchange	o2[e] -> 	-242.087665	Exchange		
TH	5.0	ATPS5rpp	ATP synthase (five protons for one ATP) (periplasm)	adp[c] + 5 h[p] + pi[c] -> atp[c] + h2o[c] + 4 h[c]	157.101015	Oxidative Phosphorylation	(AFE_3205 and AFE_3209 and AFE_3202 and AFE_3203 and AFE_3208 and AFE_3207 and AFE_3204 and AFE_3206)	3
TH	5.0	NADHI	NADH dehydrogenase (ubiquinone-8 & 5 protons) (periplasm)	5 h[p] + nad[c] + q8h2[c] -> 6 h[c] + nadh[c] + q8[c]	19.392578	Oxidative Phosphorylation	(AFE_2630 and AFE_2629 and AFE_2628 and AFE_2627 and AFE_2626 and AFE_2625 and AFE_2624 and AFE_2623 and AFE_2622 and AFE_2621 and AFE_2620 and AFE_2619 and AFE_2618 and AFE_2617)	3
TH	5.0	CYTBC1	cytochrome oxidase bc1 (5 protons) (periplasm)	cytcAr[p] + 5 h[p] + q8[c] -> cytcAo[p] + 5 h[c] + q8h2[c]	16.001503	Oxidative Phosphorylation	((AFE_3108 and AFE_3109 and AFE_3110 and AFE_3111) or (AFE_2729 and AFE_2730 and AFE_2731))	3
TH	5.0	CYTA2	cytochrome c4/rusticyanin complex	cytcAo[p] + rustred[p] -> cytcAr[p] + rust[p]	16.001503	Oxidative Phosphorylation	(AFE_3107 and AFE_3146)	3
TH	5.0	NADTRHD	NAD transhydrogenase	h[p] + nadh[c] + nadp[c] -> h[c] + nad[c] + nadph[c]	9.271385	Oxidative Phosphorylation		1
TH	5.0	CYTK1	cytidylate kinase (CMP)	atp[c] + cmp[c] -> adp[c] + cdp[c]	6.877022	Nucleotide Salvage Pathway	AFE_0902	2
TH	5.0	NDPK3	nucleoside-diphosphate kinase (ATP:CDP)	atp[c] + cdp[c] -> adp[c] + ctp[c]	6.86242	Nucleotide Salvage Pathway	AFE_1929	2
TH	5.0	CYTDK1	cytidine kinase (ATP)	atp[c] + cytd[c] -> adp[c] + cmp[c] + h[c]	6.802492	Nucleotide Salvage Pathway		1
TH	5.0	CYTD	cytidine deaminase	cytd[c] + h2o[c] + h[c] -> nh4[c] + uri[c]	-6.802492	Nucleotide Salvage Pathway		1
TH	5.0	UPPRT	uracil phosphoribosyltransferase	ppi[c] + ump[c] -> prpp[c] + ura[c]	6.802492	Purine and Pyrimidine Biosynthesis	AFE_3060	2
TH	5.0	URIP	uridine phosphorylase	pi[c] + uri[c] -> r1p[c] + ura[c]	-6.802492	Nucleotide Salvage Pathway		1
TH	5.0	ENO	enolase	2pg[c] -> h2o[c] + pep[c]	6.724919	Glycolysis/Gluconeogenesis	(AFE_1800 or AFE_0849)	2
TH	5.0	PGM1	phosphoglycerate mutase	3pg[c] -> 2pg[c]	6.724919	Glycolysis/Gluconeogenesis	(AFE_1815 or AFE_0155 or AFE_0526 or AFE_0621)	2
TH	5.0	CTPS2	CTP synthase (glutamine)	atp[c] + gln-L[c] + h2o[c] + utp[c] -> adp[c] + ctp[c] + glu-L[c] + 2 h[c] + pi[c]	-6.676118	Purine and Pyrimidine Biosynthesis	AFE_0847	2
TH	5.0	URIDK	uridylate kinase	atp[c] + ump[c] -> adp[c] + udp[c]	-6.581481	Purine and Pyrimidine Biosynthesis	AFE_1446	2
TH	5.0	NDPK2	nucleoside-diphosphate kinase (ATP:UDP)	atp[c] + udp[c] -> adp[c] + utp[c]	-6.569656	Nucleotide Salvage Pathway	AFE_1929	2
TH	5.0	PUNP3	guanosine phosphorylase 	gsn[c] + pi[c] -> gua[c] + r1p[c]	6.566376	Nucleotide Salvage Pathway		1
TH	5.0	GSNK	guanosine kinase	atp[c] + gsn[c] -> adp[c] + gmp[c] + h[c]	-6.566376	Nucleotide Salvage Pathway		1
TH	5.0	GUAPRT	guanine phosphoribosyltransferase	gmp[c] + ppi[c] -> gua[c] + prpp[c]	-6.566376	Nucleotide Salvage Pathway	AFE_0364	2
TH	5.0	GLUSy	glutamate synthase (NADPH)	akg[c] + gln-L[c] + h[c] + nadph[c] -> 2 glu-L[c] + nadp[c]	5.258213	Glutamate Metabolism	(AFE_0730 and AFE_0729)	4
TH	5.0	PYK	pyruvate kinase	adp[c] + h[c] + pep[c] -> atp[c] + pyr[c]	4.217536	Glycolysis/Gluconeogenesis	(AFE_0749 or AFE_1801 or AFE_3249)	2
TH	5.0	RUBISCO	Ribulose-bisphosphate carboxylase	co2[c] + h2o[c] + rb15bp[c] -> 2 3pg[c] + 2 h[c]	4.111866	(CO2 fixation) or (Rubisco Shunt) or (Calvin-Benson-Bassham Cycle)	(AFE_2155 or AFE_0434 or (AFE_3051 and AFE_3052) or (AFE_1690 and AFE_1691))	3
TH	5.0	PRUK	Phosphoribulokinase	atp[c] + ru5p-D[c] -> adp[c] + h[c] + rb15bp[c]	4.111866	(Pentose Phosphate Pathway) or (Calvin-Benson-Bassham Cycle)	AFE_0536	2
TH	5.0	BDGK	Glucokinase 	atp[c] + glc-B[c] -> adp[c] + g6p-B[c] + h[c]	3.915095	Glycolysis/Gluconeogenesis		1
TH	5.0	Ex_glc-B[e]	beta-D-Glucose exchange	glc-B[e] -> 	-3.915095	hypothetical glucose uptake		
TH	5.0	GLCtex	glucose outer porin	glc-B[e] -> glc-B[p]	3.915095	hypothetical glucose uptake		
TH	5.0	GLCtpp	glucose H+ symport inner transport	glc-B[p] + h[p] -> glc-B[c] + h[c]	3.915095	hypothetical glucose uptake		
TH	5.0	PGI1	glucose-6-phosphate isomerase	g6p-B[c] -> f6p-B[c]	3.791323	Glycolysis/Gluconeogenesis	AFE_2924	2
TH	5.0	ATPM	ATP maintenance requirement	atp[c] + h2o[c] -> adp[c] + h[c] + pi[c]	3.475	Unassigned		1
TH	5.0	N2tex	n2 transport	n2[e] -> n2[p]	3.391089	Transport, Outer Membrane Porin		1
TH	5.0	N2tpp	n2 transport (citoplasm)	n2[p] -> n2[c]	3.391089	Transport, Inner Membrane		1
TH	5.0	HYD3pp	hydrogenase III	h2[c] + 2 h[c] + q8[c] -> 2 h[p] + q8h2[c]	3.391089	Hydrogen and Formate Utilization	(AFE_0937 and AFE_0938 and AFE_0939 and AFE_0940)	2
TH	5.0	NITF	sulfide quinone reductase	16 atp[c] + 16 h2o[c] + n2[c] + 4 nadh[c] -> 16 adp[c] + h2[c] + 10 h[c] + 4 nad[c] + 2 nh4[c] + 16 pi[c]	3.391089	Nitrogen fixation	(AFE_1515 and AFE_1516 and AFE_1517 and AFE_1518 and AFE_1519 and AFE_1520 and AFE_1521 and AFE_1522)	3
TH	5.0	Ex_n2[e]	n2 exchange	n2[e] -> 	-3.391089	Exchange		
TH	5.0	RPE	ribulose 5-phosphate 3-epimerase	ru5p-D[c] -> xu5p-D[c]	-3.208917	(Pentose Phosphate Pathway) or (Calvin-Benson-Bassham Cycle)	AFE_3247	2
TH	5.0	PDH	pyruvate dehydrogenase	coa[c] + nad[c] + pyr[c] -> accoa[c] + co2[c] + nadh[c]	2.086059	Glycolysis/Gluconeogenesis	(AFE_3070 and AFE_3069 and AFE_3068)	2
TH	5.0	PPA	inorganic diphosphatase	h2o[c] + ppi[c] -> h[c] + 2 pi[c]	2.043816	Anaplerotic Reactions	AFE_0492	2
TH	5.0	TALA	transaldolase	g3p[c] + s7p[c] -> e4p[c] + f6p-B[c]	-2.035652	Pentose Phosphate Pathway	AFE_0419	2
TH	5.0	PPC	phosphoenolpyruvate carboxylase	co2[c] + h2o[c] + pep[c] -> h[c] + oaa[c] + pi[c]	2.01418	Anaplerotic Reactions	AFE_1810	2
TH	5.0	HCO3tex	hco3 transport	h2co3[e] -> h2co3[p]	2.0	Transport, Outer Membrane Porin		1
TH	5.0	HCO3tpp	hco3 transport (citoplasm)	h2co3[p] -> h[c] + hco3[c]	2.0	Transport, Inner Membrane		1
TH	5.0	Ex_h2co3[e]	h3co3 exchange	h2co3[e] -> 	-2.0	Exchange		
TH	5.0	TKT1	transketolase	e4p[c] + xu5p-D[c] -> f6p-B[c] + g3p[c]	-1.71109	(Pentose Phosphate Pathway) or (Calvin-Benson-Bassham Cycle)	(AFE_1843 and AFE_3252)	2
TH	5.0	ASPTA	aspartate transaminase	akg[c] + asp-L[c] -> glu-L[c] + oaa[c]	-1.642539	Alanine and Aspartate Metabolism	AFE_2022	2
TH	5.0	TKT2	transketolase	g3p[c] + s7p[c] -> r5p[c] + xu5p-D[c]	1.497826	(Pentose Phosphate Pathway) or (Calvin-Benson-Bassham Cycle)	(AFE_1843 and AFE_3252)	2
TH	5.0	ADK1	Adenylate kinase	amp[c] + atp[c] -> 2 adp[c]	1.489073	Nucleotide Salvage Pathway	AFE_0348	2
TH	5.0	RPI	ribose-5-phosphate isomerase	r5p[c] -> ru5p-D[c]	0.953977	(Pentose Phosphate Pathway) or (Calvin-Benson-Bassham Cycle)	AFE_0629	2
TH	5.0	ACCOAC	Acetyl-CoA carboxylase	accoa[c] + atp[c] + hco3[c] -> adp[c] + h[c] + malcoa[c] + pi[c]	0.867798	(Membrane Lipid Metabolism) or (Fatty Acid Biosynthesis)	(AFE_1462 or AFE_0196 or AFE_0195 or AFE_2067)	2
TH	5.0	MCOATA	Malonyl-CoA-ACP transacylase	ACP[c] + malcoa[c] -> coa[c] + malACP[c]	0.867798	(Membrane Lipid Metabolism) or (Fatty acid biosynthesis)	AFE_1907	3
TH	5.0	PGCD	phosphoglycerate dehydrogenase	3pg[c] + nad[c] -> 3php[c] + h[c] + nadh[c]	0.793932	Glycine and Serine Metabolism	AFE_0896	2
TH	5.0	PSP_L	phosphoserine phosphatase (L-serine)	h2o[c] + pser-L[c] -> pi[c] + ser-L[c]	0.793932	Glycine and Serine Metabolism	AFE_0368	2
TH	5.0	PSERT	phosphoserine transaminase	akg[c] + pser-L[c] -> 3php[c] + glu-L[c]	-0.793932	Glycine and Serine Metabolism	AFE_0895	2
TH	5.0	VALTA2	valine transaminase	akg[c] + val-L[c] -> 3mob[c] + glu-L[c]	-0.753319	Valine, Leucine, and Isoleucine Metabolism	AFE_0547	2
TH	5.0	HCO3E	HCO3 equilibration reaction	co2[c] + h2o[c] -> h[c] + hco3[c]	-0.747382	(CO2 fixation) or (Rubisco Shunt) or (Calvin-Benson-Bassham Cycle)	AFE_0287	2
TH	5.0	ACONT1	aconitase (half-reaction A, Citrate hydro-lyase)	cit[c] -> acon-C[c] + h2o[c]	0.730692	Citric Acid Cycle	AFE_0423	2
TH	5.0	ACONT2	aconitase (half-reaction B, Isocitrate hydro-lyase)	acon-C[c] + h2o[c] -> icit[c]	0.730692	Citric Acid Cycle	AFE_0423	2
TH	5.0	CS	citrate synthase	accoa[c] + h2o[c] + oaa[c] -> cit[c] + coa[c] + h[c]	0.730692	Citric Acid Cycle	AFE_3065	2
TH	5.0	ICDHyr	isocitrate dehydrogenase (NADP)	icit[c] + nadp[c] -> akg[c] + co2[c] + nadph[c]	0.730692	Citric Acid Cycle	AFE_0424	2
TH	5.0	ASPK	Aspartate kinase	asp-L[c] + atp[c] -> 4pasp[c] + adp[c]	0.714185	Threonine and Lysine Metabolism	AFE_0407	2
TH	5.0	ASAD	aspartate-semialdehyde dehydrogenase	aspsa[c] + nadp[c] + pi[c] -> 4pasp[c] + h[c] + nadph[c]	-0.714185	Threonine and Lysine Metabolism	AFE_2074	2
TH	5.0	GAPD1	glyceraldehyde-3-phosphate dehydrogenase	13dpg[c] + h[c] + nadh[c] -> g3p[c] + nad[c] + pi[c]	0.704907	(Glycolysis/Gluconeogenesis) or (Calvin-Benson-Bassham Cycle)	AFE_3251	2
TH	5.0	PGK	phosphoglycerate kinase	3pg[c] + atp[c] -> 13dpg[c] + adp[c]	0.704907	(Glycolysis/Gluconeogenesis) or (Calvin-Benson-Bassham Cycle)	AFE_3250	2
TH	5.0	Afe_biomass_mc507_WT_139p0M	Afe biomass objective function (mc507) - WT - with 139 GAM estimate	2e-05 10fthf[c] + 2e-05 5mthf[c] + 3e-05 accoa[c] + 0.66 ala-L[c] + 2e-05 amet[c] + 0.28 arg-L[c] + 0.27 asn-L[c] + 0.27 asp-L[c] + 139.1 atp[c] + 0.087 ca2[c] + 2e-05 chor[c] + 2e-05 coa[c] + 0.13 ctp[c] + 0.001 cu2[c] + 0.015 datp[c] + 0.022 dctp[c] + 0.022 dgtp[c] + 0.015 dttp[c] + 2e-05 fad[c] + 0.067 fe2[c] + 0.067 fe3[c] + 0.26 gln-L[c] + 0.26 glu-L[c] + 0.55 gly[c] + 0.15 glycogen[c] + 2e-05 gthrd[c] + 0.14 gtp[c] + 139 h2o[c] + 2e-05 hemeO[c] + 0.24 his-L[c] + 0.29 ile-L[c] + 0.046 k[c] + 0.51 leu-L[c] + 0.024 lps_AFE[c] + 0.33 lys-L[c] + 0.17 met-L[c] + 0.24 mg2[c] + 2e-05 mlthf[c] + 0.03 mn2[c] + 0.013 murein5px4p[c] + 0.14 na1[c] + 0.00019 nad[c] + 1e-05 nadp[c] + 4e-05 nadph[c] + 0.18 phe-L[c] + 2e-05 pheme[c] + 0.07 ppl_AFE[c] + 0.27 pro-L[c] + 0.00358 ptrc[c] + 2e-05 pydx5p[c] + 2e-05 q8h2[c] + 2e-05 ribflv[c] + 0.23 ser-L[c] + 2e-05 sheme[c] + 0.09 so4[c] + 0.00073 spmd[c] + 1e-05 succoa[c] + 2e-05 thf[c] + 2e-05 thmpp[c] + 0.26 thr-L[c] + 0.14 tyr-L[c] + 1e-05 udcpdp[c] + 0.094 utp[c] + 0.41 val-L[c] + 0.002 zn2[c] -> 139 adp[c] + bio[c] + 139 h[c] + 139 pi[c] + 0.531 ppi[c]	0.663728	Exchange		3
TH	5.0	BIOMASStpp		bio[c] -> bio[p]	0.663728	Transport, Inner Membrane		1
TH	5.0	BIOMASStex		bio[p] -> bio[e]	0.663728	Transport, Outer Membrane Porin		1
TH	5.0	Ex_bio[e]	biomass exchange	bio[e] -> 	0.663728	Exchange		
TH	5.0	GHMT2	glycine hydroxymethyltransferase, reversible	ser-L[c] + thf[c] -> gly[c] + h2o[c] + mlthf[c]	0.614261	Glycine and Serine Metabolism	AFE_0295	2
TH	5.0	ACLS	acetolactate synthase	h[c] + 2 pyr[c] -> alac-S[c] + co2[c]	0.61067	Valine, Leucine, and Isoleucine Metabolism	(AFE_0745 and AFE_0746)	2
TH	5.0	KARA1	ketol-acid reductoisomerase (2,3-dihydroxy-3-methylbutanoate)	23dhmb[c] + nadp[c] -> alac-S[c] + h[c] + nadph[c]	-0.61067	Valine, Leucine, and Isoleucine Metabolism	AFE_0747	2
TH	5.0	DHAD1	dihydroxy-acid dehydratase (2,3-dihydroxy-3-methylbutanoate)	23dhmb[c] -> 3mob[c] + h2o[c]	0.61067	Valine, Leucine, and Isoleucine Metabolism	(AFE_1673 and AFE_0662)	2
TH	5.0	PRPPS	phosphoribosylpyrophosphate synthetase	atp[c] + r5p[c] -> amp[c] + h[c] + prpp[c]	0.54385	Histidine Metabolism	AFE_2766	2
TH	5.0	FBA3	Sedoheptulose 1,7-bisphosphate D-glyceraldehyde-3-phosphate-lyase	dhap[c] + e4p[c] -> s17bp[c]	-0.537061	(Pentose Phosphate Pathway) or (Calvin-Benson-Bassham Cycle)	(AFE_1676 and AFE_3248)	2
TH	5.0	SBPASE	Sedoheptulose-bisphosphatase	h2o[c] + s17bp[c] -> pi[c] + s7p[c]	-0.537061	(Pentose Phosphate Pathway) or (Calvin-Benson-Bassham Cycle)	AFE_3253	2
TH	5.0	MTHFD1	methylenetetrahydrofolate dehydrogenase (NADP)	mlthf[c] + nadp[c] -> methf[c] + nadph[c]	0.528523	Folate Metabolism	AFE_1877	2
TH	5.0	MTHFC	methenyltetrahydrofolate cyclohydrolase	h2o[c] + methf[c] -> 10fthf[c] + h[c]	0.528523	Folate Metabolism	AFE_1877	2
TH	5.0	VALTA1	valine transaminase	pyr[c] + val-L[c] -> 3mob[c] + ala-L[c]	0.48119	Valine, Leucine, and Isoleucine Metabolism		1
TH	5.0	HSDy	homoserine dehydrogenase (NADPH)	hom-L[c] + nadp[c] -> aspsa[c] + h[c] + nadph[c]	-0.477898	Threonine and Lysine Metabolism	AFE_0473	2
TH	5.0	TPI	triose-phosphate isomerase	g3p[c] -> dhap[c]	-0.468604	(Glycolysis/Gluconeogenesis) or (Calvin-Benson-Bassham Cycle)	AFE_2633	2
TH	5.0	Pitex	pi transport	pi[p] -> pi[e]	-0.452797	Transport, Outer Membrane Porin		1
TH	5.0	Pitpp	Phosphate ABC transporter	atp[c] + h2o[c] + pi[p] -> adp[c] + h[c] + 2 pi[c]	0.452797	Transport, Inner Membrane	((AFE_1939 and AFE_1940 and AFE_1941) or (AFE_1434 and AFE_1435 and AFE_1436 and AFE_1437 and AFE_1438 and AFE_1439 and AFE_1440 and AFE_1441))	2
TH	5.0	Ex_pi[e]	phosphate exchange	pi[e] -> 	-0.452797	Exchange		
TH	5.0	CBPS	carbamoyl-phosphate synthase (glutamine-hydrolysing)	2 atp[c] + gln-L[c] + h2o[c] + hco3[c] -> 2 adp[c] + cbp[c] + glu-L[c] + 2 h[c] + pi[c]	0.384819	Arginine and Proline Metabolism	(AFE_0640 and AFE_0639)	2
TH	5.0	HMSK	Homoserine kinase 	atp[c] + hom-L[c] -> adp[c] + h[c] + phom[c]	0.365051	Threonine and Lysine Metabolism	AFE_3097	2
TH	5.0	THRS	threonine synthase	h2o[c] + phom[c] -> pi[c] + thr-L[c]	0.365051	Threonine and Lysine Metabolism	AFE_0474	2
TH	5.0	FUM	fumarase	mal-L[c] -> fum[c] + h2o[c]	-0.359052	Citric Acid Cycle	AFE_2673	2
TH	5.0	MDH	malate dehydrogenase	mal-L[c] + nad[c] -> h[c] + nadh[c] + oaa[c]	0.359052	Citric Acid Cycle	AFE_3000	2
TH	5.0	AICART	phosphoribosylaminoimidazolecarboxamide formyltransferase	10fthf[c] + aicar[c] -> fprica[c] + thf[c]	0.344218	Purine and Pyrimidine Biosynthesis	AFE_2260	2
TH	5.0	IMPC	IMP cyclohydrolase	h2o[c] + imp[c] -> fprica[c]	-0.344218	Purine and Pyrimidine Biosynthesis	AFE_2260	2
TH	5.0	OMCDC	2-Oxo-4-methyl-3-carboxypentanoate decarboxylation (spontaneous)	3c4mop[c] + h[c] -> 4mop[c] + co2[c]	0.338502	Valine, Leucine, and Isoleucine Metabolism		1
TH	5.0	LEUTA	leucine transaminase	akg[c] + leu-L[c] -> 4mop[c] + glu-L[c]	-0.338502	Valine, Leucine, and Isoleucine Metabolism	AFE_0547	2
TH	5.0	IPPS	2-isopropylmalate synthase	3mob[c] + accoa[c] + h2o[c] -> 3c3hmp[c] + coa[c] + h[c]	0.338502	Valine, Leucine, and Isoleucine Metabolism	(AFE_2596 and AFE_1989)	2
TH	5.0	IPMD	3-isopropylmalate dehydrogenase	3c2hmp[c] + nad[c] -> 3c4mop[c] + h[c] + nadh[c]	0.338502	Valine, Leucine, and Isoleucine Metabolism	AFE_2075	4
TH	5.0	IPPMIa	3-isopropylmalate dehydratase	3c3hmp[c] -> 3c2hmp[c]	0.338502	Valine, Leucine, and Isoleucine Metabolism	(AFE_0624 and AFE_0626)	2
TH	5.0	SUCOAS	succinyl-CoA synthetase (ADP-forming)	atp[c] + coa[c] + succ[c] -> adp[c] + pi[c] + succoa[c]	0.248002	Citric Acid Cycle	(AFE_0427 and AFE_0425)	2
TH	5.0	INSK	insosine kinase	atp[c] + ins[c] -> adp[c] + h[c] + imp[c]	-0.236614	Nucleotide Salvage Pathway		1
TH	5.0	ADA	Adenosine deaminase	adn[c] + h2o[c] + h[c] -> ins[c] + nh4[c]	-0.236614	Nucleotide Salvage Pathway	AFE_0773	2
TH	5.0	ADPT	adenine phosphoribosyltransferase	amp[c] + ppi[c] -> ade[c] + prpp[c]	-0.236601	Nucleotide Salvage Pathway	AFE_0540	2
TH	5.0	SDPTA	succinyldiaminopimelate transaminase	akg[c] + sl26da[c] -> glu-L[c] + sl2a6o[c]	-0.236287	Threonine and Lysine Metabolism	AFE_1821	2
TH	5.0	DHDPS	dihydrodipicolinate synthase	aspsa[c] + pyr[c] -> 23dhdp[c] + 2 h2o[c] + h[c]	0.236287	Threonine and Lysine Metabolism	AFE_2358	2
TH	5.0	DHDPRy	dihydrodipicolinate reductase (NADPH)	nadp[c] + thdp[c] -> 23dhdp[c] + h[c] + nadph[c]	-0.236287	Threonine and Lysine Metabolism	AFE_2663	2
TH	5.0	THDPS	tetrahydrodipicolinate succinylase	h2o[c] + succoa[c] + thdp[c] -> coa[c] + sl2a6o[c]	0.236287	Threonine and Lysine Metabolism	AFE_1820	2
TH	5.0	SDPDS	succinyl-diaminopimelate desuccinylase	h2o[c] + sl26da[c] -> 26dap-LL[c] + succ[c]	0.236287	Threonine and Lysine Metabolism	AFE_1819	2
TH	5.0	DAPE	diaminopimelate epimerase	26dap-LL[c] -> 26dap-M[c]	0.236287	Threonine and Lysine Metabolism	AFE_2743	2
TH	5.0	PUNP1	purine-nucleoside phosphorylase (Adenosine)	adn[c] + pi[c] -> ade[c] + r1p[c]	0.236116	Nucleotide Salvage Pathway		1
TH	5.0	DAPDC	diaminopimelate decarboxylase	26dap-M[c] + h[c] -> co2[c] + lys-L[c]	0.21903	Threonine and Lysine Metabolism	AFE_3279	2
TH	5.0	DDPA	2-dehydro-3-deoxyphosphoheptonate aldolase	e4p[c] + h2o[c] + pep[c] -> 2dda7p[c] + pi[c]	0.212486	Tyrosine, Tryptophan, and Phenylalanine Metabolism	(AFE_2671 or AFE_0899)	2
TH	5.0	SHKK	shikimate-kinase	atp[c] + skm[c] -> adp[c] + h[c] + skm5p[c]	0.212486	(Tyrosine, Tryptophan, and Phenylalanine Metabolism) or (Chorismate Biosynthesis)	AFE_0734	2
TH	5.0	PSCVT	3-phosphoshikimate 1-carboxyvinyltransferase	pep[c] + skm5p[c] -> 3psme[c] + pi[c]	0.212486	Tyrosine, Tryptophan, and Phenylalanine Metabolism	AFE_0901	2
TH	5.0	DHQS	3-dehydroquinate synthase	2dda7p[c] -> 3dhq[c] + pi[c]	0.212486	Tyrosine, Tryptophan, and Phenylalanine Metabolism	AFE_0733	2
TH	5.0	CHORS	chorismate synthase	3psme[c] -> chor[c] + pi[c]	0.212486	Tyrosine, Tryptophan, and Phenylalanine Metabolism	AFE_1972	2
TH	5.0	SHK3D	shikimate dehydrogenase	nadp[c] + skm[c] -> 3dhsk[c] + h[c] + nadph[c]	-0.212486	Tyrosine, Tryptophan, and Phenylalanine Metabolism	AFE_0182	2
TH	5.0	DHQT	3-dehydroquinate dehydratase, irreversible	3dhq[c] -> 3dhsk[c] + h2o[c]	0.212486	Tyrosine, Tryptophan, and Phenylalanine Metabolism	AFE_0197	2
TH	5.0	CHORM	chorismate mutase	chor[c] -> pphn[c]	0.212406	Tyrosine, Tryptophan, and Phenylalanine Metabolism	AFE_0897	2
TH	5.0	ASPCT	aspartate carbamoyltransferase	asp-L[c] + cbp[c] -> cbasp[c] + h[c] + pi[c]	0.198975	Purine and Pyrimidine Biosynthesis	AFE_3059	2
TH	5.0	DHORTS	dihydroorotase	cbasp[c] + h[c] -> dhor-S[c] + h2o[c]	0.198975	Purine and Pyrimidine Biosynthesis	(AFE_1672 and AFE_3058 and AFE_1463)	2
TH	5.0	DHORD	dihydoorotic acid dehydrogenase (quinone8)	dhor-S[c] + o2[c] -> h2o2[c] + orot[c]	0.198975	Purine and Pyrimidine Biosynthesis	AFE_2264	2
TH	5.0	ORPT	orotate phosphoribosyltransferase	orot[c] + prpp[c] -> orot5p[c] + ppi[c]	0.198975	Purine and Pyrimidine Biosynthesis	AFE_0908	2
TH	5.0	OMPDC	orotidine-5-phosphate decarboxylase	h[c] + orot5p[c] -> co2[c] + ump[c]	0.198975	Purine and Pyrimidine Biosynthesis	AFE_0907	2
TH	5.0	THRD_L	L-threonine deaminase	thr-L[c] -> 2obut[c] + nh4[c]	0.192481	Valine, Leucine, and Isoleucine Metabolism	AFE_0722	2
TH	5.0	ACHBS	2-aceto-2-hydroxybutanoate synthase	2obut[c] + h[c] + pyr[c] -> 2ahbut[c] + co2[c]	0.192481	Valine, Leucine, and Isoleucine Metabolism	(AFE_0745 and AFE_0746)	2
TH	5.0	KARA2	ketol-acid reductoisomerase (2-Acetolactate)	2ahbut[c] + h[c] + nadph[c] -> 23dhmp[c] + nadp[c]	0.192481	Valine, Leucine, and Isoleucine Metabolism	AFE_0747	2
TH	5.0	DHAD2	Dihydroxy-acid dehydratase (2,3-dihydroxy-3-methylpentanoate)	23dhmp[c] -> 3mop[c] + h2o[c]	0.192481	Valine, Leucine, and Isoleucine Metabolism	(AFE_1673 or AFE_0662)	2
TH	5.0	ILETA	isoleucine transaminase	akg[c] + ile-L[c] -> 3mop[c] + glu-L[c]	-0.192481	Valine, Leucine, and Isoleucine Metabolism	AFE_0547	2
TH	5.0	ACGK	acetylglutamate kinase	acglu[c] + atp[c] -> acg5p[c] + adp[c]	0.188705	Arginine and Proline Metabolism	AFE_0256	2
TH	5.0	AGPR	N-acetyl-g-glutamyl-phosphate reductase	acg5sa[c] + nadp[c] + pi[c] -> acg5p[c] + h[c] + nadph[c]	-0.188705	Arginine and Proline Metabolism	AFE_3073	2
TH	5.0	ACOTA	acetylornithine transaminase	acorn[c] + akg[c] -> acg5sa[c] + glu-L[c]	-0.188705	Arginine and Proline Metabolism	AFE_0406	2
TH	5.0	GLAT	glutamate N-acetyltransferase	acorn[c] + glu-L[c] -> acglu[c] + orn[c]	0.188705	Arginine and Proline Metabolism	AFE_0664	2
TH	5.0	OCBT	ornithine carbamoyltransferase	cbp[c] + orn[c] -> citr-L[c] + h[c] + pi[c]	0.185844	Arginine and Proline Metabolism	AFE_0405	2
TH	5.0	ARGSS	argininosuccinate synthase	asp-L[c] + atp[c] + citr-L[c] -> amp[c] + argsuc[c] + h[c] + ppi[c]	0.185844	Arginine and Proline Metabolism	AFE_0404	2
TH	5.0	ARGSL	argininosuccinate lyase	argsuc[c] -> arg-L[c] + fum[c]	0.185844	Arginine and Proline Metabolism	AFE_3277	2
TH	5.0	PRAGS	phosphoribosylglycinamide synthase	atp[c] + gly[c] + pram[c] -> adp[c] + gar[c] + h[c] + pi[c]	0.184936	Purine and Pyrimidine Biosynthesis	AFE_2261	2
TH	5.0	GLUPRT	glutamine phosphoribosyldiphosphate amidotransferase	gln-L[c] + h2o[c] + prpp[c] -> glu-L[c] + ppi[c] + pram[c]	0.184936	Purine and Pyrimidine Biosynthesis	AFE_2064	2
TH	5.0	PRFGS	phosphoribosylformylglycinamidine synthase	atp[c] + fgam[c] + gln-L[c] + h2o[c] -> adp[c] + fpram[c] + glu-L[c] + h[c] + pi[c]	0.184936	Purine and Pyrimidine Biosynthesis	AFE_2354	2
TH	5.0	PRAIS	phosphoribosylaminoimidazole synthase	atp[c] + fpram[c] -> adp[c] + air[c] + 2 h[c] + pi[c]	0.184936	Purine and Pyrimidine Biosynthesis	AFE_1897	2
TH	5.0	ADSL2	adenylosuccinate lyase	25aics[c] -> aicar[c] + fum[c]	0.184923	Purine and Pyrimidine Biosynthesis	AFE_2356	2
TH	5.0	PRASCS	phosphoribosylaminoimidazolesuccinocarboxamide synthase	5aizc[c] + asp-L[c] + atp[c] -> 25aics[c] + adp[c] + h[c] + pi[c]	0.184923	Purine and Pyrimidine Biosynthesis	AFE_2355	2
TH	5.0	AIRC	Phosphoribosylaminoimidazole carboxylase	5aizc[c] + h[c] -> air[c] + co2[c]	-0.184923	Purine and Pyrimidine Biosynthesis	(AFE_0273 and AFE_0272)	2
TH	5.0	GARFT	phosphoribosylglycinamide formyltransferase	10fthf[c] + gar[c] -> fgam[c] + h[c] + thf[c]	0.184292	Purine and Pyrimidine Biosynthesis	(AFE_1896 or AFE_2023)	2
TH	5.0	G5SADs	L-glutamate 5-semialdehyde dehydratase (spontaneous)	glu5sa[c] -> 1pyr5c[c] + h2o[c] + h[c]	0.179207	Arginine and Proline Metabolism		1
TH	5.0	ASNS1	asparagine synthase (glutamine-hydrolysing)	asp-L[c] + atp[c] + gln-L[c] + h2o[c] -> amp[c] + asn-L[c] + glu-L[c] + h[c] + ppi[c]	0.179207	Alanine and Aspartate Metabolism	AFE_1353	2
TH	5.0	P5CR	pyrroline-5-carboxylate reductase	nadp[c] + pro-L[c] -> 1pyr5c[c] + 2 h[c] + nadph[c]	-0.179207	Arginine and Proline Metabolism	AFE_0262	2
TH	5.0	G5SD	glutamate-5-semialdehyde dehydrogenase	glu5sa[c] + nadp[c] + pi[c] -> glu5p[c] + h[c] + nadph[c]	-0.179207	Arginine and Proline Metabolism	AFE_0454	2
TH	5.0	GLU5K	glutamate 5-kinase	atp[c] + glu-L[c] -> adp[c] + glu5p[c]	0.179207	Arginine and Proline Metabolism	(AFE_2464 and AFE_1783 and AFE_0281)	2
TH	5.0	SO4AA1tpp	sulfate ABC transporter	atp[c] + h2o[c] + so4aa[p] -> adp[c] + h[c] + pi[c] + so4[c]	0.172649	(Transport, Inner Membrane) or (Sulfur Metabolism)		2
TH	5.0	SO4AA2tpp	sulfate transport inner membrane	so4aa[p] -> so4aa[e]	-0.172649	Sulfur Metabolism		1
TH	5.0	Ex_so4aa[e]	sulfate exchange	so4aa[e] -> 	-0.172649	Exchange		
TH	5.0	HISTP	Histidinol-phosphatase	h2o[c] + hisp[c] -> histd[c] + pi[c]	0.159295	Histidine Metabolism	AFE_3043	2
TH	5.0	MG2tex	mg2 transport	mg2[e] -> mg2[p]	0.159295	Transport, Outer Membrane Porin		1
TH	5.0	MG2tpp	magnesium-translocating P-type ATPase	atp[c] + h2o[c] + mg2[p] -> adp[c] + h[c] + mg2[c] + pi[c]	0.159295	Transport, Inner Membrane	AFE_2327	2
TH	5.0	PRMICI	1-(5-phosphoribosyl)-5-[(5-phosphoribosylamino)methylideneamino)imidazole-4-carboxamide isomerase	prfp[c] -> prlp[c]	0.159295	Histidine Metabolism	AFE_3045	2
TH	5.0	IGPDH	imidazoleglycerol-phosphate dehydratase	eig3p[c] -> h2o[c] + imacp[c]	0.159295	Histidine Metabolism	AFE_3043	2
TH	5.0	HSTPT	histidinol-phosphate transaminase	glu-L[c] + imacp[c] -> akg[c] + hisp[c]	0.159295	Histidine Metabolism	(AFE_3042 and AFE_0898)	2
TH	5.0	HISTD1	histidinol dehydrogenase	histd[c] + nad[c] -> h[c] + hist-L[c] + nadh[c]	0.159295	Histidine Metabolism	AFE_3041	2
TH	5.0	HISTD2	Histidinal dehydrogenase 	h2o[c] + hist-L[c] + nad[c] -> 2 h[c] + his-L[c] + nadh[c]	0.159295	Histidine Metabolism	AFE_3041	2
TH	5.0	IG3PS	Imidazole-glycerol-3-phosphate synthase	gln-L[c] + prlp[c] -> aicar[c] + eig3p[c] + glu-L[c] + h[c]	0.159295	Histidine Metabolism	(AFE_3046 and AFE_3044)	2
TH	5.0	PRATPP	phosphoribosyl-ATP pyrophosphatase	h2o[c] + prbatp[c] -> h[c] + ppi[c] + prbamp[c]	0.159295	Histidine Metabolism	AFE_3047	2
TH	5.0	PRAMPC	phosphoribosyl-AMP cyclohydrolase	h2o[c] + prbamp[c] -> prfp[c]	0.159295	Histidine Metabolism	AFE_3047	2
TH	5.0	ATPPRT	ATP phosphoribosyltransferase	ppi[c] + prbatp[c] -> atp[c] + prpp[c]	-0.159295	Histidine Metabolism	(AFE_1888 and AFE_3040)	2
TH	5.0	Ex_mg2[e]	mg2+ exchange	mg2[e] -> 	-0.159295	Exchange		
TH	5.0	MTHFR3	Cobalamin-dependent homocysteine transmethylase	h[c] + mlthf[c] + nadph[c] -> 5mthf[c] + nadp[c]	0.139735	Methionine Metabolism	AFE_0535	2
TH	5.0	METS	5-methyltetrahydrofolate--homocysteine S-methyltransferase	5mthf[c] + hcys-L[c] -> met-L[c] + thf[c]	0.139721	Methionine Metabolism		1
TH	5.0	PGMT	phosphoglucomutase	g1p-B[c] -> g6p-B[c]	-0.123772	Glycolysis/Gluconeogenesis	AFE_2324	2
TH	5.0	GAP2		g1p[c] -> g1p-B[c]	-0.123772	Glycogen Metabolism		1
TH	5.0	ACS	acetyl-CoA synthetase	ac[c] + atp[c] + coa[c] -> accoa[c] + amp[c] + ppi[c]	0.122471	Pyruvate Metabolism	AFE_1969	2
TH	5.0	PPNDH	prephenate dehydratase	h[c] + pphn[c] -> co2[c] + h2o[c] + phpyr[c]	0.119471	Tyrosine, Tryptophan, and Phenylalanine Metabolism	AFE_0897	2
TH	5.0	PHETA1	phenylalanine transaminase	akg[c] + phe-L[c] -> glu-L[c] + phpyr[c]	-0.119471	Tyrosine, Tryptophan, and Phenylalanine Metabolism	AFE_2022	2
TH	5.0	3OAS1	3-oxoacyl-[acyl-carrier-protein] synthase	butACP[c] + h[c] + malACP[c] -> 3ohexACP[c] + ACP[c] + co2[c]	0.114533	(Cell Envelope Biosynthesis) or (Fatty acid biosynthesis)	(AFE_0796 or AFE_1910)	3
TH	5.0	3OAS8	3-oxoacyl-[acyl-carrier-protein] synthase	h[c] + hexACP[c] + malACP[c] -> 3ooctACP[c] + ACP[c] + co2[c]	0.114533	(Cell Envelope Biosynthesis) or (Fatty acid biosynthesis)	(AFE_0796 or AFE_1910)	3
TH	5.0	3OAS9	3-oxoacyl-[acyl-carrier-protein] synthase	h[c] + malACP[c] + ocACP[c] -> 3odecACP[c] + ACP[c] + co2[c]	0.114533	(Cell Envelope Biosynthesis) or (Fatty acid biosynthesis)	(AFE_0796 or AFE_1910)	3
TH	5.0	3OAR1	3-oxoacyl-(acyl-carrier-protein) reductase	actACP[c] + h[c] + nadph[c] -> 3hydbutACP[c] + nadp[c]	0.114533	(Cell Envelope Biosynthesis) or (Fatty acid biosynthesis)	AFE_1908	3
TH	5.0	3OAR10	3-oxoacyl-(acyl-carrier-protein) reductase	3ohexACP[c] + h[c] + nadph[c] -> 3hhexACP[c] + nadp[c]	0.114533	(Cell Envelope Biosynthesis) or (Fatty acid biosynthesis)	AFE_1908	3
TH	5.0	3OAR11	3-oxoacyl-(acyl-carrier-protein) reductase	3ooctACP[c] + h[c] + nadph[c] -> 3hoctACP[c] + nadp[c]	0.114533	(Cell Envelope Biosynthesis) or (Fatty acid biosynthesis)	AFE_1908	3
TH	5.0	3OAR12	3-oxoacyl-(acyl-carrier-protein) reductase	3odecACP[c] + h[c] + nadph[c] -> 3hdecACP[c] + nadp[c]	0.114533	(Cell Envelope Biosynthesis) or (Fatty acid biosynthesis)	AFE_1908	3
TH	5.0	ACOATA	Acetyl-CoA ACP transacylase	ACP[c] + accoa[c] -> acACP[c] + coa[c]	0.114533	(Membrane Lipid Metabolism) or (Fatty acid biosynthesis)		1
TH	5.0	3OAS27	3-oxoacyl-(acyl-carrier-protein) synthase III	acACP[c] + h[c] + malACP[c] -> ACP[c] + actACP[c] + co2[c]	0.114533	(Cell Envelope Biosynthesis) or (Fatty acid biosynthesis)	AFE_1906	3
TH	5.0	EAR1	enoyl-(acyl-carrier-protein) reductase	but2eACP[c] + h[c] + nadph[c] -> butACP[c] + nadp[c]	0.114533	(Cell Envelope Biosynthesis) or (Fatty acid biosynthesis)	AFE_0420	3
TH	5.0	EAR10	enoyl-(acyl-carrier-protein) reductase	h[c] + nadph[c] + thex2eACP[c] -> hexACP[c] + nadp[c]	0.114533	(Cell Envelope Biosynthesis) or (Fatty acid biosynthesis)	AFE_0420	3
TH	5.0	EAR11	enoyl-(acyl-carrier-protein) reductase	h[c] + nadph[c] + toct2eACP[c] -> nadp[c] + ocACP[c]	0.114533	(Cell Envelope Biosynthesis) or (Fatty acid biosynthesis)	AFE_0420	3
TH	5.0	BHAH1	beta-hydroxyacyl-(acyl-carrier-protein) dehydratase	3hydbutACP[c] -> but2eACP[c] + h2o[c]	0.114533	(Membrane Lipid Metabolism) or (Fatty acid biosynthesis)	AFE_1455	3
TH	5.0	BHAH10	beta-hydroxyacyl-(acyl-carrier-protein) dehydratase	3hhexACP[c] -> h2o[c] + thex2eACP[c]	0.114533	(Membrane Lipid Metabolism) or (Fatty acid biosynthesis)	AFE_1455	3
TH	5.0	BHAH11	beta-hydroxyacyl-(acyl-carrier-protein) dehydratase	3hoctACP[c] -> h2o[c] + toct2eACP[c]	0.114533	(Membrane Lipid Metabolism) or (Fatty acid biosynthesis)	AFE_1455	3
TH	5.0	BHAH12	beta-hydroxyacyl-(acyl-carrier-protein) dehydratase	3hdecACP[c] -> h2o[c] + tdec2eACP[c]	0.114533	(Membrane Lipid Metabolism) or (Fatty acid biosynthesis)	AFE_1455	3
TH	5.0	ADSK	adenylyl-sulfate kinase	aps[c] + atp[c] -> adp[c] + h[c] + paps[c]	0.112913	Cysteine Metabolism	AFE_0539	2
TH	5.0	SADT	sulfate adenylate transferase	atp[c] + h[c] + so4[c] -> aps[c] + ppi[c]	0.112913	Sulfur Metabolism	((AFE_2970 and AFE_2971) or (AFE_3124 and AFE_3125))	3
TH	5.0	PAPSR	3-phospho-adenylylsulfate reductase	2 h[c] + paps[c] + trdox[c] -> pap[c] + so3[c] + trdrd[c]	0.112913	Cysteine Metabolism	AFE_3123	2
TH	5.0	BPNT	3,5-bisphosphate nucleotidase	h2o[c] + pap[c] -> amp[c] + pi[c]	0.112913	Cysteine Metabolism	AFE_2973	2
TH	5.0	SULR2	Sulfite reductase (NADPH)	3 h2o[c] + h2s[c] + 3 nadp[c] -> 5 h[c] + 3 nadph[c] + so3[c]	-0.112913	Cysteine Metabolism	(AFE_3121 and AFE_3122)	2
TH	5.0	HACT	O-acetyl-L-homoserine:methanethiol 3-amino-3-carboxypropyltransferase	achms[c] + h2s[c] -> ac[c] + h[c] + hcys-L[c]	0.112847	Methionine Metabolism	AFE_2063	2
TH	5.0	HSERTA	Homoserine O-acetyltransferase	accoa[c] + hom-L[c] -> achms[c] + coa[c]	0.112847	Methionine Metabolism	AFE_0293	2
TH	5.0	GK1	guanylate kinase (GMP:ATP)	atp[c] + gmp[c] -> adp[c] + gdp[c]	0.107604	Nucleotide Salvage Pathway	AFE_0563	2
TH	5.0	GMPS2	GMP synthase	atp[c] + gln-L[c] + h2o[c] + xmp[c] -> amp[c] + glu-L[c] + gmp[c] + 2 h[c] + ppi[c]	0.107604	Purine and Pyrimidine Biosynthesis	AFE_1778	2
TH	5.0	IMPD	IMP dehydrogenase	h2o[c] + imp[c] + nad[c] -> h[c] + nadh[c] + xmp[c]	0.107604	Purine and Pyrimidine Biosynthesis	AFE_1777	2
TH	5.0	CAT	catalase	2 h2o2[c] -> 2 h2o[c] + o2[c]	0.099561	Unassigned		1
TH	5.0	GLCS1	glycogen synthase (ADPGlc)	adpglc[c] -> adp[c] + glycogendeb[c] + h[c]	0.099559	(Glycogen Metabolism) or (Glycolysis/Gluconeogenesis)	AFE_2678	2
TH	5.0	GLBRAN1	1,4-alpha-glucan branching enzyme (glycogen -> bglycogen)	glycogendeb[c] + 2 h[c] -> glycogen[c]	0.099559	(Glycogen Metabolism) or (Glycolysis/Gluconeogenesis)	AFE_2836	2
TH	5.0	GLGC	glucose-1-phosphate adenylyltransferase	atp[c] + g1p[c] + h[c] -> adpglc[c] + ppi[c]	0.099559	(Glycogen Metabolism) or (Glycolysis/Gluconeogenesis)	AFE_2838	2
TH	5.0	FA_PL-ACP-AFE	Fatty Acid formation	0.1 3hmrsACP[c] + 0.07 c190cACP[c] + 0.21 chexcaACP[c] + 0.08 ddcaACP[c] + 0.02 hpdcaACP[c] + 0.02 ocdcaACP[c] + 0.36 octeACP[c] + 0.11 palmACP[c] + 0.01 ptdcaACP[c] + 0.02 thepcaACP[c] -> faplACP[c]	0.097568	(Glycerophospholipid Metabolism) or (Phospholipid synthesis)		3
TH	5.0	NDPK1	nucleoside-diphosphate kinase (ATP:GDP)	atp[c] + gdp[c] -> adp[c] + gtp[c]	0.093257	Nucleotide Salvage Pathway	AFE_1929	2
TH	5.0	TYRTA	tyrosine transaminase	34hpp[c] + glu-L[c] -> akg[c] + tyr-L[c]	0.092935	Tyrosine, Tryptophan, and Phenylalanine Metabolism	AFE_2022	2
TH	5.0	PPND	prephenate dehydrogenase	nad[c] + pphn[c] -> 34hpp[c] + co2[c] + nadh[c]	0.092935	Tyrosine, Tryptophan, and Phenylalanine Metabolism	AFE_0900	2
TH	5.0	NA1tpp	na transport in via proton symport	h[p] + na1[p] -> h[c] + na1[c]	0.092922	Transport, Inner Membrane		1
TH	5.0	G3PD2	glycerol-3-phosphate dehydrogenase (NADP)	dhap[c] + h[c] + nadph[c] -> glyc3p[c] + nadp[c]	0.068298	Alternate Carbon Metabolism	AFE_2126	3
TH	5.0	GHMT3	glycine hydroxymethyltransferase	gly[c] + nad[c] + thf[c] -> co2[c] + mlthf[c] + nadh[c] + nh4[c]	0.064261	Glycine and Serine Metabolism	AFE_0295	2
TH	5.0	TRDR	thioredoxin reductase (NADPH)	nadph[c] + trdrd[c] -> 3 h[c] + nadp[c] + trdox[c]	0.063543	Oxidative Phosphorylation	AFE_0375	2
TH	5.0	3OAS10	3-oxoacyl-[acyl-carrier-protein] synthase	dcaACP[c] + h[c] + malACP[c] -> 3oddecACP[c] + ACP[c] + co2[c]	0.058919	(Cell Envelope Biosynthesis) or (Fatty acid biosynthesis)	(AFE_0796 or AFE_1910)	3
TH	5.0	3OAR13	3-oxoacyl-(acyl-carrier-protein) reductase	3oddecACP[c] + h[c] + nadph[c] -> 3hddecACP[c] + nadp[c]	0.058919	(Cell Envelope Biosynthesis) or (Fatty acid biosynthesis)	AFE_1908	3
TH	5.0	EAR12	enoyl-(acyl-carrier-protein) reductase	h[c] + nadph[c] + tdec2eACP[c] -> dcaACP[c] + nadp[c]	0.058919	(Cell Envelope Biosynthesis) or (Fatty acid biosynthesis)	AFE_0420	3
TH	5.0	EAR13	enoyl-(acyl-carrier-protein) reductase	h[c] + nadph[c] + tddec2eACP[c] -> ddcaACP[c] + nadp[c]	0.058919	(Cell Envelope Biosynthesis) or (Fatty acid biosynthesis)	AFE_0420	3
TH	5.0	BHAH13	beta-hydroxyacyl-(acyl-carrier-protein) dehydratase	3hddecACP[c] -> h2o[c] + tddec2eACP[c]	0.058919	(Membrane Lipid Metabolism) or (Fatty acid biosynthesis)	AFE_1455	3
TH	5.0	CA2tex	ca2 transport (citoplasm)	ca2[e] -> ca2[p]	0.057744	Transport, Outer Membrane Porin		1
TH	5.0	CA2tpp	Na+/Ca+2 symporter (periplasm)	ca2[p] -> ca2[c] + na1[p]	0.057744	Transport, Inner Membrane	AFE_0587	2
TH	5.0	Ex_ca2[e]	calcium exchange	ca2[e] -> 	-0.057744	Exchange		
TH	5.0	T2DECAI	trans-2-decenoyl-(acyl-carrier protein) isomerase 	tdec2eACP[c] -> dec3ACP[c]	0.055614	(Cell Envelope Biosynthesis) or (Fatty acid biosynthesis)		1
TH	5.0	3OAS2	3-oxoacyl-[acyl-carrier-protein] synthase	3cddACP[c] + h[c] + malACP[c] -> ACP[c] + co2[c] + coxtdeACP[c]	0.055614	(Cell Envelope Biosynthesis) or (Fatty acid biosynthesis)	(AFE_0796 or AFE_1910)	3
TH	5.0	3OAS3	3-oxoacyl-[acyl-carrier-protein] synthase	ctdeACP[c] + h[c] + malACP[c] -> ACP[c] + co2[c] + coxhxcsACP[c]	0.055614	(Cell Envelope Biosynthesis) or (Fatty acid biosynthesis)	(AFE_0796 or AFE_1910)	3
TH	5.0	3OAS15	3-oxoacyl-[acyl-carrier-protein] synthase	dec3ACP[c] + h[c] + malACP[c] -> ACP[c] + co2[c] + coxododACP[c]	0.055614	(Cell Envelope Biosynthesis) or (Fatty acid biosynthesis)	(AFE_0796 or AFE_1910)	3
TH	5.0	3OAR2	3-oxoacyl-(acyl-carrier-protein) reductase	coxododACP[c] + h[c] + nadph[c] -> chydodeACP[c] + nadp[c]	0.055614	(Cell Envelope Biosynthesis) or (Fatty acid biosynthesis)	AFE_1908	3
TH	5.0	3OAR3	3-oxoacyl-(acyl-carrier-protein) reductase	coxtdeACP[c] + h[c] + nadph[c] -> chytedeACP[c] + nadp[c]	0.055614	(Cell Envelope Biosynthesis) or (Fatty acid biosynthesis)	AFE_1908	3
TH	5.0	3OAR4	3-oxoacyl-(acyl-carrier-protein) reductase	coxhxcsACP[c] + h[c] + nadph[c] -> chyhecdeACP[c] + nadp[c]	0.055614	(Cell Envelope Biosynthesis) or (Fatty acid biosynthesis)	AFE_1908	3
TH	5.0	EAR2	enoyl-(acyl-carrier-protein) reductase	c2tdodeACP[c] + h[c] + nadph[c] -> 3cddACP[c] + nadp[c]	0.055614	(Cell Envelope Biosynthesis) or (Fatty acid biosynthesis)	AFE_0420	3
TH	5.0	EAR3	enoyl-(acyl-carrier-protein) reductase	c2ttedeACP[c] + h[c] + nadph[c] -> ctdeACP[c] + nadp[c]	0.055614	(Cell Envelope Biosynthesis) or (Fatty acid biosynthesis)	AFE_0420	3
TH	5.0	EAR4	enoyl-(acyl-carrier-protein) reductase	c2thedeACP[c] + h[c] + nadph[c] -> chexcaACP[c] + nadp[c]	0.055614	(Cell Envelope Biosynthesis) or (Fatty acid biosynthesis)	AFE_0420	3
TH	5.0	BHAH2	beta-hydroxyacyl-(acyl-carrier-protein) dehydratase	chydodeACP[c] -> c2tdodeACP[c] + h2o[c]	0.055614	(Membrane Lipid Metabolism) or (Fatty acid biosynthesis)	AFE_1455	3
TH	5.0	BHAH3	beta-hydroxyacyl-(acyl-carrier-protein) dehydratase	chytedeACP[c] -> c2ttedeACP[c] + h2o[c]	0.055614	(Membrane Lipid Metabolism) or (Fatty acid biosynthesis)	AFE_1455	3
TH	5.0	BHAH4	beta-hydroxyacyl-(acyl-carrier-protein) dehydratase	chyhecdeACP[c] -> c2thedeACP[c] + h2o[c]	0.055614	(Membrane Lipid Metabolism) or (Fatty acid biosynthesis)	AFE_1455	3
TH	5.0	A5PISO	Arabinose-5-phosphate isomerase	ru5p-D[c] -> ara5p[c]	0.050974	(Lipopolysaccharide Biosynthesis) or (Alternate Carbon Metabolism)	AFE_3030	2
TH	5.0	KDOPS	3-deoxy -D-manno-octulosonic -acid 8-phosphate synthase	ara5p[c] + h2o[c] + pep[c] -> kdo8p[c] + pi[c]	0.050974	( Lipopolysaccharide Biosynthesis ) or ( CMP-KDO biosynthesis )	AFE_0848	2
TH	5.0	KDOCT2	3-deoxy-manno-octulosonate cytidylyltransferase	ctp[c] + kdo[c] -> ckdo[c] + ppi[c]	0.050974	( Lipopolysaccharide Biosynthesis ) or ( CMP-KDO biosynthesis )	AFE_0491	2
TH	5.0	KDOPP	3-deoxy-manno-octulosonate-8-phosphatase	h2o[c] + kdo8p[c] -> kdo[c] + pi[c]	0.050974	( Lipopolysaccharide Biosynthesis ) or ( CMP-KDO biosynthesis )	AFE_3029	2
TH	5.0	PCYT	phosphatidate cytidylyltransferase	ctp[c] + dag3pi_AFE[c] -> cdpdag_AFE[c] + ppi[c]	0.048784	(Glycerophospholipid Metabolism) or (Phospholipid synthesis)	AFE_1449	2
TH	5.0	G3PAT1	acyl-ACP:sn-glycerol-3-phosphate 1-O-acyltransferase 	faplACP[c] + glyc3p[c] -> ACP[c] + faplg3p_AFE[c]	0.048784	Glycerophospholipid Metabolism		1
TH	5.0	G3PAT2	1-acyl-sn-glycerol-3-phosphate acyltransferase 	faplACP[c] + faplg3p_AFE[c] -> ACP[c] + dag3pi_AFE[c]	0.048784	Glycerophospholipid Metabolism	AFE_0727	2
TH	5.0	PL-AFE	phospholipids formation	0.05 clpn120[c] + 0.15 pe_AFE[c] + 0.37 pg120[c] + 0.43 ptdmeeta_AFE[c] -> ppl_AFE[c]	0.046461	(Glycerophospholipid Metabolism) or (Phospholipid synthesis)		3
TH	5.0	3OAS11	3-oxoacyl-[acyl-carrier-protein] synthase	ddcaACP[c] + h[c] + malACP[c] -> 3omrsACP[c] + ACP[c] + co2[c]	0.046335	(Cell Envelope Biosynthesis) or (Fatty acid biosynthesis)	(AFE_0796 or AFE_1910)	3
TH	5.0	3OAR14	3-oxoacyl-(acyl-carrier-protein) reductase	3omrsACP[c] + h[c] + nadph[c] -> 3hmrsACP[c] + nadp[c]	0.046335	(Cell Envelope Biosynthesis) or (Fatty acid biosynthesis)	AFE_1908	3
TH	5.0	MNTH	NRAMP dual Mn(II)/Fe(II) MntH-like transporter	fe2[p] + h[p] -> fe2[c] + h[c]	0.04451	Transport, Inner Membrane	(AFE_0105 or AFE_0920)	2
TH	5.0	FE2tex	fe2 transport	fe2[e] -> fe2[p]	0.04451	Transport, Outer Membrane Porin		1
TH	5.0	FE3tpp	Fe(III) ABC inner membrane transporter	atp[c] + fe3[p] + h2o[c] -> adp[c] + fe3[c] + h[c] + pi[c]	0.04447	(Transport, Inner Membrane) or (Fe+2 Metabolism)	((AFE_1489 and AFE_1490 and AFE_1491) or (AFE_1493 and AFE_1494 and AFE_1495))	2
TH	5.0	FE32tpp	fe3 ton transporter	fe3[e] -> fe3[p]	0.04447	Transport, Inner Membrane	((AFE_2267 and AFE_2268 and AFE_2269 and AFE_2270 and AFE_2271 and AFE_2273 and AFE_2274 and AFE_2275 and AFE_2276) or (AFE_2998 and AFE_2999 and AFE_2300 and AFE_2301 and AFE_2302 and AFE_2303 and AFE_2304 and AFE_2305))	2
TH	5.0	GF6PTA	glutamine-fructose-6-phosphate transaminase	f6p-B[c] + gln-L[c] -> gam6p[c] + glu-L[c]	0.044326	(Cell Envelope Biosynthesis) or (EPS biosynthesis)	AFE_3200	2
TH	5.0	PGAMT	phosphoglucosamine mutase	gam1p[c] -> gam6p[c]	-0.044072	(Cell Envelope Biosynthesis) or (EPS biosynthesis)	AFE_2634	2
TH	5.0	G1PACT	glucosamine-1-phosphate N-acetyltransferase	accoa[c] + gam1p[c] -> acgam1p[c] + coa[c] + h[c]	0.044072	(Cell Envelope Biosynthesis) or (EPS biosynthesis)	AFE_3201	2
TH	5.0	UAGDP	UDP-N-acetylglucosamine diphosphorylase	acgam1p[c] + h[c] + utp[c] -> ppi[c] + uacgam[c]	0.044072	(Cell Envelope Biosynthesis) or (EPS biosynthesis)	AFE_3201	2
TH	5.0	NA1tex	na transport	na1[e] -> na1[p]	0.035178	Transport, Outer Membrane Porin		1
TH	5.0	Ex_na1[e]	sodium exchange	na1[e] -> 	-0.035178	Exchange		
TH	5.0	3OAS4	3-oxoacyl-[acyl-carrier-protein] synthase	chexcaACP[c] + h[c] + malACP[c] -> ACP[c] + co2[c] + coxocdaACP[c]	0.035125	(Cell Envelope Biosynthesis) or (Fatty acid biosynthesis)	(AFE_0796 or AFE_1910)	3
TH	5.0	3OAR5	3-oxoacyl-(acyl-carrier-protein) reductase	coxocdaACP[c] + h[c] + nadph[c] -> chyocdeACP[c] + nadp[c]	0.035125	(Cell Envelope Biosynthesis) or (Fatty acid biosynthesis)	AFE_1908	3
TH	5.0	EAR5	enoyl-(acyl-carrier-protein) reductase	c2tocdeACP[c] + h[c] + nadph[c] -> nadp[c] + octeACP[c]	0.035125	(Cell Envelope Biosynthesis) or (Fatty acid biosynthesis)	AFE_0420	3
TH	5.0	BHAH5	beta-hydroxyacyl-(acyl-carrier-protein) dehydratase	chyocdeACP[c] -> c2tocdeACP[c] + h2o[c]	0.035125	(Membrane Lipid Metabolism) or (Fatty acid biosynthesis)	AFE_1455	3
TH	5.0	NDPK4	nucleoside-diphosphate kinase (ATP:dTDP)	atp[c] + dtdp[c] + h[c] -> adp[c] + dttp[c]	0.034169	Nucleotide Salvage Pathway	AFE_1929	2
TH	5.0	Ktex	k transport	k[e] -> k[p]	0.030532	Transport, Outer Membrane Porin		1
TH	5.0	Ktpp	voltage-gated potassium channel	k[p] -> k[c]	0.030532	Transport, Inner Membrane	(AFE_2922 or AFE_1968 or AFE_3093 or AFE_1753)	2
TH	5.0	Ex_k[e]	k+ exchange	k[e] -> 	-0.030532	Exchange		
TH	5.0	HCYSMT	homocysteine S-methyltransferase	amet[c] + hcys-L[c] -> ahcys[c] + h[c] + met-L[c]	-0.027372	Methionine Metabolism	AFE_3126	2
TH	5.0	PSD120	Phosphatidylserine decarboxylase	h[c] + ps120[c] -> co2[c] + pe_AFE[c]	0.026947	( Glycerophospholipid Metabolism ) or (Phosphatidylethanolamine biosynthesis )	AFE_2292	2
TH	5.0	PSSA120	CDP-diacylglycerol--serine O-phosphatidyltransferase 	cdpdag_AFE[c] + ser-L[c] -> cmp[c] + h[c] + ps120[c]	0.026947	( Glycerophospholipid Metabolism ) or (Phosphatidylethanolamine biosynthesis )	AFE_2291	2
TH	5.0	ALAR	alanine racemase	ala-L[c] -> ala-D[c]	0.025885	Alanine and Aspartate Metabolism	AFE_2818	2
TH	5.0	LIPA		0.52 dtdpglu[c] + 0.43 dtdprmn[c] + 0.01 gam[c] + 0.01 gdpmann[c] + hlipa_AFE[c] -> 0.94 dtdp[c] + 0.01 gdp[c] + polysac_AFE[c]	0.025487	Lipopolysaccharide Biosynthesis		3
TH	5.0	KDOCT	3-deoxy-D-manno-octulosonic-acid transferase	ckdo[c] -> cmp[c] + h[c] + kdo_AFE[c]	0.025487	( Lipopolysaccharide Biosynthesis ) or ( KDO(2)-AFE synthesis )	AFE_0237	3
TH	5.0	KDOCT3	3-deoxy-D-manno-octulosonic-acid transferase	ckdo[c] + kdo_AFE[c] -> kdo2_AFE[c]	0.025487	( Lipopolysaccharide Biosynthesis ) or ( KDO(2)-AFE synthesis )	AFE_0237	3
TH	5.0	HKDOS	Lipopolysaccharide heptosyltransferase Iacyltransferase 	0.03 adphep-LD[c] + kdo2_AFE[c] -> hlipa_AFE[c]	0.025487	( Lipopolysaccharide Biosynthesis ) or ( KDO(2)-AFE synthesis )		3
TH	5.0	G1PTT	glucose-1-phosphate thymidylyltransferase	dttp[c] + g1p[c] -> dtdpglu[c] + ppi[c]	0.024213	Cell Envelope Biosynthesis	AFE_3295	2
TH	5.0	PGPP120	Phosphatidylglycerophosphatase 	h2o[c] + pgp_AFE[c] -> pg120[c] + pi[c]	0.021837	Glycerophospholipid Metabolism	AFE_0929	2
TH	5.0	PGSA	CDP-diacylglycerol--glycerol-3-phosphate 3-phosphatidyltransferase 	cdpdag_AFE[c] + glyc3p[c] -> cmp[c] + h[c] + pgp_AFE[c]	0.021837	Glycerophospholipid Metabolism	(AFE_1900 and AFE_0854)	2
TH	5.0	PMEAS	Phosphatidylserine decarboxylase	amet[c] + pe_AFE[c] -> ahcys[c] + ptdmeeta_AFE[c]	0.019978	( Glycerophospholipid Metabolism ) or (Phosphatidylethanolamine biosynthesis )	(AFE_2739 or AFE_0594)	2
TH	5.0	MN2tex	mn2 transport	mn2[e] -> mn2[p]	0.019912	Transport, Outer Membrane Porin		1
TH	5.0	MN2tpp	metalion trabsporter, NRAMP family	mn2[p] -> mn2[c]	0.019912	Transport, Inner Membrane	(AFE_0920 or AFE_0105)	2
TH	5.0	Ex_mn2[e]	mn2+ exchange	mn2[e] -> 	-0.019912	Exchange		
TH	5.0	EAR14	enoyl-(acyl-carrier-protein) reductase	h[c] + nadph[c] + tmrs2eACP[c] -> myrsACP[c] + nadp[c]	0.017463	(Cell Envelope Biosynthesis) or (Fatty acid biosynthesis)	AFE_0420	3
TH	5.0	BHAH14	beta-hydroxyacyl-(acyl-carrier-protein) dehydratase	3hmrsACP[c] -> h2o[c] + tmrs2eACP[c]	0.017463	(Membrane Lipid Metabolism) or (Fatty acid biosynthesis)	AFE_1455	3
TH	5.0	UDCPDP	undecaprenyl-diphosphatase	h2o[c] + udcpdp[c] -> h[c] + pi[c] + udcpp[c]	0.017257	Cell Envelope Biosynthesis	AFE_0636	2
TH	5.0	ALAALAr	D-alanine-D-alanine ligase	2 ala-D[c] + atp[c] -> adp[c] + alaala[c] + h[c] + pi[c]	0.017257	(Cell Envelope Biosynthesis) or (Murein Biosynthesis)	AFE_0203	2
TH	5.0	PAPPT3	phospho-N-acetylmuramoyl-pentapeptide-transferase (meso-2,6-diaminopimelate)	udcpp[c] + ugmda[c] -> uagmda[c] + ump[c]	0.017257	( Cell Envelope Biosynthesis ) or ( Peptidoglycan biosynthesis )	AFE_0209	2
TH	5.0	UAGCVT	UDP-N-acetylglucosamine 1-carboxyvinyltransferase	pep[c] + uacgam[c] -> pi[c] + uaccg[c]	0.017257	( Cell Envelope Biosynthesis ) or ( Peptidoglycan biosynthesis )	AFE_3039	2
TH	5.0	UAPGR	UDP-N-acetylmuramate dehydrogenase	nadp[c] + uamr[c] -> h[c] + nadph[c] + uaccg[c]	-0.017257	( Cell Envelope Biosynthesis ) or ( Peptidoglycan biosynthesis )	AFE_0204	2
TH	5.0	UAMAS	UDP-N-acetylmuramate--alanine ligase	ala-L[c] + atp[c] + uamr[c] -> adp[c] + h[c] + pi[c] + uama[c]	0.017257	( Cell Envelope Biosynthesis ) or ( Peptidoglycan biosynthesis )	AFE_0205	2
TH	5.0	UAMAGS	UDP-N-acetylmuramoylalanine--D-glutamate ligase	atp[c] + glu-D[c] + uama[c] -> adp[c] + h[c] + pi[c] + uamag[c]	0.017257	( Cell Envelope Biosynthesis ) or ( Peptidoglycan biosynthesis )	AFE_0208	2
TH	5.0	UAAGDS	UDP-N-acetylmuramoylalanyl-D-glutamate--2,6-diaminopimelate ligase	26dap-M[c] + atp[c] + uamag[c] -> adp[c] + h[c] + pi[c] + ugmd[c]	0.017257	( Cell Envelope Biosynthesis ) or ( Peptidoglycan biosynthesis )	AFE_0211	2
TH	5.0	UGLDDS	UDP-N-acetylmuramoyl-tripeptide--D-alanyl-D-alanine ligase	alaala[c] + atp[c] + ugmd[c] -> adp[c] + h[c] + pi[c] + ugmda[c]	0.017257	( Cell Envelope Biosynthesis ) or ( Peptidoglycan biosynthesis )	AFE_0210	2
TH	5.0	UCMAT	undecaprenyldiphospho-muramoylpentapeptide ?-N-acetylglucosaminyltransferase	uacgam[c] + uagmda[c] -> h[c] + udp[c] + ugmdal[c]	0.017257	( Cell Envelope Biosynthesis ) or ( Peptidoglycan biosynthesis )	AFE_0206	2
TH	5.0	GLUR	glutamate racemase	glu-L[c] -> glu-D[c]	0.017257	( Cell Envelope Biosynthesis ) or ( Peptidoglycan biosynthesis )	AFE_2842	2
TH	5.0	LPS	lipolysaccharide formation	0.3 lip_AFE[c] + 1.6 polysac_AFE[c] -> lps_AFE[c]	0.015929	Lipopolysaccharide Biosynthesis		3
TH	5.0	NDPK7	nucleoside-diphosphate kinase (ATP:dCDP)	atp[c] + dcdp[c] -> adp[c] + dctp[c]	0.014602	Nucleotide Salvage Pathway	AFE_1929	2
TH	5.0	NDPK5	nucleoside-diphosphate kinase (ATP:dGDP)	atp[c] + dgdp[c] -> adp[c] + dgtp[c]	0.014602	Nucleotide Salvage Pathway	AFE_1929	2
TH	5.0	RNDR3	ribonucleoside-diphosphate reductase (CDP)	cdp[c] + trdrd[c] -> dcdp[c] + h2o[c] + trdox[c]	0.014602	Nucleotide Salvage Pathway	(AFE_2639 and AFE_2638)	2
TH	5.0	RNDR2	ribonucleoside-diphosphate reductase (GDP)	gdp[c] + trdrd[c] -> dgdp[c] + h2o[c] + trdox[c]	0.014602	Nucleotide Salvage Pathway	(AFE_2639 and AFE_2638)	2
TH	5.0	3OAS12	3-oxoacyl-[acyl-carrier-protein] synthase	h[c] + malACP[c] + myrsACP[c] -> 3opalmACP[c] + ACP[c] + co2[c]	0.012684	(Cell Envelope Biosynthesis) or (Fatty acid biosynthesis)	(AFE_0796 or AFE_1910)	3
TH	5.0	3OAR15	3-oxoacyl-(acyl-carrier-protein) reductase	3opalmACP[c] + h[c] + nadph[c] -> 3hpalmACP[c] + nadp[c]	0.012684	(Cell Envelope Biosynthesis) or (Fatty acid biosynthesis)	AFE_1908	3
TH	5.0	EAR15	enoyl-(acyl-carrier-protein) reductase	h[c] + nadph[c] + tpalm2eACP[c] -> nadp[c] + palmACP[c]	0.012684	(Cell Envelope Biosynthesis) or (Fatty acid biosynthesis)	AFE_0420	3
TH	5.0	BHAH15	beta-hydroxyacyl-(acyl-carrier-protein) dehydratase	3hpalmACP[c] -> h2o[c] + tpalm2eACP[c]	0.012684	(Membrane Lipid Metabolism) or (Fatty acid biosynthesis)	AFE_1455	3
TH	5.0	3OAS5	3-oxoacyl-[acyl-carrier-protein] synthase	5 h[c] + 5 malACP[c] + ptACP[c] -> 5 ACP[c] + 5 co2[c] + v3oaACP[c]	0.011708	(Cell Envelope Biosynthesis) or (Fatty acid biosynthesis)	(AFE_0796 or AFE_1910)	3
TH	5.0	3OAR6	3-oxoacyl-(acyl-carrier-protein) reductase	3oxpenACP[c] + h[c] + nadph[c] -> R-3hptACP[c] + nadp[c]	0.011708	(Cell Envelope Biosynthesis) or (Fatty acid biosynthesis)	AFE_1908	3
TH	5.0	3OAR7	3-oxoacyl-(acyl-carrier-protein) reductase	5 h[c] + 5 nadph[c] + v3oaACP[c] -> 5 nadp[c] + v3haACP[c]	0.011708	(Cell Envelope Biosynthesis) or (Fatty acid biosynthesis)	AFE_1908	3
TH	5.0	3OAS28	3-oxoacyl-(acyl-carrier-protein) synthase III	h[c] + malACP[c] + ppcoa[c] -> 3oxpenACP[c] + co2[c] + coa[c]	0.011708	(Cell Envelope Biosynthesis) or (Fatty acid biosynthesis)	AFE_1906	3
TH	5.0	EAR6	enoyl-(acyl-carrier-protein) reductase	2tpenACP[c] + h[c] + nadph[c] -> nadp[c] + ptACP[c]	0.011708	(Cell Envelope Biosynthesis) or (Fatty acid biosynthesis)	AFE_0420	3
TH	5.0	EAR7	enoyl-(acyl-carrier-protein) reductase	5 h[c] + 5 nadph[c] + vtenACP[c] -> 5 nadp[c] + ptdcaACP[c]	0.011708	(Cell Envelope Biosynthesis) or (Fatty acid biosynthesis)	AFE_0420	3
TH	5.0	BHAH6	beta-hydroxyacyl-(acyl-carrier-protein) dehydratase	R-3hptACP[c] -> 2tpenACP[c] + h2o[c]	0.011708	(Membrane Lipid Metabolism) or (Fatty acid biosynthesis)	AFE_1455	3
TH	5.0	BHAH7	beta-hydroxyacyl-(acyl-carrier-protein) dehydratase	v3haACP[c] -> 5 h2o[c] + vtenACP[c]	0.011708	(Membrane Lipid Metabolism) or (Fatty acid biosynthesis)	AFE_1455	3
TH	5.0	MMM	Methylmalonyl-CoA mutase	mmcoa[c] -> succoa[c]	-0.011708	( Alternate Carbon Metabolism ) or ( Methylmalonyl pathway )		1
TH	5.0	MMCD	Methylmalonyl-CoA decarboxylase	h[c] + mmcoa[c] -> co2[c] + ppcoa[c]	0.011708	Alternate Carbon Metabolism		1
TH	5.0	SUCD	succinate dehydrogenase	fum[c] + h[c] + nadh[c] -> nad[c] + succ[c]	0.011556	Citric Acid Cycle	AFE_2550	2
TH	5.0	TDPGDH	dTDPglucose 4,6-dehydratase	dtdpglu[c] -> dtdp4d6dg[c] + h2o[c]	0.010959	Cell Envelope Biosynthesis	AFE_0441	2
TH	5.0	TDPDRE2	dTDP-L-rhamnose synthetase 	dtdp4d6dg[c] + h[c] + nadh[c] -> dtdprmn[c] + nad[c]	0.010959	Cell Envelope Biosynthesis	AFE_3294	2
TH	5.0	3OAS6	3-oxoacyl-[acyl-carrier-protein] synthase	h[c] + malACP[c] + ptdcaACP[c] -> 3oxhepACP[c] + ACP[c] + co2[c]	0.010732	(Cell Envelope Biosynthesis) or (Fatty acid biosynthesis)	(AFE_0796 or AFE_1910)	3
TH	5.0	3OAR8	3-oxoacyl-(acyl-carrier-protein) reductase	3oxhepACP[c] + h[c] + nadph[c] -> R-3hyhepACP[c] + nadp[c]	0.010732	(Cell Envelope Biosynthesis) or (Fatty acid biosynthesis)	AFE_1908	3
TH	5.0	BHAH8	beta-hydroxyacyl-(acyl-carrier-protein) dehydratase	R-3hyhepACP[c] -> h2o[c] + thepcaACP[c]	0.010732	(Membrane Lipid Metabolism) or (Fatty acid biosynthesis)	AFE_1455	3
TH	5.0	DHFR	dihydrofolate reductase	nadp[c] + thf[c] -> dhf[c] + h[c] + nadph[c]	-0.010264	(Cofactor and Prosthetic Group Biosynthesis) or (Tetrahydrofolate biosynthesis)		1
TH	5.0	TMDS	Thymidylate synthase	dump[c] + mlthf[c] -> dhf[c] + dtmp[c]	0.010211	Nucleotide Salvage Pathway		1
TH	5.0	DUTPDP	dUTP diphosphatase	dutp[c] + h2o[c] -> dump[c] + h[c] + ppi[c]	0.010211	Nucleotide Salvage Pathway	AFE_0356	2
TH	5.0	NDPK6	nucleoside-diphosphate kinase (ATP:dUDP)	atp[c] + dudp[c] -> adp[c] + dutp[c] + h[c]	0.010211	Nucleotide Salvage Pathway	AFE_1929	2
TH	5.0	RNDR4	ribonucleoside-diphosphate reductase (UDP)	h[c] + trdrd[c] + udp[c] -> dudp[c] + h2o[c] + trdox[c]	0.010211	Nucleotide Salvage Pathway	(AFE_2639 and AFE_2638)	2
TH	5.0	DTMPK	dTMP kinase	atp[c] + dtmp[c] -> adp[c] + dtdp[c]	0.010211	Nucleotide Salvage Pathway	AFE_1913	2
TH	5.0	NDPK8	nucleoside-diphosphate kinase (ATP:dADP)	atp[c] + dadp[c] -> adp[c] + datp[c]	0.009956	Nucleotide Salvage Pathway	AFE_1929	2
TH	5.0	RNDR1	ribonucleoside-diphosphate reductase (ADP)	adp[c] + trdrd[c] -> dadp[c] + h2o[c] + trdox[c]	0.009956	Nucleotide Salvage Pathway	(AFE_2639 and AFE_2638)	2
TH	5.0	AGAD	NAD dependent UDP-N-acetylglucosamine 3-dehydrogenase 	nad[c] + uacgam[c] -> h[c] + nadh[c] + uacgamo[c]	0.009558	Lipopolysaccharide Biosynthesis	AFE_1457	3
TH	5.0	UACAA	Pyridoxal phosphate-dependent UDP 2-acetamido-2-deoxy-alpha-D-ribo-hexopyranos-3-ulose 3-aminotransferase 	glu-L[c] + uacgamo[c] -> akg[c] + u3agn[c]	0.009558	Lipopolysaccharide Biosynthesis	AFE_1458	3
TH	5.0	UAGAAT	UDP-N-acetylglucosamine acyltransferase	3hmrsACP[c] + u3agn[c] -> ACP[c] + h[c] + u3aga[c]	0.009558	( Lipopolysaccharide Biosynthesis ) or ( Lipid A synthesis )	AFE_1456	3
TH	5.0	UAAD	UDP-3-O-acyl N-acetylglucosamine deacetylase	h2o[c] + u3aga[c] -> ac[c] + udpglucpypi[c]	0.009558	( Lipopolysaccharide Biosynthesis ) or ( Lipid A synthesis )	AFE_0223	3
TH	5.0	UAAA	UDP-3-O-3-hydroxymiristoyl glucosamine N-acetyltransferase	3hmrsACP[c] + udpglucpypi[c] -> ACP[c] + h[c] + udpglucpy[c]	0.009558	( Lipopolysaccharide Biosynthesis ) or ( Lipid A synthesis )	AFE_1454	3
TH	5.0	EAR8	enoyl-(acyl-carrier-protein) reductase	h[c] + nadph[c] + thepcaACP[c] -> hpdcaACP[c] + nadp[c]	0.008781	(Cell Envelope Biosynthesis) or (Fatty acid biosynthesis)	AFE_0420	3
TH	5.0	MCTP1A	murein crosslinking transpeptidase 1A:(A2pm->D-ala) 	murein5p5p[c] -> ala-D[c] + murein5px4p[c]	0.008628	(Cell Envelope Biosynthesis) or (Murein Biosynthesis)	(AFE_1960 or AFE_2526 or AFE_2923)	2
TH	5.0	PGLT	peptidoglycan glycosyltransferase	2 ugmdal[c] -> 2 h[c] + murein5p5p[c] + 2 udcpdp[c]	0.008628	( Cell Envelope Biosynthesis ) or ( Peptidoglycan biosynthesis )	AFE_0206	2
TH	5.0	CFAS190	cyclopropane-fatty-acyl-phospholipid synthase	amet[c] + noncaACP[c] -> ahcys[c] + c190cACP[c] + h[c]	0.00683	(Glycerophospholipid Metabolism) or (Phospholipid synthesis)	AFE_2929	2
TH	5.0	3OAS7	3-oxoacyl-[acyl-carrier-protein] synthase	h[c] + hpdcaACP[c] + malACP[c] -> 3oxnonACP[c] + ACP[c] + co2[c]	0.00683	(Cell Envelope Biosynthesis) or (Fatty acid biosynthesis)	(AFE_0796 or AFE_1910)	3
TH	5.0	3OAR9	3-oxoacyl-(acyl-carrier-protein) reductase	3oxnonACP[c] + h[c] + nadph[c] -> 3hynonACP[c] + nadp[c]	0.00683	(Cell Envelope Biosynthesis) or (Fatty acid biosynthesis)	AFE_1908	3
TH	5.0	BHAH9	beta-hydroxyacyl-(acyl-carrier-protein) dehydratase	3hynonACP[c] -> h2o[c] + noncaACP[c]	0.00683	(Membrane Lipid Metabolism) or (Fatty acid biosynthesis)	AFE_1455	3
TH	5.0	LPADSS	Lipid A disaccaride synthase	biglucpypi[c] + udpglucpy[c] -> h[c] + lipidA_AFE[c] + udp[c]	0.004779	( Lipopolysaccharide Biosynthesis ) or ( Lipid A synthesis )	AFE_1459	3
TH	5.0	UHGA	UDP-3-O-3-hydroxymiristoyl glucosamine N-acetyltransferase	h2o[c] + udpglucpy[c] -> biglucpypi[c] + 2 h[c] + ump[c]	0.004779	( Lipopolysaccharide Biosynthesis ) or ( Lipid A synthesis )	AFE_1987	3
TH	5.0	TDSK	Tetraacyldisaccharide 4kinase	atp[c] + lipidA_AFE[c] -> adp[c] + h[c] + lipid4A_AFE[c]	0.004779	( Lipopolysaccharide Biosynthesis ) or ( Lipid A synthesis )	AFE_0489	3
TH	5.0	LDAS	Lipid A biosynthesis lauroyl acyltransferase	ddcaACP[c] + lipid4A_AFE[c] -> ACP[c] + ddcalipid4A_AFE[c]	0.004779	( Lipopolysaccharide Biosynthesis ) or ( Lipid A synthesis )	AFE_0238	3
TH	5.0	LIPS	Myristoyl-acyl carrier protein-dependent acyltransferase	ddcalipid4A_AFE[c] + myrsACP[c] -> ACP[c] + lip_AFE[c]	0.004779	( Lipopolysaccharide Biosynthesis ) or ( Lipid A synthesis )	AFE_0238	3
TH	5.0	ORNDC	Ornithine Decarboxylase	h[c] + orn[c] -> co2[c] + ptrc[c]	0.002861	Arginine and Proline Metabolism		1
TH	5.0	CLPNS120	cardiolipin synthase	2 pg120[c] -> clpn120[c] + glyc[c]	0.002323	(Glycerophospholipid Metabolism) or (Phospholipid synthesis) or (Cardiolipin Biosynthesis)	AFE_1740	2
TH	5.0	GLYK	glycerol kinase	atp[c] + glyc[c] -> adp[c] + glyc3p[c] + h[c]	0.002323	Alternate Carbon Metabolism		1
TH	5.0	3OAS13	3-oxoacyl-[acyl-carrier-protein] synthase	h[c] + malACP[c] + palmACP[c] -> 3ooctdACP[c] + ACP[c] + co2[c]	0.001951	(Cell Envelope Biosynthesis) or (Fatty acid biosynthesis)	(AFE_0796 or AFE_1910)	3
TH	5.0	3OAR16	3-oxoacyl-(acyl-carrier-protein) reductase	3ooctdACP[c] + h[c] + nadph[c] -> 3hoctaACP[c] + nadp[c]	0.001951	(Cell Envelope Biosynthesis) or (Fatty acid biosynthesis)	AFE_1908	3
TH	5.0	EAR16	enoyl-(acyl-carrier-protein) reductase	2tadeACP[c] + h[c] + nadph[c] -> nadp[c] + ocdcaACP[c]	0.001951	(Cell Envelope Biosynthesis) or (Fatty acid biosynthesis)	AFE_0420	3
TH	5.0	BHAH16	beta-hydroxyacyl-(acyl-carrier-protein) dehydratase	3hoctaACP[c] -> 2tadeACP[c] + h2o[c]	0.001951	(Membrane Lipid Metabolism) or (Fatty acid biosynthesis)	AFE_1455	3
TH	5.0	ZN2tex	zn2 transport	zn2[e] -> zn2[p]	0.001327	Transport, Outer Membrane Porin		1
TH	5.0	ZN2tpp	metalion trabsporter, NRAMP family	zn2[p] -> zn2[c]	0.001327	Transport, Inner Membrane	(AFE_0920 or AFE_0105)	2
TH	5.0	Ex_zn2[e]	zinc exchange	zn2[e] -> 	-0.001327	Exchange		
