类别	PGDB	对象ID	名称	同义词	化学式	分子量	外部ID	来源
Compound	GCF_000021485	DAMP	dAMP	2'-deoxyadenosine 5'-phosphate;deoxyadenosine-phosphate;2'-deoxyadenosine 5''-monophosphate;2'-dAMP		329.208	SEED:cpd00294;METANETX:MNXM432;REFMET:dAMP;BIGG:damp;METABOLIGHTS:MTBLC58245;HMDB:HMDB00905;CHEMSPIDER:18735032;CHEBI:58245;PUBCHEM:22848660;CAS:653-63-4;LIGAND-CPD:C00360	D:\嗜酸氧化亚铁硫杆菌\03_BioCyc\C2-1\官方原始下载\GCF_000021485_compounds_left_network_full_20260923_083853.xml
Compound	GCF_000021485	Lipid-A-Disaccharide	a lipid A disaccharide	2-deoxy-2-{[(3R)-3-hydroxyacyl]amino}-3-O-[(3R)-3-hydroxyacyl]-&beta;-D-glucopyranosyl-(1&rarr;6)-2-deoxy-3-O-[(3R)-3-hydroxyacyl]-2-{[(3R)-3-hydroxyacyl]amino}-1-O-phospho-&alpha;-D-glucopyranose;tetraacyldisaccharide-1-phosphate (ambiguous);a dephospho lipid IV<sub>A</sub>				D:\嗜酸氧化亚铁硫杆菌\03_BioCyc\C2-1\官方原始下载\GCF_000021485_compounds_left_network_full_20260923_083853.xml
Compound	GCF_000021485	CPD-11446	1'-hydroxy-&gamma;-carotene			554.898	SEED:cpd14590;METANETX:MNXM5397;CHEBI:80133;LIGAND-CPD:C15859;PUBCHEM:14730337	D:\嗜酸氧化亚铁硫杆菌\03_BioCyc\C2-1\官方原始下载\GCF_000021485_compounds_left_network_full_20260923_083853.xml
Compound	GCF_000021485	23S-rRNA-pseudouridine1911-1915-1917	a pseudouridine<sup>1911/1915/1917</sup> in 23S rRNA	a 23S rRNA pseudouridine<sup>1911/1915/1917</sup>			SEED:cpd21960;METANETX:MNXM14410	D:\嗜酸氧化亚铁硫杆菌\03_BioCyc\C2-1\官方原始下载\GCF_000021485_compounds_right_network_full_20260923_083853.xml
Compound	GCF_000021485	AMINO-HYDROXYMETHYL-METHYLPYRIMIDINE-PP	4-amino-2-methyl-5-(diphosphooxymethyl)pyrimidine	4-amino-2-methyl-5-(diphosphooxymethyl)pyrimidine;4-amino-5-hydroxymethyl-2-methylpyrimidine-PP		296.093	SEED:cpd02894;METANETX:MNXM1135;BIGG:2mahmp;CHEBI:57841;PUBCHEM:25245586;CAS:745-65-3;LIGAND-CPD:C04752;CAS:841-01-0	D:\嗜酸氧化亚铁硫杆菌\03_BioCyc\C2-1\官方原始下载\GCF_000021485_compounds_left_network_full_20260923_083853.xml
Compound	GCF_000021485	16S-rRNA-adenine1518-adenine1519	adenine<sup>1518</sup>/adenine<sup>1519</sup> in 16S rRNA				SEED:cpd21825;METANETX:MNXM14029	D:\嗜酸氧化亚铁硫杆菌\03_BioCyc\C2-1\官方原始下载\GCF_000021485_compounds_left_network_full_20260923_083853.xml
Compound	GCF_000021485	GLC-1-P	&alpha;-D-glucopyranose 1-phosphate	glucose 1-phosphate;cori ester;D-glucose 1-phosphate;glucose-1P;&alpha;-glucose-1-phosphate;D-glucose-&alpha;-1-phosphate;&alpha;-D-glucose-1-P;D-glucose-1-phosphate;&alpha;-D-glucose 1-phosphate		258.121	REFMET:Glucose-1-phosphate;BIGG:g1p;METABOLIGHTS:MTBLC58601;HMDB:HMDB01586;CHEMSPIDER:5441206;CHEBI:58601;PUBCHEM:7091266;CAS:59-56-3	D:\嗜酸氧化亚铁硫杆菌\03_BioCyc\C2-1\官方原始下载\GCF_000021485_compounds_left_network_full_20260923_083853.xml
Compound	GCF_000021485	Protein-N-terminal-L-threonine	an N-terminal L-threonyl-[protein]	a [protein] N-terminal L-threonine			METANETX:MNXM164552	D:\嗜酸氧化亚铁硫杆菌\03_BioCyc\C2-1\官方原始下载\GCF_000021485_compounds_right_network_full_20260923_083853.xml
Compound	GCF_000021485	CPD-469	<i>N</i>-acetyl-L-glutamate 5-semialdehyde	<i>N</i>-acetylglutamate &gamma;-semialdehyde;<i>N</i>-acetyl-L-glutamate-5-semialdehyde;<i>N</i>-acetyl-L-glutamate semialdehyde;<i>N</i>-acetylglutamate semialdehyde;2-acetamido-5-oxopentanoate		172.16	SEED:cpd00918;METANETX:MNXM1062;BIGG:acg5sa;METABOLIGHTS:MTBLC29123;HMDB:HMDB06488;CHEMSPIDER:5256773;PUBCHEM:6857435;CHEBI:29123;LIGAND-CPD:C01250	D:\嗜酸氧化亚铁硫杆菌\03_BioCyc\C2-1\官方原始下载\GCF_000021485_compounds_left_network_full_20260923_083853.xml
Compound	GCF_000021485	CDPDIACYLGLYCEROL	a CDP-diacylglycerol	CDP-diglyceride;CDP-1,2-diglyceride;CDP-1,2-diacylglycerol			METANETX:MNXM201;CHEBI:17962;LIGAND-CPD:C00269	D:\嗜酸氧化亚铁硫杆菌\03_BioCyc\C2-1\官方原始下载\GCF_000021485_compounds_left_network_full_20260923_083853.xml
Compound	GCF_000021485	Lipoyl-Protein-L-Lysine	a [lipoyl-carrier protein]-L-lysine				METANETX:MNXM146358	D:\嗜酸氧化亚铁硫杆菌\03_BioCyc\C2-1\官方原始下载\GCF_000021485_compounds_left_network_full_20260923_083853.xml
Compound	GCF_000021485	PROTON	H<SUP>+</SUP>	hydrogen ion;proton;H		1.008	SEED:cpd00067;METANETX:MNXM1;BIGG:h;HMDB:HMDB59597;CHEMSPIDER:1010;PUBCHEM:1038;CHEBI:15378;CAS:12408-02-5;LIGAND-CPD:C00080	D:\嗜酸氧化亚铁硫杆菌\03_BioCyc\C2-1\官方原始下载\GCF_000021485_compounds_left_network_full_20260923_083853.xml
Compound	GCF_000021485	METHIONYL-PEPTIDE	an N-terminal L-methionyl-[protein]	a [protein] N-terminal L-methionine			SEED:cpd13365;METANETX:MNXM93585;LIGAND-CPD:C11440	D:\嗜酸氧化亚铁硫杆菌\03_BioCyc\C2-1\官方原始下载\GCF_000021485_compounds_right_network_full_20260923_083853.xml
Compound	GCF_000021485	Octanoylated-Gcv-H	a [glycine-cleavage complex H protein] <i>N<sup>6</sup></i>-octanoyl-L-lysine				SEED:cpd27713;METANETX:MNXM97429	D:\嗜酸氧化亚铁硫杆菌\03_BioCyc\C2-1\官方原始下载\GCF_000021485_compounds_left_network_full_20260923_083853.xml
Compound	GCF_000021485	CPD-24230	lipid A disaccharide (<i>P. gingivalis</i>)			1449.968		D:\嗜酸氧化亚铁硫杆菌\03_BioCyc\C2-1\官方原始下载\GCF_000021485_compounds_left_network_full_20260923_083853.xml
Compound	GCF_000021485	CPD-6746	1D-<i>myo</i>-inositol 2-monophosphate	D-<i>myo</i>-inositol 2-monophosphate;Ins(2)P<sub>1</sub>;Ins2P		258.121	SEED:cpd24655;METANETX:MNXM8031;CHEBI:62383	D:\嗜酸氧化亚铁硫杆菌\03_BioCyc\C2-1\官方原始下载\GCF_000021485_compounds_left_network_full_20260923_083853.xml
Compound	GCF_000021485	CPD-15874	<i>bis</i>(molybdenum cofactor)	<i>bis</i>(molybdopterin)molybdenum cofactor;<i>bis</i>-MPT;<i>bis</i>(molybdopterin)molybdenum		894.565	METANETX:MNXM147053;PUBCHEM:136630911	D:\嗜酸氧化亚铁硫杆菌\03_BioCyc\C2-1\官方原始下载\GCF_000021485_compounds_left_network_full_20260923_083853.xml
Compound	GCF_000021485	CPD-1063	<i>S</i>-methyl-5-thio-D-ribulose 1-phosphate	5-methylthio-5-deoxy-D-ribulose 1-phosphate;1-phosphomethylthioribulose;methylthioribulose 1-phosphate;MTRu-1-P;1PMT-ribulose;1-phospho-5-S-methylthioribulose;5-(methylthio)ribulose 1-phosphate		258.182	REACTOME-CPD:1237107;SEED:cpd02791;METANETX:MNXM522;BIGG:5mdru1p;METABOLIGHTS:MTBLC58548;HMDB:HMDB01299;CHEMSPIDER:19951215;CHEBI:58548;PUBCHEM:23615271;LIGAND-CPD:C04582	D:\嗜酸氧化亚铁硫杆菌\03_BioCyc\C2-1\官方原始下载\GCF_000021485_compounds_left_network_full_20260923_083853.xml
Compound	GCF_000021485	CPD-582	guanylyl molybdenum cofactor	MGD;MPT-GMP;MoO<sub>2</sub>(OH)Dtpp-mGDP;molybdopterin guanine dinucleotide		864.459	METANETX:MNXM11740;LIGAND-CPD:C19871;PUBCHEM:135398582;CHEBI:71310	D:\嗜酸氧化亚铁硫杆菌\03_BioCyc\C2-1\官方原始下载\GCF_000021485_compounds_right_network_full_20260923_083853.xml
Compound	GCF_000021485	ACETALD	acetaldehyde	acetic aldehyde;ethanal;aldehyde;ethyl aldehyde		44.053	SEED:cpd00071;METANETX:MNXM75;REFMET:Acetaldehyde;BIGG:acald;METABOLIGHTS:MTBLC15343;HMDB:HMDB00990;CHEMSPIDER:172;PUBCHEM:177;CHEBI:15343;LIGAND-CPD:C00084;UM-BBD-CPD:c0160;CAS:75-07-0	D:\嗜酸氧化亚铁硫杆菌\03_BioCyc\C2-1\官方原始下载\GCF_000021485_compounds_right_network_full_20260923_083853.xml
Compound	GCF_000021485	CDP	CDP	cytidine-diphosphate;cytidine-5'-diphosphate		400.155	SEED:cpd00096;METANETX:MNXM220;REFMET:CDP;BIGG:cdp;METABOLIGHTS:MTBLC58069;HMDB:HMDB01546;CHEMSPIDER:16740259;CHEBI:58069;PUBCHEM:20056867;LIGAND-CPD:C00112;CAS:63-38-7	D:\嗜酸氧化亚铁硫杆菌\03_BioCyc\C2-1\官方原始下载\GCF_000021485_compounds_left_network_full_20260923_083853.xml
Compound	GCF_000021485	ALLO-THR	DL-allothreonine	allothreonine;allo-thr		119.12	PUBCHEM:15341575;SEED:cpd28687;METANETX:MNXM14187;CHEBI:38262;CAS:2676-21-3	D:\嗜酸氧化亚铁硫杆菌\03_BioCyc\C2-1\官方原始下载\GCF_000021485_compounds_left_network_full_20260923_083853.xml
Compound	GCF_000021485	7-CYANO-7-DEAZAGUANINE	preQ<sub>0</sub>	7-cyano-7-deazaguanine;7-cyano-7-carbaguanine		175.149	SEED:cpd14718;METANETX:MNXM2207;PUBCHEM:135446206;DRUGBANK:DB03074;CHEMSPIDER:393739;CHEBI:45075;LIGAND-CPD:C15996	D:\嗜酸氧化亚铁硫杆菌\03_BioCyc\C2-1\官方原始下载\GCF_000021485_compounds_right_network_full_20260923_083853.xml
Compound	GCF_000021485	DIHYDROXYNAPHTHOATE	1,4-dihydroxy-2-naphthoate	DHNA;2-carboxy-1,4-naphthoquinol		203.174	SEED:cpd02295;METANETX:MNXM552;BIGG:dhna;CHEMSPIDER:5324583;PUBCHEM:54706667;CHEBI:11173;LIGAND-CPD:C03657	D:\嗜酸氧化亚铁硫杆菌\03_BioCyc\C2-1\官方原始下载\GCF_000021485_compounds_left_network_full_20260923_083853.xml
Compound	GCF_000021485	FE+3	Fe<SUP>3+</SUP>	ferric iron;ferric ion;iron(III);Fe<sup>III</sup>		55.847	MEDIADB:compounds/13228/;SEED:cpd10516;METANETX:MNXM196;BIGG:fe3;METABOLIGHTS:MTBLC29034;HMDB:HMDB12943;CHEMSPIDER:27815;PUBCHEM:29936;LIGAND-CPD:C14819;CHEBI:29034	D:\嗜酸氧化亚铁硫杆菌\03_BioCyc\C2-1\官方原始下载\GCF_000021485_compounds_left_network_full_20260923_083853.xml
Compound	GCF_000021485	N-SUCCINYL-2-AMINO-6-KETOPIMELATE	<i>N</i>-succinyl-2-amino-6-ketopimelate	N-Succinyl-2-L-amino-6-oxoheptanedioate;<i>N</i>-succinyl-L-2-amino-6-oxoheptanedioate;succinyl-&epsilon;-keto-&alpha;-aminopimelate		286.218	SEED:cpd02724;METANETX:MNXM1563;REFMET:N-Succinyl-2-amino-6-ketopimelate;BIGG:sl2a6o;HMDB:HMDB12266;CHEMSPIDER:4925347;PUBCHEM:6419713;CHEBI:15685;LIGAND-CPD:C04462	D:\嗜酸氧化亚铁硫杆菌\03_BioCyc\C2-1\官方原始下载\GCF_000021485_compounds_right_network_full_20260923_083853.xml
Compound	GCF_000021485	16S-rRNA-N6-dimethyladenine1518-1519	N<sup>6</sup>-dimethyladenine<sup>1518</sup>/N<sup>6</sup>-dimethyladenine<sup>1519</sup>in 16S rRNA				SEED:cpd21822;METANETX:MNXM14044	D:\嗜酸氧化亚铁硫杆菌\03_BioCyc\C2-1\官方原始下载\GCF_000021485_compounds_right_network_full_20260923_083853.xml
Compound	GCF_000021485	PROTEIN-LIPOYLLYSINE	a [glycine-cleavage complex H protein] <i>N<sup>6</sup></i>-[(<i>R</i>)-lipoyl]-L-lysine				SEED:cpd27820;METANETX:MNXM7712	D:\嗜酸氧化亚铁硫杆菌\03_BioCyc\C2-1\官方原始下载\GCF_000021485_compounds_left_network_full_20260923_083853.xml
Compound	GCF_000021485	BCAA-dehydrogenase-lipoyl	a [BCAA dehydrogenase E2 protein] <i>N<sup>6</sup></i>-lipoyl-L-lysine				SEED:cpd22419;METANETX:MNXM7101	D:\嗜酸氧化亚铁硫杆菌\03_BioCyc\C2-1\官方原始下载\GCF_000021485_compounds_left_network_full_20260923_083853.xml
Compound	GCF_000021485	NADH-P-OR-NOP	NAD(P)H	&beta;-NAD(P)H			SEED:cpd27640;METANETX:MNXM162231;CHEBI:13392	D:\嗜酸氧化亚铁硫杆菌\03_BioCyc\C2-1\官方原始下载\GCF_000021485_compounds_left_network_full_20260923_083853.xml
Compound	GCF_000021485	CPD-9852	4-hydroxy-3-heptaprenylbenzoate	3-heptaprenyl-4-hydroxybenzoate		613.942	SEED:cpd25872;METANETX:MNXM8112;CHEBI:84496;PUBCHEM:54740346	D:\嗜酸氧化亚铁硫杆菌\03_BioCyc\C2-1\官方原始下载\GCF_000021485_compounds_left_network_full_20260923_083853.xml
Compound	GCF_000021485	CPD-12366	8-oxo-GTP	7,8-dihydro-8-oxoguanosine 5'-triphosphate		535.151	SEED:cpd23375;METANETX:MNXM3201;CHEBI:143553;PUBCHEM:135871106	D:\嗜酸氧化亚铁硫杆菌\03_BioCyc\C2-1\官方原始下载\GCF_000021485_compounds_right_network_full_20260923_083853.xml
Compound	GCF_000021485	BENZALDEHYDE	benzaldehyde	benzanoaldehyde		106.124	MEDIADB:compounds/255/;REACTOME-CPD:5696154;METANETX:MNXM371;REFMET:Benzaldehyde;METABOLIGHTS:MTBLC17169;HMDB:HMDB06115;CHEMSPIDER:235;PUBCHEM:240;CHEBI:17169;LIGAND-CPD:C00261;CAS:100-52-7	D:\嗜酸氧化亚铁硫杆菌\03_BioCyc\C2-1\官方原始下载\GCF_000021485_compounds_right_network_full_20260923_083853.xml
Compound	GCF_000021485	TDP	dTDP	TDP;thymidine 5'-(trihydrogen diphosphate) (9CI);deoxy-TDP;thymidine-5'-diphosphate;thymidine-diphosphate		399.167	SEED:cpd00297;METANETX:MNXM152;REFMET:dTDP;BIGG:dtdp;METABOLIGHTS:MTBLC58369;HMDB:HMDB01274;CHEMSPIDER:19989845;CHEBI:58369;PUBCHEM:21124327;LIGAND-CPD:C00363;CAS:491-97-4	D:\嗜酸氧化亚铁硫杆菌\03_BioCyc\C2-1\官方原始下载\GCF_000021485_compounds_left_network_full_20260923_083853.xml
Compound	GCF_000021485	Glucopyranose	D-glucopyranose	6-(hydroxymethyl)tetrahydropyran-2,3,4,5-tetraol		180.157	METANETX:MNXM41;LIGAND-CPD:C00031;CHEBI:4167	D:\嗜酸氧化亚铁硫杆菌\03_BioCyc\C2-1\官方原始下载\GCF_000021485_compounds_left_network_full_20260923_083853.xml
Compound	GCF_000021485	CPD0-1699	6-carboxy-5,6,7,8-tetrahydropterin	6-carboxytetrahydropterin		210.172	SEED:cpd21472;HMDB:HMDB60410;METANETX:MNXM3194;LIGAND-CPD:C20239;PUBCHEM:135911924;CHEBI:61032	D:\嗜酸氧化亚铁硫杆菌\03_BioCyc\C2-1\官方原始下载\GCF_000021485_compounds_left_network_full_20260923_083853.xml
Compound	GCF_000021485	Pyruvate-dehydrogenase-lipoate	a [pyruvate dehydrogenase E2 protein] <i>N<sup>6</sup></i>-lipoyl-L-lysine				SEED:cpd28013;METANETX:MNXM9070;CHEBI:80218;LIGAND-CPD:C15972	D:\嗜酸氧化亚铁硫杆菌\03_BioCyc\C2-1\官方原始下载\GCF_000021485_compounds_left_network_full_20260923_083853.xml
Compound	GCF_000021485	BIO-5-AMP	biotinyl-5'-adenylate	biotinyl-5'-AMP		572.509	METANETX:MNXM2351;PUBCHEM:53239798;HMDB:HMDB04220;CHEBI:62414;LIGAND-CPD:C05921	D:\嗜酸氧化亚铁硫杆菌\03_BioCyc\C2-1\官方原始下载\GCF_000021485_compounds_left_network_full_20260923_083853.xml
Compound	GCF_000021485	Mo-bis-MGD-Chaperone-L-cysteine	a [<i>bis</i>(guanylyl molybdopterin) cofactor chaperone]-L-cysteine					D:\嗜酸氧化亚铁硫杆菌\03_BioCyc\C2-1\官方原始下载\GCF_000021485_compounds_left_network_full_20260923_083853.xml
Compound	GCF_000021485	THMPT	tetrahydromethanopterin	5,6,7,8-tetrahydromethanopterin;H<sub>4</sub>MPT		773.666	SEED:cpd00895;METANETX:MNXM668;PUBCHEM:135926586;HMDB:HMDB60403;CHEBI:58103;LIGAND-CPD:C01217	D:\嗜酸氧化亚铁硫杆菌\03_BioCyc\C2-1\官方原始下载\GCF_000021485_compounds_right_network_full_20260923_083853.xml
Compound	GCF_000021485	BCCP-biotin-L-lysine	a [biotin carboxyl-carrier protein]-<i>N</i><sup>6</sup>-biotinyl-L-lysine	a [BCCP monomer]-biotin-<i>N</i><sup>6</sup>-L-lysine				D:\嗜酸氧化亚铁硫杆菌\03_BioCyc\C2-1\官方原始下载\GCF_000021485_compounds_left_network_full_20260923_083853.xml
Compound	GCF_000021485	CPD-18259	peptidoglycan dimer with a single pentapeptide stem (<i>meso</i>-diaminopimelate containing)			1486.43	METANETX:MNXM166808	D:\嗜酸氧化亚铁硫杆菌\03_BioCyc\C2-1\官方原始下载\GCF_000021485_compounds_right_network_full_20260923_083853.xml
Compound	GCF_000021485	D-LACTATE	(<i>R</i>)-lactate	(<i>R</i>)-2-hydroxypropanate;D-lactate;(<i>R</i>)-lactic acid;D-lactic acid		89.071	MEDIADB:compounds/251/;SEED:cpd00221;METANETX:MNXM285;BIGG:lac__D;METABOLIGHTS:MTBLC16004;HMDB:HMDB01311;CHEMSPIDER:4573814;PUBCHEM:5460179;CHEBI:16004;LIGAND-CPD:C00256;CAS:10326-41-7	D:\嗜酸氧化亚铁硫杆菌\03_BioCyc\C2-1\官方原始下载\GCF_000021485_compounds_left_network_full_20260923_083853.xml
Compound	GCF_000021485	NA+	Na<SUP>+</SUP>	sodium(I);Na<sup>I</sup>		22.99	MEDIADB:compounds/1205/;SEED:cpd00971;METANETX:MNXM27;BIGG:na1;METABOLIGHTS:MTBLC29101;HMDB:HMDB00588;CHEMSPIDER:899;CHEBI:29101;PUBCHEM:923;CAS:7440-23-5;LIGAND-CPD:C01330	D:\嗜酸氧化亚铁硫杆菌\03_BioCyc\C2-1\官方原始下载\GCF_000021485_compounds_left_network_full_20260923_083853.xml
Compound	GCF_000021485	PROPIONYL-COA	propanoyl-CoA	n-propionyl-CoA;propionyl-CoA;propionyl-coenzyme A		819.566	METANETX:MNXM86;REFMET:Propionyl-CoA;BIGG:ppcoa;PUBCHEM:45266613;METABOLIGHTS:MTBLC57392;HMDB:HMDB01275;CHEBI:57392;LIGAND-CPD:C00100;CAS:317-66-8	D:\嗜酸氧化亚铁硫杆菌\03_BioCyc\C2-1\官方原始下载\GCF_000021485_compounds_left_network_full_20260923_083853.xml
Compound	GCF_000021485	3-terminal-unsaturated-sugars	a DNA with 3'-terminal unsaturated sugar	a 3'-end deoxyribonucleotide 2,3-dehydro-2,3-deoxyribose phosphate residue;a DNA 3'-&alpha;-&beta;-unsaturated aldehyde			CHEBI:157695;SEED:cpd22083;METANETX:MNXM14641	D:\嗜酸氧化亚铁硫杆菌\03_BioCyc\C2-1\官方原始下载\GCF_000021485_compounds_right_network_full_20260923_083853.xml
Compound	GCF_000021485	DIACYLGLYCEROL	a 1,2-diacyl-<i>sn</i>-glycerol	a D-1,2-diglyceride;a 1,2-diacylglycerol;a D-1,2-diacylglycerol;DAG			METANETX:MNXM59;BIGG:1;CHEBI:17815;LIGAND-CPD:C00641	D:\嗜酸氧化亚铁硫杆菌\03_BioCyc\C2-1\官方原始下载\GCF_000021485_compounds_left_network_full_20260923_083853.xml
Compound	GCF_000021485	CPD-24318	arsenite<sup>3-</sup>	arsorite;trioxoarsenate(3-);trioxoarsenate(III)		122.92	LIGAND-CPD:C06697;PUBCHEM:544;CHEBI:29866	D:\嗜酸氧化亚铁硫杆菌\03_BioCyc\C2-1\官方原始下载\GCF_000021485_compounds_right_network_full_20260923_083853.xml
Compound	GCF_000021485	SoxY-S-Thiocysteine	a [SoxY protein]-<i>S</i>-sulfanyl-L-cysteine	a [SoxY protein]-<i>S</i>-thiocysteine			METANETX:MNXM147414	D:\嗜酸氧化亚铁硫杆菌\03_BioCyc\C2-1\官方原始下载\GCF_000021485_compounds_left_network_full_20260923_083853.xml
Compound	GCF_000021485	CPD-24848	&beta;-D-GlcNAc-(1&rarr;4)-Mur2Ac(oyl-L-Ala-&gamma;-D-Glu-DAP-D-Ala-D-Lac)-PP-Und	<i>ditrans,octacis</i>-undecaprenyldiphospho-[(<i>N</i>-acetyl-&beta;-D-glucosaminyl)-(1,4)-]-<i>N</i>-acetyl-&alpha;-D-muramoyl-L-alanyl-&gamma;-D-glutamyl-<I>meso</I>-2,6-diaminopimeloyl-D-alanyl-D-lactate;lipid II (<i>L. plantarum</i>)		1917.215		D:\嗜酸氧化亚铁硫杆菌\03_BioCyc\C2-1\官方原始下载\GCF_000021485_compounds_left_network_full_20260923_083853.xml
Compound	GCF_000021485	COPROPORPHYRINOGEN_III	coproporphyrinogen III			656.734	SEED:cpd02083;METANETX:MNXM410;BIGG:cpppg3;METABOLIGHTS:MTBLC57309;HMDB:HMDB01261;CHEMSPIDER:20171552;CHEBI:57309;PUBCHEM:20849114;LIGAND-CPD:C03263;CAS:2624-63-7	D:\嗜酸氧化亚铁硫杆菌\03_BioCyc\C2-1\官方原始下载\GCF_000021485_compounds_left_network_full_20260923_083853.xml
Compound	GCF_000021485	4-PHOSPHONOOXY-THREONINE	4-phosphooxy-L-threonine	L-threo-3-hydroxy-homoserine phosphate;4-phosphonooxy-L-threonine;4-phospho-hydroxy-threonine;4-(phosphonooxy)-threonine;<i>O</i>-phospho-4-hydroxy-L-threonine;phospho-hydroxy-threonine;4-(phosphonooxy)-L-threonine;4-phospho-hydroxy-L-threonine		213.083	METANETX:MNXM759;BIGG:phthr;PUBCHEM:45480653;HMDB:HMDB06802;CHEBI:58452;LIGAND-CPD:C06055	D:\嗜酸氧化亚铁硫杆菌\03_BioCyc\C2-1\官方原始下载\GCF_000021485_compounds_left_network_full_20260923_083853.xml
Compound	GCF_000021485	FE+2	Fe<sup>2+</sup>	ferrous iron;ferrous ion;iron(II);Fe<sup>II</sup>		55.847	MEDIADB:compounds/13227/;SEED:cpd10515;METANETX:MNXM111;BIGG:fe2;METABOLIGHTS:MTBLC29033;HMDB:HMDB00692;CHEMSPIDER:25394;LIGAND-CPD:C14818;PUBCHEM:27284;CHEBI:29033	D:\嗜酸氧化亚铁硫杆菌\03_BioCyc\C2-1\官方原始下载\GCF_000021485_compounds_left_network_full_20260923_083853.xml
Compound	GCF_000021485	ERYTHROSE	D-erythrose	D-erythro-tetrose		120.105	SEED:cpd01239;METANETX:MNXM48431;LIGAND-CPD:C01796;REFMET:Erythrose;HMDB:HMDB02649;CHEMSPIDER:84990;CHEBI:27904;PUBCHEM:94176;CAS:1758-51-6	D:\嗜酸氧化亚铁硫杆菌\03_BioCyc\C2-1\官方原始下载\GCF_000021485_compounds_right_network_full_20260923_083853.xml
Compound	GCF_000021485	Guanine37-in-tRNAPhe	guanine<sup>37</sup> in tRNA<sup>Phe</sup>				METANETX:MNXM149059	D:\嗜酸氧化亚铁硫杆菌\03_BioCyc\C2-1\官方原始下载\GCF_000021485_compounds_left_network_full_20260923_083853.xml
Compound	GCF_000021485	tRNA-Adenosines-37	an adenosine<sup>37</sup> in tRNA				METANETX:MNXM148893	D:\嗜酸氧化亚铁硫杆菌\03_BioCyc\C2-1\官方原始下载\GCF_000021485_compounds_left_network_full_20260923_083853.xml
Compound	GCF_000021485	CPD-9646	<i>di-trans,octa-cis</i>-undecaprenyl phosphate	<i>ditrans,polycis</i>-undecaprenyl phosphate;<i>ditrans,octacis</i>-undecaprenyl phosphate;C<sub>55</sub>-P;Und-P		845.279	SEED:cpd19245;METANETX:MNXM89653;LIGAND-CPD:C17556;CHEBI:60392;PUBCHEM:25245635	D:\嗜酸氧化亚铁硫杆菌\03_BioCyc\C2-1\官方原始下载\GCF_000021485_compounds_left_network_full_20260923_083853.xml
Compound	GCF_000021485	ACET	acetate	ethanoic acid		59.044	MEDIADB:compounds/33/;MEDIADB:compounds/33;SEED:cpd00029;METANETX:MNXM26;REFMET:Acetic acid;BIGG:ac;METABOLIGHTS:MTBLC30089;HMDB:HMDB00042;DRUGBANK:DB03166;CHEMSPIDER:170;PUBCHEM:175;CHEBI:30089;CAS:64-19-7;LIGAND-CPD:C00033;CAS:71-50-1	D:\嗜酸氧化亚铁硫杆菌\03_BioCyc\C2-1\官方原始下载\GCF_000021485_compounds_left_network_full_20260923_083853.xml
Compound	GCF_000021485	CPD-14443	(2S,4S)-4-hydroxy-2,3,4,5-tetrahydrodipicolinate	(4<i>S</i>)-4-hydroxy-2,3,4,5-tetrahydro-(2<i>S</i>)-dipicolinate		185.136	METANETX:MNXM30985;LIGAND-CPD:C20258;PUBCHEM:70678847;CHEBI:67139	D:\嗜酸氧化亚铁硫杆菌\03_BioCyc\C2-1\官方原始下载\GCF_000021485_compounds_right_network_full_20260923_083853.xml
Compound	GCF_000021485	THYMIDINE	thymidine	deoxythymidine;thymine 2'-deoxyriboside		242.231	MEDIADB:compounds/210/;REACTOME-CPD:83928;SEED:cpd00184;METANETX:MNXM420;REFMET:Thymidine;BIGG:thymd;CHEBI:17748;PUBCHEM:5789;METABOLIGHTS:MTBLC17748;HMDB:HMDB00273;CHEMSPIDER:1102;LIGAND-CPD:C00214;CAS:50-89-5	D:\嗜酸氧化亚铁硫杆菌\03_BioCyc\C2-1\官方原始下载\GCF_000021485_compounds_left_network_full_20260923_083853.xml
Compound	GCF_000021485	CPD-18238	carboxyphosphate			139.989	METANETX:MNXM145844;LIGAND-CPD:C20969;CHEBI:86994;PUBCHEM:91826591;CHEMSPIDER:169776	D:\嗜酸氧化亚铁硫杆菌\03_BioCyc\C2-1\官方原始下载\GCF_000021485_compounds_left_network_full_20260923_083853.xml
Compound	GCF_000021485	DADP	dADP	2'-deoxyadenosine-5'-diphosphate;deoxyadenosine-diphosphate		408.18	REACTOME-CPD:500087;SEED:cpd00177;METANETX:MNXM374;REFMET:dADP;BIGG:dadp;METABOLIGHTS:MTBLC57667;HMDB:HMDB01508;CHEMSPIDER:19992628;CHEBI:57667;PUBCHEM:21125569;LIGAND-CPD:C00206;CAS:2793-06-8	D:\嗜酸氧化亚铁硫杆菌\03_BioCyc\C2-1\官方原始下载\GCF_000021485_compounds_left_network_full_20260923_083853.xml
Compound	GCF_000021485	APS	adenosine 5'-phosphosulfate	adenylyl-sulfate;adenosine phosphosulfate;adenosine 5'-sulphatophosphate;APS		425.266	MEDIADB:compounds/16427/;REACTOME-CPD:174370;SEED:cpd00193;METANETX:MNXM287;BIGG:aps;PUBCHEM:49852317;CHEBI:58243;METABOLIGHTS:MTBLC58243;HMDB:HMDB01003;LIGAND-CPD:C00224;CAS:485-84-7	D:\嗜酸氧化亚铁硫杆菌\03_BioCyc\C2-1\官方原始下载\GCF_000021485_compounds_right_network_full_20260923_083853.xml
Compound	GCF_000021485	DITP	dITP	deoxyinosine triphosphate		488.137	REACTOME-CPD:2509835;SEED:cpd00977;METANETX:MNXM1325;PUBCHEM:135398615;REFMET:dITP;BIGG:ditp;METABOLIGHTS:MTBLC61382;HMDB:HMDB03537;CHEBI:61382;LIGAND-CPD:C01345	D:\嗜酸氧化亚铁硫杆菌\03_BioCyc\C2-1\官方原始下载\GCF_000021485_compounds_left_network_full_20260923_083853.xml
Compound	GCF_000021485	CPD0-1068	methylphosphonate	MePn;methylphosphonic acid		95.015	MEDIADB:compounds/16494/;SEED:cpd25960;METANETX:MNXM19346;LIGAND-CPD:C20396;CHEBI:68684;CHEMSPIDER:10297569;PUBCHEM:21680363	D:\嗜酸氧化亚铁硫杆菌\03_BioCyc\C2-1\官方原始下载\GCF_000021485_compounds_left_network_full_20260923_083853.xml
Compound	GCF_000021485	CPD-24233	UDP-2-<i>N</i>-[(3R)-3-hydroxy-15-methylhexadecanoyl]-3-<i>O</i>-[(3R)-3-hydroxy-13-methyltetradecanoyl]-&alpha;-D-glucosamine			1072.128		D:\嗜酸氧化亚铁硫杆菌\03_BioCyc\C2-1\官方原始下载\GCF_000021485_compounds_left_network_full_20260923_083853.xml
Compound	GCF_000021485	DIHYDRONEOPTERIN-P3	7,8-dihydroneopterin 3'-triphosphate	6-(L-erythro-1,2-dihydroxypropyl 3-triphosphate)-7,8-dihydropterin;6-[(1S,2R)-1,2-dihydroxy-3-triphosphooxypropyl]-7,8-dihydropterin;6-(D-<I>erythro</I>-1',2',3'-trihydroxypropyl)-7,8-dihydropterin-3'-triphosphate;7,8-dihydroneopterin 3'-triphosphate;2-amino-4-hydroxy-6-(<I>erythro</I>-1,2,3-trihydroxypropyl)dihydropteridine triphosphate;dihydroneopterin triphosphate;H<sub>2</sub>NTP;7,8-dihydroneopterin triphosphate		491.141	REACTOME-CPD:1474124;SEED:cpd02978;METANETX:MNXM397;PUBCHEM:135398609;BIGG:ahdt;METABOLIGHTS:MTBLC58462;HMDB:HMDB00980;CHEBI:58462;LIGAND-CPD:C04895	D:\嗜酸氧化亚铁硫杆菌\03_BioCyc\C2-1\官方原始下载\GCF_000021485_compounds_left_network_full_20260923_083853.xml
Compound	GCF_000021485	N-Substituted-Amino-Acids	an <i>N</i>-modified amino acid	an <i>N</i>-substituted amino acid			SEED:cpd12338;METANETX:MNXM93669;LIGAND-CPD:C03523	D:\嗜酸氧化亚铁硫杆菌\03_BioCyc\C2-1\官方原始下载\GCF_000021485_compounds_right_network_full_20260923_083853.xml
Compound	GCF_000021485	LEU	L-leucine	(2S)-&alpha;-2-amino-4-methylvaleric acid;L;leucine;2-amino-4-methylvaleric acid;(2S)-&alpha;-leucine;L-leu;leu		131.174	MEDIADB:compounds/14809/;MEDIADB:compounds/120/;METANETX:MNXM140;REFMET:Leucine;BIGG:leu__L;METABOLIGHTS:MTBLC57427;HMDB:HMDB00687;CHEBI:57427;PUBCHEM:7045798;LIGAND-CPD:C00123;NCI:46709;CAS:61-90-5	D:\嗜酸氧化亚铁硫杆菌\03_BioCyc\C2-1\官方原始下载\GCF_000021485_compounds_left_network_full_20260923_083853.xml
Compound	GCF_000021485	RIBOSE-1P	&alpha;-D-ribose-1-phosphate	D-ribose-1-phosphate;&alpha;-D-ribose-1P;&alpha;-D-ribofuranose 1-phosphate;ribose-1-phosphate		228.095	REACTOME-CPD:112016;SEED:cpd00475;METANETX:MNXM295;REFMET:Ribose-1-phosphate;BIGG:r1p;METABOLIGHTS:MTBLC57720;HMDB:HMDB01489;CHEMSPIDER:19951495;CHEBI:57720;PUBCHEM:23615443;LIGAND-CPD:C00620;CAS:58459-37-3;CAS:14075-00-4	D:\嗜酸氧化亚铁硫杆菌\03_BioCyc\C2-1\官方原始下载\GCF_000021485_compounds_left_network_full_20260923_083853.xml
Compound	GCF_000021485	PHOSPHO-ENOL-PYRUVATE	phospho<i>enol</i>pyruvate	PEP;2-(phosphooxy)- 2-propenoate		165.019	SEED:cpd00061;METANETX:MNXM73;REFMET:Phosphoenolpyruvic acid;BIGG:pep;HMDB:HMDB00263;CHEMSPIDER:2907208;CHEBI:58702;PUBCHEM:3674425;CAS:138-08-9;LIGAND-CPD:C00074	D:\嗜酸氧化亚铁硫杆菌\03_BioCyc\C2-1\官方原始下载\GCF_000021485_compounds_left_network_full_20260923_083853.xml
Compound	GCF_000021485	CPD-9700	hypoglycin B	hypoglycine B;L-gamma-glutamyl-L-hypoglycin;&gamma;-glutamyl-&beta;-(methylenecyclopropyl)-alanine;(2S)-2-amino-5-[[(2S)-1-hydroxy-3-[(1S)-2-methylidenecyclopropyl]-1-oxopropan-2-yl]amino]-5-oxopentanoic acid		269.277	SEED:cpd05195;METANETX:MNXM18610;PUBCHEM:90658135;HMDB:HMDB29428;Wikipedia:Hypoglycin_B;LIGAND-CPD:C08280	D:\嗜酸氧化亚铁硫杆菌\03_BioCyc\C2-1\官方原始下载\GCF_000021485_compounds_right_network_full_20260923_083853.xml
Compound	GCF_000021485	TusA-L-cysteine	a [TusA]-L-cysteine				METANETX:MNXM147415	D:\嗜酸氧化亚铁硫杆菌\03_BioCyc\C2-1\官方原始下载\GCF_000021485_compounds_left_network_full_20260923_083853.xml
Compound	GCF_000021485	CPD0-1456	UDP-<i>N</i>-acetyl-&alpha;-D-muramoyl-L-alanine	UDP-N-acetyl-&alpha;-D-muramyl-L-Ala		747.476	METANETX:MNXM1953;BIGG:uama;CHEBI:83898;LIGAND-CPD:C01212;PUBCHEM:25245974	D:\嗜酸氧化亚铁硫杆菌\03_BioCyc\C2-1\官方原始下载\GCF_000021485_compounds_left_network_full_20260923_083853.xml
Compound	GCF_000021485	tRNA-uridine34	a uridine<sup>34</sup> in tRNA	a tRNA uridine<sup>34</sup>			SEED:cpd28589;METANETX:MNXM22235	D:\嗜酸氧化亚铁硫杆菌\03_BioCyc\C2-1\官方原始下载\GCF_000021485_compounds_left_network_full_20260923_083853.xml
Compound	GCF_000021485	CPD-1091	(<i>S</i>)-ureidoglycolate	(-)-ureidoglycolate;ureidoglycolate;(<i>S</i>)-(-)-ureidoglycolate;(2S)-(carbamoylamino)(hydroxy)acetate		133.083	METANETX:MNXM490;BIGG:urdglyc;HMDB:HMDB01005;CHEMSPIDER:19951218;CHEBI:57296;PUBCHEM:23615273;LIGAND-CPD:C00603;CAS:2017665	D:\嗜酸氧化亚铁硫杆菌\03_BioCyc\C2-1\官方原始下载\GCF_000021485_compounds_left_network_full_20260923_083853.xml
Compound	GCF_000021485	CPD2B4Q-13	UDP-2-<i>N</i>-[(3<i>R</i>)-3-hydroxydodecanoyl]-3-<i>N</i>-[(3<i>R</i>)-3-hydroxyhexanoyl]-&alpha;-3-amino-3-deoxy-D-glucosamine			1015.036		D:\嗜酸氧化亚铁硫杆菌\03_BioCyc\C2-1\官方原始下载\GCF_000021485_compounds_left_network_full_20260923_083853.xml
Compound	GCF_000021485	B-ALANINE	&beta;-alanine	3-azaniumylpropanoate;3-aminopropanoate;3-aminopropanoic acid		89.094	SEED:cpd00085;METANETX:MNXM144;REFMET:Beta-Alanine;BIGG:ala_B;METABOLIGHTS:MTBLC57966;HMDB:HMDB00056;CHEBI:57966;PUBCHEM:4755801;LIGAND-CPD:C00099;CAS:107-95-9	D:\嗜酸氧化亚铁硫杆菌\03_BioCyc\C2-1\官方原始下载\GCF_000021485_compounds_left_network_full_20260923_083853.xml
Compound	GCF_000021485	Lipid-hydroxy-fatty-acids	a hydroxy-fatty-acyl-[lipid]				METANETX:MNXM147422	D:\嗜酸氧化亚铁硫杆菌\03_BioCyc\C2-1\官方原始下载\GCF_000021485_compounds_right_network_full_20260923_083853.xml
Compound	GCF_000021485	CPD-7043	amylopectin				SEED:cpd00265;METANETX:MNXM2803;CHEBI:28057;HMDB:HMDB03255;CHEMSPIDER:388347;PUBCHEM:439207;LIGAND-CPD:C00317	D:\嗜酸氧化亚铁硫杆菌\03_BioCyc\C2-1\官方原始下载\GCF_000021485_compounds_right_network_full_20260923_083853.xml
Compound	GCF_000021485	DEHYDROQUINATE	3-dehydroquinate	3-dehydroquinic acid;5-dehydroquinic acid;5-dehydroquinate;5-de-H-quinate;rel-(1R,3R,4S)-1,3,4-trihydroxy-5-oxocyclohexanecarboxylate		189.144	REACTOME-CPD:964921;SEED:cpd00699;METANETX:MNXM478;REFMET:3-Dehydroquinate;BIGG:3dhq;HMDB:HMDB12710;CHEMSPIDER:4573866;PUBCHEM:5460271;CHEBI:32364;LIGAND-CPD:C00944;CAS:10534-44-8	D:\嗜酸氧化亚铁硫杆菌\03_BioCyc\C2-1\官方原始下载\GCF_000021485_compounds_left_network_full_20260923_083853.xml
Compound	GCF_000021485	L-DELTA1-PYRROLINE_5-CARBOXYLATE	(<i>S</i>)-1-pyrroline-5-carboxylate	pyrroline 5-carboxylate;L-&Delta;<SUP>1</SUP>-pyrroline-5-carboxylate;1-pyrroline-5-carboxylate;L-1-pyrroline-5-carboxylate;&delta;-1-pyrroline-5-carboxylic acid;&delta;-1-pyrroline-5-carboxylate		112.108	METANETX:MNXM1617;REFMET:1-pyrroline-5-carboxylic acid;BIGG:1pyr5c;METABOLIGHTS:MTBLC17388;HMDB:HMDB01301;CHEMSPIDER:10140174;PUBCHEM:11966181;CHEBI:17388;LIGAND-CPD:C03912;CAS:2906-39-0	D:\嗜酸氧化亚铁硫杆菌\03_BioCyc\C2-1\官方原始下载\GCF_000021485_compounds_left_network_full_20260923_083853.xml
Compound	GCF_000021485	L-HISTIDINOL-P	L-histidinol phosphate	histidinol-P;L-histidinol-p;histidinol phosphate		220.144	SEED:cpd00807;METANETX:MNXM1482;BIGG:hisp;CHEBI:57980;PUBCHEM:49791964;KNAPSACK:C00007480;LIGAND-CPD:C01100;CAS:25679-93-0	D:\嗜酸氧化亚铁硫杆菌\03_BioCyc\C2-1\官方原始下载\GCF_000021485_compounds_left_network_full_20260923_083853.xml
Compound	GCF_000021485	PTS-I-pi-phospho-L-histidines	a [PTS enzyme I]-<i>N<sup>&pi;</sup></i>-phospho-L-histidine				METANETX:MNXM145533	D:\嗜酸氧化亚铁硫杆菌\03_BioCyc\C2-1\官方原始下载\GCF_000021485_compounds_left_network_full_20260923_083853.xml
Compound	GCF_000021485	CPDQT-29	8-(methylsulfanyl)-2-oxooctanoate	8-(methylthio)-2-oxooctanoic acid;8-(methylthio)-2-oxooctanoate		203.276	SEED:cpd17414;CHEBI:80971;METANETX:MNXM3821;LIGAND-CPD:C17224;PUBCHEM:44237313;KNAPSACK:C00007643	D:\嗜酸氧化亚铁硫杆菌\03_BioCyc\C2-1\官方原始下载\GCF_000021485_compounds_right_network_full_20260923_083853.xml
Compound	GCF_000021485	4-HYDROXY-L-PROLINE	<i>trans</i>-4-hydroxy-L-proline	<i>trans</i>-4-hydroxy-<i>L</i>-proline;<i>trans</i>-4-hydroxyproline;<i>trans</i>-oxyproline;<i>trans</i>-L-4-hydroxyproline;<i>trans</i>-hydroxy-L-proline;<i>trans</i>-L-4-hydroxy-proline;(2<i>S</i>,4<i>R</i>)-4-hydroxypyrrolidinium-2-carboxylate;(2<i>S</i>,4<i>R</i>)-4-hydroxyproline		131.131	MEDIADB:compounds/936/;LIGAND-CPD:C01157;REFMET:Trans-4-hydroxyproline;PUBCHEM:6971053;METABOLIGHTS:MTBLC58375;HMDB:HMDB00725;CHEBI:58375;NCI:46704;CAS:51-35-4	D:\嗜酸氧化亚铁硫杆菌\03_BioCyc\C2-1\官方原始下载\GCF_000021485_compounds_left_network_full_20260923_083853.xml
Compound	GCF_000021485	2-Polyprenyl-Phenol	a 2-(<i>all-trans</i>-polyprenyl)phenol				SEED:cpd12780;METANETX:MNXM5489;LIGAND-CPD:C05807	D:\嗜酸氧化亚铁硫杆菌\03_BioCyc\C2-1\官方原始下载\GCF_000021485_compounds_right_network_full_20260923_083853.xml
Compound	GCF_000021485	RIBOSE-5P	D-ribose 5-phosphate	D-ribose-5-phosphoric acid;ribose-5-phosphoric acid;ribose-5P;D-ribose-5-P;ribose-5-P;D-ribose 5'-phosphate		228.095	MEDIADB:compounds/114/;HMDB:HMDB01548;LIGAND-CPD:C00117;CAS:4300-28-1	D:\嗜酸氧化亚铁硫杆菌\03_BioCyc\C2-1\官方原始下载\GCF_000021485_compounds_left_network_full_20260923_083853.xml
Compound	GCF_000021485	CPD-19833	roseoflavin	8-demethyl-8-(dimethylamino)riboflavin		404.402	CHEBI:136521;PUBCHEM:126456462	D:\嗜酸氧化亚铁硫杆菌\03_BioCyc\C2-1\官方原始下载\GCF_000021485_compounds_left_network_full_20260923_083853.xml
Compound	GCF_000021485	CPD-1302	5-methyltetrahydropteroyl tri-L-glutamate	<i>N</i><sup>5</sup>-methyl--H<sub>4</sub>PteGlu<sub>3</sub>;<i>N</i><sup>5</sup>-methyltetrahydropteroyl tri-L-glutamate		713.66	SEED:cpd02738;METANETX:MNXM2623;PUBCHEM:135398573;HMDB:HMDB12177;CHEBI:58207;CHEMSPIDER:17625689;LIGAND-CPD:C04489	D:\嗜酸氧化亚铁硫杆菌\03_BioCyc\C2-1\官方原始下载\GCF_000021485_compounds_left_network_full_20260923_083853.xml
Compound	GCF_000021485	5-10-METHENYL-THF-GLU-N	a 5,10-methenyltetrahydrofolate	a 5,10-methenyl-THF			METANETX:MNXM146117	D:\嗜酸氧化亚铁硫杆菌\03_BioCyc\C2-1\官方原始下载\GCF_000021485_compounds_left_network_full_20260923_083853.xml
Compound	GCF_000021485	CPD-11994	<i>trans,octacis</i>-decaprenyl phosphate	&omega;, mono-<i>E</i>, octa-<i>Z</i>-decaprenyl phosphate;(2Z,6Z,10Z,14Z,18Z,22Z,26Z,30Z,34E)-decaprenyl phosphate;&omega;, mono-<i>trans</i>, octa-<i>cis</i>-decaprenyl phosphate		777.161	CHEBI:65079;PUBCHEM:45479679	D:\嗜酸氧化亚铁硫杆菌\03_BioCyc\C2-1\官方原始下载\GCF_000021485_compounds_left_network_full_20260923_083853.xml
Compound	GCF_000021485	5-PHOSPHORIBOSYL-5-AMINOIMIDAZOLE	5-amino-1-(5-phospho-&beta;-D-ribosyl)imidazole	5-aminoimidazole ribonucleotide;5-amino-1-(5-phospho-D-ribosyl)imidazole;5-aminoimidazole ribotide;1-(5'-phosphoribosyl)-5-aminoimidazole;5'-phosphoribosyl-5-aminoimidazole;phosphoribosylaminoimidazole		294.18	REACTOME-CPD:111370;SEED:cpd02140;METANETX:MNXM388;CHEBI:137981;REFMET:5-Aminoimidazole ribonucleotide;BIGG:air;HMDB:HMDB01235;PUBCHEM:44229244;CAS:25635-88-5;LIGAND-CPD:C03373	D:\嗜酸氧化亚铁硫杆菌\03_BioCyc\C2-1\官方原始下载\GCF_000021485_compounds_left_network_full_20260923_083853.xml
Compound	GCF_000021485	Ribosomal-protein-L3-L-glutamine	a [ribosomal protein uL3]-L-glutamine				METANETX:MNXM148771	D:\嗜酸氧化亚铁硫杆菌\03_BioCyc\C2-1\官方原始下载\GCF_000021485_compounds_left_network_full_20260923_083853.xml
Compound	GCF_000021485	Glutamine-synthetase-adenylyl-Tyr	a [glutamine synthetase]-<i>O</i><sup>4</sup>-(5'-adenylyl)-L-tyrosine				SEED:cpd11841;METANETX:MNXM92091;LIGAND-CPD:C01299	D:\嗜酸氧化亚铁硫杆菌\03_BioCyc\C2-1\官方原始下载\GCF_000021485_compounds_left_network_full_20260923_083853.xml
Compound	GCF_000021485	CPD-12115	demethylmenaquinol-8	2-demethylmenaquinol-8;DMKH2-8		705.118	SEED:cpd15353;METANETX:MNXM558;BIGG:2dmmql8;CHEBI:61873;PUBCHEM:45479277	D:\嗜酸氧化亚铁硫杆菌\03_BioCyc\C2-1\官方原始下载\GCF_000021485_compounds_left_network_full_20260923_083853.xml
Compound	GCF_000021485	7-8-DIHYDROPTEROATE	7,8-dihydropteroate	dihydropterate;H2Pte;dihydropteroate		313.295	METANETX:MNXM722728;PUBCHEM:135476773;BIGG:dhpt;HMDB:HMDB01412;CHEMSPIDER:4573669;CHEBI:17839;LIGAND-CPD:C00921	D:\嗜酸氧化亚铁硫杆菌\03_BioCyc\C2-1\官方原始下载\GCF_000021485_compounds_left_network_full_20260923_083853.xml
Compound	GCF_000021485	CARBON-MONOXIDE	carbon monoxide	carbon monooxide		28.01	REACTOME-CPD:189385;SEED:cpd00204;METANETX:MNXM10881;METABOLIGHTS:MTBLC17245;HMDB:HMDB01361;CHEMSPIDER:275;CHEBI:17245;PUBCHEM:281;LIGAND-CPD:C00237;CAS:630-08-0	D:\嗜酸氧化亚铁硫杆菌\03_BioCyc\C2-1\官方原始下载\GCF_000021485_compounds_right_network_full_20260923_083853.xml
Compound	GCF_000021485	PANTETHEINE-P	4'-phosphopantetheine	phosphopantotheine;pantetheine 4'-phosphate;phosphopantetheine		356.33	REFMET:Pantetheine 4'-phosphate;BIGG:pan4p;METABOLIGHTS:MTBLC61723;HMDB:HMDB01416;CHEBI:61723;PUBCHEM:25245905;LIGAND-CPD:C01134	D:\嗜酸氧化亚铁硫杆菌\03_BioCyc\C2-1\官方原始下载\GCF_000021485_compounds_left_network_full_20260923_083853.xml
Compound	GCF_000021485	AGMATHINE	agmatine			132.208	REACTOME-CPD:351164;SEED:cpd00152;METANETX:MNXM328;REFMET:Agmatine;BIGG:agm;METABOLIGHTS:MTBLC58145;HMDB:HMDB01432;CHEMSPIDER:4422891;CHEBI:58145;PUBCHEM:5257176;LIGAND-CPD:C00179;CAS:306-60-5	D:\嗜酸氧化亚铁硫杆菌\03_BioCyc\C2-1\官方原始下载\GCF_000021485_compounds_left_network_full_20260923_083853.xml
Compound	GCF_000021485	PYRROLINE-HYDROXY-CARBOXYLATE	(3<i>R</i>,5<i>S</i>)-3-hydroxy-1-pyrroline-5-carboxylate	L-&Delta;<SUP>1</SUP>-pyrroline 3-hydroxy-5-carboxylate;L-1-pyrroline-3-hydroxy-5-carboxylate		128.107	SEED:cpd02625;METANETX:MNXM114091;HMDB:HMDB01369;CHEBI:62612;PUBCHEM:46926300;LIGAND-CPD:C04281	D:\嗜酸氧化亚铁硫杆菌\03_BioCyc\C2-1\官方原始下载\GCF_000021485_compounds_right_network_full_20260923_083853.xml
Compound	GCF_000021485	DEOXYADENOSINE	2'-deoxyadenosine	deoxyadenosine;2-deoxy-adenosine;adenine 2'-deoxyriboside		251.244	SEED:cpd00438;METANETX:MNXM625;REFMET:Deoxyadenosine;BIGG:dad_2;METABOLIGHTS:MTBLC17256;HMDB:HMDB00101;CHEMSPIDER:13135;CHEBI:17256;PUBCHEM:13730;LIGAND-CPD:C00559;CAS:958-09-8	D:\嗜酸氧化亚铁硫杆菌\03_BioCyc\C2-1\官方原始下载\GCF_000021485_compounds_left_network_full_20260923_083853.xml
Compound	GCF_000021485	CPD-12247	D-alanyl-D-lactate			161.157	SEED:cpd20942;METANETX:MNXM8485;LIGAND-CPD:C19694;PUBCHEM:46173481;CHEBI:61166	D:\嗜酸氧化亚铁硫杆菌\03_BioCyc\C2-1\官方原始下载\GCF_000021485_compounds_left_network_full_20260923_083853.xml
Compound	GCF_000021485	DEOXYCYTIDINE	2'-deoxycytidine	d-cytidine;deoxycytidine;cytosine 2'-deoxyriboside		227.219	REACTOME-CPD:500829;SEED:cpd00654;METANETX:MNXM704;REFMET:Deoxycytidine;BIGG:dcyt;METABOLIGHTS:MTBLC15698;HMDB:HMDB00014;DRUGBANK:DB02594;CHEMSPIDER:13117;PUBCHEM:13711;CHEBI:15698;LIGAND-CPD:C00881;CAS:951-77-9	D:\嗜酸氧化亚铁硫杆菌\03_BioCyc\C2-1\官方原始下载\GCF_000021485_compounds_left_network_full_20260923_083853.xml
Compound	GCF_000021485	CPD-22407	UDP-3-<i>O</i>-[(3<i>R</i>)-3-hydroxydecanoyl]-<i>N</i>-acetyl-&alpha;-D-glucosamine			775.593	PUBCHEM:145865035	D:\嗜酸氧化亚铁硫杆菌\03_BioCyc\C2-1\官方原始下载\GCF_000021485_compounds_left_network_full_20260923_083853.xml
Compound	GCF_000021485	DOLICHOLP	a dolichyl phosphate	a a dolichol-phosphate;a dolychol phosphate;a dolichyl phosphate;a dolichol phosphate;a dolichyl monophosphate;a dolichol monophosphate		1187.886	PUBCHEM:25244948;CHEBI:16214;LIGAND-CPD:C00110	D:\嗜酸氧化亚铁硫杆菌\03_BioCyc\C2-1\官方原始下载\GCF_000021485_compounds_right_network_full_20260923_083853.xml
Compound	GCF_000021485	8-Oxo-dGTP	8-oxo-dGTP	7,8-dihydro-8-oxo-2'-dGTP;2'-deoxy-7,8-dihydro-8-oxo-guanosine 5'-triphosphate		519.151	CHEBI:77896;PUBCHEM:44237341	D:\嗜酸氧化亚铁硫杆菌\03_BioCyc\C2-1\官方原始下载\GCF_000021485_compounds_right_network_full_20260923_083853.xml
Compound	GCF_000021485	7-AMINOMETHYL-7-DEAZAGUANINE	preQ<sub>1</sub>	7-aminomethyl-7-deazaguanine;7-aminomethyl-7-carbaguanine		180.189	SEED:cpd19185;HMDB:HMDB11690;METANETX:MNXM3198;LIGAND-CPD:C16675;PUBCHEM:135398562;REFMET:7-Aminomethyl-7-carbaguanine;CHEBI:58703	D:\嗜酸氧化亚铁硫杆菌\03_BioCyc\C2-1\官方原始下载\GCF_000021485_compounds_left_network_full_20260923_083853.xml
Compound	GCF_000021485	CPD-22998	<i>bis</i>(tungstenpterin) cofactor	<i>bis</i>(tungstenpterin)tungsten cofactor;<i>bis</i>(molybdopterin)tungsten cofactor		982.475	PUBCHEM:146037358	D:\嗜酸氧化亚铁硫杆菌\03_BioCyc\C2-1\官方原始下载\GCF_000021485_compounds_left_network_full_20260923_083853.xml
Compound	GCF_000021485	DNA-With-GO-A-Mismatch	DNA with adenine:7,8-dihydro-8-oxoguanine mismatch	DNA with A-GO mismatch				D:\嗜酸氧化亚铁硫杆菌\03_BioCyc\C2-1\官方原始下载\GCF_000021485_compounds_left_network_full_20260923_083853.xml
Compound	GCF_000021485	CPD0-1080	GlcNAc-1,6-anhMurNAc-L-Ala-&gamma;-D-Glu-DAP-D-Ala			919.892	SEED:cpd25964;METANETX:MNXM83366;PUBCHEM:129320261	D:\嗜酸氧化亚铁硫杆菌\03_BioCyc\C2-1\官方原始下载\GCF_000021485_compounds_left_network_full_20260923_083853.xml
Compound	GCF_000021485	SHIKIMATE-5P	shikimate 3-phosphate	shikimate 5-phosphate;shikimate-5-P;3-phosphoshikimate;shikimate-3-P		251.109	REACTOME-CPD:964859;SEED:cpd02030;METANETX:MNXM1265;BIGG:skm5p;CHEBI:145989;PUBCHEM:14506806;LIGAND-CPD:C03175	D:\嗜酸氧化亚铁硫杆菌\03_BioCyc\C2-1\官方原始下载\GCF_000021485_compounds_left_network_full_20260923_083853.xml
Compound	GCF_000021485	CPD-15797	<i>ditrans,octacis</i>-undecaprenyldiphospho-<i>N</i>-acetyl-(<i>N</i>-acetylglucosaminyl)muramate			1402.704	METANETX:MNXM149032;PUBCHEM:90659372	D:\嗜酸氧化亚铁硫杆菌\03_BioCyc\C2-1\官方原始下载\GCF_000021485_compounds_right_network_full_20260923_083853.xml
Compound	GCF_000021485	O-UREIDOHOMOSERINE	O-ureido-L-homoserine	<i>O</i>-(carbamoylamino)-L-homoserine		177.16	SEED:cpd27696;METANETX:MNXM12507;PUBCHEM:91820483;HMDB:HMDB12271	D:\嗜酸氧化亚铁硫杆菌\03_BioCyc\C2-1\官方原始下载\GCF_000021485_compounds_left_network_full_20260923_083853.xml
Compound	GCF_000021485	Lipoprotein-signal-peptide	a lipoprotein signal peptide					D:\嗜酸氧化亚铁硫杆菌\03_BioCyc\C2-1\官方原始下载\GCF_000021485_compounds_left_network_full_20260923_083853.xml
Compound	GCF_000021485	CPD-19491	3-carboxy-6-(methylsulfanyl)-2-oxohexanoate	3-carboxy-6-(methylthio)-2-oxohexanoate		218.224	METANETX:MNXM164245;PUBCHEM:123131563	D:\嗜酸氧化亚铁硫杆菌\03_BioCyc\C2-1\官方原始下载\GCF_000021485_compounds_left_network_full_20260923_083853.xml
Compound	GCF_000021485	CPD-24852	L-alanyl-&gamma;-D-glutamyl-<I>meso</i>-2,6-diaminopimeloyl-D-alanyl-D-lactate			531.519		D:\嗜酸氧化亚铁硫杆菌\03_BioCyc\C2-1\官方原始下载\GCF_000021485_compounds_right_network_full_20260923_083853.xml
Compound	GCF_000021485	16S-rRNA-cytosine967	a cytosine<sup>967</sup> in 16S rRNA				SEED:cpd21829;METANETX:MNXM14032	D:\嗜酸氧化亚铁硫杆菌\03_BioCyc\C2-1\官方原始下载\GCF_000021485_compounds_left_network_full_20260923_083853.xml
Compound	GCF_000021485	PRPP	5-phospho-&alpha;-D-ribose 1-diphosphate	5-phosphoribosyl 1-pyrophosphate;5-phosphoribosyl diphosphate;5-phosphoribosyl-1-PP;5-phosphoribosyl-PP;5-phosphoribosyl-1-pyrophosphate;5-phosphoribosylpyrophosphate;phosphoribosylpyrophosphate;5-phospho-ribosyl-pyrophosphate;&alpha;-D-5-phosphoribosylPP;&alpha;-D-5-P-RibosylPP		385.031	REACTOME-CPD:73566;SEED:cpd00103;METANETX:MNXM91;REFMET:Phosphoribosyl pyrophosphate;BIGG:prpp;METABOLIGHTS:MTBLC58017;HMDB:HMDB00280;CHEMSPIDER:20171339;CHEBI:58017;PUBCHEM:20848918;LIGAND-CPD:C00119;CAS:13270-65-0	D:\嗜酸氧化亚铁硫杆菌\03_BioCyc\C2-1\官方原始下载\GCF_000021485_compounds_right_network_full_20260923_083853.xml
Compound	GCF_000021485	CPD-22402	lipid IV<sub>A</sub> (P. putida)			1233.369	PUBCHEM:145865106	D:\嗜酸氧化亚铁硫杆菌\03_BioCyc\C2-1\官方原始下载\GCF_000021485_compounds_left_network_full_20260923_083853.xml
Compound	GCF_000021485	Protein-Tyrosines	a [protein]-L-tyrosine	a protein tyrosine;protein tyrosine			SEED:cpd11704;METANETX:MNXM7713;LIGAND-CPD:C00585	D:\嗜酸氧化亚铁硫杆菌\03_BioCyc\C2-1\官方原始下载\GCF_000021485_compounds_left_network_full_20260923_083853.xml
Compound	GCF_000021485	O-SUCCINYL-L-HOMOSERINE	O-succinyl-L-homoserine	O-succinyl-homoserine;succinyl-homoserine		218.186	SEED:cpd00822;METANETX:MNXM820;REFMET:O-succinylhomoserine;BIGG:suchms;CHEBI:57661;PUBCHEM:46878420;LIGAND-CPD:C01118;CAS:1492-23-5	D:\嗜酸氧化亚铁硫杆菌\03_BioCyc\C2-1\官方原始下载\GCF_000021485_compounds_left_network_full_20260923_083853.xml
Compound	GCF_000021485	DCMP	dCMP	2'-deoxycytidine 5'-monophosphate;deoxycytidylate;deoxycytidylic acid;deoxycytidine monophosphate;2'-deoxycytidine 5'-phosphate;deoxycytidine-phosphate		305.183	SEED:cpd00206;METANETX:MNXM266;REFMET:dCMP;BIGG:dcmp;METABOLIGHTS:MTBLC57566;HMDB:HMDB01202;CHEMSPIDER:5414501;CHEBI:57566;PUBCHEM:7058169;LIGAND-CPD:C00239;CAS:1032-65-1	D:\嗜酸氧化亚铁硫杆菌\03_BioCyc\C2-1\官方原始下载\GCF_000021485_compounds_left_network_full_20260923_083853.xml
Compound	GCF_000021485	Hpr-pi-phospho-L-histidines	an [HPr protein]-<i>N<sup>&pi;</sup></i>-phospho-L-histidine				METANETX:MNXM162243;CHEBI:64837;LIGAND-CPD:C04261	D:\嗜酸氧化亚铁硫杆菌\03_BioCyc\C2-1\官方原始下载\GCF_000021485_compounds_right_network_full_20260923_083853.xml
Compound	GCF_000021485	MANNOSE-1P	&alpha;-D-mannose 1-phosphate	mannose-1-phosphate;D-mannose-1-phosphate;mannose-1-P;&alpha;-D-mannopyranose 1-phosphate		258.121	REACTOME-CPD:532531;SEED:cpd00485;METANETX:MNXM721;BIGG:man1p;HMDB:HMDB06330;CHEBI:58409;PUBCHEM:25245607;LIGAND-CPD:C00636;CAS:27251-84-9	D:\嗜酸氧化亚铁硫杆菌\03_BioCyc\C2-1\官方原始下载\GCF_000021485_compounds_left_network_full_20260923_083853.xml
Compound	GCF_000021485	DTDP-DEOH-DEOXY-GLUCOSE	dTDP-4-dehydro-6-deoxy-&alpha;-D-glucopyranose	TDP-4-keto-6-deoxy--&alpha;-D-glucose;TDP-4-oxo-6-deoxy--&alpha;-D-glucose;dTDP-4-oxo-6-deoxy--&alpha;-D-glucose;dTDP-6-deoxy-&alpha;-D-<i>xylo</i>-4-hexosulose;dTDP-6-deoxy-&alpha;-D-xylohex-4-ulose;dTDP-4-dehydro-6-deoxy-&alpha;-D-glucose		544.302	SEED:cpd00521;METANETX:MNXM451;BIGG:dtdp4d6dg;METABOLIGHTS:MTBLC57649;HMDB:HMDB01399;CHEBI:57649;PUBCHEM:25244163;LIGAND-CPD:C11907	D:\嗜酸氧化亚铁硫杆菌\03_BioCyc\C2-1\官方原始下载\GCF_000021485_compounds_left_network_full_20260923_083853.xml
Compound	GCF_000021485	L-methionyl-L-seryl-Protein	an N-terminal-L-methionyl-L-seryl-[protein]				METANETX:MNXM164556	D:\嗜酸氧化亚铁硫杆菌\03_BioCyc\C2-1\官方原始下载\GCF_000021485_compounds_left_network_full_20260923_083853.xml
Compound	GCF_000021485	CPD-407	&gamma;-L-glutamyl-D-alanine			217.201	SEED:cpd02343;METANETX:MNXM4594;CHEBI:57915;PUBCHEM:25200557;LIGAND-CPD:C03738	D:\嗜酸氧化亚铁硫杆菌\03_BioCyc\C2-1\官方原始下载\GCF_000021485_compounds_left_network_full_20260923_083853.xml
Compound	GCF_000021485	Adenine-34-in-tRNAs	an adenine<sup>34</sup> in tRNA				METANETX:MNXM114640	D:\嗜酸氧化亚铁硫杆菌\03_BioCyc\C2-1\官方原始下载\GCF_000021485_compounds_left_network_full_20260923_083853.xml
Compound	GCF_000021485	CPD2DNV-1	lipid X (<i>H. pylori</i>)	2-<i>N</i>-[(3<i>R</i>)-3-hydroxyoctanoyl]-3-<i>N</i>-[(3<i>R</i>)-3-hydroxyhexanoyl]-&alpha;-3-amino-3-deoxy-1-phospho-D-glucosamine		794.014		D:\嗜酸氧化亚铁硫杆菌\03_BioCyc\C2-1\官方原始下载\GCF_000021485_compounds_left_network_full_20260923_083853.xml
Compound	GCF_000021485	L-phenylalanyl-L-lysyl-Protein	L-phenylalanyl-L-lysyl-[protein]				METANETX:MNXM168167	D:\嗜酸氧化亚铁硫杆菌\03_BioCyc\C2-1\官方原始下载\GCF_000021485_compounds_right_network_full_20260923_083853.xml
Compound	GCF_000021485	CPDQT-36	3-[(3'-methylsulfanyl)propyl]malate	3-[(3'-methylthio)propyl]malic acid;3-[(3'-methylthio)propyl]malate		220.24	SEED:cpd17405;METANETX:MNXM5503;LIGAND-CPD:C17215;CHEBI:133501;PUBCHEM:44237292	D:\嗜酸氧化亚铁硫杆菌\03_BioCyc\C2-1\官方原始下载\GCF_000021485_compounds_left_network_full_20260923_083853.xml
Compound	GCF_000021485	N-Acetyl-beta-D-Hexosaminides	an <i>N</i>-acetyl-&beta;-D-hexosaminide				SEED:cpd12413;METANETX:MNXM63498;LIGAND-CPD:C03879	D:\嗜酸氧化亚铁硫杆菌\03_BioCyc\C2-1\官方原始下载\GCF_000021485_compounds_left_network_full_20260923_083853.xml
Compound	GCF_000021485	PROTOPORPHYRIN_IX	protoporphyrin IX			560.651	SEED:cpd01476;METANETX:MNXM346;REFMET:Protoporphyrin;BIGG:ppp9;HMDB:HMDB00241;CHEMSPIDER:20171337;CHEBI:57306;PUBCHEM:3794562;LIGAND-CPD:C02191;CAS:553-12-8	D:\嗜酸氧化亚铁硫杆菌\03_BioCyc\C2-1\官方原始下载\GCF_000021485_compounds_left_network_full_20260923_083853.xml
Compound	GCF_000021485	S-ADENOSYLMETHIONINAMINE	<i>S</i>-adenosyl 3-(methylsulfanyl)propylamine	<i>S</i>-adenosyl-(5')-3-methylthiopropylamine;dcSAM;decarboxylated AdoMet;(5-deoxy-5-adenosyl)(3-aminopropyl) methylsulfonium salt;decarboxylated SAM;<i>S</i>-adenosylmethioninamine;decarboxylated S-adenosylmethionine;<i>S</i>-methyl-<i>S</i>-adenosyl homocysteamine;3-amino-propyl-<i>S</i>-adenosine;<i>S</i>-adenosyl-L-methioninamine;<i>S</i>-adenosyl 3-(methylthio)propylamine		356.442	SEED:cpd00837;METANETX:MNXM321;REFMET:S-Adenosylmethioninamine;BIGG:ametam;METABOLIGHTS:MTBLC57443;HMDB:HMDB00988;CHEBI:57443;PUBCHEM:25203490;LIGAND-CPD:C01137	D:\嗜酸氧化亚铁硫杆菌\03_BioCyc\C2-1\官方原始下载\GCF_000021485_compounds_left_network_full_20260923_083853.xml
Compound	GCF_000021485	CPD0-882	1,6-anhydro-<i>N</i>-acetyl-&beta;-muramate	1,6-anhMurNAc		274.25	SEED:cpd21015;METANETX:MNXM2453;LIGAND-CPD:C19769;PUBCHEM:6323212;BIGG:anhm;CHEMSPIDER:4883322;CHEBI:58690	D:\嗜酸氧化亚铁硫杆菌\03_BioCyc\C2-1\官方原始下载\GCF_000021485_compounds_left_network_full_20260923_083853.xml
Compound	GCF_000021485	Amino-Acids	an amino acid				REACTOME-CPD:2103117;SEED:cpd11612;METANETX:MNXM578;LIGAND-CPD:C00045	D:\嗜酸氧化亚铁硫杆菌\03_BioCyc\C2-1\官方原始下载\GCF_000021485_compounds_left_network_full_20260923_083853.xml
Compound	GCF_000021485	DELTA1-PIPERIDEINE-2-6-DICARBOXYLATE	(<i>S</i>)-2,3,4,5-tetrahydrodipicolinate	2,3,4,5-tetrahydrodipicolinate;(<i>S</i>)-2,3,4,5-tetrahydropyridine-2,6-dicarboxylate;&Delta;<SUP>1</SUP>-piperideine-2,6-dicarboxylate;tetrahydrodipicolinate;tetrahydropyridine-2,6-dicarboxylate;L-2,3,4,5-tetrahydrodipicolinate		169.137	METANETX:MNXM480;BIGG:thdp;HMDB:HMDB12289;CHEMSPIDER:4573939;PUBCHEM:5460405;CHEBI:16845;CAS:52-52-8;LIGAND-CPD:C03972	D:\嗜酸氧化亚铁硫杆菌\03_BioCyc\C2-1\官方原始下载\GCF_000021485_compounds_left_network_full_20260923_083853.xml
Compound	GCF_000021485	SoxY-Thiocysteine-Sulfate	a [SoxY protein]-<i>S</i>-sulfosulfanyl-L-cysteine				METANETX:MNXM147963	D:\嗜酸氧化亚铁硫杆菌\03_BioCyc\C2-1\官方原始下载\GCF_000021485_compounds_left_network_full_20260923_083853.xml
Compound	GCF_000021485	Release-factor-L-glutamine	a [release factor]-L-glutamine				METANETX:MNXM148769	D:\嗜酸氧化亚铁硫杆菌\03_BioCyc\C2-1\官方原始下载\GCF_000021485_compounds_left_network_full_20260923_083853.xml
Compound	GCF_000021485	DIHYDROSIROHYDROCHLORIN	precorrin-2	dihydrosirohydrochlorin		857.803	SEED:cpd01620;METANETX:MNXM672;BIGG:dscl;CHEBI:58827;PUBCHEM:25245987;CAS:82542-92-5;LIGAND-CPD:C02463	D:\嗜酸氧化亚铁硫杆菌\03_BioCyc\C2-1\官方原始下载\GCF_000021485_compounds_right_network_full_20260923_083853.xml
Compound	GCF_000021485	CPD-653	(<i>S</i>)-NADHX	(6<i>S</i>)-6-&beta;-hydroxy-1,4,5,6-tetrahydronicotinamide-adenine dinucleotide		681.445	SEED:cpd02951;METANETX:MNXM1964;HMDB:HMDB59644;CHEBI:64074;PUBCHEM:25203523;LIGAND-CPD:C04856	D:\嗜酸氧化亚铁硫杆菌\03_BioCyc\C2-1\官方原始下载\GCF_000021485_compounds_left_network_full_20260923_083853.xml
Compound	GCF_000021485	CPD-24807	UDP-2-<i>N</i>-[(3R)-3-hydroxyoctadecanoyl]-3-<i>O</i>-[(3R)-3-hydroxyhexadecanoyl]-&alpha;-D-glucosamine			1100.182		D:\嗜酸氧化亚铁硫杆菌\03_BioCyc\C2-1\官方原始下载\GCF_000021485_compounds_left_network_full_20260923_083853.xml
Compound	GCF_000021485	WATER	H<sub>2</sub>O	H2O;hydrogen oxide;water		18.015	BIGG:h2o;METABOLIGHTS:MTBLC15377;HMDB:HMDB02111;CHEMSPIDER:937;CHEBI:15377;PUBCHEM:962;LIGAND-CPD:C00001;CAS:7732-18-5	D:\嗜酸氧化亚铁硫杆菌\03_BioCyc\C2-1\官方原始下载\GCF_000021485_compounds_left_network_full_20260923_083853.xml
Compound	GCF_000021485	GLUCONATE	D-gluconate	D-gluconic acid;dextronic acid;maltonic acid		195.149	MEDIADB:compounds/252/;SEED:cpd00222;METANETX:MNXM341;REFMET:Gluconic acid;BIGG:glcn;METABOLIGHTS:MTBLC18391;HMDB:HMDB00625;CHEMSPIDER:4925340;CHEBI:18391;PUBCHEM:6419706;LIGAND-CPD:C00257;CAS:526-95-4	D:\嗜酸氧化亚铁硫杆菌\03_BioCyc\C2-1\官方原始下载\GCF_000021485_compounds_right_network_full_20260923_083853.xml
Compound	GCF_000021485	PROTEIN-L-BETA-ISOASPARTATES	a [protein]-L-&beta;-isoaspartate				SEED:cpd27817;METANETX:MNXM21317	D:\嗜酸氧化亚铁硫杆菌\03_BioCyc\C2-1\官方原始下载\GCF_000021485_compounds_left_network_full_20260923_083853.xml
Compound	GCF_000021485	CPD-15190	3-<i>all trans</i>-hexaprenyl-4-aminobenzoate	3-hexaprenyl-4-aminobenzoic acid;3-hexaprenyl-4-aminobenzoate		544.839	METANETX:MNXM147780;CHEBI:142618;PUBCHEM:90658663	D:\嗜酸氧化亚铁硫杆菌\03_BioCyc\C2-1\官方原始下载\GCF_000021485_compounds_right_network_full_20260923_083853.xml
Compound	GCF_000021485	Protein-L-glutamine	a [protein]-L-glutamine	L-glutaminyl-peptide			SEED:cpd01913;METANETX:MNXM8822;LIGAND-CPD:C02583	D:\嗜酸氧化亚铁硫杆菌\03_BioCyc\C2-1\官方原始下载\GCF_000021485_compounds_left_network_full_20260923_083853.xml
Compound	GCF_000021485	CPD2B4Q-15	dephospho-lipid IV<sub>A</sub> (<i>Brucella</i>)			1321.757		D:\嗜酸氧化亚铁硫杆菌\03_BioCyc\C2-1\官方原始下载\GCF_000021485_compounds_left_network_full_20260923_083853.xml
Compound	GCF_000021485	tRNA-with-7-aminomethyl-7-deazaguanine	a 7-aminomethyl-7-deazaguanosine<sup>34</sup> in tRNA	a 7-aminomethyl-7-deazaguanine at position 34 of a tRNA containing GUN anticodon			SEED:cpd28593;METANETX:MNXM13191	D:\嗜酸氧化亚铁硫杆菌\03_BioCyc\C2-1\官方原始下载\GCF_000021485_compounds_left_network_full_20260923_083853.xml
Compound	GCF_000021485	NAD-P-OR-NOP	NAD(P)<sup>+</sup>	NAD(P);NAD(P)+;&beta;-NAD(P)<sup>+</sup>			SEED:cpd27638;METANETX:MNXM137;CHEBI:13390	D:\嗜酸氧化亚铁硫杆菌\03_BioCyc\C2-1\官方原始下载\GCF_000021485_compounds_left_network_full_20260923_083853.xml
Compound	GCF_000021485	PAPS	3'-phosphoadenylyl-sulfate	phosphoadenosine-5'-phosphosulfate;phosphoadenosine phosphosulfate;3'-phosphoadenosine-5'-phosphosulfate;3'-phosphoadenylyl sulfate;3'-phospho-5'-adenylyl sulfate		503.23	SEED:cpd00044;METANETX:MNXM49;BIGG:paps;METABOLIGHTS:MTBLC58339;HMDB:HMDB01134;CHEBI:58339;PUBCHEM:46926099;KNAPSACK:C00007446;LIGAND-CPD:C00053;CAS:482-67-7	D:\嗜酸氧化亚铁硫杆菌\03_BioCyc\C2-1\官方原始下载\GCF_000021485_compounds_right_network_full_20260923_083853.xml
Compound	GCF_000021485	23S-rRNA-uracil-1939	a uracil<sup>1939</sup> in 23S rRNA				SEED:cpd21967;METANETX:MNXM14413	D:\嗜酸氧化亚铁硫杆菌\03_BioCyc\C2-1\官方原始下载\GCF_000021485_compounds_left_network_full_20260923_083853.xml
Compound	GCF_000021485	CPD-16491	2,6-diamino-4-hydroxy-5-(<i>N</i>-methyl)formamidopyrimidine	N-(2,4-diamino-6-hydroxypyrimidin-5-yl)-N-methylformamide		183.169	SEED:cpd02891;METANETX:MNXM9778;PUBCHEM:135398708;REFMET:2,6-Diamino-4-hydroxy-5-N-methylformamidopyrimidine;LIGAND-CPD:C04744;HMDB:HMDB11657;CHEBI:28643	D:\嗜酸氧化亚铁硫杆菌\03_BioCyc\C2-1\官方原始下载\GCF_000021485_compounds_right_network_full_20260923_083853.xml
Compound	GCF_000021485	AMINO-RIBOSYLAMINO-1H-3H-PYR-DIONE	5-amino-6-(D-ribitylamino)uracil	6-(1-D-ribitylamino)-5-amino-2,4-dihydroxypyrimidine;5-amino-6-ribitylamino-2,4(1H,3H)-pyrimidinedione;6-(1-D-ribitylamino)-5-aminouracil;5-amino-6-(1-D-ribitylamino)pyrimidine-2,4(1H,3H)-dione		276.249	METANETX:MNXM791;BIGG:4r5au;PUBCHEM:193516;HMDB:HMDB11106;CHEBI:15934;LIGAND-CPD:C04732	D:\嗜酸氧化亚铁硫杆菌\03_BioCyc\C2-1\官方原始下载\GCF_000021485_compounds_left_network_full_20260923_083853.xml
Compound	GCF_000021485	CPD-8624	a [protein]-L-proline (&omega; = 180)	a peptidylproline (&omega; = 180)			SEED:cpd12390;METANETX:MNXM2855;CHEBI:15701;LIGAND-CPD:C03798	D:\嗜酸氧化亚铁硫杆菌\03_BioCyc\C2-1\官方原始下载\GCF_000021485_compounds_left_network_full_20260923_083853.xml
Compound	GCF_000021485	N-terminal-L-alanine	an N-terminal L-alanyl-[protein]	an N-terminal [protein]-L-alanine			METANETX:MNXM164549	D:\嗜酸氧化亚铁硫杆菌\03_BioCyc\C2-1\官方原始下载\GCF_000021485_compounds_right_network_full_20260923_083853.xml
Compound	GCF_000021485	DNA-With-GO	a 7,8-dihydro-8-oxoguanine in DNA					D:\嗜酸氧化亚铁硫杆菌\03_BioCyc\C2-1\官方原始下载\GCF_000021485_compounds_left_network_full_20260923_083853.xml
Compound	GCF_000021485	N-5-PHOSPHORIBOSYL-ANTHRANILATE	<i>N</i>-(5-phosphoribosyl)-anthranilate	<i>N</i>-(5-phospho-D-ribosyl)-anthranilate;<i>N</i>-(5-phospho-&beta;-D-ribosyl)-anthranilate;5-phosphoribosyl-anthranilate;5-P-ribosyl-anthranilate;5'-phosphoribosyl-anthranilate;5'-P-ribosyl-anthranilate;<i>N</i>-(5-phosphoribosyl)-anthranilate		346.21	SEED:cpd02642;METANETX:MNXM1489;BIGG:pran;PUBCHEM:9548600;CHEBI:18277;LIGAND-CPD:C04302	D:\嗜酸氧化亚铁硫杆菌\03_BioCyc\C2-1\官方原始下载\GCF_000021485_compounds_left_network_full_20260923_083853.xml
Compound	GCF_000021485	OH-MYRISTOYL	UDP-2-N,3-O-bis[(3R)-3-hydroxytetradecanoyl]-&alpha;-D-glucosamine	UDP-2,3-bis(3-hydroxytetradecanoyl)glucosamine;UDP-2,3-diacyl-glucosamine;UDP-2,3-bis(3-hydroxymyristoyl)glucosamine;UDP-2,3-bis[(3<i>R</i>)-3-hydroxymyristoyl]-&alpha;-D-glucosamine;UDP-2,3-bis[O-(3<i>R</i>)-3-hydroxymyristoyl]-&alpha;-D-glucosamine		1016.021	SEED:cpd02835;METANETX:MNXM1199;BIGG:u23ga;CHEBI:78847;PUBCHEM:25246209;LIGAND-CPD:C04652	D:\嗜酸氧化亚铁硫杆菌\03_BioCyc\C2-1\官方原始下载\GCF_000021485_compounds_left_network_full_20260923_083853.xml
Compound	GCF_000021485	TusE-S-sulfanylcysteine	a [TusE sulfur carrier protein]-<i>S</i>-sulfanylcysteine				SEED:cpd28286;METANETX:MNXM22287	D:\嗜酸氧化亚铁硫杆菌\03_BioCyc\C2-1\官方原始下载\GCF_000021485_compounds_left_network_full_20260923_083853.xml
Compound	GCF_000021485	CPD-13035	adenylyl molybdenum cofactor	MAD;MPT-AMP;<i>bis</i>-molybdopterin adenine dinucleotide;MoO<sub>2</sub>(OH)Dtpp-mADP;molybdopterin adenine dinucleotide		848.46	METANETX:MNXM62329;PUBCHEM:136093638	D:\嗜酸氧化亚铁硫杆菌\03_BioCyc\C2-1\官方原始下载\GCF_000021485_compounds_right_network_full_20260923_083853.xml
Compound	GCF_000021485	CARBAMOYL-P	carbamoyl phosphate	carbamoyl-P;carbamyl-phosphate		139.004	SEED:cpd00146;METANETX:MNXM138;BIGG:cbp;METABOLIGHTS:MTBLC58228;HMDB:HMDB01096;CHEMSPIDER:2666990;CHEBI:58228;PUBCHEM:3423467;LIGAND-CPD:C00169;CAS:590-55-6	D:\嗜酸氧化亚铁硫杆菌\03_BioCyc\C2-1\官方原始下载\GCF_000021485_compounds_left_network_full_20260923_083853.xml
Compound	GCF_000021485	CTP	CTP	cytidine-triphosphate;cytidine-5'-triphosphate		479.127	SEED:cpd00052;METANETX:MNXM63;REFMET:CTP;BIGG:ctp;METABOLIGHTS:MTBLC37563;HMDB:HMDB00082;CHEMSPIDER:5414498;PUBCHEM:7058166;CHEBI:37563;LIGAND-CPD:C00063;CAS:65-47-4	D:\嗜酸氧化亚铁硫杆菌\03_BioCyc\C2-1\官方原始下载\GCF_000021485_compounds_left_network_full_20260923_083853.xml
Compound	GCF_000021485	CPD0-181	<i>N<sup>5</sup></i>-carboxyaminoimidazole ribonucleotide	5-carboxyamino-1-(5-phospho-D-ribosyl)imidazole;5-phosphoribosyl-5-carboxyaminoimidazole;<i>N<sup>5</sup></i>-CAIR		336.174	METANETX:MNXM1409;BIGG:5caiz;PUBCHEM:25202011;HMDB:HMDB12268;LIGAND-CPD:C15667;CHEBI:58730	D:\嗜酸氧化亚铁硫杆菌\03_BioCyc\C2-1\官方原始下载\GCF_000021485_compounds_left_network_full_20260923_083853.xml
Compound	GCF_000021485	GLYCOLALDEHYDE	glycolaldehyde	glycoaldehyde;2-OH-acetaldehyde;hydroxyacetaldehyde;2-hydroxyethanal		60.052	SEED:cpd00229;METANETX:MNXM349;REFMET:Glycolaldehyde;BIGG:gcald;METABOLIGHTS:MTBLC17071;HMDB:HMDB03344;CHEMSPIDER:736;PUBCHEM:756;CHEBI:17071;LIGAND-CPD:C00266;CAS:141-46-8	D:\嗜酸氧化亚铁硫杆菌\03_BioCyc\C2-1\官方原始下载\GCF_000021485_compounds_right_network_full_20260923_083853.xml
Compound	GCF_000021485	NAcMur-Peptide-NAcGlc-Undecaprenols	a lipid II	a peptidoglycan monomer;an undecaprenyldiphospho-<i>N</i>-acetyl-(<i>N</i>-acetylglucosaminyl)muramoyl peptide;an undecaprenyldiphospho-4-<i>O</i>-(<i>N</i>-acetyl-&beta;-D-glucosaminyl)-3-<i>O</i>-peptidyl-&alpha;-<i>N</i>-acetylmuramate			SEED:cpd27645;METANETX:MNXM163519	D:\嗜酸氧化亚铁硫杆菌\03_BioCyc\C2-1\官方原始下载\GCF_000021485_compounds_left_network_full_20260923_083853.xml
Compound	GCF_000021485	SN-GLYCEROL-1-PHOSPHATE	<i>sn</i>-glycerol 1-phosphate	D-glycerol 3-phosphate;L-glycerol 1-phosphate		170.058	METANETX:MNXM1158;CHEMSPIDER:5408879;CHEBI:57685;PUBCHEM:7048685;LIGAND-CPD:C00623	D:\嗜酸氧化亚铁硫杆菌\03_BioCyc\C2-1\官方原始下载\GCF_000021485_compounds_right_network_full_20260923_083853.xml
Compound	GCF_000021485	2-C-METHYL-D-ERYTHRITOL-4-PHOSPHATE	2-C-methyl-D-erythritol 4-phosphate	2-methylerylthritol 4-phosphate		214.111	SEED:cpd08286;METANETX:MNXM1626;BIGG:2me4p;PUBCHEM:21608483;CHEBI:58262;CHEMSPIDER:10645747;LIGAND-CPD:C11434	D:\嗜酸氧化亚铁硫杆菌\03_BioCyc\C2-1\官方原始下载\GCF_000021485_compounds_left_network_full_20260923_083853.xml
Compound	GCF_000021485	S-ADENOSYLMETHIONINE	<i>S</i>-adenosyl-L-methionine	(<i>S</i>)-S-adenosyl-L-methionine;AdoMet;SAM;2-<i>S</i>-adenosyl-L-methionine;<i>S</i>-adenosyl-methionine;adenosylmethionine;<i>S</i>-adenosylmethionine		399.444	SEED:cpd00017;METANETX:MNXM16;PUBCHEM:44229224;REFMET:S-adenosyl-L-methioninate;BIGG:amet;PUBCHEM:24762165;METABOLIGHTS:MTBLC59789;HMDB:HMDB01185;CHEBI:59789;LIGAND-CPD:C00019;CAS:29908-03-0	D:\嗜酸氧化亚铁硫杆菌\03_BioCyc\C2-1\官方原始下载\GCF_000021485_compounds_left_network_full_20260923_083853.xml
Compound	GCF_000021485	Alpha-Amyloses	&alpha;-amylose	an &alpha;-amylose			METANETX:MNXM147431	D:\嗜酸氧化亚铁硫杆菌\03_BioCyc\C2-1\官方原始下载\GCF_000021485_compounds_left_network_full_20260923_083853.xml
Compound	GCF_000021485	GTP	GTP	guanylyl imidodiphosphate;guanosine 5'-triphosphate;guanosine-triphosphate		519.151	SEED:cpd00038;METANETX:MNXM51;PUBCHEM:135398632;REFMET:GTP;BIGG:gtp;METABOLIGHTS:MTBLC37565;HMDB:HMDB01273;CHEMSPIDER:5414499;CHEBI:37565;LIGAND-CPD:C00044;CAS:86-01-1	D:\嗜酸氧化亚铁硫杆菌\03_BioCyc\C2-1\官方原始下载\GCF_000021485_compounds_left_network_full_20260923_083853.xml
Compound	GCF_000021485	CPD-19179	(8<i>S</i>)-3',8-cyclo-7,8-dihydroguanosine 5'-triphosphate	3',8-cH2GTP		519.151	METANETX:MNXM162448;LIGAND-CPD:C21310;PUBCHEM:135921686;CHEBI:131766	D:\嗜酸氧化亚铁硫杆菌\03_BioCyc\C2-1\官方原始下载\GCF_000021485_compounds_left_network_full_20260923_083853.xml
Compound	GCF_000021485	CPD-24847	Und-PP-Mur2Ac-L-Ala-&gamma;-D-Glu-DAP-D-Ala-D-Lac	undecaprenyldiphospho-<i>N</i>-acetylmuramoyl-L-alanyl-&gamma;-D-glutamyl-<I>meso</I>-2,6-diaminopimeloyl-D-alanyl-D-lactate;lipid I (<i>L. plantarum</i>)		1714.02		D:\嗜酸氧化亚铁硫杆菌\03_BioCyc\C2-1\官方原始下载\GCF_000021485_compounds_left_network_full_20260923_083853.xml
Compound	GCF_000021485	PORPHOBILINOGEN	porphobilinogen			225.224	REACTOME-CPD:189464;SEED:cpd00689;METANETX:MNXM554;REFMET:Porphobilinogen;BIGG:ppbng;METABOLIGHTS:MTBLC58126;HMDB:HMDB00245;CHEMSPIDER:5296496;CHEBI:58126;PUBCHEM:6921588;LIGAND-CPD:C00931;CAS:487-90-1	D:\嗜酸氧化亚铁硫杆菌\03_BioCyc\C2-1\官方原始下载\GCF_000021485_compounds_left_network_full_20260923_083853.xml
Compound	GCF_000021485	DNA-Adenines	an adenine in DNA	a DNA adenine			SEED:cpd11755;METANETX:MNXM11418;LIGAND-CPD:C00821	D:\嗜酸氧化亚铁硫杆菌\03_BioCyc\C2-1\官方原始下载\GCF_000021485_compounds_left_network_full_20260923_083853.xml
Compound	GCF_000021485	tRNA-containing-5-CarbMeAminome-2-ThioU	a 5-carboxymethylaminomethyl-2-thiouridine<sup>34</sup> in tRNA	a tRNA containing 5-carboxymethylaminomethyl-2-thiouridine<sup>34</sup>;cmnm<sup>5</sup>s<sup>2</sup>U in tRNA			SEED:cpd17468;CHEBI:81007;METANETX:MNXM7846;LIGAND-CPD:C17323	D:\嗜酸氧化亚铁硫杆菌\03_BioCyc\C2-1\官方原始下载\GCF_000021485_compounds_left_network_full_20260923_083853.xml
Compound	GCF_000021485	IMIDAZOLE-ACETOL-P	3-(imidazol-4-yl)-2-oxopropyl phosphate	imidazole acetol-P;imidazole acetol-phosphate		218.105	SEED:cpd00930;METANETX:MNXM1456;REFMET:Imidazole acetol-phosphate;BIGG:imacp;HMDB:HMDB12236;CHEBI:57766;PUBCHEM:25244516;LIGAND-CPD:C01267;CAS:99979-59-6	D:\嗜酸氧化亚铁硫杆菌\03_BioCyc\C2-1\官方原始下载\GCF_000021485_compounds_right_network_full_20260923_083853.xml
Compound	GCF_000021485	Halide-Anions	a halide anion	a halide			LIGAND-CPD:C00462;CHEBI:16042	D:\嗜酸氧化亚铁硫杆菌\03_BioCyc\C2-1\官方原始下载\GCF_000021485_compounds_right_network_full_20260923_083853.xml
Compound	GCF_000021485	URACIL	uracil	U;2,4-(1H,3H)-pyrimidinedione		112.088	MEDIADB:compounds/104/;REACTOME-CPD:83962;SEED:cpd00092;METANETX:MNXM158;REFMET:Uracil;BIGG:ura;METABOLIGHTS:MTBLC17568;HMDB:HMDB00300;DRUGBANK:DB03419;CHEMSPIDER:1141;PUBCHEM:1174;CHEBI:17568;LIGAND-CPD:C00106;CAS:66-22-8	D:\嗜酸氧化亚铁硫杆菌\03_BioCyc\C2-1\官方原始下载\GCF_000021485_compounds_right_network_full_20260923_083853.xml
Compound	GCF_000021485	HYDROGEN-MOLECULE	H<SUB>2</SUB>	hydrogen;hydrogen molecule;dihydrogen		2.016	REACTOME-CPD:113555;SEED:cpd11640;METANETX:MNXM195;BIGG:h2;METABOLIGHTS:MTBLC18276;HMDB:HMDB01362;CHEBI:18276;CHEMSPIDER:762;PUBCHEM:783;LIGAND-CPD:C00282;CAS:1333-74-0	D:\嗜酸氧化亚铁硫杆菌\03_BioCyc\C2-1\官方原始下载\GCF_000021485_compounds_left_network_full_20260923_083853.xml
Compound	GCF_000021485	2-ACYL-GPE	a 1-lysophosphatidylethanolamine	2-acyl-GPE;<i>O</i>-(2-acyl-<i>sn</i>-glycero-3-phospho)-ethanolamine;a 2-acyl-1-lyso-<i>sn</i>-glycero-3-phosphoethanolamine;a 2-acyl-<i>sn</i>-glycero-3-phosphoethanolamine;a 2-acyl-1-lysophosphatidylethanolamine			REACTOME-CPD:1498729;SEED:cpd03557;METANETX:MNXM101606;CHEBI:28936;LIGAND-CPD:C05973	D:\嗜酸氧化亚铁硫杆菌\03_BioCyc\C2-1\官方原始下载\GCF_000021485_compounds_right_network_full_20260923_083853.xml
Compound	GCF_000021485	23S-rRNA-N6-methyladenine-2030	an <i>N</i><sup>6</sup>-methyladenine<sup>2030</sup> in 23S rRNA	a 6-methylaminopurine<sup>2030</sup> in 23S rRNA			METANETX:MNXM98609	D:\嗜酸氧化亚铁硫杆菌\03_BioCyc\C2-1\官方原始下载\GCF_000021485_compounds_right_network_full_20260923_083853.xml
Compound	GCF_000021485	CPD-17583	a peptidoglycan pentapeptide	L-alanyl-&gamma;-D-glutamyl-L-lysyl/meso-2,6-diaminopimeloyl-D-alanyl-D-alanine;L-Ala-&gamma;-D-Glu-L-Lys/meso-A2pm-D-Ala-D-Ala;L-alanyl-&gamma;-D-glutamyl-L-lysyl/meso-2,6-diaminoheptanedioyl-D-alanyl-D-alanine			METANETX:MNXM148834	D:\嗜酸氧化亚铁硫杆菌\03_BioCyc\C2-1\官方原始下载\GCF_000021485_compounds_right_network_full_20260923_083853.xml
Compound	GCF_000021485	CIS-ACONITATE	<i>cis</i>-aconitate	(Z)-prop-1-ene-1,2,3-tricarboxylate;<i>cis</i>-aconitic acid		171.086	SEED:cpd00331;METANETX:MNXM813;REFMET:Cis-Aconitic acid;BIGG:acon_C;METABOLIGHTS:MTBLC16383;HMDB:HMDB00072;CHEMSPIDER:4573582;KNAPSACK:C00001177;PUBCHEM:5459816;CHEBI:16383;LIGAND-CPD:C00417;CAS:585-84-2	D:\嗜酸氧化亚铁硫杆菌\03_BioCyc\C2-1\官方原始下载\GCF_000021485_compounds_left_network_full_20260923_083853.xml
Compound	GCF_000021485	Protein-nitrosothiol-L-alanine	a [protein] 3-nitrosothio-L-alanine				METANETX:MNXM164442	D:\嗜酸氧化亚铁硫杆菌\03_BioCyc\C2-1\官方原始下载\GCF_000021485_compounds_left_network_full_20260923_083853.xml
Compound	GCF_000021485	CPD0-1082	L-alanyl-&gamma;-D-glutamyl-<i>meso</i>-2,6-diaminopimeloyl-D-alanine	L-alanine-&gamma;-D-glutamate-meso-2,6-diaminoheptanedioate-D-alanine;L-Ala-D-Glu-meso-A2pm-D-Ala;L-Ala-&gamma;-D-Glu-<i>meso</i>-DAP-D-Ala;L-alanyl-&gamma;-D-glutamyl-<i>meso</i>-2,6-diaminoheptanedioyl-D-alanine		460.463	METANETX:MNXM163832;PUBCHEM:91820042;CHEBI:61983	D:\嗜酸氧化亚铁硫杆菌\03_BioCyc\C2-1\官方原始下载\GCF_000021485_compounds_left_network_full_20260923_083853.xml
Compound	GCF_000021485	CPD-12304	Und-PP-&beta;-D-GlcNAc-(1&rarr;4)-Mur2Ac-L-Ala-&gamma;-D-Glu-L-Lys-D-Ala	<i>ditrans,octacis</i>-undecaprenyldiphospho-<i>N</i>-acetyl-(<i>N</i>-acetylglucosaminyl)muramoyl-L-alanyl-D-glutamyl-L-lysyl-D-alanyl-diphosphoundecaprenyl-<i>N</i>-acetylglucosamine;<i>N</i>-acetyl-muramoyl-(tetrapeptide)-<i>N</i>-acetylglucosamine-diphosphoundecaprenol;undecaprenyl-pyrophosphoryl-MurNAc-(tetrapeptide)-<i>N</i>-acetylglucosamine;GlcNAc-(1->4)-MurNAc(oyl-L-Ala-&gamma;-D-Glu-L-Lys-D-Ala)-diphosphoundecaprenol;<i>ditrans,octacis</i>-undecaprenyldiphospho-<i>N</i>-acetyl-(<i>N</i>-acetylglucosaminyl)muramoyl-L-alanyl-&gamma;-D-glutamyl-L-lysyl-D-alanine;&beta;-D-GlcNAc-(1&rarr;4)-Mur2Ac(oyl-L-Ala-&gamma;-D-Glu-L-Lys-D-Ala)-PP-Und		1802.15	METANETX:MNXM12369;PUBCHEM:90658980	D:\嗜酸氧化亚铁硫杆菌\03_BioCyc\C2-1\官方原始下载\GCF_000021485_compounds_right_network_full_20260923_083853.xml
Compound	GCF_000021485	PYRIDOXAL_PHOSPHATE	pyridoxal 5'-phosphate	pyridoxal phosphate;pyridoxal-5P;pyridoxal 5-phosphate;pyridoxal-P;vitamin B6		245.128	Wikipedia:Pyridoxal_phosphate;REACTOME-CPD:29390;SEED:cpd00016;METANETX:MNXM161;REFMET:Pyridoxal 5'-phosphate;BIGG:pydx5p;METABOLIGHTS:MTBLC597326;HMDB:HMDB01491;CHEMSPIDER:559203;CHEBI:597326;PUBCHEM:644168;LIGAND-CPD:C00018;CAS:54-47-7	D:\嗜酸氧化亚铁硫杆菌\03_BioCyc\C2-1\官方原始下载\GCF_000021485_compounds_right_network_full_20260923_083853.xml
Compound	GCF_000021485	LEUKOTRIENE-C4	leukotriene C4			623.76	SEED:cpd01465;METANETX:MNXM589;REFMET:LTC4;METABOLIGHTS:MTBLC57973;HMDB:HMDB01198;CHEBI:57973;PUBCHEM:25245603;LIGAND-CPD:C02166;CAS:72025-60-6	D:\嗜酸氧化亚铁硫杆菌\03_BioCyc\C2-1\官方原始下载\GCF_000021485_compounds_left_network_full_20260923_083853.xml
Compound	GCF_000021485	OLEOYL-COA	oleoyl-CoA	oloeyl-CoA (<i>cis</i>);<i>cis</i>-octadec-9-enoyl-CoA;(9Z)-octadec-9-enoyl-CoA;18:1 <i>cis</i>-9;18:1(n-9)		1027.953	REACTOME-CPD:5690558;METANETX:MNXM686;REFMET:Oleoyl-CoA;PUBCHEM:25245426;METABOLIGHTS:MTBLC57387;HMDB:HMDB01322;CHEBI:57387;LIGAND-CPD:C00510	D:\嗜酸氧化亚铁硫杆菌\03_BioCyc\C2-1\官方原始下载\GCF_000021485_compounds_left_network_full_20260923_083853.xml
Compound	GCF_000021485	Mnm5Se2U-containing-tRNAs	a 5-methylaminomethyl-2-selenouridine<sup>34</sup> in tRNA	tRNA containing 5-methylaminomethyl-2-selenouridine<sup>34</sup>			SEED:cpd27525;METANETX:MNXM19415	D:\嗜酸氧化亚铁硫杆菌\03_BioCyc\C2-1\官方原始下载\GCF_000021485_compounds_right_network_full_20260923_083853.xml
Compound	GCF_000021485	PREPHENATE	prephenate			224.17	SEED:cpd00219;METANETX:MNXM503;BIGG:pphn;HMDB:HMDB12283;CHEMSPIDER:4573884;PUBCHEM:5460303;CHEBI:29934;LIGAND-CPD:C00254;CAS:126-49-8	D:\嗜酸氧化亚铁硫杆菌\03_BioCyc\C2-1\官方原始下载\GCF_000021485_compounds_left_network_full_20260923_083853.xml
Compound	GCF_000021485	CPD-19840	roseoflavin adenine dinucleotide	RoFAD		811.574	PUBCHEM:126961171	D:\嗜酸氧化亚铁硫杆菌\03_BioCyc\C2-1\官方原始下载\GCF_000021485_compounds_right_network_full_20260923_083853.xml
Compound	GCF_000021485	XTP	XTP	xanthosine 5' triphosphate		520.136	REACTOME-CPD:2509848;SEED:cpd00530;METANETX:MNXM1860;BIGG:xtp;HMDB:HMDB00293;CHEBI:61314;PUBCHEM:25245622;LIGAND-CPD:C00700	D:\嗜酸氧化亚铁硫杆菌\03_BioCyc\C2-1\官方原始下载\GCF_000021485_compounds_left_network_full_20260923_083853.xml
Compound	GCF_000021485	23S-rRNA-uridine955-2504-2580	uridine<sup>955/2504/2580</sup> in 23S rRNA	a 23S rRNA uridine<sup>955/2504/2580</sup>			SEED:cpd21975;METANETX:MNXM14417	D:\嗜酸氧化亚铁硫杆菌\03_BioCyc\C2-1\官方原始下载\GCF_000021485_compounds_left_network_full_20260923_083853.xml
Compound	GCF_000021485	CPD-13909	glutathioselenol	GSSeH;selenoglutathione persulfide;selenoglutathione		385.273	REACTOME-CPD:5357664;SEED:cpd20132;METANETX:MNXM7395;CHEBI:71265;PUBCHEM:70680284;METABOLIGHTS:MTBLC64729;LIGAND-CPD:C18871	D:\嗜酸氧化亚铁硫杆菌\03_BioCyc\C2-1\官方原始下载\GCF_000021485_compounds_left_network_full_20260923_083853.xml
Compound	GCF_000021485	ADENOSYL-P4	P<sup>1</sup>,P<sup>4</sup>-<i>bis</i>(5'-adenosyl) tetraphosphate	Ap<sub>4</sub>A;AppppA;P(1),P(4)-bis(5'-adenosyl)tetraphosphate;<i>bis</i>(5'-adenosyl) tetraphosphate;5',5'''-diadenosine tetraphosphate		832.36	SEED:cpd00924;METANETX:MNXM1089;BIGG:ap4a;METABOLIGHTS:MTBLC58141;HMDB:HMDB01211;CHEBI:58141;PUBCHEM:25243905;LIGAND-CPD:C01260	D:\嗜酸氧化亚铁硫杆菌\03_BioCyc\C2-1\官方原始下载\GCF_000021485_compounds_left_network_full_20260923_083853.xml
Compound	GCF_000021485	BIOTIN	biotin	vitamin H;coenzyme R;D-biotin;vitamin B<sub>7</sub>		243.3	MEDIADB:compounds/117/;SEED:cpd00104;METANETX:MNXM304;REFMET:Biotin;BIGG:btn;METABOLIGHTS:MTBLC57586;HMDB:HMDB00030;CHEMSPIDER:5028036;CHEBI:57586;PUBCHEM:6560210;LIGAND-CPD:C00120;CAS:58-85-5	D:\嗜酸氧化亚铁硫杆菌\03_BioCyc\C2-1\官方原始下载\GCF_000021485_compounds_left_network_full_20260923_083853.xml
Compound	GCF_000021485	CPD0-2479	&alpha;-D-ribose-1-methylphosphonate-5-triphosphate			463.038	SEED:cpd26518;METANETX:MNXM13284;LIGAND-CPD:C20422;PUBCHEM:70678977;CHEBI:68823	D:\嗜酸氧化亚铁硫杆菌\03_BioCyc\C2-1\官方原始下载\GCF_000021485_compounds_left_network_full_20260923_083853.xml
Compound	GCF_000021485	SoxY-Thiocysteine-S-Sulfate	a [SoxY protein]-<i>S</i>-(2-sulfodisulfanyl)-L-cysteine	a [SoxY protein]-L-cysteine-<i>S</i>-thioperoxosulfonate				D:\嗜酸氧化亚铁硫杆菌\03_BioCyc\C2-1\官方原始下载\GCF_000021485_compounds_left_network_full_20260923_083853.xml
Compound	GCF_000021485	5-OXOPROLINE	5-oxo-L-proline	pyrrolidone-COO;pyrrolidone-carboxylate;L-5-pyrrolidone-2-carboxylic acid;L-pyroglutamic acid;pyroglutamic acid;pyroglutamate;5-pyrrolidone-2-carboxylic acid;L-pyroglutamate;pidolic acid		128.107	REACTOME-CPD:1247942;SEED:cpd01293;METANETX:MNXM722719;REFMET:Pyroglutamic acid;HMDB:HMDB00267;CHEMSPIDER:4451146;CHEBI:58402;PUBCHEM:5289118;LIGAND-CPD:C01879;CAS:98-79-3	D:\嗜酸氧化亚铁硫杆菌\03_BioCyc\C2-1\官方原始下载\GCF_000021485_compounds_right_network_full_20260923_083853.xml
Compound	GCF_000021485	Release-factor-N5-Methyl-L-glutamine	a [release factor]-<i>N</i><sup>5</sup>-methyl-L-glutamine				METANETX:MNXM148770	D:\嗜酸氧化亚铁硫杆菌\03_BioCyc\C2-1\官方原始下载\GCF_000021485_compounds_right_network_full_20260923_083853.xml
Compound	GCF_000021485	HOMO-CYS	L-homocysteine	homo-cys;homocysteine		135.181	REACTOME-CPD:174369;METANETX:MNXM123;REFMET:Homocysteine;BIGG:hcys__L;METABOLIGHTS:MTBLC58199;HMDB:HMDB00742;CHEBI:58199;PUBCHEM:6971015;CAS:6027-13-0;LIGAND-CPD:C00155;CAS:454-28-4	D:\嗜酸氧化亚铁硫杆菌\03_BioCyc\C2-1\官方原始下载\GCF_000021485_compounds_left_network_full_20260923_083853.xml
Compound	GCF_000021485	N-terminal-L-alanine-sulfenate	an N-terminal 3-sulfeno-L-alanyl-[protein]				METANETX:MNXM164545	D:\嗜酸氧化亚铁硫杆菌\03_BioCyc\C2-1\官方原始下载\GCF_000021485_compounds_left_network_full_20260923_083853.xml
Compound	GCF_000021485	ADENINE	adenine	6-aminopurine;A		135.128	MEDIADB:compounds/143/;REFMET:Adenine;BIGG:ade;METABOLIGHTS:MTBLC16708;HMDB:HMDB00034;DRUGBANK:DB00173;CHEMSPIDER:185;CHEBI:16708;PUBCHEM:190;LIGAND-CPD:C00147;CAS:73-24-5	D:\嗜酸氧化亚铁硫杆菌\03_BioCyc\C2-1\官方原始下载\GCF_000021485_compounds_left_network_full_20260923_083853.xml
Compound	GCF_000021485	CPD-4211	prenyl diphosphate	dimethylallyl-diphosphate;prenyl-diphosphate;&delta;-prenyl diphosphate;&delta;2-isopentenyl-diphosphate;2-isopentenyl diphosphate;dimethylallyl diphosphate;DPP;di-CH3-allyl-PPi;dimethylallyl-PP;dimethylallyl-PPi;DMPP;dimethylallyl pyrophosphate;3-methylbut-2-en-1-yl diphosphate		243.069	CHEBI:83374;SEED:cpd00202;METANETX:MNXM132;BIGG:dmpp;METABOLIGHTS:MTBLC57623;HMDB:HMDB01120;CHEMSPIDER:13115336;PUBCHEM:15983958;LIGAND-CPD:C00235;CAS:358-71-4	D:\嗜酸氧化亚铁硫杆菌\03_BioCyc\C2-1\官方原始下载\GCF_000021485_compounds_left_network_full_20260923_083853.xml
Compound	GCF_000021485	D-ALANINE	D-alanine			89.094	MEDIADB:compounds/130/;SEED:cpd00117;METANETX:MNXM156;BIGG:ala__D;METABOLIGHTS:MTBLC57416;HMDB:HMDB01310;CHEBI:57416;PUBCHEM:7311725;LIGAND-CPD:C00133;CAS:338-69-2	D:\嗜酸氧化亚铁硫杆菌\03_BioCyc\C2-1\官方原始下载\GCF_000021485_compounds_left_network_full_20260923_083853.xml
Compound	GCF_000021485	CPDQT-41	10-(methylsulfanyl)-2-oxodecanoate	10-(methylthio)-2-oxo-decanoic acid;10-(methylthio)-2-oxodecanoate		231.329	SEED:cpd17422;CHEBI:80977;METANETX:MNXM5486;LIGAND-CPD:C17232;PUBCHEM:44237295;KNAPSACK:C00007651	D:\嗜酸氧化亚铁硫杆菌\03_BioCyc\C2-1\官方原始下载\GCF_000021485_compounds_right_network_full_20260923_083853.xml
Compound	GCF_000021485	LYS	L-lysine	K;lysine;L-lys;2,6-diaminohexanoic acid;lysine acid;lys		147.197	MEDIADB:compounds/14810/;MEDIADB:compounds/47/;METANETX:MNXM78;REFMET:Lysine;BIGG:lys__L;CHEMSPIDER:5747;METABOLIGHTS:MTBLC32551;HMDB:HMDB00182;CHEBI:32551;PUBCHEM:5460926;LIGAND-CPD:C00047;CAS:56-87-1	D:\嗜酸氧化亚铁硫杆菌\03_BioCyc\C2-1\官方原始下载\GCF_000021485_compounds_left_network_full_20260923_083853.xml
Compound	GCF_000021485	CPD-24844	<i>(S)</i>-lactic acid	L-lactic acid		90.079	CHEBI:422	D:\嗜酸氧化亚铁硫杆菌\03_BioCyc\C2-1\官方原始下载\GCF_000021485_compounds_right_network_full_20260923_083853.xml
Compound	GCF_000021485	CPD-69	cyanate	cyanic acid;hydrogen cyanate		42.017	SEED:cpd01015;METANETX:MNXM1191;BIGG:cynt;METABOLIGHTS:MTBLC29195;HMDB:HMDB02078;CHEMSPIDER:10445868;PUBCHEM:105034;CHEBI:29195;LIGAND-CPD:C01417;CAS:420-05-3	D:\嗜酸氧化亚铁硫杆菌\03_BioCyc\C2-1\官方原始下载\GCF_000021485_compounds_right_network_full_20260923_083853.xml
Compound	GCF_000021485	SELENATE	selenate			142.958	REACTOME-CPD:5357662;SEED:cpd03396;HMDB:HMDB62761;METANETX:MNXM2282;CHEBI:15075;PUBCHEM:26473;METABOLIGHTS:MTBLC15075;CHEMSPIDER:1058;Wikipedia:Selenate;LIGAND-CPD:C05697	D:\嗜酸氧化亚铁硫杆菌\03_BioCyc\C2-1\官方原始下载\GCF_000021485_compounds_left_network_full_20260923_083853.xml
Compound	GCF_000021485	Mo-bis-MGD-Chaperone-Cys-Persulfide	a [<i>bis</i>(guanylyl molybdopterin) cofactor chaperone]-<i>S</i>-sulfanyl-L-cysteine					D:\嗜酸氧化亚铁硫杆菌\03_BioCyc\C2-1\官方原始下载\GCF_000021485_compounds_left_network_full_20260923_083853.xml
Compound	GCF_000021485	METHYL-GLYOXAL	methylglyoxal	2-oxopropanal;acetylformaldehyde;pyruvic aldehyde;pyruvaldehyde		72.063	REACTOME-CPD:5694074;SEED:cpd00428;METANETX:MNXM310;REFMET:Pyruvaldehyde;BIGG:mthgxl;DRUGBANK:DB03587;METABOLIGHTS:MTBLC17158;HMDB:HMDB01167;CHEMSPIDER:857;PUBCHEM:880;CHEBI:17158;LIGAND-CPD:C00546;CAS:78-98-8	D:\嗜酸氧化亚铁硫杆菌\03_BioCyc\C2-1\官方原始下载\GCF_000021485_compounds_left_network_full_20260923_083853.xml
Compound	GCF_000021485	1-KETO-2-METHYLVALERATE	(<i>R</i>)-2,3-dihydroxy-3-methylpentanoate	(<i>R</i>)-2,3-dihydroxy-3-methylvalerate		147.15	SEED:cpd19046;METANETX:MNXM1202;BIGG:23dhmp;CHEBI:49258;PUBCHEM:21145376;HMDB:HMDB12140;CHEMSPIDER:13641636;LIGAND-CPD:C06007	D:\嗜酸氧化亚铁硫杆菌\03_BioCyc\C2-1\官方原始下载\GCF_000021485_compounds_left_network_full_20260923_083853.xml
Compound	GCF_000021485	DUDP	dUDP	2'-deoxyuridine-5'-diphosphate;deoxyuridine-diphosphate		385.14	SEED:cpd00978;METANETX:MNXM572;REFMET:dUDP;BIGG:dudp;METABOLIGHTS:MTBLC60471;HMDB:HMDB01000;CHEBI:60471;PUBCHEM:25246037;LIGAND-CPD:C01346	D:\嗜酸氧化亚铁硫杆菌\03_BioCyc\C2-1\官方原始下载\GCF_000021485_compounds_left_network_full_20260923_083853.xml
Compound	GCF_000021485	L-ALA-GAMMA-D-GLU-DAP	L-alanyl-&gamma;-D-glutamyl-<i>meso</i>-diaminopimelate	L-Ala-D-Glu-<i>meso</i>-A<sub>2</sub>pm;L-Ala-&gamma;-D-Glu-diaminopimelate;L-Ala-&gamma;-D-Glu-Dap;L-alanyl-&gamma;-D-glutamyl-<i>meso</i>-2,6-diaminoheptanedioate		389.384	SEED:cpd27348;METANETX:MNXM1023;LIGAND-CPD:C20925;PUBCHEM:25246068;CHEBI:61401	D:\嗜酸氧化亚铁硫杆菌\03_BioCyc\C2-1\官方原始下载\GCF_000021485_compounds_left_network_full_20260923_083853.xml
Compound	GCF_000021485	C6	&beta;-D-GlcNAc-(1&rarr;4)-Mur2Ac(oyl-L-Ala-&gamma;-D-Glu-DAP-D-Ala-D-Ala)-PP-Und	diphosphoundecaprenyl-[GlcNAc-MurNAc-pentapeptide]<sub>n</sub>;lipid intermediate II (DAP-containing);undecaprenyl-diphospho-N-acetylmuramoyl-(N-acetylglucosamine)-L-ala-&gamma;-D-glu-meso-2,6-diaminopimeloyl-D-ala-D-ala;lipid II (DAP-containing);<i>ditrans,octacis</i>-undecaprenyldiphospho-[(<i>N</i>-acetyl-&beta;-D-glucosaminyl)-(1,4)-]-<i>N</i>-acetyl-&alpha;-D-muramoyl-L-alanyl-&gamma;-D-glutamyl-<I>meso</I>-2,6-diaminopimeloyl-D-alanyl-D-alanine;lipid II (<i>meso</i> diaminopimelate containing)		1916.23	PUBCHEM:86289097;SEED:cpd03495;METANETX:MNXM722781;BIGG:uaagmda;CHEBI:61388;LIGAND-CPD:C05898	D:\嗜酸氧化亚铁硫杆菌\03_BioCyc\C2-1\官方原始下载\GCF_000021485_compounds_left_network_full_20260923_083853.xml
Compound	GCF_000021485	SoxZY-L-Cysteine	a [SoxY protein]-L-cysteine				METANETX:MNXM147007	D:\嗜酸氧化亚铁硫杆菌\03_BioCyc\C2-1\官方原始下载\GCF_000021485_compounds_left_network_full_20260923_083853.xml
Compound	GCF_000021485	Cysteine-Desulfurase-L-cysteine	an [L-cysteine desulfurase]-L-cysteine				METANETX:MNXM146528	D:\嗜酸氧化亚铁硫杆菌\03_BioCyc\C2-1\官方原始下载\GCF_000021485_compounds_left_network_full_20260923_083853.xml
Compound	GCF_000021485	OLEATE-CPD	oleate	oleic acid;(9Z)-octadec-9-enoate;(9Z)-octadecenoate;(9Z)-octadecenoic acid;(9Z)-octadec-9-enoic acid;(Z)-octadec-9-enoic acid;18:1 n-9;18:1&Delta;9cis;C18:1 n-9;cis-9-octadecenoic acid;cis-&Delta;<sup>9</sup>-octadecenoic acid;cis-oleic acid;octadec-9-enoic acid;octadecenoate (n-C18:1);9-octadecenoic acid		281.457	MEDIADB:compounds/659/;SEED:cpd00536;METANETX:MNXM306;REFMET:Oleic acid;BIGG:ocdcea;METABOLIGHTS:MTBLC30823;HMDB:HMDB00207;CHEMSPIDER:4573837;PUBCHEM:5460221;CHEBI:30823;LIGAND-CPD:C00712;CAS:112-80-1	D:\嗜酸氧化亚铁硫杆菌\03_BioCyc\C2-1\官方原始下载\GCF_000021485_compounds_right_network_full_20260923_083853.xml
Compound	GCF_000021485	NICOTINATE_NUCLEOTIDE	&beta;-nicotinate D-ribonucleotide	nicotinate dinucleotide;&beta;-nicotinate-D-nucleotide;nicotinic acid nucleotide;nicotinic acid mononucleotide;nicotinic acid ribonucleotide;nicotinate-D-ribonucleotide;nicotinate ribonucleotide;nicotinate nucleotide;deamido-nicotinamide mononucleotide;deamido-NMN;nicotinate D-ribonucleotide;nicotinate mononucleotide;NaMN		333.191	SEED:cpd00873;METANETX:MNXM194;BIGG:nicrnt;CHEBI:57502;PUBCHEM:46878382;METABOLIGHTS:MTBLC57502;HMDB:HMDB01132;LIGAND-CPD:C01185;CAS:321-02-8	D:\嗜酸氧化亚铁硫杆菌\03_BioCyc\C2-1\官方原始下载\GCF_000021485_compounds_left_network_full_20260923_083853.xml
Compound	GCF_000021485	CHITIN	chitin	[GlcNAc]<sub>n</sub>;beta-1,4-Poly-N-acetyl-D-glucosamine;(1&rarr;4)-2-acetamido-2-deoxy-&beta;-D-glucan			REACTOME-CPD:6786438;SEED:cpd22519;HMDB:HMDB03362;METANETX:MNXM1271;LIGAND-CPD:C00461;CHEBI:17029;Wikipedia:Chitin	D:\嗜酸氧化亚铁硫杆菌\03_BioCyc\C2-1\官方原始下载\GCF_000021485_compounds_left_network_full_20260923_083853.xml
Compound	GCF_000021485	PALMITATE	palmitate	hexadecanoate (n-C16:0);palmitic acid;hexadecanoate;hexadecanoic acid		255.42	SEED:cpd00214;METANETX:MNXM108;REFMET:Palmitic acid;BIGG:hdca;METABOLIGHTS:MTBLC7896;HMDB:HMDB00220;CHEMSPIDER:440215;CHEBI:7896;PUBCHEM:504166;Wikipedia:Palmitic_acid;LIGAND-CPD:C00249;CAS:57-10-3	D:\嗜酸氧化亚铁硫杆菌\03_BioCyc\C2-1\官方原始下载\GCF_000021485_compounds_left_network_full_20260923_083853.xml
Compound	GCF_000021485	FADH2	FADH<SUB>2</SUB>	flavin adenine dinucleotide reduced;1,5-dihydro-FAD		785.556	SEED:cpd00982;METANETX:MNXM38;REFMET:FADH2;BIGG:fadh2;PUBCHEM:46931118;CHEBI:58307;METABOLIGHTS:MTBLC58307;HMDB:HMDB01197;LIGAND-CPD:C01352;CAS:1910-41-4	D:\嗜酸氧化亚铁硫杆菌\03_BioCyc\C2-1\官方原始下载\GCF_000021485_compounds_left_network_full_20260923_083853.xml
Compound	GCF_000021485	CPD-9020	tetrahydropteroate	(6S)-5,6,7,8-tetrahydropteroate		315.311	SEED:cpd25533;METANETX:MNXM83928;PUBCHEM:135926603;CHEBI:85414	D:\嗜酸氧化亚铁硫杆菌\03_BioCyc\C2-1\官方原始下载\GCF_000021485_compounds_left_network_full_20260923_083853.xml
Compound	GCF_000021485	CIT	citrate	citr;cit;citric acid;2-hydroxy-1,2,3-propanetricarboxylic acid		189.101	MEDIADB:compounds/154/;SEED:cpd00137;METANETX:MNXM131;REFMET:Citric acid;BIGG:cit;METABOLIGHTS:MTBLC16947;HMDB:HMDB00094;CHEMSPIDER:29081;PUBCHEM:31348;KNAPSACK:C00007619;CHEBI:16947;LIGAND-CPD:C00158;CAS:77-92-9	D:\嗜酸氧化亚铁硫杆菌\03_BioCyc\C2-1\官方原始下载\GCF_000021485_compounds_left_network_full_20260923_083853.xml
Compound	GCF_000021485	Hydroxymethylbilane-Synthase-ES4	a [hydroxymethylbilane synthase] ES<sub>4</sub> intermediate					D:\嗜酸氧化亚铁硫杆菌\03_BioCyc\C2-1\官方原始下载\GCF_000021485_compounds_left_network_full_20260923_083853.xml
Compound	GCF_000021485	CPD-23334	<i>N</i>-acetyl-&beta;-D-glucosaminyl-(1 &rarr; 4)-<i>N</i>-acetyl-&beta;-D-muramate	GlcNAc-MurNAc disaccharide		495.459	PUBCHEM:154586206	D:\嗜酸氧化亚铁硫杆菌\03_BioCyc\C2-1\官方原始下载\GCF_000021485_compounds_left_network_full_20260923_083853.xml
Compound	GCF_000021485	DIACETYL	diacetyl	2,3-butanedione;biacetyl;dimethylglyoxal;2,3-diketobutane;2,3-dioxobutane;butadione;dimethyl diketone;butanedione		86.09	SEED:cpd00551;METANETX:MNXM1467;REFMET:Diacetyl;HMDB:HMDB03407;CHEMSPIDER:630;PUBCHEM:650;CHEBI:16583;LIGAND-CPD:C00741;CAS:431-03-8	D:\嗜酸氧化亚铁硫杆菌\03_BioCyc\C2-1\官方原始下载\GCF_000021485_compounds_right_network_full_20260923_083853.xml
Compound	GCF_000021485	2-OCTAPRENYLPHENOL	2-octaprenylphenol			639.058	SEED:cpd03444;METANETX:MNXM1886;BIGG:2oph;DRUGBANK:DB03232;CHEMSPIDER:4444381;PUBCHEM:5280832;CHEBI:40407;LIGAND-CPD:C05810	D:\嗜酸氧化亚铁硫杆菌\03_BioCyc\C2-1\官方原始下载\GCF_000021485_compounds_left_network_full_20260923_083853.xml
Compound	GCF_000021485	DIHYDRO-NEO-PTERIN	D-<i>erythro</i>-7,8-dihydroneopterin	2-amino-4-hydroxy-6-(D-erythro-1,2,3-trihydroxypropyl)-7,8-dihydropteridine;2-amino-4-hydroxy-6-(D-erythro)-trihydroxypropyldihydropteridine;dihydro-neo-pterin;DHN;7,8-dihydro-D-neopterin		255.233	SEED:cpd02961;METANETX:MNXM162359;PUBCHEM:135398602;BIGG:dhnpt;METABOLIGHTS:MTBLC17001;HMDB:HMDB02275;DRUGBANK:DB04425;CHEMSPIDER:58584;CHEBI:17001;LIGAND-CPD:C04874	D:\嗜酸氧化亚铁硫杆菌\03_BioCyc\C2-1\官方原始下载\GCF_000021485_compounds_left_network_full_20260923_083853.xml
Compound	GCF_000021485	CPD-12626	1,1'-dihydroxy-neurosporene	1,1'-dihydroxy-1,1',2,2'-tetrahydroneurosporene		574.929	SEED:cpd23499;METANETX:MNXM13812;CHEBI:138076;CHEMSPIDER:17220972;PUBCHEM:16061307	D:\嗜酸氧化亚铁硫杆菌\03_BioCyc\C2-1\官方原始下载\GCF_000021485_compounds_left_network_full_20260923_083853.xml
Compound	GCF_000021485	UDP-3R-hydroxyacyl-GlcN	UDP-3-<i>O</i>-[(3<i>R</i>)-3-hydroxyacyl]-&alpha;-D-glucosamine					D:\嗜酸氧化亚铁硫杆菌\03_BioCyc\C2-1\官方原始下载\GCF_000021485_compounds_left_network_full_20260923_083853.xml
Compound	GCF_000021485	PHOSPHORIBULOSYL-FORMIMINO-AICAR-P	phosphoribulosylformimino-AICAR-phosphate	5-[(5-phospho-1-deoxy-&beta;-D-ribulos-1-ylamino)methylideneamino]-1-(5-phosphoribosyl)imidazole-4-carboxamide;N-(5'-phospho-D-1'-ribulosylformimino)-5-amino-1-(5''-phosphoribosyl)-4-imidazolecarboxamide;phosphoribulosylformiminoAICAR-phosphate;phosphoribulosyl-formimino-5-aminoimidazole-4-carboxamide ribotide phosphate;phosphoribulosyl-formimino-5-aminoimidazole-4-carboxamide ribonucleotide phosphate;PRFAR;N-(5'phospho-D-1'-ribulosylformimino)-5-amino-1-(5-phosphoribosyl)-4-imidazolecarboxamide;phosphoribulosylformimino-AICAR-P		573.303	SEED:cpd02991;METANETX:MNXM1408;BIGG:prlp;HMDB:HMDB12278;CHEBI:58525;PUBCHEM:45266672;LIGAND-CPD:C04916	D:\嗜酸氧化亚铁硫杆菌\03_BioCyc\C2-1\官方原始下载\GCF_000021485_compounds_left_network_full_20260923_083853.xml
Compound	GCF_000021485	CPD-17986	a mature peptidoglycan (with L-alanyl-&gamma;-D-glutamyl-<i>meso</i>-2,6-diaminopimeloyl-D-alanine tetrapeptide)	a mature peptidoglycan strand with 1,6-anhydro-MurNAc terminus;GlcNAc-1,6-anhydro-MurNAc-tetrapeptide;GlcNAc-1,6-anhydro-MurNAc-(L-alanyl-&gamma;-D-glutamyl-<i>meso</i>-2,6-diaminopimeloyl-D-alanine) tetrapeptide			METANETX:MNXM148802	D:\嗜酸氧化亚铁硫杆菌\03_BioCyc\C2-1\官方原始下载\GCF_000021485_compounds_right_network_full_20260923_083853.xml
Compound	GCF_000021485	K+	K<SUP>+</SUP>	potassium(I);potassium ion;K<sup>I</sup>		39.098	MEDIADB:compounds/233/;SEED:cpd00205;METANETX:MNXM95;BIGG:k;METABOLIGHTS:MTBLC29103;HMDB:HMDB00586;CHEMSPIDER:791;PUBCHEM:813;CHEBI:29103;LIGAND-CPD:C00238	D:\嗜酸氧化亚铁硫杆菌\03_BioCyc\C2-1\官方原始下载\GCF_000021485_compounds_left_network_full_20260923_083853.xml
Compound	GCF_000021485	CPD-658	CDP-4-dehydro-6-deoxy-&alpha;-D-glucose	CDP-6-deoxy-D-<i>glycero</i>-L-<i>threo</i>-4-hexulose;CDP-4-keto-6-deoxy-D-<i>xylo</i>-4-hexulose		545.289	SEED:cpd00897;METANETX:MNXM1370;CHEBI:138808;PUBCHEM:25244744;LIGAND-CPD:C01219	D:\嗜酸氧化亚铁硫杆菌\03_BioCyc\C2-1\官方原始下载\GCF_000021485_compounds_right_network_full_20260923_083853.xml
Compound	GCF_000021485	tRNA-2-thiouridine34	a 2-thiouridine<sup>34</sup> in tRNA	a tRNA 2-thiouridine<sup>34</sup>			SEED:cpd28542;METANETX:MNXM22213	D:\嗜酸氧化亚铁硫杆菌\03_BioCyc\C2-1\官方原始下载\GCF_000021485_compounds_left_network_full_20260923_083853.xml
Compound	GCF_000021485	THZ	5-(2-hydroxyethyl)-4-methylthiazole	4-methyl-5-(2-hydroxyethyl)-thiazole;THZ;4-methyl-5-(&beta;-hydroxyethyl)thiazole;HET		143.203	SEED:cpd02636;METANETX:MNXM962;BIGG:4mhetz;DRUGBANK:DB02969;METABOLIGHTS:MTBLC17957;HMDB:HMDB32985;CHEMSPIDER:1104;PUBCHEM:1136;CHEBI:17957;LIGAND-CPD:C04294;CAS:137-00-8	D:\嗜酸氧化亚铁硫杆菌\03_BioCyc\C2-1\官方原始下载\GCF_000021485_compounds_left_network_full_20260923_083853.xml
Compound	GCF_000021485	HOP-2229-ENE	hop-22(29)-ene	diploptene		410.725	SEED:cpd03751;METANETX:MNXM4615;CHEMSPIDER:83200;PUBCHEM:92155;CHEBI:4648;LIGAND-CPD:C06310	D:\嗜酸氧化亚铁硫杆菌\03_BioCyc\C2-1\官方原始下载\GCF_000021485_compounds_left_network_full_20260923_083853.xml
Compound	GCF_000021485	DTDP-RHAMNOSE	dTDP-&beta;-L-rhamnose	dTDP-6-deoxy-&beta;-L-mannose;dTDP-L-rhamnose;dTDP-L-Rha		546.317	SEED:cpd02113;METANETX:MNXM899;BIGG:dtdprmn;HMDB:HMDB06354;CHEBI:57510;PUBCHEM:25245982;CAS:572-96-3;LIGAND-CPD:C03319	D:\嗜酸氧化亚铁硫杆菌\03_BioCyc\C2-1\官方原始下载\GCF_000021485_compounds_left_network_full_20260923_083853.xml
Compound	GCF_000021485	Oxo-glutarate-dehydrogenase-lipoyl	a [2-oxoglutarate dehydrogenase E2 protein] <i>N<sup>6</sup></i>-lipoyl-L-lysine				SEED:cpd27765;METANETX:MNXM12555	D:\嗜酸氧化亚铁硫杆菌\03_BioCyc\C2-1\官方原始下载\GCF_000021485_compounds_right_network_full_20260923_083853.xml
Compound	GCF_000021485	FORMYL-THF-GLU-N	an <i>N</i><sup>10</sup>-formyltetrahydrofolate	a 10-formyltetrahydrofolate			SEED:cpd27039;METANETX:MNXM8615	D:\嗜酸氧化亚铁硫杆菌\03_BioCyc\C2-1\官方原始下载\GCF_000021485_compounds_left_network_full_20260923_083853.xml
Compound	GCF_000021485	Fatty-Acids	a fatty acid				Wikipedia:Fatty_acid;CHEBI:35366;LIGAND-CPD:C00162	D:\嗜酸氧化亚铁硫杆菌\03_BioCyc\C2-1\官方原始下载\GCF_000021485_compounds_right_network_full_20260923_083853.xml
Compound	GCF_000021485	3-5-ADP	adenosine 3',5'-bisphosphate	adenosine-3',5'-bisphosphate;phosphoadenosine phosphate;PAP		423.172	SEED:cpd00045;METANETX:MNXM45;BIGG:pap;METABOLIGHTS:MTBLC58343;HMDB:HMDB00061;CHEMSPIDER:19951095;CHEBI:58343;PUBCHEM:23615194;CAS:1053-73-2;LIGAND-CPD:C00054	D:\嗜酸氧化亚铁硫杆菌\03_BioCyc\C2-1\官方原始下载\GCF_000021485_compounds_left_network_full_20260923_083853.xml
Compound	GCF_000021485	CPD-1282	CoB-CoM heterodisulfide	CoB-S-S-CoM;coenzyme M 7-mercaptoheptanoylthreonine-phosphate heterodisulfide;coenzyme M-HTP heterodisulfide;N-{7-[(2-sulfoethyl)dithio]heptanoyl}-3-<i>O</i>-phospho-L-threonine;O3-phospho-N-{7-[2-(2-sulfoethyl)disulfan-1-yl]heptanoyl}-L-threonine		479.471	SEED:cpd02935;METANETX:MNXM1145;CHEBI:58411;PUBCHEM:25246009;LIGAND-CPD:C04832	D:\嗜酸氧化亚铁硫杆菌\03_BioCyc\C2-1\官方原始下载\GCF_000021485_compounds_right_network_full_20260923_083853.xml
Compound	GCF_000021485	CPD-13575	2-[(2<i>R</i>,5<i>Z</i>)-2-carboxy-4-methylthiazol-5(2<i>H</i>)-ylidene]ethyl phosphate	cThz*-P;thiazole tautomer;(<i>R,Z</i>)-2-(2-carboxy-4-methylthiazol-5(2<i>H</i>)-ylidene)ethyl phosphate		264.169	SEED:cpd21479;METANETX:MNXM2758;LIGAND-CPD:C20246;PUBCHEM:53477654;CHEBI:62899	D:\嗜酸氧化亚铁硫杆菌\03_BioCyc\C2-1\官方原始下载\GCF_000021485_compounds_left_network_full_20260923_083853.xml
Compound	GCF_000021485	UREA	urea	bromisovalum;carmol;basodexan;carbamide		60.055	MEDIADB:compounds/84/;SEED:cpd00073;METANETX:MNXM117;REFMET:Urea;METABOLIGHTS:MTBLC16199;HMDB:HMDB00294;DRUGBANK:DB03904;CHEMSPIDER:1143;PUBCHEM:1176;CHEBI:16199;LIGAND-CPD:C00086;CAS:57-13-6	D:\嗜酸氧化亚铁硫杆菌\03_BioCyc\C2-1\官方原始下载\GCF_000021485_compounds_right_network_full_20260923_083853.xml
Compound	GCF_000021485	CPD-22405	UDP-2-N-[(3R)-3-hydroxydodecanoyl]-3-O-[(3R)-3-hydroxydecanoyl]-&alpha;-D-glucosamine			931.86	PUBCHEM:145865021	D:\嗜酸氧化亚铁硫杆菌\03_BioCyc\C2-1\官方原始下载\GCF_000021485_compounds_left_network_full_20260923_083853.xml
Compound	GCF_000021485	DIMP	dIMP	2'-deoxy-IMP;2'-deoxy-5'-inosinic acid;2'-deoxyinosine 5'-monophosphate;2'-deoxyinosine 5'-phosphate;9-(2-deoxy-5-O-phosphono-&beta;-D-erythro-pentofuranosyl)-9H-purin-6-ol;deoxyinosine monophosphate		330.193	SEED:cpd03704;METANETX:MNXM1922;PUBCHEM:135398613;REFMET:dIMP;BIGG:dimp;METABOLIGHTS:MTBLC61194;HMDB:HMDB06555;CHEMSPIDER:18596798;CHEBI:61194;LIGAND-CPD:C06196	D:\嗜酸氧化亚铁硫杆菌\03_BioCyc\C2-1\官方原始下载\GCF_000021485_compounds_right_network_full_20260923_083853.xml
Compound	GCF_000021485	L-PHOSPHATIDATE	a phosphatidate	A 3-SN-phosphatidate;DGP;diacylglycerol phosphate;a 3-<i>sn</i>-phosphatidate;a diacyl-glycerol-3P;a diacylglycerol-3-phosphate;a phosphatidic acid;an L-phosphatidate;a 1,2-diacyl-<i>sn</i>-glycerol 3-phosphate;a 1,2-diacylglycerol 3-phosphate			CHEBI:29089;Wikipedia:Phosphatidate;LIGAND-CPD:C00416	D:\嗜酸氧化亚铁硫杆菌\03_BioCyc\C2-1\官方原始下载\GCF_000021485_compounds_left_network_full_20260923_083853.xml
Compound	GCF_000021485	Pi	phosphate	inorganic phosphate;phosphate-inorganic;Pi;orthophosphate;PO<SUB>4</SUB><SUP>3-</SUP>;HPO<SUB>4</SUB><SUP>2-</SUP>;HPO<SUB>4</SUB><SUP>-2</SUP>;hydrogenphosphate		95.979	REFMET:Phosphoric acid;BIGG:pi;PUBCHEM:3681305;CHEBI:43474;METABOLIGHTS:MTBLC43474;HMDB:HMDB00973;KNAPSACK:C00007408;CAS:14265-44-2	D:\嗜酸氧化亚铁硫杆菌\03_BioCyc\C2-1\官方原始下载\GCF_000021485_compounds_left_network_full_20260923_083853.xml
Compound	GCF_000021485	CPD-24554	dZDP	2-amino-2'-deoxyadenosine 5''-diphosphate		423.195		D:\嗜酸氧化亚铁硫杆菌\03_BioCyc\C2-1\官方原始下载\GCF_000021485_compounds_right_network_full_20260923_083853.xml
Compound	GCF_000021485	CANAVANINE	L-canavanine	canavanine;2-amino-4-(guanidinooxy)butyrate;2-amino-4-(guanidinooxy)butyric acid		177.183	SEED:cpd00257;METANETX:MNXM12052;CHEBI:78902;PUBCHEM:36688185;HMDB:HMDB02706;LIGAND-CPD:C00308;CAS:543-38-4	D:\嗜酸氧化亚铁硫杆菌\03_BioCyc\C2-1\官方原始下载\GCF_000021485_compounds_right_network_full_20260923_083853.xml
Compound	GCF_000021485	CPD-17926	a nascent peptidoglycan with (L-alanyl-&gamma;-D-glutamyl-<I>meso</I>-2,6-diaminopimeloyl-D-alanine) tetrapeptide				METANETX:MNXM146520	D:\嗜酸氧化亚铁硫杆菌\03_BioCyc\C2-1\官方原始下载\GCF_000021485_compounds_left_network_full_20260923_083853.xml
Compound	GCF_000021485	CD+2	Cd<SUP>2+</SUP>	cadmium(II);Cd<sup>II</sup>;Cd<SUP>++</SUP>		112.4	SEED:cpd01012;METANETX:MNXM4505;BIGG:cd2;HMDB:HMDB03638;CHEMSPIDER:28935;PUBCHEM:31193;CHEBI:48775;LIGAND-CPD:C01413	D:\嗜酸氧化亚铁硫杆菌\03_BioCyc\C2-1\官方原始下载\GCF_000021485_compounds_left_network_full_20260923_083853.xml
Compound	GCF_000021485	CPD-17968	a nascent peptidoglycan with (L-alanyl-&gamma;-D-glutamyl-<i>meso</i>-2,6-diaminopimelate) tripeptide				METANETX:MNXM147991	D:\嗜酸氧化亚铁硫杆菌\03_BioCyc\C2-1\官方原始下载\GCF_000021485_compounds_left_network_full_20260923_083853.xml
Compound	GCF_000021485	UDP-ACETYL-CARBOXYVINYL-GLUCOSAMINE	UDP-<i>N</i>-acetyl-&alpha;-D-glucosamine-enolpyruvate	UDP-<i>N</i>-acetyl-3-<i>O</i>-(1-carboxyvinyl)-&alpha;-D-glucosamine;UDP-<i>N</i>-acetyl-&alpha;-D-glucosamine-3-<i>O</i>-pyruvate ether;UDP-<i>N</i>-acetyl-3-(1-carboxyvinyl)-&alpha;-D-glucosamine;UDP-GlcNAc-pyruvate enol ether;UDP-GlcNAc-enolpyruvate		674.382	SEED:cpd02820;METANETX:MNXM1688;BIGG:uaccg;CHEBI:68483;PUBCHEM:25244881;LIGAND-CPD:C04631	D:\嗜酸氧化亚铁硫杆菌\03_BioCyc\C2-1\官方原始下载\GCF_000021485_compounds_right_network_full_20260923_083853.xml
Compound	GCF_000021485	CONIFERYL-ALDEHYDE	coniferaldehyde	4-hydroxy-3-methoxycinnamaldehyde;4-hydroxy-3-methoxycinnamic aldehyde;coniferyl aldehyde		178.187	SEED:cpd01733;METANETX:MNXM858;REFMET:Coniferyl aldehyde;METABOLIGHTS:MTBLC16547;CHEMSPIDER:4444167;CHEBI:16547;PUBCHEM:5280536;LIGAND-CPD:C02666;CAS:458-36-6	D:\嗜酸氧化亚铁硫杆菌\03_BioCyc\C2-1\官方原始下载\GCF_000021485_compounds_left_network_full_20260923_083853.xml
Compound	GCF_000021485	ENOL-PHENYLPYRUVATE	enol-phenylpyruvate			163.152	ZINC:ZINC000100066397;REACTOME-CPD:2160466;SEED:cpd01784;METANETX:MNXM210;CHEBI:32815;HMDB:HMDB12225;CHEMSPIDER:20058468;PUBCHEM:54705603;LIGAND-CPD:C02763;NCI:280708;CAS:5801-57-0	D:\嗜酸氧化亚铁硫杆菌\03_BioCyc\C2-1\官方原始下载\GCF_000021485_compounds_right_network_full_20260923_083853.xml
Compound	GCF_000021485	CPD-17947	a nascent peptidoglycan with L,D cross links (<i>meso</i>-diaminopimelate containing)				METANETX:MNXM147994;PUBCHEM:91819882	D:\嗜酸氧化亚铁硫杆菌\03_BioCyc\C2-1\官方原始下载\GCF_000021485_compounds_left_network_full_20260923_083853.xml
Compound	GCF_000021485	Resolution-of-Recombinational-Junction	resolution of recombinational junction formation of two intact strands				SEED:cpd28092;METANETX:MNXM21548	D:\嗜酸氧化亚铁硫杆菌\03_BioCyc\C2-1\官方原始下载\GCF_000021485_compounds_right_network_full_20260923_083853.xml
Compound	GCF_000021485	carboxybiotin-L-lysine-in-BCCP-dimers	a [carboxyl-carrier protein dimer]-<i>N</i><sup>6</sup>-carboxybiotinyl-L-lysine	a [BCCP dimer]-<i>N</i><sup>6</sup>-carboxybiotinyl-L-lysine;a [BCCP]-<i>N</i><sup>6</sup>-carboxybiotinyl-L-lysine				D:\嗜酸氧化亚铁硫杆菌\03_BioCyc\C2-1\官方原始下载\GCF_000021485_compounds_left_network_full_20260923_083853.xml
Compound	GCF_000021485	1-Lyso-phospholipids	a 1-lysophospholipid				METANETX:MNXM166749	D:\嗜酸氧化亚铁硫杆菌\03_BioCyc\C2-1\官方原始下载\GCF_000021485_compounds_right_network_full_20260923_083853.xml
Compound	GCF_000021485	CPD-14133	(<i>R</i>)-NADPHX			759.41	REACTOME-CPD:6807473;SEED:cpd24196;METANETX:MNXM6524;LIGAND-CPD:C20483;PUBCHEM:56927826;CHEBI:64077	D:\嗜酸氧化亚铁硫杆菌\03_BioCyc\C2-1\官方原始下载\GCF_000021485_compounds_right_network_full_20260923_083853.xml
Compound	GCF_000021485	PLASTOQUINONE	a plastoquinone			749.214	LIGAND-CPD:C10385	D:\嗜酸氧化亚铁硫杆菌\03_BioCyc\C2-1\官方原始下载\GCF_000021485_compounds_left_network_full_20260923_083853.xml
Compound	GCF_000021485	SUC-COA	succinyl-CoA	succ-coenzyme-A;succ-<i>S</i>-coenzyme-A;succinyl-S-coenzyme-A;succ-<i>S</i>-CoA;succinylcoenzyme-A;succ-CoA;suc-CoA;succinyl-<i>S</i>-CoA;succinyl-coenzyme A		862.568	REACTOME-CPD:70958;SEED:cpd00078;METANETX:MNXM92;REFMET:Succinyl-CoA;BIGG:succoa;PUBCHEM:45266545;CHEBI:57292;METABOLIGHTS:MTBLC57292;HMDB:HMDB01022;LIGAND-CPD:C00091;CAS:604-98-8	D:\嗜酸氧化亚铁硫杆菌\03_BioCyc\C2-1\官方原始下载\GCF_000021485_compounds_left_network_full_20260923_083853.xml
Compound	GCF_000021485	Peptidoglycans	a peptidoglycan				SEED:cpd27843;CHEBI:8005;METANETX:MNXM20367;LIGAND-CPD:C00889	D:\嗜酸氧化亚铁硫杆菌\03_BioCyc\C2-1\官方原始下载\GCF_000021485_compounds_left_network_full_20260923_083853.xml
Compound	GCF_000021485	CPD0-1942	(S)-2-aminobutanoate	L-&alpha;-amino-n-butyric acid;(-)-2-aminobutyric acid;L-2-aminobutyrate;L-(+)-2-aminobutyric acid;L-butyrine;L-2-aminobutyric acid;L-&alpha;-amino-n-butyrate;L-&alpha;-aminobutyric acid;L-&alpha;-aminobutyrate		103.121	SEED:cpd01573;METANETX:MNXM17054;REFMET:2-aminobutyric acid;CHEBI:74359;PUBCHEM:6971252;METABOLIGHTS:MTBLC35619;HMDB:HMDB00452;LIPID_MAPS:LMFA01100034;CHEMSPIDER:72524;LIGAND-CPD:C02356	D:\嗜酸氧化亚铁硫杆菌\03_BioCyc\C2-1\官方原始下载\GCF_000021485_compounds_left_network_full_20260923_083853.xml
Compound	GCF_000021485	SER	L-serine	S;serine;L-ser		105.093	MEDIADB:compounds/63/;REFMET:Serine;BIGG:ser__L;METABOLIGHTS:MTBLC33384;HMDB:HMDB00187;CHEBI:33384;PUBCHEM:6857581;LIGAND-CPD:C00065;CAS:56-45-1	D:\嗜酸氧化亚铁硫杆菌\03_BioCyc\C2-1\官方原始下载\GCF_000021485_compounds_left_network_full_20260923_083853.xml
Compound	GCF_000021485	CPD-24237	UDP-3-<i>O</i>-[(3R)-3-hydroxyhexanoyl]-<i>N</i>-acetyl-&alpha;-D-glucosamine			859.754		D:\嗜酸氧化亚铁硫杆菌\03_BioCyc\C2-1\官方原始下载\GCF_000021485_compounds_left_network_full_20260923_083853.xml
Compound	GCF_000021485	1-4-alpha-D-Glucan	a (1&rarr;4)-&alpha;-D-glucan	a 1,4-&alpha;-D-glucan			SEED:cpd21754;METANETX:MNXM2905;CHEBI:28102;BIGG:14glucan;LIGAND-CPD:C00718	D:\嗜酸氧化亚铁硫杆菌\03_BioCyc\C2-1\官方原始下载\GCF_000021485_compounds_left_network_full_20260923_083853.xml
Compound	GCF_000021485	G3P	3-phospho-D-glycerate	3-phospho-(R)-glycerate;3-phospho-D-glyceric acid;3-P-D-glycerate;D-glycerate-3-P;D-glycerate 3-phosphate;3-phosphoglycerate;D-3-phosphoglycerate;D-3-Phospho-glyceric acid		183.034	SEED:cpd00169;METANETX:MNXM126;REFMET:3-Phosphoglyceric acid;BIGG:3pg;METABOLIGHTS:MTBLC58272;HMDB:HMDB60180;CHEBI:58272;PUBCHEM:25245548;LIGAND-CPD:C00197;CAS:820-11-1	D:\嗜酸氧化亚铁硫杆菌\03_BioCyc\C2-1\官方原始下载\GCF_000021485_compounds_left_network_full_20260923_083853.xml
Compound	GCF_000021485	Long-Chain-Polyphosphate	long chain polyphosphate	(phosphate)<sub>(n)</sub>;(phosphate)<sub>(n+1)</sub>;(phosphate)<sub>(n-1)</sub>;(polyphosphate)<sub>(n)</sub>;(polyphosphate)<sub>(n+1)</sub>;(polyphosphate)<sub>(n-1)</sub>;PolyP;inorganic polyphosphate;(polyphosphate)<sub>(n-2)</sub>			SEED:cpd27425;METANETX:MNXM6321	D:\嗜酸氧化亚铁硫杆菌\03_BioCyc\C2-1\官方原始下载\GCF_000021485_compounds_left_network_full_20260923_083853.xml
Compound	GCF_000021485	16S-rRNA-uracil1498	a uracil<sup>1498</sup> in 16S rRNA				SEED:cpd21836;METANETX:MNXM14046	D:\嗜酸氧化亚铁硫杆菌\03_BioCyc\C2-1\官方原始下载\GCF_000021485_compounds_left_network_full_20260923_083853.xml
Compound	GCF_000021485	8-AMINO-7-OXONONANOATE	(8<i>S</i>)-8-amino-7-oxononanoate	7-keto-8-aminopelargonate;KAPA;7-KAP		187.238	CHEBI:149468;PUBCHEM:36688192;SEED:cpd00800;METANETX:MNXM1141;BIGG:8aonn;HMDB:HMDB37790;LIGAND-CPD:C01092	D:\嗜酸氧化亚铁硫杆菌\03_BioCyc\C2-1\官方原始下载\GCF_000021485_compounds_left_network_full_20260923_083853.xml
Compound	GCF_000021485	SQUALENE	squalene			410.725	REACTOME-CPD:191269;SEED:cpd00559;METANETX:MNXM292;REFMET:Squalene;PUBCHEM:638072;METABOLIGHTS:MTBLC15440;HMDB:HMDB00256;LIPID_MAPS:LMPR0106010002;CHEBI:15440;LIGAND-CPD:C00751;CAS:111-02-4	D:\嗜酸氧化亚铁硫杆菌\03_BioCyc\C2-1\官方原始下载\GCF_000021485_compounds_left_network_full_20260923_083853.xml
Compound	GCF_000021485	Lipid-I	a lipid I	an &alpha;-MurNAc-[pentapeptide]-diphospho-undecaprenol;an undecaprenyldiphospho-<i>N</i>-acetylmuramoyl peptide;an undecaprenyldiphospho-3-<i>O</i>-peptidyl-&alpha;-<i>N</i>-acetylmuramate				D:\嗜酸氧化亚铁硫杆菌\03_BioCyc\C2-1\官方原始下载\GCF_000021485_compounds_left_network_full_20260923_083853.xml
Compound	GCF_000021485	CPD1ZN3-1	(7<i>R</i>,8<i>S</i>)-8-amino-7-(carboxyamino)nonanoate			231.271	CHEBI:149470;PUBCHEM:146026637	D:\嗜酸氧化亚铁硫杆菌\03_BioCyc\C2-1\官方原始下载\GCF_000021485_compounds_left_network_full_20260923_083853.xml
Compound	GCF_000021485	SUCROSE	sucrose	saccharose;Glc(&alpha;1->2&beta;)Fru;&beta;-D-fructofuranosyl-(2&harr;1)-&alpha;-D-glucopyranoside;&beta;-D-Fruf-(2&rarr;1)-&alpha;-D-Glcp;1-&alpha;-D-Glucopyranosyl-2-&beta;-D-fructofuranoside		342.299	MEDIADB:compounds/87/;REACTOME-CPD:188980;SEED:cpd00076;METANETX:MNXM167;REFMET:Sucrose;BIGG:sucr;METABOLIGHTS:MTBLC17992;HMDB:HMDB00258;KEGG-GLYCAN:G00370;DRUGBANK:DB02772;CHEMSPIDER:5768;CHEBI:17992;PUBCHEM:5988;LIGAND-CPD:C00089;CAS:57-50-1;NCI:406942	D:\嗜酸氧化亚铁硫杆菌\03_BioCyc\C2-1\官方原始下载\GCF_000021485_compounds_right_network_full_20260923_083853.xml
Compound	GCF_000021485	CPD-1078	CDP-4-dehydro-3,6-dideoxy-&alpha;-D-glucose	CDP-3,6-dideoxy-D-<i>glycero</i>-D-<i>glycero</i>-4-hexulose;CDP-4-keto-3,6-dideoxy-D-<i>xylo</i>--4-hexulose		529.29	SEED:cpd02638;METANETX:MNXM4514;CHEBI:70783;PUBCHEM:25245089;LIGAND-CPD:C04297	D:\嗜酸氧化亚铁硫杆菌\03_BioCyc\C2-1\官方原始下载\GCF_000021485_compounds_left_network_full_20260923_083853.xml
Compound	GCF_000021485	ETHYLENE-CMPD	ethene	olefiant gas;elayl;ethylene		28.054	HMDB:HMDB29594;CHEMSPIDER:6085;Wikipedia:Ethylene;PUBCHEM:6325;CHEBI:18153;LIGAND-CPD:C06547	D:\嗜酸氧化亚铁硫杆菌\03_BioCyc\C2-1\官方原始下载\GCF_000021485_compounds_right_network_full_20260923_083853.xml
Compound	GCF_000021485	RIBULOSE-5P	D-ribulose 5-phosphate	ribulose-5P;D-ribulose-5-P;ribulose-5-P		228.095	REACTOME-CPD:29732;SEED:cpd00171;METANETX:MNXM145;REFMET:Ribulose-5-phosphate;BIGG:ru5p__D;METABOLIGHTS:MTBLC58121;HMDB:HMDB00618;CHEMSPIDER:20015724;CHEBI:58121;PUBCHEM:21144996;LIGAND-CPD:C00199;CAS:4151-19-3	D:\嗜酸氧化亚铁硫杆菌\03_BioCyc\C2-1\官方原始下载\GCF_000021485_compounds_left_network_full_20260923_083853.xml
Compound	GCF_000021485	DGMP	dGMP	2'-dG-5'-MP;2'-deoxyguanosine 5'-monophosphate;vernine;2'-deoxyguanosine 5'-phosphate;deoxyguanosine-phosphate		345.208	REACTOME-CPD:500071;SEED:cpd00296;METANETX:MNXM546;PUBCHEM:135398596;REFMET:dGMP;BIGG:dgmp;METABOLIGHTS:MTBLC57673;HMDB:HMDB01044;CHEMSPIDER:5362940;CHEBI:57673;LIGAND-CPD:C00362;CAS:902-04-5	D:\嗜酸氧化亚铁硫杆菌\03_BioCyc\C2-1\官方原始下载\GCF_000021485_compounds_left_network_full_20260923_083853.xml
Compound	GCF_000021485	CO3	carbonate	CO<SUB>3</SUB>		60.009	HMDB:HMDB31453;CHEMSPIDER:18519;PUBCHEM:19660;CHEBI:41609	D:\嗜酸氧化亚铁硫杆菌\03_BioCyc\C2-1\官方原始下载\GCF_000021485_compounds_right_network_full_20260923_083853.xml
Compound	GCF_000021485	23S-rRNA-N3-methylpseudouridine1915	an <i>N</i><sup>3</sup>-methylpseudouridine<sup>1915</sup> in 23S rRNA	a 23S rRNA N<sup>3</sup>-methylpseudouridine<sup>1915</sup>			SEED:cpd21943;METANETX:MNXM14406	D:\嗜酸氧化亚铁硫杆菌\03_BioCyc\C2-1\官方原始下载\GCF_000021485_compounds_right_network_full_20260923_083853.xml
Compound	GCF_000021485	5-AMINO-LEVULINATE	5-aminolevulinate	5-amino-4-oxopentanoate;5-amino-4-oxo-pentanoic acid;5-amino-levulinic acid;5-amino-4-oxopentanoic acid;&delta;-aminolevulinate;5-aminolevulinic acid;5-amino-levulinate;ALA;&delta;-aminolevulinic acid		131.131	SEED:cpd00338;METANETX:MNXM405;REFMET:5-amino-levulinic acid;BIGG:5aop;METABOLIGHTS:MTBLC356416;HMDB:HMDB01149;CHEBI:356416;PUBCHEM:7048523;LIGAND-CPD:C00430;CAS:106-60-5	D:\嗜酸氧化亚铁硫杆菌\03_BioCyc\C2-1\官方原始下载\GCF_000021485_compounds_left_network_full_20260923_083853.xml
Compound	GCF_000021485	CPD-17985	a mature peptidoglycan with (L-alanyl-&gamma;-D-glutamyl-<i>meso</i>-2,6-diaminopimeloyl-D-alanyl-D-alanine) pentapeptide	GlcNAc-1,6-anhydro-MurNAc-pentapeptide;GlcNAc-1,6-anhydro-MurNAc-(L-alanyl-&gamma;-D-glutamyl-<i>meso</i>-2,6-diaminopimeloyl-D-alanyl-D-alanine) pentapeptide			METANETX:MNXM148803	D:\嗜酸氧化亚铁硫杆菌\03_BioCyc\C2-1\官方原始下载\GCF_000021485_compounds_right_network_full_20260923_083853.xml
Compound	GCF_000021485	INDOLE-3-GLYCEROL-P	(1<i>S</i>,2<i>R</i>)-1-C-(indol-3-yl)glycerol 3-phosphate	C<sup>1</sup>-(3-Indolyl)-glycerol 3-phosphate;indole-3-glycerol-P;1-(indol-3-yl)glycerol-3-P;1-(indol-3-yl)glycerol-3-phosphate;indoleglycerol phosphate;indole-3-glycerol-phosphate		285.193	METANETX:MNXM866;BIGG:3ig3p;CHEBI:58866;PUBCHEM:46878464;LIGAND-CPD:C03506	D:\嗜酸氧化亚铁硫杆菌\03_BioCyc\C2-1\官方原始下载\GCF_000021485_compounds_left_network_full_20260923_083853.xml
Compound	GCF_000021485	O-PHOSPHO-L-HOMOSERINE	O-phospho-L-homoserine	o-phosphohomoserine		197.084	SEED:cpd00809;METANETX:MNXM1334;REFMET:O-Phosphohomoserine;BIGG:phom;METABOLIGHTS:MTBLC57590;HMDB:HMDB03484;CHEBI:57590;PUBCHEM:46878406;LIGAND-CPD:C01102	D:\嗜酸氧化亚铁硫杆菌\03_BioCyc\C2-1\官方原始下载\GCF_000021485_compounds_left_network_full_20260923_083853.xml
Compound	GCF_000021485	ARABINOSE-5P	<i>aldehydo</i>-D-arabinose 5-phosphate	<i>aldehydo</i>-D-arabinose-5P;<i>aldehydo</i>-arabinose-5P		228.095	SEED:cpd00817;METANETX:MNXM1184;BIGG:ara5p;HMDB:HMDB11734;CHEMSPIDER:19951162;CHEBI:57693;PUBCHEM:23615240;LIGAND-CPD:C01112;CAS:13137-52-5	D:\嗜酸氧化亚铁硫杆菌\03_BioCyc\C2-1\官方原始下载\GCF_000021485_compounds_left_network_full_20260923_083853.xml
Compound	GCF_000021485	PHOSPHORIBOSYL-AMP	1-(5-phospho-&beta;-D-ribosyl)-AMP	1-(5-phosphoribosyl)-AMP;phosphoribosyl-AMP;5-phosphoribosyl-AMP;N-(5-phospho-D-ribosyl)-AMP;N-(5'-phospho-D-ribosyl)-AMP;N1-(5-phospho-D-ribosyl)-AMP		555.288	SEED:cpd01777;METANETX:MNXM1515;BIGG:prbamp;CHEBI:59457;PUBCHEM:45480652;HMDB:HMDB12276;LIGAND-CPD:C02741	D:\嗜酸氧化亚铁硫杆菌\03_BioCyc\C2-1\官方原始下载\GCF_000021485_compounds_left_network_full_20260923_083853.xml
Compound	GCF_000021485	COPROPORPHYRINOGEN_I	coproporphyrinogen I			656.734	REACTOME-CPD:190128;SEED:cpd03416;METANETX:MNXM1322;HMDB:HMDB02158;CHEMSPIDER:20171594;CHEBI:62631;PUBCHEM:20849147;LIGAND-CPD:C05768	D:\嗜酸氧化亚铁硫杆菌\03_BioCyc\C2-1\官方原始下载\GCF_000021485_compounds_right_network_full_20260923_083853.xml
Compound	GCF_000021485	CPD-9863	2-nonaprenylphenol			707.177	SEED:cpd16768;METANETX:MNXM6743;CHEBI:84510;PUBCHEM:25243914	D:\嗜酸氧化亚铁硫杆菌\03_BioCyc\C2-1\官方原始下载\GCF_000021485_compounds_right_network_full_20260923_083853.xml
Compound	GCF_000021485	PYRIDOXAMINE-5P	pyridoxamine 5'-phosphate	pyridoxamine phosphate;PMP		247.167	REACTOME-CPD:965146;SEED:cpd00493;METANETX:MNXM366;REFMET:Pyridoxamine 5'-phosphate;BIGG:pyam5p;METABOLIGHTS:MTBLC58451;HMDB:HMDB01555;CHEBI:58451;PUBCHEM:25246271;CAS:529-96-4;LIGAND-CPD:C00647	D:\嗜酸氧化亚铁硫杆菌\03_BioCyc\C2-1\官方原始下载\GCF_000021485_compounds_left_network_full_20260923_083853.xml
Compound	GCF_000021485	4-Hydroxy-3-polyprenylbenzoates	a 4-hydroxy-3-(<i>all-trans</i>-polyprenyl)benzoate				SEED:cpd22112;METANETX:MNXM146116;CHEBI:1845;LIGAND-CPD:C05848	D:\嗜酸氧化亚铁硫杆菌\03_BioCyc\C2-1\官方原始下载\GCF_000021485_compounds_left_network_full_20260923_083853.xml
Compound	GCF_000021485	L-arginyl-3-sulfo-L-alaninyl-Peptides	an N-terminal L-arginiyl-3-sulfo-L-alanyl-[protein]				METANETX:MNXM167022	D:\嗜酸氧化亚铁硫杆菌\03_BioCyc\C2-1\官方原始下载\GCF_000021485_compounds_right_network_full_20260923_083853.xml
Compound	GCF_000021485	FERULIC-ACID	ferulate	ferulic acid;4-hydroxy-3-methoxycinnamic acid;caffeic acid 3-methyl ether;4-hydroxy-3-methoxycinnamate		193.179	SEED:cpd01059;METANETX:MNXM573;REFMET:Trans-Ferulic acid;METABOLIGHTS:MTBLC29749;HMDB:HMDB00954;CHEMSPIDER:4573888;PUBCHEM:54691413;CHEBI:29749;CAS:1135-24-6;LIGAND-CPD:C01494	D:\嗜酸氧化亚铁硫杆菌\03_BioCyc\C2-1\官方原始下载\GCF_000021485_compounds_right_network_full_20260923_083853.xml
Compound	GCF_000021485	D-SEDOHEPTULOSE-1-7-P2	D-sedoheptulose 1,7-bisphosphate	sedoheptulose 1,7-bisphosphate;SBP		366.112	SEED:cpd00349;METANETX:MNXM1294;REFMET:Sedoheptulose 1,7-bisphosphate;CHEBI:58335;PUBCHEM:46878435;METABOLIGHTS:MTBLC58335;HMDB:HMDB60274;LIGAND-CPD:C00447	D:\嗜酸氧化亚铁硫杆菌\03_BioCyc\C2-1\官方原始下载\GCF_000021485_compounds_left_network_full_20260923_083853.xml
Compound	GCF_000021485	5-CarboxyMeAmMe-2-O-MeU34-tRNALeu	a 5-carboxymethylaminomethyl-2'-<i>O</i>-methyluridine<sup>34</sup> in tRNA<sup>Leu</sup>				SEED:cpd22129;METANETX:MNXM14850	D:\嗜酸氧化亚铁硫杆菌\03_BioCyc\C2-1\官方原始下载\GCF_000021485_compounds_right_network_full_20260923_083853.xml
Compound	GCF_000021485	STEAROYL-COA	stearoyl-CoA	n-C18:0CoA;stearyl-CoA;stearyl coenzyme A;octadecanoyl-CoA		1029.968	REACTOME-CPD:428139;SEED:cpd00327;METANETX:MNXM272;REFMET:Stearoyl-CoA;BIGG:stcoa;PUBCHEM:45266614;CHEBI:57394;METABOLIGHTS:MTBLC57394;HMDB:HMDB01114;LIGAND-CPD:C00412;CAS:362-66-3	D:\嗜酸氧化亚铁硫杆菌\03_BioCyc\C2-1\官方原始下载\GCF_000021485_compounds_left_network_full_20260923_083853.xml
Compound	GCF_000021485	Diacylglycerol-Prolipoproteins	an (<i>S</i>-diacyl-<i>sn</i>-glyceryl)-L-cysteinyl-[apolipoprotein]				SEED:cpd26960;METANETX:MNXM17259	D:\嗜酸氧化亚铁硫杆菌\03_BioCyc\C2-1\官方原始下载\GCF_000021485_compounds_left_network_full_20260923_083853.xml
Compound	GCF_000021485	D-BETA-D-HEPTOSE-17-DIPHOSPHATE	D-<i>glycero</i>-&beta;-D-<i>manno</i>-heptose 1,7-bisphosphate	D-&beta;-D-heptose-1,7-bisphosphate;D-<i>glycero</i>-&beta;-D-<i>manno</i>-heptose 1,7-PP		366.112	SEED:cpd08316;METANETX:MNXM1736;PUBCHEM:46906055;CHEBI:60208;BIGG:gmhep17bp;LIGAND-CPD:C11472	D:\嗜酸氧化亚铁硫杆菌\03_BioCyc\C2-1\官方原始下载\GCF_000021485_compounds_left_network_full_20260923_083853.xml
Compound	GCF_000021485	CPD1F-126	&gamma;-carotene	&beta;,&psi;-carotene		536.882	SEED:cpd03220;METANETX:MNXM1048;LIPID_MAPS:LMPR01070260;CHEMSPIDER:4444349;PUBCHEM:5280791;CHEBI:27740;LIGAND-CPD:C05435	D:\嗜酸氧化亚铁硫杆菌\03_BioCyc\C2-1\官方原始下载\GCF_000021485_compounds_right_network_full_20260923_083853.xml
Compound	GCF_000021485	L-leucyl-L-lysyl-Protein	a [protein] N-terminal L-leucyl-L-lysine	L-leucyl-L-lysyl-[protein]			METANETX:MNXM164444;LIGAND-CPD:C21387	D:\嗜酸氧化亚铁硫杆菌\03_BioCyc\C2-1\官方原始下载\GCF_000021485_compounds_right_network_full_20260923_083853.xml
Compound	GCF_000021485	D-SEDOHEPTULOSE-7-P	D-sedoheptulose 7-phosphate	D-Sedoheptulose-7-P;heptulose 7-phosphate;sedoheptulose-7-P;sedo-heptulose-7-phosphate		288.147	REACTOME-CPD:29882;SEED:cpd00238;METANETX:MNXM271;REFMET:Sedoheptulose 7-phosphate;BIGG:s7p;METABOLIGHTS:MTBLC57483;HMDB:HMDB01068;LIGAND-CPD:C05382;CHEBI:57483;PUBCHEM:46878379;CAS:2646-35-7	D:\嗜酸氧化亚铁硫杆菌\03_BioCyc\C2-1\官方原始下载\GCF_000021485_compounds_left_network_full_20260923_083853.xml
Compound	GCF_000021485	UDP-3R-hydroxyacyl-GlcNAc	UDP-3-<i>O</i>-[(3<i>R</i>)-3-hydroxyacyl]-<i>N</i>-acetyl-&alpha;-D-glucosamine					D:\嗜酸氧化亚铁硫杆菌\03_BioCyc\C2-1\官方原始下载\GCF_000021485_compounds_left_network_full_20260923_083853.xml
Compound	GCF_000021485	CPD-14931	4a-hydroxy-N<sup>10</sup>-formyltetrahydrofolate	a 10-formyltetrahydrofolate-4a-carbinolamine;4a-hydroxy-10-formyltetrahydrofolate			METANETX:MNXM114436	D:\嗜酸氧化亚铁硫杆菌\03_BioCyc\C2-1\官方原始下载\GCF_000021485_compounds_left_network_full_20260923_083853.xml
Compound	GCF_000021485	THF-GLU-N	a tetrahydrofolate	tetrahydropteroyl polyglutamate;THF(glu)<sub>n</sub>;H<sub>4</sub>PteGlu<sub>n</sub>;a tetrahydrofolate-glutamate;THF;THF polyglutamate			SEED:cpd28218;METANETX:MNXM13027;CHEBI:28624;PUBCHEM:25202940;LIGAND-CPD:C03541	D:\嗜酸氧化亚铁硫杆菌\03_BioCyc\C2-1\官方原始下载\GCF_000021485_compounds_left_network_full_20260923_083853.xml
Compound	GCF_000021485	CPD-17988	a mature peptidoglycan with L,D cross-links (<i>meso</i>-diaminopimelate containing)				METANETX:MNXM148806;PUBCHEM:91820140	D:\嗜酸氧化亚铁硫杆菌\03_BioCyc\C2-1\官方原始下载\GCF_000021485_compounds_right_network_full_20260923_083853.xml
Compound	GCF_000021485	DNA-6-O-Methyl-Guanines	an <i>O</i><sup>6</sup>-methylguanine in DNA	a DNA 6-O-methylguanine;DNA 6-O-methylguanine;DNA (CONTAINING 6-O-METHYLGUANINE);a DNA containing 6-O-methylguanine			SEED:cpd12502;METANETX:MNXM17355;CHEBI:4299;LIGAND-CPD:C04250	D:\嗜酸氧化亚铁硫杆菌\03_BioCyc\C2-1\官方原始下载\GCF_000021485_compounds_left_network_full_20260923_083853.xml
Compound	GCF_000021485	DNA-Ligase-L-lysine-adenylate	a [DNA ligase]-<i>N</i><sup>6</sup>-(5'-adenylyl)-L-lysine	a 5'-adenosyl [DNA ligase]-<i>N</i><sup>&epsilon;</sup>-phosphono-L-lysine				D:\嗜酸氧化亚铁硫杆菌\03_BioCyc\C2-1\官方原始下载\GCF_000021485_compounds_left_network_full_20260923_083853.xml
Compound	GCF_000021485	ACETYL-GLU	<i>N</i>-acetyl-L-glutamate	<i>N</i>-acetyl-L-glutamic acid;acetyl-L-glu;acetyl-L-glutamate;NAG		187.152	REACTOME-CPD:30471;SEED:cpd00477;METANETX:MNXM730;REFMET:N-acetylglutamic acid;BIGG:acglu;METABOLIGHTS:MTBLC44337;HMDB:HMDB01138;CHEMSPIDER:1266066;CHEBI:44337;PUBCHEM:1549099;LIGAND-CPD:C00624;CAS:1188-37-0	D:\嗜酸氧化亚铁硫杆菌\03_BioCyc\C2-1\官方原始下载\GCF_000021485_compounds_left_network_full_20260923_083853.xml
Compound	GCF_000021485	Long-Chain-Acyl-CoAs	a long-chain fatty acyl-CoA				SEED:cpd29330;METANETX:MNXM3299;LIGAND-CPD:C02843;CHEBI:33184	D:\嗜酸氧化亚铁硫杆菌\03_BioCyc\C2-1\官方原始下载\GCF_000021485_compounds_right_network_full_20260923_083853.xml
Compound	GCF_000021485	ENZYME-S-SULFANYLCYSTEINE	a [protein]-<i>S</i>-sulfanyl-L-cysteine				METANETX:MNXM163257;LIGAND-CPD:C21440	D:\嗜酸氧化亚铁硫杆菌\03_BioCyc\C2-1\官方原始下载\GCF_000021485_compounds_left_network_full_20260923_083853.xml
Compound	GCF_000021485	PYRUVATE	pyruvate	alpha-ketopropionic acid;BTS;&alpha;-ketopropionic acid;acetylformic acid;pyroracemic acid;2-oxopropanoic acid;pyruvic acid;2-oxopropanoate;2-oxo-propionic acid		87.055	MEDIADB:compounds/22/;SEED:cpd00020;METANETX:MNXM23;REFMET:Pyruvic acid;BIGG:pyr;METABOLIGHTS:MTBLC15361;HMDB:HMDB00243;CHEMSPIDER:96901;PUBCHEM:107735;KNAPSACK:C00001200;CHEBI:15361;LIGAND-CPD:C00022;CAS:127-17-3;UM-BBD-CPD:c0159	D:\嗜酸氧化亚铁硫杆菌\03_BioCyc\C2-1\官方原始下载\GCF_000021485_compounds_left_network_full_20260923_083853.xml
Compound	GCF_000021485	AMMONIUM	ammonium	NH<SUB>4</SUB><SUP>+</SUP>		18.038	MEDIADB:compounds/1211/;BIGG:nh4;METABOLIGHTS:MTBLC28938;HMDB:HMDB41827;CHEBI:28938;CHEMSPIDER:218;PUBCHEM:223;LIGAND-CPD:C01342;CAS:14798-03-9	D:\嗜酸氧化亚铁硫杆菌\03_BioCyc\C2-1\官方原始下载\GCF_000021485_compounds_left_network_full_20260923_083853.xml
Compound	GCF_000021485	CPD-9329	(<i>E</i>)-8-methylnon-6-enoate	(<i>E</i>)-8-methyl-6-nonenoic acid;(<i>E</i>)-8-methyl-6-nonenoate		169.243	SEED:cpd19471;METANETX:MNXM6140;LIGAND-CPD:C18202;CHEBI:81581;HMDB:HMDB12183;CHEMSPIDER:16135703;PUBCHEM:23111393	D:\嗜酸氧化亚铁硫杆菌\03_BioCyc\C2-1\官方原始下载\GCF_000021485_compounds_right_network_full_20260923_083853.xml
Compound	GCF_000021485	tRNA-containing-5-CarbMeAminome-uridine	a 5-carboxymethylaminomethyluridine<sup>34</sup> in tRNA	a tRNA containing 5-carboxymethylaminomethyluridine<sup>34</sup>			METANETX:MNXM166760	D:\嗜酸氧化亚铁硫杆菌\03_BioCyc\C2-1\官方原始下载\GCF_000021485_compounds_right_network_full_20260923_083853.xml
Compound	GCF_000021485	GLYCEROL-3P	<i>sn</i>-glycerol 3-phosphate	L-&alpha;-glycerophosphate;L-G3P;L-glycerol 3-phosphate;&alpha;-glycerophosphoric acid;&alpha;-glycerophosphate;D-glycerol 1-phosphate;glycerol 3-phosphate		170.058	SEED:cpd00080;METANETX:MNXM66;REFMET:Glycerol 3-phosphate;BIGG:glyc3p;METABOLIGHTS:MTBLC57597;HMDB:HMDB00126;PUBCHEM:7048686;CHEMSPIDER:2939444;CHEBI:57597;LIGAND-CPD:C00093;CAS:57-03-4	D:\嗜酸氧化亚铁硫杆菌\03_BioCyc\C2-1\官方原始下载\GCF_000021485_compounds_left_network_full_20260923_083853.xml
Compound	GCF_000021485	CYS	L-cysteine	C;carbocysteine;cysteine;Cys;L-cys				D:\嗜酸氧化亚铁硫杆菌\03_BioCyc\C2-1\官方原始下载\GCF_000021485_compounds_left_network_full_20260923_083853.xml
Compound	GCF_000021485	CPD-17866	<i>S</i>-sulfinatoglutathione	GSSO2-		369.364	METANETX:MNXM145853;CHEBI:85586;PUBCHEM:91819876	D:\嗜酸氧化亚铁硫杆菌\03_BioCyc\C2-1\官方原始下载\GCF_000021485_compounds_left_network_full_20260923_083853.xml
Compound	GCF_000021485	CPD-21221	4-oxo-2-pentenal			98.101	PUBCHEM:6433447;CHEMSPIDER:4938597	D:\嗜酸氧化亚铁硫杆菌\03_BioCyc\C2-1\官方原始下载\GCF_000021485_compounds_right_network_full_20260923_083853.xml
Compound	GCF_000021485	TusE-L-cysteine	a [TusE sulfur carrier protein]-L-cysteine				SEED:cpd28285;METANETX:MNXM22286	D:\嗜酸氧化亚铁硫杆菌\03_BioCyc\C2-1\官方原始下载\GCF_000021485_compounds_left_network_full_20260923_083853.xml
Compound	GCF_000021485	CPD-23447	a [cytidylyl molybdenum cofactor chaperone]-cytidylyl molybdenum cofactor (sulfo-dioxo)	MCD;MoO<sub>2</sub>(S)Dtpp-mCDP;MoO<sub>2</sub>(S)-molybdopterin cytosine dinucleotide				D:\嗜酸氧化亚铁硫杆菌\03_BioCyc\C2-1\官方原始下载\GCF_000021485_compounds_right_network_full_20260923_083853.xml
Compound	GCF_000021485	L-1-PHOSPHATIDYL-SERINE	a phosphatidylserine	a 3-<i>sn</i>-phosphatidyl-L-serine;a 3-<i>O</i>-<i>sn</i>-phosphatidyl-L-serine;an <i>O</i>-<i>sn</i>-phosphatidyl-L-serine;a phosphatidyl-serine;an L-1-phosphatidylserine;a phosphatidyl-L-serine;a 1-phosphatidyl-serine			HMDB:HMDB14291;METANETX:MNXM221;CHEBI:11750;LIGAND-CPD:C02737	D:\嗜酸氧化亚铁硫杆菌\03_BioCyc\C2-1\官方原始下载\GCF_000021485_compounds_left_network_full_20260923_083853.xml
Compound	GCF_000021485	CPD-22077	&gamma;-L-glutamyl-(<i>S</i>)-2-aminobutanoate			231.228	PUBCHEM:7014902	D:\嗜酸氧化亚铁硫杆菌\03_BioCyc\C2-1\官方原始下载\GCF_000021485_compounds_left_network_full_20260923_083853.xml
Compound	GCF_000021485	CPD-12258	UDP-<i>N</i>-acetyl-&alpha;-D-muramoyl-L-alanyl-&gamma;-D-glutamyl-L-lysyl-D-alanine	UDP-Mur2Ac(oyl-L-Ala-g-D-Glu-L-Lys-D-Ala);UDP-MurNAc-tetrapeptide		1075.843	METANETX:MNXM91324;PUBCHEM:90658175;LIGAND-CPD:C06432	D:\嗜酸氧化亚铁硫杆菌\03_BioCyc\C2-1\官方原始下载\GCF_000021485_compounds_left_network_full_20260923_083853.xml
Compound	GCF_000021485	QUINOLINATE	quinolinate	2,3-pyridinedicarboxylic acid;2,3-pyridinedicarboxylate;quinolinic acid;pyridine-2,3-dicarboxylic acid;pyridine-2,3-dicarboxylate		165.105	REACTOME-CPD:197238;SEED:cpd02333;METANETX:MNXM555;REFMET:Quinolinic acid;BIGG:quln;METABOLIGHTS:MTBLC29959;HMDB:HMDB00232;CHEMSPIDER:4573883;PUBCHEM:5460301;CHEBI:29959;LIGAND-CPD:C03722;CAS:89-00-9	D:\嗜酸氧化亚铁硫杆菌\03_BioCyc\C2-1\官方原始下载\GCF_000021485_compounds_right_network_full_20260923_083853.xml
Compound	GCF_000021485	GlcNAC-Peptidoglycan	a peptidoglycan with <i>N</i>-acetyl-&beta;-D-glucosamine at the reducing end					D:\嗜酸氧化亚铁硫杆菌\03_BioCyc\C2-1\官方原始下载\GCF_000021485_compounds_right_network_full_20260923_083853.xml
Compound	GCF_000021485	SARCOSINE	sarcosine	<i>N</i>-methylglycine		89.094	SEED:cpd00183;METANETX:MNXM300;REFMET:Sarcosine;BIGG:sarcs;METABOLIGHTS:MTBLC57433;HMDB:HMDB00271;CHEBI:57433;PUBCHEM:7311726;LIGAND-CPD:C00213;CAS:107-97-1	D:\嗜酸氧化亚铁硫杆菌\03_BioCyc\C2-1\官方原始下载\GCF_000021485_compounds_right_network_full_20260923_083853.xml
Compound	GCF_000021485	GlcNAc-1-6-anhydro-MurNAc-pentapeptide	a GlcNAc-1,6-anhydro-MurNAc-pentapeptide	a GlcNAc-1,6-anhydro-MurNAc-pentapeptide			METANETX:MNXM148264	D:\嗜酸氧化亚铁硫杆菌\03_BioCyc\C2-1\官方原始下载\GCF_000021485_compounds_right_network_full_20260923_083853.xml
Compound	GCF_000021485	BCAA-dehydrogenase-2MP-DH-lipoyl	an [<i>apo</i> BCAA dehydrogenase E2 protein] <i>N<sup>6</sup></i>-<i>S</i>-[2-methylpropanoyl]dihydrolipoyl-L-lysine				SEED:cpd22416;METANETX:MNXM10776	D:\嗜酸氧化亚铁硫杆菌\03_BioCyc\C2-1\官方原始下载\GCF_000021485_compounds_right_network_full_20260923_083853.xml
Compound	GCF_000021485	ISOVALERYL-COA	3-methylbutanoyl-CoA	3-methylbutyryl-CoA;isovaleryl-CoA;isovaleryl-coenzyme A;iso-valeryl-CoA		847.62	REACTOME-CPD:70715;SEED:cpd01882;METANETX:MNXM471;REFMET:Isovaleryl-CoA;PUBCHEM:45266576;METABOLIGHTS:MTBLC57345;HMDB:HMDB01113;CHEBI:57345;LIGAND-CPD:C02939;CAS:6244-91-3	D:\嗜酸氧化亚铁硫杆菌\03_BioCyc\C2-1\官方原始下载\GCF_000021485_compounds_right_network_full_20260923_083853.xml
Compound	GCF_000021485	UROPORPHYRINOGEN-III	uroporphyrinogen-III	uroporphyrinogen III		828.742	REACTOME-CPD:189407;SEED:cpd00774;METANETX:MNXM414;REFMET:Uroporphyrinogen III;BIGG:uppg3;METABOLIGHTS:MTBLC57308;HMDB:HMDB01086;CHEBI:57308;PUBCHEM:25202645;LIGAND-CPD:C01051;CAS:1976-85-8	D:\嗜酸氧化亚铁硫杆菌\03_BioCyc\C2-1\官方原始下载\GCF_000021485_compounds_left_network_full_20260923_083853.xml
Compound	GCF_000021485	CPD-22658	arsenic triglutathione	ATG<sup>III</sup>;As(SG)<sub>3</sub>		990.836	PUBCHEM:145865129;CHEMSPIDER:23334119	D:\嗜酸氧化亚铁硫杆菌\03_BioCyc\C2-1\官方原始下载\GCF_000021485_compounds_right_network_full_20260923_083853.xml
Compound	GCF_000021485	CPD-17932	a nascent peptidoglycan with D,D cross-links (<i>meso</i>-diaminopimelate containing)				METANETX:MNXM147993;PUBCHEM:91819739	D:\嗜酸氧化亚铁硫杆菌\03_BioCyc\C2-1\官方原始下载\GCF_000021485_compounds_left_network_full_20260923_083853.xml
Compound	GCF_000021485	2R-Hydroxy-Fatty-Acids	a (2R)-2-hydroxyfatty acid	an (<i>R</i>)-2-hydroxycarboxylate;an (<i>R</i>)-2-hydroxyacid;an (<i>R</i>)-2-hydroxyalkanoate;a (2<i>R</i>)-hydroxy-carboxylate;a D-2-hydroxycarboxylate;a 2(R)-hydroxy fatty acid				D:\嗜酸氧化亚铁硫杆菌\03_BioCyc\C2-1\官方原始下载\GCF_000021485_compounds_right_network_full_20260923_083853.xml
Compound	GCF_000021485	A-PEPTIDOGLYCAN-WITH-N-ACETYLMURAMOYL-PENTADEPSIPEPTIDE	a peptidoglycan with <i>N</i>-acetylmuramoyl-pentadepsipeptide at the non-reducing end (<i>L. plantarum</i>)					D:\嗜酸氧化亚铁硫杆菌\03_BioCyc\C2-1\官方原始下载\GCF_000021485_compounds_right_network_full_20260923_083853.xml
Compound	GCF_000021485	ACETYL-COA	acetyl-CoA	acetyl coenzyme-A;ac-CoA;acetylcoenzyme-A;acetyl-<i>S</i>-CoA;ac-<i>S</i>-CoA		805.54	SEED:cpd00022;METANETX:MNXM21;REFMET:Acetyl-CoA;BIGG:accoa;METABOLIGHTS:MTBLC57288;HMDB:HMDB01206;CHEBI:57288;PUBCHEM:45266541;KNAPSACK:C00007259;CAS:72-89-9;UM-BBD-CPD:c0031;LIGAND-CPD:C00024	D:\嗜酸氧化亚铁硫杆菌\03_BioCyc\C2-1\官方原始下载\GCF_000021485_compounds_left_network_full_20260923_083853.xml
Compound	GCF_000021485	Protein-phospho-L-histidines	a [protein]-<i>N</i>-phospho-L-histidine				SEED:cpd27972;METANETX:MNXM21324	D:\嗜酸氧化亚铁硫杆菌\03_BioCyc\C2-1\官方原始下载\GCF_000021485_compounds_left_network_full_20260923_083853.xml
Compound	GCF_000021485	CPD-17063	ferroheme <i>o</i>			836.852	PUBCHEM:51351651;CHEBI:60530	D:\嗜酸氧化亚铁硫杆菌\03_BioCyc\C2-1\官方原始下载\GCF_000021485_compounds_right_network_full_20260923_083853.xml
Compound	GCF_000021485	PROPIONATE	propanoate	propionic acid;ethylformic acid;methylacetic acid;propionate		73.071	MEDIADB:compounds/159/;SEED:cpd00141;METANETX:MNXM356;REFMET:Propionic acid;BIGG:ppa;METABOLIGHTS:MTBLC17272;HMDB:HMDB00237;CHEMSPIDER:94556;PUBCHEM:104745;CHEBI:17272;LIGAND-CPD:C00163;CAS:79-09-4	D:\嗜酸氧化亚铁硫杆菌\03_BioCyc\C2-1\官方原始下载\GCF_000021485_compounds_left_network_full_20260923_083853.xml
Compound	GCF_000021485	Cyclic-N6-threonylcarbamoyl-A37-tRNAs	a cyclic <i>N</i><sup>6</sup>-L-threonylcarbamoyladenosine 37 in tRNA	ct<sup>6</sup>A37 tRNA			METANETX:MNXM149005	D:\嗜酸氧化亚铁硫杆菌\03_BioCyc\C2-1\官方原始下载\GCF_000021485_compounds_right_network_full_20260923_083853.xml
Compound	GCF_000021485	NADP	NADP<sup>+</sup>	coenzyme II;triphosphopyridine nucleotide;nicotinamide adenine dinucleotide phosphate;NADP-oxidized;NADP-ox;TPN;TPN+;TPN-ox;nicotinamide adenine dinucleotide-P;NADP(+);NADP;&beta;-NADP<sup>+</sup>		740.386	SEED:cpd00006;METANETX:MNXM5;REFMET:NADP+;BIGG:nadp;METABOLIGHTS:MTBLC58349;HMDB:HMDB00217;CHEMSPIDER:10239198;CHEBI:58349;PUBCHEM:15938972;LIGAND-CPD:C00006;CAS:53-59-8	D:\嗜酸氧化亚铁硫杆菌\03_BioCyc\C2-1\官方原始下载\GCF_000021485_compounds_left_network_full_20260923_083853.xml
Compound	GCF_000021485	BCAA-dehydrogenase-DH-lipoyl	an [<i>apo</i> BCAA dehydrogenase E2 protein] <i>N<sup>6</sup></i>-dihydrolipoyl-L-lysine				SEED:cpd22418;METANETX:MNXM7100	D:\嗜酸氧化亚铁硫杆菌\03_BioCyc\C2-1\官方原始下载\GCF_000021485_compounds_left_network_full_20260923_083853.xml
Compound	GCF_000021485	a-thymine-in-DNA	a thymine in DNA				METANETX:MNXM166831	D:\嗜酸氧化亚铁硫杆菌\03_BioCyc\C2-1\官方原始下载\GCF_000021485_compounds_right_network_full_20260923_083853.xml
Compound	GCF_000021485	GLYCOLLATE	glycolate	hydroxyacetic acid;glycolic acid;glycollate		75.044	MEDIADB:compounds/156/;REACTOME-CPD:389822;METANETX:MNXM222;REFMET:Glycolic acid;BIGG:glyclt;METABOLIGHTS:MTBLC29805;HMDB:HMDB00115;DRUGBANK:DB03085;CHEMSPIDER:4573887;PUBCHEM:5460308;CHEBI:29805;LIGAND-CPD:C00160;CAS:79-14-1	D:\嗜酸氧化亚铁硫杆菌\03_BioCyc\C2-1\官方原始下载\GCF_000021485_compounds_left_network_full_20260923_083853.xml
Compound	GCF_000021485	PALMITYL-COA	palmitoyl-CoA	Palmitoyl-CoA (n-C16:0CoA);hexadecanoyl CoA;palmityl-CoA;palmitoyl coenzyme A;palmitoyl CoA		1001.915	REACTOME-CPD:5358339;SEED:cpd00134;METANETX:MNXM88;REFMET:Palmitoyl-CoA;BIGG:pmtcoa;METABOLIGHTS:MTBLC57379;HMDB:HMDB01338;CHEBI:57379;PUBCHEM:45266605;LIGAND-CPD:C00154;CAS:1763-10-6	D:\嗜酸氧化亚铁硫杆菌\03_BioCyc\C2-1\官方原始下载\GCF_000021485_compounds_left_network_full_20260923_083853.xml
Compound	GCF_000021485	3OH-4P-OH-ALPHA-KETOBUTYRATE	(3R)-3-hydroxy-2-oxo-4 phosphooxybutanoate	3-hydroxy-4-phospho-hydroxy-&alpha;-ketobutyrate;2-oxo-3-hydroxy-4-phosphobutanoate		211.045	SEED:cpd03606;METANETX:MNXM1514;REFMET:2-oxo-3-hydroxy-4-phosphobutanoic acid;BIGG:ohpb;CHEBI:58538;PUBCHEM:45266680;HMDB:HMDB06801;LIGAND-CPD:C06054	D:\嗜酸氧化亚铁硫杆菌\03_BioCyc\C2-1\官方原始下载\GCF_000021485_compounds_right_network_full_20260923_083853.xml
Compound	GCF_000021485	SELENOHOMOCYSTEINE	seleno-L-homocysteine	2-amino-4-selanyl-butanoate		182.081	REACTOME-CPD:5357702;SEED:cpd03397;METANETX:MNXM2562;CHEBI:84850;PUBCHEM:90659042;METABOLIGHTS:MTBLC9096;HMDB:HMDB04119;LIGAND-CPD:C05698	D:\嗜酸氧化亚铁硫杆菌\03_BioCyc\C2-1\官方原始下载\GCF_000021485_compounds_left_network_full_20260923_083853.xml
Compound	GCF_000021485	2-ACETO-2-HYDROXY-BUTYRATE	(<i>S</i>)-2-aceto-2-hydroxybutanoate	(<i>S</i>)-2-aceto-2-hydroxy-butyrate;(<i>S</i>)-2-hydroxy-2-ethyl-3-oxobutanoate		145.135	SEED:cpd19045;METANETX:MNXM114220;REFMET:Acetohydroxybutyric acid;BIGG:2ahbut;PUBCHEM:21145135;HMDB:HMDB06900;CHEBI:49256;CHEMSPIDER:10607847;LIGAND-CPD:C06006;CAS:3142-65-2	D:\嗜酸氧化亚铁硫杆菌\03_BioCyc\C2-1\官方原始下载\GCF_000021485_compounds_right_network_full_20260923_083853.xml
Compound	GCF_000021485	CARBON-DIOXIDE	CO<SUB>2</SUB>	carbonic anhydride;carbonic acid gas;carbon dioxide		44.01	SEED:cpd00011;METANETX:MNXM13;BIGG:co2;METABOLIGHTS:MTBLC16526;LIGAND-CPD:C00011;HMDB:HMDB01967;UM-BBD-CPD:c0131;CHEMSPIDER:274;CHEBI:16526;PUBCHEM:280;CAS:124-38-9	D:\嗜酸氧化亚铁硫杆菌\03_BioCyc\C2-1\官方原始下载\GCF_000021485_compounds_left_network_full_20260923_083853.xml
Compound	GCF_000021485	CPD-24553	dZMP	9-[2'-deoxy-&beta;-D-ribofuranosyl]-2,6-diaminopurine 5'-monophosphate;9-[2'-deoxy-&beta;-D-ribofuranosyl]-2,6-diaminopurine 5'-phosphate;9-[2'-deoxy-&beta;-D-ribofuranosyl]-9<i>H</i>-purin-2,6-diamine 5'-monophosphate;2-amino-2'-deoxyadenosine 5''-monophosphate		344.223		D:\嗜酸氧化亚铁硫杆菌\03_BioCyc\C2-1\官方原始下载\GCF_000021485_compounds_left_network_full_20260923_083853.xml
Compound	GCF_000021485	OXALO-SUCCINATE	oxalosuccinate	oxalo-succ		187.085	SEED:cpd03187;METANETX:MNXM1289;METABOLIGHTS:MTBLC58931;HMDB:HMDB03974;CHEBI:58931;PUBCHEM:25244267;LIGAND-CPD:C05379	D:\嗜酸氧化亚铁硫杆菌\03_BioCyc\C2-1\官方原始下载\GCF_000021485_compounds_left_network_full_20260923_083853.xml
Compound	GCF_000021485	GDP-MANNOSE	GDP-&alpha;-D-mannose	guanosine pyrophosphate mannose;guanosine diphosphomannose;guanosine diphosphate mannose;GDP-mannose		603.329	SEED:cpd00083;METANETX:MNXM82;PUBCHEM:135398626;BIGG:gdpmann;METABOLIGHTS:MTBLC57527;HMDB:HMDB01163;CHEBI:57527;CAS:18441-12-8;CAS:3123-67-9;LIGAND-CPD:C00096	D:\嗜酸氧化亚铁硫杆菌\03_BioCyc\C2-1\官方原始下载\GCF_000021485_compounds_left_network_full_20260923_083853.xml
Compound	GCF_000021485	TusD-Persulfides	a [TusD sulfur-carrier protein]-S-sulfanyl-L-cysteine	a [TusD sulfur-carrier protein] persulfide				D:\嗜酸氧化亚铁硫杆菌\03_BioCyc\C2-1\官方原始下载\GCF_000021485_compounds_left_network_full_20260923_083853.xml
Compound	GCF_000021485	RNA-Holder	a ribonucleic acid	RNA			SEED:cpd11613;METANETX:MNXM90337;LIGAND-CPD:C00046	D:\嗜酸氧化亚铁硫杆菌\03_BioCyc\C2-1\官方原始下载\GCF_000021485_compounds_left_network_full_20260923_083853.xml
Compound	GCF_000021485	ACYL-COA	an acyl-CoA	fatty acyl thioester-CoA;an acyl-CoA;RCH2CH2CO-CoA;acyl-Coenzyme A;acyl<sub>n+2</sub>-CoA;acyl<sub>n-2</sub>-CoA			METANETX:MNXM44;LIGAND-CPD:C00040;CHEBI:17984	D:\嗜酸氧化亚铁硫杆菌\03_BioCyc\C2-1\官方原始下载\GCF_000021485_compounds_left_network_full_20260923_083853.xml
Compound	GCF_000021485	2-METHYL-BUTYRYL-COA	(2<i>S</i>)-2-methylbutanoyl-CoA	(2<i>S</i>)-2-methyl-butyryl-CoA;(2<i>S</i>)-2-methylbutyryl-CoA;(2<i>S</i>)-&alpha;-methylbutyryl-CoA;(2<i>S</i>)-&alpha;-methylbutanoyl-CoA		847.62	PUBCHEM:92136145;CHEBI:88166;REACTOME-CPD:70718;SEED:cpd00760;METANETX:MNXM569;REFMET:2-methylbutanoyl-CoA;HMDB:HMDB01041;LIGAND-CPD:C01033	D:\嗜酸氧化亚铁硫杆菌\03_BioCyc\C2-1\官方原始下载\GCF_000021485_compounds_right_network_full_20260923_083853.xml
Compound	GCF_000021485	L-ALPHA-ALANINE	L-alanine	alanine;L-&alpha;-alanine;ala		89.094	REFMET:Alanine;BIGG:ala__L;METABOLIGHTS:MTBLC57972;HMDB:HMDB00161;CHEBI:57972;PUBCHEM:7311724;LIGAND-CPD:C00041;CAS:56-41-7	D:\嗜酸氧化亚铁硫杆菌\03_BioCyc\C2-1\官方原始下载\GCF_000021485_compounds_left_network_full_20260923_083853.xml
Compound	GCF_000021485	CPD-2183	1-oleoyl-2-palmitoyl-phosphatidylglycerol	phosphatidylglycerol (1-18:1-2-16:0);18:1-16:0-PG;1-18:1-2-16:0-phosphatidylglycerol		748.008	HMDB:HMDB10630;METANETX:MNXM73875;PUBCHEM:71296223;METABOLIGHTS:MTBLC72832;CHEBI:72832	D:\嗜酸氧化亚铁硫杆菌\03_BioCyc\C2-1\官方原始下载\GCF_000021485_compounds_right_network_full_20260923_083853.xml
Compound	GCF_000021485	FORMALDEHYDE	formaldehyde	formalin;methanal;formol		30.026	BIGG:fald;METABOLIGHTS:MTBLC16842;HMDB:HMDB01426;DRUGBANK:DB03843;CHEMSPIDER:692;CHEBI:16842;PUBCHEM:712;LIGAND-CPD:C00067;CAS:50-00-0	D:\嗜酸氧化亚铁硫杆菌\03_BioCyc\C2-1\官方原始下载\GCF_000021485_compounds_right_network_full_20260923_083853.xml
Compound	GCF_000021485	UDP-AAGM-DIAMINOHEPTANEDIOATE	UDP-<I>N</I>-acetyl-&alpha;-D-muramoyl-L-alanyl-&gamma;-D-glutamyl-<I>meso</I>-2,6-diaminopimelate	UDP-N-acetyl-&alpha;-D-muramoyl-L-alanyl-&gamma;-D-glutamyl-<i>meso</i>-2,6-diaminopimelate;UDP-<i>N</i>-acetyl-&alpha;-D-muramoyl-L-alanyl-&gamma;-D-glutamyl-<i>meso</i>-diaminopimelate;UDP-MurNAc-L-Ala-&gamma;-D-Glu-<i>meso</i>-A<sub>2</sub>pm;UDP-<i>N</i>-acetyl-&alpha;-D-muramoyl-L-alanyl-&gamma;-D-glutamyl-meso-2,6-diaminoheptanedioate		1047.767	SEED:cpd02964;METANETX:MNXM1446;BIGG:ugmd;CHEBI:83905;PUBCHEM:25243985;LIGAND-CPD:C04877	D:\嗜酸氧化亚铁硫杆菌\03_BioCyc\C2-1\官方原始下载\GCF_000021485_compounds_left_network_full_20260923_083853.xml
Compound	GCF_000021485	Hpr-Histidine	an [HPr]-L-histidine				METANETX:MNXM162244	D:\嗜酸氧化亚铁硫杆菌\03_BioCyc\C2-1\官方原始下载\GCF_000021485_compounds_left_network_full_20260923_083853.xml
Compound	GCF_000021485	CH33ADO	5'-deoxyadenosine	CH<sub>3</sub>Ado		251.244	SEED:cpd03091;METANETX:MNXM316;REFMET:5'-Deoxyadenosine;BIGG:dad_5;METABOLIGHTS:MTBLC17319;HMDB:HMDB01983;CHEMSPIDER:388325;PUBCHEM:439182;CHEBI:17319;LIGAND-CPD:C05198	D:\嗜酸氧化亚铁硫杆菌\03_BioCyc\C2-1\官方原始下载\GCF_000021485_compounds_right_network_full_20260923_083853.xml
Compound	GCF_000021485	CPD-19239	&alpha;-D-ribose-1-[<i>N</i>-(phosphonomethyl)glycine] 5-phosphate			377.138	METANETX:MNXM164515;PUBCHEM:122706109	D:\嗜酸氧化亚铁硫杆菌\03_BioCyc\C2-1\官方原始下载\GCF_000021485_compounds_left_network_full_20260923_083853.xml
Compound	GCF_000021485	Prolipoprotein-Cysteines	a [prolipoprotein]-L-cysteine					D:\嗜酸氧化亚铁硫杆菌\03_BioCyc\C2-1\官方原始下载\GCF_000021485_compounds_left_network_full_20260923_083853.xml
Compound	GCF_000021485	CPD-7076	2-methylbutanoate	2-methylbutyric acid;2-methylbutanoic acid;&alpha;-methylbutyrate;2-methylbutyrate		101.125	MEDIADB:compounds/16492/;SEED:cpd19585;HMDB:HMDB02176;METANETX:MNXM9859;LIGAND-CPD:C18319;METABOLIGHTS:MTBLC48946;CHEMSPIDER:11273216;PUBCHEM:22253297;CHEBI:48946	D:\嗜酸氧化亚铁硫杆菌\03_BioCyc\C2-1\官方原始下载\GCF_000021485_compounds_left_network_full_20260923_083853.xml
Compound	GCF_000021485	CPD-7	a [4Fe-4S] iron-sulfur cluster	a 4Fe-4S iron-sulfur cluster;a 4Fe-4S center;a 4Fe-4S cluster;a 4Fe-4S iron-sulfur center;a Fe<sub>4</sub>S<sub>4</sub> iron-sulfur center;a [4Fe-4S] iron-sulfur center;[4Fe-4S];4Fe-4S;[4Fe-4S] cluster		351.628	METANETX:MNXM37766;Wikipedia:Iron_sulfur_center;CHEMSPIDER:4911358;PUBCHEM:6398953;CHEBI:33725	D:\嗜酸氧化亚铁硫杆菌\03_BioCyc\C2-1\官方原始下载\GCF_000021485_compounds_left_network_full_20260923_083853.xml
Compound	GCF_000021485	UDP	UDP	uridine-diphosphate;uridine-5'-diphosphate		401.14	SEED:cpd00014;METANETX:MNXM17;REFMET:UDP;BIGG:udp;METABOLIGHTS:MTBLC58223;HMDB:HMDB00295;CHEMSPIDER:16739715;PUBCHEM:20056717;CHEBI:58223;KNAPSACK:C00007313;LIGAND-CPD:C00015;CAS:58-98-0	D:\嗜酸氧化亚铁硫杆菌\03_BioCyc\C2-1\官方原始下载\GCF_000021485_compounds_left_network_full_20260923_083853.xml
Compound	GCF_000021485	ADP-D-GLYCERO-D-MANNO-HEPTOSE	ADP-D-glycero-&beta;-D-<i>manno</i>-heptose	2-[[[5-[(6-amino-9H-purin-9-yl)]-3,4-dihydroxy-tetrahydrofuran- 2-yl]methoxy-hydroxy-phosphinoyl]oxy-hydroxy-phosphinoyl]oxy-6- (1,2-dihydroxyethyl)tetrahydropyran-3,4,5-triol;ADP-D-&beta;-D-heptose;D,D-Hep		617.356	METANETX:MNXM1648;BIGG:adphep_DD;HMDB:HMDB29952;CHEBI:59967;PUBCHEM:46173177;CAS:119-61-9;LIGAND-CPD:C06397	D:\嗜酸氧化亚铁硫杆菌\03_BioCyc\C2-1\官方原始下载\GCF_000021485_compounds_left_network_full_20260923_083853.xml
Compound	GCF_000021485	CPD-24232	UDP-2-<i>N</i>-[(3R)-3-hydroxy-16-methylhexadecanoyl]-3-<i>O</i>-[(3R)-3-hydroxyhexadecanoyl]-&alpha;-D-glucosamine			1086.155		D:\嗜酸氧化亚铁硫杆菌\03_BioCyc\C2-1\官方原始下载\GCF_000021485_compounds_left_network_full_20260923_083853.xml
Compound	GCF_000021485	Dihydro-Lipoyl-Proteins	a [lipoyl-carrier protein]-<i>N<sup>6</sup></i>-[(R)-dihydrolipoyl]-L-lysine	an [enzyme]-<i>N<sup>6</sup></i>-(dihydrolipoyl)lysine			SEED:cpd26965;METANETX:MNXM17283	D:\嗜酸氧化亚铁硫杆菌\03_BioCyc\C2-1\官方原始下载\GCF_000021485_compounds_left_network_full_20260923_083853.xml
Compound	GCF_000021485	REDUCED-MENAQUINONE	menaquinol-<i>8</i>	reduced menaquinone-8;MKH2-8		719.144	SEED:cpd15499;METANETX:MNXM223;BIGG:mql8;CHEBI:61684;PUBCHEM:45479636	D:\嗜酸氧化亚铁硫杆菌\03_BioCyc\C2-1\官方原始下载\GCF_000021485_compounds_right_network_full_20260923_083853.xml
Compound	GCF_000021485	CPD-13714	1,1'-dihydroxy-1,1',2,2'-tetrahydrolycopene			572.913	SEED:cpd21134;METANETX:MNXM4935;REFMET:Dihydroxylycopene;LIGAND-CPD:C19894;PUBCHEM:14502754;CHEBI:63065	D:\嗜酸氧化亚铁硫杆菌\03_BioCyc\C2-1\官方原始下载\GCF_000021485_compounds_left_network_full_20260923_083853.xml
Compound	GCF_000021485	DETHIOBIOTIN	dethiobiotin	desthiobiotin;DTB		213.256	CHEBI:149473;PUBCHEM:36688063;SEED:cpd01311;METANETX:MNXM1020;BIGG:dtbt;HMDB:HMDB03581;LIGAND-CPD:C01909;CAS:533-48-2	D:\嗜酸氧化亚铁硫杆菌\03_BioCyc\C2-1\官方原始下载\GCF_000021485_compounds_left_network_full_20260923_083853.xml
Compound	GCF_000021485	DGDP	dGDP	2'-deoxyguanosine-5'-diphosphate;deoxyguanosine-diphosphate		424.18	REACTOME-CPD:500077;SEED:cpd00295;METANETX:MNXM436;PUBCHEM:135398594;REFMET:dGDP;BIGG:dgdp;METABOLIGHTS:MTBLC58595;HMDB:HMDB00960;CHEBI:58595;LIGAND-CPD:C00361;CAS:102783-74-4	D:\嗜酸氧化亚铁硫杆菌\03_BioCyc\C2-1\官方原始下载\GCF_000021485_compounds_left_network_full_20260923_083853.xml
Compound	GCF_000021485	INDOLE	indole			117.15	REACTOME-CPD:216547;SEED:cpd00359;METANETX:MNXM377;REFMET:Indole;BIGG:indole;HMDB:HMDB00738;DRUGBANK:DB04532;CHEMSPIDER:776;PUBCHEM:798;CHEBI:16881;LIGAND-CPD:C00463;CAS:120-72-9	D:\嗜酸氧化亚铁硫杆菌\03_BioCyc\C2-1\官方原始下载\GCF_000021485_compounds_left_network_full_20260923_083853.xml
Compound	GCF_000021485	SUPER-OXIDE	superoxide	superoxide anion;peroxide radical		31.999	METANETX:MNXM330;BIGG:o2s;PUBCHEM:5359597;METABOLIGHTS:MTBLC18421;HMDB:HMDB02168;CHEBI:18421;LIGAND-CPD:C00704	D:\嗜酸氧化亚铁硫杆菌\03_BioCyc\C2-1\官方原始下载\GCF_000021485_compounds_left_network_full_20260923_083853.xml
Compound	GCF_000021485	CPD-12124	menaquinol-<i>6</i>	menaquinol(6);MKH2-6		582.908	SEED:cpd15994;METANETX:MNXM7517;CHEBI:84536;CHEMSPIDER:4945264;PUBCHEM:6441040	D:\嗜酸氧化亚铁硫杆菌\03_BioCyc\C2-1\官方原始下载\GCF_000021485_compounds_right_network_full_20260923_083853.xml
Compound	GCF_000021485	D-MYO-INOSITOL-1-MONOPHOSPHATE	1D-<i>myo</i>-inositol 1-monophosphate	1D-<i>myo</i>-inositol (1)-monophosphate;1D-myo-Inositol 1-phosphate;D-<i>myo</i>-inositol (1)-monophosphate;Ins(1)P<sub>1</sub>;1-D-<i>myo</i>-inositol-1-p;1D-<i>myo</i>-inositol 1-phosphate;Ins1P		258.121	REACTOME-CPD:870330;SEED:cpd00867;METANETX:MNXM646;BIGG:mi1p__D;METABOLIGHTS:MTBLC58433;HMDB:HMDB02985;CHEMSPIDER:16744063;CHEBI:58433;KNAPSACK:C00007483;PUBCHEM:5288642;LIGAND-CPD:C01177	D:\嗜酸氧化亚铁硫杆菌\03_BioCyc\C2-1\官方原始下载\GCF_000021485_compounds_left_network_full_20260923_083853.xml
Compound	GCF_000021485	CPD8J2-27	<i>S</i>-succinyl-L-cysteine	<i>S</i>-(2-succino)-L-cysteine		235.211	CHEBI:143133	D:\嗜酸氧化亚铁硫杆菌\03_BioCyc\C2-1\官方原始下载\GCF_000021485_compounds_right_network_full_20260923_083853.xml
Compound	GCF_000021485	SAMP-C-Terminal-Glycine	a [SAMP] C-terminal glycine	a C-terminal [SAMP]-glycine			METANETX:MNXM148775	D:\嗜酸氧化亚铁硫杆菌\03_BioCyc\C2-1\官方原始下载\GCF_000021485_compounds_right_network_full_20260923_083853.xml
Compound	GCF_000021485	ADENOSINE	adenosine	adenine-D-ribose;9-&beta;-D-ribofuranosyl-9H-purin-6-amine;9-&beta;-D-ribofuranosidoadenine;adenine riboside		267.244	SEED:cpd00182;METANETX:MNXM212;REFMET:Adenosine;BIGG:adn;METABOLIGHTS:MTBLC16335;HMDB:HMDB00050;DRUGBANK:DB00640;CHEMSPIDER:18660726;PUBCHEM:60961;CHEBI:16335;LIGAND-CPD:C00212;CAS:58-61-7	D:\嗜酸氧化亚铁硫杆菌\03_BioCyc\C2-1\官方原始下载\GCF_000021485_compounds_left_network_full_20260923_083853.xml
Compound	GCF_000021485	16S-rRNA-5-O-methylcytosine967	a 5-methylcytosine<sup>967</sup> in 16S rRNA				SEED:cpd21814;METANETX:MNXM14026	D:\嗜酸氧化亚铁硫杆菌\03_BioCyc\C2-1\官方原始下载\GCF_000021485_compounds_right_network_full_20260923_083853.xml
Compound	GCF_000021485	L-1-PHOSPHATIDYL-ETHANOLAMINE	a phosphatidylethanolamine	a glycerophosphoethanolamine;an L-1-phosphatidylethanolamine;a 1-phosphatidylethanolamine;an L-1-phosphotidylethanolamine;a phosphatidylethenolamine;an <i>O</i>-(1-&beta;-acyl-2-acyl-<i>sn</i>-glycero-3-phospho)-ethanolamine;PtdEtn;a 1,2-diacyl-<i>sn</i>-glycero-3-phosphoethanolamine			SEED:cpd27339;METANETX:MNXM4022;CHEBI:16038;LIGAND-CPD:C00350	D:\嗜酸氧化亚铁硫杆菌\03_BioCyc\C2-1\官方原始下载\GCF_000021485_compounds_left_network_full_20260923_083853.xml
Compound	GCF_000021485	CPD-15435	(L-threonylcarbamoyl)adenylate			490.322	REACTOME-CPD:6784485;METANETX:MNXM145767;LIGAND-CPD:C20641;PUBCHEM:71464565;CHEBI:73682	D:\嗜酸氧化亚铁硫杆菌\03_BioCyc\C2-1\官方原始下载\GCF_000021485_compounds_left_network_full_20260923_083853.xml
Compound	GCF_000021485	HG0	Hg<sup>0</sup>	elemental mercury;metallic mercury;mercury;quicksilver		200.59	SEED:cpd00965;METANETX:MNXM4041;UM-BBD-CPD:c0387;CHEMSPIDER:22373;PUBCHEM:23931;CHEBI:16170;LIGAND-CPD:C01319	D:\嗜酸氧化亚铁硫杆菌\03_BioCyc\C2-1\官方原始下载\GCF_000021485_compounds_left_network_full_20260923_083853.xml
Compound	GCF_000021485	BIS-GERANYLGERANYLGLYCEROL-PHOSPHATE	2,3-bis-<i>O</i>-(geranylgeranyl)-<i>sn</i>-glycerol 1-phosphate	unsaturated archaetidate;DGGGP;2,3-di-<i>O</i>-geranylgeranyl-<i>sn</i>-glycerol 1-phosphate		715.004	SEED:cpd02824;METANETX:MNXM90594;CHEBI:58837;PUBCHEM:46878445;LIGAND-CPD:C04638	D:\嗜酸氧化亚铁硫杆菌\03_BioCyc\C2-1\官方原始下载\GCF_000021485_compounds_left_network_full_20260923_083853.xml
Compound	GCF_000021485	S-2-Haloacids	an (<i>S</i>)-2-halocarboxylate	an (<i>S</i>)-2-haloacid			SEED:cpd12024;METANETX:MNXM96149;CHEBI:15791;LIGAND-CPD:C02103	D:\嗜酸氧化亚铁硫杆菌\03_BioCyc\C2-1\官方原始下载\GCF_000021485_compounds_left_network_full_20260923_083853.xml
Compound	GCF_000021485	CPD-110	salicylate	salicylic acid;o-hydroxybenzoic acid;2-hydroxybenzoic acid;SA;2-HBA;2-hydroxybenzoate;o-hydroxybenzoate		137.115	REACTOME-CPD:159559;SEED:cpd00599;METANETX:MNXM378;REFMET:Salicylic acid;HMDB:HMDB01895;CHEMSPIDER:4964;PUBCHEM:54675850;KNAPSACK:C00000206;CHEBI:30762;Wikipedia:Salicylate;LIGAND-CPD:C00805;CAS:69-72-7	D:\嗜酸氧化亚铁硫杆菌\03_BioCyc\C2-1\官方原始下载\GCF_000021485_compounds_right_network_full_20260923_083853.xml
Compound	GCF_000021485	DNA-Ligase-L-lysine	a [DNA ligase]-L-lysine				METANETX:MNXM162742	D:\嗜酸氧化亚铁硫杆菌\03_BioCyc\C2-1\官方原始下载\GCF_000021485_compounds_left_network_full_20260923_083853.xml
Compound	GCF_000021485	CO-A	coenzyme A	CoA;Co-A-SH;HS-CoA		763.502	REFMET:Coenzyme A;BIGG:coa;Wikipedia:Coenzyme_a;METABOLIGHTS:MTBLC57287;HMDB:HMDB01423;CHEBI:57287;PUBCHEM:25113190;KNAPSACK:C00007258;CAS:85-61-0;LIGAND-CPD:C00010	D:\嗜酸氧化亚铁硫杆菌\03_BioCyc\C2-1\官方原始下载\GCF_000021485_compounds_left_network_full_20260923_083853.xml
Compound	GCF_000021485	CPD-14053	(6<i>R</i>)-L-<i>erythro</i>-5,6,7,8-tetrahydrobiopterin	sapropterin		241.249	PUBCHEM:135398654;METABOLIGHTS:MTBLC59560;HMDB:HMDB00787;CHEBI:59560	D:\嗜酸氧化亚铁硫杆菌\03_BioCyc\C2-1\官方原始下载\GCF_000021485_compounds_left_network_full_20260923_083853.xml
Compound	GCF_000021485	Thiarsahydroxy-SG-ArsC	<i>S</i>-glutathionyl-thiarsahydroxy-[arsenate reductase]					D:\嗜酸氧化亚铁硫杆菌\03_BioCyc\C2-1\官方原始下载\GCF_000021485_compounds_left_network_full_20260923_083853.xml
Compound	GCF_000021485	tRNAs-containing-epoxy-quenosine	an epoxyqueuosine<sup>34</sup> in tRNA	an epoxyqueuosine at position 34 of a tRNA containing GUN anticodon			SEED:cpd28599;METANETX:MNXM13192	D:\嗜酸氧化亚铁硫杆菌\03_BioCyc\C2-1\官方原始下载\GCF_000021485_compounds_right_network_full_20260923_083853.xml
Compound	GCF_000021485	ERYTHRONATE-4P	4-phospho-D-erythronate	erythronate 4-phosphate;4-phosphoerythronate;erythronate-4P;D-erythronate-4-phosphate;D-erythronate-4P		213.06	SEED:cpd02147;METANETX:MNXM1407;BIGG:4per;CHEBI:58766;PUBCHEM:45266760;CHEMSPIDER:4440680;LIGAND-CPD:C03393	D:\嗜酸氧化亚铁硫杆菌\03_BioCyc\C2-1\官方原始下载\GCF_000021485_compounds_left_network_full_20260923_083853.xml
Compound	GCF_000021485	tRNA-Containing-5MeAminoMe-2-ThioU	a 5-[(methylamino)methyl]-2-thiouridine<sup>34</sup> in tRNA	a 5-[(methylamino)methyl]-2-thiouridylate<sup>34</sup> in tRNA;mnm5S2U			SEED:cpd28548;METANETX:MNXM147921	D:\嗜酸氧化亚铁硫杆菌\03_BioCyc\C2-1\官方原始下载\GCF_000021485_compounds_left_network_full_20260923_083853.xml
Compound	GCF_000021485	CPD-171	a dolichyl &beta;-D-mannosyl phosphate	dolichol monophosphate mannose;&beta;-D-mannopyranose, 1-ester with dolichol dihydrogen phosphate;D-mannose, ester with dolichol dihydrogen phosphate;mannosyl phosphoryl dolichol;mannolipid;dolichyl mannosyl phosphate;dolichyl mannopyranosyl phosphate;dolichyl phosphate D-mannose;dolichyl D-mannosyl phosphate		1351.036	PUBCHEM:146037247;SEED:cpd12504;HMDB:HMDB12218;METANETX:MNXM7322;CHEBI:15809;LIGAND-CPD:C03862;CAS:55598-56-6	D:\嗜酸氧化亚铁硫杆菌\03_BioCyc\C2-1\官方原始下载\GCF_000021485_compounds_left_network_full_20260923_083853.xml
Compound	GCF_000021485	ADP-L-GLYCERO-D-MANNO-HEPTOSE	ADP-L-glycero-&beta;-D-<I>manno</I>-heptose	2-[[[5-[(6-amino-9H-purin-9-yl)]-3,4-dihydroxy-tetrahydrofuran-2-yl]methoxy-hydroxy-phosphinoyl]oxy-hydroxy-phosphinoyl]oxy-6-(1,2-dihydroxyethyl)tetrahydropyran-3,4,5-triol;ADP-L-glycero-D-manno-heptose		617.356	SEED:cpd03831;METANETX:MNXM857;BIGG:adphep_LD;CHEBI:61506;PUBCHEM:46173344;LIGAND-CPD:C06398	D:\嗜酸氧化亚铁硫杆菌\03_BioCyc\C2-1\官方原始下载\GCF_000021485_compounds_right_network_full_20260923_083853.xml
Compound	GCF_000021485	ILE	L-isoleucine	I;iso-leucine;L-ile		131.174	MEDIADB:compounds/14805/;MEDIADB:compounds/390/;SEED:cpd00322;METANETX:MNXM231;REFMET:Isoleucine;BIGG:ile__L;METABOLIGHTS:MTBLC58045;HMDB:HMDB00172;CHEBI:58045;PUBCHEM:7043901;CAS:73-32-5;LIGAND-CPD:C00407	D:\嗜酸氧化亚铁硫杆菌\03_BioCyc\C2-1\官方原始下载\GCF_000021485_compounds_left_network_full_20260923_083853.xml
Compound	GCF_000021485	PROTOPORPHYRINOGEN	protoporphyrinogen IX	protoporphyrinogen		566.699	REACTOME-CPD:189478;SEED:cpd00791;METANETX:MNXM351;REFMET:Protoporphyrinogen IX;BIGG:pppg9;METABOLIGHTS:MTBLC57307;HMDB:HMDB01097;CHEMSPIDER:20171538;CHEBI:57307;PUBCHEM:20849104;LIGAND-CPD:C01079;CAS:7412-77-3	D:\嗜酸氧化亚铁硫杆菌\03_BioCyc\C2-1\官方原始下载\GCF_000021485_compounds_left_network_full_20260923_083853.xml
Compound	GCF_000021485	tRNA-pseudouridine13	a pseudouridine<sup>13</sup> in tRNA	a tRNA pseudouridine<sup>13</sup>			SEED:cpd28581;METANETX:MNXM13184	D:\嗜酸氧化亚铁硫杆菌\03_BioCyc\C2-1\官方原始下载\GCF_000021485_compounds_right_network_full_20260923_083853.xml
Compound	GCF_000021485	CPD-15709	<i>keto</i>-D-fructose 6-phosphate			258.121	REACTOME-CPD:29512;METANETX:MNXM89629;REFMET:Fructose-6-phosphate;PUBCHEM:21114947;METABOLIGHTS:MTBLC57579;CHEBI:57579;HMDB:HMDB00124;DRUGBANK:DB04493	D:\嗜酸氧化亚铁硫杆菌\03_BioCyc\C2-1\官方原始下载\GCF_000021485_compounds_left_network_full_20260923_083853.xml
Compound	GCF_000021485	CPD-142	4-hydroxyphenylglyoxylate	p-hydroxybenzoylformate;2-(4-hydroxyphenyl)-2-oxoacetate;4-hydroxybenzoylformate;2-(4-hydroxyphenyl)-2-oxo-acetic acid		165.125	SEED:cpd02259;METANETX:MNXM2085;CHEMSPIDER:10761071;PUBCHEM:54720982;CHEBI:58586;LIGAND-CPD:C03590	D:\嗜酸氧化亚铁硫杆菌\03_BioCyc\C2-1\官方原始下载\GCF_000021485_compounds_left_network_full_20260923_083853.xml
Compound	GCF_000021485	LIPID-IV-A	lipid IV<sub>A</sub> (<i>E. coli</i>)	2-deoxy-2-{[(3R)-3-hydroxypentadecanoyl]amino}-3-O-[(3R)-3-hydroxytetradecanoyl]-4-O-phosphono-&beta;-D-glucopyranosyl-(1->6)-2-deoxy-3-O-[(3R)-3-hydroxytetradecanoyl]-2-{[(3R)-3-hydroxytetradecanoyl]amino}-1-O-phosphono-&alpha;-D-glucopyranose		1401.69	SEED:cpd02993;METANETX:MNXM1754;BIGG:lipidA;CHEMSPIDER:8504584;CHEBI:58603;PUBCHEM:10329123;LIGAND-CPD:C04919	D:\嗜酸氧化亚铁硫杆菌\03_BioCyc\C2-1\官方原始下载\GCF_000021485_compounds_left_network_full_20260923_083853.xml
Compound	GCF_000021485	2-HYDROXY-3-KETO-5-METHYLTHIO-1-PHOSPHOP	2-hydroxy-5-(methylsulfanyl)-3-oxopent-1-enyl 1-phosphate	1-phosphoryloxyl-2-hydroxy-3-keto-5-methylthiopentene;2-hydroxy-3-keto-5-methylthio-1-phosphopentene;2-hydroxy-5-(methylthio)-3-oxopent-1-en-1-yl 1-phosphate		239.159	SEED:cpd11296;METANETX:MNXM409;CHEBI:50605;PUBCHEM:44229144;LIGAND-CPD:C15651	D:\嗜酸氧化亚铁硫杆菌\03_BioCyc\C2-1\官方原始下载\GCF_000021485_compounds_right_network_full_20260923_083853.xml
Compound	GCF_000021485	Protein-S-methyl-L-cysteine	a [protein]-<i>S</i>-methyl-L-cysteine				METANETX:MNXM5911;LIGAND-CPD:C03800	D:\嗜酸氧化亚铁硫杆菌\03_BioCyc\C2-1\官方原始下载\GCF_000021485_compounds_right_network_full_20260923_083853.xml
Compound	GCF_000021485	CMP	CMP	5'-cytidylic acid;cytidine 5'-monophosphate;cytidylate;cytidylic acid;cytidine-P;cytidine-monophosphate;cytidine-phosphate;cytidine 5'-phosphate;cytosine ribotide		321.183	SEED:cpd00046;METANETX:MNXM31;REFMET:CMP;BIGG:cmp;METABOLIGHTS:MTBLC60377;HMDB:HMDB00095;CHEMSPIDER:5414497;CHEBI:60377;PUBCHEM:7058165;LIGAND-CPD:C00055;CAS:63-37-6	D:\嗜酸氧化亚铁硫杆菌\03_BioCyc\C2-1\官方原始下载\GCF_000021485_compounds_left_network_full_20260923_083853.xml
Compound	GCF_000021485	Ribonucleoside-Triphosphates	a ribonucleoside triphosphate	an NTP			METANETX:MNXM147299;CHEBI:17972;LIGAND-CPD:C03802	D:\嗜酸氧化亚铁硫杆菌\03_BioCyc\C2-1\官方原始下载\GCF_000021485_compounds_left_network_full_20260923_083853.xml
Compound	GCF_000021485	CPD-18805	a mature peptidoglycan (with L-alanyl-&gamma;-D-glutamyl-<i>meso</i>-2,6-diaminopimeloyl-D-alanine tetrapeptide) (non-reducing terminus)				METANETX:MNXM166794	D:\嗜酸氧化亚铁硫杆菌\03_BioCyc\C2-1\官方原始下载\GCF_000021485_compounds_right_network_full_20260923_083853.xml
Compound	GCF_000021485	PROTEIN-L-BETA-ISOSPARTATE-METHYL-ESTERS	a protein L-&beta;-isoaspartate &alpha;-methyl ester				SEED:cpd27818;METANETX:MNXM21318;CHEBI:8534;LIGAND-CPD:C04311	D:\嗜酸氧化亚铁硫杆菌\03_BioCyc\C2-1\官方原始下载\GCF_000021485_compounds_right_network_full_20260923_083853.xml
Compound	GCF_000021485	Lipoyl-Protein-N6-lipoyllysine	a [lipoyl-carrier protein]-<i>N<sup>6</sup></i>-[(<i>R</i>)-lipoyl]-L-lysine	protein N6-(lipoyl)lysine;lipoyl-domain;a lipoylated protein lipoyl-domain;an [enzyme] <i>N<sup>6</sup></i>-(lipoyl)lysine;an enzyme <i>N<sup>6</sup></i>-(lipoyl)lysine			SEED:cpd14954;CHEBI:80399;METANETX:MNXM96070;LIGAND-CPD:C16237	D:\嗜酸氧化亚铁硫杆菌\03_BioCyc\C2-1\官方原始下载\GCF_000021485_compounds_right_network_full_20260923_083853.xml
Compound	GCF_000021485	TTP	dTTP	thymidine triphosphate;thymidine 5'-triphosphate;TTP		478.139	SEED:cpd00357;METANETX:MNXM394;REFMET:TTP;BIGG:dttp;METABOLIGHTS:MTBLC37568;HMDB:HMDB01342;CHEMSPIDER:10160750;PUBCHEM:11988283;CHEBI:37568;LIGAND-CPD:C00459;CAS:365-08-2	D:\嗜酸氧化亚铁硫杆菌\03_BioCyc\C2-1\官方原始下载\GCF_000021485_compounds_left_network_full_20260923_083853.xml
Compound	GCF_000021485	TRP	L-tryptophan	W;tryptacin;trofan;tryptophan;2-amino-3-indolylpropanic acid;L-trp;trp		204.228	MEDIADB:compounds/742/;MEDIADB:compounds/76/;METANETX:MNXM94;REFMET:Tryptophan;BIGG:trp__L;METABOLIGHTS:MTBLC57912;HMDB:HMDB00929;CHEBI:57912;PUBCHEM:6923516;LIGAND-CPD:C00078;CAS:73-22-3	D:\嗜酸氧化亚铁硫杆菌\03_BioCyc\C2-1\官方原始下载\GCF_000021485_compounds_left_network_full_20260923_083853.xml
Compound	GCF_000021485	DNA-Segment-Placeholder	a DNA segment				SEED:cpd26898;METANETX:MNXM11422	D:\嗜酸氧化亚铁硫杆菌\03_BioCyc\C2-1\官方原始下载\GCF_000021485_compounds_left_network_full_20260923_083853.xml
Compound	GCF_000021485	CPD-597	<i>N</i>-carbamoylputrescine			132.185	SEED:cpd00341;METANETX:MNXM1243;REFMET:N-Carbamoylputrescine;HMDB:HMDB33458;CHEBI:58318;PUBCHEM:25244388;LIGAND-CPD:C00436;CAS:6851-51-0	D:\嗜酸氧化亚铁硫杆菌\03_BioCyc\C2-1\官方原始下载\GCF_000021485_compounds_left_network_full_20260923_083853.xml
Compound	GCF_000021485	L-methionyl-glycyl-Protein	an N-terminal-L-methionyl-glycyl-[protein]				METANETX:MNXM167046	D:\嗜酸氧化亚铁硫杆菌\03_BioCyc\C2-1\官方原始下载\GCF_000021485_compounds_left_network_full_20260923_083853.xml
Compound	GCF_000021485	Thiarsahydroxy-ArsC	thiarsahydroxy-[arsenate reductase]					D:\嗜酸氧化亚铁硫杆菌\03_BioCyc\C2-1\官方原始下载\GCF_000021485_compounds_left_network_full_20260923_083853.xml
Compound	GCF_000021485	THIOL-GROUP	a thiol group			45.079	SEED:cpd28224;METANETX:MNXM87040	D:\嗜酸氧化亚铁硫杆菌\03_BioCyc\C2-1\官方原始下载\GCF_000021485_compounds_left_network_full_20260923_083853.xml
Compound	GCF_000021485	N-ALPHA-ACETYLORNITHINE	<i>N</i>-acetyl-L-ornithine	<i>N<sup>2</sup></i>-acetyl-ornithine;<i>N</i>-&alpha;-acetylornithine;<i>N</i>-acetylornithine;acetylornithine;<i>N<sup>2</sup></i>-acetyl-L-ornithine		174.199	SEED:cpd00342;METANETX:MNXM817;REFMET:N-Acetylornithine;BIGG:acorn;METABOLIGHTS:MTBLC57805;HMDB:HMDB03357;CHEBI:57805;PUBCHEM:6992102;LIGAND-CPD:C00437	D:\嗜酸氧化亚铁硫杆菌\03_BioCyc\C2-1\官方原始下载\GCF_000021485_compounds_left_network_full_20260923_083853.xml
Compound	GCF_000021485	CPD-22307	3-deoxy-D-arabino-heptulopyranuronate 7-phosphate	(2R,4R,5S,6R)-2,4,5-trihydroxy-6-[(phosphonatooxy)methyl]oxane-2-carboxylate;cyclic 3-deoxy-D-arabino-heptulosonate 7-phosphate		285.124	PUBCHEM:29976886	D:\嗜酸氧化亚铁硫杆菌\03_BioCyc\C2-1\官方原始下载\GCF_000021485_compounds_left_network_full_20260923_083853.xml
Compound	GCF_000021485	Cytosine-32-In-tRNAs	a cytosine<sup>32</sup> in tRNA					D:\嗜酸氧化亚铁硫杆菌\03_BioCyc\C2-1\官方原始下载\GCF_000021485_compounds_left_network_full_20260923_083853.xml
Compound	GCF_000021485	GLUTATHIONE	glutathione	L-&gamma;-glutamyl-L-cysteinylglycine;GSH;reduced glutathione;glutathionate		306.313	MEDIADB:compounds/51/;SEED:cpd00042;METANETX:MNXM57;REFMET:Glutathione;BIGG:gthrd;PUBCHEM:7048684;METABOLIGHTS:MTBLC57925;HMDB:HMDB00125;CHEMSPIDER:19589806;CHEBI:57925;KNAPSACK:C00001518;LIGAND-CPD:C00051;CAS:70-18-8	D:\嗜酸氧化亚铁硫杆菌\03_BioCyc\C2-1\官方原始下载\GCF_000021485_compounds_left_network_full_20260923_083853.xml
Compound	GCF_000021485	CPD-67	2-phosphoglycolate	2-P-glycolate;phosphoglycolate;Phosphoglycolic acid		153.008	SEED:cpd00727;METANETX:MNXM2074;BIGG:2pglyc;METABOLIGHTS:MTBLC58033;HMDB:HMDB00816;CHEBI:58033;PUBCHEM:24916760;LIGAND-CPD:C00988	D:\嗜酸氧化亚铁硫杆菌\03_BioCyc\C2-1\官方原始下载\GCF_000021485_compounds_left_network_full_20260923_083853.xml
Compound	GCF_000021485	CPD0-1308	glyphosate	N-(phosphonomethyl)glycine;Roundup		167.058	SEED:cpd01175;METANETX:MNXM55490;CHEBI:67052;Wikipedia:Glyphosate;PUBCHEM:25203640;LIGAND-CPD:C01705	D:\嗜酸氧化亚铁硫杆菌\03_BioCyc\C2-1\官方原始下载\GCF_000021485_compounds_left_network_full_20260923_083853.xml
Compound	GCF_000021485	L-Methionine-sulfoxides	L-methionine <i>S</i>-oxide	Methionine S-oxide;DL-Methionine sulfoxide;L-methionine-<i>S</i>-sulfoxide;L-methionine sulfoxide;methionine sulfoxide		165.207	REACTOME-CPD:5676943;METANETX:MNXM2246;BIGG:metsox-S-L;CHEBI:17016;LIGAND-CPD:C02989;CAS:454-41-1	D:\嗜酸氧化亚铁硫杆菌\03_BioCyc\C2-1\官方原始下载\GCF_000021485_compounds_right_network_full_20260923_083853.xml
Compound	GCF_000021485	PRO	L-proline	2-pyrrolidinecarboxylic acid;P;proline;prol;L-pro		115.132	MEDIADB:compounds/14806/;MEDIADB:compounds/144/;METANETX:MNXM114;REFMET:Proline;BIGG:pro__L;METABOLIGHTS:MTBLC60039;HMDB:HMDB00162;CHEBI:60039;PUBCHEM:6971047;LIGAND-CPD:C00148;CAS:147-85-3	D:\嗜酸氧化亚铁硫杆菌\03_BioCyc\C2-1\官方原始下载\GCF_000021485_compounds_left_network_full_20260923_083853.xml
Compound	GCF_000021485	DTDP-D-GLUCOSE	dTDP-&alpha;-D-glucose	TDP-glucose;dTDP-glucose;dTDP-D-glucose		562.317	SEED:cpd00626;METANETX:MNXM1376;REFMET:dTDP-glucose;BIGG:dtdpglu;METABOLIGHTS:MTBLC57477;HMDB:HMDB01328;PUBCHEM:25202390;CHEBI:57477;CAS:2009-24-7;LIGAND-CPD:C00842	D:\嗜酸氧化亚铁硫杆菌\03_BioCyc\C2-1\官方原始下载\GCF_000021485_compounds_left_network_full_20260923_083853.xml
Compound	GCF_000021485	GERANYL-PP	geranyl diphosphate	geranyl-diphosphate;geranyl-pyrophosphate;GPP;geranyl-PP;geranyl pyrophosphate;&omega;,E-geranyl diphosphate		311.188	REACTOME-CPD:191409;METANETX:MNXM100;BIGG:grdp;METABOLIGHTS:MTBLC58057;HMDB:HMDB01285;CHEMSPIDER:14211068;CHEBI:58057;KNAPSACK:C00000846;PUBCHEM:19379894;LIGAND-CPD:C00341	D:\嗜酸氧化亚铁硫杆菌\03_BioCyc\C2-1\官方原始下载\GCF_000021485_compounds_left_network_full_20260923_083853.xml
Compound	GCF_000021485	DEOXY-D-RIBOSE-1-PHOSPHATE	2-deoxy-&alpha;-D-ribose 1-phosphate	deoxy-D-ribose 1-phosphate;2-deoxy-D-ribose-1-phosphate		212.096	REACTOME-CPD:112032;METANETX:MNXM789;LIGAND-CPD:C00672;BIGG:2dr1p;HMDB:HMDB01351;CHEMSPIDER:10461471;CHEBI:57259;PUBCHEM:23419734	D:\嗜酸氧化亚铁硫杆菌\03_BioCyc\C2-1\官方原始下载\GCF_000021485_compounds_right_network_full_20260923_083853.xml
Compound	GCF_000021485	OXIDIZED-GLUTATHIONE	glutathione disulfide	glutathione oxidized;glutathione ox;oxidized glutathione		610.61	SEED:cpd00111;METANETX:MNXM151;REFMET:Oxidized glutathione;BIGG:gthox;PUBCHEM:40467895;METABOLIGHTS:MTBLC58297;HMDB:HMDB03337;CHEBI:58297;LIGAND-CPD:C00127;CAS:27025-41-8	D:\嗜酸氧化亚铁硫杆菌\03_BioCyc\C2-1\官方原始下载\GCF_000021485_compounds_left_network_full_20260923_083853.xml
Compound	GCF_000021485	NIACINAMIDE	nicotinamide	6-aminonicotinamide;vitamin PP;niacinamide;nicotinic acid amide		122.126	MEDIADB:compounds/149/;SEED:cpd00133;METANETX:MNXM216;REFMET:Niacinamide;BIGG:ncam;METABOLIGHTS:MTBLC17154;HMDB:HMDB01406;DRUGBANK:DB02701;CHEMSPIDER:911;CHEBI:17154;PUBCHEM:936;KNAPSACK:C00000209;LIGAND-CPD:C00153;CAS:98-92-0	D:\嗜酸氧化亚铁硫杆菌\03_BioCyc\C2-1\官方原始下载\GCF_000021485_compounds_right_network_full_20260923_083853.xml
Compound	GCF_000021485	CPD-18085	1,2-dihydro-&beta;-NADP	2-dihydro-nicotinamide adenine dinucleotide phosphate;2DHNADP		741.394	PUBCHEM:146037092;METANETX:MNXM162728;CHEBI:88137	D:\嗜酸氧化亚铁硫杆菌\03_BioCyc\C2-1\官方原始下载\GCF_000021485_compounds_right_network_full_20260923_083853.xml
Compound	GCF_000021485	P3I	triphosphate	inorganic triphosphate;tripolyphosphate;PPP<SUB>i</SUB>;inorganic open chain tripolyphosphate;P3,i		252.915	METANETX:MNXM332;BIGG:pppi;METABOLIGHTS:MTBLC18036;HMDB:HMDB03379;CHEMSPIDER:2683694;CAS:14127-68-5;PUBCHEM:3440921;LIGAND-CPD:C00536;CHEBI:18036	D:\嗜酸氧化亚铁硫杆菌\03_BioCyc\C2-1\官方原始下载\GCF_000021485_compounds_right_network_full_20260923_083853.xml
Compound	GCF_000021485	2K-4CH3-PENTANOATE	4-methyl-2-oxopentanoate	2-keto-4-methyl-pentanoate;2-oxoisocaproate;2-oxo-4-methylpentanoate;&alpha;-ketoisocaproate;&alpha;-oxoisocaproate;2-ketoisocaproate;ketoleucine;4-methyl-2-oxopentanoic acid;2-ketoisocaproic acid		129.135	SEED:cpd00200;METANETX:MNXM404;REFMET:Ketoleucine;BIGG:4mop;METABOLIGHTS:MTBLC17865;HMDB:HMDB00695;CHEMSPIDER:2766269;PUBCHEM:3527278;CHEBI:17865;LIGAND-CPD:C00233;CAS:816-66-0	D:\嗜酸氧化亚铁硫杆菌\03_BioCyc\C2-1\官方原始下载\GCF_000021485_compounds_right_network_full_20260923_083853.xml
Compound	GCF_000021485	CPD-21212	<i>S</i>-(2-chlorocarboxymethyl)-glutathione			397.787	PUBCHEM:134820282	D:\嗜酸氧化亚铁硫杆菌\03_BioCyc\C2-1\官方原始下载\GCF_000021485_compounds_left_network_full_20260923_083853.xml
Compound	GCF_000021485	Carboxylates	a carboxylate	carboxylic acid;carboxylate			LIGAND-CPD:C00060;CHEBI:29067	D:\嗜酸氧化亚铁硫杆菌\03_BioCyc\C2-1\官方原始下载\GCF_000021485_compounds_right_network_full_20260923_083853.xml
Compound	GCF_000021485	Glutamine-synthetase-Tyr	a [glutamine-synthetase]-L-tyrosine				SEED:cpd11838;METANETX:MNXM96102;LIGAND-CPD:C01281	D:\嗜酸氧化亚铁硫杆菌\03_BioCyc\C2-1\官方原始下载\GCF_000021485_compounds_left_network_full_20260923_083853.xml
Compound	GCF_000021485	LysW-L-glutamate-5-phosphate	an [amino-group carrier protein]-C-terminal-&gamma;-(5-phospho-L-glutamyl)-L-glutamate				METANETX:MNXM148056	D:\嗜酸氧化亚铁硫杆菌\03_BioCyc\C2-1\官方原始下载\GCF_000021485_compounds_right_network_full_20260923_083853.xml
Compound	GCF_000021485	D-Ribofuranose	D-ribofuranose			150.131	CHEBI:47013	D:\嗜酸氧化亚铁硫杆菌\03_BioCyc\C2-1\官方原始下载\GCF_000021485_compounds_right_network_full_20260923_083853.xml
Compound	GCF_000021485	Long-Chain-Fatty-Acids	a long-chain fatty acid	LCFA			SEED:cpd00487;METANETX:MNXM96037;CHEBI:15904;LIGAND-CPD:C00638	D:\嗜酸氧化亚铁硫杆菌\03_BioCyc\C2-1\官方原始下载\GCF_000021485_compounds_left_network_full_20260923_083853.xml
Compound	GCF_000021485	tRNA-uridine-38-40	a uridine<sup>38-40</sup> in tRNA	a tRNA uridine<sup>38-40</sup>			SEED:cpd28586;METANETX:MNXM96237	D:\嗜酸氧化亚铁硫杆菌\03_BioCyc\C2-1\官方原始下载\GCF_000021485_compounds_left_network_full_20260923_083853.xml
Compound	GCF_000021485	CPD-13576	2-(2-carboxy-4-methylthiazol-5-yl)ethyl phosphate	cThz-P		264.169	SEED:cpd21480;METANETX:MNXM4961;LIGAND-CPD:C20247;PUBCHEM:53477624;CHEBI:62890	D:\嗜酸氧化亚铁硫杆菌\03_BioCyc\C2-1\官方原始下载\GCF_000021485_compounds_left_network_full_20260923_083853.xml
Compound	GCF_000021485	L-methionyl-L-valyl-Protein	an N-terminal-L-methionyl-L-valyl-[protein]				METANETX:MNXM164558	D:\嗜酸氧化亚铁硫杆菌\03_BioCyc\C2-1\官方原始下载\GCF_000021485_compounds_left_network_full_20260923_083853.xml
Compound	GCF_000021485	DUMP	dUMP	deoxyurdine-phosphate;2'-deoxyuridine 5-monophosphate;deoxyuridine-phosphate;2'-deoxyuridine 5'-phosphate;2'-deoxyuridylic acid;2'-deoxy-5'-uridylic acid		306.168	SEED:cpd00299;METANETX:MNXM234;REFMET:dUMP;BIGG:dump;METABOLIGHTS:MTBLC246422;HMDB:HMDB01409;CHEMSPIDER:18555972;CHEBI:246422;PUBCHEM:18601100;LIGAND-CPD:C00365;CAS:964-26-1	D:\嗜酸氧化亚铁硫杆菌\03_BioCyc\C2-1\官方原始下载\GCF_000021485_compounds_left_network_full_20260923_083853.xml
Compound	GCF_000021485	STEARIC_ACID	stearate	octadecanoate;stearic acid;octadecanoic acid;n-C18:0		283.473	REACTOME-CPD:428198;SEED:cpd01080;METANETX:MNXM236;REFMET:Stearic acid;BIGG:ocdca;METABOLIGHTS:MTBLC25629;HMDB:HMDB00827;CHEMSPIDER:2298422;PUBCHEM:3033836;CHEBI:25629;LIGAND-CPD:C01530;CAS:57-11-4	D:\嗜酸氧化亚铁硫杆菌\03_BioCyc\C2-1\官方原始下载\GCF_000021485_compounds_left_network_full_20260923_083853.xml
Compound	GCF_000021485	78-Dihydropteridines	a 7,8-dihydropteridine					D:\嗜酸氧化亚铁硫杆菌\03_BioCyc\C2-1\官方原始下载\GCF_000021485_compounds_right_network_full_20260923_083853.xml
Compound	GCF_000021485	CPD0-2480	&alpha;-D-ribose-1-methylphosphonate 5-phosphate			305.094	SEED:cpd26519;METANETX:MNXM13283;LIGAND-CPD:C20423;PUBCHEM:70678984;CHEBI:68686	D:\嗜酸氧化亚铁硫杆菌\03_BioCyc\C2-1\官方原始下载\GCF_000021485_compounds_left_network_full_20260923_083853.xml
Compound	GCF_000021485	CA+2	Ca<SUP>2+</SUP>	calcium(II);Ca<SUP>++</SUP>;calcium ion;Ca<sup>II</sup>		40.08	MEDIADB:compounds/74/;METANETX:MNXM128;BIGG:ca2;METABOLIGHTS:MTBLC29108;HMDB:HMDB00464;CHEMSPIDER:266;PUBCHEM:271;LIGAND-CPD:C00076;CHEBI:29108	D:\嗜酸氧化亚铁硫杆菌\03_BioCyc\C2-1\官方原始下载\GCF_000021485_compounds_left_network_full_20260923_083853.xml
Compound	GCF_000021485	a-pyruvate-dehydrogenase-E2-protein-Nsup	a [pyruvate dehydrogenase E2 protein] N<sup>6</sup>-octanoyl-L-lysine				METANETX:MNXM147959	D:\嗜酸氧化亚铁硫杆菌\03_BioCyc\C2-1\官方原始下载\GCF_000021485_compounds_left_network_full_20260923_083853.xml
Compound	GCF_000021485	CPD-20625	chlorobactene	&phi;,&psi;-carotene		532.851	PUBCHEM:10098570;LIGAND-CPD:C15908;CHEBI:80167	D:\嗜酸氧化亚铁硫杆菌\03_BioCyc\C2-1\官方原始下载\GCF_000021485_compounds_right_network_full_20260923_083853.xml
Compound	GCF_000021485	GDP	GDP	ppG;guanosine-5'-diphosphate;guanosine-diphosphate		440.179	MEDIADB:compounds/35/;SEED:cpd00031;METANETX:MNXM30;PUBCHEM:135398618;REFMET:GDP;BIGG:gdp;METABOLIGHTS:MTBLC58189;HMDB:HMDB01201;CHEMSPIDER:10239187;CHEBI:58189;LIGAND-CPD:C00035;CAS:146-91-8	D:\嗜酸氧化亚铁硫杆菌\03_BioCyc\C2-1\官方原始下载\GCF_000021485_compounds_left_network_full_20260923_083853.xml
Compound	GCF_000021485	ArsC-S-As-OH	<i>S</i>-arsorososulfanethiol-[arsenate reductase]					D:\嗜酸氧化亚铁硫杆菌\03_BioCyc\C2-1\官方原始下载\GCF_000021485_compounds_left_network_full_20260923_083853.xml
Compound	GCF_000021485	CPD-13489	<i>N</i><sup>1</sup>-(3-aminopropyl)agmatine			190.311	SEED:cpd23904;METANETX:MNXM12321;LIGAND-CPD:C20560;CHEBI:64335;PUBCHEM:54758668	D:\嗜酸氧化亚铁硫杆菌\03_BioCyc\C2-1\官方原始下载\GCF_000021485_compounds_left_network_full_20260923_083853.xml
Compound	GCF_000021485	PROTOHEME	protoheme	protoheme IX;ferroprotoporphyrin IX;ferroheme <i>b</i>		614.482	METANETX:MNXM249;LIGAND-CPD:C00032;REFMET:Heme;BIGG:pheme;CHEBI:17627	D:\嗜酸氧化亚铁硫杆菌\03_BioCyc\C2-1\官方原始下载\GCF_000021485_compounds_left_network_full_20260923_083853.xml
Compound	GCF_000021485	Plastoquinols	a plastoquinol	PQ		751.23	LIGAND-CPD:C16695	D:\嗜酸氧化亚铁硫杆菌\03_BioCyc\C2-1\官方原始下载\GCF_000021485_compounds_right_network_full_20260923_083853.xml
Compound	GCF_000021485	CMP-KDO	CMP-3-deoxy-&beta;-D-<i>manno</i>-octulosonate	CMP-2-dehydro-3-deoxy-D-octonate;CMP-&beta;-Kdo;CMP-ketodeoxyoctonate		541.361	SEED:cpd02546;METANETX:MNXM535;CHEBI:59825;PUBCHEM:46878557;BIGG:ckdo;LIGAND-CPD:C04121	D:\嗜酸氧化亚铁硫杆菌\03_BioCyc\C2-1\官方原始下载\GCF_000021485_compounds_left_network_full_20260923_083853.xml
Compound	GCF_000021485	L-methionyl-L-threonyl-Protein	an N-terminal-L-methionyl-L-threonyl-[protein]				METANETX:MNXM164557	D:\嗜酸氧化亚铁硫杆菌\03_BioCyc\C2-1\官方原始下载\GCF_000021485_compounds_left_network_full_20260923_083853.xml
Compound	GCF_000021485	L-ALPHA-AMINO-EPSILON-KETO-PIMELATE	L-&alpha;-amino-&epsilon;-keto-pimelate	L-2-Amino-6-oxopimelate;L-2-Amino-6-oxoheptanedioate		188.16	SEED:cpd02414;METANETX:MNXM1873;CHEBI:58556;PUBCHEM:25202391;LIGAND-CPD:C03871	D:\嗜酸氧化亚铁硫杆菌\03_BioCyc\C2-1\官方原始下载\GCF_000021485_compounds_right_network_full_20260923_083853.xml
Compound	GCF_000021485	IS30-with-Integrated-Transposon	an insertion sequence IS30 with integrated transposon				SEED:cpd27298;METANETX:MNXM18739	D:\嗜酸氧化亚铁硫杆菌\03_BioCyc\C2-1\官方原始下载\GCF_000021485_compounds_right_network_full_20260923_083853.xml
Compound	GCF_000021485	NADH	NADH	NADH<sub>2</sub>;NADH2;dihydrodiphosphopyridine nucleotide;diphosphopyridine nucleotide reduced;dihydronicotinamide adenine dinucleotide;nicotinamide adenine dinucleotide reduced;NAD-reduced;NADH+H+;DPNH;&beta;-NADH		663.43	SEED:cpd00004;METANETX:MNXM10;REFMET:NADH;BIGG:nadh;METABOLIGHTS:MTBLC57945;HMDB:HMDB01487;CHEMSPIDER:10239197;CHEBI:57945;PUBCHEM:21604869;CAS:58-68-4;LIGAND-CPD:C00004	D:\嗜酸氧化亚铁硫杆菌\03_BioCyc\C2-1\官方原始下载\GCF_000021485_compounds_left_network_full_20260923_083853.xml
Compound	GCF_000021485	TREHALOSE	&alpha;,&alpha;-trehalose	&alpha;-D-glucopyranosyl &alpha;-D-glucopyranoside;&alpha;-D-Glcp-(1&harr;1)-&alpha;-D-Glcp;D-(+)-trehalose		342.299	MEDIADB:compounds/995/;REFMET:Trehalose;BIGG:tre;METABOLIGHTS:MTBLC16551;HMDB:HMDB00975;KEGG-GLYCAN:G00293;CHEMSPIDER:7149;PUBCHEM:7427;CHEBI:16551;LIGAND-CPD:C01083;CAS:99-20-7	D:\嗜酸氧化亚铁硫杆菌\03_BioCyc\C2-1\官方原始下载\GCF_000021485_compounds_right_network_full_20260923_083853.xml
Compound	GCF_000021485	Arsenate-Reductase-Cysteines	an [arsenate reductase]-L-cysteine					D:\嗜酸氧化亚铁硫杆菌\03_BioCyc\C2-1\官方原始下载\GCF_000021485_compounds_left_network_full_20260923_083853.xml
Compound	GCF_000021485	HSO3	hydrogensulfite	bisulfite;HSO<SUB>3</SUB><SUP>-</SUP>;HSO<SUB>3</SUB>		81.066	METABOLIGHTS:MTBLC17137;HMDB:HMDB01033;CHEMSPIDER:10605811;CHEBI:17137;PUBCHEM:104748;LIGAND-CPD:C11481	D:\嗜酸氧化亚铁硫杆菌\03_BioCyc\C2-1\官方原始下载\GCF_000021485_compounds_right_network_full_20260923_083853.xml
Compound	GCF_000021485	2-D-THREO-HYDROXY-3-CARBOXY-ISOCAPROATE	(2<i>R</i>,3<i>S</i>)-3-isopropylmalate	2-D-threo-hydroxy-3-carboxy-isocaproate;3-carboxy-2-hydroxy-4-methylpentanoate;&beta;-isopropylmalate;3-isopropylmalate		174.153	SEED:cpd02693;METANETX:MNXM891;BIGG:3c2hmp;HMDB:HMDB12156;CHEMSPIDER:5256741;PUBCHEM:6857402;CHEBI:35121;LIGAND-CPD:C04411	D:\嗜酸氧化亚铁硫杆菌\03_BioCyc\C2-1\官方原始下载\GCF_000021485_compounds_left_network_full_20260923_083853.xml
Compound	GCF_000021485	CPD2DNV-3	lipid IV<sub>A</sub> (<i>H. pylori</i>)			1570.012		D:\嗜酸氧化亚铁硫杆菌\03_BioCyc\C2-1\官方原始下载\GCF_000021485_compounds_left_network_full_20260923_083853.xml
Compound	GCF_000021485	CPD-18809	a mature peptidoglycan with (L-alanyl-&gamma;-D-glutamyl-<i>meso</i>-2,6-diaminopimeloyl-glycine) tetrapeptide				METANETX:MNXM166795	D:\嗜酸氧化亚铁硫杆菌\03_BioCyc\C2-1\官方原始下载\GCF_000021485_compounds_right_network_full_20260923_083853.xml
Compound	GCF_000021485	23S-rRNA-adenine-2030	adenine<sup>2030</sup> in 23S rRNA				METANETX:MNXM97882	D:\嗜酸氧化亚铁硫杆菌\03_BioCyc\C2-1\官方原始下载\GCF_000021485_compounds_left_network_full_20260923_083853.xml
Compound	GCF_000021485	Ubiquinones	a ubiquinone	coenzyme-Q<SUB>n</SUB>;ubiquinone;Q			SEED:cpd28301;METANETX:MNXM176;LIGAND-CPD:C00399;CHEBI:16389	D:\嗜酸氧化亚铁硫杆菌\03_BioCyc\C2-1\官方原始下载\GCF_000021485_compounds_left_network_full_20260923_083853.xml
Compound	GCF_000021485	UDP-N-ACETYL-D-GLUCOSAMINE	UDP-<i>N</i>-acetyl-&alpha;-D-glucosamine	UDP-2-acetamido-2-deoxy-D-glucose;UDP-acetyl-D-glucosamine;UDP-GlcNAc;UDP-<i>N</i>-acetyl-glucosamine;uridine diphosphate <i>N</i>-acetylglucosamine;N-[2-[[[5-[(2,4-dioxo-1H-pyrimidin-1-yl)]-3,4-dihydroxy-tetrahydrofuran-2-yl]methoxy-hydroxy-phosphinoyl]oxy-hydroxy-phosphinoyl]oxy-4,5-dihydroxy-6-(hydroxymethyl)tetrahydropyran-3-yl]acetamide;UDP-2-acetamido-2-deoxy-&alpha;-D-glucose;UDP-<i>N</i>-acetyl-D-glucosamine;UDP-&alpha;-<i>N</i>-acetyl-D-glucosamine		605.342	SEED:cpd00037;METANETX:MNXM47;REFMET:UDP-N-acetylglucosamine;BIGG:uacgam;METABOLIGHTS:MTBLC57705;HMDB:HMDB00290;CHEMSPIDER:17600409;CHEBI:57705;PUBCHEM:16667373;LIGAND-CPD:C00043;CAS:528-04-1	D:\嗜酸氧化亚铁硫杆菌\03_BioCyc\C2-1\官方原始下载\GCF_000021485_compounds_left_network_full_20260923_083853.xml
Compound	GCF_000021485	Serines	D-or-L-serine	(L) or (D)-serine		105.093	MEDIADB:compounds/663/	D:\嗜酸氧化亚铁硫杆菌\03_BioCyc\C2-1\官方原始下载\GCF_000021485_compounds_right_network_full_20260923_083853.xml
Compound	GCF_000021485	CPD0-1171	a peptidoglycan crosslinked to murein lipoprotein				SEED:cpd26004;METANETX:MNXM73299	D:\嗜酸氧化亚铁硫杆菌\03_BioCyc\C2-1\官方原始下载\GCF_000021485_compounds_right_network_full_20260923_083853.xml
Compound	GCF_000021485	Protein-N-terminal-L-Arginine	an N-terminal arginyl-[protein]				METANETX:MNXM147955	D:\嗜酸氧化亚铁硫杆菌\03_BioCyc\C2-1\官方原始下载\GCF_000021485_compounds_left_network_full_20260923_083853.xml
Compound	GCF_000021485	CHITOBIOSE	<i>N</i>,<i>N'</i>-diacetylchitobiose	diacetylchitobiose;<i>N</i>-[2-[5-acetylamino-4,6-dihydroxy-2-(hydroxymethyl)tetrahydropyran-3-yl]oxy-4,5-dihyrdoxy-6-(hydroxymethyl)tetrahydropyran-3-yl]acetamide;CBS;chitobiose;2-(acetylamino)-4-O-[2-(acetylamino)-2-deoxy-&beta;-D-glucopyranosyl]-2-deoxy-&beta;-D-glucopyranose		424.404	SEED:cpd01157;METANETX:MNXM1680;HMDB:HMDB03556;KEGG-GLYCAN:G10336;CHEMSPIDER:388637;LIGAND-CPD:C01674;CHEBI:28681;PUBCHEM:439544;CAS:577-76-4	D:\嗜酸氧化亚铁硫杆菌\03_BioCyc\C2-1\官方原始下载\GCF_000021485_compounds_left_network_full_20260923_083853.xml
Compound	GCF_000021485	tRNA-Containing-N1-Methylguanine-37	an <i>N</i><sup>1</sup>-methylguanine<sup>37</sup> in tRNA				SEED:cpd28553;METANETX:MNXM22226	D:\嗜酸氧化亚铁硫杆菌\03_BioCyc\C2-1\官方原始下载\GCF_000021485_compounds_right_network_full_20260923_083853.xml
Compound	GCF_000021485	tRNA-pseudouridine55	a pseudouridine<sup>55</sup> in tRNA				SEED:cpd28583;METANETX:MNXM13186	D:\嗜酸氧化亚铁硫杆菌\03_BioCyc\C2-1\官方原始下载\GCF_000021485_compounds_right_network_full_20260923_083853.xml
Compound	GCF_000021485	PPI	diphosphate	PPi;PP;pyrophosphate		174.951	BIGG:ppi;CHEBI:29888;METABOLIGHTS:MTBLC33019;HMDB:HMDB00250;DRUGBANK:DB04160;CHEMSPIDER:996;PUBCHEM:1023;LIGAND-CPD:C00013;CAS:2466-09-3	D:\嗜酸氧化亚铁硫杆菌\03_BioCyc\C2-1\官方原始下载\GCF_000021485_compounds_left_network_full_20260923_083853.xml
Compound	GCF_000021485	CPD0-1085	L-alanyl-&gamma;-D-glutamyl-<I>meso</i>-2,6-diaminopimeloyl-D-alanyl-D-alanine	pentapeptide;L-Ala-&gamma;-D-Glu-meso-A2pm-D-Ala-D-Ala;L-alanyl-&gamma;-D-glutamyl-meso-2,6-diaminoheptanedioyl-D-alanyl-D-alanine		531.542	SEED:cpd22496;CHEBI:48545;METANETX:MNXM73210;PUBCHEM:25201603	D:\嗜酸氧化亚铁硫杆菌\03_BioCyc\C2-1\官方原始下载\GCF_000021485_compounds_right_network_full_20260923_083853.xml
Compound	GCF_000021485	tRNAs-Asp-with-queuosine	queuosine<sup>34</sup> in tRNA<sup>Asp</sup>	a tRNA<sup>Asp</sup>-queuosine			SEED:cpd12220;METANETX:MNXM9194;LIGAND-CPD:C02905	D:\嗜酸氧化亚铁硫杆菌\03_BioCyc\C2-1\官方原始下载\GCF_000021485_compounds_left_network_full_20260923_083853.xml
Compound	GCF_000021485	HOMO-CIS-ACONITATE	<i>cis</i>-homoaconitate	3-carboxyhex-2-enedioate;(Z)-but-1-ene-1,2,4-tricarboxylate;homo-cis-aconitate;(Z)-1,2,4-but-1-enetricarboxylic acid		185.113	HMDB:HMDB60320;METANETX:MNXM920;CHEMSPIDER:20117984;CHEBI:58174;PUBCHEM:21158450;LIGAND-CPD:C04002	D:\嗜酸氧化亚铁硫杆菌\03_BioCyc\C2-1\官方原始下载\GCF_000021485_compounds_right_network_full_20260923_083853.xml
Compound	GCF_000021485	HG+2	Hg<SUP>2+</SUP>	Hg<SUP>++</SUP>;mercury ion;mercury(II);Hg<sup>II</sup>		200.59	SEED:cpd00531;METANETX:MNXM1562;BIGG:hg2;HMDB:HMDB03625;CHEMSPIDER:24800;PUBCHEM:26623;CHEBI:16793;LIGAND-CPD:C00703	D:\嗜酸氧化亚铁硫杆菌\03_BioCyc\C2-1\官方原始下载\GCF_000021485_compounds_right_network_full_20260923_083853.xml
Compound	GCF_000021485	OROTIDINE-5-PHOSPHATE	orotidine 5'-phosphate			365.17	REACTOME-CPD:111629;SEED:cpd00810;METANETX:MNXM519;REFMET:Orotidylic acid;BIGG:orot5p;PUBCHEM:46878393;METABOLIGHTS:MTBLC57538;HMDB:HMDB00218;CHEBI:57538;LIGAND-CPD:C01103;CAS:2149-82-8	D:\嗜酸氧化亚铁硫杆菌\03_BioCyc\C2-1\官方原始下载\GCF_000021485_compounds_left_network_full_20260923_083853.xml
Compound	GCF_000021485	S-2-Hydroxyacids1	an (<i>S</i>)-2-hydroxycarboxylate	an (<i>S</i>)-2-hydroxyacid			LIGAND-CPD:C02613	D:\嗜酸氧化亚铁硫杆菌\03_BioCyc\C2-1\官方原始下载\GCF_000021485_compounds_right_network_full_20260923_083853.xml
Compound	GCF_000021485	16S-rRNA-guanine-527	a guanine<sup>527</sup> in 16S rRNA				SEED:cpd21832;METANETX:MNXM14035	D:\嗜酸氧化亚铁硫杆菌\03_BioCyc\C2-1\官方原始下载\GCF_000021485_compounds_left_network_full_20260923_083853.xml
Compound	GCF_000021485	MAL	(<i>S</i>)-malate	(<i>S</i>)-malic acid;L-apple acid;L-malic acid;L-hydroxysuccinic acid;L-hydroxybutanedioic acid;L-malate		132.073	MEDIADB:compounds/145/;SEED:cpd00130;METANETX:MNXM98;REFMET:Malic acid;BIGG:mal__L;METABOLIGHTS:MTBLC15589;HMDB:HMDB00156;CHEMSPIDER:4573566;CAS:6915-15-7;PUBCHEM:5459792;CHEBI:15589;CAS:97-67-6;LIGAND-CPD:C00149	D:\嗜酸氧化亚铁硫杆菌\03_BioCyc\C2-1\官方原始下载\GCF_000021485_compounds_left_network_full_20260923_083853.xml
Compound	GCF_000021485	N5-Formyl-THF-Glu-N	a (6<i>S</i>)-5-formyltetrahydrofolate	a folinic acid;an (6<i>S</i>)-<i>N</i><sup>5</sup>-formyltetrahydrofolate			METANETX:MNXM147435	D:\嗜酸氧化亚铁硫杆菌\03_BioCyc\C2-1\官方原始下载\GCF_000021485_compounds_left_network_full_20260923_083853.xml
Compound	GCF_000021485	CPD-763	arsenite	arsenite<sup>1-</sup>;iAs<sup>III</sup>		124.936	BIGG:aso3;HMDB:HMDB11620;CHEMSPIDER:5256769;PUBCHEM:6857431;CHEBI:29242	D:\嗜酸氧化亚铁硫杆菌\03_BioCyc\C2-1\官方原始下载\GCF_000021485_compounds_left_network_full_20260923_083853.xml
Compound	GCF_000021485	Protein-pi-phospho-L-histidines	a [protein]-<i>N<sup>&pi;</sup></i>-phospho-L-histidine	a [protein]-<i>N</i>-phosphohistidine			METANETX:MNXM31974	D:\嗜酸氧化亚铁硫杆菌\03_BioCyc\C2-1\官方原始下载\GCF_000021485_compounds_left_network_full_20260923_083853.xml
Compound	GCF_000021485	CPD0-2579	a mature peptidoglycan with D,D cross-links (<i>meso</i>-diaminopimelate containing)				METANETX:MNXM148805;PUBCHEM:91820405	D:\嗜酸氧化亚铁硫杆菌\03_BioCyc\C2-1\官方原始下载\GCF_000021485_compounds_right_network_full_20260923_083853.xml
Compound	GCF_000021485	SELENITE	selenite			126.958	REACTOME-CPD:5357720;SEED:cpd03387;METANETX:MNXM1157;CHEBI:18212;PUBCHEM:1090;LIGAND-CPD:C05684;HMDB:HMDB11119;CHEMSPIDER:1060	D:\嗜酸氧化亚铁硫杆菌\03_BioCyc\C2-1\官方原始下载\GCF_000021485_compounds_left_network_full_20260923_083853.xml
Compound	GCF_000021485	ACYL-SN-GLYCEROL-3P	a 2-lysophosphatidate	a 1-acyl-<i>sn</i>-glycerol 3-phosphate;an acyl-<i>sn</i>-glycerol-3P;an acyl-<i>sn</i>-glycerol-3 phosphate			METANETX:MNXM145527;CHEBI:16975;LIGAND-CPD:C00681	D:\嗜酸氧化亚铁硫杆菌\03_BioCyc\C2-1\官方原始下载\GCF_000021485_compounds_left_network_full_20260923_083853.xml
Compound	GCF_000021485	Polyisoprenyl-Diphosphates	a polyisoprenyl diphosphate	a polyisoprenyl diphosphate			SEED:cpd27895;METANETX:MNXM21053	D:\嗜酸氧化亚铁硫杆菌\03_BioCyc\C2-1\官方原始下载\GCF_000021485_compounds_left_network_full_20260923_083853.xml
Compound	GCF_000021485	S-ADENOSYL-4-METHYLTHIO-2-OXOBUTANOATE	S-adenosyl-4-methylsulfanyl-2-oxobutanoate	S-adenosyl-4-methylthio-2-oxobutanoate		397.405	SEED:cpd02701;METANETX:MNXM3090;REFMET:S-adenosyl-4-methylthio-2-oxobutanoate;BIGG:amob;CHEMSPIDER:4573603;CHEBI:16490;PUBCHEM:5459852;LIGAND-CPD:C04425	D:\嗜酸氧化亚铁硫杆菌\03_BioCyc\C2-1\官方原始下载\GCF_000021485_compounds_right_network_full_20260923_083853.xml
Compound	GCF_000021485	Kdo-2-4-Kdo-2-6-Lipid-IVA	an &alpha;-Kdo-(2->4)-&alpha;-Kdo-(2->6)-[lipid IV<sub>A</sub>]	a (Kdo)<sub>2</sub>-[lipid IV<sub>A</sub>];3-deoxy-&alpha;-D-manno-oct-2-ulopyranosyl-(2->4)-3-deoxy-&alpha;-D-manno-oct-2-ulopyranosyl-(2->6)-2-deoxy-2-{[(3R)-3-hydroxyacyl]amino}-3-O-[(3R)-3-hydroxyacyl]-4-O-phospho-&beta;-D-glucopyranosyl-(1->6)-2-deoxy-3-O-[(3R)-3-hydroxyacyl]-2-{[(3R)-3-hydroxyacyl]amino}-1-O-phosphono-&alpha;-D-glucopyranose				D:\嗜酸氧化亚铁硫杆菌\03_BioCyc\C2-1\官方原始下载\GCF_000021485_compounds_right_network_full_20260923_083853.xml
Compound	GCF_000021485	NITRIC-OXIDE	nitric oxide	NO;nitrogen monoxide;nitrogen protoxide		30.006	METANETX:MNXM228;BIGG:no;PUBCHEM:145068;METABOLIGHTS:MTBLC16480;HMDB:HMDB03378;DRUGBANK:DB00435;CHEBI:16480;CHEMSPIDER:2272768;LIGAND-CPD:C00533;CAS:10102-43-9	D:\嗜酸氧化亚铁硫杆菌\03_BioCyc\C2-1\官方原始下载\GCF_000021485_compounds_left_network_full_20260923_083853.xml
Compound	GCF_000021485	ISOVALERATE	3-methylbutanoate	isovalerate;3-methylbutyrate		101.125	MEDIADB:compounds/6782/;SEED:cpd05178;METANETX:MNXM7454;REFMET:Isovaleric acid;METABOLIGHTS:MTBLC48942;HMDB:HMDB00718;CHEMSPIDER:2823741;PUBCHEM:3587356;CHEBI:48942;LIGAND-CPD:C08262	D:\嗜酸氧化亚铁硫杆菌\03_BioCyc\C2-1\官方原始下载\GCF_000021485_compounds_left_network_full_20260923_083853.xml
Compound	GCF_000021485	UDP-AA-GLUTAMATE	UDP-<i>N</i>-acetyl-&alpha;-D-muramoyl-L-alanyl-D-glutamate			875.583	SEED:cpd00525;METANETX:MNXM955;BIGG:uamag;CHEBI:83900;PUBCHEM:25243858;LIGAND-CPD:C00692	D:\嗜酸氧化亚铁硫杆菌\03_BioCyc\C2-1\官方原始下载\GCF_000021485_compounds_left_network_full_20260923_083853.xml
Compound	GCF_000021485	CPD-1086	5-amino-6-(5-phospho-D-ribitylamino)uracil	5-amino-6-(5'-phosphoribitylamino)uracil;5-amino-6-(5-phosphoribitylamino)uracil;5-amino-6-ribitylamino-2,4(1H,3H)-pyrimidinedione 5'-phosphate		354.213	SEED:cpd02720;METANETX:MNXM1178;BIGG:5aprbu;PUBCHEM:45266638;HMDB:HMDB03841;CHEBI:58421;LIGAND-CPD:C04454	D:\嗜酸氧化亚铁硫杆菌\03_BioCyc\C2-1\官方原始下载\GCF_000021485_compounds_left_network_full_20260923_083853.xml
Compound	GCF_000021485	A-PEPTIDOGLYCAN-WITH-N-ACETYL-BETA-D-GLUC-REDUCING	a peptidoglycan with <i>N</i>-acetyl-&beta;-D-glucosamine at the reducing end (<i>L. plantarum</i>)					D:\嗜酸氧化亚铁硫杆菌\03_BioCyc\C2-1\官方原始下载\GCF_000021485_compounds_right_network_full_20260923_083853.xml
Compound	GCF_000021485	CPDQT-28	7-(methylsulfanyl)-2-oxoheptanoate	7-(methylthio)-2-oxoheptanoic acid;7-(methylthio)-2-oxoheptanoate		189.249	SEED:cpd17410;CHEBI:80968;METANETX:MNXM3820;LIGAND-CPD:C17220;PUBCHEM:44237184;KNAPSACK:C00007645	D:\嗜酸氧化亚铁硫杆菌\03_BioCyc\C2-1\官方原始下载\GCF_000021485_compounds_right_network_full_20260923_083853.xml
Compound	GCF_000021485	RIBOSE-15-BISPHOSPHATE	&alpha;-D-ribose 1,5-bisphosphate	ribose-1,5-bisphosphate		306.059	SEED:cpd00847;METANETX:MNXM881;REFMET:Ribose 1,5-bisphosphate;BIGG:r15bp;CHEBI:68688;PUBCHEM:70678980;HMDB:HMDB11688;LIGAND-CPD:C01151	D:\嗜酸氧化亚铁硫杆菌\03_BioCyc\C2-1\官方原始下载\GCF_000021485_compounds_left_network_full_20260923_083853.xml
Compound	GCF_000021485	L-SELENOCYSTEINE	L-selenocysteine	selenocys;U		168.054	METANETX:MNXM727;REFMET:Selenocysteine;METABOLIGHTS:MTBLC57843;HMDB:HMDB03288;LIGAND-CPD:C05688;CHEBI:57843;PUBCHEM:25245418	D:\嗜酸氧化亚铁硫杆菌\03_BioCyc\C2-1\官方原始下载\GCF_000021485_compounds_right_network_full_20260923_083853.xml
Compound	GCF_000021485	D-ALPHABETA-D-HEPTOSE-7-PHOSPHATE	D-<i>glycero</i>-D-<i>manno</i>-heptose 7-phosphate	D-glycero-D-heptose 7-P;D-<i>glycero</i>-&alpha;,&beta;-D-<i>manno</i>-heptose 7-P;D-&alpha;,&beta;-D-heptose 7-phosphate		288.147	PUBCHEM:46878526;CHEBI:59955;BIGG:gmhep7p;LIGAND-CPD:C07836	D:\嗜酸氧化亚铁硫杆菌\03_BioCyc\C2-1\官方原始下载\GCF_000021485_compounds_left_network_full_20260923_083853.xml
Compound	GCF_000021485	CPD-9038	precorrin-1			842.768	SEED:cpd11206;METANETX:MNXM2152;CHEBI:58893;PUBCHEM:25245954;LIGAND-CPD:C15527	D:\嗜酸氧化亚铁硫杆菌\03_BioCyc\C2-1\官方原始下载\GCF_000021485_compounds_left_network_full_20260923_083853.xml
Compound	GCF_000021485	ALPHA-AMINOPHENYL-GLYOXYLATE	isatinate	&alpha;-aminophenyl glyoxylate		164.14	SEED:cpd22254;METANETX:MNXM11906;LIGAND-CPD:C21155;CHEBI:82904;CHEMSPIDER:3011088;PUBCHEM:3782987	D:\嗜酸氧化亚铁硫杆菌\03_BioCyc\C2-1\官方原始下载\GCF_000021485_compounds_left_network_full_20260923_083853.xml
Compound	GCF_000021485	CPD-13713	adenosine 5'-phosphoselenate	adenylyl-selenate;APSe;adenosine phosphoselenate;adenylylselenate;adenosine-5'-phosphoselenate		472.166	CHEBI:140726;PUBCHEM:134160335;REACTOME-CPD:5357645;SEED:cpd03388;METANETX:MNXM3209;REFMET:Adenylylselenate;HMDB:HMDB04112;LIGAND-CPD:C05686	D:\嗜酸氧化亚铁硫杆菌\03_BioCyc\C2-1\官方原始下载\GCF_000021485_compounds_right_network_full_20260923_083853.xml
Compound	GCF_000021485	DI-H-OROTATE	(<i>S</i>)-dihydroorotate	dihydro-L-orotate;(<i>S</i>)-4,5-dihydroorotate;(<i>S</i>)-4,5-dihydroorotic acid;(<i>S</i>)-hydroorotic acid;(<i>S</i>)-di-H-orotate;L-dihydroorotate;4,5-dihydro-L-orotate;L-4,5-dihydroorotate;(<i>S</i>)-4-pyrimidinecarboxylic acid		157.105	REACTOME-CPD:76630;SEED:cpd00282;METANETX:MNXM252;REFMET:Dihydroorotic acid;BIGG:dhor__S;METABOLIGHTS:MTBLC30864;HMDB:HMDB00528;CHEMSPIDER:4573876;PUBCHEM:5460289;CHEBI:30864;CAS:5988-19-2;LIGAND-CPD:C00337;CAS:155-54-4	D:\嗜酸氧化亚铁硫杆菌\03_BioCyc\C2-1\官方原始下载\GCF_000021485_compounds_left_network_full_20260923_083853.xml
Compound	GCF_000021485	PEPTIDOGLYCANS-L-PLANTARUM	a peptidoglycan (<i>L. plantarum</i>)					D:\嗜酸氧化亚铁硫杆菌\03_BioCyc\C2-1\官方原始下载\GCF_000021485_compounds_left_network_full_20260923_083853.xml
Compound	GCF_000021485	L-Cysteine-Desulfurase-persulfide	an [L-cysteine desulfurase]-<i>S</i>-sulfanyl-L-cysteine	an [L-cysteine desulfurase] L-cysteine persulfide			METANETX:MNXM146527	D:\嗜酸氧化亚铁硫杆菌\03_BioCyc\C2-1\官方原始下载\GCF_000021485_compounds_left_network_full_20260923_083853.xml
Compound	GCF_000021485	AMINO-HYDROXYMETHYL-METHYL-PYR-P	4-amino-2-methyl-5-(phosphooxymethyl)pyrimidine	4-amino-5-phosphomethyl-2-methylpyrimidine;4-amino-5-hydroxymethyl-2-methylpyrimidine-phosphate		217.121	METANETX:MNXM790;BIGG:4ampm;CHEBI:58354;PUBCHEM:25244846;LIGAND-CPD:C04556	D:\嗜酸氧化亚铁硫杆菌\03_BioCyc\C2-1\官方原始下载\GCF_000021485_compounds_left_network_full_20260923_083853.xml
Compound	GCF_000021485	CPD0-2518	(acetamidomethyl)phosphonate	2-<i>N</i>-acetamidomethylphosphonate		152.066	METANETX:MNXM114589;CHEBI:134093;PUBCHEM:90659021	D:\嗜酸氧化亚铁硫杆菌\03_BioCyc\C2-1\官方原始下载\GCF_000021485_compounds_left_network_full_20260923_083853.xml
Compound	GCF_000021485	CPD0-2474	(<i>S</i>)-NADPHX	(6S)-6&beta;-hydroxy-1,4,5,6-tetrahydronicotinamide-adenine dinucleotide phosphate		759.41	REACTOME-CPD:6807477;SEED:cpd02980;METANETX:MNXM2897;LIGAND-CPD:C04899;PUBCHEM:56927959;CHEBI:64076	D:\嗜酸氧化亚铁硫杆菌\03_BioCyc\C2-1\官方原始下载\GCF_000021485_compounds_left_network_full_20260923_083853.xml
Compound	GCF_000021485	PRECURSOR-Z	cyclic pyranopterin phosphate	precursor Z;cPMP;precursor-Z;8-amino-2,12,12-trihydroxy-4a,5a,6,9,11,11a,12,12a-octahydro[1,3,2]dioxaphosphinino[4',5':5,6]pyrano[3,2-g]pteridin-10(4H)-one 2-oxide;8-amino-2,12,12-trihydroxy-4,4a,5a,6,9,10,11,11a,12,12a-decahydro-[1,3,2]dioxaphosphinino[4',5':5,6]pyrano[3,2-g]pteridine 2-oxide;cyclic pyranopterin monophosphate		344.2	REACTOME-CPD:947537;METANETX:MNXM1385;PUBCHEM:135440046;CHEBI:59648	D:\嗜酸氧化亚铁硫杆菌\03_BioCyc\C2-1\官方原始下载\GCF_000021485_compounds_left_network_full_20260923_083853.xml
Compound	GCF_000021485	CPD-846	hydrosulfide	HS<sup>-</sup>;hydrogen sulfide ion;sulfanide		33.068	METABOLIGHTS:MTBLC29919;CHEMSPIDER:4574109;PUBCHEM:5047209;CHEBI:29919	D:\嗜酸氧化亚铁硫杆菌\03_BioCyc\C2-1\官方原始下载\GCF_000021485_compounds_left_network_full_20260923_083853.xml
Compound	GCF_000021485	Polysulfides	a polysulfide				SEED:cpd20940;METANETX:MNXM88174;LIGAND-CPD:C19692;Wikipedia:Polysulfide	D:\嗜酸氧化亚铁硫杆菌\03_BioCyc\C2-1\官方原始下载\GCF_000021485_compounds_left_network_full_20260923_083853.xml
Compound	GCF_000021485	Protein-Cysteine-Hemithioacetal	an <i>S</i>-(1-hydroxy-2-oxopropyl)-[protein]-L-cysteine				METANETX:MNXM164445	D:\嗜酸氧化亚铁硫杆菌\03_BioCyc\C2-1\官方原始下载\GCF_000021485_compounds_right_network_full_20260923_083853.xml
Compound	GCF_000021485	tRNA-uridine13	a uridine<sup>13</sup> in tRNA	a tRNA uridine<sup>13</sup>			SEED:cpd28587;METANETX:MNXM13187	D:\嗜酸氧化亚铁硫杆菌\03_BioCyc\C2-1\官方原始下载\GCF_000021485_compounds_left_network_full_20260923_083853.xml
Compound	GCF_000021485	L-GAMMA-GLUTAMYLCYSTEINE	&gamma;-L-glutamyl-L-cysteine	&gamma;-glutamylcysteine;&gamma;-L-glutamylcysteine;&gamma;-Glu-Cys		249.261	REACTOME-CPD:174393;SEED:cpd00506;METANETX:MNXM412;REFMET:gamma-Glutamyl cysteine;BIGG:glucys;PUBCHEM:7059430;METABOLIGHTS:MTBLC58173;HMDB:HMDB01049;CHEBI:58173;LIGAND-CPD:C00669;CAS:686-58-8	D:\嗜酸氧化亚铁硫杆菌\03_BioCyc\C2-1\官方原始下载\GCF_000021485_compounds_left_network_full_20260923_083853.xml
Compound	GCF_000021485	tRNA-Containing-N7-Methylguanine-46	an <i>N</i><sup>7</sup>-methylguanine<sup>46</sup> in tRNA				SEED:cpd28564;METANETX:MNXM22228	D:\嗜酸氧化亚铁硫杆菌\03_BioCyc\C2-1\官方原始下载\GCF_000021485_compounds_right_network_full_20260923_083853.xml
Compound	GCF_000021485	CPD-602	5-amino-6-(5-phospho-D-ribosylamino)uracil	5-amino-6-(ribosylamino)-2,4-(1H,3H)-pyrimidinedione 5'-phosphate;5-amino-6-(5'-phosphoribosylamino)uracil		352.197	SEED:cpd00931;METANETX:MNXM1532;BIGG:5apru;CHEBI:58453;PUBCHEM:25245199;LIGAND-CPD:C01268	D:\嗜酸氧化亚铁硫杆菌\03_BioCyc\C2-1\官方原始下载\GCF_000021485_compounds_right_network_full_20260923_083853.xml
Compound	GCF_000021485	CARBOXYPHENYLAMINO-DEOXYRIBULOSE-P	1-(2-carboxyphenylamino)-1-deoxy-D-ribulose 5-phosphate	1-(<i>o</i>-carboxyphenylamino)-1-deoxyribulose-5'-P;1-(2-carboxyphenylamino)-1-deoxy-D-ribulose-5-P;1-(<i>o</i>-carboxyphenylamino)-1'-deoxyribulose 5'-phosphate		346.21	SEED:cpd00956;METANETX:MNXM1455;BIGG:2cpr5p;CHEBI:58613;PUBCHEM:45266701;LIGAND-CPD:C01302	D:\嗜酸氧化亚铁硫杆菌\03_BioCyc\C2-1\官方原始下载\GCF_000021485_compounds_left_network_full_20260923_083853.xml
Compound	GCF_000021485	tRNAs-with-queuine	a queuosine in tRNA	a tRNA containing queuosine;queuosine at position 34 of a tRNA			METANETX:MNXM148012	D:\嗜酸氧化亚铁硫杆菌\03_BioCyc\C2-1\官方原始下载\GCF_000021485_compounds_left_network_full_20260923_083853.xml
Compound	GCF_000021485	CPD0-2015	<i>N</i>-acetyl-L-methionine	<i>N</i>-acetylmethionine		190.237	SEED:cpd01756;METANETX:MNXM7576;REFMET:N-acetylmethionine;CHEBI:71670;PUBCHEM:6991985;HMDB:HMDB11745;DRUGBANK:DB01646;CHEMSPIDER:395338;LIGAND-CPD:C02712	D:\嗜酸氧化亚铁硫杆菌\03_BioCyc\C2-1\官方原始下载\GCF_000021485_compounds_right_network_full_20260923_083853.xml
Compound	GCF_000021485	CPD-9372	&gamma;-glutamyl-isopropylamide	GIPA		188.226	SEED:cpd25656;METANETX:MNXM13304;CHEBI:85420;CHEMSPIDER:5361284;PUBCHEM:6993183	D:\嗜酸氧化亚铁硫杆菌\03_BioCyc\C2-1\官方原始下载\GCF_000021485_compounds_left_network_full_20260923_083853.xml
Compound	GCF_000021485	UMP	UMP	uridylate;5'-UMP;uridine 5'-phosphate;5'-uridylic acid (8CI)(9CI);uridine monophosphate;uridine 5'-monophosphate;uracil ribotide		322.168	SEED:cpd00091;METANETX:MNXM80;REFMET:UMP;BIGG:ump;METABOLIGHTS:MTBLC57865;HMDB:HMDB00288;CHEMSPIDER:1399139;CHEBI:57865;PUBCHEM:1778309;LIGAND-CPD:C00105;CAS:58-97-9	D:\嗜酸氧化亚铁硫杆菌\03_BioCyc\C2-1\官方原始下载\GCF_000021485_compounds_left_network_full_20260923_083853.xml
Compound	GCF_000021485	F-	fluoride	fluoride ion;F<SUP>-</SUP>		18.998	SEED:cpd00552;METANETX:MNXM996;HMDB:HMDB00662;CHEMSPIDER:26214;PUBCHEM:28179;LIGAND-CPD:C00742;CHEBI:17051	D:\嗜酸氧化亚铁硫杆菌\03_BioCyc\C2-1\官方原始下载\GCF_000021485_compounds_left_network_full_20260923_083853.xml
Compound	GCF_000021485	Hydroxymethylbilane-Synthase-ES	a holo [hydroxymethylbilane synthase] ES intermediate					D:\嗜酸氧化亚铁硫杆菌\03_BioCyc\C2-1\官方原始下载\GCF_000021485_compounds_left_network_full_20260923_083853.xml
Compound	GCF_000021485	CPD0-2472	(<i>R</i>)-NADHX	(6<i>R</i>)-6-&beta;-hydroxy-1,4,5,6-tetrahydronicotinamide-adenine dinucleotide		681.445	SEED:cpd26514;METANETX:MNXM5377;LIGAND-CPD:C20482;PUBCHEM:56927860;CHEBI:64075	D:\嗜酸氧化亚铁硫杆菌\03_BioCyc\C2-1\官方原始下载\GCF_000021485_compounds_right_network_full_20260923_083853.xml
Compound	GCF_000021485	GLYOX	glyoxylate	glyoxalate;glyox;glyoxylic acid		73.028	SEED:cpd00040;METANETX:MNXM69;CHEBI:36655;REFMET:Glyoxylic acid;BIGG:glx;METABOLIGHTS:MTBLC36655;HMDB:HMDB00119;KNAPSACK:C00001186;PUBCHEM:3614358;LIGAND-CPD:C00048;CAS:298-12-4	D:\嗜酸氧化亚铁硫杆菌\03_BioCyc\C2-1\官方原始下载\GCF_000021485_compounds_left_network_full_20260923_083853.xml
Compound	GCF_000021485	ASN	L-asparagine	asparagine;&alpha;-aminosuccinamic acid;(-)-asparagine;(S)-2,4-diamino-4-oxobutanoic acid;(S)-asparagine;2,4-diamino-4-oxobutanoic acid, (S)-;2-aminosuccinamic acid, L-;agedoite;altheine;asparagine acid;aspartic acid &beta;-amide;butanoic acid, 2,4-diamino-4-oxo-, (S)-;L-2,4-diamino-4-oxobutanoic acid;L-asparatamine;L-&beta;-asparagine;N;L-asn;asn		132.119	MEDIADB:compounds/14808/;MEDIADB:compounds/148/;METANETX:MNXM147;REFMET:Asparagine;BIGG:asn__L;METABOLIGHTS:MTBLC58048;HMDB:HMDB00168;CHEBI:58048;PUBCHEM:6992089;LIGAND-CPD:C00152;CAS:70-47-3	D:\嗜酸氧化亚铁硫杆菌\03_BioCyc\C2-1\官方原始下载\GCF_000021485_compounds_left_network_full_20260923_083853.xml
Compound	GCF_000021485	ARSENATE	arsenate	inorganic arsenate;orthoarsenate;AsO<sub>4</sub><sup>2-</sup>;iAs<sup>V</sup>;arsenic acid		139.927	SEED:cpd01048;METANETX:MNXM970;BIGG:aso4;HMDB:HMDB12190;CHEMSPIDER:228;PUBCHEM:233;CHEBI:48597;CAS:7778-39-4;LIGAND-CPD:C01478	D:\嗜酸氧化亚铁硫杆菌\03_BioCyc\C2-1\官方原始下载\GCF_000021485_compounds_left_network_full_20260923_083853.xml
Compound	GCF_000021485	2-KETO-ISOVALERATE	3-methyl-2-oxobutanoate	2-oxo-3-methylbutanoate;2-oxoisovalerate;&alpha;-keto-isovaleric acid;&alpha;-ketoisopentanoic acid;&alpha;-keto-isovalerate;&alpha;-oxoisovalerate;&alpha;-ketovaline;2-keto-isovalerate;2-ketovaline;&alpha;-keto-valine;2-oxoisopentanoate;2-keto-3-methylbutyric acid;3-methyl-2-oxobutyrate		115.108	SEED:cpd00123;METANETX:MNXM238;REFMET:Ketoisovaleric acid;BIGG:3mob;METABOLIGHTS:MTBLC11851;HMDB:HMDB00019;CHEMSPIDER:4375810;PUBCHEM:5204641;CHEBI:11851;LIGAND-CPD:C00141;CAS:759-05-7	D:\嗜酸氧化亚铁硫杆菌\03_BioCyc\C2-1\官方原始下载\GCF_000021485_compounds_left_network_full_20260923_083853.xml
Compound	GCF_000021485	L-arginyl-L-Glutamyl-Peptides	an N-terminal L-arginiyl-L-glutamyl-[protein]				METANETX:MNXM167024	D:\嗜酸氧化亚铁硫杆菌\03_BioCyc\C2-1\官方原始下载\GCF_000021485_compounds_right_network_full_20260923_083853.xml
Compound	GCF_000021485	4-AMINO-4-DEOXYCHORISMATE	4-amino-4-deoxychorismate			224.193	SEED:cpd08210;METANETX:MNXM1458;BIGG:4adcho;PUBCHEM:45266632;CHEBI:58406;LIGAND-CPD:C11355;CAS:97279-79-3	D:\嗜酸氧化亚铁硫杆菌\03_BioCyc\C2-1\官方原始下载\GCF_000021485_compounds_left_network_full_20260923_083853.xml
Compound	GCF_000021485	D-BETA-D-HEPTOSE-1-P	D-<i>glycero</i>-&beta;-D-<i>manno</i>-heptose 1-phosphate	D-&beta;-D-heptose-1-phosphate		288.147	SEED:cpd04920;METANETX:MNXM1661;LIGAND-CPD:C07838;BIGG:gmhep1p;CHEBI:61593;PUBCHEM:40473183	D:\嗜酸氧化亚铁硫杆菌\03_BioCyc\C2-1\官方原始下载\GCF_000021485_compounds_left_network_full_20260923_083853.xml
Compound	GCF_000021485	CPD-12755	phosphite	phosphit		79.98	CHEBI:26045	D:\嗜酸氧化亚铁硫杆菌\03_BioCyc\C2-1\官方原始下载\GCF_000021485_compounds_left_network_full_20260923_083853.xml
Compound	GCF_000021485	L-ORNITHINE	L-ornithine	Ornithine;2, 5-diaminovaleric acid;2, 5-diaminopentanoic acid;2, 5-diaminopentanoate;&alpha;,&delta;-diaminovaleric acid		133.17	METANETX:MNXM89689;REFMET:Ornithine;BIGG:orn;METABOLIGHTS:MTBLC46911;HMDB:HMDB00214;CHEMSPIDER:5360242;CHEBI:46911;LIGAND-CPD:C00077;PUBCHEM:6992088	D:\嗜酸氧化亚铁硫杆菌\03_BioCyc\C2-1\官方原始下载\GCF_000021485_compounds_left_network_full_20260923_083853.xml
Compound	GCF_000021485	Ribosomal-protein-S12-Asp89	a [ribosomal protein uS12] L-aspartate<sup>89</sup>				METANETX:MNXM148774	D:\嗜酸氧化亚铁硫杆菌\03_BioCyc\C2-1\官方原始下载\GCF_000021485_compounds_left_network_full_20260923_083853.xml
Compound	GCF_000021485	PYRIDOXINE-5P	pyridoxine 5'-phosphate	pyridoxol 5'-phosphate;pyridoxine 5-phosphate;pyridoxine phosphate;pyridoxine-5P;pyridoxine-P;[5-hydroxy-4-(hydroxymethyl)-6-methylpyridin-3-yl]methyl phosphate		247.144	REACTOME-CPD:964952;SEED:cpd00478;METANETX:MNXM454;REFMET:Pyridoxine 5'-phosphate;BIGG:pdx5p;METABOLIGHTS:MTBLC58589;HMDB:HMDB01319;CHEBI:58589;PUBCHEM:24794348;CAS:447-05-2;LIGAND-CPD:C00627	D:\嗜酸氧化亚铁硫杆菌\03_BioCyc\C2-1\官方原始下载\GCF_000021485_compounds_left_network_full_20260923_083853.xml
Compound	GCF_000021485	ATP	ATP	adenylpyrophosphate;adenosine-triphosphate;adenosine-5'-triphosphate		503.152	MEDIADB:compounds/2/;SEED:cpd00002;METANETX:MNXM3;REFMET:ATP;BIGG:atp;METABOLIGHTS:MTBLC30616;HMDB:HMDB00538;CHEMSPIDER:4574455;CHEBI:30616;PUBCHEM:5461108;LIGAND-CPD:C00002;CAS:56-65-5	D:\嗜酸氧化亚铁硫杆菌\03_BioCyc\C2-1\官方原始下载\GCF_000021485_compounds_left_network_full_20260923_083853.xml
Compound	GCF_000021485	PROPIONYL-P	propanoyl phosphate	propionyl-phosphate;propanoyl-P;propionyl-P		152.043	SEED:cpd01844;METANETX:MNXM1499;REFMET:Propanoyl phosphate;BIGG:ppap;CHEBI:58933;PUBCHEM:22003434;LIGAND-CPD:C02876	D:\嗜酸氧化亚铁硫杆菌\03_BioCyc\C2-1\官方原始下载\GCF_000021485_compounds_right_network_full_20260923_083853.xml
Compound	GCF_000021485	PHOSPHONATE	phosphonate	hydrogenphosphite		79.98	BIGG:ppt;CHEMSPIDER:20171569;PUBCHEM:6326969;CAS:13598-36-2;LIGAND-CPD:C06701	D:\嗜酸氧化亚铁硫杆菌\03_BioCyc\C2-1\官方原始下载\GCF_000021485_compounds_left_network_full_20260923_083853.xml
Compound	GCF_000021485	OCTAPRENYL-METHOXY-BENZOQUINONE	2-methoxy-6-<i>all trans</i>-octaprenyl-1,4-benzoquinol	2-octaprenyl-6-methoxy-benzene-1,4-diol;2-octaprenyl-6-methoxyhydroquinone;2-octaprenyl-6-methoxyquinol		685.084	SEED:cpd15359;METANETX:MNXM90444;BIGG:2ombzl;LIGAND-CPD:C05813;CHEBI:60655;PUBCHEM:49852329	D:\嗜酸氧化亚铁硫杆菌\03_BioCyc\C2-1\官方原始下载\GCF_000021485_compounds_left_network_full_20260923_083853.xml
Compound	GCF_000021485	Menaquinols	a menaquinol				SEED:cpd12783;HMDB:HMDB60487;METANETX:MNXM442;CHEBI:60024;LIGAND-CPD:C05819	D:\嗜酸氧化亚铁硫杆菌\03_BioCyc\C2-1\官方原始下载\GCF_000021485_compounds_left_network_full_20260923_083853.xml
Compound	GCF_000021485	Kdo-2-6-Lipid-IVA	an &alpha;-Kdo-(2&rarr;6)-[lipid IV<sub>A</sub>]	a 3-deoxy-D-manno-octulosonyl-[lipid IV<sub>A</sub>];3-deoxy-&alpha;-D-manno-oct-2-ulopyranosyl-(2->6)-2-deoxy-2-{[(3R)-3-hydroxyacyl]amino}-3-O-[(3R)-3-hydroxyacyl]-4-O-phospho-&beta;-D-glucopyranosyl-(1->6)-2-deoxy-3-O-[(3R)-3-hydroxyacyl]-2-{[(3R)-3-hydroxyacyl]amino}-1-O-phosphono-&alpha;-D-glucopyranose;(KDO)-lipid IV<sub>A</sub>				D:\嗜酸氧化亚铁硫杆菌\03_BioCyc\C2-1\官方原始下载\GCF_000021485_compounds_left_network_full_20260923_083853.xml
Compound	GCF_000021485	CPD-10330	&alpha;-D-ribofuranose	&alpha; D-ribose		150.131	PUBCHEM:445894;CHEBI:45506;HMDB:HMDB00283;CHEMSPIDER:5575	D:\嗜酸氧化亚铁硫杆菌\03_BioCyc\C2-1\官方原始下载\GCF_000021485_compounds_left_network_full_20260923_083853.xml
Compound	GCF_000021485	CPD-9864	4-hydroxy-3-decaprenylbenzoate	3-decaprenyl-4-hydroxybenzoate		818.297	REACTOME-CPD:2162207;SEED:cpd25880;HMDB:HMDB06251;METANETX:MNXM3838;CHEBI:84503;PUBCHEM:54746224	D:\嗜酸氧化亚铁硫杆菌\03_BioCyc\C2-1\官方原始下载\GCF_000021485_compounds_left_network_full_20260923_083853.xml
Compound	GCF_000021485	Pyruvate-dehydrogenase-acetylDHlipoyl	a [pyruvate dehydrogenase E2 protein] <i>N<sup>6</sup></i>-<i>S</i>-acetyldihydrolipoyl-L-lysine				SEED:cpd28011;METANETX:MNXM9069;CHEBI:80404;LIGAND-CPD:C16255	D:\嗜酸氧化亚铁硫杆菌\03_BioCyc\C2-1\官方原始下载\GCF_000021485_compounds_right_network_full_20260923_083853.xml
Compound	GCF_000021485	Elemental-Sulfur	sulfur(0)	elemental sulfur;orthorhombic sulfur;rhombic sulfur;S<sup>0</sup>		32.06	METANETX:MNXM89;BIGG:s;CHEBI:17909;LIGAND-CPD:C00087	D:\嗜酸氧化亚铁硫杆菌\03_BioCyc\C2-1\官方原始下载\GCF_000021485_compounds_left_network_full_20260923_083853.xml
Compound	GCF_000021485	CPD-14522	adenosyl hopane	adenosylhopane;LMPR04000012		661.969	CHEBI:86403;METANETX:MNXM97442;LIGAND-CPD:C21117;PUBCHEM:102514953	D:\嗜酸氧化亚铁硫杆菌\03_BioCyc\C2-1\官方原始下载\GCF_000021485_compounds_right_network_full_20260923_083853.xml
Compound	GCF_000021485	CPD-19489	3-carboxy-8-(methylsulfanyl)-2-oxooctanoate	3-carboxy-8-(methylthio)-2-oxooctanoate		246.278	METANETX:MNXM164247;PUBCHEM:123131579	D:\嗜酸氧化亚铁硫杆菌\03_BioCyc\C2-1\官方原始下载\GCF_000021485_compounds_left_network_full_20260923_083853.xml
Compound	GCF_000021485	CPD0-1027	a debranched &alpha;-limit dextrin	a debranched glycogen phosphorylase-limit dextrin;a debranched glycogen phosphorylase-limited dextrin			PUBCHEM:14819047;SEED:cpd25936;METANETX:MNXM7206;CHEBI:28912;LIGAND-CPD:C02049	D:\嗜酸氧化亚铁硫杆菌\03_BioCyc\C2-1\官方原始下载\GCF_000021485_compounds_left_network_full_20260923_083853.xml
Compound	GCF_000021485	CPD-22847	glycolyl-CoA	hydroxyacetyl-CoA;glycolyl-coenzyme A		821.539	PUBCHEM:146037111	D:\嗜酸氧化亚铁硫杆菌\03_BioCyc\C2-1\官方原始下载\GCF_000021485_compounds_left_network_full_20260923_083853.xml
Compound	GCF_000021485	CPDQT-520	phosphatidylglycerolphosphate (1-oleoyl, 2-palmitoyl)	phosphatidylglycerophosphate (1-18:1(9Z), 2-16:1);phosphatidylglycerophosphate (1-octadecenoyl(9Z), 2-palmitoyl)		825.972	SEED:cpd26657;HMDB:HMDB13532;METANETX:MNXM74779;PUBCHEM:90658639	D:\嗜酸氧化亚铁硫杆菌\03_BioCyc\C2-1\官方原始下载\GCF_000021485_compounds_left_network_full_20260923_083853.xml
Compound	GCF_000021485	GLT	L-glutamate	1-amino-propane-1,3-dicarboxylic acid;glutacid;glutaminic acid;L-glutamic acid;&alpha;-aminoglutaric acid;E;glt;glut;L-glu;2-aminopentanedioic acid		146.122	MEDIADB:compounds/25/;REFMET:Glutamic acid;BIGG:glu__L;METABOLIGHTS:MTBLC29985;HMDB:HMDB00148;CHEMSPIDER:4573882;PUBCHEM:5460299;KNAPSACK:C00001358;CHEBI:29985;LIGAND-CPD:C00025;CAS:56-86-0	D:\嗜酸氧化亚铁硫杆菌\03_BioCyc\C2-1\官方原始下载\GCF_000021485_compounds_left_network_full_20260923_083853.xml
Compound	GCF_000021485	XANTHINE	xanthine	2,6-dioxopurine		152.112	MEDIADB:compounds/368/;REACTOME-CPD:30064;SEED:cpd00309;METANETX:MNXM174;REFMET:Xanthine;BIGG:xan;DRUGBANK:DB02134;METABOLIGHTS:MTBLC17712;HMDB:HMDB00292;CHEMSPIDER:1151;PUBCHEM:1188;CHEBI:17712;LIGAND-CPD:C00385;CAS:69-89-6	D:\嗜酸氧化亚铁硫杆菌\03_BioCyc\C2-1\官方原始下载\GCF_000021485_compounds_left_network_full_20260923_083853.xml
Compound	GCF_000021485	CPD-108	4-methylphenol	4-hydroxytoluene;p-hydroxytoluene;4-cresol;<i>p</i>-cresol		108.14	MEDIADB:compounds/1300/;SEED:cpd01042;METANETX:MNXM828;REFMET:P-Cresol;METABOLIGHTS:MTBLC17847;HMDB:HMDB01858;DRUGBANK:DB01688;CHEMSPIDER:13285340;PUBCHEM:2879;CHEBI:17847;LIGAND-CPD:C01468;CAS:106-44-5	D:\嗜酸氧化亚铁硫杆菌\03_BioCyc\C2-1\官方原始下载\GCF_000021485_compounds_right_network_full_20260923_083853.xml
Compound	GCF_000021485	HCO3	hydrogencarbonate	carbonate;CO<SUB>3</SUB><SUP>-2</SUP>;CO<SUB>3</SUB><SUP>2-</SUP>;HCO<SUB>3</SUB><SUP>-</SUP>;HCO<SUB>3</SUB>;bicarbonate		61.017	BIGG:hco3;METABOLIGHTS:MTBLC17544;HMDB:HMDB00595;CHEMSPIDER:749;PUBCHEM:769;CHEBI:17544;CAS:71-52-3;LIGAND-CPD:C00288;CAS:144-55-8	D:\嗜酸氧化亚铁硫杆菌\03_BioCyc\C2-1\官方原始下载\GCF_000021485_compounds_left_network_full_20260923_083853.xml
Compound	GCF_000021485	KDO-LIPID-IVA	&alpha;-Kdo-(2&rarr;6)-lipid IV<sub>A</sub> (E. coli)	3-Deoxy-D-manno-octulosonyl-lipid IV(A) (E. coli);3-deoxy-&alpha;-D-manno-oct-2-ulopyranosyl-(2->6)-2-deoxy-2-{[(3R)-3-hydroxypentadecanoyl]amino}-3-O-[(3R)-3-hydroxytetradecanoyl]-4-O-phosphono-&beta;-D-glucopyranosyl-(1->6)-2-deoxy-3-O-[(3R)-3-hydroxytetradecanoyl]-2-{[(3R)-3-hydroxytetradecanoyl]amino}-1-O-phosphono-&alpha;-D-glucopyranose;(KDO)-lipid IV<sub>A</sub> (E. coli)		1620.861	SEED:cpd03585;METANETX:MNXM1206;PUBCHEM:25246208;BIGG:kdolipid4;CHEBI:60364;LIGAND-CPD:C06024	D:\嗜酸氧化亚铁硫杆菌\03_BioCyc\C2-1\官方原始下载\GCF_000021485_compounds_right_network_full_20260923_083853.xml
Compound	GCF_000021485	CPD-191	&alpha;-D-Gal-PP-Und	&alpha;-D-galactosyl-diphosphoundecaprenol		1087.401	SEED:cpd02745;METANETX:MNXM2633;PUBCHEM:50986233;CHEBI:57617;LIGAND-CPD:C04507	D:\嗜酸氧化亚铁硫杆菌\03_BioCyc\C2-1\官方原始下载\GCF_000021485_compounds_right_network_full_20260923_083853.xml
Compound	GCF_000021485	CPD-21527	D-sedoheptulose 1-phosphate			288.147	PUBCHEM:134820516	D:\嗜酸氧化亚铁硫杆菌\03_BioCyc\C2-1\官方原始下载\GCF_000021485_compounds_left_network_full_20260923_083853.xml
Compound	GCF_000021485	GMP	GMP	guanylate;guanylic acid;guanosine phosphate;guanosine 5'-phosphate;guanosine monophosphate;guanosine-5'-monophosphate;guanine ribotide		361.207	SEED:cpd00126;METANETX:MNXM113;PUBCHEM:135398630;REFMET:GMP;BIGG:gmp;METABOLIGHTS:MTBLC58115;HMDB:HMDB01397;CHEMSPIDER:1413162;CHEBI:58115;LIGAND-CPD:C00144;CAS:85-32-5	D:\嗜酸氧化亚铁硫杆菌\03_BioCyc\C2-1\官方原始下载\GCF_000021485_compounds_left_network_full_20260923_083853.xml
Compound	GCF_000021485	Protein-Ser-or-Thr-phosphate	a [protein] (L-serine/L-threonine) phosphate				METANETX:MNXM147953	D:\嗜酸氧化亚铁硫杆菌\03_BioCyc\C2-1\官方原始下载\GCF_000021485_compounds_left_network_full_20260923_083853.xml
Compound	GCF_000021485	CPD-19487	3-carboxy-10-(methylsulfanyl)-2-oxodecanoate	3-carboxy-10-(methylthio)-2-oxodecanoate		274.331	METANETX:MNXM164244;PUBCHEM:123131585	D:\嗜酸氧化亚铁硫杆菌\03_BioCyc\C2-1\官方原始下载\GCF_000021485_compounds_left_network_full_20260923_083853.xml
Compound	GCF_000021485	CPD0-881	<i>N</i>-acetyl-D-muramate 6-phosphate	MurNAc-6-P		370.229	SEED:cpd21016;METANETX:MNXM1490;PUBCHEM:45266740;REFMET:N-acetylmuramic acid 6-phosphate;CHEBI:58722;BIGG:acmum6p;LIGAND-CPD:C16698	D:\嗜酸氧化亚铁硫杆菌\03_BioCyc\C2-1\官方原始下载\GCF_000021485_compounds_right_network_full_20260923_083853.xml
Compound	GCF_000021485	DIHYDROMETHANOPHENAZINE	dihydromethanophenazine			540.831	SEED:cpd08702;METANETX:MNXM2014;CHEMSPIDER:4445252;PUBCHEM:5281993;CHEBI:50375;LIGAND-CPD:C11904	D:\嗜酸氧化亚铁硫杆菌\03_BioCyc\C2-1\官方原始下载\GCF_000021485_compounds_right_network_full_20260923_083853.xml
Compound	GCF_000021485	CPD-9451	2-isopropylmaleate	&beta;-isopropylmaleate;2-isopropylmaleic acid		156.138	SEED:cpd01710;METANETX:MNXM1706;REFMET:Isopropylmaleate;BIGG:2ippm;HMDB:HMDB12241;CHEMSPIDER:10710392;CHEBI:58085;PUBCHEM:21954611;LIGAND-CPD:C02631	D:\嗜酸氧化亚铁硫杆菌\03_BioCyc\C2-1\官方原始下载\GCF_000021485_compounds_left_network_full_20260923_083853.xml
Compound	GCF_000021485	tRNAPhe-Containing-N1-Methylguanine-37	an <i>N</i><sup>1</sup>-methylguanine<sup>37</sup> in tRNA<sup>Phe</sup>				METANETX:MNXM148374	D:\嗜酸氧化亚铁硫杆菌\03_BioCyc\C2-1\官方原始下载\GCF_000021485_compounds_right_network_full_20260923_083853.xml
Compound	GCF_000021485	Hydroxymethylbilane-Synthase-ES2	a [hydroxymethylbilane synthase] ES<sub>2</sub> intermediate					D:\嗜酸氧化亚铁硫杆菌\03_BioCyc\C2-1\官方原始下载\GCF_000021485_compounds_left_network_full_20260923_083853.xml
Compound	GCF_000021485	AMMONIA	ammonia	NH<SUB>3</SUB>		17.03	CHEBI:16134;METABOLIGHTS:MTBLC16134;HMDB:HMDB00051;CHEMSPIDER:217;PUBCHEM:222;KNAPSACK:C00007267;LIGAND-CPD:C00014;CAS:7664-41-7	D:\嗜酸氧化亚铁硫杆菌\03_BioCyc\C2-1\官方原始下载\GCF_000021485_compounds_left_network_full_20260923_083853.xml
Compound	GCF_000021485	UDP-OHMYR-GLUCOSAMINE	UDP-3-<i>O</i>-[(3<i>R</i>)-3-hydroxymyristoyl]-&alpha;-D-glucosamine	UDP-3-<i>O</i>-(3-hydroxytetradecanoyl)-D-glucosamine;UDP-3-<i>O</i>-(3-hydroxytetradecanoyl)glucosamine;UDP-3-<i>O</i>-(3-hydroxymyristoyl)-&alpha;-D-glucosamine		790.671	SEED:cpd03584;METANETX:MNXM2036;BIGG:u3hga;CHEBI:71573;PUBCHEM:25244806;LIGAND-CPD:C06022	D:\嗜酸氧化亚铁硫杆菌\03_BioCyc\C2-1\官方原始下载\GCF_000021485_compounds_left_network_full_20260923_083853.xml
Compound	GCF_000021485	Diribonucleotide	a diribonucleotide				METANETX:MNXM114622	D:\嗜酸氧化亚铁硫杆菌\03_BioCyc\C2-1\官方原始下载\GCF_000021485_compounds_right_network_full_20260923_083853.xml
Compound	GCF_000021485	GDP-4-DEHYDRO-6-DEOXY-D-MANNOSE	GDP-4-dehydro-&alpha;-D-rhamnose	GDP-4-keto-6-deoxymannose;GDP-4-keto-6-deoxy-&alpha;-D-mannose;GDP-4-dehydro-6-deoxy-&alpha;-D-talose;GDP-4-oxo-6-deoxy-&alpha;-D-mannose;GDP-4-dehydro-6-deoxy-&alpha;-D-mannose;GDP-4-dehydro-6-deoxymannose;GDP-6-deoxy-D-<i>lyxo</i>-4-hexulose		585.314	REACTOME-CPD:6787618;SEED:cpd00900;METANETX:MNXM516;PUBCHEM:135398620;BIGG:gdpddman;METABOLIGHTS:MTBLC57964;HMDB:HMDB01346;CHEBI:57964;LIGAND-CPD:C01222	D:\嗜酸氧化亚铁硫杆菌\03_BioCyc\C2-1\官方原始下载\GCF_000021485_compounds_right_network_full_20260923_083853.xml
Compound	GCF_000021485	CPD-22404	lipid X (P. putida)	2-(3-hydroxydodecanoyl)-3-(3-hydroxydecanoyl)-&alpha;-D-glucosaminyl 1-phosphate		625.692	PUBCHEM:145865127	D:\嗜酸氧化亚铁硫杆菌\03_BioCyc\C2-1\官方原始下载\GCF_000021485_compounds_left_network_full_20260923_083853.xml
Compound	GCF_000021485	2-Hydroxy-carboxylates	a 2-hydroxy carboxylate				SEED:cpd12221;METANETX:MNXM9828;CHEBI:52618;LIGAND-CPD:C02929	D:\嗜酸氧化亚铁硫杆菌\03_BioCyc\C2-1\官方原始下载\GCF_000021485_compounds_right_network_full_20260923_083853.xml
Compound	GCF_000021485	DTDP-DEOH-DEOXY-MANNOSE	dTDP-4-dehydro-&beta;-L-rhamnose	dTDP-4-oxo-6-deoxy-&beta;-L-mannose;dTDP-4-oxo-&beta;-L-rhamnose;dTDP-4-dehydro-6-deoxy-&beta;-L-mannose;dTDP-4-keto-L-rhamnose		544.302	METANETX:MNXM2371;BIGG:dtdp4d6dm;CHEBI:62830;PUBCHEM:53356769;LIGAND-CPD:C00688	D:\嗜酸氧化亚铁硫杆菌\03_BioCyc\C2-1\官方原始下载\GCF_000021485_compounds_right_network_full_20260923_083853.xml
Compound	GCF_000021485	HYDROXYMETHYLBILANE	preuroporphyrinogen	hydroxymethylbilane		846.757	REACTOME-CPD:189449;SEED:cpd00755;METANETX:MNXM547;BIGG:hmbil;PUBCHEM:46931104;METABOLIGHTS:MTBLC57845;HMDB:HMDB01137;CHEBI:57845;LIGAND-CPD:C01024;CAS:73023-76-4	D:\嗜酸氧化亚铁硫杆菌\03_BioCyc\C2-1\官方原始下载\GCF_000021485_compounds_left_network_full_20260923_083853.xml
Compound	GCF_000021485	FRUCTOSE-16-DIPHOSPHATE	&beta;-D-fructofuranose 1,6-bisphosphate	&beta;-D-fructose 1,6-bisphosphate;FBP		336.085	SEED:cpd19036;METANETX:MNXM90006;BIGG:fdp;HMDB:HMDB01058;CHEMSPIDER:4574223;PUBCHEM:5460765;CHEBI:32966;Wikipedia:Fructose_1,6-bisphosphate;LIGAND-CPD:C00354;CAS:488-69-7	D:\嗜酸氧化亚铁硫杆菌\03_BioCyc\C2-1\官方原始下载\GCF_000021485_compounds_left_network_full_20260923_083853.xml
Compound	GCF_000021485	CPD-12279	2-iminoacetate	iminoacetic acid;dehydroglycine;iminoacetate		72.043	SEED:cpd14545;METANETX:MNXM1984;LIGAND-CPD:C15809;REFMET:Dehydroglycine;CHEMSPIDER:15272272;CHEBI:53664;PUBCHEM:23347814	D:\嗜酸氧化亚铁硫杆菌\03_BioCyc\C2-1\官方原始下载\GCF_000021485_compounds_left_network_full_20260923_083853.xml
Compound	GCF_000021485	ITP	ITP	inosine triphosphate		504.137	REACTOME-CPD:2509836;SEED:cpd00068;METANETX:MNXM423;PUBCHEM:135398642;REFMET:ITP;BIGG:itp;CHEBI:61402;HMDB:HMDB00189;LIGAND-CPD:C00081;CAS:132-06-9	D:\嗜酸氧化亚铁硫杆菌\03_BioCyc\C2-1\官方原始下载\GCF_000021485_compounds_left_network_full_20260923_083853.xml
Compound	GCF_000021485	Ribosomal-protein-L3-N5M-L-glutamine	a [ribosomal protein uL3]-<i>N</i><sup>5</sup>-methyl-L-glutamine				METANETX:MNXM148772	D:\嗜酸氧化亚铁硫杆菌\03_BioCyc\C2-1\官方原始下载\GCF_000021485_compounds_right_network_full_20260923_083853.xml
Compound	GCF_000021485	FRUCTOSE-6P	&beta;-D-fructofuranose 6-phosphate	D-fructose-6-phosphate;fructose-6P;fructose-6-P;fruc6p;fru-6-P;fructose-6-phosphate;A-D-fructose-6-P;D-fructose-6-P;D-fructose 6-phosphate;D-fructofuranose 6-phosphate		258.121	SEED:cpd19035;HMDB:HMDB03971;METANETX:MNXM89621;LIGAND-CPD:C05345;BIGG:f6p;CHEMSPIDER:10239172;CHEBI:57634;PUBCHEM:21604863;CAS:643-13-0	D:\嗜酸氧化亚铁硫杆菌\03_BioCyc\C2-1\官方原始下载\GCF_000021485_compounds_left_network_full_20260923_083853.xml
Compound	GCF_000021485	CPD-24335	acetic acid	ethanoic acid		60.052	CHEBI:15366	D:\嗜酸氧化亚铁硫杆菌\03_BioCyc\C2-1\官方原始下载\GCF_000021485_compounds_left_network_full_20260923_083853.xml
Compound	GCF_000021485	DIHYDROXY-BUTANONE-P	1-deoxy-L-glycero-tetrulose 4-phosphate	3,4-dihydroxy-2-butanone-4-phosphate;tetrolose phosphate;3,4-dihydroxy-2-butanone-4-P;L-3,4-dihydroxybutan-2-one-4-phosphate		182.069	METANETX:MNXM164034;BIGG:db4p;PUBCHEM:90658385;CHEBI:50606;CHEMSPIDER:10739351;LIGAND-CPD:C15556	D:\嗜酸氧化亚铁硫杆菌\03_BioCyc\C2-1\官方原始下载\GCF_000021485_compounds_left_network_full_20260923_083853.xml
Compound	GCF_000021485	CPD-9373	<i>N</i>-(&gamma;-L-glutamyl)-L-alaninol	GALO;&gamma;-glutamyl-L-alaninol		204.225	SEED:cpd25657;METANETX:MNXM13305;CHEBI:85421;PUBCHEM:25202985	D:\嗜酸氧化亚铁硫杆菌\03_BioCyc\C2-1\官方原始下载\GCF_000021485_compounds_right_network_full_20260923_083853.xml
Compound	GCF_000021485	SEPO3	selenophosphate	SePO<sub>3</sub>		158.94	REACTOME-CPD:5357690;SEED:cpd03078;METANETX:MNXM1339;BIGG:selnp;HMDB:HMDB03840;CHEBI:58618;PUBCHEM:25244868;CAS:16561-29-8	D:\嗜酸氧化亚铁硫杆菌\03_BioCyc\C2-1\官方原始下载\GCF_000021485_compounds_left_network_full_20260923_083853.xml
Compound	GCF_000021485	CPDQT-37	3-[(4'-methylsulfanyl)butyl]malate	3-[(4'-methylthio)butyl]malic acid;3-[(4'-methylthio)butyl]malate		234.267	SEED:cpd17409;CHEBI:80967;METANETX:MNXM5505;LIGAND-CPD:C17219;PUBCHEM:44237164	D:\嗜酸氧化亚铁硫杆菌\03_BioCyc\C2-1\官方原始下载\GCF_000021485_compounds_left_network_full_20260923_083853.xml
Compound	GCF_000021485	FAD	FAD	flavin adenine dinucleotide oxidized;flavin adenine dinucleotide;flavitan		782.533	SEED:cpd00015;METANETX:MNXM33;BIGG:fad;CHEBI:57692;PUBCHEM:46906035;Wikipedia:Flavin_adenine_dinucleotide;HMDB:HMDB01248;CHEMSPIDER:13082029;LIGAND-CPD:C00016;CAS:146-14-5	D:\嗜酸氧化亚铁硫杆菌\03_BioCyc\C2-1\官方原始下载\GCF_000021485_compounds_left_network_full_20260923_083853.xml
Compound	GCF_000021485	A-LIPID-HYDROPEROXIDE	a hydroperoxy-fatty-acyl-[lipid]				SEED:cpd22225;METANETX:MNXM163726;CHEBI:61051;LIGAND-CPD:C01025	D:\嗜酸氧化亚铁硫杆菌\03_BioCyc\C2-1\官方原始下载\GCF_000021485_compounds_left_network_full_20260923_083853.xml
Compound	GCF_000021485	URATE	urate	2,6,8-trioxypurine;purine-2,6,8-(1H,3H,9H)-trione;7,9-dihydro-1H-purine-2,6,8(3H)-trione		168.112	ZINC:ZINC000028136055;REFMET:Uric acid;BIGG:urate;METABOLIGHTS:MTBLC17775;HMDB:HMDB00289;DRUGBANK:DB01696;Wikipedia:Uric_acid;PUBCHEM:44229235;CHEBI:17775;LIGAND-CPD:C00366;CAS:69-93-2	D:\嗜酸氧化亚铁硫杆菌\03_BioCyc\C2-1\官方原始下载\GCF_000021485_compounds_right_network_full_20260923_083853.xml
Compound	GCF_000021485	CPD-444	<i>S</i>-methyl-5-thio-&alpha;-D-ribose 1-phosphate	5-methylthioribose-1-phosphate;5-methylthio-D-ribose-1-phosphate;1-phosphomethylthioribose;1-phospho-5-S-methylthioribose;1-PMTR;1-phospho-5-S-methylthio-&alpha;-D-ribofuranoside;<i>S</i>-methyl-5-thio-D-ribose 1-phosphate		258.182	REACTOME-CPD:1237165;METANETX:MNXM407;PUBCHEM:45266677;BIGG:5mdr1p;METABOLIGHTS:MTBLC58533;HMDB:HMDB00963;CHEBI:58533;LIGAND-CPD:C04188	D:\嗜酸氧化亚铁硫杆菌\03_BioCyc\C2-1\官方原始下载\GCF_000021485_compounds_left_network_full_20260923_083853.xml
Compound	GCF_000021485	GLUCOSAMINE-1P	&alpha;-D-glucosamine 1-phosphate	glucosamine-1P;&alpha;-D-glucosamine 1P;D-glucosamine 1-phosphate		258.144	SEED:cpd03671;METANETX:MNXM969;BIGG:gam1p;HMDB:HMDB01109;CHEBI:58516;PUBCHEM:25243931;LIGAND-CPD:C06156	D:\嗜酸氧化亚铁硫杆菌\03_BioCyc\C2-1\官方原始下载\GCF_000021485_compounds_left_network_full_20260923_083853.xml
Compound	GCF_000021485	OROTATE	orotate	orotic acid		155.09	MEDIADB:compounds/282/;REACTOME-CPD:76632;SEED:cpd00247;METANETX:MNXM235;REFMET:Orotic acid;BIGG:orot;METABOLIGHTS:MTBLC30839;HMDB:HMDB00226;CHEBI:30839;PUBCHEM:1492348;LIGAND-CPD:C00295;CAS:65-86-1	D:\嗜酸氧化亚铁硫杆菌\03_BioCyc\C2-1\官方原始下载\GCF_000021485_compounds_left_network_full_20260923_083853.xml
Compound	GCF_000021485	3-HYDROXYACYL-GROUP-OF-BACTERIAL-TOXIN	a 3-hydroxyacyl group of bacterial toxin				METANETX:MNXM6090;PUBCHEM:25202543;LIGAND-CPD:C11548	D:\嗜酸氧化亚铁硫杆菌\03_BioCyc\C2-1\官方原始下载\GCF_000021485_compounds_right_network_full_20260923_083853.xml
Compound	GCF_000021485	R-2-Haloacids	an (<i>R</i>)-2-halocarboxylate	an (<i>R</i>)-2-haloacid			SEED:cpd14489;METANETX:MNXM5914;LIGAND-CPD:C15564	D:\嗜酸氧化亚铁硫杆菌\03_BioCyc\C2-1\官方原始下载\GCF_000021485_compounds_left_network_full_20260923_083853.xml
Compound	GCF_000021485	CPD0-2283	peptidoglycan dimer with pentapeptide stems (<i>meso</i>-diaminopimelate containing)	two linked disacharide pentapeptide murein units (uncrosslinked, middle of chain);[N-acetylglucosamine-N-acetylmuramoyl-L-alanyl-&gamma;-D-glutamyl-<i>meso</i>-2,6-diaminopimeloyl--D-alanyl-D-alanine]<sub>2</sub>		1999.957	SEED:cpd15511;METANETX:MNXM88345;BIGG:murein5p5p;PUBCHEM:91819858	D:\嗜酸氧化亚铁硫杆菌\03_BioCyc\C2-1\官方原始下载\GCF_000021485_compounds_left_network_full_20260923_083853.xml
Compound	GCF_000021485	CYS-GLY	L-cysteinylglycine	Cys-Gly		178.206	SEED:cpd01017;METANETX:MNXM683;REFMET:Cys-Gly;BIGG:cgly;CHEBI:61694;PUBCHEM:7098621;METABOLIGHTS:MTBLC4047;HMDB:HMDB00078;LIGAND-CPD:C01419	D:\嗜酸氧化亚铁硫杆菌\03_BioCyc\C2-1\官方原始下载\GCF_000021485_compounds_right_network_full_20260923_083853.xml
Compound	GCF_000021485	CPD-17969	a nascent peptidoglycan with (L-alanyl-&gamma;-D-glutamyl-<i>meso</i>-2,6-diaminopimeloyl-glycine) tetrapeptide				METANETX:MNXM147992	D:\嗜酸氧化亚铁硫杆菌\03_BioCyc\C2-1\官方原始下载\GCF_000021485_compounds_left_network_full_20260923_083853.xml
Compound	GCF_000021485	DEOXYINOSINE	2'-deoxyinosine	deoxyinosine;hypoxanthine 2'-deoxyriboside		252.229	SEED:cpd03279;METANETX:MNXM935;PUBCHEM:135398593;BIGG:din;CHEBI:28997;METABOLIGHTS:MTBLC28997;HMDB:HMDB00071;CHEMSPIDER:619;CAS:890-38-0;LIGAND-CPD:C05512	D:\嗜酸氧化亚铁硫杆菌\03_BioCyc\C2-1\官方原始下载\GCF_000021485_compounds_left_network_full_20260923_083853.xml
Compound	GCF_000021485	Oxo-glutarate-dehydrogenase-DH-lipoyl	a [2-oxoglutarate dehydrogenase E2 protein] <i>N<sup>6</sup></i>-dihydrolipoyl-L-lysine				SEED:cpd27764;METANETX:MNXM12554	D:\嗜酸氧化亚铁硫杆菌\03_BioCyc\C2-1\官方原始下载\GCF_000021485_compounds_left_network_full_20260923_083853.xml
Compound	GCF_000021485	UTP	UTP	uridine-triphosphate;uridine-5'-triphosphate		480.112	REACTOME-CPD:29494;SEED:cpd00062;METANETX:MNXM121;REFMET:UTP;BIGG:utp;METABOLIGHTS:MTBLC46398;HMDB:HMDB00285;CHEMSPIDER:5414500;PUBCHEM:7058168;CHEBI:46398;LIGAND-CPD:C00075;CAS:63-39-8	D:\嗜酸氧化亚铁硫杆菌\03_BioCyc\C2-1\官方原始下载\GCF_000021485_compounds_left_network_full_20260923_083853.xml
Compound	GCF_000021485	CPDQT-27	6-(methylsulfanyl)-2-oxohexanoate	6-(methylthio)-2-oxohexanoic acid;6-(methylthio)-2-oxohexanoate		175.222	SEED:cpd17406;CHEBI:80965;METANETX:MNXM3819;LIGAND-CPD:C17216;PUBCHEM:44237195;KNAPSACK:C00007648	D:\嗜酸氧化亚铁硫杆菌\03_BioCyc\C2-1\官方原始下载\GCF_000021485_compounds_right_network_full_20260923_083853.xml
Compound	GCF_000021485	Nucleoside-Monophosphates	a nucleoside 5'-monophosphate	mononucleotide;a nucleoside 5'-phosphate;NMP;a nucleoside monophosphate			CHEBI:29075;LIGAND-CPD:C02171	D:\嗜酸氧化亚铁硫杆菌\03_BioCyc\C2-1\官方原始下载\GCF_000021485_compounds_right_network_full_20260923_083853.xml
Compound	GCF_000021485	Lipid-X	a lipid X	2-<i>N</i>-[(3<i>R</i>)-3-hydroxyacyl]-3-<i>O</i>-[(3<i>R</i>)-3-hydroxyacyl]-&alpha;-D-glucosamine 1-phosphate				D:\嗜酸氧化亚铁硫杆菌\03_BioCyc\C2-1\官方原始下载\GCF_000021485_compounds_left_network_full_20260923_083853.xml
Compound	GCF_000021485	FRU1P	&beta;-D-fructofuranose 1-phosphate	&beta;-D-fructofuranose-1-P		258.121	REACTOME-CPD:31221;HMDB:HMDB01076;METANETX:MNXM743;CHEBI:138881;BIGG:f1p;PUBCHEM:25244216;CAS:15978-08-2	D:\嗜酸氧化亚铁硫杆菌\03_BioCyc\C2-1\官方原始下载\GCF_000021485_compounds_left_network_full_20260923_083853.xml
Compound	GCF_000021485	XANTHOSINE-5-PHOSPHATE	XMP	(9-D-ribosylxanthine) 5'-phosphate;xanthosine 5-phosphate;xanthosine 5'-phosphate;xanthosine-5-P;xanthosine-5'-P;9-(5-phospho-&beta;-D-ribosyl)xanthine;xanthine ribotide		362.192	REACTOME-CPD:111584;SEED:cpd00497;METANETX:MNXM298;REFMET:XMP;BIGG:xmp;PUBCHEM:23421208;METABOLIGHTS:MTBLC57464;HMDB:HMDB01554;CHEBI:57464;CHEMSPIDER:3859309;CAS:523-98-8;LIGAND-CPD:C00655	D:\嗜酸氧化亚铁硫杆菌\03_BioCyc\C2-1\官方原始下载\GCF_000021485_compounds_left_network_full_20260923_083853.xml
Compound	GCF_000021485	Acetylated-S18-N-terminal-L-alanine	an N-terminal <i>N</i>-acetyl-L-alanyl-[bS18 protein of 30S ribosome]					D:\嗜酸氧化亚铁硫杆菌\03_BioCyc\C2-1\官方原始下载\GCF_000021485_compounds_right_network_full_20260923_083853.xml
Compound	GCF_000021485	L-Glutamyl-Peptides	an N-terminal L-glutamyl-[protein]	a [protein] N-terminal L-glutamate			SEED:cpd27364;METANETX:MNXM18908;LIGAND-CPD:C21456	D:\嗜酸氧化亚铁硫杆菌\03_BioCyc\C2-1\官方原始下载\GCF_000021485_compounds_left_network_full_20260923_083853.xml
Compound	GCF_000021485	Deoxy-Ribonucleoside-Diphosphates	a 2'-deoxyribonucleoside 5'-diphosphate	a deoxyribonucleoside diphosphate;a deoxynucleoside diphosphate;2'-deoxyribonucleoside diphosphate;deoxynucleoside diphosphate;deoxyribonucleoside diphosphate;a 2'-deoxyribonucleoside diphosphate			SEED:cpd26939;METANETX:MNXM6660;CHEBI:17955;LIGAND-CPD:C04232	D:\嗜酸氧化亚铁硫杆菌\03_BioCyc\C2-1\官方原始下载\GCF_000021485_compounds_left_network_full_20260923_083853.xml
Compound	GCF_000021485	HYDROXYLAMINE	hydroxylamine	NH2OH		33.03	SEED:cpd00165;METANETX:MNXM433;REFMET:Hydroxylamine;METABOLIGHTS:MTBLC15429;HMDB:HMDB03338;CHEMSPIDER:766;PUBCHEM:787;CHEBI:15429;LIGAND-CPD:C00192;CAS:7803-49-8	D:\嗜酸氧化亚铁硫杆菌\03_BioCyc\C2-1\官方原始下载\GCF_000021485_compounds_left_network_full_20260923_083853.xml
Compound	GCF_000021485	TYR	L-tyrosine	Y;tyrosine;L-tyr;tyr		181.191	MEDIADB:compounds/80/;METANETX:MNXM76;REFMET:Tyrosine;BIGG:tyr__L;METABOLIGHTS:MTBLC58315;HMDB:HMDB00158;CHEBI:58315;PUBCHEM:6942100;LIGAND-CPD:C00082;CAS:60-18-4	D:\嗜酸氧化亚铁硫杆菌\03_BioCyc\C2-1\官方原始下载\GCF_000021485_compounds_left_network_full_20260923_083853.xml
Compound	GCF_000021485	Ribonucleoside-Diphosphates	a ribonucleoside diphosphate	a nucleoside diphosphate;ribonucleoside diphosphate;nucleoside diphosphate			METANETX:MNXM413;CHEBI:17668;LIGAND-CPD:C03723	D:\嗜酸氧化亚铁硫杆菌\03_BioCyc\C2-1\官方原始下载\GCF_000021485_compounds_right_network_full_20260923_083853.xml
Compound	GCF_000021485	5-P-RIBOSYL-N-FORMYLGLYCINEAMIDE	<i>N</i><sup>2</sup>-formyl-<i>N</i><sup>1</sup>-(5-phospho-&beta;-D-ribosyl)glycinamide	5'-phosphoribosyl-<i>N</i>-formylglycineamide;5'-P-ribosyl-<i>N</i>-formylglycineamide;5'-phosphoribosyl-<i>N</i>-formylglycinamide;5-phosphoribosyl-<i>N</i>-formalglycineamide;5'-phosphoribosyl-formylglycinamide		312.172	CHEBI:147286;REACTOME-CPD:111354;SEED:cpd02678;METANETX:MNXM453;BIGG:fgam;PUBCHEM:90658924;METABOLIGHTS:MTBLC58426;HMDB:HMDB01308;LIGAND-CPD:C04376	D:\嗜酸氧化亚铁硫杆菌\03_BioCyc\C2-1\官方原始下载\GCF_000021485_compounds_left_network_full_20260923_083853.xml
Compound	GCF_000021485	6-Dimethylallyladenosine37-tRNAs	<i>N</i><sup>6</sup>-(3-methylbut-2-en-1-yl)-adenine<sup>37</sup> in tRNA	2-methylthio-<i>N</i>-dimethylallyladenosine<sup>37</sup> in tRNA;tRNA-(2-methylthio-N-6-dimethylallyladenosine);<i>N</i><sup>6</sup>-dimethylallyladenosine<sup>37</sup> in tRNA			METANETX:MNXM147218	D:\嗜酸氧化亚铁硫杆菌\03_BioCyc\C2-1\官方原始下载\GCF_000021485_compounds_left_network_full_20260923_083853.xml
Compound	GCF_000021485	3-CARBOXY-3-HYDROXY-ISOCAPROATE	(2<i>S</i>)-2-isopropylmalate	3-hydroxy-4-methyl-3-carboxypentanoate;3-carboxy-3-hydroxy-4-methylpentanoate;3-carboxy-3-hydroxy-isocaproate;&alpha;-isopropylmalate		174.153	SEED:cpd01646;METANETX:MNXM985;REFMET:2-isopropylmalic acid;PUBCHEM:6419727;CHEBI:1178;BIGG:3c3hmp;HMDB:HMDB00402;CHEMSPIDER:4925359;LIGAND-CPD:C02504	D:\嗜酸氧化亚铁硫杆菌\03_BioCyc\C2-1\官方原始下载\GCF_000021485_compounds_right_network_full_20260923_083853.xml
Compound	GCF_000021485	MALONYL-COA	malonyl-CoA	malonyl coenzyme A		848.541	METANETX:MNXM40;REFMET:Malonyl-CoA;BIGG:malcoa;PUBCHEM:45266608;METABOLIGHTS:MTBLC57384;HMDB:HMDB01175;CHEBI:57384;LIGAND-CPD:C00083;CAS:524-14-1	D:\嗜酸氧化亚铁硫杆菌\03_BioCyc\C2-1\官方原始下载\GCF_000021485_compounds_left_network_full_20260923_083853.xml
Compound	GCF_000021485	tRNA-Arg-inosine34	an inosine<sup>34</sup> in [tRNA<sup>Arg2</sup>]	[tRNA<sup>Arg2</sup>]-inosine<sup>34</sup>			SEED:cpd28547;METANETX:MNXM22220	D:\嗜酸氧化亚铁硫杆菌\03_BioCyc\C2-1\官方原始下载\GCF_000021485_compounds_right_network_full_20260923_083853.xml
Compound	GCF_000021485	CPD0-1081	<i>N</i>-acetyl-&beta;-D-glucosamine-1,6-anhydro-<i>N</i>-acetyl-&beta;-D-muramate	glcNAc-1,6-anhMurNAc;<i>N</i>-acetyl-&beta;-D-glucosamine(anhydrous)-<i>N</i>-acetylmuramic acid		477.444	SEED:cpd25965;METANETX:MNXM12360;PUBCHEM:129320401;BIGG:anhgm	D:\嗜酸氧化亚铁硫杆菌\03_BioCyc\C2-1\官方原始下载\GCF_000021485_compounds_left_network_full_20260923_083853.xml
Compound	GCF_000021485	PHOSPHORIBOSYL-FORMAMIDO-CARBOXAMIDE	5-formamido-1-(5-phospho-D-ribosyl)-imidazole-4-carboxamide	5-formamido-1-(5-phospho-D-ribosyl)imidazole-4-carboxamide;5'-p-ribosyl-5-formamido-4-imidazolecarboxamide;5'-phosphoribosyl-5-formamido-4-imidazole carboxamide;5'-p-ribosyl-5-formamido-4-imidazole carboxamide;5-phosphoribosyl-5-formamido-4-imid-carboxamide;5'-phosphoribosyl-formamido-carboxamide;5-formylamidoimidazole-4-carboxamide ribonucleotide		364.208	REACTOME-CPD:111427;SEED:cpd02884;METANETX:MNXM456;BIGG:fprica;PUBCHEM:45266654;METABOLIGHTS:MTBLC58467;HMDB:HMDB01439;CHEBI:58467;LIGAND-CPD:C04734	D:\嗜酸氧化亚铁硫杆菌\03_BioCyc\C2-1\官方原始下载\GCF_000021485_compounds_right_network_full_20260923_083853.xml
Compound	GCF_000021485	CPD-15159	(6R)-L-<i>erythro</i>-6,7-dihydrobiopterin	<i>erythro</i>-quinonoid dihydro-(6H)-biopterin;<i>erythro</i>-quinoid dihydrobiopterin;(6R)-<i>erythro</i>-6,7-dihydrobiopterin		239.233	LIGAND-CPD:C00268;REACTOME-CPD:71129;METANETX:MNXM162257;PUBCHEM:135398653;CHEBI:43120;METABOLIGHTS:MTBLC20680;HMDB:HMDB02215	D:\嗜酸氧化亚铁硫杆菌\03_BioCyc\C2-1\官方原始下载\GCF_000021485_compounds_left_network_full_20260923_083853.xml
Compound	GCF_000021485	5-METHYLTHIOADENOSINE	<i>S</i>-methyl-5'-thioadenosine	methylthioadenosine;5'-methylthioadenosine;MTA;5'-deoxy-5'-(methylsulfanyl)adenosine		297.331	SEED:cpd00147;METANETX:MNXM150;REFMET:5'-Methylthioadenosine;BIGG:5mta;METABOLIGHTS:MTBLC17509;HMDB:HMDB01173;DRUGBANK:DB02282;CHEMSPIDER:388321;PUBCHEM:439176;CHEBI:17509;LIGAND-CPD:C00170;CAS:2457-80-9	D:\嗜酸氧化亚铁硫杆菌\03_BioCyc\C2-1\官方原始下载\GCF_000021485_compounds_left_network_full_20260923_083853.xml
Compound	GCF_000021485	1-L-MYO-INOSITOL-1-P	1D-<i>myo</i>-inositol 3-monophosphate	1-L-<i>myo</i>-inositol-1-p;L-<i>myo</i>-inositol 1-phosphate;inositol 1-phosphate;<i>myo</i>-inositol 1-phosphate;1D-<i>myo</i>-inositol 3-phosphate;Ins(3)P<sub>1</sub>;D-<i>myo</i>-inositol (3)-monophosphate;<i>myo</i>-inositol 1-monophosphate;Ins3P;1L-<i>myo</i>-inositol 1-phosphate;<i>myo</i>-inositol phosphate		258.121	REACTOME-CPD:1629731;SEED:cpd02484;METANETX:MNXM540;METABOLIGHTS:MTBLC58401;HMDB:HMDB06814;CHEMSPIDER:16744087;CHEBI:58401;PUBCHEM:5288700;LIGAND-CPD:C04006	D:\嗜酸氧化亚铁硫杆菌\03_BioCyc\C2-1\官方原始下载\GCF_000021485_compounds_left_network_full_20260923_083853.xml
Compound	GCF_000021485	PHOSPHORIBOSYL-FORMIMINO-AICAR-P	1-(5-phospho-&beta;-D-ribosyl)-5-[(5-phosphoribosylamino)methylideneamino]imidazole-4-carboxamide	phosphoribosylformiminoAICAR-phosphate;phosphoribosyl-formimino-aicar-P;phosphoribosylformiminoAICAR-P;5-(5-phospho-D-ribosyl-aminoformimino)-1-(5-phosphoribosyl)-imidazole4-carboxamide;5-(5'-phospho-D-ribosyl-aminoformimino)-1-(5-phosphoribosyl)-imidazole-4-carboxamide;N-5-phosphoribosyl-formimino-5-amino-imidazole-4-carboxamide ribonucleotide;N-(5'-phospho-D-ribosylformimino)-5-amino-1-(5''-phosphoribosyl)-4-imidazolecarboxamide		573.303	SEED:cpd02979;METANETX:MNXM1397;BIGG:prfp;HMDB:HMDB12277;CHEBI:58435;PUBCHEM:45266644;LIGAND-CPD:C04896	D:\嗜酸氧化亚铁硫杆菌\03_BioCyc\C2-1\官方原始下载\GCF_000021485_compounds_left_network_full_20260923_083853.xml
Compound	GCF_000021485	CPD-22272	ferroheme <i>o</i><sub>P2</sub>			904.97	PUBCHEM:145865007	D:\嗜酸氧化亚铁硫杆菌\03_BioCyc\C2-1\官方原始下载\GCF_000021485_compounds_right_network_full_20260923_083853.xml
Compound	GCF_000021485	Guanine37-in-tRNA	a guanine<sup>37</sup> in tRNA				SEED:cpd27202;METANETX:MNXM11736	D:\嗜酸氧化亚铁硫杆菌\03_BioCyc\C2-1\官方原始下载\GCF_000021485_compounds_left_network_full_20260923_083853.xml
Compound	GCF_000021485	2-ACETO-LACTATE	(<i>S</i>)-2-acetolactate	(<i>S</i>)-2-hydroxy-2-methyl-3-oxobutanoate;&alpha;-acetolactate;(2<i>S</i>)-2-hydroxy-2-methyl-3-oxobutanoate		131.108	SEED:cpd19047;METANETX:MNXM114079;BIGG:alac__S;HMDB:HMDB06855;CHEMSPIDER:19951073;CHEBI:58476;PUBCHEM:13999770;LIGAND-CPD:C06010	D:\嗜酸氧化亚铁硫杆菌\03_BioCyc\C2-1\官方原始下载\GCF_000021485_compounds_left_network_full_20260923_083853.xml
Compound	GCF_000021485	CPD-12575	UDP-&alpha;-D-glucose	UDPG;UDP-glucose;UDP-D-glucose;UDP-&alpha;-D-glucopyranose		564.289	CHEBI:58885;PUBCHEM:16667346;CAS:133-89-1;KNAPSACK:C00001514;HMDB:HMDB00286;HMDB:HMDB60079;METANETX:MNXM722710;BIGG:udpg;LIGAND-CPD:C00029;CHEMSPIDER:10239191	D:\嗜酸氧化亚铁硫杆菌\03_BioCyc\C2-1\官方原始下载\GCF_000021485_compounds_left_network_full_20260923_083853.xml
Compound	GCF_000021485	CPD-10740	unsaturated CDP-archaeol	CDP-2,3-bis-<i>O</i>-(geranylgeranyl)-<i>sn</i>-glycerol;unsaturated C20-C20 ether lipid		1020.187	SEED:cpd18042;METANETX:MNXM2005;LIGAND-CPD:C18059;PUBCHEM:46878446;CHEBI:58838	D:\嗜酸氧化亚铁硫杆菌\03_BioCyc\C2-1\官方原始下载\GCF_000021485_compounds_right_network_full_20260923_083853.xml
Compound	GCF_000021485	METOH	methanol	MeOH;MetOH;carbinol;methyl alcohol;wood alcohol;CH<sub>3</sub>OH		32.042	MEDIADB:compounds/129/;REFMET:Methanol;METABOLIGHTS:MTBLC17790;HMDB:HMDB01875;CHEMSPIDER:864;CHEBI:17790;PUBCHEM:887;LIGAND-CPD:C00132;CAS:67-56-1	D:\嗜酸氧化亚铁硫杆菌\03_BioCyc\C2-1\官方原始下载\GCF_000021485_compounds_right_network_full_20260923_083853.xml
Compound	GCF_000021485	DEOXYGUANOSINE	2'-deoxyguanosine	deoxyguanosine;guanine 2'-deoxyriboside		267.244	SEED:cpd00277;METANETX:MNXM647;PUBCHEM:135398592;REFMET:Deoxyguanosine;BIGG:dgsn;CHEBI:17172;METABOLIGHTS:MTBLC17172;HMDB:HMDB00085;CHEMSPIDER:618;LIGAND-CPD:C00330;CAS:961-07-9	D:\嗜酸氧化亚铁硫杆菌\03_BioCyc\C2-1\官方原始下载\GCF_000021485_compounds_left_network_full_20260923_083853.xml
Compound	GCF_000021485	DNA-Holder	DNA				REACTOME-CPD:29428;SEED:cpd11461;METANETX:MNXM634;LIGAND-CPD:C00039	D:\嗜酸氧化亚铁硫杆菌\03_BioCyc\C2-1\官方原始下载\GCF_000021485_compounds_right_network_full_20260923_083853.xml
Compound	GCF_000021485	L-1-PHOSPHATIDYL-GLYCEROL	a phosphatidylglycerol	an L-1-phosphatidyl-<i>sn</i>-glycerol;a 1,2-diacyl-<i>sn</i>-glycero-3-phospho-(1'-<i>sn</i>-glycerol);a 1-phosphatidylglycerol			SEED:cpd27340;METANETX:MNXM162318;CHEBI:64716;LIGAND-CPD:C00344	D:\嗜酸氧化亚铁硫杆菌\03_BioCyc\C2-1\官方原始下载\GCF_000021485_compounds_left_network_full_20260923_083853.xml
Compound	GCF_000021485	CPD-21340	<i>all-trans</i>-nonaprenyl diphosphate	(hydroxy-(3,7,11,15,19,23,27,31,35-nonamethylhexatriaconta-2,6,10,14,18,22,26,30,34-nonaenoxy)phosphinoyl)oxyphosphonic acid;solanyl pyrophosphate;all-<i>trans</i>-nonaprenyl diphosphate;solanesyl pyrophosphate;solanesyl diphosphate		788.015	PUBCHEM:25244603;CHEBI:58391;CHEMSPIDER:4444250;LIGAND-CPD:C04145;PUBCHEM:5280650	D:\嗜酸氧化亚铁硫杆菌\03_BioCyc\C2-1\官方原始下载\GCF_000021485_compounds_left_network_full_20260923_083853.xml
Compound	GCF_000021485	CPD-23219	5-deoxy-D-ribulose 1-phosphate			212.096	PUBCHEM:134930915;CHEBI:144504	D:\嗜酸氧化亚铁硫杆菌\03_BioCyc\C2-1\官方原始下载\GCF_000021485_compounds_right_network_full_20260923_083853.xml
Compound	GCF_000021485	Deoxy-Ribonucleoside-Triphosphates	a 2'-deoxyribonucleoside 5'-triphosphate	a deoxynucleoside triphosphate;a deoxyribonucleoside triphosphate;a dNTP			SEED:cpd00514;METANETX:MNXM96330;LIGAND-CPD:C00677	D:\嗜酸氧化亚铁硫杆菌\03_BioCyc\C2-1\官方原始下载\GCF_000021485_compounds_left_network_full_20260923_083853.xml
Compound	GCF_000021485	CPD0-1108	&beta;-D-ribofuranose			150.131	SEED:cpd16443;METANETX:MNXM3548;CHEMSPIDER:394477;LIGAND-CPD:C16639;CHEBI:47002;PUBCHEM:447347	D:\嗜酸氧化亚铁硫杆菌\03_BioCyc\C2-1\官方原始下载\GCF_000021485_compounds_left_network_full_20260923_083853.xml
Compound	GCF_000021485	CPD-24843	<i>(R)</i>-lactic acid			90.079	CHEBI:42111	D:\嗜酸氧化亚铁硫杆菌\03_BioCyc\C2-1\官方原始下载\GCF_000021485_compounds_left_network_full_20260923_083853.xml
Compound	GCF_000021485	DATP	dATP	2'-deoxyATP;2'-deoxyadenosine triphosphate;deoxy-ATP;deoxyadenosine-triphosphate;2'-deoxyadenosine-5'-triphosphate		487.152	REACTOME-CPD:110644;SEED:cpd00115;METANETX:MNXM286;REFMET:dATP;BIGG:datp;METABOLIGHTS:MTBLC61404;HMDB:HMDB01532;CHEBI:61404;PUBCHEM:25320183;LIGAND-CPD:C00131;CAS:1927-31-7	D:\嗜酸氧化亚铁硫杆菌\03_BioCyc\C2-1\官方原始下载\GCF_000021485_compounds_left_network_full_20260923_083853.xml
Compound	GCF_000021485	CPD-18118	D-arabinofuranose 5-phosphate	D-arabinofuranose 5P		228.095	METANETX:MNXM43802;CHEBI:85971;PUBCHEM:91825727	D:\嗜酸氧化亚铁硫杆菌\03_BioCyc\C2-1\官方原始下载\GCF_000021485_compounds_left_network_full_20260923_083853.xml
Compound	GCF_000021485	5-PHOSPHORIBOSYL-N-FORMYLGLYCINEAMIDINE	2-(formamido)-N<sup>1</sup>-(5-phospho-&beta;-D-ribosyl)acetamidine	5-phosphoribosyl-<i>N</i>-formylglycineamidine;5'-phosphoribosyl-<i>N</i>-formyl glycineamidine;5'-phosphoribosylformylglycinamidine		312.196	CHEBI:147287;METANETX:MNXM568;BIGG:fpram;PUBCHEM:90657386;HMDB:HMDB06211;LIGAND-CPD:C04640	D:\嗜酸氧化亚铁硫杆菌\03_BioCyc\C2-1\官方原始下载\GCF_000021485_compounds_left_network_full_20260923_083853.xml
Compound	GCF_000021485	HS	hydrogen sulfide	sulfide;H<SUB>2</SUB>S		34.076	BIGG:h2s;METABOLIGHTS:MTBLC16136;HMDB:HMDB03276;CHEMSPIDER:391;LIGAND-CPD:C00283;PUBCHEM:402;CAS:7783-06-4;CHEBI:16136	D:\嗜酸氧化亚铁硫杆菌\03_BioCyc\C2-1\官方原始下载\GCF_000021485_compounds_left_network_full_20260923_083853.xml
Compound	GCF_000021485	SoxY-S-S-Thiocysteine	a [SoxY protein]-<i>S</i>-disulfanyl-L-cysteine					D:\嗜酸氧化亚铁硫杆菌\03_BioCyc\C2-1\官方原始下载\GCF_000021485_compounds_left_network_full_20260923_083853.xml
Compound	GCF_000021485	CPD-23449	sulfo-<i>bis</i>(guanylyl molybdopterin) cofactor	sulfo-<i>bis</i>(molybdopterin guanine dinucleotide)molybdenum cofactor;MoS(Dtpp-mGDP)<sub>2</sub>;sulfo-<i>bis</i>-MGD;sulfo-<i>bis</i>(molybdopterin guanine dinucleotide)molybdenum;sulfo-molybdo-<i>bis</i>(pyranopterin guanine dinucleotide);sulfo-mo-bis(molybdopterin guanine dinucleotide);sulfo-Mo-<i>bis</i>PGD;sulfo-Mo-<i>bis</i>(pyranopterin guanosine dinucleotide)				D:\嗜酸氧化亚铁硫杆菌\03_BioCyc\C2-1\官方原始下载\GCF_000021485_compounds_right_network_full_20260923_083853.xml
Compound	GCF_000021485	CPD-18804	a peptidoglycan internal segment (with L-alanyl-&gamma;-D-glutamyl-<i>meso</i>-2,6-diaminopimeloyl-D-alanine tetrapeptide)				METANETX:MNXM166793	D:\嗜酸氧化亚铁硫杆菌\03_BioCyc\C2-1\官方原始下载\GCF_000021485_compounds_left_network_full_20260923_083853.xml
Compound	GCF_000021485	5-phosphooligonucleotides	a 5'-phosphooligonucleotide				SEED:cpd11655;METANETX:MNXM94288;LIGAND-CPD:C00351	D:\嗜酸氧化亚铁硫杆菌\03_BioCyc\C2-1\官方原始下载\GCF_000021485_compounds_right_network_full_20260923_083853.xml
Compound	GCF_000021485	N-acetyl-beta-D-hexosamines	an <i>N</i>-acetyl-&beta;-D-hexosamine			221.21	SEED:cpd27613;METANETX:MNXM19591	D:\嗜酸氧化亚铁硫杆菌\03_BioCyc\C2-1\官方原始下载\GCF_000021485_compounds_right_network_full_20260923_083853.xml
Compound	GCF_000021485	CPD-24319	arsenite<sup>2-</sup>	hydrogen arsenite;HAsO<sub>3</sub><sup>2-</sup>		123.928	CHEBI:29243	D:\嗜酸氧化亚铁硫杆菌\03_BioCyc\C2-1\官方原始下载\GCF_000021485_compounds_left_network_full_20260923_083853.xml
Compound	GCF_000021485	THREO-DS-ISO-CITRATE	D-<i>threo</i>-isocitrate	D-<i>threo</i>-isocitrate;(1<i>R</i>, 2<i>S</i>)-1-hydroxypropane-1,2,3-tricarboxylate;D-<i>threo</i>-isocitric acid;isocitric acid;isocitrate;threo-D<SUB>s</SUB>-isocitrate;I-CIT;D-isocitrate		189.101	SEED:cpd00353;METANETX:MNXM162;REFMET:Isocitric acid;BIGG:icit;METABOLIGHTS:MTBLC15562;HMDB:HMDB01874;CHEMSPIDER:4573553;LIGAND-CPD:C00451;KNAPSACK:C00001188;CAS:320-77-4;CAS:30810-51-6;PUBCHEM:5459771;CHEBI:15562	D:\嗜酸氧化亚铁硫杆菌\03_BioCyc\C2-1\官方原始下载\GCF_000021485_compounds_left_network_full_20260923_083853.xml
Compound	GCF_000021485	3-OCTAPRENYL-4-HYDROXYBENZOATE	4-hydroxy-3-octaprenylbenzoate	3-octaprenyl-4-hydroxybenzoate		682.06	SEED:cpd03443;METANETX:MNXM2195;BIGG:3ophb;CHEMSPIDER:5256806;PUBCHEM:54685638;CHEBI:1617;LIGAND-CPD:C05809	D:\嗜酸氧化亚铁硫杆菌\03_BioCyc\C2-1\官方原始下载\GCF_000021485_compounds_left_network_full_20260923_083853.xml
Compound	GCF_000021485	CPD-16013	2-iminobutanoate			101.105	METANETX:MNXM145836;LIGAND-CPD:C20905;PUBCHEM:19796801	D:\嗜酸氧化亚铁硫杆菌\03_BioCyc\C2-1\官方原始下载\GCF_000021485_compounds_left_network_full_20260923_083853.xml
Compound	GCF_000021485	DGTP	dGTP	2'-deoxyguanosine-5'-triphosphate;deoxy-GTP;deoxyguanosine-triphosphate		503.152	SEED:cpd00241;METANETX:MNXM344;PUBCHEM:135398598;REFMET:dGTP;BIGG:dgtp;HMDB:HMDB01440;CHEBI:61429;LIGAND-CPD:C00286;CAS:2564-35-4	D:\嗜酸氧化亚铁硫杆菌\03_BioCyc\C2-1\官方原始下载\GCF_000021485_compounds_left_network_full_20260923_083853.xml
Compound	GCF_000021485	HYDROXY-METHYL-BUTENYL-DIP	(<i>E</i>)-4-hydroxy-3-methylbut-2-en-1-yl diphosphate	(<i>E</i>)-4-hydroxy-3-methylbut 2-en-1-yl diphosphate;HMBDP;1-hydroxy-2-methyl-2-(E)-butenyl 4-diphosphate		259.069	METANETX:MNXM606;BIGG:h2mb4p;CHEMSPIDER:10224038;CHEBI:128753;PUBCHEM:21597501;LIGAND-CPD:C11811	D:\嗜酸氧化亚铁硫杆菌\03_BioCyc\C2-1\官方原始下载\GCF_000021485_compounds_left_network_full_20260923_083853.xml
Compound	GCF_000021485	CPD-7323	methanophenazine	2-(2,3-dihydropentaprenyloxy)phenazine;2-(2,3-dihydro-all-<i>trans</i>-tetraprenyloxy)phenazine;2-[(6<i>E</i>,10<i>E</i>,14<i>E</i>-3,7,11,15,19-pentamethylicosa-6,10,14,18-tetraen-1-yloxy]phenazine		538.815	SEED:cpd08701;METANETX:MNXM1933;CHEMSPIDER:4445251;CHEBI:29118;PUBCHEM:5281992;LIGAND-CPD:C11903	D:\嗜酸氧化亚铁硫杆菌\03_BioCyc\C2-1\官方原始下载\GCF_000021485_compounds_left_network_full_20260923_083853.xml
Compound	GCF_000021485	SS-Oligodeoxyribonucleotides	a single-stranded oligodeoxyribonucleotide				SEED:cpd28159;METANETX:MNXM21762	D:\嗜酸氧化亚铁硫杆菌\03_BioCyc\C2-1\官方原始下载\GCF_000021485_compounds_right_network_full_20260923_083853.xml
Compound	GCF_000021485	4-AMINO-BUTYRATE	4-aminobutanoate	4-NH2-but;4-NH3-but;GABA;4-aminobutyric acid;&gamma;-aminobutyrate;4-amino-<i>n</i>-butyric acid;&gamma;-amino-n-butyric acid;gamma-amino-N-butyrate;g-amino-n-butyric acid;4-aminobutyrate		103.121	SEED:cpd00281;METANETX:MNXM192;REFMET:Gamma-Aminobutyric acid;BIGG:4abut;METABOLIGHTS:MTBLC59888;HMDB:HMDB00112;CHEBI:59888;PUBCHEM:6992099;LIGAND-CPD:C00334;CAS:56-12-2	D:\嗜酸氧化亚铁硫杆菌\03_BioCyc\C2-1\官方原始下载\GCF_000021485_compounds_left_network_full_20260923_083853.xml
Compound	GCF_000021485	N6-L-threonylcarbamoyladenine37-tRNAs	an <i>N</i><sup>6</sup>-L-threonylcarbamoyladenine<sup>37</sup> in tRNA				METANETX:MNXM147219	D:\嗜酸氧化亚铁硫杆菌\03_BioCyc\C2-1\官方原始下载\GCF_000021485_compounds_left_network_full_20260923_083853.xml
Compound	GCF_000021485	biotin-L-lysine-in-BCCP-dimers	a [biotin carboxyl-carrier-protein dimer]-<i>N</i><sup>6</sup>-biotinyl-L-lysine	a [BCCP dimer]-<i>N</i><sup>6</sup>-biotinyl-L-lysine				D:\嗜酸氧化亚铁硫杆菌\03_BioCyc\C2-1\官方原始下载\GCF_000021485_compounds_left_network_full_20260923_083853.xml
Compound	GCF_000021485	ETR-Quinols	an electron-transfer quinol				SEED:cpd27011;METANETX:MNXM162252	D:\嗜酸氧化亚铁硫杆菌\03_BioCyc\C2-1\官方原始下载\GCF_000021485_compounds_left_network_full_20260923_083853.xml
Compound	GCF_000021485	CPD-19753	2-dehydro-3-deoxy-D-octonate	keto-3-deoxy-D-manno-octulosonate;3-deoxy-D-manno-octulosonate;keto-3-deoxy-D-manno-oct-2-ulosonate		237.186	PUBCHEM:5460395;CHEBI:16064	D:\嗜酸氧化亚铁硫杆菌\03_BioCyc\C2-1\官方原始下载\GCF_000021485_compounds_left_network_full_20260923_083853.xml
Compound	GCF_000021485	GLN	L-glutamine	Q;proglumide;glum;glutamine;glumin;2-aminoglutaramic acid;glutamic acid 5-amide;L-gln		146.146	MEDIADB:compounds/290/;MEDIADB:compounds/62/;METANETX:MNXM37;REFMET:Glutamine;BIGG:gln__L;METABOLIGHTS:MTBLC58359;HMDB:HMDB00641;CHEBI:58359;PUBCHEM:6992086;LIGAND-CPD:C00064;CAS:56-85-9	D:\嗜酸氧化亚铁硫杆菌\03_BioCyc\C2-1\官方原始下载\GCF_000021485_compounds_left_network_full_20260923_083853.xml
Compound	GCF_000021485	DIHYDROLIPOYL-GCVH	a [glycine-cleavage complex H protein] <i>N<sup>6</sup></i>-dihydrolipoyl-L-lysine				SEED:cpd26863;METANETX:MNXM11384	D:\嗜酸氧化亚铁硫杆菌\03_BioCyc\C2-1\官方原始下载\GCF_000021485_compounds_left_network_full_20260923_083853.xml
Compound	GCF_000021485	CPD2B4Q-14	lipid X (<i>Brucella</i>)	2-<i>N</i>-[(3<i>R</i>)-3-hydroxydodecanoyl]-3-<i>N</i>-[(3<i>R</i>)-3-hydroxyhexanoyl]-&alpha;-3-amino-3-deoxy-1-phospho-D-glucosamine		708.868		D:\嗜酸氧化亚铁硫杆菌\03_BioCyc\C2-1\官方原始下载\GCF_000021485_compounds_left_network_full_20260923_083853.xml
Compound	GCF_000021485	CARBAMYUL-L-ASPARTATE	<i>N</i>-carbamoyl-L-aspartate	carbamyul-L-aspartate;carbamyul-aspartate;carbamoyl-aspartate;carbamyl-aspartate;carbamyl-L-aspartate;L-ureidosuccinate		174.113	REACTOME-CPD:111628;SEED:cpd00343;METANETX:MNXM465;BIGG:cbasp;PUBCHEM:5460257;METABOLIGHTS:MTBLC32814;HMDB:HMDB00828;CHEBI:32814;CHEMSPIDER:10718031;LIGAND-CPD:C00438;CAS:16649-79-9	D:\嗜酸氧化亚铁硫杆菌\03_BioCyc\C2-1\官方原始下载\GCF_000021485_compounds_right_network_full_20260923_083853.xml
Compound	GCF_000021485	23S-rRNA-2-O-methylguanosine2251	2-<i>O</i>-methylguanosine<sup>2251</sup> in 23S rRNA				SEED:cpd21933;METANETX:MNXM14384	D:\嗜酸氧化亚铁硫杆菌\03_BioCyc\C2-1\官方原始下载\GCF_000021485_compounds_right_network_full_20260923_083853.xml
Compound	GCF_000021485	MESO-DIAMINOPIMELATE	<i>meso</i>-diaminopimelate	meso-2,6-diaminopimelate;meso-A<SUB>2</SUB>pm;meso-diaminoheptanedioate;meso-2,6-diaminoheptanedioate;meso-1-&alpha;,&epsilon;-diaminopimelate;D,L-diaminopimelate;D,L-DAP;D,L-meso-diaminoheptanedioate;M-DAP		190.199	SEED:cpd00516;METANETX:MNXM529;REFMET:2,6-diaminopimelic acid;BIGG:26dap__M;METABOLIGHTS:MTBLC57791;CHEBI:57791;PUBCHEM:1549101;LIGAND-CPD:C00680;CAS:922-54-3	D:\嗜酸氧化亚铁硫杆菌\03_BioCyc\C2-1\官方原始下载\GCF_000021485_compounds_left_network_full_20260923_083853.xml
Compound	GCF_000021485	CPD-3762	5-amino-4-imidazolecarboxyamide	1H-imidazole-4-carboxamide, 5-amino-;5(4)-amino-4(5)-imidazolecarboxamide;5-aminoimidazole-4-carboxamide;4-amino-5-carbamoylimidazole;4-amino-5-imidazolecarboxamide		126.118	METANETX:MNXM4388;HMDB:HMDB03192;LIGAND-CPD:C04051;CHEBI:2030;PUBCHEM:25202832	D:\嗜酸氧化亚铁硫杆菌\03_BioCyc\C2-1\官方原始下载\GCF_000021485_compounds_right_network_full_20260923_083853.xml
Compound	GCF_000021485	CPD-12303	Und-PP-Mur2Ac-L-Ala-&gamma;-D-Glu-L-Lys-D-Ala	mur2Ac(oyl-L-Ala-&gamma;-D-Glu-L-Lys-D-Ala)-diphosphoundecaprenol;lipid I (tetrapeptide);undecaprenyl-diphospho-<i>N</i>-acetylmuramoyl-L-alanyl-&gamma;-D-glutamyl-L-lysyl- D-alanine;mur2Acoyl-L-Ala-&gamma;-D-Glu-L-Lys-D-Ala)-PP-Und		1598.955	SEED:cpd23338;METANETX:MNXM12378;PUBCHEM:90657616	D:\嗜酸氧化亚铁硫杆菌\03_BioCyc\C2-1\官方原始下载\GCF_000021485_compounds_left_network_full_20260923_083853.xml
Compound	GCF_000021485	CPD-9720	menaquinone-<i>9</i>	MK-9;MK9		785.247	SEED:cpd25794;METANETX:MNXM19280;LIGAND-CPD:C21526;REFMET:Menaquinone-9;CHEBI:44147;CHEMSPIDER:4873932;PUBCHEM:6289935	D:\嗜酸氧化亚铁硫杆菌\03_BioCyc\C2-1\官方原始下载\GCF_000021485_compounds_left_network_full_20260923_083853.xml
Compound	GCF_000021485	CPD-23445	cytidylyl molybdenum cofactor (trioxo)	Mo(V)-molybdopterin cytosine dinucleotide;MoO<sub>2</sub>(OH)Dtpp-mCDP;MCD;MoO<sub>3</sub>-molybdopterin cytosine dinucleotide;Mo-molybdopterin cytosine dinucleotide		840.434	CHEBI:60538	D:\嗜酸氧化亚铁硫杆菌\03_BioCyc\C2-1\官方原始下载\GCF_000021485_compounds_left_network_full_20260923_083853.xml
Compound	GCF_000021485	3-DEOXY-D-ARABINO-HEPTULOSONATE-7-P	3-deoxy-D-arabino-heptulosonate 7-phosphate	3-deoxy-D-arabino-heptulosonate-7-P;3-deoxy-arabino-heptulosonate 7-phosphate;3-deoxy-arabino-heptulosonate-7-P;2-dehydro-3-deoxy-D-arabino-heptonate 7-phosphate;3-deoxy-D-arabino-hept-2-ulosonate 7-phosphate;3-deoxy-arabino-heptulonate 7-phosphate;DAHP		285.124	REACTOME-CPD:964909;SEED:cpd02857;METANETX:MNXM1219;BIGG:2dda7p;CHEBI:58394;PUBCHEM:5460215;LIGAND-CPD:C04691;CAS:2627-73-8	D:\嗜酸氧化亚铁硫杆菌\03_BioCyc\C2-1\官方原始下载\GCF_000021485_compounds_left_network_full_20260923_083853.xml
Compound	GCF_000021485	Dinitrogen-reductase-L-arginine	a [dinitrogen reductase]-L-arginine				SEED:cpd12292;METANETX:MNXM91462;LIGAND-CPD:C03315	D:\嗜酸氧化亚铁硫杆菌\03_BioCyc\C2-1\官方原始下载\GCF_000021485_compounds_left_network_full_20260923_083853.xml
Compound	GCF_000021485	Alpha-6-alpha-14-glucans	a (1,6)-&alpha;-D-glucosyl-(1,4)-&alpha;-glucan				METANETX:MNXM146998	D:\嗜酸氧化亚铁硫杆菌\03_BioCyc\C2-1\官方原始下载\GCF_000021485_compounds_right_network_full_20260923_083853.xml
Compound	GCF_000021485	CPD-19235	&alpha;-D-ribose 1-(acetamidomethylphosphonate) 5-triphosphate	5-triphospho-&alpha;-D-ribosyl-1-(2-<i>N</i>-acetamidomethylphosphonate)		520.09	METANETX:MNXM164514;PUBCHEM:122706418	D:\嗜酸氧化亚铁硫杆菌\03_BioCyc\C2-1\官方原始下载\GCF_000021485_compounds_left_network_full_20260923_083853.xml
Compound	GCF_000021485	CPD-19236	&alpha;-D-ribose-1-(2-<i>N</i>-acetamidomethylphosphonate) 5-phosphate	1-(2-<i>N</i>-acetamidomethylphosphonato) 5-phospho-&alpha;-D-ribose		362.146	METANETX:MNXM164513;PUBCHEM:122706193	D:\嗜酸氧化亚铁硫杆菌\03_BioCyc\C2-1\官方原始下载\GCF_000021485_compounds_left_network_full_20260923_083853.xml
Compound	GCF_000021485	CPD-17931	a peptidoglycan internal segment with (L-alanyl-&gamma;-D-glutamyl-<I>meso</I>-2,6-diaminopimeloyl-D-alanine) tetrapeptide	peptidoglycan tetrapeptide, glycan chain 1;peptidoglycan tetrapeptide, glycan chain 2			PUBCHEM:25244276;METANETX:MNXM165068;SEED:cpd26010;METANETX:MNXM9006;SEED:cpd26011;METANETX:MNXM147999	D:\嗜酸氧化亚铁硫杆菌\03_BioCyc\C2-1\官方原始下载\GCF_000021485_compounds_left_network_full_20260923_083853.xml
Compound	GCF_000021485	16S-rRNA-N4-methylcytidine1402	an <i>N</i><sup>4</sup>-methylcytidine<sup>1402</sup> in 16S rRNA				SEED:cpd21821;METANETX:MNXM14043	D:\嗜酸氧化亚铁硫杆菌\03_BioCyc\C2-1\官方原始下载\GCF_000021485_compounds_right_network_full_20260923_083853.xml
Compound	GCF_000021485	CO+2	Co<SUP>2+</SUP>	Co<SUP>++</SUP>;cobalt(II);Co<sup>II</sup>		58.93	SEED:cpd00149;METANETX:MNXM90960;BIGG:cobalt2;HMDB:HMDB00608;CHEMSPIDER:94546;PUBCHEM:104729;CAS:22541-53-3;CHEBI:48828;LIGAND-CPD:C00175	D:\嗜酸氧化亚铁硫杆菌\03_BioCyc\C2-1\官方原始下载\GCF_000021485_compounds_left_network_full_20260923_083853.xml
Compound	GCF_000021485	2-OCTAPRENYL-6-METHOXYPHENOL	2-methoxy-6-(<i>all-trans</i>-octaprenyl)phenol	2-methoxy-6-<i>all-trans</i>-octaprenylphenol;2-octaprenyl-6-methoxyphenol		669.085	SEED:cpd03446;METANETX:MNXM1707;BIGG:2omph;CHEMSPIDER:4444383;CHEBI:1235;PUBCHEM:5280834;LIGAND-CPD:C05812	D:\嗜酸氧化亚铁硫杆菌\03_BioCyc\C2-1\官方原始下载\GCF_000021485_compounds_left_network_full_20260923_083853.xml
Compound	GCF_000021485	Acyl-Phosphates	an acyl phosphate	acyl phosphate			SEED:cpd12031;METANETX:MNXM1999;CHEBI:16826;LIGAND-CPD:C02133	D:\嗜酸氧化亚铁硫杆菌\03_BioCyc\C2-1\官方原始下载\GCF_000021485_compounds_right_network_full_20260923_083853.xml
Compound	GCF_000021485	HOMO-SER	L-homoserine	homo-ser;homoserine;2-amino-4-hydroxybutanoic acid;2-amino-4-hydroxybutanoate		119.12	SEED:cpd00227;METANETX:MNXM353;REFMET:Homoserine;BIGG:hom__L;METABOLIGHTS:MTBLC57476;HMDB:HMDB00719;CHEBI:57476;PUBCHEM:6971022;CAS:672-15-1;LIGAND-CPD:C00263	D:\嗜酸氧化亚铁硫杆菌\03_BioCyc\C2-1\官方原始下载\GCF_000021485_compounds_left_network_full_20260923_083853.xml
Compound	GCF_000021485	Hydroxymethylbilane-Synthase-ES3	a [hydroxymethylbilane synthase] ES<sub>3</sub> intermediate					D:\嗜酸氧化亚铁硫杆菌\03_BioCyc\C2-1\官方原始下载\GCF_000021485_compounds_left_network_full_20260923_083853.xml
Compound	GCF_000021485	CPD-11763	bisorganyltrisulfane	GS<sub>3</sub>G		644.686	SEED:cpd23082;METANETX:MNXM16369;PUBCHEM:45479371	D:\嗜酸氧化亚铁硫杆菌\03_BioCyc\C2-1\官方原始下载\GCF_000021485_compounds_right_network_full_20260923_083853.xml
Compound	GCF_000021485	CPD-24235	UDP-3-<i>O</i>-[(3R)-3-hydroxy-13-methyltetradecanoyl]-<i>N</i>-acetyl-&alpha;-D-glucosamine			845.727		D:\嗜酸氧化亚铁硫杆菌\03_BioCyc\C2-1\官方原始下载\GCF_000021485_compounds_left_network_full_20260923_083853.xml
Compound	GCF_000021485	CPD-24231	lipid X (<i>P. gingivalis</i>)			779.987		D:\嗜酸氧化亚铁硫杆菌\03_BioCyc\C2-1\官方原始下载\GCF_000021485_compounds_left_network_full_20260923_083853.xml
Compound	GCF_000021485	GLC-D-LACTONE	D-glucono-1,5-lactone	3,4,5-trihydroxy-6-(hydroxymethyl)tetrahydropyran-2-one;gluconolactone;glucono-1,5-lactone;1,5-gluconolactone;D-gluconolactone;glucono-&delta;-lactone;&delta;-gluconolactone;D-glucono-&delta;-lactone;gluconic lactone;gluconic acid lactone		178.141	SEED:cpd00170;METANETX:MNXM339;REFMET:Gluconolactone;HMDB:HMDB00150;DRUGBANK:DB04564;CHEMSPIDER:6760;CHEBI:16217;PUBCHEM:7027;LIGAND-CPD:C00198;CAS:90-80-2	D:\嗜酸氧化亚铁硫杆菌\03_BioCyc\C2-1\官方原始下载\GCF_000021485_compounds_left_network_full_20260923_083853.xml
Compound	GCF_000021485	CPD-24234	UDP-3-<i>O</i>-[(3R)-3-hydroxy-13-methyltetradecanoyl]-&alpha;-D-glucosamine			804.698		D:\嗜酸氧化亚铁硫杆菌\03_BioCyc\C2-1\官方原始下载\GCF_000021485_compounds_left_network_full_20260923_083853.xml
Compound	GCF_000021485	Peptidoglycan-dimer	a nascent peptidoglycan dimer (generic)	a GlcNAc-(1->4)-MurNAc-pentapeptide dimer diphosphoundecaprenol;a <i>N</i>-acetylglucosamine--<i>N</i>-acetylmuramoyl-(pentapeptide) dimer pyrophosphoryl-undecaprenol			METANETX:MNXM148833	D:\嗜酸氧化亚铁硫杆菌\03_BioCyc\C2-1\官方原始下载\GCF_000021485_compounds_left_network_full_20260923_083853.xml
Compound	GCF_000021485	Guanine34-in-tRNAs	a guanine<sup>34</sup> in tRNA				SEED:cpd30795;METANETX:MNXM97435	D:\嗜酸氧化亚铁硫杆菌\03_BioCyc\C2-1\官方原始下载\GCF_000021485_compounds_left_network_full_20260923_083853.xml
Compound	GCF_000021485	CPD-558	pimeloyl-CoA	6-carboxyhexanoyl-CoA;pimelyl-CoA		904.649	SEED:cpd00782;METANETX:MNXM951;REFMET:Pimeloyl-CoA;BIGG:pmcoa;CHEBI:57360;PUBCHEM:45266589;LIGAND-CPD:C01063	D:\嗜酸氧化亚铁硫杆菌\03_BioCyc\C2-1\官方原始下载\GCF_000021485_compounds_left_network_full_20260923_083853.xml
Compound	GCF_000021485	CPD-24846	UDP-<i>N</i>-acetyl-&alpha;-D-muramoyl-L-alanyl-&gamma;-D-glutamyl-<I>meso</I>-2,6-diaminopimeloyl-D-alanyl-D-lactate			1190.909		D:\嗜酸氧化亚铁硫杆菌\03_BioCyc\C2-1\官方原始下载\GCF_000021485_compounds_left_network_full_20260923_083853.xml
Compound	GCF_000021485	NADPH	NADPH	reduced nicotinamide adenine dinucleotide phosphate;NADPH2;NADPH<SUB>2</SUB>;dihydrotriphosphopyridine nucleotide;reduced dihydrotriphosphopyridine nucleotide;dihydronicotinamide adenine dinucleotide phosphate;dihydronicotinamide adenine dinucleotide phosphate reduced;reduced NADP;NADP-red;TPNH;dihydronicotinamide adenine dinucleotide-P;&beta;-NADPH		741.394	SEED:cpd00005;METANETX:MNXM6;REFMET:NADPH;BIGG:nadph;METABOLIGHTS:MTBLC57783;HMDB:HMDB00221;CHEMSPIDER:10239199;CHEBI:57783;PUBCHEM:15983949;CAS:2646-71-1;LIGAND-CPD:C00005	D:\嗜酸氧化亚铁硫杆菌\03_BioCyc\C2-1\官方原始下载\GCF_000021485_compounds_left_network_full_20260923_083853.xml
Compound	GCF_000021485	CPD-9899	3-methoxy-4-hydroxy-5-<i>all-trans</i>-octaprenylbenzoate	3-methoxy-4-hydroxy-5-octaprenylbenzoate;3-(3,7,11,15,19,23-octamethyltetracosa-2,6,10,14,18,22-hexaenyl) -4-hydroxy-5-methoxy-benzoic acid;3-octaprenyl-4-hydroxy-5-methoxybenzoate		712.086	SEED:cpd25898;METANETX:MNXM10058;CHEBI:84456;PUBCHEM:54740344	D:\嗜酸氧化亚铁硫杆菌\03_BioCyc\C2-1\官方原始下载\GCF_000021485_compounds_left_network_full_20260923_083853.xml
Compound	GCF_000021485	ALPHA-GLUCOSE-16-BISPHOSPHATE	&alpha;-D-glucose 1,6-bisphosphate	&alpha;-D-glucose 1,6-P<SUB>2</SUB>;&alpha;-D-glucopyranose 1,6-bisphosphate		336.085	METANETX:MNXM1723;HMDB:HMDB03514;CHEBI:58392;PUBCHEM:25201676;LIGAND-CPD:C01231;CAS:10139-18-1	D:\嗜酸氧化亚铁硫杆菌\03_BioCyc\C2-1\官方原始下载\GCF_000021485_compounds_left_network_full_20260923_083853.xml
Compound	GCF_000021485	S-NITROSOGLUTATHIONE	<i>S</i>-nitrosoglutathione	GSNO		335.311	CHEBI:145544;SEED:cpd28136;METANETX:MNXM12917;HMDB:HMDB04645;CHEMSPIDER:5415716;PUBCHEM:7059524	D:\嗜酸氧化亚铁硫杆菌\03_BioCyc\C2-1\官方原始下载\GCF_000021485_compounds_right_network_full_20260923_083853.xml
Compound	GCF_000021485	HIS	L-histidine	glyoxaline-5-alanine;&alpha;-amino-4-imidazoleproprionic acid;(S)-&alpha;-amino-1H-imidazole-4-propanoic acid;H;histidine;L-his		155.156	MEDIADB:compounds/709/;MEDIADB:compounds/132/;METANETX:MNXM134;REFMET:Histidine;BIGG:his__L;METABOLIGHTS:MTBLC57595;HMDB:HMDB00177;CHEBI:57595;PUBCHEM:6971009;LIGAND-CPD:C00135;CAS:71-00-1	D:\嗜酸氧化亚铁硫杆菌\03_BioCyc\C2-1\官方原始下载\GCF_000021485_compounds_left_network_full_20260923_083853.xml
Compound	GCF_000021485	CPDQT-30	9-(methylsulfanyl)-2-oxononanoate	9-(methylthio)-2-oxononanoic acid;9-(methylthio)-2-oxononanoate		217.302	SEED:cpd17418;CHEBI:80974;METANETX:MNXM3822;LIGAND-CPD:C17228;PUBCHEM:44237169;KNAPSACK:C00007654	D:\嗜酸氧化亚铁硫杆菌\03_BioCyc\C2-1\官方原始下载\GCF_000021485_compounds_right_network_full_20260923_083853.xml
Compound	GCF_000021485	23-DIPHOSPHOGLYCERATE	2,3-diphospho-D-glycerate	2,3-bisphosphoglycerate;D-Greenwald ester;2,3-P<SUB>2</SUB>-D-glycerate;2,3-bisphospho-D-glycerate;2,3-diphosphoglycerate;DPG;2,3-bisPGA;(2R)-2,3-bisphosphoglycerate		260.998	REACTOME-CPD:6798337;METANETX:MNXM892;REFMET:2,3-Diphosphoglyceric acid;METABOLIGHTS:MTBLC58248;HMDB:HMDB01294;CHEBI:58248;PUBCHEM:25200383;LIGAND-CPD:C01159	D:\嗜酸氧化亚铁硫杆菌\03_BioCyc\C2-1\官方原始下载\GCF_000021485_compounds_left_network_full_20260923_083853.xml
Compound	GCF_000021485	CPD-24229	lipid IV<sub>A</sub> (<i>P. gingivalis</i>)			1527.932		D:\嗜酸氧化亚铁硫杆菌\03_BioCyc\C2-1\官方原始下载\GCF_000021485_compounds_left_network_full_20260923_083853.xml
Compound	GCF_000021485	GLYCYLGLYCINE	glycyl-glycine	Gly-Gly		132.119	METABOLIGHTS:MTBLC356445;HMDB:HMDB11733;CHEBI:356445;PUBCHEM:1548897;LIGAND-CPD:C02037;CAS:556-50-3	D:\嗜酸氧化亚铁硫杆菌\03_BioCyc\C2-1\官方原始下载\GCF_000021485_compounds_left_network_full_20260923_083853.xml
Compound	GCF_000021485	CPD-10819	L-<i>erythro</i>-biopterin	6-(L-<i>erythro</i>-1,2-dihydroxypropyl)-pterin		237.218	METANETX:MNXM59381;PUBCHEM:135403659;REFMET:Biopterin;CHEBI:63931;METABOLIGHTS:MTBLC63931;HMDB:HMDB00468;CHEMSPIDER:13628150;LIGAND-CPD:C06313	D:\嗜酸氧化亚铁硫杆菌\03_BioCyc\C2-1\官方原始下载\GCF_000021485_compounds_right_network_full_20260923_083853.xml
Compound	GCF_000021485	Protein-tauphospho-L-histidines	a [protein]-<i>N<sup>&tau;</sup></i>-phospho-L-histidine				METANETX:MNXM114629;LIGAND-CPD:C04262	D:\嗜酸氧化亚铁硫杆菌\03_BioCyc\C2-1\官方原始下载\GCF_000021485_compounds_left_network_full_20260923_083853.xml
Compound	GCF_000021485	3-P-SERINE	<i>O</i>-phospho-L-serine	L-serine phosphate;phosphoryl-L-serine;L-seryl phosphate;L-serine-3P;L-serine 3-phosphate;3-phospho-L-serine		183.057	MEDIADB:compounds/927/;REACTOME-CPD:936706;SEED:cpd00738;METANETX:MNXM379;REFMET:Phosphoserine;BIGG:pser__L;HMDB:HMDB00272;CHEMSPIDER:5415612;CHEBI:57524;PUBCHEM:7059387;CAS:407-41-0;LIGAND-CPD:C01005;CAS:17885-08-4	D:\嗜酸氧化亚铁硫杆菌\03_BioCyc\C2-1\官方原始下载\GCF_000021485_compounds_left_network_full_20260923_083853.xml
Compound	GCF_000021485	Deoxy-Ribonucleosides	a 2'-deoxyribonucleoside	a deoxyribonucleoside			METANETX:MNXM34213;CHEBI:18274;LIGAND-CPD:C02269	D:\嗜酸氧化亚铁硫杆菌\03_BioCyc\C2-1\官方原始下载\GCF_000021485_compounds_left_network_full_20260923_083853.xml
Compound	GCF_000021485	NACMUR	<i>N</i>-acetyl-D-muramate	2-acetamido-3-<i>O</i>-(D-1-carboxyethyl)-2-deoxy-beta-D-glucose;MurNAc;<i>N</i>-acetylmuramic acid;NAcMur;2-[3-acetylamino-2,5-dihydroxy-6-(hydroxymethyl)tetrahydropyran-4-yl]oxypropanoic acid;<i>N</i>-acetyl-D-muramic acid		292.265	SEED:cpd01757;METANETX:MNXM2263;PUBCHEM:16738680;BIGG:acmum;HMDB:HMDB60493;CHEBI:28881;CAS:61633-75-8;LIGAND-CPD:C02713	D:\嗜酸氧化亚铁硫杆菌\03_BioCyc\C2-1\官方原始下载\GCF_000021485_compounds_right_network_full_20260923_083853.xml
Compound	GCF_000021485	HMP	4-amino-2-methyl-5-pyrimidinemethanol	hydroxymethylpyrimidine;pyramine;pyramin;Toxopyrimidine;HMP;4-amino-2-methyl-5-hydroxymethylpyrimidine;4-amino-5-hydroxymethyl-2-methylpyrimidine		139.157	MEDIADB:compounds/1165/;SEED:cpd00939;METANETX:MNXM874;BIGG:4ahmmp;DRUGBANK:DB02022;CHEMSPIDER:756;PUBCHEM:777;CHEBI:16892;LIGAND-CPD:C01279;CAS:73-67-6	D:\嗜酸氧化亚铁硫杆菌\03_BioCyc\C2-1\官方原始下载\GCF_000021485_compounds_left_network_full_20260923_083853.xml
Compound	GCF_000021485	3-ACYLOXYACYL-GROUP-OF-BACTERIAL-TOXIN	a 3-(acyloxy)acyl group of bacterial toxin				METANETX:MNXM6083;PUBCHEM:25201751;LIGAND-CPD:C11547	D:\嗜酸氧化亚铁硫杆菌\03_BioCyc\C2-1\官方原始下载\GCF_000021485_compounds_left_network_full_20260923_083853.xml
Compound	GCF_000021485	CPD-17987	a mature peptidoglycan with (L-alanyl-&gamma;-D-glutamyl-<i>meso</i>-2,6-diaminopimelate) tripeptide	GlcNAc-1,6-anhydro-MurNAc-tripeptide;GlcNAc-1,6-anhydro-MurNAc- (L-alanyl-&gamma;-D-glutamyl-<i>meso</i>-2,6-diaminopimelate) tripeptide			METANETX:MNXM148801	D:\嗜酸氧化亚铁硫杆菌\03_BioCyc\C2-1\官方原始下载\GCF_000021485_compounds_right_network_full_20260923_083853.xml
Compound	GCF_000021485	SE-2	selenide	selenide ion;Se<sup>-2</sup>;selanediide;selenide<sup>-2</sup>		78.96	METABOLIGHTS:MTBLC15076;CHEMSPIDER:96846;CHEBI:15076;CAS:22541-48-6;PUBCHEM:107674	D:\嗜酸氧化亚铁硫杆菌\03_BioCyc\C2-1\官方原始下载\GCF_000021485_compounds_right_network_full_20260923_083853.xml
Compound	GCF_000021485	UNDECAPRENYL-DIPHOSPHATE	<i>di-trans,octa-cis</i>-undecaprenyl diphosphate	di-<i>trans</i>-poly-<i>cis</i>-undecaprenyl diphosphate;undecaprenyl-PP (ambiguous);bactoprenyl pyrophosphate;undecaprenyl pyrophosphate (ambiguous);UPP (ambiguous);C<sub>55</sub>-PP (ambiguous);Und-PP		924.251	METANETX:MNXM326;BIGG:udcpdp;CHEBI:58405;PUBCHEM:25245563;LIGAND-CPD:C04574	D:\嗜酸氧化亚铁硫杆菌\03_BioCyc\C2-1\官方原始下载\GCF_000021485_compounds_left_network_full_20260923_083853.xml
Compound	GCF_000021485	2-OXOBUTANOATE	2-oxobutanoate	2-oxobutyrate;2-ketobutyrate;2-oxobutyric acid;&alpha;-oxobutyric acid;&alpha;-ketobutyrate;&alpha;-ketobutyric acid;2-oxo-butyrate;2-keto-butyrate;2-ketobutyric acid;a-ketobutyric acid		101.082	REACTOME-CPD:936714;SEED:cpd00094;METANETX:MNXM159;REFMET:3-methyl pyruvic acid;BIGG:2obut;METABOLIGHTS:MTBLC16763;HMDB:HMDB00005;CHEMSPIDER:2829426;CHEBI:16763;PUBCHEM:3593277;LIGAND-CPD:C00109;CAS:600-18-0	D:\嗜酸氧化亚铁硫杆菌\03_BioCyc\C2-1\官方原始下载\GCF_000021485_compounds_left_network_full_20260923_083853.xml
Compound	GCF_000021485	KDO	3-deoxy-&alpha;-D-<i>manno</i>-2-octulosonate	&alpha;-2-keto-3-deoxyoctulosonic acid pyranose;3-Kdo;deoxy-manno-octulosonate;ketodeoxyoctonate;3-deoxy-&alpha;-D-<i>manno</i>-octulosonate;3-deoxy-&alpha;-D-<i>manno</i>-oct-2-ulosonate		237.186	METANETX:MNXM36403;CHEBI:85986;PUBCHEM:21681234;BIGG:kdo;CHEMSPIDER:4573934;LIGAND-CPD:C01187	D:\嗜酸氧化亚铁硫杆菌\03_BioCyc\C2-1\官方原始下载\GCF_000021485_compounds_left_network_full_20260923_083853.xml
Compound	GCF_000021485	CPD-11447	rhodopin	1-hydroxylycopene;1-hydroxy-1,2-dihydrolycopene;1,2-dihydro-1-hydroxy-&psi;,&psi;-carotene;1,2-dihydro-&psi;,&psi;-caroten-1-ol		554.898	SEED:cpd14601;METANETX:MNXM1338;LIPID_MAPS:LMPR01070114;CHEMSPIDER:4517822;LIGAND-CPD:C19795;CHEBI:35331;PUBCHEM:5365880	D:\嗜酸氧化亚铁硫杆菌\03_BioCyc\C2-1\官方原始下载\GCF_000021485_compounds_left_network_full_20260923_083853.xml
Compound	GCF_000021485	67-DIHYDROPTERIDINE	a 6,7-dihydropteridine				SEED:cpd03360;HMDB:HMDB01441;METANETX:MNXM2952;CHEBI:13614	D:\嗜酸氧化亚铁硫杆菌\03_BioCyc\C2-1\官方原始下载\GCF_000021485_compounds_left_network_full_20260923_083853.xml
Compound	GCF_000021485	DIMETHYL-D-RIBITYL-LUMAZINE	6,7-dimethyl-8-(1-D-ribityl)lumazine			325.3	SEED:cpd02656;METANETX:MNXM1313;BIGG:dmlz;PUBCHEM:46931117;HMDB:HMDB03826;CHEBI:58201;LIGAND-CPD:C04332	D:\嗜酸氧化亚铁硫杆菌\03_BioCyc\C2-1\官方原始下载\GCF_000021485_compounds_left_network_full_20260923_083853.xml
Compound	GCF_000021485	Octanoylated-domains	a [lipoyl-carrier protein] <i>N<sup>6</sup></i>-octanoyl-L-lysine	an octanoylated protein lipoyl-domain			SEED:cpd27714;METANETX:MNXM8958	D:\嗜酸氧化亚铁硫杆菌\03_BioCyc\C2-1\官方原始下载\GCF_000021485_compounds_left_network_full_20260923_083853.xml
Compound	GCF_000021485	CPD-19488	3-carboxy-9-(methylsulfanyl)-2-oxononanoate	3-carboxy-9-(methylthio)-2-oxononanoate		260.304	METANETX:MNXM164248;PUBCHEM:123131572	D:\嗜酸氧化亚铁硫杆菌\03_BioCyc\C2-1\官方原始下载\GCF_000021485_compounds_left_network_full_20260923_083853.xml
Compound	GCF_000021485	CPD-16172	O-aminobenzaldehyde			121.138	METANETX:MNXM147240;PUBCHEM:68255	D:\嗜酸氧化亚铁硫杆菌\03_BioCyc\C2-1\官方原始下载\GCF_000021485_compounds_right_network_full_20260923_083853.xml
Compound	GCF_000021485	CPD-15199	5-deoxy-&alpha;-D-ribose 1-phosphate	5-deoxy-&alpha;-D-ribofuranose 1-phosphate		212.096	SEED:cpd16441;HMDB:HMDB60393;METANETX:MNXM5554;LIGAND-CPD:C16637;PUBCHEM:51351655;CHEBI:58749	D:\嗜酸氧化亚铁硫杆菌\03_BioCyc\C2-1\官方原始下载\GCF_000021485_compounds_left_network_full_20260923_083853.xml
Compound	GCF_000021485	P-RIBOSYL-4-SUCCCARB-AMINOIMIDAZOLE	5'-phosphoribosyl-4-(N-succinocarboxamide)-5-aminoimidazole	(<i>S</i>)-2-[5-amino-1-(5-phospho-D-ribosyl)imidazole-4-carboxamido]succinate;1-(5-phosphoribosyl)-4-(N-succino-carboxamide)-5-aminoimidazole;5'-P-ribosyl-4-(N-succinocarboxamide)-5-aminoimidazole;5'-p-Ribosyl-4-(N-succinocarboxamide)-5-amino imidazole;1-(5'-phosphoribosyl)-4-(N-succino-carboxamide)-5-aminoimidazole		450.255	REACTOME-CPD:111399;SEED:cpd19032;METANETX:MNXM607;BIGG:25aics;METABOLIGHTS:MTBLC58443;HMDB:HMDB00797;CHEBI:58443;PUBCHEM:45266647;LIGAND-CPD:C04823	D:\嗜酸氧化亚铁硫杆菌\03_BioCyc\C2-1\官方原始下载\GCF_000021485_compounds_left_network_full_20260923_083853.xml
Compound	GCF_000021485	NONAPRENYL-4-HYDROXYBENZOATE	4-hydroxy-3-nonaprenylbenzoate	3-solanesyl-4-hydroxybenzoate;nonaprenyl-4-hydroxybenzoic acid;3,7,11,15,19,23,27,31,35-nonamethylhexatriaconta-2,6,10,14,18,22,26,30,34-nonaenyl ester;3-nonaprenyl-4-hydroxybenzoate		750.178	METANETX:MNXM2847;CHEBI:84502;HMDB:HMDB32488;PUBCHEM:54746221;LIGAND-CPD:C03885	D:\嗜酸氧化亚铁硫杆菌\03_BioCyc\C2-1\官方原始下载\GCF_000021485_compounds_left_network_full_20260923_083853.xml
Compound	GCF_000021485	N-SUCCINYLLL-2-6-DIAMINOPIMELATE	<i>N</i>-succinyl-L,L-2,6-diaminopimelate	<i>N</i>-succinyl-L-2,6-diaminoheptanedioate;<i>N</i>-succinyl-LL-2,6-diaminoheptanedioate;L,L-SDAP		288.257	SEED:cpd02698;METANETX:MNXM1488;BIGG:sl26da;PUBCHEM:11948934;HMDB:HMDB12267;CHEBI:58087;LIGAND-CPD:C04421;CAS:26605-36-7	D:\嗜酸氧化亚铁硫杆菌\03_BioCyc\C2-1\官方原始下载\GCF_000021485_compounds_left_network_full_20260923_083853.xml
Compound	GCF_000021485	N-terminal-L-Serine	an N-terminal L-seryl-[protein]	a [protein] N-terminal L-serine			METANETX:MNXM164551	D:\嗜酸氧化亚铁硫杆菌\03_BioCyc\C2-1\官方原始下载\GCF_000021485_compounds_right_network_full_20260923_083853.xml
Compound	GCF_000021485	Lipid-IVA	a lipid IV<sub>A</sub>	2-deoxy-2-{[(3R)-3-hydroxyacyl]amino}-3-O-[(3R)-3-hydroxyacyl]-4-O-phospho-&beta;-D-glucopyranosyl-(1&rarr;6)-2-deoxy-3-O-[(3R)-3-hydroxyacyl]-2-{[(3R)-3-hydroxyacyl]amino}-1-O-phospho-&alpha;-D-glucopyranose				D:\嗜酸氧化亚铁硫杆菌\03_BioCyc\C2-1\官方原始下载\GCF_000021485_compounds_left_network_full_20260923_083853.xml
Compound	GCF_000021485	Fructofuranose	D-fructofuranose			180.157	CHEBI:37721	D:\嗜酸氧化亚铁硫杆菌\03_BioCyc\C2-1\官方原始下载\GCF_000021485_compounds_left_network_full_20260923_083853.xml
Compound	GCF_000021485	SAMP-C-Terminal-thiol	a thiocarboxylated [SAMP] C-terminal glycine	a [SAMP]-Gly-NH-CH<sub>2</sub>-C(O)SH				D:\嗜酸氧化亚铁硫杆菌\03_BioCyc\C2-1\官方原始下载\GCF_000021485_compounds_left_network_full_20260923_083853.xml
Compound	GCF_000021485	3-HEXAPRENYL-4-HYDROXYBENZOATE	4-hydroxy-3-hexaprenylbenzoate	3-hexaprenyl-4-hydroxybenzoate;4-hydroxy-3-<i>all-trans</i>-hexaprenylbenzoate		545.824	REACTOME-CPD:2162330;SEED:cpd09429;METANETX:MNXM3167;CHEBI:84492;HMDB:HMDB06816;PUBCHEM:54740358;LIGAND-CPD:C13425	D:\嗜酸氧化亚铁硫杆菌\03_BioCyc\C2-1\官方原始下载\GCF_000021485_compounds_right_network_full_20260923_083853.xml
Compound	GCF_000021485	CPD-11770	7,8-dihydromonapterin			255.233	SEED:cpd23083;METANETX:MNXM993;PUBCHEM:135874849;LIGAND-CPD:C21008;CHEBI:71175	D:\嗜酸氧化亚铁硫杆菌\03_BioCyc\C2-1\官方原始下载\GCF_000021485_compounds_left_network_full_20260923_083853.xml
Compound	GCF_000021485	CPD-22406	UDP-3-<i>O</i>-[(3<i>R</i>)-3-hydroxydecanoyl]-&alpha;-D-glucosamine			734.564	PUBCHEM:145865136	D:\嗜酸氧化亚铁硫杆菌\03_BioCyc\C2-1\官方原始下载\GCF_000021485_compounds_left_network_full_20260923_083853.xml
Compound	GCF_000021485	PHOSPHORIBOSYL-CARBOXY-AMINOIMIDAZOLE	5-amino-1-(5-phospho-D-ribosyl)imidazole-4-carboxylate	1-(5-phosphoribosyl)-4-carboxy-5-aminoimidazole;5'-P-ribosyl-4-carboxy-5-aminoimidazole;5'-phosphoribosyl-4-carboxy-5-aminoimidazole;5-phosphoribosyl-4-carboxy-5-aminoimidazole;1-(5'-phosphoribosyl)-5-amino-4-imidazole carboxylate;1-(5'-phosphoribosyl)-4-carboxy-5-aminoimidazole;4-carboxyaminoimidazole ribonucleotide;phosphoribosyl-carboxy-aminoimidazole		336.174	REACTOME-CPD:111395;SEED:cpd02893;METANETX:MNXM507;BIGG:5aizc;METABOLIGHTS:MTBLC58564;HMDB:HMDB06273;CHEBI:58564;PUBCHEM:24916886;LIGAND-CPD:C04751	D:\嗜酸氧化亚铁硫杆菌\03_BioCyc\C2-1\官方原始下载\GCF_000021485_compounds_left_network_full_20260923_083853.xml
Compound	GCF_000021485	CPD-15056	(2Z)-2-aminobut-2-enoate			100.097	SEED:cpd17424;METANETX:MNXM1454;LIGAND-CPD:C17234;CHEMSPIDER:26948168;PUBCHEM:45259183;CHEBI:58739	D:\嗜酸氧化亚铁硫杆菌\03_BioCyc\C2-1\官方原始下载\GCF_000021485_compounds_left_network_full_20260923_083853.xml
Compound	GCF_000021485	CPD-8990	L-methionine-(<i>R</i>)-<i>S</i>-oxide	L-methionine-<i>R</i>-sulfoxide		165.207	METANETX:MNXM2245;LIGAND-CPD:C15998;REFMET:Methionine sulfoxide;BIGG:metsox_R__L;CHEBI:58773;PUBCHEM:11862103	D:\嗜酸氧化亚铁硫杆菌\03_BioCyc\C2-1\官方原始下载\GCF_000021485_compounds_right_network_full_20260923_083853.xml
Compound	GCF_000021485	MALTOOLIGOSYLTREHALOSE	a maltooligosyl-trehalose	1-&alpha;-D-{(1,4)-&alpha;-D-glucosyl}<sub>(n-1)</sub>-&alpha;-D-glucopyranoside			SEED:cpd15993;METANETX:MNXM12187;LIGAND-CPD:C06400	D:\嗜酸氧化亚铁硫杆菌\03_BioCyc\C2-1\官方原始下载\GCF_000021485_compounds_left_network_full_20260923_083853.xml
Compound	GCF_000021485	CPD-901	mercuriphenyl acetate	(aceto)phenylmercury;(acetoxymercuri)benzene;(acetoxymercurio)-benzene;acetoxyphenylmercury;phenomercuric acetate;phenylmercuric acetate;(acetato-O)phenylmercury;phenylmercury(II) acetate		336.74	SEED:cpd08029;METANETX:MNXM20424;CHEMSPIDER:15365489;PUBCHEM:16682730;CHEBI:27684;LIGAND-CPD:C11151;NCI:61321;CAS:62-38-4	D:\嗜酸氧化亚铁硫杆菌\03_BioCyc\C2-1\官方原始下载\GCF_000021485_compounds_left_network_full_20260923_083853.xml
Compound	GCF_000021485	mnm5GeS2U	a 5-methylaminomethyl-2-(<i>S</i>-geranyl)thiouridine<sup>34</sup> in tRNA	mnm5geS2U				D:\嗜酸氧化亚铁硫杆菌\03_BioCyc\C2-1\官方原始下载\GCF_000021485_compounds_left_network_full_20260923_083853.xml
Compound	GCF_000021485	ISOBUTYRYL-COA	isobutanoyl-CoA	2-methylpropanoyl-CoA;isobutyryl-coenzyme A;2-methylpropionyl-CoA;<i>S</i>-(2-methylpropanoyl)-CoA;isobutyryl-CoA		833.593	REACTOME-CPD:70851;SEED:cpd00481;METANETX:MNXM470;REFMET:Isobutyryl-CoA;METABOLIGHTS:MTBLC57338;HMDB:HMDB01243;CHEBI:57338;PUBCHEM:45266570;LIGAND-CPD:C00630;CAS:15621-60-0	D:\嗜酸氧化亚铁硫杆菌\03_BioCyc\C2-1\官方原始下载\GCF_000021485_compounds_left_network_full_20260923_083853.xml
Compound	GCF_000021485	CPD-11444	uroporphyrinogen-I	uroporphyrinogen I		828.742	REACTOME-CPD:190157;SEED:cpd03414;METANETX:MNXM1123;CHEBI:62626;PUBCHEM:25201940;HMDB:HMDB02211;CHEMSPIDER:389644;LIGAND-CPD:C05766	D:\嗜酸氧化亚铁硫杆菌\03_BioCyc\C2-1\官方原始下载\GCF_000021485_compounds_left_network_full_20260923_083853.xml
Compound	GCF_000021485	Oligonucleotides	a double-stranded oligonucleotide	an oligonucleotide<sub>(n-1)</sub>;an oligonucleotide<sub>(n+1)</sub>;an oligonucleotide<sub>(n)</sub>;a ds oligonucleotide			CHEBI:7754;METANETX:MNXM95484;LIGAND-CPD:C00929;Wikipedia:Oligonucleotide	D:\嗜酸氧化亚铁硫杆菌\03_BioCyc\C2-1\官方原始下载\GCF_000021485_compounds_left_network_full_20260923_083853.xml
Compound	GCF_000021485	DELTA3-ISOPENTENYL-PP	3-methylbut-3-en-1-yl diphosphate	isopentenyl-PP;isopentenyl pyrophosphate;&delta;(3)-isopentenyl-PP;&Delta;<SUP>3</SUP>-isopentenyl-PP;3-methylbut-3-enyl diphosphate;3-methylbut-3-enyl pyrophosphate;isopentenyl diphosphate		243.069	SEED:cpd00113;METANETX:MNXM83;REFMET:Isopentenyl-diphosphate;BIGG:ipdp;METABOLIGHTS:MTBLC128769;HMDB:HMDB01347;CHEMSPIDER:13115335;CHEBI:128769;PUBCHEM:15983957;LIGAND-CPD:C00129	D:\嗜酸氧化亚铁硫杆菌\03_BioCyc\C2-1\官方原始下载\GCF_000021485_compounds_left_network_full_20260923_083853.xml
Compound	GCF_000021485	DCTP	dCTP	2'-deoxycytidine-5'-triphosphate;deoxycytidine-triphosphate;deoxy-CTP		463.127	SEED:cpd00356;METANETX:MNXM360;REFMET:dCTP;BIGG:dctp;HMDB:HMDB00998;CHEBI:61481;PUBCHEM:25244665;LIGAND-CPD:C00458;CAS:2056-98-6	D:\嗜酸氧化亚铁硫杆菌\03_BioCyc\C2-1\官方原始下载\GCF_000021485_compounds_left_network_full_20260923_083853.xml
Compound	GCF_000021485	CPD-12117	demethylmenaquinol-7	DMKH2-7		636.999	SEED:cpd23249;METANETX:MNXM8528;CHEBI:64806;PUBCHEM:45479205	D:\嗜酸氧化亚铁硫杆菌\03_BioCyc\C2-1\官方原始下载\GCF_000021485_compounds_left_network_full_20260923_083853.xml
Compound	GCF_000021485	S2O3	thiosulfate	S<SUB>2</SUB>O<SUB>3</SUB>;S<SUB>2</SUB>O<SUB>3</SUB><SUP>-</SUP>;HS<SUB>2</SUB>O<SUB>3</SUB><SUP>-</SUP>		113.126	REACTOME-CPD:1614595;SEED:cpd00268;METANETX:MNXM323;CHEBI:33539;BIGG:tsul;METABOLIGHTS:MTBLC33539;HMDB:HMDB00257;CHEMSPIDER:388348;PUBCHEM:439208;LIGAND-CPD:C00320	D:\嗜酸氧化亚铁硫杆菌\03_BioCyc\C2-1\官方原始下载\GCF_000021485_compounds_left_network_full_20260923_083853.xml
Compound	GCF_000021485	Protein-tyrosine-phosphates	a [protein]-L-tyrosine phosphate	a [protein] tyrosine phosphate			SEED:cpd11820;METANETX:MNXM92621;LIGAND-CPD:C01167	D:\嗜酸氧化亚铁硫杆菌\03_BioCyc\C2-1\官方原始下载\GCF_000021485_compounds_left_network_full_20260923_083853.xml
Compound	GCF_000021485	Protein-L-serine-or-L-threonine	a [protein]-(L-serine/L-threonine)	a [protein]-(L-serine/L-threonine);a [protein]-L-serine/L-threonine			METANETX:MNXM147413	D:\嗜酸氧化亚铁硫杆菌\03_BioCyc\C2-1\官方原始下载\GCF_000021485_compounds_left_network_full_20260923_083853.xml
Compound	GCF_000021485	CPD-560	5-(methylsulfanyl)-D-ribose	5-methylthio-D-ribose;5-methylthioribose;<i>S</i>-methyl-5-thio-D-ribofuranose;<i>S</i>-methyl-5-thio-D-ribose		180.218	SEED:cpd01981;METANETX:MNXM1592;LIGAND-CPD:C03089;BIGG:5mtr;CHEBI:78440;METABOLIGHTS:MTBLC16895;HMDB:HMDB01087;CHEMSPIDER:8488843;PUBCHEM:10313378	D:\嗜酸氧化亚铁硫杆菌\03_BioCyc\C2-1\官方原始下载\GCF_000021485_compounds_right_network_full_20260923_083853.xml
Compound	GCF_000021485	Proteins-With-N-Terminal-Asp	an N-terminal L-aspartyl-[protein]	a [protein] N-terminal L-aspartate			SEED:cpd29551;METANETX:MNXM21366;LIGAND-CPD:C21458	D:\嗜酸氧化亚铁硫杆菌\03_BioCyc\C2-1\官方原始下载\GCF_000021485_compounds_left_network_full_20260923_083853.xml
Compound	GCF_000021485	CPD2DNV-2	lipid A disaccharide (<i>H. pylori</i>)			1492.048		D:\嗜酸氧化亚铁硫杆菌\03_BioCyc\C2-1\官方原始下载\GCF_000021485_compounds_left_network_full_20260923_083853.xml
Compound	GCF_000021485	NDP-glucoses	a nucleoside diphosphate-glucose	a nucleoside diphosphate-glucose;nucleoside diphosphate-glucose;an NDP-glucose			SEED:cpd14484;METANETX:MNXM92500;LIGAND-CPD:C15541	D:\嗜酸氧化亚铁硫杆菌\03_BioCyc\C2-1\官方原始下载\GCF_000021485_compounds_left_network_full_20260923_083853.xml
Compound	GCF_000021485	Pyruvate-dehydrogenase-dihydrolipoate	a [pyruvate dehydrogenase E2 protein] <i>N<sup>6</sup></i>-dihydrolipoyl-L-lysine				SEED:cpd28012;METANETX:MNXM12830;CHEBI:80219;LIGAND-CPD:C15973	D:\嗜酸氧化亚铁硫杆菌\03_BioCyc\C2-1\官方原始下载\GCF_000021485_compounds_left_network_full_20260923_083853.xml
Compound	GCF_000021485	CPD-9956	ubiquinol-<i>8</i>	ubiquinol(8)		729.137	METANETX:MNXM191;BIGG:q8h2;HMDB:HMDB01060;CHEBI:61682;PUBCHEM:25074411	D:\嗜酸氧化亚铁硫杆菌\03_BioCyc\C2-1\官方原始下载\GCF_000021485_compounds_right_network_full_20260923_083853.xml
Compound	GCF_000021485	VAL	L-valine	V;valine;L-val		117.147	MEDIADB:compounds/14807/;MEDIADB:compounds/179/;METANETX:MNXM199;REFMET:Valine;BIGG:val__L;METABOLIGHTS:MTBLC57762;HMDB:HMDB00883;CHEBI:57762;PUBCHEM:6971018;LIGAND-CPD:C00183;CAS:72-18-4	D:\嗜酸氧化亚铁硫杆菌\03_BioCyc\C2-1\官方原始下载\GCF_000021485_compounds_left_network_full_20260923_083853.xml
Compound	GCF_000021485	N-ACETYL-D-GLUCOSAMINE	<i>N</i>-acetyl-&beta;-D-glucosamine	NAcGlc;<i>N</i>-acetylglucosamine;<i>N</i>-acetyl-D-glucosamine		221.21	SEED:cpd02416;METANETX:MNXM2138;BIGG:acgam;METABOLIGHTS:MTBLC28009;HMDB:HMDB00803;CHEMSPIDER:22563;LIGAND-CPD:C03878;CHEBI:28009;PUBCHEM:24139;CAS:7512-17-6	D:\嗜酸氧化亚铁硫杆菌\03_BioCyc\C2-1\官方原始下载\GCF_000021485_compounds_right_network_full_20260923_083853.xml
Compound	GCF_000021485	PHOSPHORIBOSYL-ATP	1-(5-phospho-&beta;-D-ribosyl)-ATP	1-(5-phosphoribosyl)-ATP;N1-(5-phospho-D-ribosyl)-ATP;5-phosphoribosyl-ATP;1-(5-phospho-D-ribosyl)-ATP;phosphoribosyl-ATP		713.232	CHEBI:73183;PUBCHEM:71306369;SEED:cpd01775;METANETX:MNXM1351;BIGG:prbatp;HMDB:HMDB03665;DRUGBANK:DB01661;LIGAND-CPD:C02739	D:\嗜酸氧化亚铁硫杆菌\03_BioCyc\C2-1\官方原始下载\GCF_000021485_compounds_left_network_full_20260923_083853.xml
Compound	GCF_000021485	L-GLUTAMATE-5-P	&gamma;-L-glutamyl 5-phosphate	L-glutamate 5-phosphate;&gamma;-L-glutamyl-5-P		225.094	SEED:cpd02097;METANETX:MNXM1280;BIGG:glu5p;PUBCHEM:44457531;CHEBI:58274;METABOLIGHTS:MTBLC58274;HMDB:HMDB01228;LIGAND-CPD:C03287	D:\嗜酸氧化亚铁硫杆菌\03_BioCyc\C2-1\官方原始下载\GCF_000021485_compounds_left_network_full_20260923_083853.xml
Compound	GCF_000021485	XANTHOSINE	xanthosine	9 &beta;-D-ribofuranosylxanthine;xanthine riboside		284.228	SEED:cpd01217;METANETX:MNXM687;REFMET:Xanthosine;BIGG:xtsn;PUBCHEM:64959;METABOLIGHTS:MTBLC18107;HMDB:HMDB00299;CHEBI:18107;CHEMSPIDER:1152;LIGAND-CPD:C01762;CAS:146-80-5	D:\嗜酸氧化亚铁硫杆菌\03_BioCyc\C2-1\官方原始下载\GCF_000021485_compounds_left_network_full_20260923_083853.xml
Compound	GCF_000021485	5-L-GLUTAMYL-AMINO-ACID	an &alpha;-(5-L-glutamyl)-amino acid	an &alpha;-(&gamma;-L-glutamyl)-amino acid			SEED:cpd12298;METANETX:MNXM2091;LIGAND-CPD:C03363;CHEBI:15857	D:\嗜酸氧化亚铁硫杆菌\03_BioCyc\C2-1\官方原始下载\GCF_000021485_compounds_right_network_full_20260923_083853.xml
Compound	GCF_000021485	L-ASPARTATE-SEMIALDEHYDE	L-aspartate 4-semialdehyde	L-aspartic 4-semialdehyde;L-aspartate-semialdehyde;L-aspartate &beta;-semialdehyde		117.104	SEED:cpd00346;METANETX:MNXM361;REFMET:Aspartate-semialdehyde;BIGG:aspsa;HMDB:HMDB12249;CHEBI:537519;PUBCHEM:5287708;LIGAND-CPD:C00441;CAS:15106-57-7	D:\嗜酸氧化亚铁硫杆菌\03_BioCyc\C2-1\官方原始下载\GCF_000021485_compounds_left_network_full_20260923_083853.xml
Compound	GCF_000021485	3-P-HYDROXYPYRUVATE	3-phosphooxypyruvate	phosphohydroxypyruvate;3-phosphonooxypyruvate;3-P-hydroxypyruvate;3-p-OH-pyr;3-phosphohydroxypyruvate;3-p-OH-pyruvate;3-p-hydroxy-pyr;3-phosphohydroxy-pyr;phosphohydroxypyruate;3-phospho-hydroxypyruvate		181.018	REACTOME-CPD:977329;SEED:cpd02069;METANETX:MNXM541;REFMET:Phosphohydroxypyruvic acid;BIGG:3php;METABOLIGHTS:MTBLC18110;HMDB:HMDB01024;CHEMSPIDER:4573923;PUBCHEM:5460375;CHEBI:18110;LIGAND-CPD:C03232;CAS:3913-50-6	D:\嗜酸氧化亚铁硫杆菌\03_BioCyc\C2-1\官方原始下载\GCF_000021485_compounds_right_network_full_20260923_083853.xml
Compound	GCF_000021485	FARNESYL-PP	(2<i>E</i>,6<i>E</i>)-farnesyl diphosphate	2-<i>trans</i>,6-<i>trans</i>-farnesyl diphosphate;2-trans,6-trans-farnesyl diphosphate;FPP;<i>trans, trans</i>-farnesyl diphosphate;farnesyl-PP;farnesyl pyrophosphate;&omega;,<i>E,E</i>-farnesyl diphosphate;farnesyl diphosphate;(<i>E,E</i>)-farnesyl diphosphate;<i>all-trans</i>-farnesyl diphosphate;C<sub>15</sub>-PP		379.306	SEED:cpd00350;METANETX:MNXM34;BIGG:frdp;METABOLIGHTS:MTBLC175763;HMDB:HMDB00961;CHEMSPIDER:11633047;CHEBI:175763;KNAPSACK:C00007268;PUBCHEM:15983959;LIGAND-CPD:C00448;CAS:13058-04-3	D:\嗜酸氧化亚铁硫杆菌\03_BioCyc\C2-1\官方原始下载\GCF_000021485_compounds_left_network_full_20260923_083853.xml
Compound	GCF_000021485	LysW-L-glutamate	an [amino-group carrier protein]-C-terminal-&gamma;-(L-glutamyl)-L-glutamate				METANETX:MNXM147039;LIGAND-CPD:C20948	D:\嗜酸氧化亚铁硫杆菌\03_BioCyc\C2-1\官方原始下载\GCF_000021485_compounds_left_network_full_20260923_083853.xml
Compound	GCF_000021485	C5	Und-PP-Mur2Ac-L-Ala-&gamma;-D-Glu-DAP-D-Ala-D-Ala	<i>N</i>-acetylmuramoyl-L-alanyl-D-glutamyl-meso-2,6-diaminoheptanedioate-D-alanyl-D-alanine-diphosphoundecaprenol;lipid intermediate I (2,6-diaminopimeloyl-containing);undecaprenyl-pyrophosphoryl-MurNAc-pentapeptide;lipid I (2,6-diaminopimeloyl-containing);undecaprenyldiphospho-<i>N</i>-acetylmuramoyl-L-alanyl-&gamma;-D-glutamyl-<I>meso</I>-2,6-diaminopimeloyl-D-alanyl-D-alanine;Mur2Ac(oyl-L-Ala-&gamma;-D-Glu-DAP-D-Ala-D-Ala)-PP-Und		1713.036	SEED:cpd03494;METANETX:MNXM2264;BIGG:uagmda;PUBCHEM:52940090;CHEBI:61387;LIGAND-CPD:C05897	D:\嗜酸氧化亚铁硫杆菌\03_BioCyc\C2-1\官方原始下载\GCF_000021485_compounds_left_network_full_20260923_083853.xml
Compound	GCF_000021485	DNA-Containing-N6-Methyladenine	an <i>N<sup>6</sup></i>-methyladenine in DNA	a DNA 6-methylaminopurine;DNA containing <i>N<sup>6</sup></i>-methyladenine;a 6-methylaminopurine in DNA			SEED:cpd12308;METANETX:MNXM17354;LIGAND-CPD:C03391	D:\嗜酸氧化亚铁硫杆菌\03_BioCyc\C2-1\官方原始下载\GCF_000021485_compounds_right_network_full_20260923_083853.xml
Compound	GCF_000021485	CPD0-1074	(aminomethyl)phosphonate	AMPA		110.029	SEED:cpd07918;METANETX:MNXM31427;CHEBI:133674;PUBCHEM:25203092;LIGAND-CPD:C11033	D:\嗜酸氧化亚铁硫杆菌\03_BioCyc\C2-1\官方原始下载\GCF_000021485_compounds_left_network_full_20260923_083853.xml
Compound	GCF_000021485	CPD-9610	all-<i>trans</i>-decaprenyl diphosphate			856.133	HMDB:HMDB59616;CHEBI:60721;LIGAND-CPD:C17432;PUBCHEM:25245574	D:\嗜酸氧化亚铁硫杆菌\03_BioCyc\C2-1\官方原始下载\GCF_000021485_compounds_left_network_full_20260923_083853.xml
Compound	GCF_000021485	R-4-PHOSPHOPANTOTHENOYL-L-CYSTEINE	(R)-4'-phosphopantothenoyl-L-cysteine	(R)-4'-phospho-N-pantothenoyl-L-cysteine;4-P-N-pantothenoylcysteine;4'-P-N-pantothenoylcysteine;N-((R)-4-phosphopantothenoyl)-L-cysteine;4'-phosphopantothenoylcysteine;4'-phospho-N-pantothenoylcysteine;(R)-4'-phosphopantothenoyl-L-cysteine;N-[(R)-4'-phosphopantothenoyl]-L-cysteine;PPC		399.332	REACTOME-CPD:196834;SEED:cpd02666;METANETX:MNXM483;BIGG:4ppcys;METABOLIGHTS:MTBLC59458;HMDB:HMDB01117;CHEBI:59458;PUBCHEM:25245609;LIGAND-CPD:C04352	D:\嗜酸氧化亚铁硫杆菌\03_BioCyc\C2-1\官方原始下载\GCF_000021485_compounds_left_network_full_20260923_083853.xml
Compound	GCF_000021485	BISOHMYR-GLC	lipid A disaccharide (<i>E. coli</i>)	2,3-bis-(3-hydroxytetradecanoyl)-&beta;-D-glucosaminyl-(&beta;-D-1,6)-2,3-bis-(3-hydroxytetradecanoyl)-&alpha;-D-glucosaminyl-1-phosphate;2,3-bis(3-hydroxymyristoyl)-&beta;-D-glucosaminyl-1,6-&beta;-D-2,3-bis(3-hydroxymyristoyl)-&alpha;-D-glucosaminyl 1-phosphate;2'-3'-diacyl-GlcN(&beta;-1'-6)2,3-diacyl-GlcN-1-P;2,3,2',3'-tetrakis(3-hydroxymyristoyl)-D-glucosaminyl-1,6-&alpha;-D-glucosamine 1-phosphate;2,3-bis(3-hydroxytetradecanoyl)-D-glucosaminyl-1,6-&beta;-D-2,3-bis(3-hydroxytetradecanoyl)-&alpha;-D-glucosaminyl 1-phosphate;[2-<i>N</i>,3-<i>O</i>-bis(3-hydroxytetradecanoyl)-&beta;-D-glucosaminyl]-(1 -> 6)-[2-<i>N</i>,3-<i>O</i>-bis(3-hydroxytetradecanoyl)-&alpha;-D-glucosaminyl phosphate];tetraacyldisaccharide-1-phosphate		1323.726	SEED:cpd03002;METANETX:MNXM1569;BIGG:lipidAds;CHEBI:58466;PUBCHEM:25244866;LIGAND-CPD:C04932	D:\嗜酸氧化亚铁硫杆菌\03_BioCyc\C2-1\官方原始下载\GCF_000021485_compounds_left_network_full_20260923_083853.xml
Compound	GCF_000021485	NAcMur-Peptide-Peptidoglycan	a peptidoglycan with <i>N</i>-acetylmuramoyl-pentapeptide at the non-reducing end	lipid I			SEED:cpd29421;METANETX:MNXM148811	D:\嗜酸氧化亚铁硫杆菌\03_BioCyc\C2-1\官方原始下载\GCF_000021485_compounds_right_network_full_20260923_083853.xml
Compound	GCF_000021485	METHYLENETETRAHYDROMETHANOPTERIN	5,10-methylene-tetrahydromethanopterin	N5,N10-methylene-5,6,7,8-tetrahydromethanopterin;5,10-methylene-5,6,7,8-tetrahydromethanopterin;methylene-H<sub>4</sub>MPT;5,10-methylene-H4MPT;N5,N10-methylenetetrahydromethanopterin		785.677	SEED:cpd02679;METANETX:MNXM667;PUBCHEM:135440066;CHEBI:57818;HMDB:HMDB60401;LIGAND-CPD:C04377	D:\嗜酸氧化亚铁硫杆菌\03_BioCyc\C2-1\官方原始下载\GCF_000021485_compounds_left_network_full_20260923_083853.xml
Compound	GCF_000021485	GAP	D-glyceraldehyde 3-phosphate	3-phosphoglyceraldehyde;D-glyceraldehyde-3-P;glyceraldehyde 3-phosphate;GAP;glyceraldehyde-phosphate;glyceraldehyde-P;glyceraldehyde-3-P;(2<i>R</i>)-2-hydroxy-3-(phosphooxy)-propanal;triose phosphate		168.043	REACTOME-CPD:29578;METANETX:MNXM74;REFMET:Glyceraldehyde-3-phosphate;BIGG:g3p;HMDB:HMDB01112;LIGAND-CPD:C00118;CAS:591-57-1;CHEBI:59776;PUBCHEM:24794350	D:\嗜酸氧化亚铁硫杆菌\03_BioCyc\C2-1\官方原始下载\GCF_000021485_compounds_left_network_full_20260923_083853.xml
Compound	GCF_000021485	MONOMER0-4342	a [prolipoprotein]-<i>S</i>-1,2-diacyl-<i>sn</i>-glyceryl-L-cysteine				METANETX:MNXM164921	D:\嗜酸氧化亚铁硫杆菌\03_BioCyc\C2-1\官方原始下载\GCF_000021485_compounds_left_network_full_20260923_083853.xml
Compound	GCF_000021485	Protein-N6-5-glutamyl-serotonin	a [protein] <i>N</i><sup>6</sup>-[(5-hydroxy-1<i>H</i>-indol-3-yl)ethyl]-L-glutamine					D:\嗜酸氧化亚铁硫杆菌\03_BioCyc\C2-1\官方原始下载\GCF_000021485_compounds_right_network_full_20260923_083853.xml
Compound	GCF_000021485	CPDQT-40	3-[(7'-methylsulfanyl)heptyl]malate	3-[(7'-methylthio)heptyl]malic acid;3-[(7'-methylthio)heptyl]malate		276.347	SEED:cpd17421;CHEBI:80976;METANETX:MNXM5508;LIGAND-CPD:C17231;PUBCHEM:44237172	D:\嗜酸氧化亚铁硫杆菌\03_BioCyc\C2-1\官方原始下载\GCF_000021485_compounds_left_network_full_20260923_083853.xml
Compound	GCF_000021485	N-ACETYL-D-GLUCOSAMINE-1-P	<i>N</i>-acetyl-&alpha;-D-glucosamine 1-phosphate			299.174	SEED:cpd19031;METANETX:MNXM340;BIGG:acgam1p;HMDB:HMDB01367;CHEBI:57776;PUBCHEM:25243937;LIGAND-CPD:C04256	D:\嗜酸氧化亚铁硫杆菌\03_BioCyc\C2-1\官方原始下载\GCF_000021485_compounds_left_network_full_20260923_083853.xml
Compound	GCF_000021485	2-O-Methylcytidine-34-tRNAs	a 2'-<i>O</i>-methylcytidine<sup>34</sup> in tRNA				SEED:cpd21892;METANETX:MNXM14312	D:\嗜酸氧化亚铁硫杆菌\03_BioCyc\C2-1\官方原始下载\GCF_000021485_compounds_right_network_full_20260923_083853.xml
Compound	GCF_000021485	CPD-667	<i>O</i>-acetyl-L-homoserine	acetylhomoserine;<I>O</I>-acetylhomoserine		161.157	SEED:cpd00790;METANETX:MNXM699;METABOLIGHTS:MTBLC57716;CHEBI:57716;PUBCHEM:25244888;LIGAND-CPD:C01077	D:\嗜酸氧化亚铁硫杆菌\03_BioCyc\C2-1\官方原始下载\GCF_000021485_compounds_left_network_full_20260923_083853.xml
Compound	GCF_000021485	L-arginyl-L-aspartyl-Peptides	an N-terminal L-arginiyl-L-aspartyl-[protein]				METANETX:MNXM167023	D:\嗜酸氧化亚铁硫杆菌\03_BioCyc\C2-1\官方原始下载\GCF_000021485_compounds_right_network_full_20260923_083853.xml
Compound	GCF_000021485	a-mature-triacylated-lipoprotein	an <i>N</i>-acyl-(<i>S</i>-diacyl-<i>sn</i>-glyceryl)-L-cysteinyl-[lipoprotein]				METANETX:MNXM166796	D:\嗜酸氧化亚铁硫杆菌\03_BioCyc\C2-1\官方原始下载\GCF_000021485_compounds_left_network_full_20260923_083853.xml
Compound	GCF_000021485	mnm5SeP2U	a 5-methylaminomethyl-2-(<i>Se</i>-phospho)selenouridine<sup>34</sup> in tRNA	tRNA containing 5-methylaminomethyl-2-selenophosphouridine			CHEBI:143702	D:\嗜酸氧化亚铁硫杆菌\03_BioCyc\C2-1\官方原始下载\GCF_000021485_compounds_left_network_full_20260923_083853.xml
Compound	GCF_000021485	DNA-containing-diamino-hydro-formamidops	a ring-opened 7-methylguanine in DNA	Fapy-7MeG;a 2,6-diamino-4-hydroxy-5N-methyl-formamidopyrimidine in DNA			SEED:cpd26909;METANETX:MNXM17361	D:\嗜酸氧化亚铁硫杆菌\03_BioCyc\C2-1\官方原始下载\GCF_000021485_compounds_left_network_full_20260923_083853.xml
Compound	GCF_000021485	SUC	succinate	succinic acid;suc;succ;butanedioic acid;ethylenesuccinic acid		116.073	MEDIADB:compounds/42/;SEED:cpd00036;METANETX:MNXM25;REFMET:Succinic acid;BIGG:succ;METABOLIGHTS:MTBLC30031;HMDB:HMDB00254;CHEMSPIDER:140973;CHEBI:30031;PUBCHEM:160419;KNAPSACK:C00001205;LIGAND-CPD:C00042;CAS:110-15-6	D:\嗜酸氧化亚铁硫杆菌\03_BioCyc\C2-1\官方原始下载\GCF_000021485_compounds_left_network_full_20260923_083853.xml
Compound	GCF_000021485	CHORISMATE	chorismate	chorismic acid		224.17	REACTOME-CPD:964856;SEED:cpd00216;METANETX:MNXM337;REFMET:Chorismic acid;BIGG:chor;HMDB:HMDB12199;CHEMSPIDER:4573889;PUBCHEM:5460312;CHEBI:29748;CAS:55508-12-8;LIGAND-CPD:C00251	D:\嗜酸氧化亚铁硫杆菌\03_BioCyc\C2-1\官方原始下载\GCF_000021485_compounds_left_network_full_20260923_083853.xml
Compound	GCF_000021485	GlgE-Glycogen	a GlgE-glycogen	a mycobacterial &alpha;-D-glucan				D:\嗜酸氧化亚铁硫杆菌\03_BioCyc\C2-1\官方原始下载\GCF_000021485_compounds_right_network_full_20260923_083853.xml
Compound	GCF_000021485	Lipopolysaccharides	a lipopolysaccharide	LPS			METANETX:MNXM60426;CHEBI:16412;LIGAND-CPD:C00338	D:\嗜酸氧化亚铁硫杆菌\03_BioCyc\C2-1\官方原始下载\GCF_000021485_compounds_left_network_full_20260923_083853.xml
Compound	GCF_000021485	CPD2B4Q-17	&alpha;-Kdo-(2&rarr;6)-lipid IV<sub>A</sub> (<i>Brucella</i>)	3-Deoxy-D-manno-octulosonyl-lipid IV(A) (<i>Brucella</i>);(KDO)-lipid IV<sub>A</sub> (<i>Brucella</i>)		1618.892		D:\嗜酸氧化亚铁硫杆菌\03_BioCyc\C2-1\官方原始下载\GCF_000021485_compounds_right_network_full_20260923_083853.xml
Compound	GCF_000021485	2-PHOSPHO-4-CYTIDINE-5-DIPHOSPHO-2-C-MET	2-phospho-4-(cytidine 5'-diphospho)-2-C-methyl-D-erythritol	CDP-ME-2P;CDP-methyl-D-erylthritol 2-phosphate;4-diphosphocytidyl-2C-methyl-D-erythritol 2-phosphate;4-diphosphocytidyl-2-C-methylerythritol 2-phosphate		597.259	SEED:cpd08288;METANETX:MNXM1641;BIGG:2p4c2me;CHEBI:57919;PUBCHEM:46878430;LIGAND-CPD:C11436	D:\嗜酸氧化亚铁硫杆菌\03_BioCyc\C2-1\官方原始下载\GCF_000021485_compounds_left_network_full_20260923_083853.xml
Compound	GCF_000021485	PANTOTHENATE	(<i>R</i>)-pantothenate	vitamin B<sub>5</sub>;(<i>R</i>)-pantothenic acid;D-pantothenic acid		218.229	MEDIADB:compounds/799/;SEED:cpd00644;METANETX:MNXM364;REFMET:Pantothenic acid;BIGG:pnto__R;HMDB:HMDB00210;CHEMSPIDER:146912;Wikipedia:Vitamin_B5;PUBCHEM:167945;CHEBI:29032;LIGAND-CPD:C00864;CAS:79-83-4	D:\嗜酸氧化亚铁硫杆菌\03_BioCyc\C2-1\官方原始下载\GCF_000021485_compounds_left_network_full_20260923_083853.xml
Compound	GCF_000021485	HISTIDINAL	histidinal	L-histidinal		140.164	SEED:cpd01324;METANETX:MNXM4010;REFMET:Histidinal;PUBCHEM:57339283;HMDB:HMDB12234;CHEBI:64802;LIGAND-CPD:C01929	D:\嗜酸氧化亚铁硫杆菌\03_BioCyc\C2-1\官方原始下载\GCF_000021485_compounds_left_network_full_20260923_083853.xml
Compound	GCF_000021485	FMN	FMN	flavin mononucleotide;riboflavin 5'-phosphate		453.324	REACTOME-CPD:73524;SEED:cpd00050;METANETX:MNXM119;BIGG:fmn;METABOLIGHTS:MTBLC58210;HMDB:HMDB01520;CHEBI:58210;PUBCHEM:44229199;Wikipedia:Flavin_mononucleotide;LIGAND-CPD:C00061;CAS:146-17-8	D:\嗜酸氧化亚铁硫杆菌\03_BioCyc\C2-1\官方原始下载\GCF_000021485_compounds_left_network_full_20260923_083853.xml
Compound	GCF_000021485	GERANYLGERANYL-PP	geranylgeranyl diphosphate	GGPP;all-<i>trans</i>-geranyl-geranyl-pp;geranylgeranyl-PP;geranylgeranyl diphosphate;(2E,6E,10E)-geranylgeranyl diphosphate;&omega;,<i>E</i>,<i>E</i>,<i>E</i>-geranylgeranyl diphosphate;(2E,6E,10E)-3,7,11,15-tetramethylhexadeca-2,6,10,14-tetraen-1-yl diphosphate;all-<i>trans</i>-geranylgeranyl diphosphate;2-<i>trans</i>,6-<i>trans</i>,10-<i>trans</i>-geranylgeranyl diphosphate		447.424	REACTOME-CPD:6806657;SEED:cpd00289;METANETX:MNXM139;REFMET:Geranylgeranyl diphosphate;CHEBI:58756;METABOLIGHTS:MTBLC58756;HMDB:HMDB04486;DRUGBANK:DB07841;CHEMSPIDER:4593687;PUBCHEM:5497105;LIGAND-CPD:C00353	D:\嗜酸氧化亚铁硫杆菌\03_BioCyc\C2-1\官方原始下载\GCF_000021485_compounds_left_network_full_20260923_083853.xml
Compound	GCF_000021485	CPD-11751	7-chloro-L-tryptophan			238.673	SEED:cpd20935;METANETX:MNXM2206;LIGAND-CPD:C19687;CHEBI:58713;PUBCHEM:45266734	D:\嗜酸氧化亚铁硫杆菌\03_BioCyc\C2-1\官方原始下载\GCF_000021485_compounds_right_network_full_20260923_083853.xml
Compound	GCF_000021485	C1	UDP-<i>N</i>-acetyl-&alpha;-D-muramoyl-L-alanyl-&gamma;-D-glutamyl-<I>meso</I>-2,6-diaminopimeloyl-D-alanyl-D-alanine	UDP-<i>N</i>-acetylmuramoyl-L-alanyl-&gamma;-D-glutamyl-meso-2,6-diaminopimeloyl-D-alanyl-D-alanine;UDP-<i>N</i>-acetylmuramoyl-L-alanyl-&gamma;-D-glutamyl-meso-2,6-diaminoheptanedioate- D-alanyl-D-alanine		1189.924	METANETX:MNXM1954;BIGG:ugmda;CHEBI:61386;PUBCHEM:25244658;LIGAND-CPD:C04882	D:\嗜酸氧化亚铁硫杆菌\03_BioCyc\C2-1\官方原始下载\GCF_000021485_compounds_left_network_full_20260923_083853.xml
Compound	GCF_000021485	DIHYDROXY-ACETONE-PHOSPHATE	glycerone phosphate	dihydroxyacetone phosphate;dihydroxyacetone-P;di-OH-acetone-P;dihydroxy-acetone phosphate;3-hydroxy-2-oxopropyl phosphate		168.043	SEED:cpd00095;METANETX:MNXM77;REFMET:Dihydroxyacetone phosphate;BIGG:dhap;METABOLIGHTS:MTBLC57642;HMDB:HMDB01473;CHEMSPIDER:3833110;CHEBI:57642;PUBCHEM:4643300;LIGAND-CPD:C00111;CAS:57-04-5	D:\嗜酸氧化亚铁硫杆菌\03_BioCyc\C2-1\官方原始下载\GCF_000021485_compounds_left_network_full_20260923_083853.xml
Compound	GCF_000021485	5-PHOSPHO-RIBOSYL-GLYCINEAMIDE	<i>N</i><sup>1</sup>-(5-phospho-&beta;-D-ribosyl)glycinamide	5-phospho-&beta;-D-ribosyl-glycineamide;5'-phosphoribosylglycinamide;5'-phosphoribosylglycineamide;5'-p-ribosylglycinamide;5'-p-ribosylglycineamide		285.17	SEED:cpd02394;METANETX:MNXM463;CHEBI:143788;BIGG:gar;PUBCHEM:90657462;METABOLIGHTS:MTBLC58457;HMDB:HMDB02022;LIGAND-CPD:C03838	D:\嗜酸氧化亚铁硫杆菌\03_BioCyc\C2-1\官方原始下载\GCF_000021485_compounds_left_network_full_20260923_083853.xml
Compound	GCF_000021485	CPD-16020	2-oxo-2'-deoxyadenosine	2'-deoxyisoguanosine		267.244	METANETX:MNXM148628;PUBCHEM:198689;CAS:106449-56-3	D:\嗜酸氧化亚铁硫杆菌\03_BioCyc\C2-1\官方原始下载\GCF_000021485_compounds_right_network_full_20260923_083853.xml
Compound	GCF_000021485	NITROGEN-MOLECULE	N<sub>2</sub>	nitrogen molecule;nitrogen		28.013	SEED:cpd00528;METANETX:MNXM724;HMDB:HMDB01371;CHEMSPIDER:922;PUBCHEM:947;CHEBI:17997;LIGAND-CPD:C00697;CAS:7727-37-9	D:\嗜酸氧化亚铁硫杆菌\03_BioCyc\C2-1\官方原始下载\GCF_000021485_compounds_left_network_full_20260923_083853.xml
Compound	GCF_000021485	CPD-10809	2,5-diamino-6-(5-phospho-D-ribitylamino)pyrimidin-4(3H)-one	2,5-diamino-6-ribitylamino-4(3H)-pyrimidinone 5'-phosphate		353.228	METANETX:MNXM1099;LIGAND-CPD:C18910;PUBCHEM:135911927;CHEBI:58890	D:\嗜酸氧化亚铁硫杆菌\03_BioCyc\C2-1\官方原始下载\GCF_000021485_compounds_left_network_full_20260923_083853.xml
Compound	GCF_000021485	CPD-18808	a nascent peptidoglycan (<i>meso</i>-DAP containing) with GlcNAc non-reducing terminus			1845.151	METANETX:MNXM166801;PUBCHEM:122706251	D:\嗜酸氧化亚铁硫杆菌\03_BioCyc\C2-1\官方原始下载\GCF_000021485_compounds_right_network_full_20260923_083853.xml
Compound	GCF_000021485	16S-rRNA-N7-methylguanine527	an <i>N</i><sup>7</sup>-methylguanine<sup>527</sup> in 16S rRNA				SEED:cpd21823;METANETX:MNXM14045	D:\嗜酸氧化亚铁硫杆菌\03_BioCyc\C2-1\官方原始下载\GCF_000021485_compounds_right_network_full_20260923_083853.xml
Compound	GCF_000021485	CPD-19490	3-carboxy-7-(methylsulfanyl)-2-oxoheptanoate	3-carboxy-7-(methylthio)-2-oxoheptanoate		232.251	METANETX:MNXM164246;PUBCHEM:123131518	D:\嗜酸氧化亚铁硫杆菌\03_BioCyc\C2-1\官方原始下载\GCF_000021485_compounds_left_network_full_20260923_083853.xml
Compound	GCF_000021485	CPD0-2056	norophthalmate	(&gamma;-L-glutamyl-L-alanyl-glycine;N-{(2S)-1-[(carboxymethyl)amino]-1-oxopropan-2-yl}-L-glutamine;norophthalmic acid;&gamma;-L-glutamyl-L-alanyl-glycine;norophthalamic acid;&gamma;-Glu-Ala-Gly;N-(N-&gamma;-L-glutamyl-L-alanyl)-glycine		274.253	METANETX:MNXM89532;PUBCHEM:138319303;HMDB:HMDB0005766;CHEMSPIDER:4590046	D:\嗜酸氧化亚铁硫杆菌\03_BioCyc\C2-1\官方原始下载\GCF_000021485_compounds_right_network_full_20260923_083853.xml
Compound	GCF_000021485	ZN+2	Zn<SUP>2+</SUP>	zinc(II);Zn(II) (incorrect);Zn<sup>II</sup>		65.38	MEDIADB:compounds/38/;SEED:cpd00034;METANETX:MNXM149;BIGG:zn2;METABOLIGHTS:MTBLC29105;HMDB:HMDB01303;CHEMSPIDER:29723;PUBCHEM:32051;CHEBI:29105;CAS:7440-66-6;LIGAND-CPD:C00038	D:\嗜酸氧化亚铁硫杆菌\03_BioCyc\C2-1\官方原始下载\GCF_000021485_compounds_left_network_full_20260923_083853.xml
Compound	GCF_000021485	UDP-MURNAC-TETRAPEPTIDE	UDP-<i>N</i>-acetylmuramoyl-L-alanyl-&gamma;-D-glutamyl-<I>meso</I>-2,6-diaminopimeloyl-D-alanine	UDP-<i>N</i>-acetylmuramoyl-L-alanyl-&gamma;-D-glutamyl-<i>meso</i>-2,6-diaminoheptanedioate-D-alanine;UDP-MurNAc-tetrapeptide;uridine 5'-pyrophosphoryl <i>N</i>-acetylmuramyl-tetrapeptide		1118.845	SEED:cpd02917;METANETX:MNXM88444;LIGAND-CPD:C04804;BIGG:um4p;CHEBI:64420;PUBCHEM:25200511	D:\嗜酸氧化亚铁硫杆菌\03_BioCyc\C2-1\官方原始下载\GCF_000021485_compounds_right_network_full_20260923_083853.xml
Compound	GCF_000021485	CPD-12126	menaquinol-<i>9</i>	MKH2-9		787.263	SEED:cpd23256;METANETX:MNXM12234;CHEBI:84541;PUBCHEM:45479508	D:\嗜酸氧化亚铁硫杆菌\03_BioCyc\C2-1\官方原始下载\GCF_000021485_compounds_right_network_full_20260923_083853.xml
Compound	GCF_000021485	Phosphoserines	L(or D)-<i>O</i>-phosphoserine			182.049	SEED:cpd27874;HMDB:HMDB01721;METANETX:MNXM12505	D:\嗜酸氧化亚铁硫杆菌\03_BioCyc\C2-1\官方原始下载\GCF_000021485_compounds_left_network_full_20260923_083853.xml
Compound	GCF_000021485	CPD-3618	2-oxovalerate	2-ketopentanoate;2-oxopentanoate;&alpha;-ketovaleric acid;2-ketovalerate;&alpha;-ketovalerate;a-ketovaleric acid		115.108	SEED:cpd03737;METANETX:MNXM4302;HMDB:HMDB01865;CHEMSPIDER:4573917;LIGAND-CPD:C06255;PUBCHEM:5460364;CHEBI:28644;CAS:1821-02-9	D:\嗜酸氧化亚铁硫杆菌\03_BioCyc\C2-1\官方原始下载\GCF_000021485_compounds_right_network_full_20260923_083853.xml
Compound	GCF_000021485	URIDINE	uridine			244.204	MEDIADB:compounds/286/;SEED:cpd00249;METANETX:MNXM288;REFMET:Uridine;BIGG:uri;METABOLIGHTS:MTBLC16704;HMDB:HMDB00296;DRUGBANK:DB02745;CHEMSPIDER:5807;PUBCHEM:6029;CHEBI:16704;LIGAND-CPD:C00299;CAS:58-96-8	D:\嗜酸氧化亚铁硫杆菌\03_BioCyc\C2-1\官方原始下载\GCF_000021485_compounds_right_network_full_20260923_083853.xml
Compound	GCF_000021485	AMINOMETHYLDIHYDROLIPOYL-GCVH	a [glycine-cleavage complex H protein] <i>N<sup>6</sup></i>-aminomethyldihydrolipoyl-L-lysine				SEED:cpd22271;METANETX:MNXM10691	D:\嗜酸氧化亚铁硫杆菌\03_BioCyc\C2-1\官方原始下载\GCF_000021485_compounds_left_network_full_20260923_083853.xml
Compound	GCF_000021485	AICAR	5-amino-1-(5-phospho-D-ribosyl)imidazole-4-carboxamide	Z-nucleotide;AICA ribonucleotide;5'-phosphoribosyl-5-amino-4-imidazole carboxamide;5-amino-4-imidazolecarboxamide ribotide;5'-P-ribosyl-5-amino-4-imidazole carboxamide;aminoimidazole carboxamide ribonucleotide		336.197	REACTOME-CPD:111409;SEED:cpd02851;METANETX:MNXM365;REFMET:AICAR;BIGG:aicar;PUBCHEM:45266657;METABOLIGHTS:MTBLC58475;HMDB:HMDB01517;CHEBI:58475;LIGAND-CPD:C04677;CAS:3031-94-5	D:\嗜酸氧化亚铁硫杆菌\03_BioCyc\C2-1\官方原始下载\GCF_000021485_compounds_left_network_full_20260923_083853.xml
Compound	GCF_000021485	ISOBUTYRATE	isobutanoate	2-methylpropionic acid;2-methylpropanoic acid;isobutyric acid;isobutyrate;dimethylacetic acid;2-methylpropanoate		87.098	MEDIADB:compounds/2216/;SEED:cpd01711;METANETX:MNXM2531;REFMET:Isobutyric acid;METABOLIGHTS:MTBLC48944;HMDB:HMDB01873;CHEMSPIDER:144940;PUBCHEM:165337;CHEBI:48944;CAS:79-31-2;UM-BBD-CPD:c0383;LIGAND-CPD:c02632;NCI:62780	D:\嗜酸氧化亚铁硫杆菌\03_BioCyc\C2-1\官方原始下载\GCF_000021485_compounds_left_network_full_20260923_083853.xml
Compound	GCF_000021485	CH4	methane			16.043	METABOLIGHTS:MTBLC16183;HMDB:HMDB02714;CHEMSPIDER:291;CHEBI:16183;PUBCHEM:297;LIGAND-CPD:C01438	D:\嗜酸氧化亚铁硫杆菌\03_BioCyc\C2-1\官方原始下载\GCF_000021485_compounds_right_network_full_20260923_083853.xml
Compound	GCF_000021485	TusD-L-cysteine	a [TusD]-L-cysteine					D:\嗜酸氧化亚铁硫杆菌\03_BioCyc\C2-1\官方原始下载\GCF_000021485_compounds_left_network_full_20260923_083853.xml
Compound	GCF_000021485	GLUTAMATE-1-SEMIALDEHYDE	(S)-4-amino-5-oxopentanoate	L-glutamate 1-semialdehyde		131.131	SEED:cpd02345;METANETX:MNXM1453;BIGG:glu1sa;CHEBI:57501;PUBCHEM:25244684;LIGAND-CPD:C03741	D:\嗜酸氧化亚铁硫杆菌\03_BioCyc\C2-1\官方原始下载\GCF_000021485_compounds_left_network_full_20260923_083853.xml
Compound	GCF_000021485	DIHYDROFOLATE-GLU-N	a 7,8-dihydrofolate	a dihydropteroate glutamate			METANETX:MNXM146257	D:\嗜酸氧化亚铁硫杆菌\03_BioCyc\C2-1\官方原始下载\GCF_000021485_compounds_right_network_full_20260923_083853.xml
Compound	GCF_000021485	HYPOXANTHINE	hypoxanthine			136.113	REFMET:Hypoxanthine;BIGG:hxan;METABOLIGHTS:MTBLC17368;HMDB:HMDB00157;DRUGBANK:DB04076;CHEMSPIDER:768;PUBCHEM:790;CHEBI:17368;LIGAND-CPD:C00262;CAS:68-94-0	D:\嗜酸氧化亚铁硫杆菌\03_BioCyc\C2-1\官方原始下载\GCF_000021485_compounds_left_network_full_20260923_083853.xml
Compound	GCF_000021485	FORMATE	formate	formic acid		45.018	REFMET:Formic acid;BIGG:for;METABOLIGHTS:MTBLC15740;HMDB:HMDB00142;CHEMSPIDER:277;CHEBI:15740;PUBCHEM:283;LIGAND-CPD:C00058;CAS:64-18-6	D:\嗜酸氧化亚铁硫杆菌\03_BioCyc\C2-1\官方原始下载\GCF_000021485_compounds_left_network_full_20260923_083853.xml
Compound	GCF_000021485	DNA-Guanines	a guanine in DNA	a DNA guanine			SEED:cpd26893;METANETX:MNXM17366;CHEBI:4300;LIGAND-CPD:C11475	D:\嗜酸氧化亚铁硫杆菌\03_BioCyc\C2-1\官方原始下载\GCF_000021485_compounds_right_network_full_20260923_083853.xml
Compound	GCF_000021485	PROT-CYS	a [protein]-L-cysteine	peptide cysteine;peptidyl cysteine;[enzyme]-cysteine;protein-cysteine			SEED:cpd12172;CHEBI:25917;METANETX:MNXM73306;LIGAND-CPD:C02743	D:\嗜酸氧化亚铁硫杆菌\03_BioCyc\C2-1\官方原始下载\GCF_000021485_compounds_left_network_full_20260923_083853.xml
Compound	GCF_000021485	DEPHOSPHO-COA	3'-dephospho-CoA	3-dephospho-CoA;dephosphocoenzyme A		685.538	REACTOME-CPD:196778;SEED:cpd00655;METANETX:MNXM481;REFMET:3'-dephospho cOa;BIGG:dpcoa;METABOLIGHTS:MTBLC57328;HMDB:HMDB01373;CHEBI:57328;PUBCHEM:45266562;LIGAND-CPD:C00882;CAS:3633-59-8	D:\嗜酸氧化亚铁硫杆菌\03_BioCyc\C2-1\官方原始下载\GCF_000021485_compounds_left_network_full_20260923_083853.xml
Compound	GCF_000021485	GUANINE	guanine	G		151.127	MEDIADB:compounds/237/;REACTOME-CPD:83956;SEED:cpd00207;METANETX:MNXM259;PUBCHEM:135398634;REFMET:Guanine;BIGG:gua;METABOLIGHTS:MTBLC16235;HMDB:HMDB00132;DRUGBANK:DB02377;CHEMSPIDER:744;CHEBI:16235;LIGAND-CPD:C00242;CAS:73-40-5	D:\嗜酸氧化亚铁硫杆菌\03_BioCyc\C2-1\官方原始下载\GCF_000021485_compounds_left_network_full_20260923_083853.xml
Compound	GCF_000021485	DIAMINONONANOATE	(7<i>R</i>,8<i>S</i>)-diaminononanoate	(7<i>R</i>,8<i>S</i>)-7,8-diaminopelargonate;DAPA		189.277	CHEBI:149469;PUBCHEM:28145934;SEED:cpd00764;METANETX:MNXM1140;BIGG:dann;LIGAND-CPD:C01037	D:\嗜酸氧化亚铁硫杆菌\03_BioCyc\C2-1\官方原始下载\GCF_000021485_compounds_left_network_full_20260923_083853.xml
Compound	GCF_000021485	ACETYLSERINE	<i>O</i>-acetyl-L-serine	O<sup>3</sup>-acetyl-L-serine;acetylserine;<i>O</i>-acetylserine;(2S)-3-acetyloxy-2-aminopropanoate		147.13	REFMET:O-Acetylserine;BIGG:acser;CHEBI:58340;PUBCHEM:6971051;METABOLIGHTS:MTBLC17981;HMDB:HMDB03011;LIGAND-CPD:C00979;CAS:66638-22-0	D:\嗜酸氧化亚铁硫杆菌\03_BioCyc\C2-1\官方原始下载\GCF_000021485_compounds_left_network_full_20260923_083853.xml
Compound	GCF_000021485	Uracil20-in-tRNAs	a uridine<sup>20</sup> in tRNA				SEED:cpd28310;METANETX:MNXM22388	D:\嗜酸氧化亚铁硫杆菌\03_BioCyc\C2-1\官方原始下载\GCF_000021485_compounds_right_network_full_20260923_083853.xml
Compound	GCF_000021485	CPD-8123	MoO<sub>2</sub>-molybdopterin cofactor	MoCo (dioxyo);molybdenum cofactor (dioxyo);MoO<sub>2</sub>(OH)Dtpp-mP;{[(5aR,8R,9aR)-2-amino-4-oxo-6,7-di(sulfanyl-&kappa;<i>S</i>)-1,5,5a,8,9a,10-hexahydro-4H-pyrano[3,2-g]pteridin-8-yl]methyl dihydrogenato(2-) phosphate}(dioxo)molybdate;MoO<sub>2</sub>-Mo-MPT		519.251	SEED:cpd19503;METANETX:MNXM2838;LIGAND-CPD:C18237;PUBCHEM:135926587;CHEBI:71302	D:\嗜酸氧化亚铁硫杆菌\03_BioCyc\C2-1\官方原始下载\GCF_000021485_compounds_left_network_full_20260923_083853.xml
Compound	GCF_000021485	D-Ribopyranose	D-ribopyranose			150.131	CHEBI:47006	D:\嗜酸氧化亚铁硫杆菌\03_BioCyc\C2-1\官方原始下载\GCF_000021485_compounds_right_network_full_20260923_083853.xml
Compound	GCF_000021485	S-HYDROXYMETHYLGLUTATHIONE	<i>S</i>-(hydroxymethyl)glutathione	HMGSH;HM-GSH;GS-CH<SUB>2</SUB>-OH;(hydroxymethyl)glutathione		336.339	REACTOME-CPD:5692221;METANETX:MNXM1051;BIGG:hmgth;METABOLIGHTS:MTBLC58758;HMDB:HMDB04662;CHEBI:58758;PUBCHEM:25244017;LIGAND-CPD:C14180	D:\嗜酸氧化亚铁硫杆菌\03_BioCyc\C2-1\官方原始下载\GCF_000021485_compounds_left_network_full_20260923_083853.xml
Compound	GCF_000021485	D-RIBULOSE-15-P2	D-ribulose-1,5-bisphosphate	ribulose 1,5-bisphosphate;D-ribulose-1,5-diphosphate;D-ribulose-1,5-P<SUB>2</SUB>		306.059	SEED:cpd00871;METANETX:MNXM1276;REFMET:Ribulose 1,5-bisphosphate;CHEBI:57870;PUBCHEM:23615473;CHEMSPIDER:3541504;LIGAND-CPD:C01182;CAS:14689-84-0	D:\嗜酸氧化亚铁硫杆菌\03_BioCyc\C2-1\官方原始下载\GCF_000021485_compounds_left_network_full_20260923_083853.xml
Compound	GCF_000021485	AMINO-OH-HYDROXYMETHYL-DIHYDROPTERIDINE	6-(hydroxymethyl)-7,8-dihydropterin	2-amino-6-(hydroxymethyl)-7,8-dihydropteridin-4(3H)-one;2-amino-6-(hydroxymethyl)-7,8-dihydropteridin-4-one		195.18	METANETX:MNXM937;PUBCHEM:135398568;BIGG:6hmhpt;CHEBI:44841;DRUGBANK:DB02119;CHEMSPIDER:213;LIGAND-CPD:C01300	D:\嗜酸氧化亚铁硫杆菌\03_BioCyc\C2-1\官方原始下载\GCF_000021485_compounds_left_network_full_20260923_083853.xml
Compound	GCF_000021485	POLY-GLUCOSYLATED-GLYCOGENINS	a glucosylated glycogenin	(1,4-&alpha;-D-glucosyl)<sub>(n)</sub> glycogenin;(1,4-&alpha;-D-glucosyl)<sub>(n+1)</sub> glycogenin;(1,4-&alpha;-D-glucosyl)<sub>(n-1)</sub> glycogenin			METANETX:MNXM55198;LIGAND-CPD:C03399	D:\嗜酸氧化亚铁硫杆菌\03_BioCyc\C2-1\官方原始下载\GCF_000021485_compounds_left_network_full_20260923_083853.xml
Compound	GCF_000021485	ERYTHROSE-4P	D-erythrose 4-phosphate	erythrose-4P;threose 4-phosphate;erythrose-4-phosphate;erythrose-4-P;D-erythrose-4-P		198.069	REACTOME-CPD:29878;SEED:cpd00236;METANETX:MNXM258;REFMET:Erythrose 4-phosphate;BIGG:e4p;METABOLIGHTS:MTBLC16897;HMDB:HMDB01321;CHEMSPIDER:4573609;CHEBI:16897;PUBCHEM:5459862;LIGAND-CPD:C00279;CAS:585-18-2	D:\嗜酸氧化亚铁硫杆菌\03_BioCyc\C2-1\官方原始下载\GCF_000021485_compounds_left_network_full_20260923_083853.xml
Compound	GCF_000021485	16S-rRNA-2-O-methylcytidine1402	a 2'-<i>O</i>-methylcytidine<sup>1402</sup> in 16S rRNA				SEED:cpd21811;METANETX:MNXM14023	D:\嗜酸氧化亚铁硫杆菌\03_BioCyc\C2-1\官方原始下载\GCF_000021485_compounds_right_network_full_20260923_083853.xml
Compound	GCF_000021485	UBIQUINOL-30	ubiquinol-6	ubiquinol;ubiquinol(30);reduced ubiquinone;dihydroubiquinone		592.901	SEED:cpd15291;METANETX:MNXM5319;REFMET:Ubiquinol-6;HMDB:HMDB12299;CHEMSPIDER:4710167;PUBCHEM:5813154;CHEBI:52970	D:\嗜酸氧化亚铁硫杆菌\03_BioCyc\C2-1\官方原始下载\GCF_000021485_compounds_right_network_full_20260923_083853.xml
Compound	GCF_000021485	METHYLENE-THF-GLU-N	a 5,10-methylenetetrahydrofolate	(-)CH<sub>2</sub>H<sub>4</sub>folate;(-)5,10-methylene-5,6,7,8-tetrahydrofolate;methylene-H4PteGlu(n);methylene-THF(glu)<sub>n</sub>;methylene-H<sub>4</sub>PteGlu<sub>n</sub>;methylene-tetrahydropteroylpolyglutamates			SEED:cpd27449;METANETX:MNXM162297	D:\嗜酸氧化亚铁硫杆菌\03_BioCyc\C2-1\官方原始下载\GCF_000021485_compounds_left_network_full_20260923_083853.xml
Compound	GCF_000021485	CL-	chloride	chloride ion;Cl<SUP>-</SUP>		35.453	MEDIADB:compounds/649/;BIGG:cl;METABOLIGHTS:MTBLC17996;HMDB:HMDB00492;UM-BBD-CPD:c0884;CHEMSPIDER:306;LIGAND-CPD:C00698;PUBCHEM:312;CHEBI:17996	D:\嗜酸氧化亚铁硫杆菌\03_BioCyc\C2-1\官方原始下载\GCF_000021485_compounds_left_network_full_20260923_083853.xml
Compound	GCF_000021485	CPD-9699	hypoglycin A	hypoglycine;hypoglycine A;hypoglycin;L-&beta;-(methylenecyclopropyl)-alanine;2-amino-3-(2-methylidenecyclopropyl)propanoic acid		141.169	METANETX:MNXM11845;CHEBI:6248;HMDB:HMDB29427;PUBCHEM:25244430;LIGAND-CPD:C08287;Wikipedia:Hypoglycin	D:\嗜酸氧化亚铁硫杆菌\03_BioCyc\C2-1\官方原始下载\GCF_000021485_compounds_left_network_full_20260923_083853.xml
Compound	GCF_000021485	5-L-GLUTAMYL-L-AMINO-ACID	an &alpha;-(&gamma;-L-glutamyl)-L-amino acid	a 5-L-glutamyl-L-amino acid			METANETX:MNXM2299;LIGAND-CPD:C03740	D:\嗜酸氧化亚铁硫杆菌\03_BioCyc\C2-1\官方原始下载\GCF_000021485_compounds_right_network_full_20260923_083853.xml
Compound	GCF_000021485	CPD0-2040	arsenous acid	As(OH)<sub>3</sub>;trihydroxyarsenite(III);trihydroxidoarsenic;trioxoarsenic acid		125.943	PUBCHEM:545;DRUGBANK:DB04456;CHEBI:49900	D:\嗜酸氧化亚铁硫杆菌\03_BioCyc\C2-1\官方原始下载\GCF_000021485_compounds_left_network_full_20260923_083853.xml
Compound	GCF_000021485	5-HYDROXY-CTP	5-hydroxy-CTP	5-hydroxycytidine triphosphate		495.126	SEED:cpd22133;METANETX:MNXM38144;PUBCHEM:25202584	D:\嗜酸氧化亚铁硫杆菌\03_BioCyc\C2-1\官方原始下载\GCF_000021485_compounds_right_network_full_20260923_083853.xml
Compound	GCF_000021485	CPD-17927	a nascent peptidoglycan with (L-alanyl-&gamma;-D-glutamyl-<i>meso</i>-2,6-diaminopimeloyl-D-alanyl-D-alanine) pentapeptide				METANETX:MNXM147022	D:\嗜酸氧化亚铁硫杆菌\03_BioCyc\C2-1\官方原始下载\GCF_000021485_compounds_left_network_full_20260923_083853.xml
Compound	GCF_000021485	CPD-8122	molybdopterin adenine dinucleotide	adenylated molybdopterin;H2Dtpp-mADP;molybdopterin-AMP;adenylyl-molybdopterin		721.529	SEED:cpd21090;HMDB:HMDB59628;METANETX:MNXM3054;LIGAND-CPD:C19848;PUBCHEM:135926597;CHEBI:62727	D:\嗜酸氧化亚铁硫杆菌\03_BioCyc\C2-1\官方原始下载\GCF_000021485_compounds_left_network_full_20260923_083853.xml
Compound	GCF_000021485	16S-rRNA-cytidine1402	a cytidine<sup>1402</sup> in 16S rRNA				SEED:cpd21826;METANETX:MNXM9714	D:\嗜酸氧化亚铁硫杆菌\03_BioCyc\C2-1\官方原始下载\GCF_000021485_compounds_left_network_full_20260923_083853.xml
Compound	GCF_000021485	Nucleoside-Triphosphates	a nucleoside triphosphate	NTP;a nucleoside 5'-triphosphate			SEED:cpd00173;HMDB:HMDB60500;METANETX:MNXM96380;CHEBI:17326;LIGAND-CPD:C00201	D:\嗜酸氧化亚铁硫杆菌\03_BioCyc\C2-1\官方原始下载\GCF_000021485_compounds_left_network_full_20260923_083853.xml
Compound	GCF_000021485	PUTRESCINE	putrescine	diaminobutane;1,4-diaminobutane;1,4-butanediamine;tetramethylenediamine		90.168	METANETX:MNXM118;REFMET:Putrescine;BIGG:ptrc;METABOLIGHTS:MTBLC326268;HMDB:HMDB01414;CHEMSPIDER:2695170;CHEBI:326268;PUBCHEM:3452892;LIGAND-CPD:C00134;CAS:110-60-1	D:\嗜酸氧化亚铁硫杆菌\03_BioCyc\C2-1\官方原始下载\GCF_000021485_compounds_left_network_full_20260923_083853.xml
Compound	GCF_000021485	CPD2B4Q-12	UDP-3-<i>N</i>-[(3<i>R</i>)-3-hydroxyhexanoyl]-&alpha;-3-amino-3-deoxy-D-glucosamine			817.74		D:\嗜酸氧化亚铁硫杆菌\03_BioCyc\C2-1\官方原始下载\GCF_000021485_compounds_left_network_full_20260923_083853.xml
Compound	GCF_000021485	N-ACETYL-GLUTAMYL-P	<i>N</i>-acetylglutamyl-phosphate	N-Acetyl-L-glutamyl 5-phosphate;<i>N</i>-acetyl-L-glutamate-5-phosphate;<i>N</i>-acetyl-glutamyl-P;<i>N</i>-acetylglutamyl-P;<i>N</i>-acetyl-5-glutamyl phosphate		266.124	SEED:cpd02552;METANETX:MNXM1384;BIGG:acg5p;PUBCHEM:49791951;CHEBI:57936;METABOLIGHTS:MTBLC57936;HMDB:HMDB06456;LIGAND-CPD:C04133	D:\嗜酸氧化亚铁硫杆菌\03_BioCyc\C2-1\官方原始下载\GCF_000021485_compounds_right_network_full_20260923_083853.xml
Compound	GCF_000021485	CPD-14553	UDP-&alpha;-D-galactose	UDP-&alpha;-D-galactopyranose;UDP-galactose;UDP-Gal		564.289	METANETX:MNXM89795;BIGG:udpgal;CHEBI:66914;PUBCHEM:9549262;METABOLIGHTS:MTBLC66914;HMDB:HMDB00302;CHEMSPIDER:17069;CAS:2956-16-3;LIGAND-CPD:C00052	D:\嗜酸氧化亚铁硫杆菌\03_BioCyc\C2-1\官方原始下载\GCF_000021485_compounds_left_network_full_20260923_083853.xml
Compound	GCF_000021485	BENZYL-ALCOHOL	benzyl alcohol	&alpha;-hydroxytoluene;benzenemethanol;phenylmethanol;phenylcarbinol;hydroxymethylbenzene		108.14	MEDIADB:compounds/524/;METANETX:MNXM562;REFMET:Benzyl alcohol;DRUGBANK:DB06770;METABOLIGHTS:MTBLC17987;HMDB:HMDB03119;CHEMSPIDER:13276106;PUBCHEM:244;LIGAND-CPD:C00556;CHEBI:17987;CAS:100-51-6	D:\嗜酸氧化亚铁硫杆菌\03_BioCyc\C2-1\官方原始下载\GCF_000021485_compounds_left_network_full_20260923_083853.xml
Compound	GCF_000021485	Glycogens	a glycogen	a branching glycogen;6-&alpha;-D-(1,4-&alpha;-D-glucano)-glucan;glycogen			HMDB:HMDB00757;METANETX:MNXM55375;BIGG:glycogen;Wikipedia:Glycogen;CAS:9005-79-2;LIGAND-CPD:C00182;CHEBI:24384	D:\嗜酸氧化亚铁硫杆菌\03_BioCyc\C2-1\官方原始下载\GCF_000021485_compounds_left_network_full_20260923_083853.xml
Compound	GCF_000021485	H2CO3	carbonic acid	H<SUB>2</SUB>CO<SUB>3</SUB>		62.025	REFMET:Carbonic acid;HMDB:HMDB03538;CHEMSPIDER:747;PUBCHEM:767;CHEBI:28976;LIGAND-CPD:C01353;CAS:463-79-6	D:\嗜酸氧化亚铁硫杆菌\03_BioCyc\C2-1\官方原始下载\GCF_000021485_compounds_left_network_full_20260923_083853.xml
Compound	GCF_000021485	CPD-19238	&alpha;-D-ribose-1-[<i>N</i>-(phosphonomethyl)glycine] 5-triphosphate			535.082	METANETX:MNXM164516;PUBCHEM:122706494	D:\嗜酸氧化亚铁硫杆菌\03_BioCyc\C2-1\官方原始下载\GCF_000021485_compounds_left_network_full_20260923_083853.xml
Compound	GCF_000021485	Phosphoglycerides	a phosphoglyceride	a glycerophospholipid			METANETX:MNXM55319;CHEBI:37739	D:\嗜酸氧化亚铁硫杆菌\03_BioCyc\C2-1\官方原始下载\GCF_000021485_compounds_left_network_full_20260923_083853.xml
Compound	GCF_000021485	SO3	sulfite	SO<SUB>3</SUB>;SO<SUB>3</SUB><SUP>-2</SUP>		80.058	BIGG:so3;HMDB:HMDB00240;CHEMSPIDER:1068;CAS:14265-45-3;PUBCHEM:1099;CHEBI:17359	D:\嗜酸氧化亚铁硫杆菌\03_BioCyc\C2-1\官方原始下载\GCF_000021485_compounds_left_network_full_20260923_083853.xml
Compound	GCF_000021485	LL-DIAMINOPIMELATE	L,L-diaminopimelate	L,L-A2pm;L,L-DAP;L,L-2,6-diaminopimelate;L,L-2,6-diaminoheptanedioate		190.199	SEED:cpd00504;METANETX:MNXM644;BIGG:26dap_LL;METABOLIGHTS:MTBLC57609;HMDB:HMDB01370;CHEBI:57609;PUBCHEM:1549100;CAS:583-93-7;LIGAND-CPD:C00666;CAS:14289-34-0	D:\嗜酸氧化亚铁硫杆菌\03_BioCyc\C2-1\官方原始下载\GCF_000021485_compounds_left_network_full_20260923_083853.xml
Compound	GCF_000021485	Protein-L-lysine	a [protein]-L-lysine	an [enzyme]-lysine			METANETX:MNXM149166;LIGAND-CPD:C02188	D:\嗜酸氧化亚铁硫杆菌\03_BioCyc\C2-1\官方原始下载\GCF_000021485_compounds_left_network_full_20260923_083853.xml
Compound	GCF_000021485	SELENOMETHIONINE	L-selenomethionine	selenium L-methionine;seleno-L-methionine		196.107	REACTOME-CPD:5357707;SEED:cpd03163;METANETX:MNXM1676;REFMET:Selenomethionine;PUBCHEM:53262363;METABOLIGHTS:MTBLC62621;HMDB:HMDB03966;CHEBI:62621;CAS:1464-42-2;LIGAND-CPD:C05335	D:\嗜酸氧化亚铁硫杆菌\03_BioCyc\C2-1\官方原始下载\GCF_000021485_compounds_right_network_full_20260923_083853.xml
Compound	GCF_000021485	S18-N-terminal-L-alanine	an N-terminal L-alanyl-[bS18 protein of 30S ribosome]					D:\嗜酸氧化亚铁硫杆菌\03_BioCyc\C2-1\官方原始下载\GCF_000021485_compounds_left_network_full_20260923_083853.xml
Compound	GCF_000021485	CPD2DNV-4	&alpha;-Kdo-(2&rarr;6)-lipid IV<sub>A</sub> (<i>H. pylori</i>)	(Kdo)-lipid IV<sub>A</sub> (<i>H. pylori</i>)		1789.183		D:\嗜酸氧化亚铁硫杆菌\03_BioCyc\C2-1\官方原始下载\GCF_000021485_compounds_right_network_full_20260923_083853.xml
Compound	GCF_000021485	IMINOASPARTATE	2-iminosuccinate	2-iminobutanedioate;&alpha;-iminosuccinate;iminoaspartate		129.072	SEED:cpd03470;METANETX:MNXM599;BIGG:iasp;HMDB:HMDB01131;CHEMSPIDER:19951415;CHEBI:58831;PUBCHEM:23615393;LIGAND-CPD:C05840	D:\嗜酸氧化亚铁硫杆菌\03_BioCyc\C2-1\官方原始下载\GCF_000021485_compounds_left_network_full_20260923_083853.xml
Compound	GCF_000021485	DPG	3-phospho-D-glyceroyl phosphate	1,3-bisphospho-D-glycerate;3-phosphoglyceroyl-P;P-glyceroyl-P;phosphoglyceroyl-P;3-phosphoglyceroyl phosphate;3-P-glyceroyl-P;DPG;glycerate 1,3-bisphosphate;3-phosphonato-D-glyceroyl phosphate		262.006	REACTOME-CPD:29800;SEED:cpd00203;METANETX:MNXM261;REFMET:3-phospho-D-glyceroyl dihydrogen phosphate;BIGG:13dpg;PUBCHEM:46878409;CHEBI:57604;METABOLIGHTS:MTBLC57604;HMDB:HMDB01270;CHEMSPIDER:19698372;LIGAND-CPD:C00236;CAS:1981-49-3	D:\嗜酸氧化亚铁硫杆菌\03_BioCyc\C2-1\官方原始下载\GCF_000021485_compounds_right_network_full_20260923_083853.xml
Compound	GCF_000021485	DEAMIDO-NAD	nicotinate adenine dinucleotide	deamino-NAD+;NaADN;deamido-NAD<sup>+</sup>;deamidonicotinamide adenine dinucleoetide;deamido-NAD;NaAD		662.399	SEED:cpd00638;METANETX:MNXM309;BIGG:dnad;PUBCHEM:45266646;HMDB:HMDB01179;CHEBI:58437;DRUGBANK:DB04099;LIGAND-CPD:C00857;CAS:6450-77-7	D:\嗜酸氧化亚铁硫杆菌\03_BioCyc\C2-1\官方原始下载\GCF_000021485_compounds_left_network_full_20260923_083853.xml
Compound	GCF_000021485	CPD-9674	2,2-dichloroacetate	2,2-dichloroacetic acid;DCA		127.935	SEED:cpd08027;METANETX:MNXM5126;CHEMSPIDER:24195;PUBCHEM:25975;LIGAND-CPD:C11149;CHEBI:28240	D:\嗜酸氧化亚铁硫杆菌\03_BioCyc\C2-1\官方原始下载\GCF_000021485_compounds_left_network_full_20260923_083853.xml
Compound	GCF_000021485	CPD0-2463	5-phospho-&alpha;-D-ribose 1,2-cyclic phosphate	5-phospho-&alpha;-D-ribosyl 1,2-cyclic phosphate;&alpha;-D-ribose-1,2-cyclic-phosphate 5-phosphate		289.052	SEED:cpd26508;METANETX:MNXM13282;LIGAND-CPD:C20440;PUBCHEM:70678976;CHEBI:68687	D:\嗜酸氧化亚铁硫杆菌\03_BioCyc\C2-1\官方原始下载\GCF_000021485_compounds_left_network_full_20260923_083853.xml
Compound	GCF_000021485	23S-rRNA-guanine-2551	guanosine<sup>2251</sup> in 23S rRNA				SEED:cpd21957;METANETX:MNXM14399	D:\嗜酸氧化亚铁硫杆菌\03_BioCyc\C2-1\官方原始下载\GCF_000021485_compounds_left_network_full_20260923_083853.xml
Compound	GCF_000021485	56-Dihydrouracil20-in-tRNAs	a 5,6-dihydrouracil<sup>20</sup> in tRNA				SEED:cpd22171;METANETX:MNXM14938	D:\嗜酸氧化亚铁硫杆菌\03_BioCyc\C2-1\官方原始下载\GCF_000021485_compounds_left_network_full_20260923_083853.xml
Compound	GCF_000021485	2-ALPHA-HYDROXYETHYL-THPP	2-(&alpha;-hydroxyethyl)thiamine diphosphate	2-(&alpha;-hydroxyethyl)-TPP;2-(&alpha;-hydroxyethyl)-ThPP		466.341	SEED:cpd03049;HMDB:HMDB03904;METANETX:MNXM1705;LIGAND-CPD:C05125;CHEBI:58939;PUBCHEM:46878487	D:\嗜酸氧化亚铁硫杆菌\03_BioCyc\C2-1\官方原始下载\GCF_000021485_compounds_left_network_full_20260923_083853.xml
Compound	GCF_000021485	Alcohols	an alcohol	an alcohol;alcohol;ROH			REACTOME-CPD:8878776;SEED:cpd00057;METANETX:MNXM94381;CHEBI:30879;LIGAND-CPD:C00069	D:\嗜酸氧化亚铁硫杆菌\03_BioCyc\C2-1\官方原始下载\GCF_000021485_compounds_right_network_full_20260923_083853.xml
Compound	GCF_000021485	CPD-12427	7,8-dihydro-8-oxoguanine	8-oxoguanine		167.127	SEED:cpd21388;METANETX:MNXM2795;PUBCHEM:135420630;REFMET:8-Hydroxyguanine;HMDB:HMDB02032;LIGAND-CPD:C20155;CHEMSPIDER:13984649;CHEBI:52617	D:\嗜酸氧化亚铁硫杆菌\03_BioCyc\C2-1\官方原始下载\GCF_000021485_compounds_right_network_full_20260923_083853.xml
Compound	GCF_000021485	CPD-5662	4,5-secobiotin	9-mercaptodesthiobiotin;9-mercaptodethiobiotin;6-[2-oxo-5-(sulfanylmethyl)imidazolidin-4-yl]hexanoate		245.316	SEED:cpd24584;CHEBI:133388;METANETX:MNXM39602;PUBCHEM:25244092	D:\嗜酸氧化亚铁硫杆菌\03_BioCyc\C2-1\官方原始下载\GCF_000021485_compounds_left_network_full_20260923_083853.xml
Compound	GCF_000021485	CPD-678	hydrogen selenide	dihydridoselenium;H<sub>2</sub>Se;selane;dihydrogen selenide;[SeH<sub>2</sub>]		80.976	LIGAND-CPD:C01528;BIGG:seln;CHEBI:16503;PUBCHEM:533;HMDB:HMDB11110;CHEMSPIDER:4885617;CAS:7783-07-5	D:\嗜酸氧化亚铁硫杆菌\03_BioCyc\C2-1\官方原始下载\GCF_000021485_compounds_left_network_full_20260923_083853.xml
Compound	GCF_000021485	CPD-13227	<i>N,N',N''</i>-triacetylchitotriose	triacetylchitotriose		627.598	REACTOME-CPD:6786654;SEED:cpd23788;HMDB:HMDB06578;METANETX:MNXM153398;CHEBI:143141;PUBCHEM:10930193;CHEMSPIDER:392429	D:\嗜酸氧化亚铁硫杆菌\03_BioCyc\C2-1\官方原始下载\GCF_000021485_compounds_left_network_full_20260923_083853.xml
Compound	GCF_000021485	OXYGEN-MOLECULE	dioxygen	oxygen molecule;molecular oxygen;oxygen		31.999	SEED:cpd00007;METANETX:MNXM4;BIGG:o2;METABOLIGHTS:MTBLC15379;HMDB:HMDB01377;CHEMSPIDER:952;PUBCHEM:977;CHEBI:15379;LIGAND-CPD:C00007;CAS:7782-44-7	D:\嗜酸氧化亚铁硫杆菌\03_BioCyc\C2-1\官方原始下载\GCF_000021485_compounds_left_network_full_20260923_083853.xml
Compound	GCF_000021485	CPD-7046	S<sup>2-</sup>	sulfanediide;sulfide(2-);sulfur(2-)		32.06	HMDB:HMDB00598;UM-BBD-CPD:c0569;CHEMSPIDER:27079;PUBCHEM:29109;CHEBI:15138	D:\嗜酸氧化亚铁硫杆菌\03_BioCyc\C2-1\官方原始下载\GCF_000021485_compounds_right_network_full_20260923_083853.xml
Compound	GCF_000021485	2-KETO-3-METHYL-VALERATE	(3<i>S</i>)-3-methyl-2-oxopentanoate	(<i>S</i>)-3-methyl-2-oxopentanoate;&alpha;-keto-methylvalerate;2-oxo-3-methylvalerate;(<i>S</i>)-2-oxo-3-methylpentanoate;(<i>S</i>)-3-methyl-2-oxovalerate;2-oxo-3-methylpentanoate;3-methyl-2-oxopentanoate;&alpha;-keto-&beta;-methyl-valerate;2-keto-3-methyl-valerate;2-keto-isoleucine		129.135	SEED:cpd00508;METANETX:MNXM439;REFMET:(S)-3-Methyl-2-oxopentanoic acid;BIGG:3mop;METABOLIGHTS:MTBLC35146;HMDB:HMDB00491;CHEMSPIDER:19951083;CHEBI:35146;PUBCHEM:6857401;LIGAND-CPD:C00671;CAS:1460-34-0	D:\嗜酸氧化亚铁硫杆菌\03_BioCyc\C2-1\官方原始下载\GCF_000021485_compounds_right_network_full_20260923_083853.xml
Compound	GCF_000021485	OCTAPRENYL-METHYL-METHOXY-BENZQ	6-methoxy-3-methyl-2-<i>all-trans</i>-octaprenyl-1,4-benzoquinol	2-octaprenyl-3-methyl-6-methoxy-1,4-benzenediol;6-methoxy-3-methyl-2-octaprenylquinol;2-octaprenyl-3-methyl-6-methoxyhydroquinone;2-octaprenyl-3-methyl-6-methoxyquinol		699.111	SEED:cpd15361;HMDB:HMDB11661;METANETX:MNXM1899;BIGG:2ommbl;CHEBI:60656;PUBCHEM:49852330	D:\嗜酸氧化亚铁硫杆菌\03_BioCyc\C2-1\官方原始下载\GCF_000021485_compounds_left_network_full_20260923_083853.xml
Compound	GCF_000021485	Deoxy-Ribonucleoside-Monophosphates	a 2'-deoxyribonucleoside 5'-monophosphate	a deoxyribonucleoside monophosphate;a 2'-deoxynucleoside 5'-monophosphate;a 2'-deoxynucleoside 5'-phosphate;a deoxynucleoside monophosphate;a deoxynucleoside 5'-monophosphate			SEED:cpd00513;METANETX:MNXM6057;CHEBI:18241;LIGAND-CPD:C00676	D:\嗜酸氧化亚铁硫杆菌\03_BioCyc\C2-1\官方原始下载\GCF_000021485_compounds_right_network_full_20260923_083853.xml
Compound	GCF_000021485	16S-rRNA-N3-methyluracil1498	an <i>N</i><sup>3</sup>-methyluracil<sup>1498</sup> in 16S rRNA				SEED:cpd21820;METANETX:MNXM14042	D:\嗜酸氧化亚铁硫杆菌\03_BioCyc\C2-1\官方原始下载\GCF_000021485_compounds_right_network_full_20260923_083853.xml
Compound	GCF_000021485	OCTAPRENYL-METHYL-OH-METHOXY-BENZQ	3-demethylubiquinol-<i>8</i>	2-octaprenyl-3-methyl-5-hydroxy-6-methoxy-1,4-benzoquinol;OMHMB;2-octaprenyl-3-methyl-5-hydroxy-6-methoxy-1,4-benzoquinone		715.11	SEED:cpd15360;METANETX:MNXM2187;PUBCHEM:50986110;BIGG:2omhmbl;CHEBI:61705;LIGAND-CPD:C05815	D:\嗜酸氧化亚铁硫杆菌\03_BioCyc\C2-1\官方原始下载\GCF_000021485_compounds_left_network_full_20260923_083853.xml
Compound	GCF_000021485	2-hydroxyacyl-glutathiones	<i>S</i>-(2-hydroxyacyl)glutathione				SEED:cpd12422;METANETX:MNXM97270;CHEBI:17491;LIGAND-CPD:C03899	D:\嗜酸氧化亚铁硫杆菌\03_BioCyc\C2-1\官方原始下载\GCF_000021485_compounds_left_network_full_20260923_083853.xml
Compound	GCF_000021485	4-P-PANTOTHENATE	(<i>R</i>)-4'-phosphopantothenate	4'-phosphopantothenate;4'-P-Pantothenate;D-4'-phosphopantothenate		296.193	REACTOME-CPD:196786;SEED:cpd02201;METANETX:MNXM415;BIGG:4ppan;METABOLIGHTS:MTBLC10986;HMDB:HMDB01016;CHEBI:10986;PUBCHEM:16755653;LIGAND-CPD:C03492	D:\嗜酸氧化亚铁硫杆菌\03_BioCyc\C2-1\官方原始下载\GCF_000021485_compounds_left_network_full_20260923_083853.xml
Compound	GCF_000021485	PHENYLGLYOXYLATE	phenylglyoxylate	2-oxo-2-phenylacetate;phenylglyoxylic acid;benzoylformic acid;benzoylformate		149.126	SEED:cpd01447;METANETX:MNXM764;REFMET:Phenylglyoxylic acid;HMDB:HMDB01587;CHEMSPIDER:1265921;CHEBI:36656;PUBCHEM:1548898;LIGAND-CPD:C02137;CAS:611-73-4	D:\嗜酸氧化亚铁硫杆菌\03_BioCyc\C2-1\官方原始下载\GCF_000021485_compounds_left_network_full_20260923_083853.xml
Compound	GCF_000021485	UDP-N-ACETYLMURAMATE	UDP-<i>N</i>-acetyl-&alpha;-D-muramate	dihydro-UDP-MurNAc;dihydro-UDP-N-acetylmuramic acid;dihydro-UDP-N-acetylmuramate;uridine diphosphate <i>N</i>-acetylmuramic acid;UDP-<i>N</i>-acetylmuramic acid;UDP-<i>N</i>-acetyl-D-muramate;UDP-MurNAc;UDP-<i>N</i>-acetylmuramoyl;-O-[(1R)-1-carboxyethyl]-2-acetoxy-2-deoxy-D-glucopyranose		676.397	PUBCHEM:24772978;METANETX:MNXM724589;SEED:cpd00773;METANETX:MNXM722733;BIGG:uamr;HMDB:HMDB11720;CHEBI:70757;LIGAND-CPD:C01050	D:\嗜酸氧化亚铁硫杆菌\03_BioCyc\C2-1\官方原始下载\GCF_000021485_compounds_left_network_full_20260923_083853.xml
Compound	GCF_000021485	CPD-5881	4a-hydroxy-L-erythro-5,6,7,8-tetrahydrobiopterin	4a-hydroxy-5,6,7,8-tetrahydrobiopterin;4a-hydroxy-tetrahydropterin;(6<i>R</i>)-6-(L-<i>erythro</i>-1,2-dihydroxypropyl)-5,6,7,8-tetrahydro-4a-hydroxypterin;(6R)-4a-hydroxy-tetrahydrobiopterin		257.249	METANETX:MNXM722800;PUBCHEM:135476770;CHEBI:15642;HMDB:HMDB02281;LIGAND-CPD:C15522	D:\嗜酸氧化亚铁硫杆菌\03_BioCyc\C2-1\官方原始下载\GCF_000021485_compounds_left_network_full_20260923_083853.xml
Compound	GCF_000021485	ALL-TRANS-HEPTAPRENYL-DIPHOSPHATE	all-<i>trans</i>-heptaprenyl diphosphate			651.779	SEED:cpd02590;METANETX:MNXM1722;HMDB:HMDB12187;CHEBI:58206;PUBCHEM:25245257;LIGAND-CPD:C04216	D:\嗜酸氧化亚铁硫杆菌\03_BioCyc\C2-1\官方原始下载\GCF_000021485_compounds_left_network_full_20260923_083853.xml
Compound	GCF_000021485	CPD-11592	2-(methylsulfanyl)-<i>N</i><sup>6</sup>-prenyladenosine<sup>37</sup> in tRNA	tRNA-(2-methylsulfanyl-<i>N</i><sup>6</sup>-dimethylallyladenosine<sup>37</sup>);a tRNA containing 2-methylsulfanyl-<i>N</i><sup>6</sup>-dimethylallyladenosine<sup>37</sup>;2-methylthio-<i>N</i><sup>6</sup>-dimethylallyladenosine<sup>37</sup> in tRNA;ms<sup>2</sup>i<sup>6</sup>A<sub>37</sub>;tRNA 2-(methylsulfanyl)-<i>N</i><sup>6</sup>-isopentenyl adenosine<sup>37</sup>;2-(methylsulfanyl)-<i>N</i><sup>6</sup>-dimethylallyladenosine<sup>37</sup> in tRNA;<i>N</i><sup>6</sup>-(3-methylbut-2-en-1-yl)-2-(methylsulfanyl)adenosine<sup>37</sup> in tRNA			METANETX:MNXM96316;CHEBI:74417	D:\嗜酸氧化亚铁硫杆菌\03_BioCyc\C2-1\官方原始下载\GCF_000021485_compounds_right_network_full_20260923_083853.xml
Compound	GCF_000021485	Cytidine-34-tRNAIle2	a cytidine<sup>34</sup> in tRNA<sup>Ile2</sup>				METANETX:MNXM147973	D:\嗜酸氧化亚铁硫杆菌\03_BioCyc\C2-1\官方原始下载\GCF_000021485_compounds_left_network_full_20260923_083853.xml
Compound	GCF_000021485	MG+2	Mg<SUP>2+</SUP>	magnesium;magnesium(II);Mg<SUP>++</SUP>;magnesium ion;Mg<sup>II</sup>		24.305	MEDIADB:compounds/292/;SEED:cpd00254;METANETX:MNXM653;BIGG:mg2;DRUGBANK:DB01378;HMDB:HMDB00547;CHEMSPIDER:865;PUBCHEM:888;CHEBI:18420;LIGAND-CPD:C00305	D:\嗜酸氧化亚铁硫杆菌\03_BioCyc\C2-1\官方原始下载\GCF_000021485_compounds_left_network_full_20260923_083853.xml
Compound	GCF_000021485	CPD-8989	L-methionine-(<i>S</i>)-<i>S</i>-oxide			165.207	SEED:cpd14721;METANETX:MNXM722780;LIGAND-CPD:C15999;CHEBI:58772;PUBCHEM:11869257	D:\嗜酸氧化亚铁硫杆菌\03_BioCyc\C2-1\官方原始下载\GCF_000021485_compounds_right_network_full_20260923_083853.xml
Compound	GCF_000021485	SEROTONIN	serotonin	5-HT;hydroxytryptamine;5-hydroxytryptamine;3-(2-aminoethyl)-1H-indol-5-ol;enteramine;thrombocytin;thrombotonin		177.225	SEED:cpd00579;METANETX:MNXM357;REFMET:Serotonin;METABOLIGHTS:MTBLC350546;HMDB:HMDB00259;CHEMSPIDER:3264617;CHEBI:350546;PUBCHEM:4048638;LIGAND-CPD:C00780;CAS:50-67-9	D:\嗜酸氧化亚铁硫杆菌\03_BioCyc\C2-1\官方原始下载\GCF_000021485_compounds_left_network_full_20260923_083853.xml
Compound	GCF_000021485	CPD-15360	<i>N</i><sup>6</sup>-(3-methylbut-2-en-1-yl)-2-thioadenosine<sup>37</sup> in tRNA	tRNA-(2-thio-<i>N</i><sup>6</sup>-dimethylallyladenosine<sup>37</sup>);a tRNA containing 2-thio-<i>N</i><sup>6</sup>-dimethylallyladenosine<sup>37</sup>;2-thio-<i>N</i><sup>6</sup>-dimethylallyladenosine<sup>37</sup> in tRNA;2-sulfanyl-<i>N</i><sup>6</sup>-dimethylallyladenosine<sup>37</sup> in tRNA			METANETX:MNXM164158;CHEBI:74416	D:\嗜酸氧化亚铁硫杆菌\03_BioCyc\C2-1\官方原始下载\GCF_000021485_compounds_left_network_full_20260923_083853.xml
Compound	GCF_000021485	tRNA-pseudouridine-38-40	a pseudouridine<sup>38-40</sup> in tRNA	a tRNA pseudouridine<sup>38-40</sup>			SEED:cpd28579;METANETX:MNXM96236;PUBCHEM:25244666;LIGAND-CPD:C02764	D:\嗜酸氧化亚铁硫杆菌\03_BioCyc\C2-1\官方原始下载\GCF_000021485_compounds_right_network_full_20260923_083853.xml
Compound	GCF_000021485	DIHYDROFOLATE	7,8-dihydrofolate monoglutamate	7,8-pteroylglutamic acid;7,8-pteroylglutamate;7,8-dihydropteroyl monoglutamate;H<sub>2</sub>PteGlu;H<sub>2</sub>PteGlu<sub>1</sub>;dihydrofolate;7,8-dihydropteroylglutamate;7,8-dihydrofolate		441.402	REACTOME-CPD:73604;SEED:cpd00330;METANETX:MNXM281;PUBCHEM:135398603;REFMET:Dihydrofolic acid;BIGG:dhf;METABOLIGHTS:MTBLC57451;HMDB:HMDB01056;CHEBI:57451;LIGAND-CPD:C00415;CAS:4033-27-6	D:\嗜酸氧化亚铁硫杆菌\03_BioCyc\C2-1\官方原始下载\GCF_000021485_compounds_right_network_full_20260923_083853.xml
Compound	GCF_000021485	DIAMINO-OH-PHOSPHORIBOSYLAMINO-PYR	2,5-diamino-6-(5-phospho-D-ribosylamino)pyrimidin-4(3H)-one	2,5-diamino-6-hydroxy-4-(5-phosphoribosylamino)pyrimidine;DARP;2,5-diamino-6-(1-D-ribosylamino)pyrimidin-4(3H)-one 5'-phosphate;2,5-diamino-6-(ribosylamino)-4-(3H)-pyrimidinone 5'-phosphate;2,5-diamino-6-(D-ribosylamino)pyrimidin-4(3H)-one 5'-phosphate		351.212	METANETX:MNXM648;PUBCHEM:135398600;BIGG:25drapp;CHEBI:29114;LIGAND-CPD:C01304	D:\嗜酸氧化亚铁硫杆菌\03_BioCyc\C2-1\官方原始下载\GCF_000021485_compounds_left_network_full_20260923_083853.xml
Compound	GCF_000021485	CPD-13043	7-carboxy-7-deazaguanine			193.141	SEED:cpd21481;METANETX:MNXM5026;LIGAND-CPD:C20248;PUBCHEM:136041714;CHEBI:61036	D:\嗜酸氧化亚铁硫杆菌\03_BioCyc\C2-1\官方原始下载\GCF_000021485_compounds_left_network_full_20260923_083853.xml
Compound	GCF_000021485	N-terminal-glycine	an N-terminal glycyl-[protein]				METANETX:MNXM164548	D:\嗜酸氧化亚铁硫杆菌\03_BioCyc\C2-1\官方原始下载\GCF_000021485_compounds_right_network_full_20260923_083853.xml
Compound	GCF_000021485	3-DEHYDRO-SHIKIMATE	3-dehydroshikimate	3-dehydroshikimic acid;5-dehydroshikimic acid;5-dehydroshikimate		171.129	REACTOME-CPD:964941;SEED:cpd01716;METANETX:MNXM611;REFMET:3-dehydroshikimate;BIGG:3dhsk;CHEMSPIDER:4573915;CHEBI:16630;PUBCHEM:5460360;LIGAND-CPD:C02637	D:\嗜酸氧化亚铁硫杆菌\03_BioCyc\C2-1\官方原始下载\GCF_000021485_compounds_right_network_full_20260923_083853.xml
Compound	GCF_000021485	CPD-15818	<i>aldehydo</i>-D-ribose			150.131	PUBCHEM:5311110;METABOLIGHTS:MTBLC47014;CHEBI:47014	D:\嗜酸氧化亚铁硫杆菌\03_BioCyc\C2-1\官方原始下载\GCF_000021485_compounds_left_network_full_20260923_083853.xml
Compound	GCF_000021485	C4	Und-PP-Mur2Ac-L-Ala-&gamma;-D-Glu-L-Lys-D-Ala-D-Ala	lipid II;undecaprenyl-diphospho-<i>N</i>-acetylmuramoyl-L-alanyl-&gamma;-D-glutamyl-L-lysyl- D-alanyl-D-alanine;Mur2Ac(oyl-L-Ala-&gamma;-D-Glu-L-Lys-D-Ala-D-Ala)-PP-Und		1670.034	METANETX:MNXM1955;PUBCHEM:46878496;CHEBI:60032;LIGAND-CPD:C05888	D:\嗜酸氧化亚铁硫杆菌\03_BioCyc\C2-1\官方原始下载\GCF_000021485_compounds_left_network_full_20260923_083853.xml
Compound	GCF_000021485	Amino-Acids-20	a proteinogenic amino acid	a proteinogenic amino acid;a protein-building amino acid;a standard &alpha; amino acid			SEED:cpd22369;METANETX:MNXM1075;CHEBI:83813	D:\嗜酸氧化亚铁硫杆菌\03_BioCyc\C2-1\官方原始下载\GCF_000021485_compounds_left_network_full_20260923_083853.xml
Compound	GCF_000021485	BISOHMYR-GLUCOSAMINYL-1P	lipid X (<i>E. coli</i>)	2,3-bis(3-hydroxytetradecanoyl)-&alpha;-D-glucosaminyl 1-phosphate;2,3-bis(&beta;-hydroxymyristoyl)-&alpha;-D-glucosaminyl 1-phosphate;2,3-bis[(3<i>R</i>)-3-hydroxymyristoyl]-&alpha;-D-glucosaminyl 1-phosphate;2,3-bis(3-hydroxymyristoyl)-&alpha;-D-glucosaminyl 1-phosphate		709.853	METANETX:MNXM1839;BIGG:lipidX;CHEBI:57957;PUBCHEM:25244842;LIGAND-CPD:C04824	D:\嗜酸氧化亚铁硫杆菌\03_BioCyc\C2-1\官方原始下载\GCF_000021485_compounds_left_network_full_20260923_083853.xml
Compound	GCF_000021485	CPD0-2554	(<i>R</i>)-S-adenosyl-L-methionine			399.444	METANETX:MNXM13751;PUBCHEM:34756;METABOLIGHTS:MTBLC33440;CHEBI:33440	D:\嗜酸氧化亚铁硫杆菌\03_BioCyc\C2-1\官方原始下载\GCF_000021485_compounds_right_network_full_20260923_083853.xml
Compound	GCF_000021485	5-P-BETA-D-RIBOSYL-AMINE	5-phospho-&beta;-D-ribosylamine	5-P-&beta;-D-ribosylamine;PRA;5-phosphoribosylamine		228.118	REACTOME-CPD:111292;SEED:cpd01982;METANETX:MNXM90003;REFMET:5-Phosphoribosylamine;BIGG:pram;PUBCHEM:45266724;METABOLIGHTS:MTBLC58681;HMDB:HMDB01128;CHEBI:58681;LIGAND-CPD:C03090	D:\嗜酸氧化亚铁硫杆菌\03_BioCyc\C2-1\官方原始下载\GCF_000021485_compounds_left_network_full_20260923_083853.xml
Compound	GCF_000021485	CPD-15873	<i>bis</i>(guanylyl molybdopterin) cofactor	<i>bis</i>(molybdopterin guanine dinucleotide)molybdenum cofactor;Mo(Dtpp-mGDP)<sub>2</sub>;<i>bis</i>-MGD;<i>bis</i>(molybdopterin guanine dinucleotide)molybdenum;molybdo-<i>bis</i>(pyranopterin guanine dinucleotide);mo-bis(molybdopterin guanine dinucleotide);Mo-<i>bis</i>PGD;Mo-<i>bis</i>(pyranopterin guanosine dinucleotide)		1584.98	METANETX:MNXM62267;PUBCHEM:136630930;CHEBI:71312	D:\嗜酸氧化亚铁硫杆菌\03_BioCyc\C2-1\官方原始下载\GCF_000021485_compounds_left_network_full_20260923_083853.xml
Compound	GCF_000021485	CYTIDINE	cytidine			243.219	SEED:cpd00367;METANETX:MNXM338;REFMET:Cytidine;BIGG:cytd;METABOLIGHTS:MTBLC17562;HMDB:HMDB00089;DRUGBANK:DB02097;CHEMSPIDER:5940;PUBCHEM:6175;CHEBI:17562;LIGAND-CPD:C00475;CAS:65-46-3	D:\嗜酸氧化亚铁硫杆菌\03_BioCyc\C2-1\官方原始下载\GCF_000021485_compounds_right_network_full_20260923_083853.xml
Compound	GCF_000021485	Ribonucleoside-Monophosphates	a ribonucleoside 5'-monophosphate	a 5'-ribonucleotide			SEED:cpd28108;METANETX:MNXM80905;CHEBI:17188;LIGAND-CPD:C02520	D:\嗜酸氧化亚铁硫杆菌\03_BioCyc\C2-1\官方原始下载\GCF_000021485_compounds_right_network_full_20260923_083853.xml
Compound	GCF_000021485	BETA-D-FRUCTOSE	&beta;-D-fructofuranose	&beta;-D-fructofuranose;&beta;-D-fructose;&beta;-fruit sugar;&beta;-Levulose;&beta;-D-arabino-Hexulose		180.157	MEDIADB:compounds/2005/;SEED:cpd30321;METANETX:MNXM1542;METABOLIGHTS:MTBLC28645;HMDB:HMDB00660;CHEMSPIDER:388775;CHEBI:28645;PUBCHEM:439709;LIGAND-CPD:C02336	D:\嗜酸氧化亚铁硫杆菌\03_BioCyc\C2-1\官方原始下载\GCF_000021485_compounds_left_network_full_20260923_083853.xml
Compound	GCF_000021485	CPD-9862	2-decaprenylphenol			775.295	SEED:cpd25879;METANETX:MNXM9810;CHEBI:84511;PUBCHEM:25245964	D:\嗜酸氧化亚铁硫杆菌\03_BioCyc\C2-1\官方原始下载\GCF_000021485_compounds_right_network_full_20260923_083853.xml
Compound	GCF_000021485	2-KETOGLUTARATE	2-oxoglutarate	2-oxoglutarate;ketoglutarate;&alpha;-ketoglutarate;2-oxoglutaric acid;&alpha;-ketoglutaric acid;&alpha;-oxoglutarate;2-ketoglutaric acid;2-ketoglutarate;2-oxopentanedionic acid;2-oxopentanedionate;a-ketoglutaric acid		144.084	SEED:cpd00024;METANETX:MNXM20;REFMET:Oxoglutaric acid;BIGG:akg;METABOLIGHTS:MTBLC16810;HMDB:HMDB00208;CHEMSPIDER:144236;CHEBI:16810;PUBCHEM:164533;KNAPSACK:C00000769;LIGAND-CPD:C00026;CAS:328-50-7	D:\嗜酸氧化亚铁硫杆菌\03_BioCyc\C2-1\官方原始下载\GCF_000021485_compounds_left_network_full_20260923_083853.xml
Compound	GCF_000021485	Menaquinones	a menaquinone	a vitamin K2			SEED:cpd27501;METANETX:MNXM2253;CHEBI:16374;LIGAND-CPD:C00828	D:\嗜酸氧化亚铁硫杆菌\03_BioCyc\C2-1\官方原始下载\GCF_000021485_compounds_left_network_full_20260923_083853.xml
Compound	GCF_000021485	Hydroxymethylbilane-Synthase-Cys	an <i>apo</i>-[hydroxymethylbilane synthase]-L-cysteine					D:\嗜酸氧化亚铁硫杆菌\03_BioCyc\C2-1\官方原始下载\GCF_000021485_compounds_left_network_full_20260923_083853.xml
Compound	GCF_000021485	Alkylated-Bases	an alkylated nucleobase	an alkylated nucleotide base			SEED:cpd22344;METANETX:MNXM97903	D:\嗜酸氧化亚铁硫杆菌\03_BioCyc\C2-1\官方原始下载\GCF_000021485_compounds_right_network_full_20260923_083853.xml
Compound	GCF_000021485	ALL-TRANS-HEXAPRENYL-DIPHOSPHATE	all-<i>trans</i>-hexaprenyl diphosphate	hexaprenyl-diphosphate		583.66	SEED:cpd00906;METANETX:MNXM1067;HMDB:HMDB12188;CHEBI:58179;PUBCHEM:25246217;LIGAND-CPD:C01230	D:\嗜酸氧化亚铁硫杆菌\03_BioCyc\C2-1\官方原始下载\GCF_000021485_compounds_left_network_full_20260923_083853.xml
Compound	GCF_000021485	CPD-15184	N-acetyl-&alpha;-<i>D</i>-muramoyl-<i>L</i>-alanine(1-)	N-acetylmuramoyl-<i>L</i>-alaninate		363.344	METANETX:MNXM168440;CHEBI:62542;PUBCHEM:53262353	D:\嗜酸氧化亚铁硫杆菌\03_BioCyc\C2-1\官方原始下载\GCF_000021485_compounds_left_network_full_20260923_083853.xml
Compound	GCF_000021485	5-METHYL-THF-GLU-N	a 5-methyltetrahydrofolate	an <i>N</i><sup>5</sup>-methyltetrahydrofolate			METANETX:MNXM145843	D:\嗜酸氧化亚铁硫杆菌\03_BioCyc\C2-1\官方原始下载\GCF_000021485_compounds_left_network_full_20260923_083853.xml
Compound	GCF_000021485	3-ENOLPYRUVYL-SHIKIMATE-5P	5-enolpyruvoyl-shikimate 3-phosphate	3-enolpyruvyl-shikimate 5-phosphate;3-enolpyruvyl-shikimate-5-P;5-O-(1-carboxyvinyl)-3-phosphoshikimate;5-enolpyruvyl-shikimate 3-phosphate		320.149	REACTOME-CPD:964900;SEED:cpd00932;METANETX:MNXM1365;BIGG:3psme;PUBCHEM:14506801;CHEBI:57701;LIGAND-CPD:C01269	D:\嗜酸氧化亚铁硫杆菌\03_BioCyc\C2-1\官方原始下载\GCF_000021485_compounds_left_network_full_20260923_083853.xml
Compound	GCF_000021485	CPD-19492	3-ethyl-2-oxosuccinate			158.11	METANETX:MNXM164223;PUBCHEM:23187857	D:\嗜酸氧化亚铁硫杆菌\03_BioCyc\C2-1\官方原始下载\GCF_000021485_compounds_left_network_full_20260923_083853.xml
Compound	GCF_000021485	NEUROSPORENE	<i>all-trans</i> neurosporene	7,8-dihydro-&psi;,&psi;-carotene;neurosporene		538.898	SEED:cpd03216;METANETX:MNXM949;HMDB:HMDB03114;LIPID_MAPS:LMPR01070086;CHEMSPIDER:4444347;PUBCHEM:5280789;CHEBI:16833;LIGAND-CPD:C05431	D:\嗜酸氧化亚铁硫杆菌\03_BioCyc\C2-1\官方原始下载\GCF_000021485_compounds_right_network_full_20260923_083853.xml
Compound	GCF_000021485	23S-rRNA-pseudouridine955-2504-2580	a pseudouridine<sup>955/2504/2580</sup> in 23S rRNA	a 23S rRNA pseudouridine<sup>955/2504/2580</sup>			SEED:cpd21966;METANETX:MNXM14412	D:\嗜酸氧化亚铁硫杆菌\03_BioCyc\C2-1\官方原始下载\GCF_000021485_compounds_right_network_full_20260923_083853.xml
Compound	GCF_000021485	5-carbo-me-ami-me-ur-34-tRNALeu	a 5-carboxymethylaminomethyluridine<sup>34</sup> in tRNA<sup>Leu</sup>				SEED:cpd22165;METANETX:MNXM14849	D:\嗜酸氧化亚铁硫杆菌\03_BioCyc\C2-1\官方原始下载\GCF_000021485_compounds_left_network_full_20260923_083853.xml
Compound	GCF_000021485	CPD-16758	2-or-3 phospho-D-glycerate				METANETX:MNXM147745	D:\嗜酸氧化亚铁硫杆菌\03_BioCyc\C2-1\官方原始下载\GCF_000021485_compounds_left_network_full_20260923_083853.xml
Compound	GCF_000021485	THIAMINE-P	thiamine phosphate	TMP;thiamin monophosphate;thiamin phosphate;thiamin-P;thiamine-Pi;ThP;thiamine monophosphate		343.317	SEED:cpd00793;METANETX:MNXM662;REFMET:Thiamine monophosphate;BIGG:thmmp;METABOLIGHTS:MTBLC37575;HMDB:HMDB02666;CHEMSPIDER:13085545;PUBCHEM:15942892;CHEBI:37575;CAS:532-40-1;LIGAND-CPD:C01081	D:\嗜酸氧化亚铁硫杆菌\03_BioCyc\C2-1\官方原始下载\GCF_000021485_compounds_left_network_full_20260923_083853.xml
Compound	GCF_000021485	CPD-12116	demethylmenaquinol-6	DMKH2-6		568.881	SEED:cpd23248;METANETX:MNXM8527;CHEBI:84539;PUBCHEM:45479495	D:\嗜酸氧化亚铁硫杆菌\03_BioCyc\C2-1\官方原始下载\GCF_000021485_compounds_left_network_full_20260923_083853.xml
Compound	GCF_000021485	PHE	L-phenylalanine	2S-&alpha;-phenylalanine;F;endophenyl;phenylalanine;L-phe;phe		165.191	MEDIADB:compounds/1783/;MEDIADB:compounds/77/;METANETX:MNXM97;REFMET:Phenylalanine;BIGG:phe__L;METABOLIGHTS:MTBLC58095;HMDB:HMDB00159;CHEBI:58095;PUBCHEM:6925665;LIGAND-CPD:C00079;CAS:63-91-2	D:\嗜酸氧化亚铁硫杆菌\03_BioCyc\C2-1\官方原始下载\GCF_000021485_compounds_left_network_full_20260923_083853.xml
Compound	GCF_000021485	CPD-12377	hydroxyl radical			17.007	REACTOME-CPD:5668573;METANETX:MNXM56888;PUBCHEM:157350;CHEBI:29191;Wikipedia:Hydroxyl_radical;LIGAND-CPD:C16844	D:\嗜酸氧化亚铁硫杆菌\03_BioCyc\C2-1\官方原始下载\GCF_000021485_compounds_left_network_full_20260923_083853.xml
Compound	GCF_000021485	ACETYLENE	acetylene	ethyne;ethine		26.038	SEED:cpd01090;METANETX:MNXM3206;CHEMSPIDER:6086;PUBCHEM:6326;CHEBI:27518;LIGAND-CPD:C01548	D:\嗜酸氧化亚铁硫杆菌\03_BioCyc\C2-1\官方原始下载\GCF_000021485_compounds_left_network_full_20260923_083853.xml
Compound	GCF_000021485	CPD-19839	roseoflavin 5'-phosphate	8-demethyl-8-(dimethylamino)riboflavin 5'-phosphate		482.366	PUBCHEM:126961035	D:\嗜酸氧化亚铁硫杆菌\03_BioCyc\C2-1\官方原始下载\GCF_000021485_compounds_left_network_full_20260923_083853.xml
Compound	GCF_000021485	D-6-P-GLUCONO-DELTA-LACTONE	6-phospho D-glucono-1,5-lactone	6-phosphogluconolactone;D-6-phosphoglucono-&delta;-lactone;D-6-P-glucono-&delta;-lactone;D-glucono-1,5-lactone 6-phosphate;D-glucono-&delta;-lactone 6-phosphate;D-6-phospho-glucono-&delta;-lactone		256.105	REACTOME-CPD:31467;SEED:cpd00911;METANETX:MNXM429;BIGG:6pgl;METABOLIGHTS:MTBLC57955;HMDB:HMDB01127;CHEBI:57955;PUBCHEM:46926335;LIGAND-CPD:C01236;CAS:2641-81-8	D:\嗜酸氧化亚铁硫杆菌\03_BioCyc\C2-1\官方原始下载\GCF_000021485_compounds_left_network_full_20260923_083853.xml
Compound	GCF_000021485	Protein-Histidines	a [protein]-L-histidine	a peptidyl L-histidine			SEED:cpd11712;METANETX:MNXM3704;LIGAND-CPD:C00615	D:\嗜酸氧化亚铁硫杆菌\03_BioCyc\C2-1\官方原始下载\GCF_000021485_compounds_left_network_full_20260923_083853.xml
Compound	GCF_000021485	L-methionyl-L-cysteinyl-Protein	an N-terminal-L-methionyl-L-cysteinyl-[protein]				METANETX:MNXM167049	D:\嗜酸氧化亚铁硫杆菌\03_BioCyc\C2-1\官方原始下载\GCF_000021485_compounds_left_network_full_20260923_083853.xml
Compound	GCF_000021485	CPD-16459	dihydrogen phosphate	H<sub>2</sub>PO<sub>4</sub><sup>-</sup>		96.987	PUBCHEM:1003;HMDB:HMDB02105;DRUGBANK:DB02831;CHEBI:39745	D:\嗜酸氧化亚铁硫杆菌\03_BioCyc\C2-1\官方原始下载\GCF_000021485_compounds_left_network_full_20260923_083853.xml
Compound	GCF_000021485	CoM	coenzyme M	CoM;2-mercaptoethanesulfonate;H-S-CoM;2-mercaptoethylsulfonate;1-thioethanesulfonic acid;2-mercaptoethanesulphonic acid;&beta;-mercaptoethanesulfonic acid		141.18	MEDIADB:compounds/2933/;SEED:cpd02246;METANETX:MNXM399;PUBCHEM:4077;HMDB:HMDB03745;CHEBI:58319;LIGAND-CPD:C03576	D:\嗜酸氧化亚铁硫杆菌\03_BioCyc\C2-1\官方原始下载\GCF_000021485_compounds_left_network_full_20260923_083853.xml
Compound	GCF_000021485	GDP-TP	pppGpp	guanosine pentaphosphate;guanosine 3'-diphosphate 5'-triphosphate;guanosine 5'-triphosphate,3'-diphosphate		676.087	CHEBI:71477;PUBCHEM:135696843;SEED:cpd02740;METANETX:MNXM1561;BIGG:gdptp;HMDB:HMDB60480;LIGAND-CPD:C04494	D:\嗜酸氧化亚铁硫杆菌\03_BioCyc\C2-1\官方原始下载\GCF_000021485_compounds_left_network_full_20260923_083853.xml
Compound	GCF_000021485	CPD-11997	Mur2Ac(oyl-L-Ala-&gamma;-D-Glu-DAP-D-Ala-D-Ala)-PP-Dec	decaprenyl-diphospho-<i>N</i>-acetylmuramoyl-pentapeptide;<i>N</i>-acetylmuramoyl-L-alanyl-D-glutamyl-meso-2,6-diaminoheptanedioate-D-alanyl-D-alanine-diphosphodecaprenol		1644.917	SEED:cpd23183;METANETX:MNXM12379;PUBCHEM:134820044	D:\嗜酸氧化亚铁硫杆菌\03_BioCyc\C2-1\官方原始下载\GCF_000021485_compounds_left_network_full_20260923_083853.xml
Compound	GCF_000021485	CPD-11281	<i>S</i>-sulfanylglutathione	glutathione-sulfide;glutathione persulfide		338.373	SEED:cpd17456;METANETX:MNXM2032;PUBCHEM:46878477;CHEBI:58905;LIGAND-CPD:C17267	D:\嗜酸氧化亚铁硫杆菌\03_BioCyc\C2-1\官方原始下载\GCF_000021485_compounds_left_network_full_20260923_083853.xml
Compound	GCF_000021485	tRNAs-with-glutamylated-queuosine	glutamyl-queuosine<sup>34</sup> in tRNA<sup>Asp</sup>	a tRNA containing glutamylated queuosine;glutamylated queuosine at position 34 of a tRNA<sup>Asp</sup>			SEED:cpd28601;METANETX:MNXM22245	D:\嗜酸氧化亚铁硫杆菌\03_BioCyc\C2-1\官方原始下载\GCF_000021485_compounds_right_network_full_20260923_083853.xml
Compound	GCF_000021485	L-methionyl-L-alanyl-Protein	an N-terminal-L-methionyl-L-alanyl-[protein]				METANETX:MNXM164555	D:\嗜酸氧化亚铁硫杆菌\03_BioCyc\C2-1\官方原始下载\GCF_000021485_compounds_left_network_full_20260923_083853.xml
Compound	GCF_000021485	HYDROGEN-PEROXIDE	hydrogen peroxide	hydroperoxide;perhydrol;H<SUB>2</SUB>O<SUB>2</SUB>		34.015	SEED:cpd00025;METANETX:MNXM22;BIGG:h2o2;METABOLIGHTS:MTBLC16240;HMDB:HMDB03125;PUBCHEM:784;CHEMSPIDER:763;CHEBI:16240;LIGAND-CPD:C00027;CAS:7722-84-1	D:\嗜酸氧化亚铁硫杆菌\03_BioCyc\C2-1\官方原始下载\GCF_000021485_compounds_left_network_full_20260923_083853.xml
Compound	GCF_000021485	OH	OH<SUP>-</SUP>	hydroxyl;hydroxyl ion;OH;hydroxide;hydroxide ion		17.007	HMDB:HMDB01039;CHEMSPIDER:936;CHEBI:16234;PUBCHEM:961;LIGAND-CPD:C01328;CAS:14280-30-9	D:\嗜酸氧化亚铁硫杆菌\03_BioCyc\C2-1\官方原始下载\GCF_000021485_compounds_right_network_full_20260923_083853.xml
Compound	GCF_000021485	ADP-D-GLUCOSE	ADP-&alpha;-D-glucose	adenosine diphosphate glucose;ADP-glucose;ADP-D-glucose		587.33	SEED:cpd00387;METANETX:MNXM561;REFMET:ADP-glucose;BIGG:adpglc;PUBCHEM:42609821;METABOLIGHTS:MTBLC57498;HMDB:HMDB06557;CHEBI:57498;LIGAND-CPD:C00498;CAS:2140-58-1	D:\嗜酸氧化亚铁硫杆菌\03_BioCyc\C2-1\官方原始下载\GCF_000021485_compounds_left_network_full_20260923_083853.xml
Compound	GCF_000021485	CPD-24552	2-amino-2'-deoxy-<i>N</i><sup>6</sup>-[(2<i>S</i>)-succino]adenylate			458.28		D:\嗜酸氧化亚铁硫杆菌\03_BioCyc\C2-1\官方原始下载\GCF_000021485_compounds_left_network_full_20260923_083853.xml
Compound	GCF_000021485	ISOCHORISMATE	isochorismate	Isochorismic acid		224.17	SEED:cpd00658;METANETX:MNXM799;BIGG:ichor;DRUGBANK:DB02793;CHEMSPIDER:4574080;PUBCHEM:5460580;CHEBI:29780;LIGAND-CPD:C00885;CAS:22642-82-6	D:\嗜酸氧化亚铁硫杆菌\03_BioCyc\C2-1\官方原始下载\GCF_000021485_compounds_left_network_full_20260923_083853.xml
Compound	GCF_000021485	CPD-15979	D-mannopyranose 6-phosphate	D-mannopyranose-6-P		258.121	CHEBI:58735;PUBCHEM:23421200	D:\嗜酸氧化亚铁硫杆菌\03_BioCyc\C2-1\官方原始下载\GCF_000021485_compounds_left_network_full_20260923_083853.xml
Compound	GCF_000021485	CPD-7695	Und-PP-&beta;-D-GlcNAc-(1->4)-MurNAc-L-Ala-&gamma;-D-Glu-L-Lys-D-Ala-D-Ala	lipid II;undecaprenyl-pyrophosphoryl-MurNAc-(pentapeptide)-<i>N</i>-acetyl-&beta;-D-glucosamine;undecaprenoldiphospho-&beta;-D-GlcNAc-(1->4)-MurNAc(oyl-L-Ala-&gamma;-D-Glu-L-Lys-D-Ala-D-Ala)-;&beta;-D-GlcNAc-(1&rarr;4)-Mur2Ac(oyl-L-Ala-&gamma;-D-Glu-L-Lys-D-Ala-D-Ala)-diphosphoundecaprenol;<i>ditrans,octacis</i>-undecaprenyldiphospho-<i>N</i>-acetyl-(<i>N</i>-acetyl-&beta;-D-glucosaminyl)muramoyl-L-alanyl-&gamma;-D-glutamyl-L-lysyl-D-alanyl-D-alanine;&beta;-D-GlcNAc-(1&rarr;4)-Mur2Ac(oyl-L-Ala-&gamma;-D-Glu-L-Lys-D-Ala-D-Ala)-PP-Und		1873.228	CHEBI:78435;PUBCHEM:46878551;LIGAND-CPD:C05889	D:\嗜酸氧化亚铁硫杆菌\03_BioCyc\C2-1\官方原始下载\GCF_000021485_compounds_right_network_full_20260923_083853.xml
Compound	GCF_000021485	ADENOSYL-HOMO-CYS	<i>S</i>-adenosyl-L-homocysteine	S-adenosyl-L-homocysteine;SAH;S-adenosylhomocysteine;2-S-adenosyl-L-homocysteine;AdoHcy;2-<i>S</i>-adenosyl-L-homocysteine;<i>S</i>-adenosyl-homocysteine;<i>S</i>-adenosylhomocysteine;adenosyl-homo-cys;adenosylhomocysteine;adenosylhomo-cys		384.409	SEED:cpd00019;METANETX:MNXM19;PUBCHEM:25246222;REFMET:S-Adenosylhomocysteine;BIGG:ahcys;METABOLIGHTS:MTBLC57856;HMDB:HMDB00939;CHEBI:57856;LIGAND-CPD:C00021;CAS:979-92-0	D:\嗜酸氧化亚铁硫杆菌\03_BioCyc\C2-1\官方原始下载\GCF_000021485_compounds_left_network_full_20260923_083853.xml
Compound	GCF_000021485	Protein-L-methionine-S-S-oxides	a protein-L-methionine-(<i>S</i>)-<i>S</i>-oxide	a peptide-L-methionine-(<i>S</i>)-<i>S</i>-oxide			SEED:cpd12420;METANETX:MNXM162979;LIGAND-CPD:C03895	D:\嗜酸氧化亚铁硫杆菌\03_BioCyc\C2-1\官方原始下载\GCF_000021485_compounds_right_network_full_20260923_083853.xml
Compound	GCF_000021485	CPD-9853	2-heptaprenylphenol			570.94	SEED:cpd25873;METANETX:MNXM9824;CHEBI:84509;PUBCHEM:25243948	D:\嗜酸氧化亚铁硫杆菌\03_BioCyc\C2-1\官方原始下载\GCF_000021485_compounds_right_network_full_20260923_083853.xml
Compound	GCF_000021485	1-AMINO-PROPAN-2-ONE-3-PHOSPHATE	3-amino-1-hydroxyacetone 1-phosphate	1-amino-propan-2-one 3-phosphate;3-amino-2-oxopropyl phosphate		168.066	SEED:cpd08449;METANETX:MNXM1213;REFMET:3-amino-2-oxopropyl phosphate;CHEBI:57279;PUBCHEM:25244426;LIGAND-CPD:C11638	D:\嗜酸氧化亚铁硫杆菌\03_BioCyc\C2-1\官方原始下载\GCF_000021485_compounds_left_network_full_20260923_083853.xml
Compound	GCF_000021485	CPD-17989	a mature peptidoglycan (<i>meso</i>-DAP containing)				METANETX:MNXM148804	D:\嗜酸氧化亚铁硫杆菌\03_BioCyc\C2-1\官方原始下载\GCF_000021485_compounds_left_network_full_20260923_083853.xml
Compound	GCF_000021485	IMP	IMP	5'-IMP;ribosylhypoxanthine monophosphate;inosinate;inosine monophosphate;inosine 5'-monophosphate;inosine 5'-phosphate;5'-inosinate;5'-inosinic acid;5'-inosine monophosphate;hypoxanthin ribotide		346.193	SEED:cpd00114;METANETX:MNXM125;PUBCHEM:135398639;REFMET:IMP;BIGG:imp;METABOLIGHTS:MTBLC58053;HMDB:HMDB00175;CHEMSPIDER:5482599;CHEBI:58053;CAS:131-99-7;LIGAND-CPD:C00130	D:\嗜酸氧化亚铁硫杆菌\03_BioCyc\C2-1\官方原始下载\GCF_000021485_compounds_left_network_full_20260923_083853.xml
Compound	GCF_000021485	23S-rRNA-uridine1911-1915-1917	a 23S rRNA uridine<sup>1911/1915/1917</sup>				SEED:cpd21970;METANETX:MNXM14416	D:\嗜酸氧化亚铁硫杆菌\03_BioCyc\C2-1\官方原始下载\GCF_000021485_compounds_left_network_full_20260923_083853.xml
Compound	GCF_000021485	TMP	dTMP	thymidylic acid;thymidine monophosphate;deoxythymidylate;TMP;thymidine 5'-monophosphate;thymidine-phosphate;thymidine 5'-phosphate;deoxythymidine 5'-phosphate;5'-thymidylic acid;deoxythymidylic acid;thymidylate		320.195	MEDIADB:compounds/348/;REACTOME-CPD:109366;SEED:cpd00298;METANETX:MNXM257;REFMET:dTMP;BIGG:dtmp;CHEBI:63528;METABOLIGHTS:MTBLC63528;HMDB:HMDB01227;CHEMSPIDER:10239189;PUBCHEM:16755631;LIGAND-CPD:C00364;CAS:365-07-1	D:\嗜酸氧化亚铁硫杆菌\03_BioCyc\C2-1\官方原始下载\GCF_000021485_compounds_left_network_full_20260923_083853.xml
Compound	GCF_000021485	GUANOSINE	guanosine	nucleoside Q;guanine riboside;guanine-9-&beta;-D-ribofuranoside		283.243	SEED:cpd00311;METANETX:MNXM401;PUBCHEM:135398635;REFMET:Guanosine;BIGG:gsn;METABOLIGHTS:MTBLC16750;HMDB:HMDB00133;DRUGBANK:DB02857;CHEMSPIDER:6544;CHEBI:16750;LIGAND-CPD:C00387;CAS:118-00-3	D:\嗜酸氧化亚铁硫杆菌\03_BioCyc\C2-1\官方原始下载\GCF_000021485_compounds_left_network_full_20260923_083853.xml
Compound	GCF_000021485	DUTP	dUTP	deoxy-UTP;2'-deoxyuridine-5'-triphosphate;deoxyuridine-triphosphate		464.112	REACTOME-CPD:500739;SEED:cpd00358;METANETX:MNXM452;REFMET:Deoxyuridine triphosphate;BIGG:dutp;HMDB:HMDB01191;CHEBI:61555;PUBCHEM:25244408;LIGAND-CPD:C00460;CAS:1173-82-6	D:\嗜酸氧化亚铁硫杆菌\03_BioCyc\C2-1\官方原始下载\GCF_000021485_compounds_left_network_full_20260923_083853.xml
Compound	GCF_000021485	Protein-L-methionine	a [protein]-L-methionine				SEED:cpd27941;METANETX:MNXM1928	D:\嗜酸氧化亚铁硫杆菌\03_BioCyc\C2-1\官方原始下载\GCF_000021485_compounds_left_network_full_20260923_083853.xml
Compound	GCF_000021485	CPD-12125	menaquinol-<i>7</i>	menaquinol(7);MKH2-7		651.026	SEED:cpd23255;METANETX:MNXM12233;CHEMSPIDER:394875;CHEBI:64834;PUBCHEM:447918	D:\嗜酸氧化亚铁硫杆菌\03_BioCyc\C2-1\官方原始下载\GCF_000021485_compounds_right_network_full_20260923_083853.xml
Compound	GCF_000021485	CARBAMATE	carbamate	carbamic acid;aminoformic acid		60.032	SEED:cpd01101;METANETX:MNXM742;REFMET:Carbamic acid;HMDB:HMDB03551;CHEMSPIDER:270;PUBCHEM:276;LIGAND-CPD:C01563;CHEBI:13941	D:\嗜酸氧化亚铁硫杆菌\03_BioCyc\C2-1\官方原始下载\GCF_000021485_compounds_left_network_full_20260923_083853.xml
Compound	GCF_000021485	MYO-INOSITOL	<I>myo</I>-inositol	<i>cis</i>-1,2,3,5-trans-4,6-cyclohexanehexol;dambose;mesoinositol;<i>meso</i>-inositol;M-inositol;1,2,3,5/4,6 inositol		180.157	MEDIADB:compounds/134/;REFMET:Myo-inositol;BIGG:inost;METABOLIGHTS:MTBLC17268;HMDB:HMDB00211;DRUGBANK:DB03106;CHEMSPIDER:868;KNAPSACK:C00001164;CAS:6917-35-7;CHEBI:17268;LIGAND-CPD:C00137;PUBCHEM:892;CAS:87-89-8	D:\嗜酸氧化亚铁硫杆菌\03_BioCyc\C2-1\官方原始下载\GCF_000021485_compounds_right_network_full_20260923_083853.xml
Compound	GCF_000021485	CPD-1281	coenzyme B	N-(7-mercaptoheptanoyl)-3-O-phosphono-L-threonine;N-(7-mercaptoheptanoyl)threonine 3-O-phosphate;CoB;H-S-CoB;7-mercaptoheptanoyl threonine phosphate;HS-HTP;N-(7-mercaptoheptanoyl)-L-threonine 3-O-phosphate;N-(7-mercaptoheptanoyl)-3-phospho-L-threonine;N-(7-sulfanylheptanoyl)-L-threonine 3-O-phosphate;N-(7-sulfanylheptanoyl)-3-O-phosphono-L-threonine;N-(7-sulfanylheptanoyl)-3-phospho-L-threonine;N-(7-mercaptoheptanoyl)threonine O<SUP>3</SUP>-phosphate		340.307	SEED:cpd02817;METANETX:MNXM921;REFMET:Coenzyme B;CHEBI:58596;PUBCHEM:25245608;LIGAND-CPD:C04628	D:\嗜酸氧化亚铁硫杆菌\03_BioCyc\C2-1\官方原始下载\GCF_000021485_compounds_left_network_full_20260923_083853.xml
Compound	GCF_000021485	Gcv-H	[glycine cleavage system lipoyl-carrier protein]-L-lysine				SEED:cpd27144;METANETX:MNXM97327	D:\嗜酸氧化亚铁硫杆菌\03_BioCyc\C2-1\官方原始下载\GCF_000021485_compounds_left_network_full_20260923_083853.xml
Compound	GCF_000021485	Lysidine-tRNA-Ile2	a lysidine<sup>34</sup> in tRNA<sup>Ile2</sup>	a [tRNA<sup>Ile2</sup>]-<i>N</i><sup>6</sup>-(4-amino-1-&beta;-D-ribofuranosylpyrimidin-2-ylidene)-L-lysine<sup>34</sup>;a [tRNA<sup>Ile2</sup>]-lysidine<sup>34</sup>			SEED:cpd20970;METANETX:MNXM19121;LIGAND-CPD:C19723	D:\嗜酸氧化亚铁硫杆菌\03_BioCyc\C2-1\官方原始下载\GCF_000021485_compounds_right_network_full_20260923_083853.xml
Compound	GCF_000021485	PTS-I-Histidines	a [PTS enzyme I]-L-histidine				METANETX:MNXM145532	D:\嗜酸氧化亚铁硫杆菌\03_BioCyc\C2-1\官方原始下载\GCF_000021485_compounds_left_network_full_20260923_083853.xml
Compound	GCF_000021485	P-AMINO-BENZOATE	4-aminobenzoate	para-aminobenzoic acid;p-aminobenzoic acid;para-aminobenzoate;<i>p</i>-aminobenzoate;4-aminobenzoic acid;pABA		136.13	MEDIADB:compounds/534/;SEED:cpd00443;METANETX:MNXM421;REFMET:P-Aminobenzoic acid;BIGG:4abz;HMDB:HMDB01392;CHEMSPIDER:4710;CHEBI:17836;PUBCHEM:4876;CAS:150-13-0;LIGAND-CPD:C00568	D:\嗜酸氧化亚铁硫杆菌\03_BioCyc\C2-1\官方原始下载\GCF_000021485_compounds_left_network_full_20260923_083853.xml
Compound	GCF_000021485	CPD-1301	tetrahydropteroyl tri-L-glutamate	H<sub>4</sub>PteGlu<sub>3</sub>		699.633	METANETX:MNXM2563;PUBCHEM:135398571;HMDB:HMDB12290;CHEBI:58140;CHEMSPIDER:17625690;LIGAND-CPD:C04144	D:\嗜酸氧化亚铁硫杆菌\03_BioCyc\C2-1\官方原始下载\GCF_000021485_compounds_right_network_full_20260923_083853.xml
Compound	GCF_000021485	Protein-N-terminal-L-Lysine	an N-terminal L-lysyl-[protein]	a [protein] N-terminal L-lysine			METANETX:MNXM163743;LIGAND-CPD:C21388	D:\嗜酸氧化亚铁硫杆菌\03_BioCyc\C2-1\官方原始下载\GCF_000021485_compounds_left_network_full_20260923_083853.xml
Compound	GCF_000021485	Nucleoside-Diphosphates	a nucleoside diphosphate	NDP			REACTOME-CPD:8870906;SEED:cpd00354;METANETX:MNXM96055;CHEBI:57930;LIGAND-CPD:C00454	D:\嗜酸氧化亚铁硫杆菌\03_BioCyc\C2-1\官方原始下载\GCF_000021485_compounds_right_network_full_20260923_083853.xml
Compound	GCF_000021485	FORMYL-L-METHIONYL-PEPTIDE	a [protein] N-terminal-formyl-L-methionine	N-terminal-formyl-L-methionyl peptide			SEED:cpd13364;METANETX:MNXM93404;LIGAND-CPD:C11439	D:\嗜酸氧化亚铁硫杆菌\03_BioCyc\C2-1\官方原始下载\GCF_000021485_compounds_left_network_full_20260923_083853.xml
Compound	GCF_000021485	BCCP-L-lysine	a [biotin carboxyl-carrier protein]-L-lysine	a [BCCP]-L-lysine				D:\嗜酸氧化亚铁硫杆菌\03_BioCyc\C2-1\官方原始下载\GCF_000021485_compounds_left_network_full_20260923_083853.xml
Compound	GCF_000021485	THIAMINE-PYROPHOSPHATE	thiamine diphosphate	thiamin diphosphate;TDP;thiamine pyrophosphate;TPP;thiamin-PPi;thiamin pyrophosphate;thiamine-PPi;ThPP		422.288	SEED:cpd00056;METANETX:MNXM256;REFMET:Thiamine diphosphate;BIGG:thmpp;HMDB:HMDB01372;CHEMSPIDER:13082024;PUBCHEM:15938963;CHEBI:58937;CAS:154-87-0;LIGAND-CPD:C00068	D:\嗜酸氧化亚铁硫杆菌\03_BioCyc\C2-1\官方原始下载\GCF_000021485_compounds_left_network_full_20260923_083853.xml
Compound	GCF_000021485	L-leucyl-L-arginyl-Protein	a [protein] N-terminal L-leucyl-L-arginine	L-leucyl-L-arginyl-[protein]			METANETX:MNXM164443;LIGAND-CPD:C21386	D:\嗜酸氧化亚铁硫杆菌\03_BioCyc\C2-1\官方原始下载\GCF_000021485_compounds_right_network_full_20260923_083853.xml
Compound	GCF_000021485	CPD-19395	&gamma;-L-glutamyl-glycylglycine	&gamma;-L-Glu-Gly-Gly		260.226	METANETX:MNXM164789;PUBCHEM:6992508	D:\嗜酸氧化亚铁硫杆菌\03_BioCyc\C2-1\官方原始下载\GCF_000021485_compounds_right_network_full_20260923_083853.xml
Compound	GCF_000021485	BENZENE	benzene	benzol;benzole		78.113	REACTOME-CPD:31711;SEED:cpd01007;METANETX:MNXM1651;REFMET:Benzene;HMDB:HMDB01505;CHEMSPIDER:236;PUBCHEM:241;CHEBI:16716;LIGAND-CPD:C01407;CAS:71-43-2	D:\嗜酸氧化亚铁硫杆菌\03_BioCyc\C2-1\官方原始下载\GCF_000021485_compounds_right_network_full_20260923_083853.xml
Compound	GCF_000021485	tRNA-Arg-adenosine34	an adenosine<sup>34</sup> in [tRNA<sup>Arg2</sup>]	[tRNA<sup>Arg2</sup>]-adenosine<sup>34</sup>			SEED:cpd28546;METANETX:MNXM22219	D:\嗜酸氧化亚铁硫杆菌\03_BioCyc\C2-1\官方原始下载\GCF_000021485_compounds_left_network_full_20260923_083853.xml
Compound	GCF_000021485	DIHYDRONEOPTERIN-P	7,8-dihydroneopterin 3'-phosphate	dihydroneopterin 3'-monophosphate;dihydroneopterin-P;2-amino-4-hydroxy-6-(erythro-1,2,3-trihydroxypropyl)dihydropteridine phosphate;dihydroneopterin 3'-phosphate;7,8-dihydro-D-neopterin 3'-phosphate		333.197	METANETX:MNXM1645;PUBCHEM:135398607;REFMET:Dihydroneopterin phosphate;BIGG:dhpmp;HMDB:HMDB06824;CHEBI:58762;LIGAND-CPD:C05925	D:\嗜酸氧化亚铁硫杆菌\03_BioCyc\C2-1\官方原始下载\GCF_000021485_compounds_left_network_full_20260923_083853.xml
Compound	GCF_000021485	4a-Hydroxytetrahydroopteridines	a 4a-hydroxytetrahydropteridine					D:\嗜酸氧化亚铁硫杆菌\03_BioCyc\C2-1\官方原始下载\GCF_000021485_compounds_left_network_full_20260923_083853.xml
Compound	GCF_000021485	L-CITRULLINE	L-citrulline	N<sup>&gamma;</sup>-carbamylornithine;&alpha;-amino-&gamma;-ureidovaleric acid;&gamma;-ureidonorvaline;N<sup>5</sup>-(Aminocarbonyl)-L-ornithine		175.187	MEDIADB:compounds/314/;SEED:cpd00274;METANETX:MNXM211;REFMET:Citrulline;BIGG:citr__L;CHEBI:57743;PUBCHEM:6992098;METABOLIGHTS:MTBLC16349;HMDB:HMDB00904;DRUGBANK:DB00155;LIGAND-CPD:C00327;CAS:372-75-8	D:\嗜酸氧化亚铁硫杆菌\03_BioCyc\C2-1\官方原始下载\GCF_000021485_compounds_left_network_full_20260923_083853.xml
Compound	GCF_000021485	XYLULOSE-5-PHOSPHATE	D-xylulose 5-phosphate	xylulose 5-phosphate;xylulose-phosphate;D-xylulose-5-P;xylulose-P		228.095	REACTOME-CPD:29790;SEED:cpd00198;METANETX:MNXM186;REFMET:Xylulose-5-phosphate;BIGG:xu5p__D;METABOLIGHTS:MTBLC57737;HMDB:HMDB00868;CHEMSPIDER:20015725;CHEBI:57737;PUBCHEM:5459820;LIGAND-CPD:C00231;CAS:60802-29-1	D:\嗜酸氧化亚铁硫杆菌\03_BioCyc\C2-1\官方原始下载\GCF_000021485_compounds_left_network_full_20260923_083853.xml
Compound	GCF_000021485	N-terminal-L-cysteine	an N-terminal L-cysteinyl-[protein]	an N-terminal [protein]-L-cysteine			METANETX:MNXM163742	D:\嗜酸氧化亚铁硫杆菌\03_BioCyc\C2-1\官方原始下载\GCF_000021485_compounds_left_network_full_20260923_083853.xml
Compound	GCF_000021485	CPD-2961	D-gluconate 6-phosphate	6-p gluconate;6-phospho gluconate;6-phosphogluconic acid;6-phospho D-gluconate		273.113	REACTOME-CPD:29996;SEED:cpd00284;METANETX:MNXM325;REFMET:6-Phosphogluconic acid;BIGG:6pgc;METABOLIGHTS:MTBLC58759;HMDB:HMDB01316;CHEBI:58759;PUBCHEM:36688186;LIGAND-CPD:C00345	D:\嗜酸氧化亚铁硫杆菌\03_BioCyc\C2-1\官方原始下载\GCF_000021485_compounds_left_network_full_20260923_083853.xml
Compound	GCF_000021485	TusA-Persulfides	a [TusA sulfur-carrier protein]-S-sulfanyl-L-cysteine	a [TusA sulfur-carrier protein] persulfide			METANETX:MNXM147964	D:\嗜酸氧化亚铁硫杆菌\03_BioCyc\C2-1\官方原始下载\GCF_000021485_compounds_left_network_full_20260923_083853.xml
Compound	GCF_000021485	HOMO-CIT	(2<i>R</i>)-homocitrate	2-hydroxybutane-1,2,4-tricarboxylate;homocitric acid;3-hydroxy-3-carboxyadipic acid;(2<i>R</i>)-2-hydroxybutane-1,2,4-tricarboxylate;(<i>R</i>)-2-hydroxybutane-1,2,4-tricarboxylate;homocitrate;(<i>R</i>)-homocitrate		203.128	SEED:cpd00919;METANETX:MNXM722779;HMDB:HMDB03518;CHEMSPIDER:20171681;CHEBI:58884;PUBCHEM:20849228;LIGAND-CPD:C01251;CAS:3562-74-1	D:\嗜酸氧化亚铁硫杆菌\03_BioCyc\C2-1\官方原始下载\GCF_000021485_compounds_left_network_full_20260923_083853.xml
Compound	GCF_000021485	NICOTINAMIDE_NUCLEOTIDE	&beta;-nicotinamide D-ribonucleotide	&beta;-nicotinamide mononucleotide;&beta;-nicotinamide ribonucleotide;&beta;-nicotinamide nucleotide		333.214	SEED:cpd00355;METANETX:MNXM355;REFMET:Nicotinamide ribotide;BIGG:nmn;METABOLIGHTS:MTBLC14649;HMDB:HMDB00229;CHEMSPIDER:19954080;CHEBI:14649;PUBCHEM:23617374;LIGAND-CPD:C00455;CAS:1094-61-7	D:\嗜酸氧化亚铁硫杆菌\03_BioCyc\C2-1\官方原始下载\GCF_000021485_compounds_right_network_full_20260923_083853.xml
Compound	GCF_000021485	CPD-12118	demethylmenaquinol-9	DMKH2-9		773.236	SEED:cpd23250;METANETX:MNXM8529;CHEBI:84542;PUBCHEM:45479709	D:\嗜酸氧化亚铁硫杆菌\03_BioCyc\C2-1\官方原始下载\GCF_000021485_compounds_left_network_full_20260923_083853.xml
Compound	GCF_000021485	DODECANOATE	laurate	<i>n</i>-dodecanoic acid;dodecanoic acid;n-dodecanoic acid;lauric acid;tin II 2-ethylhexanoate;dodecanoate		199.312	REACTOME-CPD:33549;SEED:cpd01741;METANETX:MNXM402;REFMET:Lauric acid;METABOLIGHTS:MTBLC18262;HMDB:HMDB00638;CHEMSPIDER:3361474;PUBCHEM:4149208;CHEBI:18262;LIGAND-CPD:C02679;NCI:5026;CAS:143-07-7	D:\嗜酸氧化亚铁硫杆菌\03_BioCyc\C2-1\官方原始下载\GCF_000021485_compounds_left_network_full_20260923_083853.xml
Compound	GCF_000021485	CPD-20340	ophthalmate	ophthalmic acid;N-{(2S)-1-[(carboxymethyl)amino]-1-oxobutan-2-yl}-L-glutamine;(&gamma;-L-glutamyl-(<i>S</i>)-2-aminobutanoyl-glycine		288.28	PUBCHEM:7018720;CHEBI:84058	D:\嗜酸氧化亚铁硫杆菌\03_BioCyc\C2-1\官方原始下载\GCF_000021485_compounds_right_network_full_20260923_083853.xml
Compound	GCF_000021485	ADP-D-ribosyl-nitrogen-reductases	a [dinitrogen reductase]-<i>N</i><sup>&omega;</sup>-&alpha;-( ADP-D-ribosyl)-L-arginine				SEED:cpd11833;METANETX:MNXM91476;LIGAND-CPD:C01253	D:\嗜酸氧化亚铁硫杆菌\03_BioCyc\C2-1\官方原始下载\GCF_000021485_compounds_left_network_full_20260923_083853.xml
Compound	GCF_000021485	CPD-9894	3,4-dihydroxy-5-<i>all-trans</i>-octaprenylbenzoate	3-(3,7,11,15,19,23-octamethyltetracosa-2,6,10,14,18,22-hexaenyl) -4,5-dihydroxy-benzoic acid;3-octaprenyl-4,5-dihydroxybenzoate		698.06	SEED:cpd25893;METANETX:MNXM9953;CHEBI:84452;PUBCHEM:54740337	D:\嗜酸氧化亚铁硫杆菌\03_BioCyc\C2-1\官方原始下载\GCF_000021485_compounds_left_network_full_20260923_083853.xml
Compound	GCF_000021485	CPD-19217	<i>S</i>-(hydroxysulfenamide)glutathione	GSNHOH		337.327	METANETX:MNXM165123;PUBCHEM:122706006	D:\嗜酸氧化亚铁硫杆菌\03_BioCyc\C2-1\官方原始下载\GCF_000021485_compounds_left_network_full_20260923_083853.xml
Compound	GCF_000021485	CPD-13357	(2<i>R</i>)-2,3-dihydroxy-3-methylbutanoate	(<i>R</i>)-2,3-dihydroxy-3-methylbutanoate;(<i>R</i>)-2,3-dihydroxy-isovalerate		133.124	SEED:cpd19030;METANETX:MNXM114097;HMDB:HMDB12141;LIGAND-CPD:C04272;CHEMSPIDER:19951355;PUBCHEM:23615351;CHEBI:49072	D:\嗜酸氧化亚铁硫杆菌\03_BioCyc\C2-1\官方原始下载\GCF_000021485_compounds_left_network_full_20260923_083853.xml
Compound	GCF_000021485	D-ERYTHRO-IMIDAZOLE-GLYCEROL-P	D-<i>erythro</i>-1-(imidazol-4-yl)-glycerol 3-phosphate	D-<i>erythro</i>-imidazole-glycerol-phosphate;D-<i>erythro</i>-imidazole-glycerol-P;<i>erythro</i>-imidazole-glycerol-P;<i>erythro</i>-imidazole-glycerol-phosphate;imidazole glycerol phosphate;IGP		236.121	SEED:cpd02843;METANETX:MNXM1422;BIGG:eig3p;HMDB:HMDB12208;CHEMSPIDER:4573672;CHEBI:58278;PUBCHEM:5459954;LIGAND-CPD:C04666	D:\嗜酸氧化亚铁硫杆菌\03_BioCyc\C2-1\官方原始下载\GCF_000021485_compounds_left_network_full_20260923_083853.xml
Compound	GCF_000021485	CPD0-1096	glucosamine 1,6-diphosphate			336.108	SEED:cpd25975;METANETX:MNXM55168;PUBCHEM:25201757	D:\嗜酸氧化亚铁硫杆菌\03_BioCyc\C2-1\官方原始下载\GCF_000021485_compounds_left_network_full_20260923_083853.xml
Compound	GCF_000021485	MET	L-methionine	M;methionine;L-met		149.207	MEDIADB:compounds/71/;METANETX:MNXM61;REFMET:Methionine;BIGG:met__L;METABOLIGHTS:MTBLC57844;HMDB:HMDB00696;CHEBI:57844;PUBCHEM:6992087;LIGAND-CPD:C00073;CAS:63-68-3	D:\嗜酸氧化亚铁硫杆菌\03_BioCyc\C2-1\官方原始下载\GCF_000021485_compounds_left_network_full_20260923_083853.xml
Compound	GCF_000021485	CPD-4	molybdopterin	MPT;pyranopterin-dithiolate;ene-dithiol pyranopterin;H<sub>2</sub>Dtpp-mP;[(5aR,8R,9aR)-2-amino-4-oxo-6,7-disulfanyl-3,5,5a,8,9a,10-hexahydro-4H-pyrano[3,2-g]pteridin-8-yl]methyl dihydrogen phosphate;H2Dtpp-mP		392.321	REACTOME-CPD:947496;SEED:cpd03520;METANETX:MNXM1193;PUBCHEM:135398580;HMDB:HMDB02206;CHEBI:58698;LIGAND-CPD:C05924	D:\嗜酸氧化亚铁硫杆菌\03_BioCyc\C2-1\官方原始下载\GCF_000021485_compounds_left_network_full_20260923_083853.xml
Compound	GCF_000021485	GLY	glycine	G;aminoacetic acid;gly		75.067	MEDIADB:compounds/37/;SEED:cpd00033;METANETX:MNXM29;CHEBI:57305;REFMET:Glycine;BIGG:gly;METABOLIGHTS:MTBLC15428;HMDB:HMDB00123;DRUGBANK:DB00145;CHEMSPIDER:730;PUBCHEM:5257127;KNAPSACK:C00001361;LIGAND-CPD:C00037;CAS:56-40-6	D:\嗜酸氧化亚铁硫杆菌\03_BioCyc\C2-1\官方原始下载\GCF_000021485_compounds_left_network_full_20260923_083853.xml
Compound	GCF_000021485	4-HYDROXYBENZALDEHYDE	4-hydroxybenzaldehyde	<i>p</i>-hydroxybenzaldehyde		122.123	MEDIADB:compounds/590/;SEED:cpd00484;METANETX:MNXM577;REFMET:4-Hydroxybenzaldehyde;METABOLIGHTS:MTBLC17597;HMDB:HMDB11718;DRUGBANK:DB03560;CHEMSPIDER:123;PUBCHEM:126;CHEBI:17597;LIGAND-CPD:C00633;CAS:123-08-0	D:\嗜酸氧化亚铁硫杆菌\03_BioCyc\C2-1\官方原始下载\GCF_000021485_compounds_right_network_full_20260923_083853.xml
Compound	GCF_000021485	5-METHYLTHIOINOSINE	<i>S</i>-methyl-5'-thioinosine			298.316	SEED:cpd21032;METANETX:MNXM2620;PUBCHEM:135511888;CHEMSPIDER:141619;LIGAND-CPD:C19787;CHEBI:48595	D:\嗜酸氧化亚铁硫杆菌\03_BioCyc\C2-1\官方原始下载\GCF_000021485_compounds_left_network_full_20260923_083853.xml
Compound	GCF_000021485	CPD-24238	&alpha;-Kdo-(2&rarr;6)-lipid IV<sub>A</sub> (<i>P. gingivalis</i>)			1747.102		D:\嗜酸氧化亚铁硫杆菌\03_BioCyc\C2-1\官方原始下载\GCF_000021485_compounds_right_network_full_20260923_083853.xml
Compound	GCF_000021485	DEOXYURIDINE	2'-deoxyuridine	deoxyuridine;uracil 2'-deoxyriboside		228.204	REACTOME-CPD:500430;SEED:cpd00412;METANETX:MNXM492;REFMET:Deoxyuridine;BIGG:duri;METABOLIGHTS:MTBLC16450;HMDB:HMDB00012;DRUGBANK:DB02256;CHEMSPIDER:13118;CHEBI:16450;PUBCHEM:13712;LIGAND-CPD:C00526;CAS:951-78-0	D:\嗜酸氧化亚铁硫杆菌\03_BioCyc\C2-1\官方原始下载\GCF_000021485_compounds_left_network_full_20260923_083853.xml
Compound	GCF_000021485	L-ASPARTATE	L-aspartate	L-aspartic acid;aspartic acid;D;aspartate;L-asp		132.096	MEDIADB:compounds/14804/;MEDIADB:compounds/49/;METANETX:MNXM42;REFMET:Aspartic acid;BIGG:asp__L;METABOLIGHTS:MTBLC29991;HMDB:HMDB00191;CHEMSPIDER:4573879;CHEBI:29991;PUBCHEM:5460294;LIGAND-CPD:C00049;CAS:56-84-8	D:\嗜酸氧化亚铁硫杆菌\03_BioCyc\C2-1\官方原始下载\GCF_000021485_compounds_left_network_full_20260923_083853.xml
Compound	GCF_000021485	UBIQUINONE-6	ubiquinone-<i>6</i>	ubiquinone(6);CoQ-6;ubiquinone(30);coenzyme-Q<SUB>6</SUB>;Q6		590.885	SEED:cpd15290;METANETX:MNXM1783;REFMET:Coenzyme Q6;HMDB:HMDB36062;LIPID_MAPS:LMPR02010002;CHEMSPIDER:4446657;LIGAND-CPD:C17568;CHEBI:52971;PUBCHEM:5283544	D:\嗜酸氧化亚铁硫杆菌\03_BioCyc\C2-1\官方原始下载\GCF_000021485_compounds_left_network_full_20260923_083853.xml
Compound	GCF_000021485	10-FORMYL-DIHYDROFOLATE-GLU-N	an <i>N</i><sup>10</sup>-formyl-7,8-dihydrofolate				LIGAND-CPD:C03204	D:\嗜酸氧化亚铁硫杆菌\03_BioCyc\C2-1\官方原始下载\GCF_000021485_compounds_right_network_full_20260923_083853.xml
Compound	GCF_000021485	ACETYL-P	acetyl phosphate	acetyl-P		138.016	SEED:cpd00196;METANETX:MNXM280;REFMET:Acetylphosphate;BIGG:actp;HMDB:HMDB01494;UM-BBD-CPD:c0049;CHEMSPIDER:3394205;PUBCHEM:4183249;CHEBI:22191;CAS:19926-71-7;LIGAND-CPD:C00227	D:\嗜酸氧化亚铁硫杆菌\03_BioCyc\C2-1\官方原始下载\GCF_000021485_compounds_right_network_full_20260923_083853.xml
Compound	GCF_000021485	4-hydroxybenzoate	4-hydroxybenzoate	<i>p</i>-hydroxybenzoate;4-hydroxybenzoic acid		137.115	MEDIADB:compounds/152/;REACTOME-CPD:2162213;SEED:cpd00136;METANETX:MNXM164;REFMET:4-Hydroxybenzoic acid;BIGG:4hbz;CHEBI:30763;METABOLIGHTS:MTBLC17879;HMDB:HMDB00500;DRUGBANK:DB04242;CHEMSPIDER:132;PUBCHEM:135;LIGAND-CPD:C00156;CAS:99-96-7	D:\嗜酸氧化亚铁硫杆菌\03_BioCyc\C2-1\官方原始下载\GCF_000021485_compounds_left_network_full_20260923_083853.xml
Compound	GCF_000021485	CPD66-21	leukotriene D4			495.653	REACTOME-CPD:266074;SEED:cpd03540;METANETX:MNXM885;LIGAND-CPD:C05951;REFMET:LTD4;CHEBI:63166;PUBCHEM:52940265	D:\嗜酸氧化亚铁硫杆菌\03_BioCyc\C2-1\官方原始下载\GCF_000021485_compounds_right_network_full_20260923_083853.xml
Compound	GCF_000021485	23S-rRNA-5-methyluracil1939	a 5-methyluracil<sup>1939</sup> in 23S rRNA				SEED:cpd21937;METANETX:MNXM14387	D:\嗜酸氧化亚铁硫杆菌\03_BioCyc\C2-1\官方原始下载\GCF_000021485_compounds_right_network_full_20260923_083853.xml
Compound	GCF_000021485	tRNA-adenine-37	an adenine<sup>37</sup> in tRNA				METANETX:MNXM97883	D:\嗜酸氧化亚铁硫杆菌\03_BioCyc\C2-1\官方原始下载\GCF_000021485_compounds_left_network_full_20260923_083853.xml
Compound	GCF_000021485	CPD-20627	1-hydroxychlorobactene			550.866	CHEBI:80169;LIGAND-CPD:C15911;PUBCHEM:10099075	D:\嗜酸氧化亚铁硫杆菌\03_BioCyc\C2-1\官方原始下载\GCF_000021485_compounds_left_network_full_20260923_083853.xml
Compound	GCF_000021485	Cytidine-34-tRNAs	a cytidine<sup>34</sup> in tRNA				SEED:cpd26771;METANETX:MNXM16986	D:\嗜酸氧化亚铁硫杆菌\03_BioCyc\C2-1\官方原始下载\GCF_000021485_compounds_left_network_full_20260923_083853.xml
Compound	GCF_000021485	CPD-13908	selenodiglutathione	GSSeSG		689.57	REACTOME-CPD:5357667;SEED:cpd20131;METANETX:MNXM7767;CHEBI:71259;PUBCHEM:70679037;METABOLIGHTS:MTBLC26634;UM-BBD-CPD:c0743;LIGAND-CPD:C18870	D:\嗜酸氧化亚铁硫杆菌\03_BioCyc\C2-1\官方原始下载\GCF_000021485_compounds_right_network_full_20260923_083853.xml
Compound	GCF_000021485	DIHYDROPTERIN-CH2OH-PP	(7,8-dihydropterin-6-yl)methyl diphosphate	6-hydroxymethyl-dihydropterin pyrophosphate;6-hydroxymethyl-dihydropterin diphosphate;6-hydroxymethyl-7,8-dihydropterin diphosphate		352.116	CHEBI:72950;SEED:cpd16760;METANETX:MNXM1160;PUBCHEM:135398611;BIGG:6hmhptpp;LIGAND-CPD:C04807	D:\嗜酸氧化亚铁硫杆菌\03_BioCyc\C2-1\官方原始下载\GCF_000021485_compounds_left_network_full_20260923_083853.xml
Compound	GCF_000021485	INOSINE	inosine	hypoxanthine-ribose;iso-prinosine;riboxine;hypoxanthine riboside		268.229	MEDIADB:compounds/281/;SEED:cpd00246;METANETX:MNXM334;PUBCHEM:135398641;REFMET:Inosine;BIGG:ins;DRUGBANK:DB04335;METABOLIGHTS:MTBLC17596;HMDB:HMDB00195;CHEMSPIDER:5799;CHEBI:17596;LIGAND-CPD:C00294;CAS:58-63-9	D:\嗜酸氧化亚铁硫杆菌\03_BioCyc\C2-1\官方原始下载\GCF_000021485_compounds_left_network_full_20260923_083853.xml
Compound	GCF_000021485	GLYCERALD	D-glyceraldehyde	glyceraldehyde;&alpha;,&beta;-dihydroxypropionaldehyde;D-(+)-glyceraldehyde;D-2,3-dihydroxypropanal;D-2,3-dihydroxypropionaldehyde;D-aldotriose;D-glycerose		90.079	REACTOME-CPD:30393;SEED:cpd00448;METANETX:MNXM435;REFMET:Glyceraldehyde;BIGG:glyald;DRUGBANK:DB02536;METABOLIGHTS:MTBLC17378;CHEMSPIDER:19353178;CHEBI:17378;PUBCHEM:79014;LIGAND-CPD:C00577;CAS:453-17-8;CAS:367-47-5	D:\嗜酸氧化亚铁硫杆菌\03_BioCyc\C2-1\官方原始下载\GCF_000021485_compounds_right_network_full_20260923_083853.xml
Compound	GCF_000021485	SHIKIMATE	shikimate	shikimic acid;(3R,4S,5R)--3,4,5-trihydroxycyclohex-1-ene-1-carboxylate		173.145	REACTOME-CPD:964932;SEED:cpd00383;METANETX:MNXM602;REFMET:Shikimic acid;BIGG:skm;HMDB:HMDB03070;CHEMSPIDER:5414360;CHEBI:36208;PUBCHEM:7057976;LIGAND-CPD:C00493;CAS:138-59-0	D:\嗜酸氧化亚铁硫杆菌\03_BioCyc\C2-1\官方原始下载\GCF_000021485_compounds_left_network_full_20260923_083853.xml
Compound	GCF_000021485	DEOXYXYLULOSE-5P	1-deoxy-D-xylulose 5-phosphate	DXP;deoxyxylulose-5-phosphate;D-1-deoxyxylulose-5-P;1-deoxy-D-threo-pentulose 5-phosphate;DOXP		212.096	SEED:cpd08289;METANETX:MNXM622;BIGG:dxyl5p;HMDB:HMDB01213;CHEMSPIDER:10462373;CHEBI:57792;PUBCHEM:23420274;LIGAND-CPD:C11437	D:\嗜酸氧化亚铁硫杆菌\03_BioCyc\C2-1\官方原始下载\GCF_000021485_compounds_left_network_full_20260923_083853.xml
Compound	GCF_000021485	CPD-14202	L-<i>erythro</i>-7,8-dihydrobiopterin	L-erythro-q-dihydrobiopterin		239.233	HMDB:HMDB0000038;PUBCHEM:135398687;LIGAND-CPD:C02953;CHEBI:43029	D:\嗜酸氧化亚铁硫杆菌\03_BioCyc\C2-1\官方原始下载\GCF_000021485_compounds_right_network_full_20260923_083853.xml
Compound	GCF_000021485	OXALACETIC_ACID	oxaloacetate	keto-oxaloacetate;oxaloacetic acid;oxalacetic acid;oxalacetate		130.057	ZINC:ZINC000001532521;SEED:cpd00032;METANETX:MNXM46;REFMET:Oxaloacetic acid;BIGG:oaa;METABOLIGHTS:MTBLC16452;HMDB:HMDB00223;CHEMSPIDER:144251;PUBCHEM:164550;CHEBI:16452;LIGAND-CPD:C00036;CAS:328-42-7	D:\嗜酸氧化亚铁硫杆菌\03_BioCyc\C2-1\官方原始下载\GCF_000021485_compounds_left_network_full_20260923_083853.xml
Compound	GCF_000021485	2C-METH-D-ERYTHRITOL-CYCLODIPHOSPHATE	2-C-methyl-D-erythritol-2,4-cyclodiphosphate	ME-2,4cPP		276.076	SEED:cpd08301;METANETX:MNXM1168;BIGG:2mecdp;CHEMSPIDER:10241147;CHEBI:58483;PUBCHEM:21605869;LIGAND-CPD:C11453	D:\嗜酸氧化亚铁硫杆菌\03_BioCyc\C2-1\官方原始下载\GCF_000021485_compounds_right_network_full_20260923_083853.xml
Compound	GCF_000021485	CPD-13851	2-hydroxy-dATP	2-hydroxy-2'-deoxyadenosine 5'-triphosphate;2'-deoxyisoguanosine triphosphate		503.152	REACTOME-CPD:2395822;HMDB:HMDB59593;METANETX:MNXM9835;LIGAND-CPD:C19969;PUBCHEM:86289402;CHEBI:77897	D:\嗜酸氧化亚铁硫杆菌\03_BioCyc\C2-1\官方原始下载\GCF_000021485_compounds_right_network_full_20260923_083853.xml
Compound	GCF_000021485	CPDQT-38	3-[(5'-methylsulfanyl)pentyl]malate	3-[(5'-methylthio)pentyl]malic acid;3-[(5'-methylthio)pentyl]malate		248.293	SEED:cpd17413;CHEBI:80970;METANETX:MNXM5506;LIGAND-CPD:C17223;PUBCHEM:44237178	D:\嗜酸氧化亚铁硫杆菌\03_BioCyc\C2-1\官方原始下载\GCF_000021485_compounds_left_network_full_20260923_083853.xml
Compound	GCF_000021485	C3	UDP-<i>N</i>-acetyl-&alpha;-D-muramoyl-L-alanyl-&gamma;-D-glutamyl-L-lysyl-D-alanyl-D-alanine	UDP-Mur2Ac(oyl-L-Ala-g-D-Glu-L-Lys-D-Ala-D-Ala);UDP-MurNAc-pentapeptide		1146.922	METANETX:MNXM7865;PUBCHEM:86289103;CHEBI:70758;LIGAND-CPD:C04846	D:\嗜酸氧化亚铁硫杆菌\03_BioCyc\C2-1\官方原始下载\GCF_000021485_compounds_left_network_full_20260923_083853.xml
Compound	GCF_000021485	HISTIDINOL	histidinol	histidol;L-histidinol		142.18	SEED:cpd00641;METANETX:MNXM1281;REFMET:L-Histidinol;BIGG:histd;CHEBI:57699;PUBCHEM:6950298;HMDB:HMDB03431;KNAPSACK:C00007479;LIGAND-CPD:C00860;CAS:501-28-0	D:\嗜酸氧化亚铁硫杆菌\03_BioCyc\C2-1\官方原始下载\GCF_000021485_compounds_left_network_full_20260923_083853.xml
Compound	GCF_000021485	CPD-18807	a nascent peptidoglycan (<i>meso</i>-DAP containing)				METANETX:MNXM166800	D:\嗜酸氧化亚铁硫杆菌\03_BioCyc\C2-1\官方原始下载\GCF_000021485_compounds_left_network_full_20260923_083853.xml
Compound	GCF_000021485	UDP-OHMYR-ACETYLGLUCOSAMINE	UDP-3-<i>O</i>-[(3<i>R</i>)-3-hydroxymyristoyl]-<i>N</i>-acetyl-&alpha;-D-glucosamine	UDP-3-<i>O</i>-(3-hydroxytetradecanoyl)-<i>N</i>-acetylglucosamine;UDP-3-<i>O</i>-(3-hydroxymyristoyl)-<i>N</i>-acetylglucosamine		831.7	SEED:cpd02886;METANETX:MNXM2157;BIGG:u3aga;CHEBI:61494;PUBCHEM:25244942;LIGAND-CPD:C04738	D:\嗜酸氧化亚铁硫杆菌\03_BioCyc\C2-1\官方原始下载\GCF_000021485_compounds_left_network_full_20260923_083853.xml
Compound	GCF_000021485	CPD-3344	pyruvic oxime			102.069	METANETX:MNXM3347;REFMET:Pyruvic oxime;CHEBI:15730;HMDB:HMDB02455;PUBCHEM:54740342;LIGAND-CPD:C02193	D:\嗜酸氧化亚铁硫杆菌\03_BioCyc\C2-1\官方原始下载\GCF_000021485_compounds_right_network_full_20260923_083853.xml
Compound	GCF_000021485	Bases	a nucleobase	a nucleotide base;a nitrogenous base			METANETX:MNXM65016;LIGAND-CPD:C00701;Wikipedia:Nucleobase	D:\嗜酸氧化亚铁硫杆菌\03_BioCyc\C2-1\官方原始下载\GCF_000021485_compounds_left_network_full_20260923_083853.xml
Compound	GCF_000021485	2-OCTAPRENYL-6-HYDROXYPHENOL	3-(<i>all-trans</i>-octaprenyl)benzene-1,2-diol	2-octaprenyl-6-hydroxyphenol		655.058	SEED:cpd03445;METANETX:MNXM1635;BIGG:2ohph;CHEMSPIDER:4444382;CHEBI:1233;PUBCHEM:5280833;LIGAND-CPD:C05811	D:\嗜酸氧化亚铁硫杆菌\03_BioCyc\C2-1\官方原始下载\GCF_000021485_compounds_left_network_full_20260923_083853.xml
Compound	GCF_000021485	THYMINE	thymine	5-methyluracil;5-methyl-2,4(1H,3H)-pyrimidinedione;T		126.115	MEDIADB:compounds/174/;REACTOME-CPD:83960;SEED:cpd00151;METANETX:MNXM386;REFMET:Thymine;BIGG:thym;METABOLIGHTS:MTBLC17821;HMDB:HMDB00262;DRUGBANK:DB03462;CHEMSPIDER:1103;PUBCHEM:1135;CHEBI:17821;LIGAND-CPD:C00178;CAS:65-71-4	D:\嗜酸氧化亚铁硫杆菌\03_BioCyc\C2-1\官方原始下载\GCF_000021485_compounds_right_network_full_20260923_083853.xml
Compound	GCF_000021485	ARG	L-arginine	2-amino-5-guanidinovaleric acid;R;arginine;L-arg;arg		175.21	MEDIADB:compounds/2043/;MEDIADB:compounds/60/;METANETX:MNXM70;REFMET:Arginine;BIGG:arg__L;METABOLIGHTS:MTBLC32682;HMDB:HMDB00517;CHEMSPIDER:1266045;CHEBI:32682;PUBCHEM:1549073;LIGAND-CPD:C00062;CAS:74-79-3	D:\嗜酸氧化亚铁硫杆菌\03_BioCyc\C2-1\官方原始下载\GCF_000021485_compounds_left_network_full_20260923_083853.xml
Compound	GCF_000021485	CPD-24236	UDP-3-<i>O</i>-[(3R)-3-hydroxy-hexadecanoyl]-&alpha;-D-glucosamine			818.724		D:\嗜酸氧化亚铁硫杆菌\03_BioCyc\C2-1\官方原始下载\GCF_000021485_compounds_left_network_full_20260923_083853.xml
Compound	GCF_000021485	D-glucopyranose-6-phosphate	D-glucopyranose 6-phosphate	D-glucopyranose-6-P		258.121	MEDIADB:compounds/90/;REACTOME-CPD:1629756;METANETX:MNXM160;CHEBI:4170;LIGAND-CPD:C00092	D:\嗜酸氧化亚铁硫杆菌\03_BioCyc\C2-1\官方原始下载\GCF_000021485_compounds_left_network_full_20260923_083853.xml
Compound	GCF_000021485	tRNA-uridine55	a uridine<sup>55</sup> in tRNA	a tRNA uridine<sup>55</sup>			SEED:cpd28590;METANETX:MNXM13189	D:\嗜酸氧化亚铁硫杆菌\03_BioCyc\C2-1\官方原始下载\GCF_000021485_compounds_left_network_full_20260923_083853.xml
Compound	GCF_000021485	16S-rRNA-guanine-966	a guanine<sup>966</sup> in 16S rRNA				SEED:cpd21833;METANETX:MNXM14036	D:\嗜酸氧化亚铁硫杆菌\03_BioCyc\C2-1\官方原始下载\GCF_000021485_compounds_left_network_full_20260923_083853.xml
Compound	GCF_000021485	CPD-564	<i>S</i>-ribosyl-L-homocysteine	Ribose-5-S-homocysteine;S-D-ribosyl-L-homocysteine;ribose-5-<i>S</i>-homocysteine;S-ribosylhomocysteine;<i>S</i>-(5-deoxy-D-ribos-5-yl)-L-homocysteine		267.296	CHEBI:58195;PUBCHEM:49792010;SEED:cpd02227;METANETX:MNXM1777;BIGG:rhcys;CAS:37558-16-0;LIGAND-CPD:C03539	D:\嗜酸氧化亚铁硫杆菌\03_BioCyc\C2-1\官方原始下载\GCF_000021485_compounds_right_network_full_20260923_083853.xml
Compound	GCF_000021485	L-BETA-ASPARTYL-P	L-aspartyl-4-phosphate	4-phospho-L-aspartate;L-4-aspartyl phosphate;L-&beta;-aspartyl-P;L-&beta;-aspartyl-phosphate;L-aspartyl-4-P;L-aspartyl-&beta;-phosphate;4-phosphonato-L-aspartate		211.068	SEED:cpd01977;METANETX:MNXM1177;BIGG:4pasp;HMDB:HMDB12250;CHEMSPIDER:10123241;CHEBI:57535;PUBCHEM:11948925;LIGAND-CPD:C03082;CAS:22138-53-0	D:\嗜酸氧化亚铁硫杆菌\03_BioCyc\C2-1\官方原始下载\GCF_000021485_compounds_right_network_full_20260923_083853.xml
Compound	GCF_000021485	THZ-P	4-methyl-5-(2-phosphooxyethyl)thiazole	4-4-methyl-5-(2-phosphonooxyethyl)-thiazole;4-methyl-5-(2-phosphoethyl)-thiazole;THZ-P;4-methyl-5-(&beta;-hydroxyethyl)thiazole phosphate;HET-P		221.167	SEED:cpd02654;METANETX:MNXM960;BIGG:4mpetz;CHEBI:58296;PUBCHEM:25245616;LIGAND-CPD:C04327	D:\嗜酸氧化亚铁硫杆菌\03_BioCyc\C2-1\官方原始下载\GCF_000021485_compounds_left_network_full_20260923_083853.xml
Compound	GCF_000021485	CPD-11998	{&beta;-D-GlcNAc-(1&rarr;4)-3-<i>O</i>-[L-Ala-&gamma;-D-Glu-DAP-D-Ala-D-Ala]-Mur2Ac}-PP-Dec	decapreny-diphospho-GlcNAc-(1->4)-MurNAc-pentapeptide;lipid II (Myvcobacteria);decaprenyl-pyrophosphoryl-(<i>N</i>-acetylglucosamine)-<i>N</i>-acetylmuramyl-(pentapeptide)		1848.112	METANETX:MNXM12365;PUBCHEM:134820206	D:\嗜酸氧化亚铁硫杆菌\03_BioCyc\C2-1\官方原始下载\GCF_000021485_compounds_right_network_full_20260923_083853.xml
Compound	GCF_000021485	CPDQT-39	3-[(6'-methylsulfanyl)hexyl]malate	3-[(6'-methylthio)hexyl]malic acid;3-[(6'-methylthio)hexyl]malate		262.32	SEED:cpd17417;CHEBI:80973;METANETX:MNXM5507;LIGAND-CPD:C17227;PUBCHEM:44237339	D:\嗜酸氧化亚铁硫杆菌\03_BioCyc\C2-1\官方原始下载\GCF_000021485_compounds_left_network_full_20260923_083853.xml
Compound	GCF_000021485	2-PG	2-phospho-D-glycerate	2-phospho-(D)-glycerate;2-phospho-(R)-glycerate;2-phospho-D-glyceric acid;2-P-D-glycerate;D-glycerate 2-phosphate;D-2-phosphoglycerate;D-2-phosphoglyceric acid		183.034	REACTOME-CPD:30485;SEED:cpd00482;METANETX:MNXM275;REFMET:2-Phosphoglyceric acid;BIGG:2pg;METABOLIGHTS:MTBLC58289;HMDB:HMDB03391;CHEBI:58289;PUBCHEM:40467846;LIGAND-CPD:C00631;CAS:2553-59-5	D:\嗜酸氧化亚铁硫杆菌\03_BioCyc\C2-1\官方原始下载\GCF_000021485_compounds_left_network_full_20260923_083853.xml
Compound	GCF_000021485	CPD1F-114	<i>all-trans</i>-lycopene	&psi;,&psi;-carotene		536.882	SEED:cpd03217;METANETX:MNXM445;METABOLIGHTS:MTBLC15948;HMDB:HMDB03000;LIPID_MAPS:LMPR01070257;CHEMSPIDER:394156;PUBCHEM:446925;CHEBI:15948;LIGAND-CPD:C05432	D:\嗜酸氧化亚铁硫杆菌\03_BioCyc\C2-1\官方原始下载\GCF_000021485_compounds_right_network_full_20260923_083853.xml
Compound	GCF_000021485	NAD	NAD<sup>+</sup>	NAD+;beta-nicotinamide adenine dinucleotide;coenzyme I;diphosphopyridine nucleotide;diphosphopyridine nucleotide oxidized;nicotinamide adenine dinucleotide;nicotinamide adenine dinucleotide oxidized;NAD-oxidized;NAD-ox;DPN+;DPN-ox;DPN;&beta;-nicotinamide adenine dinucleotide;NAD;&beta;-NAD<sup>+</sup>		662.422	MEDIADB:compounds/3/;SEED:cpd00003;METANETX:MNXM8;REFMET:NAD+;BIGG:nad;METABOLIGHTS:MTBLC57540;HMDB:HMDB00902;CHEMSPIDER:10239196;CHEBI:57540;PUBCHEM:15938971;LIGAND-CPD:C00003;CAS:53-84-9	D:\嗜酸氧化亚铁硫杆菌\03_BioCyc\C2-1\官方原始下载\GCF_000021485_compounds_left_network_full_20260923_083853.xml
Compound	GCF_000021485	Protein-L-methionine-R-S-oxides	a protein-L-methionine-(<i>R</i>)-<i>S</i>-oxide	a peptide-L-methionine-(<i>R</i>)-<i>S</i>-oxide			SEED:cpd14507;CHEBI:80004;METANETX:MNXM21320;LIGAND-CPD:C15653	D:\嗜酸氧化亚铁硫杆菌\03_BioCyc\C2-1\官方原始下载\GCF_000021485_compounds_right_network_full_20260923_083853.xml
Compound	GCF_000021485	16S-rRNA-N2-methylguanine966	an <i>N</i><sup>2</sup>-methylguanine<sup>966</sup> in 16S rRNA				SEED:cpd21818;METANETX:MNXM14040	D:\嗜酸氧化亚铁硫杆菌\03_BioCyc\C2-1\官方原始下载\GCF_000021485_compounds_right_network_full_20260923_083853.xml
Compound	GCF_000021485	LAUROYLCOA-CPD	lauroyl-CoA	dodecanoyl-CoA (n-C12:0CoA);lauroyl coenzyme A;dodecanoyl-CoA		945.808	REACTOME-CPD:77261;SEED:cpd01260;METANETX:MNXM363;REFMET:Lauroyl-CoA;BIGG:ddcacoa;METABOLIGHTS:MTBLC57375;HMDB:HMDB03571;CHEBI:57375;PUBCHEM:25113193;LIGAND-CPD:C01832;CAS:6244-92-4	D:\嗜酸氧化亚铁硫杆菌\03_BioCyc\C2-1\官方原始下载\GCF_000021485_compounds_left_network_full_20260923_083853.xml
Compound	GCF_000021485	CPD-11463	1-hydroxyneurosporene	chloroxanthin;hydroxyneurosporene;1-hydroxy-1,2-dihydroneurosporene		556.913	SEED:cpd14623;METANETX:MNXM3423;CHEBI:138077;PUBCHEM:87443256;CHEMSPIDER:8091389;LIGAND-CPD:C15892	D:\嗜酸氧化亚铁硫杆菌\03_BioCyc\C2-1\官方原始下载\GCF_000021485_compounds_left_network_full_20260923_083853.xml
Compound	GCF_000021485	CPD-8534	DNA without lesion				SEED:cpd25338;METANETX:MNXM17349	D:\嗜酸氧化亚铁硫杆菌\03_BioCyc\C2-1\官方原始下载\GCF_000021485_compounds_right_network_full_20260923_083853.xml
Compound	GCF_000021485	Protein-N6-5-glutamyl-lysine-crosslinks	a protein with an <i>N</i><sup>6</sup>-(&gamma;-glutamyl)-L-lysine crosslink				CHEMSPIDER:5378717	D:\嗜酸氧化亚铁硫杆菌\03_BioCyc\C2-1\官方原始下载\GCF_000021485_compounds_right_network_full_20260923_083853.xml
Compound	GCF_000021485	OCTAPRENYL-DIPHOSPHATE	all-<i>trans</i>-octaprenyl diphosphate	farnesylfarnesylgeranyl-PP;octaprenyl pyrophosphate;OPP;farnesylfarnesylgeraniol;octaprenyl diphosphate		719.897	METANETX:MNXM811;BIGG:octdp;HMDB:HMDB01094;CHEBI:57711;PUBCHEM:25245331;LIGAND-CPD:C04146	D:\嗜酸氧化亚铁硫杆菌\03_BioCyc\C2-1\官方原始下载\GCF_000021485_compounds_left_network_full_20260923_083853.xml
Compound	GCF_000021485	Holo-Hydroxymethylbilane-Synthase	a <i>holo</i>-[hydroxymethylbilane synthase]					D:\嗜酸氧化亚铁硫杆菌\03_BioCyc\C2-1\官方原始下载\GCF_000021485_compounds_left_network_full_20260923_083853.xml
Compound	GCF_000021485	AMP	AMP	5'-AMP;adenosine-monophosphate;adenylic acid;adenosine 5'-phosphate;adenosine 5'-monophosphate;adenylate;5'-adenylic acid;5'-adenosine monophosphate;adenine ribotide		345.208	REFMET:AMP;BIGG:amp;METABOLIGHTS:MTBLC456215;HMDB:HMDB00045;CHEMSPIDER:10239183;CHEBI:456215;PUBCHEM:15938965;LIGAND-CPD:C00020;CAS:61-19-8;NCI:20264	D:\嗜酸氧化亚铁硫杆菌\03_BioCyc\C2-1\官方原始下载\GCF_000021485_compounds_left_network_full_20260923_083853.xml
Compound	GCF_000021485	THR	L-threonine	T;thre;L-thr;threonine;2-amino-3-hydroxybutyric acid		119.12	MEDIADB:compounds/16460/;MEDIADB:compounds/184/;SEED:cpd00161;METANETX:MNXM142;REFMET:Threonine;BIGG:thr__L;METABOLIGHTS:MTBLC57926;HMDB:HMDB00167;CHEBI:57926;PUBCHEM:6971019;LIGAND-CPD:C00188;CAS:72-19-5	D:\嗜酸氧化亚铁硫杆菌\03_BioCyc\C2-1\官方原始下载\GCF_000021485_compounds_left_network_full_20260923_083853.xml
Compound	GCF_000021485	D-GLUCOSAMINE-6-P	D-glucosamine 6-phosphate	D-glucosamine phosphate;D-glucosamine 6-phosphate;D-glucosamine-6-P		258.144	CHEBI:58725;PUBCHEM:45266742;SEED:cpd00288;METANETX:MNXM370;LIGAND-CPD:C00352;CAS:3616-42-0	D:\嗜酸氧化亚铁硫杆菌\03_BioCyc\C2-1\官方原始下载\GCF_000021485_compounds_left_network_full_20260923_083853.xml
Compound	GCF_000021485	UDP-2N-3R-hydroxyacyl-3O-3R-hydroxyacyl-GlcN	UDP-2-<i>N</i>,3-O-<i>bis</i>[(3<i>R</i>)-3-hydroxyacyl]-&alpha;-D-glucosamine	UDP-2-<i>N</i>-[(3<i>R</i>)-3-hydroxyacyl]-3-<i>O</i>-[(3<i>R</i>)-3-hydroxyacyl]-&alpha;-D-glucosamine				D:\嗜酸氧化亚铁硫杆菌\03_BioCyc\C2-1\官方原始下载\GCF_000021485_compounds_left_network_full_20260923_083853.xml
Compound	GCF_000021485	4-CYTIDINE-5-DIPHOSPHO-2-C	4-(cytidine 5'-diphospho)-2-C-methyl-D-erythritol	CDP-ME;CDP-methyl-D-erythritol;4-diphosphocytidyl-2C-methyl-D-erythritol;4-diphosphocytidyl-2-C-methylerythritol		519.295	SEED:cpd08287;METANETX:MNXM1642;BIGG:4c2me;CHEBI:57823;PUBCHEM:24970669;LIGAND-CPD:C11435	D:\嗜酸氧化亚铁硫杆菌\03_BioCyc\C2-1\官方原始下载\GCF_000021485_compounds_left_network_full_20260923_083853.xml
Compound	GCF_000021485	PHENYL-PYRUVATE	3-phenyl-2-oxopropanoate	&alpha;-ketohydrocinnamic acid;<i>keto</i>-phenylpyruvate;phenylpyruvate;3-phenylpyruvate;3-phenylpyruvic acid;2-oxo-3-phenylpropanoate		163.152	SEED:cpd00143;METANETX:MNXM162242;REFMET:Phenylpyruvic acid;BIGG:phpyr;METABOLIGHTS:MTBLC18005;HMDB:HMDB00205;CHEMSPIDER:3784710;PUBCHEM:4592697;CHEBI:18005;LIGAND-CPD:C00166;CAS:156-06-9	D:\嗜酸氧化亚铁硫杆菌\03_BioCyc\C2-1\官方原始下载\GCF_000021485_compounds_left_network_full_20260923_083853.xml
Compound	GCF_000021485	ADP	ADP	adenosine pyrophosphate;adenosine 5'-pyrophosphate;adenosine-5'-diphosphate;adenosine-diphosphate;adenosine-5-diphosphate		424.18	SEED:cpd00008;METANETX:MNXM7;REFMET:ADP;BIGG:adp;METABOLIGHTS:MTBLC456216;HMDB:HMDB01341;CHEMSPIDER:5414423;CHEBI:456216;PUBCHEM:7058055;LIGAND-CPD:C00008;CAS:58-64-0	D:\嗜酸氧化亚铁硫杆菌\03_BioCyc\C2-1\官方原始下载\GCF_000021485_compounds_right_network_full_20260923_083853.xml
Compound	GCF_000021485	ADENYLOSUCC	adenylo-succinate	<i>N<sup>6</sup></i>-(1,2-dicarboxyethyl)-AMP;adenylo-succ		459.265	REACTOME-CPD:35141;SEED:cpd02375;METANETX:MNXM565;REFMET:Adenylsuccinic acid;BIGG:dcamp;CHEBI:57567;PUBCHEM:46878398;METABOLIGHTS:MTBLC57567;HMDB:HMDB00536;LIGAND-CPD:C03794;CAS:19240-42-7	D:\嗜酸氧化亚铁硫杆菌\03_BioCyc\C2-1\官方原始下载\GCF_000021485_compounds_left_network_full_20260923_083853.xml
Compound	GCF_000021485	CPD-22373	(2E)-3,7-dimethylocta-2,6-diene-1-thiol			170.312	LIGAND-CPD:C22269;CHEBI:143703;PUBCHEM:6365572	D:\嗜酸氧化亚铁硫杆菌\03_BioCyc\C2-1\官方原始下载\GCF_000021485_compounds_right_network_full_20260923_083853.xml
Compound	GCF_000021485	L-ARGININO-SUCCINATE	L-arginino-succinate	<i>N</i>-(L-arginino)-succinate;arginino-succinate		289.267	REACTOME-CPD:34575;METANETX:MNXM722743;BIGG:argsuc;CHEBI:57472;PUBCHEM:46878376;METABOLIGHTS:MTBLC57472;HMDB:HMDB00052;LIGAND-CPD:C03406	D:\嗜酸氧化亚铁硫杆菌\03_BioCyc\C2-1\官方原始下载\GCF_000021485_compounds_left_network_full_20260923_083853.xml
Compound	GCF_000021485	N-terminal-L-cysteine-sulfonate	an N-terminal 3-sulfo-L-alanyl-[protein]				METANETX:MNXM164546	D:\嗜酸氧化亚铁硫杆菌\03_BioCyc\C2-1\官方原始下载\GCF_000021485_compounds_left_network_full_20260923_083853.xml
Compound	GCF_000021485	CPD-1130	3-ethylmalate			160.126	SEED:cpd01362;METANETX:MNXM4331;CHEMSPIDER:20015785;CHEBI:57425;PUBCHEM:21145023;LIGAND-CPD:C01989	D:\嗜酸氧化亚铁硫杆菌\03_BioCyc\C2-1\官方原始下载\GCF_000021485_compounds_left_network_full_20260923_083853.xml
Compound	GCF_000021485	SUCC-S-ALD	succinate semialdehyde	succinyl semialdehyde;succ-S-ald;succinic semialdehyde		101.082	REACTOME-CPD:880046;SEED:cpd00199;METANETX:MNXM172;REFMET:Succinic acid semialdehyde;BIGG:sucsal;METABOLIGHTS:MTBLC57706;HMDB:HMDB01259;CHEMSPIDER:7822211;CHEBI:57706;PUBCHEM:9543238;CAS:692-29-5;LIGAND-CPD:C00232	D:\嗜酸氧化亚铁硫杆菌\03_BioCyc\C2-1\官方原始下载\GCF_000021485_compounds_left_network_full_20260923_083853.xml
Compound	GCF_000021485	CPD-209	UDP-<i>N</i>-acetyl-&alpha;-D-muramoyl-L-alanyl-&gamma;-D-glutamyl-L-lysine			1004.765	SEED:cpd03490;METANETX:MNXM7864;CHEBI:83903;PUBCHEM:86290123;HMDB:HMDB04207;LIGAND-CPD:C04700	D:\嗜酸氧化亚铁硫杆菌\03_BioCyc\C2-1\官方原始下载\GCF_000021485_compounds_left_network_full_20260923_083853.xml
Compound	GCF_000021485	FUM	fumarate	fum;fumaric acid		114.057	MEDIADB:compounds/119/;SEED:cpd00106;METANETX:MNXM93;REFMET:Fumaric acid;BIGG:fum;METABOLIGHTS:MTBLC29806;HMDB:HMDB00134;DRUGBANK:DB01677;CHEMSPIDER:4573886;KNAPSACK:C00001183;PUBCHEM:5460307;CHEBI:29806;LIGAND-CPD:C00122;CAS:110-17-8	D:\嗜酸氧化亚铁硫杆菌\03_BioCyc\C2-1\官方原始下载\GCF_000021485_compounds_left_network_full_20260923_083853.xml
Compound	GCF_000021485	23S-rRNA-pseudouridine1915	a pseudouridine<sup>1915</sup> in 23S rRNA	a 23S rRNA pseudouridine<sup>1915</sup>			SEED:cpd21961;METANETX:MNXM14411	D:\嗜酸氧化亚铁硫杆菌\03_BioCyc\C2-1\官方原始下载\GCF_000021485_compounds_left_network_full_20260923_083853.xml
Compound	GCF_000021485	Ubiquinols	a ubiquinol	a reduced ubiquinone;a dihydroubiquinone;a QH<sub>2</sub>			SEED:cpd28300;METANETX:MNXM202;CAS:56275-39-9;CHEBI:17976;LIGAND-CPD:C00390	D:\嗜酸氧化亚铁硫杆菌\03_BioCyc\C2-1\官方原始下载\GCF_000021485_compounds_left_network_full_20260923_083853.xml
Compound	GCF_000021485	L-1-PHOSPHATIDYL-GLYCEROL-P	a phosphatidylglycerophosphate	1-(3-<i>sn</i>-phosphatidyl)-<i>sn</i>-glycerol 3-phosphate			CHEBI:37393;REACTOME-CPD:1524059;LIGAND-CPD:C03892;METANETX:MNXM871	D:\嗜酸氧化亚铁硫杆菌\03_BioCyc\C2-1\官方原始下载\GCF_000021485_compounds_left_network_full_20260923_083853.xml
Compound	GCF_000021485	L-GLUTAMATE_GAMMA-SEMIALDEHYDE	L-glutamate-5-semialdehyde	glutamic &gamma;-semialdehyde;L-glutamate &gamma;-semialdehyde;glutamate-semialdehyde		131.131	REACTOME-CPD:31339;SEED:cpd00858;METANETX:MNXM245;BIGG:glu5sa;PUBCHEM:49791979;METABOLIGHTS:MTBLC58066;HMDB:HMDB02104;CHEBI:58066;LIGAND-CPD:C01165	D:\嗜酸氧化亚铁硫杆菌\03_BioCyc\C2-1\官方原始下载\GCF_000021485_compounds_left_network_full_20260923_083853.xml
Compound	GCF_000021485	Modified-Bases	a modified nucleobase	a modified nucleotide base			METANETX:MNXM166798	D:\嗜酸氧化亚铁硫杆菌\03_BioCyc\C2-1\官方原始下载\GCF_000021485_compounds_right_network_full_20260923_083853.xml
Compound	GCF_000021485	L-phenylalanyl-L-arginyl-Protein	L-phenylalanyl-L-arginyl-[protein]				METANETX:MNXM168166	D:\嗜酸氧化亚铁硫杆菌\03_BioCyc\C2-1\官方原始下载\GCF_000021485_compounds_right_network_full_20260923_083853.xml
Compound	GCF_000021485	DCDP	dCDP	2'-deoxycytidine diphosphate;2'-deoxycytidine-5'-diphosphate;deoxycytidine-diphosphate		384.155	SEED:cpd00533;METANETX:MNXM411;REFMET:dCDP;BIGG:dcdp;METABOLIGHTS:MTBLC58593;HMDB:HMDB01245;CHEMSPIDER:19986689;CHEBI:58593;PUBCHEM:21122964;LIGAND-CPD:C00705;CAS:800-73-7	D:\嗜酸氧化亚铁硫杆菌\03_BioCyc\C2-1\官方原始下载\GCF_000021485_compounds_left_network_full_20260923_083853.xml
Compound	GCF_000021485	CPD-19186	an <i>O</i><sup>4</sup>-methylthymine in DNA	a DNA 4-O-methylthymine;a DNA containing 4-O-methylthymine;DNA 4-O-methylthymine			METANETX:MNXM167063	D:\嗜酸氧化亚铁硫杆菌\03_BioCyc\C2-1\官方原始下载\GCF_000021485_compounds_left_network_full_20260923_083853.xml
Compound	GCF_000021485	L-arginyl-3-sulfino-L-alaninyl-Peptides	an N-terminal L-arginiyl-3-sulfino-L-alanyl-[protein]				METANETX:MNXM167021	D:\嗜酸氧化亚铁硫杆菌\03_BioCyc\C2-1\官方原始下载\GCF_000021485_compounds_right_network_full_20260923_083853.xml
Compound	GCF_000021485	CPD-3	molybdate	MoO<sub>4</sub><sup>2-</sup>;molybdate ion;MoO<sub>4</sub><sup>-2</sup>		159.938	REACTOME-CPD:947561;SEED:cpd11574;METANETX:MNXM1026;BIGG:mobd;HMDB:HMDB12260;CHEMSPIDER:23023;CHEBI:36264;PUBCHEM:24621;LIGAND-CPD:C06232	D:\嗜酸氧化亚铁硫杆菌\03_BioCyc\C2-1\官方原始下载\GCF_000021485_compounds_left_network_full_20260923_083853.xml
Compound	GCF_000021485	Maltodextrins	a maltodextrin	4-{(1,4)-&alpha;-D-glucosyl}<sub>(n-1)</sub>-D-glucose;maltodextrins;maltodextrin<sub>(n)</sub>;linear maltodextrin			HMDB:HMDB37138;METANETX:MNXM60163;CHEBI:18398;Wikipedia:Maltodextrin;LIGAND-CPD:C01935	D:\嗜酸氧化亚铁硫杆菌\03_BioCyc\C2-1\官方原始下载\GCF_000021485_compounds_left_network_full_20260923_083853.xml
Compound	GCF_000021485	2-DEHYDROPANTOATE	2-dehydropantoate	ketopantoate;2-ketopantoate		145.135	SEED:cpd00712;METANETX:MNXM959;BIGG:2dhp;DRUGBANK:DB03795;CHEMSPIDER:14649571;PUBCHEM:16755619;CHEBI:11561;LIGAND-CPD:C00966	D:\嗜酸氧化亚铁硫杆菌\03_BioCyc\C2-1\官方原始下载\GCF_000021485_compounds_right_network_full_20260923_083853.xml
Compound	GCF_000021485	CPD-19237	<i>N</i>-methylacetamide			73.094	METANETX:MNXM19316;PUBCHEM:6582;CHEBI:87321	D:\嗜酸氧化亚铁硫杆菌\03_BioCyc\C2-1\官方原始下载\GCF_000021485_compounds_right_network_full_20260923_083853.xml
Compound	GCF_000021485	S-LACTOYL-GLUTATHIONE	(<i>R</i>)-<i>S</i>-lactoylglutathione	S-D-lactoylglutathione;D-lactoylglutathione		378.376	REACTOME-CPD:5694130;SEED:cpd02182;METANETX:MNXM1253;REFMET:S-Lactoylglutathione;BIGG:lgt__S;CHEBI:57474;PUBCHEM:46878377;HMDB:HMDB01066;LIGAND-CPD:C03451;CAS:25138-66-3	D:\嗜酸氧化亚铁硫杆菌\03_BioCyc\C2-1\官方原始下载\GCF_000021485_compounds_left_network_full_20260923_083853.xml
Compound	GCF_000021485	SULFATE	sulfate	sulfuric acid;H2SO4;sulphate;SO<SUB>4</SUB><SUP>-2</SUP>;SO<SUB>4</SUB><SUP>2-</SUP>;SO<SUB>4</SUB><SUP>--</SUP>		96.058	MEDIADB:compounds/57/;BIGG:so4;METABOLIGHTS:MTBLC16189;LIGAND-CPD:C00059;HMDB:HMDB01448;CHEMSPIDER:1085;CHEBI:16189;PUBCHEM:1117;CAS:14808-79-8	D:\嗜酸氧化亚铁硫杆菌\03_BioCyc\C2-1\官方原始下载\GCF_000021485_compounds_left_network_full_20260923_083853.xml
Compound	GCF_000021485	CPD0-971	an &alpha;-limit dextrin	a glycogen phosphorylase-limit dextrin;a glycogen phosphorylase-limited dextrin			PUBCHEM:146037391;SEED:cpd26551;METANETX:MNXM8465	D:\嗜酸氧化亚铁硫杆菌\03_BioCyc\C2-1\官方原始下载\GCF_000021485_compounds_left_network_full_20260923_083853.xml
Compound	GCF_000021485	CPD-22403	lipid A disaccharide (P. putida)			1155.405	PUBCHEM:145865015	D:\嗜酸氧化亚铁硫杆菌\03_BioCyc\C2-1\官方原始下载\GCF_000021485_compounds_left_network_full_20260923_083853.xml
Compound	GCF_000021485	Guanine46-in-tRNA	a guanine<sup>46</sup> in tRNA				SEED:cpd27203;METANETX:MNXM11737	D:\嗜酸氧化亚铁硫杆菌\03_BioCyc\C2-1\官方原始下载\GCF_000021485_compounds_left_network_full_20260923_083853.xml
Compound	GCF_000021485	SPERMIDINE	spermidine	<i>N</i>-(3-aminopropyl)butane-1,4-diamine		148.271	SEED:cpd00264;METANETX:MNXM124;REFMET:Spermidine;BIGG:spmd;METABOLIGHTS:MTBLC57834;HMDB:HMDB01257;CHEMSPIDER:5360248;CHEBI:57834;PUBCHEM:6992097;LIGAND-CPD:C00315;CAS:124-20-9	D:\嗜酸氧化亚铁硫杆菌\03_BioCyc\C2-1\官方原始下载\GCF_000021485_compounds_right_network_full_20260923_083853.xml
Compound	GCF_000021485	CPD-22408	&alpha;-Kdo-(2&rarr;6)-lipid IV<sub>A</sub> (P. putida)	3-Deoxy-D-manno-octulosonyl-lipid IV(A) (P. putida);(KDO)-lipid IV<sub>A</sub> (P. putida)		1452.54	PUBCHEM:145865161	D:\嗜酸氧化亚铁硫杆菌\03_BioCyc\C2-1\官方原始下载\GCF_000021485_compounds_right_network_full_20260923_083853.xml
Compound	GCF_000021485	N-terminal-L-cysteine-sulfinate	an N-terminal 3-sulfino-L-alanyl-[protein]				METANETX:MNXM163741	D:\嗜酸氧化亚铁硫杆菌\03_BioCyc\C2-1\官方原始下载\GCF_000021485_compounds_left_network_full_20260923_083853.xml
Compound	GCF_000021485	DNA-Combined-With-Exogenous-DNA	DNA combined with exogenous DNA to form a recombinational junction				SEED:cpd26890;METANETX:MNXM17359	D:\嗜酸氧化亚铁硫杆菌\03_BioCyc\C2-1\官方原始下载\GCF_000021485_compounds_left_network_full_20260923_083853.xml
Compound	GCF_000021485	CPD0-2461	isoguanine	2-oxoadenine;2-hydroxyadenine		151.127	SEED:cpd26506;METANETX:MNXM18758;REFMET:2-hydroxyadenine;HMDB:HMDB00403;CHEMSPIDER:69351;CHEBI:62462;PUBCHEM:76900	D:\嗜酸氧化亚铁硫杆菌\03_BioCyc\C2-1\官方原始下载\GCF_000021485_compounds_right_network_full_20260923_083853.xml
Compound	GCF_000021485	CPD-8999	5-(methylsulfanyl)-2,3-dioxopentyl 1-phosphate	1-phosphoryloxy-2,3-diketo-5-methylthiopentane;1-phospho-2,3-diketo-5-methylthiopentane;DKM-1-P;2,3-diketo-5-methylthio 1-phosphopentane;2,3-diketo-5-methylthiopentyl 1-phosphate;5-(methylsulfanyl)-2,3-dioxopentyl phosphate;5-methylthio-1-(phosphonooxy)pentane-2,3-dione;5-(methylthio)-2,3-dioxopentyl phosphate;5-(methylthio)-2,3-dioxopentyl 1-phosphate		240.167	REACTOME-CPD:1237176;SEED:cpd11295;METANETX:MNXM162358;BIGG:dkmpp;METABOLIGHTS:MTBLC58828;HMDB:HMDB59620;CHEBI:58828;PUBCHEM:25244990;LIGAND-CPD:C15650	D:\嗜酸氧化亚铁硫杆菌\03_BioCyc\C2-1\官方原始下载\GCF_000021485_compounds_left_network_full_20260923_083853.xml
Compound	GCF_000021485	D-GLT	D-glutamate	D-glutamic acid;D-glu		146.122	MEDIADB:compounds/213/;SEED:cpd00186;METANETX:MNXM331;REFMET:D-Glutamic acid;BIGG:glu__D;HMDB:HMDB03339;CHEBI:29986;PUBCHEM:5460297;LIGAND-CPD:C00217;CAS:6893-26-1	D:\嗜酸氧化亚铁硫杆菌\03_BioCyc\C2-1\官方原始下载\GCF_000021485_compounds_left_network_full_20260923_083853.xml
Compound	GCF_000021485	Ribosomal-protein-S12-3-methylthio-Asp89	a [ribosomal protein uS12]-3-methylsulfanyl-L-aspartate<sup>89</sup>				METANETX:MNXM148773	D:\嗜酸氧化亚铁硫杆菌\03_BioCyc\C2-1\官方原始下载\GCF_000021485_compounds_right_network_full_20260923_083853.xml
Compound	GCF_000021485	RIBOFLAVIN	riboflavin	vitamin B<sub>2</sub>		375.36	MEDIADB:compounds/250/;SEED:cpd00220;METANETX:MNXM270;REFMET:Riboflavin;BIGG:ribflv;PUBCHEM:45480541;HMDB:HMDB00244;CHEBI:57986;CHEMSPIDER:108964;LIGAND-CPD:C00255;CAS:83-88-5	D:\嗜酸氧化亚铁硫杆菌\03_BioCyc\C2-1\官方原始下载\GCF_000021485_compounds_left_network_full_20260923_083853.xml
Compound	GCF_000021485	CPD2B4Q-11	UDP-2-acetamido-2,3-dideoxy-3-{[(3R)-3-hydroxyhexadecanoyl]amino}-&alpha;-D-glucopyranose			858.769		D:\嗜酸氧化亚铁硫杆菌\03_BioCyc\C2-1\官方原始下载\GCF_000021485_compounds_left_network_full_20260923_083853.xml
Compound	GCF_000021485	GUANOSINE-5DP-3DP	ppGpp	guanosine tetraphosphate;guanosine 5'-diphosphate,3'-diphosphate;guanosine 3',5'-bispyrophosphate;guanosine 3',5'-bis(diphosphate);guanosine 3'-diphosphate 5'-diphosphate;magic spot;guanosine-5',3'-tetraphosphate		597.115	CHEBI:58215;PUBCHEM:135823789;SEED:cpd00905;METANETX:MNXM1189;BIGG:ppgpp;HMDB:HMDB59638;DRUGBANK:DB04022;CHEMSPIDER:13082026;LIGAND-CPD:C01228	D:\嗜酸氧化亚铁硫杆菌\03_BioCyc\C2-1\官方原始下载\GCF_000021485_compounds_left_network_full_20260923_083853.xml
Compound	GCF_000021485	IS30-Insertion-Sequences	an insertion sequence element IS30				SEED:cpd27297;METANETX:MNXM18738	D:\嗜酸氧化亚铁硫杆菌\03_BioCyc\C2-1\官方原始下载\GCF_000021485_compounds_left_network_full_20260923_083853.xml
Compound	GCF_000021485	THF	5,6,7,8-tetrahydrofolate	H4PteGlu;5,6,7,8-tetrahydrofolic acid;tetrahydrofolic acid;(6S)-tetrahydrofolate;H<sub>4</sub>PteGlu<sub>1</sub>;tetrahydrofolate;tetrahydrafolate;tetrahydropteroyl mono-L-glutamate;THF;tetra-H-folate;th-folate;FH4;folate-H4;tetrahydropteroylglutamate;H4F;vitamin B9		443.418	SEED:cpd29254;METANETX:MNXM79;PUBCHEM:135398649;BIGG:thf;METABOLIGHTS:MTBLC57453;HMDB:HMDB01846;CHEBI:57453;CAS:135-16-0;LIGAND-CPD:C00101;CAS:29347-89-5	D:\嗜酸氧化亚铁硫杆菌\03_BioCyc\C2-1\官方原始下载\GCF_000021485_compounds_right_network_full_20260923_083853.xml
Compound	GCF_000021485	KDO-8P	3-deoxy-D-<i>manno</i>-octulosonate 8-phosphate	3-deoxy-D-<i>manno</i>-octulosonate 8-P;2-dehydro-3-deoxy-D-octonate 8-P;2-dehydro-3-deoxy-D-octonate 8-phosphate;Kdo-8P		315.15	SEED:cpd02730;METANETX:MNXM722774;CHEBI:85985;PUBCHEM:91825728;BIGG:kdo8p;LIGAND-CPD:C04478	D:\嗜酸氧化亚铁硫杆菌\03_BioCyc\C2-1\官方原始下载\GCF_000021485_compounds_left_network_full_20260923_083853.xml
Compound	GCF_000021485	CPD-21374	<i>bis</i>(guanylyl tungstenpterin) cofactor	W-<i>bis</i>PGD;W-<i>bis</i>(pyranopterin guanosine dinucleotide)		1672.89	PUBCHEM:137304914	D:\嗜酸氧化亚铁硫杆菌\03_BioCyc\C2-1\官方原始下载\GCF_000021485_compounds_right_network_full_20260923_083853.xml
Compound	GCF_000021485	TOPAQUINONE	topaquinone	6-hydroxydopa quinone			CHEBI:79027;HMDB:HMDB11639;METANETX:MNXM87458;PUBCHEM:46173435	D:\嗜酸氧化亚铁硫杆菌\03_BioCyc\C2-1\官方原始下载\GCF_000021485_compounds_right_network_full_20260923_083853.xml
Compound	GCF_000021485	tRNA-Containing-5AminoMe-2-ThioUrdines	a 5-(aminomethyl)-2-thiouridine<sup>34</sup> in tRNA	a tRNA containing 5-(aminomethyl)-2-thiouridine<sup>34</sup>			SEED:cpd13372;CHEBI:10656;METANETX:MNXM7845;LIGAND-CPD:C11478	D:\嗜酸氧化亚铁硫杆菌\03_BioCyc\C2-1\官方原始下载\GCF_000021485_compounds_left_network_full_20260923_083853.xml
Compound	GCF_000021485	CPD-22852	1,2-dihydroxypropane-1,2,3-tricarboxylate			205.101	PUBCHEM:22052966	D:\嗜酸氧化亚铁硫杆菌\03_BioCyc\C2-1\官方原始下载\GCF_000021485_compounds_right_network_full_20260923_083853.xml
Compound	GCF_000021485	Hypoxanthine-In-tRNAs-34s	a hypoxanthine <sup>34</sup> in tRNAs				METANETX:MNXM114624	D:\嗜酸氧化亚铁硫杆菌\03_BioCyc\C2-1\官方原始下载\GCF_000021485_compounds_right_network_full_20260923_083853.xml
Compound	GCF_000021485	2-Thiocytosine-32-In-tRNAs	a 2-thiocytosine<sup>32</sup> in tRNA					D:\嗜酸氧化亚铁硫杆菌\03_BioCyc\C2-1\官方原始下载\GCF_000021485_compounds_right_network_full_20260923_083853.xml
Compound	GCF_000021485	Starch	starch				MEDIADB:compounds/352/;CHEBI:28017;LIGAND-CPD:C00369	D:\嗜酸氧化亚铁硫杆菌\03_BioCyc\C2-1\官方原始下载\GCF_000021485_compounds_right_network_full_20260923_083853.xml
Compound	GCF_000021485	ANTHRANILATE	anthranilate	anthranilic acid;2-aminobenzoic acid;vitamin L1;<i>o</i>-aminobenzoic acid;2-aminobenzoate;<i>o</i>-aminobenzoate		136.13	SEED:cpd00093;METANETX:MNXM188;REFMET:2-Aminobenzoic acid;BIGG:anth;METABOLIGHTS:MTBLC16567;HMDB:HMDB01123;CHEMSPIDER:4573598;PUBCHEM:5459842;CHEBI:16567;LIGAND-CPD:C00108;CAS:118-92-3	D:\嗜酸氧化亚铁硫杆菌\03_BioCyc\C2-1\官方原始下载\GCF_000021485_compounds_right_network_full_20260923_083853.xml
Compound	GCF_000021485	ADENOSINE_DIPHOSPHATE_RIBOSE	ADP-D-ribose	adenosine diphosphate D-ribose;adenosine 5'-(5-deoxy-D-ribofuranos-5-yl diphosphate)		557.303	METANETX:MNXM48596;REFMET:ADP-ribose;BIGG:adprib;METABOLIGHTS:MTBLC57967;HMDB:HMDB01178;CHEBI:57967;PUBCHEM:49791958;LIGAND-CPD:C00301;CAS:20762-30-5	D:\嗜酸氧化亚铁硫杆菌\03_BioCyc\C2-1\官方原始下载\GCF_000021485_compounds_right_network_full_20260923_083853.xml
Compound	GCF_000021485	CANAVANINOSUCCINATE	canavaninosuccinate			291.24	SEED:cpd22505;CHEBI:89639;METANETX:MNXM10869;PUBCHEM:91820246;HMDB:HMDB12197	D:\嗜酸氧化亚铁硫杆菌\03_BioCyc\C2-1\官方原始下载\GCF_000021485_compounds_left_network_full_20260923_083853.xml
Compound	GCF_000021485	CPD2B4Q-16	lipid IV<sub>A</sub> (<i>Brucella</i>)			1399.721		D:\嗜酸氧化亚铁硫杆菌\03_BioCyc\C2-1\官方原始下载\GCF_000021485_compounds_left_network_full_20260923_083853.xml
Compound	GCF_000021485	N-terminal-L-valine	an N-terminal L-valyl-[protein]	a [protein] N-terminal L-valine			METANETX:MNXM164553	D:\嗜酸氧化亚铁硫杆菌\03_BioCyc\C2-1\官方原始下载\GCF_000021485_compounds_right_network_full_20260923_083853.xml
Compound	GCF_000021485	CPD-8625	a [protein]-L-proline (&omega; = 0)	a peptidylproline (&omega; = 0)			SEED:cpd12358;METANETX:MNXM93793;CHEBI:17392;LIGAND-CPD:C03633	D:\嗜酸氧化亚铁硫杆菌\03_BioCyc\C2-1\官方原始下载\GCF_000021485_compounds_right_network_full_20260923_083853.xml
Compound	GCF_000021485	Loaded-MCD-Chaperones	a [cytidylyl molybdenum cofactor chaperone]-cytidylyl MoO<sub>2</sub>(OH)-molybdopterin cofactor					D:\嗜酸氧化亚铁硫杆菌\03_BioCyc\C2-1\官方原始下载\GCF_000021485_compounds_left_network_full_20260923_083853.xml
Compound	GCF_000021485	CPD-548	<i>S</i>-formylglutathione			334.323	SEED:cpd00759;METANETX:MNXM952;CHEBI:57688;BIGG:Sfglutth;METABOLIGHTS:MTBLC57688;HMDB:HMDB01550;PUBCHEM:25246250;LIGAND-CPD:C01031	D:\嗜酸氧化亚铁硫杆菌\03_BioCyc\C2-1\官方原始下载\GCF_000021485_compounds_left_network_full_20260923_083853.xml
Compound	GCF_000021485	L-PANTOATE	(R)-pantoate	pantoate;L-pantoate		147.15	SEED:cpd00408;METANETX:MNXM593;REFMET:(R)-pantoic acid;BIGG:pant__R;DRUGBANK:DB01930;CHEMSPIDER:4451134;PUBCHEM:5289105;CHEBI:15980;CAS:470-29-1;LIGAND-CPD:C00522	D:\嗜酸氧化亚铁硫杆菌\03_BioCyc\C2-1\官方原始下载\GCF_000021485_compounds_left_network_full_20260923_083853.xml
Compound	GCF_000021485	D-ALA-D-ALA	D-alanyl-D-alanine			160.172	SEED:cpd00731;METANETX:MNXM669;BIGG:alaala;HMDB:HMDB03459;CHEBI:57822;PUBCHEM:6992112;LIGAND-CPD:C00993;CAS:923-16-0	D:\嗜酸氧化亚铁硫杆菌\03_BioCyc\C2-1\官方原始下载\GCF_000021485_compounds_left_network_full_20260923_083853.xml
Compound	GCF_000021485	CPD-7100	(2<i>S</i>)-2-isopropyl-3-oxosuccinate	2-isopropyl-3-oxosuccinate		172.137	SEED:cpd02605;METANETX:MNXM1602;REFMET:2-Isopropyl-3-oxosuccinate;BIGG:3c4mop;PUBCHEM:6419705;HMDB:HMDB12149;CHEBI:17214;LIGAND-CPD:C04236	D:\嗜酸氧化亚铁硫杆菌\03_BioCyc\C2-1\官方原始下载\GCF_000021485_compounds_left_network_full_20260923_083853.xml
