类别	PGDB	对象ID	名称	反应	子通路	基因	证据代码	文献	来源
Pathway	GCF_000021485	PWY4FS-8	phosphatidylglycerol biosynthesis II (non-plastidic)	PGPPHOSPHA-RXN;PHOSPHAGLYPSYN-RXN;CDPDIGLYSYN-RXN	PWY-5667		EV-COMP-AINF;EV-COMP		D:\嗜酸氧化亚铁硫杆菌\03_BioCyc\C2-1\官方原始下载\GCF_000021485_pathways_full_20260923_083536.xml
Pathway	GCF_000021485	PWY0-1568	NADH to cytochrome <i>bd</i> oxidase electron transfer II	RXN0-5266;RXN0-5330			EV-COMP-AINF		D:\嗜酸氧化亚铁硫杆菌\03_BioCyc\C2-1\官方原始下载\GCF_000021485_pathways_full_20260923_083536.xml
Pathway	GCF_000021485	DAPLYSINESYN-PWY	L-lysine biosynthesis I	RXN-14014;ASPARTATEKIN-RXN;ASPARTATE-SEMIALDEHYDE-DEHYDROGENASE-RXN;DIHYDRODIPICSYN-RXN;TETHYDPICSUCC-RXN;SUCCINYLDIAMINOPIMTRANS-RXN;SUCCDIAMINOPIMDESUCC-RXN;DIAMINOPIMDECARB-RXN;DIAMINOPIMEPIM-RXN			EV-COMP-AINF		D:\嗜酸氧化亚铁硫杆菌\03_BioCyc\C2-1\官方原始下载\GCF_000021485_pathways_full_20260923_083536.xml
Pathway	GCF_000021485	PWY-5659	GDP-mannose biosynthesis	PGLUCISOM-RXN;2.7.7.13-RXN;PHOSMANMUT-RXN;MANNPISOM-RXN			EV-COMP-AINF		D:\嗜酸氧化亚铁硫杆菌\03_BioCyc\C2-1\官方原始下载\GCF_000021485_pathways_full_20260923_083536.xml
Pathway	GCF_000021485	PWY-5285	sulfide oxidation III (to sulfite)	R17-RXN;RXN-20884;RXN-16574;FESGSHTHIO-RXN			EV-COMP-AINF		D:\嗜酸氧化亚铁硫杆菌\03_BioCyc\C2-1\官方原始下载\GCF_000021485_pathways_full_20260923_083536.xml
Pathway	GCF_000021485	PWY-7892	tRNA-uridine 2-thiolation and selenation (bacteria)	RXN-20757;RXN-20756;RXN-20755;RXN-18710;RXN-18709;RXN-18708;RXN-18707;RXN0-308;RXN0-2023;RXN0-5144;RXN0-7081			EV-COMP-AINF		D:\嗜酸氧化亚铁硫杆菌\03_BioCyc\C2-1\官方原始下载\GCF_000021485_pathways_full_20260923_083536.xml
Pathway	GCF_000021485	PWY-7344	UDP-&alpha;-D-galactose biosynthesis	UDPGLUCEPIM-RXN			EV-COMP-AINF		D:\嗜酸氧化亚铁硫杆菌\03_BioCyc\C2-1\官方原始下载\GCF_000021485_pathways_full_20260923_083536.xml
Pathway	GCF_000021485	PWY0-1296	purine ribonucleosides degradation	PPENTOMUT-RXN;RXN0-5199;INOPHOSPHOR-RXN;ADENODEAMIN-RXN;ADENPHOSPHOR-RXN;XANTHOSINEPHOSPHORY-RXN			EV-COMP-AINF		D:\嗜酸氧化亚铁硫杆菌\03_BioCyc\C2-1\官方原始下载\GCF_000021485_pathways_full_20260923_083536.xml
Pathway	GCF_000021485	GLUTAMINEFUM-PWY	L-glutamine degradation II	GLUTAMATESYN-RXN			EV-COMP-AINF		D:\嗜酸氧化亚铁硫杆菌\03_BioCyc\C2-1\官方原始下载\GCF_000021485_pathways_full_20260923_083536.xml
Pathway	GCF_000021485	PWY-6628	superpathway of L-phenylalanine biosynthesis	CHORISMATEMUT-RXN;CHORISMATE-SYNTHASE-RXN	PHESYN;ARO-PWY		EV-COMP-AINF		D:\嗜酸氧化亚铁硫杆菌\03_BioCyc\C2-1\官方原始下载\GCF_000021485_pathways_full_20260923_083536.xml
Pathway	GCF_000021485	PWY-8073	lipid IV<sub>A</sub> biosynthesis (<i>P. putida</i>)	RXN-20789;RXN-20788;RXN-20787;RXN-20786;RXN-20785;RXN-20784			EV-COMP-AINF		D:\嗜酸氧化亚铁硫杆菌\03_BioCyc\C2-1\官方原始下载\GCF_000021485_pathways_full_20260923_083536.xml
Pathway	GCF_000021485	PWY0-1241	ADP-L-<i>glycero</i>-&beta;-D-<i>manno</i>-heptose biosynthesis	RXN0-4301;5.1.3.20-RXN;RXN0-4361;RXN0-4342;RXN0-4341			EV-COMP-AINF		D:\嗜酸氧化亚铁硫杆菌\03_BioCyc\C2-1\官方原始下载\GCF_000021485_pathways_full_20260923_083536.xml
Pathway	GCF_000021485	P641-PWY	phenylmercury acetate degradation	MERCURY-II-REDUCTASE-RXN;R581-RXN			EV-COMP-AINF		D:\嗜酸氧化亚铁硫杆菌\03_BioCyc\C2-1\官方原始下载\GCF_000021485_pathways_full_20260923_083536.xml
Pathway	GCF_000021485	PPGPPMET-PWY	ppGpp metabolism	GDPKIN-RXN;RXN0-6427;GDPPYPHOSKIN-RXN;GTPPYPHOSKIN-RXN;PPGPPSYN-RXN;PPPGPPHYDRO-RXN			EV-COMP-AINF		D:\嗜酸氧化亚铁硫杆菌\03_BioCyc\C2-1\官方原始下载\GCF_000021485_pathways_full_20260923_083536.xml
Pathway	GCF_000021485	PWY-6700	queuosine biosynthesis I (<i>de novo</i>)	RXN-12104;RXN0-1342;RXN0-1321;RXN0-4022			EV-COMP-AINF		D:\嗜酸氧化亚铁硫杆菌\03_BioCyc\C2-1\官方原始下载\GCF_000021485_pathways_full_20260923_083536.xml
Pathway	GCF_000021485	PWY-6535	4-aminobutanoate degradation I	SUCCINATE-SEMIALDEHYDE-DEHYDROGENASE-RXN;GABATRANSAM-RXN			EV-COMP-AINF		D:\嗜酸氧化亚铁硫杆菌\03_BioCyc\C2-1\官方原始下载\GCF_000021485_pathways_full_20260923_083536.xml
Pathway	GCF_000021485	PWY-5669	phosphatidylserine and phosphatidylethanolamine biosynthesis I	PHOSPHASERDECARB-RXN;PHOSPHASERSYN-RXN			EV-COMP-AINF		D:\嗜酸氧化亚铁硫杆菌\03_BioCyc\C2-1\官方原始下载\GCF_000021485_pathways_full_20260923_083536.xml
Pathway	GCF_000021485	PWY-8159	dipyrromethane cofactor biosynthesis	RXN-21525;RXN-21524;RXN-21523;RXN-21522			EV-COMP-AINF		D:\嗜酸氧化亚铁硫杆菌\03_BioCyc\C2-1\官方原始下载\GCF_000021485_pathways_full_20260923_083536.xml
Pathway	GCF_000021485	RIBOSYN2-PWY	flavin biosynthesis I (bacteria and plants)	GTP-CYCLOHYDRO-II-RXN;RIBOFLAVINSYNDEAM-RXN;RIBOFLAVINSYNREDUC-RXN;DIOHBUTANONEPSYN-RXN;RIBOPHOSPHAT-RXN;LUMAZINESYN-RXN;RIBOFLAVIN-SYN-RXN;FADSYN-RXN;RIBOFLAVINKIN-RXN			EV-COMP-AINF		D:\嗜酸氧化亚铁硫杆菌\03_BioCyc\C2-1\官方原始下载\GCF_000021485_pathways_full_20260923_083536.xml
Pathway	GCF_000021485	PWY-8171	molybdenum cofactor biosynthesis	ABC-19-RXN;RXN-8348;RXN-8344			EV-COMP-AINF		D:\嗜酸氧化亚铁硫杆菌\03_BioCyc\C2-1\官方原始下载\GCF_000021485_pathways_full_20260923_083536.xml
Pathway	GCF_000021485	PWY0-162	superpathway of pyrimidine ribonucleotides <i>de novo</i> biosynthesis	RXN-12002;OROTPDECARB-RXN	PWY-7176;PWY-5686		EV-COMP-AINF		D:\嗜酸氧化亚铁硫杆菌\03_BioCyc\C2-1\官方原始下载\GCF_000021485_pathways_full_20260923_083536.xml
Pathway	GCF_000021485	PWY-8284	Kdo transfer to lipid IV<sub>A</sub> (generic)	RXN-22487;RXN-22486			EV-COMP-AINF		D:\嗜酸氧化亚铁硫杆菌\03_BioCyc\C2-1\官方原始下载\GCF_000021485_pathways_full_20260923_083536.xml
Pathway	GCF_000021485	PYRIDNUCSYN-PWY	NAD <i>de novo</i> biosynthesis I (from aspartate)	L-ASPARTATE-OXID-RXN;QUINOLINATE-SYNTHA-RXN;QUINOPRIBOTRANS-RXN;NAD-SYNTH-NH3-RXN;NAD-SYNTH-GLN-RXN;NICONUCADENYLYLTRAN-RXN			EV-COMP-AINF		D:\嗜酸氧化亚铁硫杆菌\03_BioCyc\C2-1\官方原始下载\GCF_000021485_pathways_full_20260923_083536.xml
Pathway	GCF_000021485	ARO-PWY	chorismate biosynthesis I	3-DEHYDROQUINATE-DEHYDRATASE-RXN;3-DEHYDROQUINATE-SYNTHASE-RXN	PWY-6163;PWY-6164		EV-COMP-AINF		D:\嗜酸氧化亚铁硫杆菌\03_BioCyc\C2-1\官方原始下载\GCF_000021485_pathways_full_20260923_083536.xml
Pathway	GCF_000021485	PWY0-1319	CDP-diacylglycerol biosynthesis II	RXN-10462;1-ACYLGLYCEROL-3-P-ACYLTRANSFER-RXN;GLYC3PDEHYDROGBIOSYN-RXN;CDPDIGLYSYN-RXN			EV-COMP-AINF		D:\嗜酸氧化亚铁硫杆菌\03_BioCyc\C2-1\官方原始下载\GCF_000021485_pathways_full_20260923_083536.xml
Pathway	GCF_000021485	PWY-7710	FeMo cofactor biosynthesis	RXN-17060;RXN-17059;HOMOCITRATE-SYNTHASE-RXN;RXN-17027;RXN-17026;RXN-17025			EV-COMP-AINF		D:\嗜酸氧化亚铁硫杆菌\03_BioCyc\C2-1\官方原始下载\GCF_000021485_pathways_full_20260923_083536.xml
Pathway	GCF_000021485	PWY-8138	polyphosphate metabolism	POLYPHOSPHATE-KINASE-RXN;EXOPOLYPHOSPHATASE-RXN			EV-COMP-AINF		D:\嗜酸氧化亚铁硫杆菌\03_BioCyc\C2-1\官方原始下载\GCF_000021485_pathways_full_20260923_083536.xml
Pathway	GCF_000021485	PWY-7805	(aminomethyl)phosphonate degradation	INORGPYROPHOSPHAT-RXN;ADENPRIBOSYLTRAN-RXN;RXN0-1401;RXN0-6710;RXN-17956;RXN-17955;RXN-17954;RXN0-7014			EV-COMP-AINF		D:\嗜酸氧化亚铁硫杆菌\03_BioCyc\C2-1\官方原始下载\GCF_000021485_pathways_full_20260923_083536.xml
Pathway	GCF_000021485	PWY0-1334	NADH to cytochrome <i>bd</i> oxidase electron transfer I	RXN0-5266;NADH-DEHYDROG-A-RXN			EV-COMP-AINF		D:\嗜酸氧化亚铁硫杆菌\03_BioCyc\C2-1\官方原始下载\GCF_000021485_pathways_full_20260923_083536.xml
Pathway	GCF_000021485	GLUTAMINDEG-PWY	L-glutamine degradation I	GLUTAMIN-RXN			EV-COMP-AINF		D:\嗜酸氧化亚铁硫杆菌\03_BioCyc\C2-1\官方原始下载\GCF_000021485_pathways_full_20260923_083536.xml
Pathway	GCF_000021485	PWY-6620	guanine and guanosine salvage I	RXN0-5199;GUANPRIBOSYLTRAN-RXN			EV-COMP-AINF		D:\嗜酸氧化亚铁硫杆菌\03_BioCyc\C2-1\官方原始下载\GCF_000021485_pathways_full_20260923_083536.xml
Pathway	GCF_000021485	PWY-6703	preQ<sub>0</sub> biosynthesis	RXN-12093;RXN0-6575;RXN0-5507;GTP-CYCLOHYDRO-I-RXN			EV-COMP-AINF		D:\嗜酸氧化亚铁硫杆菌\03_BioCyc\C2-1\官方原始下载\GCF_000021485_pathways_full_20260923_083536.xml
Pathway	GCF_000021485	PWY-5667	CDP-diacylglycerol biosynthesis I	GLYC3PDEHYDROGBIOSYN-RXN;RXN-1381;RXN-1623;CDPDIGLYSYN-RXN			EV-COMP-AINF		D:\嗜酸氧化亚铁硫杆菌\03_BioCyc\C2-1\官方原始下载\GCF_000021485_pathways_full_20260923_083536.xml
Pathway	GCF_000021485	PWY0-501	lipoate biosynthesis and incorporation I	RXN0-947;RXN0-949			EV-COMP-AINF		D:\嗜酸氧化亚铁硫杆菌\03_BioCyc\C2-1\官方原始下载\GCF_000021485_pathways_full_20260923_083536.xml
Pathway	GCF_000021485	PWY-6387	UDP-<i>N</i>-acetylmuramoyl-pentapeptide biosynthesis I (<i>meso</i>-diaminopimelate containing)	DALADALALIG-RXN;UDP-NACMURALGLDAPLIG-RXN;GLUTRACE-RXN;UDP-NACMURALA-GLU-LIG-RXN;UDP-NACMUR-ALA-LIG-RXN;UDP-NACMURALGLDAPAALIG-RXN;UDPNACETYLMURAMATEDEHYDROG-RXN;UDPNACETYLGLUCOSAMENOLPYRTRANS-RXN			EV-COMP-AINF		D:\嗜酸氧化亚铁硫杆菌\03_BioCyc\C2-1\官方原始下载\GCF_000021485_pathways_full_20260923_083536.xml
Pathway	GCF_000021485	PWY-6123	inosine-5'-phosphate biosynthesis I	RXN0-742;RXN0-743;IMPCYCLOHYDROLASE-RXN;AICARTRANSFORM-RXN;AICARSYN-RXN;SAICARSYN-RXN			EV-COMP-AINF		D:\嗜酸氧化亚铁硫杆菌\03_BioCyc\C2-1\官方原始下载\GCF_000021485_pathways_full_20260923_083536.xml
Pathway	GCF_000021485	PWY-5143	long-chain fatty acid activation	RXN-7904			EV-COMP-AINF		D:\嗜酸氧化亚铁硫杆菌\03_BioCyc\C2-1\官方原始下载\GCF_000021485_pathways_full_20260923_083536.xml
Pathway	GCF_000021485	PWY-6890	4-amino-2-methyl-5-diphosphomethylpyrimidine biosynthesis I	PYRIMSYN1-RXN;PYRIMSYN3-RXN			EV-COMP-AINF		D:\嗜酸氧化亚铁硫杆菌\03_BioCyc\C2-1\官方原始下载\GCF_000021485_pathways_full_20260923_083536.xml
Pathway	GCF_000021485	PWY0-1507	biotin biosynthesis from 8-amino-7-oxononanoate I	RXN-17473;RXN-17472;DAPASYN-RXN;DETHIOBIOTIN-SYN-RXN			EV-COMP-AINF		D:\嗜酸氧化亚铁硫杆菌\03_BioCyc\C2-1\官方原始下载\GCF_000021485_pathways_full_20260923_083536.xml
Pathway	GCF_000021485	NONMEVIPP-PWY	methylerythritol phosphate pathway I	RXN-15878;IPPISOM-RXN;2.7.7.60-RXN;2.7.1.148-RXN;ISPH2-RXN;RXN0-884;RXN0-302;DXPREDISOM-RXN;DXS-RXN			EV-COMP-AINF		D:\嗜酸氧化亚铁硫杆菌\03_BioCyc\C2-1\官方原始下载\GCF_000021485_pathways_full_20260923_083536.xml
Pathway	GCF_000021485	PWY490-4	L-asparagine biosynthesis III (tRNA-dependent)	RXN-20081;RXN-20080;GLUTAMIN-RXN;RXN490-3616			EV-COMP-AINF		D:\嗜酸氧化亚铁硫杆菌\03_BioCyc\C2-1\官方原始下载\GCF_000021485_pathways_full_20260923_083536.xml
Pathway	GCF_000021485	OXIDATIVEPENT-PWY	pentose phosphate pathway (oxidative branch) I	GLU6PDEHYDROG-RXN;RXN-9952;6PGLUCONOLACT-RXN			EV-COMP-AINF		D:\嗜酸氧化亚铁硫杆菌\03_BioCyc\C2-1\官方原始下载\GCF_000021485_pathways_full_20260923_083536.xml
Pathway	GCF_000021485	P283-PWY	hydrogen oxidation I (aerobic)	RXN0-4141			EV-COMP-AINF		D:\嗜酸氧化亚铁硫杆菌\03_BioCyc\C2-1\官方原始下载\GCF_000021485_pathways_full_20260923_083536.xml
Pathway	GCF_000021485	SER-GLYSYN-PWY	superpathway of L-serine and glycine biosynthesis I	GLYOHMETRANS-RXN;RXN0-5114	SERSYN-PWY;GLYSYN-PWY		EV-COMP-AINF		D:\嗜酸氧化亚铁硫杆菌\03_BioCyc\C2-1\官方原始下载\GCF_000021485_pathways_full_20260923_083536.xml
Pathway	GCF_000021485	PWY-7801	N-end rule pathway I (prokaryotic)	LEUCYLTRANSFERASE-RXN;RXN-17846			EV-COMP-AINF		D:\嗜酸氧化亚铁硫杆菌\03_BioCyc\C2-1\官方原始下载\GCF_000021485_pathways_full_20260923_083536.xml
Pathway	GCF_000021485	PWY0-1264	biotin-carboxyl carrier protein assembly	RXN0-5055;BIOTIN-CARBOXYL-RXN;RXN-7101;BIOTINLIG-RXN			EV-COMP-AINF		D:\嗜酸氧化亚铁硫杆菌\03_BioCyc\C2-1\官方原始下载\GCF_000021485_pathways_full_20260923_083536.xml
Pathway	GCF_000021485	1CMET2-PWY	folate transformations III (<i>E. coli</i>)	THYMIDYLATESYN-RXN;GLYOHMETRANS-RXN;METHYLENETHFDEHYDROG-NADP-RXN;METHENYLTHFCYCLOHYDRO-RXN;GCVMULTI-RXN;HOMOCYSMETB12-RXN;RXN-22438;5-FORMYL-THF-CYCLO-LIGASE-RXN;DIHYDROFOLATEREDUCT-RXN			EV-COMP-AINF		D:\嗜酸氧化亚铁硫杆菌\03_BioCyc\C2-1\官方原始下载\GCF_000021485_pathways_full_20260923_083536.xml
Pathway	GCF_000021485	GLYCLEAV-PWY	glycine cleavage	RXN-8629;GCVT-RXN;GCVP-RXN			EV-COMP-AINF		D:\嗜酸氧化亚铁硫杆菌\03_BioCyc\C2-1\官方原始下载\GCF_000021485_pathways_full_20260923_083536.xml
Pathway	GCF_000021485	PWY-5913	partial TCA cycle (obligate autotrophs)	RXN-14971;MALATE-DEHYDROGENASE-ACCEPTOR-RXN;ISOCITDEH-RXN;PEPCARBOX-RXN;ACONITATEDEHYDR-RXN;CITSYN-RXN;ACONITATEHYDR-RXN;FUMHYDR-RXN			EV-COMP-AINF		D:\嗜酸氧化亚铁硫杆菌\03_BioCyc\C2-1\官方原始下载\GCF_000021485_pathways_full_20260923_083536.xml
Pathway	GCF_000021485	PWY-6895	superpathway of thiamine diphosphate biosynthesis II	RXN-12610;RXN-12609;PYRIMSYN3-RXN	PWY-6891;PWY-6893;PWY-6890		EV-COMP-AINF		D:\嗜酸氧化亚铁硫杆菌\03_BioCyc\C2-1\官方原始下载\GCF_000021485_pathways_full_20260923_083536.xml
Pathway	GCF_000021485	VALSYN-PWY	L-valine biosynthesis	ACETOLACTSYN-RXN;ACETOLACTREDUCTOISOM-RXN;BRANCHED-CHAINAMINOTRANSFERVAL-RXN;DIHYDROXYISOVALDEHYDRAT-RXN			EV-COMP-AINF		D:\嗜酸氧化亚铁硫杆菌\03_BioCyc\C2-1\官方原始下载\GCF_000021485_pathways_full_20260923_083536.xml
Pathway	GCF_000021485	PWY0-1391	<i>S</i>-methyl-5'-thioadenosine degradation IV	METHYLTHIOADENOSINE-NUCLEOSIDASE-RXN			EV-COMP-AINF		D:\嗜酸氧化亚铁硫杆菌\03_BioCyc\C2-1\官方原始下载\GCF_000021485_pathways_full_20260923_083536.xml
Pathway	GCF_000021485	THISYN-PWY	superpathway of thiamine diphosphate biosynthesis I	RXN-12611;THIAZOLSYN2-RXN;PYRIMSYN3-RXN	PWY-6892;PWY-6894;PWY-6890		EV-COMP-AINF		D:\嗜酸氧化亚铁硫杆菌\03_BioCyc\C2-1\官方原始下载\GCF_000021485_pathways_full_20260923_083536.xml
Pathway	GCF_000021485	METHIONINE-DEG1-PWY	L-methionine degradation I (to L-homocysteine)	RXN-7605;ADENOSYLHOMOCYSTEINASE-RXN;S-ADENMETSYN-RXN			EV-COMP-AINF		D:\嗜酸氧化亚铁硫杆菌\03_BioCyc\C2-1\官方原始下载\GCF_000021485_pathways_full_20260923_083536.xml
Pathway	GCF_000021485	PWY-5870	ubiquinol-8 biosynthesis (late decarboxylation)	RXN-9280;RXN-9283;RXN-9277;CHORPYRLY-RXN;4OHBENZOATE-OCTAPRENYLTRANSFER-RXN;2-OCTAPRENYL-6-METHOXYPHENOL-HYDROX-RXN;2-OCTAPRENYL-METHOXY-BENZOQ-METH-RXN;DHHB-METHYLTRANSFER-RXN;OCTAPRENYL-METHYL-METHOXY-BENZOQ-OH-RXN			EV-COMP-AINF		D:\嗜酸氧化亚铁硫杆菌\03_BioCyc\C2-1\官方原始下载\GCF_000021485_pathways_full_20260923_083536.xml
Pathway	GCF_000021485	LEUSYN-PWY	L-leucine biosynthesis	RXN-8991;RXN-7800;2-ISOPROPYLMALATESYN-RXN;3-ISOPROPYLMALISOM-RXN;BRANCHED-CHAINAMINOTRANSFERLEU-RXN;3-ISOPROPYLMALDEHYDROG-RXN			EV-COMP-AINF		D:\嗜酸氧化亚铁硫杆菌\03_BioCyc\C2-1\官方原始下载\GCF_000021485_pathways_full_20260923_083536.xml
Pathway	GCF_000021485	GLUTATHIONESYN-PWY	glutathione biosynthesis	GLUTATHIONE-SYN-RXN;GLUTCYSLIG-RXN			EV-COMP-AINF		D:\嗜酸氧化亚铁硫杆菌\03_BioCyc\C2-1\官方原始下载\GCF_000021485_pathways_full_20260923_083536.xml
Pathway	GCF_000021485	PWY-5695	inosine 5'-phosphate degradation	RXN0-901;XANTHOSINEPHOSPHORY-RXN;XMPXAN-RXN;IMP-DEHYDROG-RXN			EV-COMP-AINF		D:\嗜酸氧化亚铁硫杆菌\03_BioCyc\C2-1\官方原始下载\GCF_000021485_pathways_full_20260923_083536.xml
Pathway	GCF_000021485	PWY-5964	guanylyl molybdenum cofactor biosynthesis	RXN0-262			EV-COMP-AINF		D:\嗜酸氧化亚铁硫杆菌\03_BioCyc\C2-1\官方原始下载\GCF_000021485_pathways_full_20260923_083536.xml
Pathway	GCF_000021485	PWY-6629	superpathway of L-tryptophan biosynthesis	ANTHRANSYN-RXN;CHORISMATE-SYNTHASE-RXN	TRPSYN-PWY;ARO-PWY		EV-COMP-AINF		D:\嗜酸氧化亚铁硫杆菌\03_BioCyc\C2-1\官方原始下载\GCF_000021485_pathways_full_20260923_083536.xml
Pathway	GCF_000021485	PWY-7200	superpathway of pyrimidine deoxyribonucleoside salvage	RXN-7913;DEOXYCYTIDINE-KINASE-RXN;DTMPKI-RXN;THYMIDYLATESYN-RXN;THYKI-RXN	PWY-7199;PWY-7197		EV-COMP-AINF		D:\嗜酸氧化亚铁硫杆菌\03_BioCyc\C2-1\官方原始下载\GCF_000021485_pathways_full_20260923_083536.xml
Pathway	GCF_000021485	PWY-7208	superpathway of pyrimidine nucleobases salvage	RXN-12002;URACIL-PRIBOSYLTRANS-RXN	PWY-7183;PWY-7176		EV-COMP-AINF		D:\嗜酸氧化亚铁硫杆菌\03_BioCyc\C2-1\官方原始下载\GCF_000021485_pathways_full_20260923_083536.xml
Pathway	GCF_000021485	FASYN-ELONG-PWY	fatty acid elongation -- saturated	3-OXOACYL-ACP-SYNTH-RXN;3-OXOACYL-ACP-REDUCT-RXN;ENOYL-ACP-REDUCT-NADH-RXN;ENOYL-ACP-REDUCT-NADPH-RXN;3-HYDROXYDECANOYL-ACP-DEHYDR-RXN			EV-COMP-AINF		D:\嗜酸氧化亚铁硫杆菌\03_BioCyc\C2-1\官方原始下载\GCF_000021485_pathways_full_20260923_083536.xml
Pathway	GCF_000021485	PWY-5332	sulfur reduction I	H2SOXIREDPYRO-RXN			EV-COMP-AINF		D:\嗜酸氧化亚铁硫杆菌\03_BioCyc\C2-1\官方原始下载\GCF_000021485_pathways_full_20260923_083536.xml
Pathway	GCF_000021485	PWY-7219	adenosine ribonucleotides <i>de novo</i> biosynthesis	ADENYL-KIN-RXN;AMPSYN-RXN;ADENYLOSUCCINATE-SYNTHASE-RXN			EV-COMP-AINF		D:\嗜酸氧化亚铁硫杆菌\03_BioCyc\C2-1\官方原始下载\GCF_000021485_pathways_full_20260923_083536.xml
Pathway	GCF_000021485	PWY-6893	thiamine diphosphate biosynthesis II (Bacillus)	RXN-12610;THI-P-KIN-RXN			EV-COMP-AINF		D:\嗜酸氧化亚铁硫杆菌\03_BioCyc\C2-1\官方原始下载\GCF_000021485_pathways_full_20260923_083536.xml
Pathway	GCF_000021485	SERSYN-PWY	L-serine biosynthesis I	RXN0-5114;PGLYCDEHYDROG-RXN;PSERTRANSAM-RXN			EV-COMP-AINF		D:\嗜酸氧化亚铁硫杆菌\03_BioCyc\C2-1\官方原始下载\GCF_000021485_pathways_full_20260923_083536.xml
Pathway	GCF_000021485	PWY-6545	pyrimidine deoxyribonucleotides <i>de novo</i> biosynthesis III	RXN-12195;CDPREDUCT-RXN;DCDPKIN-RXN;UDPREDUCT-RXN;DUDPKIN-RXN;DUTP-PYROP-RXN;DTDPKIN-RXN;DTMPKI-RXN;RXN-8850			EV-COMP-AINF		D:\嗜酸氧化亚铁硫杆菌\03_BioCyc\C2-1\官方原始下载\GCF_000021485_pathways_full_20260923_083536.xml
Pathway	GCF_000021485	PWY-5941	glycogen degradation II	GLUCOKIN-RXN;RXN-19947;PHOSPHOGLUCMUT-RXN;RXN-9024;RXN-9025;GLYCOPHOSPHORYL-RXN			EV-COMP-AINF		D:\嗜酸氧化亚铁硫杆菌\03_BioCyc\C2-1\官方原始下载\GCF_000021485_pathways_full_20260923_083536.xml
Pathway	GCF_000021485	PWY-8279	palmitate biosynthesis III	RXN-9542;RXN-9538;RXN-9534;RXN-9530;RXN-9526;RXN-9521;RXN-9515;RXN-9623;RXN-9655;RXN-9549;4.2.1.61-RXN;RXN-9540;RXN-9539;RXN-9537;RXN-9536;RXN-9535;RXN-9533;RXN-9532;RXN-9531;RXN-9528;RXN-9527;4.2.1.59-RXN;RXN-9524;RXN-9523;4.2.1.58-RXN;RXN-9514;RXN-9516;RXN-9518;RXN-9520			EV-COMP-AINF		D:\嗜酸氧化亚铁硫杆菌\03_BioCyc\C2-1\官方原始下载\GCF_000021485_pathways_full_20260923_083536.xml
Pathway	GCF_000021485	PWY0-1587	N<sup>6</sup>-L-threonylcarbamoyladenosine<sup>37</sup>-modified tRNA biosynthesis	RXN-14569;RXN-14570			EV-COMP-AINF		D:\嗜酸氧化亚铁硫杆菌\03_BioCyc\C2-1\官方原始下载\GCF_000021485_pathways_full_20260923_083536.xml
Pathway	GCF_000021485	HEMESYN2-PWY	heme <i>b</i> biosynthesis II (oxygen-independent)	RXN0-6259;HEMN-RXN;UROGENDECARBOX-RXN;PROTOHEMEFERROCHELAT-RXN			EV-COMP-AINF		D:\嗜酸氧化亚铁硫杆菌\03_BioCyc\C2-1\官方原始下载\GCF_000021485_pathways_full_20260923_083536.xml
Pathway	GCF_000021485	PWY-4381	fatty acid biosynthesis initiation (type II)	RXN0-5055;2.3.1.180-RXN;MALONYL-COA-ACP-TRANSACYL-RXN			EV-COMP-AINF		D:\嗜酸氧化亚铁硫杆菌\03_BioCyc\C2-1\官方原始下载\GCF_000021485_pathways_full_20260923_083536.xml
Pathway	GCF_000021485	PWY-7639	bis(guanylyl molybdenum cofactor) biosynthesis	RXN-16457;RXN-16456			EV-COMP-AINF		D:\嗜酸氧化亚铁硫杆菌\03_BioCyc\C2-1\官方原始下载\GCF_000021485_pathways_full_20260923_083536.xml
Pathway	GCF_000021485	PWY0-1479	tRNA processing	RXN0-6485;RXN0-6481;RXN0-6483;3.1.26.5-RXN;RXN0-6484;RXN0-6482;RXN0-6480;RXN0-4222;RXN0-6479;RXN0-6478			EV-COMP-AINF		D:\嗜酸氧化亚铁硫杆菌\03_BioCyc\C2-1\官方原始下载\GCF_000021485_pathways_full_20260923_083536.xml
Pathway	GCF_000021485	MENAQUINONESYN-PWY	menaquinol-8 biosynthesis	ADOMET-DMK-METHYLTRANSFER-RXN			EV-COMP-AINF		D:\嗜酸氧化亚铁硫杆菌\03_BioCyc\C2-1\官方原始下载\GCF_000021485_pathways_full_20260923_083536.xml
Pathway	GCF_000021485	PWY0-1567	NADH to cytochrome <i>bo</i> oxidase electron transfer II	RXN0-5268;RXN0-5330			EV-COMP-AINF		D:\嗜酸氧化亚铁硫杆菌\03_BioCyc\C2-1\官方原始下载\GCF_000021485_pathways_full_20260923_083536.xml
Pathway	GCF_000021485	SALVPURINE2-PWY	xanthine and xanthosine salvage	XANTHOSINEPHOSPHORY-RXN;XANPRIBOSYLTRAN-RXN			EV-COMP-AINF		D:\嗜酸氧化亚铁硫杆菌\03_BioCyc\C2-1\官方原始下载\GCF_000021485_pathways_full_20260923_083536.xml
Pathway	GCF_000021485	PWY-7250	[2Fe-2S] iron-sulfur cluster biosynthesis	RXN-15881;RXN-14391;RXN-14390;RXN-14389;RXN-14388;RXN-14387;RXN-14386;RXN-14385;RXN-14384;RXN-14381			EV-COMP-AINF		D:\嗜酸氧化亚铁硫杆菌\03_BioCyc\C2-1\官方原始下载\GCF_000021485_pathways_full_20260923_083536.xml
Pathway	GCF_000021485	PWY-1269	CMP-3-deoxy-D-<I>manno</I>-octulosonate biosynthesis	RXN-16804;DARAB5PISOM-RXN;KDO-8PSYNTH-RXN;KDO-8PPHOSPHAT-RXN;CPM-KDOSYNTH-RXN			EV-COMP-AINF		D:\嗜酸氧化亚铁硫杆菌\03_BioCyc\C2-1\官方原始下载\GCF_000021485_pathways_full_20260923_083536.xml
Pathway	GCF_000021485	PWY-5155	&beta;-alanine biosynthesis III	ASPDECARBOX-RXN			EV-COMP-AINF		D:\嗜酸氧化亚铁硫杆菌\03_BioCyc\C2-1\官方原始下载\GCF_000021485_pathways_full_20260923_083536.xml
Pathway	GCF_000021485	PWY0-1313	acetate conversion to acetyl-CoA	ACETATE--COA-LIGASE-RXN			EV-COMP-AINF		D:\嗜酸氧化亚铁硫杆菌\03_BioCyc\C2-1\官方原始下载\GCF_000021485_pathways_full_20260923_083536.xml
Pathway	GCF_000021485	PWY-6147	6-hydroxymethyl-dihydropterin diphosphate biosynthesis I	GTP-CYCLOHYDRO-I-RXN;H2NEOPTERINP3PYROPHOSPHOHYDRO-RXN;DIHYDRONEOPTERIN-MONO-P-DEPHOS-RXN;H2NEOPTERINALDOL-RXN;H2PTERIDINEPYROPHOSPHOKIN-RXN			EV-COMP-AINF		D:\嗜酸氧化亚铁硫杆菌\03_BioCyc\C2-1\官方原始下载\GCF_000021485_pathways_full_20260923_083536.xml
Pathway	GCF_000021485	PWY-8168	<i>bis</i>(guanylyl tungstenpterin) cofactor biosynthesis	RXN-21295			EV-COMP-AINF		D:\嗜酸氧化亚铁硫杆菌\03_BioCyc\C2-1\官方原始下载\GCF_000021485_pathways_full_20260923_083536.xml
Pathway	GCF_000021485	PWY-6910	hydroxymethylpyrimidine salvage	PYRIMSYN3-RXN;OHMETPYRKIN-RXN			EV-COMP-AINF		D:\嗜酸氧化亚铁硫杆菌\03_BioCyc\C2-1\官方原始下载\GCF_000021485_pathways_full_20260923_083536.xml
Pathway	GCF_000021485	PWY-5686	UMP biosynthesis I	DIHYDROOROTATE-DEHYDROGENASE-RXN;OROTPDECARB-RXN;OROPRIBTRANS-RXN;DIHYDROOROT-RXN;ASPCARBTRANS-RXN;CARBPSYN-RXN			EV-COMP-AINF		D:\嗜酸氧化亚铁硫杆菌\03_BioCyc\C2-1\官方原始下载\GCF_000021485_pathways_full_20260923_083536.xml
Pathway	GCF_000021485	PWY-6609	adenine and adenosine salvage III	HYPOXANPRIBOSYLTRAN-RXN;ADENODEAMIN-RXN;ADENPHOSPHOR-RXN;INOPHOSPHOR-RXN			EV-COMP-AINF		D:\嗜酸氧化亚铁硫杆菌\03_BioCyc\C2-1\官方原始下载\GCF_000021485_pathways_full_20260923_083536.xml
Pathway	GCF_000021485	ILEUSYN-PWY	L-isoleucine biosynthesis I (from threonine)	RXN-15121;RXN-15123;RXN-15122;ACETOOHBUTSYN-RXN;ACETOOHBUTREDUCTOISOM-RXN;BRANCHED-CHAINAMINOTRANSFERILEU-RXN;DIHYDROXYMETVALDEHYDRAT-RXN			EV-COMP-AINF		D:\嗜酸氧化亚铁硫杆菌\03_BioCyc\C2-1\官方原始下载\GCF_000021485_pathways_full_20260923_083536.xml
Pathway	GCF_000021485	UDPNAGSYN-PWY	UDP-<i>N</i>-acetyl-D-glucosamine biosynthesis I	PGLUCISOM-RXN;5.4.2.10-RXN;L-GLN-FRUCT-6-P-AMINOTRANS-RXN;2.3.1.157-RXN;NAG1P-URIDYLTRANS-RXN			EV-COMP-AINF		D:\嗜酸氧化亚铁硫杆菌\03_BioCyc\C2-1\官方原始下载\GCF_000021485_pathways_full_20260923_083536.xml
Pathway	GCF_000021485	PWY-5485	pyruvate fermentation to acetate IV	ACETATEKIN-RXN;PHOSACETYLTRANS-RXN;PYRUVFORMLY-RXN	PWY0-1312		EV-COMP-AINF		D:\嗜酸氧化亚铁硫杆菌\03_BioCyc\C2-1\官方原始下载\GCF_000021485_pathways_full_20260923_083536.xml
Pathway	GCF_000021485	DETOX1-PWY	superoxide radicals degradation	CATAL-RXN;SUPEROX-DISMUT-RXN			EV-COMP-AINF		D:\嗜酸氧化亚铁硫杆菌\03_BioCyc\C2-1\官方原始下载\GCF_000021485_pathways_full_20260923_083536.xml
Pathway	GCF_000021485	PWY-5844	menaquinol-9 biosynthesis	RXN-9205			EV-COMP-AINF		D:\嗜酸氧化亚铁硫杆菌\03_BioCyc\C2-1\官方原始下载\GCF_000021485_pathways_full_20260923_083536.xml
Pathway	GCF_000021485	PWY-8072	alanine racemization	ALARACECAT-RXN			EV-COMP-AINF		D:\嗜酸氧化亚铁硫杆菌\03_BioCyc\C2-1\官方原始下载\GCF_000021485_pathways_full_20260923_083536.xml
Pathway	GCF_000021485	PWY-5785	di-<i>trans</i>,poly-<i>cis</i>-undecaprenyl phosphate biosynthesis	UNDECAPRENYL-DIPHOSPHATASE-RXN;RXN-8999			EV-COMP-AINF		D:\嗜酸氧化亚铁硫杆菌\03_BioCyc\C2-1\官方原始下载\GCF_000021485_pathways_full_20260923_083536.xml
Pathway	GCF_000021485	PWY-5437	L-threonine degradation I	RXN-15121;RXN-15123;RXN-15122;PROPKIN-RXN;PTAALT-RXN;KETOBUTFORMLY-RXN			EV-COMP-AINF		D:\嗜酸氧化亚铁硫杆菌\03_BioCyc\C2-1\官方原始下载\GCF_000021485_pathways_full_20260923_083536.xml
Pathway	GCF_000021485	PWY-7199	pyrimidine deoxyribonucleosides salvage	THYMIDYLATESYN-RXN;DEOXYCYTIDINE-KINASE-RXN;THYKI-RXN;DURIDKI-RXN;CYTIDEAM-RXN			EV-COMP-AINF		D:\嗜酸氧化亚铁硫杆菌\03_BioCyc\C2-1\官方原始下载\GCF_000021485_pathways_full_20260923_083536.xml
Pathway	GCF_000021485	COA-PWY	coenzyme A biosynthesis I (prokaryotic)	P-PANTOCYSLIG-RXN;P-PANTOCYSDECARB-RXN;DEPHOSPHOCOAKIN-RXN;PANTEPADENYLYLTRAN-RXN			EV-COMP-AINF		D:\嗜酸氧化亚铁硫杆菌\03_BioCyc\C2-1\官方原始下载\GCF_000021485_pathways_full_20260923_083536.xml
Pathway	GCF_000021485	PWY-8277	NAD <i>de novo</i> biosynthesis IV (anaerobic)	RXN-9772;QUINOLINATE-SYNTHA-RXN;QUINOPRIBOTRANS-RXN;NAD-SYNTH-NH3-RXN;NAD-SYNTH-GLN-RXN;NICONUCADENYLYLTRAN-RXN			EV-COMP-AINF		D:\嗜酸氧化亚铁硫杆菌\03_BioCyc\C2-1\官方原始下载\GCF_000021485_pathways_full_20260923_083536.xml
Pathway	GCF_000021485	PWY-5918	superpathway of heme <i>b</i> biosynthesis from glutamate	UROGENDECARBOX-RXN;UROGENIIISYN-RXN	HEME-BIOSYNTHESIS-II;PWY-5188		EV-COMP-AINF		D:\嗜酸氧化亚铁硫杆菌\03_BioCyc\C2-1\官方原始下载\GCF_000021485_pathways_full_20260923_083536.xml
Pathway	GCF_000021485	HEME-BIOSYNTHESIS-II	heme <i>b</i> biosynthesis I (aerobic)	RXN0-1461;PROTOHEMEFERROCHELAT-RXN;PROTOPORGENOXI-RXN;UROGENDECARBOX-RXN			EV-COMP-AINF		D:\嗜酸氧化亚铁硫杆菌\03_BioCyc\C2-1\官方原始下载\GCF_000021485_pathways_full_20260923_083536.xml
Pathway	GCF_000021485	TRNA-CHARGING-PWY	tRNA charging	RXN-16165;GLYCINE--TRNA-LIGASE-RXN;HISTIDINE--TRNA-LIGASE-RXN;LYSINE--TRNA-LIGASE-RXN;METHIONINE--TRNA-LIGASE-RXN;PHENYLALANINE--TRNA-LIGASE-RXN;PROLINE--TRNA-LIGASE-RXN;SERINE--TRNA-LIGASE-RXN;THREONINE--TRNA-LIGASE-RXN;TRYPTOPHAN--TRNA-LIGASE-RXN;TYROSINE--TRNA-LIGASE-RXN;ASPARTATE--TRNA-LIGASE-RXN;ASPARAGINE--TRNA-LIGASE-RXN;ALANINE--TRNA-LIGASE-RXN;VALINE--TRNA-LIGASE-RXN;LEUCINE--TRNA-LIGASE-RXN;ISOLEUCINE--TRNA-LIGASE-RXN;GLURS-RXN;GLUTAMINE--TRNA-LIGASE-RXN;CYSTEINE--TRNA-LIGASE-RXN;ARGININE--TRNA-LIGASE-RXN			EV-COMP-AINF		D:\嗜酸氧化亚铁硫杆菌\03_BioCyc\C2-1\官方原始下载\GCF_000021485_pathways_full_20260923_083536.xml
Pathway	GCF_000021485	PWY-2301	<i>myo</i>-inositol biosynthesis	MYO-INOSITOL-1OR-4-MONOPHOSPHATASE-RXN;MYO-INOSITOL-1-PHOSPHATE-SYNTHASE-RXN			EV-COMP-AINF		D:\嗜酸氧化亚铁硫杆菌\03_BioCyc\C2-1\官方原始下载\GCF_000021485_pathways_full_20260923_083536.xml
Pathway	GCF_000021485	PEPTIDOGLYCANSYN-PWY	peptidoglycan biosynthesis I (<I>meso</I>-diaminopimelate containing)	TRANS-RXN0-286;PHOSNACMURPENTATRANS-RXN;NACGLCTRANS-RXN;UDP-NACMURALGLDAPAALIG-RXN	PWY-6387		EV-COMP-AINF		D:\嗜酸氧化亚铁硫杆菌\03_BioCyc\C2-1\官方原始下载\GCF_000021485_pathways_full_20260923_083536.xml
Pathway	GCF_000021485	PWY-6121	5-aminoimidazole ribonucleotide biosynthesis I	AIRS-RXN;FGAMSYN-RXN;GART-RXN;GLYRIBONUCSYN-RXN;PRPPAMIDOTRANS-RXN			EV-COMP-AINF		D:\嗜酸氧化亚铁硫杆菌\03_BioCyc\C2-1\官方原始下载\GCF_000021485_pathways_full_20260923_083536.xml
Pathway	GCF_000021485	GLYSYN-PWY	glycine biosynthesis I	GLYOHMETRANS-RXN			EV-COMP-AINF		D:\嗜酸氧化亚铁硫杆菌\03_BioCyc\C2-1\官方原始下载\GCF_000021485_pathways_full_20260923_083536.xml
Pathway	GCF_000021485	PWY-5188	tetrapyrrole biosynthesis I (from glutamate)	GLURS-RXN;GLUTRNAREDUCT-RXN;GSAAMINOTRANS-RXN;PORPHOBILSYNTH-RXN;OHMETHYLBILANESYN-RXN;UROGENIIISYN-RXN			EV-COMP-AINF		D:\嗜酸氧化亚铁硫杆菌\03_BioCyc\C2-1\官方原始下载\GCF_000021485_pathways_full_20260923_083536.xml
Pathway	GCF_000021485	PWY-5344	L-homocysteine biosynthesis	HOMOSERINE-O-ACETYLTRANSFERASE-RXN;ACETYLHOMOSER-CYS-RXN			EV-COMP-AINF		D:\嗜酸氧化亚铁硫杆菌\03_BioCyc\C2-1\官方原始下载\GCF_000021485_pathways_full_20260923_083536.xml
Pathway	GCF_000021485	PWY-8165	cytidylyl molybdenum cofactor sulfurylation	RXN-21561;RXN-21560			EV-COMP-AINF		D:\嗜酸氧化亚铁硫杆菌\03_BioCyc\C2-1\官方原始下载\GCF_000021485_pathways_full_20260923_083536.xml
Pathway	GCF_000021485	NONOXIPENT-PWY	pentose phosphate pathway (non-oxidative branch) I	RIB5PISOM-RXN;RIBULP3EPIM-RXN;1TRANSKETO-RXN;2TRANSKETO-RXN;TRANSALDOL-RXN			EV-COMP-AINF		D:\嗜酸氧化亚铁硫杆菌\03_BioCyc\C2-1\官方原始下载\GCF_000021485_pathways_full_20260923_083536.xml
Pathway	GCF_000021485	PWY-8148	NADP biosynthesis	NAD-KIN-RXN			EV-COMP-AINF		D:\嗜酸氧化亚铁硫杆菌\03_BioCyc\C2-1\官方原始下载\GCF_000021485_pathways_full_20260923_083536.xml
Pathway	GCF_000021485	HISTSYN-PWY	L-histidine biosynthesis	ATPPHOSPHORIBOSYLTRANS-RXN;HISTCYCLOHYD-RXN;HISTPRATPHYD-RXN;PRIBFAICARPISOM-RXN;GLUTAMIDOTRANS-RXN;IMIDPHOSDEHYD-RXN;HISTAMINOTRANS-RXN;HISTIDPHOS-RXN;HISTOLDEHYD-RXN;HISTALDEHYD-RXN			EV-COMP-AINF		D:\嗜酸氧化亚铁硫杆菌\03_BioCyc\C2-1\官方原始下载\GCF_000021485_pathways_full_20260923_083536.xml
Pathway	GCF_000021485	PANTOSYN-PWY	superpathway of coenzyme A biosynthesis I (bacteria)	P-PANTOCYSLIG-RXN;PANTOTHENATE-KIN-RXN;PANTOATE-BETA-ALANINE-LIG-RXN;ASPDECARBOX-RXN	PWY-5155;PANTO-PWY;COA-PWY		EV-COMP-AINF		D:\嗜酸氧化亚铁硫杆菌\03_BioCyc\C2-1\官方原始下载\GCF_000021485_pathways_full_20260923_083536.xml
Pathway	GCF_000021485	SULFUROX-PWY	sulfur oxidation I (aerobic)	RXN-16574;SULFUR-DIOXYGENASE-RXN;FESGSHTHIO-RXN			EV-COMP-AINF		D:\嗜酸氧化亚铁硫杆菌\03_BioCyc\C2-1\官方原始下载\GCF_000021485_pathways_full_20260923_083536.xml
Pathway	GCF_000021485	PWY-6125	superpathway of guanosine nucleotides <i>de novo</i> biosynthesis II	RXN0-748;GUANYL-KIN-RXN;RXN0-746;GDPKIN-RXN;GDPREDUCT-RXN	PWY-7222;PWY-7221		EV-COMP-AINF		D:\嗜酸氧化亚铁硫杆菌\03_BioCyc\C2-1\官方原始下载\GCF_000021485_pathways_full_20260923_083536.xml
Pathway	GCF_000021485	ARGDEG-III-PWY	L-arginine degradation IV (arginine decarboxylase/agmatine deiminase pathway)	N-CARBAMOYLPUTRESCINE-AMIDASE-RXN;AGMATINE-DEIMINASE-RXN;ARGDECARBOX-RXN			EV-COMP-AINF		D:\嗜酸氧化亚铁硫杆菌\03_BioCyc\C2-1\官方原始下载\GCF_000021485_pathways_full_20260923_083536.xml
Pathway	GCF_000021485	CYSTSYN-PWY	L-cysteine biosynthesis I	ACSERLY-RXN;SERINE-O-ACETTRAN-RXN			EV-COMP-AINF		D:\嗜酸氧化亚铁硫杆菌\03_BioCyc\C2-1\官方原始下载\GCF_000021485_pathways_full_20260923_083536.xml
Pathway	GCF_000021485	PWY0-1299	arginine dependent acid resistance	ARGDECARBOX-RXN			EV-COMP-AINF		D:\嗜酸氧化亚铁硫杆菌\03_BioCyc\C2-1\官方原始下载\GCF_000021485_pathways_full_20260923_083536.xml
Pathway	GCF_000021485	PANTO-PWY	phosphopantothenate biosynthesis I	PANTOTHENATE-KIN-RXN;3-CH3-2-OXOBUTANOATE-OH-CH3-XFER-RXN;2-DEHYDROPANTOATE-REDUCT-RXN;PANTOATE-BETA-ALANINE-LIG-RXN			EV-COMP-AINF		D:\嗜酸氧化亚铁硫杆菌\03_BioCyc\C2-1\官方原始下载\GCF_000021485_pathways_full_20260923_083536.xml
Pathway	GCF_000021485	PWY-5839	menaquinol-7 biosynthesis	RXN-9191;RXN-9190			EV-COMP-AINF		D:\嗜酸氧化亚铁硫杆菌\03_BioCyc\C2-1\官方原始下载\GCF_000021485_pathways_full_20260923_083536.xml
Pathway	GCF_000021485	PWY-7663	gondoate biosynthesis (anaerobic)	RXN-16632;RXN-16631;RXN-16630;RXN-16629			EV-COMP-AINF		D:\嗜酸氧化亚铁硫杆菌\03_BioCyc\C2-1\官方原始下载\GCF_000021485_pathways_full_20260923_083536.xml
Pathway	GCF_000021485	PWY-43	putrescine biosynthesis II	N-CARBAMOYLPUTRESCINE-AMIDASE-RXN;AGMATINE-DEIMINASE-RXN;ARGDECARBOX-RXN			EV-COMP-AINF		D:\嗜酸氧化亚铁硫杆菌\03_BioCyc\C2-1\官方原始下载\GCF_000021485_pathways_full_20260923_083536.xml
Pathway	GCF_000021485	HOMOSERSYN-PWY	L-homoserine biosynthesis	HOMOSERDEHYDROG-RXN;ASPARTATE-SEMIALDEHYDE-DEHYDROGENASE-RXN;ASPARTATEKIN-RXN			EV-COMP-AINF		D:\嗜酸氧化亚铁硫杆菌\03_BioCyc\C2-1\官方原始下载\GCF_000021485_pathways_full_20260923_083536.xml
Pathway	GCF_000021485	PWY-7980	ATP biosynthesis	ATPSYN-RXN			EV-COMP-AINF		D:\嗜酸氧化亚铁硫杆菌\03_BioCyc\C2-1\官方原始下载\GCF_000021485_pathways_full_20260923_083536.xml
Pathway	GCF_000021485	PWY-6892	thiazole component of thiamine diphosphate biosynthesis I	RXN0-308;RXN-14382;RXN-11319;RXN-9789;RXN-9788;DXS-RXN;THIAZOLSYN2-RXN			EV-COMP-AINF		D:\嗜酸氧化亚铁硫杆菌\03_BioCyc\C2-1\官方原始下载\GCF_000021485_pathways_full_20260923_083536.xml
Pathway	GCF_000021485	BIOTIN-BIOSYNTHESIS-PWY	biotin biosynthesis I	DAPASYN-RXN;RXN-11484	PWY0-1507;PWY-6519		EV-COMP-AINF		D:\嗜酸氧化亚铁硫杆菌\03_BioCyc\C2-1\官方原始下载\GCF_000021485_pathways_full_20260923_083536.xml
Pathway	GCF_000021485	ASPARAGINE-BIOSYNTHESIS	L-asparagine biosynthesis I	ASNSYNB-RXN			EV-COMP-AINF		D:\嗜酸氧化亚铁硫杆菌\03_BioCyc\C2-1\官方原始下载\GCF_000021485_pathways_full_20260923_083536.xml
Pathway	GCF_000021485	PWY-5921	glutaminyl-tRNA<sup>gln</sup> biosynthesis via transamidation	RXN-20083;RXN-20082;GLUTAMIN-RXN;RXN-9386			EV-COMP-AINF		D:\嗜酸氧化亚铁硫杆菌\03_BioCyc\C2-1\官方原始下载\GCF_000021485_pathways_full_20260923_083536.xml
Pathway	GCF_000021485	PWY-6012-1	acyl carrier protein activation	HOLO-ACP-SYNTH-RXN			EV-COMP-AINF		D:\嗜酸氧化亚铁硫杆菌\03_BioCyc\C2-1\官方原始下载\GCF_000021485_pathways_full_20260923_083536.xml
Pathway	GCF_000021485	ARGSYNBSUB-PWY	L-arginine biosynthesis II (acetyl cycle)	N-ACETYLTRANSFER-RXN;CARBPSYN-RXN;GLUTAMATE-N-ACETYLTRANSFERASE-RXN;ACETYLGLUTKIN-RXN;N-ACETYLGLUTPREDUCT-RXN;ACETYLORNTRANSAM-RXN;ORNCARBAMTRANSFER-RXN;ARGSUCCINLYA-RXN;ARGSUCCINSYN-RXN			EV-COMP-AINF		D:\嗜酸氧化亚铁硫杆菌\03_BioCyc\C2-1\官方原始下载\GCF_000021485_pathways_full_20260923_083536.xml
Pathway	GCF_000021485	PWY0-1312	acetate and ATP formation from acetyl-CoA I	PHOSACETYLTRANS-RXN;ACETATEKIN-RXN			EV-COMP-AINF		D:\嗜酸氧化亚铁硫杆菌\03_BioCyc\C2-1\官方原始下载\GCF_000021485_pathways_full_20260923_083536.xml
Pathway	GCF_000021485	PWY-6163	chorismate biosynthesis from 3-dehydroquinate	3-DEHYDROQUINATE-DEHYDRATASE-RXN;SHIKIMATE-5-DEHYDROGENASE-RXN;SHIKIMATE-KINASE-RXN;2.5.1.19-RXN;CHORISMATE-SYNTHASE-RXN			EV-COMP-AINF		D:\嗜酸氧化亚铁硫杆菌\03_BioCyc\C2-1\官方原始下载\GCF_000021485_pathways_full_20260923_083536.xml
Pathway	GCF_000021485	PWY-7224	purine deoxyribonucleosides salvage	DADPKIN-RXN;DGDPKIN-RXN;DEOXYADENYLATE-KINASE-RXN;GMKALT-RXN;DEOXYADENOSINE-KINASE-RXN;DEOXYGUANOSINE-KINASE-RXN			EV-COMP-AINF		D:\嗜酸氧化亚铁硫杆菌\03_BioCyc\C2-1\官方原始下载\GCF_000021485_pathways_full_20260923_083536.xml
Pathway	GCF_000021485	PWY-4081	glutathione-peroxide redox reactions	GLUTATHIONE-REDUCT-NADPH-RXN;1.11.1.12-RXN;GLUTATHIONE-PEROXIDASE-RXN			EV-COMP-AINF		D:\嗜酸氧化亚铁硫杆菌\03_BioCyc\C2-1\官方原始下载\GCF_000021485_pathways_full_20260923_083536.xml
Pathway	GCF_000021485	N2FIX-PWY	nitrogen fixation I (ferredoxin)	NITROGENASE-RXN			EV-COMP-AINF		D:\嗜酸氧化亚铁硫杆菌\03_BioCyc\C2-1\官方原始下载\GCF_000021485_pathways_full_20260923_083536.xml
Pathway	GCF_000021485	SALVADEHYPOX-PWY	adenosine nucleotides degradation II	AMP-DEPHOSPHORYLATION-RXN;RXN-7682;RXN0-901;ADENODEAMIN-RXN;INOPHOSPHOR-RXN			EV-COMP-AINF		D:\嗜酸氧化亚铁硫杆菌\03_BioCyc\C2-1\官方原始下载\GCF_000021485_pathways_full_20260923_083536.xml
Pathway	GCF_000021485	PWY-7197	pyrimidine deoxyribonucleotide phosphorylation	DCDPKIN-RXN;DTDPKIN-RXN;RXN-7913;DTMPKI-RXN			EV-COMP-AINF		D:\嗜酸氧化亚铁硫杆菌\03_BioCyc\C2-1\官方原始下载\GCF_000021485_pathways_full_20260923_083536.xml
Pathway	GCF_000021485	PWY-6164	3-dehydroquinate biosynthesis I	DAHPSYN-RXN;3-DEHYDROQUINATE-SYNTHASE-RXN			EV-COMP-AINF		D:\嗜酸氧化亚铁硫杆菌\03_BioCyc\C2-1\官方原始下载\GCF_000021485_pathways_full_20260923_083536.xml
Pathway	GCF_000021485	PWY-2661	trehalose biosynthesis V	RXN-4301;3.2.1.141-RXN;5.4.99.15-RXN			EV-COMP-AINF		D:\嗜酸氧化亚铁硫杆菌\03_BioCyc\C2-1\官方原始下载\GCF_000021485_pathways_full_20260923_083536.xml
Pathway	GCF_000021485	GLYCOGENSYNTH-PWY	glycogen biosynthesis I (from ADP-D-Glucose)	PHOSPHOGLUCMUT-RXN;GLUC1PADENYLTRANS-RXN;GLYCOGEN-BRANCH-RXN;GLYCOGENSYN-RXN			EV-COMP-AINF		D:\嗜酸氧化亚铁硫杆菌\03_BioCyc\C2-1\官方原始下载\GCF_000021485_pathways_full_20260923_083536.xml
Pathway	GCF_000021485	PWY-6753	<i>S</i>-methyl-5'-thioadenosine degradation III	RXN-12241;RXN-10035			EV-COMP-AINF		D:\嗜酸氧化亚铁硫杆菌\03_BioCyc\C2-1\官方原始下载\GCF_000021485_pathways_full_20260923_083536.xml
Pathway	GCF_000021485	BSUBPOLYAMSYN-PWY	spermidine biosynthesis I	SAMDECARB-RXN;SPERMIDINESYN-RXN			EV-COMP-AINF		D:\嗜酸氧化亚铁硫杆菌\03_BioCyc\C2-1\官方原始下载\GCF_000021485_pathways_full_20260923_083536.xml
Pathway	GCF_000021485	PWY-6519	8-amino-7-oxononanoate biosynthesis I	RXN-11484;RXN-11474;RXN-11475;RXN-11476;RXN-11477;RXN-11478;RXN-11479;RXN-11480;RXN-11481;RXN-11482;RXN-11483			EV-COMP-AINF		D:\嗜酸氧化亚铁硫杆菌\03_BioCyc\C2-1\官方原始下载\GCF_000021485_pathways_full_20260923_083536.xml
Pathway	GCF_000021485	PYRUVDEHYD-PWY	pyruvate decarboxylation to acetyl CoA I	RXN0-1134;RXN0-1132;RXN0-1133			EV-COMP-AINF		D:\嗜酸氧化亚铁硫杆菌\03_BioCyc\C2-1\官方原始下载\GCF_000021485_pathways_full_20260923_083536.xml
Pathway	GCF_000021485	ALANINE-SYN2-PWY	L-alanine biosynthesis II	ALANINE-AMINOTRANSFERASE-RXN			EV-COMP-AINF		D:\嗜酸氧化亚铁硫杆菌\03_BioCyc\C2-1\官方原始下载\GCF_000021485_pathways_full_20260923_083536.xml
Pathway	GCF_000021485	PWY-6613	tetrahydrofolate salvage from 5,10-methenyltetrahydrofolate	METHENYLTHFCYCLOHYDRO-RXN;GART-RXN			EV-COMP-AINF		D:\嗜酸氧化亚铁硫杆菌\03_BioCyc\C2-1\官方原始下载\GCF_000021485_pathways_full_20260923_083536.xml
Pathway	GCF_000021485	PWY-6897	thiamine diphosphate salvage II	THI-P-KIN-RXN;THI-P-SYN-RXN;THIAZOLSYN3-RXN;PYRIMSYN3-RXN	PWY-6910		EV-COMP-AINF		D:\嗜酸氧化亚铁硫杆菌\03_BioCyc\C2-1\官方原始下载\GCF_000021485_pathways_full_20260923_083536.xml
Pathway	GCF_000021485	PWY-6599	guanine and guanosine salvage II	RXN0-366;GUANPRIBOSYLTRAN-RXN			EV-COMP-AINF		D:\嗜酸氧化亚铁硫杆菌\03_BioCyc\C2-1\官方原始下载\GCF_000021485_pathways_full_20260923_083536.xml
Pathway	GCF_000021485	PWY-7187	pyrimidine deoxyribonucleotides <i>de novo</i> biosynthesis II	THYMIDYLATESYN-RXN;RXN0-723;RXN0-724;DTDPKIN-RXN;DTMPKI-RXN;DUTP-PYROP-RXN;DCTP-DEAM-RXN			EV-COMP-AINF		D:\嗜酸氧化亚铁硫杆菌\03_BioCyc\C2-1\官方原始下载\GCF_000021485_pathways_full_20260923_083536.xml
Pathway	GCF_000021485	PWY-7807	glyphosate degradation III	INORGPYROPHOSPHAT-RXN;ADENPRIBOSYLTRAN-RXN;RXN0-1401;RXN0-6710;RXN-17959;RXN-17958;RXN-17957			EV-COMP-AINF		D:\嗜酸氧化亚铁硫杆菌\03_BioCyc\C2-1\官方原始下载\GCF_000021485_pathways_full_20260923_083536.xml
Pathway	GCF_000021485	NAGLIPASYN-PWY	lipid IV<sub>A</sub> biosynthesis (<i>E. coli</i>)	UDPNACETYLGLUCOSAMACYLTRANS-RXN;UDPACYLGLCNACDEACETYL-RXN;UDPHYDROXYMYRGLUCOSAMNACETYLTRANS-RXN;LIPIDXSYNTHESIS-RXN;TETRAACYLDISACC4KIN-RXN;LIPIDADISACCHARIDESYNTH-RXN			EV-COMP-AINF		D:\嗜酸氧化亚铁硫杆菌\03_BioCyc\C2-1\官方原始下载\GCF_000021485_pathways_full_20260923_083536.xml
Pathway	GCF_000021485	PWYI-14	lipid IV<sub>A</sub> biosynthesis (<i>H. pylori</i>)	RXN2DNV-3;RXN2DNV-2;RXN2DNV-1;RXNI-27;RXN-22247;RXN-22246			EV-COMP-AINF		D:\嗜酸氧化亚铁硫杆菌\03_BioCyc\C2-1\官方原始下载\GCF_000021485_pathways_full_20260923_083536.xml
Pathway	GCF_000021485	PHESYN	L-phenylalanine biosynthesis I	RXN-10814;CHORISMATEMUT-RXN;PREPHENATEDEHYDRAT-RXN			EV-COMP-AINF		D:\嗜酸氧化亚铁硫杆菌\03_BioCyc\C2-1\官方原始下载\GCF_000021485_pathways_full_20260923_083536.xml
Pathway	GCF_000021485	GLUT-REDOX-PWY	glutathione-glutaredoxin redox reactions	RXN0-7271;PRODISULFREDUCT-A-RXN			EV-COMP-AINF		D:\嗜酸氧化亚铁硫杆菌\03_BioCyc\C2-1\官方原始下载\GCF_000021485_pathways_full_20260923_083536.xml
Pathway	GCF_000021485	PWY-7176	UTP and CTP <i>de novo</i> biosynthesis	CTPSYN-RXN;UDPKIN-RXN;RXN-12002			EV-COMP-AINF		D:\嗜酸氧化亚铁硫杆菌\03_BioCyc\C2-1\官方原始下载\GCF_000021485_pathways_full_20260923_083536.xml
Pathway	GCF_000021485	THIOREDOX-PWY	thioredoxin pathway	THIOREDOXIN-RXN;THIOREDOXIN-REDUCT-NADPH-RXN			EV-COMP-AINF		D:\嗜酸氧化亚铁硫杆菌\03_BioCyc\C2-1\官方原始下载\GCF_000021485_pathways_full_20260923_083536.xml
Pathway	GCF_000021485	PWY-1801	formaldehyde oxidation II (glutathione-dependent)	RXN-2962;RXN-2961;S-FORMYLGLUTATHIONE-HYDROLASE-RXN			EV-COMP-AINF		D:\嗜酸氧化亚铁硫杆菌\03_BioCyc\C2-1\官方原始下载\GCF_000021485_pathways_full_20260923_083536.xml
Pathway	GCF_000021485	PWY-7179	purine deoxyribonucleosides degradation I	ADDALT-RXN;DEOXYADENPHOSPHOR-RXN;DEOXYGUANPHOSPHOR-RXN;DEOXYINOPHOSPHOR-RXN			EV-COMP-AINF		D:\嗜酸氧化亚铁硫杆菌\03_BioCyc\C2-1\官方原始下载\GCF_000021485_pathways_full_20260923_083536.xml
Pathway	GCF_000021485	PWY-7205	CMP phosphorylation	CDPKIN-RXN;RXN-11832			EV-COMP-AINF		D:\嗜酸氧化亚铁硫杆菌\03_BioCyc\C2-1\官方原始下载\GCF_000021485_pathways_full_20260923_083536.xml
Pathway	GCF_000021485	GLUTSYNIII-PWY	L-glutamate biosynthesis III	GLUTDEHYD-RXN			EV-COMP-AINF		D:\嗜酸氧化亚铁硫杆菌\03_BioCyc\C2-1\官方原始下载\GCF_000021485_pathways_full_20260923_083536.xml
Pathway	GCF_000021485	P121-PWY	adenine and adenosine salvage I	ADENPRIBOSYLTRAN-RXN;ADENPHOSPHOR-RXN			EV-COMP-AINF		D:\嗜酸氧化亚铁硫杆菌\03_BioCyc\C2-1\官方原始下载\GCF_000021485_pathways_full_20260923_083536.xml
Pathway	GCF_000021485	PWY-6932	selenate reduction	RXN-12865;RXN-12867;RXN-12864;RXN-12721;RXN-12720			EV-COMP-AINF		D:\嗜酸氧化亚铁硫杆菌\03_BioCyc\C2-1\官方原始下载\GCF_000021485_pathways_full_20260923_083536.xml
Pathway	GCF_000021485	PWY-5046	2-oxoisovalerate decarboxylation to isobutanoyl-CoA	RXN-7719;2.3.1.168-RXN;1.2.4.4-RXN			EV-COMP-AINF		D:\嗜酸氧化亚铁硫杆菌\03_BioCyc\C2-1\官方原始下载\GCF_000021485_pathways_full_20260923_083536.xml
Pathway	GCF_000021485	PWY-7220	adenosine deoxyribonucleotides <i>de novo</i> biosynthesis II	RXN0-745;DADPKIN-RXN;RXN0-747;ADPREDUCT-RXN			EV-COMP-AINF		D:\嗜酸氧化亚铁硫杆菌\03_BioCyc\C2-1\官方原始下载\GCF_000021485_pathways_full_20260923_083536.xml
Pathway	GCF_000021485	PYRIDOXSYN-PWY	pyridoxal 5'-phosphate biosynthesis I	RXN-13179;PSERTRANSAMPYR-RXN;ERYTHRON4PDEHYDROG-RXN;PDXJ-RXN;DXS-RXN;ERYTH4PDEHYDROG-RXN;PNPOXI-RXN			EV-COMP-AINF		D:\嗜酸氧化亚铁硫杆菌\03_BioCyc\C2-1\官方原始下载\GCF_000021485_pathways_full_20260923_083536.xml
Pathway	GCF_000021485	CALVIN-PWY	Calvin-Benson-Bassham cycle	RIB5PISOM-RXN;PHOSPHORIBULOKINASE-RXN;RIBULP3EPIM-RXN;SEDOHEPTULOSE-BISPHOSPHATASE-RXN;2TRANSKETO-RXN;1TRANSKETO-RXN;F16BDEPHOS-RXN;SEDOBISALDOL-RXN;F16ALDOLASE-RXN;TRIOSEPISOMERIZATION-RXN;1.2.1.13-RXN;PHOSGLYPHOS-RXN;RIBULOSE-BISPHOSPHATE-CARBOXYLASE-RXN			EV-COMP-AINF		D:\嗜酸氧化亚铁硫杆菌\03_BioCyc\C2-1\官方原始下载\GCF_000021485_pathways_full_20260923_083536.xml
Pathway	GCF_000021485	PWY-6353	purine nucleotides degradation II (aerobic)		PWY-5695;PWY-6608;SALVADEHYPOX-PWY		EV-COMP-AINF		D:\嗜酸氧化亚铁硫杆菌\03_BioCyc\C2-1\官方原始下载\GCF_000021485_pathways_full_20260923_083536.xml
Pathway	GCF_000021485	HOMOSER-THRESYN-PWY	L-threonine biosynthesis	THRESYN-RXN;HOMOSERKIN-RXN			EV-COMP-AINF		D:\嗜酸氧化亚铁硫杆菌\03_BioCyc\C2-1\官方原始下载\GCF_000021485_pathways_full_20260923_083536.xml
Pathway	GCF_000021485	PWY-6891	thiazole component of thiamine diphosphate biosynthesis II	RXN0-308;RXN-12621;RXN-9789;DXS-RXN;THIAZOLSYN2-RXN;RXN-12614;RXN-12609			EV-COMP-AINF		D:\嗜酸氧化亚铁硫杆菌\03_BioCyc\C2-1\官方原始下载\GCF_000021485_pathways_full_20260923_083536.xml
Pathway	GCF_000021485	PWY-5364	sulfur reduction II (via polysulfide)	RXN-8269;RXN-8380			EV-COMP-AINF		D:\嗜酸氧化亚铁硫杆菌\03_BioCyc\C2-1\官方原始下载\GCF_000021485_pathways_full_20260923_083536.xml
Pathway	GCF_000021485	PWY-6823	molybdopterin biosynthesis	RXN-17809;RXN0-308;RXN-12473;RXN-11361;RXN-8342;RXN-8340			EV-COMP-AINF		D:\嗜酸氧化亚铁硫杆菌\03_BioCyc\C2-1\官方原始下载\GCF_000021485_pathways_full_20260923_083536.xml
Pathway	GCF_000021485	PWY0-1021	L-alanine biosynthesis III	RXN0-308			EV-COMP-AINF		D:\嗜酸氧化亚铁硫杆菌\03_BioCyc\C2-1\官方原始下载\GCF_000021485_pathways_full_20260923_083536.xml
Pathway	GCF_000021485	AMMASSIM-PWY	ammonia assimilation cycle III	GLUTAMINESYN-RXN;GLUTDEHYD-RXN;GLUTAMIN-RXN			EV-COMP-AINF		D:\嗜酸氧化亚铁硫杆菌\03_BioCyc\C2-1\官方原始下载\GCF_000021485_pathways_full_20260923_083536.xml
Pathway	GCF_000021485	PWY-6608	guanosine nucleotides degradation III	RXN0-5199;RXN0-901;RXN-7609;GUANINE-DEAMINASE-RXN			EV-COMP-AINF		D:\嗜酸氧化亚铁硫杆菌\03_BioCyc\C2-1\官方原始下载\GCF_000021485_pathways_full_20260923_083536.xml
Pathway	GCF_000021485	PWY-6683	assimilatory sulfate reduction III	SULFITE-REDUCT-RXN;RXN-12019;SULFATE-ADENYLYLTRANS-RXN			EV-COMP-AINF		D:\嗜酸氧化亚铁硫杆菌\03_BioCyc\C2-1\官方原始下载\GCF_000021485_pathways_full_20260923_083536.xml
Pathway	GCF_000021485	PWY-6406	salicylate biosynthesis I	RXN-1981;ISOCHORSYN-RXN			EV-COMP-AINF		D:\嗜酸氧化亚铁硫杆菌\03_BioCyc\C2-1\官方原始下载\GCF_000021485_pathways_full_20260923_083536.xml
Pathway	GCF_000021485	PWY-2161	folate polyglutamylation	FOLYLPOLYGLUTAMATESYNTH-RXN;GLYOHMETRANS-RXN;FORMATETHFLIG-RXN;FORMYLTHFGLUSYNTH-RXN;RXN0-2921			EV-COMP-AINF		D:\嗜酸氧化亚铁硫杆菌\03_BioCyc\C2-1\官方原始下载\GCF_000021485_pathways_full_20260923_083536.xml
Pathway	GCF_000021485	PWY-5723	Rubisco shunt	3PGAREARR-RXN;2PGADEHYDRAT-RXN;PEPDEPHOS-RXN;PHOSPHORIBULOKINASE-RXN;RIBULP3EPIM-RXN;RIB5PISOM-RXN;TRANSALDOL-RXN;1TRANSKETO-RXN;2TRANSKETO-RXN;RIBULOSE-BISPHOSPHATE-CARBOXYLASE-RXN			EV-COMP-AINF		D:\嗜酸氧化亚铁硫杆菌\03_BioCyc\C2-1\官方原始下载\GCF_000021485_pathways_full_20260923_083536.xml
Pathway	GCF_000021485	PWY-7388	octanoyl-[acyl-carrier protein] biosynthesis (mitochondria, yeast)	3-OXOACYL-ACP-SYNTH-BASE-RXN;RXN-9526;RXN-9521;4.2.1.59-RXN;RXN-9524;RXN-9523;RXN-9520;RXN-9518;RXN-9516;RXN-9515;4.2.1.58-RXN;RXN-9514			EV-COMP-AINF		D:\嗜酸氧化亚铁硫杆菌\03_BioCyc\C2-1\官方原始下载\GCF_000021485_pathways_full_20260923_083536.xml
Pathway	GCF_000021485	GLYCOLYSIS	glycolysis I (from glucose 6-phosphate)	RXN-15513;F16BDEPHOS-RXN;PEPSYNTH-RXN;PGLUCISOM-RXN;6PFRUCTPHOS-RXN;F16ALDOLASE-RXN;TRIOSEPISOMERIZATION-RXN;GAPOXNPHOSPHN-RXN;PHOSGLYPHOS-RXN;3PGAREARR-RXN;2PGADEHYDRAT-RXN;PEPDEPHOS-RXN			EV-COMP-AINF		D:\嗜酸氧化亚铁硫杆菌\03_BioCyc\C2-1\官方原始下载\GCF_000021485_pathways_full_20260923_083536.xml
Pathway	GCF_000021485	PWY0-1533	methylphosphonate degradation I	RXN0-6710;RXN0-6734;RXN0-6733;RXN0-6732			EV-COMP-AINF		D:\嗜酸氧化亚铁硫杆菌\03_BioCyc\C2-1\官方原始下载\GCF_000021485_pathways_full_20260923_083536.xml
Pathway	GCF_000021485	PWY-7884	lipoprotein posttranslational modification	RXN-22554;RXN-22427;RXN-22553;RXN0-3201;RXN-17362;RXN-17363;RXN0-20			EV-COMP-AINF		D:\嗜酸氧化亚铁硫杆菌\03_BioCyc\C2-1\官方原始下载\GCF_000021485_pathways_full_20260923_083536.xml
Pathway	GCF_000021485	PWY-7798	protein <i>S</i>-nitrosylation and denitrosylation	HYDROXYLAMINE-REDUCTASE-NADH-RXN;RXN-17886;RXN-17884;RXN-17887;RXN-17880			EV-COMP-AINF		D:\嗜酸氧化亚铁硫杆菌\03_BioCyc\C2-1\官方原始下载\GCF_000021485_pathways_full_20260923_083536.xml
Pathway	GCF_000021485	PWY-8245	lipid IV<sub>A</sub> biosynthesis (<i>P. gingivalis</i>)	RXN-22247;RXN-22246;RXN-22245;RXN-22244;RXN-22242;RXN-22241;RXN-22239;RXN-22238;RXN-22237			EV-COMP-AINF		D:\嗜酸氧化亚铁硫杆菌\03_BioCyc\C2-1\官方原始下载\GCF_000021485_pathways_full_20260923_083536.xml
Pathway	GCF_000021485	PWY-7185	UTP and CTP dephosphorylation I	RXN-12198;RXN-12197;RXN-12195;RXN-12196;RXN-14026;RXN-14025;CTPSYN-RXN			EV-COMP-AINF		D:\嗜酸氧化亚铁硫杆菌\03_BioCyc\C2-1\官方原始下载\GCF_000021485_pathways_full_20260923_083536.xml
Pathway	GCF_000021485	DTDPRHAMSYN-PWY	dTDP-&beta;-L-rhamnose biosynthesis	PHOSPHOGLUCMUT-RXN;DTDPGLUCDEHYDRAT-RXN;DTDPGLUCOSEPP-RXN;DTDPDEHYRHAMREDUCT-RXN;DTDPDEHYDRHAMEPIM-RXN			EV-COMP-AINF		D:\嗜酸氧化亚铁硫杆菌\03_BioCyc\C2-1\官方原始下载\GCF_000021485_pathways_full_20260923_083536.xml
Pathway	GCF_000021485	GLUCONEO-PWY	gluconeogenesis I	PGLUCISOM-RXN;MALATE-DEH-RXN;1.1.1.39-RXN;TRIOSEPISOMERIZATION-RXN;MALIC-NADP-RXN;PEPSYNTH-RXN;PEPCARBOXYKIN-RXN;2PGADEHYDRAT-RXN;3PGAREARR-RXN;PHOSGLYPHOS-RXN;GAPOXNPHOSPHN-RXN;F16ALDOLASE-RXN;F16BDEPHOS-RXN;MALSYN-RXN			EV-COMP-AINF		D:\嗜酸氧化亚铁硫杆菌\03_BioCyc\C2-1\官方原始下载\GCF_000021485_pathways_full_20260923_083536.xml
Pathway	GCF_000021485	PWY-6708	ubiquinol-8 biosynthesis (early decarboxylation)	4OHBENZOATE-OCTAPRENYLTRANSFER-RXN;3-OCTAPRENYL-4-OHBENZOATE-DECARBOX-RXN;2-OCTAPRENYLPHENOL-HYDROX-RXN;2-OCTAPRENYL-6-OHPHENOL-METHY-RXN;2-OCTAPRENYL-6-METHOXYPHENOL-HYDROX-RXN;2-OCTAPRENYL-METHOXY-BENZOQ-METH-RXN;DHHB-METHYLTRANSFER-RXN;OCTAPRENYL-METHYL-METHOXY-BENZOQ-OH-RXN			EV-COMP-AINF		D:\嗜酸氧化亚铁硫杆菌\03_BioCyc\C2-1\官方原始下载\GCF_000021485_pathways_full_20260923_083536.xml
Pathway	GCF_000021485	ACETATEUTIL-PWY	superpathway of acetate utilization and formation	PHOSACETYLTRANS-RXN;ACETATE--COA-LIGASE-RXN;ACETATEKIN-RXN	PWY0-1312;PWY0-1313		EV-COMP-AINF		D:\嗜酸氧化亚铁硫杆菌\03_BioCyc\C2-1\官方原始下载\GCF_000021485_pathways_full_20260923_083536.xml
Pathway	GCF_000021485	GLYOXDEG-PWY	glycolate and glyoxylate degradation II	GLYCOLATEDEHYDRO-RXN;MALSYN-RXN			EV-COMP-AINF		D:\嗜酸氧化亚铁硫杆菌\03_BioCyc\C2-1\官方原始下载\GCF_000021485_pathways_full_20260923_083536.xml
Pathway	GCF_000021485	PWY-5849	menaquinol-6 biosynthesis	RXN-9220			EV-COMP-AINF		D:\嗜酸氧化亚铁硫杆菌\03_BioCyc\C2-1\官方原始下载\GCF_000021485_pathways_full_20260923_083536.xml
Pathway	GCF_000021485	PWY-7222	guanosine deoxyribonucleotides <i>de novo</i> biosynthesis II	DGDPKIN-RXN;RXN0-748;RXN0-746;GDPREDUCT-RXN			EV-COMP-AINF		D:\嗜酸氧化亚铁硫杆菌\03_BioCyc\C2-1\官方原始下载\GCF_000021485_pathways_full_20260923_083536.xml
Pathway	GCF_000021485	PWY-8164	<i>bis</i>(guanylyl molybdopterin) cofactor sulfurylation	RXN0-308;RXN-21565;RXN-21562;RXN-21550			EV-COMP-AINF		D:\嗜酸氧化亚铁硫杆菌\03_BioCyc\C2-1\官方原始下载\GCF_000021485_pathways_full_20260923_083536.xml
Pathway	GCF_000021485	PWY-7181	pyrimidine deoxyribonucleosides degradation	THYM-PHOSPH-RXN;URA-PHOSPH-RXN;CYTIDEAM-RXN			EV-COMP-AINF		D:\嗜酸氧化亚铁硫杆菌\03_BioCyc\C2-1\官方原始下载\GCF_000021485_pathways_full_20260923_083536.xml
Pathway	GCF_000021485	PWY2DNV-11	tetrahydrofolate biosynthesis II	RXN2DNV-43;RXN2DNV-42;H2PTEROATESYNTH-RXN			EV-COMP-AINF		D:\嗜酸氧化亚铁硫杆菌\03_BioCyc\C2-1\官方原始下载\GCF_000021485_pathways_full_20260923_083536.xml
Pathway	GCF_000021485	PWY-5041	<i>S</i>-adenosyl-L-methionine salvage II	HOMOCYSMET-RXN;ADENOSYLHOMOCYSTEINASE-RXN;S-ADENMETSYN-RXN			EV-COMP-AINF		D:\嗜酸氧化亚铁硫杆菌\03_BioCyc\C2-1\官方原始下载\GCF_000021485_pathways_full_20260923_083536.xml
Pathway	GCF_000021485	PWY-6894	thiamine diphosphate biosynthesis I (E. coli)	RXN-12611;THI-P-KIN-RXN			EV-COMP-AINF		D:\嗜酸氧化亚铁硫杆菌\03_BioCyc\C2-1\官方原始下载\GCF_000021485_pathways_full_20260923_083536.xml
Pathway	GCF_000021485	PWY-5971	palmitate biosynthesis II (type II fatty acid synthase)	RXN-16393;RXN-9623;RXN-9655;3.1.2.21-RXN;RXN-9549;RXN-9663;4.2.1.61-RXN;RXN-9540;RXN-9539;RXN-9662;RXN-9537;RXN-9536;RXN-9535;RXN-9661;RXN-9533;RXN-9532;RXN-9531;RXN-9660;RXN-9528;RXN-9527;4.2.1.59-RXN;RXN-9659;RXN-9524;RXN-9523;4.2.1.58-RXN;RXN-9514;RXN-9516;RXN-9518;RXN-9520;RXN-9658;RXN-9657			EV-COMP-AINF		D:\嗜酸氧化亚铁硫杆菌\03_BioCyc\C2-1\官方原始下载\GCF_000021485_pathways_full_20260923_083536.xml
Pathway	GCF_000021485	PWY-6834	spermidine biosynthesis III	SAMDECARB-RXN;RXN-12515;RXN-12514;ARGDECARBOX-RXN			EV-COMP-AINF		D:\嗜酸氧化亚铁硫杆菌\03_BioCyc\C2-1\官方原始下载\GCF_000021485_pathways_full_20260923_083536.xml
Pathway	GCF_000021485	PWY-6126	superpathway of adenosine nucleotides <i>de novo</i> biosynthesis II	RXN0-747;ADENYL-KIN-RXN;ADPREDUCT-RXN	PWY-7220;PWY-7219		EV-COMP-AINF		D:\嗜酸氧化亚铁硫杆菌\03_BioCyc\C2-1\官方原始下载\GCF_000021485_pathways_full_20260923_083536.xml
Pathway	GCF_000021485	PWY-6543	4-aminobenzoate biosynthesis I	ADCLY-RXN;PABASYN-RXN			EV-COMP-AINF		D:\嗜酸氧化亚铁硫杆菌\03_BioCyc\C2-1\官方原始下载\GCF_000021485_pathways_full_20260923_083536.xml
Pathway	GCF_000021485	GLUTSYN-PWY	L-glutamate biosynthesis I	GLUTDEHYD-RXN;GLUTAMIN-RXN			EV-COMP-AINF		D:\嗜酸氧化亚铁硫杆菌\03_BioCyc\C2-1\官方原始下载\GCF_000021485_pathways_full_20260923_083536.xml
Pathway	GCF_000021485	BRANCHED-CHAIN-AA-SYN-PWY	superpathway of branched chain amino acid biosynthesis	2-ISOPROPYLMALATESYN-RXN;DIHYDROXYISOVALDEHYDRAT-RXN	VALSYN-PWY;ILEUSYN-PWY;LEUSYN-PWY		EV-COMP-AINF		D:\嗜酸氧化亚铁硫杆菌\03_BioCyc\C2-1\官方原始下载\GCF_000021485_pathways_full_20260923_083536.xml
Pathway	GCF_000021485	PWY-7343	UDP-&alpha;-D-glucose biosynthesis	PHOSPHOGLUCMUT-RXN;GLUC1PURIDYLTRANS-RXN			EV-COMP-AINF		D:\嗜酸氧化亚铁硫杆菌\03_BioCyc\C2-1\官方原始下载\GCF_000021485_pathways_full_20260923_083536.xml
Pathway	GCF_000021485	PWY-5755	4-hydroxybenzoate biosynthesis II (bacteria)	CHORPYRLY-RXN			EV-COMP-AINF		D:\嗜酸氧化亚铁硫杆菌\03_BioCyc\C2-1\官方原始下载\GCF_000021485_pathways_full_20260923_083536.xml
Pathway	GCF_000021485	PWY-8283	lipid IV<sub>A</sub> biosynthesis (generic)	RXN-22485;RXN-22484;RXN-22483;RXN-22482;RXN-22481;RXN-22480			EV-COMP-AINF		D:\嗜酸氧化亚铁硫杆菌\03_BioCyc\C2-1\官方原始下载\GCF_000021485_pathways_full_20260923_083536.xml
Pathway	GCF_000021485	PWY0-1586	peptidoglycan maturation (<i>meso</i>-diaminopimelate containing)	RXN-16691;RXN-16687;RXN-16690;RXN-16689;RXN-16688;RXN-16685;RXN-16665;RXN-16664;RXN-16659;RXN-16660;RXN-16649;RXN-16650			EV-COMP-AINF		D:\嗜酸氧化亚铁硫杆菌\03_BioCyc\C2-1\官方原始下载\GCF_000021485_pathways_full_20260923_083536.xml
Pathway	GCF_000021485	PWY-7183	pyrimidine nucleobases salvage I	URACIL-PRIBOSYLTRANS-RXN			EV-COMP-AINF		D:\嗜酸氧化亚铁硫杆菌\03_BioCyc\C2-1\官方原始下载\GCF_000021485_pathways_full_20260923_083536.xml
Pathway	GCF_000021485	PWY0-1335	NADH to cytochrome <i>bo</i> oxidase electron transfer I	RXN0-5268;NADH-DEHYDROG-A-RXN			EV-COMP-AINF		D:\嗜酸氧化亚铁硫杆菌\03_BioCyc\C2-1\官方原始下载\GCF_000021485_pathways_full_20260923_083536.xml
Pathway	GCF_000021485	PROSYN-PWY	L-proline biosynthesis I (from L-glutamate)	GLUTKIN-RXN;GLUTSEMIALDEHYDROG-RXN;PYRROLINECARBREDUCT-RXN;SPONTPRO-RXN			EV-COMP-AINF		D:\嗜酸氧化亚铁硫杆菌\03_BioCyc\C2-1\官方原始下载\GCF_000021485_pathways_full_20260923_083536.xml
Pathway	GCF_000021485	PWY-7221	guanosine ribonucleotides <i>de novo</i> biosynthesis	GDPKIN-RXN;GUANYL-KIN-RXN;GMP-SYN-GLUT-RXN;IMP-DEHYDROG-RXN			EV-COMP-AINF		D:\嗜酸氧化亚铁硫杆菌\03_BioCyc\C2-1\官方原始下载\GCF_000021485_pathways_full_20260923_083536.xml
Pathway	GCF_000021485	PENTOSE-P-PWY	pentose phosphate pathway	RIBULP3EPIM-RXN;RXN-9952;RIB5PISOM-RXN	NONOXIPENT-PWY;OXIDATIVEPENT-PWY		EV-COMP-AINF		D:\嗜酸氧化亚铁硫杆菌\03_BioCyc\C2-1\官方原始下载\GCF_000021485_pathways_full_20260923_083536.xml
Pathway	GCF_000021485	PWY-5296	thiosulfate oxidation III (multienzyme complex)	RXN-18798;RXN-18797;RXN-18796;RXN-11952;RXN-11951			EV-COMP-AINF		D:\嗜酸氧化亚铁硫杆菌\03_BioCyc\C2-1\官方原始下载\GCF_000021485_pathways_full_20260923_083536.xml
Pathway	GCF_000021485	TRPSYN-PWY	L-tryptophan biosynthesis	RXN0-2381;RXN0-2382;ANTHRANSYN-RXN;PRTRANS-RXN;PRAISOM-RXN;IGPSYN-RXN			EV-COMP-AINF		D:\嗜酸氧化亚铁硫杆菌\03_BioCyc\C2-1\官方原始下载\GCF_000021485_pathways_full_20260923_083536.xml
Pathway	GCF_000021485	PWY4FS-7	phosphatidylglycerol biosynthesis I (plastidic)	PGPPHOSPHA-RXN;PHOSPHAGLYPSYN-RXN;CDPDIGLYSYN-RXN	PWY0-1319		EV-COMP-AINF		D:\嗜酸氧化亚铁硫杆菌\03_BioCyc\C2-1\官方原始下载\GCF_000021485_pathways_full_20260923_083536.xml
Pathway	GCF_000021485	CITRULLINE-DEG-PWY	L-citrulline degradation	RXN0-5222;RXN-14196;ORNCARBAMTRANSFER-RXN			EV-COMP-AINF		D:\嗜酸氧化亚铁硫杆菌\03_BioCyc\C2-1\官方原始下载\GCF_000021485_pathways_full_20260923_083536.xml
Pathway	GCF_000021485	PWY0-662	PRPP biosynthesis	PRPPSYN-RXN			EV-COMP-AINF		D:\嗜酸氧化亚铁硫杆菌\03_BioCyc\C2-1\官方原始下载\GCF_000021485_pathways_full_20260923_083536.xml
Pathway	GCF_000021485	PWY-8280	stearate biosynthesis IV	RXN-22455;RXN-16380;RXN-9548;RXN-9634;RXN-9633;RXN-9632			EV-COMP-AINF		D:\嗜酸氧化亚铁硫杆菌\03_BioCyc\C2-1\官方原始下载\GCF_000021485_pathways_full_20260923_083536.xml
Pathway	GCF_000021485	GLUTAMATE-SYN	L-glutamate Biosynthesis						D:\嗜酸氧化亚铁硫杆菌\03_BioCyc\C2-1\官方原始下载\GCF_000021485_pathways_full_20260923_083536.xml
Pathway	GCF_000021485	D-Glucuronate-Degradation	D-Glucuronate Degradation						D:\嗜酸氧化亚铁硫杆菌\03_BioCyc\C2-1\官方原始下载\GCF_000021485_pathways_full_20260923_083536.xml
Pathway	GCF_000021485	CYANOGENIC-GLUCOSIDE-SYN	Cyanogenic Glucoside Biosynthesis						D:\嗜酸氧化亚铁硫杆菌\03_BioCyc\C2-1\官方原始下载\GCF_000021485_pathways_full_20260923_083536.xml
Pathway	GCF_000021485	Bioluminescence-Fluoresence-Chromoproteins	Bioluminescence/Fluorescence/Chromoprotein Biosynthesis						D:\嗜酸氧化亚铁硫杆菌\03_BioCyc\C2-1\官方原始下载\GCF_000021485_pathways_full_20260923_083536.xml
Pathway	GCF_000021485	Pyruvate-Butanol-Fermentation	Pyruvate Fermentation to Butanol						D:\嗜酸氧化亚铁硫杆菌\03_BioCyc\C2-1\官方原始下载\GCF_000021485_pathways_full_20260923_083536.xml
Pathway	GCF_000021485	GLYCOLYSIS-VARIANTS	Glycolysis						D:\嗜酸氧化亚铁硫杆菌\03_BioCyc\C2-1\官方原始下载\GCF_000021485_pathways_full_20260923_083536.xml
Pathway	GCF_000021485	Macrolides-Biosynthesis	Macrolide Antibiotic Biosynthesis						D:\嗜酸氧化亚铁硫杆菌\03_BioCyc\C2-1\官方原始下载\GCF_000021485_pathways_full_20260923_083536.xml
Pathway	GCF_000021485	Carotenoid-Degradation	Carotenoid Degradation						D:\嗜酸氧化亚铁硫杆菌\03_BioCyc\C2-1\官方原始下载\GCF_000021485_pathways_full_20260923_083536.xml
Pathway	GCF_000021485	Brassinosteroid-Biosynthesis	Brassinosteroid Biosynthesis						D:\嗜酸氧化亚铁硫杆菌\03_BioCyc\C2-1\官方原始下载\GCF_000021485_pathways_full_20260923_083536.xml
Pathway	GCF_000021485	Beta-Lactam-Antibiotics-BioSynthesis	&beta;-Lactam Antibiotics Biosynthesis						D:\嗜酸氧化亚铁硫杆菌\03_BioCyc\C2-1\官方原始下载\GCF_000021485_pathways_full_20260923_083536.xml
Pathway	GCF_000021485	LEUCINE-DEG	L-leucine Degradation						D:\嗜酸氧化亚铁硫杆菌\03_BioCyc\C2-1\官方原始下载\GCF_000021485_pathways_full_20260923_083536.xml
Pathway	GCF_000021485	Methionine-Salvage	L-methionine Salvage						D:\嗜酸氧化亚铁硫杆菌\03_BioCyc\C2-1\官方原始下载\GCF_000021485_pathways_full_20260923_083536.xml
Pathway	GCF_000021485	GGPP-Biosynthesis	Geranylgeranyl Diphosphate Biosynthesis						D:\嗜酸氧化亚铁硫杆菌\03_BioCyc\C2-1\官方原始下载\GCF_000021485_pathways_full_20260923_083536.xml
Pathway	GCF_000021485	TYROSINE-DEG	L-tyrosine Degradation						D:\嗜酸氧化亚铁硫杆菌\03_BioCyc\C2-1\官方原始下载\GCF_000021485_pathways_full_20260923_083536.xml
Pathway	GCF_000021485	SUGAR-DERIVS	Sugar Derivative Biosynthesis						D:\嗜酸氧化亚铁硫杆菌\03_BioCyc\C2-1\官方原始下载\GCF_000021485_pathways_full_20260923_083536.xml
Pathway	GCF_000021485	C50-Carotenoids-Biosynthesis	C<sub>50</sub> Carotenoid Biosynthesis						D:\嗜酸氧化亚铁硫杆菌\03_BioCyc\C2-1\官方原始下载\GCF_000021485_pathways_full_20260923_083536.xml
Pathway	GCF_000021485	ARGININE-DEG	L-arginine Degradation						D:\嗜酸氧化亚铁硫杆菌\03_BioCyc\C2-1\官方原始下载\GCF_000021485_pathways_full_20260923_083536.xml
Pathway	GCF_000021485	HISTIDINE-DEG	L-histidine Degradation						D:\嗜酸氧化亚铁硫杆菌\03_BioCyc\C2-1\官方原始下载\GCF_000021485_pathways_full_20260923_083536.xml
Pathway	GCF_000021485	Icosanoid-Metabolism	Icosanoid Metabolism						D:\嗜酸氧化亚铁硫杆菌\03_BioCyc\C2-1\官方原始下载\GCF_000021485_pathways_full_20260923_083536.xml
Pathway	GCF_000021485	Cell-Structure-Biosynthesis	Cell Structure Biosynthesis						D:\嗜酸氧化亚铁硫杆菌\03_BioCyc\C2-1\官方原始下载\GCF_000021485_pathways_full_20260923_083536.xml
Pathway	GCF_000021485	Aldonate-Degradation	Aldonic Acid Degradation						D:\嗜酸氧化亚铁硫杆菌\03_BioCyc\C2-1\官方原始下载\GCF_000021485_pathways_full_20260923_083536.xml
Pathway	GCF_000021485	Sphingolipid-Recyc-Deg	Ceramide and Sphingolipid Recycling and Degradation						D:\嗜酸氧化亚铁硫杆菌\03_BioCyc\C2-1\官方原始下载\GCF_000021485_pathways_full_20260923_083536.xml
Pathway	GCF_000021485	Squalene-Biosynthesis	Squalene Biosynthesis						D:\嗜酸氧化亚铁硫杆菌\03_BioCyc\C2-1\官方原始下载\GCF_000021485_pathways_full_20260923_083536.xml
Pathway	GCF_000021485	Antibiotic-Resistance	Antibiotic Resistance						D:\嗜酸氧化亚铁硫杆菌\03_BioCyc\C2-1\官方原始下载\GCF_000021485_pathways_full_20260923_083536.xml
Pathway	GCF_000021485	Glycosylation-Pathways	Glycosylation						D:\嗜酸氧化亚铁硫杆菌\03_BioCyc\C2-1\官方原始下载\GCF_000021485_pathways_full_20260923_083536.xml
Pathway	GCF_000021485	Proline-Betaine-Degradation	L-Proline Betaine Degradation						D:\嗜酸氧化亚铁硫杆菌\03_BioCyc\C2-1\官方原始下载\GCF_000021485_pathways_full_20260923_083536.xml
Pathway	GCF_000021485	Queuosine-Biosynthesis	Queuosine Biosynthesis and Salvage						D:\嗜酸氧化亚铁硫杆菌\03_BioCyc\C2-1\官方原始下载\GCF_000021485_pathways_full_20260923_083536.xml
Pathway	GCF_000021485	Androstenedione-Degradation	Androstenedione Degradation						D:\嗜酸氧化亚铁硫杆菌\03_BioCyc\C2-1\官方原始下载\GCF_000021485_pathways_full_20260923_083536.xml
Pathway	GCF_000021485	Folate-Transformations	Folate Transformations						D:\嗜酸氧化亚铁硫杆菌\03_BioCyc\C2-1\官方原始下载\GCF_000021485_pathways_full_20260923_083536.xml
Pathway	GCF_000021485	SECONDARY-CELL-WALL	Secondary Cell Wall						D:\嗜酸氧化亚铁硫杆菌\03_BioCyc\C2-1\官方原始下载\GCF_000021485_pathways_full_20260923_083536.xml
Pathway	GCF_000021485	Sulfoacetaldehyde-Degradation	Sulfoacetaldehyde Degradation						D:\嗜酸氧化亚铁硫杆菌\03_BioCyc\C2-1\官方原始下载\GCF_000021485_pathways_full_20260923_083536.xml
Pathway	GCF_000021485	VALINE-DEG	L-valine Degradation						D:\嗜酸氧化亚铁硫杆菌\03_BioCyc\C2-1\官方原始下载\GCF_000021485_pathways_full_20260923_083536.xml
Pathway	GCF_000021485	Pyrimidine-Deoxyribonucleosides-Deg	Pyrimidine Deoxyribonucleoside Degradation						D:\嗜酸氧化亚铁硫杆菌\03_BioCyc\C2-1\官方原始下载\GCF_000021485_pathways_full_20260923_083536.xml
Pathway	GCF_000021485	Chloroaromatic-Compounds-Degradation	Chloroaromatic Compound Degradation						D:\嗜酸氧化亚铁硫杆菌\03_BioCyc\C2-1\官方原始下载\GCF_000021485_pathways_full_20260923_083536.xml
Pathway	GCF_000021485	GIBBERELLINS-BIOSYNTHESIS	Gibberellin biosynthesis						D:\嗜酸氧化亚铁硫杆菌\03_BioCyc\C2-1\官方原始下载\GCF_000021485_pathways_full_20260923_083536.xml
Pathway	GCF_000021485	ASPARTATE-SYN	L-aspartate Biosynthesis						D:\嗜酸氧化亚铁硫杆菌\03_BioCyc\C2-1\官方原始下载\GCF_000021485_pathways_full_20260923_083536.xml
Pathway	GCF_000021485	Specialized-Proresolving-Mediators-Biosysthesis	Specialized Pro-resolving Mediators Biosynthesis						D:\嗜酸氧化亚铁硫杆菌\03_BioCyc\C2-1\官方原始下载\GCF_000021485_pathways_full_20260923_083536.xml
Pathway	GCF_000021485	Thiamin-Diphosphate-Biosynthesis	Thiamine Diphosphate Biosynthesis						D:\嗜酸氧化亚铁硫杆菌\03_BioCyc\C2-1\官方原始下载\GCF_000021485_pathways_full_20260923_083536.xml
Pathway	GCF_000021485	Demethylmenaquinol-8-Biosynthesis	Demethylmenaquinol-8 Biosynthesis						D:\嗜酸氧化亚铁硫杆菌\03_BioCyc\C2-1\官方原始下载\GCF_000021485_pathways_full_20260923_083536.xml
Pathway	GCF_000021485	ADP-Sugar-Biosynthesis	ADP-sugar Biosynthesis						D:\嗜酸氧化亚铁硫杆菌\03_BioCyc\C2-1\官方原始下载\GCF_000021485_pathways_full_20260923_083536.xml
Pathway	GCF_000021485	Rhamnogalacturonan-Degradation	Rhamnogalacturonan Type I Degradation						D:\嗜酸氧化亚铁硫杆菌\03_BioCyc\C2-1\官方原始下载\GCF_000021485_pathways_full_20260923_083536.xml
Pathway	GCF_000021485	CINNAMATE-SYN	Cinnamate Biosynthesis						D:\嗜酸氧化亚铁硫杆菌\03_BioCyc\C2-1\官方原始下载\GCF_000021485_pathways_full_20260923_083536.xml
Pathway	GCF_000021485	Molybdenum-Cofactor-Biosynthesis	Molybdenum-Containing Cofactor Biosynthesis						D:\嗜酸氧化亚铁硫杆菌\03_BioCyc\C2-1\官方原始下载\GCF_000021485_pathways_full_20260923_083536.xml
Pathway	GCF_000021485	NAN-MANNACs-degradation	<i>N</i>-Acetylneuraminate and <i>N</i>-Acetylmannosamine Degradation						D:\嗜酸氧化亚铁硫杆菌\03_BioCyc\C2-1\官方原始下载\GCF_000021485_pathways_full_20260923_083536.xml
Pathway	GCF_000021485	METHANOGENESIS	Methanogenesis						D:\嗜酸氧化亚铁硫杆菌\03_BioCyc\C2-1\官方原始下载\GCF_000021485_pathways_full_20260923_083536.xml
Pathway	GCF_000021485	Alcohol-Biosynthesis	Fermentation to Alcohols						D:\嗜酸氧化亚铁硫杆菌\03_BioCyc\C2-1\官方原始下载\GCF_000021485_pathways_full_20260923_083536.xml
Pathway	GCF_000021485	Nitrophenol-Degradation	Nitrophenol Degradation						D:\嗜酸氧化亚铁硫杆菌\03_BioCyc\C2-1\官方原始下载\GCF_000021485_pathways_full_20260923_083536.xml
Pathway	GCF_000021485	tRNA-Uridine-4-Thiolation	tRNA-Uridine 4-Thiolation						D:\嗜酸氧化亚铁硫杆菌\03_BioCyc\C2-1\官方原始下载\GCF_000021485_pathways_full_20260923_083536.xml
Pathway	GCF_000021485	QUINOLINE-ALKALOIDS	Quinoline Alkaloid Biosynthesis						D:\嗜酸氧化亚铁硫杆菌\03_BioCyc\C2-1\官方原始下载\GCF_000021485_pathways_full_20260923_083536.xml
Pathway	GCF_000021485	Cyanurate-Degradation	Cyanurate Degradation						D:\嗜酸氧化亚铁硫杆菌\03_BioCyc\C2-1\官方原始下载\GCF_000021485_pathways_full_20260923_083536.xml
Pathway	GCF_000021485	INDOLE-ALKALOIDS	Indole Alkaloid Biosynthesis						D:\嗜酸氧化亚铁硫杆菌\03_BioCyc\C2-1\官方原始下载\GCF_000021485_pathways_full_20260923_083536.xml
Pathway	GCF_000021485	Thiazole-Biosynthesis	Thiazole Biosynthesis						D:\嗜酸氧化亚铁硫杆菌\03_BioCyc\C2-1\官方原始下载\GCF_000021485_pathways_full_20260923_083536.xml
Pathway	GCF_000021485	LEUCOANTHOCYANIDIN-SYN	Leucoanthocyanidin (flavan-3,4-diols) Biosynthesis						D:\嗜酸氧化亚铁硫杆菌\03_BioCyc\C2-1\官方原始下载\GCF_000021485_pathways_full_20260923_083536.xml
Pathway	GCF_000021485	MEP-Pathways	Methylerythritol Phosphate Pathways						D:\嗜酸氧化亚铁硫杆菌\03_BioCyc\C2-1\官方原始下载\GCF_000021485_pathways_full_20260923_083536.xml
Pathway	GCF_000021485	PROANTHOCYANIDIN-SYN	Proanthocyanidin Biosynthesis						D:\嗜酸氧化亚铁硫杆菌\03_BioCyc\C2-1\官方原始下载\GCF_000021485_pathways_full_20260923_083536.xml
Pathway	GCF_000021485	PHENYLPROPANOID-SYN	Phenylpropanoid Derivative Biosynthesis						D:\嗜酸氧化亚铁硫杆菌\03_BioCyc\C2-1\官方原始下载\GCF_000021485_pathways_full_20260923_083536.xml
Pathway	GCF_000021485	POLYTERPENOID-SYN	Polyterpenoid Biosynthesis						D:\嗜酸氧化亚铁硫杆菌\03_BioCyc\C2-1\官方原始下载\GCF_000021485_pathways_full_20260923_083536.xml
Pathway	GCF_000021485	Peptidoglycan-Biosynthesis	Peptidoglycan Biosynthesis						D:\嗜酸氧化亚铁硫杆菌\03_BioCyc\C2-1\官方原始下载\GCF_000021485_pathways_full_20260923_083536.xml
Pathway	GCF_000021485	Glucosylglycerate-Biosynthesis	Glucosylglycerate Biosynthesis						D:\嗜酸氧化亚铁硫杆菌\03_BioCyc\C2-1\官方原始下载\GCF_000021485_pathways_full_20260923_083536.xml
Pathway	GCF_000021485	Melatonin-Degradation	Melatonin Degradation						D:\嗜酸氧化亚铁硫杆菌\03_BioCyc\C2-1\官方原始下载\GCF_000021485_pathways_full_20260923_083536.xml
Pathway	GCF_000021485	Deoxyribonucleotide-Biosynthesis	2'-Deoxyribonucleotide Biosynthesis						D:\嗜酸氧化亚铁硫杆菌\03_BioCyc\C2-1\官方原始下载\GCF_000021485_pathways_full_20260923_083536.xml
Pathway	GCF_000021485	AROMATIC-COMPOUNDS-DEGRADATION	Aromatic Compound Degradation						D:\嗜酸氧化亚铁硫杆菌\03_BioCyc\C2-1\官方原始下载\GCF_000021485_pathways_full_20260923_083536.xml
Pathway	GCF_000021485	Ammonia-Assimilation	Ammonia Assimilation						D:\嗜酸氧化亚铁硫杆菌\03_BioCyc\C2-1\官方原始下载\GCF_000021485_pathways_full_20260923_083536.xml
Pathway	GCF_000021485	S-Reticuline-Biosynthesis	(<i>S</i>)-reticuline biosynthesis						D:\嗜酸氧化亚铁硫杆菌\03_BioCyc\C2-1\官方原始下载\GCF_000021485_pathways_full_20260923_083536.xml
Pathway	GCF_000021485	Other-biosynthesis	Other Biosynthesis						D:\嗜酸氧化亚铁硫杆菌\03_BioCyc\C2-1\官方原始下载\GCF_000021485_pathways_full_20260923_083536.xml
Pathway	GCF_000021485	HISTIDINE-SYN	L-histidine Biosynthesis						D:\嗜酸氧化亚铁硫杆菌\03_BioCyc\C2-1\官方原始下载\GCF_000021485_pathways_full_20260923_083536.xml
Pathway	GCF_000021485	Hormone-Biosynthesis	Hormone Biosynthesis						D:\嗜酸氧化亚铁硫杆菌\03_BioCyc\C2-1\官方原始下载\GCF_000021485_pathways_full_20260923_083536.xml
Pathway	GCF_000021485	TERPENOID-DEG	Terpenoid Degradation						D:\嗜酸氧化亚铁硫杆菌\03_BioCyc\C2-1\官方原始下载\GCF_000021485_pathways_full_20260923_083536.xml
Pathway	GCF_000021485	Formaldehyde-Oxidation	Formaldehyde Oxidation						D:\嗜酸氧化亚铁硫杆菌\03_BioCyc\C2-1\官方原始下载\GCF_000021485_pathways_full_20260923_083536.xml
Pathway	GCF_000021485	Vanillin-Biosynthesis	Vanillin Biosynthesis						D:\嗜酸氧化亚铁硫杆菌\03_BioCyc\C2-1\官方原始下载\GCF_000021485_pathways_full_20260923_083536.xml
Pathway	GCF_000021485	Nucleotide-Alditols-Biosynthesis	Nucleotide-Alditol Biosynthesis						D:\嗜酸氧化亚铁硫杆菌\03_BioCyc\C2-1\官方原始下载\GCF_000021485_pathways_full_20260923_083536.xml
Pathway	GCF_000021485	Cell-Wall-Biosynthesis	Cell Wall Biosynthesis						D:\嗜酸氧化亚铁硫杆菌\03_BioCyc\C2-1\官方原始下载\GCF_000021485_pathways_full_20260923_083536.xml
Pathway	GCF_000021485	Protein-Modification	Protein Modification						D:\嗜酸氧化亚铁硫杆菌\03_BioCyc\C2-1\官方原始下载\GCF_000021485_pathways_full_20260923_083536.xml
Pathway	GCF_000021485	Hydrogen-Oxidation	Hydrogen Oxidation						D:\嗜酸氧化亚铁硫杆菌\03_BioCyc\C2-1\官方原始下载\GCF_000021485_pathways_full_20260923_083536.xml
Pathway	GCF_000021485	METHIONINE-SYN	L-methionine Biosynthesis						D:\嗜酸氧化亚铁硫杆菌\03_BioCyc\C2-1\官方原始下载\GCF_000021485_pathways_full_20260923_083536.xml
Pathway	GCF_000021485	Peptidoglycan-Cross-Bridge-Biosynthesis	Peptidoglycan Cross-Bridge Biosynthesis						D:\嗜酸氧化亚铁硫杆菌\03_BioCyc\C2-1\官方原始下载\GCF_000021485_pathways_full_20260923_083536.xml
Pathway	GCF_000021485	Beta-Alanine-Biosynthesis	&beta; Alanine Biosynthesis						D:\嗜酸氧化亚铁硫杆菌\03_BioCyc\C2-1\官方原始下载\GCF_000021485_pathways_full_20260923_083536.xml
Pathway	GCF_000021485	L-Canavanine-Degradation	L-canavanine Degradation						D:\嗜酸氧化亚铁硫杆菌\03_BioCyc\C2-1\官方原始下载\GCF_000021485_pathways_full_20260923_083536.xml
Pathway	GCF_000021485	PEPTIDE-ALKALOIDS	Peptide Alkaloid Biosynthesis						D:\嗜酸氧化亚铁硫杆菌\03_BioCyc\C2-1\官方原始下载\GCF_000021485_pathways_full_20260923_083536.xml
Pathway	GCF_000021485	Methane-Oxidation	methane oxidation to methanol						D:\嗜酸氧化亚铁硫杆菌\03_BioCyc\C2-1\官方原始下载\GCF_000021485_pathways_full_20260923_083536.xml
Pathway	GCF_000021485	HMP-PP-Biosynthesis	4-amino-2-methyl-5-diphosphomethylpyrimidine biosynthesis						D:\嗜酸氧化亚铁硫杆菌\03_BioCyc\C2-1\官方原始下载\GCF_000021485_pathways_full_20260923_083536.xml
Pathway	GCF_000021485	TCA-VARIANTS	TCA cycle						D:\嗜酸氧化亚铁硫杆菌\03_BioCyc\C2-1\官方原始下载\GCF_000021485_pathways_full_20260923_083536.xml
Pathway	GCF_000021485	Nickel-Pincer-Cofactor-Biosynthesis	Nickel Pincer Cofactor Biosynthesis						D:\嗜酸氧化亚铁硫杆菌\03_BioCyc\C2-1\官方原始下载\GCF_000021485_pathways_full_20260923_083536.xml
Pathway	GCF_000021485	Polymer-Degradation	Polymeric Compound Degradation						D:\嗜酸氧化亚铁硫杆菌\03_BioCyc\C2-1\官方原始下载\GCF_000021485_pathways_full_20260923_083536.xml
Pathway	GCF_000021485	GLYCINE-SYN	Glycine Biosynthesis						D:\嗜酸氧化亚铁硫杆菌\03_BioCyc\C2-1\官方原始下载\GCF_000021485_pathways_full_20260923_083536.xml
Pathway	GCF_000021485	ANTHOCYANIN-SYN	Anthocyanin Biosynthesis						D:\嗜酸氧化亚铁硫杆菌\03_BioCyc\C2-1\官方原始下载\GCF_000021485_pathways_full_20260923_083536.xml
Pathway	GCF_000021485	Camphor-Degradation	Camphor Degradation						D:\嗜酸氧化亚铁硫杆菌\03_BioCyc\C2-1\官方原始下载\GCF_000021485_pathways_full_20260923_083536.xml
Pathway	GCF_000021485	Biosynthesis	Biosynthesis						D:\嗜酸氧化亚铁硫杆菌\03_BioCyc\C2-1\官方原始下载\GCF_000021485_pathways_full_20260923_083536.xml
Pathway	GCF_000021485	All-Trans-Farnesyl-PP-Biosynthesis							D:\嗜酸氧化亚铁硫杆菌\03_BioCyc\C2-1\官方原始下载\GCF_000021485_pathways_full_20260923_083536.xml
Pathway	GCF_000021485	Aminoacyl-tRNAs-Charging	Aminoacyl-tRNA Charging						D:\嗜酸氧化亚铁硫杆菌\03_BioCyc\C2-1\官方原始下载\GCF_000021485_pathways_full_20260923_083536.xml
Pathway	GCF_000021485	Assimilatory-Sulfate-Reduction	Assimilatory Sulfate Reduction						D:\嗜酸氧化亚铁硫杆菌\03_BioCyc\C2-1\官方原始下载\GCF_000021485_pathways_full_20260923_083536.xml
Pathway	GCF_000021485	PLANT-HORMONE-DEG	Plant Hormone Degradation						D:\嗜酸氧化亚铁硫杆菌\03_BioCyc\C2-1\官方原始下载\GCF_000021485_pathways_full_20260923_083536.xml
Pathway	GCF_000021485	Sugar-Phosphate-Biosynthesis	Sugar Phosphate Biosynthesis						D:\嗜酸氧化亚铁硫杆菌\03_BioCyc\C2-1\官方原始下载\GCF_000021485_pathways_full_20260923_083536.xml
Pathway	GCF_000021485	Thiocyanate-Degradation	Thiocyanate Degradation						D:\嗜酸氧化亚铁硫杆菌\03_BioCyc\C2-1\官方原始下载\GCF_000021485_pathways_full_20260923_083536.xml
Pathway	GCF_000021485	S-CONTAINING-SECONDARY-CMPD-SYN	Sulfur-Containing Secondary Compound Biosynthesis						D:\嗜酸氧化亚铁硫杆菌\03_BioCyc\C2-1\官方原始下载\GCF_000021485_pathways_full_20260923_083536.xml
Pathway	GCF_000021485	Mevalonate-Pathways	Mevalonate Pathways						D:\嗜酸氧化亚铁硫杆菌\03_BioCyc\C2-1\官方原始下载\GCF_000021485_pathways_full_20260923_083536.xml
Pathway	GCF_000021485	Carbon-disulfide-degradation	Carbon Disulfide Degradation						D:\嗜酸氧化亚铁硫杆菌\03_BioCyc\C2-1\官方原始下载\GCF_000021485_pathways_full_20260923_083536.xml
Pathway	GCF_000021485	Adenosine-Nucleotides-Degradation	Adenosine Nucleotide Degradation						D:\嗜酸氧化亚铁硫杆菌\03_BioCyc\C2-1\官方原始下载\GCF_000021485_pathways_full_20260923_083536.xml
Pathway	GCF_000021485	XANTHONE-DEG	Xanthone Degradation						D:\嗜酸氧化亚铁硫杆菌\03_BioCyc\C2-1\官方原始下载\GCF_000021485_pathways_full_20260923_083536.xml
Pathway	GCF_000021485	SUCC-DEG	Succinate Degradation						D:\嗜酸氧化亚铁硫杆菌\03_BioCyc\C2-1\官方原始下载\GCF_000021485_pathways_full_20260923_083536.xml
Pathway	GCF_000021485	Arachidonate-Biosynthesis	Arachidonate Biosynthesis						D:\嗜酸氧化亚铁硫杆菌\03_BioCyc\C2-1\官方原始下载\GCF_000021485_pathways_full_20260923_083536.xml
Pathway	GCF_000021485	C40-Carotenoids-Biosynthesis	C<sub>40</sub> Carotenoid Biosynthesis						D:\嗜酸氧化亚铁硫杆菌\03_BioCyc\C2-1\官方原始下载\GCF_000021485_pathways_full_20260923_083536.xml
Pathway	GCF_000021485	Acrylate-Degradation	Acrylate Degradation						D:\嗜酸氧化亚铁硫杆菌\03_BioCyc\C2-1\官方原始下载\GCF_000021485_pathways_full_20260923_083536.xml
Pathway	GCF_000021485	ACYLSUGAR-BIOSYNTHESIS	Acylsugar biosynthesis						D:\嗜酸氧化亚铁硫杆菌\03_BioCyc\C2-1\官方原始下载\GCF_000021485_pathways_full_20260923_083536.xml
Pathway	GCF_000021485	8-Oxo-GTP-Detoxification	8-oxo-GTP and 8-oxo-dGTP Detoxification						D:\嗜酸氧化亚铁硫杆菌\03_BioCyc\C2-1\官方原始下载\GCF_000021485_pathways_full_20260923_083536.xml
Pathway	GCF_000021485	Choline-Degradation	Choline Degradation						D:\嗜酸氧化亚铁硫杆菌\03_BioCyc\C2-1\官方原始下载\GCF_000021485_pathways_full_20260923_083536.xml
Pathway	GCF_000021485	Denitrification	Denitrification						D:\嗜酸氧化亚铁硫杆菌\03_BioCyc\C2-1\官方原始下载\GCF_000021485_pathways_full_20260923_083536.xml
Pathway	GCF_000021485	Tetrapyrrole-Degradation	Tetrapyrrole Degradation						D:\嗜酸氧化亚铁硫杆菌\03_BioCyc\C2-1\官方原始下载\GCF_000021485_pathways_full_20260923_083536.xml
Pathway	GCF_000021485	Oligosaccharide-Degradation	Oligosaccharide Degradation						D:\嗜酸氧化亚铁硫杆菌\03_BioCyc\C2-1\官方原始下载\GCF_000021485_pathways_full_20260923_083536.xml
Pathway	GCF_000021485	Activation-Inactivation-Interconversion	Metabolite Activation/Inactivation/Interconversion						D:\嗜酸氧化亚铁硫杆菌\03_BioCyc\C2-1\官方原始下载\GCF_000021485_pathways_full_20260923_083536.xml
Pathway	GCF_000021485	Starch-Degradation	Starch Degradation						D:\嗜酸氧化亚铁硫杆菌\03_BioCyc\C2-1\官方原始下载\GCF_000021485_pathways_full_20260923_083536.xml
Pathway	GCF_000021485	Unsaturated-Fatty-Acids-Biosynthesis	Unsaturated Fatty Acid Biosynthesis						D:\嗜酸氧化亚铁硫杆菌\03_BioCyc\C2-1\官方原始下载\GCF_000021485_pathways_full_20260923_083536.xml
Pathway	GCF_000021485	Benzene-Degradation	Benzene Degradation						D:\嗜酸氧化亚铁硫杆菌\03_BioCyc\C2-1\官方原始下载\GCF_000021485_pathways_full_20260923_083536.xml
Pathway	GCF_000021485	Phenol-Degradation	Phenol Degradation						D:\嗜酸氧化亚铁硫杆菌\03_BioCyc\C2-1\官方原始下载\GCF_000021485_pathways_full_20260923_083536.xml
Pathway	GCF_000021485	Erythritol-Degradation	Erythritol Degradation						D:\嗜酸氧化亚铁硫杆菌\03_BioCyc\C2-1\官方原始下载\GCF_000021485_pathways_full_20260923_083536.xml
Pathway	GCF_000021485	Detoxification	Detoxification						D:\嗜酸氧化亚铁硫杆菌\03_BioCyc\C2-1\官方原始下载\GCF_000021485_pathways_full_20260923_083536.xml
Pathway	GCF_000021485	Alpha-Linolenate-Biosynthesis	&alpha;-Linolenate Biosynthesis						D:\嗜酸氧化亚铁硫杆菌\03_BioCyc\C2-1\官方原始下载\GCF_000021485_pathways_full_20260923_083536.xml
Pathway	GCF_000021485	Amino-Acid-Fermentation	Amino Acid Fermentation (Stickland reactions)						D:\嗜酸氧化亚铁硫杆菌\03_BioCyc\C2-1\官方原始下载\GCF_000021485_pathways_full_20260923_083536.xml
Pathway	GCF_000021485	FATTY-ACID-DERIVATIVE-DEG	Fatty Acid Derivative Degradation						D:\嗜酸氧化亚铁硫杆菌\03_BioCyc\C2-1\官方原始下载\GCF_000021485_pathways_full_20260923_083536.xml
Pathway	GCF_000021485	PHENYLALANINE-DEG	L-phenylalanine Degradation						D:\嗜酸氧化亚铁硫杆菌\03_BioCyc\C2-1\官方原始下载\GCF_000021485_pathways_full_20260923_083536.xml
Pathway	GCF_000021485	THREONINE-BIOSYNTHESIS	L-threonine Biosynthesis						D:\嗜酸氧化亚铁硫杆菌\03_BioCyc\C2-1\官方原始下载\GCF_000021485_pathways_full_20260923_083536.xml
Pathway	GCF_000021485	ASPARAGINE-SYN	L-asparagine Biosynthesis						D:\嗜酸氧化亚铁硫杆菌\03_BioCyc\C2-1\官方原始下载\GCF_000021485_pathways_full_20260923_083536.xml
Pathway	GCF_000021485	Cholesterol-Degradation	Cholesterol Degradation						D:\嗜酸氧化亚铁硫杆菌\03_BioCyc\C2-1\官方原始下载\GCF_000021485_pathways_full_20260923_083536.xml
Pathway	GCF_000021485	MISCELLANEOUS-DEG	Other Amino Acid Degradation						D:\嗜酸氧化亚铁硫杆菌\03_BioCyc\C2-1\官方原始下载\GCF_000021485_pathways_full_20260923_083536.xml
Pathway	GCF_000021485	Fermentation-to-propanoate	Fermentation to Propanoate						D:\嗜酸氧化亚铁硫杆菌\03_BioCyc\C2-1\官方原始下载\GCF_000021485_pathways_full_20260923_083536.xml
Pathway	GCF_000021485	Chitin-Degradation	Chitin Degradation						D:\嗜酸氧化亚铁硫杆菌\03_BioCyc\C2-1\官方原始下载\GCF_000021485_pathways_full_20260923_083536.xml
Pathway	GCF_000021485	Iron-Oxidation	Iron Oxidation						D:\嗜酸氧化亚铁硫杆菌\03_BioCyc\C2-1\官方原始下载\GCF_000021485_pathways_full_20260923_083536.xml
Pathway	GCF_000021485	ISOPRENOIDS	Hemiterpene Biosynthesis						D:\嗜酸氧化亚铁硫杆菌\03_BioCyc\C2-1\官方原始下载\GCF_000021485_pathways_full_20260923_083536.xml
Pathway	GCF_000021485	Nicotinate-Degradation	Nicotinate Degradation						D:\嗜酸氧化亚铁硫杆菌\03_BioCyc\C2-1\官方原始下载\GCF_000021485_pathways_full_20260923_083536.xml
Pathway	GCF_000021485	Purine-Nucleotide-De-Novo-Biosynthesis	Purine Nucleotide <i>De Novo</i> Biosynthesis						D:\嗜酸氧化亚铁硫杆菌\03_BioCyc\C2-1\官方原始下载\GCF_000021485_pathways_full_20260923_083536.xml
Pathway	GCF_000021485	Bioluminescence	Bioluminescence						D:\嗜酸氧化亚铁硫杆菌\03_BioCyc\C2-1\官方原始下载\GCF_000021485_pathways_full_20260923_083536.xml
Pathway	GCF_000021485	ANAEROBIC-RESPIRATION	Anaerobic Respiration						D:\嗜酸氧化亚铁硫杆菌\03_BioCyc\C2-1\官方原始下载\GCF_000021485_pathways_full_20260923_083536.xml
Pathway	GCF_000021485	UDP-Nac-Galactosamine-Biosynthesis	UDP-<i>N</i>-acetyl-D-galactosamine Biosynthesis						D:\嗜酸氧化亚铁硫杆菌\03_BioCyc\C2-1\官方原始下载\GCF_000021485_pathways_full_20260923_083536.xml
Pathway	GCF_000021485	Lipid-Biosynthesis	Fatty Acid and Lipid Biosynthesis						D:\嗜酸氧化亚铁硫杆菌\03_BioCyc\C2-1\官方原始下载\GCF_000021485_pathways_full_20260923_083536.xml
Pathway	GCF_000021485	Ubiquinone-Biosynthesis	Ubiquinol Biosynthesis						D:\嗜酸氧化亚铁硫杆菌\03_BioCyc\C2-1\官方原始下载\GCF_000021485_pathways_full_20260923_083536.xml
Pathway	GCF_000021485	Dimethylsulfoniopropionate-Biosynthesis	Dimethylsulfoniopropanoate Biosynthesis						D:\嗜酸氧化亚铁硫杆菌\03_BioCyc\C2-1\官方原始下载\GCF_000021485_pathways_full_20260923_083536.xml
Pathway	GCF_000021485	Pyrimidine-De-Novo-Biosyn	Pyrimidine Nucleotide <i>De Novo</i> Biosynthesis						D:\嗜酸氧化亚铁硫杆菌\03_BioCyc\C2-1\官方原始下载\GCF_000021485_pathways_full_20260923_083536.xml
Pathway	GCF_000021485	PhosphatidylethanolamineBiosynthesis	Phosphatidylethanolamine Biosynthesis						D:\嗜酸氧化亚铁硫杆菌\03_BioCyc\C2-1\官方原始下载\GCF_000021485_pathways_full_20260923_083536.xml
Pathway	GCF_000021485	DITERPENOID-SYN	Diterpenoid Biosynthesis						D:\嗜酸氧化亚铁硫杆菌\03_BioCyc\C2-1\官方原始下载\GCF_000021485_pathways_full_20260923_083536.xml
Pathway	GCF_000021485	Strigolactone-Hormones-Biosynthesis	Strigolactone Hormones Biosynthesis						D:\嗜酸氧化亚铁硫杆菌\03_BioCyc\C2-1\官方原始下载\GCF_000021485_pathways_full_20260923_083536.xml
Pathway	GCF_000021485	GLUTAMINE-DEG	L-glutamine Degradation						D:\嗜酸氧化亚铁硫杆菌\03_BioCyc\C2-1\官方原始下载\GCF_000021485_pathways_full_20260923_083536.xml
Pathway	GCF_000021485	o-Nitrophenol-Degradation	2-Nitrophenol Degradation						D:\嗜酸氧化亚铁硫杆菌\03_BioCyc\C2-1\官方原始下载\GCF_000021485_pathways_full_20260923_083536.xml
Pathway	GCF_000021485	UDP-NAc-Glucosamine-Biosynthesis	UDP-<i>N</i>-acetyl-D-glucosamine Biosynthesis						D:\嗜酸氧化亚铁硫杆菌\03_BioCyc\C2-1\官方原始下载\GCF_000021485_pathways_full_20260923_083536.xml
Pathway	GCF_000021485	Nitrate-Reduction	Nitrate Reduction						D:\嗜酸氧化亚铁硫杆菌\03_BioCyc\C2-1\官方原始下载\GCF_000021485_pathways_full_20260923_083536.xml
Pathway	GCF_000021485	Nicotine-Degradation	Nicotine Degradation						D:\嗜酸氧化亚铁硫杆菌\03_BioCyc\C2-1\官方原始下载\GCF_000021485_pathways_full_20260923_083536.xml
Pathway	GCF_000021485	DMNT-Biosynthesis	(3<i>E</i>)-4,8-dimethylnona-1,3,7-triene biosynthesis						D:\嗜酸氧化亚铁硫杆菌\03_BioCyc\C2-1\官方原始下载\GCF_000021485_pathways_full_20260923_083536.xml
Pathway	GCF_000021485	Lipid-A-core-Biosynthesis	Lipid A-core Biosynthesis						D:\嗜酸氧化亚铁硫杆菌\03_BioCyc\C2-1\官方原始下载\GCF_000021485_pathways_full_20260923_083536.xml
Pathway	GCF_000021485	Purine-Ribonuc-De-Novo-Biosynthesis	Purine Riboucleotide <i>De Novo</i> Biosynthesis						D:\嗜酸氧化亚铁硫杆菌\03_BioCyc\C2-1\官方原始下载\GCF_000021485_pathways_full_20260923_083536.xml
Pathway	GCF_000021485	Phophonate-Metabolism	Phosphonate Metabolism						D:\嗜酸氧化亚铁硫杆菌\03_BioCyc\C2-1\官方原始下载\GCF_000021485_pathways_full_20260923_083536.xml
Pathway	GCF_000021485	Dimethylsulfoniopropionate-Degradation	Dimethylsulfoniopropanoate Degradation						D:\嗜酸氧化亚铁硫杆菌\03_BioCyc\C2-1\官方原始下载\GCF_000021485_pathways_full_20260923_083536.xml
Pathway	GCF_000021485	L-rhamnose-Degradation	L-Rhamnose Degradation						D:\嗜酸氧化亚铁硫杆菌\03_BioCyc\C2-1\官方原始下载\GCF_000021485_pathways_full_20260923_083536.xml
Pathway	GCF_000021485	SUCROSE-DEG	Sucrose Degradation						D:\嗜酸氧化亚铁硫杆菌\03_BioCyc\C2-1\官方原始下载\GCF_000021485_pathways_full_20260923_083536.xml
Pathway	GCF_000021485	Flavin-Biosynthesis	Flavin Biosynthesis						D:\嗜酸氧化亚铁硫杆菌\03_BioCyc\C2-1\官方原始下载\GCF_000021485_pathways_full_20260923_083536.xml
Pathway	GCF_000021485	LEUCINE-SYN	L-leucine Biosynthesis						D:\嗜酸氧化亚铁硫杆菌\03_BioCyc\C2-1\官方原始下载\GCF_000021485_pathways_full_20260923_083536.xml
Pathway	GCF_000021485	Glycogen-Degradation	Glycogen Degradation						D:\嗜酸氧化亚铁硫杆菌\03_BioCyc\C2-1\官方原始下载\GCF_000021485_pathways_full_20260923_083536.xml
Pathway	GCF_000021485	AROMATIC-COMPOUNDS-BIOSYN	Aromatic Compound Biosynthesis						D:\嗜酸氧化亚铁硫杆菌\03_BioCyc\C2-1\官方原始下载\GCF_000021485_pathways_full_20260923_083536.xml
Pathway	GCF_000021485	2-Aminoethylphosphonate-Degradation	2-Aminoethylphosphonate Degradation						D:\嗜酸氧化亚铁硫杆菌\03_BioCyc\C2-1\官方原始下载\GCF_000021485_pathways_full_20260923_083536.xml
Pathway	GCF_000021485	Oleate-Biosynthesis	Oleate Biosynthesis						D:\嗜酸氧化亚铁硫杆菌\03_BioCyc\C2-1\官方原始下载\GCF_000021485_pathways_full_20260923_083536.xml
Pathway	GCF_000021485	Demethylmenaquinone-Biosynthesis	Demethylmenaquinol Biosynthesis						D:\嗜酸氧化亚铁硫杆菌\03_BioCyc\C2-1\官方原始下载\GCF_000021485_pathways_full_20260923_083536.xml
Pathway	GCF_000021485	Cyclohexane-1-Carboxylate-Degradation	Cyclohexane-1-carboxylate Degradation						D:\嗜酸氧化亚铁硫杆菌\03_BioCyc\C2-1\官方原始下载\GCF_000021485_pathways_full_20260923_083536.xml
Pathway	GCF_000021485	Ethanol-Degradation	Ethanol Degradation						D:\嗜酸氧化亚铁硫杆菌\03_BioCyc\C2-1\官方原始下载\GCF_000021485_pathways_full_20260923_083536.xml
Pathway	GCF_000021485	SUGAR-ACIDS-DEG	Uronic Acid Degradation						D:\嗜酸氧化亚铁硫杆菌\03_BioCyc\C2-1\官方原始下载\GCF_000021485_pathways_full_20260923_083536.xml
Pathway	GCF_000021485	Ascorbate-Degradation	L-Ascorbate Degradation						D:\嗜酸氧化亚铁硫杆菌\03_BioCyc\C2-1\官方原始下载\GCF_000021485_pathways_full_20260923_083536.xml
Pathway	GCF_000021485	HORMONE-SYN	Hormone, Neurotransmitter, and Signaling Molecule Biosynthesis						D:\嗜酸氧化亚铁硫杆菌\03_BioCyc\C2-1\官方原始下载\GCF_000021485_pathways_full_20260923_083536.xml
Pathway	GCF_000021485	SESQUITERPENE-LACTONE	Sesquiterpene Lactone Biosynthesis						D:\嗜酸氧化亚铁硫杆菌\03_BioCyc\C2-1\官方原始下载\GCF_000021485_pathways_full_20260923_083536.xml
Pathway	GCF_000021485	GLYCINE-DEG	Glycine Degradation						D:\嗜酸氧化亚铁硫杆菌\03_BioCyc\C2-1\官方原始下载\GCF_000021485_pathways_full_20260923_083536.xml
Pathway	GCF_000021485	Ergothioneine-Biosynthesis	Ergothioneine Biosynthesis						D:\嗜酸氧化亚铁硫杆菌\03_BioCyc\C2-1\官方原始下载\GCF_000021485_pathways_full_20260923_083536.xml
Pathway	GCF_000021485	Phenylacetate-Degradation	Phenylacetate Degradation						D:\嗜酸氧化亚铁硫杆菌\03_BioCyc\C2-1\官方原始下载\GCF_000021485_pathways_full_20260923_083536.xml
Pathway	GCF_000021485	Gluconeogenesis	Gluconeogenesis						D:\嗜酸氧化亚铁硫杆菌\03_BioCyc\C2-1\官方原始下载\GCF_000021485_pathways_full_20260923_083536.xml
Pathway	GCF_000021485	Terpenoid-Biosynthesis	Terpenoid Biosynthesis						D:\嗜酸氧化亚铁硫杆菌\03_BioCyc\C2-1\官方原始下载\GCF_000021485_pathways_full_20260923_083536.xml
Pathway	GCF_000021485	Yatein-Biosynthesis	Yatein Biosynthesis						D:\嗜酸氧化亚铁硫杆菌\03_BioCyc\C2-1\官方原始下载\GCF_000021485_pathways_full_20260923_083536.xml
Pathway	GCF_000021485	p-Nitrophenol-Degradation	4-Nitrophenol Degradation						D:\嗜酸氧化亚铁硫杆菌\03_BioCyc\C2-1\官方原始下载\GCF_000021485_pathways_full_20260923_083536.xml
Pathway	GCF_000021485	Dimethylsulfide-Degradation	Dimethylsulfide Degradation						D:\嗜酸氧化亚铁硫杆菌\03_BioCyc\C2-1\官方原始下载\GCF_000021485_pathways_full_20260923_083536.xml
Pathway	GCF_000021485	HOMOCYSTEINE-DEG	L-homocysteine Degradation						D:\嗜酸氧化亚铁硫杆菌\03_BioCyc\C2-1\官方原始下载\GCF_000021485_pathways_full_20260923_083536.xml
Pathway	GCF_000021485	Pectin-Degradation	Pectin Degradation						D:\嗜酸氧化亚铁硫杆菌\03_BioCyc\C2-1\官方原始下载\GCF_000021485_pathways_full_20260923_083536.xml
Pathway	GCF_000021485	Quinate-Degradation	Quinate Degradation						D:\嗜酸氧化亚铁硫杆菌\03_BioCyc\C2-1\官方原始下载\GCF_000021485_pathways_full_20260923_083536.xml
Pathway	GCF_000021485	Phytate-Biosynthesis	Phytate Biosynthesis						D:\嗜酸氧化亚铁硫杆菌\03_BioCyc\C2-1\官方原始下载\GCF_000021485_pathways_full_20260923_083536.xml
Pathway	GCF_000021485	Stickland-Reductive	Stickland Fermentation (Reductive Branch)						D:\嗜酸氧化亚铁硫杆菌\03_BioCyc\C2-1\官方原始下载\GCF_000021485_pathways_full_20260923_083536.xml
Pathway	GCF_000021485	S-adenosyl-L-methionine-Biosynthesis	<i>S</i>-adenosyl-L-methionine Biosynthesis						D:\嗜酸氧化亚铁硫杆菌\03_BioCyc\C2-1\官方原始下载\GCF_000021485_pathways_full_20260923_083536.xml
Pathway	GCF_000021485	4-Aminobenzoate-Biosynthesis	4-Aminobenzoate Biosynthesis						D:\嗜酸氧化亚铁硫杆菌\03_BioCyc\C2-1\官方原始下载\GCF_000021485_pathways_full_20260923_083536.xml
Pathway	GCF_000021485	N-CONTAINING-SECONDARY-CMPD-DEG	Nitrogen Containing Secondary Compound Degradation						D:\嗜酸氧化亚铁硫杆菌\03_BioCyc\C2-1\官方原始下载\GCF_000021485_pathways_full_20260923_083536.xml
Pathway	GCF_000021485	Sugar-Alcohols-Biosynthesis	Alditol Biosynthesis						D:\嗜酸氧化亚铁硫杆菌\03_BioCyc\C2-1\官方原始下载\GCF_000021485_pathways_full_20260923_083536.xml
Pathway	GCF_000021485	Betaine-Biosynthesis	Betaine Biosynthesis						D:\嗜酸氧化亚铁硫杆菌\03_BioCyc\C2-1\官方原始下载\GCF_000021485_pathways_full_20260923_083536.xml
Pathway	GCF_000021485	Mercury-Detoxification	Mercury Detoxification						D:\嗜酸氧化亚铁硫杆菌\03_BioCyc\C2-1\官方原始下载\GCF_000021485_pathways_full_20260923_083536.xml
Pathway	GCF_000021485	Acrylonitrile-Degradation	Acrylonitrile Degradation						D:\嗜酸氧化亚铁硫杆菌\03_BioCyc\C2-1\官方原始下载\GCF_000021485_pathways_full_20260923_083536.xml
Pathway	GCF_000021485	Ribitol-Degradation	Ribitol Degradation						D:\嗜酸氧化亚铁硫杆菌\03_BioCyc\C2-1\官方原始下载\GCF_000021485_pathways_full_20260923_083536.xml
Pathway	GCF_000021485	Sulfide-Oxidation	Sulfide Oxidation						D:\嗜酸氧化亚铁硫杆菌\03_BioCyc\C2-1\官方原始下载\GCF_000021485_pathways_full_20260923_083536.xml
Pathway	GCF_000021485	TRITERPENOID-SYN	Triterpenoid Biosynthesis						D:\嗜酸氧化亚铁硫杆菌\03_BioCyc\C2-1\官方原始下载\GCF_000021485_pathways_full_20260923_083536.xml
Pathway	GCF_000021485	Auxin-Biosynthesis	Auxin Biosynthesis						D:\嗜酸氧化亚铁硫杆菌\03_BioCyc\C2-1\官方原始下载\GCF_000021485_pathways_full_20260923_083536.xml
Pathway	GCF_000021485	Linoleate-Biosynthesis	Linoleate Biosynthesis						D:\嗜酸氧化亚铁硫杆菌\03_BioCyc\C2-1\官方原始下载\GCF_000021485_pathways_full_20260923_083536.xml
Pathway	GCF_000021485	Pyruvate-Ethanol-Fermentation	Pyruvate Fermentation to Ethanol						D:\嗜酸氧化亚铁硫杆菌\03_BioCyc\C2-1\官方原始下载\GCF_000021485_pathways_full_20260923_083536.xml
Pathway	GCF_000021485	Entner-Duodoroff-Pathways	Entner-Doudoroff Pathways						D:\嗜酸氧化亚铁硫杆菌\03_BioCyc\C2-1\官方原始下载\GCF_000021485_pathways_full_20260923_083536.xml
Pathway	GCF_000021485	DiphthamideBiosynthesis	Diphthamide Biosynthesis						D:\嗜酸氧化亚铁硫杆菌\03_BioCyc\C2-1\官方原始下载\GCF_000021485_pathways_full_20260923_083536.xml
Pathway	GCF_000021485	Phenylethylamine-Degradation	Phenylethylamine Degradation						D:\嗜酸氧化亚铁硫杆菌\03_BioCyc\C2-1\官方原始下载\GCF_000021485_pathways_full_20260923_083536.xml
Pathway	GCF_000021485	N-Acetylglucosamine-Degradation	<i>N</i>-acetylglucosamine degradation						D:\嗜酸氧化亚铁硫杆菌\03_BioCyc\C2-1\官方原始下载\GCF_000021485_pathways_full_20260923_083536.xml
Pathway	GCF_000021485	Rotenoids-Biosynthesis	Rotenoid Biosynthesis						D:\嗜酸氧化亚铁硫杆菌\03_BioCyc\C2-1\官方原始下载\GCF_000021485_pathways_full_20260923_083536.xml
Pathway	GCF_000021485	HOMOSERINE-DEG	L-homoserine Degradation						D:\嗜酸氧化亚铁硫杆菌\03_BioCyc\C2-1\官方原始下载\GCF_000021485_pathways_full_20260923_083536.xml
Pathway	GCF_000021485	TOLUENE-DEG	Toluene Degradation						D:\嗜酸氧化亚铁硫杆菌\03_BioCyc\C2-1\官方原始下载\GCF_000021485_pathways_full_20260923_083536.xml
Pathway	GCF_000021485	Trehalose-Degradation	Trehalose Degradation						D:\嗜酸氧化亚铁硫杆菌\03_BioCyc\C2-1\官方原始下载\GCF_000021485_pathways_full_20260923_083536.xml
Pathway	GCF_000021485	Metabolic-Clusters	Metabolic Clusters						D:\嗜酸氧化亚铁硫杆菌\03_BioCyc\C2-1\官方原始下载\GCF_000021485_pathways_full_20260923_083536.xml
Pathway	GCF_000021485	Roxarsone-Degradation	Roxarsone Degradation						D:\嗜酸氧化亚铁硫杆菌\03_BioCyc\C2-1\官方原始下载\GCF_000021485_pathways_full_20260923_083536.xml
Pathway	GCF_000021485	THREONINE-DEG	L-threonine Degradation						D:\嗜酸氧化亚铁硫杆菌\03_BioCyc\C2-1\官方原始下载\GCF_000021485_pathways_full_20260923_083536.xml
Pathway	GCF_000021485	C1-COMPOUNDS	C1 Compound Utilization and Assimilation						D:\嗜酸氧化亚铁硫杆菌\03_BioCyc\C2-1\官方原始下载\GCF_000021485_pathways_full_20260923_083536.xml
Pathway	GCF_000021485	AUXINS-DEGRADATION	Indole-3-acetate Degradation						D:\嗜酸氧化亚铁硫杆菌\03_BioCyc\C2-1\官方原始下载\GCF_000021485_pathways_full_20260923_083536.xml
Pathway	GCF_000021485	Alginate-Biosynthesis	Alginate Biosynthesis						D:\嗜酸氧化亚铁硫杆菌\03_BioCyc\C2-1\官方原始下载\GCF_000021485_pathways_full_20260923_083536.xml
Pathway	GCF_000021485	Aminopropanol-Phosphate-Biosynthesis	Aminopropanol Phosphate Biosynthesis						D:\嗜酸氧化亚铁硫杆菌\03_BioCyc\C2-1\官方原始下载\GCF_000021485_pathways_full_20260923_083536.xml
Pathway	GCF_000021485	TERPENOID-PHYTOALEXINS	Terpenoid Phytoalexin Biosynthesis						D:\嗜酸氧化亚铁硫杆菌\03_BioCyc\C2-1\官方原始下载\GCF_000021485_pathways_full_20260923_083536.xml
Pathway	GCF_000021485	Steroids-Degradation	Steroid Degradation						D:\嗜酸氧化亚铁硫杆菌\03_BioCyc\C2-1\官方原始下载\GCF_000021485_pathways_full_20260923_083536.xml
Pathway	GCF_000021485	Iron-Metabolism	Iron Metabolism						D:\嗜酸氧化亚铁硫杆菌\03_BioCyc\C2-1\官方原始下载\GCF_000021485_pathways_full_20260923_083536.xml
Pathway	GCF_000021485	Hydrogen-Sulfide-Biosynthesis	Hydrogen Sulfide Biosynthesis						D:\嗜酸氧化亚铁硫杆菌\03_BioCyc\C2-1\官方原始下载\GCF_000021485_pathways_full_20260923_083536.xml
Pathway	GCF_000021485	Photorespiration	Photorespiration						D:\嗜酸氧化亚铁硫杆菌\03_BioCyc\C2-1\官方原始下载\GCF_000021485_pathways_full_20260923_083536.xml
Pathway	GCF_000021485	MANDELATE-DEG	Mandelate Degradation						D:\嗜酸氧化亚铁硫杆菌\03_BioCyc\C2-1\官方原始下载\GCF_000021485_pathways_full_20260923_083536.xml
Pathway	GCF_000021485	Manganese-Oxidation	Manganese Oxidation						D:\嗜酸氧化亚铁硫杆菌\03_BioCyc\C2-1\官方原始下载\GCF_000021485_pathways_full_20260923_083536.xml
Pathway	GCF_000021485	Phycobilin-Biosynthesis	Phycobilin Biosynthesis						D:\嗜酸氧化亚铁硫杆菌\03_BioCyc\C2-1\官方原始下载\GCF_000021485_pathways_full_20260923_083536.xml
Pathway	GCF_000021485	Divinyl-Ether-Biosynthesis	Divinyl Ether Biosynthesis						D:\嗜酸氧化亚铁硫杆菌\03_BioCyc\C2-1\官方原始下载\GCF_000021485_pathways_full_20260923_083536.xml
Pathway	GCF_000021485	GDP-Sugar-Biosynthesis	GDP-sugar Biosynthesis						D:\嗜酸氧化亚铁硫杆菌\03_BioCyc\C2-1\官方原始下载\GCF_000021485_pathways_full_20260923_083536.xml
Pathway	GCF_000021485	14-Dihydroxy-6-Naphthoate-Biosynthesis	5,8-Dihydroxy-2-Naphthoate Biosynthesis						D:\嗜酸氧化亚铁硫杆菌\03_BioCyc\C2-1\官方原始下载\GCF_000021485_pathways_full_20260923_083536.xml
Pathway	GCF_000021485	Cyanide-Detoxification	Cyanide Detoxification						D:\嗜酸氧化亚铁硫杆菌\03_BioCyc\C2-1\官方原始下载\GCF_000021485_pathways_full_20260923_083536.xml
Pathway	GCF_000021485	Phenolic-Compounds-Degradation	Phenolic Compound Degradation						D:\嗜酸氧化亚铁硫杆菌\03_BioCyc\C2-1\官方原始下载\GCF_000021485_pathways_full_20260923_083536.xml
Pathway	GCF_000021485	Alkenes-Biosynthesis	Alkene Biosynthesis						D:\嗜酸氧化亚铁硫杆菌\03_BioCyc\C2-1\官方原始下载\GCF_000021485_pathways_full_20260923_083536.xml
Pathway	GCF_000021485	INDOLE-PHYTOALEXIN-SYN	Indole Phytoalexin Biosynthesis						D:\嗜酸氧化亚铁硫杆菌\03_BioCyc\C2-1\官方原始下载\GCF_000021485_pathways_full_20260923_083536.xml
Pathway	GCF_000021485	Amino-Acids-Modification	Modification of Amino Acid Within Proteins						D:\嗜酸氧化亚铁硫杆菌\03_BioCyc\C2-1\官方原始下载\GCF_000021485_pathways_full_20260923_083536.xml
Pathway	GCF_000021485	Methylamine-Degradation	Methylamine Degradation						D:\嗜酸氧化亚铁硫杆菌\03_BioCyc\C2-1\官方原始下载\GCF_000021485_pathways_full_20260923_083536.xml
Pathway	GCF_000021485	Gentisate-Degradation	Gentisate Degradation						D:\嗜酸氧化亚铁硫杆菌\03_BioCyc\C2-1\官方原始下载\GCF_000021485_pathways_full_20260923_083536.xml
Pathway	GCF_000021485	KDO-Lipid-IV-Transfer	Kdo Transfer to Lipid IV<SUB>A</SUB>						D:\嗜酸氧化亚铁硫杆菌\03_BioCyc\C2-1\官方原始下载\GCF_000021485_pathways_full_20260923_083536.xml
Pathway	GCF_000021485	Beta-Alanine-Degradation	&beta;-Alanine Degradation						D:\嗜酸氧化亚铁硫杆菌\03_BioCyc\C2-1\官方原始下载\GCF_000021485_pathways_full_20260923_083536.xml
Pathway	GCF_000021485	Pyruvate-Lactate-Fermentation	Pyruvate Fermentation to Lactate						D:\嗜酸氧化亚铁硫杆菌\03_BioCyc\C2-1\官方原始下载\GCF_000021485_pathways_full_20260923_083536.xml
Pathway	GCF_000021485	Aldaric-Acid-Degradation	Aldaric Acid Degradation						D:\嗜酸氧化亚铁硫杆菌\03_BioCyc\C2-1\官方原始下载\GCF_000021485_pathways_full_20260923_083536.xml
Pathway	GCF_000021485	Acetyl-CoA-Butyrate	Fermentation to Butanoate						D:\嗜酸氧化亚铁硫杆菌\03_BioCyc\C2-1\官方原始下载\GCF_000021485_pathways_full_20260923_083536.xml
Pathway	GCF_000021485	Shikimate-Degradation	Shikimate Degradation						D:\嗜酸氧化亚铁硫杆菌\03_BioCyc\C2-1\官方原始下载\GCF_000021485_pathways_full_20260923_083536.xml
Pathway	GCF_000021485	DMB-Biosynthesis	5,6-Dimethylbenzimidazole Biosynthesis						D:\嗜酸氧化亚铁硫杆菌\03_BioCyc\C2-1\官方原始下载\GCF_000021485_pathways_full_20260923_083536.xml
Pathway	GCF_000021485	Energy-Metabolism	Generation of Precursor Metabolites and Energy						D:\嗜酸氧化亚铁硫杆菌\03_BioCyc\C2-1\官方原始下载\GCF_000021485_pathways_full_20260923_083536.xml
Pathway	GCF_000021485	Phylloquinone-Biosynthesis	Phylloquinol Biosynthesis						D:\嗜酸氧化亚铁硫杆菌\03_BioCyc\C2-1\官方原始下载\GCF_000021485_pathways_full_20260923_083536.xml
Pathway	GCF_000021485	Toxin-Biosynthesis	Toxin Biosynthesis						D:\嗜酸氧化亚铁硫杆菌\03_BioCyc\C2-1\官方原始下载\GCF_000021485_pathways_full_20260923_083536.xml
Pathway	GCF_000021485	Cobamide-De-Novo-Biosynthesis	Cobamide <i>de novo</i> Biosynthesis						D:\嗜酸氧化亚铁硫杆菌\03_BioCyc\C2-1\官方原始下载\GCF_000021485_pathways_full_20260923_083536.xml
Pathway	GCF_000021485	Neurotransmitter-Biosynthesis	Neurotransmitter Biosynthesis						D:\嗜酸氧化亚铁硫杆菌\03_BioCyc\C2-1\官方原始下载\GCF_000021485_pathways_full_20260923_083536.xml
Pathway	GCF_000021485	Other-Amino-Acid-Biosynthesis	Other Amino Acid Biosynthesis						D:\嗜酸氧化亚铁硫杆菌\03_BioCyc\C2-1\官方原始下载\GCF_000021485_pathways_full_20260923_083536.xml
Pathway	GCF_000021485	Nitroaromatic-Degradation	Nitroaromatic Compound Degradation						D:\嗜酸氧化亚铁硫杆菌\03_BioCyc\C2-1\官方原始下载\GCF_000021485_pathways_full_20260923_083536.xml
Pathway	GCF_000021485	JH-III-Biosynthesis	juvenile hormone III biosynthesis						D:\嗜酸氧化亚铁硫杆菌\03_BioCyc\C2-1\官方原始下载\GCF_000021485_pathways_full_20260923_083536.xml
Pathway	GCF_000021485	Putrescine-Degradation	Putrescine Degradation						D:\嗜酸氧化亚铁硫杆菌\03_BioCyc\C2-1\官方原始下载\GCF_000021485_pathways_full_20260923_083536.xml
Pathway	GCF_000021485	Nitro-Toluene-Degradation	Nitrotoluene Degradation						D:\嗜酸氧化亚铁硫杆菌\03_BioCyc\C2-1\官方原始下载\GCF_000021485_pathways_full_20260923_083536.xml
Pathway	GCF_000021485	LYSINE-SYN	L-lysine Biosynthesis						D:\嗜酸氧化亚铁硫杆菌\03_BioCyc\C2-1\官方原始下载\GCF_000021485_pathways_full_20260923_083536.xml
Pathway	GCF_000021485	Nucleic-Acid-Processing	Nucleic Acid Processing						D:\嗜酸氧化亚铁硫杆菌\03_BioCyc\C2-1\官方原始下载\GCF_000021485_pathways_full_20260923_083536.xml
Pathway	GCF_000021485	All-Trans-Polyprenyl-Biosynthesis	<i>All-Trans</i>-Polyprenyl Diphosphate Biosynthesis						D:\嗜酸氧化亚铁硫杆菌\03_BioCyc\C2-1\官方原始下载\GCF_000021485_pathways_full_20260923_083536.xml
Pathway	GCF_000021485	FLAVONE-SYN	Flavone Biosynthesis						D:\嗜酸氧化亚铁硫杆菌\03_BioCyc\C2-1\官方原始下载\GCF_000021485_pathways_full_20260923_083536.xml
Pathway	GCF_000021485	Pyruvate-Degradation	Fermentation of Pyruvate						D:\嗜酸氧化亚铁硫杆菌\03_BioCyc\C2-1\官方原始下载\GCF_000021485_pathways_full_20260923_083536.xml
Pathway	GCF_000021485	LIPOPEPTIDE-BIOSYNTHESIS	Lipopeptide Biosynthesis						D:\嗜酸氧化亚铁硫杆菌\03_BioCyc\C2-1\官方原始下载\GCF_000021485_pathways_full_20260923_083536.xml
Pathway	GCF_000021485	CYSTEINE-SYN	L-cysteine Biosynthesis						D:\嗜酸氧化亚铁硫杆菌\03_BioCyc\C2-1\官方原始下载\GCF_000021485_pathways_full_20260923_083536.xml
Pathway	GCF_000021485	Dinitrotoluene-Degradation	Dinitrotoluene Degradation						D:\嗜酸氧化亚铁硫杆菌\03_BioCyc\C2-1\官方原始下载\GCF_000021485_pathways_full_20260923_083536.xml
Pathway	GCF_000021485	Plastoquinone-Biosynthesis	Plastoquinol Biosynthesis						D:\嗜酸氧化亚铁硫杆菌\03_BioCyc\C2-1\官方原始下载\GCF_000021485_pathways_full_20260923_083536.xml
Pathway	GCF_000021485	Thiosulfate-Oxidation	Thiosulfate Oxidation						D:\嗜酸氧化亚铁硫杆菌\03_BioCyc\C2-1\官方原始下载\GCF_000021485_pathways_full_20260923_083536.xml
Pathway	GCF_000021485	Sugar-Derivatives	Sugar Derivative Degradation						D:\嗜酸氧化亚铁硫杆菌\03_BioCyc\C2-1\官方原始下载\GCF_000021485_pathways_full_20260923_083536.xml
Pathway	GCF_000021485	Wax-Ester-Biosynthesis	Wax Ester Biosynthesis						D:\嗜酸氧化亚铁硫杆菌\03_BioCyc\C2-1\官方原始下载\GCF_000021485_pathways_full_20260923_083536.xml
Pathway	GCF_000021485	Disaccharide-Biosynthesis	Disaccharide Biosynthesis						D:\嗜酸氧化亚铁硫杆菌\03_BioCyc\C2-1\官方原始下载\GCF_000021485_pathways_full_20260923_083536.xml
Pathway	GCF_000021485	Cobyrinate-diamide-Biosynthesis	cob(II)yrinate <i>a,c</i>-diamide biosynthesis						D:\嗜酸氧化亚铁硫杆菌\03_BioCyc\C2-1\官方原始下载\GCF_000021485_pathways_full_20260923_083536.xml
Pathway	GCF_000021485	Degradation	Degradation/Utilization/Assimilation						D:\嗜酸氧化亚铁硫杆菌\03_BioCyc\C2-1\官方原始下载\GCF_000021485_pathways_full_20260923_083536.xml
Pathway	GCF_000021485	Lower-Ligand-Biosynthesis	Cobamide Lower Ligand Biosynthesis						D:\嗜酸氧化亚铁硫杆菌\03_BioCyc\C2-1\官方原始下载\GCF_000021485_pathways_full_20260923_083536.xml
Pathway	GCF_000021485	Sulfolactate-Degradation	Sulfolactate Degradation						D:\嗜酸氧化亚铁硫杆菌\03_BioCyc\C2-1\官方原始下载\GCF_000021485_pathways_full_20260923_083536.xml
Pathway	GCF_000021485	PUFA-Biosynthesis	Polyunsaturated Fatty Acid Biosynthesis						D:\嗜酸氧化亚铁硫杆菌\03_BioCyc\C2-1\官方原始下载\GCF_000021485_pathways_full_20260923_083536.xml
Pathway	GCF_000021485	Polyprenyl-Biosynthesis	Polyprenyl Biosynthesis						D:\嗜酸氧化亚铁硫杆菌\03_BioCyc\C2-1\官方原始下载\GCF_000021485_pathways_full_20260923_083536.xml
Pathway	GCF_000021485	Vanillin-Degradation	Vanillin Degradation						D:\嗜酸氧化亚铁硫杆菌\03_BioCyc\C2-1\官方原始下载\GCF_000021485_pathways_full_20260923_083536.xml
Pathway	GCF_000021485	CHALCONE-SYN	Chalcone Biosynthesis						D:\嗜酸氧化亚铁硫杆菌\03_BioCyc\C2-1\官方原始下载\GCF_000021485_pathways_full_20260923_083536.xml
Pathway	GCF_000021485	Hydrocarbon-Biosynthesis	Hydrocarbon Biosynthesis						D:\嗜酸氧化亚铁硫杆菌\03_BioCyc\C2-1\官方原始下载\GCF_000021485_pathways_full_20260923_083536.xml
Pathway	GCF_000021485	Acetaldehyde-Biosynthesis	Acetaldehyde Biosynthesis						D:\嗜酸氧化亚铁硫杆菌\03_BioCyc\C2-1\官方原始下载\GCF_000021485_pathways_full_20260923_083536.xml
Pathway	GCF_000021485	Pyrimid-Deoxyribonucleot-De-Novo-Biosyn	Pyrimidine Deoxyribonucleotide <i>De Novo</i> Biosynthesis						D:\嗜酸氧化亚铁硫杆菌\03_BioCyc\C2-1\官方原始下载\GCF_000021485_pathways_full_20260923_083536.xml
Pathway	GCF_000021485	Cobalamin-Biosynthesis	Cobamide Biosynthesis						D:\嗜酸氧化亚铁硫杆菌\03_BioCyc\C2-1\官方原始下载\GCF_000021485_pathways_full_20260923_083536.xml
Pathway	GCF_000021485	CMP-N-Acetylneuraminate-Biosynthesis	CMP-<i>N</i>-acetylneuraminate Biosynthesis						D:\嗜酸氧化亚铁硫杆菌\03_BioCyc\C2-1\官方原始下载\GCF_000021485_pathways_full_20260923_083536.xml
Pathway	GCF_000021485	Interconversion	Metabolite Interconversion						D:\嗜酸氧化亚铁硫杆菌\03_BioCyc\C2-1\官方原始下载\GCF_000021485_pathways_full_20260923_083536.xml
Pathway	GCF_000021485	Taurine-Biosynthesis	Taurine Biosynthesis						D:\嗜酸氧化亚铁硫杆菌\03_BioCyc\C2-1\官方原始下载\GCF_000021485_pathways_full_20260923_083536.xml
Pathway	GCF_000021485	5Z-Dodec-5-enoate-Biosynthesis	(5Z)-dodecenoate Biosynthesis						D:\嗜酸氧化亚铁硫杆菌\03_BioCyc\C2-1\官方原始下载\GCF_000021485_pathways_full_20260923_083536.xml
Pathway	GCF_000021485	Coenzyme-M-Biosynthesis	Coenzyme M Biosynthesis						D:\嗜酸氧化亚铁硫杆菌\03_BioCyc\C2-1\官方原始下载\GCF_000021485_pathways_full_20260923_083536.xml
Pathway	GCF_000021485	PRIMARY-CELL-WALL	Primary Cell Wall						D:\嗜酸氧化亚铁硫杆菌\03_BioCyc\C2-1\官方原始下载\GCF_000021485_pathways_full_20260923_083536.xml
Pathway	GCF_000021485	Amino-Acid-Biosynthesis	Amino Acid Biosynthesis						D:\嗜酸氧化亚铁硫杆菌\03_BioCyc\C2-1\官方原始下载\GCF_000021485_pathways_full_20260923_083536.xml
Pathway	GCF_000021485	D-Glucarate-Degradation	D-Glucarate Degradation						D:\嗜酸氧化亚铁硫杆菌\03_BioCyc\C2-1\官方原始下载\GCF_000021485_pathways_full_20260923_083536.xml
Pathway	GCF_000021485	Atrazine-Degradation	Atrazine Degradation						D:\嗜酸氧化亚铁硫杆菌\03_BioCyc\C2-1\官方原始下载\GCF_000021485_pathways_full_20260923_083536.xml
Pathway	GCF_000021485	Pyrimidine-Nucleotide-Salvage	Pyrimidine Nucleotide Salvage						D:\嗜酸氧化亚铁硫杆菌\03_BioCyc\C2-1\官方原始下载\GCF_000021485_pathways_full_20260923_083536.xml
Pathway	GCF_000021485	Tetraterpenoid-Degradation	Tetraterpenoid Degradation						D:\嗜酸氧化亚铁硫杆菌\03_BioCyc\C2-1\官方原始下载\GCF_000021485_pathways_full_20260923_083536.xml
Pathway	GCF_000021485	Transport-Pathways	Transport						D:\嗜酸氧化亚铁硫杆菌\03_BioCyc\C2-1\官方原始下载\GCF_000021485_pathways_full_20260923_083536.xml
Pathway	GCF_000021485	Acetate-Formation	Fermentation to Acetate						D:\嗜酸氧化亚铁硫杆菌\03_BioCyc\C2-1\官方原始下载\GCF_000021485_pathways_full_20260923_083536.xml
Pathway	GCF_000021485	D-Galactarate-Degradation	D-Galactarate Degradation						D:\嗜酸氧化亚铁硫杆菌\03_BioCyc\C2-1\官方原始下载\GCF_000021485_pathways_full_20260923_083536.xml
Pathway	GCF_000021485	3-Dehydroquinate-Biosynthesis	3-Dehydroquinate Biosynthesis						D:\嗜酸氧化亚铁硫杆菌\03_BioCyc\C2-1\官方原始下载\GCF_000021485_pathways_full_20260923_083536.xml
Pathway	GCF_000021485	Heme-b-Biosynthesis	Heme <i>b</i> Biosynthesis						D:\嗜酸氧化亚铁硫杆菌\03_BioCyc\C2-1\官方原始下载\GCF_000021485_pathways_full_20260923_083536.xml
Pathway	GCF_000021485	FLAVANONES-SYN	Flavanone Biosynthesis						D:\嗜酸氧化亚铁硫杆菌\03_BioCyc\C2-1\官方原始下载\GCF_000021485_pathways_full_20260923_083536.xml
Pathway	GCF_000021485	Uroporphyrinogen-III-Biosynthesis	Uroporphyrinogen-III Biosynthesis						D:\嗜酸氧化亚铁硫杆菌\03_BioCyc\C2-1\官方原始下载\GCF_000021485_pathways_full_20260923_083536.xml
Pathway	GCF_000021485	Sesquiterpenoid-Degradation	Sesquiterpenoid Degradation						D:\嗜酸氧化亚铁硫杆菌\03_BioCyc\C2-1\官方原始下载\GCF_000021485_pathways_full_20260923_083536.xml
Pathway	GCF_000021485	Proteinogenic-Amino-Acids-Degradation	Proteinogenic Amino Acid Degradation						D:\嗜酸氧化亚铁硫杆菌\03_BioCyc\C2-1\官方原始下载\GCF_000021485_pathways_full_20260923_083536.xml
Pathway	GCF_000021485	Macromolecule-Modification	Macromolecule Modification						D:\嗜酸氧化亚铁硫杆菌\03_BioCyc\C2-1\官方原始下载\GCF_000021485_pathways_full_20260923_083536.xml
Pathway	GCF_000021485	Anandamide-Biosynthesis	Anandamide Biosynthesis						D:\嗜酸氧化亚铁硫杆菌\03_BioCyc\C2-1\官方原始下载\GCF_000021485_pathways_full_20260923_083536.xml
Pathway	GCF_000021485	GALLOTANNINS	Gallotannin Biosynthesis						D:\嗜酸氧化亚铁硫杆菌\03_BioCyc\C2-1\官方原始下载\GCF_000021485_pathways_full_20260923_083536.xml
Pathway	GCF_000021485	PhosphatidylglycerolBiosynthesis	Phosphatidylglycerol Biosynthesis						D:\嗜酸氧化亚铁硫杆菌\03_BioCyc\C2-1\官方原始下载\GCF_000021485_pathways_full_20260923_083536.xml
Pathway	GCF_000021485	Palmitoleate-Biosynthesis	Palmitoleate Biosynthesis						D:\嗜酸氧化亚铁硫杆菌\03_BioCyc\C2-1\官方原始下载\GCF_000021485_pathways_full_20260923_083536.xml
Pathway	GCF_000021485	Dissimilatory-Sulfate-Reduction	Dissimilatory Sulfate Reduction						D:\嗜酸氧化亚铁硫杆菌\03_BioCyc\C2-1\官方原始下载\GCF_000021485_pathways_full_20260923_083536.xml
Pathway	GCF_000021485	Antibiotic-Biosynthesis	Antibiotic Biosynthesis						D:\嗜酸氧化亚铁硫杆菌\03_BioCyc\C2-1\官方原始下载\GCF_000021485_pathways_full_20260923_083536.xml
Pathway	GCF_000021485	D-Apionate-Degradation	D-Apionate Degradation						D:\嗜酸氧化亚铁硫杆菌\03_BioCyc\C2-1\官方原始下载\GCF_000021485_pathways_full_20260923_083536.xml
Pathway	GCF_000021485	Chlorocatechol-Degradation	Chlorocatechol Degradation						D:\嗜酸氧化亚铁硫杆菌\03_BioCyc\C2-1\官方原始下载\GCF_000021485_pathways_full_20260923_083536.xml
Pathway	GCF_000021485	CYTOKININ-BIOSYNTHESIS	Cytokinin Biosynthesis						D:\嗜酸氧化亚铁硫杆菌\03_BioCyc\C2-1\官方原始下载\GCF_000021485_pathways_full_20260923_083536.xml
Pathway	GCF_000021485	Lipid-Anchor-Biosynthesis	Lipid Anchor Biosynthesis						D:\嗜酸氧化亚铁硫杆菌\03_BioCyc\C2-1\官方原始下载\GCF_000021485_pathways_full_20260923_083536.xml
Pathway	GCF_000021485	Serotonin-And-Melatonin-Biosynthesis	Serotonin and Melatonin Biosynthesis						D:\嗜酸氧化亚铁硫杆菌\03_BioCyc\C2-1\官方原始下载\GCF_000021485_pathways_full_20260923_083536.xml
Pathway	GCF_000021485	Mannitol-Degradation	mannitol degradation						D:\嗜酸氧化亚铁硫杆菌\03_BioCyc\C2-1\官方原始下载\GCF_000021485_pathways_full_20260923_083536.xml
Pathway	GCF_000021485	Cytochrome-C-Biogenesis	Cytochrome <i>c</i> Biogenesis						D:\嗜酸氧化亚铁硫杆菌\03_BioCyc\C2-1\官方原始下载\GCF_000021485_pathways_full_20260923_083536.xml
Pathway	GCF_000021485	Conjugated-Fatty-Acid-Biosynthesis	Conjugated Fatty Acid Biosynthesis						D:\嗜酸氧化亚铁硫杆菌\03_BioCyc\C2-1\官方原始下载\GCF_000021485_pathways_full_20260923_083536.xml
Pathway	GCF_000021485	Choline-Biosynthesis	Choline Biosynthesis						D:\嗜酸氧化亚铁硫杆菌\03_BioCyc\C2-1\官方原始下载\GCF_000021485_pathways_full_20260923_083536.xml
Pathway	GCF_000021485	Vernolate-Biosynthesis	Vernolate Biosynthesis						D:\嗜酸氧化亚铁硫杆菌\03_BioCyc\C2-1\官方原始下载\GCF_000021485_pathways_full_20260923_083536.xml
Pathway	GCF_000021485	SESQUITERPENOID-SYN	Sesquiterpenoid Biosynthesis						D:\嗜酸氧化亚铁硫杆菌\03_BioCyc\C2-1\官方原始下载\GCF_000021485_pathways_full_20260923_083536.xml
Pathway	GCF_000021485	Xylene-Degradation	Dimethylbenzene Degradation						D:\嗜酸氧化亚铁硫杆菌\03_BioCyc\C2-1\官方原始下载\GCF_000021485_pathways_full_20260923_083536.xml
Pathway	GCF_000021485	Chorismate-Biosynthesis	Chorismate Biosynthesis						D:\嗜酸氧化亚铁硫杆菌\03_BioCyc\C2-1\官方原始下载\GCF_000021485_pathways_full_20260923_083536.xml
Pathway	GCF_000021485	CYANOGENIC-GLUCOSIDE-DEG	Cyanogenic Glucoside Degradation						D:\嗜酸氧化亚铁硫杆菌\03_BioCyc\C2-1\官方原始下载\GCF_000021485_pathways_full_20260923_083536.xml
Pathway	GCF_000021485	Pyrimidine-Ribonucleosides-Degradation	Pyrimidine Ribonucleoside Degradation						D:\嗜酸氧化亚铁硫杆菌\03_BioCyc\C2-1\官方原始下载\GCF_000021485_pathways_full_20260923_083536.xml
Pathway	GCF_000021485	B12-Salvage-From-Cobinamide	Adenosylcobalamin Salvage from Cobinamide						D:\嗜酸氧化亚铁硫杆菌\03_BioCyc\C2-1\官方原始下载\GCF_000021485_pathways_full_20260923_083536.xml
Pathway	GCF_000021485	Thiamine-Biosynthesis	Thiamine Biosynthesis						D:\嗜酸氧化亚铁硫杆菌\03_BioCyc\C2-1\官方原始下载\GCF_000021485_pathways_full_20260923_083536.xml
Pathway	GCF_000021485	Abscisic-Acid-Degradation	Abscisic Acid Degradation						D:\嗜酸氧化亚铁硫杆菌\03_BioCyc\C2-1\官方原始下载\GCF_000021485_pathways_full_20260923_083536.xml
Pathway	GCF_000021485	Sorbitol-Biosynthesis	Sorbitol Biosynthesis						D:\嗜酸氧化亚铁硫杆菌\03_BioCyc\C2-1\官方原始下载\GCF_000021485_pathways_full_20260923_083536.xml
Pathway	GCF_000021485	Oxalate-Degradation	Oxalate Degradation						D:\嗜酸氧化亚铁硫杆菌\03_BioCyc\C2-1\官方原始下载\GCF_000021485_pathways_full_20260923_083536.xml
Pathway	GCF_000021485	Mannosylglucosylglycerate-Biosynthesis	Mannosylglucosylglycerate Biosynthesis						D:\嗜酸氧化亚铁硫杆菌\03_BioCyc\C2-1\官方原始下载\GCF_000021485_pathways_full_20260923_083536.xml
Pathway	GCF_000021485	Carriers-Biosynthesis	Carrier Biosynthesis						D:\嗜酸氧化亚铁硫杆菌\03_BioCyc\C2-1\官方原始下载\GCF_000021485_pathways_full_20260923_083536.xml
Pathway	GCF_000021485	TRYPTOPHAN-DEG	L-tryptophan Degradation						D:\嗜酸氧化亚铁硫杆菌\03_BioCyc\C2-1\官方原始下载\GCF_000021485_pathways_full_20260923_083536.xml
Pathway	GCF_000021485	Methylthioadenosine-Degradation	<i>S</i>-methyl-5'-thioadenosine Degradation						D:\嗜酸氧化亚铁硫杆菌\03_BioCyc\C2-1\官方原始下载\GCF_000021485_pathways_full_20260923_083536.xml
Pathway	GCF_000021485	TETRATERPENOID-SYN	Tetraterpenoid Biosynthesis						D:\嗜酸氧化亚铁硫杆菌\03_BioCyc\C2-1\官方原始下载\GCF_000021485_pathways_full_20260923_083536.xml
Pathway	GCF_000021485	Chlorophyll-A-Degradation	Chlorophyll <i>a</i> Degradation						D:\嗜酸氧化亚铁硫杆菌\03_BioCyc\C2-1\官方原始下载\GCF_000021485_pathways_full_20260923_083536.xml
Pathway	GCF_000021485	Cobamide-Salvage	Cobinamide Salvage						D:\嗜酸氧化亚铁硫杆菌\03_BioCyc\C2-1\官方原始下载\GCF_000021485_pathways_full_20260923_083536.xml
Pathway	GCF_000021485	Folate-Biosynthesis	Folate Biosynthesis						D:\嗜酸氧化亚铁硫杆菌\03_BioCyc\C2-1\官方原始下载\GCF_000021485_pathways_full_20260923_083536.xml
Pathway	GCF_000021485	PYRROLIDINE-ALKALOIDS	Pyrrolidine, Piperidine and Pyridine Alkaloid Biosynthesis						D:\嗜酸氧化亚铁硫杆菌\03_BioCyc\C2-1\官方原始下载\GCF_000021485_pathways_full_20260923_083536.xml
Pathway	GCF_000021485	Trehalose-biosynthesis	Trehalose Biosynthesis						D:\嗜酸氧化亚铁硫杆菌\03_BioCyc\C2-1\官方原始下载\GCF_000021485_pathways_full_20260923_083536.xml
Pathway	GCF_000021485	PLANT-CELL-STRUCTURE	Plant Cell Structures						D:\嗜酸氧化亚铁硫杆菌\03_BioCyc\C2-1\官方原始下载\GCF_000021485_pathways_full_20260923_083536.xml
Pathway	GCF_000021485	PhosphatidylcholineBiosynthesis	Phosphatidylcholine Biosynthesis						D:\嗜酸氧化亚铁硫杆菌\03_BioCyc\C2-1\官方原始下载\GCF_000021485_pathways_full_20260923_083536.xml
Pathway	GCF_000021485	Pyrimidine-Base-Degradation	Pyrimidine Nucleobase Degradation						D:\嗜酸氧化亚铁硫杆菌\03_BioCyc\C2-1\官方原始下载\GCF_000021485_pathways_full_20260923_083536.xml
Pathway	GCF_000021485	Enzyme-Cofactor-Biosynthesis	Enzyme Cofactor Biosynthesis						D:\嗜酸氧化亚铁硫杆菌\03_BioCyc\C2-1\官方原始下载\GCF_000021485_pathways_full_20260923_083536.xml
Pathway	GCF_000021485	COUMARIN-SYN	Coumarins Biosynthesis						D:\嗜酸氧化亚铁硫杆菌\03_BioCyc\C2-1\官方原始下载\GCF_000021485_pathways_full_20260923_083536.xml
Pathway	GCF_000021485	Opine-Biosynthesis	Opine Biosynthesis						D:\嗜酸氧化亚铁硫杆菌\03_BioCyc\C2-1\官方原始下载\GCF_000021485_pathways_full_20260923_083536.xml
Pathway	GCF_000021485	Acetlylenic-Fatty-Acid-Biosynthesis	Fatty Acid Containing acetylenic bond Biosynthesis						D:\嗜酸氧化亚铁硫杆菌\03_BioCyc\C2-1\官方原始下载\GCF_000021485_pathways_full_20260923_083536.xml
Pathway	GCF_000021485	Salicylate-Degradation	Salicylate Degradation						D:\嗜酸氧化亚铁硫杆菌\03_BioCyc\C2-1\官方原始下载\GCF_000021485_pathways_full_20260923_083536.xml
Pathway	GCF_000021485	LIGNIN-SYN	Lignin Biosynthesis						D:\嗜酸氧化亚铁硫杆菌\03_BioCyc\C2-1\官方原始下载\GCF_000021485_pathways_full_20260923_083536.xml
Pathway	GCF_000021485	DHPS-Degradation	3-Sulfopropanediol Degradation						D:\嗜酸氧化亚铁硫杆菌\03_BioCyc\C2-1\官方原始下载\GCF_000021485_pathways_full_20260923_083536.xml
Pathway	GCF_000021485	Seleno-Amino-Acid-Detoxification	Seleno-Amino Acid Detoxification						D:\嗜酸氧化亚铁硫杆菌\03_BioCyc\C2-1\官方原始下载\GCF_000021485_pathways_full_20260923_083536.xml
Pathway	GCF_000021485	2-Aminobenzoate-Degradation	2-Aminobenzoate Degradation						D:\嗜酸氧化亚铁硫杆菌\03_BioCyc\C2-1\官方原始下载\GCF_000021485_pathways_full_20260923_083536.xml
Pathway	GCF_000021485	BIOTIN-SYN	Biotin Biosynthesis						D:\嗜酸氧化亚铁硫杆菌\03_BioCyc\C2-1\官方原始下载\GCF_000021485_pathways_full_20260923_083536.xml
Pathway	GCF_000021485	Phenazines-BioSynthesis	Phenazines Biosynthesis						D:\嗜酸氧化亚铁硫杆菌\03_BioCyc\C2-1\官方原始下载\GCF_000021485_pathways_full_20260923_083536.xml
Pathway	GCF_000021485	PHENYLALANINE-SYN	L-phenylalanine Biosynthesis						D:\嗜酸氧化亚铁硫杆菌\03_BioCyc\C2-1\官方原始下载\GCF_000021485_pathways_full_20260923_083536.xml
Pathway	GCF_000021485	Fluorescence	Fluorescent Protein Biosynthesis						D:\嗜酸氧化亚铁硫杆菌\03_BioCyc\C2-1\官方原始下载\GCF_000021485_pathways_full_20260923_083536.xml
Pathway	GCF_000021485	GLYCOGEN-BIOSYN	Glycogen and Starch Biosynthesis						D:\嗜酸氧化亚铁硫杆菌\03_BioCyc\C2-1\官方原始下载\GCF_000021485_pathways_full_20260923_083536.xml
Pathway	GCF_000021485	Fatty-Acid-and-Lipid-Degradation	Fatty Acid and Lipid Degradation						D:\嗜酸氧化亚铁硫杆菌\03_BioCyc\C2-1\官方原始下载\GCF_000021485_pathways_full_20260923_083536.xml
Pathway	GCF_000021485	Isopentenyl-Diphosphate-Biosynthesis	Isopentenyl Diphosphate Biosynthesis						D:\嗜酸氧化亚铁硫杆菌\03_BioCyc\C2-1\官方原始下载\GCF_000021485_pathways_full_20260923_083536.xml
Pathway	GCF_000021485	Pyrrolysine-Biosynthesis	L-pyrrolysine Biosynthesis						D:\嗜酸氧化亚铁硫杆菌\03_BioCyc\C2-1\官方原始下载\GCF_000021485_pathways_full_20260923_083536.xml
Pathway	GCF_000021485	N-CONTAINING-GLUCOSIDE-DEG	Nitrogen Containing Glucoside Degradation						D:\嗜酸氧化亚铁硫杆菌\03_BioCyc\C2-1\官方原始下载\GCF_000021485_pathways_full_20260923_083536.xml
Pathway	GCF_000021485	Chlorobenzoate-Degradation	Chlorobenzoate Degradation						D:\嗜酸氧化亚铁硫杆菌\03_BioCyc\C2-1\官方原始下载\GCF_000021485_pathways_full_20260923_083536.xml
Pathway	GCF_000021485	Arsenic-Detoxification	Arsenic Compound Detoxification						D:\嗜酸氧化亚铁硫杆菌\03_BioCyc\C2-1\官方原始下载\GCF_000021485_pathways_full_20260923_083536.xml
Pathway	GCF_000021485	POLYSACCHARIDES-DEG	Polysaccharide Degradation						D:\嗜酸氧化亚铁硫杆菌\03_BioCyc\C2-1\官方原始下载\GCF_000021485_pathways_full_20260923_083536.xml
Pathway	GCF_000021485	LYSINE-DEG	L-lysine Degradation						D:\嗜酸氧化亚铁硫杆菌\03_BioCyc\C2-1\官方原始下载\GCF_000021485_pathways_full_20260923_083536.xml
Pathway	GCF_000021485	HEME-SYN	Heme Biosynthesis						D:\嗜酸氧化亚铁硫杆菌\03_BioCyc\C2-1\官方原始下载\GCF_000021485_pathways_full_20260923_083536.xml
Pathway	GCF_000021485	4-Aminobutyraye-Degradation	4-Aminobutanoate Degradation						D:\嗜酸氧化亚铁硫杆菌\03_BioCyc\C2-1\官方原始下载\GCF_000021485_pathways_full_20260923_083536.xml
Pathway	GCF_000021485	Phospholipid-Biosynthesis	Phospholipid Biosynthesis						D:\嗜酸氧化亚铁硫杆菌\03_BioCyc\C2-1\官方原始下载\GCF_000021485_pathways_full_20260923_083536.xml
Pathway	GCF_000021485	Sulfoquinovose-Degradation	Sulfoquinovose Degradation						D:\嗜酸氧化亚铁硫杆菌\03_BioCyc\C2-1\官方原始下载\GCF_000021485_pathways_full_20260923_083536.xml
Pathway	GCF_000021485	Ammonia-oxidation	Ammonia Oxidation						D:\嗜酸氧化亚铁硫杆菌\03_BioCyc\C2-1\官方原始下载\GCF_000021485_pathways_full_20260923_083536.xml
Pathway	GCF_000021485	Malonate-Degradation	Malonate Degradation						D:\嗜酸氧化亚铁硫杆菌\03_BioCyc\C2-1\官方原始下载\GCF_000021485_pathways_full_20260923_083536.xml
Pathway	GCF_000021485	Carbohydrates-Degradation	Carbohydrate Degradation						D:\嗜酸氧化亚铁硫杆菌\03_BioCyc\C2-1\官方原始下载\GCF_000021485_pathways_full_20260923_083536.xml
Pathway	GCF_000021485	Menaquinone-Biosynthesis	Menaquinol Biosynthesis						D:\嗜酸氧化亚铁硫杆菌\03_BioCyc\C2-1\官方原始下载\GCF_000021485_pathways_full_20260923_083536.xml
Pathway	GCF_000021485	Naphthalene-Degradation	Naphthalene Degradation						D:\嗜酸氧化亚铁硫杆菌\03_BioCyc\C2-1\官方原始下载\GCF_000021485_pathways_full_20260923_083536.xml
Pathway	GCF_000021485	UTP-CTP-Dephosphorylation	UTP and CTP Dephosphorylation						D:\嗜酸氧化亚铁硫杆菌\03_BioCyc\C2-1\官方原始下载\GCF_000021485_pathways_full_20260923_083536.xml
Pathway	GCF_000021485	4-Hydroxybenzoate-Biosynthesis	4-Hydroxybenzoate Biosynthesis						D:\嗜酸氧化亚铁硫杆菌\03_BioCyc\C2-1\官方原始下载\GCF_000021485_pathways_full_20260923_083536.xml
Pathway	GCF_000021485	Methylphosphonate-Degradation	Methylphosphonate Degradation						D:\嗜酸氧化亚铁硫杆菌\03_BioCyc\C2-1\官方原始下载\GCF_000021485_pathways_full_20260923_083536.xml
Pathway	GCF_000021485	Allantoin-degradation	Allantoin Degradation						D:\嗜酸氧化亚铁硫杆菌\03_BioCyc\C2-1\官方原始下载\GCF_000021485_pathways_full_20260923_083536.xml
Pathway	GCF_000021485	Electron-Transfer	Electron Transfer Chains						D:\嗜酸氧化亚铁硫杆菌\03_BioCyc\C2-1\官方原始下载\GCF_000021485_pathways_full_20260923_083536.xml
Pathway	GCF_000021485	Carrier-Degradation	Carrier Degradation						D:\嗜酸氧化亚铁硫杆菌\03_BioCyc\C2-1\官方原始下载\GCF_000021485_pathways_full_20260923_083536.xml
Pathway	GCF_000021485	PROLINE-DEG	L-proline Degradation				EV-EXP		D:\嗜酸氧化亚铁硫杆菌\03_BioCyc\C2-1\官方原始下载\GCF_000021485_pathways_full_20260923_083536.xml
Pathway	GCF_000021485	Selenium-Metabolism	Selenium Metabolism						D:\嗜酸氧化亚铁硫杆菌\03_BioCyc\C2-1\官方原始下载\GCF_000021485_pathways_full_20260923_083536.xml
Pathway	GCF_000021485	Plant-Hormone-Biosynthesis	Plant Hormone Biosynthesis						D:\嗜酸氧化亚铁硫杆菌\03_BioCyc\C2-1\官方原始下载\GCF_000021485_pathways_full_20260923_083536.xml
Pathway	GCF_000021485	ANTIBIOTIC-DEGRADATION	Antibiotic degradation						D:\嗜酸氧化亚铁硫杆菌\03_BioCyc\C2-1\官方原始下载\GCF_000021485_pathways_full_20260923_083536.xml
Pathway	GCF_000021485	AEROBIC-RESPIRATION	Aerobic Respiration						D:\嗜酸氧化亚铁硫杆菌\03_BioCyc\C2-1\官方原始下载\GCF_000021485_pathways_full_20260923_083536.xml
Pathway	GCF_000021485	Electron-Carrier-Biosynthesis	Electron Carrier Biosynthesis						D:\嗜酸氧化亚铁硫杆菌\03_BioCyc\C2-1\官方原始下载\GCF_000021485_pathways_full_20260923_083536.xml
Pathway	GCF_000021485	Adenine-Adenosine-Salvage	Adenine and Adenosine Salvage						D:\嗜酸氧化亚铁硫杆菌\03_BioCyc\C2-1\官方原始下载\GCF_000021485_pathways_full_20260923_083536.xml
Pathway	GCF_000021485	Pyrimid-Ribonucleot-De-Novo-Biosyn	Pyrimidine Ribonucleotide <i>De Novo</i> Biosynthesis						D:\嗜酸氧化亚铁硫杆菌\03_BioCyc\C2-1\官方原始下载\GCF_000021485_pathways_full_20260923_083536.xml
Pathway	GCF_000021485	Lipopolysaccharide-Biosynthesis	Lipopolysaccharide Biosynthesis						D:\嗜酸氧化亚铁硫杆菌\03_BioCyc\C2-1\官方原始下载\GCF_000021485_pathways_full_20260923_083536.xml
Pathway	GCF_000021485	CHEMOAUTOTROPHIC-ENERGY-METABOLISM	Chemoautotrophic Energy Metabolism						D:\嗜酸氧化亚铁硫杆菌\03_BioCyc\C2-1\官方原始下载\GCF_000021485_pathways_full_20260923_083536.xml
Pathway	GCF_000021485	Citrulline-Biosynthesis	L-citrulline Biosynthesis						D:\嗜酸氧化亚铁硫杆菌\03_BioCyc\C2-1\官方原始下载\GCF_000021485_pathways_full_20260923_083536.xml
Pathway	GCF_000021485	CYTOKININS-DEGRADATION	Cytokinin Degradation						D:\嗜酸氧化亚铁硫杆菌\03_BioCyc\C2-1\官方原始下载\GCF_000021485_pathways_full_20260923_083536.xml
Pathway	GCF_000021485	Carveol-Degradation	Carveol Degradation						D:\嗜酸氧化亚铁硫杆菌\03_BioCyc\C2-1\官方原始下载\GCF_000021485_pathways_full_20260923_083536.xml
Pathway	GCF_000021485	2-3-Butanediol-Degradation	2,3-Butanediol Degradation						D:\嗜酸氧化亚铁硫杆菌\03_BioCyc\C2-1\官方原始下载\GCF_000021485_pathways_full_20260923_083536.xml
Pathway	GCF_000021485	ISOFLAVONOID-PHYTOALEXINS	Isoflavonoid Phytoalexin Biosynthesis						D:\嗜酸氧化亚铁硫杆菌\03_BioCyc\C2-1\官方原始下载\GCF_000021485_pathways_full_20260923_083536.xml
Pathway	GCF_000021485	Reductive-TCA-Cycles	Reductive TCA Cycles						D:\嗜酸氧化亚铁硫杆菌\03_BioCyc\C2-1\官方原始下载\GCF_000021485_pathways_full_20260923_083536.xml
Pathway	GCF_000021485	Chromoprotein-Biosynthesis	Chromoprotein Biosynthesis						D:\嗜酸氧化亚铁硫杆菌\03_BioCyc\C2-1\官方原始下载\GCF_000021485_pathways_full_20260923_083536.xml
Pathway	GCF_000021485	Capsular-Polysaccharide-Biosynthesis	Capsular Polysaccharide Biosynthesis						D:\嗜酸氧化亚铁硫杆菌\03_BioCyc\C2-1\官方原始下载\GCF_000021485_pathways_full_20260923_083536.xml
Pathway	GCF_000021485	Putrescine-Biosynthesis	Putrescine Biosynthesis						D:\嗜酸氧化亚铁硫杆菌\03_BioCyc\C2-1\官方原始下载\GCF_000021485_pathways_full_20260923_083536.xml
Pathway	GCF_000021485	Guanine-Guanosine-Salvage	Guanine and Guanosine Salvage						D:\嗜酸氧化亚铁硫杆菌\03_BioCyc\C2-1\官方原始下载\GCF_000021485_pathways_full_20260923_083536.xml
Pathway	GCF_000021485	Methylglyoxal-Detoxification	Methylglyoxal Detoxification						D:\嗜酸氧化亚铁硫杆菌\03_BioCyc\C2-1\官方原始下载\GCF_000021485_pathways_full_20260923_083536.xml
Pathway	GCF_000021485	Glycolate-Degradation	Glycolate Degradation						D:\嗜酸氧化亚铁硫杆菌\03_BioCyc\C2-1\官方原始下载\GCF_000021485_pathways_full_20260923_083536.xml
Pathway	GCF_000021485	Thiosulfate-Disproportionation	Thiosulfate Disproportionation						D:\嗜酸氧化亚铁硫杆菌\03_BioCyc\C2-1\官方原始下载\GCF_000021485_pathways_full_20260923_083536.xml
Pathway	GCF_000021485	Cyclopropane-fatty-acid-biosyn	Cyclopropane Fatty Acid Biosynthesis						D:\嗜酸氧化亚铁硫杆菌\03_BioCyc\C2-1\官方原始下载\GCF_000021485_pathways_full_20260923_083536.xml
Pathway	GCF_000021485	Aroma-Compound-Biosynthesis	Aroma Compound Biosynthesis						D:\嗜酸氧化亚铁硫杆菌\03_BioCyc\C2-1\官方原始下载\GCF_000021485_pathways_full_20260923_083536.xml
Pathway	GCF_000021485	ISOFLAVONOID-SYN	Isoflavonoid Biosynthesis						D:\嗜酸氧化亚铁硫杆菌\03_BioCyc\C2-1\官方原始下载\GCF_000021485_pathways_full_20260923_083536.xml
Pathway	GCF_000021485	Polyamine-Biosynthesis	Amide, Amidine, Amine, and Polyamine Biosynthesis						D:\嗜酸氧化亚铁硫杆菌\03_BioCyc\C2-1\官方原始下载\GCF_000021485_pathways_full_20260923_083536.xml
Pathway	GCF_000021485	Xyloglucan-Degradation	Xyloglucan Degradation						D:\嗜酸氧化亚铁硫杆菌\03_BioCyc\C2-1\官方原始下载\GCF_000021485_pathways_full_20260923_083536.xml
Pathway	GCF_000021485	Gibberellin-Inactivation	Gibberellin Inactivation						D:\嗜酸氧化亚铁硫杆菌\03_BioCyc\C2-1\官方原始下载\GCF_000021485_pathways_full_20260923_083536.xml
Pathway	GCF_000021485	Activation	Metabolite Activation						D:\嗜酸氧化亚铁硫杆菌\03_BioCyc\C2-1\官方原始下载\GCF_000021485_pathways_full_20260923_083536.xml
Pathway	GCF_000021485	TANNIN-SYN	Hydrolyzable Tannin Biosynthesis						D:\嗜酸氧化亚铁硫杆菌\03_BioCyc\C2-1\官方原始下载\GCF_000021485_pathways_full_20260923_083536.xml
Pathway	GCF_000021485	POLYKETIDE-SYN	Polyketide Biosynthesis						D:\嗜酸氧化亚铁硫杆菌\03_BioCyc\C2-1\官方原始下载\GCF_000021485_pathways_full_20260923_083536.xml
Pathway	GCF_000021485	Purine-Nucleotides-Salvage	Purine Nucleotide Salvage						D:\嗜酸氧化亚铁硫杆菌\03_BioCyc\C2-1\官方原始下载\GCF_000021485_pathways_full_20260923_083536.xml
Pathway	GCF_000021485	DHNA-Biosynthesis	1,4-Dihydroxy-2-Naphthoate Biosynthesis						D:\嗜酸氧化亚铁硫杆菌\03_BioCyc\C2-1\官方原始下载\GCF_000021485_pathways_full_20260923_083536.xml
Pathway	GCF_000021485	Acetyl-CoA-Biosynthesis	Acetyl-CoA Biosynthesis						D:\嗜酸氧化亚铁硫杆菌\03_BioCyc\C2-1\官方原始下载\GCF_000021485_pathways_full_20260923_083536.xml
Pathway	GCF_000021485	Polysaccharides-Biosynthesis	Polysaccharide Biosynthesis						D:\嗜酸氧化亚铁硫杆菌\03_BioCyc\C2-1\官方原始下载\GCF_000021485_pathways_full_20260923_083536.xml
Pathway	GCF_000021485	METHIONINE-DEG	L-methionine Degradation						D:\嗜酸氧化亚铁硫杆菌\03_BioCyc\C2-1\官方原始下载\GCF_000021485_pathways_full_20260923_083536.xml
Pathway	GCF_000021485	Plasmalogen-Biosynthesis	Plasmalogen Biosynthesis						D:\嗜酸氧化亚铁硫杆菌\03_BioCyc\C2-1\官方原始下载\GCF_000021485_pathways_full_20260923_083536.xml
Pathway	GCF_000021485	Demethylmenaquinol-6-Biosynthesis	Demethylmenaquinol-6 Biosynthesis						D:\嗜酸氧化亚铁硫杆菌\03_BioCyc\C2-1\官方原始下载\GCF_000021485_pathways_full_20260923_083536.xml
Pathway	GCF_000021485	Visual-Cycle	Visual Cycles						D:\嗜酸氧化亚铁硫杆菌\03_BioCyc\C2-1\官方原始下载\GCF_000021485_pathways_full_20260923_083536.xml
Pathway	GCF_000021485	CMP-KDO-Biosynthesis	CMP-3-deoxy-D-<I>manno</I>-octulosonate Biosynthesis						D:\嗜酸氧化亚铁硫杆菌\03_BioCyc\C2-1\官方原始下载\GCF_000021485_pathways_full_20260923_083536.xml
Pathway	GCF_000021485	Iso-bile-Acids-Biosynthesis	Iso-bile Acid Biosynthesis						D:\嗜酸氧化亚铁硫杆菌\03_BioCyc\C2-1\官方原始下载\GCF_000021485_pathways_full_20260923_083536.xml
Pathway	GCF_000021485	Lycopene-Biosynthesis	Lycopene Biosynthesis						D:\嗜酸氧化亚铁硫杆菌\03_BioCyc\C2-1\官方原始下载\GCF_000021485_pathways_full_20260923_083536.xml
Pathway	GCF_000021485	CHLORINATED-COMPOUNDS-DEG	Chlorinated Compound Degradation						D:\嗜酸氧化亚铁硫杆菌\03_BioCyc\C2-1\官方原始下载\GCF_000021485_pathways_full_20260923_083536.xml
Pathway	GCF_000021485	Tetrapyrrole-Biosynthesis	Tetrapyrrole Biosynthesis						D:\嗜酸氧化亚铁硫杆菌\03_BioCyc\C2-1\官方原始下载\GCF_000021485_pathways_full_20260923_083536.xml
Pathway	GCF_000021485	s-Triazine-Degradation	<i>s</i>-Triazine Degredation						D:\嗜酸氧化亚铁硫杆菌\03_BioCyc\C2-1\官方原始下载\GCF_000021485_pathways_full_20260923_083536.xml
Pathway	GCF_000021485	Methyl-Citrate-Cycle	2-Methylcitrate Cycle						D:\嗜酸氧化亚铁硫杆菌\03_BioCyc\C2-1\官方原始下载\GCF_000021485_pathways_full_20260923_083536.xml
Pathway	GCF_000021485	Lipid-IV-A-Biosynthesis	Lipid IV<sub>A</sub> Biosynthesis						D:\嗜酸氧化亚铁硫杆菌\03_BioCyc\C2-1\官方原始下载\GCF_000021485_pathways_full_20260923_083536.xml
Pathway	GCF_000021485	7-Keto-8-aminopelargonate-Biosynthesis	8-Amino-7-oxononanoate Biosynthesis						D:\嗜酸氧化亚铁硫杆菌\03_BioCyc\C2-1\官方原始下载\GCF_000021485_pathways_full_20260923_083536.xml
Pathway	GCF_000021485	Benzoyl-CoA-Degradation	Benzoyl-CoA Degradation						D:\嗜酸氧化亚铁硫杆菌\03_BioCyc\C2-1\官方原始下载\GCF_000021485_pathways_full_20260923_083536.xml
Pathway	GCF_000021485	Urate-Degradation	Urate Degradation						D:\嗜酸氧化亚铁硫杆菌\03_BioCyc\C2-1\官方原始下载\GCF_000021485_pathways_full_20260923_083536.xml
Pathway	GCF_000021485	PRENYLFLAVONOID-SYN	Prenylflavonoid Biosynthesis						D:\嗜酸氧化亚铁硫杆菌\03_BioCyc\C2-1\官方原始下载\GCF_000021485_pathways_full_20260923_083536.xml
Pathway	GCF_000021485	Selenocysteine-Biosynthesis	L-selenocysteine Biosynthesis						D:\嗜酸氧化亚铁硫杆菌\03_BioCyc\C2-1\官方原始下载\GCF_000021485_pathways_full_20260923_083536.xml
Pathway	GCF_000021485	CARBO-BIOSYNTHESIS	Sugar Biosynthesis						D:\嗜酸氧化亚铁硫杆菌\03_BioCyc\C2-1\官方原始下载\GCF_000021485_pathways_full_20260923_083536.xml
Pathway	GCF_000021485	Sulfite-Oxidation	Sulfite Oxidation						D:\嗜酸氧化亚铁硫杆菌\03_BioCyc\C2-1\官方原始下载\GCF_000021485_pathways_full_20260923_083536.xml
Pathway	GCF_000021485	Photosynthesis							D:\嗜酸氧化亚铁硫杆菌\03_BioCyc\C2-1\官方原始下载\GCF_000021485_pathways_full_20260923_083536.xml
Pathway	GCF_000021485	FLAVONOID-DEG	Flavonoid Degradation						D:\嗜酸氧化亚铁硫杆菌\03_BioCyc\C2-1\官方原始下载\GCF_000021485_pathways_full_20260923_083536.xml
Pathway	GCF_000021485	Fluorene-Degradation	Fluorene Degradation						D:\嗜酸氧化亚铁硫杆菌\03_BioCyc\C2-1\官方原始下载\GCF_000021485_pathways_full_20260923_083536.xml
Pathway	GCF_000021485	ACYLSUGAR-DEGRADATION	Acylsugar Degradation						D:\嗜酸氧化亚铁硫杆菌\03_BioCyc\C2-1\官方原始下载\GCF_000021485_pathways_full_20260923_083536.xml
Pathway	GCF_000021485	Fermentation-to-Acids	Fermentation to Short-Chain Fatty Acids						D:\嗜酸氧化亚铁硫杆菌\03_BioCyc\C2-1\官方原始下载\GCF_000021485_pathways_full_20260923_083536.xml
Pathway	GCF_000021485	Hydrocarbon-Degradation	Hydrocarbon Degradation						D:\嗜酸氧化亚铁硫杆菌\03_BioCyc\C2-1\官方原始下载\GCF_000021485_pathways_full_20260923_083536.xml
Pathway	GCF_000021485	ALANINE-SYN	L-alanine Biosynthesis						D:\嗜酸氧化亚铁硫杆菌\03_BioCyc\C2-1\官方原始下载\GCF_000021485_pathways_full_20260923_083536.xml
Pathway	GCF_000021485	CAFFEINE	Caffeine Degradation						D:\嗜酸氧化亚铁硫杆菌\03_BioCyc\C2-1\官方原始下载\GCF_000021485_pathways_full_20260923_083536.xml
Pathway	GCF_000021485	POLYKETIDE-ALKALOIDS	Polyketide Alkaloid Biosynthesis						D:\嗜酸氧化亚铁硫杆菌\03_BioCyc\C2-1\官方原始下载\GCF_000021485_pathways_full_20260923_083536.xml
Pathway	GCF_000021485	D-Galacturonate-Degradation	D-Galacturonate Degradation						D:\嗜酸氧化亚铁硫杆菌\03_BioCyc\C2-1\官方原始下载\GCF_000021485_pathways_full_20260923_083536.xml
Pathway	GCF_000021485	Ergosterol-Biosynthesis	Ergosterol Biosynthesis						D:\嗜酸氧化亚铁硫杆菌\03_BioCyc\C2-1\官方原始下载\GCF_000021485_pathways_full_20260923_083536.xml
Pathway	GCF_000021485	Hydrogen-Production	Hydrogen Production						D:\嗜酸氧化亚铁硫杆菌\03_BioCyc\C2-1\官方原始下载\GCF_000021485_pathways_full_20260923_083536.xml
Pathway	GCF_000021485	Butanediol-Biosynthesis	Butanediol Biosynthesis						D:\嗜酸氧化亚铁硫杆菌\03_BioCyc\C2-1\官方原始下载\GCF_000021485_pathways_full_20260923_083536.xml
Pathway	GCF_000021485	Vitamin-Biosynthesis	Vitamin Biosynthesis						D:\嗜酸氧化亚铁硫杆菌\03_BioCyc\C2-1\官方原始下载\GCF_000021485_pathways_full_20260923_083536.xml
Pathway	GCF_000021485	Vitamin-Degradation	Vitamin degradation						D:\嗜酸氧化亚铁硫杆菌\03_BioCyc\C2-1\官方原始下载\GCF_000021485_pathways_full_20260923_083536.xml
Pathway	GCF_000021485	Sulfur-Disproportionation	Sulfur Disproportionation						D:\嗜酸氧化亚铁硫杆菌\03_BioCyc\C2-1\官方原始下载\GCF_000021485_pathways_full_20260923_083536.xml
Pathway	GCF_000021485	Palmitate-Biosynthesis	Palmitate Biosynthesis						D:\嗜酸氧化亚铁硫杆菌\03_BioCyc\C2-1\官方原始下载\GCF_000021485_pathways_full_20260923_083536.xml
Pathway	GCF_000021485	GALACTOSE-DEGRADATION	Galactose Degradation						D:\嗜酸氧化亚铁硫杆菌\03_BioCyc\C2-1\官方原始下载\GCF_000021485_pathways_full_20260923_083536.xml
Pathway	GCF_000021485	D-Arabinitol-Degradation	D-arabinitol Degradation						D:\嗜酸氧化亚铁硫杆菌\03_BioCyc\C2-1\官方原始下载\GCF_000021485_pathways_full_20260923_083536.xml
Pathway	GCF_000021485	GLUCOSINOLATE-SYN	Glucosinolate Biosynthesis						D:\嗜酸氧化亚铁硫杆菌\03_BioCyc\C2-1\官方原始下载\GCF_000021485_pathways_full_20260923_083536.xml
Pathway	GCF_000021485	MTR-1P-Degradation	<i>S</i>-methyl-5-thio-&alpha;-D-ribose 1-phosphate Degradation						D:\嗜酸氧化亚铁硫杆菌\03_BioCyc\C2-1\官方原始下载\GCF_000021485_pathways_full_20260923_083536.xml
Pathway	GCF_000021485	Hydroxyprolines-Degradation	hydroxy-L-proline Degradation						D:\嗜酸氧化亚铁硫杆菌\03_BioCyc\C2-1\官方原始下载\GCF_000021485_pathways_full_20260923_083536.xml
Pathway	GCF_000021485	Super-Pathways	Superpathways						D:\嗜酸氧化亚铁硫杆菌\03_BioCyc\C2-1\官方原始下载\GCF_000021485_pathways_full_20260923_083536.xml
Pathway	GCF_000021485	Methionine-De-novo-Biosynthesis	L-methionine <i>De Novo</i> Biosynthesis						D:\嗜酸氧化亚铁硫杆菌\03_BioCyc\C2-1\官方原始下载\GCF_000021485_pathways_full_20260923_083536.xml
Pathway	GCF_000021485	Nucleotide-Biosynthesis	Nucleoside and Nucleotide Biosynthesis						D:\嗜酸氧化亚铁硫杆菌\03_BioCyc\C2-1\官方原始下载\GCF_000021485_pathways_full_20260923_083536.xml
Pathway	GCF_000021485	GIBBERELLIN-SYN	Gibberellin and Gibberellin Precursor Biosynthesis						D:\嗜酸氧化亚铁硫杆菌\03_BioCyc\C2-1\官方原始下载\GCF_000021485_pathways_full_20260923_083536.xml
Pathway	GCF_000021485	Protein-Glycosylation	Protein Glycosylation						D:\嗜酸氧化亚铁硫杆菌\03_BioCyc\C2-1\官方原始下载\GCF_000021485_pathways_full_20260923_083536.xml
Pathway	GCF_000021485	Glycolipids-Biosynthesis	Glycolipid Biosynthesis						D:\嗜酸氧化亚铁硫杆菌\03_BioCyc\C2-1\官方原始下载\GCF_000021485_pathways_full_20260923_083536.xml
Pathway	GCF_000021485	Vitamin-B6-Biosynthesis	Vitamin B<sub>6</sub> Biosynthesis						D:\嗜酸氧化亚铁硫杆菌\03_BioCyc\C2-1\官方原始下载\GCF_000021485_pathways_full_20260923_083536.xml
Pathway	GCF_000021485	FATTY-ACID-DERIVATIVE-SYN	Fatty Acid Derivative Biosynthesis						D:\嗜酸氧化亚铁硫杆菌\03_BioCyc\C2-1\官方原始下载\GCF_000021485_pathways_full_20260923_083536.xml
Pathway	GCF_000021485	Salicylate-Biosynthesis	Salicylate Biosynthesis						D:\嗜酸氧化亚铁硫杆菌\03_BioCyc\C2-1\官方原始下载\GCF_000021485_pathways_full_20260923_083536.xml
Pathway	GCF_000021485	Carboxylate-Biosynthesis	Carboxylic Acid Biosynthesis						D:\嗜酸氧化亚铁硫杆菌\03_BioCyc\C2-1\官方原始下载\GCF_000021485_pathways_full_20260923_083536.xml
Pathway	GCF_000021485	UDP-Sugar-Biosynthesis	UDP-sugar Biosynthesis						D:\嗜酸氧化亚铁硫杆菌\03_BioCyc\C2-1\官方原始下载\GCF_000021485_pathways_full_20260923_083536.xml
Pathway	GCF_000021485	De-Novo-Adenosylcobalamin-Biosynthesis	Adenosylcobalamin <i>de novo</i> Biosynthesis						D:\嗜酸氧化亚铁硫杆菌\03_BioCyc\C2-1\官方原始下载\GCF_000021485_pathways_full_20260923_083536.xml
Pathway	GCF_000021485	CYCLOPEPTIDES	Cyclopeptide Biosynthesis						D:\嗜酸氧化亚铁硫杆菌\03_BioCyc\C2-1\官方原始下载\GCF_000021485_pathways_full_20260923_083536.xml
Pathway	GCF_000021485	Purine-Degradation	Purine Nucleotide Degradation						D:\嗜酸氧化亚铁硫杆菌\03_BioCyc\C2-1\官方原始下载\GCF_000021485_pathways_full_20260923_083536.xml
Pathway	GCF_000021485	NAD-Metabolism	NAD Metabolism						D:\嗜酸氧化亚铁硫杆菌\03_BioCyc\C2-1\官方原始下载\GCF_000021485_pathways_full_20260923_083536.xml
Pathway	GCF_000021485	2-Oxobutanoate-Degradation	2-Oxobutanoate Degradation						D:\嗜酸氧化亚铁硫杆菌\03_BioCyc\C2-1\官方原始下载\GCF_000021485_pathways_full_20260923_083536.xml
Pathway	GCF_000021485	Phytyl-Diphosphate-Biosynthesis	Phytyl Diphosphate Biosynthesis						D:\嗜酸氧化亚铁硫杆菌\03_BioCyc\C2-1\官方原始下载\GCF_000021485_pathways_full_20260923_083536.xml
Pathway	GCF_000021485	Abscisic-Acid-Derivative-Biosynthesis	Abscisic acid derivative Biosynthesis						D:\嗜酸氧化亚铁硫杆菌\03_BioCyc\C2-1\官方原始下载\GCF_000021485_pathways_full_20260923_083536.xml
Pathway	GCF_000021485	Fatty-Acid-Degradation	Fatty Acid Degradation						D:\嗜酸氧化亚铁硫杆菌\03_BioCyc\C2-1\官方原始下载\GCF_000021485_pathways_full_20260923_083536.xml
Pathway	GCF_000021485	Pyruvate-Propanoate-Fermentation	Pyruvate Fermentation to Propanoate						D:\嗜酸氧化亚铁硫杆菌\03_BioCyc\C2-1\官方原始下载\GCF_000021485_pathways_full_20260923_083536.xml
Pathway	GCF_000021485	Benzoate-Degradation	Benzoate Degradation						D:\嗜酸氧化亚铁硫杆菌\03_BioCyc\C2-1\官方原始下载\GCF_000021485_pathways_full_20260923_083536.xml
Pathway	GCF_000021485	ASPARTATE-DEG	L-aspartate Degradation						D:\嗜酸氧化亚铁硫杆菌\03_BioCyc\C2-1\官方原始下载\GCF_000021485_pathways_full_20260923_083536.xml
Pathway	GCF_000021485	D-Mannose-Degradation							D:\嗜酸氧化亚铁硫杆菌\03_BioCyc\C2-1\官方原始下载\GCF_000021485_pathways_full_20260923_083536.xml
Pathway	GCF_000021485	Archaeal-Lipid-Biosynthesis	Archaeal Lipid Biosynthesis						D:\嗜酸氧化亚铁硫杆菌\03_BioCyc\C2-1\官方原始下载\GCF_000021485_pathways_full_20260923_083536.xml
Pathway	GCF_000021485	QUINOLIZIDINE-ALKALOIDS	Quinolizidine Alkaloid Biosynthesis						D:\嗜酸氧化亚铁硫杆菌\03_BioCyc\C2-1\官方原始下载\GCF_000021485_pathways_full_20260923_083536.xml
Pathway	GCF_000021485	Pigment-Biosynthesis	Pigment Biosynthesis						D:\嗜酸氧化亚铁硫杆菌\03_BioCyc\C2-1\官方原始下载\GCF_000021485_pathways_full_20260923_083536.xml
Pathway	GCF_000021485	Kdo-lipid-A-Biosynthesis	Kdo-lipid A biosynthesis						D:\嗜酸氧化亚铁硫杆菌\03_BioCyc\C2-1\官方原始下载\GCF_000021485_pathways_full_20260923_083536.xml
Pathway	GCF_000021485	Rosmarinate-Biosynthesis	Rosmarinate Biosynthesis						D:\嗜酸氧化亚铁硫杆菌\03_BioCyc\C2-1\官方原始下载\GCF_000021485_pathways_full_20260923_083536.xml
Pathway	GCF_000021485	Uracil-Degradation	Uracil Degradation						D:\嗜酸氧化亚铁硫杆菌\03_BioCyc\C2-1\官方原始下载\GCF_000021485_pathways_full_20260923_083536.xml
Pathway	GCF_000021485	Sphingolipid-Biosynthesis	Sphingolipid Biosynthesis						D:\嗜酸氧化亚铁硫杆菌\03_BioCyc\C2-1\官方原始下载\GCF_000021485_pathways_full_20260923_083536.xml
Pathway	GCF_000021485	Autotrophic-CO2-Fixation	Autotrophic CO<sub>2</sub> Fixation						D:\嗜酸氧化亚铁硫杆菌\03_BioCyc\C2-1\官方原始下载\GCF_000021485_pathways_full_20260923_083536.xml
Pathway	GCF_000021485	N-CONTAINING-SECONDARY-CMPD-SYN	Nitrogen-Containing Secondary Compound Biosynthesis						D:\嗜酸氧化亚铁硫杆菌\03_BioCyc\C2-1\官方原始下载\GCF_000021485_pathways_full_20260923_083536.xml
Pathway	GCF_000021485	L-Fucose-Degradation	L-Fucose Degradation						D:\嗜酸氧化亚铁硫杆菌\03_BioCyc\C2-1\官方原始下载\GCF_000021485_pathways_full_20260923_083536.xml
Pathway	GCF_000021485	C1-Carrier-Biosynthesis	Single Carbon Carrier Biosynthesis						D:\嗜酸氧化亚铁硫杆菌\03_BioCyc\C2-1\官方原始下载\GCF_000021485_pathways_full_20260923_083536.xml
Pathway	GCF_000021485	Carrageenan-Degradation	Carrageenan Degradation						D:\嗜酸氧化亚铁硫杆菌\03_BioCyc\C2-1\官方原始下载\GCF_000021485_pathways_full_20260923_083536.xml
Pathway	GCF_000021485	Signaling-Pathways	Signal transduction pathways						D:\嗜酸氧化亚铁硫杆菌\03_BioCyc\C2-1\官方原始下载\GCF_000021485_pathways_full_20260923_083536.xml
Pathway	GCF_000021485	Fatty-acid-biosynthesis	Fatty Acid Biosynthesis						D:\嗜酸氧化亚铁硫杆菌\03_BioCyc\C2-1\官方原始下载\GCF_000021485_pathways_full_20260923_083536.xml
Pathway	GCF_000021485	Phosphatidylinositol-Biosynthesis	Phosphatidylinositol Biosynthesis						D:\嗜酸氧化亚铁硫杆菌\03_BioCyc\C2-1\官方原始下载\GCF_000021485_pathways_full_20260923_083536.xml
Pathway	GCF_000021485	Glyco-Amino-Acids-Degradation	Glyco-Amino Acid Degradation						D:\嗜酸氧化亚铁硫杆菌\03_BioCyc\C2-1\官方原始下载\GCF_000021485_pathways_full_20260923_083536.xml
Pathway	GCF_000021485	FLAVONOID-PHYTOALEXINS	Flavonoid Phytoalexin Biosynthesis						D:\嗜酸氧化亚铁硫杆菌\03_BioCyc\C2-1\官方原始下载\GCF_000021485_pathways_full_20260923_083536.xml
Pathway	GCF_000021485	Alkanes-Biosynthesis	Alkane Biosynthesis						D:\嗜酸氧化亚铁硫杆菌\03_BioCyc\C2-1\官方原始下载\GCF_000021485_pathways_full_20260923_083536.xml
Pathway	GCF_000021485	Caffeine-Biosynthesis	Caffeine Biosynthesis						D:\嗜酸氧化亚铁硫杆菌\03_BioCyc\C2-1\官方原始下载\GCF_000021485_pathways_full_20260923_083536.xml
Pathway	GCF_000021485	Dichlorotoluene-Degradation	Dichlorotoluene Degradation						D:\嗜酸氧化亚铁硫杆菌\03_BioCyc\C2-1\官方原始下载\GCF_000021485_pathways_full_20260923_083536.xml
Pathway	GCF_000021485	Amino-Acid-Degradation	Amino Acid Degradation						D:\嗜酸氧化亚铁硫杆菌\03_BioCyc\C2-1\官方原始下载\GCF_000021485_pathways_full_20260923_083536.xml
Pathway	GCF_000021485	NORLIGNANS	Norlignan Biosynthesis						D:\嗜酸氧化亚铁硫杆菌\03_BioCyc\C2-1\官方原始下载\GCF_000021485_pathways_full_20260923_083536.xml
Pathway	GCF_000021485	AURONE-SYN	Aurone Biosynthesis						D:\嗜酸氧化亚铁硫杆菌\03_BioCyc\C2-1\官方原始下载\GCF_000021485_pathways_full_20260923_083536.xml
Pathway	GCF_000021485	FLAVONOID-SYN	Flavonoid Biosynthesis						D:\嗜酸氧化亚铁硫杆菌\03_BioCyc\C2-1\官方原始下载\GCF_000021485_pathways_full_20260923_083536.xml
Pathway	GCF_000021485	3-Chlorobenzoate-Degradation	3-Chlorobenzoate Degradation						D:\嗜酸氧化亚铁硫杆菌\03_BioCyc\C2-1\官方原始下载\GCF_000021485_pathways_full_20260923_083536.xml
Pathway	GCF_000021485	Storage-Compounds-Biosynthesis	Storage Compound Biosynthesis						D:\嗜酸氧化亚铁硫杆菌\03_BioCyc\C2-1\官方原始下载\GCF_000021485_pathways_full_20260923_083536.xml
Pathway	GCF_000021485	D-Apiose-Degradation	D-Apiose Degradation						D:\嗜酸氧化亚铁硫杆菌\03_BioCyc\C2-1\官方原始下载\GCF_000021485_pathways_full_20260923_083536.xml
Pathway	GCF_000021485	Phosphatidylserine-Biosynthesis	Phosphatidylserine Biosynthesis						D:\嗜酸氧化亚铁硫杆菌\03_BioCyc\C2-1\官方原始下载\GCF_000021485_pathways_full_20260923_083536.xml
Pathway	GCF_000021485	Phosphonate-Biosynthesis	Phosphonate Compound Biosynthesis						D:\嗜酸氧化亚铁硫杆菌\03_BioCyc\C2-1\官方原始下载\GCF_000021485_pathways_full_20260923_083536.xml
Pathway	GCF_000021485	3-OH-4-Methyl-Anthranilate-Biosynthesis	3-hydroxy-4-methyl-anthranilate biosynthesis						D:\嗜酸氧化亚铁硫杆菌\03_BioCyc\C2-1\官方原始下载\GCF_000021485_pathways_full_20260923_083536.xml
Pathway	GCF_000021485	CDP-Sugar-Biosynthesis	CDP-sugar Biosynthesis						D:\嗜酸氧化亚铁硫杆菌\03_BioCyc\C2-1\官方原始下载\GCF_000021485_pathways_full_20260923_083536.xml
Pathway	GCF_000021485	Hydroxy-Fatty-Acids-Biosynthesis	Hydroxylated Fatty Acid Biosynthesis						D:\嗜酸氧化亚铁硫杆菌\03_BioCyc\C2-1\官方原始下载\GCF_000021485_pathways_full_20260923_083536.xml
Pathway	GCF_000021485	Acetate-Degradation	Acetate Degradation						D:\嗜酸氧化亚铁硫杆菌\03_BioCyc\C2-1\官方原始下载\GCF_000021485_pathways_full_20260923_083536.xml
Pathway	GCF_000021485	CARBOXYLATES-DEG	Carboxylic Acid Degradation						D:\嗜酸氧化亚铁硫杆菌\03_BioCyc\C2-1\官方原始下载\GCF_000021485_pathways_full_20260923_083536.xml
Pathway	GCF_000021485	Anhydromuropeptides-Recycling	Anhydromuropeptide Recycling						D:\嗜酸氧化亚铁硫杆菌\03_BioCyc\C2-1\官方原始下载\GCF_000021485_pathways_full_20260923_083536.xml
Pathway	GCF_000021485	Arsenate-Detoxification	Arsenate Detoxification						D:\嗜酸氧化亚铁硫杆菌\03_BioCyc\C2-1\官方原始下载\GCF_000021485_pathways_full_20260923_083536.xml
Pathway	GCF_000021485	TROPANE-ALKALOIDS	Tropane Alkaloid Biosynthesis						D:\嗜酸氧化亚铁硫杆菌\03_BioCyc\C2-1\官方原始下载\GCF_000021485_pathways_full_20260923_083536.xml
Pathway	GCF_000021485	LPS-Biosynthesis-Final-Steps	Lipopolysaccharide Biosynthesis (Final Steps)						D:\嗜酸氧化亚铁硫杆菌\03_BioCyc\C2-1\官方原始下载\GCF_000021485_pathways_full_20260923_083536.xml
Pathway	GCF_000021485	Pinitol-Biosynthesis	Pinitol Biosynthesis						D:\嗜酸氧化亚铁硫杆菌\03_BioCyc\C2-1\官方原始下载\GCF_000021485_pathways_full_20260923_083536.xml
Pathway	GCF_000021485	Gamma-Resorcylate-Degradation	&gamma;-Resorcylate Degradation						D:\嗜酸氧化亚铁硫杆菌\03_BioCyc\C2-1\官方原始下载\GCF_000021485_pathways_full_20260923_083536.xml
Pathway	GCF_000021485	Phytate-Degradation	Phytate Degradation						D:\嗜酸氧化亚铁硫杆菌\03_BioCyc\C2-1\官方原始下载\GCF_000021485_pathways_full_20260923_083536.xml
Pathway	GCF_000021485	ISOLEUCINE-SYN	L-isoleucine Biosynthesis						D:\嗜酸氧化亚铁硫杆菌\03_BioCyc\C2-1\官方原始下载\GCF_000021485_pathways_full_20260923_083536.xml
Pathway	GCF_000021485	Organic-solutes-Biosynthesis	Organic Solute Biosynthesis						D:\嗜酸氧化亚铁硫杆菌\03_BioCyc\C2-1\官方原始下载\GCF_000021485_pathways_full_20260923_083536.xml
Pathway	GCF_000021485	N-CONTAINING-GLUCOSIDE-SYN	Nitrogen-Containing Glucoside Biosynthesis						D:\嗜酸氧化亚铁硫杆菌\03_BioCyc\C2-1\官方原始下载\GCF_000021485_pathways_full_20260923_083536.xml
Pathway	GCF_000021485	GLUTAMATE-DEG	L-glutamate Degradation						D:\嗜酸氧化亚铁硫杆菌\03_BioCyc\C2-1\官方原始下载\GCF_000021485_pathways_full_20260923_083536.xml
Pathway	GCF_000021485	Fatty-Acid-Biosyn-Initiation	Fatty Acid Biosynthesis Initiation						D:\嗜酸氧化亚铁硫杆菌\03_BioCyc\C2-1\官方原始下载\GCF_000021485_pathways_full_20260923_083536.xml
Pathway	GCF_000021485	Sulfur-Metabolism	Sulfur Compound Metabolism						D:\嗜酸氧化亚铁硫杆菌\03_BioCyc\C2-1\官方原始下载\GCF_000021485_pathways_full_20260923_083536.xml
Pathway	GCF_000021485	Thioredoxin-Reduction							D:\嗜酸氧化亚铁硫杆菌\03_BioCyc\C2-1\官方原始下载\GCF_000021485_pathways_full_20260923_083536.xml
Pathway	GCF_000021485	Glyphosate-Degradation	Glyphosate Degradation						D:\嗜酸氧化亚铁硫杆菌\03_BioCyc\C2-1\官方原始下载\GCF_000021485_pathways_full_20260923_083536.xml
Pathway	GCF_000021485	ALANINE-DEG	L-alanine Degradation						D:\嗜酸氧化亚铁硫杆菌\03_BioCyc\C2-1\官方原始下载\GCF_000021485_pathways_full_20260923_083536.xml
Pathway	GCF_000021485	CDP-diacylglycerol-Biosynthesis	CDP-diacylglycerol Biosynthesis						D:\嗜酸氧化亚铁硫杆菌\03_BioCyc\C2-1\官方原始下载\GCF_000021485_pathways_full_20260923_083536.xml
Pathway	GCF_000021485	C30-Carotenoids-Biosynthesis	C<sub>30</sub> Carotenoid Biosynthesis						D:\嗜酸氧化亚铁硫杆菌\03_BioCyc\C2-1\官方原始下载\GCF_000021485_pathways_full_20260923_083536.xml
Pathway	GCF_000021485	PROLINE-SYN	L-proline Biosynthesis						D:\嗜酸氧化亚铁硫杆菌\03_BioCyc\C2-1\官方原始下载\GCF_000021485_pathways_full_20260923_083536.xml
Pathway	GCF_000021485	IND-AMINO-ACID-SYN	Proteinogenic Amino Acid Biosynthesis						D:\嗜酸氧化亚铁硫杆菌\03_BioCyc\C2-1\官方原始下载\GCF_000021485_pathways_full_20260923_083536.xml
Pathway	GCF_000021485	Alcohol-Degradation	Alcohol Degradation						D:\嗜酸氧化亚铁硫杆菌\03_BioCyc\C2-1\官方原始下载\GCF_000021485_pathways_full_20260923_083536.xml
Pathway	GCF_000021485	PUR-NUC-SYN	Purine Nucleotide Biosynthesis						D:\嗜酸氧化亚铁硫杆菌\03_BioCyc\C2-1\官方原始下载\GCF_000021485_pathways_full_20260923_083536.xml
Pathway	GCF_000021485	Quinone-Biosynthesis	Quinol and Quinone Biosynthesis						D:\嗜酸氧化亚铁硫杆菌\03_BioCyc\C2-1\官方原始下载\GCF_000021485_pathways_full_20260923_083536.xml
Pathway	GCF_000021485	COFACTOR-DEGRADATION	Cofactor, Carrier, and Vitamin Degradation						D:\嗜酸氧化亚铁硫杆菌\03_BioCyc\C2-1\官方原始下载\GCF_000021485_pathways_full_20260923_083536.xml
Pathway	GCF_000021485	D-Arabinose-Degradation	D-Arabinose Degradation						D:\嗜酸氧化亚铁硫杆菌\03_BioCyc\C2-1\官方原始下载\GCF_000021485_pathways_full_20260923_083536.xml
Pathway	GCF_000021485	Cofactor-Biosynthesis	Cofactor, Carrier, and Vitamin Biosynthesis						D:\嗜酸氧化亚铁硫杆菌\03_BioCyc\C2-1\官方原始下载\GCF_000021485_pathways_full_20260923_083536.xml
Pathway	GCF_000021485	GIBBERELLINS-DEGRADATION	Gibberellin Degradation						D:\嗜酸氧化亚铁硫杆菌\03_BioCyc\C2-1\官方原始下载\GCF_000021485_pathways_full_20260923_083536.xml
Pathway	GCF_000021485	Propane-Degradation	Propane Degradation						D:\嗜酸氧化亚铁硫杆菌\03_BioCyc\C2-1\官方原始下载\GCF_000021485_pathways_full_20260923_083536.xml
Pathway	GCF_000021485	TYROSINE-SYN	L-tyrosine Biosynthesis						D:\嗜酸氧化亚铁硫杆菌\03_BioCyc\C2-1\官方原始下载\GCF_000021485_pathways_full_20260923_083536.xml
Pathway	GCF_000021485	Xylan-Degradation	Xylan Degradation						D:\嗜酸氧化亚铁硫杆菌\03_BioCyc\C2-1\官方原始下载\GCF_000021485_pathways_full_20260923_083536.xml
Pathway	GCF_000021485	ISOQUINOLINE-ALKALOIDS	Isoquinoline and Benzylisoquinoline Alkaloid Biosynthesis						D:\嗜酸氧化亚铁硫杆菌\03_BioCyc\C2-1\官方原始下载\GCF_000021485_pathways_full_20260923_083536.xml
Pathway	GCF_000021485	Fermentation							D:\嗜酸氧化亚铁硫杆菌\03_BioCyc\C2-1\官方原始下载\GCF_000021485_pathways_full_20260923_083536.xml
Pathway	GCF_000021485	SPERMINE-SPERMIDINE-DEG	Spermine and Spermidine Degradation						D:\嗜酸氧化亚铁硫杆菌\03_BioCyc\C2-1\官方原始下载\GCF_000021485_pathways_full_20260923_083536.xml
Pathway	GCF_000021485	Inactivation	Metabolite Inactivation						D:\嗜酸氧化亚铁硫杆菌\03_BioCyc\C2-1\官方原始下载\GCF_000021485_pathways_full_20260923_083536.xml
Pathway	GCF_000021485	GLUCOSINOLATE-DEG	Glucosinolate Activation						D:\嗜酸氧化亚铁硫杆菌\03_BioCyc\C2-1\官方原始下载\GCF_000021485_pathways_full_20260923_083536.xml
Pathway	GCF_000021485	Teichoic-Acids-Biosynthesis	Teichoic Acid Biosynthesis						D:\嗜酸氧化亚铁硫杆菌\03_BioCyc\C2-1\官方原始下载\GCF_000021485_pathways_full_20260923_083536.xml
Pathway	GCF_000021485	Chlorophyllide-a-Biosynthesis	Chlorophyllide <i>a</i> Biosynthesis						D:\嗜酸氧化亚铁硫杆菌\03_BioCyc\C2-1\官方原始下载\GCF_000021485_pathways_full_20260923_083536.xml
Pathway	GCF_000021485	Nitrobenzoate-Degradation	Nitrobenzoate Degradation						D:\嗜酸氧化亚铁硫杆菌\03_BioCyc\C2-1\官方原始下载\GCF_000021485_pathways_full_20260923_083536.xml
Pathway	GCF_000021485	CYSTEINE-DEG	L-cysteine Degradation						D:\嗜酸氧化亚铁硫杆菌\03_BioCyc\C2-1\官方原始下载\GCF_000021485_pathways_full_20260923_083536.xml
Pathway	GCF_000021485	CMP-Legionaminate-Biosynthesis	CMP-legionaminate biosynthesis						D:\嗜酸氧化亚铁硫杆菌\03_BioCyc\C2-1\官方原始下载\GCF_000021485_pathways_full_20260923_083536.xml
Pathway	GCF_000021485	PHYTOALEXIN-DEG	Phytoalexin Degradation						D:\嗜酸氧化亚铁硫杆菌\03_BioCyc\C2-1\官方原始下载\GCF_000021485_pathways_full_20260923_083536.xml
Pathway	GCF_000021485	IMP-Biosynthesis	Inosine-5'-phosphate Biosynthesis						D:\嗜酸氧化亚铁硫杆菌\03_BioCyc\C2-1\官方原始下载\GCF_000021485_pathways_full_20260923_083536.xml
Pathway	GCF_000021485	Linalool-Biosynthesis	Linalool Biosynthesis						D:\嗜酸氧化亚铁硫杆菌\03_BioCyc\C2-1\官方原始下载\GCF_000021485_pathways_full_20260923_083536.xml
Pathway	GCF_000021485	GPI-Anchor-Biosynthese	Glycosylphosphatidylinositol Anchor Biosynthesis and Modification						D:\嗜酸氧化亚铁硫杆菌\03_BioCyc\C2-1\官方原始下载\GCF_000021485_pathways_full_20260923_083536.xml
Pathway	GCF_000021485	Reductant-Degradation	Reductant Degradation						D:\嗜酸氧化亚铁硫杆菌\03_BioCyc\C2-1\官方原始下载\GCF_000021485_pathways_full_20260923_083536.xml
Pathway	GCF_000021485	Propionate-Degradation	Propanoate Degradation						D:\嗜酸氧化亚铁硫杆菌\03_BioCyc\C2-1\官方原始下载\GCF_000021485_pathways_full_20260923_083536.xml
Pathway	GCF_000021485	Spermidine-Biosynthesis	Spermidine Biosynthesis						D:\嗜酸氧化亚铁硫杆菌\03_BioCyc\C2-1\官方原始下载\GCF_000021485_pathways_full_20260923_083536.xml
Pathway	GCF_000021485	NUCLEO-DEG	Nucleoside and Nucleotide Degradation						D:\嗜酸氧化亚铁硫杆菌\03_BioCyc\C2-1\官方原始下载\GCF_000021485_pathways_full_20260923_083536.xml
Pathway	GCF_000021485	Carbohydrates-Biosynthesis	Carbohydrate Biosynthesis						D:\嗜酸氧化亚铁硫杆菌\03_BioCyc\C2-1\官方原始下载\GCF_000021485_pathways_full_20260923_083536.xml
Pathway	GCF_000021485	Methanol-Oxidation	Methanol Oxidation						D:\嗜酸氧化亚铁硫杆菌\03_BioCyc\C2-1\官方原始下载\GCF_000021485_pathways_full_20260923_083536.xml
Pathway	GCF_000021485	Herbicide-Biosynthesis	Herbicide Biosynthesis						D:\嗜酸氧化亚铁硫杆菌\03_BioCyc\C2-1\官方原始下载\GCF_000021485_pathways_full_20260923_083536.xml
Pathway	GCF_000021485	3-Chlorotoluene-Degradation	3 Chlorotoluene Degradation						D:\嗜酸氧化亚铁硫杆菌\03_BioCyc\C2-1\官方原始下载\GCF_000021485_pathways_full_20260923_083536.xml
Pathway	GCF_000021485	EPIDERMAL-STRUCTURE	Epidermal Structures						D:\嗜酸氧化亚铁硫杆菌\03_BioCyc\C2-1\官方原始下载\GCF_000021485_pathways_full_20260923_083536.xml
Pathway	GCF_000021485	Fermentation-to-Lactate	Fermentation to Lactate						D:\嗜酸氧化亚铁硫杆菌\03_BioCyc\C2-1\官方原始下载\GCF_000021485_pathways_full_20260923_083536.xml
Pathway	GCF_000021485	2-Chloroacrylates-Degradation	2-Chloroacrylate-Degradation						D:\嗜酸氧化亚铁硫杆菌\03_BioCyc\C2-1\官方原始下载\GCF_000021485_pathways_full_20260923_083536.xml
Pathway	GCF_000021485	Aurachin-Biosynthesis	Aurachin Biosynthesis						D:\嗜酸氧化亚铁硫杆菌\03_BioCyc\C2-1\官方原始下载\GCF_000021485_pathways_full_20260923_083536.xml
Pathway	GCF_000021485	Metabolic-Regulators	Metabolic Regulator Biosynthesis						D:\嗜酸氧化亚铁硫杆菌\03_BioCyc\C2-1\官方原始下载\GCF_000021485_pathways_full_20260923_083536.xml
Pathway	GCF_000021485	Disaccharide-Degradation	Disaccharide Degradation						D:\嗜酸氧化亚铁硫杆菌\03_BioCyc\C2-1\官方原始下载\GCF_000021485_pathways_full_20260923_083536.xml
Pathway	GCF_000021485	Porphyrin-Compounds-Biosynthesis	Porphyrin Compound Biosynthesis						D:\嗜酸氧化亚铁硫杆菌\03_BioCyc\C2-1\官方原始下载\GCF_000021485_pathways_full_20260923_083536.xml
Pathway	GCF_000021485	CoA-Biosynthesis	Coenzyme A Biosynthesis						D:\嗜酸氧化亚铁硫杆菌\03_BioCyc\C2-1\官方原始下载\GCF_000021485_pathways_full_20260923_083536.xml
Pathway	GCF_000021485	Vitamin-A-Biosynthesis	Vitamin A Biosynthesis						D:\嗜酸氧化亚铁硫杆菌\03_BioCyc\C2-1\官方原始下载\GCF_000021485_pathways_full_20260923_083536.xml
Pathway	GCF_000021485	Phosphorus-Compounds	Phosphorus Compound Metabolism						D:\嗜酸氧化亚铁硫杆菌\03_BioCyc\C2-1\官方原始下载\GCF_000021485_pathways_full_20260923_083536.xml
Pathway	GCF_000021485	SECONDARY-METABOLITE-BIOSYNTHESIS	Secondary Metabolite Biosynthesis						D:\嗜酸氧化亚铁硫杆菌\03_BioCyc\C2-1\官方原始下载\GCF_000021485_pathways_full_20260923_083536.xml
Pathway	GCF_000021485	Cofactor-Degradation	Enzyme Cofactor Degradation						D:\嗜酸氧化亚铁硫杆菌\03_BioCyc\C2-1\官方原始下载\GCF_000021485_pathways_full_20260923_083536.xml
Pathway	GCF_000021485	ALKALOIDS	Alkaloid Degradation						D:\嗜酸氧化亚铁硫杆菌\03_BioCyc\C2-1\官方原始下载\GCF_000021485_pathways_full_20260923_083536.xml
Pathway	GCF_000021485	4-Nitrotoluene-Degradation	4-Nitrotoluene Degradation						D:\嗜酸氧化亚铁硫杆菌\03_BioCyc\C2-1\官方原始下载\GCF_000021485_pathways_full_20260923_083536.xml
Pathway	GCF_000021485	Paromamine-Biosynthesis	Paromamine Biosynthesis						D:\嗜酸氧化亚铁硫杆菌\03_BioCyc\C2-1\官方原始下载\GCF_000021485_pathways_full_20260923_083536.xml
Pathway	GCF_000021485	Glycine-Betaine-Degradation	Glycine Betaine Degradation						D:\嗜酸氧化亚铁硫杆菌\03_BioCyc\C2-1\官方原始下载\GCF_000021485_pathways_full_20260923_083536.xml
Pathway	GCF_000021485	TERPENOID-ALKALOIDS	Terpenoid Alkaloid Biosynthesis						D:\嗜酸氧化亚铁硫杆菌\03_BioCyc\C2-1\官方原始下载\GCF_000021485_pathways_full_20260923_083536.xml
Pathway	GCF_000021485	Siderophores-Biosynthesis	Siderophore and Metallophore Biosynthesis						D:\嗜酸氧化亚铁硫杆菌\03_BioCyc\C2-1\官方原始下载\GCF_000021485_pathways_full_20260923_083536.xml
Pathway	GCF_000021485	Cellulose-Degradation	Cellulose Degradation						D:\嗜酸氧化亚铁硫杆菌\03_BioCyc\C2-1\官方原始下载\GCF_000021485_pathways_full_20260923_083536.xml
Pathway	GCF_000021485	Tricothecene-Biosynthesis	Tricothecene Biosynthesis						D:\嗜酸氧化亚铁硫杆菌\03_BioCyc\C2-1\官方原始下载\GCF_000021485_pathways_full_20260923_083536.xml
Pathway	GCF_000021485	CAROTENOID-SYN	Carotenoid Biosynthesis						D:\嗜酸氧化亚铁硫杆菌\03_BioCyc\C2-1\官方原始下载\GCF_000021485_pathways_full_20260923_083536.xml
Pathway	GCF_000021485	Sterol-Biosynthesis	Sterol Biosynthesis						D:\嗜酸氧化亚铁硫杆菌\03_BioCyc\C2-1\官方原始下载\GCF_000021485_pathways_full_20260923_083536.xml
Pathway	GCF_000021485	Bile-Acids-Degradation	Bile Acid Degradation						D:\嗜酸氧化亚铁硫杆菌\03_BioCyc\C2-1\官方原始下载\GCF_000021485_pathways_full_20260923_083536.xml
Pathway	GCF_000021485	PHENYLPROPANOID-DERIVATIVE-DEG	Phenylpropanoid Derivative Degradation						D:\嗜酸氧化亚铁硫杆菌\03_BioCyc\C2-1\官方原始下载\GCF_000021485_pathways_full_20260923_083536.xml
Pathway	GCF_000021485	Taurine-degradation	Taurine Degradation						D:\嗜酸氧化亚铁硫杆菌\03_BioCyc\C2-1\官方原始下载\GCF_000021485_pathways_full_20260923_083536.xml
Pathway	GCF_000021485	TERPENOPHENOLICS-SYN	Terpenophenolic Biosynthesis						D:\嗜酸氧化亚铁硫杆菌\03_BioCyc\C2-1\官方原始下载\GCF_000021485_pathways_full_20260923_083536.xml
Pathway	GCF_000021485	Guanosine-Deoxy-Denovo-Biosynthesis	Guanosine Deoxyribonucleotide <i>De Novo</i> Biosynthesis						D:\嗜酸氧化亚铁硫杆菌\03_BioCyc\C2-1\官方原始下载\GCF_000021485_pathways_full_20260923_083536.xml
Pathway	GCF_000021485	Cardiolipin-Biosynthesis	Cardiolipin Biosynthesis						D:\嗜酸氧化亚铁硫杆菌\03_BioCyc\C2-1\官方原始下载\GCF_000021485_pathways_full_20260923_083536.xml
Pathway	GCF_000021485	PYR-NUC-SYN	Pyrimidine Nucleotide Biosynthesis						D:\嗜酸氧化亚铁硫杆菌\03_BioCyc\C2-1\官方原始下载\GCF_000021485_pathways_full_20260923_083536.xml
Pathway	GCF_000021485	Adenosine-Deoxy-Denovo-Bbiosynthesis	Adenosine Deoxyribonucleotide <i>De Novo</i> Biosynthesis						D:\嗜酸氧化亚铁硫杆菌\03_BioCyc\C2-1\官方原始下载\GCF_000021485_pathways_full_20260923_083536.xml
Pathway	GCF_000021485	Acid-Resistance	Acid Resistance						D:\嗜酸氧化亚铁硫杆菌\03_BioCyc\C2-1\官方原始下载\GCF_000021485_pathways_full_20260923_083536.xml
Pathway	GCF_000021485	QUINONE-SYN	Quinone Secondary Metabolite Biosynthesis						D:\嗜酸氧化亚铁硫杆菌\03_BioCyc\C2-1\官方原始下载\GCF_000021485_pathways_full_20260923_083536.xml
Pathway	GCF_000021485	Olefins-Biosynthesis	Olefin Biosynthesis						D:\嗜酸氧化亚铁硫杆菌\03_BioCyc\C2-1\官方原始下载\GCF_000021485_pathways_full_20260923_083536.xml
Pathway	GCF_000021485	Sulfoaromatics-Degradation	Sulfoaromatic Compound Degradation						D:\嗜酸氧化亚铁硫杆菌\03_BioCyc\C2-1\官方原始下载\GCF_000021485_pathways_full_20260923_083536.xml
Pathway	GCF_000021485	Vitamin-B6-Degradation	Vitamin B6 Degradation						D:\嗜酸氧化亚铁硫杆菌\03_BioCyc\C2-1\官方原始下载\GCF_000021485_pathways_full_20260923_083536.xml
Pathway	GCF_000021485	Carbon-tetrachloride-degradation	Carbon Tetrachloride Degradation						D:\嗜酸氧化亚铁硫杆菌\03_BioCyc\C2-1\官方原始下载\GCF_000021485_pathways_full_20260923_083536.xml
Pathway	GCF_000021485	tRNA-Splicing	tRNA Splicing						D:\嗜酸氧化亚铁硫杆菌\03_BioCyc\C2-1\官方原始下载\GCF_000021485_pathways_full_20260923_083536.xml
Pathway	GCF_000021485	GLUTAMINE-SYN	L-glutamine Biosynthesis						D:\嗜酸氧化亚铁硫杆菌\03_BioCyc\C2-1\官方原始下载\GCF_000021485_pathways_full_20260923_083536.xml
Pathway	GCF_000021485	Reductants	Reductant Biosynthesis						D:\嗜酸氧化亚铁硫杆菌\03_BioCyc\C2-1\官方原始下载\GCF_000021485_pathways_full_20260923_083536.xml
Pathway	GCF_000021485	AIR-Biosynthesis	5-Aminoimidazole Ribonucleotide Biosynthesis						D:\嗜酸氧化亚铁硫杆菌\03_BioCyc\C2-1\官方原始下载\GCF_000021485_pathways_full_20260923_083536.xml
Pathway	GCF_000021485	POLYKETIDE-DEG	Polyketide Degradation						D:\嗜酸氧化亚铁硫杆菌\03_BioCyc\C2-1\官方原始下载\GCF_000021485_pathways_full_20260923_083536.xml
Pathway	GCF_000021485	Mannosylglycerate-Biosynthesis	Mannosylglycerate Biosynthesis						D:\嗜酸氧化亚铁硫杆菌\03_BioCyc\C2-1\官方原始下载\GCF_000021485_pathways_full_20260923_083536.xml
Pathway	GCF_000021485	2-Deoxy-D-Ribose-Degradation	2-Deoxy-D-ribose Degradation						D:\嗜酸氧化亚铁硫杆菌\03_BioCyc\C2-1\官方原始下载\GCF_000021485_pathways_full_20260923_083536.xml
Pathway	GCF_000021485	Monosaccharide-Degradation	Monosaccharide Degradation						D:\嗜酸氧化亚铁硫杆菌\03_BioCyc\C2-1\官方原始下载\GCF_000021485_pathways_full_20260923_083536.xml
Pathway	GCF_000021485	Lactaldehyde-Degradation	Lactaldehyde Degradation						D:\嗜酸氧化亚铁硫杆菌\03_BioCyc\C2-1\官方原始下载\GCF_000021485_pathways_full_20260923_083536.xml
Pathway	GCF_000021485	ALKALOIDS-SYN	Alkaloid Biosynthesis						D:\嗜酸氧化亚铁硫杆菌\03_BioCyc\C2-1\官方原始下载\GCF_000021485_pathways_full_20260923_083536.xml
Pathway	GCF_000021485	2-Nirobenzoate-Degradation	2-Nitrobenzoate Degradation						D:\嗜酸氧化亚铁硫杆菌\03_BioCyc\C2-1\官方原始下载\GCF_000021485_pathways_full_20260923_083536.xml
Pathway	GCF_000021485	Xylose-Degradation	D-Xylose Degradation						D:\嗜酸氧化亚铁硫杆菌\03_BioCyc\C2-1\官方原始下载\GCF_000021485_pathways_full_20260923_083536.xml
Pathway	GCF_000021485	Ethylene-Biosynthesis	Ethene Biosynthesis						D:\嗜酸氧化亚铁硫杆菌\03_BioCyc\C2-1\官方原始下载\GCF_000021485_pathways_full_20260923_083536.xml
Pathway	GCF_000021485	Resin-Acids-Biosynthesis	Resin Acid Biosynthesis						D:\嗜酸氧化亚铁硫杆菌\03_BioCyc\C2-1\官方原始下载\GCF_000021485_pathways_full_20260923_083536.xml
Pathway	GCF_000021485	Gamma-butyrobetaine-Degradation	&gamma;-butyrobetaine degradation						D:\嗜酸氧化亚铁硫杆菌\03_BioCyc\C2-1\官方原始下载\GCF_000021485_pathways_full_20260923_083536.xml
Pathway	GCF_000021485	Gamma-linolenate-Biosynthesis	&gamma;-Linolenate Biosynthesis						D:\嗜酸氧化亚铁硫杆菌\03_BioCyc\C2-1\官方原始下载\GCF_000021485_pathways_full_20260923_083536.xml
Pathway	GCF_000021485	VALINE-BIOSYNTHESIS	L-valine Biosynthesis						D:\嗜酸氧化亚铁硫杆菌\03_BioCyc\C2-1\官方原始下载\GCF_000021485_pathways_full_20260923_083536.xml
Pathway	GCF_000021485	Kanosamine-Biosynthesis	Kanosamine Biosynthesis						D:\嗜酸氧化亚铁硫杆菌\03_BioCyc\C2-1\官方原始下载\GCF_000021485_pathways_full_20260923_083536.xml
Pathway	GCF_000021485	L-Arabinose-Degradation	L-Arabinose Degradation						D:\嗜酸氧化亚铁硫杆菌\03_BioCyc\C2-1\官方原始下载\GCF_000021485_pathways_full_20260923_083536.xml
Pathway	GCF_000021485	Jasmonates-Biosynthesis	Jasmonate Biosynthesis						D:\嗜酸氧化亚铁硫杆菌\03_BioCyc\C2-1\官方原始下载\GCF_000021485_pathways_full_20260923_083536.xml
Pathway	GCF_000021485	CYCLITOLS-DEG	Cyclitol Degradation						D:\嗜酸氧化亚铁硫杆菌\03_BioCyc\C2-1\官方原始下载\GCF_000021485_pathways_full_20260923_083536.xml
Pathway	GCF_000021485	PYRROLIZIDINE-ALKALOIDS	Pyrrolizidine Alkaloid Biosynthesis						D:\嗜酸氧化亚铁硫杆菌\03_BioCyc\C2-1\官方原始下载\GCF_000021485_pathways_full_20260923_083536.xml
Pathway	GCF_000021485	Acetoin-Biosynthesis	Pyruvate Fermentation to Acetoin						D:\嗜酸氧化亚铁硫杆菌\03_BioCyc\C2-1\官方原始下载\GCF_000021485_pathways_full_20260923_083536.xml
Pathway	GCF_000021485	L-Ornithine-Biosynthesis	L-Ornithine Biosynthesis						D:\嗜酸氧化亚铁硫杆菌\03_BioCyc\C2-1\官方原始下载\GCF_000021485_pathways_full_20260923_083536.xml
Pathway	GCF_000021485	Chlorophyll-Biosynthesis	Chlorophyll Biosynthesis						D:\嗜酸氧化亚铁硫杆菌\03_BioCyc\C2-1\官方原始下载\GCF_000021485_pathways_full_20260923_083536.xml
Pathway	GCF_000021485	STILBENE-PHYTOALEXINS	Stilbene Phytoalexin Biosynthesis						D:\嗜酸氧化亚铁硫杆菌\03_BioCyc\C2-1\官方原始下载\GCF_000021485_pathways_full_20260923_083536.xml
Pathway	GCF_000021485	SUGAR-ALCOHOLS-DEG	Alditol Degradation						D:\嗜酸氧化亚铁硫杆菌\03_BioCyc\C2-1\官方原始下载\GCF_000021485_pathways_full_20260923_083536.xml
Pathway	GCF_000021485	Stearate-Biosynthesis	Stearate Biosynthesis						D:\嗜酸氧化亚铁硫杆菌\03_BioCyc\C2-1\官方原始下载\GCF_000021485_pathways_full_20260923_083536.xml
Pathway	GCF_000021485	D-Amino-Acid-Degradation	D-Amino Acid Degradation						D:\嗜酸氧化亚铁硫杆菌\03_BioCyc\C2-1\官方原始下载\GCF_000021485_pathways_full_20260923_083536.xml
Pathway	GCF_000021485	PHLOBAPHENE-SYN	Phlobaphene Biosynthesis						D:\嗜酸氧化亚铁硫杆菌\03_BioCyc\C2-1\官方原始下载\GCF_000021485_pathways_full_20260923_083536.xml
Pathway	GCF_000021485	GLYCEROL-DEG	Glycerol Degradation						D:\嗜酸氧化亚铁硫杆菌\03_BioCyc\C2-1\官方原始下载\GCF_000021485_pathways_full_20260923_083536.xml
Pathway	GCF_000021485	Tetrathionate-Reduction	Tetrathionate Reduction						D:\嗜酸氧化亚铁硫杆菌\03_BioCyc\C2-1\官方原始下载\GCF_000021485_pathways_full_20260923_083536.xml
Pathway	GCF_000021485	Pantothenate-Biosynthesis	Phosphopantothenate Biosynthesis						D:\嗜酸氧化亚铁硫杆菌\03_BioCyc\C2-1\官方原始下载\GCF_000021485_pathways_full_20260923_083536.xml
Pathway	GCF_000021485	Acetylmuramoyl-Pentapeptide-Biosynthesis	UDP-<i>N</i>-Acetylmuramoyl-Pentapeptide Biosynthesis						D:\嗜酸氧化亚铁硫杆菌\03_BioCyc\C2-1\官方原始下载\GCF_000021485_pathways_full_20260923_083536.xml
Pathway	GCF_000021485	Epoxy-Fatty-Acids-Biosynthesis	Epoxylated Fatty Acid Biosynthesis						D:\嗜酸氧化亚铁硫杆菌\03_BioCyc\C2-1\官方原始下载\GCF_000021485_pathways_full_20260923_083536.xml
Pathway	GCF_000021485	Autoinducer-Biosynthesis	Autoinducer Biosynthesis						D:\嗜酸氧化亚铁硫杆菌\03_BioCyc\C2-1\官方原始下载\GCF_000021485_pathways_full_20260923_083536.xml
Pathway	GCF_000021485	Branched-Fatty-Acids-Biosynthesis	Branched Fatty Acid Biosynthesis						D:\嗜酸氧化亚铁硫杆菌\03_BioCyc\C2-1\官方原始下载\GCF_000021485_pathways_full_20260923_083536.xml
Pathway	GCF_000021485	Nitrobenzene-Degradation	Nitrobenzene Degradation						D:\嗜酸氧化亚铁硫杆菌\03_BioCyc\C2-1\官方原始下载\GCF_000021485_pathways_full_20260923_083536.xml
Pathway	GCF_000021485	Chlorobenzene-Degradation	Chlorobenzene Degradation						D:\嗜酸氧化亚铁硫杆菌\03_BioCyc\C2-1\官方原始下载\GCF_000021485_pathways_full_20260923_083536.xml
Pathway	GCF_000021485	REACTIVE-OXYGEN-SPECIES-DEGRADATION	Reactive Oxygen Species Degradation						D:\嗜酸氧化亚铁硫杆菌\03_BioCyc\C2-1\官方原始下载\GCF_000021485_pathways_full_20260923_083536.xml
Pathway	GCF_000021485	Thyroid-Hormone-Metabolism	Thyroid Hormone Metabolism						D:\嗜酸氧化亚铁硫杆菌\03_BioCyc\C2-1\官方原始下载\GCF_000021485_pathways_full_20260923_083536.xml
Pathway	GCF_000021485	Homospermidine-Biosynthesis	homospermidine biosynthesis						D:\嗜酸氧化亚铁硫杆菌\03_BioCyc\C2-1\官方原始下载\GCF_000021485_pathways_full_20260923_083536.xml
Pathway	GCF_000021485	Signaling-Compound-Biosynthesis	Signaling Molecule Biosynthesis						D:\嗜酸氧化亚铁硫杆菌\03_BioCyc\C2-1\官方原始下载\GCF_000021485_pathways_full_20260923_083536.xml
Pathway	GCF_000021485	STILBENE-SYN	Stilbene Biosynthesis						D:\嗜酸氧化亚铁硫杆菌\03_BioCyc\C2-1\官方原始下载\GCF_000021485_pathways_full_20260923_083536.xml
Pathway	GCF_000021485	ELLAGITANNINS	Ellagitannin Biosynthesis						D:\嗜酸氧化亚铁硫杆菌\03_BioCyc\C2-1\官方原始下载\GCF_000021485_pathways_full_20260923_083536.xml
Pathway	GCF_000021485	L-dopa-Degradation							D:\嗜酸氧化亚铁硫杆菌\03_BioCyc\C2-1\官方原始下载\GCF_000021485_pathways_full_20260923_083536.xml
Pathway	GCF_000021485	Sulfur-reduction	Sulfur Reduction						D:\嗜酸氧化亚铁硫杆菌\03_BioCyc\C2-1\官方原始下载\GCF_000021485_pathways_full_20260923_083536.xml
Pathway	GCF_000021485	SERINE-BIOSYNTHESIS	L-serine Biosynthesis						D:\嗜酸氧化亚铁硫杆菌\03_BioCyc\C2-1\官方原始下载\GCF_000021485_pathways_full_20260923_083536.xml
Pathway	GCF_000021485	Pyruvate-Acetate-Fermentation	Pyruvate Fermentation to Acetate						D:\嗜酸氧化亚铁硫杆菌\03_BioCyc\C2-1\官方原始下载\GCF_000021485_pathways_full_20260923_083536.xml
Pathway	GCF_000021485	LACTOSE-DEG	Lactose Degradation						D:\嗜酸氧化亚铁硫杆菌\03_BioCyc\C2-1\官方原始下载\GCF_000021485_pathways_full_20260923_083536.xml
Pathway	GCF_000021485	NAD-SYN	NAD Biosynthesis						D:\嗜酸氧化亚铁硫杆菌\03_BioCyc\C2-1\官方原始下载\GCF_000021485_pathways_full_20260923_083536.xml
Pathway	GCF_000021485	Carbofuran-Degradation	Carbofuran Degradation						D:\嗜酸氧化亚铁硫杆菌\03_BioCyc\C2-1\官方原始下载\GCF_000021485_pathways_full_20260923_083536.xml
Pathway	GCF_000021485	LIGNAN-SYN	Lignan Biosynthesis						D:\嗜酸氧化亚铁硫杆菌\03_BioCyc\C2-1\官方原始下载\GCF_000021485_pathways_full_20260923_083536.xml
Pathway	GCF_000021485	CMP-Sugar-Biosynthesis	CMP-sugar Biosynthesis						D:\嗜酸氧化亚铁硫杆菌\03_BioCyc\C2-1\官方原始下载\GCF_000021485_pathways_full_20260923_083536.xml
Pathway	GCF_000021485	Formaldehyde-Assimilation	Formaldehyde Assimilation						D:\嗜酸氧化亚铁硫杆菌\03_BioCyc\C2-1\官方原始下载\GCF_000021485_pathways_full_20260923_083536.xml
Pathway	GCF_000021485	BETALAIN-ALKALOIDS	Betalaine Alkaloid Biosynthesis						D:\嗜酸氧化亚铁硫杆菌\03_BioCyc\C2-1\官方原始下载\GCF_000021485_pathways_full_20260923_083536.xml
Pathway	GCF_000021485	CARN-DEG	L-Carnitine Degradation						D:\嗜酸氧化亚铁硫杆菌\03_BioCyc\C2-1\官方原始下载\GCF_000021485_pathways_full_20260923_083536.xml
Pathway	GCF_000021485	Pyrimidine-Degradation	Pyrimidine Nucleotide Degradation						D:\嗜酸氧化亚铁硫杆菌\03_BioCyc\C2-1\官方原始下载\GCF_000021485_pathways_full_20260923_083536.xml
Pathway	GCF_000021485	Protein-Degradation	Protein Degradation						D:\嗜酸氧化亚铁硫杆菌\03_BioCyc\C2-1\官方原始下载\GCF_000021485_pathways_full_20260923_083536.xml
Pathway	GCF_000021485	Bergamotene-Biosynthesis	Bergamotene Biosynthesis						D:\嗜酸氧化亚铁硫杆菌\03_BioCyc\C2-1\官方原始下载\GCF_000021485_pathways_full_20260923_083536.xml
Pathway	GCF_000021485	Noncarbon-Nutrients	Inorganic Nutrient Metabolism						D:\嗜酸氧化亚铁硫杆菌\03_BioCyc\C2-1\官方原始下载\GCF_000021485_pathways_full_20260923_083536.xml
Pathway	GCF_000021485	Other-Degradation	Degradation/Utilization/Assimilation - Other						D:\嗜酸氧化亚铁硫杆菌\03_BioCyc\C2-1\官方原始下载\GCF_000021485_pathways_full_20260923_083536.xml
Pathway	GCF_000021485	UMP-Biosynthesis	UMP Biosynthesis						D:\嗜酸氧化亚铁硫杆菌\03_BioCyc\C2-1\官方原始下载\GCF_000021485_pathways_full_20260923_083536.xml
Pathway	GCF_000021485	SERINE-DEG	L-serine Degradation						D:\嗜酸氧化亚铁硫杆菌\03_BioCyc\C2-1\官方原始下载\GCF_000021485_pathways_full_20260923_083536.xml
Pathway	GCF_000021485	Thiamin-Salvage	Thiamine Diphosphate Salvage						D:\嗜酸氧化亚铁硫杆菌\03_BioCyc\C2-1\官方原始下载\GCF_000021485_pathways_full_20260923_083536.xml
Pathway	GCF_000021485	Camphor-Biosynthesis	Camphor Biosynthesis						D:\嗜酸氧化亚铁硫杆菌\03_BioCyc\C2-1\官方原始下载\GCF_000021485_pathways_full_20260923_083536.xml
Pathway	GCF_000021485	Isorenieratene-Biosynthesis	Isorenieratene Biosynthesis						D:\嗜酸氧化亚铁硫杆菌\03_BioCyc\C2-1\官方原始下载\GCF_000021485_pathways_full_20260923_083536.xml
Pathway	GCF_000021485	Guanosine-Nucleotides-Degradation	Guanosine Nucleotide Degradation						D:\嗜酸氧化亚铁硫杆菌\03_BioCyc\C2-1\官方原始下载\GCF_000021485_pathways_full_20260923_083536.xml
Pathway	GCF_000021485	NITROGEN-DEG	Nitrogen Compound Metabolism						D:\嗜酸氧化亚铁硫杆菌\03_BioCyc\C2-1\官方原始下载\GCF_000021485_pathways_full_20260923_083536.xml
Pathway	GCF_000021485	Adenosylcobamide-Biosynthesis	Adenosylcobamide Biosynthesis						D:\嗜酸氧化亚铁硫杆菌\03_BioCyc\C2-1\官方原始下载\GCF_000021485_pathways_full_20260923_083536.xml
Pathway	GCF_000021485	Rhodoquinone-Biosynthesis	Rhodoquinone Biosynthesis						D:\嗜酸氧化亚铁硫杆菌\03_BioCyc\C2-1\官方原始下载\GCF_000021485_pathways_full_20260923_083536.xml
Pathway	GCF_000021485	Eicosapentaenoate-Biosynthesis	Icosapentaenoate Biosynthesis						D:\嗜酸氧化亚铁硫杆菌\03_BioCyc\C2-1\官方原始下载\GCF_000021485_pathways_full_20260923_083536.xml
Pathway	GCF_000021485	Glycan-Pathways	Glycan Pathways						D:\嗜酸氧化亚铁硫杆菌\03_BioCyc\C2-1\官方原始下载\GCF_000021485_pathways_full_20260923_083536.xml
Pathway	GCF_000021485	Xylitol-Degradation	Xylitol Degradation						D:\嗜酸氧化亚铁硫杆菌\03_BioCyc\C2-1\官方原始下载\GCF_000021485_pathways_full_20260923_083536.xml
Pathway	GCF_000021485	3-Chlorocatechol-Degradation	3-Chlorocatechol Degradation						D:\嗜酸氧化亚铁硫杆菌\03_BioCyc\C2-1\官方原始下载\GCF_000021485_pathways_full_20260923_083536.xml
Pathway	GCF_000021485	CO2-Fixation	CO<sub>2</sub> Fixation						D:\嗜酸氧化亚铁硫杆菌\03_BioCyc\C2-1\官方原始下载\GCF_000021485_pathways_full_20260923_083536.xml
Pathway	GCF_000021485	Nitric-Oxide-Biosynthesis	Nitric Oxide Biosynthesis						D:\嗜酸氧化亚铁硫杆菌\03_BioCyc\C2-1\官方原始下载\GCF_000021485_pathways_full_20260923_083536.xml
Pathway	GCF_000021485	Methylarsonite-Detoxification	Methylarsonous Acid Detoxification						D:\嗜酸氧化亚铁硫杆菌\03_BioCyc\C2-1\官方原始下载\GCF_000021485_pathways_full_20260923_083536.xml
Pathway	GCF_000021485	Acetone-Degradation	Acetone Degradation						D:\嗜酸氧化亚铁硫杆菌\03_BioCyc\C2-1\官方原始下载\GCF_000021485_pathways_full_20260923_083536.xml
Pathway	GCF_000021485	Chlorotoluene-Degradation	Chlorotoluene Degradation						D:\嗜酸氧化亚铁硫杆菌\03_BioCyc\C2-1\官方原始下载\GCF_000021485_pathways_full_20260923_083536.xml
Pathway	GCF_000021485	Aldehyde-Degradation	Aldehyde Degradation						D:\嗜酸氧化亚铁硫杆菌\03_BioCyc\C2-1\官方原始下载\GCF_000021485_pathways_full_20260923_083536.xml
Pathway	GCF_000021485	SECONDARY-METABOLITE-DEGRADATION	Secondary Metabolite Degradation						D:\嗜酸氧化亚铁硫杆菌\03_BioCyc\C2-1\官方原始下载\GCF_000021485_pathways_full_20260923_083536.xml
Pathway	GCF_000021485	Factor-420-Biosynthesis	Factor 420 Biosynthesis						D:\嗜酸氧化亚铁硫杆菌\03_BioCyc\C2-1\官方原始下载\GCF_000021485_pathways_full_20260923_083536.xml
Pathway	GCF_000021485	Pentose-Phosphate-Cycle	Pentose Phosphate Pathways						D:\嗜酸氧化亚铁硫杆菌\03_BioCyc\C2-1\官方原始下载\GCF_000021485_pathways_full_20260923_083536.xml
Pathway	GCF_000021485	Salicylate-Glycosylation	Salicylate Glycosylation						D:\嗜酸氧化亚铁硫杆菌\03_BioCyc\C2-1\官方原始下载\GCF_000021485_pathways_full_20260923_083536.xml
Pathway	GCF_000021485	PURINE-ALKALOIDS	Purine Alkaloid Biosynthesis						D:\嗜酸氧化亚铁硫杆菌\03_BioCyc\C2-1\官方原始下载\GCF_000021485_pathways_full_20260923_083536.xml
Pathway	GCF_000021485	TRYPTOPHAN-BIOSYNTHESIS	L-tryptophan Biosynthesis						D:\嗜酸氧化亚铁硫杆菌\03_BioCyc\C2-1\官方原始下载\GCF_000021485_pathways_full_20260923_083536.xml
Pathway	GCF_000021485	L-Malate-Degradation	(<i>S</i>)-Malate Degradation						D:\嗜酸氧化亚铁硫杆菌\03_BioCyc\C2-1\官方原始下载\GCF_000021485_pathways_full_20260923_083536.xml
Pathway	GCF_000021485	Lipoate-Biosynthesis	Lipoate Biosynthesis and Salvage						D:\嗜酸氧化亚铁硫杆菌\03_BioCyc\C2-1\官方原始下载\GCF_000021485_pathways_full_20260923_083536.xml
Pathway	GCF_000021485	4-Toluenesulfonate-Degradation	4-Toluenesulfonate Degradation						D:\嗜酸氧化亚铁硫杆菌\03_BioCyc\C2-1\官方原始下载\GCF_000021485_pathways_full_20260923_083536.xml
Pathway	GCF_000021485	CoM-Oxidation-To-CO2	methyl-coenzyme M oxidation to CO<sub>2</sub>						D:\嗜酸氧化亚铁硫杆菌\03_BioCyc\C2-1\官方原始下载\GCF_000021485_pathways_full_20260923_083536.xml
Pathway	GCF_000021485	Cyclitols-Biosynthesis	Cyclitol Biosynthesis						D:\嗜酸氧化亚铁硫杆菌\03_BioCyc\C2-1\官方原始下载\GCF_000021485_pathways_full_20260923_083536.xml
Pathway	GCF_000021485	Rubber-Degradation	Rubber Degradation						D:\嗜酸氧化亚铁硫杆菌\03_BioCyc\C2-1\官方原始下载\GCF_000021485_pathways_full_20260923_083536.xml
Pathway	GCF_000021485	Methylthiopropionate-Degradation	Methylthiopropanoate Degradation						D:\嗜酸氧化亚铁硫杆菌\03_BioCyc\C2-1\官方原始下载\GCF_000021485_pathways_full_20260923_083536.xml
Pathway	GCF_000021485	NON-PROTEIN-AMINO-ACID-SYN	Non-Protein Amino Acid Biosynthesis						D:\嗜酸氧化亚铁硫杆菌\03_BioCyc\C2-1\官方原始下载\GCF_000021485_pathways_full_20260923_083536.xml
Pathway	GCF_000021485	APOCAROTENOID-SYN	Apocarotenoid Biosynthesis						D:\嗜酸氧化亚铁硫杆菌\03_BioCyc\C2-1\官方原始下载\GCF_000021485_pathways_full_20260923_083536.xml
Pathway	GCF_000021485	Docosahexaenoate-Biosynthesis	Docosahexaenoate Biosynthesis						D:\嗜酸氧化亚铁硫杆菌\03_BioCyc\C2-1\官方原始下载\GCF_000021485_pathways_full_20260923_083536.xml
Pathway	GCF_000021485	XANTHONE-SYN	Xanthone Biosynthesis						D:\嗜酸氧化亚铁硫杆菌\03_BioCyc\C2-1\官方原始下载\GCF_000021485_pathways_full_20260923_083536.xml
Pathway	GCF_000021485	6-HM-Dihydropterin-PP-Biosynthesis	6-Hydroxymethyl-Dihydropterin Diphosphate Biosynthesis						D:\嗜酸氧化亚铁硫杆菌\03_BioCyc\C2-1\官方原始下载\GCF_000021485_pathways_full_20260923_083536.xml
Pathway	GCF_000021485	Sucrose-Biosynthesis	Sucrose Biosynthesis						D:\嗜酸氧化亚铁硫杆菌\03_BioCyc\C2-1\官方原始下载\GCF_000021485_pathways_full_20260923_083536.xml
Pathway	GCF_000021485	Heme-Degradation	Heme Degradation						D:\嗜酸氧化亚铁硫杆菌\03_BioCyc\C2-1\官方原始下载\GCF_000021485_pathways_full_20260923_083536.xml
Pathway	GCF_000021485	Protocatechuate-Degradation	Protocatechuate Degradation						D:\嗜酸氧化亚铁硫杆菌\03_BioCyc\C2-1\官方原始下载\GCF_000021485_pathways_full_20260923_083536.xml
Pathway	GCF_000021485	Indole-3-Acetate-Inactivation	Indole-3-acetate Inactivation						D:\嗜酸氧化亚铁硫杆菌\03_BioCyc\C2-1\官方原始下载\GCF_000021485_pathways_full_20260923_083536.xml
Pathway	GCF_000021485	Dipeptide-Biosynthesis	Dipeptide Biosynthesis						D:\嗜酸氧化亚铁硫杆菌\03_BioCyc\C2-1\官方原始下载\GCF_000021485_pathways_full_20260923_083536.xml
Pathway	GCF_000021485	AMINE-DEG	Amide, Amidine, Amine, and Polyamine Degradation						D:\嗜酸氧化亚铁硫杆菌\03_BioCyc\C2-1\官方原始下载\GCF_000021485_pathways_full_20260923_083536.xml
Pathway	GCF_000021485	Alkene-Degradation	Alkene Degradation						D:\嗜酸氧化亚铁硫杆菌\03_BioCyc\C2-1\官方原始下载\GCF_000021485_pathways_full_20260923_083536.xml
Pathway	GCF_000021485	Vancomycin-Resistnace	Vancomycin Resistance						D:\嗜酸氧化亚铁硫杆菌\03_BioCyc\C2-1\官方原始下载\GCF_000021485_pathways_full_20260923_083536.xml
Pathway	GCF_000021485	Ginsenoside-Degradation	Ginsenoside Degradation						D:\嗜酸氧化亚铁硫杆菌\03_BioCyc\C2-1\官方原始下载\GCF_000021485_pathways_full_20260923_083536.xml
Pathway	GCF_000021485	dTDP-Sugar-Biosynthesis	dTDP-sugar Biosynthesis						D:\嗜酸氧化亚铁硫杆菌\03_BioCyc\C2-1\官方原始下载\GCF_000021485_pathways_full_20260923_083536.xml
Pathway	GCF_000021485	ISOLEUCINE-DEG	L-isoleucine Degradation						D:\嗜酸氧化亚铁硫杆菌\03_BioCyc\C2-1\官方原始下载\GCF_000021485_pathways_full_20260923_083536.xml
Pathway	GCF_000021485	Volatile-Benzenoids-Biosynthesis	Volatile Benzenoid Biosynthesis						D:\嗜酸氧化亚铁硫杆菌\03_BioCyc\C2-1\官方原始下载\GCF_000021485_pathways_full_20260923_083536.xml
Pathway	GCF_000021485	Limonene-Degradation	Limonene Degradation						D:\嗜酸氧化亚铁硫杆菌\03_BioCyc\C2-1\官方原始下载\GCF_000021485_pathways_full_20260923_083536.xml
Pathway	GCF_000021485	Halogenated-Aromatics-Biosynthesis	Halogenated Aromatic Compound Biosynthesis						D:\嗜酸氧化亚铁硫杆菌\03_BioCyc\C2-1\官方原始下载\GCF_000021485_pathways_full_20260923_083536.xml
Pathway	GCF_000021485	Insecticides-Biosynthesis	Insecticide Biosynthesis						D:\嗜酸氧化亚铁硫杆菌\03_BioCyc\C2-1\官方原始下载\GCF_000021485_pathways_full_20260923_083536.xml
Pathway	GCF_000021485	Respiration							D:\嗜酸氧化亚铁硫杆菌\03_BioCyc\C2-1\官方原始下载\GCF_000021485_pathways_full_20260923_083536.xml
Pathway	GCF_000021485	Catechol-Degradation	Catechol Degradation						D:\嗜酸氧化亚铁硫杆菌\03_BioCyc\C2-1\官方原始下载\GCF_000021485_pathways_full_20260923_083536.xml
Pathway	GCF_000021485	FLAVONOL-SYN	Flavonol Biosynthesis						D:\嗜酸氧化亚铁硫杆菌\03_BioCyc\C2-1\官方原始下载\GCF_000021485_pathways_full_20260923_083536.xml
Pathway	GCF_000021485	Benzoate-Biosynthesis	Benzoate Biosynthesis						D:\嗜酸氧化亚铁硫杆菌\03_BioCyc\C2-1\官方原始下载\GCF_000021485_pathways_full_20260923_083536.xml
Pathway	GCF_000021485	PHYTOALEXIN-SYN	Phytoalexin Biosynthesis						D:\嗜酸氧化亚铁硫杆菌\03_BioCyc\C2-1\官方原始下载\GCF_000021485_pathways_full_20260923_083536.xml
Pathway	GCF_000021485	GALLATE-DEG	Gallate Degradation						D:\嗜酸氧化亚铁硫杆菌\03_BioCyc\C2-1\官方原始下载\GCF_000021485_pathways_full_20260923_083536.xml
Pathway	GCF_000021485	Oligosaccharides-Biosynthesis	Oligosaccharide Biosynthesis						D:\嗜酸氧化亚铁硫杆菌\03_BioCyc\C2-1\官方原始下载\GCF_000021485_pathways_full_20260923_083536.xml
Pathway	GCF_000021485	Ascorbate-Biosynthesis	Ascorbate Biosynthesis						D:\嗜酸氧化亚铁硫杆菌\03_BioCyc\C2-1\官方原始下载\GCF_000021485_pathways_full_20260923_083536.xml
Pathway	GCF_000021485	CoB-CoM-Reduction	Coenzyme B/Coenzyme M Regeneration						D:\嗜酸氧化亚铁硫杆菌\03_BioCyc\C2-1\官方原始下载\GCF_000021485_pathways_full_20260923_083536.xml
Pathway	GCF_000021485	BENZENOID-SYN	Benzenoids Biosynthesis						D:\嗜酸氧化亚铁硫杆菌\03_BioCyc\C2-1\官方原始下载\GCF_000021485_pathways_full_20260923_083536.xml
Pathway	GCF_000021485	Sulfur-Oxidation	Sulfur Oxidation						D:\嗜酸氧化亚铁硫杆菌\03_BioCyc\C2-1\官方原始下载\GCF_000021485_pathways_full_20260923_083536.xml
Pathway	GCF_000021485	Tetrathionate-Oxidation	Tetrathionate Oxidation						D:\嗜酸氧化亚铁硫杆菌\03_BioCyc\C2-1\官方原始下载\GCF_000021485_pathways_full_20260923_083536.xml
Pathway	GCF_000021485	Sugars-And-Polysaccharides-Degradation	Sugar Degradation						D:\嗜酸氧化亚铁硫杆菌\03_BioCyc\C2-1\官方原始下载\GCF_000021485_pathways_full_20260923_083536.xml
Pathway	GCF_000021485	MONOTERPENOID-SYN	Monoterpenoid Biosynthesis						D:\嗜酸氧化亚铁硫杆菌\03_BioCyc\C2-1\官方原始下载\GCF_000021485_pathways_full_20260923_083536.xml
Pathway	GCF_000021485	Purine-Deoxyribonuc-De-Novo-Biosynthesis	Purine Deoxyribonucleotide <i>De Novo</i> Biosynthesis						D:\嗜酸氧化亚铁硫杆菌\03_BioCyc\C2-1\官方原始下载\GCF_000021485_pathways_full_20260923_083536.xml
Pathway	GCF_000021485	ISOPRENOIDS-DEG	Hemiterpene Degradation						D:\嗜酸氧化亚铁硫杆菌\03_BioCyc\C2-1\官方原始下载\GCF_000021485_pathways_full_20260923_083536.xml
Pathway	GCF_000021485	Itaconate-Biosynthesis	Itaconate Biosynthesis						D:\嗜酸氧化亚铁硫杆菌\03_BioCyc\C2-1\官方原始下载\GCF_000021485_pathways_full_20260923_083536.xml
Pathway	GCF_000021485	Glycosaminoglycan-Degradation	Glycosaminoglycan Degradation						D:\嗜酸氧化亚铁硫杆菌\03_BioCyc\C2-1\官方原始下载\GCF_000021485_pathways_full_20260923_083536.xml
Pathway	GCF_000021485	Glycosaminoglycans-Biosynthesis	Glycosaminoglycan Biosynthesis						D:\嗜酸氧化亚铁硫杆菌\03_BioCyc\C2-1\官方原始下载\GCF_000021485_pathways_full_20260923_083536.xml
Pathway	GCF_000021485	HORMONE-DEG	Hormone, Neurotransmitter, and Signaling Molecule Degradation						D:\嗜酸氧化亚铁硫杆菌\03_BioCyc\C2-1\官方原始下载\GCF_000021485_pathways_full_20260923_083536.xml
Pathway	GCF_000021485	COUMARIN-PHYTOALEXINS	Coumarin Phytoalexin Biosynthesis						D:\嗜酸氧化亚铁硫杆菌\03_BioCyc\C2-1\官方原始下载\GCF_000021485_pathways_full_20260923_083536.xml
Pathway	GCF_000021485	5-Deoxyadenosine-Degradation	5'-Deoxyadenosine Degradation						D:\嗜酸氧化亚铁硫杆菌\03_BioCyc\C2-1\官方原始下载\GCF_000021485_pathways_full_20260923_083536.xml
Pathway	GCF_000021485	Tetrahydropterin-Biosynthesis	Tetrahydropterin Biosynthesis						D:\嗜酸氧化亚铁硫杆菌\03_BioCyc\C2-1\官方原始下载\GCF_000021485_pathways_full_20260923_083536.xml
Pathway	GCF_000021485	SUGAR-NUCLEOTIDES	Sugar Nucleotide Biosynthesis						D:\嗜酸氧化亚铁硫杆菌\03_BioCyc\C2-1\官方原始下载\GCF_000021485_pathways_full_20260923_083536.xml
Pathway	GCF_000021485	Abscisic-Acid-Biosynthesis	Abscisic Acid Biosynthesis						D:\嗜酸氧化亚铁硫杆菌\03_BioCyc\C2-1\官方原始下载\GCF_000021485_pathways_full_20260923_083536.xml
Pathway	GCF_000021485	Creatinine-Degradation	Creatinine Degradation						D:\嗜酸氧化亚铁硫杆菌\03_BioCyc\C2-1\官方原始下载\GCF_000021485_pathways_full_20260923_083536.xml
Pathway	GCF_000021485	ARGININE-SYN	L-arginine Biosynthesis						D:\嗜酸氧化亚铁硫杆菌\03_BioCyc\C2-1\官方原始下载\GCF_000021485_pathways_full_20260923_083536.xml
Pathway	GCF_000021485	Chlorophyll-a-Biosynthesis	Chlorophyll <i>a</i> Biosynthesis						D:\嗜酸氧化亚铁硫杆菌\03_BioCyc\C2-1\官方原始下载\GCF_000021485_pathways_full_20260923_083536.xml
Pathway	GCF_000021485	Nitrogen-Fixation	Nitrogen fixation						D:\嗜酸氧化亚铁硫杆菌\03_BioCyc\C2-1\官方原始下载\GCF_000021485_pathways_full_20260923_083536.xml
Pathway	GCF_000021485	D-Carnitine-Degradation	D-Carnitine Degradation						D:\嗜酸氧化亚铁硫杆菌\03_BioCyc\C2-1\官方原始下载\GCF_000021485_pathways_full_20260923_083536.xml
Pathway	GCF_000021485	Phosphonate-Degradation	Phosphonate Compound Degradation						D:\嗜酸氧化亚铁硫杆菌\03_BioCyc\C2-1\官方原始下载\GCF_000021485_pathways_full_20260923_083536.xml
Pathway	GCF_000021485	Urea-Degradation	Urea Degradation						D:\嗜酸氧化亚铁硫杆菌\03_BioCyc\C2-1\官方原始下载\GCF_000021485_pathways_full_20260923_083536.xml
Pathway	GCF_000021485	ASPARAGINE-DEG	L-asparagine Degradation						D:\嗜酸氧化亚铁硫杆菌\03_BioCyc\C2-1\官方原始下载\GCF_000021485_pathways_full_20260923_083536.xml
Pathway	GCF_000021485	Stickland-Oxidative	Stickland Fermentation (Oxidative Branch)						D:\嗜酸氧化亚铁硫杆菌\03_BioCyc\C2-1\官方原始下载\GCF_000021485_pathways_full_20260923_083536.xml
Pathway	GCF_000021485	O-Antigen-Biosynthesis	<i>O</i>-Antigen Biosynthesis						D:\嗜酸氧化亚铁硫杆菌\03_BioCyc\C2-1\官方原始下载\GCF_000021485_pathways_full_20260923_083536.xml
Pathway	GCF_000021485	Erythritol-Biosynthesis	Erythritol Biosynthesis						D:\嗜酸氧化亚铁硫杆菌\03_BioCyc\C2-1\官方原始下载\GCF_000021485_pathways_full_20260923_083536.xml
Pathway	GCF_000021485	Gamma-Butyrolactone-Biosynthesis	&gamma;-butyrolactone biosynthesis						D:\嗜酸氧化亚铁硫杆菌\03_BioCyc\C2-1\官方原始下载\GCF_000021485_pathways_full_20260923_083536.xml
