总序号	当前locus	WP protein_id	坐标链向	当前NCBI product	旧AFE依据/状态	UniProt/InterPro/Pfam	KEGG/KO/EC/反应	BioCyc/Rhea/BRENDA/TCDB	原始论文DOI及事实	原始论文状态/边界	精确反应式/化学	2016 Reaction ID/名称/公式/Confidence/EC/PMID/Subsystem	2016 GPR / Protein-reaction / Fe2+/tetrathionate/sulfur bounds	本轮反应分数/范围	裁决	证据边界	未决点	来源URL	审查状态
1074	RU820_RS05640	WP_041645592.1	NZ_CP136162.1:1033809-1034150(-)	hypothetical protein	未映射; 未确认	未取得本轮逐蛋白 UniProt/InterPro/Pfam 命中；当前 NCBI 仅注为 hypothetical protein。	 /  / 	未见 D3 本地交叉引用表中 KEGG KO/EC/反应、BioCyc反应、Rhea精确引用或BRENDA EC；MetaCyc记录标注未独立获取。; TCDB未逐项检索（仅当转运蛋白适用）		未见该基因/蛋白对应的ATCC 23270或DSM 14882原始功能实验；未取得基因专属论文DOI。数据库注释不作湿实验。	未定义；没有可核实的精确反应式、辅因子、方向、区室或膜侧，不评分。	未完成逐行mmc1.xls原表核对；不得据此作已表示/缺失结论。	D3 未列直接GPR；仍需mmc1原表核对; 原补表具体字段未核录。	不评分；未定义精确反应，本轮反应分数为空。	未发现精确反应证据；证据不足暂缓，不新增反应	RefSeq为自动注释；B1/D3提供历史映射与数据库筛查线索，不构成本株实验验证。当前没有基因专属实验事实支持确定酶反应。	待逐基因核验蛋白序列域/位点、数据库原始记录和论文；2016补表Reaction ID/公式/分数/GPR/培养边界尚未写入本行；需查异株/同源实验且不得移作本株验证。	NCBI protein https://www.ncbi.nlm.nih.gov/protein/WP_041645592.1; UniProt search https://www.uniprot.org/uniprotkb?query=WP_041645592.1; InterPro https://www.ebi.ac.uk/interpro/search/sequence/WP_041645592.1; KEGG gene https://www.genome.jp/dbget-bin/www_bget?afr:05640; D3 local snapshot D3-1-R_全基因跨数据库交叉引用.tsv; B1 local snapshot 旧新基因映射.tsv; 2016 source mmc1.xls/mmc3.xml local	部分完成：身份及本地数据库交叉引用已合并；直接论文/逐蛋白域与2016补表字段核对未完成
1075	RU820_RS05645	WP_012606866.1	NZ_CP136162.1:1034161-1034442(-)	hypothetical protein	RefSeq protein_id exact; 完全匹配; AFE_1176	未取得本轮逐蛋白 UniProt/InterPro/Pfam 命中；当前 NCBI 仅注为 hypothetical protein。	 /  / 	未见 D3 本地交叉引用表中 KEGG KO/EC/反应、BioCyc反应、Rhea精确引用或BRENDA EC；MetaCyc记录标注未独立获取。; TCDB未逐项检索（仅当转运蛋白适用）		未见该基因/蛋白对应的ATCC 23270或DSM 14882原始功能实验；未取得基因专属论文DOI。数据库注释不作湿实验。	未定义；没有可核实的精确反应式、辅因子、方向、区室或膜侧，不评分。	未完成逐行mmc1.xls原表核对；不得据此作已表示/缺失结论。	D3 未列直接GPR；仍需mmc1原表核对; 原补表具体字段未核录。	不评分；未定义精确反应，本轮反应分数为空。	未发现精确反应证据；证据不足暂缓，不新增反应	RefSeq为自动注释；B1/D3提供历史映射与数据库筛查线索，不构成本株实验验证。当前没有基因专属实验事实支持确定酶反应。	待逐基因核验蛋白序列域/位点、数据库原始记录和论文；2016补表Reaction ID/公式/分数/GPR/培养边界尚未写入本行；需查异株/同源实验且不得移作本株验证。	NCBI protein https://www.ncbi.nlm.nih.gov/protein/WP_012606866.1; UniProt search https://www.uniprot.org/uniprotkb?query=WP_012606866.1; InterPro https://www.ebi.ac.uk/interpro/search/sequence/WP_012606866.1; KEGG gene https://www.genome.jp/dbget-bin/www_bget?afr:05645; D3 local snapshot D3-1-R_全基因跨数据库交叉引用.tsv; B1 local snapshot 旧新基因映射.tsv; 2016 source mmc1.xls/mmc3.xml local	部分完成：身份及本地数据库交叉引用已合并；直接论文/逐蛋白域与2016补表字段核对未完成
1076	RU820_RS05655	WP_041645597.1	NZ_CP136162.1:1034591-1034908(-)	hypothetical protein	未映射; 未确认	未取得本轮逐蛋白 UniProt/InterPro/Pfam 命中；当前 NCBI 仅注为 hypothetical protein。	 /  / 	未见 D3 本地交叉引用表中 KEGG KO/EC/反应、BioCyc反应、Rhea精确引用或BRENDA EC；MetaCyc记录标注未独立获取。; TCDB未逐项检索（仅当转运蛋白适用）		未见该基因/蛋白对应的ATCC 23270或DSM 14882原始功能实验；未取得基因专属论文DOI。数据库注释不作湿实验。	未定义；没有可核实的精确反应式、辅因子、方向、区室或膜侧，不评分。	未完成逐行mmc1.xls原表核对；不得据此作已表示/缺失结论。	D3 未列直接GPR；仍需mmc1原表核对; 原补表具体字段未核录。	不评分；未定义精确反应，本轮反应分数为空。	未发现精确反应证据；证据不足暂缓，不新增反应	RefSeq为自动注释；B1/D3提供历史映射与数据库筛查线索，不构成本株实验验证。当前没有基因专属实验事实支持确定酶反应。	待逐基因核验蛋白序列域/位点、数据库原始记录和论文；2016补表Reaction ID/公式/分数/GPR/培养边界尚未写入本行；需查异株/同源实验且不得移作本株验证。	NCBI protein https://www.ncbi.nlm.nih.gov/protein/WP_041645597.1; UniProt search https://www.uniprot.org/uniprotkb?query=WP_041645597.1; InterPro https://www.ebi.ac.uk/interpro/search/sequence/WP_041645597.1; KEGG gene https://www.genome.jp/dbget-bin/www_bget?afr:05655; D3 local snapshot D3-1-R_全基因跨数据库交叉引用.tsv; B1 local snapshot 旧新基因映射.tsv; 2016 source mmc1.xls/mmc3.xml local	部分完成：身份及本地数据库交叉引用已合并；直接论文/逐蛋白域与2016补表字段核对未完成
1077	RU820_RS05660	WP_423365463.1	NZ_CP136162.1:1034976-1035581(-)	hypothetical protein	未映射; 未确认	未取得本轮逐蛋白 UniProt/InterPro/Pfam 命中；当前 NCBI 仅注为 hypothetical protein。	 /  / 	未见 D3 本地交叉引用表中 KEGG KO/EC/反应、BioCyc反应、Rhea精确引用或BRENDA EC；MetaCyc记录标注未独立获取。; TCDB未逐项检索（仅当转运蛋白适用）		未见该基因/蛋白对应的ATCC 23270或DSM 14882原始功能实验；未取得基因专属论文DOI。数据库注释不作湿实验。	未定义；没有可核实的精确反应式、辅因子、方向、区室或膜侧，不评分。	未完成逐行mmc1.xls原表核对；不得据此作已表示/缺失结论。	D3 未列直接GPR；仍需mmc1原表核对; 原补表具体字段未核录。	不评分；未定义精确反应，本轮反应分数为空。	未发现精确反应证据；证据不足暂缓，不新增反应	RefSeq为自动注释；B1/D3提供历史映射与数据库筛查线索，不构成本株实验验证。当前没有基因专属实验事实支持确定酶反应。	待逐基因核验蛋白序列域/位点、数据库原始记录和论文；2016补表Reaction ID/公式/分数/GPR/培养边界尚未写入本行；需查异株/同源实验且不得移作本株验证。	NCBI protein https://www.ncbi.nlm.nih.gov/protein/WP_423365463.1; UniProt search https://www.uniprot.org/uniprotkb?query=WP_423365463.1; InterPro https://www.ebi.ac.uk/interpro/search/sequence/WP_423365463.1; KEGG gene https://www.genome.jp/dbget-bin/www_bget?afr:05660; D3 local snapshot D3-1-R_全基因跨数据库交叉引用.tsv; B1 local snapshot 旧新基因映射.tsv; 2016 source mmc1.xls/mmc3.xml local	部分完成：身份及本地数据库交叉引用已合并；直接论文/逐蛋白域与2016补表字段核对未完成
1078	RU820_RS05745	WP_012606870.1	NZ_CP136162.1:1039625-1040464(-)	DUF4326 domain-containing protein	RefSeq protein_id exact; 完全匹配; AFE_1197	未取得本轮逐蛋白 UniProt/InterPro/Pfam 命中及人工审校状态；NCBI product/KEGG 注释仅为自动或交叉引用线索。	 /  / 	未见 D3 本地交叉引用表中 KEGG KO/EC/反应、BioCyc反应、Rhea精确引用或BRENDA EC；MetaCyc记录标注未独立获取。; TCDB未逐项检索（仅当转运蛋白适用）		未见该基因/蛋白对应的ATCC 23270或DSM 14882原始功能实验；未取得基因专属论文DOI。数据库注释不作湿实验。	未定义；没有可核实的精确反应式、辅因子、方向、区室或膜侧，不评分。	未完成逐行mmc1.xls原表核对；不得据此作已表示/缺失结论。	D3 未列直接GPR；仍需mmc1原表核对; 原补表具体字段未核录。	不评分；未定义精确反应，本轮反应分数为空。	未发现精确反应证据；证据不足暂缓，不新增反应	RefSeq为自动注释；B1/D3提供历史映射与数据库筛查线索，不构成本株实验验证。当前没有基因专属实验事实支持确定酶反应。	待逐基因核验蛋白序列域/位点、数据库原始记录和论文；2016补表Reaction ID/公式/分数/GPR/培养边界尚未写入本行；需查异株/同源实验且不得移作本株验证。	NCBI protein https://www.ncbi.nlm.nih.gov/protein/WP_012606870.1; UniProt search https://www.uniprot.org/uniprotkb?query=WP_012606870.1; InterPro https://www.ebi.ac.uk/interpro/search/sequence/WP_012606870.1; KEGG gene https://www.genome.jp/dbget-bin/www_bget?afr:05745; D3 local snapshot D3-1-R_全基因跨数据库交叉引用.tsv; B1 local snapshot 旧新基因映射.tsv; 2016 source mmc1.xls/mmc3.xml local	部分完成：身份及本地数据库交叉引用已合并；直接论文/逐蛋白域与2016补表字段核对未完成
1079	RU820_RS05750	WP_041645602.1	NZ_CP136162.1:1040461-1040691(-)	hypothetical protein	未映射; 未确认	未取得本轮逐蛋白 UniProt/InterPro/Pfam 命中；当前 NCBI 仅注为 hypothetical protein。	 /  / 	未见 D3 本地交叉引用表中 KEGG KO/EC/反应、BioCyc反应、Rhea精确引用或BRENDA EC；MetaCyc记录标注未独立获取。; TCDB未逐项检索（仅当转运蛋白适用）		未见该基因/蛋白对应的ATCC 23270或DSM 14882原始功能实验；未取得基因专属论文DOI。数据库注释不作湿实验。	未定义；没有可核实的精确反应式、辅因子、方向、区室或膜侧，不评分。	未完成逐行mmc1.xls原表核对；不得据此作已表示/缺失结论。	D3 未列直接GPR；仍需mmc1原表核对; 原补表具体字段未核录。	不评分；未定义精确反应，本轮反应分数为空。	未发现精确反应证据；证据不足暂缓，不新增反应	RefSeq为自动注释；B1/D3提供历史映射与数据库筛查线索，不构成本株实验验证。当前没有基因专属实验事实支持确定酶反应。	待逐基因核验蛋白序列域/位点、数据库原始记录和论文；2016补表Reaction ID/公式/分数/GPR/培养边界尚未写入本行；需查异株/同源实验且不得移作本株验证。	NCBI protein https://www.ncbi.nlm.nih.gov/protein/WP_041645602.1; UniProt search https://www.uniprot.org/uniprotkb?query=WP_041645602.1; InterPro https://www.ebi.ac.uk/interpro/search/sequence/WP_041645602.1; KEGG gene https://www.genome.jp/dbget-bin/www_bget?afr:05750; D3 local snapshot D3-1-R_全基因跨数据库交叉引用.tsv; B1 local snapshot 旧新基因映射.tsv; 2016 source mmc1.xls/mmc3.xml local	部分完成：身份及本地数据库交叉引用已合并；直接论文/逐蛋白域与2016补表字段核对未完成
1080	RU820_RS05755	WP_012606872.1	NZ_CP136162.1:1040959-1041396(-)	ribonuclease H family protein	RefSeq protein_id exact; 完全匹配; AFE_1199	未取得本轮逐蛋白 UniProt/InterPro/Pfam 命中及人工审校状态；NCBI product/KEGG 注释仅为自动或交叉引用线索。	K03469 / 3.1.26.4 / 	K03469; 3.1.26.4; 3.1.26.4-RXN; TCDB未逐项检索（仅当转运蛋白适用）		未见该基因/蛋白对应的ATCC 23270或DSM 14882原始功能实验；未取得基因专属论文DOI。数据库注释不作湿实验。	未定义；没有可核实的精确反应式、辅因子、方向、区室或膜侧，不评分。	未完成逐行mmc1.xls原表核对；不得据此作已表示/缺失结论。	D3 未列直接GPR；仍需mmc1原表核对; 原补表具体字段未核录。	不评分；未定义精确反应，本轮反应分数为空。	未发现精确反应证据；证据不足暂缓，不新增反应	RefSeq为自动注释；B1/D3提供历史映射与数据库筛查线索，不构成本株实验验证。当前没有基因专属实验事实支持确定酶反应。	待逐基因核验蛋白序列域/位点、数据库原始记录和论文；2016补表Reaction ID/公式/分数/GPR/培养边界尚未写入本行；需查异株/同源实验且不得移作本株验证。	NCBI protein https://www.ncbi.nlm.nih.gov/protein/WP_012606872.1; UniProt search https://www.uniprot.org/uniprotkb?query=WP_012606872.1; InterPro https://www.ebi.ac.uk/interpro/search/sequence/WP_012606872.1; KEGG gene https://www.genome.jp/dbget-bin/www_bget?afr:05755; D3 local snapshot D3-1-R_全基因跨数据库交叉引用.tsv; B1 local snapshot 旧新基因映射.tsv; 2016 source mmc1.xls/mmc3.xml local	部分完成：身份及本地数据库交叉引用已合并；直接论文/逐蛋白域与2016补表字段核对未完成
1081	RU820_RS05760	WP_012606873.1	NZ_CP136162.1:1041417-1042040(-)	hypothetical protein	RefSeq protein_id exact; 完全匹配; AFE_1200	未取得本轮逐蛋白 UniProt/InterPro/Pfam 命中；当前 NCBI 仅注为 hypothetical protein。	 /  / 	未见 D3 本地交叉引用表中 KEGG KO/EC/反应、BioCyc反应、Rhea精确引用或BRENDA EC；MetaCyc记录标注未独立获取。; TCDB未逐项检索（仅当转运蛋白适用）		未见该基因/蛋白对应的ATCC 23270或DSM 14882原始功能实验；未取得基因专属论文DOI。数据库注释不作湿实验。	未定义；没有可核实的精确反应式、辅因子、方向、区室或膜侧，不评分。	未完成逐行mmc1.xls原表核对；不得据此作已表示/缺失结论。	D3 未列直接GPR；仍需mmc1原表核对; 原补表具体字段未核录。	不评分；未定义精确反应，本轮反应分数为空。	未发现精确反应证据；证据不足暂缓，不新增反应	RefSeq为自动注释；B1/D3提供历史映射与数据库筛查线索，不构成本株实验验证。当前没有基因专属实验事实支持确定酶反应。	待逐基因核验蛋白序列域/位点、数据库原始记录和论文；2016补表Reaction ID/公式/分数/GPR/培养边界尚未写入本行；需查异株/同源实验且不得移作本株验证。	NCBI protein https://www.ncbi.nlm.nih.gov/protein/WP_012606873.1; UniProt search https://www.uniprot.org/uniprotkb?query=WP_012606873.1; InterPro https://www.ebi.ac.uk/interpro/search/sequence/WP_012606873.1; KEGG gene https://www.genome.jp/dbget-bin/www_bget?afr:05760; D3 local snapshot D3-1-R_全基因跨数据库交叉引用.tsv; B1 local snapshot 旧新基因映射.tsv; 2016 source mmc1.xls/mmc3.xml local	部分完成：身份及本地数据库交叉引用已合并；直接论文/逐蛋白域与2016补表字段核对未完成
1082	RU820_RS05765	WP_012606874.1	NZ_CP136162.1:1042212-1043042(+)	heteromeric transposase endonuclease subunit TnsA	RefSeq protein_id exact; 完全匹配; AFE_1201	未取得本轮逐蛋白 UniProt/InterPro/Pfam 命中及人工审校状态；NCBI product/KEGG 注释仅为自动或交叉引用线索。	 /  / 	未见 D3 本地交叉引用表中 KEGG KO/EC/反应、BioCyc反应、Rhea精确引用或BRENDA EC；MetaCyc记录标注未独立获取。; TCDB未逐项检索（仅当转运蛋白适用）		未见该基因/蛋白对应的ATCC 23270或DSM 14882原始功能实验；未取得基因专属论文DOI。数据库注释不作湿实验。	未定义；没有可核实的精确反应式、辅因子、方向、区室或膜侧，不评分。	未完成逐行mmc1.xls原表核对；不得据此作已表示/缺失结论。	D3 未列直接GPR；仍需mmc1原表核对; 原补表具体字段未核录。	不评分；未定义精确反应，本轮反应分数为空。	未发现精确反应证据；证据不足暂缓，不新增反应	RefSeq为自动注释；B1/D3提供历史映射与数据库筛查线索，不构成本株实验验证。当前没有基因专属实验事实支持确定酶反应。	待逐基因核验蛋白序列域/位点、数据库原始记录和论文；2016补表Reaction ID/公式/分数/GPR/培养边界尚未写入本行；需查异株/同源实验且不得移作本株验证。	NCBI protein https://www.ncbi.nlm.nih.gov/protein/WP_012606874.1; UniProt search https://www.uniprot.org/uniprotkb?query=WP_012606874.1; InterPro https://www.ebi.ac.uk/interpro/search/sequence/WP_012606874.1; KEGG gene https://www.genome.jp/dbget-bin/www_bget?afr:05765; D3 local snapshot D3-1-R_全基因跨数据库交叉引用.tsv; B1 local snapshot 旧新基因映射.tsv; 2016 source mmc1.xls/mmc3.xml local	部分完成：身份及本地数据库交叉引用已合并；直接论文/逐蛋白域与2016补表字段核对未完成
1083	RU820_RS05770	WP_012606875.1	NZ_CP136162.1:1043039-1045207(+)	Mu transposase C-terminal domain-containing protein	RefSeq protein_id exact; 完全匹配; AFE_1202	未取得本轮逐蛋白 UniProt/InterPro/Pfam 命中及人工审校状态；NCBI product/KEGG 注释仅为自动或交叉引用线索。	 /  / 	RXN0-5100;RXN0-5131; TCDB未逐项检索（仅当转运蛋白适用）		未见该基因/蛋白对应的ATCC 23270或DSM 14882原始功能实验；未取得基因专属论文DOI。数据库注释不作湿实验。	未定义；没有可核实的精确反应式、辅因子、方向、区室或膜侧，不评分。	未完成逐行mmc1.xls原表核对；不得据此作已表示/缺失结论。	D3 未列直接GPR；仍需mmc1原表核对; 原补表具体字段未核录。	不评分；未定义精确反应，本轮反应分数为空。	未发现精确反应证据；证据不足暂缓，不新增反应	RefSeq为自动注释；B1/D3提供历史映射与数据库筛查线索，不构成本株实验验证。当前没有基因专属实验事实支持确定酶反应。	待逐基因核验蛋白序列域/位点、数据库原始记录和论文；2016补表Reaction ID/公式/分数/GPR/培养边界尚未写入本行；需查异株/同源实验且不得移作本株验证。	NCBI protein https://www.ncbi.nlm.nih.gov/protein/WP_012606875.1; UniProt search https://www.uniprot.org/uniprotkb?query=WP_012606875.1; InterPro https://www.ebi.ac.uk/interpro/search/sequence/WP_012606875.1; KEGG gene https://www.genome.jp/dbget-bin/www_bget?afr:05770; D3 local snapshot D3-1-R_全基因跨数据库交叉引用.tsv; B1 local snapshot 旧新基因映射.tsv; 2016 source mmc1.xls/mmc3.xml local	部分完成：身份及本地数据库交叉引用已合并；直接论文/逐蛋白域与2016补表字段核对未完成
1084	RU820_RS05775	WP_012606876.1	NZ_CP136162.1:1045188-1046846(+)	ATP-binding protein	RefSeq protein_id exact; 完全匹配; AFE_1203	未取得本轮逐蛋白 UniProt/InterPro/Pfam 命中及人工审校状态；NCBI product/KEGG 注释仅为自动或交叉引用线索。	 /  / 	未见 D3 本地交叉引用表中 KEGG KO/EC/反应、BioCyc反应、Rhea精确引用或BRENDA EC；MetaCyc记录标注未独立获取。; TCDB未逐项检索（仅当转运蛋白适用）		未见该基因/蛋白对应的ATCC 23270或DSM 14882原始功能实验；未取得基因专属论文DOI。数据库注释不作湿实验。	未定义；没有可核实的精确反应式、辅因子、方向、区室或膜侧，不评分。	未完成逐行mmc1.xls原表核对；不得据此作已表示/缺失结论。	D3 未列直接GPR；仍需mmc1原表核对; 原补表具体字段未核录。	不评分；未定义精确反应，本轮反应分数为空。	未发现精确反应证据；证据不足暂缓，不新增反应	RefSeq为自动注释；B1/D3提供历史映射与数据库筛查线索，不构成本株实验验证。当前没有基因专属实验事实支持确定酶反应。	待逐基因核验蛋白序列域/位点、数据库原始记录和论文；2016补表Reaction ID/公式/分数/GPR/培养边界尚未写入本行；需查异株/同源实验且不得移作本株验证。	NCBI protein https://www.ncbi.nlm.nih.gov/protein/WP_012606876.1; UniProt search https://www.uniprot.org/uniprotkb?query=WP_012606876.1; InterPro https://www.ebi.ac.uk/interpro/search/sequence/WP_012606876.1; KEGG gene https://www.genome.jp/dbget-bin/www_bget?afr:05775; D3 local snapshot D3-1-R_全基因跨数据库交叉引用.tsv; B1 local snapshot 旧新基因映射.tsv; 2016 source mmc1.xls/mmc3.xml local	部分完成：身份及本地数据库交叉引用已合并；直接论文/逐蛋白域与2016补表字段核对未完成
1085	RU820_RS05780	WP_423365467.1	NZ_CP136162.1:1046858-1048687(+)	TnsD family transposase	未映射; 未确认	未取得本轮逐蛋白 UniProt/InterPro/Pfam 命中及人工审校状态；NCBI product/KEGG 注释仅为自动或交叉引用线索。	 /  / 	未见 D3 本地交叉引用表中 KEGG KO/EC/反应、BioCyc反应、Rhea精确引用或BRENDA EC；MetaCyc记录标注未独立获取。; TCDB未逐项检索（仅当转运蛋白适用）		未见该基因/蛋白对应的ATCC 23270或DSM 14882原始功能实验；未取得基因专属论文DOI。数据库注释不作湿实验。	未定义；没有可核实的精确反应式、辅因子、方向、区室或膜侧，不评分。	未完成逐行mmc1.xls原表核对；不得据此作已表示/缺失结论。	D3 未列直接GPR；仍需mmc1原表核对; 原补表具体字段未核录。	不评分；未定义精确反应，本轮反应分数为空。	未发现精确反应证据；证据不足暂缓，不新增反应	RefSeq为自动注释；B1/D3提供历史映射与数据库筛查线索，不构成本株实验验证。当前没有基因专属实验事实支持确定酶反应。	待逐基因核验蛋白序列域/位点、数据库原始记录和论文；2016补表Reaction ID/公式/分数/GPR/培养边界尚未写入本行；需查异株/同源实验且不得移作本株验证。	NCBI protein https://www.ncbi.nlm.nih.gov/protein/WP_423365467.1; UniProt search https://www.uniprot.org/uniprotkb?query=WP_423365467.1; InterPro https://www.ebi.ac.uk/interpro/search/sequence/WP_423365467.1; KEGG gene https://www.genome.jp/dbget-bin/www_bget?afr:05780; D3 local snapshot D3-1-R_全基因跨数据库交叉引用.tsv; B1 local snapshot 旧新基因映射.tsv; 2016 source mmc1.xls/mmc3.xml local	部分完成：身份及本地数据库交叉引用已合并；直接论文/逐蛋白域与2016补表字段核对未完成
1086	RU820_RS05785	WP_423365469.1	NZ_CP136162.1:1048689-1050374(+)	hypothetical protein	未映射; 未确认	未取得本轮逐蛋白 UniProt/InterPro/Pfam 命中；当前 NCBI 仅注为 hypothetical protein。	 /  / 	未见 D3 本地交叉引用表中 KEGG KO/EC/反应、BioCyc反应、Rhea精确引用或BRENDA EC；MetaCyc记录标注未独立获取。; TCDB未逐项检索（仅当转运蛋白适用）		未见该基因/蛋白对应的ATCC 23270或DSM 14882原始功能实验；未取得基因专属论文DOI。数据库注释不作湿实验。	未定义；没有可核实的精确反应式、辅因子、方向、区室或膜侧，不评分。	未完成逐行mmc1.xls原表核对；不得据此作已表示/缺失结论。	D3 未列直接GPR；仍需mmc1原表核对; 原补表具体字段未核录。	不评分；未定义精确反应，本轮反应分数为空。	未发现精确反应证据；证据不足暂缓，不新增反应	RefSeq为自动注释；B1/D3提供历史映射与数据库筛查线索，不构成本株实验验证。当前没有基因专属实验事实支持确定酶反应。	待逐基因核验蛋白序列域/位点、数据库原始记录和论文；2016补表Reaction ID/公式/分数/GPR/培养边界尚未写入本行；需查异株/同源实验且不得移作本株验证。	NCBI protein https://www.ncbi.nlm.nih.gov/protein/WP_423365469.1; UniProt search https://www.uniprot.org/uniprotkb?query=WP_423365469.1; InterPro https://www.ebi.ac.uk/interpro/search/sequence/WP_423365469.1; KEGG gene https://www.genome.jp/dbget-bin/www_bget?afr:05785; D3 local snapshot D3-1-R_全基因跨数据库交叉引用.tsv; B1 local snapshot 旧新基因映射.tsv; 2016 source mmc1.xls/mmc3.xml local	部分完成：身份及本地数据库交叉引用已合并；直接论文/逐蛋白域与2016补表字段核对未完成
1087	RU820_RS05790	WP_012606879.1	NZ_CP136162.1:1050456-1053884(-)	AAA family ATPase	RefSeq protein_id exact; 完全匹配; AFE_1206	未取得本轮逐蛋白 UniProt/InterPro/Pfam 命中及人工审校状态；NCBI product/KEGG 注释仅为自动或交叉引用线索。	 /  / 	未见 D3 本地交叉引用表中 KEGG KO/EC/反应、BioCyc反应、Rhea精确引用或BRENDA EC；MetaCyc记录标注未独立获取。; TCDB未逐项检索（仅当转运蛋白适用）		未见该基因/蛋白对应的ATCC 23270或DSM 14882原始功能实验；未取得基因专属论文DOI。数据库注释不作湿实验。	未定义；没有可核实的精确反应式、辅因子、方向、区室或膜侧，不评分。	未完成逐行mmc1.xls原表核对；不得据此作已表示/缺失结论。	D3 未列直接GPR；仍需mmc1原表核对; 原补表具体字段未核录。	不评分；未定义精确反应，本轮反应分数为空。	未发现精确反应证据；证据不足暂缓，不新增反应	RefSeq为自动注释；B1/D3提供历史映射与数据库筛查线索，不构成本株实验验证。当前没有基因专属实验事实支持确定酶反应。	待逐基因核验蛋白序列域/位点、数据库原始记录和论文；2016补表Reaction ID/公式/分数/GPR/培养边界尚未写入本行；需查异株/同源实验且不得移作本株验证。	NCBI protein https://www.ncbi.nlm.nih.gov/protein/WP_012606879.1; UniProt search https://www.uniprot.org/uniprotkb?query=WP_012606879.1; InterPro https://www.ebi.ac.uk/interpro/search/sequence/WP_012606879.1; KEGG gene https://www.genome.jp/dbget-bin/www_bget?afr:05790; D3 local snapshot D3-1-R_全基因跨数据库交叉引用.tsv; B1 local snapshot 旧新基因映射.tsv; 2016 source mmc1.xls/mmc3.xml local	部分完成：身份及本地数据库交叉引用已合并；直接论文/逐蛋白域与2016补表字段核对未完成
1088	RU820_RS05795	WP_423365470.1	NZ_CP136162.1:1054088-1057033(+)	autotransporter domain-containing protein	未映射; 未确认	未取得本轮逐蛋白 UniProt/InterPro/Pfam 命中及人工审校状态；NCBI product/KEGG 注释仅为自动或交叉引用线索。	 /  / 	未见 D3 本地交叉引用表中 KEGG KO/EC/反应、BioCyc反应、Rhea精确引用或BRENDA EC；MetaCyc记录标注未独立获取。; TCDB未逐项检索（仅当转运蛋白适用）		未见该基因/蛋白对应的ATCC 23270或DSM 14882原始功能实验；未取得基因专属论文DOI。数据库注释不作湿实验。	未定义；没有可核实的精确反应式、辅因子、方向、区室或膜侧，不评分。	未完成逐行mmc1.xls原表核对；不得据此作已表示/缺失结论。	D3 未列直接GPR；仍需mmc1原表核对; 原补表具体字段未核录。	不评分；未定义精确反应，本轮反应分数为空。	未发现精确反应证据；证据不足暂缓，不新增反应	RefSeq为自动注释；B1/D3提供历史映射与数据库筛查线索，不构成本株实验验证。当前没有基因专属实验事实支持确定酶反应。	待逐基因核验蛋白序列域/位点、数据库原始记录和论文；2016补表Reaction ID/公式/分数/GPR/培养边界尚未写入本行；需查异株/同源实验且不得移作本株验证。	NCBI protein https://www.ncbi.nlm.nih.gov/protein/WP_423365470.1; UniProt search https://www.uniprot.org/uniprotkb?query=WP_423365470.1; InterPro https://www.ebi.ac.uk/interpro/search/sequence/WP_423365470.1; KEGG gene https://www.genome.jp/dbget-bin/www_bget?afr:05795; D3 local snapshot D3-1-R_全基因跨数据库交叉引用.tsv; B1 local snapshot 旧新基因映射.tsv; 2016 source mmc1.xls/mmc3.xml local	部分完成：身份及本地数据库交叉引用已合并；直接论文/逐蛋白域与2016补表字段核对未完成
1089	RU820_RS05805	WP_236608977.1	NZ_CP136162.1:1057463-1057630(+)	hypothetical protein	未映射; 未确认	未取得本轮逐蛋白 UniProt/InterPro/Pfam 命中；当前 NCBI 仅注为 hypothetical protein。	 /  / 	未见 D3 本地交叉引用表中 KEGG KO/EC/反应、BioCyc反应、Rhea精确引用或BRENDA EC；MetaCyc记录标注未独立获取。; TCDB未逐项检索（仅当转运蛋白适用）		未见该基因/蛋白对应的ATCC 23270或DSM 14882原始功能实验；未取得基因专属论文DOI。数据库注释不作湿实验。	未定义；没有可核实的精确反应式、辅因子、方向、区室或膜侧，不评分。	未完成逐行mmc1.xls原表核对；不得据此作已表示/缺失结论。	D3 未列直接GPR；仍需mmc1原表核对; 原补表具体字段未核录。	不评分；未定义精确反应，本轮反应分数为空。	未发现精确反应证据；证据不足暂缓，不新增反应	RefSeq为自动注释；B1/D3提供历史映射与数据库筛查线索，不构成本株实验验证。当前没有基因专属实验事实支持确定酶反应。	待逐基因核验蛋白序列域/位点、数据库原始记录和论文；2016补表Reaction ID/公式/分数/GPR/培养边界尚未写入本行；需查异株/同源实验且不得移作本株验证。	NCBI protein https://www.ncbi.nlm.nih.gov/protein/WP_236608977.1; UniProt search https://www.uniprot.org/uniprotkb?query=WP_236608977.1; InterPro https://www.ebi.ac.uk/interpro/search/sequence/WP_236608977.1; KEGG gene https://www.genome.jp/dbget-bin/www_bget?afr:05805; D3 local snapshot D3-1-R_全基因跨数据库交叉引用.tsv; B1 local snapshot 旧新基因映射.tsv; 2016 source mmc1.xls/mmc3.xml local	部分完成：身份及本地数据库交叉引用已合并；直接论文/逐蛋白域与2016补表字段核对未完成
1090	RU820_RS05810	WP_049759432.1	NZ_CP136162.1:1057952-1058254(+)	hypothetical protein	未映射; 未确认	未取得本轮逐蛋白 UniProt/InterPro/Pfam 命中；当前 NCBI 仅注为 hypothetical protein。	 /  / 	未见 D3 本地交叉引用表中 KEGG KO/EC/反应、BioCyc反应、Rhea精确引用或BRENDA EC；MetaCyc记录标注未独立获取。; TCDB未逐项检索（仅当转运蛋白适用）		未见该基因/蛋白对应的ATCC 23270或DSM 14882原始功能实验；未取得基因专属论文DOI。数据库注释不作湿实验。	未定义；没有可核实的精确反应式、辅因子、方向、区室或膜侧，不评分。	未完成逐行mmc1.xls原表核对；不得据此作已表示/缺失结论。	D3 未列直接GPR；仍需mmc1原表核对; 原补表具体字段未核录。	不评分；未定义精确反应，本轮反应分数为空。	未发现精确反应证据；证据不足暂缓，不新增反应	RefSeq为自动注释；B1/D3提供历史映射与数据库筛查线索，不构成本株实验验证。当前没有基因专属实验事实支持确定酶反应。	待逐基因核验蛋白序列域/位点、数据库原始记录和论文；2016补表Reaction ID/公式/分数/GPR/培养边界尚未写入本行；需查异株/同源实验且不得移作本株验证。	NCBI protein https://www.ncbi.nlm.nih.gov/protein/WP_049759432.1; UniProt search https://www.uniprot.org/uniprotkb?query=WP_049759432.1; InterPro https://www.ebi.ac.uk/interpro/search/sequence/WP_049759432.1; KEGG gene https://www.genome.jp/dbget-bin/www_bget?afr:05810; D3 local snapshot D3-1-R_全基因跨数据库交叉引用.tsv; B1 local snapshot 旧新基因映射.tsv; 2016 source mmc1.xls/mmc3.xml local	部分完成：身份及本地数据库交叉引用已合并；直接论文/逐蛋白域与2016补表字段核对未完成
1091	RU820_RS05815	WP_423365615.1	NZ_CP136162.1:1058560-1061259(+)	beta strand repeat-containing protein	未映射; 未确认	未取得本轮逐蛋白 UniProt/InterPro/Pfam 命中及人工审校状态；NCBI product/KEGG 注释仅为自动或交叉引用线索。	 /  / 	未见 D3 本地交叉引用表中 KEGG KO/EC/反应、BioCyc反应、Rhea精确引用或BRENDA EC；MetaCyc记录标注未独立获取。; TCDB未逐项检索（仅当转运蛋白适用）		未见该基因/蛋白对应的ATCC 23270或DSM 14882原始功能实验；未取得基因专属论文DOI。数据库注释不作湿实验。	未定义；没有可核实的精确反应式、辅因子、方向、区室或膜侧，不评分。	未完成逐行mmc1.xls原表核对；不得据此作已表示/缺失结论。	D3 未列直接GPR；仍需mmc1原表核对; 原补表具体字段未核录。	不评分；未定义精确反应，本轮反应分数为空。	未发现精确反应证据；证据不足暂缓，不新增反应	RefSeq为自动注释；B1/D3提供历史映射与数据库筛查线索，不构成本株实验验证。当前没有基因专属实验事实支持确定酶反应。	待逐基因核验蛋白序列域/位点、数据库原始记录和论文；2016补表Reaction ID/公式/分数/GPR/培养边界尚未写入本行；需查异株/同源实验且不得移作本株验证。	NCBI protein https://www.ncbi.nlm.nih.gov/protein/WP_423365615.1; UniProt search https://www.uniprot.org/uniprotkb?query=WP_423365615.1; InterPro https://www.ebi.ac.uk/interpro/search/sequence/WP_423365615.1; KEGG gene https://www.genome.jp/dbget-bin/www_bget?afr:05815; D3 local snapshot D3-1-R_全基因跨数据库交叉引用.tsv; B1 local snapshot 旧新基因映射.tsv; 2016 source mmc1.xls/mmc3.xml local	部分完成：身份及本地数据库交叉引用已合并；直接论文/逐蛋白域与2016补表字段核对未完成
1092	RU820_RS05820	WP_012606582.1	NZ_CP136162.1:1061329-1062555(-)	IS110-like element ISAfe3 family transposase	RefSeq protein_id exact; WP_012606582.1 对应 ISAfe3 多拷贝，8个AFE候选不可唯一指派；不得选定单号; AFE_0550;AFE_1110;AFE_1142;AFE_1265;AFE_2432;AFE_2709;AFE_2972;AFE_3263	未取得本轮逐蛋白 UniProt/InterPro/Pfam 命中及人工审校状态；NCBI product/KEGG 注释仅为自动或交叉引用线索。	K07486 /  / 	KEGG K07486（转座酶）；无EC、精确反应、Rhea/BioCyc/BRENDA reaction；AFE基因映射为8候选多重映射。; TCDB未逐项检索（仅当转运蛋白适用）		未见该基因/蛋白对应的ATCC 23270或DSM 14882原始功能实验；未取得基因专属论文DOI。数据库注释不作湿实验。	未定义；没有可核实的精确反应式、辅因子、方向、区室或膜侧，不评分。	未完成逐行mmc1.xls原表核对；不得据此作已表示/缺失结论。	D3线索 Gene reaction=; 歧义候选=PGDH; 原补表具体字段未核录。	不评分；未定义精确反应，本轮反应分数为空。	无代谢反应；保留历史编号歧义，需定位重复转座子拷贝；不新增模型反应	RefSeq为自动注释；B1/D3提供历史映射与数据库筛查线索，不构成本株实验验证。当前没有基因专属实验事实支持确定酶反应。	待逐基因核验蛋白序列域/位点、数据库原始记录和论文；2016补表Reaction ID/公式/分数/GPR/培养边界尚未写入本行；需查异株/同源实验且不得移作本株验证。 D3记载2016 GPR歧义候选=PGDH，当前AFE映射不足以据此指派。	NCBI protein https://www.ncbi.nlm.nih.gov/protein/WP_012606582.1; UniProt search https://www.uniprot.org/uniprotkb?query=WP_012606582.1; InterPro https://www.ebi.ac.uk/interpro/search/sequence/WP_012606582.1; KEGG gene https://www.genome.jp/dbget-bin/www_bget?afr:05820; D3 local snapshot D3-1-R_全基因跨数据库交叉引用.tsv; B1 local snapshot 旧新基因映射.tsv; 2016 source mmc1.xls/mmc3.xml local	部分完成：身份及本地数据库交叉引用已合并；直接论文/逐蛋白域与2016补表字段核对未完成
1093	RU820_RS05825	WP_423365472.1	NZ_CP136162.1:1062648-1069151(+)	hypothetical protein	未映射; 未确认	未取得本轮逐蛋白 UniProt/InterPro/Pfam 命中；当前 NCBI 仅注为 hypothetical protein。	 /  / 	未见 D3 本地交叉引用表中 KEGG KO/EC/反应、BioCyc反应、Rhea精确引用或BRENDA EC；MetaCyc记录标注未独立获取。; TCDB未逐项检索（仅当转运蛋白适用）		未见该基因/蛋白对应的ATCC 23270或DSM 14882原始功能实验；未取得基因专属论文DOI。数据库注释不作湿实验。	未定义；没有可核实的精确反应式、辅因子、方向、区室或膜侧，不评分。	未完成逐行mmc1.xls原表核对；不得据此作已表示/缺失结论。	D3 未列直接GPR；仍需mmc1原表核对; 原补表具体字段未核录。	不评分；未定义精确反应，本轮反应分数为空。	未发现精确反应证据；证据不足暂缓，不新增反应	RefSeq为自动注释；B1/D3提供历史映射与数据库筛查线索，不构成本株实验验证。当前没有基因专属实验事实支持确定酶反应。	待逐基因核验蛋白序列域/位点、数据库原始记录和论文；2016补表Reaction ID/公式/分数/GPR/培养边界尚未写入本行；需查异株/同源实验且不得移作本株验证。	NCBI protein https://www.ncbi.nlm.nih.gov/protein/WP_423365472.1; UniProt search https://www.uniprot.org/uniprotkb?query=WP_423365472.1; InterPro https://www.ebi.ac.uk/interpro/search/sequence/WP_423365472.1; KEGG gene https://www.genome.jp/dbget-bin/www_bget?afr:05825; D3 local snapshot D3-1-R_全基因跨数据库交叉引用.tsv; B1 local snapshot 旧新基因映射.tsv; 2016 source mmc1.xls/mmc3.xml local	部分完成：身份及本地数据库交叉引用已合并；直接论文/逐蛋白域与2016补表字段核对未完成
1094	RU820_RS05830	WP_049759436.1	NZ_CP136162.1:1069240-1069830(+)	prolyl hydroxylase family protein	RefSeq protein_id exact; 完全匹配; AFE_1210	未取得本轮逐蛋白 UniProt/InterPro/Pfam 命中及人工审校状态；NCBI product/KEGG 注释仅为自动或交叉引用线索。	K00472 / 1.14.11.2 / R01252	K00472; 1.14.11.2; R01252; TCDB未逐项检索（仅当转运蛋白适用）		未见该基因/蛋白对应的ATCC 23270或DSM 14882原始功能实验；未取得基因专属论文DOI。数据库注释不作湿实验。	未定义；没有可核实的精确反应式、辅因子、方向、区室或膜侧，不评分。	未完成逐行mmc1.xls原表核对；不得据此作已表示/缺失结论。	D3 未列直接GPR；仍需mmc1原表核对; 原补表具体字段未核录。	不评分；未定义精确反应，本轮反应分数为空。	未发现精确反应证据；证据不足暂缓，不新增反应	RefSeq为自动注释；B1/D3提供历史映射与数据库筛查线索，不构成本株实验验证。当前没有基因专属实验事实支持确定酶反应。	待逐基因核验蛋白序列域/位点、数据库原始记录和论文；2016补表Reaction ID/公式/分数/GPR/培养边界尚未写入本行；需查异株/同源实验且不得移作本株验证。	NCBI protein https://www.ncbi.nlm.nih.gov/protein/WP_049759436.1; UniProt search https://www.uniprot.org/uniprotkb?query=WP_049759436.1; InterPro https://www.ebi.ac.uk/interpro/search/sequence/WP_049759436.1; KEGG gene https://www.genome.jp/dbget-bin/www_bget?afr:05830; D3 local snapshot D3-1-R_全基因跨数据库交叉引用.tsv; B1 local snapshot 旧新基因映射.tsv; 2016 source mmc1.xls/mmc3.xml local	部分完成：身份及本地数据库交叉引用已合并；直接论文/逐蛋白域与2016补表字段核对未完成
1095	RU820_RS05835	WP_012606884.1	NZ_CP136162.1:1069823-1071910(+)	tetratricopeptide repeat-containing sulfotransferase family protein	RefSeq protein_id exact; 完全匹配; AFE_1211	未取得本轮逐蛋白 UniProt/InterPro/Pfam 命中及人工审校状态；NCBI product/KEGG 注释仅为自动或交叉引用线索。	 /  / 	未见 D3 本地交叉引用表中 KEGG KO/EC/反应、BioCyc反应、Rhea精确引用或BRENDA EC；MetaCyc记录标注未独立获取。; TCDB未逐项检索（仅当转运蛋白适用）		未见该基因/蛋白对应的ATCC 23270或DSM 14882原始功能实验；未取得基因专属论文DOI。数据库注释不作湿实验。	未定义；没有可核实的精确反应式、辅因子、方向、区室或膜侧，不评分。	未完成逐行mmc1.xls原表核对；不得据此作已表示/缺失结论。	D3 未列直接GPR；仍需mmc1原表核对; 原补表具体字段未核录。	不评分；未定义精确反应，本轮反应分数为空。	未发现精确反应证据；证据不足暂缓，不新增反应	RefSeq为自动注释；B1/D3提供历史映射与数据库筛查线索，不构成本株实验验证。当前没有基因专属实验事实支持确定酶反应。	待逐基因核验蛋白序列域/位点、数据库原始记录和论文；2016补表Reaction ID/公式/分数/GPR/培养边界尚未写入本行；需查异株/同源实验且不得移作本株验证。	NCBI protein https://www.ncbi.nlm.nih.gov/protein/WP_012606884.1; UniProt search https://www.uniprot.org/uniprotkb?query=WP_012606884.1; InterPro https://www.ebi.ac.uk/interpro/search/sequence/WP_012606884.1; KEGG gene https://www.genome.jp/dbget-bin/www_bget?afr:05835; D3 local snapshot D3-1-R_全基因跨数据库交叉引用.tsv; B1 local snapshot 旧新基因映射.tsv; 2016 source mmc1.xls/mmc3.xml local	部分完成：身份及本地数据库交叉引用已合并；直接论文/逐蛋白域与2016补表字段核对未完成
1096	RU820_RS05840	WP_012606885.1	NZ_CP136162.1:1071907-1073064(+)	glycosyltransferase family 9 protein	RefSeq protein_id exact; 完全匹配; AFE_1212	未取得本轮逐蛋白 UniProt/InterPro/Pfam 命中及人工审校状态；NCBI product/KEGG 注释仅为自动或交叉引用线索。	 /  / 	未见 D3 本地交叉引用表中 KEGG KO/EC/反应、BioCyc反应、Rhea精确引用或BRENDA EC；MetaCyc记录标注未独立获取。; TCDB未逐项检索（仅当转运蛋白适用）		未见该基因/蛋白对应的ATCC 23270或DSM 14882原始功能实验；未取得基因专属论文DOI。数据库注释不作湿实验。	未定义；没有可核实的精确反应式、辅因子、方向、区室或膜侧，不评分。	未完成逐行mmc1.xls原表核对；不得据此作已表示/缺失结论。	D3 未列直接GPR；仍需mmc1原表核对; 原补表具体字段未核录。	不评分；未定义精确反应，本轮反应分数为空。	未发现精确反应证据；证据不足暂缓，不新增反应	RefSeq为自动注释；B1/D3提供历史映射与数据库筛查线索，不构成本株实验验证。当前没有基因专属实验事实支持确定酶反应。	待逐基因核验蛋白序列域/位点、数据库原始记录和论文；2016补表Reaction ID/公式/分数/GPR/培养边界尚未写入本行；需查异株/同源实验且不得移作本株验证。	NCBI protein https://www.ncbi.nlm.nih.gov/protein/WP_012606885.1; UniProt search https://www.uniprot.org/uniprotkb?query=WP_012606885.1; InterPro https://www.ebi.ac.uk/interpro/search/sequence/WP_012606885.1; KEGG gene https://www.genome.jp/dbget-bin/www_bget?afr:05840; D3 local snapshot D3-1-R_全基因跨数据库交叉引用.tsv; B1 local snapshot 旧新基因映射.tsv; 2016 source mmc1.xls/mmc3.xml local	部分完成：身份及本地数据库交叉引用已合并；直接论文/逐蛋白域与2016补表字段核对未完成
1097	RU820_RS05845	WP_148208610.1	NZ_CP136162.1:1073228-1073665(+)	hypothetical protein	未映射; 未确认	未取得本轮逐蛋白 UniProt/InterPro/Pfam 命中；当前 NCBI 仅注为 hypothetical protein。	 /  / 	未见 D3 本地交叉引用表中 KEGG KO/EC/反应、BioCyc反应、Rhea精确引用或BRENDA EC；MetaCyc记录标注未独立获取。; TCDB未逐项检索（仅当转运蛋白适用）		未见该基因/蛋白对应的ATCC 23270或DSM 14882原始功能实验；未取得基因专属论文DOI。数据库注释不作湿实验。	未定义；没有可核实的精确反应式、辅因子、方向、区室或膜侧，不评分。	未完成逐行mmc1.xls原表核对；不得据此作已表示/缺失结论。	D3 未列直接GPR；仍需mmc1原表核对; 原补表具体字段未核录。	不评分；未定义精确反应，本轮反应分数为空。	未发现精确反应证据；证据不足暂缓，不新增反应	RefSeq为自动注释；B1/D3提供历史映射与数据库筛查线索，不构成本株实验验证。当前没有基因专属实验事实支持确定酶反应。	待逐基因核验蛋白序列域/位点、数据库原始记录和论文；2016补表Reaction ID/公式/分数/GPR/培养边界尚未写入本行；需查异株/同源实验且不得移作本株验证。	NCBI protein https://www.ncbi.nlm.nih.gov/protein/WP_148208610.1; UniProt search https://www.uniprot.org/uniprotkb?query=WP_148208610.1; InterPro https://www.ebi.ac.uk/interpro/search/sequence/WP_148208610.1; KEGG gene https://www.genome.jp/dbget-bin/www_bget?afr:05845; D3 local snapshot D3-1-R_全基因跨数据库交叉引用.tsv; B1 local snapshot 旧新基因映射.tsv; 2016 source mmc1.xls/mmc3.xml local	部分完成：身份及本地数据库交叉引用已合并；直接论文/逐蛋白域与2016补表字段核对未完成
1098	RU820_RS05855	WP_012606887.1	NZ_CP136162.1:1074482-1074946(-)	hypothetical protein	RefSeq protein_id exact; 完全匹配; AFE_1214	未取得本轮逐蛋白 UniProt/InterPro/Pfam 命中；当前 NCBI 仅注为 hypothetical protein。	 /  / 	未见 D3 本地交叉引用表中 KEGG KO/EC/反应、BioCyc反应、Rhea精确引用或BRENDA EC；MetaCyc记录标注未独立获取。; TCDB未逐项检索（仅当转运蛋白适用）		未见该基因/蛋白对应的ATCC 23270或DSM 14882原始功能实验；未取得基因专属论文DOI。数据库注释不作湿实验。	未定义；没有可核实的精确反应式、辅因子、方向、区室或膜侧，不评分。	未完成逐行mmc1.xls原表核对；不得据此作已表示/缺失结论。	D3 未列直接GPR；仍需mmc1原表核对; 原补表具体字段未核录。	不评分；未定义精确反应，本轮反应分数为空。	未发现精确反应证据；证据不足暂缓，不新增反应	RefSeq为自动注释；B1/D3提供历史映射与数据库筛查线索，不构成本株实验验证。当前没有基因专属实验事实支持确定酶反应。	待逐基因核验蛋白序列域/位点、数据库原始记录和论文；2016补表Reaction ID/公式/分数/GPR/培养边界尚未写入本行；需查异株/同源实验且不得移作本株验证。	NCBI protein https://www.ncbi.nlm.nih.gov/protein/WP_012606887.1; UniProt search https://www.uniprot.org/uniprotkb?query=WP_012606887.1; InterPro https://www.ebi.ac.uk/interpro/search/sequence/WP_012606887.1; KEGG gene https://www.genome.jp/dbget-bin/www_bget?afr:05855; D3 local snapshot D3-1-R_全基因跨数据库交叉引用.tsv; B1 local snapshot 旧新基因映射.tsv; 2016 source mmc1.xls/mmc3.xml local	部分完成：身份及本地数据库交叉引用已合并；直接论文/逐蛋白域与2016补表字段核对未完成
1099	RU820_RS05860	WP_012606888.1	NZ_CP136162.1:1075048-1076274(-)	RNA-guided endonuclease InsQ/TnpB family protein	RefSeq protein_id exact; 完全匹配; AFE_1215	未取得本轮逐蛋白 UniProt/InterPro/Pfam 命中及人工审校状态；NCBI product/KEGG 注释仅为自动或交叉引用线索。	K07496 /  / 	K07496; RXN0-5131; TCDB未逐项检索（仅当转运蛋白适用）		未见该基因/蛋白对应的ATCC 23270或DSM 14882原始功能实验；未取得基因专属论文DOI。数据库注释不作湿实验。	未定义；没有可核实的精确反应式、辅因子、方向、区室或膜侧，不评分。	未完成逐行mmc1.xls原表核对；不得据此作已表示/缺失结论。	D3 未列直接GPR；仍需mmc1原表核对; 原补表具体字段未核录。	不评分；未定义精确反应，本轮反应分数为空。	未发现精确反应证据；证据不足暂缓，不新增反应	RefSeq为自动注释；B1/D3提供历史映射与数据库筛查线索，不构成本株实验验证。当前没有基因专属实验事实支持确定酶反应。	待逐基因核验蛋白序列域/位点、数据库原始记录和论文；2016补表Reaction ID/公式/分数/GPR/培养边界尚未写入本行；需查异株/同源实验且不得移作本株验证。	NCBI protein https://www.ncbi.nlm.nih.gov/protein/WP_012606888.1; UniProt search https://www.uniprot.org/uniprotkb?query=WP_012606888.1; InterPro https://www.ebi.ac.uk/interpro/search/sequence/WP_012606888.1; KEGG gene https://www.genome.jp/dbget-bin/www_bget?afr:05860; D3 local snapshot D3-1-R_全基因跨数据库交叉引用.tsv; B1 local snapshot 旧新基因映射.tsv; 2016 source mmc1.xls/mmc3.xml local	部分完成：身份及本地数据库交叉引用已合并；直接论文/逐蛋白域与2016补表字段核对未完成
1100	RU820_RS05865	WP_012606889.1	NZ_CP136162.1:1076359-1076709(-)	hypothetical protein	RefSeq protein_id exact; 完全匹配; AFE_1216	未取得本轮逐蛋白 UniProt/InterPro/Pfam 命中；当前 NCBI 仅注为 hypothetical protein。	 /  / 	未见 D3 本地交叉引用表中 KEGG KO/EC/反应、BioCyc反应、Rhea精确引用或BRENDA EC；MetaCyc记录标注未独立获取。; TCDB未逐项检索（仅当转运蛋白适用）		未见该基因/蛋白对应的ATCC 23270或DSM 14882原始功能实验；未取得基因专属论文DOI。数据库注释不作湿实验。	未定义；没有可核实的精确反应式、辅因子、方向、区室或膜侧，不评分。	未完成逐行mmc1.xls原表核对；不得据此作已表示/缺失结论。	D3 未列直接GPR；仍需mmc1原表核对; 原补表具体字段未核录。	不评分；未定义精确反应，本轮反应分数为空。	未发现精确反应证据；证据不足暂缓，不新增反应	RefSeq为自动注释；B1/D3提供历史映射与数据库筛查线索，不构成本株实验验证。当前没有基因专属实验事实支持确定酶反应。	待逐基因核验蛋白序列域/位点、数据库原始记录和论文；2016补表Reaction ID/公式/分数/GPR/培养边界尚未写入本行；需查异株/同源实验且不得移作本株验证。	NCBI protein https://www.ncbi.nlm.nih.gov/protein/WP_012606889.1; UniProt search https://www.uniprot.org/uniprotkb?query=WP_012606889.1; InterPro https://www.ebi.ac.uk/interpro/search/sequence/WP_012606889.1; KEGG gene https://www.genome.jp/dbget-bin/www_bget?afr:05865; D3 local snapshot D3-1-R_全基因跨数据库交叉引用.tsv; B1 local snapshot 旧新基因映射.tsv; 2016 source mmc1.xls/mmc3.xml local	部分完成：身份及本地数据库交叉引用已合并；直接论文/逐蛋白域与2016补表字段核对未完成
1101	RU820_RS05870	WP_012606890.1	NZ_CP136162.1:1076741-1077352(-)	uracil-DNA glycosylase	RefSeq protein_id exact; 完全匹配; AFE_1217	未取得本轮逐蛋白 UniProt/InterPro/Pfam 命中及人工审校状态；NCBI product/KEGG 注释仅为自动或交叉引用线索。	K21929 / 3.2.2.27 / 	K21929; 3.2.2.27; RXN0-2584; TCDB未逐项检索（仅当转运蛋白适用）		未见该基因/蛋白对应的ATCC 23270或DSM 14882原始功能实验；未取得基因专属论文DOI。数据库注释不作湿实验。	未定义；没有可核实的精确反应式、辅因子、方向、区室或膜侧，不评分。	未完成逐行mmc1.xls原表核对；不得据此作已表示/缺失结论。	D3 未列直接GPR；仍需mmc1原表核对; 原补表具体字段未核录。	不评分；未定义精确反应，本轮反应分数为空。	未发现精确反应证据；证据不足暂缓，不新增反应	RefSeq为自动注释；B1/D3提供历史映射与数据库筛查线索，不构成本株实验验证。当前没有基因专属实验事实支持确定酶反应。	待逐基因核验蛋白序列域/位点、数据库原始记录和论文；2016补表Reaction ID/公式/分数/GPR/培养边界尚未写入本行；需查异株/同源实验且不得移作本株验证。	NCBI protein https://www.ncbi.nlm.nih.gov/protein/WP_012606890.1; UniProt search https://www.uniprot.org/uniprotkb?query=WP_012606890.1; InterPro https://www.ebi.ac.uk/interpro/search/sequence/WP_012606890.1; KEGG gene https://www.genome.jp/dbget-bin/www_bget?afr:05870; D3 local snapshot D3-1-R_全基因跨数据库交叉引用.tsv; B1 local snapshot 旧新基因映射.tsv; 2016 source mmc1.xls/mmc3.xml local	部分完成：身份及本地数据库交叉引用已合并；直接论文/逐蛋白域与2016补表字段核对未完成
1102	RU820_RS05875	WP_012606891.1	NZ_CP136162.1:1077352-1078068(-)	ATP-grasp domain-containing protein	RefSeq protein_id exact; 完全匹配; AFE_1218	未取得本轮逐蛋白 UniProt/InterPro/Pfam 命中及人工审校状态；NCBI product/KEGG 注释仅为自动或交叉引用线索。	 /  / 	未见 D3 本地交叉引用表中 KEGG KO/EC/反应、BioCyc反应、Rhea精确引用或BRENDA EC；MetaCyc记录标注未独立获取。; TCDB未逐项检索（仅当转运蛋白适用）		未见该基因/蛋白对应的ATCC 23270或DSM 14882原始功能实验；未取得基因专属论文DOI。数据库注释不作湿实验。	未定义；没有可核实的精确反应式、辅因子、方向、区室或膜侧，不评分。	未完成逐行mmc1.xls原表核对；不得据此作已表示/缺失结论。	D3 未列直接GPR；仍需mmc1原表核对; 原补表具体字段未核录。	不评分；未定义精确反应，本轮反应分数为空。	未发现精确反应证据；证据不足暂缓，不新增反应	RefSeq为自动注释；B1/D3提供历史映射与数据库筛查线索，不构成本株实验验证。当前没有基因专属实验事实支持确定酶反应。	待逐基因核验蛋白序列域/位点、数据库原始记录和论文；2016补表Reaction ID/公式/分数/GPR/培养边界尚未写入本行；需查异株/同源实验且不得移作本株验证。	NCBI protein https://www.ncbi.nlm.nih.gov/protein/WP_012606891.1; UniProt search https://www.uniprot.org/uniprotkb?query=WP_012606891.1; InterPro https://www.ebi.ac.uk/interpro/search/sequence/WP_012606891.1; KEGG gene https://www.genome.jp/dbget-bin/www_bget?afr:05875; D3 local snapshot D3-1-R_全基因跨数据库交叉引用.tsv; B1 local snapshot 旧新基因映射.tsv; 2016 source mmc1.xls/mmc3.xml local	部分完成：身份及本地数据库交叉引用已合并；直接论文/逐蛋白域与2016补表字段核对未完成
1103	RU820_RS05880	WP_049759437.1	NZ_CP136162.1:1078089-1078592(-)	DUF5131 family protein	未映射; 未确认	未取得本轮逐蛋白 UniProt/InterPro/Pfam 命中及人工审校状态；NCBI product/KEGG 注释仅为自动或交叉引用线索。	 /  / 	未见 D3 本地交叉引用表中 KEGG KO/EC/反应、BioCyc反应、Rhea精确引用或BRENDA EC；MetaCyc记录标注未独立获取。; TCDB未逐项检索（仅当转运蛋白适用）		未见该基因/蛋白对应的ATCC 23270或DSM 14882原始功能实验；未取得基因专属论文DOI。数据库注释不作湿实验。	未定义；没有可核实的精确反应式、辅因子、方向、区室或膜侧，不评分。	未完成逐行mmc1.xls原表核对；不得据此作已表示/缺失结论。	D3 未列直接GPR；仍需mmc1原表核对; 原补表具体字段未核录。	不评分；未定义精确反应，本轮反应分数为空。	未发现精确反应证据；证据不足暂缓，不新增反应	RefSeq为自动注释；B1/D3提供历史映射与数据库筛查线索，不构成本株实验验证。当前没有基因专属实验事实支持确定酶反应。	待逐基因核验蛋白序列域/位点、数据库原始记录和论文；2016补表Reaction ID/公式/分数/GPR/培养边界尚未写入本行；需查异株/同源实验且不得移作本株验证。	NCBI protein https://www.ncbi.nlm.nih.gov/protein/WP_049759437.1; UniProt search https://www.uniprot.org/uniprotkb?query=WP_049759437.1; InterPro https://www.ebi.ac.uk/interpro/search/sequence/WP_049759437.1; KEGG gene https://www.genome.jp/dbget-bin/www_bget?afr:05880; D3 local snapshot D3-1-R_全基因跨数据库交叉引用.tsv; B1 local snapshot 旧新基因映射.tsv; 2016 source mmc1.xls/mmc3.xml local	部分完成：身份及本地数据库交叉引用已合并；直接论文/逐蛋白域与2016补表字段核对未完成
1104	RU820_RS05885	WP_049759438.1	NZ_CP136162.1:1078565-1079050(-)	DUF5131 family protein	未映射; 未确认	未取得本轮逐蛋白 UniProt/InterPro/Pfam 命中及人工审校状态；NCBI product/KEGG 注释仅为自动或交叉引用线索。	 /  / 	未见 D3 本地交叉引用表中 KEGG KO/EC/反应、BioCyc反应、Rhea精确引用或BRENDA EC；MetaCyc记录标注未独立获取。; TCDB未逐项检索（仅当转运蛋白适用）		未见该基因/蛋白对应的ATCC 23270或DSM 14882原始功能实验；未取得基因专属论文DOI。数据库注释不作湿实验。	未定义；没有可核实的精确反应式、辅因子、方向、区室或膜侧，不评分。	未完成逐行mmc1.xls原表核对；不得据此作已表示/缺失结论。	D3 未列直接GPR；仍需mmc1原表核对; 原补表具体字段未核录。	不评分；未定义精确反应，本轮反应分数为空。	未发现精确反应证据；证据不足暂缓，不新增反应	RefSeq为自动注释；B1/D3提供历史映射与数据库筛查线索，不构成本株实验验证。当前没有基因专属实验事实支持确定酶反应。	待逐基因核验蛋白序列域/位点、数据库原始记录和论文；2016补表Reaction ID/公式/分数/GPR/培养边界尚未写入本行；需查异株/同源实验且不得移作本株验证。	NCBI protein https://www.ncbi.nlm.nih.gov/protein/WP_049759438.1; UniProt search https://www.uniprot.org/uniprotkb?query=WP_049759438.1; InterPro https://www.ebi.ac.uk/interpro/search/sequence/WP_049759438.1; KEGG gene https://www.genome.jp/dbget-bin/www_bget?afr:05885; D3 local snapshot D3-1-R_全基因跨数据库交叉引用.tsv; B1 local snapshot 旧新基因映射.tsv; 2016 source mmc1.xls/mmc3.xml local	部分完成：身份及本地数据库交叉引用已合并；直接论文/逐蛋白域与2016补表字段核对未完成
1105	RU820_RS05890	WP_148208611.1	NZ_CP136162.1:1079132-1079863(-)	hypothetical protein	RefSeq protein_id exact; 完全匹配; AFE_1220	未取得本轮逐蛋白 UniProt/InterPro/Pfam 命中；当前 NCBI 仅注为 hypothetical protein。	 /  / 	未见 D3 本地交叉引用表中 KEGG KO/EC/反应、BioCyc反应、Rhea精确引用或BRENDA EC；MetaCyc记录标注未独立获取。; TCDB未逐项检索（仅当转运蛋白适用）		未见该基因/蛋白对应的ATCC 23270或DSM 14882原始功能实验；未取得基因专属论文DOI。数据库注释不作湿实验。	未定义；没有可核实的精确反应式、辅因子、方向、区室或膜侧，不评分。	未完成逐行mmc1.xls原表核对；不得据此作已表示/缺失结论。	D3 未列直接GPR；仍需mmc1原表核对; 原补表具体字段未核录。	不评分；未定义精确反应，本轮反应分数为空。	未发现精确反应证据；证据不足暂缓，不新增反应	RefSeq为自动注释；B1/D3提供历史映射与数据库筛查线索，不构成本株实验验证。当前没有基因专属实验事实支持确定酶反应。	待逐基因核验蛋白序列域/位点、数据库原始记录和论文；2016补表Reaction ID/公式/分数/GPR/培养边界尚未写入本行；需查异株/同源实验且不得移作本株验证。	NCBI protein https://www.ncbi.nlm.nih.gov/protein/WP_148208611.1; UniProt search https://www.uniprot.org/uniprotkb?query=WP_148208611.1; InterPro https://www.ebi.ac.uk/interpro/search/sequence/WP_148208611.1; KEGG gene https://www.genome.jp/dbget-bin/www_bget?afr:05890; D3 local snapshot D3-1-R_全基因跨数据库交叉引用.tsv; B1 local snapshot 旧新基因映射.tsv; 2016 source mmc1.xls/mmc3.xml local	部分完成：身份及本地数据库交叉引用已合并；直接论文/逐蛋白域与2016补表字段核对未完成
1106	RU820_RS05895	WP_012606893.1	NZ_CP136162.1:1079940-1080554(-)	modification methylase	RefSeq protein_id exact; 完全匹配; AFE_1221	未取得本轮逐蛋白 UniProt/InterPro/Pfam 命中及人工审校状态；NCBI product/KEGG 注释仅为自动或交叉引用线索。	 /  / 	未见 D3 本地交叉引用表中 KEGG KO/EC/反应、BioCyc反应、Rhea精确引用或BRENDA EC；MetaCyc记录标注未独立获取。; TCDB未逐项检索（仅当转运蛋白适用）		未见该基因/蛋白对应的ATCC 23270或DSM 14882原始功能实验；未取得基因专属论文DOI。数据库注释不作湿实验。	未定义；没有可核实的精确反应式、辅因子、方向、区室或膜侧，不评分。	未完成逐行mmc1.xls原表核对；不得据此作已表示/缺失结论。	D3 未列直接GPR；仍需mmc1原表核对; 原补表具体字段未核录。	不评分；未定义精确反应，本轮反应分数为空。	未发现精确反应证据；证据不足暂缓，不新增反应	RefSeq为自动注释；B1/D3提供历史映射与数据库筛查线索，不构成本株实验验证。当前没有基因专属实验事实支持确定酶反应。	待逐基因核验蛋白序列域/位点、数据库原始记录和论文；2016补表Reaction ID/公式/分数/GPR/培养边界尚未写入本行；需查异株/同源实验且不得移作本株验证。	NCBI protein https://www.ncbi.nlm.nih.gov/protein/WP_012606893.1; UniProt search https://www.uniprot.org/uniprotkb?query=WP_012606893.1; InterPro https://www.ebi.ac.uk/interpro/search/sequence/WP_012606893.1; KEGG gene https://www.genome.jp/dbget-bin/www_bget?afr:05895; D3 local snapshot D3-1-R_全基因跨数据库交叉引用.tsv; B1 local snapshot 旧新基因映射.tsv; 2016 source mmc1.xls/mmc3.xml local	部分完成：身份及本地数据库交叉引用已合并；直接论文/逐蛋白域与2016补表字段核对未完成
1107	RU820_RS05900	WP_012606894.1	NZ_CP136162.1:1080760-1081473(+)	outer membrane beta-barrel protein	RefSeq protein_id exact; 完全匹配; AFE_1222	未取得本轮逐蛋白 UniProt/InterPro/Pfam 命中及人工审校状态；NCBI product/KEGG 注释仅为自动或交叉引用线索。	 /  / 	未见 D3 本地交叉引用表中 KEGG KO/EC/反应、BioCyc反应、Rhea精确引用或BRENDA EC；MetaCyc记录标注未独立获取。; TCDB未逐项检索（仅当转运蛋白适用）		未见该基因/蛋白对应的ATCC 23270或DSM 14882原始功能实验；未取得基因专属论文DOI。数据库注释不作湿实验。	未定义；没有可核实的精确反应式、辅因子、方向、区室或膜侧，不评分。	未完成逐行mmc1.xls原表核对；不得据此作已表示/缺失结论。	D3 未列直接GPR；仍需mmc1原表核对; 原补表具体字段未核录。	不评分；未定义精确反应，本轮反应分数为空。	未发现精确反应证据；证据不足暂缓，不新增反应	RefSeq为自动注释；B1/D3提供历史映射与数据库筛查线索，不构成本株实验验证。当前没有基因专属实验事实支持确定酶反应。	待逐基因核验蛋白序列域/位点、数据库原始记录和论文；2016补表Reaction ID/公式/分数/GPR/培养边界尚未写入本行；需查异株/同源实验且不得移作本株验证。	NCBI protein https://www.ncbi.nlm.nih.gov/protein/WP_012606894.1; UniProt search https://www.uniprot.org/uniprotkb?query=WP_012606894.1; InterPro https://www.ebi.ac.uk/interpro/search/sequence/WP_012606894.1; KEGG gene https://www.genome.jp/dbget-bin/www_bget?afr:05900; D3 local snapshot D3-1-R_全基因跨数据库交叉引用.tsv; B1 local snapshot 旧新基因映射.tsv; 2016 source mmc1.xls/mmc3.xml local	部分完成：身份及本地数据库交叉引用已合并；直接论文/逐蛋白域与2016补表字段核对未完成
1108	RU820_RS05905	WP_041645638.1	NZ_CP136162.1:1081535-1082200(-)	hypothetical protein	RefSeq protein_id exact; 完全匹配; AFE_1223	未取得本轮逐蛋白 UniProt/InterPro/Pfam 命中；当前 NCBI 仅注为 hypothetical protein。	 /  / 	未见 D3 本地交叉引用表中 KEGG KO/EC/反应、BioCyc反应、Rhea精确引用或BRENDA EC；MetaCyc记录标注未独立获取。; TCDB未逐项检索（仅当转运蛋白适用）		未见该基因/蛋白对应的ATCC 23270或DSM 14882原始功能实验；未取得基因专属论文DOI。数据库注释不作湿实验。	未定义；没有可核实的精确反应式、辅因子、方向、区室或膜侧，不评分。	未完成逐行mmc1.xls原表核对；不得据此作已表示/缺失结论。	D3 未列直接GPR；仍需mmc1原表核对; 原补表具体字段未核录。	不评分；未定义精确反应，本轮反应分数为空。	未发现精确反应证据；证据不足暂缓，不新增反应	RefSeq为自动注释；B1/D3提供历史映射与数据库筛查线索，不构成本株实验验证。当前没有基因专属实验事实支持确定酶反应。	待逐基因核验蛋白序列域/位点、数据库原始记录和论文；2016补表Reaction ID/公式/分数/GPR/培养边界尚未写入本行；需查异株/同源实验且不得移作本株验证。	NCBI protein https://www.ncbi.nlm.nih.gov/protein/WP_041645638.1; UniProt search https://www.uniprot.org/uniprotkb?query=WP_041645638.1; InterPro https://www.ebi.ac.uk/interpro/search/sequence/WP_041645638.1; KEGG gene https://www.genome.jp/dbget-bin/www_bget?afr:05905; D3 local snapshot D3-1-R_全基因跨数据库交叉引用.tsv; B1 local snapshot 旧新基因映射.tsv; 2016 source mmc1.xls/mmc3.xml local	部分完成：身份及本地数据库交叉引用已合并；直接论文/逐蛋白域与2016补表字段核对未完成
1109	RU820_RS05910	WP_012606898.1	NZ_CP136162.1:1082387-1085014(-)	AAA family ATPase	RefSeq protein_id exact; 完全匹配; AFE_1226	未取得本轮逐蛋白 UniProt/InterPro/Pfam 命中及人工审校状态；NCBI product/KEGG 注释仅为自动或交叉引用线索。	 /  / 	未见 D3 本地交叉引用表中 KEGG KO/EC/反应、BioCyc反应、Rhea精确引用或BRENDA EC；MetaCyc记录标注未独立获取。; TCDB未逐项检索（仅当转运蛋白适用）		未见该基因/蛋白对应的ATCC 23270或DSM 14882原始功能实验；未取得基因专属论文DOI。数据库注释不作湿实验。	未定义；没有可核实的精确反应式、辅因子、方向、区室或膜侧，不评分。	未完成逐行mmc1.xls原表核对；不得据此作已表示/缺失结论。	D3 未列直接GPR；仍需mmc1原表核对; 原补表具体字段未核录。	不评分；未定义精确反应，本轮反应分数为空。	未发现精确反应证据；证据不足暂缓，不新增反应	RefSeq为自动注释；B1/D3提供历史映射与数据库筛查线索，不构成本株实验验证。当前没有基因专属实验事实支持确定酶反应。	待逐基因核验蛋白序列域/位点、数据库原始记录和论文；2016补表Reaction ID/公式/分数/GPR/培养边界尚未写入本行；需查异株/同源实验且不得移作本株验证。	NCBI protein https://www.ncbi.nlm.nih.gov/protein/WP_012606898.1; UniProt search https://www.uniprot.org/uniprotkb?query=WP_012606898.1; InterPro https://www.ebi.ac.uk/interpro/search/sequence/WP_012606898.1; KEGG gene https://www.genome.jp/dbget-bin/www_bget?afr:05910; D3 local snapshot D3-1-R_全基因跨数据库交叉引用.tsv; B1 local snapshot 旧新基因映射.tsv; 2016 source mmc1.xls/mmc3.xml local	部分完成：身份及本地数据库交叉引用已合并；直接论文/逐蛋白域与2016补表字段核对未完成
1110	RU820_RS05915	WP_012606899.1	NZ_CP136162.1:1085014-1086129(-)	metallophosphoesterase family protein	RefSeq protein_id exact; 完全匹配; AFE_1227	未取得本轮逐蛋白 UniProt/InterPro/Pfam 命中及人工审校状态；NCBI product/KEGG 注释仅为自动或交叉引用线索。	 /  / 	未见 D3 本地交叉引用表中 KEGG KO/EC/反应、BioCyc反应、Rhea精确引用或BRENDA EC；MetaCyc记录标注未独立获取。; TCDB未逐项检索（仅当转运蛋白适用）		未见该基因/蛋白对应的ATCC 23270或DSM 14882原始功能实验；未取得基因专属论文DOI。数据库注释不作湿实验。	未定义；没有可核实的精确反应式、辅因子、方向、区室或膜侧，不评分。	未完成逐行mmc1.xls原表核对；不得据此作已表示/缺失结论。	D3 未列直接GPR；仍需mmc1原表核对; 原补表具体字段未核录。	不评分；未定义精确反应，本轮反应分数为空。	未发现精确反应证据；证据不足暂缓，不新增反应	RefSeq为自动注释；B1/D3提供历史映射与数据库筛查线索，不构成本株实验验证。当前没有基因专属实验事实支持确定酶反应。	待逐基因核验蛋白序列域/位点、数据库原始记录和论文；2016补表Reaction ID/公式/分数/GPR/培养边界尚未写入本行；需查异株/同源实验且不得移作本株验证。	NCBI protein https://www.ncbi.nlm.nih.gov/protein/WP_012606899.1; UniProt search https://www.uniprot.org/uniprotkb?query=WP_012606899.1; InterPro https://www.ebi.ac.uk/interpro/search/sequence/WP_012606899.1; KEGG gene https://www.genome.jp/dbget-bin/www_bget?afr:05915; D3 local snapshot D3-1-R_全基因跨数据库交叉引用.tsv; B1 local snapshot 旧新基因映射.tsv; 2016 source mmc1.xls/mmc3.xml local	部分完成：身份及本地数据库交叉引用已合并；直接论文/逐蛋白域与2016补表字段核对未完成
1111	RU820_RS05920	WP_041645646.1	NZ_CP136162.1:1086463-1086771(-)	hypothetical protein	未映射; 未确认	未取得本轮逐蛋白 UniProt/InterPro/Pfam 命中；当前 NCBI 仅注为 hypothetical protein。	 /  / 	未见 D3 本地交叉引用表中 KEGG KO/EC/反应、BioCyc反应、Rhea精确引用或BRENDA EC；MetaCyc记录标注未独立获取。; TCDB未逐项检索（仅当转运蛋白适用）		未见该基因/蛋白对应的ATCC 23270或DSM 14882原始功能实验；未取得基因专属论文DOI。数据库注释不作湿实验。	未定义；没有可核实的精确反应式、辅因子、方向、区室或膜侧，不评分。	未完成逐行mmc1.xls原表核对；不得据此作已表示/缺失结论。	D3 未列直接GPR；仍需mmc1原表核对; 原补表具体字段未核录。	不评分；未定义精确反应，本轮反应分数为空。	未发现精确反应证据；证据不足暂缓，不新增反应	RefSeq为自动注释；B1/D3提供历史映射与数据库筛查线索，不构成本株实验验证。当前没有基因专属实验事实支持确定酶反应。	待逐基因核验蛋白序列域/位点、数据库原始记录和论文；2016补表Reaction ID/公式/分数/GPR/培养边界尚未写入本行；需查异株/同源实验且不得移作本株验证。	NCBI protein https://www.ncbi.nlm.nih.gov/protein/WP_041645646.1; UniProt search https://www.uniprot.org/uniprotkb?query=WP_041645646.1; InterPro https://www.ebi.ac.uk/interpro/search/sequence/WP_041645646.1; KEGG gene https://www.genome.jp/dbget-bin/www_bget?afr:05920; D3 local snapshot D3-1-R_全基因跨数据库交叉引用.tsv; B1 local snapshot 旧新基因映射.tsv; 2016 source mmc1.xls/mmc3.xml local	部分完成：身份及本地数据库交叉引用已合并；直接论文/逐蛋白域与2016补表字段核对未完成
1112	RU820_RS05925	WP_041645651.1	NZ_CP136162.1:1086788-1087477(-)	EAL domain-containing protein	RefSeq protein_id exact; 完全匹配; AFE_1229	未取得本轮逐蛋白 UniProt/InterPro/Pfam 命中及人工审校状态；NCBI product/KEGG 注释仅为自动或交叉引用线索。	 /  / 	未见 D3 本地交叉引用表中 KEGG KO/EC/反应、BioCyc反应、Rhea精确引用或BRENDA EC；MetaCyc记录标注未独立获取。; TCDB未逐项检索（仅当转运蛋白适用）		未见该基因/蛋白对应的ATCC 23270或DSM 14882原始功能实验；未取得基因专属论文DOI。数据库注释不作湿实验。	未定义；没有可核实的精确反应式、辅因子、方向、区室或膜侧，不评分。	未完成逐行mmc1.xls原表核对；不得据此作已表示/缺失结论。	D3 未列直接GPR；仍需mmc1原表核对; 原补表具体字段未核录。	不评分；未定义精确反应，本轮反应分数为空。	未发现精确反应证据；证据不足暂缓，不新增反应	RefSeq为自动注释；B1/D3提供历史映射与数据库筛查线索，不构成本株实验验证。当前没有基因专属实验事实支持确定酶反应。	待逐基因核验蛋白序列域/位点、数据库原始记录和论文；2016补表Reaction ID/公式/分数/GPR/培养边界尚未写入本行；需查异株/同源实验且不得移作本株验证。	NCBI protein https://www.ncbi.nlm.nih.gov/protein/WP_041645651.1; UniProt search https://www.uniprot.org/uniprotkb?query=WP_041645651.1; InterPro https://www.ebi.ac.uk/interpro/search/sequence/WP_041645651.1; KEGG gene https://www.genome.jp/dbget-bin/www_bget?afr:05925; D3 local snapshot D3-1-R_全基因跨数据库交叉引用.tsv; B1 local snapshot 旧新基因映射.tsv; 2016 source mmc1.xls/mmc3.xml local	部分完成：身份及本地数据库交叉引用已合并；直接论文/逐蛋白域与2016补表字段核对未完成
1113	RU820_RS05930	WP_012606902.1	NZ_CP136162.1:1087478-1089307(-)	BRCT domain-containing protein	RefSeq protein_id exact; 完全匹配; AFE_1230	未取得本轮逐蛋白 UniProt/InterPro/Pfam 命中及人工审校状态；NCBI product/KEGG 注释仅为自动或交叉引用线索。	K01972 / 6.5.1.2 / R00382	K01972; 6.5.1.2; R00382; 6.5.1.2@16285@291928; TCDB未逐项检索（仅当转运蛋白适用）		未见该基因/蛋白对应的ATCC 23270或DSM 14882原始功能实验；未取得基因专属论文DOI。数据库注释不作湿实验。	未定义；没有可核实的精确反应式、辅因子、方向、区室或膜侧，不评分。	未完成逐行mmc1.xls原表核对；不得据此作已表示/缺失结论。	D3 未列直接GPR；仍需mmc1原表核对; 原补表具体字段未核录。	不评分；未定义精确反应，本轮反应分数为空。	未发现精确反应证据；证据不足暂缓，不新增反应	RefSeq为自动注释；B1/D3提供历史映射与数据库筛查线索，不构成本株实验验证。当前没有基因专属实验事实支持确定酶反应。	待逐基因核验蛋白序列域/位点、数据库原始记录和论文；2016补表Reaction ID/公式/分数/GPR/培养边界尚未写入本行；需查异株/同源实验且不得移作本株验证。	NCBI protein https://www.ncbi.nlm.nih.gov/protein/WP_012606902.1; UniProt search https://www.uniprot.org/uniprotkb?query=WP_012606902.1; InterPro https://www.ebi.ac.uk/interpro/search/sequence/WP_012606902.1; KEGG gene https://www.genome.jp/dbget-bin/www_bget?afr:05930; D3 local snapshot D3-1-R_全基因跨数据库交叉引用.tsv; B1 local snapshot 旧新基因映射.tsv; 2016 source mmc1.xls/mmc3.xml local	部分完成：身份及本地数据库交叉引用已合并；直接论文/逐蛋白域与2016补表字段核对未完成
1114	RU820_RS05935	WP_041645656.1	NZ_CP136162.1:1089304-1089504(-)	hypothetical protein	RefSeq protein_id exact; 完全匹配; AFE_1231	未取得本轮逐蛋白 UniProt/InterPro/Pfam 命中；当前 NCBI 仅注为 hypothetical protein。	 /  / 	未见 D3 本地交叉引用表中 KEGG KO/EC/反应、BioCyc反应、Rhea精确引用或BRENDA EC；MetaCyc记录标注未独立获取。; TCDB未逐项检索（仅当转运蛋白适用）		未见该基因/蛋白对应的ATCC 23270或DSM 14882原始功能实验；未取得基因专属论文DOI。数据库注释不作湿实验。	未定义；没有可核实的精确反应式、辅因子、方向、区室或膜侧，不评分。	未完成逐行mmc1.xls原表核对；不得据此作已表示/缺失结论。	D3 未列直接GPR；仍需mmc1原表核对; 原补表具体字段未核录。	不评分；未定义精确反应，本轮反应分数为空。	未发现精确反应证据；证据不足暂缓，不新增反应	RefSeq为自动注释；B1/D3提供历史映射与数据库筛查线索，不构成本株实验验证。当前没有基因专属实验事实支持确定酶反应。	待逐基因核验蛋白序列域/位点、数据库原始记录和论文；2016补表Reaction ID/公式/分数/GPR/培养边界尚未写入本行；需查异株/同源实验且不得移作本株验证。	NCBI protein https://www.ncbi.nlm.nih.gov/protein/WP_041645656.1; UniProt search https://www.uniprot.org/uniprotkb?query=WP_041645656.1; InterPro https://www.ebi.ac.uk/interpro/search/sequence/WP_041645656.1; KEGG gene https://www.genome.jp/dbget-bin/www_bget?afr:05935; D3 local snapshot D3-1-R_全基因跨数据库交叉引用.tsv; B1 local snapshot 旧新基因映射.tsv; 2016 source mmc1.xls/mmc3.xml local	部分完成：身份及本地数据库交叉引用已合并；直接论文/逐蛋白域与2016补表字段核对未完成
1115	RU820_RS05940	WP_041645660.1	NZ_CP136162.1:1089819-1090073(-)	hypothetical protein	未映射; 未确认	未取得本轮逐蛋白 UniProt/InterPro/Pfam 命中；当前 NCBI 仅注为 hypothetical protein。	 /  / 	未见 D3 本地交叉引用表中 KEGG KO/EC/反应、BioCyc反应、Rhea精确引用或BRENDA EC；MetaCyc记录标注未独立获取。; TCDB未逐项检索（仅当转运蛋白适用）		未见该基因/蛋白对应的ATCC 23270或DSM 14882原始功能实验；未取得基因专属论文DOI。数据库注释不作湿实验。	未定义；没有可核实的精确反应式、辅因子、方向、区室或膜侧，不评分。	未完成逐行mmc1.xls原表核对；不得据此作已表示/缺失结论。	D3 未列直接GPR；仍需mmc1原表核对; 原补表具体字段未核录。	不评分；未定义精确反应，本轮反应分数为空。	未发现精确反应证据；证据不足暂缓，不新增反应	RefSeq为自动注释；B1/D3提供历史映射与数据库筛查线索，不构成本株实验验证。当前没有基因专属实验事实支持确定酶反应。	待逐基因核验蛋白序列域/位点、数据库原始记录和论文；2016补表Reaction ID/公式/分数/GPR/培养边界尚未写入本行；需查异株/同源实验且不得移作本株验证。	NCBI protein https://www.ncbi.nlm.nih.gov/protein/WP_041645660.1; UniProt search https://www.uniprot.org/uniprotkb?query=WP_041645660.1; InterPro https://www.ebi.ac.uk/interpro/search/sequence/WP_041645660.1; KEGG gene https://www.genome.jp/dbget-bin/www_bget?afr:05940; D3 local snapshot D3-1-R_全基因跨数据库交叉引用.tsv; B1 local snapshot 旧新基因映射.tsv; 2016 source mmc1.xls/mmc3.xml local	部分完成：身份及本地数据库交叉引用已合并；直接论文/逐蛋白域与2016补表字段核对未完成
1116	RU820_RS05945	WP_206383199.1	NZ_CP136162.1:1090088-1090657(-)	hypothetical protein	未映射; 未确认	未取得本轮逐蛋白 UniProt/InterPro/Pfam 命中；当前 NCBI 仅注为 hypothetical protein。	 /  / 	未见 D3 本地交叉引用表中 KEGG KO/EC/反应、BioCyc反应、Rhea精确引用或BRENDA EC；MetaCyc记录标注未独立获取。; TCDB未逐项检索（仅当转运蛋白适用）		未见该基因/蛋白对应的ATCC 23270或DSM 14882原始功能实验；未取得基因专属论文DOI。数据库注释不作湿实验。	未定义；没有可核实的精确反应式、辅因子、方向、区室或膜侧，不评分。	未完成逐行mmc1.xls原表核对；不得据此作已表示/缺失结论。	D3 未列直接GPR；仍需mmc1原表核对; 原补表具体字段未核录。	不评分；未定义精确反应，本轮反应分数为空。	未发现精确反应证据；证据不足暂缓，不新增反应	RefSeq为自动注释；B1/D3提供历史映射与数据库筛查线索，不构成本株实验验证。当前没有基因专属实验事实支持确定酶反应。	待逐基因核验蛋白序列域/位点、数据库原始记录和论文；2016补表Reaction ID/公式/分数/GPR/培养边界尚未写入本行；需查异株/同源实验且不得移作本株验证。	NCBI protein https://www.ncbi.nlm.nih.gov/protein/WP_206383199.1; UniProt search https://www.uniprot.org/uniprotkb?query=WP_206383199.1; InterPro https://www.ebi.ac.uk/interpro/search/sequence/WP_206383199.1; KEGG gene https://www.genome.jp/dbget-bin/www_bget?afr:05945; D3 local snapshot D3-1-R_全基因跨数据库交叉引用.tsv; B1 local snapshot 旧新基因映射.tsv; 2016 source mmc1.xls/mmc3.xml local	部分完成：身份及本地数据库交叉引用已合并；直接论文/逐蛋白域与2016补表字段核对未完成
1117	RU820_RS05950	WP_012606905.1	NZ_CP136162.1:1090741-1091196(-)	endonuclease domain-containing protein	RefSeq protein_id exact; 完全匹配; AFE_1233	未取得本轮逐蛋白 UniProt/InterPro/Pfam 命中及人工审校状态；NCBI product/KEGG 注释仅为自动或交叉引用线索。	 /  / 	未见 D3 本地交叉引用表中 KEGG KO/EC/反应、BioCyc反应、Rhea精确引用或BRENDA EC；MetaCyc记录标注未独立获取。; TCDB未逐项检索（仅当转运蛋白适用）		未见该基因/蛋白对应的ATCC 23270或DSM 14882原始功能实验；未取得基因专属论文DOI。数据库注释不作湿实验。	未定义；没有可核实的精确反应式、辅因子、方向、区室或膜侧，不评分。	未完成逐行mmc1.xls原表核对；不得据此作已表示/缺失结论。	D3 未列直接GPR；仍需mmc1原表核对; 原补表具体字段未核录。	不评分；未定义精确反应，本轮反应分数为空。	未发现精确反应证据；证据不足暂缓，不新增反应	RefSeq为自动注释；B1/D3提供历史映射与数据库筛查线索，不构成本株实验验证。当前没有基因专属实验事实支持确定酶反应。	待逐基因核验蛋白序列域/位点、数据库原始记录和论文；2016补表Reaction ID/公式/分数/GPR/培养边界尚未写入本行；需查异株/同源实验且不得移作本株验证。	NCBI protein https://www.ncbi.nlm.nih.gov/protein/WP_012606905.1; UniProt search https://www.uniprot.org/uniprotkb?query=WP_012606905.1; InterPro https://www.ebi.ac.uk/interpro/search/sequence/WP_012606905.1; KEGG gene https://www.genome.jp/dbget-bin/www_bget?afr:05950; D3 local snapshot D3-1-R_全基因跨数据库交叉引用.tsv; B1 local snapshot 旧新基因映射.tsv; 2016 source mmc1.xls/mmc3.xml local	部分完成：身份及本地数据库交叉引用已合并；直接论文/逐蛋白域与2016补表字段核对未完成
1118	RU820_RS05955	WP_012606906.1	NZ_CP136162.1:1091202-1091525(-)	glycine zipper domain-containing protein	RefSeq protein_id exact; 完全匹配; AFE_1234	未取得本轮逐蛋白 UniProt/InterPro/Pfam 命中及人工审校状态；NCBI product/KEGG 注释仅为自动或交叉引用线索。	 /  / 	未见 D3 本地交叉引用表中 KEGG KO/EC/反应、BioCyc反应、Rhea精确引用或BRENDA EC；MetaCyc记录标注未独立获取。; TCDB未逐项检索（仅当转运蛋白适用）		未见该基因/蛋白对应的ATCC 23270或DSM 14882原始功能实验；未取得基因专属论文DOI。数据库注释不作湿实验。	未定义；没有可核实的精确反应式、辅因子、方向、区室或膜侧，不评分。	未完成逐行mmc1.xls原表核对；不得据此作已表示/缺失结论。	D3 未列直接GPR；仍需mmc1原表核对; 原补表具体字段未核录。	不评分；未定义精确反应，本轮反应分数为空。	未发现精确反应证据；证据不足暂缓，不新增反应	RefSeq为自动注释；B1/D3提供历史映射与数据库筛查线索，不构成本株实验验证。当前没有基因专属实验事实支持确定酶反应。	待逐基因核验蛋白序列域/位点、数据库原始记录和论文；2016补表Reaction ID/公式/分数/GPR/培养边界尚未写入本行；需查异株/同源实验且不得移作本株验证。	NCBI protein https://www.ncbi.nlm.nih.gov/protein/WP_012606906.1; UniProt search https://www.uniprot.org/uniprotkb?query=WP_012606906.1; InterPro https://www.ebi.ac.uk/interpro/search/sequence/WP_012606906.1; KEGG gene https://www.genome.jp/dbget-bin/www_bget?afr:05955; D3 local snapshot D3-1-R_全基因跨数据库交叉引用.tsv; B1 local snapshot 旧新基因映射.tsv; 2016 source mmc1.xls/mmc3.xml local	部分完成：身份及本地数据库交叉引用已合并；直接论文/逐蛋白域与2016补表字段核对未完成
1119	RU820_RS05960	WP_012606907.1	NZ_CP136162.1:1091557-1092225(-)	lipoprotein	RefSeq protein_id exact; 完全匹配; AFE_1235	未取得本轮逐蛋白 UniProt/InterPro/Pfam 命中及人工审校状态；NCBI product/KEGG 注释仅为自动或交叉引用线索。	 /  / 	TRANS-RXN-477; TCDB未逐项检索（仅当转运蛋白适用）		未见该基因/蛋白对应的ATCC 23270或DSM 14882原始功能实验；未取得基因专属论文DOI。数据库注释不作湿实验。	未定义；没有可核实的精确反应式、辅因子、方向、区室或膜侧，不评分。	未完成逐行mmc1.xls原表核对；不得据此作已表示/缺失结论。	D3 未列直接GPR；仍需mmc1原表核对; 原补表具体字段未核录。	不评分；未定义精确反应，本轮反应分数为空。	未发现精确反应证据；证据不足暂缓，不新增反应	RefSeq为自动注释；B1/D3提供历史映射与数据库筛查线索，不构成本株实验验证。当前没有基因专属实验事实支持确定酶反应。	待逐基因核验蛋白序列域/位点、数据库原始记录和论文；2016补表Reaction ID/公式/分数/GPR/培养边界尚未写入本行；需查异株/同源实验且不得移作本株验证。	NCBI protein https://www.ncbi.nlm.nih.gov/protein/WP_012606907.1; UniProt search https://www.uniprot.org/uniprotkb?query=WP_012606907.1; InterPro https://www.ebi.ac.uk/interpro/search/sequence/WP_012606907.1; KEGG gene https://www.genome.jp/dbget-bin/www_bget?afr:05960; D3 local snapshot D3-1-R_全基因跨数据库交叉引用.tsv; B1 local snapshot 旧新基因映射.tsv; 2016 source mmc1.xls/mmc3.xml local	部分完成：身份及本地数据库交叉引用已合并；直接论文/逐蛋白域与2016补表字段核对未完成
1120	RU820_RS05965	WP_012606908.1	NZ_CP136162.1:1092239-1092886(-)	hypothetical protein	RefSeq protein_id exact; 完全匹配; AFE_1236	未取得本轮逐蛋白 UniProt/InterPro/Pfam 命中；当前 NCBI 仅注为 hypothetical protein。	 /  / 	未见 D3 本地交叉引用表中 KEGG KO/EC/反应、BioCyc反应、Rhea精确引用或BRENDA EC；MetaCyc记录标注未独立获取。; TCDB未逐项检索（仅当转运蛋白适用）		未见该基因/蛋白对应的ATCC 23270或DSM 14882原始功能实验；未取得基因专属论文DOI。数据库注释不作湿实验。	未定义；没有可核实的精确反应式、辅因子、方向、区室或膜侧，不评分。	未完成逐行mmc1.xls原表核对；不得据此作已表示/缺失结论。	D3 未列直接GPR；仍需mmc1原表核对; 原补表具体字段未核录。	不评分；未定义精确反应，本轮反应分数为空。	未发现精确反应证据；证据不足暂缓，不新增反应	RefSeq为自动注释；B1/D3提供历史映射与数据库筛查线索，不构成本株实验验证。当前没有基因专属实验事实支持确定酶反应。	待逐基因核验蛋白序列域/位点、数据库原始记录和论文；2016补表Reaction ID/公式/分数/GPR/培养边界尚未写入本行；需查异株/同源实验且不得移作本株验证。	NCBI protein https://www.ncbi.nlm.nih.gov/protein/WP_012606908.1; UniProt search https://www.uniprot.org/uniprotkb?query=WP_012606908.1; InterPro https://www.ebi.ac.uk/interpro/search/sequence/WP_012606908.1; KEGG gene https://www.genome.jp/dbget-bin/www_bget?afr:05965; D3 local snapshot D3-1-R_全基因跨数据库交叉引用.tsv; B1 local snapshot 旧新基因映射.tsv; 2016 source mmc1.xls/mmc3.xml local	部分完成：身份及本地数据库交叉引用已合并；直接论文/逐蛋白域与2016补表字段核对未完成
1121	RU820_RS05970	WP_012606909.1	NZ_CP136162.1:1092902-1093267(-)	hypothetical protein	RefSeq protein_id exact; 完全匹配; AFE_1237	未取得本轮逐蛋白 UniProt/InterPro/Pfam 命中；当前 NCBI 仅注为 hypothetical protein。	 /  / 	未见 D3 本地交叉引用表中 KEGG KO/EC/反应、BioCyc反应、Rhea精确引用或BRENDA EC；MetaCyc记录标注未独立获取。; TCDB未逐项检索（仅当转运蛋白适用）		未见该基因/蛋白对应的ATCC 23270或DSM 14882原始功能实验；未取得基因专属论文DOI。数据库注释不作湿实验。	未定义；没有可核实的精确反应式、辅因子、方向、区室或膜侧，不评分。	未完成逐行mmc1.xls原表核对；不得据此作已表示/缺失结论。	D3 未列直接GPR；仍需mmc1原表核对; 原补表具体字段未核录。	不评分；未定义精确反应，本轮反应分数为空。	未发现精确反应证据；证据不足暂缓，不新增反应	RefSeq为自动注释；B1/D3提供历史映射与数据库筛查线索，不构成本株实验验证。当前没有基因专属实验事实支持确定酶反应。	待逐基因核验蛋白序列域/位点、数据库原始记录和论文；2016补表Reaction ID/公式/分数/GPR/培养边界尚未写入本行；需查异株/同源实验且不得移作本株验证。	NCBI protein https://www.ncbi.nlm.nih.gov/protein/WP_012606909.1; UniProt search https://www.uniprot.org/uniprotkb?query=WP_012606909.1; InterPro https://www.ebi.ac.uk/interpro/search/sequence/WP_012606909.1; KEGG gene https://www.genome.jp/dbget-bin/www_bget?afr:05970; D3 local snapshot D3-1-R_全基因跨数据库交叉引用.tsv; B1 local snapshot 旧新基因映射.tsv; 2016 source mmc1.xls/mmc3.xml local	部分完成：身份及本地数据库交叉引用已合并；直接论文/逐蛋白域与2016补表字段核对未完成
1122	RU820_RS05975	WP_041645674.1	NZ_CP136162.1:1093921-1094538(-)	hypothetical protein	未映射; 未确认	未取得本轮逐蛋白 UniProt/InterPro/Pfam 命中；当前 NCBI 仅注为 hypothetical protein。	 /  / 	未见 D3 本地交叉引用表中 KEGG KO/EC/反应、BioCyc反应、Rhea精确引用或BRENDA EC；MetaCyc记录标注未独立获取。; TCDB未逐项检索（仅当转运蛋白适用）		未见该基因/蛋白对应的ATCC 23270或DSM 14882原始功能实验；未取得基因专属论文DOI。数据库注释不作湿实验。	未定义；没有可核实的精确反应式、辅因子、方向、区室或膜侧，不评分。	未完成逐行mmc1.xls原表核对；不得据此作已表示/缺失结论。	D3 未列直接GPR；仍需mmc1原表核对; 原补表具体字段未核录。	不评分；未定义精确反应，本轮反应分数为空。	未发现精确反应证据；证据不足暂缓，不新增反应	RefSeq为自动注释；B1/D3提供历史映射与数据库筛查线索，不构成本株实验验证。当前没有基因专属实验事实支持确定酶反应。	待逐基因核验蛋白序列域/位点、数据库原始记录和论文；2016补表Reaction ID/公式/分数/GPR/培养边界尚未写入本行；需查异株/同源实验且不得移作本株验证。	NCBI protein https://www.ncbi.nlm.nih.gov/protein/WP_041645674.1; UniProt search https://www.uniprot.org/uniprotkb?query=WP_041645674.1; InterPro https://www.ebi.ac.uk/interpro/search/sequence/WP_041645674.1; KEGG gene https://www.genome.jp/dbget-bin/www_bget?afr:05975; D3 local snapshot D3-1-R_全基因跨数据库交叉引用.tsv; B1 local snapshot 旧新基因映射.tsv; 2016 source mmc1.xls/mmc3.xml local	部分完成：身份及本地数据库交叉引用已合并；直接论文/逐蛋白域与2016补表字段核对未完成
1123	RU820_RS05980	WP_012606914.1	NZ_CP136162.1:1094694-1094969(-)	HU family DNA-binding protein	RefSeq protein_id exact; 完全匹配; AFE_1241	未取得本轮逐蛋白 UniProt/InterPro/Pfam 命中及人工审校状态；NCBI product/KEGG 注释仅为自动或交叉引用线索。	K03530 /  / 	K03530; TCDB未逐项检索（仅当转运蛋白适用）		未见该基因/蛋白对应的ATCC 23270或DSM 14882原始功能实验；未取得基因专属论文DOI。数据库注释不作湿实验。	未定义；没有可核实的精确反应式、辅因子、方向、区室或膜侧，不评分。	未完成逐行mmc1.xls原表核对；不得据此作已表示/缺失结论。	D3 未列直接GPR；仍需mmc1原表核对; 原补表具体字段未核录。	不评分；未定义精确反应，本轮反应分数为空。	未发现精确反应证据；证据不足暂缓，不新增反应	RefSeq为自动注释；B1/D3提供历史映射与数据库筛查线索，不构成本株实验验证。当前没有基因专属实验事实支持确定酶反应。	待逐基因核验蛋白序列域/位点、数据库原始记录和论文；2016补表Reaction ID/公式/分数/GPR/培养边界尚未写入本行；需查异株/同源实验且不得移作本株验证。	NCBI protein https://www.ncbi.nlm.nih.gov/protein/WP_012606914.1; UniProt search https://www.uniprot.org/uniprotkb?query=WP_012606914.1; InterPro https://www.ebi.ac.uk/interpro/search/sequence/WP_012606914.1; KEGG gene https://www.genome.jp/dbget-bin/www_bget?afr:05980; D3 local snapshot D3-1-R_全基因跨数据库交叉引用.tsv; B1 local snapshot 旧新基因映射.tsv; 2016 source mmc1.xls/mmc3.xml local	部分完成：身份及本地数据库交叉引用已合并；直接论文/逐蛋白域与2016补表字段核对未完成
1124	RU820_RS05985	WP_012606915.1	NZ_CP136162.1:1094962-1095276(-)	hypothetical protein	RefSeq protein_id exact; 完全匹配; AFE_1243	未取得本轮逐蛋白 UniProt/InterPro/Pfam 命中；当前 NCBI 仅注为 hypothetical protein。	 /  / 	未见 D3 本地交叉引用表中 KEGG KO/EC/反应、BioCyc反应、Rhea精确引用或BRENDA EC；MetaCyc记录标注未独立获取。; TCDB未逐项检索（仅当转运蛋白适用）		未见该基因/蛋白对应的ATCC 23270或DSM 14882原始功能实验；未取得基因专属论文DOI。数据库注释不作湿实验。	未定义；没有可核实的精确反应式、辅因子、方向、区室或膜侧，不评分。	未完成逐行mmc1.xls原表核对；不得据此作已表示/缺失结论。	D3 未列直接GPR；仍需mmc1原表核对; 原补表具体字段未核录。	不评分；未定义精确反应，本轮反应分数为空。	未发现精确反应证据；证据不足暂缓，不新增反应	RefSeq为自动注释；B1/D3提供历史映射与数据库筛查线索，不构成本株实验验证。当前没有基因专属实验事实支持确定酶反应。	待逐基因核验蛋白序列域/位点、数据库原始记录和论文；2016补表Reaction ID/公式/分数/GPR/培养边界尚未写入本行；需查异株/同源实验且不得移作本株验证。	NCBI protein https://www.ncbi.nlm.nih.gov/protein/WP_012606915.1; UniProt search https://www.uniprot.org/uniprotkb?query=WP_012606915.1; InterPro https://www.ebi.ac.uk/interpro/search/sequence/WP_012606915.1; KEGG gene https://www.genome.jp/dbget-bin/www_bget?afr:05985; D3 local snapshot D3-1-R_全基因跨数据库交叉引用.tsv; B1 local snapshot 旧新基因映射.tsv; 2016 source mmc1.xls/mmc3.xml local	部分完成：身份及本地数据库交叉引用已合并；直接论文/逐蛋白域与2016补表字段核对未完成
1125	RU820_RS05990	WP_012606916.1	NZ_CP136162.1:1095273-1095563(-)	hypothetical protein	RefSeq protein_id exact; 完全匹配; AFE_1244	未取得本轮逐蛋白 UniProt/InterPro/Pfam 命中；当前 NCBI 仅注为 hypothetical protein。	 /  / 	未见 D3 本地交叉引用表中 KEGG KO/EC/反应、BioCyc反应、Rhea精确引用或BRENDA EC；MetaCyc记录标注未独立获取。; TCDB未逐项检索（仅当转运蛋白适用）		未见该基因/蛋白对应的ATCC 23270或DSM 14882原始功能实验；未取得基因专属论文DOI。数据库注释不作湿实验。	未定义；没有可核实的精确反应式、辅因子、方向、区室或膜侧，不评分。	未完成逐行mmc1.xls原表核对；不得据此作已表示/缺失结论。	D3 未列直接GPR；仍需mmc1原表核对; 原补表具体字段未核录。	不评分；未定义精确反应，本轮反应分数为空。	未发现精确反应证据；证据不足暂缓，不新增反应	RefSeq为自动注释；B1/D3提供历史映射与数据库筛查线索，不构成本株实验验证。当前没有基因专属实验事实支持确定酶反应。	待逐基因核验蛋白序列域/位点、数据库原始记录和论文；2016补表Reaction ID/公式/分数/GPR/培养边界尚未写入本行；需查异株/同源实验且不得移作本株验证。	NCBI protein https://www.ncbi.nlm.nih.gov/protein/WP_012606916.1; UniProt search https://www.uniprot.org/uniprotkb?query=WP_012606916.1; InterPro https://www.ebi.ac.uk/interpro/search/sequence/WP_012606916.1; KEGG gene https://www.genome.jp/dbget-bin/www_bget?afr:05990; D3 local snapshot D3-1-R_全基因跨数据库交叉引用.tsv; B1 local snapshot 旧新基因映射.tsv; 2016 source mmc1.xls/mmc3.xml local	部分完成：身份及本地数据库交叉引用已合并；直接论文/逐蛋白域与2016补表字段核对未完成
1126	RU820_RS05995	WP_012606917.1	NZ_CP136162.1:1095563-1096075(-)	hypothetical protein	RefSeq protein_id exact; 完全匹配; AFE_1245	未取得本轮逐蛋白 UniProt/InterPro/Pfam 命中；当前 NCBI 仅注为 hypothetical protein。	 /  / 	未见 D3 本地交叉引用表中 KEGG KO/EC/反应、BioCyc反应、Rhea精确引用或BRENDA EC；MetaCyc记录标注未独立获取。; TCDB未逐项检索（仅当转运蛋白适用）		未见该基因/蛋白对应的ATCC 23270或DSM 14882原始功能实验；未取得基因专属论文DOI。数据库注释不作湿实验。	未定义；没有可核实的精确反应式、辅因子、方向、区室或膜侧，不评分。	未完成逐行mmc1.xls原表核对；不得据此作已表示/缺失结论。	D3 未列直接GPR；仍需mmc1原表核对; 原补表具体字段未核录。	不评分；未定义精确反应，本轮反应分数为空。	未发现精确反应证据；证据不足暂缓，不新增反应	RefSeq为自动注释；B1/D3提供历史映射与数据库筛查线索，不构成本株实验验证。当前没有基因专属实验事实支持确定酶反应。	待逐基因核验蛋白序列域/位点、数据库原始记录和论文；2016补表Reaction ID/公式/分数/GPR/培养边界尚未写入本行；需查异株/同源实验且不得移作本株验证。	NCBI protein https://www.ncbi.nlm.nih.gov/protein/WP_012606917.1; UniProt search https://www.uniprot.org/uniprotkb?query=WP_012606917.1; InterPro https://www.ebi.ac.uk/interpro/search/sequence/WP_012606917.1; KEGG gene https://www.genome.jp/dbget-bin/www_bget?afr:05995; D3 local snapshot D3-1-R_全基因跨数据库交叉引用.tsv; B1 local snapshot 旧新基因映射.tsv; 2016 source mmc1.xls/mmc3.xml local	部分完成：身份及本地数据库交叉引用已合并；直接论文/逐蛋白域与2016补表字段核对未完成
1127	RU820_RS06000	WP_012606918.1	NZ_CP136162.1:1096172-1096387(+)	hypothetical protein	RefSeq protein_id exact; 完全匹配; AFE_1246	未取得本轮逐蛋白 UniProt/InterPro/Pfam 命中；当前 NCBI 仅注为 hypothetical protein。	 /  / 	未见 D3 本地交叉引用表中 KEGG KO/EC/反应、BioCyc反应、Rhea精确引用或BRENDA EC；MetaCyc记录标注未独立获取。; TCDB未逐项检索（仅当转运蛋白适用）		未见该基因/蛋白对应的ATCC 23270或DSM 14882原始功能实验；未取得基因专属论文DOI。数据库注释不作湿实验。	未定义；没有可核实的精确反应式、辅因子、方向、区室或膜侧，不评分。	未完成逐行mmc1.xls原表核对；不得据此作已表示/缺失结论。	D3 未列直接GPR；仍需mmc1原表核对; 原补表具体字段未核录。	不评分；未定义精确反应，本轮反应分数为空。	未发现精确反应证据；证据不足暂缓，不新增反应	RefSeq为自动注释；B1/D3提供历史映射与数据库筛查线索，不构成本株实验验证。当前没有基因专属实验事实支持确定酶反应。	待逐基因核验蛋白序列域/位点、数据库原始记录和论文；2016补表Reaction ID/公式/分数/GPR/培养边界尚未写入本行；需查异株/同源实验且不得移作本株验证。	NCBI protein https://www.ncbi.nlm.nih.gov/protein/WP_012606918.1; UniProt search https://www.uniprot.org/uniprotkb?query=WP_012606918.1; InterPro https://www.ebi.ac.uk/interpro/search/sequence/WP_012606918.1; KEGG gene https://www.genome.jp/dbget-bin/www_bget?afr:06000; D3 local snapshot D3-1-R_全基因跨数据库交叉引用.tsv; B1 local snapshot 旧新基因映射.tsv; 2016 source mmc1.xls/mmc3.xml local	部分完成：身份及本地数据库交叉引用已合并；直接论文/逐蛋白域与2016补表字段核对未完成
1128	RU820_RS06005	WP_041645679.1	NZ_CP136162.1:1096404-1096730(+)	hypothetical protein	未映射; 未确认	未取得本轮逐蛋白 UniProt/InterPro/Pfam 命中；当前 NCBI 仅注为 hypothetical protein。	 /  / 	未见 D3 本地交叉引用表中 KEGG KO/EC/反应、BioCyc反应、Rhea精确引用或BRENDA EC；MetaCyc记录标注未独立获取。; TCDB未逐项检索（仅当转运蛋白适用）		未见该基因/蛋白对应的ATCC 23270或DSM 14882原始功能实验；未取得基因专属论文DOI。数据库注释不作湿实验。	未定义；没有可核实的精确反应式、辅因子、方向、区室或膜侧，不评分。	未完成逐行mmc1.xls原表核对；不得据此作已表示/缺失结论。	D3 未列直接GPR；仍需mmc1原表核对; 原补表具体字段未核录。	不评分；未定义精确反应，本轮反应分数为空。	未发现精确反应证据；证据不足暂缓，不新增反应	RefSeq为自动注释；B1/D3提供历史映射与数据库筛查线索，不构成本株实验验证。当前没有基因专属实验事实支持确定酶反应。	待逐基因核验蛋白序列域/位点、数据库原始记录和论文；2016补表Reaction ID/公式/分数/GPR/培养边界尚未写入本行；需查异株/同源实验且不得移作本株验证。	NCBI protein https://www.ncbi.nlm.nih.gov/protein/WP_041645679.1; UniProt search https://www.uniprot.org/uniprotkb?query=WP_041645679.1; InterPro https://www.ebi.ac.uk/interpro/search/sequence/WP_041645679.1; KEGG gene https://www.genome.jp/dbget-bin/www_bget?afr:06005; D3 local snapshot D3-1-R_全基因跨数据库交叉引用.tsv; B1 local snapshot 旧新基因映射.tsv; 2016 source mmc1.xls/mmc3.xml local	部分完成：身份及本地数据库交叉引用已合并；直接论文/逐蛋白域与2016补表字段核对未完成
1129	RU820_RS06010	WP_049759441.1	NZ_CP136162.1:1096991-1098007(-)	hypothetical protein	未映射; 未确认	未取得本轮逐蛋白 UniProt/InterPro/Pfam 命中；当前 NCBI 仅注为 hypothetical protein。	 /  / 	未见 D3 本地交叉引用表中 KEGG KO/EC/反应、BioCyc反应、Rhea精确引用或BRENDA EC；MetaCyc记录标注未独立获取。; TCDB未逐项检索（仅当转运蛋白适用）		未见该基因/蛋白对应的ATCC 23270或DSM 14882原始功能实验；未取得基因专属论文DOI。数据库注释不作湿实验。	未定义；没有可核实的精确反应式、辅因子、方向、区室或膜侧，不评分。	未完成逐行mmc1.xls原表核对；不得据此作已表示/缺失结论。	D3 未列直接GPR；仍需mmc1原表核对; 原补表具体字段未核录。	不评分；未定义精确反应，本轮反应分数为空。	未发现精确反应证据；证据不足暂缓，不新增反应	RefSeq为自动注释；B1/D3提供历史映射与数据库筛查线索，不构成本株实验验证。当前没有基因专属实验事实支持确定酶反应。	待逐基因核验蛋白序列域/位点、数据库原始记录和论文；2016补表Reaction ID/公式/分数/GPR/培养边界尚未写入本行；需查异株/同源实验且不得移作本株验证。	NCBI protein https://www.ncbi.nlm.nih.gov/protein/WP_049759441.1; UniProt search https://www.uniprot.org/uniprotkb?query=WP_049759441.1; InterPro https://www.ebi.ac.uk/interpro/search/sequence/WP_049759441.1; KEGG gene https://www.genome.jp/dbget-bin/www_bget?afr:06010; D3 local snapshot D3-1-R_全基因跨数据库交叉引用.tsv; B1 local snapshot 旧新基因映射.tsv; 2016 source mmc1.xls/mmc3.xml local	部分完成：身份及本地数据库交叉引用已合并；直接论文/逐蛋白域与2016补表字段核对未完成
1130	RU820_RS06015	WP_012606922.1	NZ_CP136162.1:1098155-1098346(+)	hypothetical protein	RefSeq protein_id exact; 完全匹配; AFE_1250	未取得本轮逐蛋白 UniProt/InterPro/Pfam 命中；当前 NCBI 仅注为 hypothetical protein。	 /  / 	未见 D3 本地交叉引用表中 KEGG KO/EC/反应、BioCyc反应、Rhea精确引用或BRENDA EC；MetaCyc记录标注未独立获取。; TCDB未逐项检索（仅当转运蛋白适用）		未见该基因/蛋白对应的ATCC 23270或DSM 14882原始功能实验；未取得基因专属论文DOI。数据库注释不作湿实验。	未定义；没有可核实的精确反应式、辅因子、方向、区室或膜侧，不评分。	未完成逐行mmc1.xls原表核对；不得据此作已表示/缺失结论。	D3 未列直接GPR；仍需mmc1原表核对; 原补表具体字段未核录。	不评分；未定义精确反应，本轮反应分数为空。	未发现精确反应证据；证据不足暂缓，不新增反应	RefSeq为自动注释；B1/D3提供历史映射与数据库筛查线索，不构成本株实验验证。当前没有基因专属实验事实支持确定酶反应。	待逐基因核验蛋白序列域/位点、数据库原始记录和论文；2016补表Reaction ID/公式/分数/GPR/培养边界尚未写入本行；需查异株/同源实验且不得移作本株验证。	NCBI protein https://www.ncbi.nlm.nih.gov/protein/WP_012606922.1; UniProt search https://www.uniprot.org/uniprotkb?query=WP_012606922.1; InterPro https://www.ebi.ac.uk/interpro/search/sequence/WP_012606922.1; KEGG gene https://www.genome.jp/dbget-bin/www_bget?afr:06015; D3 local snapshot D3-1-R_全基因跨数据库交叉引用.tsv; B1 local snapshot 旧新基因映射.tsv; 2016 source mmc1.xls/mmc3.xml local	部分完成：身份及本地数据库交叉引用已合并；直接论文/逐蛋白域与2016补表字段核对未完成
1131	RU820_RS06020	WP_012606923.1	NZ_CP136162.1:1098343-1100202(+)	type IV secretory system conjugative DNA transfer family protein	RefSeq protein_id exact; 完全匹配; AFE_1251	未取得本轮逐蛋白 UniProt/InterPro/Pfam 命中及人工审校状态；NCBI product/KEGG 注释仅为自动或交叉引用线索。	 /  / 	未见 D3 本地交叉引用表中 KEGG KO/EC/反应、BioCyc反应、Rhea精确引用或BRENDA EC；MetaCyc记录标注未独立获取。; TCDB未逐项检索（仅当转运蛋白适用）		未见该基因/蛋白对应的ATCC 23270或DSM 14882原始功能实验；未取得基因专属论文DOI。数据库注释不作湿实验。	未定义；没有可核实的精确反应式、辅因子、方向、区室或膜侧，不评分。	未完成逐行mmc1.xls原表核对；不得据此作已表示/缺失结论。	D3 未列直接GPR；仍需mmc1原表核对; 原补表具体字段未核录。	不评分；未定义精确反应，本轮反应分数为空。	未发现精确反应证据；证据不足暂缓，不新增反应	RefSeq为自动注释；B1/D3提供历史映射与数据库筛查线索，不构成本株实验验证。当前没有基因专属实验事实支持确定酶反应。	待逐基因核验蛋白序列域/位点、数据库原始记录和论文；2016补表Reaction ID/公式/分数/GPR/培养边界尚未写入本行；需查异株/同源实验且不得移作本株验证。	NCBI protein https://www.ncbi.nlm.nih.gov/protein/WP_012606923.1; UniProt search https://www.uniprot.org/uniprotkb?query=WP_012606923.1; InterPro https://www.ebi.ac.uk/interpro/search/sequence/WP_012606923.1; KEGG gene https://www.genome.jp/dbget-bin/www_bget?afr:06020; D3 local snapshot D3-1-R_全基因跨数据库交叉引用.tsv; B1 local snapshot 旧新基因映射.tsv; 2016 source mmc1.xls/mmc3.xml local	部分完成：身份及本地数据库交叉引用已合并；直接论文/逐蛋白域与2016补表字段核对未完成
1132	RU820_RS06025	WP_041645682.1	NZ_CP136162.1:1100227-1100706(+)	hypothetical protein	未映射; 未确认	未取得本轮逐蛋白 UniProt/InterPro/Pfam 命中；当前 NCBI 仅注为 hypothetical protein。	 /  / 	未见 D3 本地交叉引用表中 KEGG KO/EC/反应、BioCyc反应、Rhea精确引用或BRENDA EC；MetaCyc记录标注未独立获取。; TCDB未逐项检索（仅当转运蛋白适用）		未见该基因/蛋白对应的ATCC 23270或DSM 14882原始功能实验；未取得基因专属论文DOI。数据库注释不作湿实验。	未定义；没有可核实的精确反应式、辅因子、方向、区室或膜侧，不评分。	未完成逐行mmc1.xls原表核对；不得据此作已表示/缺失结论。	D3 未列直接GPR；仍需mmc1原表核对; 原补表具体字段未核录。	不评分；未定义精确反应，本轮反应分数为空。	未发现精确反应证据；证据不足暂缓，不新增反应	RefSeq为自动注释；B1/D3提供历史映射与数据库筛查线索，不构成本株实验验证。当前没有基因专属实验事实支持确定酶反应。	待逐基因核验蛋白序列域/位点、数据库原始记录和论文；2016补表Reaction ID/公式/分数/GPR/培养边界尚未写入本行；需查异株/同源实验且不得移作本株验证。	NCBI protein https://www.ncbi.nlm.nih.gov/protein/WP_041645682.1; UniProt search https://www.uniprot.org/uniprotkb?query=WP_041645682.1; InterPro https://www.ebi.ac.uk/interpro/search/sequence/WP_041645682.1; KEGG gene https://www.genome.jp/dbget-bin/www_bget?afr:06025; D3 local snapshot D3-1-R_全基因跨数据库交叉引用.tsv; B1 local snapshot 旧新基因映射.tsv; 2016 source mmc1.xls/mmc3.xml local	部分完成：身份及本地数据库交叉引用已合并；直接论文/逐蛋白域与2016补表字段核对未完成
1133	RU820_RS06030	WP_148208612.1	NZ_CP136162.1:1100865-1101308(+)	hypothetical protein	未映射; 未确认	未取得本轮逐蛋白 UniProt/InterPro/Pfam 命中；当前 NCBI 仅注为 hypothetical protein。	 /  / 	未见 D3 本地交叉引用表中 KEGG KO/EC/反应、BioCyc反应、Rhea精确引用或BRENDA EC；MetaCyc记录标注未独立获取。; TCDB未逐项检索（仅当转运蛋白适用）		未见该基因/蛋白对应的ATCC 23270或DSM 14882原始功能实验；未取得基因专属论文DOI。数据库注释不作湿实验。	未定义；没有可核实的精确反应式、辅因子、方向、区室或膜侧，不评分。	未完成逐行mmc1.xls原表核对；不得据此作已表示/缺失结论。	D3 未列直接GPR；仍需mmc1原表核对; 原补表具体字段未核录。	不评分；未定义精确反应，本轮反应分数为空。	未发现精确反应证据；证据不足暂缓，不新增反应	RefSeq为自动注释；B1/D3提供历史映射与数据库筛查线索，不构成本株实验验证。当前没有基因专属实验事实支持确定酶反应。	待逐基因核验蛋白序列域/位点、数据库原始记录和论文；2016补表Reaction ID/公式/分数/GPR/培养边界尚未写入本行；需查异株/同源实验且不得移作本株验证。	NCBI protein https://www.ncbi.nlm.nih.gov/protein/WP_148208612.1; UniProt search https://www.uniprot.org/uniprotkb?query=WP_148208612.1; InterPro https://www.ebi.ac.uk/interpro/search/sequence/WP_148208612.1; KEGG gene https://www.genome.jp/dbget-bin/www_bget?afr:06030; D3 local snapshot D3-1-R_全基因跨数据库交叉引用.tsv; B1 local snapshot 旧新基因映射.tsv; 2016 source mmc1.xls/mmc3.xml local	部分完成：身份及本地数据库交叉引用已合并；直接论文/逐蛋白域与2016补表字段核对未完成
1134	RU820_RS06035	WP_041645693.1	NZ_CP136162.1:1101314-1101751(+)	hypothetical protein	未映射; 未确认	未取得本轮逐蛋白 UniProt/InterPro/Pfam 命中；当前 NCBI 仅注为 hypothetical protein。	 /  / 	未见 D3 本地交叉引用表中 KEGG KO/EC/反应、BioCyc反应、Rhea精确引用或BRENDA EC；MetaCyc记录标注未独立获取。; TCDB未逐项检索（仅当转运蛋白适用）		未见该基因/蛋白对应的ATCC 23270或DSM 14882原始功能实验；未取得基因专属论文DOI。数据库注释不作湿实验。	未定义；没有可核实的精确反应式、辅因子、方向、区室或膜侧，不评分。	未完成逐行mmc1.xls原表核对；不得据此作已表示/缺失结论。	D3 未列直接GPR；仍需mmc1原表核对; 原补表具体字段未核录。	不评分；未定义精确反应，本轮反应分数为空。	未发现精确反应证据；证据不足暂缓，不新增反应	RefSeq为自动注释；B1/D3提供历史映射与数据库筛查线索，不构成本株实验验证。当前没有基因专属实验事实支持确定酶反应。	待逐基因核验蛋白序列域/位点、数据库原始记录和论文；2016补表Reaction ID/公式/分数/GPR/培养边界尚未写入本行；需查异株/同源实验且不得移作本株验证。	NCBI protein https://www.ncbi.nlm.nih.gov/protein/WP_041645693.1; UniProt search https://www.uniprot.org/uniprotkb?query=WP_041645693.1; InterPro https://www.ebi.ac.uk/interpro/search/sequence/WP_041645693.1; KEGG gene https://www.genome.jp/dbget-bin/www_bget?afr:06035; D3 local snapshot D3-1-R_全基因跨数据库交叉引用.tsv; B1 local snapshot 旧新基因映射.tsv; 2016 source mmc1.xls/mmc3.xml local	部分完成：身份及本地数据库交叉引用已合并；直接论文/逐蛋白域与2016补表字段核对未完成
1135	RU820_RS06040	WP_012606926.1	NZ_CP136162.1:1101752-1104259(+)	hypothetical protein	RefSeq protein_id exact; 完全匹配; AFE_1254	未取得本轮逐蛋白 UniProt/InterPro/Pfam 命中；当前 NCBI 仅注为 hypothetical protein。	 /  / 	未见 D3 本地交叉引用表中 KEGG KO/EC/反应、BioCyc反应、Rhea精确引用或BRENDA EC；MetaCyc记录标注未独立获取。; TCDB未逐项检索（仅当转运蛋白适用）		未见该基因/蛋白对应的ATCC 23270或DSM 14882原始功能实验；未取得基因专属论文DOI。数据库注释不作湿实验。	未定义；没有可核实的精确反应式、辅因子、方向、区室或膜侧，不评分。	未完成逐行mmc1.xls原表核对；不得据此作已表示/缺失结论。	D3 未列直接GPR；仍需mmc1原表核对; 原补表具体字段未核录。	不评分；未定义精确反应，本轮反应分数为空。	未发现精确反应证据；证据不足暂缓，不新增反应	RefSeq为自动注释；B1/D3提供历史映射与数据库筛查线索，不构成本株实验验证。当前没有基因专属实验事实支持确定酶反应。	待逐基因核验蛋白序列域/位点、数据库原始记录和论文；2016补表Reaction ID/公式/分数/GPR/培养边界尚未写入本行；需查异株/同源实验且不得移作本株验证。	NCBI protein https://www.ncbi.nlm.nih.gov/protein/WP_012606926.1; UniProt search https://www.uniprot.org/uniprotkb?query=WP_012606926.1; InterPro https://www.ebi.ac.uk/interpro/search/sequence/WP_012606926.1; KEGG gene https://www.genome.jp/dbget-bin/www_bget?afr:06040; D3 local snapshot D3-1-R_全基因跨数据库交叉引用.tsv; B1 local snapshot 旧新基因映射.tsv; 2016 source mmc1.xls/mmc3.xml local	部分完成：身份及本地数据库交叉引用已合并；直接论文/逐蛋白域与2016补表字段核对未完成
1136	RU820_RS06045	WP_012606927.1	NZ_CP136162.1:1104259-1105152(+)	hypothetical protein	RefSeq protein_id exact; 完全匹配; AFE_1255	未取得本轮逐蛋白 UniProt/InterPro/Pfam 命中；当前 NCBI 仅注为 hypothetical protein。	 /  / 	未见 D3 本地交叉引用表中 KEGG KO/EC/反应、BioCyc反应、Rhea精确引用或BRENDA EC；MetaCyc记录标注未独立获取。; TCDB未逐项检索（仅当转运蛋白适用）		未见该基因/蛋白对应的ATCC 23270或DSM 14882原始功能实验；未取得基因专属论文DOI。数据库注释不作湿实验。	未定义；没有可核实的精确反应式、辅因子、方向、区室或膜侧，不评分。	未完成逐行mmc1.xls原表核对；不得据此作已表示/缺失结论。	D3 未列直接GPR；仍需mmc1原表核对; 原补表具体字段未核录。	不评分；未定义精确反应，本轮反应分数为空。	未发现精确反应证据；证据不足暂缓，不新增反应	RefSeq为自动注释；B1/D3提供历史映射与数据库筛查线索，不构成本株实验验证。当前没有基因专属实验事实支持确定酶反应。	待逐基因核验蛋白序列域/位点、数据库原始记录和论文；2016补表Reaction ID/公式/分数/GPR/培养边界尚未写入本行；需查异株/同源实验且不得移作本株验证。	NCBI protein https://www.ncbi.nlm.nih.gov/protein/WP_012606927.1; UniProt search https://www.uniprot.org/uniprotkb?query=WP_012606927.1; InterPro https://www.ebi.ac.uk/interpro/search/sequence/WP_012606927.1; KEGG gene https://www.genome.jp/dbget-bin/www_bget?afr:06045; D3 local snapshot D3-1-R_全基因跨数据库交叉引用.tsv; B1 local snapshot 旧新基因映射.tsv; 2016 source mmc1.xls/mmc3.xml local	部分完成：身份及本地数据库交叉引用已合并；直接论文/逐蛋白域与2016补表字段核对未完成
1137	RU820_RS06050	WP_012606928.1	NZ_CP136162.1:1105145-1105747(+)	hypothetical protein	RefSeq protein_id exact; 完全匹配; AFE_1256	未取得本轮逐蛋白 UniProt/InterPro/Pfam 命中；当前 NCBI 仅注为 hypothetical protein。	 /  / 	未见 D3 本地交叉引用表中 KEGG KO/EC/反应、BioCyc反应、Rhea精确引用或BRENDA EC；MetaCyc记录标注未独立获取。; TCDB未逐项检索（仅当转运蛋白适用）		未见该基因/蛋白对应的ATCC 23270或DSM 14882原始功能实验；未取得基因专属论文DOI。数据库注释不作湿实验。	未定义；没有可核实的精确反应式、辅因子、方向、区室或膜侧，不评分。	未完成逐行mmc1.xls原表核对；不得据此作已表示/缺失结论。	D3 未列直接GPR；仍需mmc1原表核对; 原补表具体字段未核录。	不评分；未定义精确反应，本轮反应分数为空。	未发现精确反应证据；证据不足暂缓，不新增反应	RefSeq为自动注释；B1/D3提供历史映射与数据库筛查线索，不构成本株实验验证。当前没有基因专属实验事实支持确定酶反应。	待逐基因核验蛋白序列域/位点、数据库原始记录和论文；2016补表Reaction ID/公式/分数/GPR/培养边界尚未写入本行；需查异株/同源实验且不得移作本株验证。	NCBI protein https://www.ncbi.nlm.nih.gov/protein/WP_012606928.1; UniProt search https://www.uniprot.org/uniprotkb?query=WP_012606928.1; InterPro https://www.ebi.ac.uk/interpro/search/sequence/WP_012606928.1; KEGG gene https://www.genome.jp/dbget-bin/www_bget?afr:06050; D3 local snapshot D3-1-R_全基因跨数据库交叉引用.tsv; B1 local snapshot 旧新基因映射.tsv; 2016 source mmc1.xls/mmc3.xml local	部分完成：身份及本地数据库交叉引用已合并；直接论文/逐蛋白域与2016补表字段核对未完成
1138	RU820_RS06055	WP_012606929.1	NZ_CP136162.1:1105875-1106819(-)	hypothetical protein	RefSeq protein_id exact; 完全匹配; AFE_1257	未取得本轮逐蛋白 UniProt/InterPro/Pfam 命中；当前 NCBI 仅注为 hypothetical protein。	 /  / 	未见 D3 本地交叉引用表中 KEGG KO/EC/反应、BioCyc反应、Rhea精确引用或BRENDA EC；MetaCyc记录标注未独立获取。; TCDB未逐项检索（仅当转运蛋白适用）		未见该基因/蛋白对应的ATCC 23270或DSM 14882原始功能实验；未取得基因专属论文DOI。数据库注释不作湿实验。	未定义；没有可核实的精确反应式、辅因子、方向、区室或膜侧，不评分。	未完成逐行mmc1.xls原表核对；不得据此作已表示/缺失结论。	D3 未列直接GPR；仍需mmc1原表核对; 原补表具体字段未核录。	不评分；未定义精确反应，本轮反应分数为空。	未发现精确反应证据；证据不足暂缓，不新增反应	RefSeq为自动注释；B1/D3提供历史映射与数据库筛查线索，不构成本株实验验证。当前没有基因专属实验事实支持确定酶反应。	待逐基因核验蛋白序列域/位点、数据库原始记录和论文；2016补表Reaction ID/公式/分数/GPR/培养边界尚未写入本行；需查异株/同源实验且不得移作本株验证。	NCBI protein https://www.ncbi.nlm.nih.gov/protein/WP_012606929.1; UniProt search https://www.uniprot.org/uniprotkb?query=WP_012606929.1; InterPro https://www.ebi.ac.uk/interpro/search/sequence/WP_012606929.1; KEGG gene https://www.genome.jp/dbget-bin/www_bget?afr:06055; D3 local snapshot D3-1-R_全基因跨数据库交叉引用.tsv; B1 local snapshot 旧新基因映射.tsv; 2016 source mmc1.xls/mmc3.xml local	部分完成：身份及本地数据库交叉引用已合并；直接论文/逐蛋白域与2016补表字段核对未完成
1139	RU820_RS06060	WP_041645700.1	NZ_CP136162.1:1106816-1108066(-)	hypothetical protein	RefSeq protein_id exact; 完全匹配; AFE_1258	未取得本轮逐蛋白 UniProt/InterPro/Pfam 命中；当前 NCBI 仅注为 hypothetical protein。	K03169 / 5.6.2.1 / 	K03169; 5.6.2.1; TCDB未逐项检索（仅当转运蛋白适用）		未见该基因/蛋白对应的ATCC 23270或DSM 14882原始功能实验；未取得基因专属论文DOI。数据库注释不作湿实验。	未定义；没有可核实的精确反应式、辅因子、方向、区室或膜侧，不评分。	未完成逐行mmc1.xls原表核对；不得据此作已表示/缺失结论。	D3 未列直接GPR；仍需mmc1原表核对; 原补表具体字段未核录。	不评分；未定义精确反应，本轮反应分数为空。	未发现精确反应证据；证据不足暂缓，不新增反应	RefSeq为自动注释；B1/D3提供历史映射与数据库筛查线索，不构成本株实验验证。当前没有基因专属实验事实支持确定酶反应。	待逐基因核验蛋白序列域/位点、数据库原始记录和论文；2016补表Reaction ID/公式/分数/GPR/培养边界尚未写入本行；需查异株/同源实验且不得移作本株验证。	NCBI protein https://www.ncbi.nlm.nih.gov/protein/WP_041645700.1; UniProt search https://www.uniprot.org/uniprotkb?query=WP_041645700.1; InterPro https://www.ebi.ac.uk/interpro/search/sequence/WP_041645700.1; KEGG gene https://www.genome.jp/dbget-bin/www_bget?afr:06060; D3 local snapshot D3-1-R_全基因跨数据库交叉引用.tsv; B1 local snapshot 旧新基因映射.tsv; 2016 source mmc1.xls/mmc3.xml local	部分完成：身份及本地数据库交叉引用已合并；直接论文/逐蛋白域与2016补表字段核对未完成
1140	RU820_RS06065	WP_012606932.1	NZ_CP136162.1:1108302-1108787(+)	single-stranded DNA-binding protein	RefSeq protein_id exact; 完全匹配; AFE_1260	未取得本轮逐蛋白 UniProt/InterPro/Pfam 命中及人工审校状态；NCBI product/KEGG 注释仅为自动或交叉引用线索。	K03111 /  / 	K03111; TCDB未逐项检索（仅当转运蛋白适用）		未见该基因/蛋白对应的ATCC 23270或DSM 14882原始功能实验；未取得基因专属论文DOI。数据库注释不作湿实验。	未定义；没有可核实的精确反应式、辅因子、方向、区室或膜侧，不评分。	未完成逐行mmc1.xls原表核对；不得据此作已表示/缺失结论。	D3 未列直接GPR；仍需mmc1原表核对; 原补表具体字段未核录。	不评分；未定义精确反应，本轮反应分数为空。	未发现精确反应证据；证据不足暂缓，不新增反应	RefSeq为自动注释；B1/D3提供历史映射与数据库筛查线索，不构成本株实验验证。当前没有基因专属实验事实支持确定酶反应。	待逐基因核验蛋白序列域/位点、数据库原始记录和论文；2016补表Reaction ID/公式/分数/GPR/培养边界尚未写入本行；需查异株/同源实验且不得移作本株验证。	NCBI protein https://www.ncbi.nlm.nih.gov/protein/WP_012606932.1; UniProt search https://www.uniprot.org/uniprotkb?query=WP_012606932.1; InterPro https://www.ebi.ac.uk/interpro/search/sequence/WP_012606932.1; KEGG gene https://www.genome.jp/dbget-bin/www_bget?afr:06065; D3 local snapshot D3-1-R_全基因跨数据库交叉引用.tsv; B1 local snapshot 旧新基因映射.tsv; 2016 source mmc1.xls/mmc3.xml local	部分完成：身份及本地数据库交叉引用已合并；直接论文/逐蛋白域与2016补表字段核对未完成
1141	RU820_RS06070	WP_012606935.1	NZ_CP136162.1:1109378-1110061(-)	AVAST type 3 anti-phage proein Avs3b	RefSeq protein_id exact; 完全匹配; AFE_1263	未取得本轮逐蛋白 UniProt/InterPro/Pfam 命中及人工审校状态；NCBI product/KEGG 注释仅为自动或交叉引用线索。	 /  / 	未见 D3 本地交叉引用表中 KEGG KO/EC/反应、BioCyc反应、Rhea精确引用或BRENDA EC；MetaCyc记录标注未独立获取。; TCDB未逐项检索（仅当转运蛋白适用）		未见该基因/蛋白对应的ATCC 23270或DSM 14882原始功能实验；未取得基因专属论文DOI。数据库注释不作湿实验。	未定义；没有可核实的精确反应式、辅因子、方向、区室或膜侧，不评分。	未完成逐行mmc1.xls原表核对；不得据此作已表示/缺失结论。	D3 未列直接GPR；仍需mmc1原表核对; 原补表具体字段未核录。	不评分；未定义精确反应，本轮反应分数为空。	未发现精确反应证据；证据不足暂缓，不新增反应	RefSeq为自动注释；B1/D3提供历史映射与数据库筛查线索，不构成本株实验验证。当前没有基因专属实验事实支持确定酶反应。	待逐基因核验蛋白序列域/位点、数据库原始记录和论文；2016补表Reaction ID/公式/分数/GPR/培养边界尚未写入本行；需查异株/同源实验且不得移作本株验证。	NCBI protein https://www.ncbi.nlm.nih.gov/protein/WP_012606935.1; UniProt search https://www.uniprot.org/uniprotkb?query=WP_012606935.1; InterPro https://www.ebi.ac.uk/interpro/search/sequence/WP_012606935.1; KEGG gene https://www.genome.jp/dbget-bin/www_bget?afr:06070; D3 local snapshot D3-1-R_全基因跨数据库交叉引用.tsv; B1 local snapshot 旧新基因映射.tsv; 2016 source mmc1.xls/mmc3.xml local	部分完成：身份及本地数据库交叉引用已合并；直接论文/逐蛋白域与2016补表字段核对未完成
1142	RU820_RS06075	WP_012606936.1	NZ_CP136162.1:1110036-1114247(-)	hypothetical protein	RefSeq protein_id exact; 完全匹配; AFE_1264	未取得本轮逐蛋白 UniProt/InterPro/Pfam 命中；当前 NCBI 仅注为 hypothetical protein。	 /  / 	未见 D3 本地交叉引用表中 KEGG KO/EC/反应、BioCyc反应、Rhea精确引用或BRENDA EC；MetaCyc记录标注未独立获取。; TCDB未逐项检索（仅当转运蛋白适用）		未见该基因/蛋白对应的ATCC 23270或DSM 14882原始功能实验；未取得基因专属论文DOI。数据库注释不作湿实验。	未定义；没有可核实的精确反应式、辅因子、方向、区室或膜侧，不评分。	未完成逐行mmc1.xls原表核对；不得据此作已表示/缺失结论。	D3 未列直接GPR；仍需mmc1原表核对; 原补表具体字段未核录。	不评分；未定义精确反应，本轮反应分数为空。	未发现精确反应证据；证据不足暂缓，不新增反应	RefSeq为自动注释；B1/D3提供历史映射与数据库筛查线索，不构成本株实验验证。当前没有基因专属实验事实支持确定酶反应。	待逐基因核验蛋白序列域/位点、数据库原始记录和论文；2016补表Reaction ID/公式/分数/GPR/培养边界尚未写入本行；需查异株/同源实验且不得移作本株验证。	NCBI protein https://www.ncbi.nlm.nih.gov/protein/WP_012606936.1; UniProt search https://www.uniprot.org/uniprotkb?query=WP_012606936.1; InterPro https://www.ebi.ac.uk/interpro/search/sequence/WP_012606936.1; KEGG gene https://www.genome.jp/dbget-bin/www_bget?afr:06075; D3 local snapshot D3-1-R_全基因跨数据库交叉引用.tsv; B1 local snapshot 旧新基因映射.tsv; 2016 source mmc1.xls/mmc3.xml local	部分完成：身份及本地数据库交叉引用已合并；直接论文/逐蛋白域与2016补表字段核对未完成
1143	RU820_RS06080	WP_012606582.1	NZ_CP136162.1:1114352-1115578(-)	IS110-like element ISAfe3 family transposase	RefSeq protein_id exact; WP_012606582.1 对应 ISAfe3 多拷贝，8个AFE候选不可唯一指派；不得选定单号; AFE_0550;AFE_1110;AFE_1142;AFE_1265;AFE_2432;AFE_2709;AFE_2972;AFE_3263	未取得本轮逐蛋白 UniProt/InterPro/Pfam 命中及人工审校状态；NCBI product/KEGG 注释仅为自动或交叉引用线索。	K07486 /  / 	KEGG K07486（转座酶）；无EC、精确反应、Rhea/BioCyc/BRENDA reaction；AFE基因映射为8候选多重映射。; TCDB未逐项检索（仅当转运蛋白适用）		未见该基因/蛋白对应的ATCC 23270或DSM 14882原始功能实验；未取得基因专属论文DOI。数据库注释不作湿实验。	未定义；没有可核实的精确反应式、辅因子、方向、区室或膜侧，不评分。	未完成逐行mmc1.xls原表核对；不得据此作已表示/缺失结论。	D3线索 Gene reaction=; 歧义候选=PGDH; 原补表具体字段未核录。	不评分；未定义精确反应，本轮反应分数为空。	无代谢反应；保留历史编号歧义，需定位重复转座子拷贝；不新增模型反应	RefSeq为自动注释；B1/D3提供历史映射与数据库筛查线索，不构成本株实验验证。当前没有基因专属实验事实支持确定酶反应。	待逐基因核验蛋白序列域/位点、数据库原始记录和论文；2016补表Reaction ID/公式/分数/GPR/培养边界尚未写入本行；需查异株/同源实验且不得移作本株验证。 D3记载2016 GPR歧义候选=PGDH，当前AFE映射不足以据此指派。	NCBI protein https://www.ncbi.nlm.nih.gov/protein/WP_012606582.1; UniProt search https://www.uniprot.org/uniprotkb?query=WP_012606582.1; InterPro https://www.ebi.ac.uk/interpro/search/sequence/WP_012606582.1; KEGG gene https://www.genome.jp/dbget-bin/www_bget?afr:06080; D3 local snapshot D3-1-R_全基因跨数据库交叉引用.tsv; B1 local snapshot 旧新基因映射.tsv; 2016 source mmc1.xls/mmc3.xml local	部分完成：身份及本地数据库交叉引用已合并；直接论文/逐蛋白域与2016补表字段核对未完成
1144	RU820_RS06085	WP_012606937.1	NZ_CP136162.1:1115720-1117837(-)	NACHT domain-containing protein	RefSeq protein_id exact; 完全匹配; AFE_1266	未取得本轮逐蛋白 UniProt/InterPro/Pfam 命中及人工审校状态；NCBI product/KEGG 注释仅为自动或交叉引用线索。	 /  / 	未见 D3 本地交叉引用表中 KEGG KO/EC/反应、BioCyc反应、Rhea精确引用或BRENDA EC；MetaCyc记录标注未独立获取。; TCDB未逐项检索（仅当转运蛋白适用）		未见该基因/蛋白对应的ATCC 23270或DSM 14882原始功能实验；未取得基因专属论文DOI。数据库注释不作湿实验。	未定义；没有可核实的精确反应式、辅因子、方向、区室或膜侧，不评分。	未完成逐行mmc1.xls原表核对；不得据此作已表示/缺失结论。	D3 未列直接GPR；仍需mmc1原表核对; 原补表具体字段未核录。	不评分；未定义精确反应，本轮反应分数为空。	未发现精确反应证据；证据不足暂缓，不新增反应	RefSeq为自动注释；B1/D3提供历史映射与数据库筛查线索，不构成本株实验验证。当前没有基因专属实验事实支持确定酶反应。	待逐基因核验蛋白序列域/位点、数据库原始记录和论文；2016补表Reaction ID/公式/分数/GPR/培养边界尚未写入本行；需查异株/同源实验且不得移作本株验证。	NCBI protein https://www.ncbi.nlm.nih.gov/protein/WP_012606937.1; UniProt search https://www.uniprot.org/uniprotkb?query=WP_012606937.1; InterPro https://www.ebi.ac.uk/interpro/search/sequence/WP_012606937.1; KEGG gene https://www.genome.jp/dbget-bin/www_bget?afr:06085; D3 local snapshot D3-1-R_全基因跨数据库交叉引用.tsv; B1 local snapshot 旧新基因映射.tsv; 2016 source mmc1.xls/mmc3.xml local	部分完成：身份及本地数据库交叉引用已合并；直接论文/逐蛋白域与2016补表字段核对未完成
1145	RU820_RS06090	WP_148208613.1	NZ_CP136162.1:1118152-1118625(+)	hypothetical protein	RefSeq protein_id exact; 完全匹配; AFE_1269	未取得本轮逐蛋白 UniProt/InterPro/Pfam 命中；当前 NCBI 仅注为 hypothetical protein。	 /  / 	未见 D3 本地交叉引用表中 KEGG KO/EC/反应、BioCyc反应、Rhea精确引用或BRENDA EC；MetaCyc记录标注未独立获取。; TCDB未逐项检索（仅当转运蛋白适用）		未见该基因/蛋白对应的ATCC 23270或DSM 14882原始功能实验；未取得基因专属论文DOI。数据库注释不作湿实验。	未定义；没有可核实的精确反应式、辅因子、方向、区室或膜侧，不评分。	未完成逐行mmc1.xls原表核对；不得据此作已表示/缺失结论。	D3 未列直接GPR；仍需mmc1原表核对; 原补表具体字段未核录。	不评分；未定义精确反应，本轮反应分数为空。	未发现精确反应证据；证据不足暂缓，不新增反应	RefSeq为自动注释；B1/D3提供历史映射与数据库筛查线索，不构成本株实验验证。当前没有基因专属实验事实支持确定酶反应。	待逐基因核验蛋白序列域/位点、数据库原始记录和论文；2016补表Reaction ID/公式/分数/GPR/培养边界尚未写入本行；需查异株/同源实验且不得移作本株验证。	NCBI protein https://www.ncbi.nlm.nih.gov/protein/WP_148208613.1; UniProt search https://www.uniprot.org/uniprotkb?query=WP_148208613.1; InterPro https://www.ebi.ac.uk/interpro/search/sequence/WP_148208613.1; KEGG gene https://www.genome.jp/dbget-bin/www_bget?afr:06090; D3 local snapshot D3-1-R_全基因跨数据库交叉引用.tsv; B1 local snapshot 旧新基因映射.tsv; 2016 source mmc1.xls/mmc3.xml local	部分完成：身份及本地数据库交叉引用已合并；直接论文/逐蛋白域与2016补表字段核对未完成
1146	RU820_RS06095	WP_012606941.1	NZ_CP136162.1:1118840-1119475(+)	ERF family protein	RefSeq protein_id exact; 完全匹配; AFE_1270	未取得本轮逐蛋白 UniProt/InterPro/Pfam 命中及人工审校状态；NCBI product/KEGG 注释仅为自动或交叉引用线索。	 /  / 	未见 D3 本地交叉引用表中 KEGG KO/EC/反应、BioCyc反应、Rhea精确引用或BRENDA EC；MetaCyc记录标注未独立获取。; TCDB未逐项检索（仅当转运蛋白适用）		未见该基因/蛋白对应的ATCC 23270或DSM 14882原始功能实验；未取得基因专属论文DOI。数据库注释不作湿实验。	未定义；没有可核实的精确反应式、辅因子、方向、区室或膜侧，不评分。	未完成逐行mmc1.xls原表核对；不得据此作已表示/缺失结论。	D3 未列直接GPR；仍需mmc1原表核对; 原补表具体字段未核录。	不评分；未定义精确反应，本轮反应分数为空。	未发现精确反应证据；证据不足暂缓，不新增反应	RefSeq为自动注释；B1/D3提供历史映射与数据库筛查线索，不构成本株实验验证。当前没有基因专属实验事实支持确定酶反应。	待逐基因核验蛋白序列域/位点、数据库原始记录和论文；2016补表Reaction ID/公式/分数/GPR/培养边界尚未写入本行；需查异株/同源实验且不得移作本株验证。	NCBI protein https://www.ncbi.nlm.nih.gov/protein/WP_012606941.1; UniProt search https://www.uniprot.org/uniprotkb?query=WP_012606941.1; InterPro https://www.ebi.ac.uk/interpro/search/sequence/WP_012606941.1; KEGG gene https://www.genome.jp/dbget-bin/www_bget?afr:06095; D3 local snapshot D3-1-R_全基因跨数据库交叉引用.tsv; B1 local snapshot 旧新基因映射.tsv; 2016 source mmc1.xls/mmc3.xml local	部分完成：身份及本地数据库交叉引用已合并；直接论文/逐蛋白域与2016补表字段核对未完成
1147	RU820_RS06100	WP_012606942.1	NZ_CP136162.1:1119665-1119919(+)	hypothetical protein	RefSeq protein_id exact; 完全匹配; AFE_1271	未取得本轮逐蛋白 UniProt/InterPro/Pfam 命中；当前 NCBI 仅注为 hypothetical protein。	 /  / 	未见 D3 本地交叉引用表中 KEGG KO/EC/反应、BioCyc反应、Rhea精确引用或BRENDA EC；MetaCyc记录标注未独立获取。; TCDB未逐项检索（仅当转运蛋白适用）		未见该基因/蛋白对应的ATCC 23270或DSM 14882原始功能实验；未取得基因专属论文DOI。数据库注释不作湿实验。	未定义；没有可核实的精确反应式、辅因子、方向、区室或膜侧，不评分。	未完成逐行mmc1.xls原表核对；不得据此作已表示/缺失结论。	D3 未列直接GPR；仍需mmc1原表核对; 原补表具体字段未核录。	不评分；未定义精确反应，本轮反应分数为空。	未发现精确反应证据；证据不足暂缓，不新增反应	RefSeq为自动注释；B1/D3提供历史映射与数据库筛查线索，不构成本株实验验证。当前没有基因专属实验事实支持确定酶反应。	待逐基因核验蛋白序列域/位点、数据库原始记录和论文；2016补表Reaction ID/公式/分数/GPR/培养边界尚未写入本行；需查异株/同源实验且不得移作本株验证。	NCBI protein https://www.ncbi.nlm.nih.gov/protein/WP_012606942.1; UniProt search https://www.uniprot.org/uniprotkb?query=WP_012606942.1; InterPro https://www.ebi.ac.uk/interpro/search/sequence/WP_012606942.1; KEGG gene https://www.genome.jp/dbget-bin/www_bget?afr:06100; D3 local snapshot D3-1-R_全基因跨数据库交叉引用.tsv; B1 local snapshot 旧新基因映射.tsv; 2016 source mmc1.xls/mmc3.xml local	部分完成：身份及本地数据库交叉引用已合并；直接论文/逐蛋白域与2016补表字段核对未完成
1148	RU820_RS06105	WP_012606943.1	NZ_CP136162.1:1119930-1120325(+)	hypothetical protein	RefSeq protein_id exact; 完全匹配; AFE_1272	未取得本轮逐蛋白 UniProt/InterPro/Pfam 命中；当前 NCBI 仅注为 hypothetical protein。	 /  / 	未见 D3 本地交叉引用表中 KEGG KO/EC/反应、BioCyc反应、Rhea精确引用或BRENDA EC；MetaCyc记录标注未独立获取。; TCDB未逐项检索（仅当转运蛋白适用）		未见该基因/蛋白对应的ATCC 23270或DSM 14882原始功能实验；未取得基因专属论文DOI。数据库注释不作湿实验。	未定义；没有可核实的精确反应式、辅因子、方向、区室或膜侧，不评分。	未完成逐行mmc1.xls原表核对；不得据此作已表示/缺失结论。	D3 未列直接GPR；仍需mmc1原表核对; 原补表具体字段未核录。	不评分；未定义精确反应，本轮反应分数为空。	未发现精确反应证据；证据不足暂缓，不新增反应	RefSeq为自动注释；B1/D3提供历史映射与数据库筛查线索，不构成本株实验验证。当前没有基因专属实验事实支持确定酶反应。	待逐基因核验蛋白序列域/位点、数据库原始记录和论文；2016补表Reaction ID/公式/分数/GPR/培养边界尚未写入本行；需查异株/同源实验且不得移作本株验证。	NCBI protein https://www.ncbi.nlm.nih.gov/protein/WP_012606943.1; UniProt search https://www.uniprot.org/uniprotkb?query=WP_012606943.1; InterPro https://www.ebi.ac.uk/interpro/search/sequence/WP_012606943.1; KEGG gene https://www.genome.jp/dbget-bin/www_bget?afr:06105; D3 local snapshot D3-1-R_全基因跨数据库交叉引用.tsv; B1 local snapshot 旧新基因映射.tsv; 2016 source mmc1.xls/mmc3.xml local	部分完成：身份及本地数据库交叉引用已合并；直接论文/逐蛋白域与2016补表字段核对未完成
1149	RU820_RS06110	WP_012606944.1	NZ_CP136162.1:1120540-1121022(+)	hypothetical protein	RefSeq protein_id exact; 完全匹配; AFE_1273	未取得本轮逐蛋白 UniProt/InterPro/Pfam 命中；当前 NCBI 仅注为 hypothetical protein。	 /  / 	未见 D3 本地交叉引用表中 KEGG KO/EC/反应、BioCyc反应、Rhea精确引用或BRENDA EC；MetaCyc记录标注未独立获取。; TCDB未逐项检索（仅当转运蛋白适用）		未见该基因/蛋白对应的ATCC 23270或DSM 14882原始功能实验；未取得基因专属论文DOI。数据库注释不作湿实验。	未定义；没有可核实的精确反应式、辅因子、方向、区室或膜侧，不评分。	未完成逐行mmc1.xls原表核对；不得据此作已表示/缺失结论。	D3 未列直接GPR；仍需mmc1原表核对; 原补表具体字段未核录。	不评分；未定义精确反应，本轮反应分数为空。	未发现精确反应证据；证据不足暂缓，不新增反应	RefSeq为自动注释；B1/D3提供历史映射与数据库筛查线索，不构成本株实验验证。当前没有基因专属实验事实支持确定酶反应。	待逐基因核验蛋白序列域/位点、数据库原始记录和论文；2016补表Reaction ID/公式/分数/GPR/培养边界尚未写入本行；需查异株/同源实验且不得移作本株验证。	NCBI protein https://www.ncbi.nlm.nih.gov/protein/WP_012606944.1; UniProt search https://www.uniprot.org/uniprotkb?query=WP_012606944.1; InterPro https://www.ebi.ac.uk/interpro/search/sequence/WP_012606944.1; KEGG gene https://www.genome.jp/dbget-bin/www_bget?afr:06110; D3 local snapshot D3-1-R_全基因跨数据库交叉引用.tsv; B1 local snapshot 旧新基因映射.tsv; 2016 source mmc1.xls/mmc3.xml local	部分完成：身份及本地数据库交叉引用已合并；直接论文/逐蛋白域与2016补表字段核对未完成
1150	RU820_RS06115	WP_041645725.1	NZ_CP136162.1:1121221-1121433(+)	hypothetical protein	未映射; 未确认	未取得本轮逐蛋白 UniProt/InterPro/Pfam 命中；当前 NCBI 仅注为 hypothetical protein。	 /  / 	未见 D3 本地交叉引用表中 KEGG KO/EC/反应、BioCyc反应、Rhea精确引用或BRENDA EC；MetaCyc记录标注未独立获取。; TCDB未逐项检索（仅当转运蛋白适用）		未见该基因/蛋白对应的ATCC 23270或DSM 14882原始功能实验；未取得基因专属论文DOI。数据库注释不作湿实验。	未定义；没有可核实的精确反应式、辅因子、方向、区室或膜侧，不评分。	未完成逐行mmc1.xls原表核对；不得据此作已表示/缺失结论。	D3 未列直接GPR；仍需mmc1原表核对; 原补表具体字段未核录。	不评分；未定义精确反应，本轮反应分数为空。	未发现精确反应证据；证据不足暂缓，不新增反应	RefSeq为自动注释；B1/D3提供历史映射与数据库筛查线索，不构成本株实验验证。当前没有基因专属实验事实支持确定酶反应。	待逐基因核验蛋白序列域/位点、数据库原始记录和论文；2016补表Reaction ID/公式/分数/GPR/培养边界尚未写入本行；需查异株/同源实验且不得移作本株验证。	NCBI protein https://www.ncbi.nlm.nih.gov/protein/WP_041645725.1; UniProt search https://www.uniprot.org/uniprotkb?query=WP_041645725.1; InterPro https://www.ebi.ac.uk/interpro/search/sequence/WP_041645725.1; KEGG gene https://www.genome.jp/dbget-bin/www_bget?afr:06115; D3 local snapshot D3-1-R_全基因跨数据库交叉引用.tsv; B1 local snapshot 旧新基因映射.tsv; 2016 source mmc1.xls/mmc3.xml local	部分完成：身份及本地数据库交叉引用已合并；直接论文/逐蛋白域与2016补表字段核对未完成
1151	RU820_RS06120	WP_012606946.1	NZ_CP136162.1:1121430-1122341(+)	DUF3150 domain-containing protein	RefSeq protein_id exact; 完全匹配; AFE_1275	未取得本轮逐蛋白 UniProt/InterPro/Pfam 命中及人工审校状态；NCBI product/KEGG 注释仅为自动或交叉引用线索。	 /  / 	未见 D3 本地交叉引用表中 KEGG KO/EC/反应、BioCyc反应、Rhea精确引用或BRENDA EC；MetaCyc记录标注未独立获取。; TCDB未逐项检索（仅当转运蛋白适用）		未见该基因/蛋白对应的ATCC 23270或DSM 14882原始功能实验；未取得基因专属论文DOI。数据库注释不作湿实验。	未定义；没有可核实的精确反应式、辅因子、方向、区室或膜侧，不评分。	未完成逐行mmc1.xls原表核对；不得据此作已表示/缺失结论。	D3 未列直接GPR；仍需mmc1原表核对; 原补表具体字段未核录。	不评分；未定义精确反应，本轮反应分数为空。	未发现精确反应证据；证据不足暂缓，不新增反应	RefSeq为自动注释；B1/D3提供历史映射与数据库筛查线索，不构成本株实验验证。当前没有基因专属实验事实支持确定酶反应。	待逐基因核验蛋白序列域/位点、数据库原始记录和论文；2016补表Reaction ID/公式/分数/GPR/培养边界尚未写入本行；需查异株/同源实验且不得移作本株验证。	NCBI protein https://www.ncbi.nlm.nih.gov/protein/WP_012606946.1; UniProt search https://www.uniprot.org/uniprotkb?query=WP_012606946.1; InterPro https://www.ebi.ac.uk/interpro/search/sequence/WP_012606946.1; KEGG gene https://www.genome.jp/dbget-bin/www_bget?afr:06120; D3 local snapshot D3-1-R_全基因跨数据库交叉引用.tsv; B1 local snapshot 旧新基因映射.tsv; 2016 source mmc1.xls/mmc3.xml local	部分完成：身份及本地数据库交叉引用已合并；直接论文/逐蛋白域与2016补表字段核对未完成
1152	RU820_RS06125	WP_012606947.1	NZ_CP136162.1:1122457-1122747(+)	hypothetical protein	RefSeq protein_id exact; 完全匹配; AFE_1276	未取得本轮逐蛋白 UniProt/InterPro/Pfam 命中；当前 NCBI 仅注为 hypothetical protein。	 /  / 	未见 D3 本地交叉引用表中 KEGG KO/EC/反应、BioCyc反应、Rhea精确引用或BRENDA EC；MetaCyc记录标注未独立获取。; TCDB未逐项检索（仅当转运蛋白适用）		未见该基因/蛋白对应的ATCC 23270或DSM 14882原始功能实验；未取得基因专属论文DOI。数据库注释不作湿实验。	未定义；没有可核实的精确反应式、辅因子、方向、区室或膜侧，不评分。	未完成逐行mmc1.xls原表核对；不得据此作已表示/缺失结论。	D3 未列直接GPR；仍需mmc1原表核对; 原补表具体字段未核录。	不评分；未定义精确反应，本轮反应分数为空。	未发现精确反应证据；证据不足暂缓，不新增反应	RefSeq为自动注释；B1/D3提供历史映射与数据库筛查线索，不构成本株实验验证。当前没有基因专属实验事实支持确定酶反应。	待逐基因核验蛋白序列域/位点、数据库原始记录和论文；2016补表Reaction ID/公式/分数/GPR/培养边界尚未写入本行；需查异株/同源实验且不得移作本株验证。	NCBI protein https://www.ncbi.nlm.nih.gov/protein/WP_012606947.1; UniProt search https://www.uniprot.org/uniprotkb?query=WP_012606947.1; InterPro https://www.ebi.ac.uk/interpro/search/sequence/WP_012606947.1; KEGG gene https://www.genome.jp/dbget-bin/www_bget?afr:06125; D3 local snapshot D3-1-R_全基因跨数据库交叉引用.tsv; B1 local snapshot 旧新基因映射.tsv; 2016 source mmc1.xls/mmc3.xml local	部分完成：身份及本地数据库交叉引用已合并；直接论文/逐蛋白域与2016补表字段核对未完成
1153	RU820_RS06130	WP_012606948.1	NZ_CP136162.1:1122882-1123328(+)	hypothetical protein	RefSeq protein_id exact; 完全匹配; AFE_1277	未取得本轮逐蛋白 UniProt/InterPro/Pfam 命中；当前 NCBI 仅注为 hypothetical protein。	 /  / 	未见 D3 本地交叉引用表中 KEGG KO/EC/反应、BioCyc反应、Rhea精确引用或BRENDA EC；MetaCyc记录标注未独立获取。; TCDB未逐项检索（仅当转运蛋白适用）		未见该基因/蛋白对应的ATCC 23270或DSM 14882原始功能实验；未取得基因专属论文DOI。数据库注释不作湿实验。	未定义；没有可核实的精确反应式、辅因子、方向、区室或膜侧，不评分。	未完成逐行mmc1.xls原表核对；不得据此作已表示/缺失结论。	D3 未列直接GPR；仍需mmc1原表核对; 原补表具体字段未核录。	不评分；未定义精确反应，本轮反应分数为空。	未发现精确反应证据；证据不足暂缓，不新增反应	RefSeq为自动注释；B1/D3提供历史映射与数据库筛查线索，不构成本株实验验证。当前没有基因专属实验事实支持确定酶反应。	待逐基因核验蛋白序列域/位点、数据库原始记录和论文；2016补表Reaction ID/公式/分数/GPR/培养边界尚未写入本行；需查异株/同源实验且不得移作本株验证。	NCBI protein https://www.ncbi.nlm.nih.gov/protein/WP_012606948.1; UniProt search https://www.uniprot.org/uniprotkb?query=WP_012606948.1; InterPro https://www.ebi.ac.uk/interpro/search/sequence/WP_012606948.1; KEGG gene https://www.genome.jp/dbget-bin/www_bget?afr:06130; D3 local snapshot D3-1-R_全基因跨数据库交叉引用.tsv; B1 local snapshot 旧新基因映射.tsv; 2016 source mmc1.xls/mmc3.xml local	部分完成：身份及本地数据库交叉引用已合并；直接论文/逐蛋白域与2016补表字段核对未完成
1154	RU820_RS06135	WP_012606949.1	NZ_CP136162.1:1123339-1123782(+)	hypothetical protein	RefSeq protein_id exact; 完全匹配; AFE_1278	未取得本轮逐蛋白 UniProt/InterPro/Pfam 命中；当前 NCBI 仅注为 hypothetical protein。	 /  / 	未见 D3 本地交叉引用表中 KEGG KO/EC/反应、BioCyc反应、Rhea精确引用或BRENDA EC；MetaCyc记录标注未独立获取。; TCDB未逐项检索（仅当转运蛋白适用）		未见该基因/蛋白对应的ATCC 23270或DSM 14882原始功能实验；未取得基因专属论文DOI。数据库注释不作湿实验。	未定义；没有可核实的精确反应式、辅因子、方向、区室或膜侧，不评分。	未完成逐行mmc1.xls原表核对；不得据此作已表示/缺失结论。	D3 未列直接GPR；仍需mmc1原表核对; 原补表具体字段未核录。	不评分；未定义精确反应，本轮反应分数为空。	未发现精确反应证据；证据不足暂缓，不新增反应	RefSeq为自动注释；B1/D3提供历史映射与数据库筛查线索，不构成本株实验验证。当前没有基因专属实验事实支持确定酶反应。	待逐基因核验蛋白序列域/位点、数据库原始记录和论文；2016补表Reaction ID/公式/分数/GPR/培养边界尚未写入本行；需查异株/同源实验且不得移作本株验证。	NCBI protein https://www.ncbi.nlm.nih.gov/protein/WP_012606949.1; UniProt search https://www.uniprot.org/uniprotkb?query=WP_012606949.1; InterPro https://www.ebi.ac.uk/interpro/search/sequence/WP_012606949.1; KEGG gene https://www.genome.jp/dbget-bin/www_bget?afr:06135; D3 local snapshot D3-1-R_全基因跨数据库交叉引用.tsv; B1 local snapshot 旧新基因映射.tsv; 2016 source mmc1.xls/mmc3.xml local	部分完成：身份及本地数据库交叉引用已合并；直接论文/逐蛋白域与2016补表字段核对未完成
1155	RU820_RS06140	WP_012606950.1	NZ_CP136162.1:1123794-1124252(+)	hypothetical protein	RefSeq protein_id exact; 完全匹配; AFE_1279	未取得本轮逐蛋白 UniProt/InterPro/Pfam 命中；当前 NCBI 仅注为 hypothetical protein。	 /  / 	未见 D3 本地交叉引用表中 KEGG KO/EC/反应、BioCyc反应、Rhea精确引用或BRENDA EC；MetaCyc记录标注未独立获取。; TCDB未逐项检索（仅当转运蛋白适用）		未见该基因/蛋白对应的ATCC 23270或DSM 14882原始功能实验；未取得基因专属论文DOI。数据库注释不作湿实验。	未定义；没有可核实的精确反应式、辅因子、方向、区室或膜侧，不评分。	未完成逐行mmc1.xls原表核对；不得据此作已表示/缺失结论。	D3 未列直接GPR；仍需mmc1原表核对; 原补表具体字段未核录。	不评分；未定义精确反应，本轮反应分数为空。	未发现精确反应证据；证据不足暂缓，不新增反应	RefSeq为自动注释；B1/D3提供历史映射与数据库筛查线索，不构成本株实验验证。当前没有基因专属实验事实支持确定酶反应。	待逐基因核验蛋白序列域/位点、数据库原始记录和论文；2016补表Reaction ID/公式/分数/GPR/培养边界尚未写入本行；需查异株/同源实验且不得移作本株验证。	NCBI protein https://www.ncbi.nlm.nih.gov/protein/WP_012606950.1; UniProt search https://www.uniprot.org/uniprotkb?query=WP_012606950.1; InterPro https://www.ebi.ac.uk/interpro/search/sequence/WP_012606950.1; KEGG gene https://www.genome.jp/dbget-bin/www_bget?afr:06140; D3 local snapshot D3-1-R_全基因跨数据库交叉引用.tsv; B1 local snapshot 旧新基因映射.tsv; 2016 source mmc1.xls/mmc3.xml local	部分完成：身份及本地数据库交叉引用已合并；直接论文/逐蛋白域与2016补表字段核对未完成
1156	RU820_RS06145	WP_041645736.1	NZ_CP136162.1:1124379-1124723(+)	hypothetical protein	未映射; 未确认	未取得本轮逐蛋白 UniProt/InterPro/Pfam 命中；当前 NCBI 仅注为 hypothetical protein。	 /  / 	未见 D3 本地交叉引用表中 KEGG KO/EC/反应、BioCyc反应、Rhea精确引用或BRENDA EC；MetaCyc记录标注未独立获取。; TCDB未逐项检索（仅当转运蛋白适用）		未见该基因/蛋白对应的ATCC 23270或DSM 14882原始功能实验；未取得基因专属论文DOI。数据库注释不作湿实验。	未定义；没有可核实的精确反应式、辅因子、方向、区室或膜侧，不评分。	未完成逐行mmc1.xls原表核对；不得据此作已表示/缺失结论。	D3 未列直接GPR；仍需mmc1原表核对; 原补表具体字段未核录。	不评分；未定义精确反应，本轮反应分数为空。	未发现精确反应证据；证据不足暂缓，不新增反应	RefSeq为自动注释；B1/D3提供历史映射与数据库筛查线索，不构成本株实验验证。当前没有基因专属实验事实支持确定酶反应。	待逐基因核验蛋白序列域/位点、数据库原始记录和论文；2016补表Reaction ID/公式/分数/GPR/培养边界尚未写入本行；需查异株/同源实验且不得移作本株验证。	NCBI protein https://www.ncbi.nlm.nih.gov/protein/WP_041645736.1; UniProt search https://www.uniprot.org/uniprotkb?query=WP_041645736.1; InterPro https://www.ebi.ac.uk/interpro/search/sequence/WP_041645736.1; KEGG gene https://www.genome.jp/dbget-bin/www_bget?afr:06145; D3 local snapshot D3-1-R_全基因跨数据库交叉引用.tsv; B1 local snapshot 旧新基因映射.tsv; 2016 source mmc1.xls/mmc3.xml local	部分完成：身份及本地数据库交叉引用已合并；直接论文/逐蛋白域与2016补表字段核对未完成
1157	RU820_RS06150	WP_041645740.1	NZ_CP136162.1:1124733-1124972(+)	hypothetical protein	RefSeq protein_id exact; 完全匹配; AFE_1281	未取得本轮逐蛋白 UniProt/InterPro/Pfam 命中；当前 NCBI 仅注为 hypothetical protein。	 /  / 	未见 D3 本地交叉引用表中 KEGG KO/EC/反应、BioCyc反应、Rhea精确引用或BRENDA EC；MetaCyc记录标注未独立获取。; TCDB未逐项检索（仅当转运蛋白适用）		未见该基因/蛋白对应的ATCC 23270或DSM 14882原始功能实验；未取得基因专属论文DOI。数据库注释不作湿实验。	未定义；没有可核实的精确反应式、辅因子、方向、区室或膜侧，不评分。	未完成逐行mmc1.xls原表核对；不得据此作已表示/缺失结论。	D3 未列直接GPR；仍需mmc1原表核对; 原补表具体字段未核录。	不评分；未定义精确反应，本轮反应分数为空。	未发现精确反应证据；证据不足暂缓，不新增反应	RefSeq为自动注释；B1/D3提供历史映射与数据库筛查线索，不构成本株实验验证。当前没有基因专属实验事实支持确定酶反应。	待逐基因核验蛋白序列域/位点、数据库原始记录和论文；2016补表Reaction ID/公式/分数/GPR/培养边界尚未写入本行；需查异株/同源实验且不得移作本株验证。	NCBI protein https://www.ncbi.nlm.nih.gov/protein/WP_041645740.1; UniProt search https://www.uniprot.org/uniprotkb?query=WP_041645740.1; InterPro https://www.ebi.ac.uk/interpro/search/sequence/WP_041645740.1; KEGG gene https://www.genome.jp/dbget-bin/www_bget?afr:06150; D3 local snapshot D3-1-R_全基因跨数据库交叉引用.tsv; B1 local snapshot 旧新基因映射.tsv; 2016 source mmc1.xls/mmc3.xml local	部分完成：身份及本地数据库交叉引用已合并；直接论文/逐蛋白域与2016补表字段核对未完成
1158	RU820_RS06155	WP_012606953.1	NZ_CP136162.1:1125232-1125717(+)	hypothetical protein	RefSeq protein_id exact; 完全匹配; AFE_1282	未取得本轮逐蛋白 UniProt/InterPro/Pfam 命中；当前 NCBI 仅注为 hypothetical protein。	 /  / 	未见 D3 本地交叉引用表中 KEGG KO/EC/反应、BioCyc反应、Rhea精确引用或BRENDA EC；MetaCyc记录标注未独立获取。; TCDB未逐项检索（仅当转运蛋白适用）		未见该基因/蛋白对应的ATCC 23270或DSM 14882原始功能实验；未取得基因专属论文DOI。数据库注释不作湿实验。	未定义；没有可核实的精确反应式、辅因子、方向、区室或膜侧，不评分。	未完成逐行mmc1.xls原表核对；不得据此作已表示/缺失结论。	D3 未列直接GPR；仍需mmc1原表核对; 原补表具体字段未核录。	不评分；未定义精确反应，本轮反应分数为空。	未发现精确反应证据；证据不足暂缓，不新增反应	RefSeq为自动注释；B1/D3提供历史映射与数据库筛查线索，不构成本株实验验证。当前没有基因专属实验事实支持确定酶反应。	待逐基因核验蛋白序列域/位点、数据库原始记录和论文；2016补表Reaction ID/公式/分数/GPR/培养边界尚未写入本行；需查异株/同源实验且不得移作本株验证。	NCBI protein https://www.ncbi.nlm.nih.gov/protein/WP_012606953.1; UniProt search https://www.uniprot.org/uniprotkb?query=WP_012606953.1; InterPro https://www.ebi.ac.uk/interpro/search/sequence/WP_012606953.1; KEGG gene https://www.genome.jp/dbget-bin/www_bget?afr:06155; D3 local snapshot D3-1-R_全基因跨数据库交叉引用.tsv; B1 local snapshot 旧新基因映射.tsv; 2016 source mmc1.xls/mmc3.xml local	部分完成：身份及本地数据库交叉引用已合并；直接论文/逐蛋白域与2016补表字段核对未完成
1159	RU820_RS06160	WP_012606954.1	NZ_CP136162.1:1125840-1126649(+)	DUF4942 domain-containing protein	RefSeq protein_id exact; 完全匹配; AFE_1283	未取得本轮逐蛋白 UniProt/InterPro/Pfam 命中及人工审校状态；NCBI product/KEGG 注释仅为自动或交叉引用线索。	 /  / 	未见 D3 本地交叉引用表中 KEGG KO/EC/反应、BioCyc反应、Rhea精确引用或BRENDA EC；MetaCyc记录标注未独立获取。; TCDB未逐项检索（仅当转运蛋白适用）		未见该基因/蛋白对应的ATCC 23270或DSM 14882原始功能实验；未取得基因专属论文DOI。数据库注释不作湿实验。	未定义；没有可核实的精确反应式、辅因子、方向、区室或膜侧，不评分。	未完成逐行mmc1.xls原表核对；不得据此作已表示/缺失结论。	D3 未列直接GPR；仍需mmc1原表核对; 原补表具体字段未核录。	不评分；未定义精确反应，本轮反应分数为空。	未发现精确反应证据；证据不足暂缓，不新增反应	RefSeq为自动注释；B1/D3提供历史映射与数据库筛查线索，不构成本株实验验证。当前没有基因专属实验事实支持确定酶反应。	待逐基因核验蛋白序列域/位点、数据库原始记录和论文；2016补表Reaction ID/公式/分数/GPR/培养边界尚未写入本行；需查异株/同源实验且不得移作本株验证。	NCBI protein https://www.ncbi.nlm.nih.gov/protein/WP_012606954.1; UniProt search https://www.uniprot.org/uniprotkb?query=WP_012606954.1; InterPro https://www.ebi.ac.uk/interpro/search/sequence/WP_012606954.1; KEGG gene https://www.genome.jp/dbget-bin/www_bget?afr:06160; D3 local snapshot D3-1-R_全基因跨数据库交叉引用.tsv; B1 local snapshot 旧新基因映射.tsv; 2016 source mmc1.xls/mmc3.xml local	部分完成：身份及本地数据库交叉引用已合并；直接论文/逐蛋白域与2016补表字段核对未完成
1160	RU820_RS06165	WP_012606955.1	NZ_CP136162.1:1126652-1127098(+)	hypothetical protein	RefSeq protein_id exact; 完全匹配; AFE_1284	未取得本轮逐蛋白 UniProt/InterPro/Pfam 命中；当前 NCBI 仅注为 hypothetical protein。	 /  / 	未见 D3 本地交叉引用表中 KEGG KO/EC/反应、BioCyc反应、Rhea精确引用或BRENDA EC；MetaCyc记录标注未独立获取。; TCDB未逐项检索（仅当转运蛋白适用）		未见该基因/蛋白对应的ATCC 23270或DSM 14882原始功能实验；未取得基因专属论文DOI。数据库注释不作湿实验。	未定义；没有可核实的精确反应式、辅因子、方向、区室或膜侧，不评分。	未完成逐行mmc1.xls原表核对；不得据此作已表示/缺失结论。	D3 未列直接GPR；仍需mmc1原表核对; 原补表具体字段未核录。	不评分；未定义精确反应，本轮反应分数为空。	未发现精确反应证据；证据不足暂缓，不新增反应	RefSeq为自动注释；B1/D3提供历史映射与数据库筛查线索，不构成本株实验验证。当前没有基因专属实验事实支持确定酶反应。	待逐基因核验蛋白序列域/位点、数据库原始记录和论文；2016补表Reaction ID/公式/分数/GPR/培养边界尚未写入本行；需查异株/同源实验且不得移作本株验证。	NCBI protein https://www.ncbi.nlm.nih.gov/protein/WP_012606955.1; UniProt search https://www.uniprot.org/uniprotkb?query=WP_012606955.1; InterPro https://www.ebi.ac.uk/interpro/search/sequence/WP_012606955.1; KEGG gene https://www.genome.jp/dbget-bin/www_bget?afr:06165; D3 local snapshot D3-1-R_全基因跨数据库交叉引用.tsv; B1 local snapshot 旧新基因映射.tsv; 2016 source mmc1.xls/mmc3.xml local	部分完成：身份及本地数据库交叉引用已合并；直接论文/逐蛋白域与2016补表字段核对未完成
1161	RU820_RS06170	WP_012606956.1	NZ_CP136162.1:1127239-1127559(+)	hypothetical protein	RefSeq protein_id exact; 完全匹配; AFE_1285	未取得本轮逐蛋白 UniProt/InterPro/Pfam 命中；当前 NCBI 仅注为 hypothetical protein。	 /  / 	未见 D3 本地交叉引用表中 KEGG KO/EC/反应、BioCyc反应、Rhea精确引用或BRENDA EC；MetaCyc记录标注未独立获取。; TCDB未逐项检索（仅当转运蛋白适用）		未见该基因/蛋白对应的ATCC 23270或DSM 14882原始功能实验；未取得基因专属论文DOI。数据库注释不作湿实验。	未定义；没有可核实的精确反应式、辅因子、方向、区室或膜侧，不评分。	未完成逐行mmc1.xls原表核对；不得据此作已表示/缺失结论。	D3 未列直接GPR；仍需mmc1原表核对; 原补表具体字段未核录。	不评分；未定义精确反应，本轮反应分数为空。	未发现精确反应证据；证据不足暂缓，不新增反应	RefSeq为自动注释；B1/D3提供历史映射与数据库筛查线索，不构成本株实验验证。当前没有基因专属实验事实支持确定酶反应。	待逐基因核验蛋白序列域/位点、数据库原始记录和论文；2016补表Reaction ID/公式/分数/GPR/培养边界尚未写入本行；需查异株/同源实验且不得移作本株验证。	NCBI protein https://www.ncbi.nlm.nih.gov/protein/WP_012606956.1; UniProt search https://www.uniprot.org/uniprotkb?query=WP_012606956.1; InterPro https://www.ebi.ac.uk/interpro/search/sequence/WP_012606956.1; KEGG gene https://www.genome.jp/dbget-bin/www_bget?afr:06170; D3 local snapshot D3-1-R_全基因跨数据库交叉引用.tsv; B1 local snapshot 旧新基因映射.tsv; 2016 source mmc1.xls/mmc3.xml local	部分完成：身份及本地数据库交叉引用已合并；直接论文/逐蛋白域与2016补表字段核对未完成
1162	RU820_RS06175	WP_049759443.1	NZ_CP136162.1:1127569-1128501(+)	YqaJ viral recombinase family protein	RefSeq protein_id exact; 完全匹配; AFE_1286	未取得本轮逐蛋白 UniProt/InterPro/Pfam 命中及人工审校状态；NCBI product/KEGG 注释仅为自动或交叉引用线索。	 /  / 	未见 D3 本地交叉引用表中 KEGG KO/EC/反应、BioCyc反应、Rhea精确引用或BRENDA EC；MetaCyc记录标注未独立获取。; TCDB未逐项检索（仅当转运蛋白适用）		未见该基因/蛋白对应的ATCC 23270或DSM 14882原始功能实验；未取得基因专属论文DOI。数据库注释不作湿实验。	未定义；没有可核实的精确反应式、辅因子、方向、区室或膜侧，不评分。	未完成逐行mmc1.xls原表核对；不得据此作已表示/缺失结论。	D3 未列直接GPR；仍需mmc1原表核对; 原补表具体字段未核录。	不评分；未定义精确反应，本轮反应分数为空。	未发现精确反应证据；证据不足暂缓，不新增反应	RefSeq为自动注释；B1/D3提供历史映射与数据库筛查线索，不构成本株实验验证。当前没有基因专属实验事实支持确定酶反应。	待逐基因核验蛋白序列域/位点、数据库原始记录和论文；2016补表Reaction ID/公式/分数/GPR/培养边界尚未写入本行；需查异株/同源实验且不得移作本株验证。	NCBI protein https://www.ncbi.nlm.nih.gov/protein/WP_049759443.1; UniProt search https://www.uniprot.org/uniprotkb?query=WP_049759443.1; InterPro https://www.ebi.ac.uk/interpro/search/sequence/WP_049759443.1; KEGG gene https://www.genome.jp/dbget-bin/www_bget?afr:06175; D3 local snapshot D3-1-R_全基因跨数据库交叉引用.tsv; B1 local snapshot 旧新基因映射.tsv; 2016 source mmc1.xls/mmc3.xml local	部分完成：身份及本地数据库交叉引用已合并；直接论文/逐蛋白域与2016补表字段核对未完成
1163	RU820_RS06180	WP_012606958.1	NZ_CP136162.1:1128630-1128869(+)	hypothetical protein	RefSeq protein_id exact; 完全匹配; AFE_1287	未取得本轮逐蛋白 UniProt/InterPro/Pfam 命中；当前 NCBI 仅注为 hypothetical protein。	 /  / 	未见 D3 本地交叉引用表中 KEGG KO/EC/反应、BioCyc反应、Rhea精确引用或BRENDA EC；MetaCyc记录标注未独立获取。; TCDB未逐项检索（仅当转运蛋白适用）		未见该基因/蛋白对应的ATCC 23270或DSM 14882原始功能实验；未取得基因专属论文DOI。数据库注释不作湿实验。	未定义；没有可核实的精确反应式、辅因子、方向、区室或膜侧，不评分。	未完成逐行mmc1.xls原表核对；不得据此作已表示/缺失结论。	D3 未列直接GPR；仍需mmc1原表核对; 原补表具体字段未核录。	不评分；未定义精确反应，本轮反应分数为空。	未发现精确反应证据；证据不足暂缓，不新增反应	RefSeq为自动注释；B1/D3提供历史映射与数据库筛查线索，不构成本株实验验证。当前没有基因专属实验事实支持确定酶反应。	待逐基因核验蛋白序列域/位点、数据库原始记录和论文；2016补表Reaction ID/公式/分数/GPR/培养边界尚未写入本行；需查异株/同源实验且不得移作本株验证。	NCBI protein https://www.ncbi.nlm.nih.gov/protein/WP_012606958.1; UniProt search https://www.uniprot.org/uniprotkb?query=WP_012606958.1; InterPro https://www.ebi.ac.uk/interpro/search/sequence/WP_012606958.1; KEGG gene https://www.genome.jp/dbget-bin/www_bget?afr:06180; D3 local snapshot D3-1-R_全基因跨数据库交叉引用.tsv; B1 local snapshot 旧新基因映射.tsv; 2016 source mmc1.xls/mmc3.xml local	部分完成：身份及本地数据库交叉引用已合并；直接论文/逐蛋白域与2016补表字段核对未完成
1164	RU820_RS06185	WP_012606959.1	NZ_CP136162.1:1128869-1129324(+)	hypothetical protein	RefSeq protein_id exact; 完全匹配; AFE_1288	未取得本轮逐蛋白 UniProt/InterPro/Pfam 命中；当前 NCBI 仅注为 hypothetical protein。	 /  / 	未见 D3 本地交叉引用表中 KEGG KO/EC/反应、BioCyc反应、Rhea精确引用或BRENDA EC；MetaCyc记录标注未独立获取。; TCDB未逐项检索（仅当转运蛋白适用）		未见该基因/蛋白对应的ATCC 23270或DSM 14882原始功能实验；未取得基因专属论文DOI。数据库注释不作湿实验。	未定义；没有可核实的精确反应式、辅因子、方向、区室或膜侧，不评分。	未完成逐行mmc1.xls原表核对；不得据此作已表示/缺失结论。	D3 未列直接GPR；仍需mmc1原表核对; 原补表具体字段未核录。	不评分；未定义精确反应，本轮反应分数为空。	未发现精确反应证据；证据不足暂缓，不新增反应	RefSeq为自动注释；B1/D3提供历史映射与数据库筛查线索，不构成本株实验验证。当前没有基因专属实验事实支持确定酶反应。	待逐基因核验蛋白序列域/位点、数据库原始记录和论文；2016补表Reaction ID/公式/分数/GPR/培养边界尚未写入本行；需查异株/同源实验且不得移作本株验证。	NCBI protein https://www.ncbi.nlm.nih.gov/protein/WP_012606959.1; UniProt search https://www.uniprot.org/uniprotkb?query=WP_012606959.1; InterPro https://www.ebi.ac.uk/interpro/search/sequence/WP_012606959.1; KEGG gene https://www.genome.jp/dbget-bin/www_bget?afr:06185; D3 local snapshot D3-1-R_全基因跨数据库交叉引用.tsv; B1 local snapshot 旧新基因映射.tsv; 2016 source mmc1.xls/mmc3.xml local	部分完成：身份及本地数据库交叉引用已合并；直接论文/逐蛋白域与2016补表字段核对未完成
1165	RU820_RS06190	WP_041645744.1	NZ_CP136162.1:1129454-1129714(+)	hypothetical protein	RefSeq protein_id exact; 完全匹配; AFE_1289	未取得本轮逐蛋白 UniProt/InterPro/Pfam 命中；当前 NCBI 仅注为 hypothetical protein。	 /  / 	未见 D3 本地交叉引用表中 KEGG KO/EC/反应、BioCyc反应、Rhea精确引用或BRENDA EC；MetaCyc记录标注未独立获取。; TCDB未逐项检索（仅当转运蛋白适用）		未见该基因/蛋白对应的ATCC 23270或DSM 14882原始功能实验；未取得基因专属论文DOI。数据库注释不作湿实验。	未定义；没有可核实的精确反应式、辅因子、方向、区室或膜侧，不评分。	未完成逐行mmc1.xls原表核对；不得据此作已表示/缺失结论。	D3 未列直接GPR；仍需mmc1原表核对; 原补表具体字段未核录。	不评分；未定义精确反应，本轮反应分数为空。	未发现精确反应证据；证据不足暂缓，不新增反应	RefSeq为自动注释；B1/D3提供历史映射与数据库筛查线索，不构成本株实验验证。当前没有基因专属实验事实支持确定酶反应。	待逐基因核验蛋白序列域/位点、数据库原始记录和论文；2016补表Reaction ID/公式/分数/GPR/培养边界尚未写入本行；需查异株/同源实验且不得移作本株验证。	NCBI protein https://www.ncbi.nlm.nih.gov/protein/WP_041645744.1; UniProt search https://www.uniprot.org/uniprotkb?query=WP_041645744.1; InterPro https://www.ebi.ac.uk/interpro/search/sequence/WP_041645744.1; KEGG gene https://www.genome.jp/dbget-bin/www_bget?afr:06190; D3 local snapshot D3-1-R_全基因跨数据库交叉引用.tsv; B1 local snapshot 旧新基因映射.tsv; 2016 source mmc1.xls/mmc3.xml local	部分完成：身份及本地数据库交叉引用已合并；直接论文/逐蛋白域与2016补表字段核对未完成
1166	RU820_RS06195	WP_012606961.1	NZ_CP136162.1:1129711-1130148(+)	hypothetical protein	RefSeq protein_id exact; 完全匹配; AFE_1290	未取得本轮逐蛋白 UniProt/InterPro/Pfam 命中；当前 NCBI 仅注为 hypothetical protein。	 /  / 	未见 D3 本地交叉引用表中 KEGG KO/EC/反应、BioCyc反应、Rhea精确引用或BRENDA EC；MetaCyc记录标注未独立获取。; TCDB未逐项检索（仅当转运蛋白适用）		未见该基因/蛋白对应的ATCC 23270或DSM 14882原始功能实验；未取得基因专属论文DOI。数据库注释不作湿实验。	未定义；没有可核实的精确反应式、辅因子、方向、区室或膜侧，不评分。	未完成逐行mmc1.xls原表核对；不得据此作已表示/缺失结论。	D3 未列直接GPR；仍需mmc1原表核对; 原补表具体字段未核录。	不评分；未定义精确反应，本轮反应分数为空。	未发现精确反应证据；证据不足暂缓，不新增反应	RefSeq为自动注释；B1/D3提供历史映射与数据库筛查线索，不构成本株实验验证。当前没有基因专属实验事实支持确定酶反应。	待逐基因核验蛋白序列域/位点、数据库原始记录和论文；2016补表Reaction ID/公式/分数/GPR/培养边界尚未写入本行；需查异株/同源实验且不得移作本株验证。	NCBI protein https://www.ncbi.nlm.nih.gov/protein/WP_012606961.1; UniProt search https://www.uniprot.org/uniprotkb?query=WP_012606961.1; InterPro https://www.ebi.ac.uk/interpro/search/sequence/WP_012606961.1; KEGG gene https://www.genome.jp/dbget-bin/www_bget?afr:06195; D3 local snapshot D3-1-R_全基因跨数据库交叉引用.tsv; B1 local snapshot 旧新基因映射.tsv; 2016 source mmc1.xls/mmc3.xml local	部分完成：身份及本地数据库交叉引用已合并；直接论文/逐蛋白域与2016补表字段核对未完成
1167	RU820_RS06200	WP_012606962.1	NZ_CP136162.1:1130167-1130598(+)	hypothetical protein	RefSeq protein_id exact; 完全匹配; AFE_1291	未取得本轮逐蛋白 UniProt/InterPro/Pfam 命中；当前 NCBI 仅注为 hypothetical protein。	 /  / 	未见 D3 本地交叉引用表中 KEGG KO/EC/反应、BioCyc反应、Rhea精确引用或BRENDA EC；MetaCyc记录标注未独立获取。; TCDB未逐项检索（仅当转运蛋白适用）		未见该基因/蛋白对应的ATCC 23270或DSM 14882原始功能实验；未取得基因专属论文DOI。数据库注释不作湿实验。	未定义；没有可核实的精确反应式、辅因子、方向、区室或膜侧，不评分。	未完成逐行mmc1.xls原表核对；不得据此作已表示/缺失结论。	D3 未列直接GPR；仍需mmc1原表核对; 原补表具体字段未核录。	不评分；未定义精确反应，本轮反应分数为空。	未发现精确反应证据；证据不足暂缓，不新增反应	RefSeq为自动注释；B1/D3提供历史映射与数据库筛查线索，不构成本株实验验证。当前没有基因专属实验事实支持确定酶反应。	待逐基因核验蛋白序列域/位点、数据库原始记录和论文；2016补表Reaction ID/公式/分数/GPR/培养边界尚未写入本行；需查异株/同源实验且不得移作本株验证。	NCBI protein https://www.ncbi.nlm.nih.gov/protein/WP_012606962.1; UniProt search https://www.uniprot.org/uniprotkb?query=WP_012606962.1; InterPro https://www.ebi.ac.uk/interpro/search/sequence/WP_012606962.1; KEGG gene https://www.genome.jp/dbget-bin/www_bget?afr:06200; D3 local snapshot D3-1-R_全基因跨数据库交叉引用.tsv; B1 local snapshot 旧新基因映射.tsv; 2016 source mmc1.xls/mmc3.xml local	部分完成：身份及本地数据库交叉引用已合并；直接论文/逐蛋白域与2016补表字段核对未完成
1168	RU820_RS06205	WP_012606963.1	NZ_CP136162.1:1130738-1132672(+)	hypothetical protein	RefSeq protein_id exact; 完全匹配; AFE_1292	未取得本轮逐蛋白 UniProt/InterPro/Pfam 命中；当前 NCBI 仅注为 hypothetical protein。	 /  / 	未见 D3 本地交叉引用表中 KEGG KO/EC/反应、BioCyc反应、Rhea精确引用或BRENDA EC；MetaCyc记录标注未独立获取。; TCDB未逐项检索（仅当转运蛋白适用）		未见该基因/蛋白对应的ATCC 23270或DSM 14882原始功能实验；未取得基因专属论文DOI。数据库注释不作湿实验。	未定义；没有可核实的精确反应式、辅因子、方向、区室或膜侧，不评分。	未完成逐行mmc1.xls原表核对；不得据此作已表示/缺失结论。	D3 未列直接GPR；仍需mmc1原表核对; 原补表具体字段未核录。	不评分；未定义精确反应，本轮反应分数为空。	未发现精确反应证据；证据不足暂缓，不新增反应	RefSeq为自动注释；B1/D3提供历史映射与数据库筛查线索，不构成本株实验验证。当前没有基因专属实验事实支持确定酶反应。	待逐基因核验蛋白序列域/位点、数据库原始记录和论文；2016补表Reaction ID/公式/分数/GPR/培养边界尚未写入本行；需查异株/同源实验且不得移作本株验证。	NCBI protein https://www.ncbi.nlm.nih.gov/protein/WP_012606963.1; UniProt search https://www.uniprot.org/uniprotkb?query=WP_012606963.1; InterPro https://www.ebi.ac.uk/interpro/search/sequence/WP_012606963.1; KEGG gene https://www.genome.jp/dbget-bin/www_bget?afr:06205; D3 local snapshot D3-1-R_全基因跨数据库交叉引用.tsv; B1 local snapshot 旧新基因映射.tsv; 2016 source mmc1.xls/mmc3.xml local	部分完成：身份及本地数据库交叉引用已合并；直接论文/逐蛋白域与2016补表字段核对未完成
1169	RU820_RS06210	WP_201763903.1	NZ_CP136162.1:1132821-1133165(+)	hypothetical protein	RefSeq protein_id exact; 完全匹配; AFE_1293	未取得本轮逐蛋白 UniProt/InterPro/Pfam 命中；当前 NCBI 仅注为 hypothetical protein。	 /  / 	未见 D3 本地交叉引用表中 KEGG KO/EC/反应、BioCyc反应、Rhea精确引用或BRENDA EC；MetaCyc记录标注未独立获取。; TCDB未逐项检索（仅当转运蛋白适用）		未见该基因/蛋白对应的ATCC 23270或DSM 14882原始功能实验；未取得基因专属论文DOI。数据库注释不作湿实验。	未定义；没有可核实的精确反应式、辅因子、方向、区室或膜侧，不评分。	未完成逐行mmc1.xls原表核对；不得据此作已表示/缺失结论。	D3 未列直接GPR；仍需mmc1原表核对; 原补表具体字段未核录。	不评分；未定义精确反应，本轮反应分数为空。	未发现精确反应证据；证据不足暂缓，不新增反应	RefSeq为自动注释；B1/D3提供历史映射与数据库筛查线索，不构成本株实验验证。当前没有基因专属实验事实支持确定酶反应。	待逐基因核验蛋白序列域/位点、数据库原始记录和论文；2016补表Reaction ID/公式/分数/GPR/培养边界尚未写入本行；需查异株/同源实验且不得移作本株验证。	NCBI protein https://www.ncbi.nlm.nih.gov/protein/WP_201763903.1; UniProt search https://www.uniprot.org/uniprotkb?query=WP_201763903.1; InterPro https://www.ebi.ac.uk/interpro/search/sequence/WP_201763903.1; KEGG gene https://www.genome.jp/dbget-bin/www_bget?afr:06210; D3 local snapshot D3-1-R_全基因跨数据库交叉引用.tsv; B1 local snapshot 旧新基因映射.tsv; 2016 source mmc1.xls/mmc3.xml local	部分完成：身份及本地数据库交叉引用已合并；直接论文/逐蛋白域与2016补表字段核对未完成
1170	RU820_RS06215	WP_012606966.1	NZ_CP136162.1:1133350-1133988(+)	helix-turn-helix domain-containing protein	RefSeq protein_id exact; 完全匹配; AFE_1295	未取得本轮逐蛋白 UniProt/InterPro/Pfam 命中及人工审校状态；NCBI product/KEGG 注释仅为自动或交叉引用线索。	 /  / 	未见 D3 本地交叉引用表中 KEGG KO/EC/反应、BioCyc反应、Rhea精确引用或BRENDA EC；MetaCyc记录标注未独立获取。; TCDB未逐项检索（仅当转运蛋白适用）		未见该基因/蛋白对应的ATCC 23270或DSM 14882原始功能实验；未取得基因专属论文DOI。数据库注释不作湿实验。	未定义；没有可核实的精确反应式、辅因子、方向、区室或膜侧，不评分。	未完成逐行mmc1.xls原表核对；不得据此作已表示/缺失结论。	D3 未列直接GPR；仍需mmc1原表核对; 原补表具体字段未核录。	不评分；未定义精确反应，本轮反应分数为空。	未发现精确反应证据；证据不足暂缓，不新增反应	RefSeq为自动注释；B1/D3提供历史映射与数据库筛查线索，不构成本株实验验证。当前没有基因专属实验事实支持确定酶反应。	待逐基因核验蛋白序列域/位点、数据库原始记录和论文；2016补表Reaction ID/公式/分数/GPR/培养边界尚未写入本行；需查异株/同源实验且不得移作本株验证。	NCBI protein https://www.ncbi.nlm.nih.gov/protein/WP_012606966.1; UniProt search https://www.uniprot.org/uniprotkb?query=WP_012606966.1; InterPro https://www.ebi.ac.uk/interpro/search/sequence/WP_012606966.1; KEGG gene https://www.genome.jp/dbget-bin/www_bget?afr:06215; D3 local snapshot D3-1-R_全基因跨数据库交叉引用.tsv; B1 local snapshot 旧新基因映射.tsv; 2016 source mmc1.xls/mmc3.xml local	部分完成：身份及本地数据库交叉引用已合并；直接论文/逐蛋白域与2016补表字段核对未完成
1171	RU820_RS06220	WP_012606967.1	NZ_CP136162.1:1134044-1135006(+)	CysB family HTH-type transcriptional regulator	RefSeq protein_id exact; 完全匹配; AFE_1296	未取得本轮逐蛋白 UniProt/InterPro/Pfam 命中及人工审校状态；NCBI product/KEGG 注释仅为自动或交叉引用线索。	K13634 /  / 	K13634; TCDB未逐项检索（仅当转运蛋白适用）		未见该基因/蛋白对应的ATCC 23270或DSM 14882原始功能实验；未取得基因专属论文DOI。数据库注释不作湿实验。	未定义；没有可核实的精确反应式、辅因子、方向、区室或膜侧，不评分。	未完成逐行mmc1.xls原表核对；不得据此作已表示/缺失结论。	D3 未列直接GPR；仍需mmc1原表核对; 原补表具体字段未核录。	不评分；未定义精确反应，本轮反应分数为空。	未发现精确反应证据；证据不足暂缓，不新增反应	RefSeq为自动注释；B1/D3提供历史映射与数据库筛查线索，不构成本株实验验证。当前没有基因专属实验事实支持确定酶反应。	待逐基因核验蛋白序列域/位点、数据库原始记录和论文；2016补表Reaction ID/公式/分数/GPR/培养边界尚未写入本行；需查异株/同源实验且不得移作本株验证。	NCBI protein https://www.ncbi.nlm.nih.gov/protein/WP_012606967.1; UniProt search https://www.uniprot.org/uniprotkb?query=WP_012606967.1; InterPro https://www.ebi.ac.uk/interpro/search/sequence/WP_012606967.1; KEGG gene https://www.genome.jp/dbget-bin/www_bget?afr:06220; D3 local snapshot D3-1-R_全基因跨数据库交叉引用.tsv; B1 local snapshot 旧新基因映射.tsv; 2016 source mmc1.xls/mmc3.xml local	部分完成：身份及本地数据库交叉引用已合并；直接论文/逐蛋白域与2016补表字段核对未完成
1172	RU820_RS06225	WP_012606968.1	NZ_CP136162.1:1135161-1136081(+)	AAA family ATPase	RefSeq protein_id exact; 完全匹配; AFE_1297	未取得本轮逐蛋白 UniProt/InterPro/Pfam 命中及人工审校状态；NCBI product/KEGG 注释仅为自动或交叉引用线索。	K09882 / 6.6.1.2 / R05227	K09882; 6.6.1.2; R05227; RHEA:15341; TCDB未逐项检索（仅当转运蛋白适用）		未见该基因/蛋白对应的ATCC 23270或DSM 14882原始功能实验；未取得基因专属论文DOI。数据库注释不作湿实验。	未定义；没有可核实的精确反应式、辅因子、方向、区室或膜侧，不评分。	未完成逐行mmc1.xls原表核对；不得据此作已表示/缺失结论。	D3 未列直接GPR；仍需mmc1原表核对; 原补表具体字段未核录。	不评分；未定义精确反应，本轮反应分数为空。	未发现精确反应证据；证据不足暂缓，不新增反应	RefSeq为自动注释；B1/D3提供历史映射与数据库筛查线索，不构成本株实验验证。当前没有基因专属实验事实支持确定酶反应。	待逐基因核验蛋白序列域/位点、数据库原始记录和论文；2016补表Reaction ID/公式/分数/GPR/培养边界尚未写入本行；需查异株/同源实验且不得移作本株验证。	NCBI protein https://www.ncbi.nlm.nih.gov/protein/WP_012606968.1; UniProt search https://www.uniprot.org/uniprotkb?query=WP_012606968.1; InterPro https://www.ebi.ac.uk/interpro/search/sequence/WP_012606968.1; KEGG gene https://www.genome.jp/dbget-bin/www_bget?afr:06225; D3 local snapshot D3-1-R_全基因跨数据库交叉引用.tsv; B1 local snapshot 旧新基因映射.tsv; 2016 source mmc1.xls/mmc3.xml local	部分完成：身份及本地数据库交叉引用已合并；直接论文/逐蛋白域与2016补表字段核对未完成
