总序号	RU820	WP	当前 gene 名	当前 product	旧 AFE	查询日期	数据库	检索式	查询状态	API 返回记录数	返回记录中精确别名命中数	DOI 命中数	命中文献 DOI/PMID	仅候选未证实别名命中	证据状态	已直测事实	异株边界	API错误	Europe PMC返回的精确别名 DOI/PMID数量	同株/精确身份候选数量	同株/精确身份候选 DOI/PMID	同株/特异来源 DOI/PMID	关联来源 ID	检索结果边界	同株或历史目标基因来源论文数	Precise query string	Precise query database	Precise query total hits	Precise query records retrieved	Precise query pages	Precise query exact ID mentions in title/abstract	Precise query same-strain exact ID DOI/PMID	Precise query all DOI/PMID retained count	Precise query errors	Broader alias search status	Precise query status	广义检索式	广义查询API返回记录数	广义查询摘要别名命中数	广义查询DOI命中数
880	RU820_RS04570	WP_009563880.1		hypothetical protein	AFE_0953	2026-09-25	Europe PMC REST search API	"""RU820_RS04570"" OR ""WP_009563880.1"" OR ""AFE_0953"""	query_ok	0	0	0			检索式已执行；Europe PMC 返回未见摘要精确别名命中；不等于无原始论文。	见关联来源 ID；来源表给出摘要/全文可核事实及边界。没有来源时不作直接测量结论。	同名基因、DY26/DC、ATCC 19859 等异株结果分别标识，不转为 ATCC 23270/DSM 14882 本株直接证据。		0	0				PageSize=100，未达上限；摘要精确别名命中数仅按所返记录计算。	0															
881	RU820_RS04575	WP_012536460.1	cydB	cytochrome d ubiquinol oxidase subunit II	AFE_0954	2026-09-26	Europe PMC REST search API	"""RU820_RS04575"" OR ""WP_012536460.1"" OR ""AFE_0954"""	all result pages retrieved	2	0	2	DOI:10.3389/fmicb.2019.00592; DOI:10.1186/1471-2164-10-394	否	同株正文证据：Quatrini 2009 的 ATCC23270 转录检测；Bellenberg 2019 DSM14882(=ATCC23270)蛋白组检出。均为表达证据，不证明酶活/反应计量。Brasseur 2004为ATCC19859异株证据。	见关联来源 ID；来源表给出摘要/全文可核事实及边界。没有来源时不作直接测量结论。	同名基因、DY26/DC、ATCC 19859 等异株结果分别标识，不转为 ATCC 23270/DSM 14882 本株直接证据。		2	2	DOI:10.1186/1471-2164-10-394; DOI:10.3389/fmicb.2019.00592	DOI:10.1186/1471-2164-10-394; DOI:10.3389/fmicb.2019.00592	G54-S005; G54-S006; G54-S007	精确 RU820/WP/AFE 查询已获取全部命中页；旧的 gene/product 宽泛查询曾达到100条上限，宽泛命中只保留汇总计数。	2	"""RU820_RS04575"" OR ""WP_012536460.1"" OR ""AFE_0954"""	Europe PMC REST search API; identifiers only (RU820, WP, old AFE)	2	2	1	0		2		capped at 100; broad gene/product terms caused excess results; only counts retained	all result pages retrieved	"""RU820_RS04575"" OR ""WP_012536460.1"" OR ""cydB"" OR ""AFE_0954"""	100	25	25
882	RU820_RS04580	WP_009567364.1		cytochrome ubiquinol oxidase subunit I	AFE_0955	2026-09-25	Europe PMC REST search API	"""RU820_RS04580"" OR ""WP_009567364.1"" OR ""AFE_0955"" OR ""cytochrome ubiquinol oxidase subunit I"""	query_ok	32	0	0		是	同株正文证据：Quatrini 2009 的 ATCC23270 转录检测；Bellenberg 2019 DSM14882(=ATCC23270)蛋白组检出。均为表达证据，不证明酶活/反应计量。Brasseur 2004为ATCC19859异株证据。	见关联来源 ID；来源表给出摘要/全文可核事实及边界。没有来源时不作直接测量结论。	同名基因、DY26/DC、ATCC 19859 等异株结果分别标识，不转为 ATCC 23270/DSM 14882 本株直接证据。		0	2	DOI:10.1186/1471-2164-10-394; DOI:10.3389/fmicb.2019.00592	DOI:10.1186/1471-2164-10-394; DOI:10.3389/fmicb.2019.00592	G54-S005; G54-S006; G54-S007	PageSize=100，未达上限；摘要精确别名命中数仅按所返记录计算。	2															
883	RU820_RS04585	WP_009567365.1		MBL fold metallo-hydrolase	AFE_0956	2026-09-26	Europe PMC REST search API	"""RU820_RS04585"" OR ""WP_009567365.1"" OR ""AFE_0956"""	all result pages retrieved	1	0	1	DOI:10.3389/fmicb.2017.01277	否	仅有通用 gene/product 名称摘要命中；筛后未识别到精确本株来源，异株/同名命中不计作本株验证。	见关联来源 ID；来源表给出摘要/全文可核事实及边界。没有来源时不作直接测量结论。	同名基因、DY26/DC、ATCC 19859 等异株结果分别标识，不转为 ATCC 23270/DSM 14882 本株直接证据。		1	0				精确 RU820/WP/AFE 查询已获取全部命中页；旧的 gene/product 宽泛查询曾达到100条上限，宽泛命中只保留汇总计数。	0	"""RU820_RS04585"" OR ""WP_009567365.1"" OR ""AFE_0956"""	Europe PMC REST search API; identifiers only (RU820, WP, old AFE)	1	1	1	0		1		capped at 100; broad gene/product terms caused excess results; only counts retained	all result pages retrieved	"""RU820_RS04585"" OR ""WP_009567365.1"" OR ""AFE_0956"" OR ""MBL fold metallo-hydrolase"""	100	4	4
884	RU820_RS04590	WP_009567366.1		sigma-54 interaction domain-containing protein	AFE_0957	2026-09-25	Europe PMC REST search API	"""RU820_RS04590"" OR ""WP_009567366.1"" OR ""AFE_0957"" OR ""sigma-54 interaction domain-containing protein"""	query_ok	2	0	0		是	检索式已执行；Europe PMC 返回未见摘要精确别名命中；不等于无原始论文。	见关联来源 ID；来源表给出摘要/全文可核事实及边界。没有来源时不作直接测量结论。	同名基因、DY26/DC、ATCC 19859 等异株结果分别标识，不转为 ATCC 23270/DSM 14882 本株直接证据。		0	0				PageSize=100，未达上限；摘要精确别名命中数仅按所返记录计算。	0															
885	RU820_RS04595	WP_012536461.1		alpha/beta hydrolase	AFE_0959	2026-09-26	Europe PMC REST search API	"""RU820_RS04595"" OR ""WP_012536461.1"" OR ""AFE_0959"""	all result pages retrieved	0	0	0		否	仅有通用 gene/product 名称摘要命中；筛后未识别到精确本株来源，异株/同名命中不计作本株验证。	见关联来源 ID；来源表给出摘要/全文可核事实及边界。没有来源时不作直接测量结论。	同名基因、DY26/DC、ATCC 19859 等异株结果分别标识，不转为 ATCC 23270/DSM 14882 本株直接证据。		32	0				精确 RU820/WP/AFE 查询已获取全部命中页；旧的 gene/product 宽泛查询曾达到100条上限，宽泛命中只保留汇总计数。	0	"""RU820_RS04595"" OR ""WP_012536461.1"" OR ""AFE_0959"""	Europe PMC REST search API; identifiers only (RU820, WP, old AFE)	0	0	1	0		0		capped at 100; broad gene/product terms caused excess results; only counts retained	all result pages retrieved	"""RU820_RS04595"" OR ""WP_012536461.1"" OR ""AFE_0959"" OR ""alpha/beta hydrolase"""	100	33	32
886	RU820_RS04600	WP_009565875.1		dihydrolipoyl dehydrogenase family protein	AFE_0958	2026-09-25	Europe PMC REST search API	"""RU820_RS04600"" OR ""WP_009565875.1"" OR ""AFE_0958"" OR ""dihydrolipoyl dehydrogenase family protein"""	query_ok	3	0	0		是	检索式已执行；Europe PMC 返回未见摘要精确别名命中；不等于无原始论文。	见关联来源 ID；来源表给出摘要/全文可核事实及边界。没有来源时不作直接测量结论。	同名基因、DY26/DC、ATCC 19859 等异株结果分别标识，不转为 ATCC 23270/DSM 14882 本株直接证据。		0	0				PageSize=100，未达上限；摘要精确别名命中数仅按所返记录计算。	0															
887	RU820_RS04605	WP_012536462.1		glucan biosynthesis protein	AFE_0960	2026-09-25	Europe PMC REST search API	"""RU820_RS04605"" OR ""WP_012536462.1"" OR ""AFE_0960"" OR ""glucan biosynthesis protein"""	query_ok	56	5	5	DOI:10.3390/genes9070347	否	全文核对 Oetiker 2018：MdoG 实验对象为 ATCC53993 的 Lferr_1075 / E. coli；G54 AFE_0960 对应关系未证，ATCC23270测的是其他基因与LPS。不得作本株直接证据。	见关联来源 ID；来源表给出摘要/全文可核事实及边界。没有来源时不作直接测量结论。	MdoG 研究对象为 ATCC53993 的 Lferr_1075 与异源 E. coli；target G54 locus 没有序列对应证据。		5	0			G54-S001	PageSize=100，未达上限；摘要精确别名命中数仅按所返记录计算。	0															
888	RU820_RS04610	WP_012536463.1		hypothetical protein	AFE_0961	2026-09-25	Europe PMC REST search API	"""RU820_RS04610"" OR ""WP_012536463.1"" OR ""AFE_0961"""	query_ok	0	0	0			检索式已执行；Europe PMC 返回未见摘要精确别名命中；不等于无原始论文。	见关联来源 ID；来源表给出摘要/全文可核事实及边界。没有来源时不作直接测量结论。	同名基因、DY26/DC、ATCC 19859 等异株结果分别标识，不转为 ATCC 23270/DSM 14882 本株直接证据。		0	0				PageSize=100，未达上限；摘要精确别名命中数仅按所返记录计算。	0															
889	RU820_RS04615	WP_012536464.1	mdoH	glucans biosynthesis glucosyltransferase MdoH	AFE_0962	2026-09-26	Europe PMC REST search API	"""RU820_RS04615"" OR ""WP_012536464.1"" OR ""AFE_0962"""	all result pages retrieved	0	0	0		否	仅有通用 gene/product 名称摘要命中；筛后未识别到精确本株来源，异株/同名命中不计作本株验证。	见关联来源 ID；来源表给出摘要/全文可核事实及边界。没有来源时不作直接测量结论。	同名基因、DY26/DC、ATCC 19859 等异株结果分别标识，不转为 ATCC 23270/DSM 14882 本株直接证据。		17	0				精确 RU820/WP/AFE 查询已获取全部命中页；旧的 gene/product 宽泛查询曾达到100条上限，宽泛命中只保留汇总计数。	0	"""RU820_RS04615"" OR ""WP_012536464.1"" OR ""AFE_0962"""	Europe PMC REST search API; identifiers only (RU820, WP, old AFE)	0	0	1	0		0		capped at 100; broad gene/product terms caused excess results; only counts retained	all result pages retrieved	"""RU820_RS04615"" OR ""WP_012536464.1"" OR ""mdoH"" OR ""AFE_0962"""	100	17	17
890	RU820_RS04620	WP_012536465.1		complex I NDUFA9 subunit family protein	AFE_0963	2026-09-25	Europe PMC REST search API	"""RU820_RS04620"" OR ""WP_012536465.1"" OR ""AFE_0963"" OR ""complex I NDUFA9 subunit family protein"""	query_ok	1	0	0		是	检索式已执行；Europe PMC 返回未见摘要精确别名命中；不等于无原始论文。	见关联来源 ID；来源表给出摘要/全文可核事实及边界。没有来源时不作直接测量结论。	同名基因、DY26/DC、ATCC 19859 等异株结果分别标识，不转为 ATCC 23270/DSM 14882 本株直接证据。		0	0				PageSize=100，未达上限；摘要精确别名命中数仅按所返记录计算。	0															
891	RU820_RS04625	WP_012536466.1		DUF423 domain-containing protein	AFE_0964	2026-09-25	Europe PMC REST search API	"""RU820_RS04625"" OR ""WP_012536466.1"" OR ""AFE_0964"" OR ""DUF423 domain-containing protein"""	query_ok	2	0	0		是	检索式已执行；Europe PMC 返回未见摘要精确别名命中；不等于无原始论文。	见关联来源 ID；来源表给出摘要/全文可核事实及边界。没有来源时不作直接测量结论。	同名基因、DY26/DC、ATCC 19859 等异株结果分别标识，不转为 ATCC 23270/DSM 14882 本株直接证据。		0	0				PageSize=100，未达上限；摘要精确别名命中数仅按所返记录计算。	0															
892	RU820_RS04630	WP_012536467.1		hypothetical protein	未确认	2026-09-25	Europe PMC REST search API	"""RU820_RS04630"" OR ""WP_012536467.1"""	query_ok	0	0	0			检索式已执行；Europe PMC 返回未见摘要精确别名命中；不等于无原始论文。	见关联来源 ID；来源表给出摘要/全文可核事实及边界。没有来源时不作直接测量结论。	同名基因、DY26/DC、ATCC 19859 等异株结果分别标识，不转为 ATCC 23270/DSM 14882 本株直接证据。		0	0				PageSize=100，未达上限；摘要精确别名命中数仅按所返记录计算。	0															
893	RU820_RS04635	WP_012536468.1		hypothetical protein	AFE_0966	2026-09-25	Europe PMC REST search API	"""RU820_RS04635"" OR ""WP_012536468.1"" OR ""AFE_0966"""	query_ok	0	0	0			检索式已执行；Europe PMC 返回未见摘要精确别名命中；不等于无原始论文。	见关联来源 ID；来源表给出摘要/全文可核事实及边界。没有来源时不作直接测量结论。	同名基因、DY26/DC、ATCC 19859 等异株结果分别标识，不转为 ATCC 23270/DSM 14882 本株直接证据。		0	0				PageSize=100，未达上限；摘要精确别名命中数仅按所返记录计算。	0															
894	RU820_RS04640	WP_012536469.1		hypothetical protein	AFE_0967	2026-09-25	Europe PMC REST search API	"""RU820_RS04640"" OR ""WP_012536469.1"" OR ""AFE_0967"""	query_ok	0	0	0			检索式已执行；Europe PMC 返回未见摘要精确别名命中；不等于无原始论文。	见关联来源 ID；来源表给出摘要/全文可核事实及边界。没有来源时不作直接测量结论。	同名基因、DY26/DC、ATCC 19859 等异株结果分别标识，不转为 ATCC 23270/DSM 14882 本株直接证据。		0	0				PageSize=100，未达上限；摘要精确别名命中数仅按所返记录计算。	0															
895	RU820_RS04645	WP_012536470.1		PilX N-terminal domain-containing pilus assembly protein	AFE_0968	2026-09-25	Europe PMC REST search API	"""RU820_RS04645"" OR ""WP_012536470.1"" OR ""AFE_0968"" OR ""PilX N-terminal domain-containing pilus assembly protein"""	query_ok	0	0	0			检索式已执行；Europe PMC 返回未见摘要精确别名命中；不等于无原始论文。	见关联来源 ID；来源表给出摘要/全文可核事实及边界。没有来源时不作直接测量结论。	同名基因、DY26/DC、ATCC 19859 等异株结果分别标识，不转为 ATCC 23270/DSM 14882 本株直接证据。		0	0				PageSize=100，未达上限；摘要精确别名命中数仅按所返记录计算。	0															
896	RU820_RS04650	WP_012536471.1		PilW family protein	AFE_0969	2026-09-25	Europe PMC REST search API	"""RU820_RS04650"" OR ""WP_012536471.1"" OR ""AFE_0969"" OR ""PilW family protein"""	query_ok	7	0	0		是	检索式已执行；Europe PMC 返回未见摘要精确别名命中；不等于无原始论文。	见关联来源 ID；来源表给出摘要/全文可核事实及边界。没有来源时不作直接测量结论。	同名基因、DY26/DC、ATCC 19859 等异株结果分别标识，不转为 ATCC 23270/DSM 14882 本株直接证据。		0	0				PageSize=100，未达上限；摘要精确别名命中数仅按所返记录计算。	0															
897	RU820_RS04655	WP_012536472.1		type IV pilus modification PilV family protein	AFE_0970	2026-09-25	Europe PMC REST search API	"""RU820_RS04655"" OR ""WP_012536472.1"" OR ""AFE_0970"" OR ""type IV pilus modification PilV family protein"""	query_ok	0	0	0			检索式已执行；Europe PMC 返回未见摘要精确别名命中；不等于无原始论文。	见关联来源 ID；来源表给出摘要/全文可核事实及边界。没有来源时不作直接测量结论。	同名基因、DY26/DC、ATCC 19859 等异株结果分别标识，不转为 ATCC 23270/DSM 14882 本株直接证据。		0	0				PageSize=100，未达上限；摘要精确别名命中数仅按所返记录计算。	0															
898	RU820_RS04660	WP_012536473.1		pilus assembly FimT family protein	AFE_0971	2026-09-25	Europe PMC REST search API	"""RU820_RS04660"" OR ""WP_012536473.1"" OR ""AFE_0971"" OR ""pilus assembly FimT family protein"""	query_ok	1	0	0		是	检索式已执行；Europe PMC 返回未见摘要精确别名命中；不等于无原始论文。	见关联来源 ID；来源表给出摘要/全文可核事实及边界。没有来源时不作直接测量结论。	同名基因、DY26/DC、ATCC 19859 等异株结果分别标识，不转为 ATCC 23270/DSM 14882 本株直接证据。		0	0				PageSize=100，未达上限；摘要精确别名命中数仅按所返记录计算。	0															
899	RU820_RS04665	WP_012536474.1		type II secretion system F family protein	AFE_0972	2026-09-25	Europe PMC REST search API	"""RU820_RS04665"" OR ""WP_012536474.1"" OR ""AFE_0972"" OR ""type II secretion system F family protein"""	query_ok	23	0	0		是	检索式已执行；Europe PMC 返回未见摘要精确别名命中；不等于无原始论文。	见关联来源 ID；来源表给出摘要/全文可核事实及边界。没有来源时不作直接测量结论。	同名基因、DY26/DC、ATCC 19859 等异株结果分别标识，不转为 ATCC 23270/DSM 14882 本株直接证据。		0	0				PageSize=100，未达上限；摘要精确别名命中数仅按所返记录计算。	0															
900	RU820_RS04670	WP_012536475.1	sohB	protease SohB	AFE_0973	2026-09-26	Europe PMC REST search API	"""RU820_RS04670"" OR ""WP_012536475.1"" OR ""AFE_0973"""	all result pages retrieved	0	0	0		否	仅有通用 gene/product 名称摘要命中；筛后未识别到精确本株来源，异株/同名命中不计作本株验证。	见关联来源 ID；来源表给出摘要/全文可核事实及边界。没有来源时不作直接测量结论。	同名基因、DY26/DC、ATCC 19859 等异株结果分别标识，不转为 ATCC 23270/DSM 14882 本株直接证据。		6	0				精确 RU820/WP/AFE 查询已获取全部命中页；旧的 gene/product 宽泛查询曾达到100条上限，宽泛命中只保留汇总计数。	0	"""RU820_RS04670"" OR ""WP_012536475.1"" OR ""AFE_0973"""	Europe PMC REST search API; identifiers only (RU820, WP, old AFE)	0	0	1	0		0		capped at 100; broad gene/product terms caused excess results; only counts retained	all result pages retrieved	"""RU820_RS04670"" OR ""WP_012536475.1"" OR ""sohB"" OR ""AFE_0973"""	100	6	6
901	RU820_RS04675	WP_012536476.1		MoaD/ThiS family protein	AFE_0975	2026-09-25	Europe PMC REST search API	"""RU820_RS04675"" OR ""WP_012536476.1"" OR ""AFE_0975"" OR ""MoaD/ThiS family protein"""	query_ok	3	1	1		否	仅有通用 gene/product 名称摘要命中；筛后未识别到精确本株来源，异株/同名命中不计作本株验证。	见关联来源 ID；来源表给出摘要/全文可核事实及边界。没有来源时不作直接测量结论。	同名基因、DY26/DC、ATCC 19859 等异株结果分别标识，不转为 ATCC 23270/DSM 14882 本株直接证据。		1	0				PageSize=100，未达上限；摘要精确别名命中数仅按所返记录计算。	0															
902	RU820_RS04680	WP_012536477.1		molybdenum cofactor biosynthesis protein MoaE	AFE_0976	2026-09-25	Europe PMC REST search API	"""RU820_RS04680"" OR ""WP_012536477.1"" OR ""AFE_0976"" OR ""molybdenum cofactor biosynthesis protein MoaE"""	query_ok	4	0	0		是	检索式已执行；Europe PMC 返回未见摘要精确别名命中；不等于无原始论文。	见关联来源 ID；来源表给出摘要/全文可核事实及边界。没有来源时不作直接测量结论。	同名基因、DY26/DC、ATCC 19859 等异株结果分别标识，不转为 ATCC 23270/DSM 14882 本株直接证据。		0	0				PageSize=100，未达上限；摘要精确别名命中数仅按所返记录计算。	0															
903	RU820_RS04685	WP_009568900.1		YajQ family cyclic di-GMP-binding protein	AFE_0977	2026-09-25	Europe PMC REST search API	"""RU820_RS04685"" OR ""WP_009568900.1"" OR ""AFE_0977"" OR ""YajQ family cyclic di-GMP-binding protein"""	query_ok	3	0	0		是	检索式已执行；Europe PMC 返回未见摘要精确别名命中；不等于无原始论文。	见关联来源 ID；来源表给出摘要/全文可核事实及边界。没有来源时不作直接测量结论。	同名基因、DY26/DC、ATCC 19859 等异株结果分别标识，不转为 ATCC 23270/DSM 14882 本株直接证据。		0	0				PageSize=100，未达上限；摘要精确别名命中数仅按所返记录计算。	0															
904	RU820_RS04690	WP_009568901.1		roadblock/LC7 domain-containing protein	AFE_0978	2026-09-25	Europe PMC REST search API	"""RU820_RS04690"" OR ""WP_009568901.1"" OR ""AFE_0978"" OR ""roadblock/LC7 domain-containing protein"""	query_ok	6	0	0		是	检索式已执行；Europe PMC 返回未见摘要精确别名命中；不等于无原始论文。	见关联来源 ID；来源表给出摘要/全文可核事实及边界。没有来源时不作直接测量结论。	同名基因、DY26/DC、ATCC 19859 等异株结果分别标识，不转为 ATCC 23270/DSM 14882 本株直接证据。		0	0				PageSize=100，未达上限；摘要精确别名命中数仅按所返记录计算。	0															
905	RU820_RS04695	WP_041645355.1	gcvT	glycine cleavage system aminomethyltransferase GcvT	AFE_0979	2026-09-26	Europe PMC REST search API	"""RU820_RS04695"" OR ""WP_041645355.1"" OR ""AFE_0979"""	all result pages retrieved	0	0	0		否	GCV基因名在摘要检索中有同名/异株命中（gcvT/gcvH等）；未识别到ATCC23270/DSM14882或AFE/WP精确来源。结果计数保留，不能作本株功能验证。	见关联来源 ID；来源表给出摘要/全文可核事实及边界。没有来源时不作直接测量结论。	同名基因、DY26/DC、ATCC 19859 等异株结果分别标识，不转为 ATCC 23270/DSM 14882 本株直接证据。		24	0				精确 RU820/WP/AFE 查询已获取全部命中页；旧的 gene/product 宽泛查询曾达到100条上限，宽泛命中只保留汇总计数。	0	"""RU820_RS04695"" OR ""WP_041645355.1"" OR ""AFE_0979"""	Europe PMC REST search API; identifiers only (RU820, WP, old AFE)	0	0	1	0		0		capped at 100; broad gene/product terms caused excess results; only counts retained	all result pages retrieved	"""RU820_RS04695"" OR ""WP_041645355.1"" OR ""gcvT"" OR ""AFE_0979"""	100	25	24
906	RU820_RS04700	WP_009562478.1	gcvH	glycine cleavage system protein GcvH	AFE_0980	2026-09-26	Europe PMC REST search API	"""RU820_RS04700"" OR ""WP_009562478.1"" OR ""AFE_0980"""	all result pages retrieved	0	0	0		否	GCV基因名在摘要检索中有同名/异株命中（gcvT/gcvH等）；未识别到ATCC23270/DSM14882或AFE/WP精确来源。结果计数保留，不能作本株功能验证。	见关联来源 ID；来源表给出摘要/全文可核事实及边界。没有来源时不作直接测量结论。	同名基因、DY26/DC、ATCC 19859 等异株结果分别标识，不转为 ATCC 23270/DSM 14882 本株直接证据。		22	0				精确 RU820/WP/AFE 查询已获取全部命中页；旧的 gene/product 宽泛查询曾达到100条上限，宽泛命中只保留汇总计数。	0	"""RU820_RS04700"" OR ""WP_009562478.1"" OR ""AFE_0980"""	Europe PMC REST search API; identifiers only (RU820, WP, old AFE)	0	0	1	0		0		capped at 100; broad gene/product terms caused excess results; only counts retained	all result pages retrieved	"""RU820_RS04700"" OR ""WP_009562478.1"" OR ""gcvH"" OR ""AFE_0980"""	100	22	22
907	RU820_RS04705	WP_012536479.1	gcvPA	aminomethyl-transferring glycine dehydrogenase subunit GcvPA	AFE_0981	2026-09-25	Europe PMC REST search API	"""RU820_RS04705"" OR ""WP_012536479.1"" OR ""gcvPA"" OR ""AFE_0981"""	query_ok	75	3	3		否	GCV基因名在摘要检索中有同名/异株命中（gcvT/gcvH等）；未识别到ATCC23270/DSM14882或AFE/WP精确来源。结果计数保留，不能作本株功能验证。	见关联来源 ID；来源表给出摘要/全文可核事实及边界。没有来源时不作直接测量结论。	同名基因、DY26/DC、ATCC 19859 等异株结果分别标识，不转为 ATCC 23270/DSM 14882 本株直接证据。		3	0				PageSize=100，未达上限；摘要精确别名命中数仅按所返记录计算。	0															
908	RU820_RS04710	WP_049756738.1	gcvPB	aminomethyl-transferring glycine dehydrogenase subunit GcvPB	AFE_0982	2026-09-25	Europe PMC REST search API	"""RU820_RS04710"" OR ""WP_049756738.1"" OR ""gcvPB"" OR ""AFE_0982"""	query_ok	85	0	0		是	GCV基因名在摘要检索中有同名/异株命中（gcvT/gcvH等）；未识别到ATCC23270/DSM14882或AFE/WP精确来源。结果计数保留，不能作本株功能验证。	见关联来源 ID；来源表给出摘要/全文可核事实及边界。没有来源时不作直接测量结论。	同名基因、DY26/DC、ATCC 19859 等异株结果分别标识，不转为 ATCC 23270/DSM 14882 本株直接证据。		0	0				PageSize=100，未达上限；摘要精确别名命中数仅按所返记录计算。	0															
909	RU820_RS04715	WP_012536481.1		ABC transporter ATP-binding protein	AFE_0983	2026-09-26	Europe PMC REST search API	"""RU820_RS04715"" OR ""WP_012536481.1"" OR ""AFE_0983"""	all result pages retrieved	0	0	0		否	仅有通用 gene/product 名称摘要命中；筛后未识别到精确本株来源，异株/同名命中不计作本株验证。	见关联来源 ID；来源表给出摘要/全文可核事实及边界。没有来源时不作直接测量结论。	同名基因、DY26/DC、ATCC 19859 等异株结果分别标识，不转为 ATCC 23270/DSM 14882 本株直接证据。		9	0				精确 RU820/WP/AFE 查询已获取全部命中页；旧的 gene/product 宽泛查询曾达到100条上限，宽泛命中只保留汇总计数。	0	"""RU820_RS04715"" OR ""WP_012536481.1"" OR ""AFE_0983"""	Europe PMC REST search API; identifiers only (RU820, WP, old AFE)	0	0	1	0		0		capped at 100; broad gene/product terms caused excess results; only counts retained	all result pages retrieved	"""RU820_RS04715"" OR ""WP_012536481.1"" OR ""AFE_0983"" OR ""ABC transporter ATP-binding protein"""	100	10	9
910	RU820_RS04720	WP_012536482.1	fdxA	ferredoxin FdxA	AFE_0984	2026-09-26	Europe PMC REST search API	"""RU820_RS04720"" OR ""WP_012536482.1"" OR ""AFE_0984"""	all result pages retrieved	0	0	0		否	仅有通用 gene/product 名称摘要命中；筛后未识别到精确本株来源，异株/同名命中不计作本株验证。	见关联来源 ID；来源表给出摘要/全文可核事实及边界。没有来源时不作直接测量结论。	同名基因、DY26/DC、ATCC 19859 等异株结果分别标识，不转为 ATCC 23270/DSM 14882 本株直接证据。		19	0				精确 RU820/WP/AFE 查询已获取全部命中页；旧的 gene/product 宽泛查询曾达到100条上限，宽泛命中只保留汇总计数。	0	"""RU820_RS04720"" OR ""WP_012536482.1"" OR ""AFE_0984"""	Europe PMC REST search API; identifiers only (RU820, WP, old AFE)	0	0	1	0		0		capped at 100; broad gene/product terms caused excess results; only counts retained	all result pages retrieved	"""RU820_RS04720"" OR ""WP_012536482.1"" OR ""fdxA"" OR ""AFE_0984"""	100	19	19
911	RU820_RS04725	WP_012536483.1		peroxiredoxin	AFE_0985	2026-09-26	Europe PMC REST search API	"""RU820_RS04725"" OR ""WP_012536483.1"" OR ""AFE_0985"""	all result pages retrieved	0	0	0		否	仅有通用 gene/product 名称摘要命中；筛后未识别到精确本株来源，异株/同名命中不计作本株验证。	见关联来源 ID；来源表给出摘要/全文可核事实及边界。没有来源时不作直接测量结论。	同名基因、DY26/DC、ATCC 19859 等异株结果分别标识，不转为 ATCC 23270/DSM 14882 本株直接证据。		89	0				精确 RU820/WP/AFE 查询已获取全部命中页；旧的 gene/product 宽泛查询曾达到100条上限，宽泛命中只保留汇总计数。	0	"""RU820_RS04725"" OR ""WP_012536483.1"" OR ""AFE_0985"""	Europe PMC REST search API; identifiers only (RU820, WP, old AFE)	0	0	1	0		0		capped at 100; broad gene/product terms caused excess results; only counts retained	all result pages retrieved	"""RU820_RS04725"" OR ""WP_012536483.1"" OR ""AFE_0985"" OR ""peroxiredoxin"""	100	90	89
912	RU820_RS04730	WP_012536484.1		hypothetical protein	AFE_0986	2026-09-25	Europe PMC REST search API	"""RU820_RS04730"" OR ""WP_012536484.1"" OR ""AFE_0986"""	query_ok	0	0	0			检索式已执行；Europe PMC 返回未见摘要精确别名命中；不等于无原始论文。	见关联来源 ID；来源表给出摘要/全文可核事实及边界。没有来源时不作直接测量结论。	同名基因、DY26/DC、ATCC 19859 等异株结果分别标识，不转为 ATCC 23270/DSM 14882 本株直接证据。		0	0				PageSize=100，未达上限；摘要精确别名命中数仅按所返记录计算。	0															
913	RU820_RS04735	WP_009564598.1		PHP domain-containing protein	AFE_0987	2026-09-25	Europe PMC REST search API	"""RU820_RS04735"" OR ""WP_009564598.1"" OR ""AFE_0987"" OR ""PHP domain-containing protein"""	query_ok	6	0	0		是	检索式已执行；Europe PMC 返回未见摘要精确别名命中；不等于无原始论文。	见关联来源 ID；来源表给出摘要/全文可核事实及边界。没有来源时不作直接测量结论。	同名基因、DY26/DC、ATCC 19859 等异株结果分别标识，不转为 ATCC 23270/DSM 14882 本株直接证据。		0	0				PageSize=100，未达上限；摘要精确别名命中数仅按所返记录计算。	0															
914	RU820_RS04740	WP_012536485.1		AI-2E family transporter	AFE_0988	2026-09-25	Europe PMC REST search API	"""RU820_RS04740"" OR ""WP_012536485.1"" OR ""AFE_0988"" OR ""AI-2E family transporter"""	query_ok	36	3	3		否	仅有通用 gene/product 名称摘要命中；筛后未识别到精确本株来源，异株/同名命中不计作本株验证。	见关联来源 ID；来源表给出摘要/全文可核事实及边界。没有来源时不作直接测量结论。	同名基因、DY26/DC、ATCC 19859 等异株结果分别标识，不转为 ATCC 23270/DSM 14882 本株直接证据。		3	0				PageSize=100，未达上限；摘要精确别名命中数仅按所返记录计算。	0															
915	RU820_RS04745	WP_012536486.1		hypothetical protein	未确认	2026-09-25	Europe PMC REST search API	"""RU820_RS04745"" OR ""WP_012536486.1"""	query_ok	0	0	0			检索式已执行；Europe PMC 返回未见摘要精确别名命中；不等于无原始论文。	见关联来源 ID；来源表给出摘要/全文可核事实及边界。没有来源时不作直接测量结论。	同名基因、DY26/DC、ATCC 19859 等异株结果分别标识，不转为 ATCC 23270/DSM 14882 本株直接证据。		0	0				PageSize=100，未达上限；摘要精确别名命中数仅按所返记录计算。	0															
916	RU820_RS04750	WP_012536487.1		hypothetical protein	AFE_0990	2026-09-25	Europe PMC REST search API	"""RU820_RS04750"" OR ""WP_012536487.1"" OR ""AFE_0990"""	query_ok	0	0	0			检索式已执行；Europe PMC 返回未见摘要精确别名命中；不等于无原始论文。	见关联来源 ID；来源表给出摘要/全文可核事实及边界。没有来源时不作直接测量结论。	同名基因、DY26/DC、ATCC 19859 等异株结果分别标识，不转为 ATCC 23270/DSM 14882 本株直接证据。		0	0				PageSize=100，未达上限；摘要精确别名命中数仅按所返记录计算。	0															
917	RU820_RS04755	WP_012536488.1	rlmB	23S rRNA (guanosine(2251)-2'-O)-methyltransferase RlmB	AFE_0991	2026-09-26	Europe PMC REST search API	"""RU820_RS04755"" OR ""WP_012536488.1"" OR ""AFE_0991"""	all result pages retrieved	0	0	0		否	仅有通用 gene/product 名称摘要命中；筛后未识别到精确本株来源，异株/同名命中不计作本株验证。	见关联来源 ID；来源表给出摘要/全文可核事实及边界。没有来源时不作直接测量结论。	同名基因、DY26/DC、ATCC 19859 等异株结果分别标识，不转为 ATCC 23270/DSM 14882 本株直接证据。		11	0				精确 RU820/WP/AFE 查询已获取全部命中页；旧的 gene/product 宽泛查询曾达到100条上限，宽泛命中只保留汇总计数。	0	"""RU820_RS04755"" OR ""WP_012536488.1"" OR ""AFE_0991"""	Europe PMC REST search API; identifiers only (RU820, WP, old AFE)	0	0	1	0		0		capped at 100; broad gene/product terms caused excess results; only counts retained	all result pages retrieved	"""RU820_RS04755"" OR ""WP_012536488.1"" OR ""rlmB"" OR ""AFE_0991"""	100	11	11
918	RU820_RS04760	WP_009561865.1		TatD family hydrolase	AFE_0992	2026-09-25	Europe PMC REST search API	"""RU820_RS04760"" OR ""WP_009561865.1"" OR ""AFE_0992"" OR ""TatD family hydrolase"""	query_ok	10	0	0		是	检索式已执行；Europe PMC 返回未见摘要精确别名命中；不等于无原始论文。	见关联来源 ID；来源表给出摘要/全文可核事实及边界。没有来源时不作直接测量结论。	同名基因、DY26/DC、ATCC 19859 等异株结果分别标识，不转为 ATCC 23270/DSM 14882 本株直接证据。		0	0				PageSize=100，未达上限；摘要精确别名命中数仅按所返记录计算。	0															
919	RU820_RS04765	WP_012536489.1		MBL fold metallo-hydrolase	AFE_0993	2026-09-26	Europe PMC REST search API	"""RU820_RS04765"" OR ""WP_012536489.1"" OR ""AFE_0993"""	all result pages retrieved	0	0	0		否	仅有通用 gene/product 名称摘要命中；筛后未识别到精确本株来源，异株/同名命中不计作本株验证。	见关联来源 ID；来源表给出摘要/全文可核事实及边界。没有来源时不作直接测量结论。	同名基因、DY26/DC、ATCC 19859 等异株结果分别标识，不转为 ATCC 23270/DSM 14882 本株直接证据。		4	0				精确 RU820/WP/AFE 查询已获取全部命中页；旧的 gene/product 宽泛查询曾达到100条上限，宽泛命中只保留汇总计数。	0	"""RU820_RS04765"" OR ""WP_012536489.1"" OR ""AFE_0993"""	Europe PMC REST search API; identifiers only (RU820, WP, old AFE)	0	0	1	0		0		capped at 100; broad gene/product terms caused excess results; only counts retained	all result pages retrieved	"""RU820_RS04765"" OR ""WP_012536489.1"" OR ""AFE_0993"" OR ""MBL fold metallo-hydrolase"""	100	4	4
920	RU820_RS04775	WP_374058766.1		tyrosine-type recombinase/integrase	AFE_0995	2026-09-25	Europe PMC REST search API	"""RU820_RS04775"" OR ""WP_374058766.1"" OR ""AFE_0995"" OR ""tyrosine-type recombinase/integrase"""	query_ok	94	3	3		否	仅有通用 gene/product 名称摘要命中；筛后未识别到精确本株来源，异株/同名命中不计作本株验证。	见关联来源 ID；来源表给出摘要/全文可核事实及边界。没有来源时不作直接测量结论。	同名基因、DY26/DC、ATCC 19859 等异株结果分别标识，不转为 ATCC 23270/DSM 14882 本株直接证据。		3	0				PageSize=100，未达上限；摘要精确别名命中数仅按所返记录计算。	0															
921	RU820_RS04780	WP_407918983.1		helix-turn-helix domain-containing protein	AFE_0996	2026-09-26	Europe PMC REST search API	"""RU820_RS04780"" OR ""WP_407918983.1"" OR ""AFE_0996"""	all result pages retrieved	0	0	0		否	仅有通用 gene/product 名称摘要命中；筛后未识别到精确本株来源，异株/同名命中不计作本株验证。	见关联来源 ID；来源表给出摘要/全文可核事实及边界。没有来源时不作直接测量结论。	同名基因、DY26/DC、ATCC 19859 等异株结果分别标识，不转为 ATCC 23270/DSM 14882 本株直接证据。		2	0				精确 RU820/WP/AFE 查询已获取全部命中页；旧的 gene/product 宽泛查询曾达到100条上限，宽泛命中只保留汇总计数。	0	"""RU820_RS04780"" OR ""WP_407918983.1"" OR ""AFE_0996"""	Europe PMC REST search API; identifiers only (RU820, WP, old AFE)	0	0	1	0		0		capped at 100; broad gene/product terms caused excess results; only counts retained	all result pages retrieved	"""RU820_RS04780"" OR ""WP_407918983.1"" OR ""AFE_0996"" OR ""helix-turn-helix domain-containing protein"""	100	2	2
922	RU820_RS04785	WP_012606708.1		hypothetical protein	AFE_0997	2026-09-25	Europe PMC REST search API	"""RU820_RS04785"" OR ""WP_012606708.1"" OR ""AFE_0997"""	query_ok	0	0	0			检索式已执行；Europe PMC 返回未见摘要精确别名命中；不等于无原始论文。	见关联来源 ID；来源表给出摘要/全文可核事实及边界。没有来源时不作直接测量结论。	同名基因、DY26/DC、ATCC 19859 等异株结果分别标识，不转为 ATCC 23270/DSM 14882 本株直接证据。		0	0				PageSize=100，未达上限；摘要精确别名命中数仅按所返记录计算。	0															
923	RU820_RS04790	WP_158303815.1		XRE family transcriptional regulator	AFE_0998	2026-09-26	Europe PMC REST search API	"""RU820_RS04790"" OR ""WP_158303815.1"" OR ""AFE_0998"""	all result pages retrieved	1	0	1	DOI:10.3390/ijms140816901	否	全文检索命中 AFE_0998；论文针对 ATCC23270 基因组做生物信息预测，报告 putative transcriptional regulator 与预测结合位点；没有该基因的湿实验验证。	无该基因直接实验测量；全文计算分析将 AFE_0998 列为 putative transcriptional regulator，并预测启动子结合位点/基序。	本株基因组的计算预测证据，不能当作基因功能实验或表达/酶活实测。		1	1	DOI:10.3390/ijms140816901	DOI:10.3390/ijms140816901	G54-S009	44个曾被广义查询截断的位点均已以RU820/WP/旧AFE标识符检索并取完全部页；本行精确查询只有1条，摘要未命中，全文核实后关联S009。	1	"""RU820_RS04790"" OR ""WP_158303815.1"" OR ""AFE_0998"""	Europe PMC REST search API; identifiers only (RU820, WP, old AFE)	1	1	1	0		1		capped at 100; broad gene/product terms caused excess results; only counts retained	all result pages retrieved	"""RU820_RS04790"" OR ""WP_158303815.1"" OR ""AFE_0998"" OR ""XRE family transcriptional regulator"""	100	11	11
924	RU820_RS04795	WP_012606710.1		Cro/CI family transcriptional regulator	AFE_0999	2026-09-25	Europe PMC REST search API	"""RU820_RS04795"" OR ""WP_012606710.1"" OR ""AFE_0999"" OR ""Cro/CI family transcriptional regulator"""	query_ok	30	0	0		是	检索式已执行；Europe PMC 返回未见摘要精确别名命中；不等于无原始论文。	见关联来源 ID；来源表给出摘要/全文可核事实及边界。没有来源时不作直接测量结论。	同名基因、DY26/DC、ATCC 19859 等异株结果分别标识，不转为 ATCC 23270/DSM 14882 本株直接证据。		0	0				PageSize=100，未达上限；摘要精确别名命中数仅按所返记录计算。	0															
925	RU820_RS04800	WP_041645360.1		hypothetical protein	未确认	2026-09-25	Europe PMC REST search API	"""RU820_RS04800"" OR ""WP_041645360.1"""	query_ok	0	0	0			检索式已执行；Europe PMC 返回未见摘要精确别名命中；不等于无原始论文。	见关联来源 ID；来源表给出摘要/全文可核事实及边界。没有来源时不作直接测量结论。	同名基因、DY26/DC、ATCC 19859 等异株结果分别标识，不转为 ATCC 23270/DSM 14882 本株直接证据。		0	0				PageSize=100，未达上限；摘要精确别名命中数仅按所返记录计算。	0															
926	RU820_RS04805	WP_012606711.1		BRO-N domain-containing protein	AFE_1000	2026-09-25	Europe PMC REST search API	"""RU820_RS04805"" OR ""WP_012606711.1"" OR ""AFE_1000"" OR ""BRO-N domain-containing protein"""	query_ok	11	0	0		是	检索式已执行；Europe PMC 返回未见摘要精确别名命中；不等于无原始论文。	见关联来源 ID；来源表给出摘要/全文可核事实及边界。没有来源时不作直接测量结论。	同名基因、DY26/DC、ATCC 19859 等异株结果分别标识，不转为 ATCC 23270/DSM 14882 本株直接证据。		0	0				PageSize=100，未达上限；摘要精确别名命中数仅按所返记录计算。	0															
927	RU820_RS04810	WP_012606712.1		hypothetical protein	AFE_1001	2026-09-25	Europe PMC REST search API	"""RU820_RS04810"" OR ""WP_012606712.1"" OR ""AFE_1001"""	query_ok	0	0	0			检索式已执行；Europe PMC 返回未见摘要精确别名命中；不等于无原始论文。	见关联来源 ID；来源表给出摘要/全文可核事实及边界。没有来源时不作直接测量结论。	同名基因、DY26/DC、ATCC 19859 等异株结果分别标识，不转为 ATCC 23270/DSM 14882 本株直接证据。		0	0				PageSize=100，未达上限；摘要精确别名命中数仅按所返记录计算。	0															
928	RU820_RS04815	WP_049759407.1		DUF6475 domain-containing protein	AFE_1002	2026-09-25	Europe PMC REST search API	"""RU820_RS04815"" OR ""WP_049759407.1"" OR ""AFE_1002"" OR ""DUF6475 domain-containing protein"""	query_ok	0	0	0			检索式已执行；Europe PMC 返回未见摘要精确别名命中；不等于无原始论文。	见关联来源 ID；来源表给出摘要/全文可核事实及边界。没有来源时不作直接测量结论。	同名基因、DY26/DC、ATCC 19859 等异株结果分别标识，不转为 ATCC 23270/DSM 14882 本株直接证据。		0	0				PageSize=100，未达上限；摘要精确别名命中数仅按所返记录计算。	0															
929	RU820_RS04820	WP_012606714.1		hypothetical protein	AFE_1003	2026-09-25	Europe PMC REST search API	"""RU820_RS04820"" OR ""WP_012606714.1"" OR ""AFE_1003"""	query_ok	0	0	0			检索式已执行；Europe PMC 返回未见摘要精确别名命中；不等于无原始论文。	见关联来源 ID；来源表给出摘要/全文可核事实及边界。没有来源时不作直接测量结论。	同名基因、DY26/DC、ATCC 19859 等异株结果分别标识，不转为 ATCC 23270/DSM 14882 本株直接证据。		0	0				PageSize=100，未达上限；摘要精确别名命中数仅按所返记录计算。	0															
930	RU820_RS04825	WP_012606715.1		hypothetical protein	AFE_1004	2026-09-25	Europe PMC REST search API	"""RU820_RS04825"" OR ""WP_012606715.1"" OR ""AFE_1004"""	query_ok	0	0	0			检索式已执行；Europe PMC 返回未见摘要精确别名命中；不等于无原始论文。	见关联来源 ID；来源表给出摘要/全文可核事实及边界。没有来源时不作直接测量结论。	同名基因、DY26/DC、ATCC 19859 等异株结果分别标识，不转为 ATCC 23270/DSM 14882 本株直接证据。		0	0				PageSize=100，未达上限；摘要精确别名命中数仅按所返记录计算。	0															
931	RU820_RS04830	WP_148208596.1		hypothetical protein	AFE_1005	2026-09-25	Europe PMC REST search API	"""RU820_RS04830"" OR ""WP_148208596.1"" OR ""AFE_1005"""	query_ok	0	0	0			检索式已执行；Europe PMC 返回未见摘要精确别名命中；不等于无原始论文。	见关联来源 ID；来源表给出摘要/全文可核事实及边界。没有来源时不作直接测量结论。	同名基因、DY26/DC、ATCC 19859 等异株结果分别标识，不转为 ATCC 23270/DSM 14882 本株直接证据。		0	0				PageSize=100，未达上限；摘要精确别名命中数仅按所返记录计算。	0															
932	RU820_RS04835	WP_012606717.1		hypothetical protein	AFE_1006	2026-09-25	Europe PMC REST search API	"""RU820_RS04835"" OR ""WP_012606717.1"" OR ""AFE_1006"""	query_ok	0	0	0			检索式已执行；Europe PMC 返回未见摘要精确别名命中；不等于无原始论文。	见关联来源 ID；来源表给出摘要/全文可核事实及边界。没有来源时不作直接测量结论。	同名基因、DY26/DC、ATCC 19859 等异株结果分别标识，不转为 ATCC 23270/DSM 14882 本株直接证据。		0	0				PageSize=100，未达上限；摘要精确别名命中数仅按所返记录计算。	0															
933	RU820_RS04840	WP_012606718.1		transglycosylase SLT domain-containing protein	AFE_1007	2026-09-25	Europe PMC REST search API	"""RU820_RS04840"" OR ""WP_012606718.1"" OR ""AFE_1007"" OR ""transglycosylase SLT domain-containing protein"""	query_ok	23	0	0		是	检索式已执行；Europe PMC 返回未见摘要精确别名命中；不等于无原始论文。	见关联来源 ID；来源表给出摘要/全文可核事实及边界。没有来源时不作直接测量结论。	同名基因、DY26/DC、ATCC 19859 等异株结果分别标识，不转为 ATCC 23270/DSM 14882 本株直接证据。		0	0				PageSize=100，未达上限；摘要精确别名命中数仅按所返记录计算。	0															
934	RU820_RS04845	WP_041645365.1		hypothetical protein	AFE_1008	2026-09-25	Europe PMC REST search API	"""RU820_RS04845"" OR ""WP_041645365.1"" OR ""AFE_1008"""	query_ok	0	0	0			检索式已执行；Europe PMC 返回未见摘要精确别名命中；不等于无原始论文。	见关联来源 ID；来源表给出摘要/全文可核事实及边界。没有来源时不作直接测量结论。	同名基因、DY26/DC、ATCC 19859 等异株结果分别标识，不转为 ATCC 23270/DSM 14882 本株直接证据。		0	0				PageSize=100，未达上限；摘要精确别名命中数仅按所返记录计算。	0															
935	RU820_RS04850	WP_012606721.1		hypothetical protein	AFE_1010	2026-09-25	Europe PMC REST search API	"""RU820_RS04850"" OR ""WP_012606721.1"" OR ""AFE_1010"""	query_ok	0	0	0			检索式已执行；Europe PMC 返回未见摘要精确别名命中；不等于无原始论文。	见关联来源 ID；来源表给出摘要/全文可核事实及边界。没有来源时不作直接测量结论。	同名基因、DY26/DC、ATCC 19859 等异株结果分别标识，不转为 ATCC 23270/DSM 14882 本株直接证据。		0	0				PageSize=100，未达上限；摘要精确别名命中数仅按所返记录计算。	0															
936	RU820_RS04855	WP_012606723.1		hypothetical protein	AFE_1012	2026-09-25	Europe PMC REST search API	"""RU820_RS04855"" OR ""WP_012606723.1"" OR ""AFE_1012"""	query_ok	0	0	0			检索式已执行；Europe PMC 返回未见摘要精确别名命中；不等于无原始论文。	见关联来源 ID；来源表给出摘要/全文可核事实及边界。没有来源时不作直接测量结论。	同名基因、DY26/DC、ATCC 19859 等异株结果分别标识，不转为 ATCC 23270/DSM 14882 本株直接证据。		0	0				PageSize=100，未达上限；摘要精确别名命中数仅按所返记录计算。	0															
937	RU820_RS04860	WP_012606724.1	topA	type I DNA topoisomerase	AFE_1013	2026-09-26	Europe PMC REST search API	"""RU820_RS04860"" OR ""WP_012606724.1"" OR ""AFE_1013"""	all result pages retrieved	0	0	0		否	仅有通用 gene/product 名称摘要命中；筛后未识别到精确本株来源，异株/同名命中不计作本株验证。	见关联来源 ID；来源表给出摘要/全文可核事实及边界。没有来源时不作直接测量结论。	同名基因、DY26/DC、ATCC 19859 等异株结果分别标识，不转为 ATCC 23270/DSM 14882 本株直接证据。		20	0				精确 RU820/WP/AFE 查询已获取全部命中页；旧的 gene/product 宽泛查询曾达到100条上限，宽泛命中只保留汇总计数。	0	"""RU820_RS04860"" OR ""WP_012606724.1"" OR ""AFE_1013"""	Europe PMC REST search API; identifiers only (RU820, WP, old AFE)	0	0	1	0		0		capped at 100; broad gene/product terms caused excess results; only counts retained	all result pages retrieved	"""RU820_RS04860"" OR ""WP_012606724.1"" OR ""topA"" OR ""AFE_1013"""	100	22	20
938	RU820_RS04865	WP_041645368.1		YkgJ family cysteine cluster protein	AFE_1014	2026-09-25	Europe PMC REST search API	"""RU820_RS04865"" OR ""WP_041645368.1"" OR ""AFE_1014"" OR ""YkgJ family cysteine cluster protein"""	query_ok	7	0	0		是	检索式已执行；Europe PMC 返回未见摘要精确别名命中；不等于无原始论文。	见关联来源 ID；来源表给出摘要/全文可核事实及边界。没有来源时不作直接测量结论。	同名基因、DY26/DC、ATCC 19859 等异株结果分别标识，不转为 ATCC 23270/DSM 14882 本株直接证据。		0	0				PageSize=100，未达上限；摘要精确别名命中数仅按所返记录计算。	0															
939	RU820_RS04870	WP_148208597.1		hypothetical protein	AFE_1015	2026-09-25	Europe PMC REST search API	"""RU820_RS04870"" OR ""WP_148208597.1"" OR ""AFE_1015"""	query_ok	0	0	0			检索式已执行；Europe PMC 返回未见摘要精确别名命中；不等于无原始论文。	见关联来源 ID；来源表给出摘要/全文可核事实及边界。没有来源时不作直接测量结论。	同名基因、DY26/DC、ATCC 19859 等异株结果分别标识，不转为 ATCC 23270/DSM 14882 本株直接证据。		0	0				PageSize=100，未达上限；摘要精确别名命中数仅按所返记录计算。	0															
940	RU820_RS04875	WP_012606727.1		disulfide bond formation protein B	AFE_1016	2026-09-25	Europe PMC REST search API	"""RU820_RS04875"" OR ""WP_012606727.1"" OR ""AFE_1016"" OR ""disulfide bond formation protein B"""	query_ok	49	8	8		否	仅有通用 gene/product 名称摘要命中；筛后未识别到精确本株来源，异株/同名命中不计作本株验证。	见关联来源 ID；来源表给出摘要/全文可核事实及边界。没有来源时不作直接测量结论。	同名基因、DY26/DC、ATCC 19859 等异株结果分别标识，不转为 ATCC 23270/DSM 14882 本株直接证据。		8	0				PageSize=100，未达上限；摘要精确别名命中数仅按所返记录计算。	0															
941	RU820_RS04880	WP_012606728.1		hypothetical protein	AFE_1017	2026-09-25	Europe PMC REST search API	"""RU820_RS04880"" OR ""WP_012606728.1"" OR ""AFE_1017"""	query_ok	0	0	0			检索式已执行；Europe PMC 返回未见摘要精确别名命中；不等于无原始论文。	见关联来源 ID；来源表给出摘要/全文可核事实及边界。没有来源时不作直接测量结论。	同名基因、DY26/DC、ATCC 19859 等异株结果分别标识，不转为 ATCC 23270/DSM 14882 本株直接证据。		0	0				PageSize=100，未达上限；摘要精确别名命中数仅按所返记录计算。	0															
942	RU820_RS04885	WP_012606729.1		thioredoxin fold domain-containing protein	AFE_1018	2026-09-25	Europe PMC REST search API	"""RU820_RS04885"" OR ""WP_012606729.1"" OR ""AFE_1018"" OR ""thioredoxin fold domain-containing protein"""	query_ok	14	0	0		是	检索式已执行；Europe PMC 返回未见摘要精确别名命中；不等于无原始论文。	见关联来源 ID；来源表给出摘要/全文可核事实及边界。没有来源时不作直接测量结论。	同名基因、DY26/DC、ATCC 19859 等异株结果分别标识，不转为 ATCC 23270/DSM 14882 本株直接证据。		0	0				PageSize=100，未达上限；摘要精确别名命中数仅按所返记录计算。	0															
943	RU820_RS04890	WP_041645372.1		hypothetical protein	未确认	2026-09-25	Europe PMC REST search API	"""RU820_RS04890"" OR ""WP_041645372.1"""	query_ok	0	0	0			检索式已执行；Europe PMC 返回未见摘要精确别名命中；不等于无原始论文。	见关联来源 ID；来源表给出摘要/全文可核事实及边界。没有来源时不作直接测量结论。	同名基因、DY26/DC、ATCC 19859 等异株结果分别标识，不转为 ATCC 23270/DSM 14882 本株直接证据。		0	0				PageSize=100，未达上限；摘要精确别名命中数仅按所返记录计算。	0															
944	RU820_RS04895	WP_012606731.1		hypothetical protein	AFE_1020	2026-09-25	Europe PMC REST search API	"""RU820_RS04895"" OR ""WP_012606731.1"" OR ""AFE_1020"""	query_ok	0	0	0			检索式已执行；Europe PMC 返回未见摘要精确别名命中；不等于无原始论文。	见关联来源 ID；来源表给出摘要/全文可核事实及边界。没有来源时不作直接测量结论。	同名基因、DY26/DC、ATCC 19859 等异株结果分别标识，不转为 ATCC 23270/DSM 14882 本株直接证据。		0	0				PageSize=100，未达上限；摘要精确别名命中数仅按所返记录计算。	0															
945	RU820_RS04900	WP_012606732.1		hypothetical protein	AFE_1021	2026-09-25	Europe PMC REST search API	"""RU820_RS04900"" OR ""WP_012606732.1"" OR ""AFE_1021"""	query_ok	0	0	0			检索式已执行；Europe PMC 返回未见摘要精确别名命中；不等于无原始论文。	见关联来源 ID；来源表给出摘要/全文可核事实及边界。没有来源时不作直接测量结论。	同名基因、DY26/DC、ATCC 19859 等异株结果分别标识，不转为 ATCC 23270/DSM 14882 本株直接证据。		0	0				PageSize=100，未达上限；摘要精确别名命中数仅按所返记录计算。	0															
946	RU820_RS04905	WP_049759412.1		patatin-like phospholipase family protein	AFE_1022	2026-09-25	Europe PMC REST search API	"""RU820_RS04905"" OR ""WP_049759412.1"" OR ""AFE_1022"" OR ""patatin-like phospholipase family protein"""	query_ok	37	0	0		是	检索式已执行；Europe PMC 返回未见摘要精确别名命中；不等于无原始论文。	见关联来源 ID；来源表给出摘要/全文可核事实及边界。没有来源时不作直接测量结论。	同名基因、DY26/DC、ATCC 19859 等异株结果分别标识，不转为 ATCC 23270/DSM 14882 本株直接证据。		0	0				PageSize=100，未达上限；摘要精确别名命中数仅按所返记录计算。	0															
947	RU820_RS04910	WP_012606734.1	iscB	RNA-guided endonuclease IscB	AFE_1023	2026-09-26	Europe PMC REST search API	"""RU820_RS04910"" OR ""WP_012606734.1"" OR ""AFE_1023"""	all result pages retrieved	0	0	0		否	仅有通用 gene/product 名称摘要命中；筛后未识别到精确本株来源，异株/同名命中不计作本株验证。	见关联来源 ID；来源表给出摘要/全文可核事实及边界。没有来源时不作直接测量结论。	同名基因、DY26/DC、ATCC 19859 等异株结果分别标识，不转为 ATCC 23270/DSM 14882 本株直接证据。		46	0				精确 RU820/WP/AFE 查询已获取全部命中页；旧的 gene/product 宽泛查询曾达到100条上限，宽泛命中只保留汇总计数。	0	"""RU820_RS04910"" OR ""WP_012606734.1"" OR ""AFE_1023"""	Europe PMC REST search API; identifiers only (RU820, WP, old AFE)	0	0	1	0		0		capped at 100; broad gene/product terms caused excess results; only counts retained	all result pages retrieved	"""RU820_RS04910"" OR ""WP_012606734.1"" OR ""iscB"" OR ""AFE_1023"""	100	60	46
948	RU820_RS04915	WP_012606735.1		metalloprotease	AFE_1024	2026-09-26	Europe PMC REST search API	"""RU820_RS04915"" OR ""WP_012606735.1"" OR ""AFE_1024"""	all result pages retrieved	0	0	0		否	仅有通用 gene/product 名称摘要命中；筛后未识别到精确本株来源，异株/同名命中不计作本株验证。	见关联来源 ID；来源表给出摘要/全文可核事实及边界。没有来源时不作直接测量结论。	同名基因、DY26/DC、ATCC 19859 等异株结果分别标识，不转为 ATCC 23270/DSM 14882 本株直接证据。		86	0				精确 RU820/WP/AFE 查询已获取全部命中页；旧的 gene/product 宽泛查询曾达到100条上限，宽泛命中只保留汇总计数。	0	"""RU820_RS04915"" OR ""WP_012606735.1"" OR ""AFE_1024"""	Europe PMC REST search API; identifiers only (RU820, WP, old AFE)	0	0	1	0		0		capped at 100; broad gene/product terms caused excess results; only counts retained	all result pages retrieved	"""RU820_RS04915"" OR ""WP_012606735.1"" OR ""AFE_1024"" OR ""metalloprotease"""	100	88	86
949	RU820_RS04920	WP_041645376.1		hypothetical protein	未确认	2026-09-25	Europe PMC REST search API	"""RU820_RS04920"" OR ""WP_041645376.1"""	query_ok	0	0	0			检索式已执行；Europe PMC 返回未见摘要精确别名命中；不等于无原始论文。	见关联来源 ID；来源表给出摘要/全文可核事实及边界。没有来源时不作直接测量结论。	同名基因、DY26/DC、ATCC 19859 等异株结果分别标识，不转为 ATCC 23270/DSM 14882 本株直接证据。		0	0				PageSize=100，未达上限；摘要精确别名命中数仅按所返记录计算。	0															
950	RU820_RS04925	WP_148208598.1		hypothetical protein	未确认	2026-09-25	Europe PMC REST search API	"""RU820_RS04925"" OR ""WP_148208598.1"""	query_ok	0	0	0			检索式已执行；Europe PMC 返回未见摘要精确别名命中；不等于无原始论文。	见关联来源 ID；来源表给出摘要/全文可核事实及边界。没有来源时不作直接测量结论。	同名基因、DY26/DC、ATCC 19859 等异株结果分别标识，不转为 ATCC 23270/DSM 14882 本株直接证据。		0	0				PageSize=100，未达上限；摘要精确别名命中数仅按所返记录计算。	0															
951	RU820_RS04930	WP_012606739.1		phospholipase D-like domain-containing protein	AFE_1028	2026-09-25	Europe PMC REST search API	"""RU820_RS04930"" OR ""WP_012606739.1"" OR ""AFE_1028"" OR ""phospholipase D-like domain-containing protein"""	query_ok	3	0	0		是	检索式已执行；Europe PMC 返回未见摘要精确别名命中；不等于无原始论文。	见关联来源 ID；来源表给出摘要/全文可核事实及边界。没有来源时不作直接测量结论。	同名基因、DY26/DC、ATCC 19859 等异株结果分别标识，不转为 ATCC 23270/DSM 14882 本株直接证据。		0	0				PageSize=100，未达上限；摘要精确别名命中数仅按所返记录计算。	0															
952	RU820_RS04935	WP_012606740.1		SIMPL domain-containing protein	AFE_1029	2026-09-25	Europe PMC REST search API	"""RU820_RS04935"" OR ""WP_012606740.1"" OR ""AFE_1029"" OR ""SIMPL domain-containing protein"""	query_ok	9	1	1		否	仅有通用 gene/product 名称摘要命中；筛后未识别到精确本株来源，异株/同名命中不计作本株验证。	见关联来源 ID；来源表给出摘要/全文可核事实及边界。没有来源时不作直接测量结论。	同名基因、DY26/DC、ATCC 19859 等异株结果分别标识，不转为 ATCC 23270/DSM 14882 本株直接证据。		1	0				PageSize=100，未达上限；摘要精确别名命中数仅按所返记录计算。	0															
953	RU820_RS04940	WP_012606741.1		hypothetical protein	AFE_1030	2026-09-25	Europe PMC REST search API	"""RU820_RS04940"" OR ""WP_012606741.1"" OR ""AFE_1030"""	query_ok	0	0	0			检索式已执行；Europe PMC 返回未见摘要精确别名命中；不等于无原始论文。	见关联来源 ID；来源表给出摘要/全文可核事实及边界。没有来源时不作直接测量结论。	同名基因、DY26/DC、ATCC 19859 等异株结果分别标识，不转为 ATCC 23270/DSM 14882 本株直接证据。		0	0				PageSize=100，未达上限；摘要精确别名命中数仅按所返记录计算。	0															
954	RU820_RS04945	WP_012606742.1		plasmid mobilization protein	AFE_1031	2026-09-25	Europe PMC REST search API	"""RU820_RS04945"" OR ""WP_012606742.1"" OR ""AFE_1031"" OR ""plasmid mobilization protein"""	query_ok	34	0	0		是	检索式已执行；Europe PMC 返回未见摘要精确别名命中；不等于无原始论文。	见关联来源 ID；来源表给出摘要/全文可核事实及边界。没有来源时不作直接测量结论。	同名基因、DY26/DC、ATCC 19859 等异株结果分别标识，不转为 ATCC 23270/DSM 14882 本株直接证据。		0	0				PageSize=100，未达上限；摘要精确别名命中数仅按所返记录计算。	0															
955	RU820_RS04950	WP_148208600.1		hypothetical protein	AFE_1032	2026-09-25	Europe PMC REST search API	"""RU820_RS04950"" OR ""WP_148208600.1"" OR ""AFE_1032"""	query_ok	0	0	0			检索式已执行；Europe PMC 返回未见摘要精确别名命中；不等于无原始论文。	见关联来源 ID；来源表给出摘要/全文可核事实及边界。没有来源时不作直接测量结论。	同名基因、DY26/DC、ATCC 19859 等异株结果分别标识，不转为 ATCC 23270/DSM 14882 本株直接证据。		0	0				PageSize=100，未达上限；摘要精确别名命中数仅按所返记录计算。	0															
956	RU820_RS04955	WP_012606744.1		IS607-like element ISAfe10 family transposase	AFE_1033	2026-09-25	Europe PMC REST search API	"""RU820_RS04955"" OR ""WP_012606744.1"" OR ""AFE_1033"" OR ""IS607-like element ISAfe10 family transposase"""	query_ok	0	0	0			检索式已执行；Europe PMC 返回未见摘要精确别名命中；不等于无原始论文。	见关联来源 ID；来源表给出摘要/全文可核事实及边界。没有来源时不作直接测量结论。	同名基因、DY26/DC、ATCC 19859 等异株结果分别标识，不转为 ATCC 23270/DSM 14882 本株直接证据。		0	0				PageSize=100，未达上限；摘要精确别名命中数仅按所返记录计算。	0															
957	RU820_RS04960	WP_012606745.1		zinc ribbon domain-containing protein	AFE_1034	2026-09-25	Europe PMC REST search API	"""RU820_RS04960"" OR ""WP_012606745.1"" OR ""AFE_1034"" OR ""zinc ribbon domain-containing protein"""	query_ok	43	1	1		否	仅有通用 gene/product 名称摘要命中；筛后未识别到精确本株来源，异株/同名命中不计作本株验证。	见关联来源 ID；来源表给出摘要/全文可核事实及边界。没有来源时不作直接测量结论。	同名基因、DY26/DC、ATCC 19859 等异株结果分别标识，不转为 ATCC 23270/DSM 14882 本株直接证据。		1	0				PageSize=100，未达上限；摘要精确别名命中数仅按所返记录计算。	0															
958	RU820_RS04965	WP_158303816.1		SET domain-containing protein-lysine N-methyltransferase	AFE_1035	2026-09-25	Europe PMC REST search API	"""RU820_RS04965"" OR ""WP_158303816.1"" OR ""AFE_1035"" OR ""SET domain-containing protein-lysine N-methyltransferase"""	query_ok	1	0	0		是	检索式已执行；Europe PMC 返回未见摘要精确别名命中；不等于无原始论文。	见关联来源 ID；来源表给出摘要/全文可核事实及边界。没有来源时不作直接测量结论。	同名基因、DY26/DC、ATCC 19859 等异株结果分别标识，不转为 ATCC 23270/DSM 14882 本株直接证据。		0	0				PageSize=100，未达上限；摘要精确别名命中数仅按所返记录计算。	0															
959	RU820_RS04970	WP_041645389.1	csf4	type IV CRISPR-associated DEAD/DEAH-box helicase Csf4	AFE_1037	2026-09-26	Europe PMC REST search API	"""RU820_RS04970"" OR ""WP_041645389.1"" OR ""AFE_1037"""	all result pages retrieved	3	0	3	DOI:10.1038/nrmicro2577; DOI:10.1007/978-1-4939-2687-9_4; DOI:10.1186/1745-6150-6-38	否	仅有通用 gene/product 名称摘要命中；筛后未识别到精确本株来源，异株/同名命中不计作本株验证。	见关联来源 ID；来源表给出摘要/全文可核事实及边界。没有来源时不作直接测量结论。	同名基因、DY26/DC、ATCC 19859 等异株结果分别标识，不转为 ATCC 23270/DSM 14882 本株直接证据。		3	0				精确 RU820/WP/AFE 查询已获取全部命中页；旧的 gene/product 宽泛查询曾达到100条上限，宽泛命中只保留汇总计数。	0	"""RU820_RS04970"" OR ""WP_041645389.1"" OR ""AFE_1037"""	Europe PMC REST search API; identifiers only (RU820, WP, old AFE)	3	3	1	0		3		capped at 100; broad gene/product terms caused excess results; only counts retained	all result pages retrieved	"""RU820_RS04970"" OR ""WP_041645389.1"" OR ""csf4"" OR ""AFE_1037"""	100	3	3
960	RU820_RS04975	WP_012606749.1	csf1	type IV CRISPR-associated protein Csf1	AFE_1038	2026-09-26	Europe PMC REST search API	"""RU820_RS04975"" OR ""WP_012606749.1"" OR ""AFE_1038"""	all result pages retrieved	2	0	2	DOI:10.1038/nrmicro2577; DOI:10.1186/1745-6150-6-38	否	仅有通用 gene/product 名称摘要命中；筛后未识别到精确本株来源，异株/同名命中不计作本株验证。	见关联来源 ID；来源表给出摘要/全文可核事实及边界。没有来源时不作直接测量结论。	同名基因、DY26/DC、ATCC 19859 等异株结果分别标识，不转为 ATCC 23270/DSM 14882 本株直接证据。		2	0				精确 RU820/WP/AFE 查询已获取全部命中页；旧的 gene/product 宽泛查询曾达到100条上限，宽泛命中只保留汇总计数。	0	"""RU820_RS04975"" OR ""WP_012606749.1"" OR ""AFE_1038"""	Europe PMC REST search API; identifiers only (RU820, WP, old AFE)	2	2	1	0		2		capped at 100; broad gene/product terms caused excess results; only counts retained	all result pages retrieved	"""RU820_RS04975"" OR ""WP_012606749.1"" OR ""csf1"" OR ""AFE_1038"""	100	75	74
961	RU820_RS04980	WP_012606750.1	csf2	type IV CRISPR-associated protein Csf2	AFE_1039	2026-09-26	Europe PMC REST search API	"""RU820_RS04980"" OR ""WP_012606750.1"" OR ""AFE_1039"""	all result pages retrieved	1	0	1	DOI:10.1038/nrmicro2577	否	仅有通用 gene/product 名称摘要命中；筛后未识别到精确本株来源，异株/同名命中不计作本株验证。	见关联来源 ID；来源表给出摘要/全文可核事实及边界。没有来源时不作直接测量结论。	同名基因、DY26/DC、ATCC 19859 等异株结果分别标识，不转为 ATCC 23270/DSM 14882 本株直接证据。		1	0				精确 RU820/WP/AFE 查询已获取全部命中页；旧的 gene/product 宽泛查询曾达到100条上限，宽泛命中只保留汇总计数。	0	"""RU820_RS04980"" OR ""WP_012606750.1"" OR ""AFE_1039"""	Europe PMC REST search API; identifiers only (RU820, WP, old AFE)	1	1	1	0		1		capped at 100; broad gene/product terms caused excess results; only counts retained	all result pages retrieved	"""RU820_RS04980"" OR ""WP_012606750.1"" OR ""csf2"" OR ""AFE_1039"""	100	59	59
962	RU820_RS04985	WP_012606751.1	csf3	type IV CRISPR-associated protein Csf3	AFE_1040	2026-09-26	Europe PMC REST search API	"""RU820_RS04985"" OR ""WP_012606751.1"" OR ""AFE_1040"""	all result pages retrieved	3	0	3	DOI:10.1038/nrmicro2577; DOI:10.1007/978-1-4939-2687-9_4; DOI:10.1186/1745-6150-6-38	否	仅有通用 gene/product 名称摘要命中；筛后未识别到精确本株来源，异株/同名命中不计作本株验证。	见关联来源 ID；来源表给出摘要/全文可核事实及边界。没有来源时不作直接测量结论。	同名基因、DY26/DC、ATCC 19859 等异株结果分别标识，不转为 ATCC 23270/DSM 14882 本株直接证据。		3	0				精确 RU820/WP/AFE 查询已获取全部命中页；旧的 gene/product 宽泛查询曾达到100条上限，宽泛命中只保留汇总计数。	0	"""RU820_RS04985"" OR ""WP_012606751.1"" OR ""AFE_1040"""	Europe PMC REST search API; identifiers only (RU820, WP, old AFE)	3	3	1	0		3		capped at 100; broad gene/product terms caused excess results; only counts retained	all result pages retrieved	"""RU820_RS04985"" OR ""WP_012606751.1"" OR ""csf3"" OR ""AFE_1040"""	100	46	45
963	RU820_RS04990	WP_041645393.1		type I-F CRISPR-associated endoribonuclease Cas6/Csy4	AFE_1042	2026-09-25	Europe PMC REST search API	"""RU820_RS04990"" OR ""WP_041645393.1"" OR ""AFE_1042"" OR ""type I-F CRISPR-associated endoribonuclease Cas6/Csy4"""	query_ok	8	0	0		是	检索式已执行；Europe PMC 返回未见摘要精确别名命中；不等于无原始论文。	见关联来源 ID；来源表给出摘要/全文可核事实及边界。没有来源时不作直接测量结论。	同名基因、DY26/DC、ATCC 19859 等异株结果分别标识，不转为 ATCC 23270/DSM 14882 本株直接证据。		0	0				PageSize=100，未达上限；摘要精确别名命中数仅按所返记录计算。	0															
964	RU820_RS04995	WP_158303817.1		hypothetical protein	未确认	2026-09-25	Europe PMC REST search API	"""RU820_RS04995"" OR ""WP_158303817.1"""	query_ok	0	0	0			检索式已执行；Europe PMC 返回未见摘要精确别名命中；不等于无原始论文。	见关联来源 ID；来源表给出摘要/全文可核事实及边界。没有来源时不作直接测量结论。	同名基因、DY26/DC、ATCC 19859 等异株结果分别标识，不转为 ATCC 23270/DSM 14882 本株直接证据。		0	0				PageSize=100，未达上限；摘要精确别名命中数仅按所返记录计算。	0															
965	RU820_RS05000	WP_012606755.1		hypothetical protein	AFE_1045	2026-09-25	Europe PMC REST search API	"""RU820_RS05000"" OR ""WP_012606755.1"" OR ""AFE_1045"""	query_ok	0	0	0			检索式已执行；Europe PMC 返回未见摘要精确别名命中；不等于无原始论文。	见关联来源 ID；来源表给出摘要/全文可核事实及边界。没有来源时不作直接测量结论。	同名基因、DY26/DC、ATCC 19859 等异株结果分别标识，不转为 ATCC 23270/DSM 14882 本株直接证据。		0	0				PageSize=100，未达上限；摘要精确别名命中数仅按所返记录计算。	0															
966	RU820_RS05005	WP_148208601.1		hypothetical protein	未确认	2026-09-25	Europe PMC REST search API	"""RU820_RS05005"" OR ""WP_148208601.1"""	query_ok	0	0	0			检索式已执行；Europe PMC 返回未见摘要精确别名命中；不等于无原始论文。	见关联来源 ID；来源表给出摘要/全文可核事实及边界。没有来源时不作直接测量结论。	同名基因、DY26/DC、ATCC 19859 等异株结果分别标识，不转为 ATCC 23270/DSM 14882 本株直接证据。		0	0				PageSize=100，未达上限；摘要精确别名命中数仅按所返记录计算。	0															
967	RU820_RS05010	WP_012606757.1		ATP-dependent RecD-like DNA helicase	AFE_1047	2026-09-25	Europe PMC REST search API	"""RU820_RS05010"" OR ""WP_012606757.1"" OR ""AFE_1047"" OR ""ATP-dependent RecD-like DNA helicase"""	query_ok	14	0	0		是	检索式已执行；Europe PMC 返回未见摘要精确别名命中；不等于无原始论文。	见关联来源 ID；来源表给出摘要/全文可核事实及边界。没有来源时不作直接测量结论。	同名基因、DY26/DC、ATCC 19859 等异株结果分别标识，不转为 ATCC 23270/DSM 14882 本株直接证据。		0	0				PageSize=100，未达上限；摘要精确别名命中数仅按所返记录计算。	0															
968	RU820_RS05015	WP_012606758.1		hypothetical protein	AFE_1048	2026-09-25	Europe PMC REST search API	"""RU820_RS05015"" OR ""WP_012606758.1"" OR ""AFE_1048"""	query_ok	0	0	0			检索式已执行；Europe PMC 返回未见摘要精确别名命中；不等于无原始论文。	见关联来源 ID；来源表给出摘要/全文可核事实及边界。没有来源时不作直接测量结论。	同名基因、DY26/DC、ATCC 19859 等异株结果分别标识，不转为 ATCC 23270/DSM 14882 本株直接证据。		0	0				PageSize=100，未达上限；摘要精确别名命中数仅按所返记录计算。	0															
969	RU820_RS05020	WP_012606759.1		hypothetical protein	AFE_1049	2026-09-25	Europe PMC REST search API	"""RU820_RS05020"" OR ""WP_012606759.1"" OR ""AFE_1049"""	query_ok	0	0	0			检索式已执行；Europe PMC 返回未见摘要精确别名命中；不等于无原始论文。	见关联来源 ID；来源表给出摘要/全文可核事实及边界。没有来源时不作直接测量结论。	同名基因、DY26/DC、ATCC 19859 等异株结果分别标识，不转为 ATCC 23270/DSM 14882 本株直接证据。		0	0				PageSize=100，未达上限；摘要精确别名命中数仅按所返记录计算。	0															
970	RU820_RS05025	WP_041645405.1		hypothetical protein	未确认	2026-09-25	Europe PMC REST search API	"""RU820_RS05025"" OR ""WP_041645405.1"""	query_ok	0	0	0			检索式已执行；Europe PMC 返回未见摘要精确别名命中；不等于无原始论文。	见关联来源 ID；来源表给出摘要/全文可核事实及边界。没有来源时不作直接测量结论。	同名基因、DY26/DC、ATCC 19859 等异株结果分别标识，不转为 ATCC 23270/DSM 14882 本株直接证据。		0	0				PageSize=100，未达上限；摘要精确别名命中数仅按所返记录计算。	0															
971	RU820_RS05030	WP_269077298.1		phosphoadenosine phosphosulfate reductase family protein	AFE_1053	2026-09-25	Europe PMC REST search API	"""RU820_RS05030"" OR ""WP_269077298.1"" OR ""AFE_1053"" OR ""phosphoadenosine phosphosulfate reductase family protein"""	query_ok	8	0	0		是	检索式已执行；Europe PMC 返回未见摘要精确别名命中；不等于无原始论文。	见关联来源 ID；来源表给出摘要/全文可核事实及边界。没有来源时不作直接测量结论。	同名基因、DY26/DC、ATCC 19859 等异株结果分别标识，不转为 ATCC 23270/DSM 14882 本株直接证据。		0	0				PageSize=100，未达上限；摘要精确别名命中数仅按所返记录计算。	0															
972	RU820_RS05035	WP_012606764.1		hypothetical protein	AFE_1054	2026-09-25	Europe PMC REST search API	"""RU820_RS05035"" OR ""WP_012606764.1"" OR ""AFE_1054"""	query_ok	1	0	0		是	检索式已执行；Europe PMC 返回未见摘要精确别名命中；不等于无原始论文。	见关联来源 ID；来源表给出摘要/全文可核事实及边界。没有来源时不作直接测量结论。	同名基因、DY26/DC、ATCC 19859 等异株结果分别标识，不转为 ATCC 23270/DSM 14882 本株直接证据。		0	0				PageSize=100，未达上限；摘要精确别名命中数仅按所返记录计算。	0															
973	RU820_RS05040	WP_148208602.1		hypothetical protein	AFE_1055	2026-09-25	Europe PMC REST search API	"""RU820_RS05040"" OR ""WP_148208602.1"" OR ""AFE_1055"""	query_ok	1	0	0		是	检索式已执行；Europe PMC 返回未见摘要精确别名命中；不等于无原始论文。	见关联来源 ID；来源表给出摘要/全文可核事实及边界。没有来源时不作直接测量结论。	同名基因、DY26/DC、ATCC 19859 等异株结果分别标识，不转为 ATCC 23270/DSM 14882 本株直接证据。		0	0				PageSize=100，未达上限；摘要精确别名命中数仅按所返记录计算。	0															
974	RU820_RS05045	WP_041645412.1		hypothetical protein	AFE_1056	2026-09-25	Europe PMC REST search API	"""RU820_RS05045"" OR ""WP_041645412.1"" OR ""AFE_1056"""	query_ok	0	0	0			检索式已执行；Europe PMC 返回未见摘要精确别名命中；不等于无原始论文。	见关联来源 ID；来源表给出摘要/全文可核事实及边界。没有来源时不作直接测量结论。	同名基因、DY26/DC、ATCC 19859 等异株结果分别标识，不转为 ATCC 23270/DSM 14882 本株直接证据。		0	0				PageSize=100，未达上限；摘要精确别名命中数仅按所返记录计算。	0															
975	RU820_RS05050	WP_206382815.1		tetratricopeptide repeat-containing sulfotransferase family protein	未确认	2026-09-25	Europe PMC REST search API	"""RU820_RS05050"" OR ""WP_206382815.1"" OR ""tetratricopeptide repeat-containing sulfotransferase family protein"""	query_ok	0	0	0			检索式已执行；Europe PMC 返回未见摘要精确别名命中；不等于无原始论文。	见关联来源 ID；来源表给出摘要/全文可核事实及边界。没有来源时不作直接测量结论。	同名基因、DY26/DC、ATCC 19859 等异株结果分别标识，不转为 ATCC 23270/DSM 14882 本株直接证据。		0	0				PageSize=100，未达上限；摘要精确别名命中数仅按所返记录计算。	0															
976	RU820_RS05055	WP_012606768.1		RNA-guided endonuclease InsQ/TnpB family protein	AFE_1058	2026-09-25	Europe PMC REST search API	"""RU820_RS05055"" OR ""WP_012606768.1"" OR ""AFE_1058"" OR ""RNA-guided endonuclease InsQ/TnpB family protein"""	query_ok	2	0	0		是	检索式已执行；Europe PMC 返回未见摘要精确别名命中；不等于无原始论文。	见关联来源 ID；来源表给出摘要/全文可核事实及边界。没有来源时不作直接测量结论。	同名基因、DY26/DC、ATCC 19859 等异株结果分别标识，不转为 ATCC 23270/DSM 14882 本株直接证据。		0	0				PageSize=100，未达上限；摘要精确别名命中数仅按所返记录计算。	0															
977	RU820_RS05060	WP_148208603.1		hypothetical protein	AFE_1059	2026-09-25	Europe PMC REST search API	"""RU820_RS05060"" OR ""WP_148208603.1"" OR ""AFE_1059"""	query_ok	0	0	0			检索式已执行；Europe PMC 返回未见摘要精确别名命中；不等于无原始论文。	见关联来源 ID；来源表给出摘要/全文可核事实及边界。没有来源时不作直接测量结论。	同名基因、DY26/DC、ATCC 19859 等异株结果分别标识，不转为 ATCC 23270/DSM 14882 本株直接证据。		0	0				PageSize=100，未达上限；摘要精确别名命中数仅按所返记录计算。	0															
978	RU820_RS05065	WP_012606770.1		hypothetical protein	AFE_1060	2026-09-25	Europe PMC REST search API	"""RU820_RS05065"" OR ""WP_012606770.1"" OR ""AFE_1060"""	query_ok	0	0	0			检索式已执行；Europe PMC 返回未见摘要精确别名命中；不等于无原始论文。	见关联来源 ID；来源表给出摘要/全文可核事实及边界。没有来源时不作直接测量结论。	同名基因、DY26/DC、ATCC 19859 等异株结果分别标识，不转为 ATCC 23270/DSM 14882 本株直接证据。		0	0				PageSize=100，未达上限；摘要精确别名命中数仅按所返记录计算。	0															
979	RU820_RS05070	WP_012606771.1		hypothetical protein	AFE_1062	2026-09-25	Europe PMC REST search API	"""RU820_RS05070"" OR ""WP_012606771.1"" OR ""AFE_1062"""	query_ok	0	0	0			检索式已执行；Europe PMC 返回未见摘要精确别名命中；不等于无原始论文。	见关联来源 ID；来源表给出摘要/全文可核事实及边界。没有来源时不作直接测量结论。	同名基因、DY26/DC、ATCC 19859 等异株结果分别标识，不转为 ATCC 23270/DSM 14882 本株直接证据。		0	0				PageSize=100，未达上限；摘要精确别名命中数仅按所返记录计算。	0															
980	RU820_RS05075	WP_012606774.1		hypothetical protein	AFE_1064	2026-09-25	Europe PMC REST search API	"""RU820_RS05075"" OR ""WP_012606774.1"" OR ""AFE_1064"""	query_ok	0	0	0			检索式已执行；Europe PMC 返回未见摘要精确别名命中；不等于无原始论文。	见关联来源 ID；来源表给出摘要/全文可核事实及边界。没有来源时不作直接测量结论。	同名基因、DY26/DC、ATCC 19859 等异株结果分别标识，不转为 ATCC 23270/DSM 14882 本株直接证据。		0	0				PageSize=100，未达上限；摘要精确别名命中数仅按所返记录计算。	0															
981	RU820_RS05080	WP_049759491.1		lytic transglycosylase domain-containing protein	AFE_1065	2026-09-25	Europe PMC REST search API	"""RU820_RS05080"" OR ""WP_049759491.1"" OR ""AFE_1065"" OR ""lytic transglycosylase domain-containing protein"""	query_ok	25	1	1		否	仅有通用 gene/product 名称摘要命中；筛后未识别到精确本株来源，异株/同名命中不计作本株验证。	见关联来源 ID；来源表给出摘要/全文可核事实及边界。没有来源时不作直接测量结论。	同名基因、DY26/DC、ATCC 19859 等异株结果分别标识，不转为 ATCC 23270/DSM 14882 本株直接证据。		1	0				PageSize=100，未达上限；摘要精确别名命中数仅按所返记录计算。	0															
982	RU820_RS05085	WP_236608973.1		conjugal transfer protein TraF	AFE_1066	2026-09-25	Europe PMC REST search API	"""RU820_RS05085"" OR ""WP_236608973.1"" OR ""AFE_1066"" OR ""conjugal transfer protein TraF"""	query_ok	21	0	0		是	检索式已执行；Europe PMC 返回未见摘要精确别名命中；不等于无原始论文。	见关联来源 ID；来源表给出摘要/全文可核事实及边界。没有来源时不作直接测量结论。	同名基因、DY26/DC、ATCC 19859 等异株结果分别标识，不转为 ATCC 23270/DSM 14882 本株直接证据。		0	0				PageSize=100，未达上限；摘要精确别名命中数仅按所返记录计算。	0															
983	RU820_RS05090	WP_012606777.1		conjugal transfer protein TraH	AFE_1067	2026-09-25	Europe PMC REST search API	"""RU820_RS05090"" OR ""WP_012606777.1"" OR ""AFE_1067"" OR ""conjugal transfer protein TraH"""	query_ok	4	0	0		是	检索式已执行；Europe PMC 返回未见摘要精确别名命中；不等于无原始论文。	见关联来源 ID；来源表给出摘要/全文可核事实及边界。没有来源时不作直接测量结论。	同名基因、DY26/DC、ATCC 19859 等异株结果分别标识，不转为 ATCC 23270/DSM 14882 本株直接证据。		0	0				PageSize=100，未达上限；摘要精确别名命中数仅按所返记录计算。	0															
984	RU820_RS05095	WP_269077299.1		conjugal transfer protein TraG N-terminal domain-containing protein	AFE_1068	2026-09-25	Europe PMC REST search API	"""RU820_RS05095"" OR ""WP_269077299.1"" OR ""AFE_1068"" OR ""conjugal transfer protein TraG N-terminal domain-containing protein"""	query_ok	1	0	0		是	检索式已执行；Europe PMC 返回未见摘要精确别名命中；不等于无原始论文。	见关联来源 ID；来源表给出摘要/全文可核事实及边界。没有来源时不作直接测量结论。	同名基因、DY26/DC、ATCC 19859 等异株结果分别标识，不转为 ATCC 23270/DSM 14882 本株直接证据。		0	0				PageSize=100，未达上限；摘要精确别名命中数仅按所返记录计算。	0															
985	RU820_RS05100	WP_012606779.1		hypothetical protein	AFE_1069	2026-09-25	Europe PMC REST search API	"""RU820_RS05100"" OR ""WP_012606779.1"" OR ""AFE_1069"""	query_ok	0	0	0			检索式已执行；Europe PMC 返回未见摘要精确别名命中；不等于无原始论文。	见关联来源 ID；来源表给出摘要/全文可核事实及边界。没有来源时不作直接测量结论。	同名基因、DY26/DC、ATCC 19859 等异株结果分别标识，不转为 ATCC 23270/DSM 14882 本株直接证据。		0	0				PageSize=100，未达上限；摘要精确别名命中数仅按所返记录计算。	0															
986	RU820_RS05105	WP_012606780.1		integration host factor subunit alpha	AFE_1070	2026-09-25	Europe PMC REST search API	"""RU820_RS05105"" OR ""WP_012606780.1"" OR ""AFE_1070"" OR ""integration host factor subunit alpha"""	query_ok	49	2	2		否	仅有通用 gene/product 名称摘要命中；筛后未识别到精确本株来源，异株/同名命中不计作本株验证。	见关联来源 ID；来源表给出摘要/全文可核事实及边界。没有来源时不作直接测量结论。	同名基因、DY26/DC、ATCC 19859 等异株结果分别标识，不转为 ATCC 23270/DSM 14882 本株直接证据。		2	0				PageSize=100，未达上限；摘要精确别名命中数仅按所返记录计算。	0															
987	RU820_RS05110	WP_049759417.1		MbcA/ParS/Xre antitoxin family protein	AFE_1071	2026-09-25	Europe PMC REST search API	"""RU820_RS05110"" OR ""WP_049759417.1"" OR ""AFE_1071"" OR ""MbcA/ParS/Xre antitoxin family protein"""	query_ok	0	0	0			检索式已执行；Europe PMC 返回未见摘要精确别名命中；不等于无原始论文。	见关联来源 ID；来源表给出摘要/全文可核事实及边界。没有来源时不作直接测量结论。	同名基因、DY26/DC、ATCC 19859 等异株结果分别标识，不转为 ATCC 23270/DSM 14882 本株直接证据。		0	0				PageSize=100，未达上限；摘要精确别名命中数仅按所返记录计算。	0															
988	RU820_RS05115	WP_012606782.1		RES family NAD+ phosphorylase	AFE_1072	2026-09-25	Europe PMC REST search API	"""RU820_RS05115"" OR ""WP_012606782.1"" OR ""AFE_1072"" OR ""RES family NAD+ phosphorylase"""	query_ok	3	0	0		是	检索式已执行；Europe PMC 返回未见摘要精确别名命中；不等于无原始论文。	见关联来源 ID；来源表给出摘要/全文可核事实及边界。没有来源时不作直接测量结论。	同名基因、DY26/DC、ATCC 19859 等异株结果分别标识，不转为 ATCC 23270/DSM 14882 本株直接证据。		0	0				PageSize=100，未达上限；摘要精确别名命中数仅按所返记录计算。	0															
989	RU820_RS05120	WP_012606783.1		BRO-N domain-containing protein	AFE_1073	2026-09-25	Europe PMC REST search API	"""RU820_RS05120"" OR ""WP_012606783.1"" OR ""AFE_1073"" OR ""BRO-N domain-containing protein"""	query_ok	12	1	1	DOI:10.1007/s12011-012-9589-0	否	PubMed/出版社原始摘要核实：AFE_1073在DY26/DC做铜胁迫qRT-PCR；ATCC23270仅为注释/背景；无本株直接功能实验。全文未能访问。	见关联来源 ID；来源表给出摘要/全文可核事实及边界。没有来源时不作直接测量结论。	来源研究实验株为 DY26/DC 或 DC；与该旧 AFE 编号有关，但不能计为 ATCC23270/DSM14882 实验证据。		1	0			G54-S002	PageSize=100，未达上限；摘要精确别名命中数仅按所返记录计算。	0															
990	RU820_RS05125	WP_041645424.1		hypothetical protein	AFE_1074	2026-09-25	Europe PMC REST search API	"""RU820_RS05125"" OR ""WP_041645424.1"" OR ""AFE_1074"""	query_ok	0	0	0			检索式已执行；Europe PMC 返回未见摘要精确别名命中；不等于无原始论文。	见关联来源 ID；来源表给出摘要/全文可核事实及边界。没有来源时不作直接测量结论。	同名基因、DY26/DC、ATCC 19859 等异株结果分别标识，不转为 ATCC 23270/DSM 14882 本株直接证据。		0	0				PageSize=100，未达上限；摘要精确别名命中数仅按所返记录计算。	0															
991	RU820_RS05130	WP_012606785.1		hypothetical protein	AFE_1075	2026-09-25	Europe PMC REST search API	"""RU820_RS05130"" OR ""WP_012606785.1"" OR ""AFE_1075"""	query_ok	0	0	0			检索式已执行；Europe PMC 返回未见摘要精确别名命中；不等于无原始论文。	见关联来源 ID；来源表给出摘要/全文可核事实及边界。没有来源时不作直接测量结论。	同名基因、DY26/DC、ATCC 19859 等异株结果分别标识，不转为 ATCC 23270/DSM 14882 本株直接证据。		0	0				PageSize=100，未达上限；摘要精确别名命中数仅按所返记录计算。	0															
992	RU820_RS05135	WP_201763902.1		hypothetical protein	AFE_1076	2026-09-25	Europe PMC REST search API	"""RU820_RS05135"" OR ""WP_201763902.1"" OR ""AFE_1076"""	query_ok	0	0	0			检索式已执行；Europe PMC 返回未见摘要精确别名命中；不等于无原始论文。	见关联来源 ID；来源表给出摘要/全文可核事实及边界。没有来源时不作直接测量结论。	同名基因、DY26/DC、ATCC 19859 等异株结果分别标识，不转为 ATCC 23270/DSM 14882 本株直接证据。		0	0				PageSize=100，未达上限；摘要精确别名命中数仅按所返记录计算。	0															
993	RU820_RS05140	WP_041645429.1		hypothetical protein	未确认	2026-09-25	Europe PMC REST search API	"""RU820_RS05140"" OR ""WP_041645429.1"""	query_ok	0	0	0			检索式已执行；Europe PMC 返回未见摘要精确别名命中；不等于无原始论文。	见关联来源 ID；来源表给出摘要/全文可核事实及边界。没有来源时不作直接测量结论。	同名基因、DY26/DC、ATCC 19859 等异株结果分别标识，不转为 ATCC 23270/DSM 14882 本株直接证据。		0	0				PageSize=100，未达上限；摘要精确别名命中数仅按所返记录计算。	0															
994	RU820_RS05145	WP_148208604.1		hypothetical protein	未确认	2026-09-25	Europe PMC REST search API	"""RU820_RS05145"" OR ""WP_148208604.1"""	query_ok	0	0	0			检索式已执行；Europe PMC 返回未见摘要精确别名命中；不等于无原始论文。	见关联来源 ID；来源表给出摘要/全文可核事实及边界。没有来源时不作直接测量结论。	同名基因、DY26/DC、ATCC 19859 等异株结果分别标识，不转为 ATCC 23270/DSM 14882 本株直接证据。		0	0				PageSize=100，未达上限；摘要精确别名命中数仅按所返记录计算。	0															
995	RU820_RS05150	WP_236608974.1	traL	type IV conjugative transfer system protein TraL	AFE_1078	2026-09-26	Europe PMC REST search API	"""RU820_RS05150"" OR ""WP_236608974.1"" OR ""AFE_1078"""	all result pages retrieved	0	0	0		否	仅有通用 gene/product 名称摘要命中；筛后未识别到精确本株来源，异株/同名命中不计作本株验证。	见关联来源 ID；来源表给出摘要/全文可核事实及边界。没有来源时不作直接测量结论。	同名基因、DY26/DC、ATCC 19859 等异株结果分别标识，不转为 ATCC 23270/DSM 14882 本株直接证据。		29	0				精确 RU820/WP/AFE 查询已获取全部命中页；旧的 gene/product 宽泛查询曾达到100条上限，宽泛命中只保留汇总计数。	0	"""RU820_RS05150"" OR ""WP_236608974.1"" OR ""AFE_1078"""	Europe PMC REST search API; identifiers only (RU820, WP, old AFE)	0	0	1	0		0		capped at 100; broad gene/product terms caused excess results; only counts retained	all result pages retrieved	"""RU820_RS05150"" OR ""WP_236608974.1"" OR ""traL"" OR ""AFE_1078"""	100	34	29
996	RU820_RS05155	WP_407918984.1	traE	type IV conjugative transfer system protein TraE	AFE_1079	2026-09-26	Europe PMC REST search API	"""RU820_RS05155"" OR ""WP_407918984.1"" OR ""AFE_1079"""	all result pages retrieved	0	0	0		否	仅有通用 gene/product 名称摘要命中；筛后未识别到精确本株来源，异株/同名命中不计作本株验证。	见关联来源 ID；来源表给出摘要/全文可核事实及边界。没有来源时不作直接测量结论。	同名基因、DY26/DC、ATCC 19859 等异株结果分别标识，不转为 ATCC 23270/DSM 14882 本株直接证据。		50	0				精确 RU820/WP/AFE 查询已获取全部命中页；旧的 gene/product 宽泛查询曾达到100条上限，宽泛命中只保留汇总计数。	0	"""RU820_RS05155"" OR ""WP_407918984.1"" OR ""AFE_1079"""	Europe PMC REST search API; identifiers only (RU820, WP, old AFE)	0	0	1	0		0		capped at 100; broad gene/product terms caused excess results; only counts retained	all result pages retrieved	"""RU820_RS05155"" OR ""WP_407918984.1"" OR ""traE"" OR ""AFE_1079"""	100	50	50
997	RU820_RS05160	WP_012606790.1		TraK domain-containing protein	AFE_1080	2026-09-25	Europe PMC REST search API	"""RU820_RS05160"" OR ""WP_012606790.1"" OR ""AFE_1080"" OR ""TraK domain-containing protein"""	query_ok	0	0	0			检索式已执行；Europe PMC 返回未见摘要精确别名命中；不等于无原始论文。	见关联来源 ID；来源表给出摘要/全文可核事实及边界。没有来源时不作直接测量结论。	同名基因、DY26/DC、ATCC 19859 等异株结果分别标识，不转为 ATCC 23270/DSM 14882 本株直接证据。		0	0				PageSize=100，未达上限；摘要精确别名命中数仅按所返记录计算。	0															
998	RU820_RS05165	WP_012606791.1		TrbI/VirB10 family protein	AFE_1081	2026-09-25	Europe PMC REST search API	"""RU820_RS05165"" OR ""WP_012606791.1"" OR ""AFE_1081"" OR ""TrbI/VirB10 family protein"""	query_ok	3	1	1		否	仅有通用 gene/product 名称摘要命中；筛后未识别到精确本株来源，异株/同名命中不计作本株验证。	见关联来源 ID；来源表给出摘要/全文可核事实及边界。没有来源时不作直接测量结论。	同名基因、DY26/DC、ATCC 19859 等异株结果分别标识，不转为 ATCC 23270/DSM 14882 本株直接证据。		1	0				PageSize=100，未达上限；摘要精确别名命中数仅按所返记录计算。	0															
999	RU820_RS05170	WP_012606792.1	traV	type IV conjugative transfer system lipoprotein TraV	AFE_1082	2026-09-26	Europe PMC REST search API	"""RU820_RS05170"" OR ""WP_012606792.1"" OR ""AFE_1082"""	all result pages retrieved	0	0	0		否	仅有通用 gene/product 名称摘要命中；筛后未识别到精确本株来源，异株/同名命中不计作本株验证。	见关联来源 ID；来源表给出摘要/全文可核事实及边界。没有来源时不作直接测量结论。	同名基因、DY26/DC、ATCC 19859 等异株结果分别标识，不转为 ATCC 23270/DSM 14882 本株直接证据。		21	0				精确 RU820/WP/AFE 查询已获取全部命中页；旧的 gene/product 宽泛查询曾达到100条上限，宽泛命中只保留汇总计数。	0	"""RU820_RS05170"" OR ""WP_012606792.1"" OR ""AFE_1082"""	Europe PMC REST search API; identifiers only (RU820, WP, old AFE)	0	0	1	0		0		capped at 100; broad gene/product terms caused excess results; only counts retained	all result pages retrieved	"""RU820_RS05170"" OR ""WP_012606792.1"" OR ""traV"" OR ""AFE_1082"""	100	22	21
1000	RU820_RS05175	WP_012606793.1		hypothetical protein	AFE_1084	2026-09-25	Europe PMC REST search API	"""RU820_RS05175"" OR ""WP_012606793.1"" OR ""AFE_1084"""	query_ok	0	0	0			检索式已执行；Europe PMC 返回未见摘要精确别名命中；不等于无原始论文。	见关联来源 ID；来源表给出摘要/全文可核事实及边界。没有来源时不作直接测量结论。	同名基因、DY26/DC、ATCC 19859 等异株结果分别标识，不转为 ATCC 23270/DSM 14882 本株直接证据。		0	0				PageSize=100，未达上限；摘要精确别名命中数仅按所返记录计算。	0															
1001	RU820_RS05180	WP_041645435.1		hypothetical protein	未确认	2026-09-25	Europe PMC REST search API	"""RU820_RS05180"" OR ""WP_041645435.1"""	query_ok	0	0	0			检索式已执行；Europe PMC 返回未见摘要精确别名命中；不等于无原始论文。	见关联来源 ID；来源表给出摘要/全文可核事实及边界。没有来源时不作直接测量结论。	同名基因、DY26/DC、ATCC 19859 等异株结果分别标识，不转为 ATCC 23270/DSM 14882 本株直接证据。		0	0				PageSize=100，未达上限；摘要精确别名命中数仅按所返记录计算。	0															
1002	RU820_RS05185	WP_012606795.1	dsbG	thiol:disulfide interchange protein DsbG	AFE_1085	2026-09-26	Europe PMC REST search API	"""RU820_RS05185"" OR ""WP_012606795.1"" OR ""AFE_1085"""	all result pages retrieved	0	0	0		否	仅有通用 gene/product 名称摘要命中；筛后未识别到精确本株来源，异株/同名命中不计作本株验证。	见关联来源 ID；来源表给出摘要/全文可核事实及边界。没有来源时不作直接测量结论。	同名基因、DY26/DC、ATCC 19859 等异株结果分别标识，不转为 ATCC 23270/DSM 14882 本株直接证据。		22	0				精确 RU820/WP/AFE 查询已获取全部命中页；旧的 gene/product 宽泛查询曾达到100条上限，宽泛命中只保留汇总计数。	0	"""RU820_RS05185"" OR ""WP_012606795.1"" OR ""AFE_1085"""	Europe PMC REST search API; identifiers only (RU820, WP, old AFE)	0	0	1	0		0		capped at 100; broad gene/product terms caused excess results; only counts retained	all result pages retrieved	"""RU820_RS05185"" OR ""WP_012606795.1"" OR ""dsbG"" OR ""AFE_1085"""	100	25	22
1003	RU820_RS05190	WP_012606796.1		hypothetical protein	AFE_1086	2026-09-25	Europe PMC REST search API	"""RU820_RS05190"" OR ""WP_012606796.1"" OR ""AFE_1086"""	query_ok	0	0	0			检索式已执行；Europe PMC 返回未见摘要精确别名命中；不等于无原始论文。	见关联来源 ID；来源表给出摘要/全文可核事实及边界。没有来源时不作直接测量结论。	同名基因、DY26/DC、ATCC 19859 等异株结果分别标识，不转为 ATCC 23270/DSM 14882 本株直接证据。		0	0				PageSize=100，未达上限；摘要精确别名命中数仅按所返记录计算。	0															
1004	RU820_RS05195	WP_012606797.1		GspE/PulE family protein	AFE_1087	2026-09-25	Europe PMC REST search API	"""RU820_RS05195"" OR ""WP_012606797.1"" OR ""AFE_1087"" OR ""GspE/PulE family protein"""	query_ok	4	0	0		是	检索式已执行；Europe PMC 返回未见摘要精确别名命中；不等于无原始论文。	见关联来源 ID；来源表给出摘要/全文可核事实及边界。没有来源时不作直接测量结论。	同名基因、DY26/DC、ATCC 19859 等异株结果分别标识，不转为 ATCC 23270/DSM 14882 本株直接证据。		0	0				PageSize=100，未达上限；摘要精确别名命中数仅按所返记录计算。	0															
1005	RU820_RS05200	WP_012606798.1		thiol:disulfide interchange protein, DsbA family	AFE_1088	2026-09-25	Europe PMC REST search API	"""RU820_RS05200"" OR ""WP_012606798.1"" OR ""AFE_1088"" OR ""thiol:disulfide interchange protein, DsbA family"""	query_ok	1	0	0		是	检索式已执行；Europe PMC 返回未见摘要精确别名命中；不等于无原始论文。	见关联来源 ID；来源表给出摘要/全文可核事实及边界。没有来源时不作直接测量结论。	同名基因、DY26/DC、ATCC 19859 等异株结果分别标识，不转为 ATCC 23270/DSM 14882 本株直接证据。		0	0				PageSize=100，未达上限；摘要精确别名命中数仅按所返记录计算。	0															
1006	RU820_RS05205	WP_012606799.1	traC	type IV secretion system protein TraC	AFE_1089	2026-09-26	Europe PMC REST search API	"""RU820_RS05205"" OR ""WP_012606799.1"" OR ""AFE_1089"""	all result pages retrieved	0	0	0		否	仅有通用 gene/product 名称摘要命中；筛后未识别到精确本株来源，异株/同名命中不计作本株验证。	见关联来源 ID；来源表给出摘要/全文可核事实及边界。没有来源时不作直接测量结论。	同名基因、DY26/DC、ATCC 19859 等异株结果分别标识，不转为 ATCC 23270/DSM 14882 本株直接证据。		59	0				精确 RU820/WP/AFE 查询已获取全部命中页；旧的 gene/product 宽泛查询曾达到100条上限，宽泛命中只保留汇总计数。	0	"""RU820_RS05205"" OR ""WP_012606799.1"" OR ""AFE_1089"""	Europe PMC REST search API; identifiers only (RU820, WP, old AFE)	0	0	1	0		0		capped at 100; broad gene/product terms caused excess results; only counts retained	all result pages retrieved	"""RU820_RS05205"" OR ""WP_012606799.1"" OR ""traC"" OR ""AFE_1089"""	100	60	59
1007	RU820_RS05210	WP_206382869.1		hypothetical protein	未确认	2026-09-25	Europe PMC REST search API	"""RU820_RS05210"" OR ""WP_206382869.1"""	query_ok	0	0	0			检索式已执行；Europe PMC 返回未见摘要精确别名命中；不等于无原始论文。	见关联来源 ID；来源表给出摘要/全文可核事实及边界。没有来源时不作直接测量结论。	同名基因、DY26/DC、ATCC 19859 等异株结果分别标识，不转为 ATCC 23270/DSM 14882 本株直接证据。		0	0				PageSize=100，未达上限；摘要精确别名命中数仅按所返记录计算。	0															
1008	RU820_RS05215	WP_012606801.1		S26 family signal peptidase	AFE_1091	2026-09-25	Europe PMC REST search API	"""RU820_RS05215"" OR ""WP_012606801.1"" OR ""AFE_1091"" OR ""S26 family signal peptidase"""	query_ok	8	0	0		是	检索式已执行；Europe PMC 返回未见摘要精确别名命中；不等于无原始论文。	见关联来源 ID；来源表给出摘要/全文可核事实及边界。没有来源时不作直接测量结论。	同名基因、DY26/DC、ATCC 19859 等异株结果分别标识，不转为 ATCC 23270/DSM 14882 本株直接证据。		0	0				PageSize=100，未达上限；摘要精确别名命中数仅按所返记录计算。	0															
1009	RU820_RS05220	WP_148208605.1		hypothetical protein	AFE_1093	2026-09-25	Europe PMC REST search API	"""RU820_RS05220"" OR ""WP_148208605.1"" OR ""AFE_1093"""	query_ok	0	0	0			检索式已执行；Europe PMC 返回未见摘要精确别名命中；不等于无原始论文。	见关联来源 ID；来源表给出摘要/全文可核事实及边界。没有来源时不作直接测量结论。	同名基因、DY26/DC、ATCC 19859 等异株结果分别标识，不转为 ATCC 23270/DSM 14882 本株直接证据。		0	0				PageSize=100，未达上限；摘要精确别名命中数仅按所返记录计算。	0															
1010	RU820_RS05225	WP_241160300.1		hypothetical protein	未确认	2026-09-25	Europe PMC REST search API	"""RU820_RS05225"" OR ""WP_241160300.1"""	query_ok	0	0	0			检索式已执行；Europe PMC 返回未见摘要精确别名命中；不等于无原始论文。	见关联来源 ID；来源表给出摘要/全文可核事实及边界。没有来源时不作直接测量结论。	同名基因、DY26/DC、ATCC 19859 等异株结果分别标识，不转为 ATCC 23270/DSM 14882 本株直接证据。		0	0				PageSize=100，未达上限；摘要精确别名命中数仅按所返记录计算。	0															
1011	RU820_RS05230	WP_012606805.1		TrbC family F-type conjugative pilus assembly protein	AFE_1095	2026-09-25	Europe PMC REST search API	"""RU820_RS05230"" OR ""WP_012606805.1"" OR ""AFE_1095"" OR ""TrbC family F-type conjugative pilus assembly protein"""	query_ok	0	0	0			检索式已执行；Europe PMC 返回未见摘要精确别名命中；不等于无原始论文。	见关联来源 ID；来源表给出摘要/全文可核事实及边界。没有来源时不作直接测量结论。	同名基因、DY26/DC、ATCC 19859 等异株结果分别标识，不转为 ATCC 23270/DSM 14882 本株直接证据。		0	0				PageSize=100，未达上限；摘要精确别名命中数仅按所返记录计算。	0															
1012	RU820_RS05235	WP_049759419.1		hypothetical protein	未确认	2026-09-25	Europe PMC REST search API	"""RU820_RS05235"" OR ""WP_049759419.1"""	query_ok	0	0	0			检索式已执行；Europe PMC 返回未见摘要精确别名命中；不等于无原始论文。	见关联来源 ID；来源表给出摘要/全文可核事实及边界。没有来源时不作直接测量结论。	同名基因、DY26/DC、ATCC 19859 等异株结果分别标识，不转为 ATCC 23270/DSM 14882 本株直接证据。		0	0				PageSize=100，未达上限；摘要精确别名命中数仅按所返记录计算。	0															
1013	RU820_RS05240	WP_012606806.1		TraU family protein	AFE_1096	2026-09-25	Europe PMC REST search API	"""RU820_RS05240"" OR ""WP_012606806.1"" OR ""AFE_1096"" OR ""TraU family protein"""	query_ok	2	0	0		是	检索式已执行；Europe PMC 返回未见摘要精确别名命中；不等于无原始论文。	见关联来源 ID；来源表给出摘要/全文可核事实及边界。没有来源时不作直接测量结论。	同名基因、DY26/DC、ATCC 19859 等异株结果分别标识，不转为 ATCC 23270/DSM 14882 本株直接证据。		0	0				PageSize=100，未达上限；摘要精确别名命中数仅按所返记录计算。	0															
1014	RU820_RS05245	WP_012606807.1	traN	conjugal transfer protein TraN	AFE_1097	2026-09-26	Europe PMC REST search API	"""RU820_RS05245"" OR ""WP_012606807.1"" OR ""AFE_1097"""	all result pages retrieved	0	0	0		否	仅有通用 gene/product 名称摘要命中；筛后未识别到精确本株来源，异株/同名命中不计作本株验证。	见关联来源 ID；来源表给出摘要/全文可核事实及边界。没有来源时不作直接测量结论。	同名基因、DY26/DC、ATCC 19859 等异株结果分别标识，不转为 ATCC 23270/DSM 14882 本株直接证据。		21	0				精确 RU820/WP/AFE 查询已获取全部命中页；旧的 gene/product 宽泛查询曾达到100条上限，宽泛命中只保留汇总计数。	0	"""RU820_RS05245"" OR ""WP_012606807.1"" OR ""AFE_1097"""	Europe PMC REST search API; identifiers only (RU820, WP, old AFE)	0	0	1	0		0		capped at 100; broad gene/product terms caused excess results; only counts retained	all result pages retrieved	"""RU820_RS05245"" OR ""WP_012606807.1"" OR ""traN"" OR ""AFE_1097"""	100	21	21
1015	RU820_RS05250	WP_012606808.1		AbrB/MazE/SpoVT family DNA-binding domain-containing protein	AFE_1098	2026-09-25	Europe PMC REST search API	"""RU820_RS05250"" OR ""WP_012606808.1"" OR ""AFE_1098"" OR ""AbrB/MazE/SpoVT family DNA-binding domain-containing protein"""	query_ok	11	1	1		否	仅有通用 gene/product 名称摘要命中；筛后未识别到精确本株来源，异株/同名命中不计作本株验证。	见关联来源 ID；来源表给出摘要/全文可核事实及边界。没有来源时不作直接测量结论。	同名基因、DY26/DC、ATCC 19859 等异株结果分别标识，不转为 ATCC 23270/DSM 14882 本株直接证据。		1	0				PageSize=100，未达上限；摘要精确别名命中数仅按所返记录计算。	0															
1016	RU820_RS05255	WP_012606809.1	mazF	endoribonuclease MazF	AFE_1099	2026-09-26	Europe PMC REST search API	"""RU820_RS05255"" OR ""WP_012606809.1"" OR ""AFE_1099"""	all result pages retrieved	1	0	1	DOI:10.1371/journal.pone.0112226	否	全文命中 ATCC23270 ICE Afe 基因组表中的 AFE_1099 / PemK(MazF-1) 注释；这是序列/基因组分类，不是毒素功能实验证据。	未见该基因直接实验测量；全文表格将 AFE_1099 归为 PemK 超家族/CcdB/MazF-1，并列于 ICE Afe。	本株基因组/移动元件注释，不证明毒素活性、靶标或抗毒素配对的功能。		1	1	DOI:10.1371/journal.pone.0112226	DOI:10.1371/journal.pone.0112226	G54-S010	44个曾被广义查询截断的位点均已以RU820/WP/旧AFE标识符检索并取完全部页；本行精确查询只有1条，摘要未命中，全文核实后关联S010。	1	"""RU820_RS05255"" OR ""WP_012606809.1"" OR ""AFE_1099"""	Europe PMC REST search API; identifiers only (RU820, WP, old AFE)	1	1	1	0		1		capped at 100; broad gene/product terms caused excess results; only counts retained	all result pages retrieved	"""RU820_RS05255"" OR ""WP_012606809.1"" OR ""mazF"" OR ""AFE_1099"""	100	56	55
1017	RU820_RS05260	WP_236608975.1		hypothetical protein	AFE_1100	2026-09-25	Europe PMC REST search API	"""RU820_RS05260"" OR ""WP_236608975.1"" OR ""AFE_1100"""	query_ok	0	0	0			检索式已执行；Europe PMC 返回未见摘要精确别名命中；不等于无原始论文。	见关联来源 ID；来源表给出摘要/全文可核事实及边界。没有来源时不作直接测量结论。	同名基因、DY26/DC、ATCC 19859 等异株结果分别标识，不转为 ATCC 23270/DSM 14882 本株直接证据。		0	0				PageSize=100，未达上限；摘要精确别名命中数仅按所返记录计算。	0															
1018	RU820_RS05265	WP_041645457.1		hypothetical protein	AFE_1102	2026-09-25	Europe PMC REST search API	"""RU820_RS05265"" OR ""WP_041645457.1"" OR ""AFE_1102"""	query_ok	0	0	0			检索式已执行；Europe PMC 返回未见摘要精确别名命中；不等于无原始论文。	见关联来源 ID；来源表给出摘要/全文可核事实及边界。没有来源时不作直接测量结论。	同名基因、DY26/DC、ATCC 19859 等异株结果分别标识，不转为 ATCC 23270/DSM 14882 本株直接证据。		0	0				PageSize=100，未达上限；摘要精确别名命中数仅按所返记录计算。	0															
1019	RU820_RS05270	WP_423365450.1		hypothetical protein	未确认	2026-09-25	Europe PMC REST search API	"""RU820_RS05270"" OR ""WP_423365450.1"""	query_ok	0	0	0			检索式已执行；Europe PMC 返回未见摘要精确别名命中；不等于无原始论文。	见关联来源 ID；来源表给出摘要/全文可核事实及边界。没有来源时不作直接测量结论。	同名基因、DY26/DC、ATCC 19859 等异株结果分别标识，不转为 ATCC 23270/DSM 14882 本株直接证据。		0	0				PageSize=100，未达上限；摘要精确别名命中数仅按所返记录计算。	0															
1020	RU820_RS05275	WP_423365452.1		hypothetical protein	未确认	2026-09-25	Europe PMC REST search API	"""RU820_RS05275"" OR ""WP_423365452.1"""	query_ok	0	0	0			检索式已执行；Europe PMC 返回未见摘要精确别名命中；不等于无原始论文。	见关联来源 ID；来源表给出摘要/全文可核事实及边界。没有来源时不作直接测量结论。	同名基因、DY26/DC、ATCC 19859 等异株结果分别标识，不转为 ATCC 23270/DSM 14882 本株直接证据。		0	0				PageSize=100，未达上限；摘要精确别名命中数仅按所返记录计算。	0															
1021	RU820_RS05280	WP_012606815.1		IS607 family transposase	AFE_1105	2026-09-25	Europe PMC REST search API	"""RU820_RS05280"" OR ""WP_012606815.1"" OR ""AFE_1105"" OR ""IS607 family transposase"""	query_ok	7	1	1		否	仅有通用 gene/product 名称摘要命中；筛后未识别到精确本株来源，异株/同名命中不计作本株验证。	见关联来源 ID；来源表给出摘要/全文可核事实及边界。没有来源时不作直接测量结论。	同名基因、DY26/DC、ATCC 19859 等异株结果分别标识，不转为 ATCC 23270/DSM 14882 本株直接证据。		1	0				PageSize=100，未达上限；摘要精确别名命中数仅按所返记录计算。	0															
1022	RU820_RS05285	WP_012606816.1		IS200/IS605 family accessory protein TnpB-related protein	AFE_1106	2026-09-25	Europe PMC REST search API	"""RU820_RS05285"" OR ""WP_012606816.1"" OR ""AFE_1106"" OR ""IS200/IS605 family accessory protein TnpB-related protein"""	query_ok	0	0	0			检索式已执行；Europe PMC 返回未见摘要精确别名命中；不等于无原始论文。	见关联来源 ID；来源表给出摘要/全文可核事实及边界。没有来源时不作直接测量结论。	同名基因、DY26/DC、ATCC 19859 等异株结果分别标识，不转为 ATCC 23270/DSM 14882 本株直接证据。		0	0				PageSize=100，未达上限；摘要精确别名命中数仅按所返记录计算。	0															
1023	RU820_RS05290	WP_041645466.1		hypothetical protein	未确认	2026-09-25	Europe PMC REST search API	"""RU820_RS05290"" OR ""WP_041645466.1"""	query_ok	0	0	0			检索式已执行；Europe PMC 返回未见摘要精确别名命中；不等于无原始论文。	见关联来源 ID；来源表给出摘要/全文可核事实及边界。没有来源时不作直接测量结论。	同名基因、DY26/DC、ATCC 19859 等异株结果分别标识，不转为 ATCC 23270/DSM 14882 本株直接证据。		0	0				PageSize=100，未达上限；摘要精确别名命中数仅按所返记录计算。	0															
1024	RU820_RS05295	WP_012606817.1		hypothetical protein	AFE_1107	2026-09-25	Europe PMC REST search API	"""RU820_RS05295"" OR ""WP_012606817.1"" OR ""AFE_1107"""	query_ok	0	0	0			检索式已执行；Europe PMC 返回未见摘要精确别名命中；不等于无原始论文。	见关联来源 ID；来源表给出摘要/全文可核事实及边界。没有来源时不作直接测量结论。	同名基因、DY26/DC、ATCC 19859 等异株结果分别标识，不转为 ATCC 23270/DSM 14882 本株直接证据。		0	0				PageSize=100，未达上限；摘要精确别名命中数仅按所返记录计算。	0															
1025	RU820_RS05300	WP_049759422.1		hypothetical protein	AFE_1108	2026-09-25	Europe PMC REST search API	"""RU820_RS05300"" OR ""WP_049759422.1"" OR ""AFE_1108"""	query_ok	0	0	0			检索式已执行；Europe PMC 返回未见摘要精确别名命中；不等于无原始论文。	见关联来源 ID；来源表给出摘要/全文可核事实及边界。没有来源时不作直接测量结论。	同名基因、DY26/DC、ATCC 19859 等异株结果分别标识，不转为 ATCC 23270/DSM 14882 本株直接证据。		0	0				PageSize=100，未达上限；摘要精确别名命中数仅按所返记录计算。	0															
1026	RU820_RS05305	WP_041645471.1		hypothetical protein	未确认	2026-09-25	Europe PMC REST search API	"""RU820_RS05305"" OR ""WP_041645471.1"""	query_ok	0	0	0			检索式已执行；Europe PMC 返回未见摘要精确别名命中；不等于无原始论文。	见关联来源 ID；来源表给出摘要/全文可核事实及边界。没有来源时不作直接测量结论。	同名基因、DY26/DC、ATCC 19859 等异株结果分别标识，不转为 ATCC 23270/DSM 14882 本株直接证据。		0	0				PageSize=100，未达上限；摘要精确别名命中数仅按所返记录计算。	0															
1027	RU820_RS05310	WP_012606819.1		nuclease-related domain-containing protein	AFE_1109	2026-09-25	Europe PMC REST search API	"""RU820_RS05310"" OR ""WP_012606819.1"" OR ""AFE_1109"" OR ""nuclease-related domain-containing protein"""	query_ok	3	0	0		是	检索式已执行；Europe PMC 返回未见摘要精确别名命中；不等于无原始论文。	见关联来源 ID；来源表给出摘要/全文可核事实及边界。没有来源时不作直接测量结论。	同名基因、DY26/DC、ATCC 19859 等异株结果分别标识，不转为 ATCC 23270/DSM 14882 本株直接证据。		0	0				PageSize=100，未达上限；摘要精确别名命中数仅按所返记录计算。	0															
1028	RU820_RS05315	WP_012606582.1		IS110-like element ISAfe3 family transposase	未确认	2026-09-25	Europe PMC REST search API	"""RU820_RS05315"" OR ""WP_012606582.1"" OR ""IS110-like element ISAfe3 family transposase"""	query_ok	0	0	0			检索式已执行；Europe PMC 返回未见摘要精确别名命中；不等于无原始论文。	见关联来源 ID；来源表给出摘要/全文可核事实及边界。没有来源时不作直接测量结论。	同名基因、DY26/DC、ATCC 19859 等异株结果分别标识，不转为 ATCC 23270/DSM 14882 本株直接证据。		0	0				PageSize=100，未达上限；摘要精确别名命中数仅按所返记录计算。	0															
1029	RU820_RS05320	WP_041645475.1		hypothetical protein	未确认	2026-09-25	Europe PMC REST search API	"""RU820_RS05320"" OR ""WP_041645475.1"""	query_ok	0	0	0			检索式已执行；Europe PMC 返回未见摘要精确别名命中；不等于无原始论文。	见关联来源 ID；来源表给出摘要/全文可核事实及边界。没有来源时不作直接测量结论。	同名基因、DY26/DC、ATCC 19859 等异株结果分别标识，不转为 ATCC 23270/DSM 14882 本株直接证据。		0	0				PageSize=100，未达上限；摘要精确别名命中数仅按所返记录计算。	0															
1030	RU820_RS05325	WP_012606821.1		hypothetical protein	AFE_1112	2026-09-25	Europe PMC REST search API	"""RU820_RS05325"" OR ""WP_012606821.1"" OR ""AFE_1112"""	query_ok	0	0	0			检索式已执行；Europe PMC 返回未见摘要精确别名命中；不等于无原始论文。	见关联来源 ID；来源表给出摘要/全文可核事实及边界。没有来源时不作直接测量结论。	同名基因、DY26/DC、ATCC 19859 等异株结果分别标识，不转为 ATCC 23270/DSM 14882 本株直接证据。		0	0				PageSize=100，未达上限；摘要精确别名命中数仅按所返记录计算。	0															
1031	RU820_RS05330	WP_012606822.1		hypothetical protein	AFE_1113	2026-09-25	Europe PMC REST search API	"""RU820_RS05330"" OR ""WP_012606822.1"" OR ""AFE_1113"""	query_ok	0	0	0			检索式已执行；Europe PMC 返回未见摘要精确别名命中；不等于无原始论文。	见关联来源 ID；来源表给出摘要/全文可核事实及边界。没有来源时不作直接测量结论。	同名基因、DY26/DC、ATCC 19859 等异株结果分别标识，不转为 ATCC 23270/DSM 14882 本株直接证据。		0	0				PageSize=100，未达上限；摘要精确别名命中数仅按所返记录计算。	0															
1032	RU820_RS05335	WP_041645480.1		hypothetical protein	未确认	2026-09-25	Europe PMC REST search API	"""RU820_RS05335"" OR ""WP_041645480.1"""	query_ok	0	0	0			检索式已执行；Europe PMC 返回未见摘要精确别名命中；不等于无原始论文。	见关联来源 ID；来源表给出摘要/全文可核事实及边界。没有来源时不作直接测量结论。	同名基因、DY26/DC、ATCC 19859 等异株结果分别标识，不转为 ATCC 23270/DSM 14882 本株直接证据。		0	0				PageSize=100，未达上限；摘要精确别名命中数仅按所返记录计算。	0															
1033	RU820_RS05340	WP_012606823.1		zinc metalloprotease HtpX	AFE_1114	2026-09-25	Europe PMC REST search API	"""RU820_RS05340"" OR ""WP_012606823.1"" OR ""AFE_1114"" OR ""zinc metalloprotease HtpX"""	query_ok	14	0	0		是	检索式已执行；Europe PMC 返回未见摘要精确别名命中；不等于无原始论文。	见关联来源 ID；来源表给出摘要/全文可核事实及边界。没有来源时不作直接测量结论。	同名基因、DY26/DC、ATCC 19859 等异株结果分别标识，不转为 ATCC 23270/DSM 14882 本株直接证据。		0	0				PageSize=100，未达上限；摘要精确别名命中数仅按所返记录计算。	0															
1034	RU820_RS05345	WP_012606824.1		metallophosphoesterase	AFE_1115	2026-09-26	Europe PMC REST search API	"""RU820_RS05345"" OR ""WP_012606824.1"" OR ""AFE_1115"""	all result pages retrieved	0	0	0		否	仅有通用 gene/product 名称摘要命中；筛后未识别到精确本株来源，异株/同名命中不计作本株验证。	见关联来源 ID；来源表给出摘要/全文可核事实及边界。没有来源时不作直接测量结论。	同名基因、DY26/DC、ATCC 19859 等异株结果分别标识，不转为 ATCC 23270/DSM 14882 本株直接证据。		36	0				精确 RU820/WP/AFE 查询已获取全部命中页；旧的 gene/product 宽泛查询曾达到100条上限，宽泛命中只保留汇总计数。	0	"""RU820_RS05345"" OR ""WP_012606824.1"" OR ""AFE_1115"""	Europe PMC REST search API; identifiers only (RU820, WP, old AFE)	0	0	1	0		0		capped at 100; broad gene/product terms caused excess results; only counts retained	all result pages retrieved	"""RU820_RS05345"" OR ""WP_012606824.1"" OR ""AFE_1115"" OR ""metallophosphoesterase"""	100	37	36
1035	RU820_RS05350	WP_012606825.1		hypothetical protein	AFE_1116	2026-09-25	Europe PMC REST search API	"""RU820_RS05350"" OR ""WP_012606825.1"" OR ""AFE_1116"""	query_ok	0	0	0			检索式已执行；Europe PMC 返回未见摘要精确别名命中；不等于无原始论文。	见关联来源 ID；来源表给出摘要/全文可核事实及边界。没有来源时不作直接测量结论。	同名基因、DY26/DC、ATCC 19859 等异株结果分别标识，不转为 ATCC 23270/DSM 14882 本株直接证据。		0	0				PageSize=100，未达上限；摘要精确别名命中数仅按所返记录计算。	0															
1036	RU820_RS05355	WP_041645486.1		hypothetical protein	AFE_1117	2026-09-25	Europe PMC REST search API	"""RU820_RS05355"" OR ""WP_041645486.1"" OR ""AFE_1117"""	query_ok	0	0	0			检索式已执行；Europe PMC 返回未见摘要精确别名命中；不等于无原始论文。	见关联来源 ID；来源表给出摘要/全文可核事实及边界。没有来源时不作直接测量结论。	同名基因、DY26/DC、ATCC 19859 等异株结果分别标识，不转为 ATCC 23270/DSM 14882 本株直接证据。		0	0				PageSize=100，未达上限；摘要精确别名命中数仅按所返记录计算。	0															
1037	RU820_RS05360	WP_012606827.1		hypothetical protein	AFE_1118	2026-09-25	Europe PMC REST search API	"""RU820_RS05360"" OR ""WP_012606827.1"" OR ""AFE_1118"""	query_ok	0	0	0			检索式已执行；Europe PMC 返回未见摘要精确别名命中；不等于无原始论文。	见关联来源 ID；来源表给出摘要/全文可核事实及边界。没有来源时不作直接测量结论。	同名基因、DY26/DC、ATCC 19859 等异株结果分别标识，不转为 ATCC 23270/DSM 14882 本株直接证据。		0	0				PageSize=100，未达上限；摘要精确别名命中数仅按所返记录计算。	0															
1038	RU820_RS05365	WP_012606829.1		hypothetical protein	AFE_1120	2026-09-25	Europe PMC REST search API	"""RU820_RS05365"" OR ""WP_012606829.1"" OR ""AFE_1120"""	query_ok	0	0	0			检索式已执行；Europe PMC 返回未见摘要精确别名命中；不等于无原始论文。	见关联来源 ID；来源表给出摘要/全文可核事实及边界。没有来源时不作直接测量结论。	同名基因、DY26/DC、ATCC 19859 等异株结果分别标识，不转为 ATCC 23270/DSM 14882 本株直接证据。		0	0				PageSize=100，未达上限；摘要精确别名命中数仅按所返记录计算。	0															
1039	RU820_RS05370	WP_012606830.1		hypothetical protein	AFE_1121	2026-09-25	Europe PMC REST search API	"""RU820_RS05370"" OR ""WP_012606830.1"" OR ""AFE_1121"""	query_ok	0	0	0			检索式已执行；Europe PMC 返回未见摘要精确别名命中；不等于无原始论文。	见关联来源 ID；来源表给出摘要/全文可核事实及边界。没有来源时不作直接测量结论。	同名基因、DY26/DC、ATCC 19859 等异株结果分别标识，不转为 ATCC 23270/DSM 14882 本株直接证据。		0	0				PageSize=100，未达上限；摘要精确别名命中数仅按所返记录计算。	0															
1040	RU820_RS05375	WP_012606831.1		DUF4031 domain-containing protein	AFE_1122	2026-09-25	Europe PMC REST search API	"""RU820_RS05375"" OR ""WP_012606831.1"" OR ""AFE_1122"" OR ""DUF4031 domain-containing protein"""	query_ok	1	0	0		是	检索式已执行；Europe PMC 返回未见摘要精确别名命中；不等于无原始论文。	见关联来源 ID；来源表给出摘要/全文可核事实及边界。没有来源时不作直接测量结论。	同名基因、DY26/DC、ATCC 19859 等异株结果分别标识，不转为 ATCC 23270/DSM 14882 本株直接证据。		0	0				PageSize=100，未达上限；摘要精确别名命中数仅按所返记录计算。	0															
1041	RU820_RS05380	WP_041645491.1		hypothetical protein	未确认	2026-09-25	Europe PMC REST search API	"""RU820_RS05380"" OR ""WP_041645491.1"""	query_ok	0	0	0			检索式已执行；Europe PMC 返回未见摘要精确别名命中；不等于无原始论文。	见关联来源 ID；来源表给出摘要/全文可核事实及边界。没有来源时不作直接测量结论。	同名基因、DY26/DC、ATCC 19859 等异株结果分别标识，不转为 ATCC 23270/DSM 14882 本株直接证据。		0	0				PageSize=100，未达上限；摘要精确别名命中数仅按所返记录计算。	0															
1042	RU820_RS05385	WP_041645496.1		hypothetical protein	未确认	2026-09-25	Europe PMC REST search API	"""RU820_RS05385"" OR ""WP_041645496.1"""	query_ok	0	0	0			检索式已执行；Europe PMC 返回未见摘要精确别名命中；不等于无原始论文。	见关联来源 ID；来源表给出摘要/全文可核事实及边界。没有来源时不作直接测量结论。	同名基因、DY26/DC、ATCC 19859 等异株结果分别标识，不转为 ATCC 23270/DSM 14882 本株直接证据。		0	0				PageSize=100，未达上限；摘要精确别名命中数仅按所返记录计算。	0															
1043	RU820_RS05390	WP_012606833.1		hypothetical protein	AFE_1124	2026-09-25	Europe PMC REST search API	"""RU820_RS05390"" OR ""WP_012606833.1"" OR ""AFE_1124"""	query_ok	0	0	0			检索式已执行；Europe PMC 返回未见摘要精确别名命中；不等于无原始论文。	见关联来源 ID；来源表给出摘要/全文可核事实及边界。没有来源时不作直接测量结论。	同名基因、DY26/DC、ATCC 19859 等异株结果分别标识，不转为 ATCC 23270/DSM 14882 本株直接证据。		0	0				PageSize=100，未达上限；摘要精确别名命中数仅按所返记录计算。	0															
1044	RU820_RS05395	WP_012606834.1		hypothetical protein	AFE_1125	2026-09-25	Europe PMC REST search API	"""RU820_RS05395"" OR ""WP_012606834.1"" OR ""AFE_1125"""	query_ok	0	0	0			检索式已执行；Europe PMC 返回未见摘要精确别名命中；不等于无原始论文。	见关联来源 ID；来源表给出摘要/全文可核事实及边界。没有来源时不作直接测量结论。	同名基因、DY26/DC、ATCC 19859 等异株结果分别标识，不转为 ATCC 23270/DSM 14882 本株直接证据。		0	0				PageSize=100，未达上限；摘要精确别名命中数仅按所返记录计算。	0															
1045	RU820_RS05400	WP_012606835.1		hypothetical protein	AFE_1126	2026-09-25	Europe PMC REST search API	"""RU820_RS05400"" OR ""WP_012606835.1"" OR ""AFE_1126"""	query_ok	0	0	0			检索式已执行；Europe PMC 返回未见摘要精确别名命中；不等于无原始论文。	见关联来源 ID；来源表给出摘要/全文可核事实及边界。没有来源时不作直接测量结论。	同名基因、DY26/DC、ATCC 19859 等异株结果分别标识，不转为 ATCC 23270/DSM 14882 本株直接证据。		0	0				PageSize=100，未达上限；摘要精确别名命中数仅按所返记录计算。	0															
1046	RU820_RS05405	WP_012606836.1		nucleoside 2-deoxyribosyltransferase	AFE_1127	2026-09-26	Europe PMC REST search API	"""RU820_RS05405"" OR ""WP_012606836.1"" OR ""AFE_1127"""	all result pages retrieved	0	0	0		否	仅有通用 gene/product 名称摘要命中；筛后未识别到精确本株来源，异株/同名命中不计作本株验证。	见关联来源 ID；来源表给出摘要/全文可核事实及边界。没有来源时不作直接测量结论。	同名基因、DY26/DC、ATCC 19859 等异株结果分别标识，不转为 ATCC 23270/DSM 14882 本株直接证据。		9	0				精确 RU820/WP/AFE 查询已获取全部命中页；旧的 gene/product 宽泛查询曾达到100条上限，宽泛命中只保留汇总计数。	0	"""RU820_RS05405"" OR ""WP_012606836.1"" OR ""AFE_1127"""	Europe PMC REST search API; identifiers only (RU820, WP, old AFE)	0	0	1	0		0		capped at 100; broad gene/product terms caused excess results; only counts retained	all result pages retrieved	"""RU820_RS05405"" OR ""WP_012606836.1"" OR ""AFE_1127"" OR ""nucleoside 2-deoxyribosyltransferase"""	100	9	9
1047	RU820_RS05410	WP_012606837.1		hypothetical protein	AFE_1128	2026-09-25	Europe PMC REST search API	"""RU820_RS05410"" OR ""WP_012606837.1"" OR ""AFE_1128"""	query_ok	0	0	0			检索式已执行；Europe PMC 返回未见摘要精确别名命中；不等于无原始论文。	见关联来源 ID；来源表给出摘要/全文可核事实及边界。没有来源时不作直接测量结论。	同名基因、DY26/DC、ATCC 19859 等异株结果分别标识，不转为 ATCC 23270/DSM 14882 本株直接证据。		0	0				PageSize=100，未达上限；摘要精确别名命中数仅按所返记录计算。	0															
1048	RU820_RS05415	WP_080513181.1		DNA translocase FtsK	AFE_1130	2026-09-26	Europe PMC REST search API	"""RU820_RS05415"" OR ""WP_080513181.1"" OR ""AFE_1130"""	all result pages retrieved	0	0	0		否	仅有通用 gene/product 名称摘要命中；筛后未识别到精确本株来源，异株/同名命中不计作本株验证。	见关联来源 ID；来源表给出摘要/全文可核事实及边界。没有来源时不作直接测量结论。	同名基因、DY26/DC、ATCC 19859 等异株结果分别标识，不转为 ATCC 23270/DSM 14882 本株直接证据。		19	0				精确 RU820/WP/AFE 查询已获取全部命中页；旧的 gene/product 宽泛查询曾达到100条上限，宽泛命中只保留汇总计数。	0	"""RU820_RS05415"" OR ""WP_080513181.1"" OR ""AFE_1130"""	Europe PMC REST search API; identifiers only (RU820, WP, old AFE)	0	0	1	0		0		capped at 100; broad gene/product terms caused excess results; only counts retained	all result pages retrieved	"""RU820_RS05415"" OR ""WP_080513181.1"" OR ""AFE_1130"" OR ""DNA translocase FtsK"""	100	21	19
1049	RU820_RS05420	WP_148208607.1		hypothetical protein	AFE_1131	2026-09-25	Europe PMC REST search API	"""RU820_RS05420"" OR ""WP_148208607.1"" OR ""AFE_1131"""	query_ok	0	0	0			检索式已执行；Europe PMC 返回未见摘要精确别名命中；不等于无原始论文。	见关联来源 ID；来源表给出摘要/全文可核事实及边界。没有来源时不作直接测量结论。	同名基因、DY26/DC、ATCC 19859 等异株结果分别标识，不转为 ATCC 23270/DSM 14882 本株直接证据。		0	0				PageSize=100，未达上限；摘要精确别名命中数仅按所返记录计算。	0															
1050	RU820_RS05425	WP_012606841.1		cysteine hydrolase family protein	AFE_1133	2026-09-25	Europe PMC REST search API	"""RU820_RS05425"" OR ""WP_012606841.1"" OR ""AFE_1133"" OR ""cysteine hydrolase family protein"""	query_ok	2	0	0		是	检索式已执行；Europe PMC 返回未见摘要精确别名命中；不等于无原始论文。	见关联来源 ID；来源表给出摘要/全文可核事实及边界。没有来源时不作直接测量结论。	同名基因、DY26/DC、ATCC 19859 等异株结果分别标识，不转为 ATCC 23270/DSM 14882 本株直接证据。		0	0				PageSize=100，未达上限；摘要精确别名命中数仅按所返记录计算。	0															
1051	RU820_RS05430	WP_080513182.1		hypothetical protein	未确认	2026-09-25	Europe PMC REST search API	"""RU820_RS05430"" OR ""WP_080513182.1"""	query_ok	0	0	0			检索式已执行；Europe PMC 返回未见摘要精确别名命中；不等于无原始论文。	见关联来源 ID；来源表给出摘要/全文可核事实及边界。没有来源时不作直接测量结论。	同名基因、DY26/DC、ATCC 19859 等异株结果分别标识，不转为 ATCC 23270/DSM 14882 本株直接证据。		0	0				PageSize=100，未达上限；摘要精确别名命中数仅按所返记录计算。	0															
1052	RU820_RS05435	WP_041645534.1		hypothetical protein	未确认	2026-09-25	Europe PMC REST search API	"""RU820_RS05435"" OR ""WP_041645534.1"""	query_ok	0	0	0			检索式已执行；Europe PMC 返回未见摘要精确别名命中；不等于无原始论文。	见关联来源 ID；来源表给出摘要/全文可核事实及边界。没有来源时不作直接测量结论。	同名基因、DY26/DC、ATCC 19859 等异株结果分别标识，不转为 ATCC 23270/DSM 14882 本株直接证据。		0	0				PageSize=100，未达上限；摘要精确别名命中数仅按所返记录计算。	0															
1053	RU820_RS05440	WP_012606844.1		hypothetical protein	AFE_1135	2026-09-25	Europe PMC REST search API	"""RU820_RS05440"" OR ""WP_012606844.1"" OR ""AFE_1135"""	query_ok	0	0	0			检索式已执行；Europe PMC 返回未见摘要精确别名命中；不等于无原始论文。	见关联来源 ID；来源表给出摘要/全文可核事实及边界。没有来源时不作直接测量结论。	同名基因、DY26/DC、ATCC 19859 等异株结果分别标识，不转为 ATCC 23270/DSM 14882 本株直接证据。		0	0				PageSize=100，未达上限；摘要精确别名命中数仅按所返记录计算。	0															
1054	RU820_RS05445	WP_012606845.1		DedA family protein	AFE_1136	2026-09-25	Europe PMC REST search API	"""RU820_RS05445"" OR ""WP_012606845.1"" OR ""AFE_1136"" OR ""DedA family protein"""	query_ok	63	7	7		否	仅有通用 gene/product 名称摘要命中；筛后未识别到精确本株来源，异株/同名命中不计作本株验证。	见关联来源 ID；来源表给出摘要/全文可核事实及边界。没有来源时不作直接测量结论。	同名基因、DY26/DC、ATCC 19859 等异株结果分别标识，不转为 ATCC 23270/DSM 14882 本株直接证据。		7	0				PageSize=100，未达上限；摘要精确别名命中数仅按所返记录计算。	0															
1055	RU820_RS05450	WP_012606846.1		ATP-dependent helicase	AFE_1137	2026-09-26	Europe PMC REST search API	"""RU820_RS05450"" OR ""WP_012606846.1"" OR ""AFE_1137"""	all result pages retrieved	0	0	0		否	仅有通用 gene/product 名称摘要命中；筛后未识别到精确本株来源，异株/同名命中不计作本株验证。	见关联来源 ID；来源表给出摘要/全文可核事实及边界。没有来源时不作直接测量结论。	同名基因、DY26/DC、ATCC 19859 等异株结果分别标识，不转为 ATCC 23270/DSM 14882 本株直接证据。		31	0				精确 RU820/WP/AFE 查询已获取全部命中页；旧的 gene/product 宽泛查询曾达到100条上限，宽泛命中只保留汇总计数。	0	"""RU820_RS05450"" OR ""WP_012606846.1"" OR ""AFE_1137"""	Europe PMC REST search API; identifiers only (RU820, WP, old AFE)	0	0	1	0		0		capped at 100; broad gene/product terms caused excess results; only counts retained	all result pages retrieved	"""RU820_RS05450"" OR ""WP_012606846.1"" OR ""AFE_1137"" OR ""ATP-dependent helicase"""	100	32	31
1056	RU820_RS05455	WP_423365592.1		hypothetical protein	AFE_1140	2026-09-25	Europe PMC REST search API	"""RU820_RS05455"" OR ""WP_423365592.1"" OR ""AFE_1140"""	query_ok	0	0	0			检索式已执行；Europe PMC 返回未见摘要精确别名命中；不等于无原始论文。	见关联来源 ID；来源表给出摘要/全文可核事实及边界。没有来源时不作直接测量结论。	同名基因、DY26/DC、ATCC 19859 等异株结果分别标识，不转为 ATCC 23270/DSM 14882 本株直接证据。		0	0				PageSize=100，未达上限；摘要精确别名命中数仅按所返记录计算。	0															
1057	RU820_RS05460	WP_012606850.1		SPFH domain-containing protein	AFE_1141	2026-09-25	Europe PMC REST search API	"""RU820_RS05460"" OR ""WP_012606850.1"" OR ""AFE_1141"" OR ""SPFH domain-containing protein"""	query_ok	58	5	5		否	仅有通用 gene/product 名称摘要命中；筛后未识别到精确本株来源，异株/同名命中不计作本株验证。	见关联来源 ID；来源表给出摘要/全文可核事实及边界。没有来源时不作直接测量结论。	同名基因、DY26/DC、ATCC 19859 等异株结果分别标识，不转为 ATCC 23270/DSM 14882 本株直接证据。		5	0				PageSize=100，未达上限；摘要精确别名命中数仅按所返记录计算。	0															
1058	RU820_RS05465	WP_012606582.1		IS110-like element ISAfe3 family transposase	未确认	2026-09-25	Europe PMC REST search API	"""RU820_RS05465"" OR ""WP_012606582.1"" OR ""IS110-like element ISAfe3 family transposase"""	query_ok	0	0	0			检索式已执行；Europe PMC 返回未见摘要精确别名命中；不等于无原始论文。	见关联来源 ID；来源表给出摘要/全文可核事实及边界。没有来源时不作直接测量结论。	同名基因、DY26/DC、ATCC 19859 等异株结果分别标识，不转为 ATCC 23270/DSM 14882 本株直接证据。		0	0				PageSize=100，未达上限；摘要精确别名命中数仅按所返记录计算。	0															
1059	RU820_RS05470	WP_041645546.1		hypothetical protein	未确认	2026-09-25	Europe PMC REST search API	"""RU820_RS05470"" OR ""WP_041645546.1"""	query_ok	0	0	0			检索式已执行；Europe PMC 返回未见摘要精确别名命中；不等于无原始论文。	见关联来源 ID；来源表给出摘要/全文可核事实及边界。没有来源时不作直接测量结论。	同名基因、DY26/DC、ATCC 19859 等异株结果分别标识，不转为 ATCC 23270/DSM 14882 本株直接证据。		0	0				PageSize=100，未达上限；摘要精确别名命中数仅按所返记录计算。	0															
1060	RU820_RS05475	WP_148208608.1		hypothetical protein	未确认	2026-09-25	Europe PMC REST search API	"""RU820_RS05475"" OR ""WP_148208608.1"""	query_ok	0	0	0			检索式已执行；Europe PMC 返回未见摘要精确别名命中；不等于无原始论文。	见关联来源 ID；来源表给出摘要/全文可核事实及边界。没有来源时不作直接测量结论。	同名基因、DY26/DC、ATCC 19859 等异株结果分别标识，不转为 ATCC 23270/DSM 14882 本株直接证据。		0	0				PageSize=100，未达上限；摘要精确别名命中数仅按所返记录计算。	0															
1061	RU820_RS05480	WP_041645555.1		hypothetical protein	AFE_1144	2026-09-25	Europe PMC REST search API	"""RU820_RS05480"" OR ""WP_041645555.1"" OR ""AFE_1144"""	query_ok	1	1	1	DOI:10.1007/s12223-013-0244-8	否	PubMed原始摘要核实：AFE_1144在A. ferrooxidans DC被克隆并纳入金属胁迫表达分析；无ATCC23270/DSM14882实验。全文未能访问。	见关联来源 ID；来源表给出摘要/全文可核事实及边界。没有来源时不作直接测量结论。	来源研究实验株为 DY26/DC 或 DC；与该旧 AFE 编号有关，但不能计为 ATCC23270/DSM14882 实验证据。		1	0			G54-S003	PageSize=100，未达上限；摘要精确别名命中数仅按所返记录计算。	0															
1062	RU820_RS05485	WP_012606853.1		tyrosine-type recombinase/integrase	AFE_1145	2026-09-25	Europe PMC REST search API	"""RU820_RS05485"" OR ""WP_012606853.1"" OR ""AFE_1145"" OR ""tyrosine-type recombinase/integrase"""	query_ok	94	3	3		否	仅有通用 gene/product 名称摘要命中；筛后未识别到精确本株来源，异株/同名命中不计作本株验证。	见关联来源 ID；来源表给出摘要/全文可核事实及边界。没有来源时不作直接测量结论。	同名基因、DY26/DC、ATCC 19859 等异株结果分别标识，不转为 ATCC 23270/DSM 14882 本株直接证据。		3	0				PageSize=100，未达上限；摘要精确别名命中数仅按所返记录计算。	0															
1063	RU820_RS05490	WP_012606854.1		hypothetical protein	AFE_1146	2026-09-25	Europe PMC REST search API	"""RU820_RS05490"" OR ""WP_012606854.1"" OR ""AFE_1146"""	query_ok	0	0	0			检索式已执行；Europe PMC 返回未见摘要精确别名命中；不等于无原始论文。	见关联来源 ID；来源表给出摘要/全文可核事实及边界。没有来源时不作直接测量结论。	同名基因、DY26/DC、ATCC 19859 等异株结果分别标识，不转为 ATCC 23270/DSM 14882 本株直接证据。		0	0				PageSize=100，未达上限；摘要精确别名命中数仅按所返记录计算。	0															
1064	RU820_RS05495	WP_012606855.1		hypothetical protein	AFE_1147	2026-09-25	Europe PMC REST search API	"""RU820_RS05495"" OR ""WP_012606855.1"" OR ""AFE_1147"""	query_ok	0	0	0			检索式已执行；Europe PMC 返回未见摘要精确别名命中；不等于无原始论文。	见关联来源 ID；来源表给出摘要/全文可核事实及边界。没有来源时不作直接测量结论。	同名基因、DY26/DC、ATCC 19859 等异株结果分别标识，不转为 ATCC 23270/DSM 14882 本株直接证据。		0	0				PageSize=100，未达上限；摘要精确别名命中数仅按所返记录计算。	0															
1065	RU820_RS05500	WP_012606856.1		hypothetical protein	AFE_1148	2026-09-25	Europe PMC REST search API	"""RU820_RS05500"" OR ""WP_012606856.1"" OR ""AFE_1148"""	query_ok	0	0	0			检索式已执行；Europe PMC 返回未见摘要精确别名命中；不等于无原始论文。	见关联来源 ID；来源表给出摘要/全文可核事实及边界。没有来源时不作直接测量结论。	同名基因、DY26/DC、ATCC 19859 等异株结果分别标识，不转为 ATCC 23270/DSM 14882 本株直接证据。		0	0				PageSize=100，未达上限；摘要精确别名命中数仅按所返记录计算。	0															
1066	RU820_RS05505	WP_012606857.1		hypothetical protein	AFE_1149	2026-09-25	Europe PMC REST search API	"""RU820_RS05505"" OR ""WP_012606857.1"" OR ""AFE_1149"""	query_ok	0	0	0			检索式已执行；Europe PMC 返回未见摘要精确别名命中；不等于无原始论文。	见关联来源 ID；来源表给出摘要/全文可核事实及边界。没有来源时不作直接测量结论。	同名基因、DY26/DC、ATCC 19859 等异株结果分别标识，不转为 ATCC 23270/DSM 14882 本株直接证据。		0	0				PageSize=100，未达上限；摘要精确别名命中数仅按所返记录计算。	0															
1067	RU820_RS05510	WP_012606858.1		hypothetical protein	AFE_1150	2026-09-25	Europe PMC REST search API	"""RU820_RS05510"" OR ""WP_012606858.1"" OR ""AFE_1150"""	query_ok	0	0	0			检索式已执行；Europe PMC 返回未见摘要精确别名命中；不等于无原始论文。	见关联来源 ID；来源表给出摘要/全文可核事实及边界。没有来源时不作直接测量结论。	同名基因、DY26/DC、ATCC 19859 等异株结果分别标识，不转为 ATCC 23270/DSM 14882 本株直接证据。		0	0				PageSize=100，未达上限；摘要精确别名命中数仅按所返记录计算。	0															
1068	RU820_RS05515	WP_012606860.1		HNH endonuclease	AFE_1152	2026-09-26	Europe PMC REST search API	"""RU820_RS05515"" OR ""WP_012606860.1"" OR ""AFE_1152"""	all result pages retrieved	0	0	0		否	仅有通用 gene/product 名称摘要命中；筛后未识别到精确本株来源，异株/同名命中不计作本株验证。	见关联来源 ID；来源表给出摘要/全文可核事实及边界。没有来源时不作直接测量结论。	同名基因、DY26/DC、ATCC 19859 等异株结果分别标识，不转为 ATCC 23270/DSM 14882 本株直接证据。		18	0				精确 RU820/WP/AFE 查询已获取全部命中页；旧的 gene/product 宽泛查询曾达到100条上限，宽泛命中只保留汇总计数。	0	"""RU820_RS05515"" OR ""WP_012606860.1"" OR ""AFE_1152"""	Europe PMC REST search API; identifiers only (RU820, WP, old AFE)	0	0	1	0		0		capped at 100; broad gene/product terms caused excess results; only counts retained	all result pages retrieved	"""RU820_RS05515"" OR ""WP_012606860.1"" OR ""AFE_1152"" OR ""HNH endonuclease"""	100	18	18
1069	RU820_RS05520	WP_012606861.1		hypothetical protein	AFE_1153	2026-09-25	Europe PMC REST search API	"""RU820_RS05520"" OR ""WP_012606861.1"" OR ""AFE_1153"""	query_ok	0	0	0			检索式已执行；Europe PMC 返回未见摘要精确别名命中；不等于无原始论文。	见关联来源 ID；来源表给出摘要/全文可核事实及边界。没有来源时不作直接测量结论。	同名基因、DY26/DC、ATCC 19859 等异株结果分别标识，不转为 ATCC 23270/DSM 14882 本株直接证据。		0	0				PageSize=100，未达上限；摘要精确别名命中数仅按所返记录计算。	0															
1070	RU820_RS05525	WP_041645573.1		hypothetical protein	未确认	2026-09-25	Europe PMC REST search API	"""RU820_RS05525"" OR ""WP_041645573.1"""	query_ok	0	0	0			检索式已执行；Europe PMC 返回未见摘要精确别名命中；不等于无原始论文。	见关联来源 ID；来源表给出摘要/全文可核事实及边界。没有来源时不作直接测量结论。	同名基因、DY26/DC、ATCC 19859 等异株结果分别标识，不转为 ATCC 23270/DSM 14882 本株直接证据。		0	0				PageSize=100，未达上限；摘要精确别名命中数仅按所返记录计算。	0															
1071	RU820_RS05590	WP_041645583.1		hypothetical protein	未确认	2026-09-25	Europe PMC REST search API	"""RU820_RS05590"" OR ""WP_041645583.1"""	query_ok	0	0	0			检索式已执行；Europe PMC 返回未见摘要精确别名命中；不等于无原始论文。	见关联来源 ID；来源表给出摘要/全文可核事实及边界。没有来源时不作直接测量结论。	同名基因、DY26/DC、ATCC 19859 等异株结果分别标识，不转为 ATCC 23270/DSM 14882 本株直接证据。		0	0				PageSize=100，未达上限；摘要精确别名命中数仅按所返记录计算。	0															
1072	RU820_RS05610	WP_041645589.1		hypothetical protein	未确认	2026-09-25	Europe PMC REST search API	"""RU820_RS05610"" OR ""WP_041645589.1"""	query_ok	0	0	0			检索式已执行；Europe PMC 返回未见摘要精确别名命中；不等于无原始论文。	见关联来源 ID；来源表给出摘要/全文可核事实及边界。没有来源时不作直接测量结论。	同名基因、DY26/DC、ATCC 19859 等异株结果分别标识，不转为 ATCC 23270/DSM 14882 本株直接证据。		0	0				PageSize=100，未达上限；摘要精确别名命中数仅按所返记录计算。	0															
1073	RU820_RS05630	WP_012606865.1		hypothetical protein	AFE_1174	2026-09-25	Europe PMC REST search API	"""RU820_RS05630"" OR ""WP_012606865.1"" OR ""AFE_1174"""	query_ok	0	0	0			检索式已执行；Europe PMC 返回未见摘要精确别名命中；不等于无原始论文。	见关联来源 ID；来源表给出摘要/全文可核事实及边界。没有来源时不作直接测量结论。	同名基因、DY26/DC、ATCC 19859 等异株结果分别标识，不转为 ATCC 23270/DSM 14882 本株直接证据。		0	0				PageSize=100，未达上限；摘要精确别名命中数仅按所返记录计算。	0															
1074	RU820_RS05640	WP_041645592.1		hypothetical protein	未确认	2026-09-25	Europe PMC REST search API	"""RU820_RS05640"" OR ""WP_041645592.1"""	query_ok	0	0	0			检索式已执行；Europe PMC 返回未见摘要精确别名命中；不等于无原始论文。	见关联来源 ID；来源表给出摘要/全文可核事实及边界。没有来源时不作直接测量结论。	同名基因、DY26/DC、ATCC 19859 等异株结果分别标识，不转为 ATCC 23270/DSM 14882 本株直接证据。		0	0				PageSize=100，未达上限；摘要精确别名命中数仅按所返记录计算。	0															
1075	RU820_RS05645	WP_012606866.1		hypothetical protein	AFE_1176	2026-09-25	Europe PMC REST search API	"""RU820_RS05645"" OR ""WP_012606866.1"" OR ""AFE_1176"""	query_ok	0	0	0			检索式已执行；Europe PMC 返回未见摘要精确别名命中；不等于无原始论文。	见关联来源 ID；来源表给出摘要/全文可核事实及边界。没有来源时不作直接测量结论。	同名基因、DY26/DC、ATCC 19859 等异株结果分别标识，不转为 ATCC 23270/DSM 14882 本株直接证据。		0	0				PageSize=100，未达上限；摘要精确别名命中数仅按所返记录计算。	0															
1076	RU820_RS05655	WP_041645597.1		hypothetical protein	未确认	2026-09-25	Europe PMC REST search API	"""RU820_RS05655"" OR ""WP_041645597.1"""	query_ok	0	0	0			检索式已执行；Europe PMC 返回未见摘要精确别名命中；不等于无原始论文。	见关联来源 ID；来源表给出摘要/全文可核事实及边界。没有来源时不作直接测量结论。	同名基因、DY26/DC、ATCC 19859 等异株结果分别标识，不转为 ATCC 23270/DSM 14882 本株直接证据。		0	0				PageSize=100，未达上限；摘要精确别名命中数仅按所返记录计算。	0															
1077	RU820_RS05660	WP_423365463.1		hypothetical protein	未确认	2026-09-25	Europe PMC REST search API	"""RU820_RS05660"" OR ""WP_423365463.1"""	query_ok	0	0	0			检索式已执行；Europe PMC 返回未见摘要精确别名命中；不等于无原始论文。	见关联来源 ID；来源表给出摘要/全文可核事实及边界。没有来源时不作直接测量结论。	同名基因、DY26/DC、ATCC 19859 等异株结果分别标识，不转为 ATCC 23270/DSM 14882 本株直接证据。		0	0				PageSize=100，未达上限；摘要精确别名命中数仅按所返记录计算。	0															
1078	RU820_RS05745	WP_012606870.1		DUF4326 domain-containing protein	AFE_1197	2026-09-25	Europe PMC REST search API	"""RU820_RS05745"" OR ""WP_012606870.1"" OR ""AFE_1197"" OR ""DUF4326 domain-containing protein"""	query_ok	4	0	0		是	检索式已执行；Europe PMC 返回未见摘要精确别名命中；不等于无原始论文。	见关联来源 ID；来源表给出摘要/全文可核事实及边界。没有来源时不作直接测量结论。	同名基因、DY26/DC、ATCC 19859 等异株结果分别标识，不转为 ATCC 23270/DSM 14882 本株直接证据。		0	0				PageSize=100，未达上限；摘要精确别名命中数仅按所返记录计算。	0															
1079	RU820_RS05750	WP_041645602.1		hypothetical protein	未确认	2026-09-25	Europe PMC REST search API	"""RU820_RS05750"" OR ""WP_041645602.1"""	query_ok	0	0	0			检索式已执行；Europe PMC 返回未见摘要精确别名命中；不等于无原始论文。	见关联来源 ID；来源表给出摘要/全文可核事实及边界。没有来源时不作直接测量结论。	同名基因、DY26/DC、ATCC 19859 等异株结果分别标识，不转为 ATCC 23270/DSM 14882 本株直接证据。		0	0				PageSize=100，未达上限；摘要精确别名命中数仅按所返记录计算。	0															
1080	RU820_RS05755	WP_012606872.1		ribonuclease H family protein	AFE_1199	2026-09-25	Europe PMC REST search API	"""RU820_RS05755"" OR ""WP_012606872.1"" OR ""AFE_1199"" OR ""ribonuclease H family protein"""	query_ok	1	0	0		是	检索式已执行；Europe PMC 返回未见摘要精确别名命中；不等于无原始论文。	见关联来源 ID；来源表给出摘要/全文可核事实及边界。没有来源时不作直接测量结论。	同名基因、DY26/DC、ATCC 19859 等异株结果分别标识，不转为 ATCC 23270/DSM 14882 本株直接证据。		0	0				PageSize=100，未达上限；摘要精确别名命中数仅按所返记录计算。	0															
1081	RU820_RS05760	WP_012606873.1		hypothetical protein	AFE_1200	2026-09-25	Europe PMC REST search API	"""RU820_RS05760"" OR ""WP_012606873.1"" OR ""AFE_1200"""	query_ok	0	0	0			检索式已执行；Europe PMC 返回未见摘要精确别名命中；不等于无原始论文。	见关联来源 ID；来源表给出摘要/全文可核事实及边界。没有来源时不作直接测量结论。	同名基因、DY26/DC、ATCC 19859 等异株结果分别标识，不转为 ATCC 23270/DSM 14882 本株直接证据。		0	0				PageSize=100，未达上限；摘要精确别名命中数仅按所返记录计算。	0															
1082	RU820_RS05765	WP_012606874.1		heteromeric transposase endonuclease subunit TnsA	AFE_1201	2026-09-25	Europe PMC REST search API	"""RU820_RS05765"" OR ""WP_012606874.1"" OR ""AFE_1201"" OR ""heteromeric transposase endonuclease subunit TnsA"""	query_ok	1	0	0		是	检索式已执行；Europe PMC 返回未见摘要精确别名命中；不等于无原始论文。	见关联来源 ID；来源表给出摘要/全文可核事实及边界。没有来源时不作直接测量结论。	同名基因、DY26/DC、ATCC 19859 等异株结果分别标识，不转为 ATCC 23270/DSM 14882 本株直接证据。		0	0				PageSize=100，未达上限；摘要精确别名命中数仅按所返记录计算。	0															
1083	RU820_RS05770	WP_012606875.1		Mu transposase C-terminal domain-containing protein	AFE_1202	2026-09-25	Europe PMC REST search API	"""RU820_RS05770"" OR ""WP_012606875.1"" OR ""AFE_1202"" OR ""Mu transposase C-terminal domain-containing protein"""	query_ok	4	0	0		是	检索式已执行；Europe PMC 返回未见摘要精确别名命中；不等于无原始论文。	见关联来源 ID；来源表给出摘要/全文可核事实及边界。没有来源时不作直接测量结论。	同名基因、DY26/DC、ATCC 19859 等异株结果分别标识，不转为 ATCC 23270/DSM 14882 本株直接证据。		0	0				PageSize=100，未达上限；摘要精确别名命中数仅按所返记录计算。	0															
1084	RU820_RS05775	WP_012606876.1		ATP-binding protein	AFE_1203	2026-09-26	Europe PMC REST search API	"""RU820_RS05775"" OR ""WP_012606876.1"" OR ""AFE_1203"""	all result pages retrieved	0	0	0		否	仅有通用 gene/product 名称摘要命中；筛后未识别到精确本株来源，异株/同名命中不计作本株验证。	见关联来源 ID；来源表给出摘要/全文可核事实及边界。没有来源时不作直接测量结论。	同名基因、DY26/DC、ATCC 19859 等异株结果分别标识，不转为 ATCC 23270/DSM 14882 本株直接证据。		14	0				精确 RU820/WP/AFE 查询已获取全部命中页；旧的 gene/product 宽泛查询曾达到100条上限，宽泛命中只保留汇总计数。	0	"""RU820_RS05775"" OR ""WP_012606876.1"" OR ""AFE_1203"""	Europe PMC REST search API; identifiers only (RU820, WP, old AFE)	0	0	1	0		0		capped at 100; broad gene/product terms caused excess results; only counts retained	all result pages retrieved	"""RU820_RS05775"" OR ""WP_012606876.1"" OR ""AFE_1203"" OR ""ATP-binding protein"""	100	16	14
1085	RU820_RS05780	WP_423365467.1		TnsD family transposase	未确认	2026-09-25	Europe PMC REST search API	"""RU820_RS05780"" OR ""WP_423365467.1"" OR ""TnsD family transposase"""	query_ok	0	0	0			检索式已执行；Europe PMC 返回未见摘要精确别名命中；不等于无原始论文。	见关联来源 ID；来源表给出摘要/全文可核事实及边界。没有来源时不作直接测量结论。	同名基因、DY26/DC、ATCC 19859 等异株结果分别标识，不转为 ATCC 23270/DSM 14882 本株直接证据。		0	0				PageSize=100，未达上限；摘要精确别名命中数仅按所返记录计算。	0															
1086	RU820_RS05785	WP_423365469.1		hypothetical protein	未确认	2026-09-25	Europe PMC REST search API	"""RU820_RS05785"" OR ""WP_423365469.1"""	query_ok	0	0	0			检索式已执行；Europe PMC 返回未见摘要精确别名命中；不等于无原始论文。	见关联来源 ID；来源表给出摘要/全文可核事实及边界。没有来源时不作直接测量结论。	同名基因、DY26/DC、ATCC 19859 等异株结果分别标识，不转为 ATCC 23270/DSM 14882 本株直接证据。		0	0				PageSize=100，未达上限；摘要精确别名命中数仅按所返记录计算。	0															
1087	RU820_RS05790	WP_012606879.1		AAA family ATPase	AFE_1206	2026-09-26	Europe PMC REST search API	"""RU820_RS05790"" OR ""WP_012606879.1"" OR ""AFE_1206"""	all result pages retrieved	0	0	0		否	仅有通用 gene/product 名称摘要命中；筛后未识别到精确本株来源，异株/同名命中不计作本株验证。	见关联来源 ID；来源表给出摘要/全文可核事实及边界。没有来源时不作直接测量结论。	同名基因、DY26/DC、ATCC 19859 等异株结果分别标识，不转为 ATCC 23270/DSM 14882 本株直接证据。		4	0				精确 RU820/WP/AFE 查询已获取全部命中页；旧的 gene/product 宽泛查询曾达到100条上限，宽泛命中只保留汇总计数。	0	"""RU820_RS05790"" OR ""WP_012606879.1"" OR ""AFE_1206"""	Europe PMC REST search API; identifiers only (RU820, WP, old AFE)	0	0	1	0		0		capped at 100; broad gene/product terms caused excess results; only counts retained	all result pages retrieved	"""RU820_RS05790"" OR ""WP_012606879.1"" OR ""AFE_1206"" OR ""AAA family ATPase"""	100	4	4
1088	RU820_RS05795	WP_423365470.1		autotransporter domain-containing protein	未确认	2026-09-25	Europe PMC REST search API	"""RU820_RS05795"" OR ""WP_423365470.1"" OR ""autotransporter domain-containing protein"""	query_ok	24	0	0		是	检索式已执行；Europe PMC 返回未见摘要精确别名命中；不等于无原始论文。	见关联来源 ID；来源表给出摘要/全文可核事实及边界。没有来源时不作直接测量结论。	同名基因、DY26/DC、ATCC 19859 等异株结果分别标识，不转为 ATCC 23270/DSM 14882 本株直接证据。		0	0				PageSize=100，未达上限；摘要精确别名命中数仅按所返记录计算。	0															
1089	RU820_RS05805	WP_236608977.1		hypothetical protein	未确认	2026-09-25	Europe PMC REST search API	"""RU820_RS05805"" OR ""WP_236608977.1"""	query_ok	0	0	0			检索式已执行；Europe PMC 返回未见摘要精确别名命中；不等于无原始论文。	见关联来源 ID；来源表给出摘要/全文可核事实及边界。没有来源时不作直接测量结论。	同名基因、DY26/DC、ATCC 19859 等异株结果分别标识，不转为 ATCC 23270/DSM 14882 本株直接证据。		0	0				PageSize=100，未达上限；摘要精确别名命中数仅按所返记录计算。	0															
1090	RU820_RS05810	WP_049759432.1		hypothetical protein	未确认	2026-09-25	Europe PMC REST search API	"""RU820_RS05810"" OR ""WP_049759432.1"""	query_ok	0	0	0			检索式已执行；Europe PMC 返回未见摘要精确别名命中；不等于无原始论文。	见关联来源 ID；来源表给出摘要/全文可核事实及边界。没有来源时不作直接测量结论。	同名基因、DY26/DC、ATCC 19859 等异株结果分别标识，不转为 ATCC 23270/DSM 14882 本株直接证据。		0	0				PageSize=100，未达上限；摘要精确别名命中数仅按所返记录计算。	0															
1091	RU820_RS05815	WP_423365615.1		beta strand repeat-containing protein	未确认	2026-09-25	Europe PMC REST search API	"""RU820_RS05815"" OR ""WP_423365615.1"" OR ""beta strand repeat-containing protein"""	query_ok	7	2	2		否	仅有通用 gene/product 名称摘要命中；筛后未识别到精确本株来源，异株/同名命中不计作本株验证。	见关联来源 ID；来源表给出摘要/全文可核事实及边界。没有来源时不作直接测量结论。	同名基因、DY26/DC、ATCC 19859 等异株结果分别标识，不转为 ATCC 23270/DSM 14882 本株直接证据。		2	0				PageSize=100，未达上限；摘要精确别名命中数仅按所返记录计算。	0															
1092	RU820_RS05820	WP_012606582.1		IS110-like element ISAfe3 family transposase	未确认	2026-09-25	Europe PMC REST search API	"""RU820_RS05820"" OR ""WP_012606582.1"" OR ""IS110-like element ISAfe3 family transposase"""	query_ok	0	0	0			检索式已执行；Europe PMC 返回未见摘要精确别名命中；不等于无原始论文。	见关联来源 ID；来源表给出摘要/全文可核事实及边界。没有来源时不作直接测量结论。	同名基因、DY26/DC、ATCC 19859 等异株结果分别标识，不转为 ATCC 23270/DSM 14882 本株直接证据。		0	0				PageSize=100，未达上限；摘要精确别名命中数仅按所返记录计算。	0															
1093	RU820_RS05825	WP_423365472.1		hypothetical protein	未确认	2026-09-25	Europe PMC REST search API	"""RU820_RS05825"" OR ""WP_423365472.1"""	query_ok	0	0	0			检索式已执行；Europe PMC 返回未见摘要精确别名命中；不等于无原始论文。	见关联来源 ID；来源表给出摘要/全文可核事实及边界。没有来源时不作直接测量结论。	同名基因、DY26/DC、ATCC 19859 等异株结果分别标识，不转为 ATCC 23270/DSM 14882 本株直接证据。		0	0				PageSize=100，未达上限；摘要精确别名命中数仅按所返记录计算。	0															
1094	RU820_RS05830	WP_049759436.1		prolyl hydroxylase family protein	AFE_1210	2026-09-25	Europe PMC REST search API	"""RU820_RS05830"" OR ""WP_049759436.1"" OR ""AFE_1210"" OR ""prolyl hydroxylase family protein"""	query_ok	0	0	0			检索式已执行；Europe PMC 返回未见摘要精确别名命中；不等于无原始论文。	见关联来源 ID；来源表给出摘要/全文可核事实及边界。没有来源时不作直接测量结论。	同名基因、DY26/DC、ATCC 19859 等异株结果分别标识，不转为 ATCC 23270/DSM 14882 本株直接证据。		0	0				PageSize=100，未达上限；摘要精确别名命中数仅按所返记录计算。	0															
1095	RU820_RS05835	WP_012606884.1		tetratricopeptide repeat-containing sulfotransferase family protein	AFE_1211	2026-09-25	Europe PMC REST search API	"""RU820_RS05835"" OR ""WP_012606884.1"" OR ""AFE_1211"" OR ""tetratricopeptide repeat-containing sulfotransferase family protein"""	query_ok	0	0	0			检索式已执行；Europe PMC 返回未见摘要精确别名命中；不等于无原始论文。	见关联来源 ID；来源表给出摘要/全文可核事实及边界。没有来源时不作直接测量结论。	同名基因、DY26/DC、ATCC 19859 等异株结果分别标识，不转为 ATCC 23270/DSM 14882 本株直接证据。		0	0				PageSize=100，未达上限；摘要精确别名命中数仅按所返记录计算。	0															
1096	RU820_RS05840	WP_012606885.1		glycosyltransferase family 9 protein	AFE_1212	2026-09-25	Europe PMC REST search API	"""RU820_RS05840"" OR ""WP_012606885.1"" OR ""AFE_1212"" OR ""glycosyltransferase family 9 protein"""	query_ok	4	0	0		是	检索式已执行；Europe PMC 返回未见摘要精确别名命中；不等于无原始论文。	见关联来源 ID；来源表给出摘要/全文可核事实及边界。没有来源时不作直接测量结论。	同名基因、DY26/DC、ATCC 19859 等异株结果分别标识，不转为 ATCC 23270/DSM 14882 本株直接证据。		0	0				PageSize=100，未达上限；摘要精确别名命中数仅按所返记录计算。	0															
1097	RU820_RS05845	WP_148208610.1		hypothetical protein	未确认	2026-09-25	Europe PMC REST search API	"""RU820_RS05845"" OR ""WP_148208610.1"""	query_ok	0	0	0			检索式已执行；Europe PMC 返回未见摘要精确别名命中；不等于无原始论文。	见关联来源 ID；来源表给出摘要/全文可核事实及边界。没有来源时不作直接测量结论。	同名基因、DY26/DC、ATCC 19859 等异株结果分别标识，不转为 ATCC 23270/DSM 14882 本株直接证据。		0	0				PageSize=100，未达上限；摘要精确别名命中数仅按所返记录计算。	0															
1098	RU820_RS05855	WP_012606887.1		hypothetical protein	AFE_1214	2026-09-25	Europe PMC REST search API	"""RU820_RS05855"" OR ""WP_012606887.1"" OR ""AFE_1214"""	query_ok	0	0	0			检索式已执行；Europe PMC 返回未见摘要精确别名命中；不等于无原始论文。	见关联来源 ID；来源表给出摘要/全文可核事实及边界。没有来源时不作直接测量结论。	同名基因、DY26/DC、ATCC 19859 等异株结果分别标识，不转为 ATCC 23270/DSM 14882 本株直接证据。		0	0				PageSize=100，未达上限；摘要精确别名命中数仅按所返记录计算。	0															
1099	RU820_RS05860	WP_012606888.1		RNA-guided endonuclease InsQ/TnpB family protein	AFE_1215	2026-09-25	Europe PMC REST search API	"""RU820_RS05860"" OR ""WP_012606888.1"" OR ""AFE_1215"" OR ""RNA-guided endonuclease InsQ/TnpB family protein"""	query_ok	2	0	0		是	检索式已执行；Europe PMC 返回未见摘要精确别名命中；不等于无原始论文。	见关联来源 ID；来源表给出摘要/全文可核事实及边界。没有来源时不作直接测量结论。	同名基因、DY26/DC、ATCC 19859 等异株结果分别标识，不转为 ATCC 23270/DSM 14882 本株直接证据。		0	0				PageSize=100，未达上限；摘要精确别名命中数仅按所返记录计算。	0															
1100	RU820_RS05865	WP_012606889.1		hypothetical protein	AFE_1216	2026-09-25	Europe PMC REST search API	"""RU820_RS05865"" OR ""WP_012606889.1"" OR ""AFE_1216"""	query_ok	0	0	0			检索式已执行；Europe PMC 返回未见摘要精确别名命中；不等于无原始论文。	见关联来源 ID；来源表给出摘要/全文可核事实及边界。没有来源时不作直接测量结论。	同名基因、DY26/DC、ATCC 19859 等异株结果分别标识，不转为 ATCC 23270/DSM 14882 本株直接证据。		0	0				PageSize=100，未达上限；摘要精确别名命中数仅按所返记录计算。	0															
1101	RU820_RS05870	WP_012606890.1		uracil-DNA glycosylase	AFE_1217	2026-09-26	Europe PMC REST search API	"""RU820_RS05870"" OR ""WP_012606890.1"" OR ""AFE_1217"""	all result pages retrieved	0	0	0		否	仅有通用 gene/product 名称摘要命中；筛后未识别到精确本株来源，异株/同名命中不计作本株验证。	见关联来源 ID；来源表给出摘要/全文可核事实及边界。没有来源时不作直接测量结论。	同名基因、DY26/DC、ATCC 19859 等异株结果分别标识，不转为 ATCC 23270/DSM 14882 本株直接证据。		50	0				精确 RU820/WP/AFE 查询已获取全部命中页；旧的 gene/product 宽泛查询曾达到100条上限，宽泛命中只保留汇总计数。	0	"""RU820_RS05870"" OR ""WP_012606890.1"" OR ""AFE_1217"""	Europe PMC REST search API; identifiers only (RU820, WP, old AFE)	0	0	1	0		0		capped at 100; broad gene/product terms caused excess results; only counts retained	all result pages retrieved	"""RU820_RS05870"" OR ""WP_012606890.1"" OR ""AFE_1217"" OR ""uracil-DNA glycosylase"""	100	52	50
1102	RU820_RS05875	WP_012606891.1		ATP-grasp domain-containing protein	AFE_1218	2026-09-25	Europe PMC REST search API	"""RU820_RS05875"" OR ""WP_012606891.1"" OR ""AFE_1218"" OR ""ATP-grasp domain-containing protein"""	query_ok	42	3	3		否	仅有通用 gene/product 名称摘要命中；筛后未识别到精确本株来源，异株/同名命中不计作本株验证。	见关联来源 ID；来源表给出摘要/全文可核事实及边界。没有来源时不作直接测量结论。	同名基因、DY26/DC、ATCC 19859 等异株结果分别标识，不转为 ATCC 23270/DSM 14882 本株直接证据。		3	0				PageSize=100，未达上限；摘要精确别名命中数仅按所返记录计算。	0															
1103	RU820_RS05880	WP_049759437.1		DUF5131 family protein	未确认	2026-09-25	Europe PMC REST search API	"""RU820_RS05880"" OR ""WP_049759437.1"" OR ""DUF5131 family protein"""	query_ok	0	0	0			检索式已执行；Europe PMC 返回未见摘要精确别名命中；不等于无原始论文。	见关联来源 ID；来源表给出摘要/全文可核事实及边界。没有来源时不作直接测量结论。	同名基因、DY26/DC、ATCC 19859 等异株结果分别标识，不转为 ATCC 23270/DSM 14882 本株直接证据。		0	0				PageSize=100，未达上限；摘要精确别名命中数仅按所返记录计算。	0															
1104	RU820_RS05885	WP_049759438.1		DUF5131 family protein	未确认	2026-09-25	Europe PMC REST search API	"""RU820_RS05885"" OR ""WP_049759438.1"" OR ""DUF5131 family protein"""	query_ok	0	0	0			检索式已执行；Europe PMC 返回未见摘要精确别名命中；不等于无原始论文。	见关联来源 ID；来源表给出摘要/全文可核事实及边界。没有来源时不作直接测量结论。	同名基因、DY26/DC、ATCC 19859 等异株结果分别标识，不转为 ATCC 23270/DSM 14882 本株直接证据。		0	0				PageSize=100，未达上限；摘要精确别名命中数仅按所返记录计算。	0															
1105	RU820_RS05890	WP_148208611.1		hypothetical protein	AFE_1220	2026-09-25	Europe PMC REST search API	"""RU820_RS05890"" OR ""WP_148208611.1"" OR ""AFE_1220"""	query_ok	0	0	0			检索式已执行；Europe PMC 返回未见摘要精确别名命中；不等于无原始论文。	见关联来源 ID；来源表给出摘要/全文可核事实及边界。没有来源时不作直接测量结论。	同名基因、DY26/DC、ATCC 19859 等异株结果分别标识，不转为 ATCC 23270/DSM 14882 本株直接证据。		0	0				PageSize=100，未达上限；摘要精确别名命中数仅按所返记录计算。	0															
1106	RU820_RS05895	WP_012606893.1		modification methylase	AFE_1221	2026-09-26	Europe PMC REST search API	"""RU820_RS05895"" OR ""WP_012606893.1"" OR ""AFE_1221"""	all result pages retrieved	0	0	0		否	仅有通用 gene/product 名称摘要命中；筛后未识别到精确本株来源，异株/同名命中不计作本株验证。	见关联来源 ID；来源表给出摘要/全文可核事实及边界。没有来源时不作直接测量结论。	同名基因、DY26/DC、ATCC 19859 等异株结果分别标识，不转为 ATCC 23270/DSM 14882 本株直接证据。		2	0				精确 RU820/WP/AFE 查询已获取全部命中页；旧的 gene/product 宽泛查询曾达到100条上限，宽泛命中只保留汇总计数。	0	"""RU820_RS05895"" OR ""WP_012606893.1"" OR ""AFE_1221"""	Europe PMC REST search API; identifiers only (RU820, WP, old AFE)	0	0	1	0		0		capped at 100; broad gene/product terms caused excess results; only counts retained	all result pages retrieved	"""RU820_RS05895"" OR ""WP_012606893.1"" OR ""AFE_1221"" OR ""modification methylase"""	100	2	2
1107	RU820_RS05900	WP_012606894.1		outer membrane beta-barrel protein	AFE_1222	2026-09-25	Europe PMC REST search API	"""RU820_RS05900"" OR ""WP_012606894.1"" OR ""AFE_1222"" OR ""outer membrane beta-barrel protein"""	query_ok	96	11	11		否	仅有通用 gene/product 名称摘要命中；筛后未识别到精确本株来源，异株/同名命中不计作本株验证。	见关联来源 ID；来源表给出摘要/全文可核事实及边界。没有来源时不作直接测量结论。	同名基因、DY26/DC、ATCC 19859 等异株结果分别标识，不转为 ATCC 23270/DSM 14882 本株直接证据。		11	0				PageSize=100，未达上限；摘要精确别名命中数仅按所返记录计算。	0															
1108	RU820_RS05905	WP_041645638.1		hypothetical protein	AFE_1223	2026-09-25	Europe PMC REST search API	"""RU820_RS05905"" OR ""WP_041645638.1"" OR ""AFE_1223"""	query_ok	0	0	0			检索式已执行；Europe PMC 返回未见摘要精确别名命中；不等于无原始论文。	见关联来源 ID；来源表给出摘要/全文可核事实及边界。没有来源时不作直接测量结论。	同名基因、DY26/DC、ATCC 19859 等异株结果分别标识，不转为 ATCC 23270/DSM 14882 本株直接证据。		0	0				PageSize=100，未达上限；摘要精确别名命中数仅按所返记录计算。	0															
1109	RU820_RS05910	WP_012606898.1		AAA family ATPase	AFE_1226	2026-09-26	Europe PMC REST search API	"""RU820_RS05910"" OR ""WP_012606898.1"" OR ""AFE_1226"""	all result pages retrieved	0	0	0		否	仅有通用 gene/product 名称摘要命中；筛后未识别到精确本株来源，异株/同名命中不计作本株验证。	见关联来源 ID；来源表给出摘要/全文可核事实及边界。没有来源时不作直接测量结论。	同名基因、DY26/DC、ATCC 19859 等异株结果分别标识，不转为 ATCC 23270/DSM 14882 本株直接证据。		4	0				精确 RU820/WP/AFE 查询已获取全部命中页；旧的 gene/product 宽泛查询曾达到100条上限，宽泛命中只保留汇总计数。	0	"""RU820_RS05910"" OR ""WP_012606898.1"" OR ""AFE_1226"""	Europe PMC REST search API; identifiers only (RU820, WP, old AFE)	0	0	1	0		0		capped at 100; broad gene/product terms caused excess results; only counts retained	all result pages retrieved	"""RU820_RS05910"" OR ""WP_012606898.1"" OR ""AFE_1226"" OR ""AAA family ATPase"""	100	4	4
1110	RU820_RS05915	WP_012606899.1		metallophosphoesterase family protein	AFE_1227	2026-09-25	Europe PMC REST search API	"""RU820_RS05915"" OR ""WP_012606899.1"" OR ""AFE_1227"" OR ""metallophosphoesterase family protein"""	query_ok	3	0	0		是	检索式已执行；Europe PMC 返回未见摘要精确别名命中；不等于无原始论文。	见关联来源 ID；来源表给出摘要/全文可核事实及边界。没有来源时不作直接测量结论。	同名基因、DY26/DC、ATCC 19859 等异株结果分别标识，不转为 ATCC 23270/DSM 14882 本株直接证据。		0	0				PageSize=100，未达上限；摘要精确别名命中数仅按所返记录计算。	0															
1111	RU820_RS05920	WP_041645646.1		hypothetical protein	未确认	2026-09-25	Europe PMC REST search API	"""RU820_RS05920"" OR ""WP_041645646.1"""	query_ok	0	0	0			检索式已执行；Europe PMC 返回未见摘要精确别名命中；不等于无原始论文。	见关联来源 ID；来源表给出摘要/全文可核事实及边界。没有来源时不作直接测量结论。	同名基因、DY26/DC、ATCC 19859 等异株结果分别标识，不转为 ATCC 23270/DSM 14882 本株直接证据。		0	0				PageSize=100，未达上限；摘要精确别名命中数仅按所返记录计算。	0															
1112	RU820_RS05925	WP_041645651.1		EAL domain-containing protein	AFE_1229	2026-09-26	Europe PMC REST search API	"""RU820_RS05925"" OR ""WP_041645651.1"" OR ""AFE_1229"""	all result pages retrieved	0	0	0		否	仅有通用 gene/product 名称摘要命中；筛后未识别到精确本株来源，异株/同名命中不计作本株验证。	见关联来源 ID；来源表给出摘要/全文可核事实及边界。没有来源时不作直接测量结论。	同名基因、DY26/DC、ATCC 19859 等异株结果分别标识，不转为 ATCC 23270/DSM 14882 本株直接证据。		8	0				精确 RU820/WP/AFE 查询已获取全部命中页；旧的 gene/product 宽泛查询曾达到100条上限，宽泛命中只保留汇总计数。	0	"""RU820_RS05925"" OR ""WP_041645651.1"" OR ""AFE_1229"""	Europe PMC REST search API; identifiers only (RU820, WP, old AFE)	0	0	1	0		0		capped at 100; broad gene/product terms caused excess results; only counts retained	all result pages retrieved	"""RU820_RS05925"" OR ""WP_041645651.1"" OR ""AFE_1229"" OR ""EAL domain-containing protein"""	100	8	8
1113	RU820_RS05930	WP_012606902.1		BRCT domain-containing protein	AFE_1230	2026-09-26	Europe PMC REST search API	"""RU820_RS05930"" OR ""WP_012606902.1"" OR ""AFE_1230"""	all result pages retrieved	0	0	0		否	仅有通用 gene/product 名称摘要命中；筛后未识别到精确本株来源，异株/同名命中不计作本株验证。	见关联来源 ID；来源表给出摘要/全文可核事实及边界。没有来源时不作直接测量结论。	同名基因、DY26/DC、ATCC 19859 等异株结果分别标识，不转为 ATCC 23270/DSM 14882 本株直接证据。		14	0				精确 RU820/WP/AFE 查询已获取全部命中页；旧的 gene/product 宽泛查询曾达到100条上限，宽泛命中只保留汇总计数。	0	"""RU820_RS05930"" OR ""WP_012606902.1"" OR ""AFE_1230"""	Europe PMC REST search API; identifiers only (RU820, WP, old AFE)	0	0	1	0		0		capped at 100; broad gene/product terms caused excess results; only counts retained	all result pages retrieved	"""RU820_RS05930"" OR ""WP_012606902.1"" OR ""AFE_1230"" OR ""BRCT domain-containing protein"""	100	14	14
1114	RU820_RS05935	WP_041645656.1		hypothetical protein	AFE_1231	2026-09-25	Europe PMC REST search API	"""RU820_RS05935"" OR ""WP_041645656.1"" OR ""AFE_1231"""	query_ok	0	0	0			检索式已执行；Europe PMC 返回未见摘要精确别名命中；不等于无原始论文。	见关联来源 ID；来源表给出摘要/全文可核事实及边界。没有来源时不作直接测量结论。	同名基因、DY26/DC、ATCC 19859 等异株结果分别标识，不转为 ATCC 23270/DSM 14882 本株直接证据。		0	0				PageSize=100，未达上限；摘要精确别名命中数仅按所返记录计算。	0															
1115	RU820_RS05940	WP_041645660.1		hypothetical protein	未确认	2026-09-25	Europe PMC REST search API	"""RU820_RS05940"" OR ""WP_041645660.1"""	query_ok	0	0	0			检索式已执行；Europe PMC 返回未见摘要精确别名命中；不等于无原始论文。	见关联来源 ID；来源表给出摘要/全文可核事实及边界。没有来源时不作直接测量结论。	同名基因、DY26/DC、ATCC 19859 等异株结果分别标识，不转为 ATCC 23270/DSM 14882 本株直接证据。		0	0				PageSize=100，未达上限；摘要精确别名命中数仅按所返记录计算。	0															
1116	RU820_RS05945	WP_206383199.1		hypothetical protein	未确认	2026-09-25	Europe PMC REST search API	"""RU820_RS05945"" OR ""WP_206383199.1"""	query_ok	0	0	0			检索式已执行；Europe PMC 返回未见摘要精确别名命中；不等于无原始论文。	见关联来源 ID；来源表给出摘要/全文可核事实及边界。没有来源时不作直接测量结论。	同名基因、DY26/DC、ATCC 19859 等异株结果分别标识，不转为 ATCC 23270/DSM 14882 本株直接证据。		0	0				PageSize=100，未达上限；摘要精确别名命中数仅按所返记录计算。	0															
1117	RU820_RS05950	WP_012606905.1		endonuclease domain-containing protein	AFE_1233	2026-09-25	Europe PMC REST search API	"""RU820_RS05950"" OR ""WP_012606905.1"" OR ""AFE_1233"" OR ""endonuclease domain-containing protein"""	query_ok	19	1	1		否	仅有通用 gene/product 名称摘要命中；筛后未识别到精确本株来源，异株/同名命中不计作本株验证。	见关联来源 ID；来源表给出摘要/全文可核事实及边界。没有来源时不作直接测量结论。	同名基因、DY26/DC、ATCC 19859 等异株结果分别标识，不转为 ATCC 23270/DSM 14882 本株直接证据。		1	0				PageSize=100，未达上限；摘要精确别名命中数仅按所返记录计算。	0															
1118	RU820_RS05955	WP_012606906.1		glycine zipper domain-containing protein	AFE_1234	2026-09-25	Europe PMC REST search API	"""RU820_RS05955"" OR ""WP_012606906.1"" OR ""AFE_1234"" OR ""glycine zipper domain-containing protein"""	query_ok	2	0	0		是	检索式已执行；Europe PMC 返回未见摘要精确别名命中；不等于无原始论文。	见关联来源 ID；来源表给出摘要/全文可核事实及边界。没有来源时不作直接测量结论。	同名基因、DY26/DC、ATCC 19859 等异株结果分别标识，不转为 ATCC 23270/DSM 14882 本株直接证据。		0	0				PageSize=100，未达上限；摘要精确别名命中数仅按所返记录计算。	0															
1119	RU820_RS05960	WP_012606907.1		lipoprotein	AFE_1235	2026-09-26	Europe PMC REST search API	"""RU820_RS05960"" OR ""WP_012606907.1"" OR ""AFE_1235"""	all result pages retrieved	0	0	0		否	仅有通用 gene/product 名称摘要命中；筛后未识别到精确本株来源，异株/同名命中不计作本株验证。	见关联来源 ID；来源表给出摘要/全文可核事实及边界。没有来源时不作直接测量结论。	同名基因、DY26/DC、ATCC 19859 等异株结果分别标识，不转为 ATCC 23270/DSM 14882 本株直接证据。		94	0				精确 RU820/WP/AFE 查询已获取全部命中页；旧的 gene/product 宽泛查询曾达到100条上限，宽泛命中只保留汇总计数。	0	"""RU820_RS05960"" OR ""WP_012606907.1"" OR ""AFE_1235"""	Europe PMC REST search API; identifiers only (RU820, WP, old AFE)	0	0	1	0		0		capped at 100; broad gene/product terms caused excess results; only counts retained	all result pages retrieved	"""RU820_RS05960"" OR ""WP_012606907.1"" OR ""AFE_1235"" OR ""lipoprotein"""	100	97	94
1120	RU820_RS05965	WP_012606908.1		hypothetical protein	AFE_1236	2026-09-25	Europe PMC REST search API	"""RU820_RS05965"" OR ""WP_012606908.1"" OR ""AFE_1236"""	query_ok	0	0	0			检索式已执行；Europe PMC 返回未见摘要精确别名命中；不等于无原始论文。	见关联来源 ID；来源表给出摘要/全文可核事实及边界。没有来源时不作直接测量结论。	同名基因、DY26/DC、ATCC 19859 等异株结果分别标识，不转为 ATCC 23270/DSM 14882 本株直接证据。		0	0				PageSize=100，未达上限；摘要精确别名命中数仅按所返记录计算。	0															
1121	RU820_RS05970	WP_012606909.1		hypothetical protein	AFE_1237	2026-09-25	Europe PMC REST search API	"""RU820_RS05970"" OR ""WP_012606909.1"" OR ""AFE_1237"""	query_ok	0	0	0			检索式已执行；Europe PMC 返回未见摘要精确别名命中；不等于无原始论文。	见关联来源 ID；来源表给出摘要/全文可核事实及边界。没有来源时不作直接测量结论。	同名基因、DY26/DC、ATCC 19859 等异株结果分别标识，不转为 ATCC 23270/DSM 14882 本株直接证据。		0	0				PageSize=100，未达上限；摘要精确别名命中数仅按所返记录计算。	0															
1122	RU820_RS05975	WP_041645674.1		hypothetical protein	未确认	2026-09-25	Europe PMC REST search API	"""RU820_RS05975"" OR ""WP_041645674.1"""	query_ok	0	0	0			检索式已执行；Europe PMC 返回未见摘要精确别名命中；不等于无原始论文。	见关联来源 ID；来源表给出摘要/全文可核事实及边界。没有来源时不作直接测量结论。	同名基因、DY26/DC、ATCC 19859 等异株结果分别标识，不转为 ATCC 23270/DSM 14882 本株直接证据。		0	0				PageSize=100，未达上限；摘要精确别名命中数仅按所返记录计算。	0															
1123	RU820_RS05980	WP_012606914.1		HU family DNA-binding protein	AFE_1241	2026-09-25	Europe PMC REST search API	"""RU820_RS05980"" OR ""WP_012606914.1"" OR ""AFE_1241"" OR ""HU family DNA-binding protein"""	query_ok	44	4	4		否	仅有通用 gene/product 名称摘要命中；筛后未识别到精确本株来源，异株/同名命中不计作本株验证。	见关联来源 ID；来源表给出摘要/全文可核事实及边界。没有来源时不作直接测量结论。	同名基因、DY26/DC、ATCC 19859 等异株结果分别标识，不转为 ATCC 23270/DSM 14882 本株直接证据。		4	0				PageSize=100，未达上限；摘要精确别名命中数仅按所返记录计算。	0															
1124	RU820_RS05985	WP_012606915.1		hypothetical protein	AFE_1243	2026-09-25	Europe PMC REST search API	"""RU820_RS05985"" OR ""WP_012606915.1"" OR ""AFE_1243"""	query_ok	0	0	0			检索式已执行；Europe PMC 返回未见摘要精确别名命中；不等于无原始论文。	见关联来源 ID；来源表给出摘要/全文可核事实及边界。没有来源时不作直接测量结论。	同名基因、DY26/DC、ATCC 19859 等异株结果分别标识，不转为 ATCC 23270/DSM 14882 本株直接证据。		0	0				PageSize=100，未达上限；摘要精确别名命中数仅按所返记录计算。	0															
1125	RU820_RS05990	WP_012606916.1		hypothetical protein	AFE_1244	2026-09-25	Europe PMC REST search API	"""RU820_RS05990"" OR ""WP_012606916.1"" OR ""AFE_1244"""	query_ok	0	0	0			检索式已执行；Europe PMC 返回未见摘要精确别名命中；不等于无原始论文。	见关联来源 ID；来源表给出摘要/全文可核事实及边界。没有来源时不作直接测量结论。	同名基因、DY26/DC、ATCC 19859 等异株结果分别标识，不转为 ATCC 23270/DSM 14882 本株直接证据。		0	0				PageSize=100，未达上限；摘要精确别名命中数仅按所返记录计算。	0															
1126	RU820_RS05995	WP_012606917.1		hypothetical protein	AFE_1245	2026-09-25	Europe PMC REST search API	"""RU820_RS05995"" OR ""WP_012606917.1"" OR ""AFE_1245"""	query_ok	0	0	0			检索式已执行；Europe PMC 返回未见摘要精确别名命中；不等于无原始论文。	见关联来源 ID；来源表给出摘要/全文可核事实及边界。没有来源时不作直接测量结论。	同名基因、DY26/DC、ATCC 19859 等异株结果分别标识，不转为 ATCC 23270/DSM 14882 本株直接证据。		0	0				PageSize=100，未达上限；摘要精确别名命中数仅按所返记录计算。	0															
1127	RU820_RS06000	WP_012606918.1		hypothetical protein	AFE_1246	2026-09-25	Europe PMC REST search API	"""RU820_RS06000"" OR ""WP_012606918.1"" OR ""AFE_1246"""	query_ok	0	0	0			检索式已执行；Europe PMC 返回未见摘要精确别名命中；不等于无原始论文。	见关联来源 ID；来源表给出摘要/全文可核事实及边界。没有来源时不作直接测量结论。	同名基因、DY26/DC、ATCC 19859 等异株结果分别标识，不转为 ATCC 23270/DSM 14882 本株直接证据。		0	0				PageSize=100，未达上限；摘要精确别名命中数仅按所返记录计算。	0															
1128	RU820_RS06005	WP_041645679.1		hypothetical protein	未确认	2026-09-25	Europe PMC REST search API	"""RU820_RS06005"" OR ""WP_041645679.1"""	query_ok	0	0	0			检索式已执行；Europe PMC 返回未见摘要精确别名命中；不等于无原始论文。	见关联来源 ID；来源表给出摘要/全文可核事实及边界。没有来源时不作直接测量结论。	同名基因、DY26/DC、ATCC 19859 等异株结果分别标识，不转为 ATCC 23270/DSM 14882 本株直接证据。		0	0				PageSize=100，未达上限；摘要精确别名命中数仅按所返记录计算。	0															
1129	RU820_RS06010	WP_049759441.1		hypothetical protein	未确认	2026-09-25	Europe PMC REST search API	"""RU820_RS06010"" OR ""WP_049759441.1"""	query_ok	0	0	0			检索式已执行；Europe PMC 返回未见摘要精确别名命中；不等于无原始论文。	见关联来源 ID；来源表给出摘要/全文可核事实及边界。没有来源时不作直接测量结论。	同名基因、DY26/DC、ATCC 19859 等异株结果分别标识，不转为 ATCC 23270/DSM 14882 本株直接证据。		0	0				PageSize=100，未达上限；摘要精确别名命中数仅按所返记录计算。	0															
1130	RU820_RS06015	WP_012606922.1		hypothetical protein	AFE_1250	2026-09-25	Europe PMC REST search API	"""RU820_RS06015"" OR ""WP_012606922.1"" OR ""AFE_1250"""	query_ok	0	0	0			检索式已执行；Europe PMC 返回未见摘要精确别名命中；不等于无原始论文。	见关联来源 ID；来源表给出摘要/全文可核事实及边界。没有来源时不作直接测量结论。	同名基因、DY26/DC、ATCC 19859 等异株结果分别标识，不转为 ATCC 23270/DSM 14882 本株直接证据。		0	0				PageSize=100，未达上限；摘要精确别名命中数仅按所返记录计算。	0															
1131	RU820_RS06020	WP_012606923.1		type IV secretory system conjugative DNA transfer family protein	AFE_1251	2026-09-25	Europe PMC REST search API	"""RU820_RS06020"" OR ""WP_012606923.1"" OR ""AFE_1251"" OR ""type IV secretory system conjugative DNA transfer family protein"""	query_ok	12	0	0		是	检索式已执行；Europe PMC 返回未见摘要精确别名命中；不等于无原始论文。	见关联来源 ID；来源表给出摘要/全文可核事实及边界。没有来源时不作直接测量结论。	同名基因、DY26/DC、ATCC 19859 等异株结果分别标识，不转为 ATCC 23270/DSM 14882 本株直接证据。		0	0				PageSize=100，未达上限；摘要精确别名命中数仅按所返记录计算。	0															
1132	RU820_RS06025	WP_041645682.1		hypothetical protein	未确认	2026-09-25	Europe PMC REST search API	"""RU820_RS06025"" OR ""WP_041645682.1"""	query_ok	0	0	0			检索式已执行；Europe PMC 返回未见摘要精确别名命中；不等于无原始论文。	见关联来源 ID；来源表给出摘要/全文可核事实及边界。没有来源时不作直接测量结论。	同名基因、DY26/DC、ATCC 19859 等异株结果分别标识，不转为 ATCC 23270/DSM 14882 本株直接证据。		0	0				PageSize=100，未达上限；摘要精确别名命中数仅按所返记录计算。	0															
1133	RU820_RS06030	WP_148208612.1		hypothetical protein	未确认	2026-09-25	Europe PMC REST search API	"""RU820_RS06030"" OR ""WP_148208612.1"""	query_ok	0	0	0			检索式已执行；Europe PMC 返回未见摘要精确别名命中；不等于无原始论文。	见关联来源 ID；来源表给出摘要/全文可核事实及边界。没有来源时不作直接测量结论。	同名基因、DY26/DC、ATCC 19859 等异株结果分别标识，不转为 ATCC 23270/DSM 14882 本株直接证据。		0	0				PageSize=100，未达上限；摘要精确别名命中数仅按所返记录计算。	0															
1134	RU820_RS06035	WP_041645693.1		hypothetical protein	未确认	2026-09-25	Europe PMC REST search API	"""RU820_RS06035"" OR ""WP_041645693.1"""	query_ok	0	0	0			检索式已执行；Europe PMC 返回未见摘要精确别名命中；不等于无原始论文。	见关联来源 ID；来源表给出摘要/全文可核事实及边界。没有来源时不作直接测量结论。	同名基因、DY26/DC、ATCC 19859 等异株结果分别标识，不转为 ATCC 23270/DSM 14882 本株直接证据。		0	0				PageSize=100，未达上限；摘要精确别名命中数仅按所返记录计算。	0															
1135	RU820_RS06040	WP_012606926.1		hypothetical protein	AFE_1254	2026-09-25	Europe PMC REST search API	"""RU820_RS06040"" OR ""WP_012606926.1"" OR ""AFE_1254"""	query_ok	0	0	0			检索式已执行；Europe PMC 返回未见摘要精确别名命中；不等于无原始论文。	见关联来源 ID；来源表给出摘要/全文可核事实及边界。没有来源时不作直接测量结论。	同名基因、DY26/DC、ATCC 19859 等异株结果分别标识，不转为 ATCC 23270/DSM 14882 本株直接证据。		0	0				PageSize=100，未达上限；摘要精确别名命中数仅按所返记录计算。	0															
1136	RU820_RS06045	WP_012606927.1		hypothetical protein	AFE_1255	2026-09-25	Europe PMC REST search API	"""RU820_RS06045"" OR ""WP_012606927.1"" OR ""AFE_1255"""	query_ok	0	0	0			检索式已执行；Europe PMC 返回未见摘要精确别名命中；不等于无原始论文。	见关联来源 ID；来源表给出摘要/全文可核事实及边界。没有来源时不作直接测量结论。	同名基因、DY26/DC、ATCC 19859 等异株结果分别标识，不转为 ATCC 23270/DSM 14882 本株直接证据。		0	0				PageSize=100，未达上限；摘要精确别名命中数仅按所返记录计算。	0															
1137	RU820_RS06050	WP_012606928.1		hypothetical protein	AFE_1256	2026-09-25	Europe PMC REST search API	"""RU820_RS06050"" OR ""WP_012606928.1"" OR ""AFE_1256"""	query_ok	1	0	0		是	检索式已执行；Europe PMC 返回未见摘要精确别名命中；不等于无原始论文。	见关联来源 ID；来源表给出摘要/全文可核事实及边界。没有来源时不作直接测量结论。	同名基因、DY26/DC、ATCC 19859 等异株结果分别标识，不转为 ATCC 23270/DSM 14882 本株直接证据。		0	0				PageSize=100，未达上限；摘要精确别名命中数仅按所返记录计算。	0															
1138	RU820_RS06055	WP_012606929.1		hypothetical protein	AFE_1257	2026-09-25	Europe PMC REST search API	"""RU820_RS06055"" OR ""WP_012606929.1"" OR ""AFE_1257"""	query_ok	0	0	0			检索式已执行；Europe PMC 返回未见摘要精确别名命中；不等于无原始论文。	见关联来源 ID；来源表给出摘要/全文可核事实及边界。没有来源时不作直接测量结论。	同名基因、DY26/DC、ATCC 19859 等异株结果分别标识，不转为 ATCC 23270/DSM 14882 本株直接证据。		0	0				PageSize=100，未达上限；摘要精确别名命中数仅按所返记录计算。	0															
1139	RU820_RS06060	WP_041645700.1		hypothetical protein	AFE_1258	2026-09-25	Europe PMC REST search API	"""RU820_RS06060"" OR ""WP_041645700.1"" OR ""AFE_1258"""	query_ok	0	0	0			检索式已执行；Europe PMC 返回未见摘要精确别名命中；不等于无原始论文。	见关联来源 ID；来源表给出摘要/全文可核事实及边界。没有来源时不作直接测量结论。	同名基因、DY26/DC、ATCC 19859 等异株结果分别标识，不转为 ATCC 23270/DSM 14882 本株直接证据。		0	0				PageSize=100，未达上限；摘要精确别名命中数仅按所返记录计算。	0															
1140	RU820_RS06065	WP_012606932.1		single-stranded DNA-binding protein	AFE_1260	2026-09-26	Europe PMC REST search API	"""RU820_RS06065"" OR ""WP_012606932.1"" OR ""AFE_1260"""	all result pages retrieved	0	0	0		否	仅有通用 gene/product 名称摘要命中；筛后未识别到精确本株来源，异株/同名命中不计作本株验证。	见关联来源 ID；来源表给出摘要/全文可核事实及边界。没有来源时不作直接测量结论。	同名基因、DY26/DC、ATCC 19859 等异株结果分别标识，不转为 ATCC 23270/DSM 14882 本株直接证据。		50	0				精确 RU820/WP/AFE 查询已获取全部命中页；旧的 gene/product 宽泛查询曾达到100条上限，宽泛命中只保留汇总计数。	0	"""RU820_RS06065"" OR ""WP_012606932.1"" OR ""AFE_1260"""	Europe PMC REST search API; identifiers only (RU820, WP, old AFE)	0	0	1	0		0		capped at 100; broad gene/product terms caused excess results; only counts retained	all result pages retrieved	"""RU820_RS06065"" OR ""WP_012606932.1"" OR ""AFE_1260"" OR ""single-stranded DNA-binding protein"""	100	53	50
1141	RU820_RS06070	WP_012606935.1	avs3b	AVAST type 3 anti-phage proein Avs3b	AFE_1263	2026-09-25	Europe PMC REST search API	"""RU820_RS06070"" OR ""WP_012606935.1"" OR ""avs3b"" OR ""AFE_1263"""	query_ok	0	0	0			检索式已执行；Europe PMC 返回未见摘要精确别名命中；不等于无原始论文。	见关联来源 ID；来源表给出摘要/全文可核事实及边界。没有来源时不作直接测量结论。	同名基因、DY26/DC、ATCC 19859 等异株结果分别标识，不转为 ATCC 23270/DSM 14882 本株直接证据。		0	0				PageSize=100，未达上限；摘要精确别名命中数仅按所返记录计算。	0															
1142	RU820_RS06075	WP_012606936.1		hypothetical protein	AFE_1264	2026-09-25	Europe PMC REST search API	"""RU820_RS06075"" OR ""WP_012606936.1"" OR ""AFE_1264"""	query_ok	0	0	0			检索式已执行；Europe PMC 返回未见摘要精确别名命中；不等于无原始论文。	见关联来源 ID；来源表给出摘要/全文可核事实及边界。没有来源时不作直接测量结论。	同名基因、DY26/DC、ATCC 19859 等异株结果分别标识，不转为 ATCC 23270/DSM 14882 本株直接证据。		0	0				PageSize=100，未达上限；摘要精确别名命中数仅按所返记录计算。	0															
1143	RU820_RS06080	WP_012606582.1		IS110-like element ISAfe3 family transposase	未确认	2026-09-25	Europe PMC REST search API	"""RU820_RS06080"" OR ""WP_012606582.1"" OR ""IS110-like element ISAfe3 family transposase"""	query_ok	0	0	0			检索式已执行；Europe PMC 返回未见摘要精确别名命中；不等于无原始论文。	见关联来源 ID；来源表给出摘要/全文可核事实及边界。没有来源时不作直接测量结论。	同名基因、DY26/DC、ATCC 19859 等异株结果分别标识，不转为 ATCC 23270/DSM 14882 本株直接证据。		0	0				PageSize=100，未达上限；摘要精确别名命中数仅按所返记录计算。	0															
1144	RU820_RS06085	WP_012606937.1		NACHT domain-containing protein	AFE_1266	2026-09-25	Europe PMC REST search API	"""RU820_RS06085"" OR ""WP_012606937.1"" OR ""AFE_1266"" OR ""NACHT domain-containing protein"""	query_ok	23	2	2		否	仅有通用 gene/product 名称摘要命中；筛后未识别到精确本株来源，异株/同名命中不计作本株验证。	见关联来源 ID；来源表给出摘要/全文可核事实及边界。没有来源时不作直接测量结论。	同名基因、DY26/DC、ATCC 19859 等异株结果分别标识，不转为 ATCC 23270/DSM 14882 本株直接证据。		2	0				PageSize=100，未达上限；摘要精确别名命中数仅按所返记录计算。	0															
1145	RU820_RS06090	WP_148208613.1		hypothetical protein	AFE_1269	2026-09-25	Europe PMC REST search API	"""RU820_RS06090"" OR ""WP_148208613.1"" OR ""AFE_1269"""	query_ok	0	0	0			检索式已执行；Europe PMC 返回未见摘要精确别名命中；不等于无原始论文。	见关联来源 ID；来源表给出摘要/全文可核事实及边界。没有来源时不作直接测量结论。	同名基因、DY26/DC、ATCC 19859 等异株结果分别标识，不转为 ATCC 23270/DSM 14882 本株直接证据。		0	0				PageSize=100，未达上限；摘要精确别名命中数仅按所返记录计算。	0															
1146	RU820_RS06095	WP_012606941.1		ERF family protein	AFE_1270	2026-09-25	Europe PMC REST search API	"""RU820_RS06095"" OR ""WP_012606941.1"" OR ""AFE_1270"" OR ""ERF family protein"""	query_ok	79	2	2		否	仅有通用 gene/product 名称摘要命中；筛后未识别到精确本株来源，异株/同名命中不计作本株验证。	见关联来源 ID；来源表给出摘要/全文可核事实及边界。没有来源时不作直接测量结论。	同名基因、DY26/DC、ATCC 19859 等异株结果分别标识，不转为 ATCC 23270/DSM 14882 本株直接证据。		2	0				PageSize=100，未达上限；摘要精确别名命中数仅按所返记录计算。	0															
1147	RU820_RS06100	WP_012606942.1		hypothetical protein	AFE_1271	2026-09-25	Europe PMC REST search API	"""RU820_RS06100"" OR ""WP_012606942.1"" OR ""AFE_1271"""	query_ok	0	0	0			检索式已执行；Europe PMC 返回未见摘要精确别名命中；不等于无原始论文。	见关联来源 ID；来源表给出摘要/全文可核事实及边界。没有来源时不作直接测量结论。	同名基因、DY26/DC、ATCC 19859 等异株结果分别标识，不转为 ATCC 23270/DSM 14882 本株直接证据。		0	0				PageSize=100，未达上限；摘要精确别名命中数仅按所返记录计算。	0															
1148	RU820_RS06105	WP_012606943.1		hypothetical protein	AFE_1272	2026-09-25	Europe PMC REST search API	"""RU820_RS06105"" OR ""WP_012606943.1"" OR ""AFE_1272"""	query_ok	0	0	0			检索式已执行；Europe PMC 返回未见摘要精确别名命中；不等于无原始论文。	见关联来源 ID；来源表给出摘要/全文可核事实及边界。没有来源时不作直接测量结论。	同名基因、DY26/DC、ATCC 19859 等异株结果分别标识，不转为 ATCC 23270/DSM 14882 本株直接证据。		0	0				PageSize=100，未达上限；摘要精确别名命中数仅按所返记录计算。	0															
1149	RU820_RS06110	WP_012606944.1		hypothetical protein	AFE_1273	2026-09-25	Europe PMC REST search API	"""RU820_RS06110"" OR ""WP_012606944.1"" OR ""AFE_1273"""	query_ok	0	0	0			检索式已执行；Europe PMC 返回未见摘要精确别名命中；不等于无原始论文。	见关联来源 ID；来源表给出摘要/全文可核事实及边界。没有来源时不作直接测量结论。	同名基因、DY26/DC、ATCC 19859 等异株结果分别标识，不转为 ATCC 23270/DSM 14882 本株直接证据。		0	0				PageSize=100，未达上限；摘要精确别名命中数仅按所返记录计算。	0															
1150	RU820_RS06115	WP_041645725.1		hypothetical protein	未确认	2026-09-25	Europe PMC REST search API	"""RU820_RS06115"" OR ""WP_041645725.1"""	query_ok	0	0	0			检索式已执行；Europe PMC 返回未见摘要精确别名命中；不等于无原始论文。	见关联来源 ID；来源表给出摘要/全文可核事实及边界。没有来源时不作直接测量结论。	同名基因、DY26/DC、ATCC 19859 等异株结果分别标识，不转为 ATCC 23270/DSM 14882 本株直接证据。		0	0				PageSize=100，未达上限；摘要精确别名命中数仅按所返记录计算。	0															
1151	RU820_RS06120	WP_012606946.1		DUF3150 domain-containing protein	AFE_1275	2026-09-25	Europe PMC REST search API	"""RU820_RS06120"" OR ""WP_012606946.1"" OR ""AFE_1275"" OR ""DUF3150 domain-containing protein"""	query_ok	0	0	0			检索式已执行；Europe PMC 返回未见摘要精确别名命中；不等于无原始论文。	见关联来源 ID；来源表给出摘要/全文可核事实及边界。没有来源时不作直接测量结论。	同名基因、DY26/DC、ATCC 19859 等异株结果分别标识，不转为 ATCC 23270/DSM 14882 本株直接证据。		0	0				PageSize=100，未达上限；摘要精确别名命中数仅按所返记录计算。	0															
1152	RU820_RS06125	WP_012606947.1		hypothetical protein	AFE_1276	2026-09-25	Europe PMC REST search API	"""RU820_RS06125"" OR ""WP_012606947.1"" OR ""AFE_1276"""	query_ok	0	0	0			检索式已执行；Europe PMC 返回未见摘要精确别名命中；不等于无原始论文。	见关联来源 ID；来源表给出摘要/全文可核事实及边界。没有来源时不作直接测量结论。	同名基因、DY26/DC、ATCC 19859 等异株结果分别标识，不转为 ATCC 23270/DSM 14882 本株直接证据。		0	0				PageSize=100，未达上限；摘要精确别名命中数仅按所返记录计算。	0															
1153	RU820_RS06130	WP_012606948.1		hypothetical protein	AFE_1277	2026-09-25	Europe PMC REST search API	"""RU820_RS06130"" OR ""WP_012606948.1"" OR ""AFE_1277"""	query_ok	0	0	0			检索式已执行；Europe PMC 返回未见摘要精确别名命中；不等于无原始论文。	见关联来源 ID；来源表给出摘要/全文可核事实及边界。没有来源时不作直接测量结论。	同名基因、DY26/DC、ATCC 19859 等异株结果分别标识，不转为 ATCC 23270/DSM 14882 本株直接证据。		0	0				PageSize=100，未达上限；摘要精确别名命中数仅按所返记录计算。	0															
1154	RU820_RS06135	WP_012606949.1		hypothetical protein	AFE_1278	2026-09-25	Europe PMC REST search API	"""RU820_RS06135"" OR ""WP_012606949.1"" OR ""AFE_1278"""	query_ok	0	0	0			检索式已执行；Europe PMC 返回未见摘要精确别名命中；不等于无原始论文。	见关联来源 ID；来源表给出摘要/全文可核事实及边界。没有来源时不作直接测量结论。	同名基因、DY26/DC、ATCC 19859 等异株结果分别标识，不转为 ATCC 23270/DSM 14882 本株直接证据。		0	0				PageSize=100，未达上限；摘要精确别名命中数仅按所返记录计算。	0															
1155	RU820_RS06140	WP_012606950.1		hypothetical protein	AFE_1279	2026-09-25	Europe PMC REST search API	"""RU820_RS06140"" OR ""WP_012606950.1"" OR ""AFE_1279"""	query_ok	0	0	0			检索式已执行；Europe PMC 返回未见摘要精确别名命中；不等于无原始论文。	见关联来源 ID；来源表给出摘要/全文可核事实及边界。没有来源时不作直接测量结论。	同名基因、DY26/DC、ATCC 19859 等异株结果分别标识，不转为 ATCC 23270/DSM 14882 本株直接证据。		0	0				PageSize=100，未达上限；摘要精确别名命中数仅按所返记录计算。	0															
1156	RU820_RS06145	WP_041645736.1		hypothetical protein	未确认	2026-09-25	Europe PMC REST search API	"""RU820_RS06145"" OR ""WP_041645736.1"""	query_ok	0	0	0			检索式已执行；Europe PMC 返回未见摘要精确别名命中；不等于无原始论文。	见关联来源 ID；来源表给出摘要/全文可核事实及边界。没有来源时不作直接测量结论。	同名基因、DY26/DC、ATCC 19859 等异株结果分别标识，不转为 ATCC 23270/DSM 14882 本株直接证据。		0	0				PageSize=100，未达上限；摘要精确别名命中数仅按所返记录计算。	0															
1157	RU820_RS06150	WP_041645740.1		hypothetical protein	AFE_1281	2026-09-25	Europe PMC REST search API	"""RU820_RS06150"" OR ""WP_041645740.1"" OR ""AFE_1281"""	query_ok	0	0	0			检索式已执行；Europe PMC 返回未见摘要精确别名命中；不等于无原始论文。	见关联来源 ID；来源表给出摘要/全文可核事实及边界。没有来源时不作直接测量结论。	同名基因、DY26/DC、ATCC 19859 等异株结果分别标识，不转为 ATCC 23270/DSM 14882 本株直接证据。		0	0				PageSize=100，未达上限；摘要精确别名命中数仅按所返记录计算。	0															
1158	RU820_RS06155	WP_012606953.1		hypothetical protein	AFE_1282	2026-09-25	Europe PMC REST search API	"""RU820_RS06155"" OR ""WP_012606953.1"" OR ""AFE_1282"""	query_ok	0	0	0			检索式已执行；Europe PMC 返回未见摘要精确别名命中；不等于无原始论文。	见关联来源 ID；来源表给出摘要/全文可核事实及边界。没有来源时不作直接测量结论。	同名基因、DY26/DC、ATCC 19859 等异株结果分别标识，不转为 ATCC 23270/DSM 14882 本株直接证据。		0	0				PageSize=100，未达上限；摘要精确别名命中数仅按所返记录计算。	0															
1159	RU820_RS06160	WP_012606954.1		DUF4942 domain-containing protein	AFE_1283	2026-09-25	Europe PMC REST search API	"""RU820_RS06160"" OR ""WP_012606954.1"" OR ""AFE_1283"" OR ""DUF4942 domain-containing protein"""	query_ok	5	0	0		是	检索式已执行；Europe PMC 返回未见摘要精确别名命中；不等于无原始论文。	见关联来源 ID；来源表给出摘要/全文可核事实及边界。没有来源时不作直接测量结论。	同名基因、DY26/DC、ATCC 19859 等异株结果分别标识，不转为 ATCC 23270/DSM 14882 本株直接证据。		0	0				PageSize=100，未达上限；摘要精确别名命中数仅按所返记录计算。	0															
1160	RU820_RS06165	WP_012606955.1		hypothetical protein	AFE_1284	2026-09-25	Europe PMC REST search API	"""RU820_RS06165"" OR ""WP_012606955.1"" OR ""AFE_1284"""	query_ok	0	0	0			检索式已执行；Europe PMC 返回未见摘要精确别名命中；不等于无原始论文。	见关联来源 ID；来源表给出摘要/全文可核事实及边界。没有来源时不作直接测量结论。	同名基因、DY26/DC、ATCC 19859 等异株结果分别标识，不转为 ATCC 23270/DSM 14882 本株直接证据。		0	0				PageSize=100，未达上限；摘要精确别名命中数仅按所返记录计算。	0															
1161	RU820_RS06170	WP_012606956.1		hypothetical protein	AFE_1285	2026-09-25	Europe PMC REST search API	"""RU820_RS06170"" OR ""WP_012606956.1"" OR ""AFE_1285"""	query_ok	0	0	0			检索式已执行；Europe PMC 返回未见摘要精确别名命中；不等于无原始论文。	见关联来源 ID；来源表给出摘要/全文可核事实及边界。没有来源时不作直接测量结论。	同名基因、DY26/DC、ATCC 19859 等异株结果分别标识，不转为 ATCC 23270/DSM 14882 本株直接证据。		0	0				PageSize=100，未达上限；摘要精确别名命中数仅按所返记录计算。	0															
1162	RU820_RS06175	WP_049759443.1		YqaJ viral recombinase family protein	AFE_1286	2026-09-25	Europe PMC REST search API	"""RU820_RS06175"" OR ""WP_049759443.1"" OR ""AFE_1286"" OR ""YqaJ viral recombinase family protein"""	query_ok	12	0	0		是	检索式已执行；Europe PMC 返回未见摘要精确别名命中；不等于无原始论文。	见关联来源 ID；来源表给出摘要/全文可核事实及边界。没有来源时不作直接测量结论。	同名基因、DY26/DC、ATCC 19859 等异株结果分别标识，不转为 ATCC 23270/DSM 14882 本株直接证据。		0	0				PageSize=100，未达上限；摘要精确别名命中数仅按所返记录计算。	0															
1163	RU820_RS06180	WP_012606958.1		hypothetical protein	AFE_1287	2026-09-25	Europe PMC REST search API	"""RU820_RS06180"" OR ""WP_012606958.1"" OR ""AFE_1287"""	query_ok	0	0	0			检索式已执行；Europe PMC 返回未见摘要精确别名命中；不等于无原始论文。	见关联来源 ID；来源表给出摘要/全文可核事实及边界。没有来源时不作直接测量结论。	同名基因、DY26/DC、ATCC 19859 等异株结果分别标识，不转为 ATCC 23270/DSM 14882 本株直接证据。		0	0				PageSize=100，未达上限；摘要精确别名命中数仅按所返记录计算。	0															
1164	RU820_RS06185	WP_012606959.1		hypothetical protein	AFE_1288	2026-09-25	Europe PMC REST search API	"""RU820_RS06185"" OR ""WP_012606959.1"" OR ""AFE_1288"""	query_ok	0	0	0			检索式已执行；Europe PMC 返回未见摘要精确别名命中；不等于无原始论文。	见关联来源 ID；来源表给出摘要/全文可核事实及边界。没有来源时不作直接测量结论。	同名基因、DY26/DC、ATCC 19859 等异株结果分别标识，不转为 ATCC 23270/DSM 14882 本株直接证据。		0	0				PageSize=100，未达上限；摘要精确别名命中数仅按所返记录计算。	0															
1165	RU820_RS06190	WP_041645744.1		hypothetical protein	AFE_1289	2026-09-25	Europe PMC REST search API	"""RU820_RS06190"" OR ""WP_041645744.1"" OR ""AFE_1289"""	query_ok	0	0	0			检索式已执行；Europe PMC 返回未见摘要精确别名命中；不等于无原始论文。	见关联来源 ID；来源表给出摘要/全文可核事实及边界。没有来源时不作直接测量结论。	同名基因、DY26/DC、ATCC 19859 等异株结果分别标识，不转为 ATCC 23270/DSM 14882 本株直接证据。		0	0				PageSize=100，未达上限；摘要精确别名命中数仅按所返记录计算。	0															
1166	RU820_RS06195	WP_012606961.1		hypothetical protein	AFE_1290	2026-09-25	Europe PMC REST search API	"""RU820_RS06195"" OR ""WP_012606961.1"" OR ""AFE_1290"""	query_ok	0	0	0			检索式已执行；Europe PMC 返回未见摘要精确别名命中；不等于无原始论文。	见关联来源 ID；来源表给出摘要/全文可核事实及边界。没有来源时不作直接测量结论。	同名基因、DY26/DC、ATCC 19859 等异株结果分别标识，不转为 ATCC 23270/DSM 14882 本株直接证据。		0	0				PageSize=100，未达上限；摘要精确别名命中数仅按所返记录计算。	0															
1167	RU820_RS06200	WP_012606962.1		hypothetical protein	AFE_1291	2026-09-25	Europe PMC REST search API	"""RU820_RS06200"" OR ""WP_012606962.1"" OR ""AFE_1291"""	query_ok	0	0	0			检索式已执行；Europe PMC 返回未见摘要精确别名命中；不等于无原始论文。	见关联来源 ID；来源表给出摘要/全文可核事实及边界。没有来源时不作直接测量结论。	同名基因、DY26/DC、ATCC 19859 等异株结果分别标识，不转为 ATCC 23270/DSM 14882 本株直接证据。		0	0				PageSize=100，未达上限；摘要精确别名命中数仅按所返记录计算。	0															
1168	RU820_RS06205	WP_012606963.1		hypothetical protein	AFE_1292	2026-09-25	Europe PMC REST search API	"""RU820_RS06205"" OR ""WP_012606963.1"" OR ""AFE_1292"""	query_ok	0	0	0			检索式已执行；Europe PMC 返回未见摘要精确别名命中；不等于无原始论文。	见关联来源 ID；来源表给出摘要/全文可核事实及边界。没有来源时不作直接测量结论。	同名基因、DY26/DC、ATCC 19859 等异株结果分别标识，不转为 ATCC 23270/DSM 14882 本株直接证据。		0	0				PageSize=100，未达上限；摘要精确别名命中数仅按所返记录计算。	0															
1169	RU820_RS06210	WP_201763903.1		hypothetical protein	AFE_1293	2026-09-25	Europe PMC REST search API	"""RU820_RS06210"" OR ""WP_201763903.1"" OR ""AFE_1293"""	query_ok	1	1	1	历史AFE_1293编号冲突 DOI:10.1107/s1744309109027535	否	有效同株候选数=0。API命中为历史AFE_1293编号，但PDB结构序列对应组外 RU820_RS08260/AFE_1792；本行 WP_201763903.1 约115 aa，与SQR结构蛋白不符。	无归属于当前 RU820_RS06210 的直接事实；历史编号冲突论文只支持组外 RU820_RS08260/AFE_1792 的SQR结构。	不得将历史AFE_1293结构论文赋予本行；保留 API 原始命中计数=1，仅作编号冲突记录。		1	0				API原始标识符命中保留1条；序列比对已证实为历史编号冲突，有效本基因同株候选 DOI 数=0。	0															
1170	RU820_RS06215	WP_012606966.1		helix-turn-helix domain-containing protein	AFE_1295	2026-09-26	Europe PMC REST search API	"""RU820_RS06215"" OR ""WP_012606966.1"" OR ""AFE_1295"""	all result pages retrieved	0	0	0		否	仅有通用 gene/product 名称摘要命中；筛后未识别到精确本株来源，异株/同名命中不计作本株验证。	见关联来源 ID；来源表给出摘要/全文可核事实及边界。没有来源时不作直接测量结论。	同名基因、DY26/DC、ATCC 19859 等异株结果分别标识，不转为 ATCC 23270/DSM 14882 本株直接证据。		2	0				精确 RU820/WP/AFE 查询已获取全部命中页；旧的 gene/product 宽泛查询曾达到100条上限，宽泛命中只保留汇总计数。	0	"""RU820_RS06215"" OR ""WP_012606966.1"" OR ""AFE_1295"""	Europe PMC REST search API; identifiers only (RU820, WP, old AFE)	0	0	1	0		0		capped at 100; broad gene/product terms caused excess results; only counts retained	all result pages retrieved	"""RU820_RS06215"" OR ""WP_012606966.1"" OR ""AFE_1295"" OR ""helix-turn-helix domain-containing protein"""	100	2	2
1171	RU820_RS06220	WP_012606967.1		CysB family HTH-type transcriptional regulator	AFE_1296	2026-09-25	Europe PMC REST search API	"""RU820_RS06220"" OR ""WP_012606967.1"" OR ""AFE_1296"" OR ""CysB family HTH-type transcriptional regulator"""	query_ok	1	0	0		是	检索式已执行；Europe PMC 返回未见摘要精确别名命中；不等于无原始论文。	见关联来源 ID；来源表给出摘要/全文可核事实及边界。没有来源时不作直接测量结论。	同名基因、DY26/DC、ATCC 19859 等异株结果分别标识，不转为 ATCC 23270/DSM 14882 本株直接证据。		0	0				PageSize=100，未达上限；摘要精确别名命中数仅按所返记录计算。	0															
1172	RU820_RS06225	WP_012606968.1		AAA family ATPase	AFE_1297	2026-09-26	Europe PMC REST search API	"""RU820_RS06225"" OR ""WP_012606968.1"" OR ""AFE_1297"""	all result pages retrieved	0	0	0		否	仅有通用 gene/product 名称摘要命中；筛后未识别到精确本株来源，异株/同名命中不计作本株验证。	见关联来源 ID；来源表给出摘要/全文可核事实及边界。没有来源时不作直接测量结论。	同名基因、DY26/DC、ATCC 19859 等异株结果分别标识，不转为 ATCC 23270/DSM 14882 本株直接证据。		4	0				精确 RU820/WP/AFE 查询已获取全部命中页；旧的 gene/product 宽泛查询曾达到100条上限，宽泛命中只保留汇总计数。	0	"""RU820_RS06225"" OR ""WP_012606968.1"" OR ""AFE_1297"""	Europe PMC REST search API; identifiers only (RU820, WP, old AFE)	0	0	1	0		0		capped at 100; broad gene/product terms caused excess results; only counts retained	all result pages retrieved	"""RU820_RS06225"" OR ""WP_012606968.1"" OR ""AFE_1297"" OR ""AAA family ATPase"""	100	4	4
