总序号	RU820 locus	WP protein_id	Current NCBI product	旧 AFE locus	B1映射依据	B1映射状态	KEGG KO	KEGG EC	KEGG reaction	BioCyc reaction ID	Rhea cross-reference	Direct 2016 GPR status	Direct Reaction ID	Reaction name	Reaction formula	2016 confidence	EC	PMID	Subsystem	GRA	GPRA	PRA	Fe2+ lb	Fe2+ ub	tetrathionate lb	tetrathionate ub	sulfur lb	sulfur ub	2016原补表检索范围	Alpha现有原行核对	化学比较状态
880	RU820_RS04570	WP_009563880.1	hypothetical protein	AFE_0953	RefSeq protein_id exact	完全匹配						无直接 GPR：已对原表 Table 1 全部 615 个 Reaction 行的 GRA/GPRA/PRA 列检索，未命中该已确认 AFE																	mmc1.xls → Table 1：615 个 Reaction 行；逐行检查 GRA、GPRA、PRA；只按完全匹配的唯一 B1 AFE 判直接命中。	本地 G54 Alpha 初核表无该基因对应 reaction 原行；mmc1.xls 全表亦无该已确认 AFE 的直接 GPR。	无本组 KEGG/BioCyc/Rhea 反应 ID 线索；已完成直接 GPR 全表检索。
881	RU820_RS04575	WP_012536460.1	cytochrome d ubiquinol oxidase subunit II	AFE_0954	RefSeq protein_id exact	完全匹配	K00426	7.1.1.7	R11325	RXN-6883;RXN0-5266	RHEA:30255;RHEA:40527	直接命中 1 行	CYTBD	cytochrome oxidase bd (ubiquinol-8: 1.8 protons) (periplasm)	1.8 h[c] + q8h2[c] + 0.5 o2[c]  -> 1.8 h[p] + h2o[c] + q8[c]	3		19703284	Oxidative Phosphorylation	(AFE_0955 and AFE_0954)	( CydA (AFE_0955) and CydB (AFE_0954) )	( CydA and cydB )	0	1000	0	1000	0	1000	mmc1.xls → Table 1：615 个 Reaction 行；逐行检查 GRA、GPRA、PRA；只按完全匹配的唯一 B1 AFE 判直接命中。	沿用原补表 Table 1 对应原行字段；本地 G54 Alpha 初核表本身仅为 gene-audit 行，未包含此 Reaction 原行。	 KEGG反应以旧Table 2化合物ID集合（忽略H+/H2O记账）扫描全部615条公式；相同/相同核心化学的旧行：CYTBD；CYTBO3。逐行字段与AFE见错配表。
882	RU820_RS04580	WP_009567364.1	cytochrome ubiquinol oxidase subunit I	AFE_0955	RefSeq protein_id exact	完全匹配	K00425	7.1.1.7	R11325	RXN0-5266;RXN0-5268	RHEA:30251;RHEA:40527	直接命中 1 行	CYTBD	cytochrome oxidase bd (ubiquinol-8: 1.8 protons) (periplasm)	1.8 h[c] + q8h2[c] + 0.5 o2[c]  -> 1.8 h[p] + h2o[c] + q8[c]	3		19703284	Oxidative Phosphorylation	(AFE_0955 and AFE_0954)	( CydA (AFE_0955) and CydB (AFE_0954) )	( CydA and cydB )	0	1000	0	1000	0	1000	mmc1.xls → Table 1：615 个 Reaction 行；逐行检查 GRA、GPRA、PRA；只按完全匹配的唯一 B1 AFE 判直接命中。	沿用原补表 Table 1 对应原行字段；本地 G54 Alpha 初核表本身仅为 gene-audit 行，未包含此 Reaction 原行。	 KEGG反应以旧Table 2化合物ID集合（忽略H+/H2O记账）扫描全部615条公式；相同/相同核心化学的旧行：CYTBD；CYTBO3。逐行字段与AFE见错配表。
883	RU820_RS04585	WP_009567365.1	MBL fold metallo-hydrolase	AFE_0956	RefSeq protein_id exact	完全匹配						无直接 GPR：已对原表 Table 1 全部 615 个 Reaction 行的 GRA/GPRA/PRA 列检索，未命中该已确认 AFE																	mmc1.xls → Table 1：615 个 Reaction 行；逐行检查 GRA、GPRA、PRA；只按完全匹配的唯一 B1 AFE 判直接命中。	本地 G54 Alpha 初核表无该基因对应 reaction 原行；mmc1.xls 全表亦无该已确认 AFE 的直接 GPR。	无本组 KEGG/BioCyc/Rhea 反应 ID 线索；已完成直接 GPR 全表检索。
884	RU820_RS04590	WP_009567366.1	sigma-54 interaction domain-containing protein	AFE_0957	RefSeq protein_id exact	完全匹配						无直接 GPR：已对原表 Table 1 全部 615 个 Reaction 行的 GRA/GPRA/PRA 列检索，未命中该已确认 AFE																	mmc1.xls → Table 1：615 个 Reaction 行；逐行检查 GRA、GPRA、PRA；只按完全匹配的唯一 B1 AFE 判直接命中。	本地 G54 Alpha 初核表无该基因对应 reaction 原行；mmc1.xls 全表亦无该已确认 AFE 的直接 GPR。	无本组 KEGG/BioCyc/Rhea 反应 ID 线索；已完成直接 GPR 全表检索。
885	RU820_RS04595	WP_012536461.1	alpha/beta hydrolase	AFE_0959	RefSeq protein_id exact	完全匹配	K06999					无直接 GPR：已对原表 Table 1 全部 615 个 Reaction 行的 GRA/GPRA/PRA 列检索，未命中该已确认 AFE																	mmc1.xls → Table 1：615 个 Reaction 行；逐行检查 GRA、GPRA、PRA；只按完全匹配的唯一 B1 AFE 判直接命中。	本地 G54 Alpha 初核表无该基因对应 reaction 原行；mmc1.xls 全表亦无该已确认 AFE 的直接 GPR。	无本组 KEGG/BioCyc/Rhea 反应 ID 线索；已完成直接 GPR 全表检索。
886	RU820_RS04600	WP_009565875.1	dihydrolipoyl dehydrogenase family protein	AFE_0958	RefSeq protein_id exact	完全匹配	K00382	1.8.1.4	R00209;R01210;R01221;R01651;R01698;R01933;R03171;R03815;R07618;R08549		RHEA:15045;RHEA:27758;RHEA:33059	无直接 GPR：已对原表 Table 1 全部 615 个 Reaction 行的 GRA/GPRA/PRA 列检索，未命中该已确认 AFE																	mmc1.xls → Table 1：615 个 Reaction 行；逐行检查 GRA、GPRA、PRA；只按完全匹配的唯一 B1 AFE 判直接命中。	本地 G54 Alpha 初核表无该基因对应 reaction 原行；mmc1.xls 全表亦无该已确认 AFE 的直接 GPR。	 KEGG反应以旧Table 2化合物ID集合（忽略H+/H2O记账）扫描全部615条公式；相同/相同核心化学的旧行：PDH；GHMT3。逐行字段与AFE见错配表。
887	RU820_RS04605	WP_012536462.1	glucan biosynthesis protein	AFE_0960	RefSeq protein_id exact	完全匹配	K03670					无直接 GPR：已对原表 Table 1 全部 615 个 Reaction 行的 GRA/GPRA/PRA 列检索，未命中该已确认 AFE																	mmc1.xls → Table 1：615 个 Reaction 行；逐行检查 GRA、GPRA、PRA；只按完全匹配的唯一 B1 AFE 判直接命中。	本地 G54 Alpha 初核表无该基因对应 reaction 原行；mmc1.xls 全表亦无该已确认 AFE 的直接 GPR。	MdoG/MdoH相关交叉引用只有KO/基因ID（AFE_RS04495/AFE_RS04505），无反应ID/可比化学式；不能判同式，详见错配表。
888	RU820_RS04610	WP_012536463.1	hypothetical protein	AFE_0961	RefSeq protein_id exact	完全匹配						无直接 GPR：已对原表 Table 1 全部 615 个 Reaction 行的 GRA/GPRA/PRA 列检索，未命中该已确认 AFE																	mmc1.xls → Table 1：615 个 Reaction 行；逐行检查 GRA、GPRA、PRA；只按完全匹配的唯一 B1 AFE 判直接命中。	本地 G54 Alpha 初核表无该基因对应 reaction 原行；mmc1.xls 全表亦无该已确认 AFE 的直接 GPR。	无本组 KEGG/BioCyc/Rhea 反应 ID 线索；已完成直接 GPR 全表检索。
889	RU820_RS04615	WP_012536464.1	glucans biosynthesis glucosyltransferase MdoH	AFE_0962	RefSeq protein_id exact	完全匹配	K03669					无直接 GPR：已对原表 Table 1 全部 615 个 Reaction 行的 GRA/GPRA/PRA 列检索，未命中该已确认 AFE																	mmc1.xls → Table 1：615 个 Reaction 行；逐行检查 GRA、GPRA、PRA；只按完全匹配的唯一 B1 AFE 判直接命中。	本地 G54 Alpha 初核表无该基因对应 reaction 原行；mmc1.xls 全表亦无该已确认 AFE 的直接 GPR。	MdoG/MdoH相关交叉引用只有KO/基因ID（AFE_RS04495/AFE_RS04505），无反应ID/可比化学式；不能判同式，详见错配表。
890	RU820_RS04620	WP_012536465.1	complex I NDUFA9 subunit family protein	AFE_0963	RefSeq protein_id exact	完全匹配						无直接 GPR：已对原表 Table 1 全部 615 个 Reaction 行的 GRA/GPRA/PRA 列检索，未命中该已确认 AFE																	mmc1.xls → Table 1：615 个 Reaction 行；逐行检查 GRA、GPRA、PRA；只按完全匹配的唯一 B1 AFE 判直接命中。	本地 G54 Alpha 初核表无该基因对应 reaction 原行；mmc1.xls 全表亦无该已确认 AFE 的直接 GPR。	无本组 KEGG/BioCyc/Rhea 反应 ID 线索；已完成直接 GPR 全表检索。
891	RU820_RS04625	WP_012536466.1	DUF423 domain-containing protein	AFE_0964	RefSeq protein_id exact	完全匹配						无直接 GPR：已对原表 Table 1 全部 615 个 Reaction 行的 GRA/GPRA/PRA 列检索，未命中该已确认 AFE																	mmc1.xls → Table 1：615 个 Reaction 行；逐行检查 GRA、GPRA、PRA；只按完全匹配的唯一 B1 AFE 判直接命中。	本地 G54 Alpha 初核表无该基因对应 reaction 原行；mmc1.xls 全表亦无该已确认 AFE 的直接 GPR。	无本组 KEGG/BioCyc/Rhea 反应 ID 线索；已完成直接 GPR 全表检索。
892	RU820_RS04630	WP_012536467.1	hypothetical protein	未确认		未映射						未确认唯一 B1 AFE，不能作逐AFE直接命中判定；已全行检查候选AFE字符串																	mmc1.xls → Table 1：615 个 Reaction 行；逐行检查 GRA、GPRA、PRA；只按完全匹配的唯一 B1 AFE 判直接命中。	本地 G54 Alpha 初核表无该基因对应 reaction 原行；mmc1.xls 全表亦无该已确认 AFE 的直接 GPR。	无本组 KEGG/BioCyc/Rhea 反应 ID 线索；已完成直接 GPR 全表检索。
893	RU820_RS04635	WP_012536468.1	hypothetical protein	AFE_0966	RefSeq protein_id exact	完全匹配						无直接 GPR：已对原表 Table 1 全部 615 个 Reaction 行的 GRA/GPRA/PRA 列检索，未命中该已确认 AFE																	mmc1.xls → Table 1：615 个 Reaction 行；逐行检查 GRA、GPRA、PRA；只按完全匹配的唯一 B1 AFE 判直接命中。	本地 G54 Alpha 初核表无该基因对应 reaction 原行；mmc1.xls 全表亦无该已确认 AFE 的直接 GPR。	无本组 KEGG/BioCyc/Rhea 反应 ID 线索；已完成直接 GPR 全表检索。
894	RU820_RS04640	WP_012536469.1	hypothetical protein	AFE_0967	RefSeq protein_id exact	完全匹配						无直接 GPR：已对原表 Table 1 全部 615 个 Reaction 行的 GRA/GPRA/PRA 列检索，未命中该已确认 AFE																	mmc1.xls → Table 1：615 个 Reaction 行；逐行检查 GRA、GPRA、PRA；只按完全匹配的唯一 B1 AFE 判直接命中。	本地 G54 Alpha 初核表无该基因对应 reaction 原行；mmc1.xls 全表亦无该已确认 AFE 的直接 GPR。	无本组 KEGG/BioCyc/Rhea 反应 ID 线索；已完成直接 GPR 全表检索。
895	RU820_RS04645	WP_012536470.1	PilX N-terminal domain-containing pilus assembly protein	AFE_0968	RefSeq protein_id exact	完全匹配						无直接 GPR：已对原表 Table 1 全部 615 个 Reaction 行的 GRA/GPRA/PRA 列检索，未命中该已确认 AFE																	mmc1.xls → Table 1：615 个 Reaction 行；逐行检查 GRA、GPRA、PRA；只按完全匹配的唯一 B1 AFE 判直接命中。	本地 G54 Alpha 初核表无该基因对应 reaction 原行；mmc1.xls 全表亦无该已确认 AFE 的直接 GPR。	无本组 KEGG/BioCyc/Rhea 反应 ID 线索；已完成直接 GPR 全表检索。
896	RU820_RS04650	WP_012536471.1	PilW family protein	AFE_0969	RefSeq protein_id exact	完全匹配						无直接 GPR：已对原表 Table 1 全部 615 个 Reaction 行的 GRA/GPRA/PRA 列检索，未命中该已确认 AFE																	mmc1.xls → Table 1：615 个 Reaction 行；逐行检查 GRA、GPRA、PRA；只按完全匹配的唯一 B1 AFE 判直接命中。	本地 G54 Alpha 初核表无该基因对应 reaction 原行；mmc1.xls 全表亦无该已确认 AFE 的直接 GPR。	无本组 KEGG/BioCyc/Rhea 反应 ID 线索；已完成直接 GPR 全表检索。
897	RU820_RS04655	WP_012536472.1	type IV pilus modification PilV family protein	AFE_0970	RefSeq protein_id exact	完全匹配	K02671					无直接 GPR：已对原表 Table 1 全部 615 个 Reaction 行的 GRA/GPRA/PRA 列检索，未命中该已确认 AFE																	mmc1.xls → Table 1：615 个 Reaction 行；逐行检查 GRA、GPRA、PRA；只按完全匹配的唯一 B1 AFE 判直接命中。	本地 G54 Alpha 初核表无该基因对应 reaction 原行；mmc1.xls 全表亦无该已确认 AFE 的直接 GPR。	无本组 KEGG/BioCyc/Rhea 反应 ID 线索；已完成直接 GPR 全表检索。
898	RU820_RS04660	WP_012536473.1	pilus assembly FimT family protein	AFE_0971	RefSeq protein_id exact	完全匹配	K08084					无直接 GPR：已对原表 Table 1 全部 615 个 Reaction 行的 GRA/GPRA/PRA 列检索，未命中该已确认 AFE																	mmc1.xls → Table 1：615 个 Reaction 行；逐行检查 GRA、GPRA、PRA；只按完全匹配的唯一 B1 AFE 判直接命中。	本地 G54 Alpha 初核表无该基因对应 reaction 原行；mmc1.xls 全表亦无该已确认 AFE 的直接 GPR。	无本组 KEGG/BioCyc/Rhea 反应 ID 线索；已完成直接 GPR 全表检索。
899	RU820_RS04665	WP_012536474.1	type II secretion system F family protein	AFE_0972	RefSeq protein_id exact	完全匹配	K02653					无直接 GPR：已对原表 Table 1 全部 615 个 Reaction 行的 GRA/GPRA/PRA 列检索，未命中该已确认 AFE																	mmc1.xls → Table 1：615 个 Reaction 行；逐行检查 GRA、GPRA、PRA；只按完全匹配的唯一 B1 AFE 判直接命中。	本地 G54 Alpha 初核表无该基因对应 reaction 原行；mmc1.xls 全表亦无该已确认 AFE 的直接 GPR。	无本组 KEGG/BioCyc/Rhea 反应 ID 线索；已完成直接 GPR 全表检索。
900	RU820_RS04670	WP_012536475.1	protease SohB	AFE_0973	RefSeq protein_id exact	完全匹配	K04774					无直接 GPR：已对原表 Table 1 全部 615 个 Reaction 行的 GRA/GPRA/PRA 列检索，未命中该已确认 AFE																	mmc1.xls → Table 1：615 个 Reaction 行；逐行检查 GRA、GPRA、PRA；只按完全匹配的唯一 B1 AFE 判直接命中。	本地 G54 Alpha 初核表无该基因对应 reaction 原行；mmc1.xls 全表亦无该已确认 AFE 的直接 GPR。	无本组 KEGG/BioCyc/Rhea 反应 ID 线索；已完成直接 GPR 全表检索。
901	RU820_RS04675	WP_012536476.1	MoaD/ThiS family protein	AFE_0975	RefSeq protein_id exact	完全匹配	K03636					无直接 GPR：已对原表 Table 1 全部 615 个 Reaction 行的 GRA/GPRA/PRA 列检索，未命中该已确认 AFE																	mmc1.xls → Table 1：615 个 Reaction 行；逐行检查 GRA、GPRA、PRA；只按完全匹配的唯一 B1 AFE 判直接命中。	本地 G54 Alpha 初核表无该基因对应 reaction 原行；mmc1.xls 全表亦无该已确认 AFE 的直接 GPR。	无本组 KEGG/BioCyc/Rhea 反应 ID 线索；已完成直接 GPR 全表检索。
902	RU820_RS04680	WP_012536477.1	molybdenum cofactor biosynthesis protein MoaE	AFE_0976	RefSeq protein_id exact	完全匹配	K03635	2.8.1.12	R09395	RXN-8342	RHEA:26333	无直接 GPR：已对原表 Table 1 全部 615 个 Reaction 行的 GRA/GPRA/PRA 列检索，未命中该已确认 AFE																	mmc1.xls → Table 1：615 个 Reaction 行；逐行检查 GRA、GPRA、PRA；只按完全匹配的唯一 B1 AFE 判直接命中。	本地 G54 Alpha 初核表无该基因对应 reaction 原行；mmc1.xls 全表亦无该已确认 AFE 的直接 GPR。	 KEGG反应式已按Table 2化合物ID组成扫描全部615条模型式，未找到完全相同的化合物集合；不据此推出无近似通路/非同式机制。详见错配表。
903	RU820_RS04685	WP_009568900.1	YajQ family cyclic di-GMP-binding protein	AFE_0977	RefSeq protein_id exact	完全匹配	K09767					无直接 GPR：已对原表 Table 1 全部 615 个 Reaction 行的 GRA/GPRA/PRA 列检索，未命中该已确认 AFE																	mmc1.xls → Table 1：615 个 Reaction 行；逐行检查 GRA、GPRA、PRA；只按完全匹配的唯一 B1 AFE 判直接命中。	本地 G54 Alpha 初核表无该基因对应 reaction 原行；mmc1.xls 全表亦无该已确认 AFE 的直接 GPR。	无本组 KEGG/BioCyc/Rhea 反应 ID 线索；已完成直接 GPR 全表检索。
904	RU820_RS04690	WP_009568901.1	roadblock/LC7 domain-containing protein	AFE_0978	RefSeq protein_id exact	完全匹配	K07131					无直接 GPR：已对原表 Table 1 全部 615 个 Reaction 行的 GRA/GPRA/PRA 列检索，未命中该已确认 AFE																	mmc1.xls → Table 1：615 个 Reaction 行；逐行检查 GRA、GPRA、PRA；只按完全匹配的唯一 B1 AFE 判直接命中。	本地 G54 Alpha 初核表无该基因对应 reaction 原行；mmc1.xls 全表亦无该已确认 AFE 的直接 GPR。	无本组 KEGG/BioCyc/Rhea 反应 ID 线索；已完成直接 GPR 全表检索。
905	RU820_RS04695	WP_041645355.1	glycine cleavage system aminomethyltransferase GcvT	AFE_0979	RefSeq protein_id exact	完全匹配	K00605	2.1.2.10	R01221;R02300;R04125	GCVMULTI-RXN;GCVT-RXN	RHEA:16945;RHEA:27758	无直接 GPR：已对原表 Table 1 全部 615 个 Reaction 行的 GRA/GPRA/PRA 列检索，未命中该已确认 AFE																	mmc1.xls → Table 1：615 个 Reaction 行；逐行检查 GRA、GPRA、PRA；只按完全匹配的唯一 B1 AFE 判直接命中。	本地 G54 Alpha 初核表无该基因对应 reaction 原行；mmc1.xls 全表亦无该已确认 AFE 的直接 GPR。	 KEGG反应以旧Table 2化合物ID集合（忽略H+/H2O记账）扫描全部615条公式；相同/相同核心化学的旧行：GHMT3；THFAT。逐行字段与AFE见错配表。
906	RU820_RS04700	WP_009562478.1	glycine cleavage system protein GcvH	AFE_0980	RefSeq protein_id exact	完全匹配	K02437		R01221	GCVMULTI-RXN	RHEA:27758	无直接 GPR：已对原表 Table 1 全部 615 个 Reaction 行的 GRA/GPRA/PRA 列检索，未命中该已确认 AFE																	mmc1.xls → Table 1：615 个 Reaction 行；逐行检查 GRA、GPRA、PRA；只按完全匹配的唯一 B1 AFE 判直接命中。	本地 G54 Alpha 初核表无该基因对应 reaction 原行；mmc1.xls 全表亦无该已确认 AFE 的直接 GPR。	 KEGG反应以旧Table 2化合物ID集合（忽略H+/H2O记账）扫描全部615条公式；相同/相同核心化学的旧行：GHMT3。逐行字段与AFE见错配表。
907	RU820_RS04705	WP_012536479.1	aminomethyl-transferring glycine dehydrogenase subunit GcvPA	AFE_0981	RefSeq protein_id exact	完全匹配	K00282	1.4.4.2	R01221;R03425	GCVP-RXN	RHEA:24304;RHEA:27758	无直接 GPR：已对原表 Table 1 全部 615 个 Reaction 行的 GRA/GPRA/PRA 列检索，未命中该已确认 AFE																	mmc1.xls → Table 1：615 个 Reaction 行；逐行检查 GRA、GPRA、PRA；只按完全匹配的唯一 B1 AFE 判直接命中。	本地 G54 Alpha 初核表无该基因对应 reaction 原行；mmc1.xls 全表亦无该已确认 AFE 的直接 GPR。	 KEGG反应以旧Table 2化合物ID集合（忽略H+/H2O记账）扫描全部615条公式；相同/相同核心化学的旧行：GHMT3。逐行字段与AFE见错配表。
908	RU820_RS04710	WP_049756738.1	aminomethyl-transferring glycine dehydrogenase subunit GcvPB	AFE_0982	RefSeq protein_id exact	完全匹配	K00283	1.4.4.2	R01221;R03425	GCVP-RXN	RHEA:24304;RHEA:27758	无直接 GPR：已对原表 Table 1 全部 615 个 Reaction 行的 GRA/GPRA/PRA 列检索，未命中该已确认 AFE																	mmc1.xls → Table 1：615 个 Reaction 行；逐行检查 GRA、GPRA、PRA；只按完全匹配的唯一 B1 AFE 判直接命中。	本地 G54 Alpha 初核表无该基因对应 reaction 原行；mmc1.xls 全表亦无该已确认 AFE 的直接 GPR。	 KEGG反应以旧Table 2化合物ID集合（忽略H+/H2O记账）扫描全部615条公式；相同/相同核心化学的旧行：GHMT3。逐行字段与AFE见错配表。
909	RU820_RS04715	WP_012536481.1	ABC transporter ATP-binding protein	AFE_0983	RefSeq protein_id exact	完全匹配	K11085	7.5.2.6				无直接 GPR：已对原表 Table 1 全部 615 个 Reaction 行的 GRA/GPRA/PRA 列检索，未命中该已确认 AFE																	mmc1.xls → Table 1：615 个 Reaction 行；逐行检查 GRA、GPRA、PRA；只按完全匹配的唯一 B1 AFE 判直接命中。	本地 G54 Alpha 初核表无该基因对应 reaction 原行；mmc1.xls 全表亦无该已确认 AFE 的直接 GPR。	无本组 KEGG/BioCyc/Rhea 反应 ID 线索；已完成直接 GPR 全表检索。
910	RU820_RS04720	WP_012536482.1	ferredoxin FdxA	AFE_0984	RefSeq protein_id exact	完全匹配	K05524					无直接 GPR：已对原表 Table 1 全部 615 个 Reaction 行的 GRA/GPRA/PRA 列检索，未命中该已确认 AFE																	mmc1.xls → Table 1：615 个 Reaction 行；逐行检查 GRA、GPRA、PRA；只按完全匹配的唯一 B1 AFE 判直接命中。	本地 G54 Alpha 初核表无该基因对应 reaction 原行；mmc1.xls 全表亦无该已确认 AFE 的直接 GPR。	无本组 KEGG/BioCyc/Rhea 反应 ID 线索；已完成直接 GPR 全表检索。
911	RU820_RS04725	WP_012536483.1	peroxiredoxin	AFE_0985	RefSeq protein_id exact	完全匹配	K03386	1.11.1.24				无直接 GPR：已对原表 Table 1 全部 615 个 Reaction 行的 GRA/GPRA/PRA 列检索，未命中该已确认 AFE																	mmc1.xls → Table 1：615 个 Reaction 行；逐行检查 GRA、GPRA、PRA；只按完全匹配的唯一 B1 AFE 判直接命中。	本地 G54 Alpha 初核表无该基因对应 reaction 原行；mmc1.xls 全表亦无该已确认 AFE 的直接 GPR。	无本组 KEGG/BioCyc/Rhea 反应 ID 线索；已完成直接 GPR 全表检索。
912	RU820_RS04730	WP_012536484.1	hypothetical protein	AFE_0986	RefSeq protein_id exact	完全匹配						无直接 GPR：已对原表 Table 1 全部 615 个 Reaction 行的 GRA/GPRA/PRA 列检索，未命中该已确认 AFE																	mmc1.xls → Table 1：615 个 Reaction 行；逐行检查 GRA、GPRA、PRA；只按完全匹配的唯一 B1 AFE 判直接命中。	本地 G54 Alpha 初核表无该基因对应 reaction 原行；mmc1.xls 全表亦无该已确认 AFE 的直接 GPR。	无本组 KEGG/BioCyc/Rhea 反应 ID 线索；已完成直接 GPR 全表检索。
913	RU820_RS04735	WP_009564598.1	PHP domain-containing protein	AFE_0987	RefSeq protein_id exact	完全匹配	K07053	3.1.3.97	R00188;R11188		RHEA:10040;RHEA:43532	无直接 GPR：已对原表 Table 1 全部 615 个 Reaction 行的 GRA/GPRA/PRA 列检索，未命中该已确认 AFE																	mmc1.xls → Table 1：615 个 Reaction 行；逐行检查 GRA、GPRA、PRA；只按完全匹配的唯一 B1 AFE 判直接命中。	本地 G54 Alpha 初核表无该基因对应 reaction 原行；mmc1.xls 全表亦无该已确认 AFE 的直接 GPR。	 KEGG反应以旧Table 2化合物ID集合（忽略H+/H2O记账）扫描全部615条公式；相同/相同核心化学的旧行：BPNT。逐行字段与AFE见错配表。
914	RU820_RS04740	WP_012536485.1	AI-2E family transporter	AFE_0988	RefSeq protein_id exact	完全匹配						无直接 GPR：已对原表 Table 1 全部 615 个 Reaction 行的 GRA/GPRA/PRA 列检索，未命中该已确认 AFE																	mmc1.xls → Table 1：615 个 Reaction 行；逐行检查 GRA、GPRA、PRA；只按完全匹配的唯一 B1 AFE 判直接命中。	本地 G54 Alpha 初核表无该基因对应 reaction 原行；mmc1.xls 全表亦无该已确认 AFE 的直接 GPR。	无本组 KEGG/BioCyc/Rhea 反应 ID 线索；已完成直接 GPR 全表检索。
915	RU820_RS04745	WP_012536486.1	hypothetical protein	未确认		未映射						未确认唯一 B1 AFE，不能作逐AFE直接命中判定；已全行检查候选AFE字符串																	mmc1.xls → Table 1：615 个 Reaction 行；逐行检查 GRA、GPRA、PRA；只按完全匹配的唯一 B1 AFE 判直接命中。	本地 G54 Alpha 初核表无该基因对应 reaction 原行；mmc1.xls 全表亦无该已确认 AFE 的直接 GPR。	无本组 KEGG/BioCyc/Rhea 反应 ID 线索；已完成直接 GPR 全表检索。
916	RU820_RS04750	WP_012536487.1	hypothetical protein	AFE_0990	RefSeq protein_id exact	完全匹配						无直接 GPR：已对原表 Table 1 全部 615 个 Reaction 行的 GRA/GPRA/PRA 列检索，未命中该已确认 AFE																	mmc1.xls → Table 1：615 个 Reaction 行；逐行检查 GRA、GPRA、PRA；只按完全匹配的唯一 B1 AFE 判直接命中。	本地 G54 Alpha 初核表无该基因对应 reaction 原行；mmc1.xls 全表亦无该已确认 AFE 的直接 GPR。	无本组 KEGG/BioCyc/Rhea 反应 ID 线索；已完成直接 GPR 全表检索。
917	RU820_RS04755	WP_012536488.1	23S rRNA (guanosine(2251)-2'-O)-methyltransferase RlmB	AFE_0991	RefSeq protein_id exact	完全匹配	K03218	2.1.1.185		RXN-11588	RHEA:24140	无直接 GPR：已对原表 Table 1 全部 615 个 Reaction 行的 GRA/GPRA/PRA 列检索，未命中该已确认 AFE																	mmc1.xls → Table 1：615 个 Reaction 行；逐行检查 GRA、GPRA、PRA；只按完全匹配的唯一 B1 AFE 判直接命中。	本地 G54 Alpha 初核表无该基因对应 reaction 原行；mmc1.xls 全表亦无该已确认 AFE 的直接 GPR。	有数据库反应线索；本轮无直接 GPR。未由未命中 GPR 推断模型缺少该化学反应；化学同式待逐反应原始式核验。
918	RU820_RS04760	WP_009561865.1	TatD family hydrolase	AFE_0992	RefSeq protein_id exact	完全匹配	K03424					无直接 GPR：已对原表 Table 1 全部 615 个 Reaction 行的 GRA/GPRA/PRA 列检索，未命中该已确认 AFE																	mmc1.xls → Table 1：615 个 Reaction 行；逐行检查 GRA、GPRA、PRA；只按完全匹配的唯一 B1 AFE 判直接命中。	本地 G54 Alpha 初核表无该基因对应 reaction 原行；mmc1.xls 全表亦无该已确认 AFE 的直接 GPR。	无本组 KEGG/BioCyc/Rhea 反应 ID 线索；已完成直接 GPR 全表检索。
919	RU820_RS04765	WP_012536489.1	MBL fold metallo-hydrolase	AFE_0993	RefSeq protein_id exact	完全匹配	K06167	3.1.4.55	R10205			无直接 GPR：已对原表 Table 1 全部 615 个 Reaction 行的 GRA/GPRA/PRA 列检索，未命中该已确认 AFE																	mmc1.xls → Table 1：615 个 Reaction 行；逐行检查 GRA、GPRA、PRA；只按完全匹配的唯一 B1 AFE 判直接命中。	本地 G54 Alpha 初核表无该基因对应 reaction 原行；mmc1.xls 全表亦无该已确认 AFE 的直接 GPR。	 KEGG反应式已按Table 2化合物ID组成扫描全部615条模型式，未找到完全相同的化合物集合；不据此推出无近似通路/非同式机制。详见错配表。
920	RU820_RS04775	WP_374058766.1	tyrosine-type recombinase/integrase	AFE_0995	RefSeq protein_id exact	完全匹配						无直接 GPR：已对原表 Table 1 全部 615 个 Reaction 行的 GRA/GPRA/PRA 列检索，未命中该已确认 AFE																	mmc1.xls → Table 1：615 个 Reaction 行；逐行检查 GRA、GPRA、PRA；只按完全匹配的唯一 B1 AFE 判直接命中。	本地 G54 Alpha 初核表无该基因对应 reaction 原行；mmc1.xls 全表亦无该已确认 AFE 的直接 GPR。	无本组 KEGG/BioCyc/Rhea 反应 ID 线索；已完成直接 GPR 全表检索。
921	RU820_RS04780	WP_407918983.1	helix-turn-helix domain-containing protein	AFE_0996	RefSeq protein_id exact	完全匹配						无直接 GPR：已对原表 Table 1 全部 615 个 Reaction 行的 GRA/GPRA/PRA 列检索，未命中该已确认 AFE																	mmc1.xls → Table 1：615 个 Reaction 行；逐行检查 GRA、GPRA、PRA；只按完全匹配的唯一 B1 AFE 判直接命中。	本地 G54 Alpha 初核表无该基因对应 reaction 原行；mmc1.xls 全表亦无该已确认 AFE 的直接 GPR。	无本组 KEGG/BioCyc/Rhea 反应 ID 线索；已完成直接 GPR 全表检索。
922	RU820_RS04785	WP_012606708.1	hypothetical protein	AFE_0997	RefSeq protein_id exact	完全匹配						无直接 GPR：已对原表 Table 1 全部 615 个 Reaction 行的 GRA/GPRA/PRA 列检索，未命中该已确认 AFE																	mmc1.xls → Table 1：615 个 Reaction 行；逐行检查 GRA、GPRA、PRA；只按完全匹配的唯一 B1 AFE 判直接命中。	本地 G54 Alpha 初核表无该基因对应 reaction 原行；mmc1.xls 全表亦无该已确认 AFE 的直接 GPR。	无本组 KEGG/BioCyc/Rhea 反应 ID 线索；已完成直接 GPR 全表检索。
923	RU820_RS04790	WP_158303815.1	XRE family transcriptional regulator	AFE_0998	RefSeq protein_id exact	完全匹配						无直接 GPR：已对原表 Table 1 全部 615 个 Reaction 行的 GRA/GPRA/PRA 列检索，未命中该已确认 AFE																	mmc1.xls → Table 1：615 个 Reaction 行；逐行检查 GRA、GPRA、PRA；只按完全匹配的唯一 B1 AFE 判直接命中。	本地 G54 Alpha 初核表无该基因对应 reaction 原行；mmc1.xls 全表亦无该已确认 AFE 的直接 GPR。	无本组 KEGG/BioCyc/Rhea 反应 ID 线索；已完成直接 GPR 全表检索。
924	RU820_RS04795	WP_012606710.1	Cro/CI family transcriptional regulator	AFE_0999	RefSeq protein_id exact	完全匹配						无直接 GPR：已对原表 Table 1 全部 615 个 Reaction 行的 GRA/GPRA/PRA 列检索，未命中该已确认 AFE																	mmc1.xls → Table 1：615 个 Reaction 行；逐行检查 GRA、GPRA、PRA；只按完全匹配的唯一 B1 AFE 判直接命中。	本地 G54 Alpha 初核表无该基因对应 reaction 原行；mmc1.xls 全表亦无该已确认 AFE 的直接 GPR。	无本组 KEGG/BioCyc/Rhea 反应 ID 线索；已完成直接 GPR 全表检索。
925	RU820_RS04800	WP_041645360.1	hypothetical protein	未确认		未映射						未确认唯一 B1 AFE，不能作逐AFE直接命中判定；已全行检查候选AFE字符串																	mmc1.xls → Table 1：615 个 Reaction 行；逐行检查 GRA、GPRA、PRA；只按完全匹配的唯一 B1 AFE 判直接命中。	本地 G54 Alpha 初核表无该基因对应 reaction 原行；mmc1.xls 全表亦无该已确认 AFE 的直接 GPR。	无本组 KEGG/BioCyc/Rhea 反应 ID 线索；已完成直接 GPR 全表检索。
926	RU820_RS04805	WP_012606711.1	BRO-N domain-containing protein	AFE_1000	RefSeq protein_id exact	完全匹配						无直接 GPR：已对原表 Table 1 全部 615 个 Reaction 行的 GRA/GPRA/PRA 列检索，未命中该已确认 AFE																	mmc1.xls → Table 1：615 个 Reaction 行；逐行检查 GRA、GPRA、PRA；只按完全匹配的唯一 B1 AFE 判直接命中。	本地 G54 Alpha 初核表无该基因对应 reaction 原行；mmc1.xls 全表亦无该已确认 AFE 的直接 GPR。	无本组 KEGG/BioCyc/Rhea 反应 ID 线索；已完成直接 GPR 全表检索。
927	RU820_RS04810	WP_012606712.1	hypothetical protein	AFE_1001	RefSeq protein_id exact	完全匹配						无直接 GPR：已对原表 Table 1 全部 615 个 Reaction 行的 GRA/GPRA/PRA 列检索，未命中该已确认 AFE																	mmc1.xls → Table 1：615 个 Reaction 行；逐行检查 GRA、GPRA、PRA；只按完全匹配的唯一 B1 AFE 判直接命中。	本地 G54 Alpha 初核表无该基因对应 reaction 原行；mmc1.xls 全表亦无该已确认 AFE 的直接 GPR。	无本组 KEGG/BioCyc/Rhea 反应 ID 线索；已完成直接 GPR 全表检索。
928	RU820_RS04815	WP_049759407.1	DUF6475 domain-containing protein	AFE_1002	RefSeq protein_id exact	完全匹配						无直接 GPR：已对原表 Table 1 全部 615 个 Reaction 行的 GRA/GPRA/PRA 列检索，未命中该已确认 AFE																	mmc1.xls → Table 1：615 个 Reaction 行；逐行检查 GRA、GPRA、PRA；只按完全匹配的唯一 B1 AFE 判直接命中。	本地 G54 Alpha 初核表无该基因对应 reaction 原行；mmc1.xls 全表亦无该已确认 AFE 的直接 GPR。	无本组 KEGG/BioCyc/Rhea 反应 ID 线索；已完成直接 GPR 全表检索。
929	RU820_RS04820	WP_012606714.1	hypothetical protein	AFE_1003	RefSeq protein_id exact	完全匹配						无直接 GPR：已对原表 Table 1 全部 615 个 Reaction 行的 GRA/GPRA/PRA 列检索，未命中该已确认 AFE																	mmc1.xls → Table 1：615 个 Reaction 行；逐行检查 GRA、GPRA、PRA；只按完全匹配的唯一 B1 AFE 判直接命中。	本地 G54 Alpha 初核表无该基因对应 reaction 原行；mmc1.xls 全表亦无该已确认 AFE 的直接 GPR。	无本组 KEGG/BioCyc/Rhea 反应 ID 线索；已完成直接 GPR 全表检索。
930	RU820_RS04825	WP_012606715.1	hypothetical protein	AFE_1004	RefSeq protein_id exact	完全匹配						无直接 GPR：已对原表 Table 1 全部 615 个 Reaction 行的 GRA/GPRA/PRA 列检索，未命中该已确认 AFE																	mmc1.xls → Table 1：615 个 Reaction 行；逐行检查 GRA、GPRA、PRA；只按完全匹配的唯一 B1 AFE 判直接命中。	本地 G54 Alpha 初核表无该基因对应 reaction 原行；mmc1.xls 全表亦无该已确认 AFE 的直接 GPR。	无本组 KEGG/BioCyc/Rhea 反应 ID 线索；已完成直接 GPR 全表检索。
931	RU820_RS04830	WP_148208596.1	hypothetical protein	AFE_1005	RefSeq protein_id exact	完全匹配						无直接 GPR：已对原表 Table 1 全部 615 个 Reaction 行的 GRA/GPRA/PRA 列检索，未命中该已确认 AFE																	mmc1.xls → Table 1：615 个 Reaction 行；逐行检查 GRA、GPRA、PRA；只按完全匹配的唯一 B1 AFE 判直接命中。	本地 G54 Alpha 初核表无该基因对应 reaction 原行；mmc1.xls 全表亦无该已确认 AFE 的直接 GPR。	无本组 KEGG/BioCyc/Rhea 反应 ID 线索；已完成直接 GPR 全表检索。
932	RU820_RS04835	WP_012606717.1	hypothetical protein	AFE_1006	RefSeq protein_id exact	完全匹配						无直接 GPR：已对原表 Table 1 全部 615 个 Reaction 行的 GRA/GPRA/PRA 列检索，未命中该已确认 AFE																	mmc1.xls → Table 1：615 个 Reaction 行；逐行检查 GRA、GPRA、PRA；只按完全匹配的唯一 B1 AFE 判直接命中。	本地 G54 Alpha 初核表无该基因对应 reaction 原行；mmc1.xls 全表亦无该已确认 AFE 的直接 GPR。	无本组 KEGG/BioCyc/Rhea 反应 ID 线索；已完成直接 GPR 全表检索。
933	RU820_RS04840	WP_012606718.1	transglycosylase SLT domain-containing protein	AFE_1007	RefSeq protein_id exact	完全匹配						无直接 GPR：已对原表 Table 1 全部 615 个 Reaction 行的 GRA/GPRA/PRA 列检索，未命中该已确认 AFE																	mmc1.xls → Table 1：615 个 Reaction 行；逐行检查 GRA、GPRA、PRA；只按完全匹配的唯一 B1 AFE 判直接命中。	本地 G54 Alpha 初核表无该基因对应 reaction 原行；mmc1.xls 全表亦无该已确认 AFE 的直接 GPR。	无本组 KEGG/BioCyc/Rhea 反应 ID 线索；已完成直接 GPR 全表检索。
934	RU820_RS04845	WP_041645365.1	hypothetical protein	AFE_1008	RefSeq protein_id exact	完全匹配						无直接 GPR：已对原表 Table 1 全部 615 个 Reaction 行的 GRA/GPRA/PRA 列检索，未命中该已确认 AFE																	mmc1.xls → Table 1：615 个 Reaction 行；逐行检查 GRA、GPRA、PRA；只按完全匹配的唯一 B1 AFE 判直接命中。	本地 G54 Alpha 初核表无该基因对应 reaction 原行；mmc1.xls 全表亦无该已确认 AFE 的直接 GPR。	无本组 KEGG/BioCyc/Rhea 反应 ID 线索；已完成直接 GPR 全表检索。
935	RU820_RS04850	WP_012606721.1	hypothetical protein	AFE_1010	RefSeq protein_id exact	完全匹配						无直接 GPR：已对原表 Table 1 全部 615 个 Reaction 行的 GRA/GPRA/PRA 列检索，未命中该已确认 AFE																	mmc1.xls → Table 1：615 个 Reaction 行；逐行检查 GRA、GPRA、PRA；只按完全匹配的唯一 B1 AFE 判直接命中。	本地 G54 Alpha 初核表无该基因对应 reaction 原行；mmc1.xls 全表亦无该已确认 AFE 的直接 GPR。	无本组 KEGG/BioCyc/Rhea 反应 ID 线索；已完成直接 GPR 全表检索。
936	RU820_RS04855	WP_012606723.1	hypothetical protein	AFE_1012	RefSeq protein_id exact	完全匹配						无直接 GPR：已对原表 Table 1 全部 615 个 Reaction 行的 GRA/GPRA/PRA 列检索，未命中该已确认 AFE																	mmc1.xls → Table 1：615 个 Reaction 行；逐行检查 GRA、GPRA、PRA；只按完全匹配的唯一 B1 AFE 判直接命中。	本地 G54 Alpha 初核表无该基因对应 reaction 原行；mmc1.xls 全表亦无该已确认 AFE 的直接 GPR。	无本组 KEGG/BioCyc/Rhea 反应 ID 线索；已完成直接 GPR 全表检索。
937	RU820_RS04860	WP_012606724.1	type I DNA topoisomerase	AFE_1013	RefSeq protein_id exact	完全匹配	K03168	5.6.2.1		5.99.1.2-RXN		无直接 GPR：已对原表 Table 1 全部 615 个 Reaction 行的 GRA/GPRA/PRA 列检索，未命中该已确认 AFE																	mmc1.xls → Table 1：615 个 Reaction 行；逐行检查 GRA、GPRA、PRA；只按完全匹配的唯一 B1 AFE 判直接命中。	本地 G54 Alpha 初核表无该基因对应 reaction 原行；mmc1.xls 全表亦无该已确认 AFE 的直接 GPR。	有数据库反应线索；本轮无直接 GPR。未由未命中 GPR 推断模型缺少该化学反应；化学同式待逐反应原始式核验。
938	RU820_RS04865	WP_041645368.1	YkgJ family cysteine cluster protein	AFE_1014	RefSeq protein_id exact	完全匹配						无直接 GPR：已对原表 Table 1 全部 615 个 Reaction 行的 GRA/GPRA/PRA 列检索，未命中该已确认 AFE																	mmc1.xls → Table 1：615 个 Reaction 行；逐行检查 GRA、GPRA、PRA；只按完全匹配的唯一 B1 AFE 判直接命中。	本地 G54 Alpha 初核表无该基因对应 reaction 原行；mmc1.xls 全表亦无该已确认 AFE 的直接 GPR。	无本组 KEGG/BioCyc/Rhea 反应 ID 线索；已完成直接 GPR 全表检索。
939	RU820_RS04870	WP_148208597.1	hypothetical protein	AFE_1015	RefSeq protein_id exact	完全匹配						无直接 GPR：已对原表 Table 1 全部 615 个 Reaction 行的 GRA/GPRA/PRA 列检索，未命中该已确认 AFE																	mmc1.xls → Table 1：615 个 Reaction 行；逐行检查 GRA、GPRA、PRA；只按完全匹配的唯一 B1 AFE 判直接命中。	本地 G54 Alpha 初核表无该基因对应 reaction 原行；mmc1.xls 全表亦无该已确认 AFE 的直接 GPR。	无本组 KEGG/BioCyc/Rhea 反应 ID 线索；已完成直接 GPR 全表检索。
940	RU820_RS04875	WP_012606727.1	disulfide bond formation protein B	AFE_1016	RefSeq protein_id exact	完全匹配						无直接 GPR：已对原表 Table 1 全部 615 个 Reaction 行的 GRA/GPRA/PRA 列检索，未命中该已确认 AFE																	mmc1.xls → Table 1：615 个 Reaction 行；逐行检查 GRA、GPRA、PRA；只按完全匹配的唯一 B1 AFE 判直接命中。	本地 G54 Alpha 初核表无该基因对应 reaction 原行；mmc1.xls 全表亦无该已确认 AFE 的直接 GPR。	无本组 KEGG/BioCyc/Rhea 反应 ID 线索；已完成直接 GPR 全表检索。
941	RU820_RS04880	WP_012606728.1	hypothetical protein	AFE_1017	RefSeq protein_id exact	完全匹配						无直接 GPR：已对原表 Table 1 全部 615 个 Reaction 行的 GRA/GPRA/PRA 列检索，未命中该已确认 AFE																	mmc1.xls → Table 1：615 个 Reaction 行；逐行检查 GRA、GPRA、PRA；只按完全匹配的唯一 B1 AFE 判直接命中。	本地 G54 Alpha 初核表无该基因对应 reaction 原行；mmc1.xls 全表亦无该已确认 AFE 的直接 GPR。	无本组 KEGG/BioCyc/Rhea 反应 ID 线索；已完成直接 GPR 全表检索。
942	RU820_RS04885	WP_012606729.1	thioredoxin fold domain-containing protein	AFE_1018	RefSeq protein_id exact	完全匹配	K03805					无直接 GPR：已对原表 Table 1 全部 615 个 Reaction 行的 GRA/GPRA/PRA 列检索，未命中该已确认 AFE																	mmc1.xls → Table 1：615 个 Reaction 行；逐行检查 GRA、GPRA、PRA；只按完全匹配的唯一 B1 AFE 判直接命中。	本地 G54 Alpha 初核表无该基因对应 reaction 原行；mmc1.xls 全表亦无该已确认 AFE 的直接 GPR。	无本组 KEGG/BioCyc/Rhea 反应 ID 线索；已完成直接 GPR 全表检索。
943	RU820_RS04890	WP_041645372.1	hypothetical protein	未确认		未映射						未确认唯一 B1 AFE，不能作逐AFE直接命中判定；已全行检查候选AFE字符串																	mmc1.xls → Table 1：615 个 Reaction 行；逐行检查 GRA、GPRA、PRA；只按完全匹配的唯一 B1 AFE 判直接命中。	本地 G54 Alpha 初核表无该基因对应 reaction 原行；mmc1.xls 全表亦无该已确认 AFE 的直接 GPR。	无本组 KEGG/BioCyc/Rhea 反应 ID 线索；已完成直接 GPR 全表检索。
944	RU820_RS04895	WP_012606731.1	hypothetical protein	AFE_1020	RefSeq protein_id exact	完全匹配						无直接 GPR：已对原表 Table 1 全部 615 个 Reaction 行的 GRA/GPRA/PRA 列检索，未命中该已确认 AFE																	mmc1.xls → Table 1：615 个 Reaction 行；逐行检查 GRA、GPRA、PRA；只按完全匹配的唯一 B1 AFE 判直接命中。	本地 G54 Alpha 初核表无该基因对应 reaction 原行；mmc1.xls 全表亦无该已确认 AFE 的直接 GPR。	无本组 KEGG/BioCyc/Rhea 反应 ID 线索；已完成直接 GPR 全表检索。
945	RU820_RS04900	WP_012606732.1	hypothetical protein	AFE_1021	RefSeq protein_id exact	完全匹配						无直接 GPR：已对原表 Table 1 全部 615 个 Reaction 行的 GRA/GPRA/PRA 列检索，未命中该已确认 AFE																	mmc1.xls → Table 1：615 个 Reaction 行；逐行检查 GRA、GPRA、PRA；只按完全匹配的唯一 B1 AFE 判直接命中。	本地 G54 Alpha 初核表无该基因对应 reaction 原行；mmc1.xls 全表亦无该已确认 AFE 的直接 GPR。	无本组 KEGG/BioCyc/Rhea 反应 ID 线索；已完成直接 GPR 全表检索。
946	RU820_RS04905	WP_049759412.1	patatin-like phospholipase family protein	AFE_1022	RefSeq protein_id exact	完全匹配	K07001					无直接 GPR：已对原表 Table 1 全部 615 个 Reaction 行的 GRA/GPRA/PRA 列检索，未命中该已确认 AFE																	mmc1.xls → Table 1：615 个 Reaction 行；逐行检查 GRA、GPRA、PRA；只按完全匹配的唯一 B1 AFE 判直接命中。	本地 G54 Alpha 初核表无该基因对应 reaction 原行；mmc1.xls 全表亦无该已确认 AFE 的直接 GPR。	无本组 KEGG/BioCyc/Rhea 反应 ID 线索；已完成直接 GPR 全表检索。
947	RU820_RS04910	WP_012606734.1	RNA-guided endonuclease IscB	AFE_1023	RefSeq protein_id exact	完全匹配						无直接 GPR：已对原表 Table 1 全部 615 个 Reaction 行的 GRA/GPRA/PRA 列检索，未命中该已确认 AFE																	mmc1.xls → Table 1：615 个 Reaction 行；逐行检查 GRA、GPRA、PRA；只按完全匹配的唯一 B1 AFE 判直接命中。	本地 G54 Alpha 初核表无该基因对应 reaction 原行；mmc1.xls 全表亦无该已确认 AFE 的直接 GPR。	无本组 KEGG/BioCyc/Rhea 反应 ID 线索；已完成直接 GPR 全表检索。
948	RU820_RS04915	WP_012606735.1	metalloprotease	AFE_1024	RefSeq protein_id exact	完全匹配						无直接 GPR：已对原表 Table 1 全部 615 个 Reaction 行的 GRA/GPRA/PRA 列检索，未命中该已确认 AFE																	mmc1.xls → Table 1：615 个 Reaction 行；逐行检查 GRA、GPRA、PRA；只按完全匹配的唯一 B1 AFE 判直接命中。	本地 G54 Alpha 初核表无该基因对应 reaction 原行；mmc1.xls 全表亦无该已确认 AFE 的直接 GPR。	无本组 KEGG/BioCyc/Rhea 反应 ID 线索；已完成直接 GPR 全表检索。
949	RU820_RS04920	WP_041645376.1	hypothetical protein	未确认		未映射						未确认唯一 B1 AFE，不能作逐AFE直接命中判定；已全行检查候选AFE字符串																	mmc1.xls → Table 1：615 个 Reaction 行；逐行检查 GRA、GPRA、PRA；只按完全匹配的唯一 B1 AFE 判直接命中。	本地 G54 Alpha 初核表无该基因对应 reaction 原行；mmc1.xls 全表亦无该已确认 AFE 的直接 GPR。	无本组 KEGG/BioCyc/Rhea 反应 ID 线索；已完成直接 GPR 全表检索。
950	RU820_RS04925	WP_148208598.1	hypothetical protein	未确认		未映射						未确认唯一 B1 AFE，不能作逐AFE直接命中判定；已全行检查候选AFE字符串																	mmc1.xls → Table 1：615 个 Reaction 行；逐行检查 GRA、GPRA、PRA；只按完全匹配的唯一 B1 AFE 判直接命中。	本地 G54 Alpha 初核表无该基因对应 reaction 原行；mmc1.xls 全表亦无该已确认 AFE 的直接 GPR。	无本组 KEGG/BioCyc/Rhea 反应 ID 线索；已完成直接 GPR 全表检索。
951	RU820_RS04930	WP_012606739.1	phospholipase D-like domain-containing protein	AFE_1028	RefSeq protein_id exact	完全匹配						无直接 GPR：已对原表 Table 1 全部 615 个 Reaction 行的 GRA/GPRA/PRA 列检索，未命中该已确认 AFE																	mmc1.xls → Table 1：615 个 Reaction 行；逐行检查 GRA、GPRA、PRA；只按完全匹配的唯一 B1 AFE 判直接命中。	本地 G54 Alpha 初核表无该基因对应 reaction 原行；mmc1.xls 全表亦无该已确认 AFE 的直接 GPR。	无本组 KEGG/BioCyc/Rhea 反应 ID 线索；已完成直接 GPR 全表检索。
952	RU820_RS04935	WP_012606740.1	SIMPL domain-containing protein	AFE_1029	RefSeq protein_id exact	完全匹配						无直接 GPR：已对原表 Table 1 全部 615 个 Reaction 行的 GRA/GPRA/PRA 列检索，未命中该已确认 AFE																	mmc1.xls → Table 1：615 个 Reaction 行；逐行检查 GRA、GPRA、PRA；只按完全匹配的唯一 B1 AFE 判直接命中。	本地 G54 Alpha 初核表无该基因对应 reaction 原行；mmc1.xls 全表亦无该已确认 AFE 的直接 GPR。	无本组 KEGG/BioCyc/Rhea 反应 ID 线索；已完成直接 GPR 全表检索。
953	RU820_RS04940	WP_012606741.1	hypothetical protein	AFE_1030	RefSeq protein_id exact	完全匹配						无直接 GPR：已对原表 Table 1 全部 615 个 Reaction 行的 GRA/GPRA/PRA 列检索，未命中该已确认 AFE																	mmc1.xls → Table 1：615 个 Reaction 行；逐行检查 GRA、GPRA、PRA；只按完全匹配的唯一 B1 AFE 判直接命中。	本地 G54 Alpha 初核表无该基因对应 reaction 原行；mmc1.xls 全表亦无该已确认 AFE 的直接 GPR。	无本组 KEGG/BioCyc/Rhea 反应 ID 线索；已完成直接 GPR 全表检索。
954	RU820_RS04945	WP_012606742.1	plasmid mobilization protein	AFE_1031	RefSeq protein_id exact	完全匹配						无直接 GPR：已对原表 Table 1 全部 615 个 Reaction 行的 GRA/GPRA/PRA 列检索，未命中该已确认 AFE																	mmc1.xls → Table 1：615 个 Reaction 行；逐行检查 GRA、GPRA、PRA；只按完全匹配的唯一 B1 AFE 判直接命中。	本地 G54 Alpha 初核表无该基因对应 reaction 原行；mmc1.xls 全表亦无该已确认 AFE 的直接 GPR。	无本组 KEGG/BioCyc/Rhea 反应 ID 线索；已完成直接 GPR 全表检索。
955	RU820_RS04950	WP_148208600.1	hypothetical protein	AFE_1032	RefSeq protein_id exact	完全匹配						无直接 GPR：已对原表 Table 1 全部 615 个 Reaction 行的 GRA/GPRA/PRA 列检索，未命中该已确认 AFE																	mmc1.xls → Table 1：615 个 Reaction 行；逐行检查 GRA、GPRA、PRA；只按完全匹配的唯一 B1 AFE 判直接命中。	本地 G54 Alpha 初核表无该基因对应 reaction 原行；mmc1.xls 全表亦无该已确认 AFE 的直接 GPR。	无本组 KEGG/BioCyc/Rhea 反应 ID 线索；已完成直接 GPR 全表检索。
956	RU820_RS04955	WP_012606744.1	IS607-like element ISAfe10 family transposase	AFE_1033	RefSeq protein_id exact	完全匹配	K07450					无直接 GPR：已对原表 Table 1 全部 615 个 Reaction 行的 GRA/GPRA/PRA 列检索，未命中该已确认 AFE																	mmc1.xls → Table 1：615 个 Reaction 行；逐行检查 GRA、GPRA、PRA；只按完全匹配的唯一 B1 AFE 判直接命中。	本地 G54 Alpha 初核表无该基因对应 reaction 原行；mmc1.xls 全表亦无该已确认 AFE 的直接 GPR。	无本组 KEGG/BioCyc/Rhea 反应 ID 线索；已完成直接 GPR 全表检索。
957	RU820_RS04960	WP_012606745.1	zinc ribbon domain-containing protein	AFE_1034	RefSeq protein_id exact	完全匹配	K07496			RXN0-5131		无直接 GPR：已对原表 Table 1 全部 615 个 Reaction 行的 GRA/GPRA/PRA 列检索，未命中该已确认 AFE																	mmc1.xls → Table 1：615 个 Reaction 行；逐行检查 GRA、GPRA、PRA；只按完全匹配的唯一 B1 AFE 判直接命中。	本地 G54 Alpha 初核表无该基因对应 reaction 原行；mmc1.xls 全表亦无该已确认 AFE 的直接 GPR。	有数据库反应线索；本轮无直接 GPR。未由未命中 GPR 推断模型缺少该化学反应；化学同式待逐反应原始式核验。
958	RU820_RS04965	WP_158303816.1	SET domain-containing protein-lysine N-methyltransferase	AFE_1035	RefSeq protein_id exact	完全匹配						无直接 GPR：已对原表 Table 1 全部 615 个 Reaction 行的 GRA/GPRA/PRA 列检索，未命中该已确认 AFE																	mmc1.xls → Table 1：615 个 Reaction 行；逐行检查 GRA、GPRA、PRA；只按完全匹配的唯一 B1 AFE 判直接命中。	本地 G54 Alpha 初核表无该基因对应 reaction 原行；mmc1.xls 全表亦无该已确认 AFE 的直接 GPR。	无本组 KEGG/BioCyc/Rhea 反应 ID 线索；已完成直接 GPR 全表检索。
959	RU820_RS04970	WP_041645389.1	type IV CRISPR-associated DEAD/DEAH-box helicase Csf4	AFE_1037	RefSeq protein_id exact	完全匹配						无直接 GPR：已对原表 Table 1 全部 615 个 Reaction 行的 GRA/GPRA/PRA 列检索，未命中该已确认 AFE																	mmc1.xls → Table 1：615 个 Reaction 行；逐行检查 GRA、GPRA、PRA；只按完全匹配的唯一 B1 AFE 判直接命中。	本地 G54 Alpha 初核表无该基因对应 reaction 原行；mmc1.xls 全表亦无该已确认 AFE 的直接 GPR。	无本组 KEGG/BioCyc/Rhea 反应 ID 线索；已完成直接 GPR 全表检索。
960	RU820_RS04975	WP_012606749.1	type IV CRISPR-associated protein Csf1	AFE_1038	RefSeq protein_id exact	完全匹配						无直接 GPR：已对原表 Table 1 全部 615 个 Reaction 行的 GRA/GPRA/PRA 列检索，未命中该已确认 AFE																	mmc1.xls → Table 1：615 个 Reaction 行；逐行检查 GRA、GPRA、PRA；只按完全匹配的唯一 B1 AFE 判直接命中。	本地 G54 Alpha 初核表无该基因对应 reaction 原行；mmc1.xls 全表亦无该已确认 AFE 的直接 GPR。	无本组 KEGG/BioCyc/Rhea 反应 ID 线索；已完成直接 GPR 全表检索。
961	RU820_RS04980	WP_012606750.1	type IV CRISPR-associated protein Csf2	AFE_1039	RefSeq protein_id exact	完全匹配						无直接 GPR：已对原表 Table 1 全部 615 个 Reaction 行的 GRA/GPRA/PRA 列检索，未命中该已确认 AFE																	mmc1.xls → Table 1：615 个 Reaction 行；逐行检查 GRA、GPRA、PRA；只按完全匹配的唯一 B1 AFE 判直接命中。	本地 G54 Alpha 初核表无该基因对应 reaction 原行；mmc1.xls 全表亦无该已确认 AFE 的直接 GPR。	无本组 KEGG/BioCyc/Rhea 反应 ID 线索；已完成直接 GPR 全表检索。
962	RU820_RS04985	WP_012606751.1	type IV CRISPR-associated protein Csf3	AFE_1040	RefSeq protein_id exact	完全匹配						无直接 GPR：已对原表 Table 1 全部 615 个 Reaction 行的 GRA/GPRA/PRA 列检索，未命中该已确认 AFE																	mmc1.xls → Table 1：615 个 Reaction 行；逐行检查 GRA、GPRA、PRA；只按完全匹配的唯一 B1 AFE 判直接命中。	本地 G54 Alpha 初核表无该基因对应 reaction 原行；mmc1.xls 全表亦无该已确认 AFE 的直接 GPR。	无本组 KEGG/BioCyc/Rhea 反应 ID 线索；已完成直接 GPR 全表检索。
963	RU820_RS04990	WP_041645393.1	type I-F CRISPR-associated endoribonuclease Cas6/Csy4	AFE_1042	RefSeq protein_id exact	完全匹配						无直接 GPR：已对原表 Table 1 全部 615 个 Reaction 行的 GRA/GPRA/PRA 列检索，未命中该已确认 AFE																	mmc1.xls → Table 1：615 个 Reaction 行；逐行检查 GRA、GPRA、PRA；只按完全匹配的唯一 B1 AFE 判直接命中。	本地 G54 Alpha 初核表无该基因对应 reaction 原行；mmc1.xls 全表亦无该已确认 AFE 的直接 GPR。	无本组 KEGG/BioCyc/Rhea 反应 ID 线索；已完成直接 GPR 全表检索。
964	RU820_RS04995	WP_158303817.1	hypothetical protein	未确认		未映射						未确认唯一 B1 AFE，不能作逐AFE直接命中判定；已全行检查候选AFE字符串																	mmc1.xls → Table 1：615 个 Reaction 行；逐行检查 GRA、GPRA、PRA；只按完全匹配的唯一 B1 AFE 判直接命中。	本地 G54 Alpha 初核表无该基因对应 reaction 原行；mmc1.xls 全表亦无该已确认 AFE 的直接 GPR。	无本组 KEGG/BioCyc/Rhea 反应 ID 线索；已完成直接 GPR 全表检索。
965	RU820_RS05000	WP_012606755.1	hypothetical protein	AFE_1045	RefSeq protein_id exact	完全匹配						无直接 GPR：已对原表 Table 1 全部 615 个 Reaction 行的 GRA/GPRA/PRA 列检索，未命中该已确认 AFE																	mmc1.xls → Table 1：615 个 Reaction 行；逐行检查 GRA、GPRA、PRA；只按完全匹配的唯一 B1 AFE 判直接命中。	本地 G54 Alpha 初核表无该基因对应 reaction 原行；mmc1.xls 全表亦无该已确认 AFE 的直接 GPR。	无本组 KEGG/BioCyc/Rhea 反应 ID 线索；已完成直接 GPR 全表检索。
966	RU820_RS05005	WP_148208601.1	hypothetical protein	未确认		未映射						未确认唯一 B1 AFE，不能作逐AFE直接命中判定；已全行检查候选AFE字符串																	mmc1.xls → Table 1：615 个 Reaction 行；逐行检查 GRA、GPRA、PRA；只按完全匹配的唯一 B1 AFE 判直接命中。	本地 G54 Alpha 初核表无该基因对应 reaction 原行；mmc1.xls 全表亦无该已确认 AFE 的直接 GPR。	无本组 KEGG/BioCyc/Rhea 反应 ID 线索；已完成直接 GPR 全表检索。
967	RU820_RS05010	WP_012606757.1	ATP-dependent RecD-like DNA helicase	AFE_1047	RefSeq protein_id exact	完全匹配	K03581	3.1.11.5				无直接 GPR：已对原表 Table 1 全部 615 个 Reaction 行的 GRA/GPRA/PRA 列检索，未命中该已确认 AFE																	mmc1.xls → Table 1：615 个 Reaction 行；逐行检查 GRA、GPRA、PRA；只按完全匹配的唯一 B1 AFE 判直接命中。	本地 G54 Alpha 初核表无该基因对应 reaction 原行；mmc1.xls 全表亦无该已确认 AFE 的直接 GPR。	无本组 KEGG/BioCyc/Rhea 反应 ID 线索；已完成直接 GPR 全表检索。
968	RU820_RS05015	WP_012606758.1	hypothetical protein	AFE_1048	RefSeq protein_id exact	完全匹配						无直接 GPR：已对原表 Table 1 全部 615 个 Reaction 行的 GRA/GPRA/PRA 列检索，未命中该已确认 AFE																	mmc1.xls → Table 1：615 个 Reaction 行；逐行检查 GRA、GPRA、PRA；只按完全匹配的唯一 B1 AFE 判直接命中。	本地 G54 Alpha 初核表无该基因对应 reaction 原行；mmc1.xls 全表亦无该已确认 AFE 的直接 GPR。	无本组 KEGG/BioCyc/Rhea 反应 ID 线索；已完成直接 GPR 全表检索。
969	RU820_RS05020	WP_012606759.1	hypothetical protein	AFE_1049	RefSeq protein_id exact	完全匹配						无直接 GPR：已对原表 Table 1 全部 615 个 Reaction 行的 GRA/GPRA/PRA 列检索，未命中该已确认 AFE																	mmc1.xls → Table 1：615 个 Reaction 行；逐行检查 GRA、GPRA、PRA；只按完全匹配的唯一 B1 AFE 判直接命中。	本地 G54 Alpha 初核表无该基因对应 reaction 原行；mmc1.xls 全表亦无该已确认 AFE 的直接 GPR。	无本组 KEGG/BioCyc/Rhea 反应 ID 线索；已完成直接 GPR 全表检索。
970	RU820_RS05025	WP_041645405.1	hypothetical protein	未确认		未映射						未确认唯一 B1 AFE，不能作逐AFE直接命中判定；已全行检查候选AFE字符串																	mmc1.xls → Table 1：615 个 Reaction 行；逐行检查 GRA、GPRA、PRA；只按完全匹配的唯一 B1 AFE 判直接命中。	本地 G54 Alpha 初核表无该基因对应 reaction 原行；mmc1.xls 全表亦无该已确认 AFE 的直接 GPR。	无本组 KEGG/BioCyc/Rhea 反应 ID 线索；已完成直接 GPR 全表检索。
971	RU820_RS05030	WP_269077298.1	phosphoadenosine phosphosulfate reductase family protein	AFE_1053	RefSeq protein_id exact	完全匹配						无直接 GPR：已对原表 Table 1 全部 615 个 Reaction 行的 GRA/GPRA/PRA 列检索，未命中该已确认 AFE																	mmc1.xls → Table 1：615 个 Reaction 行；逐行检查 GRA、GPRA、PRA；只按完全匹配的唯一 B1 AFE 判直接命中。	本地 G54 Alpha 初核表无该基因对应 reaction 原行；mmc1.xls 全表亦无该已确认 AFE 的直接 GPR。	无本组 KEGG/BioCyc/Rhea 反应 ID 线索；已完成直接 GPR 全表检索。
972	RU820_RS05035	WP_012606764.1	hypothetical protein	AFE_1054	RefSeq protein_id exact	完全匹配						无直接 GPR：已对原表 Table 1 全部 615 个 Reaction 行的 GRA/GPRA/PRA 列检索，未命中该已确认 AFE																	mmc1.xls → Table 1：615 个 Reaction 行；逐行检查 GRA、GPRA、PRA；只按完全匹配的唯一 B1 AFE 判直接命中。	本地 G54 Alpha 初核表无该基因对应 reaction 原行；mmc1.xls 全表亦无该已确认 AFE 的直接 GPR。	无本组 KEGG/BioCyc/Rhea 反应 ID 线索；已完成直接 GPR 全表检索。
973	RU820_RS05040	WP_148208602.1	hypothetical protein	AFE_1055	RefSeq protein_id exact	完全匹配						无直接 GPR：已对原表 Table 1 全部 615 个 Reaction 行的 GRA/GPRA/PRA 列检索，未命中该已确认 AFE																	mmc1.xls → Table 1：615 个 Reaction 行；逐行检查 GRA、GPRA、PRA；只按完全匹配的唯一 B1 AFE 判直接命中。	本地 G54 Alpha 初核表无该基因对应 reaction 原行；mmc1.xls 全表亦无该已确认 AFE 的直接 GPR。	无本组 KEGG/BioCyc/Rhea 反应 ID 线索；已完成直接 GPR 全表检索。
974	RU820_RS05045	WP_041645412.1	hypothetical protein	AFE_1056	RefSeq protein_id exact	完全匹配						无直接 GPR：已对原表 Table 1 全部 615 个 Reaction 行的 GRA/GPRA/PRA 列检索，未命中该已确认 AFE																	mmc1.xls → Table 1：615 个 Reaction 行；逐行检查 GRA、GPRA、PRA；只按完全匹配的唯一 B1 AFE 判直接命中。	本地 G54 Alpha 初核表无该基因对应 reaction 原行；mmc1.xls 全表亦无该已确认 AFE 的直接 GPR。	无本组 KEGG/BioCyc/Rhea 反应 ID 线索；已完成直接 GPR 全表检索。
975	RU820_RS05050	WP_206382815.1	tetratricopeptide repeat-containing sulfotransferase family protein	未确认		未映射						未确认唯一 B1 AFE，不能作逐AFE直接命中判定；已全行检查候选AFE字符串																	mmc1.xls → Table 1：615 个 Reaction 行；逐行检查 GRA、GPRA、PRA；只按完全匹配的唯一 B1 AFE 判直接命中。	本地 G54 Alpha 初核表无该基因对应 reaction 原行；mmc1.xls 全表亦无该已确认 AFE 的直接 GPR。	无本组 KEGG/BioCyc/Rhea 反应 ID 线索；已完成直接 GPR 全表检索。
976	RU820_RS05055	WP_012606768.1	RNA-guided endonuclease InsQ/TnpB family protein	AFE_1058	RefSeq protein_id exact	完全匹配	K07496			RXN0-5131		无直接 GPR：已对原表 Table 1 全部 615 个 Reaction 行的 GRA/GPRA/PRA 列检索，未命中该已确认 AFE																	mmc1.xls → Table 1：615 个 Reaction 行；逐行检查 GRA、GPRA、PRA；只按完全匹配的唯一 B1 AFE 判直接命中。	本地 G54 Alpha 初核表无该基因对应 reaction 原行；mmc1.xls 全表亦无该已确认 AFE 的直接 GPR。	有数据库反应线索；本轮无直接 GPR。未由未命中 GPR 推断模型缺少该化学反应；化学同式待逐反应原始式核验。
977	RU820_RS05060	WP_148208603.1	hypothetical protein	AFE_1059	RefSeq protein_id exact	完全匹配						无直接 GPR：已对原表 Table 1 全部 615 个 Reaction 行的 GRA/GPRA/PRA 列检索，未命中该已确认 AFE																	mmc1.xls → Table 1：615 个 Reaction 行；逐行检查 GRA、GPRA、PRA；只按完全匹配的唯一 B1 AFE 判直接命中。	本地 G54 Alpha 初核表无该基因对应 reaction 原行；mmc1.xls 全表亦无该已确认 AFE 的直接 GPR。	无本组 KEGG/BioCyc/Rhea 反应 ID 线索；已完成直接 GPR 全表检索。
978	RU820_RS05065	WP_012606770.1	hypothetical protein	AFE_1060	RefSeq protein_id exact	完全匹配						无直接 GPR：已对原表 Table 1 全部 615 个 Reaction 行的 GRA/GPRA/PRA 列检索，未命中该已确认 AFE																	mmc1.xls → Table 1：615 个 Reaction 行；逐行检查 GRA、GPRA、PRA；只按完全匹配的唯一 B1 AFE 判直接命中。	本地 G54 Alpha 初核表无该基因对应 reaction 原行；mmc1.xls 全表亦无该已确认 AFE 的直接 GPR。	无本组 KEGG/BioCyc/Rhea 反应 ID 线索；已完成直接 GPR 全表检索。
979	RU820_RS05070	WP_012606771.1	hypothetical protein	AFE_1062	RefSeq protein_id exact	完全匹配						无直接 GPR：已对原表 Table 1 全部 615 个 Reaction 行的 GRA/GPRA/PRA 列检索，未命中该已确认 AFE																	mmc1.xls → Table 1：615 个 Reaction 行；逐行检查 GRA、GPRA、PRA；只按完全匹配的唯一 B1 AFE 判直接命中。	本地 G54 Alpha 初核表无该基因对应 reaction 原行；mmc1.xls 全表亦无该已确认 AFE 的直接 GPR。	无本组 KEGG/BioCyc/Rhea 反应 ID 线索；已完成直接 GPR 全表检索。
980	RU820_RS05075	WP_012606774.1	hypothetical protein	AFE_1064	RefSeq protein_id exact	完全匹配						无直接 GPR：已对原表 Table 1 全部 615 个 Reaction 行的 GRA/GPRA/PRA 列检索，未命中该已确认 AFE																	mmc1.xls → Table 1：615 个 Reaction 行；逐行检查 GRA、GPRA、PRA；只按完全匹配的唯一 B1 AFE 判直接命中。	本地 G54 Alpha 初核表无该基因对应 reaction 原行；mmc1.xls 全表亦无该已确认 AFE 的直接 GPR。	无本组 KEGG/BioCyc/Rhea 反应 ID 线索；已完成直接 GPR 全表检索。
981	RU820_RS05080	WP_049759491.1	lytic transglycosylase domain-containing protein	AFE_1065	RefSeq protein_id exact	完全匹配				RXN0-5190		无直接 GPR：已对原表 Table 1 全部 615 个 Reaction 行的 GRA/GPRA/PRA 列检索，未命中该已确认 AFE																	mmc1.xls → Table 1：615 个 Reaction 行；逐行检查 GRA、GPRA、PRA；只按完全匹配的唯一 B1 AFE 判直接命中。	本地 G54 Alpha 初核表无该基因对应 reaction 原行；mmc1.xls 全表亦无该已确认 AFE 的直接 GPR。	有数据库反应线索；本轮无直接 GPR。未由未命中 GPR 推断模型缺少该化学反应；化学同式待逐反应原始式核验。
982	RU820_RS05085	WP_236608973.1	conjugal transfer protein TraF	AFE_1066	RefSeq protein_id exact	完全匹配	K12057					无直接 GPR：已对原表 Table 1 全部 615 个 Reaction 行的 GRA/GPRA/PRA 列检索，未命中该已确认 AFE																	mmc1.xls → Table 1：615 个 Reaction 行；逐行检查 GRA、GPRA、PRA；只按完全匹配的唯一 B1 AFE 判直接命中。	本地 G54 Alpha 初核表无该基因对应 reaction 原行；mmc1.xls 全表亦无该已确认 AFE 的直接 GPR。	无本组 KEGG/BioCyc/Rhea 反应 ID 线索；已完成直接 GPR 全表检索。
983	RU820_RS05090	WP_012606777.1	conjugal transfer protein TraH	AFE_1067	RefSeq protein_id exact	完全匹配	K12072					无直接 GPR：已对原表 Table 1 全部 615 个 Reaction 行的 GRA/GPRA/PRA 列检索，未命中该已确认 AFE																	mmc1.xls → Table 1：615 个 Reaction 行；逐行检查 GRA、GPRA、PRA；只按完全匹配的唯一 B1 AFE 判直接命中。	本地 G54 Alpha 初核表无该基因对应 reaction 原行；mmc1.xls 全表亦无该已确认 AFE 的直接 GPR。	无本组 KEGG/BioCyc/Rhea 反应 ID 线索；已完成直接 GPR 全表检索。
984	RU820_RS05095	WP_269077299.1	conjugal transfer protein TraG N-terminal domain-containing protein	AFE_1068	RefSeq protein_id exact	完全匹配	K12056					无直接 GPR：已对原表 Table 1 全部 615 个 Reaction 行的 GRA/GPRA/PRA 列检索，未命中该已确认 AFE																	mmc1.xls → Table 1：615 个 Reaction 行；逐行检查 GRA、GPRA、PRA；只按完全匹配的唯一 B1 AFE 判直接命中。	本地 G54 Alpha 初核表无该基因对应 reaction 原行；mmc1.xls 全表亦无该已确认 AFE 的直接 GPR。	无本组 KEGG/BioCyc/Rhea 反应 ID 线索；已完成直接 GPR 全表检索。
985	RU820_RS05100	WP_012606779.1	hypothetical protein	AFE_1069	RefSeq protein_id exact	完全匹配						无直接 GPR：已对原表 Table 1 全部 615 个 Reaction 行的 GRA/GPRA/PRA 列检索，未命中该已确认 AFE																	mmc1.xls → Table 1：615 个 Reaction 行；逐行检查 GRA、GPRA、PRA；只按完全匹配的唯一 B1 AFE 判直接命中。	本地 G54 Alpha 初核表无该基因对应 reaction 原行；mmc1.xls 全表亦无该已确认 AFE 的直接 GPR。	无本组 KEGG/BioCyc/Rhea 反应 ID 线索；已完成直接 GPR 全表检索。
986	RU820_RS05105	WP_012606780.1	integration host factor subunit alpha	AFE_1070	RefSeq protein_id exact	完全匹配	K04764					无直接 GPR：已对原表 Table 1 全部 615 个 Reaction 行的 GRA/GPRA/PRA 列检索，未命中该已确认 AFE																	mmc1.xls → Table 1：615 个 Reaction 行；逐行检查 GRA、GPRA、PRA；只按完全匹配的唯一 B1 AFE 判直接命中。	本地 G54 Alpha 初核表无该基因对应 reaction 原行；mmc1.xls 全表亦无该已确认 AFE 的直接 GPR。	无本组 KEGG/BioCyc/Rhea 反应 ID 线索；已完成直接 GPR 全表检索。
987	RU820_RS05110	WP_049759417.1	MbcA/ParS/Xre antitoxin family protein	AFE_1071	RefSeq protein_id exact	完全匹配						无直接 GPR：已对原表 Table 1 全部 615 个 Reaction 行的 GRA/GPRA/PRA 列检索，未命中该已确认 AFE																	mmc1.xls → Table 1：615 个 Reaction 行；逐行检查 GRA、GPRA、PRA；只按完全匹配的唯一 B1 AFE 判直接命中。	本地 G54 Alpha 初核表无该基因对应 reaction 原行；mmc1.xls 全表亦无该已确认 AFE 的直接 GPR。	无本组 KEGG/BioCyc/Rhea 反应 ID 线索；已完成直接 GPR 全表检索。
988	RU820_RS05115	WP_012606782.1	RES family NAD+ phosphorylase	AFE_1072	RefSeq protein_id exact	完全匹配						无直接 GPR：已对原表 Table 1 全部 615 个 Reaction 行的 GRA/GPRA/PRA 列检索，未命中该已确认 AFE																	mmc1.xls → Table 1：615 个 Reaction 行；逐行检查 GRA、GPRA、PRA；只按完全匹配的唯一 B1 AFE 判直接命中。	本地 G54 Alpha 初核表无该基因对应 reaction 原行；mmc1.xls 全表亦无该已确认 AFE 的直接 GPR。	无本组 KEGG/BioCyc/Rhea 反应 ID 线索；已完成直接 GPR 全表检索。
989	RU820_RS05120	WP_012606783.1	BRO-N domain-containing protein	AFE_1073	RefSeq protein_id exact	完全匹配						无直接 GPR：已对原表 Table 1 全部 615 个 Reaction 行的 GRA/GPRA/PRA 列检索，未命中该已确认 AFE																	mmc1.xls → Table 1：615 个 Reaction 行；逐行检查 GRA、GPRA、PRA；只按完全匹配的唯一 B1 AFE 判直接命中。	本地 G54 Alpha 初核表无该基因对应 reaction 原行；mmc1.xls 全表亦无该已确认 AFE 的直接 GPR。	无本组 KEGG/BioCyc/Rhea 反应 ID 线索；已完成直接 GPR 全表检索。
990	RU820_RS05125	WP_041645424.1	hypothetical protein	AFE_1074	RefSeq protein_id exact	完全匹配						无直接 GPR：已对原表 Table 1 全部 615 个 Reaction 行的 GRA/GPRA/PRA 列检索，未命中该已确认 AFE																	mmc1.xls → Table 1：615 个 Reaction 行；逐行检查 GRA、GPRA、PRA；只按完全匹配的唯一 B1 AFE 判直接命中。	本地 G54 Alpha 初核表无该基因对应 reaction 原行；mmc1.xls 全表亦无该已确认 AFE 的直接 GPR。	无本组 KEGG/BioCyc/Rhea 反应 ID 线索；已完成直接 GPR 全表检索。
991	RU820_RS05130	WP_012606785.1	hypothetical protein	AFE_1075	RefSeq protein_id exact	完全匹配						无直接 GPR：已对原表 Table 1 全部 615 个 Reaction 行的 GRA/GPRA/PRA 列检索，未命中该已确认 AFE																	mmc1.xls → Table 1：615 个 Reaction 行；逐行检查 GRA、GPRA、PRA；只按完全匹配的唯一 B1 AFE 判直接命中。	本地 G54 Alpha 初核表无该基因对应 reaction 原行；mmc1.xls 全表亦无该已确认 AFE 的直接 GPR。	无本组 KEGG/BioCyc/Rhea 反应 ID 线索；已完成直接 GPR 全表检索。
992	RU820_RS05135	WP_201763902.1	hypothetical protein	AFE_1076	RefSeq protein_id exact	完全匹配						无直接 GPR：已对原表 Table 1 全部 615 个 Reaction 行的 GRA/GPRA/PRA 列检索，未命中该已确认 AFE																	mmc1.xls → Table 1：615 个 Reaction 行；逐行检查 GRA、GPRA、PRA；只按完全匹配的唯一 B1 AFE 判直接命中。	本地 G54 Alpha 初核表无该基因对应 reaction 原行；mmc1.xls 全表亦无该已确认 AFE 的直接 GPR。	无本组 KEGG/BioCyc/Rhea 反应 ID 线索；已完成直接 GPR 全表检索。
993	RU820_RS05140	WP_041645429.1	hypothetical protein	未确认		未映射						未确认唯一 B1 AFE，不能作逐AFE直接命中判定；已全行检查候选AFE字符串																	mmc1.xls → Table 1：615 个 Reaction 行；逐行检查 GRA、GPRA、PRA；只按完全匹配的唯一 B1 AFE 判直接命中。	本地 G54 Alpha 初核表无该基因对应 reaction 原行；mmc1.xls 全表亦无该已确认 AFE 的直接 GPR。	无本组 KEGG/BioCyc/Rhea 反应 ID 线索；已完成直接 GPR 全表检索。
994	RU820_RS05145	WP_148208604.1	hypothetical protein	未确认		未映射						未确认唯一 B1 AFE，不能作逐AFE直接命中判定；已全行检查候选AFE字符串																	mmc1.xls → Table 1：615 个 Reaction 行；逐行检查 GRA、GPRA、PRA；只按完全匹配的唯一 B1 AFE 判直接命中。	本地 G54 Alpha 初核表无该基因对应 reaction 原行；mmc1.xls 全表亦无该已确认 AFE 的直接 GPR。	无本组 KEGG/BioCyc/Rhea 反应 ID 线索；已完成直接 GPR 全表检索。
995	RU820_RS05150	WP_236608974.1	type IV conjugative transfer system protein TraL	AFE_1078	RefSeq protein_id exact	完全匹配	K12068					无直接 GPR：已对原表 Table 1 全部 615 个 Reaction 行的 GRA/GPRA/PRA 列检索，未命中该已确认 AFE																	mmc1.xls → Table 1：615 个 Reaction 行；逐行检查 GRA、GPRA、PRA；只按完全匹配的唯一 B1 AFE 判直接命中。	本地 G54 Alpha 初核表无该基因对应 reaction 原行；mmc1.xls 全表亦无该已确认 AFE 的直接 GPR。	无本组 KEGG/BioCyc/Rhea 反应 ID 线索；已完成直接 GPR 全表检索。
996	RU820_RS05155	WP_407918984.1	type IV conjugative transfer system protein TraE	AFE_1079	RefSeq protein_id exact	完全匹配	K12067					无直接 GPR：已对原表 Table 1 全部 615 个 Reaction 行的 GRA/GPRA/PRA 列检索，未命中该已确认 AFE																	mmc1.xls → Table 1：615 个 Reaction 行；逐行检查 GRA、GPRA、PRA；只按完全匹配的唯一 B1 AFE 判直接命中。	本地 G54 Alpha 初核表无该基因对应 reaction 原行；mmc1.xls 全表亦无该已确认 AFE 的直接 GPR。	无本组 KEGG/BioCyc/Rhea 反应 ID 线索；已完成直接 GPR 全表检索。
997	RU820_RS05160	WP_012606790.1	TraK domain-containing protein	AFE_1080	RefSeq protein_id exact	完全匹配	K12066					无直接 GPR：已对原表 Table 1 全部 615 个 Reaction 行的 GRA/GPRA/PRA 列检索，未命中该已确认 AFE																	mmc1.xls → Table 1：615 个 Reaction 行；逐行检查 GRA、GPRA、PRA；只按完全匹配的唯一 B1 AFE 判直接命中。	本地 G54 Alpha 初核表无该基因对应 reaction 原行；mmc1.xls 全表亦无该已确认 AFE 的直接 GPR。	无本组 KEGG/BioCyc/Rhea 反应 ID 线索；已完成直接 GPR 全表检索。
998	RU820_RS05165	WP_012606791.1	TrbI/VirB10 family protein	AFE_1081	RefSeq protein_id exact	完全匹配	K12065					无直接 GPR：已对原表 Table 1 全部 615 个 Reaction 行的 GRA/GPRA/PRA 列检索，未命中该已确认 AFE																	mmc1.xls → Table 1：615 个 Reaction 行；逐行检查 GRA、GPRA、PRA；只按完全匹配的唯一 B1 AFE 判直接命中。	本地 G54 Alpha 初核表无该基因对应 reaction 原行；mmc1.xls 全表亦无该已确认 AFE 的直接 GPR。	无本组 KEGG/BioCyc/Rhea 反应 ID 线索；已完成直接 GPR 全表检索。
999	RU820_RS05170	WP_012606792.1	type IV conjugative transfer system lipoprotein TraV	AFE_1082	RefSeq protein_id exact	完全匹配	K12064					无直接 GPR：已对原表 Table 1 全部 615 个 Reaction 行的 GRA/GPRA/PRA 列检索，未命中该已确认 AFE																	mmc1.xls → Table 1：615 个 Reaction 行；逐行检查 GRA、GPRA、PRA；只按完全匹配的唯一 B1 AFE 判直接命中。	本地 G54 Alpha 初核表无该基因对应 reaction 原行；mmc1.xls 全表亦无该已确认 AFE 的直接 GPR。	无本组 KEGG/BioCyc/Rhea 反应 ID 线索；已完成直接 GPR 全表检索。
1000	RU820_RS05175	WP_012606793.1	hypothetical protein	AFE_1084	RefSeq protein_id exact	完全匹配	K12069					无直接 GPR：已对原表 Table 1 全部 615 个 Reaction 行的 GRA/GPRA/PRA 列检索，未命中该已确认 AFE																	mmc1.xls → Table 1：615 个 Reaction 行；逐行检查 GRA、GPRA、PRA；只按完全匹配的唯一 B1 AFE 判直接命中。	本地 G54 Alpha 初核表无该基因对应 reaction 原行；mmc1.xls 全表亦无该已确认 AFE 的直接 GPR。	无本组 KEGG/BioCyc/Rhea 反应 ID 线索；已完成直接 GPR 全表检索。
1001	RU820_RS05180	WP_041645435.1	hypothetical protein	未确认		未映射						未确认唯一 B1 AFE，不能作逐AFE直接命中判定；已全行检查候选AFE字符串																	mmc1.xls → Table 1：615 个 Reaction 行；逐行检查 GRA、GPRA、PRA；只按完全匹配的唯一 B1 AFE 判直接命中。	本地 G54 Alpha 初核表无该基因对应 reaction 原行；mmc1.xls 全表亦无该已确认 AFE 的直接 GPR。	无本组 KEGG/BioCyc/Rhea 反应 ID 线索；已完成直接 GPR 全表检索。
1002	RU820_RS05185	WP_012606795.1	thiol:disulfide interchange protein DsbG	AFE_1085	RefSeq protein_id exact	完全匹配	K03805			5.3.4.1-RXN		无直接 GPR：已对原表 Table 1 全部 615 个 Reaction 行的 GRA/GPRA/PRA 列检索，未命中该已确认 AFE																	mmc1.xls → Table 1：615 个 Reaction 行；逐行检查 GRA、GPRA、PRA；只按完全匹配的唯一 B1 AFE 判直接命中。	本地 G54 Alpha 初核表无该基因对应 reaction 原行；mmc1.xls 全表亦无该已确认 AFE 的直接 GPR。	有数据库反应线索；本轮无直接 GPR。未由未命中 GPR 推断模型缺少该化学反应；化学同式待逐反应原始式核验。
1003	RU820_RS05190	WP_012606796.1	hypothetical protein	AFE_1086	RefSeq protein_id exact	完全匹配						无直接 GPR：已对原表 Table 1 全部 615 个 Reaction 行的 GRA/GPRA/PRA 列检索，未命中该已确认 AFE																	mmc1.xls → Table 1：615 个 Reaction 行；逐行检查 GRA、GPRA、PRA；只按完全匹配的唯一 B1 AFE 判直接命中。	本地 G54 Alpha 初核表无该基因对应 reaction 原行；mmc1.xls 全表亦无该已确认 AFE 的直接 GPR。	无本组 KEGG/BioCyc/Rhea 反应 ID 线索；已完成直接 GPR 全表检索。
1004	RU820_RS05195	WP_012606797.1	GspE/PulE family protein	AFE_1087	RefSeq protein_id exact	完全匹配				RXN0-1081		无直接 GPR：已对原表 Table 1 全部 615 个 Reaction 行的 GRA/GPRA/PRA 列检索，未命中该已确认 AFE																	mmc1.xls → Table 1：615 个 Reaction 行；逐行检查 GRA、GPRA、PRA；只按完全匹配的唯一 B1 AFE 判直接命中。	本地 G54 Alpha 初核表无该基因对应 reaction 原行；mmc1.xls 全表亦无该已确认 AFE 的直接 GPR。	有数据库反应线索；本轮无直接 GPR。未由未命中 GPR 推断模型缺少该化学反应；化学同式待逐反应原始式核验。
1005	RU820_RS05200	WP_012606798.1	thiol:disulfide interchange protein, DsbA family	AFE_1088	RefSeq protein_id exact	完全匹配	K03673	1.8.4.15		5.3.4.1-RXN		无直接 GPR：已对原表 Table 1 全部 615 个 Reaction 行的 GRA/GPRA/PRA 列检索，未命中该已确认 AFE																	mmc1.xls → Table 1：615 个 Reaction 行；逐行检查 GRA、GPRA、PRA；只按完全匹配的唯一 B1 AFE 判直接命中。	本地 G54 Alpha 初核表无该基因对应 reaction 原行；mmc1.xls 全表亦无该已确认 AFE 的直接 GPR。	有数据库反应线索；本轮无直接 GPR。未由未命中 GPR 推断模型缺少该化学反应；化学同式待逐反应原始式核验。
1006	RU820_RS05205	WP_012606799.1	type IV secretion system protein TraC	AFE_1089	RefSeq protein_id exact	完全匹配	K12063			TRANS-RXN-477		无直接 GPR：已对原表 Table 1 全部 615 个 Reaction 行的 GRA/GPRA/PRA 列检索，未命中该已确认 AFE																	mmc1.xls → Table 1：615 个 Reaction 行；逐行检查 GRA、GPRA、PRA；只按完全匹配的唯一 B1 AFE 判直接命中。	本地 G54 Alpha 初核表无该基因对应 reaction 原行；mmc1.xls 全表亦无该已确认 AFE 的直接 GPR。	有数据库反应线索；本轮无直接 GPR。未由未命中 GPR 推断模型缺少该化学反应；化学同式待逐反应原始式核验。
1007	RU820_RS05210	WP_206382869.1	hypothetical protein	未确认		未映射						未确认唯一 B1 AFE，不能作逐AFE直接命中判定；已全行检查候选AFE字符串																	mmc1.xls → Table 1：615 个 Reaction 行；逐行检查 GRA、GPRA、PRA；只按完全匹配的唯一 B1 AFE 判直接命中。	本地 G54 Alpha 初核表无该基因对应 reaction 原行；mmc1.xls 全表亦无该已确认 AFE 的直接 GPR。	无本组 KEGG/BioCyc/Rhea 反应 ID 线索；已完成直接 GPR 全表检索。
1008	RU820_RS05215	WP_012606801.1	S26 family signal peptidase	AFE_1091	RefSeq protein_id exact	完全匹配	K12062					无直接 GPR：已对原表 Table 1 全部 615 个 Reaction 行的 GRA/GPRA/PRA 列检索，未命中该已确认 AFE																	mmc1.xls → Table 1：615 个 Reaction 行；逐行检查 GRA、GPRA、PRA；只按完全匹配的唯一 B1 AFE 判直接命中。	本地 G54 Alpha 初核表无该基因对应 reaction 原行；mmc1.xls 全表亦无该已确认 AFE 的直接 GPR。	无本组 KEGG/BioCyc/Rhea 反应 ID 线索；已完成直接 GPR 全表检索。
1009	RU820_RS05220	WP_148208605.1	hypothetical protein	AFE_1093	RefSeq protein_id exact	完全匹配						无直接 GPR：已对原表 Table 1 全部 615 个 Reaction 行的 GRA/GPRA/PRA 列检索，未命中该已确认 AFE																	mmc1.xls → Table 1：615 个 Reaction 行；逐行检查 GRA、GPRA、PRA；只按完全匹配的唯一 B1 AFE 判直接命中。	本地 G54 Alpha 初核表无该基因对应 reaction 原行；mmc1.xls 全表亦无该已确认 AFE 的直接 GPR。	无本组 KEGG/BioCyc/Rhea 反应 ID 线索；已完成直接 GPR 全表检索。
1010	RU820_RS05225	WP_241160300.1	hypothetical protein	未确认		未映射						未确认唯一 B1 AFE，不能作逐AFE直接命中判定；已全行检查候选AFE字符串																	mmc1.xls → Table 1：615 个 Reaction 行；逐行检查 GRA、GPRA、PRA；只按完全匹配的唯一 B1 AFE 判直接命中。	本地 G54 Alpha 初核表无该基因对应 reaction 原行；mmc1.xls 全表亦无该已确认 AFE 的直接 GPR。	无本组 KEGG/BioCyc/Rhea 反应 ID 线索；已完成直接 GPR 全表检索。
1011	RU820_RS05230	WP_012606805.1	TrbC family F-type conjugative pilus assembly protein	AFE_1095	RefSeq protein_id exact	完全匹配	K12061					无直接 GPR：已对原表 Table 1 全部 615 个 Reaction 行的 GRA/GPRA/PRA 列检索，未命中该已确认 AFE																	mmc1.xls → Table 1：615 个 Reaction 行；逐行检查 GRA、GPRA、PRA；只按完全匹配的唯一 B1 AFE 判直接命中。	本地 G54 Alpha 初核表无该基因对应 reaction 原行；mmc1.xls 全表亦无该已确认 AFE 的直接 GPR。	无本组 KEGG/BioCyc/Rhea 反应 ID 线索；已完成直接 GPR 全表检索。
1012	RU820_RS05235	WP_049759419.1	hypothetical protein	未确认		未映射						未确认唯一 B1 AFE，不能作逐AFE直接命中判定；已全行检查候选AFE字符串																	mmc1.xls → Table 1：615 个 Reaction 行；逐行检查 GRA、GPRA、PRA；只按完全匹配的唯一 B1 AFE 判直接命中。	本地 G54 Alpha 初核表无该基因对应 reaction 原行；mmc1.xls 全表亦无该已确认 AFE 的直接 GPR。	无本组 KEGG/BioCyc/Rhea 反应 ID 线索；已完成直接 GPR 全表检索。
1013	RU820_RS05240	WP_012606806.1	TraU family protein	AFE_1096	RefSeq protein_id exact	完全匹配	K12060					无直接 GPR：已对原表 Table 1 全部 615 个 Reaction 行的 GRA/GPRA/PRA 列检索，未命中该已确认 AFE																	mmc1.xls → Table 1：615 个 Reaction 行；逐行检查 GRA、GPRA、PRA；只按完全匹配的唯一 B1 AFE 判直接命中。	本地 G54 Alpha 初核表无该基因对应 reaction 原行；mmc1.xls 全表亦无该已确认 AFE 的直接 GPR。	无本组 KEGG/BioCyc/Rhea 反应 ID 线索；已完成直接 GPR 全表检索。
1014	RU820_RS05245	WP_012606807.1	conjugal transfer protein TraN	AFE_1097	RefSeq protein_id exact	完全匹配	K12058					无直接 GPR：已对原表 Table 1 全部 615 个 Reaction 行的 GRA/GPRA/PRA 列检索，未命中该已确认 AFE																	mmc1.xls → Table 1：615 个 Reaction 行；逐行检查 GRA、GPRA、PRA；只按完全匹配的唯一 B1 AFE 判直接命中。	本地 G54 Alpha 初核表无该基因对应 reaction 原行；mmc1.xls 全表亦无该已确认 AFE 的直接 GPR。	无本组 KEGG/BioCyc/Rhea 反应 ID 线索；已完成直接 GPR 全表检索。
1015	RU820_RS05250	WP_012606808.1	AbrB/MazE/SpoVT family DNA-binding domain-containing protein	AFE_1098	RefSeq protein_id exact	完全匹配	K07172					无直接 GPR：已对原表 Table 1 全部 615 个 Reaction 行的 GRA/GPRA/PRA 列检索，未命中该已确认 AFE																	mmc1.xls → Table 1：615 个 Reaction 行；逐行检查 GRA、GPRA、PRA；只按完全匹配的唯一 B1 AFE 判直接命中。	本地 G54 Alpha 初核表无该基因对应 reaction 原行；mmc1.xls 全表亦无该已确认 AFE 的直接 GPR。	无本组 KEGG/BioCyc/Rhea 反应 ID 线索；已完成直接 GPR 全表检索。
1016	RU820_RS05255	WP_012606809.1	endoribonuclease MazF	AFE_1099	RefSeq protein_id exact	完全匹配	K07171					无直接 GPR：已对原表 Table 1 全部 615 个 Reaction 行的 GRA/GPRA/PRA 列检索，未命中该已确认 AFE																	mmc1.xls → Table 1：615 个 Reaction 行；逐行检查 GRA、GPRA、PRA；只按完全匹配的唯一 B1 AFE 判直接命中。	本地 G54 Alpha 初核表无该基因对应 reaction 原行；mmc1.xls 全表亦无该已确认 AFE 的直接 GPR。	无本组 KEGG/BioCyc/Rhea 反应 ID 线索；已完成直接 GPR 全表检索。
1017	RU820_RS05260	WP_236608975.1	hypothetical protein	AFE_1100	RefSeq protein_id exact	完全匹配						无直接 GPR：已对原表 Table 1 全部 615 个 Reaction 行的 GRA/GPRA/PRA 列检索，未命中该已确认 AFE																	mmc1.xls → Table 1：615 个 Reaction 行；逐行检查 GRA、GPRA、PRA；只按完全匹配的唯一 B1 AFE 判直接命中。	本地 G54 Alpha 初核表无该基因对应 reaction 原行；mmc1.xls 全表亦无该已确认 AFE 的直接 GPR。	无本组 KEGG/BioCyc/Rhea 反应 ID 线索；已完成直接 GPR 全表检索。
1018	RU820_RS05265	WP_041645457.1	hypothetical protein	AFE_1102	RefSeq protein_id exact	完全匹配						无直接 GPR：已对原表 Table 1 全部 615 个 Reaction 行的 GRA/GPRA/PRA 列检索，未命中该已确认 AFE																	mmc1.xls → Table 1：615 个 Reaction 行；逐行检查 GRA、GPRA、PRA；只按完全匹配的唯一 B1 AFE 判直接命中。	本地 G54 Alpha 初核表无该基因对应 reaction 原行；mmc1.xls 全表亦无该已确认 AFE 的直接 GPR。	无本组 KEGG/BioCyc/Rhea 反应 ID 线索；已完成直接 GPR 全表检索。
1019	RU820_RS05270	WP_423365450.1	hypothetical protein	未确认		未映射						未确认唯一 B1 AFE，不能作逐AFE直接命中判定；已全行检查候选AFE字符串																	mmc1.xls → Table 1：615 个 Reaction 行；逐行检查 GRA、GPRA、PRA；只按完全匹配的唯一 B1 AFE 判直接命中。	本地 G54 Alpha 初核表无该基因对应 reaction 原行；mmc1.xls 全表亦无该已确认 AFE 的直接 GPR。	无本组 KEGG/BioCyc/Rhea 反应 ID 线索；已完成直接 GPR 全表检索。
1020	RU820_RS05275	WP_423365452.1	hypothetical protein	未确认		未映射						未确认唯一 B1 AFE，不能作逐AFE直接命中判定；已全行检查候选AFE字符串																	mmc1.xls → Table 1：615 个 Reaction 行；逐行检查 GRA、GPRA、PRA；只按完全匹配的唯一 B1 AFE 判直接命中。	本地 G54 Alpha 初核表无该基因对应 reaction 原行；mmc1.xls 全表亦无该已确认 AFE 的直接 GPR。	无本组 KEGG/BioCyc/Rhea 反应 ID 线索；已完成直接 GPR 全表检索。
1021	RU820_RS05280	WP_012606815.1	IS607 family transposase	AFE_1105	RefSeq protein_id exact	完全匹配	K07450					无直接 GPR：已对原表 Table 1 全部 615 个 Reaction 行的 GRA/GPRA/PRA 列检索，未命中该已确认 AFE																	mmc1.xls → Table 1：615 个 Reaction 行；逐行检查 GRA、GPRA、PRA；只按完全匹配的唯一 B1 AFE 判直接命中。	本地 G54 Alpha 初核表无该基因对应 reaction 原行；mmc1.xls 全表亦无该已确认 AFE 的直接 GPR。	无本组 KEGG/BioCyc/Rhea 反应 ID 线索；已完成直接 GPR 全表检索。
1022	RU820_RS05285	WP_012606816.1	IS200/IS605 family accessory protein TnpB-related protein	AFE_1106	RefSeq protein_id exact	完全匹配						无直接 GPR：已对原表 Table 1 全部 615 个 Reaction 行的 GRA/GPRA/PRA 列检索，未命中该已确认 AFE																	mmc1.xls → Table 1：615 个 Reaction 行；逐行检查 GRA、GPRA、PRA；只按完全匹配的唯一 B1 AFE 判直接命中。	本地 G54 Alpha 初核表无该基因对应 reaction 原行；mmc1.xls 全表亦无该已确认 AFE 的直接 GPR。	无本组 KEGG/BioCyc/Rhea 反应 ID 线索；已完成直接 GPR 全表检索。
1023	RU820_RS05290	WP_041645466.1	hypothetical protein	未确认		未映射						未确认唯一 B1 AFE，不能作逐AFE直接命中判定；已全行检查候选AFE字符串																	mmc1.xls → Table 1：615 个 Reaction 行；逐行检查 GRA、GPRA、PRA；只按完全匹配的唯一 B1 AFE 判直接命中。	本地 G54 Alpha 初核表无该基因对应 reaction 原行；mmc1.xls 全表亦无该已确认 AFE 的直接 GPR。	无本组 KEGG/BioCyc/Rhea 反应 ID 线索；已完成直接 GPR 全表检索。
1024	RU820_RS05295	WP_012606817.1	hypothetical protein	AFE_1107	RefSeq protein_id exact	完全匹配						无直接 GPR：已对原表 Table 1 全部 615 个 Reaction 行的 GRA/GPRA/PRA 列检索，未命中该已确认 AFE																	mmc1.xls → Table 1：615 个 Reaction 行；逐行检查 GRA、GPRA、PRA；只按完全匹配的唯一 B1 AFE 判直接命中。	本地 G54 Alpha 初核表无该基因对应 reaction 原行；mmc1.xls 全表亦无该已确认 AFE 的直接 GPR。	无本组 KEGG/BioCyc/Rhea 反应 ID 线索；已完成直接 GPR 全表检索。
1025	RU820_RS05300	WP_049759422.1	hypothetical protein	AFE_1108	RefSeq protein_id exact	完全匹配						无直接 GPR：已对原表 Table 1 全部 615 个 Reaction 行的 GRA/GPRA/PRA 列检索，未命中该已确认 AFE																	mmc1.xls → Table 1：615 个 Reaction 行；逐行检查 GRA、GPRA、PRA；只按完全匹配的唯一 B1 AFE 判直接命中。	本地 G54 Alpha 初核表无该基因对应 reaction 原行；mmc1.xls 全表亦无该已确认 AFE 的直接 GPR。	无本组 KEGG/BioCyc/Rhea 反应 ID 线索；已完成直接 GPR 全表检索。
1026	RU820_RS05305	WP_041645471.1	hypothetical protein	未确认		未映射						未确认唯一 B1 AFE，不能作逐AFE直接命中判定；已全行检查候选AFE字符串																	mmc1.xls → Table 1：615 个 Reaction 行；逐行检查 GRA、GPRA、PRA；只按完全匹配的唯一 B1 AFE 判直接命中。	本地 G54 Alpha 初核表无该基因对应 reaction 原行；mmc1.xls 全表亦无该已确认 AFE 的直接 GPR。	无本组 KEGG/BioCyc/Rhea 反应 ID 线索；已完成直接 GPR 全表检索。
1027	RU820_RS05310	WP_012606819.1	nuclease-related domain-containing protein	AFE_1109	RefSeq protein_id exact	完全匹配						无直接 GPR：已对原表 Table 1 全部 615 个 Reaction 行的 GRA/GPRA/PRA 列检索，未命中该已确认 AFE																	mmc1.xls → Table 1：615 个 Reaction 行；逐行检查 GRA、GPRA、PRA；只按完全匹配的唯一 B1 AFE 判直接命中。	本地 G54 Alpha 初核表无该基因对应 reaction 原行；mmc1.xls 全表亦无该已确认 AFE 的直接 GPR。	无本组 KEGG/BioCyc/Rhea 反应 ID 线索；已完成直接 GPR 全表检索。
1028	RU820_RS05315	WP_012606582.1	IS110-like element ISAfe3 family transposase	未确认	RefSeq protein_id exact	旁系同源/多重候选	K07486					未确认唯一 B1 AFE，不能作逐AFE直接命中判定；已全行检查候选AFE字符串																	mmc1.xls → Table 1：615 个 Reaction 行；逐行检查 GRA、GPRA、PRA；只按完全匹配的唯一 B1 AFE 判直接命中。	本地 G54 Alpha 初核表无该基因对应 reaction 原行；mmc1.xls 全表亦无该已确认 AFE 的直接 GPR。	无本组 KEGG/BioCyc/Rhea 反应 ID 线索；已完成直接 GPR 全表检索。
1029	RU820_RS05320	WP_041645475.1	hypothetical protein	未确认		未映射						未确认唯一 B1 AFE，不能作逐AFE直接命中判定；已全行检查候选AFE字符串																	mmc1.xls → Table 1：615 个 Reaction 行；逐行检查 GRA、GPRA、PRA；只按完全匹配的唯一 B1 AFE 判直接命中。	本地 G54 Alpha 初核表无该基因对应 reaction 原行；mmc1.xls 全表亦无该已确认 AFE 的直接 GPR。	无本组 KEGG/BioCyc/Rhea 反应 ID 线索；已完成直接 GPR 全表检索。
1030	RU820_RS05325	WP_012606821.1	hypothetical protein	AFE_1112	RefSeq protein_id exact	完全匹配						无直接 GPR：已对原表 Table 1 全部 615 个 Reaction 行的 GRA/GPRA/PRA 列检索，未命中该已确认 AFE																	mmc1.xls → Table 1：615 个 Reaction 行；逐行检查 GRA、GPRA、PRA；只按完全匹配的唯一 B1 AFE 判直接命中。	本地 G54 Alpha 初核表无该基因对应 reaction 原行；mmc1.xls 全表亦无该已确认 AFE 的直接 GPR。	无本组 KEGG/BioCyc/Rhea 反应 ID 线索；已完成直接 GPR 全表检索。
1031	RU820_RS05330	WP_012606822.1	hypothetical protein	AFE_1113	RefSeq protein_id exact	完全匹配						无直接 GPR：已对原表 Table 1 全部 615 个 Reaction 行的 GRA/GPRA/PRA 列检索，未命中该已确认 AFE																	mmc1.xls → Table 1：615 个 Reaction 行；逐行检查 GRA、GPRA、PRA；只按完全匹配的唯一 B1 AFE 判直接命中。	本地 G54 Alpha 初核表无该基因对应 reaction 原行；mmc1.xls 全表亦无该已确认 AFE 的直接 GPR。	无本组 KEGG/BioCyc/Rhea 反应 ID 线索；已完成直接 GPR 全表检索。
1032	RU820_RS05335	WP_041645480.1	hypothetical protein	未确认		未映射						未确认唯一 B1 AFE，不能作逐AFE直接命中判定；已全行检查候选AFE字符串																	mmc1.xls → Table 1：615 个 Reaction 行；逐行检查 GRA、GPRA、PRA；只按完全匹配的唯一 B1 AFE 判直接命中。	本地 G54 Alpha 初核表无该基因对应 reaction 原行；mmc1.xls 全表亦无该已确认 AFE 的直接 GPR。	无本组 KEGG/BioCyc/Rhea 反应 ID 线索；已完成直接 GPR 全表检索。
1033	RU820_RS05340	WP_012606823.1	zinc metalloprotease HtpX	AFE_1114	RefSeq protein_id exact	完全匹配	K03799					无直接 GPR：已对原表 Table 1 全部 615 个 Reaction 行的 GRA/GPRA/PRA 列检索，未命中该已确认 AFE																	mmc1.xls → Table 1：615 个 Reaction 行；逐行检查 GRA、GPRA、PRA；只按完全匹配的唯一 B1 AFE 判直接命中。	本地 G54 Alpha 初核表无该基因对应 reaction 原行；mmc1.xls 全表亦无该已确认 AFE 的直接 GPR。	无本组 KEGG/BioCyc/Rhea 反应 ID 线索；已完成直接 GPR 全表检索。
1034	RU820_RS05345	WP_012606824.1	metallophosphoesterase	AFE_1115	RefSeq protein_id exact	完全匹配						无直接 GPR：已对原表 Table 1 全部 615 个 Reaction 行的 GRA/GPRA/PRA 列检索，未命中该已确认 AFE																	mmc1.xls → Table 1：615 个 Reaction 行；逐行检查 GRA、GPRA、PRA；只按完全匹配的唯一 B1 AFE 判直接命中。	本地 G54 Alpha 初核表无该基因对应 reaction 原行；mmc1.xls 全表亦无该已确认 AFE 的直接 GPR。	无本组 KEGG/BioCyc/Rhea 反应 ID 线索；已完成直接 GPR 全表检索。
1035	RU820_RS05350	WP_012606825.1	hypothetical protein	AFE_1116	RefSeq protein_id exact	完全匹配						无直接 GPR：已对原表 Table 1 全部 615 个 Reaction 行的 GRA/GPRA/PRA 列检索，未命中该已确认 AFE																	mmc1.xls → Table 1：615 个 Reaction 行；逐行检查 GRA、GPRA、PRA；只按完全匹配的唯一 B1 AFE 判直接命中。	本地 G54 Alpha 初核表无该基因对应 reaction 原行；mmc1.xls 全表亦无该已确认 AFE 的直接 GPR。	无本组 KEGG/BioCyc/Rhea 反应 ID 线索；已完成直接 GPR 全表检索。
1036	RU820_RS05355	WP_041645486.1	hypothetical protein	AFE_1117	RefSeq protein_id exact	完全匹配						无直接 GPR：已对原表 Table 1 全部 615 个 Reaction 行的 GRA/GPRA/PRA 列检索，未命中该已确认 AFE																	mmc1.xls → Table 1：615 个 Reaction 行；逐行检查 GRA、GPRA、PRA；只按完全匹配的唯一 B1 AFE 判直接命中。	本地 G54 Alpha 初核表无该基因对应 reaction 原行；mmc1.xls 全表亦无该已确认 AFE 的直接 GPR。	无本组 KEGG/BioCyc/Rhea 反应 ID 线索；已完成直接 GPR 全表检索。
1037	RU820_RS05360	WP_012606827.1	hypothetical protein	AFE_1118	RefSeq protein_id exact	完全匹配						无直接 GPR：已对原表 Table 1 全部 615 个 Reaction 行的 GRA/GPRA/PRA 列检索，未命中该已确认 AFE																	mmc1.xls → Table 1：615 个 Reaction 行；逐行检查 GRA、GPRA、PRA；只按完全匹配的唯一 B1 AFE 判直接命中。	本地 G54 Alpha 初核表无该基因对应 reaction 原行；mmc1.xls 全表亦无该已确认 AFE 的直接 GPR。	无本组 KEGG/BioCyc/Rhea 反应 ID 线索；已完成直接 GPR 全表检索。
1038	RU820_RS05365	WP_012606829.1	hypothetical protein	AFE_1120	RefSeq protein_id exact	完全匹配						无直接 GPR：已对原表 Table 1 全部 615 个 Reaction 行的 GRA/GPRA/PRA 列检索，未命中该已确认 AFE																	mmc1.xls → Table 1：615 个 Reaction 行；逐行检查 GRA、GPRA、PRA；只按完全匹配的唯一 B1 AFE 判直接命中。	本地 G54 Alpha 初核表无该基因对应 reaction 原行；mmc1.xls 全表亦无该已确认 AFE 的直接 GPR。	无本组 KEGG/BioCyc/Rhea 反应 ID 线索；已完成直接 GPR 全表检索。
1039	RU820_RS05370	WP_012606830.1	hypothetical protein	AFE_1121	RefSeq protein_id exact	完全匹配						无直接 GPR：已对原表 Table 1 全部 615 个 Reaction 行的 GRA/GPRA/PRA 列检索，未命中该已确认 AFE																	mmc1.xls → Table 1：615 个 Reaction 行；逐行检查 GRA、GPRA、PRA；只按完全匹配的唯一 B1 AFE 判直接命中。	本地 G54 Alpha 初核表无该基因对应 reaction 原行；mmc1.xls 全表亦无该已确认 AFE 的直接 GPR。	无本组 KEGG/BioCyc/Rhea 反应 ID 线索；已完成直接 GPR 全表检索。
1040	RU820_RS05375	WP_012606831.1	DUF4031 domain-containing protein	AFE_1122	RefSeq protein_id exact	完全匹配						无直接 GPR：已对原表 Table 1 全部 615 个 Reaction 行的 GRA/GPRA/PRA 列检索，未命中该已确认 AFE																	mmc1.xls → Table 1：615 个 Reaction 行；逐行检查 GRA、GPRA、PRA；只按完全匹配的唯一 B1 AFE 判直接命中。	本地 G54 Alpha 初核表无该基因对应 reaction 原行；mmc1.xls 全表亦无该已确认 AFE 的直接 GPR。	无本组 KEGG/BioCyc/Rhea 反应 ID 线索；已完成直接 GPR 全表检索。
1041	RU820_RS05380	WP_041645491.1	hypothetical protein	未确认		未映射						未确认唯一 B1 AFE，不能作逐AFE直接命中判定；已全行检查候选AFE字符串																	mmc1.xls → Table 1：615 个 Reaction 行；逐行检查 GRA、GPRA、PRA；只按完全匹配的唯一 B1 AFE 判直接命中。	本地 G54 Alpha 初核表无该基因对应 reaction 原行；mmc1.xls 全表亦无该已确认 AFE 的直接 GPR。	无本组 KEGG/BioCyc/Rhea 反应 ID 线索；已完成直接 GPR 全表检索。
1042	RU820_RS05385	WP_041645496.1	hypothetical protein	未确认		未映射						未确认唯一 B1 AFE，不能作逐AFE直接命中判定；已全行检查候选AFE字符串																	mmc1.xls → Table 1：615 个 Reaction 行；逐行检查 GRA、GPRA、PRA；只按完全匹配的唯一 B1 AFE 判直接命中。	本地 G54 Alpha 初核表无该基因对应 reaction 原行；mmc1.xls 全表亦无该已确认 AFE 的直接 GPR。	无本组 KEGG/BioCyc/Rhea 反应 ID 线索；已完成直接 GPR 全表检索。
1043	RU820_RS05390	WP_012606833.1	hypothetical protein	AFE_1124	RefSeq protein_id exact	完全匹配						无直接 GPR：已对原表 Table 1 全部 615 个 Reaction 行的 GRA/GPRA/PRA 列检索，未命中该已确认 AFE																	mmc1.xls → Table 1：615 个 Reaction 行；逐行检查 GRA、GPRA、PRA；只按完全匹配的唯一 B1 AFE 判直接命中。	本地 G54 Alpha 初核表无该基因对应 reaction 原行；mmc1.xls 全表亦无该已确认 AFE 的直接 GPR。	无本组 KEGG/BioCyc/Rhea 反应 ID 线索；已完成直接 GPR 全表检索。
1044	RU820_RS05395	WP_012606834.1	hypothetical protein	AFE_1125	RefSeq protein_id exact	完全匹配						无直接 GPR：已对原表 Table 1 全部 615 个 Reaction 行的 GRA/GPRA/PRA 列检索，未命中该已确认 AFE																	mmc1.xls → Table 1：615 个 Reaction 行；逐行检查 GRA、GPRA、PRA；只按完全匹配的唯一 B1 AFE 判直接命中。	本地 G54 Alpha 初核表无该基因对应 reaction 原行；mmc1.xls 全表亦无该已确认 AFE 的直接 GPR。	无本组 KEGG/BioCyc/Rhea 反应 ID 线索；已完成直接 GPR 全表检索。
1045	RU820_RS05400	WP_012606835.1	hypothetical protein	AFE_1126	RefSeq protein_id exact	完全匹配						无直接 GPR：已对原表 Table 1 全部 615 个 Reaction 行的 GRA/GPRA/PRA 列检索，未命中该已确认 AFE																	mmc1.xls → Table 1：615 个 Reaction 行；逐行检查 GRA、GPRA、PRA；只按完全匹配的唯一 B1 AFE 判直接命中。	本地 G54 Alpha 初核表无该基因对应 reaction 原行；mmc1.xls 全表亦无该已确认 AFE 的直接 GPR。	无本组 KEGG/BioCyc/Rhea 反应 ID 线索；已完成直接 GPR 全表检索。
1046	RU820_RS05405	WP_012606836.1	nucleoside 2-deoxyribosyltransferase	AFE_1127	RefSeq protein_id exact	完全匹配				NUCLEOSIDE-DEOXYRIBOSYLTRANSFERASE-RXN		无直接 GPR：已对原表 Table 1 全部 615 个 Reaction 行的 GRA/GPRA/PRA 列检索，未命中该已确认 AFE																	mmc1.xls → Table 1：615 个 Reaction 行；逐行检查 GRA、GPRA、PRA；只按完全匹配的唯一 B1 AFE 判直接命中。	本地 G54 Alpha 初核表无该基因对应 reaction 原行；mmc1.xls 全表亦无该已确认 AFE 的直接 GPR。	有数据库反应线索；本轮无直接 GPR。未由未命中 GPR 推断模型缺少该化学反应；化学同式待逐反应原始式核验。
1047	RU820_RS05410	WP_012606837.1	hypothetical protein	AFE_1128	RefSeq protein_id exact	完全匹配						无直接 GPR：已对原表 Table 1 全部 615 个 Reaction 行的 GRA/GPRA/PRA 列检索，未命中该已确认 AFE																	mmc1.xls → Table 1：615 个 Reaction 行；逐行检查 GRA、GPRA、PRA；只按完全匹配的唯一 B1 AFE 判直接命中。	本地 G54 Alpha 初核表无该基因对应 reaction 原行；mmc1.xls 全表亦无该已确认 AFE 的直接 GPR。	无本组 KEGG/BioCyc/Rhea 反应 ID 线索；已完成直接 GPR 全表检索。
1048	RU820_RS05415	WP_080513181.1	DNA translocase FtsK	AFE_1130	RefSeq protein_id exact	完全匹配						无直接 GPR：已对原表 Table 1 全部 615 个 Reaction 行的 GRA/GPRA/PRA 列检索，未命中该已确认 AFE																	mmc1.xls → Table 1：615 个 Reaction 行；逐行检查 GRA、GPRA、PRA；只按完全匹配的唯一 B1 AFE 判直接命中。	本地 G54 Alpha 初核表无该基因对应 reaction 原行；mmc1.xls 全表亦无该已确认 AFE 的直接 GPR。	无本组 KEGG/BioCyc/Rhea 反应 ID 线索；已完成直接 GPR 全表检索。
1049	RU820_RS05420	WP_148208607.1	hypothetical protein	AFE_1131	RefSeq protein_id exact	完全匹配						无直接 GPR：已对原表 Table 1 全部 615 个 Reaction 行的 GRA/GPRA/PRA 列检索，未命中该已确认 AFE																	mmc1.xls → Table 1：615 个 Reaction 行；逐行检查 GRA、GPRA、PRA；只按完全匹配的唯一 B1 AFE 判直接命中。	本地 G54 Alpha 初核表无该基因对应 reaction 原行；mmc1.xls 全表亦无该已确认 AFE 的直接 GPR。	无本组 KEGG/BioCyc/Rhea 反应 ID 线索；已完成直接 GPR 全表检索。
1050	RU820_RS05425	WP_012606841.1	cysteine hydrolase family protein	AFE_1133	RefSeq protein_id exact	完全匹配						无直接 GPR：已对原表 Table 1 全部 615 个 Reaction 行的 GRA/GPRA/PRA 列检索，未命中该已确认 AFE																	mmc1.xls → Table 1：615 个 Reaction 行；逐行检查 GRA、GPRA、PRA；只按完全匹配的唯一 B1 AFE 判直接命中。	本地 G54 Alpha 初核表无该基因对应 reaction 原行；mmc1.xls 全表亦无该已确认 AFE 的直接 GPR。	无本组 KEGG/BioCyc/Rhea 反应 ID 线索；已完成直接 GPR 全表检索。
1051	RU820_RS05430	WP_080513182.1	hypothetical protein	未确认		未映射						未确认唯一 B1 AFE，不能作逐AFE直接命中判定；已全行检查候选AFE字符串																	mmc1.xls → Table 1：615 个 Reaction 行；逐行检查 GRA、GPRA、PRA；只按完全匹配的唯一 B1 AFE 判直接命中。	本地 G54 Alpha 初核表无该基因对应 reaction 原行；mmc1.xls 全表亦无该已确认 AFE 的直接 GPR。	无本组 KEGG/BioCyc/Rhea 反应 ID 线索；已完成直接 GPR 全表检索。
1052	RU820_RS05435	WP_041645534.1	hypothetical protein	未确认		未映射						未确认唯一 B1 AFE，不能作逐AFE直接命中判定；已全行检查候选AFE字符串																	mmc1.xls → Table 1：615 个 Reaction 行；逐行检查 GRA、GPRA、PRA；只按完全匹配的唯一 B1 AFE 判直接命中。	本地 G54 Alpha 初核表无该基因对应 reaction 原行；mmc1.xls 全表亦无该已确认 AFE 的直接 GPR。	无本组 KEGG/BioCyc/Rhea 反应 ID 线索；已完成直接 GPR 全表检索。
1053	RU820_RS05440	WP_012606844.1	hypothetical protein	AFE_1135	RefSeq protein_id exact	完全匹配						无直接 GPR：已对原表 Table 1 全部 615 个 Reaction 行的 GRA/GPRA/PRA 列检索，未命中该已确认 AFE																	mmc1.xls → Table 1：615 个 Reaction 行；逐行检查 GRA、GPRA、PRA；只按完全匹配的唯一 B1 AFE 判直接命中。	本地 G54 Alpha 初核表无该基因对应 reaction 原行；mmc1.xls 全表亦无该已确认 AFE 的直接 GPR。	无本组 KEGG/BioCyc/Rhea 反应 ID 线索；已完成直接 GPR 全表检索。
1054	RU820_RS05445	WP_012606845.1	DedA family protein	AFE_1136	RefSeq protein_id exact	完全匹配	K03975					无直接 GPR：已对原表 Table 1 全部 615 个 Reaction 行的 GRA/GPRA/PRA 列检索，未命中该已确认 AFE																	mmc1.xls → Table 1：615 个 Reaction 行；逐行检查 GRA、GPRA、PRA；只按完全匹配的唯一 B1 AFE 判直接命中。	本地 G54 Alpha 初核表无该基因对应 reaction 原行；mmc1.xls 全表亦无该已确认 AFE 的直接 GPR。	无本组 KEGG/BioCyc/Rhea 反应 ID 线索；已完成直接 GPR 全表检索。
1055	RU820_RS05450	WP_012606846.1	ATP-dependent helicase	AFE_1137	RefSeq protein_id exact	完全匹配	K03657	5.6.2.4		RXN0-7388		无直接 GPR：已对原表 Table 1 全部 615 个 Reaction 行的 GRA/GPRA/PRA 列检索，未命中该已确认 AFE																	mmc1.xls → Table 1：615 个 Reaction 行；逐行检查 GRA、GPRA、PRA；只按完全匹配的唯一 B1 AFE 判直接命中。	本地 G54 Alpha 初核表无该基因对应 reaction 原行；mmc1.xls 全表亦无该已确认 AFE 的直接 GPR。	有数据库反应线索；本轮无直接 GPR。未由未命中 GPR 推断模型缺少该化学反应；化学同式待逐反应原始式核验。
1056	RU820_RS05455	WP_423365592.1	hypothetical protein	AFE_1140	RefSeq protein_id exact	完全匹配						无直接 GPR：已对原表 Table 1 全部 615 个 Reaction 行的 GRA/GPRA/PRA 列检索，未命中该已确认 AFE																	mmc1.xls → Table 1：615 个 Reaction 行；逐行检查 GRA、GPRA、PRA；只按完全匹配的唯一 B1 AFE 判直接命中。	本地 G54 Alpha 初核表无该基因对应 reaction 原行；mmc1.xls 全表亦无该已确认 AFE 的直接 GPR。	无本组 KEGG/BioCyc/Rhea 反应 ID 线索；已完成直接 GPR 全表检索。
1057	RU820_RS05460	WP_012606850.1	SPFH domain-containing protein	AFE_1141	RefSeq protein_id exact	完全匹配						无直接 GPR：已对原表 Table 1 全部 615 个 Reaction 行的 GRA/GPRA/PRA 列检索，未命中该已确认 AFE																	mmc1.xls → Table 1：615 个 Reaction 行；逐行检查 GRA、GPRA、PRA；只按完全匹配的唯一 B1 AFE 判直接命中。	本地 G54 Alpha 初核表无该基因对应 reaction 原行；mmc1.xls 全表亦无该已确认 AFE 的直接 GPR。	无本组 KEGG/BioCyc/Rhea 反应 ID 线索；已完成直接 GPR 全表检索。
1058	RU820_RS05465	WP_012606582.1	IS110-like element ISAfe3 family transposase	未确认	RefSeq protein_id exact	旁系同源/多重候选	K07486					未确认唯一 B1 AFE，不能作逐AFE直接命中判定；已全行检查候选AFE字符串																	mmc1.xls → Table 1：615 个 Reaction 行；逐行检查 GRA、GPRA、PRA；只按完全匹配的唯一 B1 AFE 判直接命中。	本地 G54 Alpha 初核表无该基因对应 reaction 原行；mmc1.xls 全表亦无该已确认 AFE 的直接 GPR。	无本组 KEGG/BioCyc/Rhea 反应 ID 线索；已完成直接 GPR 全表检索。
1059	RU820_RS05470	WP_041645546.1	hypothetical protein	未确认		未映射						未确认唯一 B1 AFE，不能作逐AFE直接命中判定；已全行检查候选AFE字符串																	mmc1.xls → Table 1：615 个 Reaction 行；逐行检查 GRA、GPRA、PRA；只按完全匹配的唯一 B1 AFE 判直接命中。	本地 G54 Alpha 初核表无该基因对应 reaction 原行；mmc1.xls 全表亦无该已确认 AFE 的直接 GPR。	无本组 KEGG/BioCyc/Rhea 反应 ID 线索；已完成直接 GPR 全表检索。
1060	RU820_RS05475	WP_148208608.1	hypothetical protein	未确认		未映射						未确认唯一 B1 AFE，不能作逐AFE直接命中判定；已全行检查候选AFE字符串																	mmc1.xls → Table 1：615 个 Reaction 行；逐行检查 GRA、GPRA、PRA；只按完全匹配的唯一 B1 AFE 判直接命中。	本地 G54 Alpha 初核表无该基因对应 reaction 原行；mmc1.xls 全表亦无该已确认 AFE 的直接 GPR。	无本组 KEGG/BioCyc/Rhea 反应 ID 线索；已完成直接 GPR 全表检索。
1061	RU820_RS05480	WP_041645555.1	hypothetical protein	AFE_1144	RefSeq protein_id exact	完全匹配						无直接 GPR：已对原表 Table 1 全部 615 个 Reaction 行的 GRA/GPRA/PRA 列检索，未命中该已确认 AFE																	mmc1.xls → Table 1：615 个 Reaction 行；逐行检查 GRA、GPRA、PRA；只按完全匹配的唯一 B1 AFE 判直接命中。	本地 G54 Alpha 初核表无该基因对应 reaction 原行；mmc1.xls 全表亦无该已确认 AFE 的直接 GPR。	无本组 KEGG/BioCyc/Rhea 反应 ID 线索；已完成直接 GPR 全表检索。
1062	RU820_RS05485	WP_012606853.1	tyrosine-type recombinase/integrase	AFE_1145	RefSeq protein_id exact	完全匹配	K03733					无直接 GPR：已对原表 Table 1 全部 615 个 Reaction 行的 GRA/GPRA/PRA 列检索，未命中该已确认 AFE																	mmc1.xls → Table 1：615 个 Reaction 行；逐行检查 GRA、GPRA、PRA；只按完全匹配的唯一 B1 AFE 判直接命中。	本地 G54 Alpha 初核表无该基因对应 reaction 原行；mmc1.xls 全表亦无该已确认 AFE 的直接 GPR。	无本组 KEGG/BioCyc/Rhea 反应 ID 线索；已完成直接 GPR 全表检索。
1063	RU820_RS05490	WP_012606854.1	hypothetical protein	AFE_1146	RefSeq protein_id exact	完全匹配						无直接 GPR：已对原表 Table 1 全部 615 个 Reaction 行的 GRA/GPRA/PRA 列检索，未命中该已确认 AFE																	mmc1.xls → Table 1：615 个 Reaction 行；逐行检查 GRA、GPRA、PRA；只按完全匹配的唯一 B1 AFE 判直接命中。	本地 G54 Alpha 初核表无该基因对应 reaction 原行；mmc1.xls 全表亦无该已确认 AFE 的直接 GPR。	无本组 KEGG/BioCyc/Rhea 反应 ID 线索；已完成直接 GPR 全表检索。
1064	RU820_RS05495	WP_012606855.1	hypothetical protein	AFE_1147	RefSeq protein_id exact	完全匹配						无直接 GPR：已对原表 Table 1 全部 615 个 Reaction 行的 GRA/GPRA/PRA 列检索，未命中该已确认 AFE																	mmc1.xls → Table 1：615 个 Reaction 行；逐行检查 GRA、GPRA、PRA；只按完全匹配的唯一 B1 AFE 判直接命中。	本地 G54 Alpha 初核表无该基因对应 reaction 原行；mmc1.xls 全表亦无该已确认 AFE 的直接 GPR。	无本组 KEGG/BioCyc/Rhea 反应 ID 线索；已完成直接 GPR 全表检索。
1065	RU820_RS05500	WP_012606856.1	hypothetical protein	AFE_1148	RefSeq protein_id exact	完全匹配						无直接 GPR：已对原表 Table 1 全部 615 个 Reaction 行的 GRA/GPRA/PRA 列检索，未命中该已确认 AFE																	mmc1.xls → Table 1：615 个 Reaction 行；逐行检查 GRA、GPRA、PRA；只按完全匹配的唯一 B1 AFE 判直接命中。	本地 G54 Alpha 初核表无该基因对应 reaction 原行；mmc1.xls 全表亦无该已确认 AFE 的直接 GPR。	无本组 KEGG/BioCyc/Rhea 反应 ID 线索；已完成直接 GPR 全表检索。
1066	RU820_RS05505	WP_012606857.1	hypothetical protein	AFE_1149	RefSeq protein_id exact	完全匹配						无直接 GPR：已对原表 Table 1 全部 615 个 Reaction 行的 GRA/GPRA/PRA 列检索，未命中该已确认 AFE																	mmc1.xls → Table 1：615 个 Reaction 行；逐行检查 GRA、GPRA、PRA；只按完全匹配的唯一 B1 AFE 判直接命中。	本地 G54 Alpha 初核表无该基因对应 reaction 原行；mmc1.xls 全表亦无该已确认 AFE 的直接 GPR。	无本组 KEGG/BioCyc/Rhea 反应 ID 线索；已完成直接 GPR 全表检索。
1067	RU820_RS05510	WP_012606858.1	hypothetical protein	AFE_1150	RefSeq protein_id exact	完全匹配						无直接 GPR：已对原表 Table 1 全部 615 个 Reaction 行的 GRA/GPRA/PRA 列检索，未命中该已确认 AFE																	mmc1.xls → Table 1：615 个 Reaction 行；逐行检查 GRA、GPRA、PRA；只按完全匹配的唯一 B1 AFE 判直接命中。	本地 G54 Alpha 初核表无该基因对应 reaction 原行；mmc1.xls 全表亦无该已确认 AFE 的直接 GPR。	无本组 KEGG/BioCyc/Rhea 反应 ID 线索；已完成直接 GPR 全表检索。
1068	RU820_RS05515	WP_012606860.1	HNH endonuclease	AFE_1152	RefSeq protein_id exact	完全匹配						无直接 GPR：已对原表 Table 1 全部 615 个 Reaction 行的 GRA/GPRA/PRA 列检索，未命中该已确认 AFE																	mmc1.xls → Table 1：615 个 Reaction 行；逐行检查 GRA、GPRA、PRA；只按完全匹配的唯一 B1 AFE 判直接命中。	本地 G54 Alpha 初核表无该基因对应 reaction 原行；mmc1.xls 全表亦无该已确认 AFE 的直接 GPR。	无本组 KEGG/BioCyc/Rhea 反应 ID 线索；已完成直接 GPR 全表检索。
1069	RU820_RS05520	WP_012606861.1	hypothetical protein	AFE_1153	RefSeq protein_id exact	完全匹配						无直接 GPR：已对原表 Table 1 全部 615 个 Reaction 行的 GRA/GPRA/PRA 列检索，未命中该已确认 AFE																	mmc1.xls → Table 1：615 个 Reaction 行；逐行检查 GRA、GPRA、PRA；只按完全匹配的唯一 B1 AFE 判直接命中。	本地 G54 Alpha 初核表无该基因对应 reaction 原行；mmc1.xls 全表亦无该已确认 AFE 的直接 GPR。	无本组 KEGG/BioCyc/Rhea 反应 ID 线索；已完成直接 GPR 全表检索。
1070	RU820_RS05525	WP_041645573.1	hypothetical protein	未确认		未映射						未确认唯一 B1 AFE，不能作逐AFE直接命中判定；已全行检查候选AFE字符串																	mmc1.xls → Table 1：615 个 Reaction 行；逐行检查 GRA、GPRA、PRA；只按完全匹配的唯一 B1 AFE 判直接命中。	本地 G54 Alpha 初核表无该基因对应 reaction 原行；mmc1.xls 全表亦无该已确认 AFE 的直接 GPR。	无本组 KEGG/BioCyc/Rhea 反应 ID 线索；已完成直接 GPR 全表检索。
1071	RU820_RS05590	WP_041645583.1	hypothetical protein	未确认		未映射						未确认唯一 B1 AFE，不能作逐AFE直接命中判定；已全行检查候选AFE字符串																	mmc1.xls → Table 1：615 个 Reaction 行；逐行检查 GRA、GPRA、PRA；只按完全匹配的唯一 B1 AFE 判直接命中。	本地 G54 Alpha 初核表无该基因对应 reaction 原行；mmc1.xls 全表亦无该已确认 AFE 的直接 GPR。	无本组 KEGG/BioCyc/Rhea 反应 ID 线索；已完成直接 GPR 全表检索。
1072	RU820_RS05610	WP_041645589.1	hypothetical protein	未确认		未映射						未确认唯一 B1 AFE，不能作逐AFE直接命中判定；已全行检查候选AFE字符串																	mmc1.xls → Table 1：615 个 Reaction 行；逐行检查 GRA、GPRA、PRA；只按完全匹配的唯一 B1 AFE 判直接命中。	本地 G54 Alpha 初核表无该基因对应 reaction 原行；mmc1.xls 全表亦无该已确认 AFE 的直接 GPR。	无本组 KEGG/BioCyc/Rhea 反应 ID 线索；已完成直接 GPR 全表检索。
1073	RU820_RS05630	WP_012606865.1	hypothetical protein	AFE_1174	RefSeq protein_id exact	完全匹配						无直接 GPR：已对原表 Table 1 全部 615 个 Reaction 行的 GRA/GPRA/PRA 列检索，未命中该已确认 AFE																	mmc1.xls → Table 1：615 个 Reaction 行；逐行检查 GRA、GPRA、PRA；只按完全匹配的唯一 B1 AFE 判直接命中。	本地 G54 Alpha 初核表无该基因对应 reaction 原行；mmc1.xls 全表亦无该已确认 AFE 的直接 GPR。	无本组 KEGG/BioCyc/Rhea 反应 ID 线索；已完成直接 GPR 全表检索。
1074	RU820_RS05640	WP_041645592.1	hypothetical protein	未确认		未映射						未确认唯一 B1 AFE，不能作逐AFE直接命中判定；已全行检查候选AFE字符串																	mmc1.xls → Table 1：615 个 Reaction 行；逐行检查 GRA、GPRA、PRA；只按完全匹配的唯一 B1 AFE 判直接命中。	本地 G54 Alpha 初核表无该基因对应 reaction 原行；mmc1.xls 全表亦无该已确认 AFE 的直接 GPR。	无本组 KEGG/BioCyc/Rhea 反应 ID 线索；已完成直接 GPR 全表检索。
1075	RU820_RS05645	WP_012606866.1	hypothetical protein	AFE_1176	RefSeq protein_id exact	完全匹配						无直接 GPR：已对原表 Table 1 全部 615 个 Reaction 行的 GRA/GPRA/PRA 列检索，未命中该已确认 AFE																	mmc1.xls → Table 1：615 个 Reaction 行；逐行检查 GRA、GPRA、PRA；只按完全匹配的唯一 B1 AFE 判直接命中。	本地 G54 Alpha 初核表无该基因对应 reaction 原行；mmc1.xls 全表亦无该已确认 AFE 的直接 GPR。	无本组 KEGG/BioCyc/Rhea 反应 ID 线索；已完成直接 GPR 全表检索。
1076	RU820_RS05655	WP_041645597.1	hypothetical protein	未确认		未映射						未确认唯一 B1 AFE，不能作逐AFE直接命中判定；已全行检查候选AFE字符串																	mmc1.xls → Table 1：615 个 Reaction 行；逐行检查 GRA、GPRA、PRA；只按完全匹配的唯一 B1 AFE 判直接命中。	本地 G54 Alpha 初核表无该基因对应 reaction 原行；mmc1.xls 全表亦无该已确认 AFE 的直接 GPR。	无本组 KEGG/BioCyc/Rhea 反应 ID 线索；已完成直接 GPR 全表检索。
1077	RU820_RS05660	WP_423365463.1	hypothetical protein	未确认		未映射						未确认唯一 B1 AFE，不能作逐AFE直接命中判定；已全行检查候选AFE字符串																	mmc1.xls → Table 1：615 个 Reaction 行；逐行检查 GRA、GPRA、PRA；只按完全匹配的唯一 B1 AFE 判直接命中。	本地 G54 Alpha 初核表无该基因对应 reaction 原行；mmc1.xls 全表亦无该已确认 AFE 的直接 GPR。	无本组 KEGG/BioCyc/Rhea 反应 ID 线索；已完成直接 GPR 全表检索。
1078	RU820_RS05745	WP_012606870.1	DUF4326 domain-containing protein	AFE_1197	RefSeq protein_id exact	完全匹配						无直接 GPR：已对原表 Table 1 全部 615 个 Reaction 行的 GRA/GPRA/PRA 列检索，未命中该已确认 AFE																	mmc1.xls → Table 1：615 个 Reaction 行；逐行检查 GRA、GPRA、PRA；只按完全匹配的唯一 B1 AFE 判直接命中。	本地 G54 Alpha 初核表无该基因对应 reaction 原行；mmc1.xls 全表亦无该已确认 AFE 的直接 GPR。	无本组 KEGG/BioCyc/Rhea 反应 ID 线索；已完成直接 GPR 全表检索。
1079	RU820_RS05750	WP_041645602.1	hypothetical protein	未确认		未映射						未确认唯一 B1 AFE，不能作逐AFE直接命中判定；已全行检查候选AFE字符串																	mmc1.xls → Table 1：615 个 Reaction 行；逐行检查 GRA、GPRA、PRA；只按完全匹配的唯一 B1 AFE 判直接命中。	本地 G54 Alpha 初核表无该基因对应 reaction 原行；mmc1.xls 全表亦无该已确认 AFE 的直接 GPR。	无本组 KEGG/BioCyc/Rhea 反应 ID 线索；已完成直接 GPR 全表检索。
1080	RU820_RS05755	WP_012606872.1	ribonuclease H family protein	AFE_1199	RefSeq protein_id exact	完全匹配	K03469	3.1.26.4		3.1.26.4-RXN		无直接 GPR：已对原表 Table 1 全部 615 个 Reaction 行的 GRA/GPRA/PRA 列检索，未命中该已确认 AFE																	mmc1.xls → Table 1：615 个 Reaction 行；逐行检查 GRA、GPRA、PRA；只按完全匹配的唯一 B1 AFE 判直接命中。	本地 G54 Alpha 初核表无该基因对应 reaction 原行；mmc1.xls 全表亦无该已确认 AFE 的直接 GPR。	有数据库反应线索；本轮无直接 GPR。未由未命中 GPR 推断模型缺少该化学反应；化学同式待逐反应原始式核验。
1081	RU820_RS05760	WP_012606873.1	hypothetical protein	AFE_1200	RefSeq protein_id exact	完全匹配						无直接 GPR：已对原表 Table 1 全部 615 个 Reaction 行的 GRA/GPRA/PRA 列检索，未命中该已确认 AFE																	mmc1.xls → Table 1：615 个 Reaction 行；逐行检查 GRA、GPRA、PRA；只按完全匹配的唯一 B1 AFE 判直接命中。	本地 G54 Alpha 初核表无该基因对应 reaction 原行；mmc1.xls 全表亦无该已确认 AFE 的直接 GPR。	无本组 KEGG/BioCyc/Rhea 反应 ID 线索；已完成直接 GPR 全表检索。
1082	RU820_RS05765	WP_012606874.1	heteromeric transposase endonuclease subunit TnsA	AFE_1201	RefSeq protein_id exact	完全匹配						无直接 GPR：已对原表 Table 1 全部 615 个 Reaction 行的 GRA/GPRA/PRA 列检索，未命中该已确认 AFE																	mmc1.xls → Table 1：615 个 Reaction 行；逐行检查 GRA、GPRA、PRA；只按完全匹配的唯一 B1 AFE 判直接命中。	本地 G54 Alpha 初核表无该基因对应 reaction 原行；mmc1.xls 全表亦无该已确认 AFE 的直接 GPR。	无本组 KEGG/BioCyc/Rhea 反应 ID 线索；已完成直接 GPR 全表检索。
1083	RU820_RS05770	WP_012606875.1	Mu transposase C-terminal domain-containing protein	AFE_1202	RefSeq protein_id exact	完全匹配				RXN0-5100;RXN0-5131		无直接 GPR：已对原表 Table 1 全部 615 个 Reaction 行的 GRA/GPRA/PRA 列检索，未命中该已确认 AFE																	mmc1.xls → Table 1：615 个 Reaction 行；逐行检查 GRA、GPRA、PRA；只按完全匹配的唯一 B1 AFE 判直接命中。	本地 G54 Alpha 初核表无该基因对应 reaction 原行；mmc1.xls 全表亦无该已确认 AFE 的直接 GPR。	有数据库反应线索；本轮无直接 GPR。未由未命中 GPR 推断模型缺少该化学反应；化学同式待逐反应原始式核验。
1084	RU820_RS05775	WP_012606876.1	ATP-binding protein	AFE_1203	RefSeq protein_id exact	完全匹配						无直接 GPR：已对原表 Table 1 全部 615 个 Reaction 行的 GRA/GPRA/PRA 列检索，未命中该已确认 AFE																	mmc1.xls → Table 1：615 个 Reaction 行；逐行检查 GRA、GPRA、PRA；只按完全匹配的唯一 B1 AFE 判直接命中。	本地 G54 Alpha 初核表无该基因对应 reaction 原行；mmc1.xls 全表亦无该已确认 AFE 的直接 GPR。	无本组 KEGG/BioCyc/Rhea 反应 ID 线索；已完成直接 GPR 全表检索。
1085	RU820_RS05780	WP_423365467.1	TnsD family transposase	未确认		未映射						未确认唯一 B1 AFE，不能作逐AFE直接命中判定；已全行检查候选AFE字符串																	mmc1.xls → Table 1：615 个 Reaction 行；逐行检查 GRA、GPRA、PRA；只按完全匹配的唯一 B1 AFE 判直接命中。	本地 G54 Alpha 初核表无该基因对应 reaction 原行；mmc1.xls 全表亦无该已确认 AFE 的直接 GPR。	无本组 KEGG/BioCyc/Rhea 反应 ID 线索；已完成直接 GPR 全表检索。
1086	RU820_RS05785	WP_423365469.1	hypothetical protein	未确认		未映射						未确认唯一 B1 AFE，不能作逐AFE直接命中判定；已全行检查候选AFE字符串																	mmc1.xls → Table 1：615 个 Reaction 行；逐行检查 GRA、GPRA、PRA；只按完全匹配的唯一 B1 AFE 判直接命中。	本地 G54 Alpha 初核表无该基因对应 reaction 原行；mmc1.xls 全表亦无该已确认 AFE 的直接 GPR。	无本组 KEGG/BioCyc/Rhea 反应 ID 线索；已完成直接 GPR 全表检索。
1087	RU820_RS05790	WP_012606879.1	AAA family ATPase	AFE_1206	RefSeq protein_id exact	完全匹配						无直接 GPR：已对原表 Table 1 全部 615 个 Reaction 行的 GRA/GPRA/PRA 列检索，未命中该已确认 AFE																	mmc1.xls → Table 1：615 个 Reaction 行；逐行检查 GRA、GPRA、PRA；只按完全匹配的唯一 B1 AFE 判直接命中。	本地 G54 Alpha 初核表无该基因对应 reaction 原行；mmc1.xls 全表亦无该已确认 AFE 的直接 GPR。	无本组 KEGG/BioCyc/Rhea 反应 ID 线索；已完成直接 GPR 全表检索。
1088	RU820_RS05795	WP_423365470.1	autotransporter domain-containing protein	未确认		未映射						未确认唯一 B1 AFE，不能作逐AFE直接命中判定；已全行检查候选AFE字符串																	mmc1.xls → Table 1：615 个 Reaction 行；逐行检查 GRA、GPRA、PRA；只按完全匹配的唯一 B1 AFE 判直接命中。	本地 G54 Alpha 初核表无该基因对应 reaction 原行；mmc1.xls 全表亦无该已确认 AFE 的直接 GPR。	无本组 KEGG/BioCyc/Rhea 反应 ID 线索；已完成直接 GPR 全表检索。
1089	RU820_RS05805	WP_236608977.1	hypothetical protein	未确认		未映射						未确认唯一 B1 AFE，不能作逐AFE直接命中判定；已全行检查候选AFE字符串																	mmc1.xls → Table 1：615 个 Reaction 行；逐行检查 GRA、GPRA、PRA；只按完全匹配的唯一 B1 AFE 判直接命中。	本地 G54 Alpha 初核表无该基因对应 reaction 原行；mmc1.xls 全表亦无该已确认 AFE 的直接 GPR。	无本组 KEGG/BioCyc/Rhea 反应 ID 线索；已完成直接 GPR 全表检索。
1090	RU820_RS05810	WP_049759432.1	hypothetical protein	未确认		未映射						未确认唯一 B1 AFE，不能作逐AFE直接命中判定；已全行检查候选AFE字符串																	mmc1.xls → Table 1：615 个 Reaction 行；逐行检查 GRA、GPRA、PRA；只按完全匹配的唯一 B1 AFE 判直接命中。	本地 G54 Alpha 初核表无该基因对应 reaction 原行；mmc1.xls 全表亦无该已确认 AFE 的直接 GPR。	无本组 KEGG/BioCyc/Rhea 反应 ID 线索；已完成直接 GPR 全表检索。
1091	RU820_RS05815	WP_423365615.1	beta strand repeat-containing protein	未确认		未映射						未确认唯一 B1 AFE，不能作逐AFE直接命中判定；已全行检查候选AFE字符串																	mmc1.xls → Table 1：615 个 Reaction 行；逐行检查 GRA、GPRA、PRA；只按完全匹配的唯一 B1 AFE 判直接命中。	本地 G54 Alpha 初核表无该基因对应 reaction 原行；mmc1.xls 全表亦无该已确认 AFE 的直接 GPR。	无本组 KEGG/BioCyc/Rhea 反应 ID 线索；已完成直接 GPR 全表检索。
1092	RU820_RS05820	WP_012606582.1	IS110-like element ISAfe3 family transposase	未确认	RefSeq protein_id exact	旁系同源/多重候选	K07486					未确认唯一 B1 AFE，不能作逐AFE直接命中判定；已全行检查候选AFE字符串																	mmc1.xls → Table 1：615 个 Reaction 行；逐行检查 GRA、GPRA、PRA；只按完全匹配的唯一 B1 AFE 判直接命中。	本地 G54 Alpha 初核表无该基因对应 reaction 原行；mmc1.xls 全表亦无该已确认 AFE 的直接 GPR。	无本组 KEGG/BioCyc/Rhea 反应 ID 线索；已完成直接 GPR 全表检索。
1093	RU820_RS05825	WP_423365472.1	hypothetical protein	未确认		未映射						未确认唯一 B1 AFE，不能作逐AFE直接命中判定；已全行检查候选AFE字符串																	mmc1.xls → Table 1：615 个 Reaction 行；逐行检查 GRA、GPRA、PRA；只按完全匹配的唯一 B1 AFE 判直接命中。	本地 G54 Alpha 初核表无该基因对应 reaction 原行；mmc1.xls 全表亦无该已确认 AFE 的直接 GPR。	无本组 KEGG/BioCyc/Rhea 反应 ID 线索；已完成直接 GPR 全表检索。
1094	RU820_RS05830	WP_049759436.1	prolyl hydroxylase family protein	AFE_1210	RefSeq protein_id exact	完全匹配	K00472	1.14.11.2	R01252			无直接 GPR：已对原表 Table 1 全部 615 个 Reaction 行的 GRA/GPRA/PRA 列检索，未命中该已确认 AFE																	mmc1.xls → Table 1：615 个 Reaction 行；逐行检查 GRA、GPRA、PRA；只按完全匹配的唯一 B1 AFE 判直接命中。	本地 G54 Alpha 初核表无该基因对应 reaction 原行；mmc1.xls 全表亦无该已确认 AFE 的直接 GPR。	 KEGG反应式已按Table 2化合物ID组成扫描全部615条模型式，未找到完全相同的化合物集合；不据此推出无近似通路/非同式机制。详见错配表。
1095	RU820_RS05835	WP_012606884.1	tetratricopeptide repeat-containing sulfotransferase family protein	AFE_1211	RefSeq protein_id exact	完全匹配						无直接 GPR：已对原表 Table 1 全部 615 个 Reaction 行的 GRA/GPRA/PRA 列检索，未命中该已确认 AFE																	mmc1.xls → Table 1：615 个 Reaction 行；逐行检查 GRA、GPRA、PRA；只按完全匹配的唯一 B1 AFE 判直接命中。	本地 G54 Alpha 初核表无该基因对应 reaction 原行；mmc1.xls 全表亦无该已确认 AFE 的直接 GPR。	无本组 KEGG/BioCyc/Rhea 反应 ID 线索；已完成直接 GPR 全表检索。
1096	RU820_RS05840	WP_012606885.1	glycosyltransferase family 9 protein	AFE_1212	RefSeq protein_id exact	完全匹配						无直接 GPR：已对原表 Table 1 全部 615 个 Reaction 行的 GRA/GPRA/PRA 列检索，未命中该已确认 AFE																	mmc1.xls → Table 1：615 个 Reaction 行；逐行检查 GRA、GPRA、PRA；只按完全匹配的唯一 B1 AFE 判直接命中。	本地 G54 Alpha 初核表无该基因对应 reaction 原行；mmc1.xls 全表亦无该已确认 AFE 的直接 GPR。	无本组 KEGG/BioCyc/Rhea 反应 ID 线索；已完成直接 GPR 全表检索。
1097	RU820_RS05845	WP_148208610.1	hypothetical protein	未确认		未映射						未确认唯一 B1 AFE，不能作逐AFE直接命中判定；已全行检查候选AFE字符串																	mmc1.xls → Table 1：615 个 Reaction 行；逐行检查 GRA、GPRA、PRA；只按完全匹配的唯一 B1 AFE 判直接命中。	本地 G54 Alpha 初核表无该基因对应 reaction 原行；mmc1.xls 全表亦无该已确认 AFE 的直接 GPR。	无本组 KEGG/BioCyc/Rhea 反应 ID 线索；已完成直接 GPR 全表检索。
1098	RU820_RS05855	WP_012606887.1	hypothetical protein	AFE_1214	RefSeq protein_id exact	完全匹配						无直接 GPR：已对原表 Table 1 全部 615 个 Reaction 行的 GRA/GPRA/PRA 列检索，未命中该已确认 AFE																	mmc1.xls → Table 1：615 个 Reaction 行；逐行检查 GRA、GPRA、PRA；只按完全匹配的唯一 B1 AFE 判直接命中。	本地 G54 Alpha 初核表无该基因对应 reaction 原行；mmc1.xls 全表亦无该已确认 AFE 的直接 GPR。	无本组 KEGG/BioCyc/Rhea 反应 ID 线索；已完成直接 GPR 全表检索。
1099	RU820_RS05860	WP_012606888.1	RNA-guided endonuclease InsQ/TnpB family protein	AFE_1215	RefSeq protein_id exact	完全匹配	K07496			RXN0-5131		无直接 GPR：已对原表 Table 1 全部 615 个 Reaction 行的 GRA/GPRA/PRA 列检索，未命中该已确认 AFE																	mmc1.xls → Table 1：615 个 Reaction 行；逐行检查 GRA、GPRA、PRA；只按完全匹配的唯一 B1 AFE 判直接命中。	本地 G54 Alpha 初核表无该基因对应 reaction 原行；mmc1.xls 全表亦无该已确认 AFE 的直接 GPR。	有数据库反应线索；本轮无直接 GPR。未由未命中 GPR 推断模型缺少该化学反应；化学同式待逐反应原始式核验。
1100	RU820_RS05865	WP_012606889.1	hypothetical protein	AFE_1216	RefSeq protein_id exact	完全匹配						无直接 GPR：已对原表 Table 1 全部 615 个 Reaction 行的 GRA/GPRA/PRA 列检索，未命中该已确认 AFE																	mmc1.xls → Table 1：615 个 Reaction 行；逐行检查 GRA、GPRA、PRA；只按完全匹配的唯一 B1 AFE 判直接命中。	本地 G54 Alpha 初核表无该基因对应 reaction 原行；mmc1.xls 全表亦无该已确认 AFE 的直接 GPR。	无本组 KEGG/BioCyc/Rhea 反应 ID 线索；已完成直接 GPR 全表检索。
1101	RU820_RS05870	WP_012606890.1	uracil-DNA glycosylase	AFE_1217	RefSeq protein_id exact	完全匹配	K21929	3.2.2.27		RXN0-2584		无直接 GPR：已对原表 Table 1 全部 615 个 Reaction 行的 GRA/GPRA/PRA 列检索，未命中该已确认 AFE																	mmc1.xls → Table 1：615 个 Reaction 行；逐行检查 GRA、GPRA、PRA；只按完全匹配的唯一 B1 AFE 判直接命中。	本地 G54 Alpha 初核表无该基因对应 reaction 原行；mmc1.xls 全表亦无该已确认 AFE 的直接 GPR。	有数据库反应线索；本轮无直接 GPR。未由未命中 GPR 推断模型缺少该化学反应；化学同式待逐反应原始式核验。
1102	RU820_RS05875	WP_012606891.1	ATP-grasp domain-containing protein	AFE_1218	RefSeq protein_id exact	完全匹配						无直接 GPR：已对原表 Table 1 全部 615 个 Reaction 行的 GRA/GPRA/PRA 列检索，未命中该已确认 AFE																	mmc1.xls → Table 1：615 个 Reaction 行；逐行检查 GRA、GPRA、PRA；只按完全匹配的唯一 B1 AFE 判直接命中。	本地 G54 Alpha 初核表无该基因对应 reaction 原行；mmc1.xls 全表亦无该已确认 AFE 的直接 GPR。	无本组 KEGG/BioCyc/Rhea 反应 ID 线索；已完成直接 GPR 全表检索。
1103	RU820_RS05880	WP_049759437.1	DUF5131 family protein	未确认		未映射						未确认唯一 B1 AFE，不能作逐AFE直接命中判定；已全行检查候选AFE字符串																	mmc1.xls → Table 1：615 个 Reaction 行；逐行检查 GRA、GPRA、PRA；只按完全匹配的唯一 B1 AFE 判直接命中。	本地 G54 Alpha 初核表无该基因对应 reaction 原行；mmc1.xls 全表亦无该已确认 AFE 的直接 GPR。	无本组 KEGG/BioCyc/Rhea 反应 ID 线索；已完成直接 GPR 全表检索。
1104	RU820_RS05885	WP_049759438.1	DUF5131 family protein	未确认		未映射						未确认唯一 B1 AFE，不能作逐AFE直接命中判定；已全行检查候选AFE字符串																	mmc1.xls → Table 1：615 个 Reaction 行；逐行检查 GRA、GPRA、PRA；只按完全匹配的唯一 B1 AFE 判直接命中。	本地 G54 Alpha 初核表无该基因对应 reaction 原行；mmc1.xls 全表亦无该已确认 AFE 的直接 GPR。	无本组 KEGG/BioCyc/Rhea 反应 ID 线索；已完成直接 GPR 全表检索。
1105	RU820_RS05890	WP_148208611.1	hypothetical protein	AFE_1220	RefSeq protein_id exact	完全匹配						无直接 GPR：已对原表 Table 1 全部 615 个 Reaction 行的 GRA/GPRA/PRA 列检索，未命中该已确认 AFE																	mmc1.xls → Table 1：615 个 Reaction 行；逐行检查 GRA、GPRA、PRA；只按完全匹配的唯一 B1 AFE 判直接命中。	本地 G54 Alpha 初核表无该基因对应 reaction 原行；mmc1.xls 全表亦无该已确认 AFE 的直接 GPR。	无本组 KEGG/BioCyc/Rhea 反应 ID 线索；已完成直接 GPR 全表检索。
1106	RU820_RS05895	WP_012606893.1	modification methylase	AFE_1221	RefSeq protein_id exact	完全匹配						无直接 GPR：已对原表 Table 1 全部 615 个 Reaction 行的 GRA/GPRA/PRA 列检索，未命中该已确认 AFE																	mmc1.xls → Table 1：615 个 Reaction 行；逐行检查 GRA、GPRA、PRA；只按完全匹配的唯一 B1 AFE 判直接命中。	本地 G54 Alpha 初核表无该基因对应 reaction 原行；mmc1.xls 全表亦无该已确认 AFE 的直接 GPR。	无本组 KEGG/BioCyc/Rhea 反应 ID 线索；已完成直接 GPR 全表检索。
1107	RU820_RS05900	WP_012606894.1	outer membrane beta-barrel protein	AFE_1222	RefSeq protein_id exact	完全匹配						无直接 GPR：已对原表 Table 1 全部 615 个 Reaction 行的 GRA/GPRA/PRA 列检索，未命中该已确认 AFE																	mmc1.xls → Table 1：615 个 Reaction 行；逐行检查 GRA、GPRA、PRA；只按完全匹配的唯一 B1 AFE 判直接命中。	本地 G54 Alpha 初核表无该基因对应 reaction 原行；mmc1.xls 全表亦无该已确认 AFE 的直接 GPR。	无本组 KEGG/BioCyc/Rhea 反应 ID 线索；已完成直接 GPR 全表检索。
1108	RU820_RS05905	WP_041645638.1	hypothetical protein	AFE_1223	RefSeq protein_id exact	完全匹配						无直接 GPR：已对原表 Table 1 全部 615 个 Reaction 行的 GRA/GPRA/PRA 列检索，未命中该已确认 AFE																	mmc1.xls → Table 1：615 个 Reaction 行；逐行检查 GRA、GPRA、PRA；只按完全匹配的唯一 B1 AFE 判直接命中。	本地 G54 Alpha 初核表无该基因对应 reaction 原行；mmc1.xls 全表亦无该已确认 AFE 的直接 GPR。	无本组 KEGG/BioCyc/Rhea 反应 ID 线索；已完成直接 GPR 全表检索。
1109	RU820_RS05910	WP_012606898.1	AAA family ATPase	AFE_1226	RefSeq protein_id exact	完全匹配						无直接 GPR：已对原表 Table 1 全部 615 个 Reaction 行的 GRA/GPRA/PRA 列检索，未命中该已确认 AFE																	mmc1.xls → Table 1：615 个 Reaction 行；逐行检查 GRA、GPRA、PRA；只按完全匹配的唯一 B1 AFE 判直接命中。	本地 G54 Alpha 初核表无该基因对应 reaction 原行；mmc1.xls 全表亦无该已确认 AFE 的直接 GPR。	无本组 KEGG/BioCyc/Rhea 反应 ID 线索；已完成直接 GPR 全表检索。
1110	RU820_RS05915	WP_012606899.1	metallophosphoesterase family protein	AFE_1227	RefSeq protein_id exact	完全匹配						无直接 GPR：已对原表 Table 1 全部 615 个 Reaction 行的 GRA/GPRA/PRA 列检索，未命中该已确认 AFE																	mmc1.xls → Table 1：615 个 Reaction 行；逐行检查 GRA、GPRA、PRA；只按完全匹配的唯一 B1 AFE 判直接命中。	本地 G54 Alpha 初核表无该基因对应 reaction 原行；mmc1.xls 全表亦无该已确认 AFE 的直接 GPR。	无本组 KEGG/BioCyc/Rhea 反应 ID 线索；已完成直接 GPR 全表检索。
1111	RU820_RS05920	WP_041645646.1	hypothetical protein	未确认		未映射						未确认唯一 B1 AFE，不能作逐AFE直接命中判定；已全行检查候选AFE字符串																	mmc1.xls → Table 1：615 个 Reaction 行；逐行检查 GRA、GPRA、PRA；只按完全匹配的唯一 B1 AFE 判直接命中。	本地 G54 Alpha 初核表无该基因对应 reaction 原行；mmc1.xls 全表亦无该已确认 AFE 的直接 GPR。	无本组 KEGG/BioCyc/Rhea 反应 ID 线索；已完成直接 GPR 全表检索。
1112	RU820_RS05925	WP_041645651.1	EAL domain-containing protein	AFE_1229	RefSeq protein_id exact	完全匹配						无直接 GPR：已对原表 Table 1 全部 615 个 Reaction 行的 GRA/GPRA/PRA 列检索，未命中该已确认 AFE																	mmc1.xls → Table 1：615 个 Reaction 行；逐行检查 GRA、GPRA、PRA；只按完全匹配的唯一 B1 AFE 判直接命中。	本地 G54 Alpha 初核表无该基因对应 reaction 原行；mmc1.xls 全表亦无该已确认 AFE 的直接 GPR。	无本组 KEGG/BioCyc/Rhea 反应 ID 线索；已完成直接 GPR 全表检索。
1113	RU820_RS05930	WP_012606902.1	BRCT domain-containing protein	AFE_1230	RefSeq protein_id exact	完全匹配	K01972	6.5.1.2	R00382			无直接 GPR：已对原表 Table 1 全部 615 个 Reaction 行的 GRA/GPRA/PRA 列检索，未命中该已确认 AFE																	mmc1.xls → Table 1：615 个 Reaction 行；逐行检查 GRA、GPRA、PRA；只按完全匹配的唯一 B1 AFE 判直接命中。	本地 G54 Alpha 初核表无该基因对应 reaction 原行；mmc1.xls 全表亦无该已确认 AFE 的直接 GPR。	 KEGG反应式已按Table 2化合物ID组成扫描全部615条模型式，未找到完全相同的化合物集合；不据此推出无近似通路/非同式机制。详见错配表。
1114	RU820_RS05935	WP_041645656.1	hypothetical protein	AFE_1231	RefSeq protein_id exact	完全匹配						无直接 GPR：已对原表 Table 1 全部 615 个 Reaction 行的 GRA/GPRA/PRA 列检索，未命中该已确认 AFE																	mmc1.xls → Table 1：615 个 Reaction 行；逐行检查 GRA、GPRA、PRA；只按完全匹配的唯一 B1 AFE 判直接命中。	本地 G54 Alpha 初核表无该基因对应 reaction 原行；mmc1.xls 全表亦无该已确认 AFE 的直接 GPR。	无本组 KEGG/BioCyc/Rhea 反应 ID 线索；已完成直接 GPR 全表检索。
1115	RU820_RS05940	WP_041645660.1	hypothetical protein	未确认		未映射						未确认唯一 B1 AFE，不能作逐AFE直接命中判定；已全行检查候选AFE字符串																	mmc1.xls → Table 1：615 个 Reaction 行；逐行检查 GRA、GPRA、PRA；只按完全匹配的唯一 B1 AFE 判直接命中。	本地 G54 Alpha 初核表无该基因对应 reaction 原行；mmc1.xls 全表亦无该已确认 AFE 的直接 GPR。	无本组 KEGG/BioCyc/Rhea 反应 ID 线索；已完成直接 GPR 全表检索。
1116	RU820_RS05945	WP_206383199.1	hypothetical protein	未确认		未映射						未确认唯一 B1 AFE，不能作逐AFE直接命中判定；已全行检查候选AFE字符串																	mmc1.xls → Table 1：615 个 Reaction 行；逐行检查 GRA、GPRA、PRA；只按完全匹配的唯一 B1 AFE 判直接命中。	本地 G54 Alpha 初核表无该基因对应 reaction 原行；mmc1.xls 全表亦无该已确认 AFE 的直接 GPR。	无本组 KEGG/BioCyc/Rhea 反应 ID 线索；已完成直接 GPR 全表检索。
1117	RU820_RS05950	WP_012606905.1	endonuclease domain-containing protein	AFE_1233	RefSeq protein_id exact	完全匹配						无直接 GPR：已对原表 Table 1 全部 615 个 Reaction 行的 GRA/GPRA/PRA 列检索，未命中该已确认 AFE																	mmc1.xls → Table 1：615 个 Reaction 行；逐行检查 GRA、GPRA、PRA；只按完全匹配的唯一 B1 AFE 判直接命中。	本地 G54 Alpha 初核表无该基因对应 reaction 原行；mmc1.xls 全表亦无该已确认 AFE 的直接 GPR。	无本组 KEGG/BioCyc/Rhea 反应 ID 线索；已完成直接 GPR 全表检索。
1118	RU820_RS05955	WP_012606906.1	glycine zipper domain-containing protein	AFE_1234	RefSeq protein_id exact	完全匹配						无直接 GPR：已对原表 Table 1 全部 615 个 Reaction 行的 GRA/GPRA/PRA 列检索，未命中该已确认 AFE																	mmc1.xls → Table 1：615 个 Reaction 行；逐行检查 GRA、GPRA、PRA；只按完全匹配的唯一 B1 AFE 判直接命中。	本地 G54 Alpha 初核表无该基因对应 reaction 原行；mmc1.xls 全表亦无该已确认 AFE 的直接 GPR。	无本组 KEGG/BioCyc/Rhea 反应 ID 线索；已完成直接 GPR 全表检索。
1119	RU820_RS05960	WP_012606907.1	lipoprotein	AFE_1235	RefSeq protein_id exact	完全匹配				TRANS-RXN-477		无直接 GPR：已对原表 Table 1 全部 615 个 Reaction 行的 GRA/GPRA/PRA 列检索，未命中该已确认 AFE																	mmc1.xls → Table 1：615 个 Reaction 行；逐行检查 GRA、GPRA、PRA；只按完全匹配的唯一 B1 AFE 判直接命中。	本地 G54 Alpha 初核表无该基因对应 reaction 原行；mmc1.xls 全表亦无该已确认 AFE 的直接 GPR。	有数据库反应线索；本轮无直接 GPR。未由未命中 GPR 推断模型缺少该化学反应；化学同式待逐反应原始式核验。
1120	RU820_RS05965	WP_012606908.1	hypothetical protein	AFE_1236	RefSeq protein_id exact	完全匹配						无直接 GPR：已对原表 Table 1 全部 615 个 Reaction 行的 GRA/GPRA/PRA 列检索，未命中该已确认 AFE																	mmc1.xls → Table 1：615 个 Reaction 行；逐行检查 GRA、GPRA、PRA；只按完全匹配的唯一 B1 AFE 判直接命中。	本地 G54 Alpha 初核表无该基因对应 reaction 原行；mmc1.xls 全表亦无该已确认 AFE 的直接 GPR。	无本组 KEGG/BioCyc/Rhea 反应 ID 线索；已完成直接 GPR 全表检索。
1121	RU820_RS05970	WP_012606909.1	hypothetical protein	AFE_1237	RefSeq protein_id exact	完全匹配						无直接 GPR：已对原表 Table 1 全部 615 个 Reaction 行的 GRA/GPRA/PRA 列检索，未命中该已确认 AFE																	mmc1.xls → Table 1：615 个 Reaction 行；逐行检查 GRA、GPRA、PRA；只按完全匹配的唯一 B1 AFE 判直接命中。	本地 G54 Alpha 初核表无该基因对应 reaction 原行；mmc1.xls 全表亦无该已确认 AFE 的直接 GPR。	无本组 KEGG/BioCyc/Rhea 反应 ID 线索；已完成直接 GPR 全表检索。
1122	RU820_RS05975	WP_041645674.1	hypothetical protein	未确认		未映射						未确认唯一 B1 AFE，不能作逐AFE直接命中判定；已全行检查候选AFE字符串																	mmc1.xls → Table 1：615 个 Reaction 行；逐行检查 GRA、GPRA、PRA；只按完全匹配的唯一 B1 AFE 判直接命中。	本地 G54 Alpha 初核表无该基因对应 reaction 原行；mmc1.xls 全表亦无该已确认 AFE 的直接 GPR。	无本组 KEGG/BioCyc/Rhea 反应 ID 线索；已完成直接 GPR 全表检索。
1123	RU820_RS05980	WP_012606914.1	HU family DNA-binding protein	AFE_1241	RefSeq protein_id exact	完全匹配	K03530					无直接 GPR：已对原表 Table 1 全部 615 个 Reaction 行的 GRA/GPRA/PRA 列检索，未命中该已确认 AFE																	mmc1.xls → Table 1：615 个 Reaction 行；逐行检查 GRA、GPRA、PRA；只按完全匹配的唯一 B1 AFE 判直接命中。	本地 G54 Alpha 初核表无该基因对应 reaction 原行；mmc1.xls 全表亦无该已确认 AFE 的直接 GPR。	无本组 KEGG/BioCyc/Rhea 反应 ID 线索；已完成直接 GPR 全表检索。
1124	RU820_RS05985	WP_012606915.1	hypothetical protein	AFE_1243	RefSeq protein_id exact	完全匹配						无直接 GPR：已对原表 Table 1 全部 615 个 Reaction 行的 GRA/GPRA/PRA 列检索，未命中该已确认 AFE																	mmc1.xls → Table 1：615 个 Reaction 行；逐行检查 GRA、GPRA、PRA；只按完全匹配的唯一 B1 AFE 判直接命中。	本地 G54 Alpha 初核表无该基因对应 reaction 原行；mmc1.xls 全表亦无该已确认 AFE 的直接 GPR。	无本组 KEGG/BioCyc/Rhea 反应 ID 线索；已完成直接 GPR 全表检索。
1125	RU820_RS05990	WP_012606916.1	hypothetical protein	AFE_1244	RefSeq protein_id exact	完全匹配						无直接 GPR：已对原表 Table 1 全部 615 个 Reaction 行的 GRA/GPRA/PRA 列检索，未命中该已确认 AFE																	mmc1.xls → Table 1：615 个 Reaction 行；逐行检查 GRA、GPRA、PRA；只按完全匹配的唯一 B1 AFE 判直接命中。	本地 G54 Alpha 初核表无该基因对应 reaction 原行；mmc1.xls 全表亦无该已确认 AFE 的直接 GPR。	无本组 KEGG/BioCyc/Rhea 反应 ID 线索；已完成直接 GPR 全表检索。
1126	RU820_RS05995	WP_012606917.1	hypothetical protein	AFE_1245	RefSeq protein_id exact	完全匹配						无直接 GPR：已对原表 Table 1 全部 615 个 Reaction 行的 GRA/GPRA/PRA 列检索，未命中该已确认 AFE																	mmc1.xls → Table 1：615 个 Reaction 行；逐行检查 GRA、GPRA、PRA；只按完全匹配的唯一 B1 AFE 判直接命中。	本地 G54 Alpha 初核表无该基因对应 reaction 原行；mmc1.xls 全表亦无该已确认 AFE 的直接 GPR。	无本组 KEGG/BioCyc/Rhea 反应 ID 线索；已完成直接 GPR 全表检索。
1127	RU820_RS06000	WP_012606918.1	hypothetical protein	AFE_1246	RefSeq protein_id exact	完全匹配						无直接 GPR：已对原表 Table 1 全部 615 个 Reaction 行的 GRA/GPRA/PRA 列检索，未命中该已确认 AFE																	mmc1.xls → Table 1：615 个 Reaction 行；逐行检查 GRA、GPRA、PRA；只按完全匹配的唯一 B1 AFE 判直接命中。	本地 G54 Alpha 初核表无该基因对应 reaction 原行；mmc1.xls 全表亦无该已确认 AFE 的直接 GPR。	无本组 KEGG/BioCyc/Rhea 反应 ID 线索；已完成直接 GPR 全表检索。
1128	RU820_RS06005	WP_041645679.1	hypothetical protein	未确认		未映射						未确认唯一 B1 AFE，不能作逐AFE直接命中判定；已全行检查候选AFE字符串																	mmc1.xls → Table 1：615 个 Reaction 行；逐行检查 GRA、GPRA、PRA；只按完全匹配的唯一 B1 AFE 判直接命中。	本地 G54 Alpha 初核表无该基因对应 reaction 原行；mmc1.xls 全表亦无该已确认 AFE 的直接 GPR。	无本组 KEGG/BioCyc/Rhea 反应 ID 线索；已完成直接 GPR 全表检索。
1129	RU820_RS06010	WP_049759441.1	hypothetical protein	未确认		未映射						未确认唯一 B1 AFE，不能作逐AFE直接命中判定；已全行检查候选AFE字符串																	mmc1.xls → Table 1：615 个 Reaction 行；逐行检查 GRA、GPRA、PRA；只按完全匹配的唯一 B1 AFE 判直接命中。	本地 G54 Alpha 初核表无该基因对应 reaction 原行；mmc1.xls 全表亦无该已确认 AFE 的直接 GPR。	无本组 KEGG/BioCyc/Rhea 反应 ID 线索；已完成直接 GPR 全表检索。
1130	RU820_RS06015	WP_012606922.1	hypothetical protein	AFE_1250	RefSeq protein_id exact	完全匹配						无直接 GPR：已对原表 Table 1 全部 615 个 Reaction 行的 GRA/GPRA/PRA 列检索，未命中该已确认 AFE																	mmc1.xls → Table 1：615 个 Reaction 行；逐行检查 GRA、GPRA、PRA；只按完全匹配的唯一 B1 AFE 判直接命中。	本地 G54 Alpha 初核表无该基因对应 reaction 原行；mmc1.xls 全表亦无该已确认 AFE 的直接 GPR。	无本组 KEGG/BioCyc/Rhea 反应 ID 线索；已完成直接 GPR 全表检索。
1131	RU820_RS06020	WP_012606923.1	type IV secretory system conjugative DNA transfer family protein	AFE_1251	RefSeq protein_id exact	完全匹配						无直接 GPR：已对原表 Table 1 全部 615 个 Reaction 行的 GRA/GPRA/PRA 列检索，未命中该已确认 AFE																	mmc1.xls → Table 1：615 个 Reaction 行；逐行检查 GRA、GPRA、PRA；只按完全匹配的唯一 B1 AFE 判直接命中。	本地 G54 Alpha 初核表无该基因对应 reaction 原行；mmc1.xls 全表亦无该已确认 AFE 的直接 GPR。	无本组 KEGG/BioCyc/Rhea 反应 ID 线索；已完成直接 GPR 全表检索。
1132	RU820_RS06025	WP_041645682.1	hypothetical protein	未确认		未映射						未确认唯一 B1 AFE，不能作逐AFE直接命中判定；已全行检查候选AFE字符串																	mmc1.xls → Table 1：615 个 Reaction 行；逐行检查 GRA、GPRA、PRA；只按完全匹配的唯一 B1 AFE 判直接命中。	本地 G54 Alpha 初核表无该基因对应 reaction 原行；mmc1.xls 全表亦无该已确认 AFE 的直接 GPR。	无本组 KEGG/BioCyc/Rhea 反应 ID 线索；已完成直接 GPR 全表检索。
1133	RU820_RS06030	WP_148208612.1	hypothetical protein	未确认		未映射						未确认唯一 B1 AFE，不能作逐AFE直接命中判定；已全行检查候选AFE字符串																	mmc1.xls → Table 1：615 个 Reaction 行；逐行检查 GRA、GPRA、PRA；只按完全匹配的唯一 B1 AFE 判直接命中。	本地 G54 Alpha 初核表无该基因对应 reaction 原行；mmc1.xls 全表亦无该已确认 AFE 的直接 GPR。	无本组 KEGG/BioCyc/Rhea 反应 ID 线索；已完成直接 GPR 全表检索。
1134	RU820_RS06035	WP_041645693.1	hypothetical protein	未确认		未映射						未确认唯一 B1 AFE，不能作逐AFE直接命中判定；已全行检查候选AFE字符串																	mmc1.xls → Table 1：615 个 Reaction 行；逐行检查 GRA、GPRA、PRA；只按完全匹配的唯一 B1 AFE 判直接命中。	本地 G54 Alpha 初核表无该基因对应 reaction 原行；mmc1.xls 全表亦无该已确认 AFE 的直接 GPR。	无本组 KEGG/BioCyc/Rhea 反应 ID 线索；已完成直接 GPR 全表检索。
1135	RU820_RS06040	WP_012606926.1	hypothetical protein	AFE_1254	RefSeq protein_id exact	完全匹配						无直接 GPR：已对原表 Table 1 全部 615 个 Reaction 行的 GRA/GPRA/PRA 列检索，未命中该已确认 AFE																	mmc1.xls → Table 1：615 个 Reaction 行；逐行检查 GRA、GPRA、PRA；只按完全匹配的唯一 B1 AFE 判直接命中。	本地 G54 Alpha 初核表无该基因对应 reaction 原行；mmc1.xls 全表亦无该已确认 AFE 的直接 GPR。	无本组 KEGG/BioCyc/Rhea 反应 ID 线索；已完成直接 GPR 全表检索。
1136	RU820_RS06045	WP_012606927.1	hypothetical protein	AFE_1255	RefSeq protein_id exact	完全匹配						无直接 GPR：已对原表 Table 1 全部 615 个 Reaction 行的 GRA/GPRA/PRA 列检索，未命中该已确认 AFE																	mmc1.xls → Table 1：615 个 Reaction 行；逐行检查 GRA、GPRA、PRA；只按完全匹配的唯一 B1 AFE 判直接命中。	本地 G54 Alpha 初核表无该基因对应 reaction 原行；mmc1.xls 全表亦无该已确认 AFE 的直接 GPR。	无本组 KEGG/BioCyc/Rhea 反应 ID 线索；已完成直接 GPR 全表检索。
1137	RU820_RS06050	WP_012606928.1	hypothetical protein	AFE_1256	RefSeq protein_id exact	完全匹配						无直接 GPR：已对原表 Table 1 全部 615 个 Reaction 行的 GRA/GPRA/PRA 列检索，未命中该已确认 AFE																	mmc1.xls → Table 1：615 个 Reaction 行；逐行检查 GRA、GPRA、PRA；只按完全匹配的唯一 B1 AFE 判直接命中。	本地 G54 Alpha 初核表无该基因对应 reaction 原行；mmc1.xls 全表亦无该已确认 AFE 的直接 GPR。	无本组 KEGG/BioCyc/Rhea 反应 ID 线索；已完成直接 GPR 全表检索。
1138	RU820_RS06055	WP_012606929.1	hypothetical protein	AFE_1257	RefSeq protein_id exact	完全匹配						无直接 GPR：已对原表 Table 1 全部 615 个 Reaction 行的 GRA/GPRA/PRA 列检索，未命中该已确认 AFE																	mmc1.xls → Table 1：615 个 Reaction 行；逐行检查 GRA、GPRA、PRA；只按完全匹配的唯一 B1 AFE 判直接命中。	本地 G54 Alpha 初核表无该基因对应 reaction 原行；mmc1.xls 全表亦无该已确认 AFE 的直接 GPR。	无本组 KEGG/BioCyc/Rhea 反应 ID 线索；已完成直接 GPR 全表检索。
1139	RU820_RS06060	WP_041645700.1	hypothetical protein	AFE_1258	RefSeq protein_id exact	完全匹配	K03169	5.6.2.1				无直接 GPR：已对原表 Table 1 全部 615 个 Reaction 行的 GRA/GPRA/PRA 列检索，未命中该已确认 AFE																	mmc1.xls → Table 1：615 个 Reaction 行；逐行检查 GRA、GPRA、PRA；只按完全匹配的唯一 B1 AFE 判直接命中。	本地 G54 Alpha 初核表无该基因对应 reaction 原行；mmc1.xls 全表亦无该已确认 AFE 的直接 GPR。	无本组 KEGG/BioCyc/Rhea 反应 ID 线索；已完成直接 GPR 全表检索。
1140	RU820_RS06065	WP_012606932.1	single-stranded DNA-binding protein	AFE_1260	RefSeq protein_id exact	完全匹配	K03111					无直接 GPR：已对原表 Table 1 全部 615 个 Reaction 行的 GRA/GPRA/PRA 列检索，未命中该已确认 AFE																	mmc1.xls → Table 1：615 个 Reaction 行；逐行检查 GRA、GPRA、PRA；只按完全匹配的唯一 B1 AFE 判直接命中。	本地 G54 Alpha 初核表无该基因对应 reaction 原行；mmc1.xls 全表亦无该已确认 AFE 的直接 GPR。	无本组 KEGG/BioCyc/Rhea 反应 ID 线索；已完成直接 GPR 全表检索。
1141	RU820_RS06070	WP_012606935.1	AVAST type 3 anti-phage proein Avs3b	AFE_1263	RefSeq protein_id exact	完全匹配						无直接 GPR：已对原表 Table 1 全部 615 个 Reaction 行的 GRA/GPRA/PRA 列检索，未命中该已确认 AFE																	mmc1.xls → Table 1：615 个 Reaction 行；逐行检查 GRA、GPRA、PRA；只按完全匹配的唯一 B1 AFE 判直接命中。	本地 G54 Alpha 初核表无该基因对应 reaction 原行；mmc1.xls 全表亦无该已确认 AFE 的直接 GPR。	无本组 KEGG/BioCyc/Rhea 反应 ID 线索；已完成直接 GPR 全表检索。
1142	RU820_RS06075	WP_012606936.1	hypothetical protein	AFE_1264	RefSeq protein_id exact	完全匹配						无直接 GPR：已对原表 Table 1 全部 615 个 Reaction 行的 GRA/GPRA/PRA 列检索，未命中该已确认 AFE																	mmc1.xls → Table 1：615 个 Reaction 行；逐行检查 GRA、GPRA、PRA；只按完全匹配的唯一 B1 AFE 判直接命中。	本地 G54 Alpha 初核表无该基因对应 reaction 原行；mmc1.xls 全表亦无该已确认 AFE 的直接 GPR。	无本组 KEGG/BioCyc/Rhea 反应 ID 线索；已完成直接 GPR 全表检索。
1143	RU820_RS06080	WP_012606582.1	IS110-like element ISAfe3 family transposase	未确认	RefSeq protein_id exact	旁系同源/多重候选	K07486					未确认唯一 B1 AFE，不能作逐AFE直接命中判定；已全行检查候选AFE字符串																	mmc1.xls → Table 1：615 个 Reaction 行；逐行检查 GRA、GPRA、PRA；只按完全匹配的唯一 B1 AFE 判直接命中。	本地 G54 Alpha 初核表无该基因对应 reaction 原行；mmc1.xls 全表亦无该已确认 AFE 的直接 GPR。	无本组 KEGG/BioCyc/Rhea 反应 ID 线索；已完成直接 GPR 全表检索。
1144	RU820_RS06085	WP_012606937.1	NACHT domain-containing protein	AFE_1266	RefSeq protein_id exact	完全匹配						无直接 GPR：已对原表 Table 1 全部 615 个 Reaction 行的 GRA/GPRA/PRA 列检索，未命中该已确认 AFE																	mmc1.xls → Table 1：615 个 Reaction 行；逐行检查 GRA、GPRA、PRA；只按完全匹配的唯一 B1 AFE 判直接命中。	本地 G54 Alpha 初核表无该基因对应 reaction 原行；mmc1.xls 全表亦无该已确认 AFE 的直接 GPR。	无本组 KEGG/BioCyc/Rhea 反应 ID 线索；已完成直接 GPR 全表检索。
1145	RU820_RS06090	WP_148208613.1	hypothetical protein	AFE_1269	RefSeq protein_id exact	完全匹配						无直接 GPR：已对原表 Table 1 全部 615 个 Reaction 行的 GRA/GPRA/PRA 列检索，未命中该已确认 AFE																	mmc1.xls → Table 1：615 个 Reaction 行；逐行检查 GRA、GPRA、PRA；只按完全匹配的唯一 B1 AFE 判直接命中。	本地 G54 Alpha 初核表无该基因对应 reaction 原行；mmc1.xls 全表亦无该已确认 AFE 的直接 GPR。	无本组 KEGG/BioCyc/Rhea 反应 ID 线索；已完成直接 GPR 全表检索。
1146	RU820_RS06095	WP_012606941.1	ERF family protein	AFE_1270	RefSeq protein_id exact	完全匹配						无直接 GPR：已对原表 Table 1 全部 615 个 Reaction 行的 GRA/GPRA/PRA 列检索，未命中该已确认 AFE																	mmc1.xls → Table 1：615 个 Reaction 行；逐行检查 GRA、GPRA、PRA；只按完全匹配的唯一 B1 AFE 判直接命中。	本地 G54 Alpha 初核表无该基因对应 reaction 原行；mmc1.xls 全表亦无该已确认 AFE 的直接 GPR。	无本组 KEGG/BioCyc/Rhea 反应 ID 线索；已完成直接 GPR 全表检索。
1147	RU820_RS06100	WP_012606942.1	hypothetical protein	AFE_1271	RefSeq protein_id exact	完全匹配						无直接 GPR：已对原表 Table 1 全部 615 个 Reaction 行的 GRA/GPRA/PRA 列检索，未命中该已确认 AFE																	mmc1.xls → Table 1：615 个 Reaction 行；逐行检查 GRA、GPRA、PRA；只按完全匹配的唯一 B1 AFE 判直接命中。	本地 G54 Alpha 初核表无该基因对应 reaction 原行；mmc1.xls 全表亦无该已确认 AFE 的直接 GPR。	无本组 KEGG/BioCyc/Rhea 反应 ID 线索；已完成直接 GPR 全表检索。
1148	RU820_RS06105	WP_012606943.1	hypothetical protein	AFE_1272	RefSeq protein_id exact	完全匹配						无直接 GPR：已对原表 Table 1 全部 615 个 Reaction 行的 GRA/GPRA/PRA 列检索，未命中该已确认 AFE																	mmc1.xls → Table 1：615 个 Reaction 行；逐行检查 GRA、GPRA、PRA；只按完全匹配的唯一 B1 AFE 判直接命中。	本地 G54 Alpha 初核表无该基因对应 reaction 原行；mmc1.xls 全表亦无该已确认 AFE 的直接 GPR。	无本组 KEGG/BioCyc/Rhea 反应 ID 线索；已完成直接 GPR 全表检索。
1149	RU820_RS06110	WP_012606944.1	hypothetical protein	AFE_1273	RefSeq protein_id exact	完全匹配						无直接 GPR：已对原表 Table 1 全部 615 个 Reaction 行的 GRA/GPRA/PRA 列检索，未命中该已确认 AFE																	mmc1.xls → Table 1：615 个 Reaction 行；逐行检查 GRA、GPRA、PRA；只按完全匹配的唯一 B1 AFE 判直接命中。	本地 G54 Alpha 初核表无该基因对应 reaction 原行；mmc1.xls 全表亦无该已确认 AFE 的直接 GPR。	无本组 KEGG/BioCyc/Rhea 反应 ID 线索；已完成直接 GPR 全表检索。
1150	RU820_RS06115	WP_041645725.1	hypothetical protein	未确认		未映射						未确认唯一 B1 AFE，不能作逐AFE直接命中判定；已全行检查候选AFE字符串																	mmc1.xls → Table 1：615 个 Reaction 行；逐行检查 GRA、GPRA、PRA；只按完全匹配的唯一 B1 AFE 判直接命中。	本地 G54 Alpha 初核表无该基因对应 reaction 原行；mmc1.xls 全表亦无该已确认 AFE 的直接 GPR。	无本组 KEGG/BioCyc/Rhea 反应 ID 线索；已完成直接 GPR 全表检索。
1151	RU820_RS06120	WP_012606946.1	DUF3150 domain-containing protein	AFE_1275	RefSeq protein_id exact	完全匹配						无直接 GPR：已对原表 Table 1 全部 615 个 Reaction 行的 GRA/GPRA/PRA 列检索，未命中该已确认 AFE																	mmc1.xls → Table 1：615 个 Reaction 行；逐行检查 GRA、GPRA、PRA；只按完全匹配的唯一 B1 AFE 判直接命中。	本地 G54 Alpha 初核表无该基因对应 reaction 原行；mmc1.xls 全表亦无该已确认 AFE 的直接 GPR。	无本组 KEGG/BioCyc/Rhea 反应 ID 线索；已完成直接 GPR 全表检索。
1152	RU820_RS06125	WP_012606947.1	hypothetical protein	AFE_1276	RefSeq protein_id exact	完全匹配						无直接 GPR：已对原表 Table 1 全部 615 个 Reaction 行的 GRA/GPRA/PRA 列检索，未命中该已确认 AFE																	mmc1.xls → Table 1：615 个 Reaction 行；逐行检查 GRA、GPRA、PRA；只按完全匹配的唯一 B1 AFE 判直接命中。	本地 G54 Alpha 初核表无该基因对应 reaction 原行；mmc1.xls 全表亦无该已确认 AFE 的直接 GPR。	无本组 KEGG/BioCyc/Rhea 反应 ID 线索；已完成直接 GPR 全表检索。
1153	RU820_RS06130	WP_012606948.1	hypothetical protein	AFE_1277	RefSeq protein_id exact	完全匹配						无直接 GPR：已对原表 Table 1 全部 615 个 Reaction 行的 GRA/GPRA/PRA 列检索，未命中该已确认 AFE																	mmc1.xls → Table 1：615 个 Reaction 行；逐行检查 GRA、GPRA、PRA；只按完全匹配的唯一 B1 AFE 判直接命中。	本地 G54 Alpha 初核表无该基因对应 reaction 原行；mmc1.xls 全表亦无该已确认 AFE 的直接 GPR。	无本组 KEGG/BioCyc/Rhea 反应 ID 线索；已完成直接 GPR 全表检索。
1154	RU820_RS06135	WP_012606949.1	hypothetical protein	AFE_1278	RefSeq protein_id exact	完全匹配						无直接 GPR：已对原表 Table 1 全部 615 个 Reaction 行的 GRA/GPRA/PRA 列检索，未命中该已确认 AFE																	mmc1.xls → Table 1：615 个 Reaction 行；逐行检查 GRA、GPRA、PRA；只按完全匹配的唯一 B1 AFE 判直接命中。	本地 G54 Alpha 初核表无该基因对应 reaction 原行；mmc1.xls 全表亦无该已确认 AFE 的直接 GPR。	无本组 KEGG/BioCyc/Rhea 反应 ID 线索；已完成直接 GPR 全表检索。
1155	RU820_RS06140	WP_012606950.1	hypothetical protein	AFE_1279	RefSeq protein_id exact	完全匹配						无直接 GPR：已对原表 Table 1 全部 615 个 Reaction 行的 GRA/GPRA/PRA 列检索，未命中该已确认 AFE																	mmc1.xls → Table 1：615 个 Reaction 行；逐行检查 GRA、GPRA、PRA；只按完全匹配的唯一 B1 AFE 判直接命中。	本地 G54 Alpha 初核表无该基因对应 reaction 原行；mmc1.xls 全表亦无该已确认 AFE 的直接 GPR。	无本组 KEGG/BioCyc/Rhea 反应 ID 线索；已完成直接 GPR 全表检索。
1156	RU820_RS06145	WP_041645736.1	hypothetical protein	未确认		未映射						未确认唯一 B1 AFE，不能作逐AFE直接命中判定；已全行检查候选AFE字符串																	mmc1.xls → Table 1：615 个 Reaction 行；逐行检查 GRA、GPRA、PRA；只按完全匹配的唯一 B1 AFE 判直接命中。	本地 G54 Alpha 初核表无该基因对应 reaction 原行；mmc1.xls 全表亦无该已确认 AFE 的直接 GPR。	无本组 KEGG/BioCyc/Rhea 反应 ID 线索；已完成直接 GPR 全表检索。
1157	RU820_RS06150	WP_041645740.1	hypothetical protein	AFE_1281	RefSeq protein_id exact	完全匹配						无直接 GPR：已对原表 Table 1 全部 615 个 Reaction 行的 GRA/GPRA/PRA 列检索，未命中该已确认 AFE																	mmc1.xls → Table 1：615 个 Reaction 行；逐行检查 GRA、GPRA、PRA；只按完全匹配的唯一 B1 AFE 判直接命中。	本地 G54 Alpha 初核表无该基因对应 reaction 原行；mmc1.xls 全表亦无该已确认 AFE 的直接 GPR。	无本组 KEGG/BioCyc/Rhea 反应 ID 线索；已完成直接 GPR 全表检索。
1158	RU820_RS06155	WP_012606953.1	hypothetical protein	AFE_1282	RefSeq protein_id exact	完全匹配						无直接 GPR：已对原表 Table 1 全部 615 个 Reaction 行的 GRA/GPRA/PRA 列检索，未命中该已确认 AFE																	mmc1.xls → Table 1：615 个 Reaction 行；逐行检查 GRA、GPRA、PRA；只按完全匹配的唯一 B1 AFE 判直接命中。	本地 G54 Alpha 初核表无该基因对应 reaction 原行；mmc1.xls 全表亦无该已确认 AFE 的直接 GPR。	无本组 KEGG/BioCyc/Rhea 反应 ID 线索；已完成直接 GPR 全表检索。
1159	RU820_RS06160	WP_012606954.1	DUF4942 domain-containing protein	AFE_1283	RefSeq protein_id exact	完全匹配						无直接 GPR：已对原表 Table 1 全部 615 个 Reaction 行的 GRA/GPRA/PRA 列检索，未命中该已确认 AFE																	mmc1.xls → Table 1：615 个 Reaction 行；逐行检查 GRA、GPRA、PRA；只按完全匹配的唯一 B1 AFE 判直接命中。	本地 G54 Alpha 初核表无该基因对应 reaction 原行；mmc1.xls 全表亦无该已确认 AFE 的直接 GPR。	无本组 KEGG/BioCyc/Rhea 反应 ID 线索；已完成直接 GPR 全表检索。
1160	RU820_RS06165	WP_012606955.1	hypothetical protein	AFE_1284	RefSeq protein_id exact	完全匹配						无直接 GPR：已对原表 Table 1 全部 615 个 Reaction 行的 GRA/GPRA/PRA 列检索，未命中该已确认 AFE																	mmc1.xls → Table 1：615 个 Reaction 行；逐行检查 GRA、GPRA、PRA；只按完全匹配的唯一 B1 AFE 判直接命中。	本地 G54 Alpha 初核表无该基因对应 reaction 原行；mmc1.xls 全表亦无该已确认 AFE 的直接 GPR。	无本组 KEGG/BioCyc/Rhea 反应 ID 线索；已完成直接 GPR 全表检索。
1161	RU820_RS06170	WP_012606956.1	hypothetical protein	AFE_1285	RefSeq protein_id exact	完全匹配						无直接 GPR：已对原表 Table 1 全部 615 个 Reaction 行的 GRA/GPRA/PRA 列检索，未命中该已确认 AFE																	mmc1.xls → Table 1：615 个 Reaction 行；逐行检查 GRA、GPRA、PRA；只按完全匹配的唯一 B1 AFE 判直接命中。	本地 G54 Alpha 初核表无该基因对应 reaction 原行；mmc1.xls 全表亦无该已确认 AFE 的直接 GPR。	无本组 KEGG/BioCyc/Rhea 反应 ID 线索；已完成直接 GPR 全表检索。
1162	RU820_RS06175	WP_049759443.1	YqaJ viral recombinase family protein	AFE_1286	RefSeq protein_id exact	完全匹配						无直接 GPR：已对原表 Table 1 全部 615 个 Reaction 行的 GRA/GPRA/PRA 列检索，未命中该已确认 AFE																	mmc1.xls → Table 1：615 个 Reaction 行；逐行检查 GRA、GPRA、PRA；只按完全匹配的唯一 B1 AFE 判直接命中。	本地 G54 Alpha 初核表无该基因对应 reaction 原行；mmc1.xls 全表亦无该已确认 AFE 的直接 GPR。	无本组 KEGG/BioCyc/Rhea 反应 ID 线索；已完成直接 GPR 全表检索。
1163	RU820_RS06180	WP_012606958.1	hypothetical protein	AFE_1287	RefSeq protein_id exact	完全匹配						无直接 GPR：已对原表 Table 1 全部 615 个 Reaction 行的 GRA/GPRA/PRA 列检索，未命中该已确认 AFE																	mmc1.xls → Table 1：615 个 Reaction 行；逐行检查 GRA、GPRA、PRA；只按完全匹配的唯一 B1 AFE 判直接命中。	本地 G54 Alpha 初核表无该基因对应 reaction 原行；mmc1.xls 全表亦无该已确认 AFE 的直接 GPR。	无本组 KEGG/BioCyc/Rhea 反应 ID 线索；已完成直接 GPR 全表检索。
1164	RU820_RS06185	WP_012606959.1	hypothetical protein	AFE_1288	RefSeq protein_id exact	完全匹配						无直接 GPR：已对原表 Table 1 全部 615 个 Reaction 行的 GRA/GPRA/PRA 列检索，未命中该已确认 AFE																	mmc1.xls → Table 1：615 个 Reaction 行；逐行检查 GRA、GPRA、PRA；只按完全匹配的唯一 B1 AFE 判直接命中。	本地 G54 Alpha 初核表无该基因对应 reaction 原行；mmc1.xls 全表亦无该已确认 AFE 的直接 GPR。	无本组 KEGG/BioCyc/Rhea 反应 ID 线索；已完成直接 GPR 全表检索。
1165	RU820_RS06190	WP_041645744.1	hypothetical protein	AFE_1289	RefSeq protein_id exact	完全匹配						无直接 GPR：已对原表 Table 1 全部 615 个 Reaction 行的 GRA/GPRA/PRA 列检索，未命中该已确认 AFE																	mmc1.xls → Table 1：615 个 Reaction 行；逐行检查 GRA、GPRA、PRA；只按完全匹配的唯一 B1 AFE 判直接命中。	本地 G54 Alpha 初核表无该基因对应 reaction 原行；mmc1.xls 全表亦无该已确认 AFE 的直接 GPR。	无本组 KEGG/BioCyc/Rhea 反应 ID 线索；已完成直接 GPR 全表检索。
1166	RU820_RS06195	WP_012606961.1	hypothetical protein	AFE_1290	RefSeq protein_id exact	完全匹配						无直接 GPR：已对原表 Table 1 全部 615 个 Reaction 行的 GRA/GPRA/PRA 列检索，未命中该已确认 AFE																	mmc1.xls → Table 1：615 个 Reaction 行；逐行检查 GRA、GPRA、PRA；只按完全匹配的唯一 B1 AFE 判直接命中。	本地 G54 Alpha 初核表无该基因对应 reaction 原行；mmc1.xls 全表亦无该已确认 AFE 的直接 GPR。	无本组 KEGG/BioCyc/Rhea 反应 ID 线索；已完成直接 GPR 全表检索。
1167	RU820_RS06200	WP_012606962.1	hypothetical protein	AFE_1291	RefSeq protein_id exact	完全匹配						无直接 GPR：已对原表 Table 1 全部 615 个 Reaction 行的 GRA/GPRA/PRA 列检索，未命中该已确认 AFE																	mmc1.xls → Table 1：615 个 Reaction 行；逐行检查 GRA、GPRA、PRA；只按完全匹配的唯一 B1 AFE 判直接命中。	本地 G54 Alpha 初核表无该基因对应 reaction 原行；mmc1.xls 全表亦无该已确认 AFE 的直接 GPR。	无本组 KEGG/BioCyc/Rhea 反应 ID 线索；已完成直接 GPR 全表检索。
1168	RU820_RS06205	WP_012606963.1	hypothetical protein	AFE_1292	RefSeq protein_id exact	完全匹配						无直接 GPR：已对原表 Table 1 全部 615 个 Reaction 行的 GRA/GPRA/PRA 列检索，未命中该已确认 AFE																	mmc1.xls → Table 1：615 个 Reaction 行；逐行检查 GRA、GPRA、PRA；只按完全匹配的唯一 B1 AFE 判直接命中。	本地 G54 Alpha 初核表无该基因对应 reaction 原行；mmc1.xls 全表亦无该已确认 AFE 的直接 GPR。	无本组 KEGG/BioCyc/Rhea 反应 ID 线索；已完成直接 GPR 全表检索。
1169	RU820_RS06210	WP_201763903.1	hypothetical protein	AFE_1293	RefSeq protein_id exact	完全匹配						无直接 GPR：已对原表 Table 1 全部 615 个 Reaction 行的 GRA/GPRA/PRA 列检索，未命中该已确认 AFE																	mmc1.xls → Table 1：615 个 Reaction 行；逐行检查 GRA、GPRA、PRA；只按完全匹配的唯一 B1 AFE 判直接命中。	本地 G54 Alpha 初核表无该基因对应 reaction 原行；mmc1.xls 全表亦无该已确认 AFE 的直接 GPR。	无本组 KEGG/BioCyc/Rhea 反应 ID 线索；已完成直接 GPR 全表检索。
1170	RU820_RS06215	WP_012606966.1	helix-turn-helix domain-containing protein	AFE_1295	RefSeq protein_id exact	完全匹配						无直接 GPR：已对原表 Table 1 全部 615 个 Reaction 行的 GRA/GPRA/PRA 列检索，未命中该已确认 AFE																	mmc1.xls → Table 1：615 个 Reaction 行；逐行检查 GRA、GPRA、PRA；只按完全匹配的唯一 B1 AFE 判直接命中。	本地 G54 Alpha 初核表无该基因对应 reaction 原行；mmc1.xls 全表亦无该已确认 AFE 的直接 GPR。	无本组 KEGG/BioCyc/Rhea 反应 ID 线索；已完成直接 GPR 全表检索。
1171	RU820_RS06220	WP_012606967.1	CysB family HTH-type transcriptional regulator	AFE_1296	RefSeq protein_id exact	完全匹配	K13634					无直接 GPR：已对原表 Table 1 全部 615 个 Reaction 行的 GRA/GPRA/PRA 列检索，未命中该已确认 AFE																	mmc1.xls → Table 1：615 个 Reaction 行；逐行检查 GRA、GPRA、PRA；只按完全匹配的唯一 B1 AFE 判直接命中。	本地 G54 Alpha 初核表无该基因对应 reaction 原行；mmc1.xls 全表亦无该已确认 AFE 的直接 GPR。	无本组 KEGG/BioCyc/Rhea 反应 ID 线索；已完成直接 GPR 全表检索。
1172	RU820_RS06225	WP_012606968.1	AAA family ATPase	AFE_1297	RefSeq protein_id exact	完全匹配	K09882	6.6.1.2	R05227		RHEA:15341	无直接 GPR：已对原表 Table 1 全部 615 个 Reaction 行的 GRA/GPRA/PRA 列检索，未命中该已确认 AFE																	mmc1.xls → Table 1：615 个 Reaction 行；逐行检查 GRA、GPRA、PRA；只按完全匹配的唯一 B1 AFE 判直接命中。	本地 G54 Alpha 初核表无该基因对应 reaction 原行；mmc1.xls 全表亦无该已确认 AFE 的直接 GPR。	 KEGG反应式已按Table 2化合物ID组成扫描全部615条模型式，未找到完全相同的化合物集合；不据此推出无近似通路/非同式机制。详见错配表。
