Reaction ID	Reaction Name	Reaction Formula	Confidence Level	EC Number	PMID	Subsystem	Gene-Reaction Association	Gene-Protein-Reaction Association	Protein-Reaction-Association	Fe²⁺ lb	Fe²⁺ ub	tetrathionate lb	tetrathionate ub	sulfur lb	sulfur ub	Record class	Candidate ID	Candidate group	2016 linked Reaction ID	2026 reaction object	Legacy AFE locus	Current locus	Primary evidence DOI	Evidence type	Evidence boundary	2026 action	2026 reaction score	Source ID	Score scope
																逐基因审查	G54-0880	G54			AFE_0953	RU820_RS04570		当前 RefSeq GFF/CDS；UniProt/InterPro/Pfam；KEGG/Rhea/BioCyc/BRENDA/TCDB 适用性；Europe PMC；2016 原模型	当前注释：hypothetical protein；WP=WP_009563880.1；AFE映射=完全匹配；2016直接GPR=无直接 GPR：已对原表 Table 1 全部 615 个 Reaction 行的 GRA/GPRA/PRA 列检索，未命中该已确认 AFE；论文=检索式已执行；Europe PMC 返回未见摘要精确别名命中；不等于无原始论文。。 数据库覆盖：UniProt RefSeq_Protein→UniProtKB batch mapping and mapped entries queried 2026-09-25T15:58:12+08:00; 4 mapped KB entries retained for this row. Other reaction databases remain as stated.	保留逐基因记录；当前未证实可加入或修改的精确反应/GPR	不评分	G54-R001;G54-R002;G54-R003;G54-R004;G54-R005	无可归属的精确小分子反应；不评分
CYTBD	cytochrome oxidase bd (ubiquinol-8: 1.8 protons) (periplasm)	1.8 h[c] + q8h2[c] + 0.5 o2[c]  -> 1.8 h[p] + h2o[c] + q8[c]	3		19703284	Oxidative Phosphorylation	(AFE_0955 and AFE_0954)	( CydA (AFE_0955) and CydB (AFE_0954) )	( CydA and cydB )	0	1000	0	1000	0	1000	逐基因审查	G54-0881	G54	CYTBD	CYTBD; RHEA:40527 / KEGG R11325；原模型 1.8 H+ / 2e− 待单独校准	AFE_0954	RU820_RS04575	10.1186/1471-2164-10-394;10.3389/fmicb.2019.00592;10.1016/j.meteno.2016.03.003	同株转录/蛋白丰度；异株氧化酶研究；数据库同源；2016 全网络拟合	本株 CydA/B 表达已报告；没有单酶反应与 1.8 H+/2e− 直接测量。Brasseur 2004 实验株 ATCC19859。 数据库覆盖：UniProt RefSeq_Protein→UniProtKB batch mapping and mapped entries queried 2026-09-25T15:58:12+08:00; 2 mapped KB entries retained for this row. Other reaction databases remain as stated.	保留 CYTBD 双基因 GPR；更新证据边界；质子系数进入模型质量复核	2	G54-R001;G54-R002;G54-R003;G54-R004;G54-R005;G54-R006;G54-S005;G54-S006;G54-S007	精确 2016 反应定义，含 1.8 质子系数；序列和表达支持核心功能，系数为模型拟合
CYTBD	cytochrome oxidase bd (ubiquinol-8: 1.8 protons) (periplasm)	1.8 h[c] + q8h2[c] + 0.5 o2[c]  -> 1.8 h[p] + h2o[c] + q8[c]	3		19703284	Oxidative Phosphorylation	(AFE_0955 and AFE_0954)	( CydA (AFE_0955) and CydB (AFE_0954) )	( CydA and cydB )	0	1000	0	1000	0	1000	逐基因审查	G54-0882	G54	CYTBD	CYTBD; RHEA:40527 / KEGG R11325；原模型 1.8 H+ / 2e− 待单独校准	AFE_0955	RU820_RS04580	10.1186/1471-2164-10-394;10.3389/fmicb.2019.00592;10.1016/j.meteno.2016.03.003	同株转录/蛋白丰度；异株氧化酶研究；数据库同源；2016 全网络拟合	本株 CydA/B 表达已报告；没有单酶反应与 1.8 H+/2e− 直接测量。Brasseur 2004 实验株 ATCC19859。 数据库覆盖：UniProt RefSeq_Protein→UniProtKB batch mapping and mapped entries queried 2026-09-25T15:58:12+08:00; 1 mapped KB entries retained for this row. Other reaction databases remain as stated.	保留 CYTBD 双基因 GPR；更新证据边界；质子系数进入模型质量复核	2	G54-R001;G54-R002;G54-R003;G54-R004;G54-R005;G54-R006;G54-S005;G54-S006;G54-S007	精确 2016 反应定义，含 1.8 质子系数；序列和表达支持核心功能，系数为模型拟合
																逐基因审查	G54-0883	G54			AFE_0956	RU820_RS04585		当前 RefSeq GFF/CDS；UniProt/InterPro/Pfam；KEGG/Rhea/BioCyc/BRENDA/TCDB 适用性；Europe PMC；2016 原模型	当前注释：MBL fold metallo-hydrolase；WP=WP_009567365.1；AFE映射=完全匹配；2016直接GPR=无直接 GPR：已对原表 Table 1 全部 615 个 Reaction 行的 GRA/GPRA/PRA 列检索，未命中该已确认 AFE；论文=仅有通用 gene/product 名称摘要命中；筛后未识别到精确本株来源，异株/同名命中不计作本株验证。。 数据库覆盖：MBL-fold metal-dependent hydrolase; direct KEGG gene page has no KO/EC/reaction. No specific substrate supported; substrate and metal preference unresolved.	保留当前候选酶或辅因子功能；底物/产物或催化身份未充分确认，不新增精确反应	不评分	G54-R001;G54-R002;G54-R003;G54-R004;G54-R005	无可归属的精确小分子反应；不评分
																逐基因审查	G54-0884	G54			AFE_0957	RU820_RS04590		当前 RefSeq GFF/CDS；UniProt/InterPro/Pfam；KEGG/Rhea/BioCyc/BRENDA/TCDB 适用性；Europe PMC；2016 原模型	当前注释：sigma-54 interaction domain-containing protein；WP=WP_009567366.1；AFE映射=完全匹配；2016直接GPR=无直接 GPR：已对原表 Table 1 全部 615 个 Reaction 行的 GRA/GPRA/PRA 列检索，未命中该已确认 AFE；论文=检索式已执行；Europe PMC 返回未见摘要精确别名命中；不等于无原始论文。。 数据库覆盖：UniProt RefSeq_Protein→UniProtKB batch mapping and mapped entries queried 2026-09-25T15:58:12+08:00; 2 mapped KB entries retained for this row. Other reaction databases remain as stated.	保留逐基因记录；当前未证实可加入或修改的精确反应/GPR	不评分	G54-R001;G54-R002;G54-R003;G54-R004;G54-R005	无可归属的精确小分子反应；不评分
																逐基因审查	G54-0885	G54			AFE_0959	RU820_RS04595		当前 RefSeq GFF/CDS；UniProt/InterPro/Pfam；KEGG/Rhea/BioCyc/BRENDA/TCDB 适用性；Europe PMC；2016 原模型	当前注释：alpha/beta hydrolase；WP=WP_012536461.1；AFE映射=完全匹配；2016直接GPR=无直接 GPR：已对原表 Table 1 全部 615 个 Reaction 行的 GRA/GPRA/PRA 列检索，未命中该已确认 AFE；论文=仅有通用 gene/product 名称摘要命中；筛后未识别到精确本株来源，异株/同名命中不计作本株验证。。 数据库覆盖：KEGG assigns broad phospholipase/carboxylesterase KO K06999, with no EC or reaction. Exact ester/phospholipid substrate and cleavage position cannot be assigned from the original record.	保留当前候选酶或辅因子功能；底物/产物或催化身份未充分确认，不新增精确反应	不评分	G54-R001;G54-R002;G54-R003;G54-R004;G54-R005	无可归属的精确小分子反应；不评分
																逐基因审查	G54-0886	G54		Lpd 候选；K00382 多反应，GcvL 与 PDH E3 均未唯一确定	AFE_0958	RU820_RS04600		当前 RefSeq GFF/CDS；UniProt/InterPro/Pfam；KEGG/Rhea/BioCyc/BRENDA/TCDB 适用性；Europe PMC；2016 原模型	当前注释：dihydrolipoyl dehydrogenase family protein；WP=WP_009565875.1；AFE映射=完全匹配；2016直接GPR=无直接 GPR：已对原表 Table 1 全部 615 个 Reaction 行的 GRA/GPRA/PRA 列检索，未命中该已确认 AFE；论文=检索式已执行；Europe PMC 返回未见摘要精确别名命中；不等于无原始论文。。 反应原始记录裁决：K00382/EC 1.8.1.4 是二氢硫辛酰胺脱氢酶，KEGG 映射多条不同复合体反应（R00209 等总反应和组成步骤）。只支持对应复合体中 E3 催化，不可把所有列举反应作为此蛋白单体可催化反应；需菌株复合体与模型GPR判定。 数据库覆盖：UniProt RefSeq_Protein→UniProtKB batch mapping and mapped entries queried 2026-09-25T15:58:12+08:00; 2 mapped KB entries retained for this row. Other reaction databases remain as stated.	保留 Lpd 候选；核实组外 RU820_RS08740 同源和复合体归属后定 GPR	不评分	G54-R001;G54-R002;G54-R003;G54-R004;G54-R005;G54-R006	无可归属的精确小分子反应；不评分
																逐基因审查	G54-0887	G54			AFE_0960	RU820_RS04605	10.3390/genes9070347	当前 RefSeq GFF/CDS；UniProt/InterPro/Pfam；KEGG/Rhea/BioCyc/BRENDA/TCDB 适用性；Europe PMC；2016 原模型	当前注释：glucan biosynthesis protein；WP=WP_012536462.1；AFE映射=完全匹配；2016直接GPR=无直接 GPR：已对原表 Table 1 全部 615 个 Reaction 行的 GRA/GPRA/PRA 列检索，未命中该已确认 AFE；论文=全文核对 Oetiker 2018：MdoG 实验对象为 ATCC53993 的 Lferr_1075 / E. coli；G54 AFE_0960 对应关系未证，ATCC23270测的是其他基因与LPS。不得作本株直接证据。。 数据库覆盖：UniProt RefSeq_Protein→UniProtKB batch mapping and mapped entries queried 2026-09-25T15:58:12+08:00; 2 mapped KB entries retained for this row. Other reaction databases remain as stated.	保留 glucan biosynthesis 候选；论文实验株 ATCC 53993，缺本株反应实测	不评分	G54-R001;G54-R002;G54-R003;G54-R004;G54-R005;G54-S001	无可归属的精确小分子反应；不评分
																逐基因审查	G54-0888	G54			AFE_0961	RU820_RS04610		当前 RefSeq GFF/CDS；UniProt/InterPro/Pfam；KEGG/Rhea/BioCyc/BRENDA/TCDB 适用性；Europe PMC；2016 原模型	当前注释：hypothetical protein；WP=WP_012536463.1；AFE映射=完全匹配；2016直接GPR=无直接 GPR：已对原表 Table 1 全部 615 个 Reaction 行的 GRA/GPRA/PRA 列检索，未命中该已确认 AFE；论文=检索式已执行；Europe PMC 返回未见摘要精确别名命中；不等于无原始论文。。 数据库覆盖：UniProt RefSeq_Protein→UniProtKB batch mapping and mapped entries queried 2026-09-25T15:58:12+08:00; 2 mapped KB entries retained for this row. Other reaction databases remain as stated.	保留逐基因记录；当前未证实可加入或修改的精确反应/GPR	不评分	G54-R001;G54-R002;G54-R003;G54-R004;G54-R005	无可归属的精确小分子反应；不评分
																逐基因审查	G54-0889	G54			AFE_0962	RU820_RS04615		当前 RefSeq GFF/CDS；UniProt/InterPro/Pfam；KEGG/Rhea/BioCyc/BRENDA/TCDB 适用性；Europe PMC；2016 原模型	当前注释：glucans biosynthesis glucosyltransferase MdoH；WP=WP_012536464.1；AFE映射=完全匹配；2016直接GPR=无直接 GPR：已对原表 Table 1 全部 615 个 Reaction 行的 GRA/GPRA/PRA 列检索，未命中该已确认 AFE；论文=仅有通用 gene/product 名称摘要命中；筛后未识别到精确本株来源，异株/同名命中不计作本株验证。。 数据库覆盖：UniProt RefSeq_Protein→UniProtKB batch mapping and mapped entries queried 2026-09-25T15:58:12+08:00; 2 mapped KB entries retained for this row. Other reaction databases remain as stated.	保留逐基因记录；当前未证实可加入或修改的精确反应/GPR	不评分	G54-R001;G54-R002;G54-R003;G54-R004;G54-R005	无可归属的精确小分子反应；不评分
																逐基因审查	G54-0890	G54			AFE_0963	RU820_RS04620		当前 RefSeq GFF/CDS；UniProt/InterPro/Pfam；KEGG/Rhea/BioCyc/BRENDA/TCDB 适用性；Europe PMC；2016 原模型	当前注释：complex I NDUFA9 subunit family protein；WP=WP_012536465.1；AFE映射=完全匹配；2016直接GPR=无直接 GPR：已对原表 Table 1 全部 615 个 Reaction 行的 GRA/GPRA/PRA 列检索，未命中该已确认 AFE；论文=检索式已执行；Europe PMC 返回未见摘要精确别名命中；不等于无原始论文。。 数据库覆盖：KEGG gene page says male sterility protein and has no KO/EC/reaction; no specific metabolic substrate supported.	保留当前候选酶或辅因子功能；底物/产物或催化身份未充分确认，不新增精确反应	不评分	G54-R001;G54-R002;G54-R003;G54-R004;G54-R005	无可归属的精确小分子反应；不评分
																逐基因审查	G54-0891	G54			AFE_0964	RU820_RS04625		当前 RefSeq GFF/CDS；UniProt/InterPro/Pfam；KEGG/Rhea/BioCyc/BRENDA/TCDB 适用性；Europe PMC；2016 原模型	当前注释：DUF423 domain-containing protein；WP=WP_012536466.1；AFE映射=完全匹配；2016直接GPR=无直接 GPR：已对原表 Table 1 全部 615 个 Reaction 行的 GRA/GPRA/PRA 列检索，未命中该已确认 AFE；论文=检索式已执行；Europe PMC 返回未见摘要精确别名命中；不等于无原始论文。。 数据库覆盖：UniProt RefSeq_Protein→UniProtKB batch mapping and mapped entries queried 2026-09-25T15:58:12+08:00; 1 mapped KB entries retained for this row. Other reaction databases remain as stated.	保留逐基因记录；当前未证实可加入或修改的精确反应/GPR	不评分	G54-R001;G54-R002;G54-R003;G54-R004;G54-R005	无可归属的精确小分子反应；不评分
																逐基因审查	G54-0892	G54			未确认	RU820_RS04630		当前 RefSeq GFF/CDS；UniProt/InterPro/Pfam；KEGG/Rhea/BioCyc/BRENDA/TCDB 适用性；Europe PMC；2016 原模型	当前注释：hypothetical protein；WP=WP_012536467.1；AFE映射=未映射；2016直接GPR=未确认唯一 B1 AFE，不能作逐AFE直接命中判定；已全行检查候选AFE字符串；论文=检索式已执行；Europe PMC 返回未见摘要精确别名命中；不等于无原始论文。。 数据库覆盖：UniProt RefSeq_Protein→UniProtKB batch mapping and mapped entries queried 2026-09-25T15:58:12+08:00; 1 mapped KB entries retained for this row. Other reaction databases remain as stated.	保留逐基因记录；当前未证实可加入或修改的精确反应/GPR	不评分	G54-R001;G54-R002;G54-R003;G54-R004;G54-R005	无可归属的精确小分子反应；不评分
																逐基因审查	G54-0893	G54			AFE_0966	RU820_RS04635		当前 RefSeq GFF/CDS；UniProt/InterPro/Pfam；KEGG/Rhea/BioCyc/BRENDA/TCDB 适用性；Europe PMC；2016 原模型	当前注释：hypothetical protein；WP=WP_012536468.1；AFE映射=完全匹配；2016直接GPR=无直接 GPR：已对原表 Table 1 全部 615 个 Reaction 行的 GRA/GPRA/PRA 列检索，未命中该已确认 AFE；论文=检索式已执行；Europe PMC 返回未见摘要精确别名命中；不等于无原始论文。。 数据库覆盖：UniProt RefSeq_Protein→UniProtKB batch mapping and mapped entries queried 2026-09-25T15:58:12+08:00; 1 mapped KB entries retained for this row. Other reaction databases remain as stated.	保留逐基因记录；当前未证实可加入或修改的精确反应/GPR	不评分	G54-R001;G54-R002;G54-R003;G54-R004;G54-R005	无可归属的精确小分子反应；不评分
																逐基因审查	G54-0894	G54			AFE_0967	RU820_RS04640		当前 RefSeq GFF/CDS；UniProt/InterPro/Pfam；KEGG/Rhea/BioCyc/BRENDA/TCDB 适用性；Europe PMC；2016 原模型	当前注释：hypothetical protein；WP=WP_012536469.1；AFE映射=完全匹配；2016直接GPR=无直接 GPR：已对原表 Table 1 全部 615 个 Reaction 行的 GRA/GPRA/PRA 列检索，未命中该已确认 AFE；论文=检索式已执行；Europe PMC 返回未见摘要精确别名命中；不等于无原始论文。。 数据库覆盖：UniProt RefSeq_Protein→UniProtKB batch mapping and mapped entries queried 2026-09-25T15:58:12+08:00; 2 mapped KB entries retained for this row. Other reaction databases remain as stated.	保留逐基因记录；当前未证实可加入或修改的精确反应/GPR	不评分	G54-R001;G54-R002;G54-R003;G54-R004;G54-R005	无可归属的精确小分子反应；不评分
																逐基因审查	G54-0895	G54			AFE_0968	RU820_RS04645		当前 RefSeq GFF/CDS；UniProt/InterPro/Pfam；KEGG/Rhea/BioCyc/BRENDA/TCDB 适用性；Europe PMC；2016 原模型	当前注释：PilX N-terminal domain-containing pilus assembly protein；WP=WP_012536470.1；AFE映射=完全匹配；2016直接GPR=无直接 GPR：已对原表 Table 1 全部 615 个 Reaction 行的 GRA/GPRA/PRA 列检索，未命中该已确认 AFE；论文=检索式已执行；Europe PMC 返回未见摘要精确别名命中；不等于无原始论文。。 数据库覆盖：UniProt RefSeq_Protein→UniProtKB batch mapping and mapped entries queried 2026-09-25T15:58:12+08:00; 2 mapped KB entries retained for this row. Other reaction databases remain as stated.	保留逐基因记录；当前未证实可加入或修改的精确反应/GPR	不评分	G54-R001;G54-R002;G54-R003;G54-R004;G54-R005	无可归属的精确小分子反应；不评分
																逐基因审查	G54-0896	G54			AFE_0969	RU820_RS04650		当前 RefSeq GFF/CDS；UniProt/InterPro/Pfam；KEGG/Rhea/BioCyc/BRENDA/TCDB 适用性；Europe PMC；2016 原模型	当前注释：PilW family protein；WP=WP_012536471.1；AFE映射=完全匹配；2016直接GPR=无直接 GPR：已对原表 Table 1 全部 615 个 Reaction 行的 GRA/GPRA/PRA 列检索，未命中该已确认 AFE；论文=检索式已执行；Europe PMC 返回未见摘要精确别名命中；不等于无原始论文。。 数据库覆盖：UniProt RefSeq_Protein→UniProtKB batch mapping and mapped entries queried 2026-09-25T15:58:12+08:00; 2 mapped KB entries retained for this row. Other reaction databases remain as stated.	保留逐基因记录；当前未证实可加入或修改的精确反应/GPR	不评分	G54-R001;G54-R002;G54-R003;G54-R004;G54-R005	无可归属的精确小分子反应；不评分
																逐基因审查	G54-0897	G54			AFE_0970	RU820_RS04655		当前 RefSeq GFF/CDS；UniProt/InterPro/Pfam；KEGG/Rhea/BioCyc/BRENDA/TCDB 适用性；Europe PMC；2016 原模型	当前注释：type IV pilus modification PilV family protein；WP=WP_012536472.1；AFE映射=完全匹配；2016直接GPR=无直接 GPR：已对原表 Table 1 全部 615 个 Reaction 行的 GRA/GPRA/PRA 列检索，未命中该已确认 AFE；论文=检索式已执行；Europe PMC 返回未见摘要精确别名命中；不等于无原始论文。。 数据库覆盖：UniProt mapping returned UniParc sequence match(es) 2026-09-25T15:58:12+08:00; no UniProtKB feature record. Other reaction databases remain as stated.	保留逐基因记录；当前未证实可加入或修改的精确反应/GPR	不评分	G54-R001;G54-R002;G54-R003;G54-R004;G54-R005	无可归属的精确小分子反应；不评分
																逐基因审查	G54-0898	G54			AFE_0971	RU820_RS04660		当前 RefSeq GFF/CDS；UniProt/InterPro/Pfam；KEGG/Rhea/BioCyc/BRENDA/TCDB 适用性；Europe PMC；2016 原模型	当前注释：pilus assembly FimT family protein；WP=WP_012536473.1；AFE映射=完全匹配；2016直接GPR=无直接 GPR：已对原表 Table 1 全部 615 个 Reaction 行的 GRA/GPRA/PRA 列检索，未命中该已确认 AFE；论文=检索式已执行；Europe PMC 返回未见摘要精确别名命中；不等于无原始论文。。 数据库覆盖：UniProt RefSeq_Protein→UniProtKB batch mapping and mapped entries queried 2026-09-25T15:58:12+08:00; 2 mapped KB entries retained for this row. Other reaction databases remain as stated.	保留逐基因记录；当前未证实可加入或修改的精确反应/GPR	不评分	G54-R001;G54-R002;G54-R003;G54-R004;G54-R005	无可归属的精确小分子反应；不评分
																逐基因审查	G54-0899	G54			AFE_0972	RU820_RS04665		当前 RefSeq GFF/CDS；UniProt/InterPro/Pfam；KEGG/Rhea/BioCyc/BRENDA/TCDB 适用性；Europe PMC；2016 原模型	当前注释：type II secretion system F family protein；WP=WP_012536474.1；AFE映射=完全匹配；2016直接GPR=无直接 GPR：已对原表 Table 1 全部 615 个 Reaction 行的 GRA/GPRA/PRA 列检索，未命中该已确认 AFE；论文=检索式已执行；Europe PMC 返回未见摘要精确别名命中；不等于无原始论文。。 数据库覆盖：UniProt RefSeq_Protein→UniProtKB batch mapping and mapped entries queried 2026-09-25T15:58:12+08:00; 2 mapped KB entries retained for this row. Other reaction databases remain as stated.	保留逐基因记录；当前未证实可加入或修改的精确反应/GPR	不评分	G54-R001;G54-R002;G54-R003;G54-R004;G54-R005	无可归属的精确小分子反应；不评分
																逐基因审查	G54-0900	G54			AFE_0973	RU820_RS04670		当前 RefSeq GFF/CDS；UniProt/InterPro/Pfam；KEGG/Rhea/BioCyc/BRENDA/TCDB 适用性；Europe PMC；2016 原模型	当前注释：protease SohB；WP=WP_012536475.1；AFE映射=完全匹配；2016直接GPR=无直接 GPR：已对原表 Table 1 全部 615 个 Reaction 行的 GRA/GPRA/PRA 列检索，未命中该已确认 AFE；论文=仅有通用 gene/product 名称摘要命中；筛后未识别到精确本株来源，异株/同名命中不计作本株验证。。 数据库覆盖：UniProt RefSeq_Protein→UniProtKB batch mapping and mapped entries queried 2026-09-25T15:58:12+08:00; 2 mapped KB entries retained for this row. Other reaction databases remain as stated.	保留逐基因记录；当前未证实可加入或修改的精确反应/GPR	不评分	G54-R001;G54-R002;G54-R003;G54-R004;G54-R005	无可归属的精确小分子反应；不评分
																逐基因审查	G54-0901	G54		候选 R09395 / RHEA:26333；2 硫化 MoaD 载体 + cyclic pyranopterin phosphate + H2O → molybdopterin + 2 非硫化 MoaD + 2 H+	AFE_0975	RU820_RS04675		同株未审校 UniProt/InterPro/Pfam 双亚基注释；Rhea/KEGG 反应；异株机制论文	MoaD/MoaE 双亚基候选，Rhea 式涉及蛋白载体；本株无直接酶活，旧模型无同式。 数据库覆盖：UniProt RefSeq_Protein→UniProtKB batch mapping and mapped entries queried 2026-09-25T15:58:12+08:00; 2 mapped KB entries retained for this row. Other reaction databases remain as stated.	候选新增钼蝶呤合酶反应；先定义蛋白载体形态与再活化步骤，再审双基因 GPR	2	G54-R001;G54-R002;G54-R003;G54-R004;G54-R005;G54-R007	候选 Rhea 完整反应；跨菌种生化加本株同源，非本株直接测量
																逐基因审查	G54-0902	G54		候选 R09395 / RHEA:26333；2 硫化 MoaD 载体 + cyclic pyranopterin phosphate + H2O → molybdopterin + 2 非硫化 MoaD + 2 H+	AFE_0976	RU820_RS04680		同株未审校 UniProt/InterPro/Pfam 双亚基注释；Rhea/KEGG 反应；异株机制论文	MoaD/MoaE 双亚基候选，Rhea 式涉及蛋白载体；本株无直接酶活，旧模型无同式。 数据库覆盖：UniProt RefSeq_Protein→UniProtKB batch mapping and mapped entries queried 2026-09-25T15:58:12+08:00; 2 mapped KB entries retained for this row. Other reaction databases remain as stated.	候选新增钼蝶呤合酶反应；先定义蛋白载体形态与再活化步骤，再审双基因 GPR	2	G54-R001;G54-R002;G54-R003;G54-R004;G54-R005;G54-R006;G54-R007	候选 Rhea 完整反应；跨菌种生化加本株同源，非本株直接测量
																逐基因审查	G54-0903	G54			AFE_0977	RU820_RS04685		当前 RefSeq GFF/CDS；UniProt/InterPro/Pfam；KEGG/Rhea/BioCyc/BRENDA/TCDB 适用性；Europe PMC；2016 原模型	当前注释：YajQ family cyclic di-GMP-binding protein；WP=WP_009568900.1；AFE映射=完全匹配；2016直接GPR=无直接 GPR：已对原表 Table 1 全部 615 个 Reaction 行的 GRA/GPRA/PRA 列检索，未命中该已确认 AFE；论文=检索式已执行；Europe PMC 返回未见摘要精确别名命中；不等于无原始论文。。 数据库覆盖：UniProt RefSeq_Protein→UniProtKB batch mapping and mapped entries queried 2026-09-25T15:58:12+08:00; 3 mapped KB entries retained for this row. Other reaction databases remain as stated.	保留逐基因记录；当前未证实可加入或修改的精确反应/GPR	不评分	G54-R001;G54-R002;G54-R003;G54-R004;G54-R005	无可归属的精确小分子反应；不评分
																逐基因审查	G54-0904	G54			AFE_0978	RU820_RS04690		当前 RefSeq GFF/CDS；UniProt/InterPro/Pfam；KEGG/Rhea/BioCyc/BRENDA/TCDB 适用性；Europe PMC；2016 原模型	当前注释：roadblock/LC7 domain-containing protein；WP=WP_009568901.1；AFE映射=完全匹配；2016直接GPR=无直接 GPR：已对原表 Table 1 全部 615 个 Reaction 行的 GRA/GPRA/PRA 列检索，未命中该已确认 AFE；论文=检索式已执行；Europe PMC 返回未见摘要精确别名命中；不等于无原始论文。。 数据库覆盖：UniProt RefSeq_Protein→UniProtKB batch mapping and mapped entries queried 2026-09-25T15:58:12+08:00; 2 mapped KB entries retained for this row. Other reaction databases remain as stated.	保留逐基因记录；当前未证实可加入或修改的精确反应/GPR	不评分	G54-R001;G54-R002;G54-R003;G54-R004;G54-R005	无可归属的精确小分子反应；不评分
																逐基因审查	G54-0905	G54		R01221 / RHEA:27758；与旧模型 GHMT3 核心物质集合相同	AFE_0979	RU820_RS04695		当前 RefSeq GFF/CDS；UniProt/InterPro/Pfam；KEGG/Rhea/BioCyc/BRENDA/TCDB 适用性；Europe PMC；2016 原模型	GcvT/H/PA/PB 为系统成员；旧 GHMT3 关联 GlyA，EC 2.1.2.1 与 Rhea 1.4.1.27 不符；GcvL 身份未决。 数据库覆盖：UniProt RefSeq_Protein→UniProtKB batch mapping and mapped entries queried 2026-09-25T15:58:12+08:00; 1 mapped KB entries retained for this row. Other reaction databases remain as stated.	核查 GHMT3 原 GPR 和 EC；暂不新增同化学反应，不写未证实的 GcvL/AND GPR	不评分	G54-R001;G54-R002;G54-R003;G54-R004;G54-R005;G54-R006;G54-R008	THF 立体、区室及完整本株 GPR 未决；不评分
																逐基因审查	G54-0906	G54		R01221 / RHEA:27758；与旧模型 GHMT3 核心物质集合相同	AFE_0980	RU820_RS04700		当前 RefSeq GFF/CDS；UniProt/InterPro/Pfam；KEGG/Rhea/BioCyc/BRENDA/TCDB 适用性；Europe PMC；2016 原模型	GcvT/H/PA/PB 为系统成员；旧 GHMT3 关联 GlyA，EC 2.1.2.1 与 Rhea 1.4.1.27 不符；GcvL 身份未决。 数据库覆盖：UniProt RefSeq_Protein→UniProtKB batch mapping and mapped entries queried 2026-09-25T15:58:12+08:00; 2 mapped KB entries retained for this row. Other reaction databases remain as stated.	核查 GHMT3 原 GPR 和 EC；暂不新增同化学反应，不写未证实的 GcvL/AND GPR	不评分	G54-R001;G54-R002;G54-R003;G54-R004;G54-R005;G54-R006;G54-R008	THF 立体、区室及完整本株 GPR 未决；不评分
																逐基因审查	G54-0907	G54		R01221 / RHEA:27758；与旧模型 GHMT3 核心物质集合相同	AFE_0981	RU820_RS04705		当前 RefSeq GFF/CDS；UniProt/InterPro/Pfam；KEGG/Rhea/BioCyc/BRENDA/TCDB 适用性；Europe PMC；2016 原模型	GcvT/H/PA/PB 为系统成员；旧 GHMT3 关联 GlyA，EC 2.1.2.1 与 Rhea 1.4.1.27 不符；GcvL 身份未决。 数据库覆盖：UniProt RefSeq_Protein→UniProtKB batch mapping and mapped entries queried 2026-09-25T15:58:12+08:00; 2 mapped KB entries retained for this row. Other reaction databases remain as stated.	核查 GHMT3 原 GPR 和 EC；暂不新增同化学反应，不写未证实的 GcvL/AND GPR	不评分	G54-R001;G54-R002;G54-R003;G54-R004;G54-R005;G54-R006;G54-R008	THF 立体、区室及完整本株 GPR 未决；不评分
																逐基因审查	G54-0908	G54		R01221 / RHEA:27758；与旧模型 GHMT3 核心物质集合相同	AFE_0982	RU820_RS04710		当前 RefSeq GFF/CDS；UniProt/InterPro/Pfam；KEGG/Rhea/BioCyc/BRENDA/TCDB 适用性；Europe PMC；2016 原模型	GcvT/H/PA/PB 为系统成员；旧 GHMT3 关联 GlyA，EC 2.1.2.1 与 Rhea 1.4.1.27 不符；GcvL 身份未决。 数据库覆盖：UniProt RefSeq_Protein→UniProtKB batch mapping and mapped entries queried 2026-09-25T15:58:12+08:00; 1 mapped KB entries retained for this row. Other reaction databases remain as stated.	核查 GHMT3 原 GPR 和 EC；暂不新增同化学反应，不写未证实的 GcvL/AND GPR	不评分	G54-R001;G54-R002;G54-R003;G54-R004;G54-R005;G54-R006;G54-R008	THF 立体、区室及完整本株 GPR 未决；不评分
																逐基因审查	G54-0909	G54			AFE_0983	RU820_RS04715		当前 RefSeq GFF/CDS；UniProt/InterPro/Pfam；KEGG/Rhea/BioCyc/BRENDA/TCDB 适用性；Europe PMC；2016 原模型	当前注释：ABC transporter ATP-binding protein；WP=WP_012536481.1；AFE映射=完全匹配；2016直接GPR=无直接 GPR：已对原表 Table 1 全部 615 个 Reaction 行的 GRA/GPRA/PRA 列检索，未命中该已确认 AFE；论文=仅有通用 gene/product 名称摘要命中；筛后未识别到精确本株来源，异株/同名命中不计作本株验证。。 数据库覆盖：UniProt RefSeq_Protein→UniProtKB batch mapping and mapped entries queried 2026-09-25T15:58:12+08:00; 2 mapped KB entries retained for this row. Other reaction databases remain as stated.	保留逐基因记录；当前未证实可加入或修改的精确反应/GPR	不评分	G54-R001;G54-R002;G54-R003;G54-R004;G54-R005	无可归属的精确小分子反应；不评分
																逐基因审查	G54-0910	G54			AFE_0984	RU820_RS04720		当前 RefSeq GFF/CDS；UniProt/InterPro/Pfam；KEGG/Rhea/BioCyc/BRENDA/TCDB 适用性；Europe PMC；2016 原模型	当前注释：ferredoxin FdxA；WP=WP_012536482.1；AFE映射=完全匹配；2016直接GPR=无直接 GPR：已对原表 Table 1 全部 615 个 Reaction 行的 GRA/GPRA/PRA 列检索，未命中该已确认 AFE；论文=仅有通用 gene/product 名称摘要命中；筛后未识别到精确本株来源，异株/同名命中不计作本株验证。。 数据库覆盖：KEGG K05524 ferredoxin; electron-carrier annotation only, no unique physiological redox partner/substrate from this record.	保留当前候选酶或辅因子功能；底物/产物或催化身份未充分确认，不新增精确反应	不评分	G54-R001;G54-R002;G54-R003;G54-R004;G54-R005	无可归属的精确小分子反应；不评分
																逐基因审查	G54-0911	G54			AFE_0985	RU820_RS04725		当前 RefSeq GFF/CDS；UniProt/InterPro/Pfam；KEGG/Rhea/BioCyc/BRENDA/TCDB 适用性；Europe PMC；2016 原模型	当前注释：peroxiredoxin；WP=WP_012536483.1；AFE映射=完全匹配；2016直接GPR=无直接 GPR：已对原表 Table 1 全部 615 个 Reaction 行的 GRA/GPRA/PRA 列检索，未命中该已确认 AFE；论文=仅有通用 gene/product 名称摘要命中；筛后未识别到精确本株来源，异株/同名命中不计作本株验证。。 数据库覆盖：KEGG K03386 and EC 1.11.1.24 family annotation; RHEA:62620 original page directly checked and describes generic hydroperoxide + thioredoxin-dithiol chemistry. Specific peroxide substrate remains unconfirmed.	保留当前候选酶或辅因子功能；底物/产物或催化身份未充分确认，不新增精确反应	不评分	G54-R001;G54-R002;G54-R003;G54-R004;G54-R005	无可归属的精确小分子反应；不评分
																逐基因审查	G54-0912	G54			AFE_0986	RU820_RS04730		当前 RefSeq GFF/CDS；UniProt/InterPro/Pfam；KEGG/Rhea/BioCyc/BRENDA/TCDB 适用性；Europe PMC；2016 原模型	当前注释：hypothetical protein；WP=WP_012536484.1；AFE映射=完全匹配；2016直接GPR=无直接 GPR：已对原表 Table 1 全部 615 个 Reaction 行的 GRA/GPRA/PRA 列检索，未命中该已确认 AFE；论文=检索式已执行；Europe PMC 返回未见摘要精确别名命中；不等于无原始论文。。 数据库覆盖：UniProt RefSeq_Protein→UniProtKB batch mapping and mapped entries queried 2026-09-25T15:58:12+08:00; 1 mapped KB entries retained for this row. Other reaction databases remain as stated.	保留逐基因记录；当前未证实可加入或修改的精确反应/GPR	不评分	G54-R001;G54-R002;G54-R003;G54-R004;G54-R005	无可归属的精确小分子反应；不评分
																逐基因审查	G54-0913	G54		R00188;R11188;RHEA:10040;RHEA:43532	AFE_0987	RU820_RS04735		当前 RefSeq GFF/CDS；UniProt/InterPro/Pfam；KEGG/Rhea/BioCyc/BRENDA/TCDB 适用性；Europe PMC；2016 原模型	当前注释：PHP domain-containing protein；WP=WP_009564598.1；AFE映射=完全匹配；2016直接GPR=无直接 GPR：已对原表 Table 1 全部 615 个 Reaction 行的 GRA/GPRA/PRA 列检索，未命中该已确认 AFE；论文=检索式已执行；Europe PMC 返回未见摘要精确别名命中；不等于无原始论文。。 反应原始记录裁决：R00188/R11188 是核苷酸二磷酸水解反应；PHP domain/K07053 EC映射并不能证明该蛋白的真实底物。须有底物/酶学或高置信功能指派后纳入。 数据库覆盖：UniProt RefSeq_Protein→UniProtKB batch mapping and mapped entries queried 2026-09-25T15:58:12+08:00; 2 mapped KB entries retained for this row. Other reaction databases remain as stated.	保留 R00188/R11188 功能冲突；PHP 域不足以替换 BPNT 原 GPR	不评分	G54-R001;G54-R002;G54-R003;G54-R004;G54-R005;G54-R006	无可归属的精确小分子反应；不评分
																逐基因审查	G54-0914	G54			AFE_0988	RU820_RS04740		当前 RefSeq GFF/CDS；UniProt/InterPro/Pfam；KEGG/Rhea/BioCyc/BRENDA/TCDB 适用性；Europe PMC；2016 原模型	当前注释：AI-2E family transporter；WP=WP_012536485.1；AFE映射=完全匹配；2016直接GPR=无直接 GPR：已对原表 Table 1 全部 615 个 Reaction 行的 GRA/GPRA/PRA 列检索，未命中该已确认 AFE；论文=仅有通用 gene/product 名称摘要命中；筛后未识别到精确本株来源，异株/同名命中不计作本株验证。。 数据库覆盖：UniProt RefSeq_Protein→UniProtKB batch mapping and mapped entries queried 2026-09-25T15:58:12+08:00; 2 mapped KB entries retained for this row. Other reaction databases remain as stated.	保留逐基因记录；当前未证实可加入或修改的精确反应/GPR	不评分	G54-R001;G54-R002;G54-R003;G54-R004;G54-R005	无可归属的精确小分子反应；不评分
																逐基因审查	G54-0915	G54			未确认	RU820_RS04745		当前 RefSeq GFF/CDS；UniProt/InterPro/Pfam；KEGG/Rhea/BioCyc/BRENDA/TCDB 适用性；Europe PMC；2016 原模型	当前注释：hypothetical protein；WP=WP_012536486.1；AFE映射=未映射；2016直接GPR=未确认唯一 B1 AFE，不能作逐AFE直接命中判定；已全行检查候选AFE字符串；论文=检索式已执行；Europe PMC 返回未见摘要精确别名命中；不等于无原始论文。。 数据库覆盖：UniProt mapping returned UniParc sequence match(es) 2026-09-25T15:58:12+08:00; no UniProtKB feature record. Other reaction databases remain as stated.	保留逐基因记录；当前未证实可加入或修改的精确反应/GPR	不评分	G54-R001;G54-R002;G54-R003;G54-R004;G54-R005	无可归属的精确小分子反应；不评分
																逐基因审查	G54-0916	G54			AFE_0990	RU820_RS04750		当前 RefSeq GFF/CDS；UniProt/InterPro/Pfam；KEGG/Rhea/BioCyc/BRENDA/TCDB 适用性；Europe PMC；2016 原模型	当前注释：hypothetical protein；WP=WP_012536487.1；AFE映射=完全匹配；2016直接GPR=无直接 GPR：已对原表 Table 1 全部 615 个 Reaction 行的 GRA/GPRA/PRA 列检索，未命中该已确认 AFE；论文=检索式已执行；Europe PMC 返回未见摘要精确别名命中；不等于无原始论文。。 数据库覆盖：UniProt RefSeq_Protein→UniProtKB batch mapping and mapped entries queried 2026-09-25T15:58:12+08:00; 1 mapped KB entries retained for this row. Other reaction databases remain as stated.	保留逐基因记录；当前未证实可加入或修改的精确反应/GPR	不评分	G54-R001;G54-R002;G54-R003;G54-R004;G54-R005	无可归属的精确小分子反应；不评分
																逐基因审查	G54-0917	G54		RXN-11588;RHEA:24140	AFE_0991	RU820_RS04755		当前 RefSeq GFF/CDS；UniProt/InterPro/Pfam；KEGG/Rhea/BioCyc/BRENDA/TCDB 适用性；Europe PMC；2016 原模型	当前注释：23S rRNA (guanosine(2251)-2'-O)-methyltransferase RlmB；WP=WP_012536488.1；AFE映射=完全匹配；2016直接GPR=无直接 GPR：已对原表 Table 1 全部 615 个 Reaction 行的 GRA/GPRA/PRA 列检索，未命中该已确认 AFE；论文=仅有通用 gene/product 名称摘要命中；筛后未识别到精确本株来源，异株/同名命中不计作本株验证。。 反应原始记录裁决：RlmB 催化23S rRNA甲基化，属于RNA成熟/核糖体生物发生。BioCyc/Rhea 的反应交叉引用可是真实化学，但模型通常不纳入核酸大分子底物反应。 数据库覆盖：UniProt RefSeq_Protein→UniProtKB batch mapping and mapped entries queried 2026-09-25T15:58:12+08:00; 2 mapped KB entries retained for this row. Other reaction databases remain as stated.	保留候选并按原始反应记录裁决；未达到正式改模条件	不评分	G54-R001;G54-R002;G54-R003;G54-R004;G54-R005;G54-R006	无可归属的精确小分子反应；不评分
																逐基因审查	G54-0918	G54			AFE_0992	RU820_RS04760		当前 RefSeq GFF/CDS；UniProt/InterPro/Pfam；KEGG/Rhea/BioCyc/BRENDA/TCDB 适用性；Europe PMC；2016 原模型	当前注释：TatD family hydrolase；WP=WP_009561865.1；AFE映射=完全匹配；2016直接GPR=无直接 GPR：已对原表 Table 1 全部 615 个 Reaction 行的 GRA/GPRA/PRA 列检索，未命中该已确认 AFE；论文=检索式已执行；Europe PMC 返回未见摘要精确别名命中；不等于无原始论文。。 数据库覆盖：UniProt RefSeq_Protein→UniProtKB batch mapping and mapped entries queried 2026-09-25T15:58:12+08:00; 2 mapped KB entries retained for this row. Other reaction databases remain as stated.	保留逐基因记录；当前未证实可加入或修改的精确反应/GPR	不评分	G54-R001;G54-R002;G54-R003;G54-R004;G54-R005	无可归属的精确小分子反应；不评分
																逐基因审查	G54-0919	G54		R10205	AFE_0993	RU820_RS04765		当前 RefSeq GFF/CDS；UniProt/InterPro/Pfam；KEGG/Rhea/BioCyc/BRENDA/TCDB 适用性；Europe PMC；2016 原模型	当前注释：MBL fold metallo-hydrolase；WP=WP_012536489.1；AFE映射=完全匹配；2016直接GPR=无直接 GPR：已对原表 Table 1 全部 615 个 Reaction 行的 GRA/GPRA/PRA 列检索，未命中该已确认 AFE；论文=仅有通用 gene/product 名称摘要命中；筛后未识别到精确本株来源，异株/同名命中不计作本株验证。。 反应原始记录裁决：KEGG R10205 为核糖-1,5-二磷酸形成；MBL家族标签不足以认定该底物。KEGG KO/EC反应链接属于功能指派线索，不能等同本蛋白已证实。 数据库覆盖：UniProt RefSeq_Protein→UniProtKB batch mapping and mapped entries queried 2026-09-25T15:58:12+08:00; 2 mapped KB entries retained for this row. Other reaction databases remain as stated.	保留候选并按原始反应记录裁决；未达到正式改模条件	不评分	G54-R001;G54-R002;G54-R003;G54-R004;G54-R005;G54-R006	无可归属的精确小分子反应；不评分
																逐基因审查	G54-0920	G54			AFE_0995	RU820_RS04775		当前 RefSeq GFF/CDS；UniProt/InterPro/Pfam；KEGG/Rhea/BioCyc/BRENDA/TCDB 适用性；Europe PMC；2016 原模型	当前注释：tyrosine-type recombinase/integrase；WP=WP_374058766.1；AFE映射=完全匹配；2016直接GPR=无直接 GPR：已对原表 Table 1 全部 615 个 Reaction 行的 GRA/GPRA/PRA 列检索，未命中该已确认 AFE；论文=仅有通用 gene/product 名称摘要命中；筛后未识别到精确本株来源，异株/同名命中不计作本株验证。。 数据库覆盖：UniProt mapping returned UniParc sequence match(es) 2026-09-25T15:58:12+08:00; no UniProtKB feature record. Other reaction databases remain as stated.	保留逐基因记录；当前未证实可加入或修改的精确反应/GPR	不评分	G54-R001;G54-R002;G54-R003;G54-R004;G54-R005	无可归属的精确小分子反应；不评分
																逐基因审查	G54-0921	G54			AFE_0996	RU820_RS04780		当前 RefSeq GFF/CDS；UniProt/InterPro/Pfam；KEGG/Rhea/BioCyc/BRENDA/TCDB 适用性；Europe PMC；2016 原模型	当前注释：helix-turn-helix domain-containing protein；WP=WP_407918983.1；AFE映射=完全匹配；2016直接GPR=无直接 GPR：已对原表 Table 1 全部 615 个 Reaction 行的 GRA/GPRA/PRA 列检索，未命中该已确认 AFE；论文=仅有通用 gene/product 名称摘要命中；筛后未识别到精确本株来源，异株/同名命中不计作本株验证。。 数据库覆盖：UniProt mapping returned UniParc sequence match(es) 2026-09-25T15:58:12+08:00; no UniProtKB feature record. Other reaction databases remain as stated.	保留逐基因记录；当前未证实可加入或修改的精确反应/GPR	不评分	G54-R001;G54-R002;G54-R003;G54-R004;G54-R005	无可归属的精确小分子反应；不评分
																逐基因审查	G54-0922	G54			AFE_0997	RU820_RS04785		当前 RefSeq GFF/CDS；UniProt/InterPro/Pfam；KEGG/Rhea/BioCyc/BRENDA/TCDB 适用性；Europe PMC；2016 原模型	当前注释：hypothetical protein；WP=WP_012606708.1；AFE映射=完全匹配；2016直接GPR=无直接 GPR：已对原表 Table 1 全部 615 个 Reaction 行的 GRA/GPRA/PRA 列检索，未命中该已确认 AFE；论文=检索式已执行；Europe PMC 返回未见摘要精确别名命中；不等于无原始论文。。 数据库覆盖：UniProt RefSeq_Protein→UniProtKB batch mapping and mapped entries queried 2026-09-25T15:58:12+08:00; 1 mapped KB entries retained for this row. Other reaction databases remain as stated.	保留逐基因记录；当前未证实可加入或修改的精确反应/GPR	不评分	G54-R001;G54-R002;G54-R003;G54-R004;G54-R005	无可归属的精确小分子反应；不评分
																逐基因审查	G54-0923	G54			AFE_0998	RU820_RS04790	10.3390/ijms140816901	当前 RefSeq GFF/CDS；UniProt/InterPro/Pfam；KEGG/Rhea/BioCyc/BRENDA/TCDB 适用性；Europe PMC；2016 原模型	当前注释：XRE family transcriptional regulator；WP=WP_158303815.1；AFE映射=完全匹配；2016直接GPR=无直接 GPR：已对原表 Table 1 全部 615 个 Reaction 行的 GRA/GPRA/PRA 列检索，未命中该已确认 AFE；论文=全文检索命中 AFE_0998；论文针对 ATCC23270 基因组做生物信息预测，报告 putative transcriptional regulator 与预测结合位点；没有该基因的湿实验验证。。 数据库覆盖：UniProt mapping returned UniParc sequence match(es) 2026-09-25T15:58:12+08:00; no UniProtKB feature record. Other reaction databases remain as stated.	保留转录调控候选；同株基因组论文仅作计算预测，无代谢反应	不评分	G54-R001;G54-R002;G54-R003;G54-R004;G54-R005;G54-S009	无可归属的精确小分子反应；不评分
																逐基因审查	G54-0924	G54			AFE_0999	RU820_RS04795		当前 RefSeq GFF/CDS；UniProt/InterPro/Pfam；KEGG/Rhea/BioCyc/BRENDA/TCDB 适用性；Europe PMC；2016 原模型	当前注释：Cro/CI family transcriptional regulator；WP=WP_012606710.1；AFE映射=完全匹配；2016直接GPR=无直接 GPR：已对原表 Table 1 全部 615 个 Reaction 行的 GRA/GPRA/PRA 列检索，未命中该已确认 AFE；论文=检索式已执行；Europe PMC 返回未见摘要精确别名命中；不等于无原始论文。。 数据库覆盖：UniProt RefSeq_Protein→UniProtKB batch mapping and mapped entries queried 2026-09-25T15:58:12+08:00; 1 mapped KB entries retained for this row. Other reaction databases remain as stated.	保留逐基因记录；当前未证实可加入或修改的精确反应/GPR	不评分	G54-R001;G54-R002;G54-R003;G54-R004;G54-R005	无可归属的精确小分子反应；不评分
																逐基因审查	G54-0925	G54			未确认	RU820_RS04800		当前 RefSeq GFF/CDS；UniProt/InterPro/Pfam；KEGG/Rhea/BioCyc/BRENDA/TCDB 适用性；Europe PMC；2016 原模型	当前注释：hypothetical protein；WP=WP_041645360.1；AFE映射=未映射；2016直接GPR=未确认唯一 B1 AFE，不能作逐AFE直接命中判定；已全行检查候选AFE字符串；论文=检索式已执行；Europe PMC 返回未见摘要精确别名命中；不等于无原始论文。。 数据库覆盖：UniProt mapping returned UniParc sequence match(es) 2026-09-25T15:58:12+08:00; no UniProtKB feature record. Other reaction databases remain as stated.	保留逐基因记录；当前未证实可加入或修改的精确反应/GPR	不评分	G54-R001;G54-R002;G54-R003;G54-R004;G54-R005	无可归属的精确小分子反应；不评分
																逐基因审查	G54-0926	G54			AFE_1000	RU820_RS04805		当前 RefSeq GFF/CDS；UniProt/InterPro/Pfam；KEGG/Rhea/BioCyc/BRENDA/TCDB 适用性；Europe PMC；2016 原模型	当前注释：BRO-N domain-containing protein；WP=WP_012606711.1；AFE映射=完全匹配；2016直接GPR=无直接 GPR：已对原表 Table 1 全部 615 个 Reaction 行的 GRA/GPRA/PRA 列检索，未命中该已确认 AFE；论文=检索式已执行；Europe PMC 返回未见摘要精确别名命中；不等于无原始论文。。 数据库覆盖：UniProt RefSeq_Protein→UniProtKB batch mapping and mapped entries queried 2026-09-25T15:58:12+08:00; 1 mapped KB entries retained for this row. Other reaction databases remain as stated.	保留逐基因记录；当前未证实可加入或修改的精确反应/GPR	不评分	G54-R001;G54-R002;G54-R003;G54-R004;G54-R005	无可归属的精确小分子反应；不评分
																逐基因审查	G54-0927	G54			AFE_1001	RU820_RS04810		当前 RefSeq GFF/CDS；UniProt/InterPro/Pfam；KEGG/Rhea/BioCyc/BRENDA/TCDB 适用性；Europe PMC；2016 原模型	当前注释：hypothetical protein；WP=WP_012606712.1；AFE映射=完全匹配；2016直接GPR=无直接 GPR：已对原表 Table 1 全部 615 个 Reaction 行的 GRA/GPRA/PRA 列检索，未命中该已确认 AFE；论文=检索式已执行；Europe PMC 返回未见摘要精确别名命中；不等于无原始论文。。 数据库覆盖：UniProt RefSeq_Protein→UniProtKB batch mapping and mapped entries queried 2026-09-25T15:58:12+08:00; 1 mapped KB entries retained for this row. Other reaction databases remain as stated.	保留逐基因记录；当前未证实可加入或修改的精确反应/GPR	不评分	G54-R001;G54-R002;G54-R003;G54-R004;G54-R005	无可归属的精确小分子反应；不评分
																逐基因审查	G54-0928	G54			AFE_1002	RU820_RS04815		当前 RefSeq GFF/CDS；UniProt/InterPro/Pfam；KEGG/Rhea/BioCyc/BRENDA/TCDB 适用性；Europe PMC；2016 原模型	当前注释：DUF6475 domain-containing protein；WP=WP_049759407.1；AFE映射=完全匹配；2016直接GPR=无直接 GPR：已对原表 Table 1 全部 615 个 Reaction 行的 GRA/GPRA/PRA 列检索，未命中该已确认 AFE；论文=检索式已执行；Europe PMC 返回未见摘要精确别名命中；不等于无原始论文。。 数据库覆盖：UniProt mapping returned UniParc sequence match(es) 2026-09-25T15:58:12+08:00; no UniProtKB feature record. Other reaction databases remain as stated.	保留逐基因记录；当前未证实可加入或修改的精确反应/GPR	不评分	G54-R001;G54-R002;G54-R003;G54-R004;G54-R005	无可归属的精确小分子反应；不评分
																逐基因审查	G54-0929	G54			AFE_1003	RU820_RS04820		当前 RefSeq GFF/CDS；UniProt/InterPro/Pfam；KEGG/Rhea/BioCyc/BRENDA/TCDB 适用性；Europe PMC；2016 原模型	当前注释：hypothetical protein；WP=WP_012606714.1；AFE映射=完全匹配；2016直接GPR=无直接 GPR：已对原表 Table 1 全部 615 个 Reaction 行的 GRA/GPRA/PRA 列检索，未命中该已确认 AFE；论文=检索式已执行；Europe PMC 返回未见摘要精确别名命中；不等于无原始论文。。 数据库覆盖：UniProt RefSeq_Protein→UniProtKB batch mapping and mapped entries queried 2026-09-25T15:58:12+08:00; 1 mapped KB entries retained for this row. Other reaction databases remain as stated.	保留逐基因记录；当前未证实可加入或修改的精确反应/GPR	不评分	G54-R001;G54-R002;G54-R003;G54-R004;G54-R005	无可归属的精确小分子反应；不评分
																逐基因审查	G54-0930	G54			AFE_1004	RU820_RS04825		当前 RefSeq GFF/CDS；UniProt/InterPro/Pfam；KEGG/Rhea/BioCyc/BRENDA/TCDB 适用性；Europe PMC；2016 原模型	当前注释：hypothetical protein；WP=WP_012606715.1；AFE映射=完全匹配；2016直接GPR=无直接 GPR：已对原表 Table 1 全部 615 个 Reaction 行的 GRA/GPRA/PRA 列检索，未命中该已确认 AFE；论文=检索式已执行；Europe PMC 返回未见摘要精确别名命中；不等于无原始论文。。 数据库覆盖：UniProt RefSeq_Protein→UniProtKB batch mapping and mapped entries queried 2026-09-25T15:58:12+08:00; 1 mapped KB entries retained for this row. Other reaction databases remain as stated.	保留逐基因记录；当前未证实可加入或修改的精确反应/GPR	不评分	G54-R001;G54-R002;G54-R003;G54-R004;G54-R005	无可归属的精确小分子反应；不评分
																逐基因审查	G54-0931	G54			AFE_1005	RU820_RS04830		当前 RefSeq GFF/CDS；UniProt/InterPro/Pfam；KEGG/Rhea/BioCyc/BRENDA/TCDB 适用性；Europe PMC；2016 原模型	当前注释：hypothetical protein；WP=WP_148208596.1；AFE映射=完全匹配；2016直接GPR=无直接 GPR：已对原表 Table 1 全部 615 个 Reaction 行的 GRA/GPRA/PRA 列检索，未命中该已确认 AFE；论文=检索式已执行；Europe PMC 返回未见摘要精确别名命中；不等于无原始论文。。 数据库覆盖：UniProt mapping returned UniParc sequence match(es) 2026-09-25T15:58:12+08:00; no UniProtKB feature record. Other reaction databases remain as stated.	保留逐基因记录；当前未证实可加入或修改的精确反应/GPR	不评分	G54-R001;G54-R002;G54-R003;G54-R004;G54-R005	无可归属的精确小分子反应；不评分
																逐基因审查	G54-0932	G54			AFE_1006	RU820_RS04835		当前 RefSeq GFF/CDS；UniProt/InterPro/Pfam；KEGG/Rhea/BioCyc/BRENDA/TCDB 适用性；Europe PMC；2016 原模型	当前注释：hypothetical protein；WP=WP_012606717.1；AFE映射=完全匹配；2016直接GPR=无直接 GPR：已对原表 Table 1 全部 615 个 Reaction 行的 GRA/GPRA/PRA 列检索，未命中该已确认 AFE；论文=检索式已执行；Europe PMC 返回未见摘要精确别名命中；不等于无原始论文。。 数据库覆盖：UniProt RefSeq_Protein→UniProtKB batch mapping and mapped entries queried 2026-09-25T15:58:12+08:00; 1 mapped KB entries retained for this row. Other reaction databases remain as stated.	保留逐基因记录；当前未证实可加入或修改的精确反应/GPR	不评分	G54-R001;G54-R002;G54-R003;G54-R004;G54-R005	无可归属的精确小分子反应；不评分
																逐基因审查	G54-0933	G54			AFE_1007	RU820_RS04840		当前 RefSeq GFF/CDS；UniProt/InterPro/Pfam；KEGG/Rhea/BioCyc/BRENDA/TCDB 适用性；Europe PMC；2016 原模型	当前注释：transglycosylase SLT domain-containing protein；WP=WP_012606718.1；AFE映射=完全匹配；2016直接GPR=无直接 GPR：已对原表 Table 1 全部 615 个 Reaction 行的 GRA/GPRA/PRA 列检索，未命中该已确认 AFE；论文=检索式已执行；Europe PMC 返回未见摘要精确别名命中；不等于无原始论文。。 数据库覆盖：UniProt RefSeq_Protein→UniProtKB batch mapping and mapped entries queried 2026-09-25T15:58:12+08:00; 1 mapped KB entries retained for this row. Other reaction databases remain as stated.	保留逐基因记录；当前未证实可加入或修改的精确反应/GPR	不评分	G54-R001;G54-R002;G54-R003;G54-R004;G54-R005	无可归属的精确小分子反应；不评分
																逐基因审查	G54-0934	G54			AFE_1008	RU820_RS04845		当前 RefSeq GFF/CDS；UniProt/InterPro/Pfam；KEGG/Rhea/BioCyc/BRENDA/TCDB 适用性；Europe PMC；2016 原模型	当前注释：hypothetical protein；WP=WP_041645365.1；AFE映射=完全匹配；2016直接GPR=无直接 GPR：已对原表 Table 1 全部 615 个 Reaction 行的 GRA/GPRA/PRA 列检索，未命中该已确认 AFE；论文=检索式已执行；Europe PMC 返回未见摘要精确别名命中；不等于无原始论文。。 数据库覆盖：UniProt mapping returned UniParc sequence match(es) 2026-09-25T15:58:12+08:00; no UniProtKB feature record. Other reaction databases remain as stated.	保留逐基因记录；当前未证实可加入或修改的精确反应/GPR	不评分	G54-R001;G54-R002;G54-R003;G54-R004;G54-R005	无可归属的精确小分子反应；不评分
																逐基因审查	G54-0935	G54			AFE_1010	RU820_RS04850		当前 RefSeq GFF/CDS；UniProt/InterPro/Pfam；KEGG/Rhea/BioCyc/BRENDA/TCDB 适用性；Europe PMC；2016 原模型	当前注释：hypothetical protein；WP=WP_012606721.1；AFE映射=完全匹配；2016直接GPR=无直接 GPR：已对原表 Table 1 全部 615 个 Reaction 行的 GRA/GPRA/PRA 列检索，未命中该已确认 AFE；论文=检索式已执行；Europe PMC 返回未见摘要精确别名命中；不等于无原始论文。。 数据库覆盖：UniProt RefSeq_Protein→UniProtKB batch mapping and mapped entries queried 2026-09-25T15:58:12+08:00; 1 mapped KB entries retained for this row. Other reaction databases remain as stated.	保留逐基因记录；当前未证实可加入或修改的精确反应/GPR	不评分	G54-R001;G54-R002;G54-R003;G54-R004;G54-R005	无可归属的精确小分子反应；不评分
																逐基因审查	G54-0936	G54			AFE_1012	RU820_RS04855		当前 RefSeq GFF/CDS；UniProt/InterPro/Pfam；KEGG/Rhea/BioCyc/BRENDA/TCDB 适用性；Europe PMC；2016 原模型	当前注释：hypothetical protein；WP=WP_012606723.1；AFE映射=完全匹配；2016直接GPR=无直接 GPR：已对原表 Table 1 全部 615 个 Reaction 行的 GRA/GPRA/PRA 列检索，未命中该已确认 AFE；论文=检索式已执行；Europe PMC 返回未见摘要精确别名命中；不等于无原始论文。。 数据库覆盖：UniProt RefSeq_Protein→UniProtKB batch mapping and mapped entries queried 2026-09-25T15:58:12+08:00; 1 mapped KB entries retained for this row. Other reaction databases remain as stated.	保留逐基因记录；当前未证实可加入或修改的精确反应/GPR	不评分	G54-R001;G54-R002;G54-R003;G54-R004;G54-R005	无可归属的精确小分子反应；不评分
																逐基因审查	G54-0937	G54		5.99.1.2-RXN	AFE_1013	RU820_RS04860		当前 RefSeq GFF/CDS；UniProt/InterPro/Pfam；KEGG/Rhea/BioCyc/BRENDA/TCDB 适用性；Europe PMC；2016 原模型	当前注释：type I DNA topoisomerase；WP=WP_012606724.1；AFE映射=完全匹配；2016直接GPR=无直接 GPR：已对原表 Table 1 全部 615 个 Reaction 行的 GRA/GPRA/PRA 列检索，未命中该已确认 AFE；论文=仅有通用 gene/product 名称摘要命中；筛后未识别到精确本株来源，异株/同名命中不计作本株验证。。 反应原始记录裁决：TopA 是 DNA 拓扑异构酶，改变DNA拓扑并以DNA大分子为底物；BioCyc 5.99.1.2-RXN 为DNA链切接反应，不宜作为小分子代谢反应纳入代谢网络。 数据库覆盖：UniProt RefSeq_Protein→UniProtKB batch mapping and mapped entries queried 2026-09-25T15:58:12+08:00; 1 mapped KB entries retained for this row. Other reaction databases remain as stated.	记录核酸/移动元件加工功能；本轮无适用的小分子代谢模型反应	不评分	G54-R001;G54-R002;G54-R003;G54-R004;G54-R005;G54-R006	无可归属的精确小分子反应；不评分
																逐基因审查	G54-0938	G54			AFE_1014	RU820_RS04865		当前 RefSeq GFF/CDS；UniProt/InterPro/Pfam；KEGG/Rhea/BioCyc/BRENDA/TCDB 适用性；Europe PMC；2016 原模型	当前注释：YkgJ family cysteine cluster protein；WP=WP_041645368.1；AFE映射=完全匹配；2016直接GPR=无直接 GPR：已对原表 Table 1 全部 615 个 Reaction 行的 GRA/GPRA/PRA 列检索，未命中该已确认 AFE；论文=检索式已执行；Europe PMC 返回未见摘要精确别名命中；不等于无原始论文。。 数据库覆盖：UniProt mapping returned UniParc sequence match(es) 2026-09-25T15:58:12+08:00; no UniProtKB feature record. Other reaction databases remain as stated.	保留逐基因记录；当前未证实可加入或修改的精确反应/GPR	不评分	G54-R001;G54-R002;G54-R003;G54-R004;G54-R005	无可归属的精确小分子反应；不评分
																逐基因审查	G54-0939	G54			AFE_1015	RU820_RS04870		当前 RefSeq GFF/CDS；UniProt/InterPro/Pfam；KEGG/Rhea/BioCyc/BRENDA/TCDB 适用性；Europe PMC；2016 原模型	当前注释：hypothetical protein；WP=WP_148208597.1；AFE映射=完全匹配；2016直接GPR=无直接 GPR：已对原表 Table 1 全部 615 个 Reaction 行的 GRA/GPRA/PRA 列检索，未命中该已确认 AFE；论文=检索式已执行；Europe PMC 返回未见摘要精确别名命中；不等于无原始论文。。 数据库覆盖：UniProt mapping returned UniParc sequence match(es) 2026-09-25T15:58:12+08:00; no UniProtKB feature record. Other reaction databases remain as stated.	保留逐基因记录；当前未证实可加入或修改的精确反应/GPR	不评分	G54-R001;G54-R002;G54-R003;G54-R004;G54-R005	无可归属的精确小分子反应；不评分
																逐基因审查	G54-0940	G54			AFE_1016	RU820_RS04875		当前 RefSeq GFF/CDS；UniProt/InterPro/Pfam；KEGG/Rhea/BioCyc/BRENDA/TCDB 适用性；Europe PMC；2016 原模型	当前注释：disulfide bond formation protein B；WP=WP_012606727.1；AFE映射=完全匹配；2016直接GPR=无直接 GPR：已对原表 Table 1 全部 615 个 Reaction 行的 GRA/GPRA/PRA 列检索，未命中该已确认 AFE；论文=仅有通用 gene/product 名称摘要命中；筛后未识别到精确本株来源，异株/同名命中不计作本株验证。。 数据库覆盖：KEGG gene page is putative lipoprotein with no KO/EC/reaction. DsbB annotation suggests membrane disulfide relay, but no substrate/oxidant pair verified for this protein.	保留当前候选酶或辅因子功能；底物/产物或催化身份未充分确认，不新增精确反应	不评分	G54-R001;G54-R002;G54-R003;G54-R004;G54-R005	无可归属的精确小分子反应；不评分
																逐基因审查	G54-0941	G54			AFE_1017	RU820_RS04880		当前 RefSeq GFF/CDS；UniProt/InterPro/Pfam；KEGG/Rhea/BioCyc/BRENDA/TCDB 适用性；Europe PMC；2016 原模型	当前注释：hypothetical protein；WP=WP_012606728.1；AFE映射=完全匹配；2016直接GPR=无直接 GPR：已对原表 Table 1 全部 615 个 Reaction 行的 GRA/GPRA/PRA 列检索，未命中该已确认 AFE；论文=检索式已执行；Europe PMC 返回未见摘要精确别名命中；不等于无原始论文。。 数据库覆盖：UniProt RefSeq_Protein→UniProtKB batch mapping and mapped entries queried 2026-09-25T15:58:12+08:00; 1 mapped KB entries retained for this row. Other reaction databases remain as stated.	保留逐基因记录；当前未证实可加入或修改的精确反应/GPR	不评分	G54-R001;G54-R002;G54-R003;G54-R004;G54-R005	无可归属的精确小分子反应；不评分
																逐基因审查	G54-0942	G54			AFE_1018	RU820_RS04885		当前 RefSeq GFF/CDS；UniProt/InterPro/Pfam；KEGG/Rhea/BioCyc/BRENDA/TCDB 适用性；Europe PMC；2016 原模型	当前注释：thioredoxin fold domain-containing protein；WP=WP_012606729.1；AFE映射=完全匹配；2016直接GPR=无直接 GPR：已对原表 Table 1 全部 615 个 Reaction 行的 GRA/GPRA/PRA 列检索，未命中该已确认 AFE；论文=检索式已执行；Europe PMC 返回未见摘要精确别名命中；不等于无原始论文。。 数据库覆盖：UniProt RefSeq_Protein→UniProtKB batch mapping and mapped entries queried 2026-09-25T15:58:12+08:00; 1 mapped KB entries retained for this row. Other reaction databases remain as stated.	保留逐基因记录；当前未证实可加入或修改的精确反应/GPR	不评分	G54-R001;G54-R002;G54-R003;G54-R004;G54-R005	无可归属的精确小分子反应；不评分
																逐基因审查	G54-0943	G54			未确认	RU820_RS04890		当前 RefSeq GFF/CDS；UniProt/InterPro/Pfam；KEGG/Rhea/BioCyc/BRENDA/TCDB 适用性；Europe PMC；2016 原模型	当前注释：hypothetical protein；WP=WP_041645372.1；AFE映射=未映射；2016直接GPR=未确认唯一 B1 AFE，不能作逐AFE直接命中判定；已全行检查候选AFE字符串；论文=检索式已执行；Europe PMC 返回未见摘要精确别名命中；不等于无原始论文。。 数据库覆盖：UniProt mapping returned UniParc sequence match(es) 2026-09-25T15:58:12+08:00; no UniProtKB feature record. Other reaction databases remain as stated.	保留逐基因记录；当前未证实可加入或修改的精确反应/GPR	不评分	G54-R001;G54-R002;G54-R003;G54-R004;G54-R005	无可归属的精确小分子反应；不评分
																逐基因审查	G54-0944	G54			AFE_1020	RU820_RS04895		当前 RefSeq GFF/CDS；UniProt/InterPro/Pfam；KEGG/Rhea/BioCyc/BRENDA/TCDB 适用性；Europe PMC；2016 原模型	当前注释：hypothetical protein；WP=WP_012606731.1；AFE映射=完全匹配；2016直接GPR=无直接 GPR：已对原表 Table 1 全部 615 个 Reaction 行的 GRA/GPRA/PRA 列检索，未命中该已确认 AFE；论文=检索式已执行；Europe PMC 返回未见摘要精确别名命中；不等于无原始论文。。 数据库覆盖：UniProt RefSeq_Protein→UniProtKB batch mapping and mapped entries queried 2026-09-25T15:58:12+08:00; 1 mapped KB entries retained for this row. Other reaction databases remain as stated.	保留逐基因记录；当前未证实可加入或修改的精确反应/GPR	不评分	G54-R001;G54-R002;G54-R003;G54-R004;G54-R005	无可归属的精确小分子反应；不评分
																逐基因审查	G54-0945	G54			AFE_1021	RU820_RS04900		当前 RefSeq GFF/CDS；UniProt/InterPro/Pfam；KEGG/Rhea/BioCyc/BRENDA/TCDB 适用性；Europe PMC；2016 原模型	当前注释：hypothetical protein；WP=WP_012606732.1；AFE映射=完全匹配；2016直接GPR=无直接 GPR：已对原表 Table 1 全部 615 个 Reaction 行的 GRA/GPRA/PRA 列检索，未命中该已确认 AFE；论文=检索式已执行；Europe PMC 返回未见摘要精确别名命中；不等于无原始论文。。 数据库覆盖：UniProt RefSeq_Protein→UniProtKB batch mapping and mapped entries queried 2026-09-25T15:58:12+08:00; 1 mapped KB entries retained for this row. Other reaction databases remain as stated.	保留逐基因记录；当前未证实可加入或修改的精确反应/GPR	不评分	G54-R001;G54-R002;G54-R003;G54-R004;G54-R005	无可归属的精确小分子反应；不评分
																逐基因审查	G54-0946	G54			AFE_1022	RU820_RS04905		当前 RefSeq GFF/CDS；UniProt/InterPro/Pfam；KEGG/Rhea/BioCyc/BRENDA/TCDB 适用性；Europe PMC；2016 原模型	当前注释：patatin-like phospholipase family protein；WP=WP_049759412.1；AFE映射=完全匹配；2016直接GPR=无直接 GPR：已对原表 Table 1 全部 615 个 Reaction 行的 GRA/GPRA/PRA 列检索，未命中该已确认 AFE；论文=检索式已执行；Europe PMC 返回未见摘要精确别名命中；不等于无原始论文。。 数据库覆盖：KEGG K07001 NTE-family/patatin-like phospholipase; no EC or reaction. Phospholipid substrate and cleavage position unresolved.	保留当前候选酶或辅因子功能；底物/产物或催化身份未充分确认，不新增精确反应	不评分	G54-R001;G54-R002;G54-R003;G54-R004;G54-R005	无可归属的精确小分子反应；不评分
																逐基因审查	G54-0947	G54			AFE_1023	RU820_RS04910		当前 RefSeq GFF/CDS；UniProt/InterPro/Pfam；KEGG/Rhea/BioCyc/BRENDA/TCDB 适用性；Europe PMC；2016 原模型	当前注释：RNA-guided endonuclease IscB；WP=WP_012606734.1；AFE映射=完全匹配；2016直接GPR=无直接 GPR：已对原表 Table 1 全部 615 个 Reaction 行的 GRA/GPRA/PRA 列检索，未命中该已确认 AFE；论文=仅有通用 gene/product 名称摘要命中；筛后未识别到精确本株来源，异株/同名命中不计作本株验证。。 数据库覆盖：UniProt RefSeq_Protein→UniProtKB batch mapping and mapped entries queried 2026-09-25T15:58:12+08:00; 1 mapped KB entries retained for this row. Other reaction databases remain as stated.	保留逐基因记录；当前未证实可加入或修改的精确反应/GPR	不评分	G54-R001;G54-R002;G54-R003;G54-R004;G54-R005	无可归属的精确小分子反应；不评分
																逐基因审查	G54-0948	G54			AFE_1024	RU820_RS04915		当前 RefSeq GFF/CDS；UniProt/InterPro/Pfam；KEGG/Rhea/BioCyc/BRENDA/TCDB 适用性；Europe PMC；2016 原模型	当前注释：metalloprotease；WP=WP_012606735.1；AFE映射=完全匹配；2016直接GPR=无直接 GPR：已对原表 Table 1 全部 615 个 Reaction 行的 GRA/GPRA/PRA 列检索，未命中该已确认 AFE；论文=仅有通用 gene/product 名称摘要命中；筛后未识别到精确本株来源，异株/同名命中不计作本株验证。。 数据库覆盖：UniProt RefSeq_Protein→UniProtKB batch mapping and mapped entries queried 2026-09-25T15:58:12+08:00; 1 mapped KB entries retained for this row. Other reaction databases remain as stated.	保留逐基因记录；当前未证实可加入或修改的精确反应/GPR	不评分	G54-R001;G54-R002;G54-R003;G54-R004;G54-R005	无可归属的精确小分子反应；不评分
																逐基因审查	G54-0949	G54			未确认	RU820_RS04920		当前 RefSeq GFF/CDS；UniProt/InterPro/Pfam；KEGG/Rhea/BioCyc/BRENDA/TCDB 适用性；Europe PMC；2016 原模型	当前注释：hypothetical protein；WP=WP_041645376.1；AFE映射=未映射；2016直接GPR=未确认唯一 B1 AFE，不能作逐AFE直接命中判定；已全行检查候选AFE字符串；论文=检索式已执行；Europe PMC 返回未见摘要精确别名命中；不等于无原始论文。。 数据库覆盖：UniProt mapping returned UniParc sequence match(es) 2026-09-25T15:58:12+08:00; no UniProtKB feature record. Other reaction databases remain as stated.	保留逐基因记录；当前未证实可加入或修改的精确反应/GPR	不评分	G54-R001;G54-R002;G54-R003;G54-R004;G54-R005	无可归属的精确小分子反应；不评分
																逐基因审查	G54-0950	G54			未确认	RU820_RS04925		当前 RefSeq GFF/CDS；UniProt/InterPro/Pfam；KEGG/Rhea/BioCyc/BRENDA/TCDB 适用性；Europe PMC；2016 原模型	当前注释：hypothetical protein；WP=WP_148208598.1；AFE映射=未映射；2016直接GPR=未确认唯一 B1 AFE，不能作逐AFE直接命中判定；已全行检查候选AFE字符串；论文=检索式已执行；Europe PMC 返回未见摘要精确别名命中；不等于无原始论文。。 数据库覆盖：UniProt mapping returned UniParc sequence match(es) 2026-09-25T15:58:12+08:00; no UniProtKB feature record. Other reaction databases remain as stated.	保留逐基因记录；当前未证实可加入或修改的精确反应/GPR	不评分	G54-R001;G54-R002;G54-R003;G54-R004;G54-R005	无可归属的精确小分子反应；不评分
																逐基因审查	G54-0951	G54			AFE_1028	RU820_RS04930		当前 RefSeq GFF/CDS；UniProt/InterPro/Pfam；KEGG/Rhea/BioCyc/BRENDA/TCDB 适用性；Europe PMC；2016 原模型	当前注释：phospholipase D-like domain-containing protein；WP=WP_012606739.1；AFE映射=完全匹配；2016直接GPR=无直接 GPR：已对原表 Table 1 全部 615 个 Reaction 行的 GRA/GPRA/PRA 列检索，未命中该已确认 AFE；论文=检索式已执行；Europe PMC 返回未见摘要精确别名命中；不等于无原始论文。。 数据库覆盖：Current NCBI product suggests PLD-like domain but KEGG original record is conserved hypothetical with no KO/EC/reaction. No phospholipid substrate/PLD activity confirmed.	保留当前候选酶或辅因子功能；底物/产物或催化身份未充分确认，不新增精确反应	不评分	G54-R001;G54-R002;G54-R003;G54-R004;G54-R005	无可归属的精确小分子反应；不评分
																逐基因审查	G54-0952	G54			AFE_1029	RU820_RS04935		当前 RefSeq GFF/CDS；UniProt/InterPro/Pfam；KEGG/Rhea/BioCyc/BRENDA/TCDB 适用性；Europe PMC；2016 原模型	当前注释：SIMPL domain-containing protein；WP=WP_012606740.1；AFE映射=完全匹配；2016直接GPR=无直接 GPR：已对原表 Table 1 全部 615 个 Reaction 行的 GRA/GPRA/PRA 列检索，未命中该已确认 AFE；论文=仅有通用 gene/product 名称摘要命中；筛后未识别到精确本株来源，异株/同名命中不计作本株验证。。 数据库覆盖：UniProt RefSeq_Protein→UniProtKB batch mapping and mapped entries queried 2026-09-25T15:58:12+08:00; 1 mapped KB entries retained for this row. Other reaction databases remain as stated.	保留逐基因记录；当前未证实可加入或修改的精确反应/GPR	不评分	G54-R001;G54-R002;G54-R003;G54-R004;G54-R005	无可归属的精确小分子反应；不评分
																逐基因审查	G54-0953	G54			AFE_1030	RU820_RS04940		当前 RefSeq GFF/CDS；UniProt/InterPro/Pfam；KEGG/Rhea/BioCyc/BRENDA/TCDB 适用性；Europe PMC；2016 原模型	当前注释：hypothetical protein；WP=WP_012606741.1；AFE映射=完全匹配；2016直接GPR=无直接 GPR：已对原表 Table 1 全部 615 个 Reaction 行的 GRA/GPRA/PRA 列检索，未命中该已确认 AFE；论文=检索式已执行；Europe PMC 返回未见摘要精确别名命中；不等于无原始论文。。 数据库覆盖：UniProt RefSeq_Protein→UniProtKB batch mapping and mapped entries queried 2026-09-25T15:58:12+08:00; 1 mapped KB entries retained for this row. Other reaction databases remain as stated.	保留逐基因记录；当前未证实可加入或修改的精确反应/GPR	不评分	G54-R001;G54-R002;G54-R003;G54-R004;G54-R005	无可归属的精确小分子反应；不评分
																逐基因审查	G54-0954	G54			AFE_1031	RU820_RS04945		当前 RefSeq GFF/CDS；UniProt/InterPro/Pfam；KEGG/Rhea/BioCyc/BRENDA/TCDB 适用性；Europe PMC；2016 原模型	当前注释：plasmid mobilization protein；WP=WP_012606742.1；AFE映射=完全匹配；2016直接GPR=无直接 GPR：已对原表 Table 1 全部 615 个 Reaction 行的 GRA/GPRA/PRA 列检索，未命中该已确认 AFE；论文=检索式已执行；Europe PMC 返回未见摘要精确别名命中；不等于无原始论文。。 数据库覆盖：UniProt RefSeq_Protein→UniProtKB batch mapping and mapped entries queried 2026-09-25T15:58:12+08:00; 1 mapped KB entries retained for this row. Other reaction databases remain as stated.	保留逐基因记录；当前未证实可加入或修改的精确反应/GPR	不评分	G54-R001;G54-R002;G54-R003;G54-R004;G54-R005	无可归属的精确小分子反应；不评分
																逐基因审查	G54-0955	G54			AFE_1032	RU820_RS04950		当前 RefSeq GFF/CDS；UniProt/InterPro/Pfam；KEGG/Rhea/BioCyc/BRENDA/TCDB 适用性；Europe PMC；2016 原模型	当前注释：hypothetical protein；WP=WP_148208600.1；AFE映射=完全匹配；2016直接GPR=无直接 GPR：已对原表 Table 1 全部 615 个 Reaction 行的 GRA/GPRA/PRA 列检索，未命中该已确认 AFE；论文=检索式已执行；Europe PMC 返回未见摘要精确别名命中；不等于无原始论文。。 数据库覆盖：UniProt mapping returned UniParc sequence match(es) 2026-09-25T15:58:12+08:00; no UniProtKB feature record. Other reaction databases remain as stated.	保留逐基因记录；当前未证实可加入或修改的精确反应/GPR	不评分	G54-R001;G54-R002;G54-R003;G54-R004;G54-R005	无可归属的精确小分子反应；不评分
																逐基因审查	G54-0956	G54			AFE_1033	RU820_RS04955		当前 RefSeq GFF/CDS；UniProt/InterPro/Pfam；KEGG/Rhea/BioCyc/BRENDA/TCDB 适用性；Europe PMC；2016 原模型	当前注释：IS607-like element ISAfe10 family transposase；WP=WP_012606744.1；AFE映射=完全匹配；2016直接GPR=无直接 GPR：已对原表 Table 1 全部 615 个 Reaction 行的 GRA/GPRA/PRA 列检索，未命中该已确认 AFE；论文=检索式已执行；Europe PMC 返回未见摘要精确别名命中；不等于无原始论文。。 数据库覆盖：UniProt RefSeq_Protein→UniProtKB batch mapping and mapped entries queried 2026-09-25T15:58:12+08:00; 1 mapped KB entries retained for this row. Other reaction databases remain as stated.	保留逐基因记录；当前未证实可加入或修改的精确反应/GPR	不评分	G54-R001;G54-R002;G54-R003;G54-R004;G54-R005	无可归属的精确小分子反应；不评分
																逐基因审查	G54-0957	G54		RXN0-5131	AFE_1034	RU820_RS04960		当前 RefSeq GFF/CDS；UniProt/InterPro/Pfam；KEGG/Rhea/BioCyc/BRENDA/TCDB 适用性；Europe PMC；2016 原模型	当前注释：zinc ribbon domain-containing protein；WP=WP_012606745.1；AFE映射=完全匹配；2016直接GPR=无直接 GPR：已对原表 Table 1 全部 615 个 Reaction 行的 GRA/GPRA/PRA 列检索，未命中该已确认 AFE；论文=仅有通用 gene/product 名称摘要命中；筛后未识别到精确本株来源，异株/同名命中不计作本株验证。。 反应原始记录裁决：zinc ribbon 蛋白与 TnpB/IS-associated 的 BioCyc RXN0-5131 链接缺乏化学/功能合理性；KEGG K07496 也不应由这个通用结构域直接赋予。 数据库覆盖：UniProt RefSeq_Protein→UniProtKB batch mapping and mapped entries queried 2026-09-25T15:58:12+08:00; 1 mapped KB entries retained for this row. Other reaction databases remain as stated.	记录核酸/移动元件加工功能；本轮无适用的小分子代谢模型反应	不评分	G54-R001;G54-R002;G54-R003;G54-R004;G54-R005;G54-R006	无可归属的精确小分子反应；不评分
																逐基因审查	G54-0958	G54			AFE_1035	RU820_RS04965		当前 RefSeq GFF/CDS；UniProt/InterPro/Pfam；KEGG/Rhea/BioCyc/BRENDA/TCDB 适用性；Europe PMC；2016 原模型	当前注释：SET domain-containing protein-lysine N-methyltransferase；WP=WP_158303816.1；AFE映射=完全匹配；2016直接GPR=无直接 GPR：已对原表 Table 1 全部 615 个 Reaction 行的 GRA/GPRA/PRA 列检索，未命中该已确认 AFE；论文=检索式已执行；Europe PMC 返回未见摘要精确别名命中；不等于无原始论文。。 数据库覆盖：UniProt mapping returned UniParc sequence match(es) 2026-09-25T15:58:12+08:00; no UniProtKB feature record. Other reaction databases remain as stated.	保留逐基因记录；当前未证实可加入或修改的精确反应/GPR	不评分	G54-R001;G54-R002;G54-R003;G54-R004;G54-R005	无可归属的精确小分子反应；不评分
																逐基因审查	G54-0959	G54			AFE_1037	RU820_RS04970		当前 RefSeq GFF/CDS；UniProt/InterPro/Pfam；KEGG/Rhea/BioCyc/BRENDA/TCDB 适用性；Europe PMC；2016 原模型	当前注释：type IV CRISPR-associated DEAD/DEAH-box helicase Csf4；WP=WP_041645389.1；AFE映射=完全匹配；2016直接GPR=无直接 GPR：已对原表 Table 1 全部 615 个 Reaction 行的 GRA/GPRA/PRA 列检索，未命中该已确认 AFE；论文=仅有通用 gene/product 名称摘要命中；筛后未识别到精确本株来源，异株/同名命中不计作本株验证。。 数据库覆盖：UniProt mapping returned UniParc sequence match(es) 2026-09-25T15:58:12+08:00; no UniProtKB feature record. Other reaction databases remain as stated.	保留逐基因记录；当前未证实可加入或修改的精确反应/GPR	不评分	G54-R001;G54-R002;G54-R003;G54-R004;G54-R005	无可归属的精确小分子反应；不评分
																逐基因审查	G54-0960	G54			AFE_1038	RU820_RS04975		当前 RefSeq GFF/CDS；UniProt/InterPro/Pfam；KEGG/Rhea/BioCyc/BRENDA/TCDB 适用性；Europe PMC；2016 原模型	当前注释：type IV CRISPR-associated protein Csf1；WP=WP_012606749.1；AFE映射=完全匹配；2016直接GPR=无直接 GPR：已对原表 Table 1 全部 615 个 Reaction 行的 GRA/GPRA/PRA 列检索，未命中该已确认 AFE；论文=仅有通用 gene/product 名称摘要命中；筛后未识别到精确本株来源，异株/同名命中不计作本株验证。。 数据库覆盖：UniProt RefSeq_Protein→UniProtKB batch mapping and mapped entries queried 2026-09-25T15:58:12+08:00; 1 mapped KB entries retained for this row. Other reaction databases remain as stated.	保留逐基因记录；当前未证实可加入或修改的精确反应/GPR	不评分	G54-R001;G54-R002;G54-R003;G54-R004;G54-R005	无可归属的精确小分子反应；不评分
																逐基因审查	G54-0961	G54			AFE_1039	RU820_RS04980		当前 RefSeq GFF/CDS；UniProt/InterPro/Pfam；KEGG/Rhea/BioCyc/BRENDA/TCDB 适用性；Europe PMC；2016 原模型	当前注释：type IV CRISPR-associated protein Csf2；WP=WP_012606750.1；AFE映射=完全匹配；2016直接GPR=无直接 GPR：已对原表 Table 1 全部 615 个 Reaction 行的 GRA/GPRA/PRA 列检索，未命中该已确认 AFE；论文=仅有通用 gene/product 名称摘要命中；筛后未识别到精确本株来源，异株/同名命中不计作本株验证。。 数据库覆盖：UniProt RefSeq_Protein→UniProtKB batch mapping and mapped entries queried 2026-09-25T15:58:12+08:00; 1 mapped KB entries retained for this row. Other reaction databases remain as stated.	保留逐基因记录；当前未证实可加入或修改的精确反应/GPR	不评分	G54-R001;G54-R002;G54-R003;G54-R004;G54-R005	无可归属的精确小分子反应；不评分
																逐基因审查	G54-0962	G54			AFE_1040	RU820_RS04985		当前 RefSeq GFF/CDS；UniProt/InterPro/Pfam；KEGG/Rhea/BioCyc/BRENDA/TCDB 适用性；Europe PMC；2016 原模型	当前注释：type IV CRISPR-associated protein Csf3；WP=WP_012606751.1；AFE映射=完全匹配；2016直接GPR=无直接 GPR：已对原表 Table 1 全部 615 个 Reaction 行的 GRA/GPRA/PRA 列检索，未命中该已确认 AFE；论文=仅有通用 gene/product 名称摘要命中；筛后未识别到精确本株来源，异株/同名命中不计作本株验证。。 数据库覆盖：UniProt RefSeq_Protein→UniProtKB batch mapping and mapped entries queried 2026-09-25T15:58:12+08:00; 1 mapped KB entries retained for this row. Other reaction databases remain as stated.	保留逐基因记录；当前未证实可加入或修改的精确反应/GPR	不评分	G54-R001;G54-R002;G54-R003;G54-R004;G54-R005	无可归属的精确小分子反应；不评分
																逐基因审查	G54-0963	G54			AFE_1042	RU820_RS04990		当前 RefSeq GFF/CDS；UniProt/InterPro/Pfam；KEGG/Rhea/BioCyc/BRENDA/TCDB 适用性；Europe PMC；2016 原模型	当前注释：type I-F CRISPR-associated endoribonuclease Cas6/Csy4；WP=WP_041645393.1；AFE映射=完全匹配；2016直接GPR=无直接 GPR：已对原表 Table 1 全部 615 个 Reaction 行的 GRA/GPRA/PRA 列检索，未命中该已确认 AFE；论文=检索式已执行；Europe PMC 返回未见摘要精确别名命中；不等于无原始论文。。 数据库覆盖：UniProt mapping returned UniParc sequence match(es) 2026-09-25T15:58:12+08:00; no UniProtKB feature record. Other reaction databases remain as stated.	保留逐基因记录；当前未证实可加入或修改的精确反应/GPR	不评分	G54-R001;G54-R002;G54-R003;G54-R004;G54-R005	无可归属的精确小分子反应；不评分
																逐基因审查	G54-0964	G54			未确认	RU820_RS04995		当前 RefSeq GFF/CDS；UniProt/InterPro/Pfam；KEGG/Rhea/BioCyc/BRENDA/TCDB 适用性；Europe PMC；2016 原模型	当前注释：hypothetical protein；WP=WP_158303817.1；AFE映射=未映射；2016直接GPR=未确认唯一 B1 AFE，不能作逐AFE直接命中判定；已全行检查候选AFE字符串；论文=检索式已执行；Europe PMC 返回未见摘要精确别名命中；不等于无原始论文。。 数据库覆盖：UniProt mapping returned UniParc sequence match(es) 2026-09-25T15:58:12+08:00; no UniProtKB feature record. Other reaction databases remain as stated.	保留逐基因记录；当前未证实可加入或修改的精确反应/GPR	不评分	G54-R001;G54-R002;G54-R003;G54-R004;G54-R005	无可归属的精确小分子反应；不评分
																逐基因审查	G54-0965	G54			AFE_1045	RU820_RS05000		当前 RefSeq GFF/CDS；UniProt/InterPro/Pfam；KEGG/Rhea/BioCyc/BRENDA/TCDB 适用性；Europe PMC；2016 原模型	当前注释：hypothetical protein；WP=WP_012606755.1；AFE映射=完全匹配；2016直接GPR=无直接 GPR：已对原表 Table 1 全部 615 个 Reaction 行的 GRA/GPRA/PRA 列检索，未命中该已确认 AFE；论文=检索式已执行；Europe PMC 返回未见摘要精确别名命中；不等于无原始论文。。 数据库覆盖：UniProt RefSeq_Protein→UniProtKB batch mapping and mapped entries queried 2026-09-25T15:58:12+08:00; 1 mapped KB entries retained for this row. Other reaction databases remain as stated.	保留逐基因记录；当前未证实可加入或修改的精确反应/GPR	不评分	G54-R001;G54-R002;G54-R003;G54-R004;G54-R005	无可归属的精确小分子反应；不评分
																逐基因审查	G54-0966	G54			未确认	RU820_RS05005		当前 RefSeq GFF/CDS；UniProt/InterPro/Pfam；KEGG/Rhea/BioCyc/BRENDA/TCDB 适用性；Europe PMC；2016 原模型	当前注释：hypothetical protein；WP=WP_148208601.1；AFE映射=未映射；2016直接GPR=未确认唯一 B1 AFE，不能作逐AFE直接命中判定；已全行检查候选AFE字符串；论文=检索式已执行；Europe PMC 返回未见摘要精确别名命中；不等于无原始论文。。 数据库覆盖：UniProt mapping returned UniParc sequence match(es) 2026-09-25T15:58:12+08:00; no UniProtKB feature record. Other reaction databases remain as stated.	保留逐基因记录；当前未证实可加入或修改的精确反应/GPR	不评分	G54-R001;G54-R002;G54-R003;G54-R004;G54-R005	无可归属的精确小分子反应；不评分
																逐基因审查	G54-0967	G54			AFE_1047	RU820_RS05010		当前 RefSeq GFF/CDS；UniProt/InterPro/Pfam；KEGG/Rhea/BioCyc/BRENDA/TCDB 适用性；Europe PMC；2016 原模型	当前注释：ATP-dependent RecD-like DNA helicase；WP=WP_012606757.1；AFE映射=完全匹配；2016直接GPR=无直接 GPR：已对原表 Table 1 全部 615 个 Reaction 行的 GRA/GPRA/PRA 列检索，未命中该已确认 AFE；论文=检索式已执行；Europe PMC 返回未见摘要精确别名命中；不等于无原始论文。。 数据库覆盖：UniProt RefSeq_Protein→UniProtKB batch mapping and mapped entries queried 2026-09-25T15:58:12+08:00; 1 mapped KB entries retained for this row. Other reaction databases remain as stated.	保留逐基因记录；当前未证实可加入或修改的精确反应/GPR	不评分	G54-R001;G54-R002;G54-R003;G54-R004;G54-R005	无可归属的精确小分子反应；不评分
																逐基因审查	G54-0968	G54			AFE_1048	RU820_RS05015		当前 RefSeq GFF/CDS；UniProt/InterPro/Pfam；KEGG/Rhea/BioCyc/BRENDA/TCDB 适用性；Europe PMC；2016 原模型	当前注释：hypothetical protein；WP=WP_012606758.1；AFE映射=完全匹配；2016直接GPR=无直接 GPR：已对原表 Table 1 全部 615 个 Reaction 行的 GRA/GPRA/PRA 列检索，未命中该已确认 AFE；论文=检索式已执行；Europe PMC 返回未见摘要精确别名命中；不等于无原始论文。。 数据库覆盖：UniProt RefSeq_Protein→UniProtKB batch mapping and mapped entries queried 2026-09-25T15:58:12+08:00; 1 mapped KB entries retained for this row. Other reaction databases remain as stated.	保留逐基因记录；当前未证实可加入或修改的精确反应/GPR	不评分	G54-R001;G54-R002;G54-R003;G54-R004;G54-R005	无可归属的精确小分子反应；不评分
																逐基因审查	G54-0969	G54			AFE_1049	RU820_RS05020		当前 RefSeq GFF/CDS；UniProt/InterPro/Pfam；KEGG/Rhea/BioCyc/BRENDA/TCDB 适用性；Europe PMC；2016 原模型	当前注释：hypothetical protein；WP=WP_012606759.1；AFE映射=完全匹配；2016直接GPR=无直接 GPR：已对原表 Table 1 全部 615 个 Reaction 行的 GRA/GPRA/PRA 列检索，未命中该已确认 AFE；论文=检索式已执行；Europe PMC 返回未见摘要精确别名命中；不等于无原始论文。。 数据库覆盖：UniProt RefSeq_Protein→UniProtKB batch mapping and mapped entries queried 2026-09-25T15:58:12+08:00; 1 mapped KB entries retained for this row. Other reaction databases remain as stated.	保留逐基因记录；当前未证实可加入或修改的精确反应/GPR	不评分	G54-R001;G54-R002;G54-R003;G54-R004;G54-R005	无可归属的精确小分子反应；不评分
																逐基因审查	G54-0970	G54			未确认	RU820_RS05025		当前 RefSeq GFF/CDS；UniProt/InterPro/Pfam；KEGG/Rhea/BioCyc/BRENDA/TCDB 适用性；Europe PMC；2016 原模型	当前注释：hypothetical protein；WP=WP_041645405.1；AFE映射=未映射；2016直接GPR=未确认唯一 B1 AFE，不能作逐AFE直接命中判定；已全行检查候选AFE字符串；论文=检索式已执行；Europe PMC 返回未见摘要精确别名命中；不等于无原始论文。。 数据库覆盖：UniProt mapping returned UniParc sequence match(es) 2026-09-25T15:58:12+08:00; no UniProtKB feature record. Other reaction databases remain as stated.	保留逐基因记录；当前未证实可加入或修改的精确反应/GPR	不评分	G54-R001;G54-R002;G54-R003;G54-R004;G54-R005	无可归属的精确小分子反应；不评分
																逐基因审查	G54-0971	G54			AFE_1053	RU820_RS05030		当前 RefSeq GFF/CDS；UniProt/InterPro/Pfam；KEGG/Rhea/BioCyc/BRENDA/TCDB 适用性；Europe PMC；2016 原模型	当前注释：phosphoadenosine phosphosulfate reductase family protein；WP=WP_269077298.1；AFE映射=完全匹配；2016直接GPR=无直接 GPR：已对原表 Table 1 全部 615 个 Reaction 行的 GRA/GPRA/PRA 列检索，未命中该已确认 AFE；论文=检索式已执行；Europe PMC 返回未见摘要精确别名命中；不等于无原始论文。。 数据库覆盖：Current annotation suggests PAPS reductase family but KEGG record is conserved domain protein without KO/EC/reaction. Sulfate substrate/reaction cannot be confirmed.	保留当前候选酶或辅因子功能；底物/产物或催化身份未充分确认，不新增精确反应	不评分	G54-R001;G54-R002;G54-R003;G54-R004;G54-R005	无可归属的精确小分子反应；不评分
																逐基因审查	G54-0972	G54			AFE_1054	RU820_RS05035		当前 RefSeq GFF/CDS；UniProt/InterPro/Pfam；KEGG/Rhea/BioCyc/BRENDA/TCDB 适用性；Europe PMC；2016 原模型	当前注释：hypothetical protein；WP=WP_012606764.1；AFE映射=完全匹配；2016直接GPR=无直接 GPR：已对原表 Table 1 全部 615 个 Reaction 行的 GRA/GPRA/PRA 列检索，未命中该已确认 AFE；论文=检索式已执行；Europe PMC 返回未见摘要精确别名命中；不等于无原始论文。。 数据库覆盖：UniProt RefSeq_Protein→UniProtKB batch mapping and mapped entries queried 2026-09-25T15:58:12+08:00; 1 mapped KB entries retained for this row. Other reaction databases remain as stated.	保留逐基因记录；当前未证实可加入或修改的精确反应/GPR	不评分	G54-R001;G54-R002;G54-R003;G54-R004;G54-R005	无可归属的精确小分子反应；不评分
																逐基因审查	G54-0973	G54			AFE_1055	RU820_RS05040		当前 RefSeq GFF/CDS；UniProt/InterPro/Pfam；KEGG/Rhea/BioCyc/BRENDA/TCDB 适用性；Europe PMC；2016 原模型	当前注释：hypothetical protein；WP=WP_148208602.1；AFE映射=完全匹配；2016直接GPR=无直接 GPR：已对原表 Table 1 全部 615 个 Reaction 行的 GRA/GPRA/PRA 列检索，未命中该已确认 AFE；论文=检索式已执行；Europe PMC 返回未见摘要精确别名命中；不等于无原始论文。。 数据库覆盖：UniProt mapping returned UniParc sequence match(es) 2026-09-25T15:58:12+08:00; no UniProtKB feature record. Other reaction databases remain as stated.	保留逐基因记录；当前未证实可加入或修改的精确反应/GPR	不评分	G54-R001;G54-R002;G54-R003;G54-R004;G54-R005	无可归属的精确小分子反应；不评分
																逐基因审查	G54-0974	G54			AFE_1056	RU820_RS05045		当前 RefSeq GFF/CDS；UniProt/InterPro/Pfam；KEGG/Rhea/BioCyc/BRENDA/TCDB 适用性；Europe PMC；2016 原模型	当前注释：hypothetical protein；WP=WP_041645412.1；AFE映射=完全匹配；2016直接GPR=无直接 GPR：已对原表 Table 1 全部 615 个 Reaction 行的 GRA/GPRA/PRA 列检索，未命中该已确认 AFE；论文=检索式已执行；Europe PMC 返回未见摘要精确别名命中；不等于无原始论文。。 数据库覆盖：UniProt mapping returned UniParc sequence match(es) 2026-09-25T15:58:12+08:00; no UniProtKB feature record. Other reaction databases remain as stated.	保留逐基因记录；当前未证实可加入或修改的精确反应/GPR	不评分	G54-R001;G54-R002;G54-R003;G54-R004;G54-R005	无可归属的精确小分子反应；不评分
																逐基因审查	G54-0975	G54			未确认	RU820_RS05050		当前 RefSeq GFF/CDS；UniProt/InterPro/Pfam；KEGG/Rhea/BioCyc/BRENDA/TCDB 适用性；Europe PMC；2016 原模型	当前注释：tetratricopeptide repeat-containing sulfotransferase family protein；WP=WP_206382815.1；AFE映射=未映射；2016直接GPR=未确认唯一 B1 AFE，不能作逐AFE直接命中判定；已全行检查候选AFE字符串；论文=检索式已执行；Europe PMC 返回未见摘要精确别名命中；不等于无原始论文。。 数据库覆盖：Sulfotransferase family/TPR label is homology-level only; no matched AFE locus or direct KEGG entry, no EC/reaction/substrate verified.	保留当前候选酶或辅因子功能；底物/产物或催化身份未充分确认，不新增精确反应	不评分	G54-R001;G54-R002;G54-R003;G54-R004;G54-R005	无可归属的精确小分子反应；不评分
																逐基因审查	G54-0976	G54		RXN0-5131	AFE_1058	RU820_RS05055		当前 RefSeq GFF/CDS；UniProt/InterPro/Pfam；KEGG/Rhea/BioCyc/BRENDA/TCDB 适用性；Europe PMC；2016 原模型	当前注释：RNA-guided endonuclease InsQ/TnpB family protein；WP=WP_012606768.1；AFE映射=完全匹配；2016直接GPR=无直接 GPR：已对原表 Table 1 全部 615 个 Reaction 行的 GRA/GPRA/PRA 列检索，未命中该已确认 AFE；论文=检索式已执行；Europe PMC 返回未见摘要精确别名命中；不等于无原始论文。。 反应原始记录裁决：TnpB/RNA-guided endonuclease 是可移动遗传元件核酸靶向切割蛋白，RXN0-5131 不是可接受的小分子代谢酶关联。 数据库覆盖：UniProt RefSeq_Protein→UniProtKB batch mapping and mapped entries queried 2026-09-25T15:58:12+08:00; 1 mapped KB entries retained for this row. Other reaction databases remain as stated.	记录核酸/移动元件加工功能；本轮无适用的小分子代谢模型反应	不评分	G54-R001;G54-R002;G54-R003;G54-R004;G54-R005;G54-R006	无可归属的精确小分子反应；不评分
																逐基因审查	G54-0977	G54			AFE_1059	RU820_RS05060		当前 RefSeq GFF/CDS；UniProt/InterPro/Pfam；KEGG/Rhea/BioCyc/BRENDA/TCDB 适用性；Europe PMC；2016 原模型	当前注释：hypothetical protein；WP=WP_148208603.1；AFE映射=完全匹配；2016直接GPR=无直接 GPR：已对原表 Table 1 全部 615 个 Reaction 行的 GRA/GPRA/PRA 列检索，未命中该已确认 AFE；论文=检索式已执行；Europe PMC 返回未见摘要精确别名命中；不等于无原始论文。。 数据库覆盖：UniProt mapping returned UniParc sequence match(es) 2026-09-25T15:58:12+08:00; no UniProtKB feature record. Other reaction databases remain as stated.	保留逐基因记录；当前未证实可加入或修改的精确反应/GPR	不评分	G54-R001;G54-R002;G54-R003;G54-R004;G54-R005	无可归属的精确小分子反应；不评分
																逐基因审查	G54-0978	G54			AFE_1060	RU820_RS05065		当前 RefSeq GFF/CDS；UniProt/InterPro/Pfam；KEGG/Rhea/BioCyc/BRENDA/TCDB 适用性；Europe PMC；2016 原模型	当前注释：hypothetical protein；WP=WP_012606770.1；AFE映射=完全匹配；2016直接GPR=无直接 GPR：已对原表 Table 1 全部 615 个 Reaction 行的 GRA/GPRA/PRA 列检索，未命中该已确认 AFE；论文=检索式已执行；Europe PMC 返回未见摘要精确别名命中；不等于无原始论文。。 数据库覆盖：UniProt RefSeq_Protein→UniProtKB batch mapping and mapped entries queried 2026-09-25T15:58:12+08:00; 1 mapped KB entries retained for this row. Other reaction databases remain as stated.	保留逐基因记录；当前未证实可加入或修改的精确反应/GPR	不评分	G54-R001;G54-R002;G54-R003;G54-R004;G54-R005	无可归属的精确小分子反应；不评分
																逐基因审查	G54-0979	G54			AFE_1062	RU820_RS05070		当前 RefSeq GFF/CDS；UniProt/InterPro/Pfam；KEGG/Rhea/BioCyc/BRENDA/TCDB 适用性；Europe PMC；2016 原模型	当前注释：hypothetical protein；WP=WP_012606771.1；AFE映射=完全匹配；2016直接GPR=无直接 GPR：已对原表 Table 1 全部 615 个 Reaction 行的 GRA/GPRA/PRA 列检索，未命中该已确认 AFE；论文=检索式已执行；Europe PMC 返回未见摘要精确别名命中；不等于无原始论文。。 数据库覆盖：UniProt RefSeq_Protein→UniProtKB batch mapping and mapped entries queried 2026-09-25T15:58:12+08:00; 1 mapped KB entries retained for this row. Other reaction databases remain as stated.	保留逐基因记录；当前未证实可加入或修改的精确反应/GPR	不评分	G54-R001;G54-R002;G54-R003;G54-R004;G54-R005	无可归属的精确小分子反应；不评分
																逐基因审查	G54-0980	G54			AFE_1064	RU820_RS05075		当前 RefSeq GFF/CDS；UniProt/InterPro/Pfam；KEGG/Rhea/BioCyc/BRENDA/TCDB 适用性；Europe PMC；2016 原模型	当前注释：hypothetical protein；WP=WP_012606774.1；AFE映射=完全匹配；2016直接GPR=无直接 GPR：已对原表 Table 1 全部 615 个 Reaction 行的 GRA/GPRA/PRA 列检索，未命中该已确认 AFE；论文=检索式已执行；Europe PMC 返回未见摘要精确别名命中；不等于无原始论文。。 数据库覆盖：UniProt RefSeq_Protein→UniProtKB batch mapping and mapped entries queried 2026-09-25T15:58:12+08:00; 1 mapped KB entries retained for this row. Other reaction databases remain as stated.	保留逐基因记录；当前未证实可加入或修改的精确反应/GPR	不评分	G54-R001;G54-R002;G54-R003;G54-R004;G54-R005	无可归属的精确小分子反应；不评分
																逐基因审查	G54-0981	G54		RXN0-5190	AFE_1065	RU820_RS05080		当前 RefSeq GFF/CDS；UniProt/InterPro/Pfam；KEGG/Rhea/BioCyc/BRENDA/TCDB 适用性；Europe PMC；2016 原模型	当前注释：lytic transglycosylase domain-containing protein；WP=WP_049759491.1；AFE映射=完全匹配；2016直接GPR=无直接 GPR：已对原表 Table 1 全部 615 个 Reaction 行的 GRA/GPRA/PRA 列检索，未命中该已确认 AFE；论文=仅有通用 gene/product 名称摘要命中；筛后未识别到精确本株来源，异株/同名命中不计作本株验证。。 反应原始记录裁决：lytic transglycosylase 分解肽聚糖糖链，底物为细胞壁聚合物。该反应可能在扩展细胞壁/大分子模型中描述，常规代谢模型不纳入。 数据库覆盖：UniProt mapping returned UniParc sequence match(es) 2026-09-25T15:58:12+08:00; no UniProtKB feature record. Other reaction databases remain as stated.	保留候选并按原始反应记录裁决；未达到正式改模条件	不评分	G54-R001;G54-R002;G54-R003;G54-R004;G54-R005;G54-R006	无可归属的精确小分子反应；不评分
																逐基因审查	G54-0982	G54			AFE_1066	RU820_RS05085		当前 RefSeq GFF/CDS；UniProt/InterPro/Pfam；KEGG/Rhea/BioCyc/BRENDA/TCDB 适用性；Europe PMC；2016 原模型	当前注释：conjugal transfer protein TraF；WP=WP_236608973.1；AFE映射=完全匹配；2016直接GPR=无直接 GPR：已对原表 Table 1 全部 615 个 Reaction 行的 GRA/GPRA/PRA 列检索，未命中该已确认 AFE；论文=检索式已执行；Europe PMC 返回未见摘要精确别名命中；不等于无原始论文。。 数据库覆盖：UniProt mapping returned UniParc sequence match(es) 2026-09-25T15:58:12+08:00; no UniProtKB feature record. Other reaction databases remain as stated.	保留逐基因记录；当前未证实可加入或修改的精确反应/GPR	不评分	G54-R001;G54-R002;G54-R003;G54-R004;G54-R005	无可归属的精确小分子反应；不评分
																逐基因审查	G54-0983	G54			AFE_1067	RU820_RS05090		当前 RefSeq GFF/CDS；UniProt/InterPro/Pfam；KEGG/Rhea/BioCyc/BRENDA/TCDB 适用性；Europe PMC；2016 原模型	当前注释：conjugal transfer protein TraH；WP=WP_012606777.1；AFE映射=完全匹配；2016直接GPR=无直接 GPR：已对原表 Table 1 全部 615 个 Reaction 行的 GRA/GPRA/PRA 列检索，未命中该已确认 AFE；论文=检索式已执行；Europe PMC 返回未见摘要精确别名命中；不等于无原始论文。。 数据库覆盖：UniProt RefSeq_Protein→UniProtKB batch mapping and mapped entries queried 2026-09-25T15:58:12+08:00; 1 mapped KB entries retained for this row. Other reaction databases remain as stated.	保留逐基因记录；当前未证实可加入或修改的精确反应/GPR	不评分	G54-R001;G54-R002;G54-R003;G54-R004;G54-R005	无可归属的精确小分子反应；不评分
																逐基因审查	G54-0984	G54			AFE_1068	RU820_RS05095		当前 RefSeq GFF/CDS；UniProt/InterPro/Pfam；KEGG/Rhea/BioCyc/BRENDA/TCDB 适用性；Europe PMC；2016 原模型	当前注释：conjugal transfer protein TraG N-terminal domain-containing protein；WP=WP_269077299.1；AFE映射=完全匹配；2016直接GPR=无直接 GPR：已对原表 Table 1 全部 615 个 Reaction 行的 GRA/GPRA/PRA 列检索，未命中该已确认 AFE；论文=检索式已执行；Europe PMC 返回未见摘要精确别名命中；不等于无原始论文。。 数据库覆盖：UniProt mapping returned UniParc sequence match(es) 2026-09-25T15:58:12+08:00; no UniProtKB feature record. Other reaction databases remain as stated.	保留逐基因记录；当前未证实可加入或修改的精确反应/GPR	不评分	G54-R001;G54-R002;G54-R003;G54-R004;G54-R005	无可归属的精确小分子反应；不评分
																逐基因审查	G54-0985	G54			AFE_1069	RU820_RS05100		当前 RefSeq GFF/CDS；UniProt/InterPro/Pfam；KEGG/Rhea/BioCyc/BRENDA/TCDB 适用性；Europe PMC；2016 原模型	当前注释：hypothetical protein；WP=WP_012606779.1；AFE映射=完全匹配；2016直接GPR=无直接 GPR：已对原表 Table 1 全部 615 个 Reaction 行的 GRA/GPRA/PRA 列检索，未命中该已确认 AFE；论文=检索式已执行；Europe PMC 返回未见摘要精确别名命中；不等于无原始论文。。 数据库覆盖：UniProt RefSeq_Protein→UniProtKB batch mapping and mapped entries queried 2026-09-25T15:58:12+08:00; 1 mapped KB entries retained for this row. Other reaction databases remain as stated.	保留逐基因记录；当前未证实可加入或修改的精确反应/GPR	不评分	G54-R001;G54-R002;G54-R003;G54-R004;G54-R005	无可归属的精确小分子反应；不评分
																逐基因审查	G54-0986	G54			AFE_1070	RU820_RS05105		当前 RefSeq GFF/CDS；UniProt/InterPro/Pfam；KEGG/Rhea/BioCyc/BRENDA/TCDB 适用性；Europe PMC；2016 原模型	当前注释：integration host factor subunit alpha；WP=WP_012606780.1；AFE映射=完全匹配；2016直接GPR=无直接 GPR：已对原表 Table 1 全部 615 个 Reaction 行的 GRA/GPRA/PRA 列检索，未命中该已确认 AFE；论文=仅有通用 gene/product 名称摘要命中；筛后未识别到精确本株来源，异株/同名命中不计作本株验证。。 数据库覆盖：UniProt RefSeq_Protein→UniProtKB batch mapping and mapped entries queried 2026-09-25T15:58:12+08:00; 1 mapped KB entries retained for this row. Other reaction databases remain as stated.	保留逐基因记录；当前未证实可加入或修改的精确反应/GPR	不评分	G54-R001;G54-R002;G54-R003;G54-R004;G54-R005	无可归属的精确小分子反应；不评分
																逐基因审查	G54-0987	G54			AFE_1071	RU820_RS05110		当前 RefSeq GFF/CDS；UniProt/InterPro/Pfam；KEGG/Rhea/BioCyc/BRENDA/TCDB 适用性；Europe PMC；2016 原模型	当前注释：MbcA/ParS/Xre antitoxin family protein；WP=WP_049759417.1；AFE映射=完全匹配；2016直接GPR=无直接 GPR：已对原表 Table 1 全部 615 个 Reaction 行的 GRA/GPRA/PRA 列检索，未命中该已确认 AFE；论文=检索式已执行；Europe PMC 返回未见摘要精确别名命中；不等于无原始论文。。 数据库覆盖：UniProt mapping returned UniParc sequence match(es) 2026-09-25T15:58:12+08:00; no UniProtKB feature record. Other reaction databases remain as stated.	保留逐基因记录；当前未证实可加入或修改的精确反应/GPR	不评分	G54-R001;G54-R002;G54-R003;G54-R004;G54-R005	无可归属的精确小分子反应；不评分
																逐基因审查	G54-0988	G54			AFE_1072	RU820_RS05115		当前 RefSeq GFF/CDS；UniProt/InterPro/Pfam；KEGG/Rhea/BioCyc/BRENDA/TCDB 适用性；Europe PMC；2016 原模型	当前注释：RES family NAD+ phosphorylase；WP=WP_012606782.1；AFE映射=完全匹配；2016直接GPR=无直接 GPR：已对原表 Table 1 全部 615 个 Reaction 行的 GRA/GPRA/PRA 列检索，未命中该已确认 AFE；论文=检索式已执行；Europe PMC 返回未见摘要精确别名命中；不等于无原始论文。。 数据库覆盖：RES-family NAD+ phosphorylase sequence label only; KEGG record is conserved hypothetical without KO/EC/reaction. Nucleotide acceptor/substrate scope unresolved.	保留当前候选酶或辅因子功能；底物/产物或催化身份未充分确认，不新增精确反应	不评分	G54-R001;G54-R002;G54-R003;G54-R004;G54-R005	无可归属的精确小分子反应；不评分
																逐基因审查	G54-0989	G54			AFE_1073	RU820_RS05120	10.1007/s12011-012-9589-0	当前 RefSeq GFF/CDS；UniProt/InterPro/Pfam；KEGG/Rhea/BioCyc/BRENDA/TCDB 适用性；Europe PMC；2016 原模型	当前注释：BRO-N domain-containing protein；WP=WP_012606783.1；AFE映射=完全匹配；2016直接GPR=无直接 GPR：已对原表 Table 1 全部 615 个 Reaction 行的 GRA/GPRA/PRA 列检索，未命中该已确认 AFE；论文=PubMed/出版社原始摘要核实：AFE_1073在DY26/DC做铜胁迫qRT-PCR；ATCC23270仅为注释/背景；无本株直接功能实验。全文未能访问。。 精确旧 AFE 文献实验为异株，不能作本株转运测量。 数据库覆盖：UniProt RefSeq_Protein→UniProtKB batch mapping and mapped entries queried 2026-09-25T15:58:12+08:00; 1 mapped KB entries retained for this row. Other reaction databases remain as stated.	保留异株转运功能候选；底物、方向及本株证据不足以定反应	不评分	G54-R001;G54-R002;G54-R003;G54-R004;G54-R005;G54-S002	无可归属的精确小分子反应；不评分
																逐基因审查	G54-0990	G54			AFE_1074	RU820_RS05125		当前 RefSeq GFF/CDS；UniProt/InterPro/Pfam；KEGG/Rhea/BioCyc/BRENDA/TCDB 适用性；Europe PMC；2016 原模型	当前注释：hypothetical protein；WP=WP_041645424.1；AFE映射=完全匹配；2016直接GPR=无直接 GPR：已对原表 Table 1 全部 615 个 Reaction 行的 GRA/GPRA/PRA 列检索，未命中该已确认 AFE；论文=检索式已执行；Europe PMC 返回未见摘要精确别名命中；不等于无原始论文。。 数据库覆盖：UniProt mapping returned UniParc sequence match(es) 2026-09-25T15:58:12+08:00; no UniProtKB feature record. Other reaction databases remain as stated.	保留逐基因记录；当前未证实可加入或修改的精确反应/GPR	不评分	G54-R001;G54-R002;G54-R003;G54-R004;G54-R005	无可归属的精确小分子反应；不评分
																逐基因审查	G54-0991	G54			AFE_1075	RU820_RS05130		当前 RefSeq GFF/CDS；UniProt/InterPro/Pfam；KEGG/Rhea/BioCyc/BRENDA/TCDB 适用性；Europe PMC；2016 原模型	当前注释：hypothetical protein；WP=WP_012606785.1；AFE映射=完全匹配；2016直接GPR=无直接 GPR：已对原表 Table 1 全部 615 个 Reaction 行的 GRA/GPRA/PRA 列检索，未命中该已确认 AFE；论文=检索式已执行；Europe PMC 返回未见摘要精确别名命中；不等于无原始论文。。 数据库覆盖：UniProt RefSeq_Protein→UniProtKB batch mapping and mapped entries queried 2026-09-25T15:58:12+08:00; 1 mapped KB entries retained for this row. Other reaction databases remain as stated.	保留逐基因记录；当前未证实可加入或修改的精确反应/GPR	不评分	G54-R001;G54-R002;G54-R003;G54-R004;G54-R005	无可归属的精确小分子反应；不评分
																逐基因审查	G54-0992	G54			AFE_1076	RU820_RS05135		当前 RefSeq GFF/CDS；UniProt/InterPro/Pfam；KEGG/Rhea/BioCyc/BRENDA/TCDB 适用性；Europe PMC；2016 原模型	当前注释：hypothetical protein；WP=WP_201763902.1；AFE映射=完全匹配；2016直接GPR=无直接 GPR：已对原表 Table 1 全部 615 个 Reaction 行的 GRA/GPRA/PRA 列检索，未命中该已确认 AFE；论文=检索式已执行；Europe PMC 返回未见摘要精确别名命中；不等于无原始论文。。 数据库覆盖：UniProt mapping returned UniParc sequence match(es) 2026-09-25T15:58:12+08:00; no UniProtKB feature record. Other reaction databases remain as stated.	保留逐基因记录；当前未证实可加入或修改的精确反应/GPR	不评分	G54-R001;G54-R002;G54-R003;G54-R004;G54-R005	无可归属的精确小分子反应；不评分
																逐基因审查	G54-0993	G54			未确认	RU820_RS05140		当前 RefSeq GFF/CDS；UniProt/InterPro/Pfam；KEGG/Rhea/BioCyc/BRENDA/TCDB 适用性；Europe PMC；2016 原模型	当前注释：hypothetical protein；WP=WP_041645429.1；AFE映射=未映射；2016直接GPR=未确认唯一 B1 AFE，不能作逐AFE直接命中判定；已全行检查候选AFE字符串；论文=检索式已执行；Europe PMC 返回未见摘要精确别名命中；不等于无原始论文。。 数据库覆盖：UniProt mapping returned UniParc sequence match(es) 2026-09-25T15:58:12+08:00; no UniProtKB feature record. Other reaction databases remain as stated.	保留逐基因记录；当前未证实可加入或修改的精确反应/GPR	不评分	G54-R001;G54-R002;G54-R003;G54-R004;G54-R005	无可归属的精确小分子反应；不评分
																逐基因审查	G54-0994	G54			未确认	RU820_RS05145		当前 RefSeq GFF/CDS；UniProt/InterPro/Pfam；KEGG/Rhea/BioCyc/BRENDA/TCDB 适用性；Europe PMC；2016 原模型	当前注释：hypothetical protein；WP=WP_148208604.1；AFE映射=未映射；2016直接GPR=未确认唯一 B1 AFE，不能作逐AFE直接命中判定；已全行检查候选AFE字符串；论文=检索式已执行；Europe PMC 返回未见摘要精确别名命中；不等于无原始论文。。 数据库覆盖：UniProt mapping returned UniParc sequence match(es) 2026-09-25T15:58:12+08:00; no UniProtKB feature record. Other reaction databases remain as stated.	保留逐基因记录；当前未证实可加入或修改的精确反应/GPR	不评分	G54-R001;G54-R002;G54-R003;G54-R004;G54-R005	无可归属的精确小分子反应；不评分
																逐基因审查	G54-0995	G54			AFE_1078	RU820_RS05150		当前 RefSeq GFF/CDS；UniProt/InterPro/Pfam；KEGG/Rhea/BioCyc/BRENDA/TCDB 适用性；Europe PMC；2016 原模型	当前注释：type IV conjugative transfer system protein TraL；WP=WP_236608974.1；AFE映射=完全匹配；2016直接GPR=无直接 GPR：已对原表 Table 1 全部 615 个 Reaction 行的 GRA/GPRA/PRA 列检索，未命中该已确认 AFE；论文=仅有通用 gene/product 名称摘要命中；筛后未识别到精确本株来源，异株/同名命中不计作本株验证。。 数据库覆盖：UniProt mapping returned UniParc sequence match(es) 2026-09-25T15:58:12+08:00; no UniProtKB feature record. Other reaction databases remain as stated.	保留逐基因记录；当前未证实可加入或修改的精确反应/GPR	不评分	G54-R001;G54-R002;G54-R003;G54-R004;G54-R005	无可归属的精确小分子反应；不评分
																逐基因审查	G54-0996	G54			AFE_1079	RU820_RS05155		当前 RefSeq GFF/CDS；UniProt/InterPro/Pfam；KEGG/Rhea/BioCyc/BRENDA/TCDB 适用性；Europe PMC；2016 原模型	当前注释：type IV conjugative transfer system protein TraE；WP=WP_407918984.1；AFE映射=完全匹配；2016直接GPR=无直接 GPR：已对原表 Table 1 全部 615 个 Reaction 行的 GRA/GPRA/PRA 列检索，未命中该已确认 AFE；论文=仅有通用 gene/product 名称摘要命中；筛后未识别到精确本株来源，异株/同名命中不计作本株验证。。 数据库覆盖：UniProt mapping returned UniParc sequence match(es) 2026-09-25T15:58:12+08:00; no UniProtKB feature record. Other reaction databases remain as stated.	保留逐基因记录；当前未证实可加入或修改的精确反应/GPR	不评分	G54-R001;G54-R002;G54-R003;G54-R004;G54-R005	无可归属的精确小分子反应；不评分
																逐基因审查	G54-0997	G54			AFE_1080	RU820_RS05160		当前 RefSeq GFF/CDS；UniProt/InterPro/Pfam；KEGG/Rhea/BioCyc/BRENDA/TCDB 适用性；Europe PMC；2016 原模型	当前注释：TraK domain-containing protein；WP=WP_012606790.1；AFE映射=完全匹配；2016直接GPR=无直接 GPR：已对原表 Table 1 全部 615 个 Reaction 行的 GRA/GPRA/PRA 列检索，未命中该已确认 AFE；论文=检索式已执行；Europe PMC 返回未见摘要精确别名命中；不等于无原始论文。。 数据库覆盖：UniProt RefSeq_Protein→UniProtKB batch mapping and mapped entries queried 2026-09-25T15:58:12+08:00; 1 mapped KB entries retained for this row. Other reaction databases remain as stated.	保留逐基因记录；当前未证实可加入或修改的精确反应/GPR	不评分	G54-R001;G54-R002;G54-R003;G54-R004;G54-R005	无可归属的精确小分子反应；不评分
																逐基因审查	G54-0998	G54			AFE_1081	RU820_RS05165		当前 RefSeq GFF/CDS；UniProt/InterPro/Pfam；KEGG/Rhea/BioCyc/BRENDA/TCDB 适用性；Europe PMC；2016 原模型	当前注释：TrbI/VirB10 family protein；WP=WP_012606791.1；AFE映射=完全匹配；2016直接GPR=无直接 GPR：已对原表 Table 1 全部 615 个 Reaction 行的 GRA/GPRA/PRA 列检索，未命中该已确认 AFE；论文=仅有通用 gene/product 名称摘要命中；筛后未识别到精确本株来源，异株/同名命中不计作本株验证。。 数据库覆盖：UniProt RefSeq_Protein→UniProtKB batch mapping and mapped entries queried 2026-09-25T15:58:12+08:00; 1 mapped KB entries retained for this row. Other reaction databases remain as stated.	保留逐基因记录；当前未证实可加入或修改的精确反应/GPR	不评分	G54-R001;G54-R002;G54-R003;G54-R004;G54-R005	无可归属的精确小分子反应；不评分
																逐基因审查	G54-0999	G54			AFE_1082	RU820_RS05170		当前 RefSeq GFF/CDS；UniProt/InterPro/Pfam；KEGG/Rhea/BioCyc/BRENDA/TCDB 适用性；Europe PMC；2016 原模型	当前注释：type IV conjugative transfer system lipoprotein TraV；WP=WP_012606792.1；AFE映射=完全匹配；2016直接GPR=无直接 GPR：已对原表 Table 1 全部 615 个 Reaction 行的 GRA/GPRA/PRA 列检索，未命中该已确认 AFE；论文=仅有通用 gene/product 名称摘要命中；筛后未识别到精确本株来源，异株/同名命中不计作本株验证。。 数据库覆盖：UniProt RefSeq_Protein→UniProtKB batch mapping and mapped entries queried 2026-09-25T15:58:12+08:00; 1 mapped KB entries retained for this row. Other reaction databases remain as stated.	保留逐基因记录；当前未证实可加入或修改的精确反应/GPR	不评分	G54-R001;G54-R002;G54-R003;G54-R004;G54-R005	无可归属的精确小分子反应；不评分
																逐基因审查	G54-1000	G54			AFE_1084	RU820_RS05175		当前 RefSeq GFF/CDS；UniProt/InterPro/Pfam；KEGG/Rhea/BioCyc/BRENDA/TCDB 适用性；Europe PMC；2016 原模型	当前注释：hypothetical protein；WP=WP_012606793.1；AFE映射=完全匹配；2016直接GPR=无直接 GPR：已对原表 Table 1 全部 615 个 Reaction 行的 GRA/GPRA/PRA 列检索，未命中该已确认 AFE；论文=检索式已执行；Europe PMC 返回未见摘要精确别名命中；不等于无原始论文。。 数据库覆盖：UniProt RefSeq_Protein→UniProtKB batch mapping and mapped entries queried 2026-09-25T15:58:12+08:00; 1 mapped KB entries retained for this row. Other reaction databases remain as stated.	保留逐基因记录；当前未证实可加入或修改的精确反应/GPR	不评分	G54-R001;G54-R002;G54-R003;G54-R004;G54-R005	无可归属的精确小分子反应；不评分
																逐基因审查	G54-1001	G54			未确认	RU820_RS05180		当前 RefSeq GFF/CDS；UniProt/InterPro/Pfam；KEGG/Rhea/BioCyc/BRENDA/TCDB 适用性；Europe PMC；2016 原模型	当前注释：hypothetical protein；WP=WP_041645435.1；AFE映射=未映射；2016直接GPR=未确认唯一 B1 AFE，不能作逐AFE直接命中判定；已全行检查候选AFE字符串；论文=检索式已执行；Europe PMC 返回未见摘要精确别名命中；不等于无原始论文。。 数据库覆盖：UniProt mapping returned UniParc sequence match(es) 2026-09-25T15:58:12+08:00; no UniProtKB feature record. Other reaction databases remain as stated.	保留逐基因记录；当前未证实可加入或修改的精确反应/GPR	不评分	G54-R001;G54-R002;G54-R003;G54-R004;G54-R005	无可归属的精确小分子反应；不评分
																逐基因审查	G54-1002	G54		5.3.4.1-RXN	AFE_1085	RU820_RS05185		当前 RefSeq GFF/CDS；UniProt/InterPro/Pfam；KEGG/Rhea/BioCyc/BRENDA/TCDB 适用性；Europe PMC；2016 原模型	当前注释：thiol:disulfide interchange protein DsbG；WP=WP_012606795.1；AFE映射=完全匹配；2016直接GPR=无直接 GPR：已对原表 Table 1 全部 615 个 Reaction 行的 GRA/GPRA/PRA 列检索，未命中该已确认 AFE；论文=仅有通用 gene/product 名称摘要命中；筛后未识别到精确本株来源，异株/同名命中不计作本株验证。。 反应原始记录裁决：DsbG 是周质蛋白二硫键异构/氧化还原辅助蛋白。BioCyc 5.3.4.1-RXN 泛指蛋白二硫键转换，未给出菌株特异底物/电子供体；属于蛋白折叠/质量控制，不建议作代谢模型反应。 数据库覆盖：UniProt RefSeq_Protein→UniProtKB batch mapping and mapped entries queried 2026-09-25T15:58:12+08:00; 1 mapped KB entries retained for this row. Other reaction databases remain as stated.	记录蛋白二硫键反应；不据此更改小分子代谢模型 TRDR	不评分	G54-R001;G54-R002;G54-R003;G54-R004;G54-R005;G54-R006	无可归属的精确小分子反应；不评分
																逐基因审查	G54-1003	G54			AFE_1086	RU820_RS05190		当前 RefSeq GFF/CDS；UniProt/InterPro/Pfam；KEGG/Rhea/BioCyc/BRENDA/TCDB 适用性；Europe PMC；2016 原模型	当前注释：hypothetical protein；WP=WP_012606796.1；AFE映射=完全匹配；2016直接GPR=无直接 GPR：已对原表 Table 1 全部 615 个 Reaction 行的 GRA/GPRA/PRA 列检索，未命中该已确认 AFE；论文=检索式已执行；Europe PMC 返回未见摘要精确别名命中；不等于无原始论文。。 数据库覆盖：UniProt RefSeq_Protein→UniProtKB batch mapping and mapped entries queried 2026-09-25T15:58:12+08:00; 1 mapped KB entries retained for this row. Other reaction databases remain as stated.	保留逐基因记录；当前未证实可加入或修改的精确反应/GPR	不评分	G54-R001;G54-R002;G54-R003;G54-R004;G54-R005	无可归属的精确小分子反应；不评分
																逐基因审查	G54-1004	G54		RXN0-1081	AFE_1087	RU820_RS05195		当前 RefSeq GFF/CDS；UniProt/InterPro/Pfam；KEGG/Rhea/BioCyc/BRENDA/TCDB 适用性；Europe PMC；2016 原模型	当前注释：GspE/PulE family protein；WP=WP_012606797.1；AFE映射=完全匹配；2016直接GPR=无直接 GPR：已对原表 Table 1 全部 615 个 Reaction 行的 GRA/GPRA/PRA 列检索，未命中该已确认 AFE；论文=检索式已执行；Europe PMC 返回未见摘要精确别名命中；不等于无原始论文。。 反应原始记录裁决：GspE/PulE 是分泌/菌毛系统 ATPase，若建模应表示ATP驱动的系统过程且需系统证据，不应把该条泛化BioCyc交叉引用当作小分子代谢催化。 数据库覆盖：UniProt RefSeq_Protein→UniProtKB batch mapping and mapped entries queried 2026-09-25T15:58:12+08:00; 1 mapped KB entries retained for this row. Other reaction databases remain as stated.	保留候选并按原始反应记录裁决；未达到正式改模条件	不评分	G54-R001;G54-R002;G54-R003;G54-R004;G54-R005;G54-R006	无可归属的精确小分子反应；不评分
																逐基因审查	G54-1005	G54		5.3.4.1-RXN	AFE_1088	RU820_RS05200		当前 RefSeq GFF/CDS；UniProt/InterPro/Pfam；KEGG/Rhea/BioCyc/BRENDA/TCDB 适用性；Europe PMC；2016 原模型	当前注释：thiol:disulfide interchange protein, DsbA family；WP=WP_012606798.1；AFE映射=完全匹配；2016直接GPR=无直接 GPR：已对原表 Table 1 全部 615 个 Reaction 行的 GRA/GPRA/PRA 列检索，未命中该已确认 AFE；论文=检索式已执行；Europe PMC 返回未见摘要精确别名命中；不等于无原始论文。。 反应原始记录裁决：DsbA 氧化周质底物蛋白形成二硫键。BioCyc 5.3.4.1-RXN 泛化到蛋白二硫键氧化还原，缺乏蛋白底物/再氧化伙伴证据；常规代谢模型排除。 数据库覆盖：UniProt RefSeq_Protein→UniProtKB batch mapping and mapped entries queried 2026-09-25T15:58:12+08:00; 1 mapped KB entries retained for this row. Other reaction databases remain as stated.	记录蛋白二硫键反应；不据此更改小分子代谢模型 TRDR	不评分	G54-R001;G54-R002;G54-R003;G54-R004;G54-R005;G54-R006	无可归属的精确小分子反应；不评分
																逐基因审查	G54-1006	G54		TRANS-RXN-477	AFE_1089	RU820_RS05205		当前 RefSeq GFF/CDS；UniProt/InterPro/Pfam；KEGG/Rhea/BioCyc/BRENDA/TCDB 适用性；Europe PMC；2016 原模型	当前注释：type IV secretion system protein TraC；WP=WP_012606799.1；AFE映射=完全匹配；2016直接GPR=无直接 GPR：已对原表 Table 1 全部 615 个 Reaction 行的 GRA/GPRA/PRA 列检索，未命中该已确认 AFE；论文=仅有通用 gene/product 名称摘要命中；筛后未识别到精确本株来源，异株/同名命中不计作本株验证。。 反应原始记录裁决：TraC 属 IV 型分泌系统，BioCyc TRANS-RXN-477 表示转运过程。该类反应可在专门转运/系统模型建模，不能按代谢酶反应计入。 数据库覆盖：UniProt RefSeq_Protein→UniProtKB batch mapping and mapped entries queried 2026-09-25T15:58:12+08:00; 1 mapped KB entries retained for this row. Other reaction databases remain as stated.	保留候选并按原始反应记录裁决；未达到正式改模条件	不评分	G54-R001;G54-R002;G54-R003;G54-R004;G54-R005;G54-R006	无可归属的精确小分子反应；不评分
																逐基因审查	G54-1007	G54			未确认	RU820_RS05210		当前 RefSeq GFF/CDS；UniProt/InterPro/Pfam；KEGG/Rhea/BioCyc/BRENDA/TCDB 适用性；Europe PMC；2016 原模型	当前注释：hypothetical protein；WP=WP_206382869.1；AFE映射=未映射；2016直接GPR=未确认唯一 B1 AFE，不能作逐AFE直接命中判定；已全行检查候选AFE字符串；论文=检索式已执行；Europe PMC 返回未见摘要精确别名命中；不等于无原始论文。。 数据库覆盖：UniProt mapping returned UniParc sequence match(es) 2026-09-25T15:58:12+08:00; no UniProtKB feature record. Other reaction databases remain as stated.	保留逐基因记录；当前未证实可加入或修改的精确反应/GPR	不评分	G54-R001;G54-R002;G54-R003;G54-R004;G54-R005	无可归属的精确小分子反应；不评分
																逐基因审查	G54-1008	G54			AFE_1091	RU820_RS05215		当前 RefSeq GFF/CDS；UniProt/InterPro/Pfam；KEGG/Rhea/BioCyc/BRENDA/TCDB 适用性；Europe PMC；2016 原模型	当前注释：S26 family signal peptidase；WP=WP_012606801.1；AFE映射=完全匹配；2016直接GPR=无直接 GPR：已对原表 Table 1 全部 615 个 Reaction 行的 GRA/GPRA/PRA 列检索，未命中该已确认 AFE；论文=检索式已执行；Europe PMC 返回未见摘要精确别名命中；不等于无原始论文。。 数据库覆盖：UniProt RefSeq_Protein→UniProtKB batch mapping and mapped entries queried 2026-09-25T15:58:12+08:00; 1 mapped KB entries retained for this row. Other reaction databases remain as stated.	保留逐基因记录；当前未证实可加入或修改的精确反应/GPR	不评分	G54-R001;G54-R002;G54-R003;G54-R004;G54-R005	无可归属的精确小分子反应；不评分
																逐基因审查	G54-1009	G54			AFE_1093	RU820_RS05220		当前 RefSeq GFF/CDS；UniProt/InterPro/Pfam；KEGG/Rhea/BioCyc/BRENDA/TCDB 适用性；Europe PMC；2016 原模型	当前注释：hypothetical protein；WP=WP_148208605.1；AFE映射=完全匹配；2016直接GPR=无直接 GPR：已对原表 Table 1 全部 615 个 Reaction 行的 GRA/GPRA/PRA 列检索，未命中该已确认 AFE；论文=检索式已执行；Europe PMC 返回未见摘要精确别名命中；不等于无原始论文。。 数据库覆盖：UniProt mapping returned UniParc sequence match(es) 2026-09-25T15:58:12+08:00; no UniProtKB feature record. Other reaction databases remain as stated.	保留逐基因记录；当前未证实可加入或修改的精确反应/GPR	不评分	G54-R001;G54-R002;G54-R003;G54-R004;G54-R005	无可归属的精确小分子反应；不评分
																逐基因审查	G54-1010	G54			未确认	RU820_RS05225		当前 RefSeq GFF/CDS；UniProt/InterPro/Pfam；KEGG/Rhea/BioCyc/BRENDA/TCDB 适用性；Europe PMC；2016 原模型	当前注释：hypothetical protein；WP=WP_241160300.1；AFE映射=未映射；2016直接GPR=未确认唯一 B1 AFE，不能作逐AFE直接命中判定；已全行检查候选AFE字符串；论文=检索式已执行；Europe PMC 返回未见摘要精确别名命中；不等于无原始论文。。 数据库覆盖：UniProt mapping returned UniParc sequence match(es) 2026-09-25T15:58:12+08:00; no UniProtKB feature record. Other reaction databases remain as stated.	保留逐基因记录；当前未证实可加入或修改的精确反应/GPR	不评分	G54-R001;G54-R002;G54-R003;G54-R004;G54-R005	无可归属的精确小分子反应；不评分
																逐基因审查	G54-1011	G54			AFE_1095	RU820_RS05230		当前 RefSeq GFF/CDS；UniProt/InterPro/Pfam；KEGG/Rhea/BioCyc/BRENDA/TCDB 适用性；Europe PMC；2016 原模型	当前注释：TrbC family F-type conjugative pilus assembly protein；WP=WP_012606805.1；AFE映射=完全匹配；2016直接GPR=无直接 GPR：已对原表 Table 1 全部 615 个 Reaction 行的 GRA/GPRA/PRA 列检索，未命中该已确认 AFE；论文=检索式已执行；Europe PMC 返回未见摘要精确别名命中；不等于无原始论文。。 数据库覆盖：UniProt RefSeq_Protein→UniProtKB batch mapping and mapped entries queried 2026-09-25T15:58:12+08:00; 1 mapped KB entries retained for this row. Other reaction databases remain as stated.	保留逐基因记录；当前未证实可加入或修改的精确反应/GPR	不评分	G54-R001;G54-R002;G54-R003;G54-R004;G54-R005	无可归属的精确小分子反应；不评分
																逐基因审查	G54-1012	G54			未确认	RU820_RS05235		当前 RefSeq GFF/CDS；UniProt/InterPro/Pfam；KEGG/Rhea/BioCyc/BRENDA/TCDB 适用性；Europe PMC；2016 原模型	当前注释：hypothetical protein；WP=WP_049759419.1；AFE映射=未映射；2016直接GPR=未确认唯一 B1 AFE，不能作逐AFE直接命中判定；已全行检查候选AFE字符串；论文=检索式已执行；Europe PMC 返回未见摘要精确别名命中；不等于无原始论文。。 数据库覆盖：UniProt mapping returned UniParc sequence match(es) 2026-09-25T15:58:12+08:00; no UniProtKB feature record. Other reaction databases remain as stated.	保留逐基因记录；当前未证实可加入或修改的精确反应/GPR	不评分	G54-R001;G54-R002;G54-R003;G54-R004;G54-R005	无可归属的精确小分子反应；不评分
																逐基因审查	G54-1013	G54			AFE_1096	RU820_RS05240		当前 RefSeq GFF/CDS；UniProt/InterPro/Pfam；KEGG/Rhea/BioCyc/BRENDA/TCDB 适用性；Europe PMC；2016 原模型	当前注释：TraU family protein；WP=WP_012606806.1；AFE映射=完全匹配；2016直接GPR=无直接 GPR：已对原表 Table 1 全部 615 个 Reaction 行的 GRA/GPRA/PRA 列检索，未命中该已确认 AFE；论文=检索式已执行；Europe PMC 返回未见摘要精确别名命中；不等于无原始论文。。 数据库覆盖：UniProt RefSeq_Protein→UniProtKB batch mapping and mapped entries queried 2026-09-25T15:58:12+08:00; 1 mapped KB entries retained for this row. Other reaction databases remain as stated.	保留逐基因记录；当前未证实可加入或修改的精确反应/GPR	不评分	G54-R001;G54-R002;G54-R003;G54-R004;G54-R005	无可归属的精确小分子反应；不评分
																逐基因审查	G54-1014	G54			AFE_1097	RU820_RS05245		当前 RefSeq GFF/CDS；UniProt/InterPro/Pfam；KEGG/Rhea/BioCyc/BRENDA/TCDB 适用性；Europe PMC；2016 原模型	当前注释：conjugal transfer protein TraN；WP=WP_012606807.1；AFE映射=完全匹配；2016直接GPR=无直接 GPR：已对原表 Table 1 全部 615 个 Reaction 行的 GRA/GPRA/PRA 列检索，未命中该已确认 AFE；论文=仅有通用 gene/product 名称摘要命中；筛后未识别到精确本株来源，异株/同名命中不计作本株验证。。 数据库覆盖：UniProt RefSeq_Protein→UniProtKB batch mapping and mapped entries queried 2026-09-25T15:58:12+08:00; 1 mapped KB entries retained for this row. Other reaction databases remain as stated.	保留逐基因记录；当前未证实可加入或修改的精确反应/GPR	不评分	G54-R001;G54-R002;G54-R003;G54-R004;G54-R005	无可归属的精确小分子反应；不评分
																逐基因审查	G54-1015	G54			AFE_1098	RU820_RS05250		当前 RefSeq GFF/CDS；UniProt/InterPro/Pfam；KEGG/Rhea/BioCyc/BRENDA/TCDB 适用性；Europe PMC；2016 原模型	当前注释：AbrB/MazE/SpoVT family DNA-binding domain-containing protein；WP=WP_012606808.1；AFE映射=完全匹配；2016直接GPR=无直接 GPR：已对原表 Table 1 全部 615 个 Reaction 行的 GRA/GPRA/PRA 列检索，未命中该已确认 AFE；论文=仅有通用 gene/product 名称摘要命中；筛后未识别到精确本株来源，异株/同名命中不计作本株验证。。 数据库覆盖：UniProt RefSeq_Protein→UniProtKB batch mapping and mapped entries queried 2026-09-25T15:58:12+08:00; 1 mapped KB entries retained for this row. Other reaction databases remain as stated.	保留逐基因记录；当前未证实可加入或修改的精确反应/GPR	不评分	G54-R001;G54-R002;G54-R003;G54-R004;G54-R005	无可归属的精确小分子反应；不评分
																逐基因审查	G54-1016	G54			AFE_1099	RU820_RS05255	10.1371/journal.pone.0112226	当前 RefSeq GFF/CDS；UniProt/InterPro/Pfam；KEGG/Rhea/BioCyc/BRENDA/TCDB 适用性；Europe PMC；2016 原模型	当前注释：endoribonuclease MazF；WP=WP_012606809.1；AFE映射=完全匹配；2016直接GPR=无直接 GPR：已对原表 Table 1 全部 615 个 Reaction 行的 GRA/GPRA/PRA 列检索，未命中该已确认 AFE；论文=全文命中 ATCC23270 ICE Afe 基因组表中的 AFE_1099 / PemK(MazF-1) 注释；这是序列/基因组分类，不是毒素功能实验证据。。 数据库覆盖：UniProt RefSeq_Protein→UniProtKB batch mapping and mapped entries queried 2026-09-25T15:58:12+08:00; 1 mapped KB entries retained for this row. Other reaction databases remain as stated.	保留 MazF 家族候选；同株论文为家族分类，无已测代谢反应	不评分	G54-R001;G54-R002;G54-R003;G54-R004;G54-R005;G54-S010	无可归属的精确小分子反应；不评分
																逐基因审查	G54-1017	G54			AFE_1100	RU820_RS05260		当前 RefSeq GFF/CDS；UniProt/InterPro/Pfam；KEGG/Rhea/BioCyc/BRENDA/TCDB 适用性；Europe PMC；2016 原模型	当前注释：hypothetical protein；WP=WP_236608975.1；AFE映射=完全匹配；2016直接GPR=无直接 GPR：已对原表 Table 1 全部 615 个 Reaction 行的 GRA/GPRA/PRA 列检索，未命中该已确认 AFE；论文=检索式已执行；Europe PMC 返回未见摘要精确别名命中；不等于无原始论文。。 数据库覆盖：UniProt mapping returned UniParc sequence match(es) 2026-09-25T15:58:12+08:00; no UniProtKB feature record. Other reaction databases remain as stated.	保留逐基因记录；当前未证实可加入或修改的精确反应/GPR	不评分	G54-R001;G54-R002;G54-R003;G54-R004;G54-R005	无可归属的精确小分子反应；不评分
																逐基因审查	G54-1018	G54			AFE_1102	RU820_RS05265		当前 RefSeq GFF/CDS；UniProt/InterPro/Pfam；KEGG/Rhea/BioCyc/BRENDA/TCDB 适用性；Europe PMC；2016 原模型	当前注释：hypothetical protein；WP=WP_041645457.1；AFE映射=完全匹配；2016直接GPR=无直接 GPR：已对原表 Table 1 全部 615 个 Reaction 行的 GRA/GPRA/PRA 列检索，未命中该已确认 AFE；论文=检索式已执行；Europe PMC 返回未见摘要精确别名命中；不等于无原始论文。。 数据库覆盖：UniProt mapping returned UniParc sequence match(es) 2026-09-25T15:58:12+08:00; no UniProtKB feature record. Other reaction databases remain as stated.	保留逐基因记录；当前未证实可加入或修改的精确反应/GPR	不评分	G54-R001;G54-R002;G54-R003;G54-R004;G54-R005	无可归属的精确小分子反应；不评分
																逐基因审查	G54-1019	G54			未确认	RU820_RS05270		当前 RefSeq GFF/CDS；UniProt/InterPro/Pfam；KEGG/Rhea/BioCyc/BRENDA/TCDB 适用性；Europe PMC；2016 原模型	当前注释：hypothetical protein；WP=WP_423365450.1；AFE映射=未映射；2016直接GPR=未确认唯一 B1 AFE，不能作逐AFE直接命中判定；已全行检查候选AFE字符串；论文=检索式已执行；Europe PMC 返回未见摘要精确别名命中；不等于无原始论文。。 数据库覆盖：UniProt mapping returned UniParc sequence match(es) 2026-09-25T15:58:12+08:00; no UniProtKB feature record. Other reaction databases remain as stated.	保留逐基因记录；当前未证实可加入或修改的精确反应/GPR	不评分	G54-R001;G54-R002;G54-R003;G54-R004;G54-R005	无可归属的精确小分子反应；不评分
																逐基因审查	G54-1020	G54			未确认	RU820_RS05275		当前 RefSeq GFF/CDS；UniProt/InterPro/Pfam；KEGG/Rhea/BioCyc/BRENDA/TCDB 适用性；Europe PMC；2016 原模型	当前注释：hypothetical protein；WP=WP_423365452.1；AFE映射=未映射；2016直接GPR=未确认唯一 B1 AFE，不能作逐AFE直接命中判定；已全行检查候选AFE字符串；论文=检索式已执行；Europe PMC 返回未见摘要精确别名命中；不等于无原始论文。。 数据库覆盖：UniProt mapping returned UniParc sequence match(es) 2026-09-25T15:58:12+08:00; no UniProtKB feature record. Other reaction databases remain as stated.	保留逐基因记录；当前未证实可加入或修改的精确反应/GPR	不评分	G54-R001;G54-R002;G54-R003;G54-R004;G54-R005	无可归属的精确小分子反应；不评分
																逐基因审查	G54-1021	G54			AFE_1105	RU820_RS05280		当前 RefSeq GFF/CDS；UniProt/InterPro/Pfam；KEGG/Rhea/BioCyc/BRENDA/TCDB 适用性；Europe PMC；2016 原模型	当前注释：IS607 family transposase；WP=WP_012606815.1；AFE映射=完全匹配；2016直接GPR=无直接 GPR：已对原表 Table 1 全部 615 个 Reaction 行的 GRA/GPRA/PRA 列检索，未命中该已确认 AFE；论文=仅有通用 gene/product 名称摘要命中；筛后未识别到精确本株来源，异株/同名命中不计作本株验证。。 数据库覆盖：UniProt RefSeq_Protein→UniProtKB batch mapping and mapped entries queried 2026-09-25T15:58:12+08:00; 1 mapped KB entries retained for this row. Other reaction databases remain as stated.	保留逐基因记录；当前未证实可加入或修改的精确反应/GPR	不评分	G54-R001;G54-R002;G54-R003;G54-R004;G54-R005	无可归属的精确小分子反应；不评分
																逐基因审查	G54-1022	G54			AFE_1106	RU820_RS05285		当前 RefSeq GFF/CDS；UniProt/InterPro/Pfam；KEGG/Rhea/BioCyc/BRENDA/TCDB 适用性；Europe PMC；2016 原模型	当前注释：IS200/IS605 family accessory protein TnpB-related protein；WP=WP_012606816.1；AFE映射=完全匹配；2016直接GPR=无直接 GPR：已对原表 Table 1 全部 615 个 Reaction 行的 GRA/GPRA/PRA 列检索，未命中该已确认 AFE；论文=检索式已执行；Europe PMC 返回未见摘要精确别名命中；不等于无原始论文。。 数据库覆盖：UniProt RefSeq_Protein→UniProtKB batch mapping and mapped entries queried 2026-09-25T15:58:12+08:00; 1 mapped KB entries retained for this row. Other reaction databases remain as stated.	保留逐基因记录；当前未证实可加入或修改的精确反应/GPR	不评分	G54-R001;G54-R002;G54-R003;G54-R004;G54-R005	无可归属的精确小分子反应；不评分
																逐基因审查	G54-1023	G54			未确认	RU820_RS05290		当前 RefSeq GFF/CDS；UniProt/InterPro/Pfam；KEGG/Rhea/BioCyc/BRENDA/TCDB 适用性；Europe PMC；2016 原模型	当前注释：hypothetical protein；WP=WP_041645466.1；AFE映射=未映射；2016直接GPR=未确认唯一 B1 AFE，不能作逐AFE直接命中判定；已全行检查候选AFE字符串；论文=检索式已执行；Europe PMC 返回未见摘要精确别名命中；不等于无原始论文。。 数据库覆盖：UniProt mapping returned UniParc sequence match(es) 2026-09-25T15:58:12+08:00; no UniProtKB feature record. Other reaction databases remain as stated.	保留逐基因记录；当前未证实可加入或修改的精确反应/GPR	不评分	G54-R001;G54-R002;G54-R003;G54-R004;G54-R005	无可归属的精确小分子反应；不评分
																逐基因审查	G54-1024	G54			AFE_1107	RU820_RS05295		当前 RefSeq GFF/CDS；UniProt/InterPro/Pfam；KEGG/Rhea/BioCyc/BRENDA/TCDB 适用性；Europe PMC；2016 原模型	当前注释：hypothetical protein；WP=WP_012606817.1；AFE映射=完全匹配；2016直接GPR=无直接 GPR：已对原表 Table 1 全部 615 个 Reaction 行的 GRA/GPRA/PRA 列检索，未命中该已确认 AFE；论文=检索式已执行；Europe PMC 返回未见摘要精确别名命中；不等于无原始论文。。 数据库覆盖：UniProt RefSeq_Protein→UniProtKB batch mapping and mapped entries queried 2026-09-25T15:58:12+08:00; 1 mapped KB entries retained for this row. Other reaction databases remain as stated.	保留逐基因记录；当前未证实可加入或修改的精确反应/GPR	不评分	G54-R001;G54-R002;G54-R003;G54-R004;G54-R005	无可归属的精确小分子反应；不评分
																逐基因审查	G54-1025	G54			AFE_1108	RU820_RS05300		当前 RefSeq GFF/CDS；UniProt/InterPro/Pfam；KEGG/Rhea/BioCyc/BRENDA/TCDB 适用性；Europe PMC；2016 原模型	当前注释：hypothetical protein；WP=WP_049759422.1；AFE映射=完全匹配；2016直接GPR=无直接 GPR：已对原表 Table 1 全部 615 个 Reaction 行的 GRA/GPRA/PRA 列检索，未命中该已确认 AFE；论文=检索式已执行；Europe PMC 返回未见摘要精确别名命中；不等于无原始论文。。 数据库覆盖：UniProt mapping returned UniParc sequence match(es) 2026-09-25T15:58:12+08:00; no UniProtKB feature record. Other reaction databases remain as stated.	保留逐基因记录；当前未证实可加入或修改的精确反应/GPR	不评分	G54-R001;G54-R002;G54-R003;G54-R004;G54-R005	无可归属的精确小分子反应；不评分
																逐基因审查	G54-1026	G54			未确认	RU820_RS05305		当前 RefSeq GFF/CDS；UniProt/InterPro/Pfam；KEGG/Rhea/BioCyc/BRENDA/TCDB 适用性；Europe PMC；2016 原模型	当前注释：hypothetical protein；WP=WP_041645471.1；AFE映射=未映射；2016直接GPR=未确认唯一 B1 AFE，不能作逐AFE直接命中判定；已全行检查候选AFE字符串；论文=检索式已执行；Europe PMC 返回未见摘要精确别名命中；不等于无原始论文。。 数据库覆盖：UniProt mapping returned UniParc sequence match(es) 2026-09-25T15:58:12+08:00; no UniProtKB feature record. Other reaction databases remain as stated.	保留逐基因记录；当前未证实可加入或修改的精确反应/GPR	不评分	G54-R001;G54-R002;G54-R003;G54-R004;G54-R005	无可归属的精确小分子反应；不评分
																逐基因审查	G54-1027	G54			AFE_1109	RU820_RS05310		当前 RefSeq GFF/CDS；UniProt/InterPro/Pfam；KEGG/Rhea/BioCyc/BRENDA/TCDB 适用性；Europe PMC；2016 原模型	当前注释：nuclease-related domain-containing protein；WP=WP_012606819.1；AFE映射=完全匹配；2016直接GPR=无直接 GPR：已对原表 Table 1 全部 615 个 Reaction 行的 GRA/GPRA/PRA 列检索，未命中该已确认 AFE；论文=检索式已执行；Europe PMC 返回未见摘要精确别名命中；不等于无原始论文。。 数据库覆盖：UniProt RefSeq_Protein→UniProtKB batch mapping and mapped entries queried 2026-09-25T15:58:12+08:00; 1 mapped KB entries retained for this row. Other reaction databases remain as stated.	保留逐基因记录；当前未证实可加入或修改的精确反应/GPR	不评分	G54-R001;G54-R002;G54-R003;G54-R004;G54-R005	无可归属的精确小分子反应；不评分
																逐基因审查	G54-1028	G54			AFE_0550;AFE_1110;AFE_1142;AFE_1265;AFE_2432;AFE_2709;AFE_2972;AFE_3263	RU820_RS05315		当前 RefSeq GFF/CDS；UniProt/InterPro/Pfam；KEGG/Rhea/BioCyc/BRENDA/TCDB 适用性；Europe PMC；2016 原模型	当前注释：IS110-like element ISAfe3 family transposase；WP=WP_012606582.1；AFE映射=旁系同源/多重候选；2016直接GPR=未确认唯一 B1 AFE，不能作逐AFE直接命中判定；已全行检查候选AFE字符串；论文=检索式已执行；Europe PMC 返回未见摘要精确别名命中；不等于无原始论文。。 数据库覆盖：UniProt RefSeq_Protein→UniProtKB batch mapping and mapped entries queried 2026-09-25T15:58:12+08:00; 1 mapped KB entries retained for this row. Other reaction databases remain as stated.	保留逐基因记录；当前未证实可加入或修改的精确反应/GPR	不评分	G54-R001;G54-R002;G54-R003;G54-R004;G54-R005	无可归属的精确小分子反应；不评分
																逐基因审查	G54-1029	G54			未确认	RU820_RS05320		当前 RefSeq GFF/CDS；UniProt/InterPro/Pfam；KEGG/Rhea/BioCyc/BRENDA/TCDB 适用性；Europe PMC；2016 原模型	当前注释：hypothetical protein；WP=WP_041645475.1；AFE映射=未映射；2016直接GPR=未确认唯一 B1 AFE，不能作逐AFE直接命中判定；已全行检查候选AFE字符串；论文=检索式已执行；Europe PMC 返回未见摘要精确别名命中；不等于无原始论文。。 数据库覆盖：UniProt mapping returned UniParc sequence match(es) 2026-09-25T15:58:12+08:00; no UniProtKB feature record. Other reaction databases remain as stated.	保留逐基因记录；当前未证实可加入或修改的精确反应/GPR	不评分	G54-R001;G54-R002;G54-R003;G54-R004;G54-R005	无可归属的精确小分子反应；不评分
																逐基因审查	G54-1030	G54			AFE_1112	RU820_RS05325		当前 RefSeq GFF/CDS；UniProt/InterPro/Pfam；KEGG/Rhea/BioCyc/BRENDA/TCDB 适用性；Europe PMC；2016 原模型	当前注释：hypothetical protein；WP=WP_012606821.1；AFE映射=完全匹配；2016直接GPR=无直接 GPR：已对原表 Table 1 全部 615 个 Reaction 行的 GRA/GPRA/PRA 列检索，未命中该已确认 AFE；论文=检索式已执行；Europe PMC 返回未见摘要精确别名命中；不等于无原始论文。。 数据库覆盖：UniProt RefSeq_Protein→UniProtKB batch mapping and mapped entries queried 2026-09-25T15:58:12+08:00; 1 mapped KB entries retained for this row. Other reaction databases remain as stated.	保留逐基因记录；当前未证实可加入或修改的精确反应/GPR	不评分	G54-R001;G54-R002;G54-R003;G54-R004;G54-R005	无可归属的精确小分子反应；不评分
																逐基因审查	G54-1031	G54			AFE_1113	RU820_RS05330		当前 RefSeq GFF/CDS；UniProt/InterPro/Pfam；KEGG/Rhea/BioCyc/BRENDA/TCDB 适用性；Europe PMC；2016 原模型	当前注释：hypothetical protein；WP=WP_012606822.1；AFE映射=完全匹配；2016直接GPR=无直接 GPR：已对原表 Table 1 全部 615 个 Reaction 行的 GRA/GPRA/PRA 列检索，未命中该已确认 AFE；论文=检索式已执行；Europe PMC 返回未见摘要精确别名命中；不等于无原始论文。。 数据库覆盖：UniProt RefSeq_Protein→UniProtKB batch mapping and mapped entries queried 2026-09-25T15:58:12+08:00; 1 mapped KB entries retained for this row. Other reaction databases remain as stated.	保留逐基因记录；当前未证实可加入或修改的精确反应/GPR	不评分	G54-R001;G54-R002;G54-R003;G54-R004;G54-R005	无可归属的精确小分子反应；不评分
																逐基因审查	G54-1032	G54			未确认	RU820_RS05335		当前 RefSeq GFF/CDS；UniProt/InterPro/Pfam；KEGG/Rhea/BioCyc/BRENDA/TCDB 适用性；Europe PMC；2016 原模型	当前注释：hypothetical protein；WP=WP_041645480.1；AFE映射=未映射；2016直接GPR=未确认唯一 B1 AFE，不能作逐AFE直接命中判定；已全行检查候选AFE字符串；论文=检索式已执行；Europe PMC 返回未见摘要精确别名命中；不等于无原始论文。。 数据库覆盖：UniProt mapping returned UniParc sequence match(es) 2026-09-25T15:58:12+08:00; no UniProtKB feature record. Other reaction databases remain as stated.	保留逐基因记录；当前未证实可加入或修改的精确反应/GPR	不评分	G54-R001;G54-R002;G54-R003;G54-R004;G54-R005	无可归属的精确小分子反应；不评分
																逐基因审查	G54-1033	G54			AFE_1114	RU820_RS05340		当前 RefSeq GFF/CDS；UniProt/InterPro/Pfam；KEGG/Rhea/BioCyc/BRENDA/TCDB 适用性；Europe PMC；2016 原模型	当前注释：zinc metalloprotease HtpX；WP=WP_012606823.1；AFE映射=完全匹配；2016直接GPR=无直接 GPR：已对原表 Table 1 全部 615 个 Reaction 行的 GRA/GPRA/PRA 列检索，未命中该已确认 AFE；论文=检索式已执行；Europe PMC 返回未见摘要精确别名命中；不等于无原始论文。。 数据库覆盖：UniProt RefSeq_Protein→UniProtKB batch mapping and mapped entries queried 2026-09-25T15:58:12+08:00; 1 mapped KB entries retained for this row. Other reaction databases remain as stated.	保留逐基因记录；当前未证实可加入或修改的精确反应/GPR	不评分	G54-R001;G54-R002;G54-R003;G54-R004;G54-R005	无可归属的精确小分子反应；不评分
																逐基因审查	G54-1034	G54			AFE_1115	RU820_RS05345		当前 RefSeq GFF/CDS；UniProt/InterPro/Pfam；KEGG/Rhea/BioCyc/BRENDA/TCDB 适用性；Europe PMC；2016 原模型	当前注释：metallophosphoesterase；WP=WP_012606824.1；AFE映射=完全匹配；2016直接GPR=无直接 GPR：已对原表 Table 1 全部 615 个 Reaction 行的 GRA/GPRA/PRA 列检索，未命中该已确认 AFE；论文=仅有通用 gene/product 名称摘要命中；筛后未识别到精确本株来源，异株/同名命中不计作本株验证。。 数据库覆盖：KEGG calls Ser/Thr protein phosphatase family without KO/EC/reaction. Protein substrate and specificity unresolved.	保留当前候选酶或辅因子功能；底物/产物或催化身份未充分确认，不新增精确反应	不评分	G54-R001;G54-R002;G54-R003;G54-R004;G54-R005	无可归属的精确小分子反应；不评分
																逐基因审查	G54-1035	G54			AFE_1116	RU820_RS05350		当前 RefSeq GFF/CDS；UniProt/InterPro/Pfam；KEGG/Rhea/BioCyc/BRENDA/TCDB 适用性；Europe PMC；2016 原模型	当前注释：hypothetical protein；WP=WP_012606825.1；AFE映射=完全匹配；2016直接GPR=无直接 GPR：已对原表 Table 1 全部 615 个 Reaction 行的 GRA/GPRA/PRA 列检索，未命中该已确认 AFE；论文=检索式已执行；Europe PMC 返回未见摘要精确别名命中；不等于无原始论文。。 数据库覆盖：UniProt RefSeq_Protein→UniProtKB batch mapping and mapped entries queried 2026-09-25T15:58:12+08:00; 1 mapped KB entries retained for this row. Other reaction databases remain as stated.	保留逐基因记录；当前未证实可加入或修改的精确反应/GPR	不评分	G54-R001;G54-R002;G54-R003;G54-R004;G54-R005	无可归属的精确小分子反应；不评分
																逐基因审查	G54-1036	G54			AFE_1117	RU820_RS05355		当前 RefSeq GFF/CDS；UniProt/InterPro/Pfam；KEGG/Rhea/BioCyc/BRENDA/TCDB 适用性；Europe PMC；2016 原模型	当前注释：hypothetical protein；WP=WP_041645486.1；AFE映射=完全匹配；2016直接GPR=无直接 GPR：已对原表 Table 1 全部 615 个 Reaction 行的 GRA/GPRA/PRA 列检索，未命中该已确认 AFE；论文=检索式已执行；Europe PMC 返回未见摘要精确别名命中；不等于无原始论文。。 数据库覆盖：UniProt mapping returned UniParc sequence match(es) 2026-09-25T15:58:12+08:00; no UniProtKB feature record. Other reaction databases remain as stated.	保留逐基因记录；当前未证实可加入或修改的精确反应/GPR	不评分	G54-R001;G54-R002;G54-R003;G54-R004;G54-R005	无可归属的精确小分子反应；不评分
																逐基因审查	G54-1037	G54			AFE_1118	RU820_RS05360		当前 RefSeq GFF/CDS；UniProt/InterPro/Pfam；KEGG/Rhea/BioCyc/BRENDA/TCDB 适用性；Europe PMC；2016 原模型	当前注释：hypothetical protein；WP=WP_012606827.1；AFE映射=完全匹配；2016直接GPR=无直接 GPR：已对原表 Table 1 全部 615 个 Reaction 行的 GRA/GPRA/PRA 列检索，未命中该已确认 AFE；论文=检索式已执行；Europe PMC 返回未见摘要精确别名命中；不等于无原始论文。。 数据库覆盖：UniProt RefSeq_Protein→UniProtKB batch mapping and mapped entries queried 2026-09-25T15:58:12+08:00; 1 mapped KB entries retained for this row. Other reaction databases remain as stated.	保留逐基因记录；当前未证实可加入或修改的精确反应/GPR	不评分	G54-R001;G54-R002;G54-R003;G54-R004;G54-R005	无可归属的精确小分子反应；不评分
																逐基因审查	G54-1038	G54			AFE_1120	RU820_RS05365		当前 RefSeq GFF/CDS；UniProt/InterPro/Pfam；KEGG/Rhea/BioCyc/BRENDA/TCDB 适用性；Europe PMC；2016 原模型	当前注释：hypothetical protein；WP=WP_012606829.1；AFE映射=完全匹配；2016直接GPR=无直接 GPR：已对原表 Table 1 全部 615 个 Reaction 行的 GRA/GPRA/PRA 列检索，未命中该已确认 AFE；论文=检索式已执行；Europe PMC 返回未见摘要精确别名命中；不等于无原始论文。。 数据库覆盖：UniProt RefSeq_Protein→UniProtKB batch mapping and mapped entries queried 2026-09-25T15:58:12+08:00; 1 mapped KB entries retained for this row. Other reaction databases remain as stated.	保留逐基因记录；当前未证实可加入或修改的精确反应/GPR	不评分	G54-R001;G54-R002;G54-R003;G54-R004;G54-R005	无可归属的精确小分子反应；不评分
																逐基因审查	G54-1039	G54			AFE_1121	RU820_RS05370		当前 RefSeq GFF/CDS；UniProt/InterPro/Pfam；KEGG/Rhea/BioCyc/BRENDA/TCDB 适用性；Europe PMC；2016 原模型	当前注释：hypothetical protein；WP=WP_012606830.1；AFE映射=完全匹配；2016直接GPR=无直接 GPR：已对原表 Table 1 全部 615 个 Reaction 行的 GRA/GPRA/PRA 列检索，未命中该已确认 AFE；论文=检索式已执行；Europe PMC 返回未见摘要精确别名命中；不等于无原始论文。。 数据库覆盖：UniProt RefSeq_Protein→UniProtKB batch mapping and mapped entries queried 2026-09-25T15:58:12+08:00; 1 mapped KB entries retained for this row. Other reaction databases remain as stated.	保留逐基因记录；当前未证实可加入或修改的精确反应/GPR	不评分	G54-R001;G54-R002;G54-R003;G54-R004;G54-R005	无可归属的精确小分子反应；不评分
																逐基因审查	G54-1040	G54			AFE_1122	RU820_RS05375		当前 RefSeq GFF/CDS；UniProt/InterPro/Pfam；KEGG/Rhea/BioCyc/BRENDA/TCDB 适用性；Europe PMC；2016 原模型	当前注释：DUF4031 domain-containing protein；WP=WP_012606831.1；AFE映射=完全匹配；2016直接GPR=无直接 GPR：已对原表 Table 1 全部 615 个 Reaction 行的 GRA/GPRA/PRA 列检索，未命中该已确认 AFE；论文=检索式已执行；Europe PMC 返回未见摘要精确别名命中；不等于无原始论文。。 数据库覆盖：UniProt RefSeq_Protein→UniProtKB batch mapping and mapped entries queried 2026-09-25T15:58:12+08:00; 1 mapped KB entries retained for this row. Other reaction databases remain as stated.	保留逐基因记录；当前未证实可加入或修改的精确反应/GPR	不评分	G54-R001;G54-R002;G54-R003;G54-R004;G54-R005	无可归属的精确小分子反应；不评分
																逐基因审查	G54-1041	G54			未确认	RU820_RS05380		当前 RefSeq GFF/CDS；UniProt/InterPro/Pfam；KEGG/Rhea/BioCyc/BRENDA/TCDB 适用性；Europe PMC；2016 原模型	当前注释：hypothetical protein；WP=WP_041645491.1；AFE映射=未映射；2016直接GPR=未确认唯一 B1 AFE，不能作逐AFE直接命中判定；已全行检查候选AFE字符串；论文=检索式已执行；Europe PMC 返回未见摘要精确别名命中；不等于无原始论文。。 数据库覆盖：UniProt mapping returned UniParc sequence match(es) 2026-09-25T15:58:12+08:00; no UniProtKB feature record. Other reaction databases remain as stated.	保留逐基因记录；当前未证实可加入或修改的精确反应/GPR	不评分	G54-R001;G54-R002;G54-R003;G54-R004;G54-R005	无可归属的精确小分子反应；不评分
																逐基因审查	G54-1042	G54			未确认	RU820_RS05385		当前 RefSeq GFF/CDS；UniProt/InterPro/Pfam；KEGG/Rhea/BioCyc/BRENDA/TCDB 适用性；Europe PMC；2016 原模型	当前注释：hypothetical protein；WP=WP_041645496.1；AFE映射=未映射；2016直接GPR=未确认唯一 B1 AFE，不能作逐AFE直接命中判定；已全行检查候选AFE字符串；论文=检索式已执行；Europe PMC 返回未见摘要精确别名命中；不等于无原始论文。。 数据库覆盖：UniProt mapping returned UniParc sequence match(es) 2026-09-25T15:58:12+08:00; no UniProtKB feature record. Other reaction databases remain as stated.	保留逐基因记录；当前未证实可加入或修改的精确反应/GPR	不评分	G54-R001;G54-R002;G54-R003;G54-R004;G54-R005	无可归属的精确小分子反应；不评分
																逐基因审查	G54-1043	G54			AFE_1124	RU820_RS05390		当前 RefSeq GFF/CDS；UniProt/InterPro/Pfam；KEGG/Rhea/BioCyc/BRENDA/TCDB 适用性；Europe PMC；2016 原模型	当前注释：hypothetical protein；WP=WP_012606833.1；AFE映射=完全匹配；2016直接GPR=无直接 GPR：已对原表 Table 1 全部 615 个 Reaction 行的 GRA/GPRA/PRA 列检索，未命中该已确认 AFE；论文=检索式已执行；Europe PMC 返回未见摘要精确别名命中；不等于无原始论文。。 数据库覆盖：UniProt RefSeq_Protein→UniProtKB batch mapping and mapped entries queried 2026-09-25T15:58:12+08:00; 1 mapped KB entries retained for this row. Other reaction databases remain as stated.	保留逐基因记录；当前未证实可加入或修改的精确反应/GPR	不评分	G54-R001;G54-R002;G54-R003;G54-R004;G54-R005	无可归属的精确小分子反应；不评分
																逐基因审查	G54-1044	G54			AFE_1125	RU820_RS05395		当前 RefSeq GFF/CDS；UniProt/InterPro/Pfam；KEGG/Rhea/BioCyc/BRENDA/TCDB 适用性；Europe PMC；2016 原模型	当前注释：hypothetical protein；WP=WP_012606834.1；AFE映射=完全匹配；2016直接GPR=无直接 GPR：已对原表 Table 1 全部 615 个 Reaction 行的 GRA/GPRA/PRA 列检索，未命中该已确认 AFE；论文=检索式已执行；Europe PMC 返回未见摘要精确别名命中；不等于无原始论文。。 数据库覆盖：UniProt RefSeq_Protein→UniProtKB batch mapping and mapped entries queried 2026-09-25T15:58:12+08:00; 1 mapped KB entries retained for this row. Other reaction databases remain as stated.	保留逐基因记录；当前未证实可加入或修改的精确反应/GPR	不评分	G54-R001;G54-R002;G54-R003;G54-R004;G54-R005	无可归属的精确小分子反应；不评分
																逐基因审查	G54-1045	G54			AFE_1126	RU820_RS05400		当前 RefSeq GFF/CDS；UniProt/InterPro/Pfam；KEGG/Rhea/BioCyc/BRENDA/TCDB 适用性；Europe PMC；2016 原模型	当前注释：hypothetical protein；WP=WP_012606835.1；AFE映射=完全匹配；2016直接GPR=无直接 GPR：已对原表 Table 1 全部 615 个 Reaction 行的 GRA/GPRA/PRA 列检索，未命中该已确认 AFE；论文=检索式已执行；Europe PMC 返回未见摘要精确别名命中；不等于无原始论文。。 数据库覆盖：UniProt RefSeq_Protein→UniProtKB batch mapping and mapped entries queried 2026-09-25T15:58:12+08:00; 1 mapped KB entries retained for this row. Other reaction databases remain as stated.	保留逐基因记录；当前未证实可加入或修改的精确反应/GPR	不评分	G54-R001;G54-R002;G54-R003;G54-R004;G54-R005	无可归属的精确小分子反应；不评分
																逐基因审查	G54-1046	G54		NUCLEOSIDE-DEOXYRIBOSYLTRANSFERASE-RXN	AFE_1127	RU820_RS05405		当前 RefSeq GFF/CDS；UniProt/InterPro/Pfam；KEGG/Rhea/BioCyc/BRENDA/TCDB 适用性；Europe PMC；2016 原模型	当前注释：nucleoside 2-deoxyribosyltransferase；WP=WP_012606836.1；AFE映射=完全匹配；2016直接GPR=无直接 GPR：已对原表 Table 1 全部 615 个 Reaction 行的 GRA/GPRA/PRA 列检索，未命中该已确认 AFE；论文=仅有通用 gene/product 名称摘要命中；筛后未识别到精确本株来源，异株/同名命中不计作本株验证。。 反应原始记录裁决：核苷2-脱氧核糖基转移酶催化碱基与脱氧核糖交换，可能属于小分子核苷补救网络。BioCyc反应名吻合产品注释，但需原始反应页核实底物范围、可逆性与本株功能。 数据库覆盖：UniProt RefSeq_Protein→UniProtKB batch mapping and mapped entries queried 2026-09-25T15:58:12+08:00; 1 mapped KB entries retained for this row. Other reaction databases remain as stated.	核苷脱氧核糖基转移酶候选；待定义底物特异性，PUNP1 为磷解不等同	不评分	G54-R001;G54-R002;G54-R003;G54-R004;G54-R005;G54-R006	无可归属的精确小分子反应；不评分
																逐基因审查	G54-1047	G54			AFE_1128	RU820_RS05410		当前 RefSeq GFF/CDS；UniProt/InterPro/Pfam；KEGG/Rhea/BioCyc/BRENDA/TCDB 适用性；Europe PMC；2016 原模型	当前注释：hypothetical protein；WP=WP_012606837.1；AFE映射=完全匹配；2016直接GPR=无直接 GPR：已对原表 Table 1 全部 615 个 Reaction 行的 GRA/GPRA/PRA 列检索，未命中该已确认 AFE；论文=检索式已执行；Europe PMC 返回未见摘要精确别名命中；不等于无原始论文。。 数据库覆盖：UniProt RefSeq_Protein→UniProtKB batch mapping and mapped entries queried 2026-09-25T15:58:12+08:00; 1 mapped KB entries retained for this row. Other reaction databases remain as stated.	保留逐基因记录；当前未证实可加入或修改的精确反应/GPR	不评分	G54-R001;G54-R002;G54-R003;G54-R004;G54-R005	无可归属的精确小分子反应；不评分
																逐基因审查	G54-1048	G54			AFE_1130	RU820_RS05415		当前 RefSeq GFF/CDS；UniProt/InterPro/Pfam；KEGG/Rhea/BioCyc/BRENDA/TCDB 适用性；Europe PMC；2016 原模型	当前注释：DNA translocase FtsK；WP=WP_080513181.1；AFE映射=完全匹配；2016直接GPR=无直接 GPR：已对原表 Table 1 全部 615 个 Reaction 行的 GRA/GPRA/PRA 列检索，未命中该已确认 AFE；论文=仅有通用 gene/product 名称摘要命中；筛后未识别到精确本株来源，异株/同名命中不计作本株验证。。 数据库覆盖：UniProt mapping returned UniParc sequence match(es) 2026-09-25T15:58:12+08:00; no UniProtKB feature record. Other reaction databases remain as stated.	保留逐基因记录；当前未证实可加入或修改的精确反应/GPR	不评分	G54-R001;G54-R002;G54-R003;G54-R004;G54-R005	无可归属的精确小分子反应；不评分
																逐基因审查	G54-1049	G54			AFE_1131	RU820_RS05420		当前 RefSeq GFF/CDS；UniProt/InterPro/Pfam；KEGG/Rhea/BioCyc/BRENDA/TCDB 适用性；Europe PMC；2016 原模型	当前注释：hypothetical protein；WP=WP_148208607.1；AFE映射=完全匹配；2016直接GPR=无直接 GPR：已对原表 Table 1 全部 615 个 Reaction 行的 GRA/GPRA/PRA 列检索，未命中该已确认 AFE；论文=检索式已执行；Europe PMC 返回未见摘要精确别名命中；不等于无原始论文。。 数据库覆盖：UniProt mapping returned UniParc sequence match(es) 2026-09-25T15:58:12+08:00; no UniProtKB feature record. Other reaction databases remain as stated.	保留逐基因记录；当前未证实可加入或修改的精确反应/GPR	不评分	G54-R001;G54-R002;G54-R003;G54-R004;G54-R005	无可归属的精确小分子反应；不评分
																逐基因审查	G54-1050	G54			AFE_1133	RU820_RS05425		当前 RefSeq GFF/CDS；UniProt/InterPro/Pfam；KEGG/Rhea/BioCyc/BRENDA/TCDB 适用性；Europe PMC；2016 原模型	当前注释：cysteine hydrolase family protein；WP=WP_012606841.1；AFE映射=完全匹配；2016直接GPR=无直接 GPR：已对原表 Table 1 全部 615 个 Reaction 行的 GRA/GPRA/PRA 列检索，未命中该已确认 AFE；论文=检索式已执行；Europe PMC 返回未见摘要精确别名命中；不等于无原始论文。。 数据库覆盖：Cysteine hydrolase-family sequence label only; KEGG record has no KO/EC/reaction. Specific substrate and reaction unresolved.	保留当前候选酶或辅因子功能；底物/产物或催化身份未充分确认，不新增精确反应	不评分	G54-R001;G54-R002;G54-R003;G54-R004;G54-R005	无可归属的精确小分子反应；不评分
																逐基因审查	G54-1051	G54			未确认	RU820_RS05430		当前 RefSeq GFF/CDS；UniProt/InterPro/Pfam；KEGG/Rhea/BioCyc/BRENDA/TCDB 适用性；Europe PMC；2016 原模型	当前注释：hypothetical protein；WP=WP_080513182.1；AFE映射=未映射；2016直接GPR=未确认唯一 B1 AFE，不能作逐AFE直接命中判定；已全行检查候选AFE字符串；论文=检索式已执行；Europe PMC 返回未见摘要精确别名命中；不等于无原始论文。。 数据库覆盖：UniProt mapping returned UniParc sequence match(es) 2026-09-25T15:58:12+08:00; no UniProtKB feature record. Other reaction databases remain as stated.	保留逐基因记录；当前未证实可加入或修改的精确反应/GPR	不评分	G54-R001;G54-R002;G54-R003;G54-R004;G54-R005	无可归属的精确小分子反应；不评分
																逐基因审查	G54-1052	G54			未确认	RU820_RS05435		当前 RefSeq GFF/CDS；UniProt/InterPro/Pfam；KEGG/Rhea/BioCyc/BRENDA/TCDB 适用性；Europe PMC；2016 原模型	当前注释：hypothetical protein；WP=WP_041645534.1；AFE映射=未映射；2016直接GPR=未确认唯一 B1 AFE，不能作逐AFE直接命中判定；已全行检查候选AFE字符串；论文=检索式已执行；Europe PMC 返回未见摘要精确别名命中；不等于无原始论文。。 数据库覆盖：UniProt mapping returned UniParc sequence match(es) 2026-09-25T15:58:12+08:00; no UniProtKB feature record. Other reaction databases remain as stated.	保留逐基因记录；当前未证实可加入或修改的精确反应/GPR	不评分	G54-R001;G54-R002;G54-R003;G54-R004;G54-R005	无可归属的精确小分子反应；不评分
																逐基因审查	G54-1053	G54			AFE_1135	RU820_RS05440		当前 RefSeq GFF/CDS；UniProt/InterPro/Pfam；KEGG/Rhea/BioCyc/BRENDA/TCDB 适用性；Europe PMC；2016 原模型	当前注释：hypothetical protein；WP=WP_012606844.1；AFE映射=完全匹配；2016直接GPR=无直接 GPR：已对原表 Table 1 全部 615 个 Reaction 行的 GRA/GPRA/PRA 列检索，未命中该已确认 AFE；论文=检索式已执行；Europe PMC 返回未见摘要精确别名命中；不等于无原始论文。。 数据库覆盖：UniProt RefSeq_Protein→UniProtKB batch mapping and mapped entries queried 2026-09-25T15:58:12+08:00; 1 mapped KB entries retained for this row. Other reaction databases remain as stated.	保留逐基因记录；当前未证实可加入或修改的精确反应/GPR	不评分	G54-R001;G54-R002;G54-R003;G54-R004;G54-R005	无可归属的精确小分子反应；不评分
																逐基因审查	G54-1054	G54			AFE_1136	RU820_RS05445		当前 RefSeq GFF/CDS；UniProt/InterPro/Pfam；KEGG/Rhea/BioCyc/BRENDA/TCDB 适用性；Europe PMC；2016 原模型	当前注释：DedA family protein；WP=WP_012606845.1；AFE映射=完全匹配；2016直接GPR=无直接 GPR：已对原表 Table 1 全部 615 个 Reaction 行的 GRA/GPRA/PRA 列检索，未命中该已确认 AFE；论文=仅有通用 gene/product 名称摘要命中；筛后未识别到精确本株来源，异株/同名命中不计作本株验证。。 数据库覆盖：UniProt RefSeq_Protein→UniProtKB batch mapping and mapped entries queried 2026-09-25T15:58:12+08:00; 1 mapped KB entries retained for this row. Other reaction databases remain as stated.	保留逐基因记录；当前未证实可加入或修改的精确反应/GPR	不评分	G54-R001;G54-R002;G54-R003;G54-R004;G54-R005	无可归属的精确小分子反应；不评分
																逐基因审查	G54-1055	G54		RXN0-7388	AFE_1137	RU820_RS05450		当前 RefSeq GFF/CDS；UniProt/InterPro/Pfam；KEGG/Rhea/BioCyc/BRENDA/TCDB 适用性；Europe PMC；2016 原模型	当前注释：ATP-dependent helicase；WP=WP_012606846.1；AFE映射=完全匹配；2016直接GPR=无直接 GPR：已对原表 Table 1 全部 615 个 Reaction 行的 GRA/GPRA/PRA 列检索，未命中该已确认 AFE；论文=仅有通用 gene/product 名称摘要命中；筛后未识别到精确本株来源，异株/同名命中不计作本株验证。。 反应原始记录裁决：ATP-dependent helicase 通常执行DNA/RNA解旋及核苷酸水解耦联；BioCyc RXN0-7388 链接无基因特异化学证据，不能据此建立代谢反应。 数据库覆盖：UniProt RefSeq_Protein→UniProtKB batch mapping and mapped entries queried 2026-09-25T15:58:12+08:00; 1 mapped KB entries retained for this row. Other reaction databases remain as stated.	保留候选并按原始反应记录裁决；未达到正式改模条件	不评分	G54-R001;G54-R002;G54-R003;G54-R004;G54-R005;G54-R006	无可归属的精确小分子反应；不评分
																逐基因审查	G54-1056	G54			AFE_1140	RU820_RS05455		当前 RefSeq GFF/CDS；UniProt/InterPro/Pfam；KEGG/Rhea/BioCyc/BRENDA/TCDB 适用性；Europe PMC；2016 原模型	当前注释：hypothetical protein；WP=WP_423365592.1；AFE映射=完全匹配；2016直接GPR=无直接 GPR：已对原表 Table 1 全部 615 个 Reaction 行的 GRA/GPRA/PRA 列检索，未命中该已确认 AFE；论文=检索式已执行；Europe PMC 返回未见摘要精确别名命中；不等于无原始论文。。 数据库覆盖：UniProt mapping returned UniParc sequence match(es) 2026-09-25T15:58:12+08:00; no UniProtKB feature record. Other reaction databases remain as stated.	保留逐基因记录；当前未证实可加入或修改的精确反应/GPR	不评分	G54-R001;G54-R002;G54-R003;G54-R004;G54-R005	无可归属的精确小分子反应；不评分
																逐基因审查	G54-1057	G54			AFE_1141	RU820_RS05460		当前 RefSeq GFF/CDS；UniProt/InterPro/Pfam；KEGG/Rhea/BioCyc/BRENDA/TCDB 适用性；Europe PMC；2016 原模型	当前注释：SPFH domain-containing protein；WP=WP_012606850.1；AFE映射=完全匹配；2016直接GPR=无直接 GPR：已对原表 Table 1 全部 615 个 Reaction 行的 GRA/GPRA/PRA 列检索，未命中该已确认 AFE；论文=仅有通用 gene/product 名称摘要命中；筛后未识别到精确本株来源，异株/同名命中不计作本株验证。。 数据库覆盖：UniProt RefSeq_Protein→UniProtKB batch mapping and mapped entries queried 2026-09-25T15:58:12+08:00; 1 mapped KB entries retained for this row. Other reaction databases remain as stated.	保留逐基因记录；当前未证实可加入或修改的精确反应/GPR	不评分	G54-R001;G54-R002;G54-R003;G54-R004;G54-R005	无可归属的精确小分子反应；不评分
																逐基因审查	G54-1058	G54			AFE_0550;AFE_1110;AFE_1142;AFE_1265;AFE_2432;AFE_2709;AFE_2972;AFE_3263	RU820_RS05465		当前 RefSeq GFF/CDS；UniProt/InterPro/Pfam；KEGG/Rhea/BioCyc/BRENDA/TCDB 适用性；Europe PMC；2016 原模型	当前注释：IS110-like element ISAfe3 family transposase；WP=WP_012606582.1；AFE映射=旁系同源/多重候选；2016直接GPR=未确认唯一 B1 AFE，不能作逐AFE直接命中判定；已全行检查候选AFE字符串；论文=检索式已执行；Europe PMC 返回未见摘要精确别名命中；不等于无原始论文。。 数据库覆盖：UniProt RefSeq_Protein→UniProtKB batch mapping and mapped entries queried 2026-09-25T15:58:12+08:00; 1 mapped KB entries retained for this row. Other reaction databases remain as stated.	保留逐基因记录；当前未证实可加入或修改的精确反应/GPR	不评分	G54-R001;G54-R002;G54-R003;G54-R004;G54-R005	无可归属的精确小分子反应；不评分
																逐基因审查	G54-1059	G54			未确认	RU820_RS05470		当前 RefSeq GFF/CDS；UniProt/InterPro/Pfam；KEGG/Rhea/BioCyc/BRENDA/TCDB 适用性；Europe PMC；2016 原模型	当前注释：hypothetical protein；WP=WP_041645546.1；AFE映射=未映射；2016直接GPR=未确认唯一 B1 AFE，不能作逐AFE直接命中判定；已全行检查候选AFE字符串；论文=检索式已执行；Europe PMC 返回未见摘要精确别名命中；不等于无原始论文。。 数据库覆盖：UniProt mapping returned UniParc sequence match(es) 2026-09-25T15:58:12+08:00; no UniProtKB feature record. Other reaction databases remain as stated.	保留逐基因记录；当前未证实可加入或修改的精确反应/GPR	不评分	G54-R001;G54-R002;G54-R003;G54-R004;G54-R005	无可归属的精确小分子反应；不评分
																逐基因审查	G54-1060	G54			未确认	RU820_RS05475		当前 RefSeq GFF/CDS；UniProt/InterPro/Pfam；KEGG/Rhea/BioCyc/BRENDA/TCDB 适用性；Europe PMC；2016 原模型	当前注释：hypothetical protein；WP=WP_148208608.1；AFE映射=未映射；2016直接GPR=未确认唯一 B1 AFE，不能作逐AFE直接命中判定；已全行检查候选AFE字符串；论文=检索式已执行；Europe PMC 返回未见摘要精确别名命中；不等于无原始论文。。 数据库覆盖：UniProt mapping returned UniParc sequence match(es) 2026-09-25T15:58:12+08:00; no UniProtKB feature record. Other reaction databases remain as stated.	保留逐基因记录；当前未证实可加入或修改的精确反应/GPR	不评分	G54-R001;G54-R002;G54-R003;G54-R004;G54-R005	无可归属的精确小分子反应；不评分
																逐基因审查	G54-1061	G54			AFE_1144	RU820_RS05480	10.1007/s12223-013-0244-8	当前 RefSeq GFF/CDS；UniProt/InterPro/Pfam；KEGG/Rhea/BioCyc/BRENDA/TCDB 适用性；Europe PMC；2016 原模型	当前注释：hypothetical protein；WP=WP_041645555.1；AFE映射=完全匹配；2016直接GPR=无直接 GPR：已对原表 Table 1 全部 615 个 Reaction 行的 GRA/GPRA/PRA 列检索，未命中该已确认 AFE；论文=PubMed原始摘要核实：AFE_1144在A. ferrooxidans DC被克隆并纳入金属胁迫表达分析；无ATCC23270/DSM14882实验。全文未能访问。。 精确旧 AFE 文献实验为异株，不能作本株转运测量。 数据库覆盖：UniProt mapping returned UniParc sequence match(es) 2026-09-25T15:58:12+08:00; no UniProtKB feature record. Other reaction databases remain as stated.	保留异株转运功能候选；底物、方向及本株证据不足以定反应	不评分	G54-R001;G54-R002;G54-R003;G54-R004;G54-R005;G54-S003	无可归属的精确小分子反应；不评分
																逐基因审查	G54-1062	G54			AFE_1145	RU820_RS05485		当前 RefSeq GFF/CDS；UniProt/InterPro/Pfam；KEGG/Rhea/BioCyc/BRENDA/TCDB 适用性；Europe PMC；2016 原模型	当前注释：tyrosine-type recombinase/integrase；WP=WP_012606853.1；AFE映射=完全匹配；2016直接GPR=无直接 GPR：已对原表 Table 1 全部 615 个 Reaction 行的 GRA/GPRA/PRA 列检索，未命中该已确认 AFE；论文=仅有通用 gene/product 名称摘要命中；筛后未识别到精确本株来源，异株/同名命中不计作本株验证。。 数据库覆盖：UniProt RefSeq_Protein→UniProtKB batch mapping and mapped entries queried 2026-09-25T15:58:12+08:00; 1 mapped KB entries retained for this row. Other reaction databases remain as stated.	保留逐基因记录；当前未证实可加入或修改的精确反应/GPR	不评分	G54-R001;G54-R002;G54-R003;G54-R004;G54-R005	无可归属的精确小分子反应；不评分
																逐基因审查	G54-1063	G54			AFE_1146	RU820_RS05490		当前 RefSeq GFF/CDS；UniProt/InterPro/Pfam；KEGG/Rhea/BioCyc/BRENDA/TCDB 适用性；Europe PMC；2016 原模型	当前注释：hypothetical protein；WP=WP_012606854.1；AFE映射=完全匹配；2016直接GPR=无直接 GPR：已对原表 Table 1 全部 615 个 Reaction 行的 GRA/GPRA/PRA 列检索，未命中该已确认 AFE；论文=检索式已执行；Europe PMC 返回未见摘要精确别名命中；不等于无原始论文。。 数据库覆盖：UniProt RefSeq_Protein→UniProtKB batch mapping and mapped entries queried 2026-09-25T15:58:12+08:00; 1 mapped KB entries retained for this row. Other reaction databases remain as stated.	保留逐基因记录；当前未证实可加入或修改的精确反应/GPR	不评分	G54-R001;G54-R002;G54-R003;G54-R004;G54-R005	无可归属的精确小分子反应；不评分
																逐基因审查	G54-1064	G54			AFE_1147	RU820_RS05495		当前 RefSeq GFF/CDS；UniProt/InterPro/Pfam；KEGG/Rhea/BioCyc/BRENDA/TCDB 适用性；Europe PMC；2016 原模型	当前注释：hypothetical protein；WP=WP_012606855.1；AFE映射=完全匹配；2016直接GPR=无直接 GPR：已对原表 Table 1 全部 615 个 Reaction 行的 GRA/GPRA/PRA 列检索，未命中该已确认 AFE；论文=检索式已执行；Europe PMC 返回未见摘要精确别名命中；不等于无原始论文。。 数据库覆盖：UniProt RefSeq_Protein→UniProtKB batch mapping and mapped entries queried 2026-09-25T15:58:12+08:00; 1 mapped KB entries retained for this row. Other reaction databases remain as stated.	保留逐基因记录；当前未证实可加入或修改的精确反应/GPR	不评分	G54-R001;G54-R002;G54-R003;G54-R004;G54-R005	无可归属的精确小分子反应；不评分
																逐基因审查	G54-1065	G54			AFE_1148	RU820_RS05500		当前 RefSeq GFF/CDS；UniProt/InterPro/Pfam；KEGG/Rhea/BioCyc/BRENDA/TCDB 适用性；Europe PMC；2016 原模型	当前注释：hypothetical protein；WP=WP_012606856.1；AFE映射=完全匹配；2016直接GPR=无直接 GPR：已对原表 Table 1 全部 615 个 Reaction 行的 GRA/GPRA/PRA 列检索，未命中该已确认 AFE；论文=检索式已执行；Europe PMC 返回未见摘要精确别名命中；不等于无原始论文。。 数据库覆盖：UniProt RefSeq_Protein→UniProtKB batch mapping and mapped entries queried 2026-09-25T15:58:12+08:00; 1 mapped KB entries retained for this row. Other reaction databases remain as stated.	保留逐基因记录；当前未证实可加入或修改的精确反应/GPR	不评分	G54-R001;G54-R002;G54-R003;G54-R004;G54-R005	无可归属的精确小分子反应；不评分
																逐基因审查	G54-1066	G54			AFE_1149	RU820_RS05505		当前 RefSeq GFF/CDS；UniProt/InterPro/Pfam；KEGG/Rhea/BioCyc/BRENDA/TCDB 适用性；Europe PMC；2016 原模型	当前注释：hypothetical protein；WP=WP_012606857.1；AFE映射=完全匹配；2016直接GPR=无直接 GPR：已对原表 Table 1 全部 615 个 Reaction 行的 GRA/GPRA/PRA 列检索，未命中该已确认 AFE；论文=检索式已执行；Europe PMC 返回未见摘要精确别名命中；不等于无原始论文。。 数据库覆盖：UniProt RefSeq_Protein→UniProtKB batch mapping and mapped entries queried 2026-09-25T15:58:12+08:00; 1 mapped KB entries retained for this row. Other reaction databases remain as stated.	保留逐基因记录；当前未证实可加入或修改的精确反应/GPR	不评分	G54-R001;G54-R002;G54-R003;G54-R004;G54-R005	无可归属的精确小分子反应；不评分
																逐基因审查	G54-1067	G54			AFE_1150	RU820_RS05510		当前 RefSeq GFF/CDS；UniProt/InterPro/Pfam；KEGG/Rhea/BioCyc/BRENDA/TCDB 适用性；Europe PMC；2016 原模型	当前注释：hypothetical protein；WP=WP_012606858.1；AFE映射=完全匹配；2016直接GPR=无直接 GPR：已对原表 Table 1 全部 615 个 Reaction 行的 GRA/GPRA/PRA 列检索，未命中该已确认 AFE；论文=检索式已执行；Europe PMC 返回未见摘要精确别名命中；不等于无原始论文。。 数据库覆盖：UniProt RefSeq_Protein→UniProtKB batch mapping and mapped entries queried 2026-09-25T15:58:12+08:00; 1 mapped KB entries retained for this row. Other reaction databases remain as stated.	保留逐基因记录；当前未证实可加入或修改的精确反应/GPR	不评分	G54-R001;G54-R002;G54-R003;G54-R004;G54-R005	无可归属的精确小分子反应；不评分
																逐基因审查	G54-1068	G54			AFE_1152	RU820_RS05515		当前 RefSeq GFF/CDS；UniProt/InterPro/Pfam；KEGG/Rhea/BioCyc/BRENDA/TCDB 适用性；Europe PMC；2016 原模型	当前注释：HNH endonuclease；WP=WP_012606860.1；AFE映射=完全匹配；2016直接GPR=无直接 GPR：已对原表 Table 1 全部 615 个 Reaction 行的 GRA/GPRA/PRA 列检索，未命中该已确认 AFE；论文=仅有通用 gene/product 名称摘要命中；筛后未识别到精确本株来源，异株/同名命中不计作本株验证。。 数据库覆盖：UniProt RefSeq_Protein→UniProtKB batch mapping and mapped entries queried 2026-09-25T15:58:12+08:00; 1 mapped KB entries retained for this row. Other reaction databases remain as stated.	保留逐基因记录；当前未证实可加入或修改的精确反应/GPR	不评分	G54-R001;G54-R002;G54-R003;G54-R004;G54-R005	无可归属的精确小分子反应；不评分
																逐基因审查	G54-1069	G54			AFE_1153	RU820_RS05520		当前 RefSeq GFF/CDS；UniProt/InterPro/Pfam；KEGG/Rhea/BioCyc/BRENDA/TCDB 适用性；Europe PMC；2016 原模型	当前注释：hypothetical protein；WP=WP_012606861.1；AFE映射=完全匹配；2016直接GPR=无直接 GPR：已对原表 Table 1 全部 615 个 Reaction 行的 GRA/GPRA/PRA 列检索，未命中该已确认 AFE；论文=检索式已执行；Europe PMC 返回未见摘要精确别名命中；不等于无原始论文。。 数据库覆盖：UniProt RefSeq_Protein→UniProtKB batch mapping and mapped entries queried 2026-09-25T15:58:12+08:00; 1 mapped KB entries retained for this row. Other reaction databases remain as stated.	保留逐基因记录；当前未证实可加入或修改的精确反应/GPR	不评分	G54-R001;G54-R002;G54-R003;G54-R004;G54-R005	无可归属的精确小分子反应；不评分
																逐基因审查	G54-1070	G54			未确认	RU820_RS05525		当前 RefSeq GFF/CDS；UniProt/InterPro/Pfam；KEGG/Rhea/BioCyc/BRENDA/TCDB 适用性；Europe PMC；2016 原模型	当前注释：hypothetical protein；WP=WP_041645573.1；AFE映射=未映射；2016直接GPR=未确认唯一 B1 AFE，不能作逐AFE直接命中判定；已全行检查候选AFE字符串；论文=检索式已执行；Europe PMC 返回未见摘要精确别名命中；不等于无原始论文。。 数据库覆盖：UniProt mapping returned UniParc sequence match(es) 2026-09-25T15:58:12+08:00; no UniProtKB feature record. Other reaction databases remain as stated.	保留逐基因记录；当前未证实可加入或修改的精确反应/GPR	不评分	G54-R001;G54-R002;G54-R003;G54-R004;G54-R005	无可归属的精确小分子反应；不评分
																逐基因审查	G54-1071	G54			未确认	RU820_RS05590		当前 RefSeq GFF/CDS；UniProt/InterPro/Pfam；KEGG/Rhea/BioCyc/BRENDA/TCDB 适用性；Europe PMC；2016 原模型	当前注释：hypothetical protein；WP=WP_041645583.1；AFE映射=未映射；2016直接GPR=未确认唯一 B1 AFE，不能作逐AFE直接命中判定；已全行检查候选AFE字符串；论文=检索式已执行；Europe PMC 返回未见摘要精确别名命中；不等于无原始论文。。 数据库覆盖：UniProt mapping returned UniParc sequence match(es) 2026-09-25T15:58:12+08:00; no UniProtKB feature record. Other reaction databases remain as stated.	保留逐基因记录；当前未证实可加入或修改的精确反应/GPR	不评分	G54-R001;G54-R002;G54-R003;G54-R004;G54-R005	无可归属的精确小分子反应；不评分
																逐基因审查	G54-1072	G54			未确认	RU820_RS05610		当前 RefSeq GFF/CDS；UniProt/InterPro/Pfam；KEGG/Rhea/BioCyc/BRENDA/TCDB 适用性；Europe PMC；2016 原模型	当前注释：hypothetical protein；WP=WP_041645589.1；AFE映射=未映射；2016直接GPR=未确认唯一 B1 AFE，不能作逐AFE直接命中判定；已全行检查候选AFE字符串；论文=检索式已执行；Europe PMC 返回未见摘要精确别名命中；不等于无原始论文。。 数据库覆盖：UniProt mapping returned UniParc sequence match(es) 2026-09-25T15:58:12+08:00; no UniProtKB feature record. Other reaction databases remain as stated.	保留逐基因记录；当前未证实可加入或修改的精确反应/GPR	不评分	G54-R001;G54-R002;G54-R003;G54-R004;G54-R005	无可归属的精确小分子反应；不评分
																逐基因审查	G54-1073	G54			AFE_1174	RU820_RS05630		当前 RefSeq GFF/CDS；UniProt/InterPro/Pfam；KEGG/Rhea/BioCyc/BRENDA/TCDB 适用性；Europe PMC；2016 原模型	当前注释：hypothetical protein；WP=WP_012606865.1；AFE映射=完全匹配；2016直接GPR=无直接 GPR：已对原表 Table 1 全部 615 个 Reaction 行的 GRA/GPRA/PRA 列检索，未命中该已确认 AFE；论文=检索式已执行；Europe PMC 返回未见摘要精确别名命中；不等于无原始论文。。 数据库覆盖：UniProt RefSeq_Protein→UniProtKB batch mapping and mapped entries queried 2026-09-25T15:58:12+08:00; 1 mapped KB entries retained for this row. Other reaction databases remain as stated.	保留逐基因记录；当前未证实可加入或修改的精确反应/GPR	不评分	G54-R001;G54-R002;G54-R003;G54-R004;G54-R005	无可归属的精确小分子反应；不评分
																逐基因审查	G54-1074	G54			未确认	RU820_RS05640		当前 RefSeq GFF/CDS；UniProt/InterPro/Pfam；KEGG/Rhea/BioCyc/BRENDA/TCDB 适用性；Europe PMC；2016 原模型	当前注释：hypothetical protein；WP=WP_041645592.1；AFE映射=未映射；2016直接GPR=未确认唯一 B1 AFE，不能作逐AFE直接命中判定；已全行检查候选AFE字符串；论文=检索式已执行；Europe PMC 返回未见摘要精确别名命中；不等于无原始论文。。 数据库覆盖：UniProt mapping returned UniParc sequence match(es) 2026-09-25T15:58:12+08:00; no UniProtKB feature record. Other reaction databases remain as stated.	保留逐基因记录；当前未证实可加入或修改的精确反应/GPR	不评分	G54-R001;G54-R002;G54-R003;G54-R004;G54-R005	无可归属的精确小分子反应；不评分
																逐基因审查	G54-1075	G54			AFE_1176	RU820_RS05645		当前 RefSeq GFF/CDS；UniProt/InterPro/Pfam；KEGG/Rhea/BioCyc/BRENDA/TCDB 适用性；Europe PMC；2016 原模型	当前注释：hypothetical protein；WP=WP_012606866.1；AFE映射=完全匹配；2016直接GPR=无直接 GPR：已对原表 Table 1 全部 615 个 Reaction 行的 GRA/GPRA/PRA 列检索，未命中该已确认 AFE；论文=检索式已执行；Europe PMC 返回未见摘要精确别名命中；不等于无原始论文。。 数据库覆盖：UniProt RefSeq_Protein→UniProtKB batch mapping and mapped entries queried 2026-09-25T15:58:12+08:00; 1 mapped KB entries retained for this row. Other reaction databases remain as stated.	保留逐基因记录；当前未证实可加入或修改的精确反应/GPR	不评分	G54-R001;G54-R002;G54-R003;G54-R004;G54-R005	无可归属的精确小分子反应；不评分
																逐基因审查	G54-1076	G54			未确认	RU820_RS05655		当前 RefSeq GFF/CDS；UniProt/InterPro/Pfam；KEGG/Rhea/BioCyc/BRENDA/TCDB 适用性；Europe PMC；2016 原模型	当前注释：hypothetical protein；WP=WP_041645597.1；AFE映射=未映射；2016直接GPR=未确认唯一 B1 AFE，不能作逐AFE直接命中判定；已全行检查候选AFE字符串；论文=检索式已执行；Europe PMC 返回未见摘要精确别名命中；不等于无原始论文。。 数据库覆盖：UniProt mapping returned UniParc sequence match(es) 2026-09-25T15:58:12+08:00; no UniProtKB feature record. Other reaction databases remain as stated.	保留逐基因记录；当前未证实可加入或修改的精确反应/GPR	不评分	G54-R001;G54-R002;G54-R003;G54-R004;G54-R005	无可归属的精确小分子反应；不评分
																逐基因审查	G54-1077	G54			未确认	RU820_RS05660		当前 RefSeq GFF/CDS；UniProt/InterPro/Pfam；KEGG/Rhea/BioCyc/BRENDA/TCDB 适用性；Europe PMC；2016 原模型	当前注释：hypothetical protein；WP=WP_423365463.1；AFE映射=未映射；2016直接GPR=未确认唯一 B1 AFE，不能作逐AFE直接命中判定；已全行检查候选AFE字符串；论文=检索式已执行；Europe PMC 返回未见摘要精确别名命中；不等于无原始论文。。 数据库覆盖：UniProt mapping returned UniParc sequence match(es) 2026-09-25T15:58:12+08:00; no UniProtKB feature record. Other reaction databases remain as stated.	保留逐基因记录；当前未证实可加入或修改的精确反应/GPR	不评分	G54-R001;G54-R002;G54-R003;G54-R004;G54-R005	无可归属的精确小分子反应；不评分
																逐基因审查	G54-1078	G54			AFE_1197	RU820_RS05745		当前 RefSeq GFF/CDS；UniProt/InterPro/Pfam；KEGG/Rhea/BioCyc/BRENDA/TCDB 适用性；Europe PMC；2016 原模型	当前注释：DUF4326 domain-containing protein；WP=WP_012606870.1；AFE映射=完全匹配；2016直接GPR=无直接 GPR：已对原表 Table 1 全部 615 个 Reaction 行的 GRA/GPRA/PRA 列检索，未命中该已确认 AFE；论文=检索式已执行；Europe PMC 返回未见摘要精确别名命中；不等于无原始论文。。 数据库覆盖：UniProt RefSeq_Protein→UniProtKB batch mapping and mapped entries queried 2026-09-25T15:58:12+08:00; 1 mapped KB entries retained for this row. Other reaction databases remain as stated.	保留逐基因记录；当前未证实可加入或修改的精确反应/GPR	不评分	G54-R001;G54-R002;G54-R003;G54-R004;G54-R005	无可归属的精确小分子反应；不评分
																逐基因审查	G54-1079	G54			未确认	RU820_RS05750		当前 RefSeq GFF/CDS；UniProt/InterPro/Pfam；KEGG/Rhea/BioCyc/BRENDA/TCDB 适用性；Europe PMC；2016 原模型	当前注释：hypothetical protein；WP=WP_041645602.1；AFE映射=未映射；2016直接GPR=未确认唯一 B1 AFE，不能作逐AFE直接命中判定；已全行检查候选AFE字符串；论文=检索式已执行；Europe PMC 返回未见摘要精确别名命中；不等于无原始论文。。 数据库覆盖：UniProt mapping returned UniParc sequence match(es) 2026-09-25T15:58:12+08:00; no UniProtKB feature record. Other reaction databases remain as stated.	保留逐基因记录；当前未证实可加入或修改的精确反应/GPR	不评分	G54-R001;G54-R002;G54-R003;G54-R004;G54-R005	无可归属的精确小分子反应；不评分
																逐基因审查	G54-1080	G54		3.1.26.4-RXN	AFE_1199	RU820_RS05755		当前 RefSeq GFF/CDS；UniProt/InterPro/Pfam；KEGG/Rhea/BioCyc/BRENDA/TCDB 适用性；Europe PMC；2016 原模型	当前注释：ribonuclease H family protein；WP=WP_012606872.1；AFE映射=完全匹配；2016直接GPR=无直接 GPR：已对原表 Table 1 全部 615 个 Reaction 行的 GRA/GPRA/PRA 列检索，未命中该已确认 AFE；论文=检索式已执行；Europe PMC 返回未见摘要精确别名命中；不等于无原始论文。。 反应原始记录裁决：RNase H 水解RNA:DNA杂交体中的RNA链，BioCyc/Rhea的EC反应是聚合物核酸底物反应；不作为小分子代谢反应纳入。 数据库覆盖：UniProt RefSeq_Protein→UniProtKB batch mapping and mapped entries queried 2026-09-25T15:58:12+08:00; 1 mapped KB entries retained for this row. Other reaction databases remain as stated.	记录核酸/移动元件加工功能；本轮无适用的小分子代谢模型反应	不评分	G54-R001;G54-R002;G54-R003;G54-R004;G54-R005;G54-R006	无可归属的精确小分子反应；不评分
																逐基因审查	G54-1081	G54			AFE_1200	RU820_RS05760		当前 RefSeq GFF/CDS；UniProt/InterPro/Pfam；KEGG/Rhea/BioCyc/BRENDA/TCDB 适用性；Europe PMC；2016 原模型	当前注释：hypothetical protein；WP=WP_012606873.1；AFE映射=完全匹配；2016直接GPR=无直接 GPR：已对原表 Table 1 全部 615 个 Reaction 行的 GRA/GPRA/PRA 列检索，未命中该已确认 AFE；论文=检索式已执行；Europe PMC 返回未见摘要精确别名命中；不等于无原始论文。。 数据库覆盖：UniProt RefSeq_Protein→UniProtKB batch mapping and mapped entries queried 2026-09-25T15:58:12+08:00; 1 mapped KB entries retained for this row. Other reaction databases remain as stated.	保留逐基因记录；当前未证实可加入或修改的精确反应/GPR	不评分	G54-R001;G54-R002;G54-R003;G54-R004;G54-R005	无可归属的精确小分子反应；不评分
																逐基因审查	G54-1082	G54			AFE_1201	RU820_RS05765		当前 RefSeq GFF/CDS；UniProt/InterPro/Pfam；KEGG/Rhea/BioCyc/BRENDA/TCDB 适用性；Europe PMC；2016 原模型	当前注释：heteromeric transposase endonuclease subunit TnsA；WP=WP_012606874.1；AFE映射=完全匹配；2016直接GPR=无直接 GPR：已对原表 Table 1 全部 615 个 Reaction 行的 GRA/GPRA/PRA 列检索，未命中该已确认 AFE；论文=检索式已执行；Europe PMC 返回未见摘要精确别名命中；不等于无原始论文。。 数据库覆盖：UniProt RefSeq_Protein→UniProtKB batch mapping and mapped entries queried 2026-09-25T15:58:12+08:00; 1 mapped KB entries retained for this row. Other reaction databases remain as stated.	保留逐基因记录；当前未证实可加入或修改的精确反应/GPR	不评分	G54-R001;G54-R002;G54-R003;G54-R004;G54-R005	无可归属的精确小分子反应；不评分
																逐基因审查	G54-1083	G54		RXN0-5100;RXN0-5131	AFE_1202	RU820_RS05770		当前 RefSeq GFF/CDS；UniProt/InterPro/Pfam；KEGG/Rhea/BioCyc/BRENDA/TCDB 适用性；Europe PMC；2016 原模型	当前注释：Mu transposase C-terminal domain-containing protein；WP=WP_012606875.1；AFE映射=完全匹配；2016直接GPR=无直接 GPR：已对原表 Table 1 全部 615 个 Reaction 行的 GRA/GPRA/PRA 列检索，未命中该已确认 AFE；论文=检索式已执行；Europe PMC 返回未见摘要精确别名命中；不等于无原始论文。。 反应原始记录裁决：Mu transposase 不执行小分子代谢；RXN0-5100/RXN0-5131 与转座/核酸酶数据库模板链接应按大分子/移动遗传元件反应剔除。 数据库覆盖：UniProt RefSeq_Protein→UniProtKB batch mapping and mapped entries queried 2026-09-25T15:58:12+08:00; 1 mapped KB entries retained for this row. Other reaction databases remain as stated.	记录核酸/移动元件加工功能；本轮无适用的小分子代谢模型反应	不评分	G54-R001;G54-R002;G54-R003;G54-R004;G54-R005;G54-R006	无可归属的精确小分子反应；不评分
																逐基因审查	G54-1084	G54			AFE_1203	RU820_RS05775		当前 RefSeq GFF/CDS；UniProt/InterPro/Pfam；KEGG/Rhea/BioCyc/BRENDA/TCDB 适用性；Europe PMC；2016 原模型	当前注释：ATP-binding protein；WP=WP_012606876.1；AFE映射=完全匹配；2016直接GPR=无直接 GPR：已对原表 Table 1 全部 615 个 Reaction 行的 GRA/GPRA/PRA 列检索，未命中该已确认 AFE；论文=仅有通用 gene/product 名称摘要命中；筛后未识别到精确本株来源，异株/同名命中不计作本株验证。。 数据库覆盖：UniProt RefSeq_Protein→UniProtKB batch mapping and mapped entries queried 2026-09-25T15:58:12+08:00; 1 mapped KB entries retained for this row. Other reaction databases remain as stated.	保留逐基因记录；当前未证实可加入或修改的精确反应/GPR	不评分	G54-R001;G54-R002;G54-R003;G54-R004;G54-R005	无可归属的精确小分子反应；不评分
																逐基因审查	G54-1085	G54			未确认	RU820_RS05780		当前 RefSeq GFF/CDS；UniProt/InterPro/Pfam；KEGG/Rhea/BioCyc/BRENDA/TCDB 适用性；Europe PMC；2016 原模型	当前注释：TnsD family transposase；WP=WP_423365467.1；AFE映射=未映射；2016直接GPR=未确认唯一 B1 AFE，不能作逐AFE直接命中判定；已全行检查候选AFE字符串；论文=检索式已执行；Europe PMC 返回未见摘要精确别名命中；不等于无原始论文。。 数据库覆盖：UniProt mapping returned UniParc sequence match(es) 2026-09-25T15:58:12+08:00; no UniProtKB feature record. Other reaction databases remain as stated.	保留逐基因记录；当前未证实可加入或修改的精确反应/GPR	不评分	G54-R001;G54-R002;G54-R003;G54-R004;G54-R005	无可归属的精确小分子反应；不评分
																逐基因审查	G54-1086	G54			未确认	RU820_RS05785		当前 RefSeq GFF/CDS；UniProt/InterPro/Pfam；KEGG/Rhea/BioCyc/BRENDA/TCDB 适用性；Europe PMC；2016 原模型	当前注释：hypothetical protein；WP=WP_423365469.1；AFE映射=未映射；2016直接GPR=未确认唯一 B1 AFE，不能作逐AFE直接命中判定；已全行检查候选AFE字符串；论文=检索式已执行；Europe PMC 返回未见摘要精确别名命中；不等于无原始论文。。 数据库覆盖：UniProt mapping returned UniParc sequence match(es) 2026-09-25T15:58:12+08:00; no UniProtKB feature record. Other reaction databases remain as stated.	保留逐基因记录；当前未证实可加入或修改的精确反应/GPR	不评分	G54-R001;G54-R002;G54-R003;G54-R004;G54-R005	无可归属的精确小分子反应；不评分
																逐基因审查	G54-1087	G54			AFE_1206	RU820_RS05790		当前 RefSeq GFF/CDS；UniProt/InterPro/Pfam；KEGG/Rhea/BioCyc/BRENDA/TCDB 适用性；Europe PMC；2016 原模型	当前注释：AAA family ATPase；WP=WP_012606879.1；AFE映射=完全匹配；2016直接GPR=无直接 GPR：已对原表 Table 1 全部 615 个 Reaction 行的 GRA/GPRA/PRA 列检索，未命中该已确认 AFE；论文=仅有通用 gene/product 名称摘要命中；筛后未识别到精确本株来源，异株/同名命中不计作本株验证。。 数据库覆盖：UniProt RefSeq_Protein→UniProtKB batch mapping and mapped entries queried 2026-09-25T15:58:12+08:00; 1 mapped KB entries retained for this row. Other reaction databases remain as stated.	保留逐基因记录；当前未证实可加入或修改的精确反应/GPR	不评分	G54-R001;G54-R002;G54-R003;G54-R004;G54-R005	无可归属的精确小分子反应；不评分
																逐基因审查	G54-1088	G54			未确认	RU820_RS05795		当前 RefSeq GFF/CDS；UniProt/InterPro/Pfam；KEGG/Rhea/BioCyc/BRENDA/TCDB 适用性；Europe PMC；2016 原模型	当前注释：autotransporter domain-containing protein；WP=WP_423365470.1；AFE映射=未映射；2016直接GPR=未确认唯一 B1 AFE，不能作逐AFE直接命中判定；已全行检查候选AFE字符串；论文=检索式已执行；Europe PMC 返回未见摘要精确别名命中；不等于无原始论文。。 数据库覆盖：UniProt mapping returned UniParc sequence match(es) 2026-09-25T15:58:12+08:00; no UniProtKB feature record. Other reaction databases remain as stated.	保留逐基因记录；当前未证实可加入或修改的精确反应/GPR	不评分	G54-R001;G54-R002;G54-R003;G54-R004;G54-R005	无可归属的精确小分子反应；不评分
																逐基因审查	G54-1089	G54			未确认	RU820_RS05805		当前 RefSeq GFF/CDS；UniProt/InterPro/Pfam；KEGG/Rhea/BioCyc/BRENDA/TCDB 适用性；Europe PMC；2016 原模型	当前注释：hypothetical protein；WP=WP_236608977.1；AFE映射=未映射；2016直接GPR=未确认唯一 B1 AFE，不能作逐AFE直接命中判定；已全行检查候选AFE字符串；论文=检索式已执行；Europe PMC 返回未见摘要精确别名命中；不等于无原始论文。。 数据库覆盖：UniProt mapping returned UniParc sequence match(es) 2026-09-25T15:58:12+08:00; no UniProtKB feature record. Other reaction databases remain as stated.	保留逐基因记录；当前未证实可加入或修改的精确反应/GPR	不评分	G54-R001;G54-R002;G54-R003;G54-R004;G54-R005	无可归属的精确小分子反应；不评分
																逐基因审查	G54-1090	G54			未确认	RU820_RS05810		当前 RefSeq GFF/CDS；UniProt/InterPro/Pfam；KEGG/Rhea/BioCyc/BRENDA/TCDB 适用性；Europe PMC；2016 原模型	当前注释：hypothetical protein；WP=WP_049759432.1；AFE映射=未映射；2016直接GPR=未确认唯一 B1 AFE，不能作逐AFE直接命中判定；已全行检查候选AFE字符串；论文=检索式已执行；Europe PMC 返回未见摘要精确别名命中；不等于无原始论文。。 数据库覆盖：UniProt mapping returned UniParc sequence match(es) 2026-09-25T15:58:12+08:00; no UniProtKB feature record. Other reaction databases remain as stated.	保留逐基因记录；当前未证实可加入或修改的精确反应/GPR	不评分	G54-R001;G54-R002;G54-R003;G54-R004;G54-R005	无可归属的精确小分子反应；不评分
																逐基因审查	G54-1091	G54			未确认	RU820_RS05815		当前 RefSeq GFF/CDS；UniProt/InterPro/Pfam；KEGG/Rhea/BioCyc/BRENDA/TCDB 适用性；Europe PMC；2016 原模型	当前注释：beta strand repeat-containing protein；WP=WP_423365615.1；AFE映射=未映射；2016直接GPR=未确认唯一 B1 AFE，不能作逐AFE直接命中判定；已全行检查候选AFE字符串；论文=仅有通用 gene/product 名称摘要命中；筛后未识别到精确本株来源，异株/同名命中不计作本株验证。。 数据库覆盖：UniProt mapping returned UniParc sequence match(es) 2026-09-25T15:58:12+08:00; no UniProtKB feature record. Other reaction databases remain as stated.	保留逐基因记录；当前未证实可加入或修改的精确反应/GPR	不评分	G54-R001;G54-R002;G54-R003;G54-R004;G54-R005	无可归属的精确小分子反应；不评分
																逐基因审查	G54-1092	G54			AFE_0550;AFE_1110;AFE_1142;AFE_1265;AFE_2432;AFE_2709;AFE_2972;AFE_3263	RU820_RS05820		当前 RefSeq GFF/CDS；UniProt/InterPro/Pfam；KEGG/Rhea/BioCyc/BRENDA/TCDB 适用性；Europe PMC；2016 原模型	当前注释：IS110-like element ISAfe3 family transposase；WP=WP_012606582.1；AFE映射=旁系同源/多重候选；2016直接GPR=未确认唯一 B1 AFE，不能作逐AFE直接命中判定；已全行检查候选AFE字符串；论文=检索式已执行；Europe PMC 返回未见摘要精确别名命中；不等于无原始论文。。 数据库覆盖：UniProt RefSeq_Protein→UniProtKB batch mapping and mapped entries queried 2026-09-25T15:58:12+08:00; 1 mapped KB entries retained for this row. Other reaction databases remain as stated.	保留逐基因记录；当前未证实可加入或修改的精确反应/GPR	不评分	G54-R001;G54-R002;G54-R003;G54-R004;G54-R005	无可归属的精确小分子反应；不评分
																逐基因审查	G54-1093	G54			未确认	RU820_RS05825		当前 RefSeq GFF/CDS；UniProt/InterPro/Pfam；KEGG/Rhea/BioCyc/BRENDA/TCDB 适用性；Europe PMC；2016 原模型	当前注释：hypothetical protein；WP=WP_423365472.1；AFE映射=未映射；2016直接GPR=未确认唯一 B1 AFE，不能作逐AFE直接命中判定；已全行检查候选AFE字符串；论文=检索式已执行；Europe PMC 返回未见摘要精确别名命中；不等于无原始论文。。 数据库覆盖：UniProt mapping returned UniParc sequence match(es) 2026-09-25T15:58:12+08:00; no UniProtKB feature record. Other reaction databases remain as stated.	保留逐基因记录；当前未证实可加入或修改的精确反应/GPR	不评分	G54-R001;G54-R002;G54-R003;G54-R004;G54-R005	无可归属的精确小分子反应；不评分
																逐基因审查	G54-1094	G54		R01252	AFE_1210	RU820_RS05830		当前 RefSeq GFF/CDS；UniProt/InterPro/Pfam；KEGG/Rhea/BioCyc/BRENDA/TCDB 适用性；Europe PMC；2016 原模型	当前注释：prolyl hydroxylase family protein；WP=WP_049759436.1；AFE映射=完全匹配；2016直接GPR=无直接 GPR：已对原表 Table 1 全部 615 个 Reaction 行的 GRA/GPRA/PRA 列检索，未命中该已确认 AFE；论文=检索式已执行；Europe PMC 返回未见摘要精确别名命中；不等于无原始论文。。 反应原始记录裁决：KEGG R01252 是脯氨酸羟化为羟脯氨酸、α-酮戊二酸耦联反应。产品仅为 prolyl hydroxylase family，须核对底物到底是游离脯氨酸还是蛋白脯氨酸，及是否本株执行该化学；若仅蛋白羟化属大分子修饰。 数据库覆盖：UniProt mapping returned UniParc sequence match(es) 2026-09-25T15:58:12+08:00; no UniProtKB feature record. Other reaction databases remain as stated.	保留候选并按原始反应记录裁决；未达到正式改模条件	不评分	G54-R001;G54-R002;G54-R003;G54-R004;G54-R005;G54-R006	无可归属的精确小分子反应；不评分
																逐基因审查	G54-1095	G54			AFE_1211	RU820_RS05835		当前 RefSeq GFF/CDS；UniProt/InterPro/Pfam；KEGG/Rhea/BioCyc/BRENDA/TCDB 适用性；Europe PMC；2016 原模型	当前注释：tetratricopeptide repeat-containing sulfotransferase family protein；WP=WP_012606884.1；AFE映射=完全匹配；2016直接GPR=无直接 GPR：已对原表 Table 1 全部 615 个 Reaction 行的 GRA/GPRA/PRA 列检索，未命中该已确认 AFE；论文=检索式已执行；Europe PMC 返回未见摘要精确别名命中；不等于无原始论文。。 数据库覆盖：KEGG gene page annotates TPR/sulfotransferase domain, with no KO/EC/reaction. Sulfate donor and acceptor substrate not identified.	保留当前候选酶或辅因子功能；底物/产物或催化身份未充分确认，不新增精确反应	不评分	G54-R001;G54-R002;G54-R003;G54-R004;G54-R005	无可归属的精确小分子反应；不评分
																逐基因审查	G54-1096	G54			AFE_1212	RU820_RS05840		当前 RefSeq GFF/CDS；UniProt/InterPro/Pfam；KEGG/Rhea/BioCyc/BRENDA/TCDB 适用性；Europe PMC；2016 原模型	当前注释：glycosyltransferase family 9 protein；WP=WP_012606885.1；AFE映射=完全匹配；2016直接GPR=无直接 GPR：已对原表 Table 1 全部 615 个 Reaction 行的 GRA/GPRA/PRA 列检索，未命中该已确认 AFE；论文=检索式已执行；Europe PMC 返回未见摘要精确别名命中；不等于无原始论文。。 数据库覆盖：Glycosyltransferase family 9 current annotation; KEGG record is conserved hypothetical with no KO/EC/reaction. Sugar donor, acceptor and linkage unresolved.	保留当前候选酶或辅因子功能；底物/产物或催化身份未充分确认，不新增精确反应	不评分	G54-R001;G54-R002;G54-R003;G54-R004;G54-R005	无可归属的精确小分子反应；不评分
																逐基因审查	G54-1097	G54			未确认	RU820_RS05845		当前 RefSeq GFF/CDS；UniProt/InterPro/Pfam；KEGG/Rhea/BioCyc/BRENDA/TCDB 适用性；Europe PMC；2016 原模型	当前注释：hypothetical protein；WP=WP_148208610.1；AFE映射=未映射；2016直接GPR=未确认唯一 B1 AFE，不能作逐AFE直接命中判定；已全行检查候选AFE字符串；论文=检索式已执行；Europe PMC 返回未见摘要精确别名命中；不等于无原始论文。。 数据库覆盖：UniProt mapping returned UniParc sequence match(es) 2026-09-25T15:58:12+08:00; no UniProtKB feature record. Other reaction databases remain as stated.	保留逐基因记录；当前未证实可加入或修改的精确反应/GPR	不评分	G54-R001;G54-R002;G54-R003;G54-R004;G54-R005	无可归属的精确小分子反应；不评分
																逐基因审查	G54-1098	G54			AFE_1214	RU820_RS05855		当前 RefSeq GFF/CDS；UniProt/InterPro/Pfam；KEGG/Rhea/BioCyc/BRENDA/TCDB 适用性；Europe PMC；2016 原模型	当前注释：hypothetical protein；WP=WP_012606887.1；AFE映射=完全匹配；2016直接GPR=无直接 GPR：已对原表 Table 1 全部 615 个 Reaction 行的 GRA/GPRA/PRA 列检索，未命中该已确认 AFE；论文=检索式已执行；Europe PMC 返回未见摘要精确别名命中；不等于无原始论文。。 数据库覆盖：UniProt RefSeq_Protein→UniProtKB batch mapping and mapped entries queried 2026-09-25T15:58:12+08:00; 1 mapped KB entries retained for this row. Other reaction databases remain as stated.	保留逐基因记录；当前未证实可加入或修改的精确反应/GPR	不评分	G54-R001;G54-R002;G54-R003;G54-R004;G54-R005	无可归属的精确小分子反应；不评分
																逐基因审查	G54-1099	G54		RXN0-5131	AFE_1215	RU820_RS05860		当前 RefSeq GFF/CDS；UniProt/InterPro/Pfam；KEGG/Rhea/BioCyc/BRENDA/TCDB 适用性；Europe PMC；2016 原模型	当前注释：RNA-guided endonuclease InsQ/TnpB family protein；WP=WP_012606888.1；AFE映射=完全匹配；2016直接GPR=无直接 GPR：已对原表 Table 1 全部 615 个 Reaction 行的 GRA/GPRA/PRA 列检索，未命中该已确认 AFE；论文=检索式已执行；Europe PMC 返回未见摘要精确别名命中；不等于无原始论文。。 反应原始记录裁决：TnpB 为RNA引导核酸内切酶，与小分子代谢无关；BioCyc RXN0-5131 对该蛋白的链接不作为代谢模型GPR。 数据库覆盖：UniProt RefSeq_Protein→UniProtKB batch mapping and mapped entries queried 2026-09-25T15:58:12+08:00; 1 mapped KB entries retained for this row. Other reaction databases remain as stated.	记录核酸/移动元件加工功能；本轮无适用的小分子代谢模型反应	不评分	G54-R001;G54-R002;G54-R003;G54-R004;G54-R005;G54-R006	无可归属的精确小分子反应；不评分
																逐基因审查	G54-1100	G54			AFE_1216	RU820_RS05865		当前 RefSeq GFF/CDS；UniProt/InterPro/Pfam；KEGG/Rhea/BioCyc/BRENDA/TCDB 适用性；Europe PMC；2016 原模型	当前注释：hypothetical protein；WP=WP_012606889.1；AFE映射=完全匹配；2016直接GPR=无直接 GPR：已对原表 Table 1 全部 615 个 Reaction 行的 GRA/GPRA/PRA 列检索，未命中该已确认 AFE；论文=检索式已执行；Europe PMC 返回未见摘要精确别名命中；不等于无原始论文。。 数据库覆盖：UniProt RefSeq_Protein→UniProtKB batch mapping and mapped entries queried 2026-09-25T15:58:12+08:00; 1 mapped KB entries retained for this row. Other reaction databases remain as stated.	保留逐基因记录；当前未证实可加入或修改的精确反应/GPR	不评分	G54-R001;G54-R002;G54-R003;G54-R004;G54-R005	无可归属的精确小分子反应；不评分
																逐基因审查	G54-1101	G54		RXN0-2584	AFE_1217	RU820_RS05870		当前 RefSeq GFF/CDS；UniProt/InterPro/Pfam；KEGG/Rhea/BioCyc/BRENDA/TCDB 适用性；Europe PMC；2016 原模型	当前注释：uracil-DNA glycosylase；WP=WP_012606890.1；AFE映射=完全匹配；2016直接GPR=无直接 GPR：已对原表 Table 1 全部 615 个 Reaction 行的 GRA/GPRA/PRA 列检索，未命中该已确认 AFE；论文=仅有通用 gene/product 名称摘要命中；筛后未识别到精确本株来源，异株/同名命中不计作本株验证。。 反应原始记录裁决：尿嘧啶-DNA糖基化酶从DNA切除尿嘧啶，属DNA修复/聚合物底物反应；不纳入常规代谢模型。 数据库覆盖：UniProt RefSeq_Protein→UniProtKB batch mapping and mapped entries queried 2026-09-25T15:58:12+08:00; 1 mapped KB entries retained for this row. Other reaction databases remain as stated.	记录核酸/移动元件加工功能；本轮无适用的小分子代谢模型反应	不评分	G54-R001;G54-R002;G54-R003;G54-R004;G54-R005;G54-R006	无可归属的精确小分子反应；不评分
																逐基因审查	G54-1102	G54			AFE_1218	RU820_RS05875		当前 RefSeq GFF/CDS；UniProt/InterPro/Pfam；KEGG/Rhea/BioCyc/BRENDA/TCDB 适用性；Europe PMC；2016 原模型	当前注释：ATP-grasp domain-containing protein；WP=WP_012606891.1；AFE映射=完全匹配；2016直接GPR=无直接 GPR：已对原表 Table 1 全部 615 个 Reaction 行的 GRA/GPRA/PRA 列检索，未命中该已确认 AFE；论文=仅有通用 gene/product 名称摘要命中；筛后未识别到精确本株来源，异株/同名命中不计作本株验证。。 数据库覆盖：ATP-grasp domain annotation; KEGG record has no KO/EC/reaction. ATP-dependent ligation substrate pair cannot be inferred.	保留当前候选酶或辅因子功能；底物/产物或催化身份未充分确认，不新增精确反应	不评分	G54-R001;G54-R002;G54-R003;G54-R004;G54-R005	无可归属的精确小分子反应；不评分
																逐基因审查	G54-1103	G54			未确认	RU820_RS05880		当前 RefSeq GFF/CDS；UniProt/InterPro/Pfam；KEGG/Rhea/BioCyc/BRENDA/TCDB 适用性；Europe PMC；2016 原模型	当前注释：DUF5131 family protein；WP=WP_049759437.1；AFE映射=未映射；2016直接GPR=未确认唯一 B1 AFE，不能作逐AFE直接命中判定；已全行检查候选AFE字符串；论文=检索式已执行；Europe PMC 返回未见摘要精确别名命中；不等于无原始论文。。 数据库覆盖：UniProt mapping returned UniParc sequence match(es) 2026-09-25T15:58:12+08:00; no UniProtKB feature record. Other reaction databases remain as stated.	保留逐基因记录；当前未证实可加入或修改的精确反应/GPR	不评分	G54-R001;G54-R002;G54-R003;G54-R004;G54-R005	无可归属的精确小分子反应；不评分
																逐基因审查	G54-1104	G54			未确认	RU820_RS05885		当前 RefSeq GFF/CDS；UniProt/InterPro/Pfam；KEGG/Rhea/BioCyc/BRENDA/TCDB 适用性；Europe PMC；2016 原模型	当前注释：DUF5131 family protein；WP=WP_049759438.1；AFE映射=未映射；2016直接GPR=未确认唯一 B1 AFE，不能作逐AFE直接命中判定；已全行检查候选AFE字符串；论文=检索式已执行；Europe PMC 返回未见摘要精确别名命中；不等于无原始论文。。 数据库覆盖：UniProt mapping returned UniParc sequence match(es) 2026-09-25T15:58:12+08:00; no UniProtKB feature record. Other reaction databases remain as stated.	保留逐基因记录；当前未证实可加入或修改的精确反应/GPR	不评分	G54-R001;G54-R002;G54-R003;G54-R004;G54-R005	无可归属的精确小分子反应；不评分
																逐基因审查	G54-1105	G54			AFE_1220	RU820_RS05890		当前 RefSeq GFF/CDS；UniProt/InterPro/Pfam；KEGG/Rhea/BioCyc/BRENDA/TCDB 适用性；Europe PMC；2016 原模型	当前注释：hypothetical protein；WP=WP_148208611.1；AFE映射=完全匹配；2016直接GPR=无直接 GPR：已对原表 Table 1 全部 615 个 Reaction 行的 GRA/GPRA/PRA 列检索，未命中该已确认 AFE；论文=检索式已执行；Europe PMC 返回未见摘要精确别名命中；不等于无原始论文。。 数据库覆盖：UniProt mapping returned UniParc sequence match(es) 2026-09-25T15:58:12+08:00; no UniProtKB feature record. Other reaction databases remain as stated.	保留逐基因记录；当前未证实可加入或修改的精确反应/GPR	不评分	G54-R001;G54-R002;G54-R003;G54-R004;G54-R005	无可归属的精确小分子反应；不评分
																逐基因审查	G54-1106	G54			AFE_1221	RU820_RS05895		当前 RefSeq GFF/CDS；UniProt/InterPro/Pfam；KEGG/Rhea/BioCyc/BRENDA/TCDB 适用性；Europe PMC；2016 原模型	当前注释：modification methylase；WP=WP_012606893.1；AFE映射=完全匹配；2016直接GPR=无直接 GPR：已对原表 Table 1 全部 615 个 Reaction 行的 GRA/GPRA/PRA 列检索，未命中该已确认 AFE；论文=仅有通用 gene/product 名称摘要命中；筛后未识别到精确本株来源，异株/同名命中不计作本株验证。。 数据库覆盖：UniProt RefSeq_Protein→UniProtKB batch mapping and mapped entries queried 2026-09-25T15:58:12+08:00; 1 mapped KB entries retained for this row. Other reaction databases remain as stated.	保留逐基因记录；当前未证实可加入或修改的精确反应/GPR	不评分	G54-R001;G54-R002;G54-R003;G54-R004;G54-R005	无可归属的精确小分子反应；不评分
																逐基因审查	G54-1107	G54			AFE_1222	RU820_RS05900		当前 RefSeq GFF/CDS；UniProt/InterPro/Pfam；KEGG/Rhea/BioCyc/BRENDA/TCDB 适用性；Europe PMC；2016 原模型	当前注释：outer membrane beta-barrel protein；WP=WP_012606894.1；AFE映射=完全匹配；2016直接GPR=无直接 GPR：已对原表 Table 1 全部 615 个 Reaction 行的 GRA/GPRA/PRA 列检索，未命中该已确认 AFE；论文=仅有通用 gene/product 名称摘要命中；筛后未识别到精确本株来源，异株/同名命中不计作本株验证。。 数据库覆盖：UniProt RefSeq_Protein→UniProtKB batch mapping and mapped entries queried 2026-09-25T15:58:12+08:00; 1 mapped KB entries retained for this row. Other reaction databases remain as stated.	保留逐基因记录；当前未证实可加入或修改的精确反应/GPR	不评分	G54-R001;G54-R002;G54-R003;G54-R004;G54-R005	无可归属的精确小分子反应；不评分
																逐基因审查	G54-1108	G54			AFE_1223	RU820_RS05905		当前 RefSeq GFF/CDS；UniProt/InterPro/Pfam；KEGG/Rhea/BioCyc/BRENDA/TCDB 适用性；Europe PMC；2016 原模型	当前注释：hypothetical protein；WP=WP_041645638.1；AFE映射=完全匹配；2016直接GPR=无直接 GPR：已对原表 Table 1 全部 615 个 Reaction 行的 GRA/GPRA/PRA 列检索，未命中该已确认 AFE；论文=检索式已执行；Europe PMC 返回未见摘要精确别名命中；不等于无原始论文。。 数据库覆盖：UniProt mapping returned UniParc sequence match(es) 2026-09-25T15:58:12+08:00; no UniProtKB feature record. Other reaction databases remain as stated.	保留逐基因记录；当前未证实可加入或修改的精确反应/GPR	不评分	G54-R001;G54-R002;G54-R003;G54-R004;G54-R005	无可归属的精确小分子反应；不评分
																逐基因审查	G54-1109	G54			AFE_1226	RU820_RS05910		当前 RefSeq GFF/CDS；UniProt/InterPro/Pfam；KEGG/Rhea/BioCyc/BRENDA/TCDB 适用性；Europe PMC；2016 原模型	当前注释：AAA family ATPase；WP=WP_012606898.1；AFE映射=完全匹配；2016直接GPR=无直接 GPR：已对原表 Table 1 全部 615 个 Reaction 行的 GRA/GPRA/PRA 列检索，未命中该已确认 AFE；论文=仅有通用 gene/product 名称摘要命中；筛后未识别到精确本株来源，异株/同名命中不计作本株验证。。 数据库覆盖：UniProt RefSeq_Protein→UniProtKB batch mapping and mapped entries queried 2026-09-25T15:58:12+08:00; 1 mapped KB entries retained for this row. Other reaction databases remain as stated.	保留逐基因记录；当前未证实可加入或修改的精确反应/GPR	不评分	G54-R001;G54-R002;G54-R003;G54-R004;G54-R005	无可归属的精确小分子反应；不评分
																逐基因审查	G54-1110	G54			AFE_1227	RU820_RS05915		当前 RefSeq GFF/CDS；UniProt/InterPro/Pfam；KEGG/Rhea/BioCyc/BRENDA/TCDB 适用性；Europe PMC；2016 原模型	当前注释：metallophosphoesterase family protein；WP=WP_012606899.1；AFE映射=完全匹配；2016直接GPR=无直接 GPR：已对原表 Table 1 全部 615 个 Reaction 行的 GRA/GPRA/PRA 列检索，未命中该已确认 AFE；论文=检索式已执行；Europe PMC 返回未见摘要精确别名命中；不等于无原始论文。。 数据库覆盖：KEGG calls Ser/Thr phosphatase family, no KO/EC/reaction. Specific protein substrate unresolved.	保留当前候选酶或辅因子功能；底物/产物或催化身份未充分确认，不新增精确反应	不评分	G54-R001;G54-R002;G54-R003;G54-R004;G54-R005	无可归属的精确小分子反应；不评分
																逐基因审查	G54-1111	G54			未确认	RU820_RS05920		当前 RefSeq GFF/CDS；UniProt/InterPro/Pfam；KEGG/Rhea/BioCyc/BRENDA/TCDB 适用性；Europe PMC；2016 原模型	当前注释：hypothetical protein；WP=WP_041645646.1；AFE映射=未映射；2016直接GPR=未确认唯一 B1 AFE，不能作逐AFE直接命中判定；已全行检查候选AFE字符串；论文=检索式已执行；Europe PMC 返回未见摘要精确别名命中；不等于无原始论文。。 数据库覆盖：UniProt mapping returned UniParc sequence match(es) 2026-09-25T15:58:12+08:00; no UniProtKB feature record. Other reaction databases remain as stated.	保留逐基因记录；当前未证实可加入或修改的精确反应/GPR	不评分	G54-R001;G54-R002;G54-R003;G54-R004;G54-R005	无可归属的精确小分子反应；不评分
																逐基因审查	G54-1112	G54			AFE_1229	RU820_RS05925		当前 RefSeq GFF/CDS；UniProt/InterPro/Pfam；KEGG/Rhea/BioCyc/BRENDA/TCDB 适用性；Europe PMC；2016 原模型	当前注释：EAL domain-containing protein；WP=WP_041645651.1；AFE映射=完全匹配；2016直接GPR=无直接 GPR：已对原表 Table 1 全部 615 个 Reaction 行的 GRA/GPRA/PRA 列检索，未命中该已确认 AFE；论文=仅有通用 gene/product 名称摘要命中；筛后未识别到精确本株来源，异株/同名命中不计作本株验证。。 数据库覆盖：EAL-domain annotation supports cyclic-di-GMP phosphodiesterase family as a candidate, but KEGG page gives no KO/EC/reaction; no substrate-level activity confirmed.	保留当前候选酶或辅因子功能；底物/产物或催化身份未充分确认，不新增精确反应	不评分	G54-R001;G54-R002;G54-R003;G54-R004;G54-R005	无可归属的精确小分子反应；不评分
																逐基因审查	G54-1113	G54		R00382	AFE_1230	RU820_RS05930		当前 RefSeq GFF/CDS；UniProt/InterPro/Pfam；KEGG/Rhea/BioCyc/BRENDA/TCDB 适用性；Europe PMC；2016 原模型	当前注释：BRCT domain-containing protein；WP=WP_012606902.1；AFE映射=完全匹配；2016直接GPR=无直接 GPR：已对原表 Table 1 全部 615 个 Reaction 行的 GRA/GPRA/PRA 列检索，未命中该已确认 AFE；论文=仅有通用 gene/product 名称摘要命中；筛后未识别到精确本株来源，异株/同名命中不计作本株验证。。 反应原始记录裁决：R00382 为 NAD依赖DNA连接酶连接DNA链并释放AMP/NMN；BRCT注释/K01972仅是线索。属于DNA修复大分子反应，不是小分子代谢反应。 数据库覆盖：UniProt RefSeq_Protein→UniProtKB batch mapping and mapped entries queried 2026-09-25T15:58:12+08:00; 1 mapped KB entries retained for this row. Other reaction databases remain as stated.	记录核酸/移动元件加工功能；本轮无适用的小分子代谢模型反应	不评分	G54-R001;G54-R002;G54-R003;G54-R004;G54-R005;G54-R006	无可归属的精确小分子反应；不评分
																逐基因审查	G54-1114	G54			AFE_1231	RU820_RS05935		当前 RefSeq GFF/CDS；UniProt/InterPro/Pfam；KEGG/Rhea/BioCyc/BRENDA/TCDB 适用性；Europe PMC；2016 原模型	当前注释：hypothetical protein；WP=WP_041645656.1；AFE映射=完全匹配；2016直接GPR=无直接 GPR：已对原表 Table 1 全部 615 个 Reaction 行的 GRA/GPRA/PRA 列检索，未命中该已确认 AFE；论文=检索式已执行；Europe PMC 返回未见摘要精确别名命中；不等于无原始论文。。 数据库覆盖：UniProt mapping returned UniParc sequence match(es) 2026-09-25T15:58:12+08:00; no UniProtKB feature record. Other reaction databases remain as stated.	保留逐基因记录；当前未证实可加入或修改的精确反应/GPR	不评分	G54-R001;G54-R002;G54-R003;G54-R004;G54-R005	无可归属的精确小分子反应；不评分
																逐基因审查	G54-1115	G54			未确认	RU820_RS05940		当前 RefSeq GFF/CDS；UniProt/InterPro/Pfam；KEGG/Rhea/BioCyc/BRENDA/TCDB 适用性；Europe PMC；2016 原模型	当前注释：hypothetical protein；WP=WP_041645660.1；AFE映射=未映射；2016直接GPR=未确认唯一 B1 AFE，不能作逐AFE直接命中判定；已全行检查候选AFE字符串；论文=检索式已执行；Europe PMC 返回未见摘要精确别名命中；不等于无原始论文。。 数据库覆盖：UniProt mapping returned UniParc sequence match(es) 2026-09-25T15:58:12+08:00; no UniProtKB feature record. Other reaction databases remain as stated.	保留逐基因记录；当前未证实可加入或修改的精确反应/GPR	不评分	G54-R001;G54-R002;G54-R003;G54-R004;G54-R005	无可归属的精确小分子反应；不评分
																逐基因审查	G54-1116	G54			未确认	RU820_RS05945		当前 RefSeq GFF/CDS；UniProt/InterPro/Pfam；KEGG/Rhea/BioCyc/BRENDA/TCDB 适用性；Europe PMC；2016 原模型	当前注释：hypothetical protein；WP=WP_206383199.1；AFE映射=未映射；2016直接GPR=未确认唯一 B1 AFE，不能作逐AFE直接命中判定；已全行检查候选AFE字符串；论文=检索式已执行；Europe PMC 返回未见摘要精确别名命中；不等于无原始论文。。 数据库覆盖：UniProt mapping returned UniParc sequence match(es) 2026-09-25T15:58:12+08:00; no UniProtKB feature record. Other reaction databases remain as stated.	保留逐基因记录；当前未证实可加入或修改的精确反应/GPR	不评分	G54-R001;G54-R002;G54-R003;G54-R004;G54-R005	无可归属的精确小分子反应；不评分
																逐基因审查	G54-1117	G54			AFE_1233	RU820_RS05950		当前 RefSeq GFF/CDS；UniProt/InterPro/Pfam；KEGG/Rhea/BioCyc/BRENDA/TCDB 适用性；Europe PMC；2016 原模型	当前注释：endonuclease domain-containing protein；WP=WP_012606905.1；AFE映射=完全匹配；2016直接GPR=无直接 GPR：已对原表 Table 1 全部 615 个 Reaction 行的 GRA/GPRA/PRA 列检索，未命中该已确认 AFE；论文=仅有通用 gene/product 名称摘要命中；筛后未识别到精确本株来源，异株/同名命中不计作本株验证。。 数据库覆盖：UniProt RefSeq_Protein→UniProtKB batch mapping and mapped entries queried 2026-09-25T15:58:12+08:00; 1 mapped KB entries retained for this row. Other reaction databases remain as stated.	保留逐基因记录；当前未证实可加入或修改的精确反应/GPR	不评分	G54-R001;G54-R002;G54-R003;G54-R004;G54-R005	无可归属的精确小分子反应；不评分
																逐基因审查	G54-1118	G54			AFE_1234	RU820_RS05955		当前 RefSeq GFF/CDS；UniProt/InterPro/Pfam；KEGG/Rhea/BioCyc/BRENDA/TCDB 适用性；Europe PMC；2016 原模型	当前注释：glycine zipper domain-containing protein；WP=WP_012606906.1；AFE映射=完全匹配；2016直接GPR=无直接 GPR：已对原表 Table 1 全部 615 个 Reaction 行的 GRA/GPRA/PRA 列检索，未命中该已确认 AFE；论文=检索式已执行；Europe PMC 返回未见摘要精确别名命中；不等于无原始论文。。 数据库覆盖：UniProt RefSeq_Protein→UniProtKB batch mapping and mapped entries queried 2026-09-25T15:58:12+08:00; 1 mapped KB entries retained for this row. Other reaction databases remain as stated.	保留逐基因记录；当前未证实可加入或修改的精确反应/GPR	不评分	G54-R001;G54-R002;G54-R003;G54-R004;G54-R005	无可归属的精确小分子反应；不评分
																逐基因审查	G54-1119	G54		TRANS-RXN-477	AFE_1235	RU820_RS05960		当前 RefSeq GFF/CDS；UniProt/InterPro/Pfam；KEGG/Rhea/BioCyc/BRENDA/TCDB 适用性；Europe PMC；2016 原模型	当前注释：lipoprotein；WP=WP_012606907.1；AFE映射=完全匹配；2016直接GPR=无直接 GPR：已对原表 Table 1 全部 615 个 Reaction 行的 GRA/GPRA/PRA 列检索，未命中该已确认 AFE；论文=仅有通用 gene/product 名称摘要命中；筛后未识别到精确本株来源，异株/同名命中不计作本株验证。。 反应原始记录裁决：仅 lipoprotein 产品，BioCyc TRANS-RXN-477 泛化运输交叉引用，没有具体底物/转运蛋白功能证据。 数据库覆盖：UniProt RefSeq_Protein→UniProtKB batch mapping and mapped entries queried 2026-09-25T15:58:12+08:00; 1 mapped KB entries retained for this row. Other reaction databases remain as stated.	保留候选并按原始反应记录裁决；未达到正式改模条件	不评分	G54-R001;G54-R002;G54-R003;G54-R004;G54-R005;G54-R006	无可归属的精确小分子反应；不评分
																逐基因审查	G54-1120	G54			AFE_1236	RU820_RS05965		当前 RefSeq GFF/CDS；UniProt/InterPro/Pfam；KEGG/Rhea/BioCyc/BRENDA/TCDB 适用性；Europe PMC；2016 原模型	当前注释：hypothetical protein；WP=WP_012606908.1；AFE映射=完全匹配；2016直接GPR=无直接 GPR：已对原表 Table 1 全部 615 个 Reaction 行的 GRA/GPRA/PRA 列检索，未命中该已确认 AFE；论文=检索式已执行；Europe PMC 返回未见摘要精确别名命中；不等于无原始论文。。 数据库覆盖：UniProt RefSeq_Protein→UniProtKB batch mapping and mapped entries queried 2026-09-25T15:58:12+08:00; 1 mapped KB entries retained for this row. Other reaction databases remain as stated.	保留逐基因记录；当前未证实可加入或修改的精确反应/GPR	不评分	G54-R001;G54-R002;G54-R003;G54-R004;G54-R005	无可归属的精确小分子反应；不评分
																逐基因审查	G54-1121	G54			AFE_1237	RU820_RS05970		当前 RefSeq GFF/CDS；UniProt/InterPro/Pfam；KEGG/Rhea/BioCyc/BRENDA/TCDB 适用性；Europe PMC；2016 原模型	当前注释：hypothetical protein；WP=WP_012606909.1；AFE映射=完全匹配；2016直接GPR=无直接 GPR：已对原表 Table 1 全部 615 个 Reaction 行的 GRA/GPRA/PRA 列检索，未命中该已确认 AFE；论文=检索式已执行；Europe PMC 返回未见摘要精确别名命中；不等于无原始论文。。 数据库覆盖：UniProt RefSeq_Protein→UniProtKB batch mapping and mapped entries queried 2026-09-25T15:58:12+08:00; 1 mapped KB entries retained for this row. Other reaction databases remain as stated.	保留逐基因记录；当前未证实可加入或修改的精确反应/GPR	不评分	G54-R001;G54-R002;G54-R003;G54-R004;G54-R005	无可归属的精确小分子反应；不评分
																逐基因审查	G54-1122	G54			未确认	RU820_RS05975		当前 RefSeq GFF/CDS；UniProt/InterPro/Pfam；KEGG/Rhea/BioCyc/BRENDA/TCDB 适用性；Europe PMC；2016 原模型	当前注释：hypothetical protein；WP=WP_041645674.1；AFE映射=未映射；2016直接GPR=未确认唯一 B1 AFE，不能作逐AFE直接命中判定；已全行检查候选AFE字符串；论文=检索式已执行；Europe PMC 返回未见摘要精确别名命中；不等于无原始论文。。 数据库覆盖：UniProt mapping returned UniParc sequence match(es) 2026-09-25T15:58:12+08:00; no UniProtKB feature record. Other reaction databases remain as stated.	保留逐基因记录；当前未证实可加入或修改的精确反应/GPR	不评分	G54-R001;G54-R002;G54-R003;G54-R004;G54-R005	无可归属的精确小分子反应；不评分
																逐基因审查	G54-1123	G54			AFE_1241	RU820_RS05980		当前 RefSeq GFF/CDS；UniProt/InterPro/Pfam；KEGG/Rhea/BioCyc/BRENDA/TCDB 适用性；Europe PMC；2016 原模型	当前注释：HU family DNA-binding protein；WP=WP_012606914.1；AFE映射=完全匹配；2016直接GPR=无直接 GPR：已对原表 Table 1 全部 615 个 Reaction 行的 GRA/GPRA/PRA 列检索，未命中该已确认 AFE；论文=仅有通用 gene/product 名称摘要命中；筛后未识别到精确本株来源，异株/同名命中不计作本株验证。。 数据库覆盖：UniProt RefSeq_Protein→UniProtKB batch mapping and mapped entries queried 2026-09-25T15:58:12+08:00; 1 mapped KB entries retained for this row. Other reaction databases remain as stated.	保留逐基因记录；当前未证实可加入或修改的精确反应/GPR	不评分	G54-R001;G54-R002;G54-R003;G54-R004;G54-R005	无可归属的精确小分子反应；不评分
																逐基因审查	G54-1124	G54			AFE_1243	RU820_RS05985		当前 RefSeq GFF/CDS；UniProt/InterPro/Pfam；KEGG/Rhea/BioCyc/BRENDA/TCDB 适用性；Europe PMC；2016 原模型	当前注释：hypothetical protein；WP=WP_012606915.1；AFE映射=完全匹配；2016直接GPR=无直接 GPR：已对原表 Table 1 全部 615 个 Reaction 行的 GRA/GPRA/PRA 列检索，未命中该已确认 AFE；论文=检索式已执行；Europe PMC 返回未见摘要精确别名命中；不等于无原始论文。。 数据库覆盖：UniProt RefSeq_Protein→UniProtKB batch mapping and mapped entries queried 2026-09-25T15:58:12+08:00; 1 mapped KB entries retained for this row. Other reaction databases remain as stated.	保留逐基因记录；当前未证实可加入或修改的精确反应/GPR	不评分	G54-R001;G54-R002;G54-R003;G54-R004;G54-R005	无可归属的精确小分子反应；不评分
																逐基因审查	G54-1125	G54			AFE_1244	RU820_RS05990		当前 RefSeq GFF/CDS；UniProt/InterPro/Pfam；KEGG/Rhea/BioCyc/BRENDA/TCDB 适用性；Europe PMC；2016 原模型	当前注释：hypothetical protein；WP=WP_012606916.1；AFE映射=完全匹配；2016直接GPR=无直接 GPR：已对原表 Table 1 全部 615 个 Reaction 行的 GRA/GPRA/PRA 列检索，未命中该已确认 AFE；论文=检索式已执行；Europe PMC 返回未见摘要精确别名命中；不等于无原始论文。。 数据库覆盖：UniProt RefSeq_Protein→UniProtKB batch mapping and mapped entries queried 2026-09-25T15:58:12+08:00; 1 mapped KB entries retained for this row. Other reaction databases remain as stated.	保留逐基因记录；当前未证实可加入或修改的精确反应/GPR	不评分	G54-R001;G54-R002;G54-R003;G54-R004;G54-R005	无可归属的精确小分子反应；不评分
																逐基因审查	G54-1126	G54			AFE_1245	RU820_RS05995		当前 RefSeq GFF/CDS；UniProt/InterPro/Pfam；KEGG/Rhea/BioCyc/BRENDA/TCDB 适用性；Europe PMC；2016 原模型	当前注释：hypothetical protein；WP=WP_012606917.1；AFE映射=完全匹配；2016直接GPR=无直接 GPR：已对原表 Table 1 全部 615 个 Reaction 行的 GRA/GPRA/PRA 列检索，未命中该已确认 AFE；论文=检索式已执行；Europe PMC 返回未见摘要精确别名命中；不等于无原始论文。。 数据库覆盖：UniProt RefSeq_Protein→UniProtKB batch mapping and mapped entries queried 2026-09-25T15:58:12+08:00; 1 mapped KB entries retained for this row. Other reaction databases remain as stated.	保留逐基因记录；当前未证实可加入或修改的精确反应/GPR	不评分	G54-R001;G54-R002;G54-R003;G54-R004;G54-R005	无可归属的精确小分子反应；不评分
																逐基因审查	G54-1127	G54			AFE_1246	RU820_RS06000		当前 RefSeq GFF/CDS；UniProt/InterPro/Pfam；KEGG/Rhea/BioCyc/BRENDA/TCDB 适用性；Europe PMC；2016 原模型	当前注释：hypothetical protein；WP=WP_012606918.1；AFE映射=完全匹配；2016直接GPR=无直接 GPR：已对原表 Table 1 全部 615 个 Reaction 行的 GRA/GPRA/PRA 列检索，未命中该已确认 AFE；论文=检索式已执行；Europe PMC 返回未见摘要精确别名命中；不等于无原始论文。。 数据库覆盖：UniProt RefSeq_Protein→UniProtKB batch mapping and mapped entries queried 2026-09-25T15:58:12+08:00; 1 mapped KB entries retained for this row. Other reaction databases remain as stated.	保留逐基因记录；当前未证实可加入或修改的精确反应/GPR	不评分	G54-R001;G54-R002;G54-R003;G54-R004;G54-R005	无可归属的精确小分子反应；不评分
																逐基因审查	G54-1128	G54			未确认	RU820_RS06005		当前 RefSeq GFF/CDS；UniProt/InterPro/Pfam；KEGG/Rhea/BioCyc/BRENDA/TCDB 适用性；Europe PMC；2016 原模型	当前注释：hypothetical protein；WP=WP_041645679.1；AFE映射=未映射；2016直接GPR=未确认唯一 B1 AFE，不能作逐AFE直接命中判定；已全行检查候选AFE字符串；论文=检索式已执行；Europe PMC 返回未见摘要精确别名命中；不等于无原始论文。。 数据库覆盖：UniProt mapping returned UniParc sequence match(es) 2026-09-25T15:58:12+08:00; no UniProtKB feature record. Other reaction databases remain as stated.	保留逐基因记录；当前未证实可加入或修改的精确反应/GPR	不评分	G54-R001;G54-R002;G54-R003;G54-R004;G54-R005	无可归属的精确小分子反应；不评分
																逐基因审查	G54-1129	G54			未确认	RU820_RS06010		当前 RefSeq GFF/CDS；UniProt/InterPro/Pfam；KEGG/Rhea/BioCyc/BRENDA/TCDB 适用性；Europe PMC；2016 原模型	当前注释：hypothetical protein；WP=WP_049759441.1；AFE映射=未映射；2016直接GPR=未确认唯一 B1 AFE，不能作逐AFE直接命中判定；已全行检查候选AFE字符串；论文=检索式已执行；Europe PMC 返回未见摘要精确别名命中；不等于无原始论文。。 数据库覆盖：UniProt mapping returned UniParc sequence match(es) 2026-09-25T15:58:12+08:00; no UniProtKB feature record. Other reaction databases remain as stated.	保留逐基因记录；当前未证实可加入或修改的精确反应/GPR	不评分	G54-R001;G54-R002;G54-R003;G54-R004;G54-R005	无可归属的精确小分子反应；不评分
																逐基因审查	G54-1130	G54			AFE_1250	RU820_RS06015		当前 RefSeq GFF/CDS；UniProt/InterPro/Pfam；KEGG/Rhea/BioCyc/BRENDA/TCDB 适用性；Europe PMC；2016 原模型	当前注释：hypothetical protein；WP=WP_012606922.1；AFE映射=完全匹配；2016直接GPR=无直接 GPR：已对原表 Table 1 全部 615 个 Reaction 行的 GRA/GPRA/PRA 列检索，未命中该已确认 AFE；论文=检索式已执行；Europe PMC 返回未见摘要精确别名命中；不等于无原始论文。。 数据库覆盖：UniProt RefSeq_Protein→UniProtKB batch mapping and mapped entries queried 2026-09-25T15:58:12+08:00; 1 mapped KB entries retained for this row. Other reaction databases remain as stated.	保留逐基因记录；当前未证实可加入或修改的精确反应/GPR	不评分	G54-R001;G54-R002;G54-R003;G54-R004;G54-R005	无可归属的精确小分子反应；不评分
																逐基因审查	G54-1131	G54			AFE_1251	RU820_RS06020		当前 RefSeq GFF/CDS；UniProt/InterPro/Pfam；KEGG/Rhea/BioCyc/BRENDA/TCDB 适用性；Europe PMC；2016 原模型	当前注释：type IV secretory system conjugative DNA transfer family protein；WP=WP_012606923.1；AFE映射=完全匹配；2016直接GPR=无直接 GPR：已对原表 Table 1 全部 615 个 Reaction 行的 GRA/GPRA/PRA 列检索，未命中该已确认 AFE；论文=检索式已执行；Europe PMC 返回未见摘要精确别名命中；不等于无原始论文。。 数据库覆盖：UniProt RefSeq_Protein→UniProtKB batch mapping and mapped entries queried 2026-09-25T15:58:12+08:00; 1 mapped KB entries retained for this row. Other reaction databases remain as stated.	保留逐基因记录；当前未证实可加入或修改的精确反应/GPR	不评分	G54-R001;G54-R002;G54-R003;G54-R004;G54-R005	无可归属的精确小分子反应；不评分
																逐基因审查	G54-1132	G54			未确认	RU820_RS06025		当前 RefSeq GFF/CDS；UniProt/InterPro/Pfam；KEGG/Rhea/BioCyc/BRENDA/TCDB 适用性；Europe PMC；2016 原模型	当前注释：hypothetical protein；WP=WP_041645682.1；AFE映射=未映射；2016直接GPR=未确认唯一 B1 AFE，不能作逐AFE直接命中判定；已全行检查候选AFE字符串；论文=检索式已执行；Europe PMC 返回未见摘要精确别名命中；不等于无原始论文。。 数据库覆盖：UniProt mapping returned UniParc sequence match(es) 2026-09-25T15:58:12+08:00; no UniProtKB feature record. Other reaction databases remain as stated.	保留逐基因记录；当前未证实可加入或修改的精确反应/GPR	不评分	G54-R001;G54-R002;G54-R003;G54-R004;G54-R005	无可归属的精确小分子反应；不评分
																逐基因审查	G54-1133	G54			未确认	RU820_RS06030		当前 RefSeq GFF/CDS；UniProt/InterPro/Pfam；KEGG/Rhea/BioCyc/BRENDA/TCDB 适用性；Europe PMC；2016 原模型	当前注释：hypothetical protein；WP=WP_148208612.1；AFE映射=未映射；2016直接GPR=未确认唯一 B1 AFE，不能作逐AFE直接命中判定；已全行检查候选AFE字符串；论文=检索式已执行；Europe PMC 返回未见摘要精确别名命中；不等于无原始论文。。 数据库覆盖：UniProt mapping returned UniParc sequence match(es) 2026-09-25T15:58:12+08:00; no UniProtKB feature record. Other reaction databases remain as stated.	保留逐基因记录；当前未证实可加入或修改的精确反应/GPR	不评分	G54-R001;G54-R002;G54-R003;G54-R004;G54-R005	无可归属的精确小分子反应；不评分
																逐基因审查	G54-1134	G54			未确认	RU820_RS06035		当前 RefSeq GFF/CDS；UniProt/InterPro/Pfam；KEGG/Rhea/BioCyc/BRENDA/TCDB 适用性；Europe PMC；2016 原模型	当前注释：hypothetical protein；WP=WP_041645693.1；AFE映射=未映射；2016直接GPR=未确认唯一 B1 AFE，不能作逐AFE直接命中判定；已全行检查候选AFE字符串；论文=检索式已执行；Europe PMC 返回未见摘要精确别名命中；不等于无原始论文。。 数据库覆盖：UniProt mapping returned UniParc sequence match(es) 2026-09-25T15:58:12+08:00; no UniProtKB feature record. Other reaction databases remain as stated.	保留逐基因记录；当前未证实可加入或修改的精确反应/GPR	不评分	G54-R001;G54-R002;G54-R003;G54-R004;G54-R005	无可归属的精确小分子反应；不评分
																逐基因审查	G54-1135	G54			AFE_1254	RU820_RS06040		当前 RefSeq GFF/CDS；UniProt/InterPro/Pfam；KEGG/Rhea/BioCyc/BRENDA/TCDB 适用性；Europe PMC；2016 原模型	当前注释：hypothetical protein；WP=WP_012606926.1；AFE映射=完全匹配；2016直接GPR=无直接 GPR：已对原表 Table 1 全部 615 个 Reaction 行的 GRA/GPRA/PRA 列检索，未命中该已确认 AFE；论文=检索式已执行；Europe PMC 返回未见摘要精确别名命中；不等于无原始论文。。 数据库覆盖：UniProt RefSeq_Protein→UniProtKB batch mapping and mapped entries queried 2026-09-25T15:58:12+08:00; 1 mapped KB entries retained for this row. Other reaction databases remain as stated.	保留逐基因记录；当前未证实可加入或修改的精确反应/GPR	不评分	G54-R001;G54-R002;G54-R003;G54-R004;G54-R005	无可归属的精确小分子反应；不评分
																逐基因审查	G54-1136	G54			AFE_1255	RU820_RS06045		当前 RefSeq GFF/CDS；UniProt/InterPro/Pfam；KEGG/Rhea/BioCyc/BRENDA/TCDB 适用性；Europe PMC；2016 原模型	当前注释：hypothetical protein；WP=WP_012606927.1；AFE映射=完全匹配；2016直接GPR=无直接 GPR：已对原表 Table 1 全部 615 个 Reaction 行的 GRA/GPRA/PRA 列检索，未命中该已确认 AFE；论文=检索式已执行；Europe PMC 返回未见摘要精确别名命中；不等于无原始论文。。 数据库覆盖：UniProt RefSeq_Protein→UniProtKB batch mapping and mapped entries queried 2026-09-25T15:58:12+08:00; 1 mapped KB entries retained for this row. Other reaction databases remain as stated.	保留逐基因记录；当前未证实可加入或修改的精确反应/GPR	不评分	G54-R001;G54-R002;G54-R003;G54-R004;G54-R005	无可归属的精确小分子反应；不评分
																逐基因审查	G54-1137	G54			AFE_1256	RU820_RS06050		当前 RefSeq GFF/CDS；UniProt/InterPro/Pfam；KEGG/Rhea/BioCyc/BRENDA/TCDB 适用性；Europe PMC；2016 原模型	当前注释：hypothetical protein；WP=WP_012606928.1；AFE映射=完全匹配；2016直接GPR=无直接 GPR：已对原表 Table 1 全部 615 个 Reaction 行的 GRA/GPRA/PRA 列检索，未命中该已确认 AFE；论文=检索式已执行；Europe PMC 返回未见摘要精确别名命中；不等于无原始论文。。 数据库覆盖：UniProt RefSeq_Protein→UniProtKB batch mapping and mapped entries queried 2026-09-25T15:58:12+08:00; 1 mapped KB entries retained for this row. Other reaction databases remain as stated.	保留逐基因记录；当前未证实可加入或修改的精确反应/GPR	不评分	G54-R001;G54-R002;G54-R003;G54-R004;G54-R005	无可归属的精确小分子反应；不评分
																逐基因审查	G54-1138	G54			AFE_1257	RU820_RS06055		当前 RefSeq GFF/CDS；UniProt/InterPro/Pfam；KEGG/Rhea/BioCyc/BRENDA/TCDB 适用性；Europe PMC；2016 原模型	当前注释：hypothetical protein；WP=WP_012606929.1；AFE映射=完全匹配；2016直接GPR=无直接 GPR：已对原表 Table 1 全部 615 个 Reaction 行的 GRA/GPRA/PRA 列检索，未命中该已确认 AFE；论文=检索式已执行；Europe PMC 返回未见摘要精确别名命中；不等于无原始论文。。 数据库覆盖：UniProt RefSeq_Protein→UniProtKB batch mapping and mapped entries queried 2026-09-25T15:58:12+08:00; 1 mapped KB entries retained for this row. Other reaction databases remain as stated.	保留逐基因记录；当前未证实可加入或修改的精确反应/GPR	不评分	G54-R001;G54-R002;G54-R003;G54-R004;G54-R005	无可归属的精确小分子反应；不评分
																逐基因审查	G54-1139	G54			AFE_1258	RU820_RS06060		当前 RefSeq GFF/CDS；UniProt/InterPro/Pfam；KEGG/Rhea/BioCyc/BRENDA/TCDB 适用性；Europe PMC；2016 原模型	当前注释：hypothetical protein；WP=WP_041645700.1；AFE映射=完全匹配；2016直接GPR=无直接 GPR：已对原表 Table 1 全部 615 个 Reaction 行的 GRA/GPRA/PRA 列检索，未命中该已确认 AFE；论文=检索式已执行；Europe PMC 返回未见摘要精确别名命中；不等于无原始论文。。 数据库覆盖：UniProt mapping returned UniParc sequence match(es) 2026-09-25T15:58:12+08:00; no UniProtKB feature record. Other reaction databases remain as stated.	保留逐基因记录；当前未证实可加入或修改的精确反应/GPR	不评分	G54-R001;G54-R002;G54-R003;G54-R004;G54-R005	无可归属的精确小分子反应；不评分
																逐基因审查	G54-1140	G54			AFE_1260	RU820_RS06065		当前 RefSeq GFF/CDS；UniProt/InterPro/Pfam；KEGG/Rhea/BioCyc/BRENDA/TCDB 适用性；Europe PMC；2016 原模型	当前注释：single-stranded DNA-binding protein；WP=WP_012606932.1；AFE映射=完全匹配；2016直接GPR=无直接 GPR：已对原表 Table 1 全部 615 个 Reaction 行的 GRA/GPRA/PRA 列检索，未命中该已确认 AFE；论文=仅有通用 gene/product 名称摘要命中；筛后未识别到精确本株来源，异株/同名命中不计作本株验证。。 数据库覆盖：UniProt RefSeq_Protein→UniProtKB batch mapping and mapped entries queried 2026-09-25T15:58:12+08:00; 1 mapped KB entries retained for this row. Other reaction databases remain as stated.	保留逐基因记录；当前未证实可加入或修改的精确反应/GPR	不评分	G54-R001;G54-R002;G54-R003;G54-R004;G54-R005	无可归属的精确小分子反应；不评分
																逐基因审查	G54-1141	G54			AFE_1263	RU820_RS06070		当前 RefSeq GFF/CDS；UniProt/InterPro/Pfam；KEGG/Rhea/BioCyc/BRENDA/TCDB 适用性；Europe PMC；2016 原模型	当前注释：AVAST type 3 anti-phage proein Avs3b；WP=WP_012606935.1；AFE映射=完全匹配；2016直接GPR=无直接 GPR：已对原表 Table 1 全部 615 个 Reaction 行的 GRA/GPRA/PRA 列检索，未命中该已确认 AFE；论文=检索式已执行；Europe PMC 返回未见摘要精确别名命中；不等于无原始论文。。 数据库覆盖：UniProt RefSeq_Protein→UniProtKB batch mapping and mapped entries queried 2026-09-25T15:58:12+08:00; 1 mapped KB entries retained for this row. Other reaction databases remain as stated.	保留逐基因记录；当前未证实可加入或修改的精确反应/GPR	不评分	G54-R001;G54-R002;G54-R003;G54-R004;G54-R005	无可归属的精确小分子反应；不评分
																逐基因审查	G54-1142	G54			AFE_1264	RU820_RS06075		当前 RefSeq GFF/CDS；UniProt/InterPro/Pfam；KEGG/Rhea/BioCyc/BRENDA/TCDB 适用性；Europe PMC；2016 原模型	当前注释：hypothetical protein；WP=WP_012606936.1；AFE映射=完全匹配；2016直接GPR=无直接 GPR：已对原表 Table 1 全部 615 个 Reaction 行的 GRA/GPRA/PRA 列检索，未命中该已确认 AFE；论文=检索式已执行；Europe PMC 返回未见摘要精确别名命中；不等于无原始论文。。 数据库覆盖：UniProt RefSeq_Protein→UniProtKB batch mapping and mapped entries queried 2026-09-25T15:58:12+08:00; 1 mapped KB entries retained for this row. Other reaction databases remain as stated.	保留逐基因记录；当前未证实可加入或修改的精确反应/GPR	不评分	G54-R001;G54-R002;G54-R003;G54-R004;G54-R005	无可归属的精确小分子反应；不评分
																逐基因审查	G54-1143	G54			AFE_0550;AFE_1110;AFE_1142;AFE_1265;AFE_2432;AFE_2709;AFE_2972;AFE_3263	RU820_RS06080		当前 RefSeq GFF/CDS；UniProt/InterPro/Pfam；KEGG/Rhea/BioCyc/BRENDA/TCDB 适用性；Europe PMC；2016 原模型	当前注释：IS110-like element ISAfe3 family transposase；WP=WP_012606582.1；AFE映射=旁系同源/多重候选；2016直接GPR=未确认唯一 B1 AFE，不能作逐AFE直接命中判定；已全行检查候选AFE字符串；论文=检索式已执行；Europe PMC 返回未见摘要精确别名命中；不等于无原始论文。。 数据库覆盖：UniProt RefSeq_Protein→UniProtKB batch mapping and mapped entries queried 2026-09-25T15:58:12+08:00; 1 mapped KB entries retained for this row. Other reaction databases remain as stated.	保留逐基因记录；当前未证实可加入或修改的精确反应/GPR	不评分	G54-R001;G54-R002;G54-R003;G54-R004;G54-R005	无可归属的精确小分子反应；不评分
																逐基因审查	G54-1144	G54			AFE_1266	RU820_RS06085		当前 RefSeq GFF/CDS；UniProt/InterPro/Pfam；KEGG/Rhea/BioCyc/BRENDA/TCDB 适用性；Europe PMC；2016 原模型	当前注释：NACHT domain-containing protein；WP=WP_012606937.1；AFE映射=完全匹配；2016直接GPR=无直接 GPR：已对原表 Table 1 全部 615 个 Reaction 行的 GRA/GPRA/PRA 列检索，未命中该已确认 AFE；论文=仅有通用 gene/product 名称摘要命中；筛后未识别到精确本株来源，异株/同名命中不计作本株验证。。 数据库覆盖：UniProt RefSeq_Protein→UniProtKB batch mapping and mapped entries queried 2026-09-25T15:58:12+08:00; 1 mapped KB entries retained for this row. Other reaction databases remain as stated.	保留逐基因记录；当前未证实可加入或修改的精确反应/GPR	不评分	G54-R001;G54-R002;G54-R003;G54-R004;G54-R005	无可归属的精确小分子反应；不评分
																逐基因审查	G54-1145	G54			AFE_1269	RU820_RS06090		当前 RefSeq GFF/CDS；UniProt/InterPro/Pfam；KEGG/Rhea/BioCyc/BRENDA/TCDB 适用性；Europe PMC；2016 原模型	当前注释：hypothetical protein；WP=WP_148208613.1；AFE映射=完全匹配；2016直接GPR=无直接 GPR：已对原表 Table 1 全部 615 个 Reaction 行的 GRA/GPRA/PRA 列检索，未命中该已确认 AFE；论文=检索式已执行；Europe PMC 返回未见摘要精确别名命中；不等于无原始论文。。 数据库覆盖：UniProt mapping returned UniParc sequence match(es) 2026-09-25T15:58:12+08:00; no UniProtKB feature record. Other reaction databases remain as stated.	保留逐基因记录；当前未证实可加入或修改的精确反应/GPR	不评分	G54-R001;G54-R002;G54-R003;G54-R004;G54-R005	无可归属的精确小分子反应；不评分
																逐基因审查	G54-1146	G54			AFE_1270	RU820_RS06095		当前 RefSeq GFF/CDS；UniProt/InterPro/Pfam；KEGG/Rhea/BioCyc/BRENDA/TCDB 适用性；Europe PMC；2016 原模型	当前注释：ERF family protein；WP=WP_012606941.1；AFE映射=完全匹配；2016直接GPR=无直接 GPR：已对原表 Table 1 全部 615 个 Reaction 行的 GRA/GPRA/PRA 列检索，未命中该已确认 AFE；论文=仅有通用 gene/product 名称摘要命中；筛后未识别到精确本株来源，异株/同名命中不计作本株验证。。 数据库覆盖：UniProt RefSeq_Protein→UniProtKB batch mapping and mapped entries queried 2026-09-25T15:58:12+08:00; 1 mapped KB entries retained for this row. Other reaction databases remain as stated.	保留逐基因记录；当前未证实可加入或修改的精确反应/GPR	不评分	G54-R001;G54-R002;G54-R003;G54-R004;G54-R005	无可归属的精确小分子反应；不评分
																逐基因审查	G54-1147	G54			AFE_1271	RU820_RS06100		当前 RefSeq GFF/CDS；UniProt/InterPro/Pfam；KEGG/Rhea/BioCyc/BRENDA/TCDB 适用性；Europe PMC；2016 原模型	当前注释：hypothetical protein；WP=WP_012606942.1；AFE映射=完全匹配；2016直接GPR=无直接 GPR：已对原表 Table 1 全部 615 个 Reaction 行的 GRA/GPRA/PRA 列检索，未命中该已确认 AFE；论文=检索式已执行；Europe PMC 返回未见摘要精确别名命中；不等于无原始论文。。 数据库覆盖：UniProt RefSeq_Protein→UniProtKB batch mapping and mapped entries queried 2026-09-25T15:58:12+08:00; 1 mapped KB entries retained for this row. Other reaction databases remain as stated.	保留逐基因记录；当前未证实可加入或修改的精确反应/GPR	不评分	G54-R001;G54-R002;G54-R003;G54-R004;G54-R005	无可归属的精确小分子反应；不评分
																逐基因审查	G54-1148	G54			AFE_1272	RU820_RS06105		当前 RefSeq GFF/CDS；UniProt/InterPro/Pfam；KEGG/Rhea/BioCyc/BRENDA/TCDB 适用性；Europe PMC；2016 原模型	当前注释：hypothetical protein；WP=WP_012606943.1；AFE映射=完全匹配；2016直接GPR=无直接 GPR：已对原表 Table 1 全部 615 个 Reaction 行的 GRA/GPRA/PRA 列检索，未命中该已确认 AFE；论文=检索式已执行；Europe PMC 返回未见摘要精确别名命中；不等于无原始论文。。 数据库覆盖：UniProt RefSeq_Protein→UniProtKB batch mapping and mapped entries queried 2026-09-25T15:58:12+08:00; 1 mapped KB entries retained for this row. Other reaction databases remain as stated.	保留逐基因记录；当前未证实可加入或修改的精确反应/GPR	不评分	G54-R001;G54-R002;G54-R003;G54-R004;G54-R005	无可归属的精确小分子反应；不评分
																逐基因审查	G54-1149	G54			AFE_1273	RU820_RS06110		当前 RefSeq GFF/CDS；UniProt/InterPro/Pfam；KEGG/Rhea/BioCyc/BRENDA/TCDB 适用性；Europe PMC；2016 原模型	当前注释：hypothetical protein；WP=WP_012606944.1；AFE映射=完全匹配；2016直接GPR=无直接 GPR：已对原表 Table 1 全部 615 个 Reaction 行的 GRA/GPRA/PRA 列检索，未命中该已确认 AFE；论文=检索式已执行；Europe PMC 返回未见摘要精确别名命中；不等于无原始论文。。 数据库覆盖：UniProt RefSeq_Protein→UniProtKB batch mapping and mapped entries queried 2026-09-25T15:58:12+08:00; 1 mapped KB entries retained for this row. Other reaction databases remain as stated.	保留逐基因记录；当前未证实可加入或修改的精确反应/GPR	不评分	G54-R001;G54-R002;G54-R003;G54-R004;G54-R005	无可归属的精确小分子反应；不评分
																逐基因审查	G54-1150	G54			未确认	RU820_RS06115		当前 RefSeq GFF/CDS；UniProt/InterPro/Pfam；KEGG/Rhea/BioCyc/BRENDA/TCDB 适用性；Europe PMC；2016 原模型	当前注释：hypothetical protein；WP=WP_041645725.1；AFE映射=未映射；2016直接GPR=未确认唯一 B1 AFE，不能作逐AFE直接命中判定；已全行检查候选AFE字符串；论文=检索式已执行；Europe PMC 返回未见摘要精确别名命中；不等于无原始论文。。 数据库覆盖：UniProt mapping returned UniParc sequence match(es) 2026-09-25T15:58:12+08:00; no UniProtKB feature record. Other reaction databases remain as stated.	保留逐基因记录；当前未证实可加入或修改的精确反应/GPR	不评分	G54-R001;G54-R002;G54-R003;G54-R004;G54-R005	无可归属的精确小分子反应；不评分
																逐基因审查	G54-1151	G54			AFE_1275	RU820_RS06120		当前 RefSeq GFF/CDS；UniProt/InterPro/Pfam；KEGG/Rhea/BioCyc/BRENDA/TCDB 适用性；Europe PMC；2016 原模型	当前注释：DUF3150 domain-containing protein；WP=WP_012606946.1；AFE映射=完全匹配；2016直接GPR=无直接 GPR：已对原表 Table 1 全部 615 个 Reaction 行的 GRA/GPRA/PRA 列检索，未命中该已确认 AFE；论文=检索式已执行；Europe PMC 返回未见摘要精确别名命中；不等于无原始论文。。 数据库覆盖：UniProt RefSeq_Protein→UniProtKB batch mapping and mapped entries queried 2026-09-25T15:58:12+08:00; 1 mapped KB entries retained for this row. Other reaction databases remain as stated.	保留逐基因记录；当前未证实可加入或修改的精确反应/GPR	不评分	G54-R001;G54-R002;G54-R003;G54-R004;G54-R005	无可归属的精确小分子反应；不评分
																逐基因审查	G54-1152	G54			AFE_1276	RU820_RS06125		当前 RefSeq GFF/CDS；UniProt/InterPro/Pfam；KEGG/Rhea/BioCyc/BRENDA/TCDB 适用性；Europe PMC；2016 原模型	当前注释：hypothetical protein；WP=WP_012606947.1；AFE映射=完全匹配；2016直接GPR=无直接 GPR：已对原表 Table 1 全部 615 个 Reaction 行的 GRA/GPRA/PRA 列检索，未命中该已确认 AFE；论文=检索式已执行；Europe PMC 返回未见摘要精确别名命中；不等于无原始论文。。 数据库覆盖：UniProt RefSeq_Protein→UniProtKB batch mapping and mapped entries queried 2026-09-25T15:58:12+08:00; 1 mapped KB entries retained for this row. Other reaction databases remain as stated.	保留逐基因记录；当前未证实可加入或修改的精确反应/GPR	不评分	G54-R001;G54-R002;G54-R003;G54-R004;G54-R005	无可归属的精确小分子反应；不评分
																逐基因审查	G54-1153	G54			AFE_1277	RU820_RS06130		当前 RefSeq GFF/CDS；UniProt/InterPro/Pfam；KEGG/Rhea/BioCyc/BRENDA/TCDB 适用性；Europe PMC；2016 原模型	当前注释：hypothetical protein；WP=WP_012606948.1；AFE映射=完全匹配；2016直接GPR=无直接 GPR：已对原表 Table 1 全部 615 个 Reaction 行的 GRA/GPRA/PRA 列检索，未命中该已确认 AFE；论文=检索式已执行；Europe PMC 返回未见摘要精确别名命中；不等于无原始论文。。 数据库覆盖：UniProt RefSeq_Protein→UniProtKB batch mapping and mapped entries queried 2026-09-25T15:58:12+08:00; 1 mapped KB entries retained for this row. Other reaction databases remain as stated.	保留逐基因记录；当前未证实可加入或修改的精确反应/GPR	不评分	G54-R001;G54-R002;G54-R003;G54-R004;G54-R005	无可归属的精确小分子反应；不评分
																逐基因审查	G54-1154	G54			AFE_1278	RU820_RS06135		当前 RefSeq GFF/CDS；UniProt/InterPro/Pfam；KEGG/Rhea/BioCyc/BRENDA/TCDB 适用性；Europe PMC；2016 原模型	当前注释：hypothetical protein；WP=WP_012606949.1；AFE映射=完全匹配；2016直接GPR=无直接 GPR：已对原表 Table 1 全部 615 个 Reaction 行的 GRA/GPRA/PRA 列检索，未命中该已确认 AFE；论文=检索式已执行；Europe PMC 返回未见摘要精确别名命中；不等于无原始论文。。 数据库覆盖：UniProt RefSeq_Protein→UniProtKB batch mapping and mapped entries queried 2026-09-25T15:58:12+08:00; 1 mapped KB entries retained for this row. Other reaction databases remain as stated.	保留逐基因记录；当前未证实可加入或修改的精确反应/GPR	不评分	G54-R001;G54-R002;G54-R003;G54-R004;G54-R005	无可归属的精确小分子反应；不评分
																逐基因审查	G54-1155	G54			AFE_1279	RU820_RS06140		当前 RefSeq GFF/CDS；UniProt/InterPro/Pfam；KEGG/Rhea/BioCyc/BRENDA/TCDB 适用性；Europe PMC；2016 原模型	当前注释：hypothetical protein；WP=WP_012606950.1；AFE映射=完全匹配；2016直接GPR=无直接 GPR：已对原表 Table 1 全部 615 个 Reaction 行的 GRA/GPRA/PRA 列检索，未命中该已确认 AFE；论文=检索式已执行；Europe PMC 返回未见摘要精确别名命中；不等于无原始论文。。 数据库覆盖：UniProt RefSeq_Protein→UniProtKB batch mapping and mapped entries queried 2026-09-25T15:58:12+08:00; 1 mapped KB entries retained for this row. Other reaction databases remain as stated.	保留逐基因记录；当前未证实可加入或修改的精确反应/GPR	不评分	G54-R001;G54-R002;G54-R003;G54-R004;G54-R005	无可归属的精确小分子反应；不评分
																逐基因审查	G54-1156	G54			未确认	RU820_RS06145		当前 RefSeq GFF/CDS；UniProt/InterPro/Pfam；KEGG/Rhea/BioCyc/BRENDA/TCDB 适用性；Europe PMC；2016 原模型	当前注释：hypothetical protein；WP=WP_041645736.1；AFE映射=未映射；2016直接GPR=未确认唯一 B1 AFE，不能作逐AFE直接命中判定；已全行检查候选AFE字符串；论文=检索式已执行；Europe PMC 返回未见摘要精确别名命中；不等于无原始论文。。 数据库覆盖：UniProt mapping returned UniParc sequence match(es) 2026-09-25T15:58:12+08:00; no UniProtKB feature record. Other reaction databases remain as stated.	保留逐基因记录；当前未证实可加入或修改的精确反应/GPR	不评分	G54-R001;G54-R002;G54-R003;G54-R004;G54-R005	无可归属的精确小分子反应；不评分
																逐基因审查	G54-1157	G54			AFE_1281	RU820_RS06150		当前 RefSeq GFF/CDS；UniProt/InterPro/Pfam；KEGG/Rhea/BioCyc/BRENDA/TCDB 适用性；Europe PMC；2016 原模型	当前注释：hypothetical protein；WP=WP_041645740.1；AFE映射=完全匹配；2016直接GPR=无直接 GPR：已对原表 Table 1 全部 615 个 Reaction 行的 GRA/GPRA/PRA 列检索，未命中该已确认 AFE；论文=检索式已执行；Europe PMC 返回未见摘要精确别名命中；不等于无原始论文。。 数据库覆盖：UniProt mapping returned UniParc sequence match(es) 2026-09-25T15:58:12+08:00; no UniProtKB feature record. Other reaction databases remain as stated.	保留逐基因记录；当前未证实可加入或修改的精确反应/GPR	不评分	G54-R001;G54-R002;G54-R003;G54-R004;G54-R005	无可归属的精确小分子反应；不评分
																逐基因审查	G54-1158	G54			AFE_1282	RU820_RS06155		当前 RefSeq GFF/CDS；UniProt/InterPro/Pfam；KEGG/Rhea/BioCyc/BRENDA/TCDB 适用性；Europe PMC；2016 原模型	当前注释：hypothetical protein；WP=WP_012606953.1；AFE映射=完全匹配；2016直接GPR=无直接 GPR：已对原表 Table 1 全部 615 个 Reaction 行的 GRA/GPRA/PRA 列检索，未命中该已确认 AFE；论文=检索式已执行；Europe PMC 返回未见摘要精确别名命中；不等于无原始论文。。 数据库覆盖：UniProt RefSeq_Protein→UniProtKB batch mapping and mapped entries queried 2026-09-25T15:58:12+08:00; 1 mapped KB entries retained for this row. Other reaction databases remain as stated.	保留逐基因记录；当前未证实可加入或修改的精确反应/GPR	不评分	G54-R001;G54-R002;G54-R003;G54-R004;G54-R005	无可归属的精确小分子反应；不评分
																逐基因审查	G54-1159	G54			AFE_1283	RU820_RS06160		当前 RefSeq GFF/CDS；UniProt/InterPro/Pfam；KEGG/Rhea/BioCyc/BRENDA/TCDB 适用性；Europe PMC；2016 原模型	当前注释：DUF4942 domain-containing protein；WP=WP_012606954.1；AFE映射=完全匹配；2016直接GPR=无直接 GPR：已对原表 Table 1 全部 615 个 Reaction 行的 GRA/GPRA/PRA 列检索，未命中该已确认 AFE；论文=检索式已执行；Europe PMC 返回未见摘要精确别名命中；不等于无原始论文。。 数据库覆盖：UniProt RefSeq_Protein→UniProtKB batch mapping and mapped entries queried 2026-09-25T15:58:12+08:00; 1 mapped KB entries retained for this row. Other reaction databases remain as stated.	保留逐基因记录；当前未证实可加入或修改的精确反应/GPR	不评分	G54-R001;G54-R002;G54-R003;G54-R004;G54-R005	无可归属的精确小分子反应；不评分
																逐基因审查	G54-1160	G54			AFE_1284	RU820_RS06165		当前 RefSeq GFF/CDS；UniProt/InterPro/Pfam；KEGG/Rhea/BioCyc/BRENDA/TCDB 适用性；Europe PMC；2016 原模型	当前注释：hypothetical protein；WP=WP_012606955.1；AFE映射=完全匹配；2016直接GPR=无直接 GPR：已对原表 Table 1 全部 615 个 Reaction 行的 GRA/GPRA/PRA 列检索，未命中该已确认 AFE；论文=检索式已执行；Europe PMC 返回未见摘要精确别名命中；不等于无原始论文。。 数据库覆盖：UniProt RefSeq_Protein→UniProtKB batch mapping and mapped entries queried 2026-09-25T15:58:12+08:00; 1 mapped KB entries retained for this row. Other reaction databases remain as stated.	保留逐基因记录；当前未证实可加入或修改的精确反应/GPR	不评分	G54-R001;G54-R002;G54-R003;G54-R004;G54-R005	无可归属的精确小分子反应；不评分
																逐基因审查	G54-1161	G54			AFE_1285	RU820_RS06170		当前 RefSeq GFF/CDS；UniProt/InterPro/Pfam；KEGG/Rhea/BioCyc/BRENDA/TCDB 适用性；Europe PMC；2016 原模型	当前注释：hypothetical protein；WP=WP_012606956.1；AFE映射=完全匹配；2016直接GPR=无直接 GPR：已对原表 Table 1 全部 615 个 Reaction 行的 GRA/GPRA/PRA 列检索，未命中该已确认 AFE；论文=检索式已执行；Europe PMC 返回未见摘要精确别名命中；不等于无原始论文。。 数据库覆盖：UniProt RefSeq_Protein→UniProtKB batch mapping and mapped entries queried 2026-09-25T15:58:12+08:00; 1 mapped KB entries retained for this row. Other reaction databases remain as stated.	保留逐基因记录；当前未证实可加入或修改的精确反应/GPR	不评分	G54-R001;G54-R002;G54-R003;G54-R004;G54-R005	无可归属的精确小分子反应；不评分
																逐基因审查	G54-1162	G54			AFE_1286	RU820_RS06175		当前 RefSeq GFF/CDS；UniProt/InterPro/Pfam；KEGG/Rhea/BioCyc/BRENDA/TCDB 适用性；Europe PMC；2016 原模型	当前注释：YqaJ viral recombinase family protein；WP=WP_049759443.1；AFE映射=完全匹配；2016直接GPR=无直接 GPR：已对原表 Table 1 全部 615 个 Reaction 行的 GRA/GPRA/PRA 列检索，未命中该已确认 AFE；论文=检索式已执行；Europe PMC 返回未见摘要精确别名命中；不等于无原始论文。。 数据库覆盖：UniProt mapping returned UniParc sequence match(es) 2026-09-25T15:58:12+08:00; no UniProtKB feature record. Other reaction databases remain as stated.	保留逐基因记录；当前未证实可加入或修改的精确反应/GPR	不评分	G54-R001;G54-R002;G54-R003;G54-R004;G54-R005	无可归属的精确小分子反应；不评分
																逐基因审查	G54-1163	G54			AFE_1287	RU820_RS06180		当前 RefSeq GFF/CDS；UniProt/InterPro/Pfam；KEGG/Rhea/BioCyc/BRENDA/TCDB 适用性；Europe PMC；2016 原模型	当前注释：hypothetical protein；WP=WP_012606958.1；AFE映射=完全匹配；2016直接GPR=无直接 GPR：已对原表 Table 1 全部 615 个 Reaction 行的 GRA/GPRA/PRA 列检索，未命中该已确认 AFE；论文=检索式已执行；Europe PMC 返回未见摘要精确别名命中；不等于无原始论文。。 数据库覆盖：UniProt RefSeq_Protein→UniProtKB batch mapping and mapped entries queried 2026-09-25T15:58:12+08:00; 1 mapped KB entries retained for this row. Other reaction databases remain as stated.	保留逐基因记录；当前未证实可加入或修改的精确反应/GPR	不评分	G54-R001;G54-R002;G54-R003;G54-R004;G54-R005	无可归属的精确小分子反应；不评分
																逐基因审查	G54-1164	G54			AFE_1288	RU820_RS06185		当前 RefSeq GFF/CDS；UniProt/InterPro/Pfam；KEGG/Rhea/BioCyc/BRENDA/TCDB 适用性；Europe PMC；2016 原模型	当前注释：hypothetical protein；WP=WP_012606959.1；AFE映射=完全匹配；2016直接GPR=无直接 GPR：已对原表 Table 1 全部 615 个 Reaction 行的 GRA/GPRA/PRA 列检索，未命中该已确认 AFE；论文=检索式已执行；Europe PMC 返回未见摘要精确别名命中；不等于无原始论文。。 数据库覆盖：UniProt RefSeq_Protein→UniProtKB batch mapping and mapped entries queried 2026-09-25T15:58:12+08:00; 1 mapped KB entries retained for this row. Other reaction databases remain as stated.	保留逐基因记录；当前未证实可加入或修改的精确反应/GPR	不评分	G54-R001;G54-R002;G54-R003;G54-R004;G54-R005	无可归属的精确小分子反应；不评分
																逐基因审查	G54-1165	G54			AFE_1289	RU820_RS06190		当前 RefSeq GFF/CDS；UniProt/InterPro/Pfam；KEGG/Rhea/BioCyc/BRENDA/TCDB 适用性；Europe PMC；2016 原模型	当前注释：hypothetical protein；WP=WP_041645744.1；AFE映射=完全匹配；2016直接GPR=无直接 GPR：已对原表 Table 1 全部 615 个 Reaction 行的 GRA/GPRA/PRA 列检索，未命中该已确认 AFE；论文=检索式已执行；Europe PMC 返回未见摘要精确别名命中；不等于无原始论文。。 数据库覆盖：UniProt mapping returned UniParc sequence match(es) 2026-09-25T15:58:12+08:00; no UniProtKB feature record. Other reaction databases remain as stated.	保留逐基因记录；当前未证实可加入或修改的精确反应/GPR	不评分	G54-R001;G54-R002;G54-R003;G54-R004;G54-R005	无可归属的精确小分子反应；不评分
																逐基因审查	G54-1166	G54			AFE_1290	RU820_RS06195		当前 RefSeq GFF/CDS；UniProt/InterPro/Pfam；KEGG/Rhea/BioCyc/BRENDA/TCDB 适用性；Europe PMC；2016 原模型	当前注释：hypothetical protein；WP=WP_012606961.1；AFE映射=完全匹配；2016直接GPR=无直接 GPR：已对原表 Table 1 全部 615 个 Reaction 行的 GRA/GPRA/PRA 列检索，未命中该已确认 AFE；论文=检索式已执行；Europe PMC 返回未见摘要精确别名命中；不等于无原始论文。。 数据库覆盖：UniProt RefSeq_Protein→UniProtKB batch mapping and mapped entries queried 2026-09-25T15:58:12+08:00; 1 mapped KB entries retained for this row. Other reaction databases remain as stated.	保留逐基因记录；当前未证实可加入或修改的精确反应/GPR	不评分	G54-R001;G54-R002;G54-R003;G54-R004;G54-R005	无可归属的精确小分子反应；不评分
																逐基因审查	G54-1167	G54			AFE_1291	RU820_RS06200		当前 RefSeq GFF/CDS；UniProt/InterPro/Pfam；KEGG/Rhea/BioCyc/BRENDA/TCDB 适用性；Europe PMC；2016 原模型	当前注释：hypothetical protein；WP=WP_012606962.1；AFE映射=完全匹配；2016直接GPR=无直接 GPR：已对原表 Table 1 全部 615 个 Reaction 行的 GRA/GPRA/PRA 列检索，未命中该已确认 AFE；论文=检索式已执行；Europe PMC 返回未见摘要精确别名命中；不等于无原始论文。。 数据库覆盖：UniProt RefSeq_Protein→UniProtKB batch mapping and mapped entries queried 2026-09-25T15:58:12+08:00; 1 mapped KB entries retained for this row. Other reaction databases remain as stated.	保留逐基因记录；当前未证实可加入或修改的精确反应/GPR	不评分	G54-R001;G54-R002;G54-R003;G54-R004;G54-R005	无可归属的精确小分子反应；不评分
																逐基因审查	G54-1168	G54			AFE_1292	RU820_RS06205		当前 RefSeq GFF/CDS；UniProt/InterPro/Pfam；KEGG/Rhea/BioCyc/BRENDA/TCDB 适用性；Europe PMC；2016 原模型	当前注释：hypothetical protein；WP=WP_012606963.1；AFE映射=完全匹配；2016直接GPR=无直接 GPR：已对原表 Table 1 全部 615 个 Reaction 行的 GRA/GPRA/PRA 列检索，未命中该已确认 AFE；论文=检索式已执行；Europe PMC 返回未见摘要精确别名命中；不等于无原始论文。。 数据库覆盖：UniProt RefSeq_Protein→UniProtKB batch mapping and mapped entries queried 2026-09-25T15:58:12+08:00; 1 mapped KB entries retained for this row. Other reaction databases remain as stated.	保留逐基因记录；当前未证实可加入或修改的精确反应/GPR	不评分	G54-R001;G54-R002;G54-R003;G54-R004;G54-R005	无可归属的精确小分子反应；不评分
																逐基因审查	G54-1169	G54			AFE_1293	RU820_RS06210		当前 RefSeq GFF/CDS；UniProt/InterPro/Pfam；KEGG/Rhea/BioCyc/BRENDA/TCDB 适用性；Europe PMC；2016 原模型	旧 AFE_1293 的 SQR 论文编号与结构序列冲突：PDB 3KPK 匹配组外 RU820_RS08260/AFE_1792，不匹配当前 115 aa WP_201763903.1。 数据库覆盖：序列长度与高度同源PDB蛋白冲突；不能将3KPK突变体反应或AFE_1293历史注释转给当前115 aa WP。需先核对当前基因组蛋白模型/序列。	纠正旧文献错误归属；本基因保持 hypothetical，不赋 SQR 反应或分数	不评分	G54-R001;G54-R002;G54-R003;G54-R004;G54-R005;G54-R010;G54-S004;G54-S008	无可归属的精确小分子反应；不评分
																逐基因审查	G54-1170	G54			AFE_1295	RU820_RS06215		当前 RefSeq GFF/CDS；UniProt/InterPro/Pfam；KEGG/Rhea/BioCyc/BRENDA/TCDB 适用性；Europe PMC；2016 原模型	当前注释：helix-turn-helix domain-containing protein；WP=WP_012606966.1；AFE映射=完全匹配；2016直接GPR=无直接 GPR：已对原表 Table 1 全部 615 个 Reaction 行的 GRA/GPRA/PRA 列检索，未命中该已确认 AFE；论文=仅有通用 gene/product 名称摘要命中；筛后未识别到精确本株来源，异株/同名命中不计作本株验证。。 数据库覆盖：UniProt RefSeq_Protein→UniProtKB batch mapping and mapped entries queried 2026-09-25T15:58:12+08:00; 1 mapped KB entries retained for this row. Other reaction databases remain as stated.	保留逐基因记录；当前未证实可加入或修改的精确反应/GPR	不评分	G54-R001;G54-R002;G54-R003;G54-R004;G54-R005	无可归属的精确小分子反应；不评分
																逐基因审查	G54-1171	G54			AFE_1296	RU820_RS06220		当前 RefSeq GFF/CDS；UniProt/InterPro/Pfam；KEGG/Rhea/BioCyc/BRENDA/TCDB 适用性；Europe PMC；2016 原模型	当前注释：CysB family HTH-type transcriptional regulator；WP=WP_012606967.1；AFE映射=完全匹配；2016直接GPR=无直接 GPR：已对原表 Table 1 全部 615 个 Reaction 行的 GRA/GPRA/PRA 列检索，未命中该已确认 AFE；论文=检索式已执行；Europe PMC 返回未见摘要精确别名命中；不等于无原始论文。。 数据库覆盖：UniProt RefSeq_Protein→UniProtKB batch mapping and mapped entries queried 2026-09-25T15:58:12+08:00; 1 mapped KB entries retained for this row. Other reaction databases remain as stated.	保留逐基因记录；当前未证实可加入或修改的精确反应/GPR	不评分	G54-R001;G54-R002;G54-R003;G54-R004;G54-R005	无可归属的精确小分子反应；不评分
																逐基因审查	G54-1172	G54		CobS 候选 K09882 / R05227 / RHEA:15341	AFE_1297	RU820_RS06225		当前 RefSeq GFF/CDS；UniProt/InterPro/Pfam；KEGG/Rhea/BioCyc/BRENDA/TCDB 适用性；Europe PMC；2016 原模型	现产品 AAA ATPase，旧注释 CobS；CobN/T 伙伴及本株酶活未确认，异株 Rhea 实验不能赋予单基因完整反应。 数据库覆盖：UniProt RefSeq_Protein→UniProtKB batch mapping and mapped entries queried 2026-09-25T15:58:12+08:00; 1 mapped KB entries retained for this row. Other reaction databases remain as stated.	保留 CobS 候选；先核蛋白域及 CobN/T 伙伴，再评估反应和 GPR	不评分	G54-R001;G54-R002;G54-R003;G54-R004;G54-R005;G54-R006;G54-R009	无可归属的精确小分子反应；不评分
