总序号	当前 RU820 locus	当前 WP protein_id	染色体坐标	当前 NCBI product	当前 gene 名	旧 RefSeq locus	CDS 条数	gene/CDS 坐标链向一致	假基因标记	旧 AFE locus	AFE 候选	AFE 映射依据	映射状态	KEGG KO	KEGG EC	KEGG reaction	BioCyc reaction ID	Rhea 交叉引用	2016 GPR反应	是否有反应ID线索	是否找到精确 reaction	动作	关联行 ID	审查状态	未决点	身份来源	交叉引用来源	本组同 WP 拷贝数
880	RU820_RS04570	WP_009563880.1	NZ_CP136162.1:872679-872882(-)	hypothetical protein		RU820_04545	1	是		AFE_0953		RefSeq protein_id exact	完全匹配							否	未找到	待逐基因证据裁决	G54-0880	身份与本地交叉引用已核；原始论文、蛋白域、化学及2016全字段对照未完成	核验 UniProt/InterPro/Pfam/KEGG/Rhea/BioCyc/BRENDA/TCDB、原始论文及反应定义	GCF_049532655.1 genomic.gff; CDS; 2026-09-22 本地下载	D3-1-R_全基因跨数据库交叉引用.tsv; 2026-09-23	1
881	RU820_RS04575	WP_012536460.1	NZ_CP136162.1:872895-874028(-)	cytochrome d ubiquinol oxidase subunit II	cydB	RU820_04550	1	是		AFE_0954		RefSeq protein_id exact	完全匹配	K00426	7.1.1.7	R11325	RXN-6883;RXN0-5266	RHEA:30255;RHEA:40527	CYTBD	是	待核实	待逐基因证据裁决	G54-0881	身份与本地交叉引用已核；原始论文、蛋白域、化学及2016全字段对照未完成	核验 UniProt/InterPro/Pfam/KEGG/Rhea/BioCyc/BRENDA/TCDB、原始论文及反应定义	GCF_049532655.1 genomic.gff; CDS; 2026-09-22 本地下载	D3-1-R_全基因跨数据库交叉引用.tsv; 2026-09-23	1
882	RU820_RS04580	WP_009567364.1	NZ_CP136162.1:874088-875722(-)	cytochrome ubiquinol oxidase subunit I		RU820_04555	1	是		AFE_0955		RefSeq protein_id exact	完全匹配	K00425	7.1.1.7	R11325	RXN0-5266;RXN0-5268	RHEA:30251;RHEA:40527	CYTBD	是	待核实	待逐基因证据裁决	G54-0882	身份与本地交叉引用已核；原始论文、蛋白域、化学及2016全字段对照未完成	核验 UniProt/InterPro/Pfam/KEGG/Rhea/BioCyc/BRENDA/TCDB、原始论文及反应定义	GCF_049532655.1 genomic.gff; CDS; 2026-09-22 本地下载	D3-1-R_全基因跨数据库交叉引用.tsv; 2026-09-23	1
883	RU820_RS04585	WP_009567365.1	NZ_CP136162.1:875733-876467(-)	MBL fold metallo-hydrolase		RU820_04560	1	是		AFE_0956		RefSeq protein_id exact	完全匹配							否	未找到	待逐基因证据裁决	G54-0883	身份与本地交叉引用已核；原始论文、蛋白域、化学及2016全字段对照未完成	核验 UniProt/InterPro/Pfam/KEGG/Rhea/BioCyc/BRENDA/TCDB、原始论文及反应定义	GCF_049532655.1 genomic.gff; CDS; 2026-09-22 本地下载	D3-1-R_全基因跨数据库交叉引用.tsv; 2026-09-23	1
884	RU820_RS04590	WP_009567366.1	NZ_CP136162.1:876773-878128(+)	sigma-54 interaction domain-containing protein		RU820_04565	1	是		AFE_0957		RefSeq protein_id exact	完全匹配							否	未找到	待逐基因证据裁决	G54-0884	身份与本地交叉引用已核；原始论文、蛋白域、化学及2016全字段对照未完成	核验 UniProt/InterPro/Pfam/KEGG/Rhea/BioCyc/BRENDA/TCDB、原始论文及反应定义	GCF_049532655.1 genomic.gff; CDS; 2026-09-22 本地下载	D3-1-R_全基因跨数据库交叉引用.tsv; 2026-09-23	1
885	RU820_RS04595	WP_012536461.1	NZ_CP136162.1:878112-878768(+)	alpha/beta hydrolase		RU820_04570	1	是		AFE_0959		RefSeq protein_id exact	完全匹配	K06999						否	未找到	待逐基因证据裁决	G54-0885	身份与本地交叉引用已核；原始论文、蛋白域、化学及2016全字段对照未完成	核验 UniProt/InterPro/Pfam/KEGG/Rhea/BioCyc/BRENDA/TCDB、原始论文及反应定义	GCF_049532655.1 genomic.gff; CDS; 2026-09-22 本地下载	D3-1-R_全基因跨数据库交叉引用.tsv; 2026-09-23	1
886	RU820_RS04600	WP_009565875.1	NZ_CP136162.1:878765-880183(-)	dihydrolipoyl dehydrogenase family protein		RU820_04575	1	是		AFE_0958		RefSeq protein_id exact	完全匹配	K00382	1.8.1.4	R00209;R01210;R01221;R01651;R01698;R01933;R03171;R03815;R07618;R08549		RHEA:15045;RHEA:27758;RHEA:33059		是	待核实	待逐基因证据裁决	G54-0886	身份与本地交叉引用已核；原始论文、蛋白域、化学及2016全字段对照未完成	核验 UniProt/InterPro/Pfam/KEGG/Rhea/BioCyc/BRENDA/TCDB、原始论文及反应定义	GCF_049532655.1 genomic.gff; CDS; 2026-09-22 本地下载	D3-1-R_全基因跨数据库交叉引用.tsv; 2026-09-23	1
887	RU820_RS04605	WP_012536462.1	NZ_CP136162.1:880587-882131(+)	glucan biosynthesis protein		RU820_04580	1	是		AFE_0960		RefSeq protein_id exact	完全匹配	K03670						否	未找到	待逐基因证据裁决	G54-0887	身份与本地交叉引用已核；原始论文、蛋白域、化学及2016全字段对照未完成	核验 UniProt/InterPro/Pfam/KEGG/Rhea/BioCyc/BRENDA/TCDB、原始论文及反应定义	GCF_049532655.1 genomic.gff; CDS; 2026-09-22 本地下载	D3-1-R_全基因跨数据库交叉引用.tsv; 2026-09-23	1
888	RU820_RS04610	WP_012536463.1	NZ_CP136162.1:882131-882634(+)	hypothetical protein		RU820_04585	1	是		AFE_0961		RefSeq protein_id exact	完全匹配							否	未找到	待逐基因证据裁决	G54-0888	身份与本地交叉引用已核；原始论文、蛋白域、化学及2016全字段对照未完成	核验 UniProt/InterPro/Pfam/KEGG/Rhea/BioCyc/BRENDA/TCDB、原始论文及反应定义	GCF_049532655.1 genomic.gff; CDS; 2026-09-22 本地下载	D3-1-R_全基因跨数据库交叉引用.tsv; 2026-09-23	1
889	RU820_RS04615	WP_012536464.1	NZ_CP136162.1:882637-884715(+)	glucans biosynthesis glucosyltransferase MdoH	mdoH	RU820_04590	1	是		AFE_0962		RefSeq protein_id exact	完全匹配	K03669						否	未找到	待逐基因证据裁决	G54-0889	身份与本地交叉引用已核；原始论文、蛋白域、化学及2016全字段对照未完成	核验 UniProt/InterPro/Pfam/KEGG/Rhea/BioCyc/BRENDA/TCDB、原始论文及反应定义	GCF_049532655.1 genomic.gff; CDS; 2026-09-22 本地下载	D3-1-R_全基因跨数据库交叉引用.tsv; 2026-09-23	1
890	RU820_RS04620	WP_012536465.1	NZ_CP136162.1:884734-885750(-)	complex I NDUFA9 subunit family protein		RU820_04595	1	是		AFE_0963		RefSeq protein_id exact	完全匹配							否	未找到	待逐基因证据裁决	G54-0890	身份与本地交叉引用已核；原始论文、蛋白域、化学及2016全字段对照未完成	核验 UniProt/InterPro/Pfam/KEGG/Rhea/BioCyc/BRENDA/TCDB、原始论文及反应定义	GCF_049532655.1 genomic.gff; CDS; 2026-09-22 本地下载	D3-1-R_全基因跨数据库交叉引用.tsv; 2026-09-23	1
891	RU820_RS04625	WP_012536466.1	NZ_CP136162.1:885877-886326(+)	DUF423 domain-containing protein		RU820_04600	1	是		AFE_0964		RefSeq protein_id exact	完全匹配							否	未找到	待逐基因证据裁决	G54-0891	身份与本地交叉引用已核；原始论文、蛋白域、化学及2016全字段对照未完成	核验 UniProt/InterPro/Pfam/KEGG/Rhea/BioCyc/BRENDA/TCDB、原始论文及反应定义	GCF_049532655.1 genomic.gff; CDS; 2026-09-22 本地下载	D3-1-R_全基因跨数据库交叉引用.tsv; 2026-09-23	1
892	RU820_RS04630	WP_012536467.1	NZ_CP136162.1:886307-886714(+)	hypothetical protein		RU820_04605	1	是		未确认			未映射							否	未找到	待逐基因证据裁决	G54-0892	身份与本地交叉引用已核；原始论文、蛋白域、化学及2016全字段对照未完成	核验 UniProt/InterPro/Pfam/KEGG/Rhea/BioCyc/BRENDA/TCDB、原始论文及反应定义	GCF_049532655.1 genomic.gff; CDS; 2026-09-22 本地下载	D3-1-R_全基因跨数据库交叉引用.tsv; 2026-09-23	1
893	RU820_RS04635	WP_012536468.1	NZ_CP136162.1:886753-888051(-)	hypothetical protein		RU820_04610	1	是		AFE_0966		RefSeq protein_id exact	完全匹配							否	未找到	待逐基因证据裁决	G54-0893	身份与本地交叉引用已核；原始论文、蛋白域、化学及2016全字段对照未完成	核验 UniProt/InterPro/Pfam/KEGG/Rhea/BioCyc/BRENDA/TCDB、原始论文及反应定义	GCF_049532655.1 genomic.gff; CDS; 2026-09-22 本地下载	D3-1-R_全基因跨数据库交叉引用.tsv; 2026-09-23	1
894	RU820_RS04640	WP_012536469.1	NZ_CP136162.1:888386-891799(-)	hypothetical protein		RU820_04615	1	是		AFE_0967		RefSeq protein_id exact	完全匹配							否	未找到	待逐基因证据裁决	G54-0894	身份与本地交叉引用已核；原始论文、蛋白域、化学及2016全字段对照未完成	核验 UniProt/InterPro/Pfam/KEGG/Rhea/BioCyc/BRENDA/TCDB、原始论文及反应定义	GCF_049532655.1 genomic.gff; CDS; 2026-09-22 本地下载	D3-1-R_全基因跨数据库交叉引用.tsv; 2026-09-23	1
895	RU820_RS04645	WP_012536470.1	NZ_CP136162.1:891796-892383(-)	PilX N-terminal domain-containing pilus assembly protein		RU820_04620	1	是		AFE_0968		RefSeq protein_id exact	完全匹配							否	未找到	待逐基因证据裁决	G54-0895	身份与本地交叉引用已核；原始论文、蛋白域、化学及2016全字段对照未完成	核验 UniProt/InterPro/Pfam/KEGG/Rhea/BioCyc/BRENDA/TCDB、原始论文及反应定义	GCF_049532655.1 genomic.gff; CDS; 2026-09-22 本地下载	D3-1-R_全基因跨数据库交叉引用.tsv; 2026-09-23	1
896	RU820_RS04650	WP_012536471.1	NZ_CP136162.1:892380-893513(-)	PilW family protein		RU820_04625	1	是		AFE_0969		RefSeq protein_id exact	完全匹配							否	未找到	待逐基因证据裁决	G54-0896	身份与本地交叉引用已核；原始论文、蛋白域、化学及2016全字段对照未完成	核验 UniProt/InterPro/Pfam/KEGG/Rhea/BioCyc/BRENDA/TCDB、原始论文及反应定义	GCF_049532655.1 genomic.gff; CDS; 2026-09-22 本地下载	D3-1-R_全基因跨数据库交叉引用.tsv; 2026-09-23	1
897	RU820_RS04655	WP_012536472.1	NZ_CP136162.1:893516-893989(-)	type IV pilus modification PilV family protein		RU820_04630	1	是		AFE_0970		RefSeq protein_id exact	完全匹配	K02671						否	未找到	待逐基因证据裁决	G54-0897	身份与本地交叉引用已核；原始论文、蛋白域、化学及2016全字段对照未完成	核验 UniProt/InterPro/Pfam/KEGG/Rhea/BioCyc/BRENDA/TCDB、原始论文及反应定义	GCF_049532655.1 genomic.gff; CDS; 2026-09-22 本地下载	D3-1-R_全基因跨数据库交叉引用.tsv; 2026-09-23	1
898	RU820_RS04660	WP_012536473.1	NZ_CP136162.1:894001-894567(-)	pilus assembly FimT family protein		RU820_04635	1	是		AFE_0971		RefSeq protein_id exact	完全匹配	K08084						否	未找到	待逐基因证据裁决	G54-0898	身份与本地交叉引用已核；原始论文、蛋白域、化学及2016全字段对照未完成	核验 UniProt/InterPro/Pfam/KEGG/Rhea/BioCyc/BRENDA/TCDB、原始论文及反应定义	GCF_049532655.1 genomic.gff; CDS; 2026-09-22 本地下载	D3-1-R_全基因跨数据库交叉引用.tsv; 2026-09-23	1
899	RU820_RS04665	WP_012536474.1	NZ_CP136162.1:894557-895816(-)	type II secretion system F family protein		RU820_04640	1	是		AFE_0972		RefSeq protein_id exact	完全匹配	K02653						否	未找到	待逐基因证据裁决	G54-0899	身份与本地交叉引用已核；原始论文、蛋白域、化学及2016全字段对照未完成	核验 UniProt/InterPro/Pfam/KEGG/Rhea/BioCyc/BRENDA/TCDB、原始论文及反应定义	GCF_049532655.1 genomic.gff; CDS; 2026-09-22 本地下载	D3-1-R_全基因跨数据库交叉引用.tsv; 2026-09-23	1
900	RU820_RS04670	WP_012536475.1	NZ_CP136162.1:895923-896927(-)	protease SohB	sohB	RU820_04645	1	是		AFE_0973		RefSeq protein_id exact	完全匹配	K04774						否	未找到	待逐基因证据裁决	G54-0900	身份与本地交叉引用已核；原始论文、蛋白域、化学及2016全字段对照未完成	核验 UniProt/InterPro/Pfam/KEGG/Rhea/BioCyc/BRENDA/TCDB、原始论文及反应定义	GCF_049532655.1 genomic.gff; CDS; 2026-09-22 本地下载	D3-1-R_全基因跨数据库交叉引用.tsv; 2026-09-23	1
901	RU820_RS04675	WP_012536476.1	NZ_CP136162.1:897035-897277(+)	MoaD/ThiS family protein		RU820_04650	1	是		AFE_0975		RefSeq protein_id exact	完全匹配	K03636						否	未找到	待逐基因证据裁决	G54-0901	身份与本地交叉引用已核；原始论文、蛋白域、化学及2016全字段对照未完成	核验 UniProt/InterPro/Pfam/KEGG/Rhea/BioCyc/BRENDA/TCDB、原始论文及反应定义	GCF_049532655.1 genomic.gff; CDS; 2026-09-22 本地下载	D3-1-R_全基因跨数据库交叉引用.tsv; 2026-09-23	1
902	RU820_RS04680	WP_012536477.1	NZ_CP136162.1:897280-897774(+)	molybdenum cofactor biosynthesis protein MoaE		RU820_04655	1	是		AFE_0976		RefSeq protein_id exact	完全匹配	K03635	2.8.1.12	R09395	RXN-8342	RHEA:26333		是	待核实	待逐基因证据裁决	G54-0902	身份与本地交叉引用已核；原始论文、蛋白域、化学及2016全字段对照未完成	核验 UniProt/InterPro/Pfam/KEGG/Rhea/BioCyc/BRENDA/TCDB、原始论文及反应定义	GCF_049532655.1 genomic.gff; CDS; 2026-09-22 本地下载	D3-1-R_全基因跨数据库交叉引用.tsv; 2026-09-23	1
903	RU820_RS04685	WP_009568900.1	NZ_CP136162.1:897781-898266(+)	YajQ family cyclic di-GMP-binding protein		RU820_04660	1	是		AFE_0977		RefSeq protein_id exact	完全匹配	K09767						否	未找到	待逐基因证据裁决	G54-0903	身份与本地交叉引用已核；原始论文、蛋白域、化学及2016全字段对照未完成	核验 UniProt/InterPro/Pfam/KEGG/Rhea/BioCyc/BRENDA/TCDB、原始论文及反应定义	GCF_049532655.1 genomic.gff; CDS; 2026-09-22 本地下载	D3-1-R_全基因跨数据库交叉引用.tsv; 2026-09-23	1
904	RU820_RS04690	WP_009568901.1	NZ_CP136162.1:898284-898613(+)	roadblock/LC7 domain-containing protein		RU820_04665	1	是		AFE_0978		RefSeq protein_id exact	完全匹配	K07131						否	未找到	待逐基因证据裁决	G54-0904	身份与本地交叉引用已核；原始论文、蛋白域、化学及2016全字段对照未完成	核验 UniProt/InterPro/Pfam/KEGG/Rhea/BioCyc/BRENDA/TCDB、原始论文及反应定义	GCF_049532655.1 genomic.gff; CDS; 2026-09-22 本地下载	D3-1-R_全基因跨数据库交叉引用.tsv; 2026-09-23	1
905	RU820_RS04695	WP_041645355.1	NZ_CP136162.1:898610-899737(+)	glycine cleavage system aminomethyltransferase GcvT	gcvT	RU820_04670	1	是		AFE_0979		RefSeq protein_id exact	完全匹配	K00605	2.1.2.10	R01221;R02300;R04125	GCVMULTI-RXN;GCVT-RXN	RHEA:16945;RHEA:27758		是	待核实	待逐基因证据裁决	G54-0905	身份与本地交叉引用已核；原始论文、蛋白域、化学及2016全字段对照未完成	核验 UniProt/InterPro/Pfam/KEGG/Rhea/BioCyc/BRENDA/TCDB、原始论文及反应定义	GCF_049532655.1 genomic.gff; CDS; 2026-09-22 本地下载	D3-1-R_全基因跨数据库交叉引用.tsv; 2026-09-23	1
906	RU820_RS04700	WP_009562478.1	NZ_CP136162.1:899734-900117(+)	glycine cleavage system protein GcvH	gcvH	RU820_04675	1	是		AFE_0980		RefSeq protein_id exact	完全匹配	K02437		R01221	GCVMULTI-RXN	RHEA:27758		是	待核实	待逐基因证据裁决	G54-0906	身份与本地交叉引用已核；原始论文、蛋白域、化学及2016全字段对照未完成	核验 UniProt/InterPro/Pfam/KEGG/Rhea/BioCyc/BRENDA/TCDB、原始论文及反应定义	GCF_049532655.1 genomic.gff; CDS; 2026-09-22 本地下载	D3-1-R_全基因跨数据库交叉引用.tsv; 2026-09-23	1
907	RU820_RS04705	WP_012536479.1	NZ_CP136162.1:900123-901466(+)	aminomethyl-transferring glycine dehydrogenase subunit GcvPA	gcvPA	RU820_04680	1	是		AFE_0981		RefSeq protein_id exact	完全匹配	K00282	1.4.4.2	R01221;R03425	GCVP-RXN	RHEA:24304;RHEA:27758		是	待核实	待逐基因证据裁决	G54-0907	身份与本地交叉引用已核；原始论文、蛋白域、化学及2016全字段对照未完成	核验 UniProt/InterPro/Pfam/KEGG/Rhea/BioCyc/BRENDA/TCDB、原始论文及反应定义	GCF_049532655.1 genomic.gff; CDS; 2026-09-22 本地下载	D3-1-R_全基因跨数据库交叉引用.tsv; 2026-09-23	1
908	RU820_RS04710	WP_049756738.1	NZ_CP136162.1:901472-902914(+)	aminomethyl-transferring glycine dehydrogenase subunit GcvPB	gcvPB	RU820_04685	1	是		AFE_0982		RefSeq protein_id exact	完全匹配	K00283	1.4.4.2	R01221;R03425	GCVP-RXN	RHEA:24304;RHEA:27758		是	待核实	待逐基因证据裁决	G54-0908	身份与本地交叉引用已核；原始论文、蛋白域、化学及2016全字段对照未完成	核验 UniProt/InterPro/Pfam/KEGG/Rhea/BioCyc/BRENDA/TCDB、原始论文及反应定义	GCF_049532655.1 genomic.gff; CDS; 2026-09-22 本地下载	D3-1-R_全基因跨数据库交叉引用.tsv; 2026-09-23	1
909	RU820_RS04715	WP_012536481.1	NZ_CP136162.1:902919-904607(-)	ABC transporter ATP-binding protein		RU820_04690	1	是		AFE_0983		RefSeq protein_id exact	完全匹配	K11085	7.5.2.6					否	未找到	待逐基因证据裁决	G54-0909	身份与本地交叉引用已核；原始论文、蛋白域、化学及2016全字段对照未完成	核验 UniProt/InterPro/Pfam/KEGG/Rhea/BioCyc/BRENDA/TCDB、原始论文及反应定义	GCF_049532655.1 genomic.gff; CDS; 2026-09-22 本地下载	D3-1-R_全基因跨数据库交叉引用.tsv; 2026-09-23	1
910	RU820_RS04720	WP_012536482.1	NZ_CP136162.1:904604-904927(-)	ferredoxin FdxA	fdxA	RU820_04695	1	是		AFE_0984		RefSeq protein_id exact	完全匹配	K05524						否	未找到	待逐基因证据裁决	G54-0910	身份与本地交叉引用已核；原始论文、蛋白域、化学及2016全字段对照未完成	核验 UniProt/InterPro/Pfam/KEGG/Rhea/BioCyc/BRENDA/TCDB、原始论文及反应定义	GCF_049532655.1 genomic.gff; CDS; 2026-09-22 本地下载	D3-1-R_全基因跨数据库交叉引用.tsv; 2026-09-23	1
911	RU820_RS04725	WP_012536483.1	NZ_CP136162.1:905214-905816(+)	peroxiredoxin		RU820_04700	1	是		AFE_0985		RefSeq protein_id exact	完全匹配	K03386	1.11.1.24					否	未找到	待逐基因证据裁决	G54-0911	身份与本地交叉引用已核；原始论文、蛋白域、化学及2016全字段对照未完成	核验 UniProt/InterPro/Pfam/KEGG/Rhea/BioCyc/BRENDA/TCDB、原始论文及反应定义	GCF_049532655.1 genomic.gff; CDS; 2026-09-22 本地下载	D3-1-R_全基因跨数据库交叉引用.tsv; 2026-09-23	1
912	RU820_RS04730	WP_012536484.1	NZ_CP136162.1:905915-906640(-)	hypothetical protein		RU820_04705	1	是		AFE_0986		RefSeq protein_id exact	完全匹配							否	未找到	待逐基因证据裁决	G54-0912	身份与本地交叉引用已核；原始论文、蛋白域、化学及2016全字段对照未完成	核验 UniProt/InterPro/Pfam/KEGG/Rhea/BioCyc/BRENDA/TCDB、原始论文及反应定义	GCF_049532655.1 genomic.gff; CDS; 2026-09-22 本地下载	D3-1-R_全基因跨数据库交叉引用.tsv; 2026-09-23	1
913	RU820_RS04735	WP_009564598.1	NZ_CP136162.1:906744-907604(+)	PHP domain-containing protein		RU820_04710	1	是		AFE_0987		RefSeq protein_id exact	完全匹配	K07053	3.1.3.97	R00188;R11188		RHEA:10040;RHEA:43532		是	待核实	待逐基因证据裁决	G54-0913	身份与本地交叉引用已核；原始论文、蛋白域、化学及2016全字段对照未完成	核验 UniProt/InterPro/Pfam/KEGG/Rhea/BioCyc/BRENDA/TCDB、原始论文及反应定义	GCF_049532655.1 genomic.gff; CDS; 2026-09-22 本地下载	D3-1-R_全基因跨数据库交叉引用.tsv; 2026-09-23	1
914	RU820_RS04740	WP_012536485.1	NZ_CP136162.1:907704-908744(+)	AI-2E family transporter		RU820_04715	1	是		AFE_0988		RefSeq protein_id exact	完全匹配							否	未找到	待逐基因证据裁决	G54-0914	身份与本地交叉引用已核；原始论文、蛋白域、化学及2016全字段对照未完成	核验 UniProt/InterPro/Pfam/KEGG/Rhea/BioCyc/BRENDA/TCDB、原始论文及反应定义	GCF_049532655.1 genomic.gff; CDS; 2026-09-22 本地下载	D3-1-R_全基因跨数据库交叉引用.tsv; 2026-09-23	1
915	RU820_RS04745	WP_012536486.1	NZ_CP136162.1:908850-909272(+)	hypothetical protein		RU820_04720	1	是		未确认			未映射							否	未找到	待逐基因证据裁决	G54-0915	身份与本地交叉引用已核；原始论文、蛋白域、化学及2016全字段对照未完成	核验 UniProt/InterPro/Pfam/KEGG/Rhea/BioCyc/BRENDA/TCDB、原始论文及反应定义	GCF_049532655.1 genomic.gff; CDS; 2026-09-22 本地下载	D3-1-R_全基因跨数据库交叉引用.tsv; 2026-09-23	1
916	RU820_RS04750	WP_012536487.1	NZ_CP136162.1:909326-909793(+)	hypothetical protein		RU820_04725	1	是		AFE_0990		RefSeq protein_id exact	完全匹配							否	未找到	待逐基因证据裁决	G54-0916	身份与本地交叉引用已核；原始论文、蛋白域、化学及2016全字段对照未完成	核验 UniProt/InterPro/Pfam/KEGG/Rhea/BioCyc/BRENDA/TCDB、原始论文及反应定义	GCF_049532655.1 genomic.gff; CDS; 2026-09-22 本地下载	D3-1-R_全基因跨数据库交叉引用.tsv; 2026-09-23	1
917	RU820_RS04755	WP_012536488.1	NZ_CP136162.1:909786-910553(+)	23S rRNA (guanosine(2251)-2'-O)-methyltransferase RlmB	rlmB	RU820_04730	1	是		AFE_0991		RefSeq protein_id exact	完全匹配	K03218	2.1.1.185		RXN-11588	RHEA:24140		是	待核实	待逐基因证据裁决	G54-0917	身份与本地交叉引用已核；原始论文、蛋白域、化学及2016全字段对照未完成	核验 UniProt/InterPro/Pfam/KEGG/Rhea/BioCyc/BRENDA/TCDB、原始论文及反应定义	GCF_049532655.1 genomic.gff; CDS; 2026-09-22 本地下载	D3-1-R_全基因跨数据库交叉引用.tsv; 2026-09-23	1
918	RU820_RS04760	WP_009561865.1	NZ_CP136162.1:910578-911351(+)	TatD family hydrolase		RU820_04735	1	是		AFE_0992		RefSeq protein_id exact	完全匹配	K03424						否	未找到	待逐基因证据裁决	G54-0918	身份与本地交叉引用已核；原始论文、蛋白域、化学及2016全字段对照未完成	核验 UniProt/InterPro/Pfam/KEGG/Rhea/BioCyc/BRENDA/TCDB、原始论文及反应定义	GCF_049532655.1 genomic.gff; CDS; 2026-09-22 本地下载	D3-1-R_全基因跨数据库交叉引用.tsv; 2026-09-23	1
919	RU820_RS04765	WP_012536489.1	NZ_CP136162.1:911348-912106(+)	MBL fold metallo-hydrolase		RU820_04740	1	是		AFE_0993		RefSeq protein_id exact	完全匹配	K06167	3.1.4.55	R10205				是	待核实	待逐基因证据裁决	G54-0919	身份与本地交叉引用已核；原始论文、蛋白域、化学及2016全字段对照未完成	核验 UniProt/InterPro/Pfam/KEGG/Rhea/BioCyc/BRENDA/TCDB、原始论文及反应定义	GCF_049532655.1 genomic.gff; CDS; 2026-09-22 本地下载	D3-1-R_全基因跨数据库交叉引用.tsv; 2026-09-23	1
920	RU820_RS04775	WP_374058766.1	NZ_CP136162.1:912277-913266(-)	tyrosine-type recombinase/integrase		RU820_04750	1	是		AFE_0995		RefSeq protein_id exact	完全匹配							否	未找到	待逐基因证据裁决	G54-0920	身份与本地交叉引用已核；原始论文、蛋白域、化学及2016全字段对照未完成	核验 UniProt/InterPro/Pfam/KEGG/Rhea/BioCyc/BRENDA/TCDB、原始论文及反应定义	GCF_049532655.1 genomic.gff; CDS; 2026-09-22 本地下载	D3-1-R_全基因跨数据库交叉引用.tsv; 2026-09-23	1
921	RU820_RS04780	WP_407918983.1	NZ_CP136162.1:913176-913637(-)	helix-turn-helix domain-containing protein			1	是		AFE_0996		RefSeq protein_id exact	完全匹配							否	未找到	待逐基因证据裁决	G54-0921	身份与本地交叉引用已核；原始论文、蛋白域、化学及2016全字段对照未完成	核验 UniProt/InterPro/Pfam/KEGG/Rhea/BioCyc/BRENDA/TCDB、原始论文及反应定义	GCF_049532655.1 genomic.gff; CDS; 2026-09-22 本地下载	D3-1-R_全基因跨数据库交叉引用.tsv; 2026-09-23	1
922	RU820_RS04785	WP_012606708.1	NZ_CP136162.1:913556-913978(-)	hypothetical protein		RU820_04755	1	是		AFE_0997		RefSeq protein_id exact	完全匹配							否	未找到	待逐基因证据裁决	G54-0922	身份与本地交叉引用已核；原始论文、蛋白域、化学及2016全字段对照未完成	核验 UniProt/InterPro/Pfam/KEGG/Rhea/BioCyc/BRENDA/TCDB、原始论文及反应定义	GCF_049532655.1 genomic.gff; CDS; 2026-09-22 本地下载	D3-1-R_全基因跨数据库交叉引用.tsv; 2026-09-23	1
923	RU820_RS04790	WP_158303815.1	NZ_CP136162.1:914341-915174(-)	XRE family transcriptional regulator		RU820_04760	1	是		AFE_0998		RefSeq protein_id exact	完全匹配							否	未找到	待逐基因证据裁决	G54-0923	身份与本地交叉引用已核；原始论文、蛋白域、化学及2016全字段对照未完成	核验 UniProt/InterPro/Pfam/KEGG/Rhea/BioCyc/BRENDA/TCDB、原始论文及反应定义	GCF_049532655.1 genomic.gff; CDS; 2026-09-22 本地下载	D3-1-R_全基因跨数据库交叉引用.tsv; 2026-09-23	1
924	RU820_RS04795	WP_012606710.1	NZ_CP136162.1:915155-915364(+)	Cro/CI family transcriptional regulator			1	是		AFE_0999		RefSeq protein_id exact	完全匹配							否	未找到	待逐基因证据裁决	G54-0924	身份与本地交叉引用已核；原始论文、蛋白域、化学及2016全字段对照未完成	核验 UniProt/InterPro/Pfam/KEGG/Rhea/BioCyc/BRENDA/TCDB、原始论文及反应定义	GCF_049532655.1 genomic.gff; CDS; 2026-09-22 本地下载	D3-1-R_全基因跨数据库交叉引用.tsv; 2026-09-23	1
925	RU820_RS04800	WP_041645360.1	NZ_CP136162.1:915361-915672(+)	hypothetical protein		RU820_04765	1	是		未确认			未映射							否	未找到	待逐基因证据裁决	G54-0925	身份与本地交叉引用已核；原始论文、蛋白域、化学及2016全字段对照未完成	核验 UniProt/InterPro/Pfam/KEGG/Rhea/BioCyc/BRENDA/TCDB、原始论文及反应定义	GCF_049532655.1 genomic.gff; CDS; 2026-09-22 本地下载	D3-1-R_全基因跨数据库交叉引用.tsv; 2026-09-23	1
926	RU820_RS04805	WP_012606711.1	NZ_CP136162.1:915975-916610(+)	BRO-N domain-containing protein		RU820_04770	1	是		AFE_1000		RefSeq protein_id exact	完全匹配							否	未找到	待逐基因证据裁决	G54-0926	身份与本地交叉引用已核；原始论文、蛋白域、化学及2016全字段对照未完成	核验 UniProt/InterPro/Pfam/KEGG/Rhea/BioCyc/BRENDA/TCDB、原始论文及反应定义	GCF_049532655.1 genomic.gff; CDS; 2026-09-22 本地下载	D3-1-R_全基因跨数据库交叉引用.tsv; 2026-09-23	1
927	RU820_RS04810	WP_012606712.1	NZ_CP136162.1:916819-918003(+)	hypothetical protein		RU820_04775	1	是		AFE_1001		RefSeq protein_id exact	完全匹配							否	未找到	待逐基因证据裁决	G54-0927	身份与本地交叉引用已核；原始论文、蛋白域、化学及2016全字段对照未完成	核验 UniProt/InterPro/Pfam/KEGG/Rhea/BioCyc/BRENDA/TCDB、原始论文及反应定义	GCF_049532655.1 genomic.gff; CDS; 2026-09-22 本地下载	D3-1-R_全基因跨数据库交叉引用.tsv; 2026-09-23	1
928	RU820_RS04815	WP_049759407.1	NZ_CP136162.1:918000-918734(+)	DUF6475 domain-containing protein		RU820_04780	1	是		AFE_1002		RefSeq protein_id exact	完全匹配							否	未找到	待逐基因证据裁决	G54-0928	身份与本地交叉引用已核；原始论文、蛋白域、化学及2016全字段对照未完成	核验 UniProt/InterPro/Pfam/KEGG/Rhea/BioCyc/BRENDA/TCDB、原始论文及反应定义	GCF_049532655.1 genomic.gff; CDS; 2026-09-22 本地下载	D3-1-R_全基因跨数据库交叉引用.tsv; 2026-09-23	1
929	RU820_RS04820	WP_012606714.1	NZ_CP136162.1:918724-918924(+)	hypothetical protein		RU820_04785	1	是		AFE_1003		RefSeq protein_id exact	完全匹配							否	未找到	待逐基因证据裁决	G54-0929	身份与本地交叉引用已核；原始论文、蛋白域、化学及2016全字段对照未完成	核验 UniProt/InterPro/Pfam/KEGG/Rhea/BioCyc/BRENDA/TCDB、原始论文及反应定义	GCF_049532655.1 genomic.gff; CDS; 2026-09-22 本地下载	D3-1-R_全基因跨数据库交叉引用.tsv; 2026-09-23	1
930	RU820_RS04825	WP_012606715.1	NZ_CP136162.1:918921-919136(+)	hypothetical protein		RU820_04790	1	是		AFE_1004		RefSeq protein_id exact	完全匹配							否	未找到	待逐基因证据裁决	G54-0930	身份与本地交叉引用已核；原始论文、蛋白域、化学及2016全字段对照未完成	核验 UniProt/InterPro/Pfam/KEGG/Rhea/BioCyc/BRENDA/TCDB、原始论文及反应定义	GCF_049532655.1 genomic.gff; CDS; 2026-09-22 本地下载	D3-1-R_全基因跨数据库交叉引用.tsv; 2026-09-23	1
931	RU820_RS04830	WP_148208596.1	NZ_CP136162.1:919352-920002(+)	hypothetical protein		RU820_04795	1	是		AFE_1005		RefSeq protein_id exact	完全匹配							否	未找到	待逐基因证据裁决	G54-0931	身份与本地交叉引用已核；原始论文、蛋白域、化学及2016全字段对照未完成	核验 UniProt/InterPro/Pfam/KEGG/Rhea/BioCyc/BRENDA/TCDB、原始论文及反应定义	GCF_049532655.1 genomic.gff; CDS; 2026-09-22 本地下载	D3-1-R_全基因跨数据库交叉引用.tsv; 2026-09-23	1
932	RU820_RS04835	WP_012606717.1	NZ_CP136162.1:920029-920532(+)	hypothetical protein		RU820_04800	1	是		AFE_1006		RefSeq protein_id exact	完全匹配							否	未找到	待逐基因证据裁决	G54-0932	身份与本地交叉引用已核；原始论文、蛋白域、化学及2016全字段对照未完成	核验 UniProt/InterPro/Pfam/KEGG/Rhea/BioCyc/BRENDA/TCDB、原始论文及反应定义	GCF_049532655.1 genomic.gff; CDS; 2026-09-22 本地下载	D3-1-R_全基因跨数据库交叉引用.tsv; 2026-09-23	1
933	RU820_RS04840	WP_012606718.1	NZ_CP136162.1:920529-921158(+)	transglycosylase SLT domain-containing protein		RU820_04805	1	是		AFE_1007		RefSeq protein_id exact	完全匹配							否	未找到	待逐基因证据裁决	G54-0933	身份与本地交叉引用已核；原始论文、蛋白域、化学及2016全字段对照未完成	核验 UniProt/InterPro/Pfam/KEGG/Rhea/BioCyc/BRENDA/TCDB、原始论文及反应定义	GCF_049532655.1 genomic.gff; CDS; 2026-09-22 本地下载	D3-1-R_全基因跨数据库交叉引用.tsv; 2026-09-23	1
934	RU820_RS04845	WP_041645365.1	NZ_CP136162.1:921145-921498(+)	hypothetical protein		RU820_04810	1	是		AFE_1008		RefSeq protein_id exact	完全匹配							否	未找到	待逐基因证据裁决	G54-0934	身份与本地交叉引用已核；原始论文、蛋白域、化学及2016全字段对照未完成	核验 UniProt/InterPro/Pfam/KEGG/Rhea/BioCyc/BRENDA/TCDB、原始论文及反应定义	GCF_049532655.1 genomic.gff; CDS; 2026-09-22 本地下载	D3-1-R_全基因跨数据库交叉引用.tsv; 2026-09-23	1
935	RU820_RS04850	WP_012606721.1	NZ_CP136162.1:921542-921838(+)	hypothetical protein		RU820_04815	1	是		AFE_1010		RefSeq protein_id exact	完全匹配							否	未找到	待逐基因证据裁决	G54-0935	身份与本地交叉引用已核；原始论文、蛋白域、化学及2016全字段对照未完成	核验 UniProt/InterPro/Pfam/KEGG/Rhea/BioCyc/BRENDA/TCDB、原始论文及反应定义	GCF_049532655.1 genomic.gff; CDS; 2026-09-22 本地下载	D3-1-R_全基因跨数据库交叉引用.tsv; 2026-09-23	1
936	RU820_RS04855	WP_012606723.1	NZ_CP136162.1:922210-922485(+)	hypothetical protein		RU820_04820	1	是		AFE_1012		RefSeq protein_id exact	完全匹配							否	未找到	待逐基因证据裁决	G54-0936	身份与本地交叉引用已核；原始论文、蛋白域、化学及2016全字段对照未完成	核验 UniProt/InterPro/Pfam/KEGG/Rhea/BioCyc/BRENDA/TCDB、原始论文及反应定义	GCF_049532655.1 genomic.gff; CDS; 2026-09-22 本地下载	D3-1-R_全基因跨数据库交叉引用.tsv; 2026-09-23	1
937	RU820_RS04860	WP_012606724.1	NZ_CP136162.1:922482-924599(+)	type I DNA topoisomerase	topA	RU820_04825	1	是		AFE_1013		RefSeq protein_id exact	完全匹配	K03168	5.6.2.1		5.99.1.2-RXN			是	待核实	待逐基因证据裁决	G54-0937	身份与本地交叉引用已核；原始论文、蛋白域、化学及2016全字段对照未完成	核验 UniProt/InterPro/Pfam/KEGG/Rhea/BioCyc/BRENDA/TCDB、原始论文及反应定义	GCF_049532655.1 genomic.gff; CDS; 2026-09-22 本地下载	D3-1-R_全基因跨数据库交叉引用.tsv; 2026-09-23	1
938	RU820_RS04865	WP_041645368.1	NZ_CP136162.1:924652-925068(+)	YkgJ family cysteine cluster protein		RU820_04830	1	是		AFE_1014		RefSeq protein_id exact	完全匹配							否	未找到	待逐基因证据裁决	G54-0938	身份与本地交叉引用已核；原始论文、蛋白域、化学及2016全字段对照未完成	核验 UniProt/InterPro/Pfam/KEGG/Rhea/BioCyc/BRENDA/TCDB、原始论文及反应定义	GCF_049532655.1 genomic.gff; CDS; 2026-09-22 本地下载	D3-1-R_全基因跨数据库交叉引用.tsv; 2026-09-23	1
939	RU820_RS04870	WP_148208597.1	NZ_CP136162.1:925123-925419(+)	hypothetical protein		RU820_04835	1	是		AFE_1015		RefSeq protein_id exact	完全匹配							否	未找到	待逐基因证据裁决	G54-0939	身份与本地交叉引用已核；原始论文、蛋白域、化学及2016全字段对照未完成	核验 UniProt/InterPro/Pfam/KEGG/Rhea/BioCyc/BRENDA/TCDB、原始论文及反应定义	GCF_049532655.1 genomic.gff; CDS; 2026-09-22 本地下载	D3-1-R_全基因跨数据库交叉引用.tsv; 2026-09-23	1
940	RU820_RS04875	WP_012606727.1	NZ_CP136162.1:925419-926288(+)	disulfide bond formation protein B		RU820_04840	1	是		AFE_1016		RefSeq protein_id exact	完全匹配							否	未找到	待逐基因证据裁决	G54-0940	身份与本地交叉引用已核；原始论文、蛋白域、化学及2016全字段对照未完成	核验 UniProt/InterPro/Pfam/KEGG/Rhea/BioCyc/BRENDA/TCDB、原始论文及反应定义	GCF_049532655.1 genomic.gff; CDS; 2026-09-22 本地下载	D3-1-R_全基因跨数据库交叉引用.tsv; 2026-09-23	1
941	RU820_RS04880	WP_012606728.1	NZ_CP136162.1:926285-926443(+)	hypothetical protein		RU820_04845	1	是		AFE_1017		RefSeq protein_id exact	完全匹配							否	未找到	待逐基因证据裁决	G54-0941	身份与本地交叉引用已核；原始论文、蛋白域、化学及2016全字段对照未完成	核验 UniProt/InterPro/Pfam/KEGG/Rhea/BioCyc/BRENDA/TCDB、原始论文及反应定义	GCF_049532655.1 genomic.gff; CDS; 2026-09-22 本地下载	D3-1-R_全基因跨数据库交叉引用.tsv; 2026-09-23	1
942	RU820_RS04885	WP_012606729.1	NZ_CP136162.1:926430-926978(+)	thioredoxin fold domain-containing protein		RU820_04850	1	是		AFE_1018		RefSeq protein_id exact	完全匹配	K03805						否	未找到	待逐基因证据裁决	G54-0942	身份与本地交叉引用已核；原始论文、蛋白域、化学及2016全字段对照未完成	核验 UniProt/InterPro/Pfam/KEGG/Rhea/BioCyc/BRENDA/TCDB、原始论文及反应定义	GCF_049532655.1 genomic.gff; CDS; 2026-09-22 本地下载	D3-1-R_全基因跨数据库交叉引用.tsv; 2026-09-23	1
943	RU820_RS04890	WP_041645372.1	NZ_CP136162.1:927005-927412(+)	hypothetical protein		RU820_04855	1	是		未确认			未映射							否	未找到	待逐基因证据裁决	G54-0943	身份与本地交叉引用已核；原始论文、蛋白域、化学及2016全字段对照未完成	核验 UniProt/InterPro/Pfam/KEGG/Rhea/BioCyc/BRENDA/TCDB、原始论文及反应定义	GCF_049532655.1 genomic.gff; CDS; 2026-09-22 本地下载	D3-1-R_全基因跨数据库交叉引用.tsv; 2026-09-23	1
944	RU820_RS04895	WP_012606731.1	NZ_CP136162.1:927427-927702(+)	hypothetical protein		RU820_04860	1	是		AFE_1020		RefSeq protein_id exact	完全匹配							否	未找到	待逐基因证据裁决	G54-0944	身份与本地交叉引用已核；原始论文、蛋白域、化学及2016全字段对照未完成	核验 UniProt/InterPro/Pfam/KEGG/Rhea/BioCyc/BRENDA/TCDB、原始论文及反应定义	GCF_049532655.1 genomic.gff; CDS; 2026-09-22 本地下载	D3-1-R_全基因跨数据库交叉引用.tsv; 2026-09-23	1
945	RU820_RS04900	WP_012606732.1	NZ_CP136162.1:927720-927968(+)	hypothetical protein		RU820_04865	1	是		AFE_1021		RefSeq protein_id exact	完全匹配							否	未找到	待逐基因证据裁决	G54-0945	身份与本地交叉引用已核；原始论文、蛋白域、化学及2016全字段对照未完成	核验 UniProt/InterPro/Pfam/KEGG/Rhea/BioCyc/BRENDA/TCDB、原始论文及反应定义	GCF_049532655.1 genomic.gff; CDS; 2026-09-22 本地下载	D3-1-R_全基因跨数据库交叉引用.tsv; 2026-09-23	1
946	RU820_RS04905	WP_049759412.1	NZ_CP136162.1:927976-928863(+)	patatin-like phospholipase family protein		RU820_04870	1	是		AFE_1022		RefSeq protein_id exact	完全匹配	K07001						否	未找到	待逐基因证据裁决	G54-0946	身份与本地交叉引用已核；原始论文、蛋白域、化学及2016全字段对照未完成	核验 UniProt/InterPro/Pfam/KEGG/Rhea/BioCyc/BRENDA/TCDB、原始论文及反应定义	GCF_049532655.1 genomic.gff; CDS; 2026-09-22 本地下载	D3-1-R_全基因跨数据库交叉引用.tsv; 2026-09-23	1
947	RU820_RS04910	WP_012606734.1	NZ_CP136162.1:929108-930472(+)	RNA-guided endonuclease IscB	iscB	RU820_04875	1	是		AFE_1023		RefSeq protein_id exact	完全匹配							否	未找到	待逐基因证据裁决	G54-0947	身份与本地交叉引用已核；原始论文、蛋白域、化学及2016全字段对照未完成	核验 UniProt/InterPro/Pfam/KEGG/Rhea/BioCyc/BRENDA/TCDB、原始论文及反应定义	GCF_049532655.1 genomic.gff; CDS; 2026-09-22 本地下载	D3-1-R_全基因跨数据库交叉引用.tsv; 2026-09-23	1
948	RU820_RS04915	WP_012606735.1	NZ_CP136162.1:930525-931115(+)	metalloprotease		RU820_04880	1	是		AFE_1024		RefSeq protein_id exact	完全匹配							否	未找到	待逐基因证据裁决	G54-0948	身份与本地交叉引用已核；原始论文、蛋白域、化学及2016全字段对照未完成	核验 UniProt/InterPro/Pfam/KEGG/Rhea/BioCyc/BRENDA/TCDB、原始论文及反应定义	GCF_049532655.1 genomic.gff; CDS; 2026-09-22 本地下载	D3-1-R_全基因跨数据库交叉引用.tsv; 2026-09-23	1
949	RU820_RS04920	WP_041645376.1	NZ_CP136162.1:931129-931383(+)	hypothetical protein		RU820_04885	1	是		未确认			未映射							否	未找到	待逐基因证据裁决	G54-0949	身份与本地交叉引用已核；原始论文、蛋白域、化学及2016全字段对照未完成	核验 UniProt/InterPro/Pfam/KEGG/Rhea/BioCyc/BRENDA/TCDB、原始论文及反应定义	GCF_049532655.1 genomic.gff; CDS; 2026-09-22 本地下载	D3-1-R_全基因跨数据库交叉引用.tsv; 2026-09-23	1
950	RU820_RS04925	WP_148208598.1	NZ_CP136162.1:931389-931616(+)	hypothetical protein		RU820_04890	1	是		未确认			未映射							否	未找到	待逐基因证据裁决	G54-0950	身份与本地交叉引用已核；原始论文、蛋白域、化学及2016全字段对照未完成	核验 UniProt/InterPro/Pfam/KEGG/Rhea/BioCyc/BRENDA/TCDB、原始论文及反应定义	GCF_049532655.1 genomic.gff; CDS; 2026-09-22 本地下载	D3-1-R_全基因跨数据库交叉引用.tsv; 2026-09-23	1
951	RU820_RS04930	WP_012606739.1	NZ_CP136162.1:931900-932793(+)	phospholipase D-like domain-containing protein		RU820_04895	1	是		AFE_1028		RefSeq protein_id exact	完全匹配							否	未找到	待逐基因证据裁决	G54-0951	身份与本地交叉引用已核；原始论文、蛋白域、化学及2016全字段对照未完成	核验 UniProt/InterPro/Pfam/KEGG/Rhea/BioCyc/BRENDA/TCDB、原始论文及反应定义	GCF_049532655.1 genomic.gff; CDS; 2026-09-22 本地下载	D3-1-R_全基因跨数据库交叉引用.tsv; 2026-09-23	1
952	RU820_RS04935	WP_012606740.1	NZ_CP136162.1:932790-933473(+)	SIMPL domain-containing protein		RU820_04900	1	是		AFE_1029		RefSeq protein_id exact	完全匹配							否	未找到	待逐基因证据裁决	G54-0952	身份与本地交叉引用已核；原始论文、蛋白域、化学及2016全字段对照未完成	核验 UniProt/InterPro/Pfam/KEGG/Rhea/BioCyc/BRENDA/TCDB、原始论文及反应定义	GCF_049532655.1 genomic.gff; CDS; 2026-09-22 本地下载	D3-1-R_全基因跨数据库交叉引用.tsv; 2026-09-23	1
953	RU820_RS04940	WP_012606741.1	NZ_CP136162.1:933630-933842(-)	hypothetical protein		RU820_04905	1	是		AFE_1030		RefSeq protein_id exact	完全匹配							否	未找到	待逐基因证据裁决	G54-0953	身份与本地交叉引用已核；原始论文、蛋白域、化学及2016全字段对照未完成	核验 UniProt/InterPro/Pfam/KEGG/Rhea/BioCyc/BRENDA/TCDB、原始论文及反应定义	GCF_049532655.1 genomic.gff; CDS; 2026-09-22 本地下载	D3-1-R_全基因跨数据库交叉引用.tsv; 2026-09-23	1
954	RU820_RS04945	WP_012606742.1	NZ_CP136162.1:933842-934120(-)	plasmid mobilization protein		RU820_04910	1	是		AFE_1031		RefSeq protein_id exact	完全匹配							否	未找到	待逐基因证据裁决	G54-0954	身份与本地交叉引用已核；原始论文、蛋白域、化学及2016全字段对照未完成	核验 UniProt/InterPro/Pfam/KEGG/Rhea/BioCyc/BRENDA/TCDB、原始论文及反应定义	GCF_049532655.1 genomic.gff; CDS; 2026-09-22 本地下载	D3-1-R_全基因跨数据库交叉引用.tsv; 2026-09-23	1
955	RU820_RS04950	WP_148208600.1	NZ_CP136162.1:934283-934735(+)	hypothetical protein		RU820_04915	1	是		AFE_1032		RefSeq protein_id exact	完全匹配							否	未找到	待逐基因证据裁决	G54-0955	身份与本地交叉引用已核；原始论文、蛋白域、化学及2016全字段对照未完成	核验 UniProt/InterPro/Pfam/KEGG/Rhea/BioCyc/BRENDA/TCDB、原始论文及反应定义	GCF_049532655.1 genomic.gff; CDS; 2026-09-22 本地下载	D3-1-R_全基因跨数据库交叉引用.tsv; 2026-09-23	1
956	RU820_RS04955	WP_012606744.1	NZ_CP136162.1:934773-935387(+)	IS607-like element ISAfe10 family transposase		RU820_04920	1	是		AFE_1033		RefSeq protein_id exact	完全匹配	K07450						否	未找到	待逐基因证据裁决	G54-0956	身份与本地交叉引用已核；原始论文、蛋白域、化学及2016全字段对照未完成	核验 UniProt/InterPro/Pfam/KEGG/Rhea/BioCyc/BRENDA/TCDB、原始论文及反应定义	GCF_049532655.1 genomic.gff; CDS; 2026-09-22 本地下载	D3-1-R_全基因跨数据库交叉引用.tsv; 2026-09-23	1
957	RU820_RS04960	WP_012606745.1	NZ_CP136162.1:935384-936889(+)	zinc ribbon domain-containing protein		RU820_04925	1	是		AFE_1034		RefSeq protein_id exact	完全匹配	K07496			RXN0-5131			是	待核实	待逐基因证据裁决	G54-0957	身份与本地交叉引用已核；原始论文、蛋白域、化学及2016全字段对照未完成	核验 UniProt/InterPro/Pfam/KEGG/Rhea/BioCyc/BRENDA/TCDB、原始论文及反应定义	GCF_049532655.1 genomic.gff; CDS; 2026-09-22 本地下载	D3-1-R_全基因跨数据库交叉引用.tsv; 2026-09-23	1
958	RU820_RS04965	WP_158303816.1	NZ_CP136162.1:936940-937290(+)	SET domain-containing protein-lysine N-methyltransferase		RU820_04930	1	是		AFE_1035		RefSeq protein_id exact	完全匹配							否	未找到	待逐基因证据裁决	G54-0958	身份与本地交叉引用已核；原始论文、蛋白域、化学及2016全字段对照未完成	核验 UniProt/InterPro/Pfam/KEGG/Rhea/BioCyc/BRENDA/TCDB、原始论文及反应定义	GCF_049532655.1 genomic.gff; CDS; 2026-09-22 本地下载	D3-1-R_全基因跨数据库交叉引用.tsv; 2026-09-23	1
959	RU820_RS04970	WP_041645389.1	NZ_CP136162.1:938134-940365(-)	type IV CRISPR-associated DEAD/DEAH-box helicase Csf4	csf4	RU820_04935	1	是		AFE_1037		RefSeq protein_id exact	完全匹配							否	未找到	待逐基因证据裁决	G54-0959	身份与本地交叉引用已核；原始论文、蛋白域、化学及2016全字段对照未完成	核验 UniProt/InterPro/Pfam/KEGG/Rhea/BioCyc/BRENDA/TCDB、原始论文及反应定义	GCF_049532655.1 genomic.gff; CDS; 2026-09-22 本地下载	D3-1-R_全基因跨数据库交叉引用.tsv; 2026-09-23	1
960	RU820_RS04975	WP_012606749.1	NZ_CP136162.1:940438-941187(+)	type IV CRISPR-associated protein Csf1	csf1	RU820_04940	1	是		AFE_1038		RefSeq protein_id exact	完全匹配							否	未找到	待逐基因证据裁决	G54-0960	身份与本地交叉引用已核；原始论文、蛋白域、化学及2016全字段对照未完成	核验 UniProt/InterPro/Pfam/KEGG/Rhea/BioCyc/BRENDA/TCDB、原始论文及反应定义	GCF_049532655.1 genomic.gff; CDS; 2026-09-22 本地下载	D3-1-R_全基因跨数据库交叉引用.tsv; 2026-09-23	1
961	RU820_RS04980	WP_012606750.1	NZ_CP136162.1:941184-942245(+)	type IV CRISPR-associated protein Csf2	csf2	RU820_04945	1	是		AFE_1039		RefSeq protein_id exact	完全匹配							否	未找到	待逐基因证据裁决	G54-0961	身份与本地交叉引用已核；原始论文、蛋白域、化学及2016全字段对照未完成	核验 UniProt/InterPro/Pfam/KEGG/Rhea/BioCyc/BRENDA/TCDB、原始论文及反应定义	GCF_049532655.1 genomic.gff; CDS; 2026-09-22 本地下载	D3-1-R_全基因跨数据库交叉引用.tsv; 2026-09-23	1
962	RU820_RS04985	WP_012606751.1	NZ_CP136162.1:942242-942934(+)	type IV CRISPR-associated protein Csf3	csf3	RU820_04950	1	是		AFE_1040		RefSeq protein_id exact	完全匹配							否	未找到	待逐基因证据裁决	G54-0962	身份与本地交叉引用已核；原始论文、蛋白域、化学及2016全字段对照未完成	核验 UniProt/InterPro/Pfam/KEGG/Rhea/BioCyc/BRENDA/TCDB、原始论文及反应定义	GCF_049532655.1 genomic.gff; CDS; 2026-09-22 本地下载	D3-1-R_全基因跨数据库交叉引用.tsv; 2026-09-23	1
963	RU820_RS04990	WP_041645393.1	NZ_CP136162.1:943111-943674(+)	type I-F CRISPR-associated endoribonuclease Cas6/Csy4		RU820_04955	1	是		AFE_1042		RefSeq protein_id exact	完全匹配							否	未找到	待逐基因证据裁决	G54-0963	身份与本地交叉引用已核；原始论文、蛋白域、化学及2016全字段对照未完成	核验 UniProt/InterPro/Pfam/KEGG/Rhea/BioCyc/BRENDA/TCDB、原始论文及反应定义	GCF_049532655.1 genomic.gff; CDS; 2026-09-22 本地下载	D3-1-R_全基因跨数据库交叉引用.tsv; 2026-09-23	1
964	RU820_RS04995	WP_158303817.1	NZ_CP136162.1:945804-945965(+)	hypothetical protein		RU820_04960	1	是		未确认			未映射							否	未找到	待逐基因证据裁决	G54-0964	身份与本地交叉引用已核；原始论文、蛋白域、化学及2016全字段对照未完成	核验 UniProt/InterPro/Pfam/KEGG/Rhea/BioCyc/BRENDA/TCDB、原始论文及反应定义	GCF_049532655.1 genomic.gff; CDS; 2026-09-22 本地下载	D3-1-R_全基因跨数据库交叉引用.tsv; 2026-09-23	1
965	RU820_RS05000	WP_012606755.1	NZ_CP136162.1:945998-946387(+)	hypothetical protein		RU820_04965	1	是		AFE_1045		RefSeq protein_id exact	完全匹配							否	未找到	待逐基因证据裁决	G54-0965	身份与本地交叉引用已核；原始论文、蛋白域、化学及2016全字段对照未完成	核验 UniProt/InterPro/Pfam/KEGG/Rhea/BioCyc/BRENDA/TCDB、原始论文及反应定义	GCF_049532655.1 genomic.gff; CDS; 2026-09-22 本地下载	D3-1-R_全基因跨数据库交叉引用.tsv; 2026-09-23	1
966	RU820_RS05005	WP_148208601.1	NZ_CP136162.1:946559-946834(+)	hypothetical protein		RU820_04970	1	是		未确认			未映射							否	未找到	待逐基因证据裁决	G54-0966	身份与本地交叉引用已核；原始论文、蛋白域、化学及2016全字段对照未完成	核验 UniProt/InterPro/Pfam/KEGG/Rhea/BioCyc/BRENDA/TCDB、原始论文及反应定义	GCF_049532655.1 genomic.gff; CDS; 2026-09-22 本地下载	D3-1-R_全基因跨数据库交叉引用.tsv; 2026-09-23	1
967	RU820_RS05010	WP_012606757.1	NZ_CP136162.1:946834-948969(+)	ATP-dependent RecD-like DNA helicase		RU820_04975	1	是		AFE_1047		RefSeq protein_id exact	完全匹配	K03581	3.1.11.5					否	未找到	待逐基因证据裁决	G54-0967	身份与本地交叉引用已核；原始论文、蛋白域、化学及2016全字段对照未完成	核验 UniProt/InterPro/Pfam/KEGG/Rhea/BioCyc/BRENDA/TCDB、原始论文及反应定义	GCF_049532655.1 genomic.gff; CDS; 2026-09-22 本地下载	D3-1-R_全基因跨数据库交叉引用.tsv; 2026-09-23	1
968	RU820_RS05015	WP_012606758.1	NZ_CP136162.1:949074-949772(+)	hypothetical protein		RU820_04980	1	是		AFE_1048		RefSeq protein_id exact	完全匹配							否	未找到	待逐基因证据裁决	G54-0968	身份与本地交叉引用已核；原始论文、蛋白域、化学及2016全字段对照未完成	核验 UniProt/InterPro/Pfam/KEGG/Rhea/BioCyc/BRENDA/TCDB、原始论文及反应定义	GCF_049532655.1 genomic.gff; CDS; 2026-09-22 本地下载	D3-1-R_全基因跨数据库交叉引用.tsv; 2026-09-23	1
969	RU820_RS05020	WP_012606759.1	NZ_CP136162.1:949791-950033(+)	hypothetical protein		RU820_04985	1	是		AFE_1049		RefSeq protein_id exact	完全匹配							否	未找到	待逐基因证据裁决	G54-0969	身份与本地交叉引用已核；原始论文、蛋白域、化学及2016全字段对照未完成	核验 UniProt/InterPro/Pfam/KEGG/Rhea/BioCyc/BRENDA/TCDB、原始论文及反应定义	GCF_049532655.1 genomic.gff; CDS; 2026-09-22 本地下载	D3-1-R_全基因跨数据库交叉引用.tsv; 2026-09-23	1
970	RU820_RS05025	WP_041645405.1	NZ_CP136162.1:950076-950573(-)	hypothetical protein		RU820_04990	1	是		未确认			未映射							否	未找到	待逐基因证据裁决	G54-0970	身份与本地交叉引用已核；原始论文、蛋白域、化学及2016全字段对照未完成	核验 UniProt/InterPro/Pfam/KEGG/Rhea/BioCyc/BRENDA/TCDB、原始论文及反应定义	GCF_049532655.1 genomic.gff; CDS; 2026-09-22 本地下载	D3-1-R_全基因跨数据库交叉引用.tsv; 2026-09-23	1
971	RU820_RS05030	WP_269077298.1	NZ_CP136162.1:950916-952616(+)	phosphoadenosine phosphosulfate reductase family protein		RU820_04995	1	是		AFE_1053		RefSeq protein_id exact	完全匹配							否	未找到	待逐基因证据裁决	G54-0971	身份与本地交叉引用已核；原始论文、蛋白域、化学及2016全字段对照未完成	核验 UniProt/InterPro/Pfam/KEGG/Rhea/BioCyc/BRENDA/TCDB、原始论文及反应定义	GCF_049532655.1 genomic.gff; CDS; 2026-09-22 本地下载	D3-1-R_全基因跨数据库交叉引用.tsv; 2026-09-23	1
972	RU820_RS05035	WP_012606764.1	NZ_CP136162.1:952613-953503(+)	hypothetical protein		RU820_05000	1	是		AFE_1054		RefSeq protein_id exact	完全匹配							否	未找到	待逐基因证据裁决	G54-0972	身份与本地交叉引用已核；原始论文、蛋白域、化学及2016全字段对照未完成	核验 UniProt/InterPro/Pfam/KEGG/Rhea/BioCyc/BRENDA/TCDB、原始论文及反应定义	GCF_049532655.1 genomic.gff; CDS; 2026-09-22 本地下载	D3-1-R_全基因跨数据库交叉引用.tsv; 2026-09-23	1
973	RU820_RS05040	WP_148208602.1	NZ_CP136162.1:953454-954047(+)	hypothetical protein		RU820_05005	1	是		AFE_1055		RefSeq protein_id exact	完全匹配							否	未找到	待逐基因证据裁决	G54-0973	身份与本地交叉引用已核；原始论文、蛋白域、化学及2016全字段对照未完成	核验 UniProt/InterPro/Pfam/KEGG/Rhea/BioCyc/BRENDA/TCDB、原始论文及反应定义	GCF_049532655.1 genomic.gff; CDS; 2026-09-22 本地下载	D3-1-R_全基因跨数据库交叉引用.tsv; 2026-09-23	1
974	RU820_RS05045	WP_041645412.1	NZ_CP136162.1:954279-954548(+)	hypothetical protein		RU820_05010	1	是		AFE_1056		RefSeq protein_id exact	完全匹配							否	未找到	待逐基因证据裁决	G54-0974	身份与本地交叉引用已核；原始论文、蛋白域、化学及2016全字段对照未完成	核验 UniProt/InterPro/Pfam/KEGG/Rhea/BioCyc/BRENDA/TCDB、原始论文及反应定义	GCF_049532655.1 genomic.gff; CDS; 2026-09-22 本地下载	D3-1-R_全基因跨数据库交叉引用.tsv; 2026-09-23	1
975	RU820_RS05050	WP_206382815.1	NZ_CP136162.1:954578-956266(+)	tetratricopeptide repeat-containing sulfotransferase family protein		RU820_05015	1	是		未确认			未映射							否	未找到	待逐基因证据裁决	G54-0975	身份与本地交叉引用已核；原始论文、蛋白域、化学及2016全字段对照未完成	核验 UniProt/InterPro/Pfam/KEGG/Rhea/BioCyc/BRENDA/TCDB、原始论文及反应定义	GCF_049532655.1 genomic.gff; CDS; 2026-09-22 本地下载	D3-1-R_全基因跨数据库交叉引用.tsv; 2026-09-23	1
976	RU820_RS05055	WP_012606768.1	NZ_CP136162.1:956428-957654(-)	RNA-guided endonuclease InsQ/TnpB family protein		RU820_05020	1	是		AFE_1058		RefSeq protein_id exact	完全匹配	K07496			RXN0-5131			是	待核实	待逐基因证据裁决	G54-0976	身份与本地交叉引用已核；原始论文、蛋白域、化学及2016全字段对照未完成	核验 UniProt/InterPro/Pfam/KEGG/Rhea/BioCyc/BRENDA/TCDB、原始论文及反应定义	GCF_049532655.1 genomic.gff; CDS; 2026-09-22 本地下载	D3-1-R_全基因跨数据库交叉引用.tsv; 2026-09-23	1
977	RU820_RS05060	WP_148208603.1	NZ_CP136162.1:957801-958424(+)	hypothetical protein		RU820_05025	1	是		AFE_1059		RefSeq protein_id exact	完全匹配							否	未找到	待逐基因证据裁决	G54-0977	身份与本地交叉引用已核；原始论文、蛋白域、化学及2016全字段对照未完成	核验 UniProt/InterPro/Pfam/KEGG/Rhea/BioCyc/BRENDA/TCDB、原始论文及反应定义	GCF_049532655.1 genomic.gff; CDS; 2026-09-22 本地下载	D3-1-R_全基因跨数据库交叉引用.tsv; 2026-09-23	1
978	RU820_RS05065	WP_012606770.1	NZ_CP136162.1:958446-958940(+)	hypothetical protein		RU820_05030	1	是		AFE_1060		RefSeq protein_id exact	完全匹配							否	未找到	待逐基因证据裁决	G54-0978	身份与本地交叉引用已核；原始论文、蛋白域、化学及2016全字段对照未完成	核验 UniProt/InterPro/Pfam/KEGG/Rhea/BioCyc/BRENDA/TCDB、原始论文及反应定义	GCF_049532655.1 genomic.gff; CDS; 2026-09-22 本地下载	D3-1-R_全基因跨数据库交叉引用.tsv; 2026-09-23	1
979	RU820_RS05070	WP_012606771.1	NZ_CP136162.1:958951-959616(+)	hypothetical protein		RU820_05035	1	是		AFE_1062		RefSeq protein_id exact	完全匹配							否	未找到	待逐基因证据裁决	G54-0979	身份与本地交叉引用已核；原始论文、蛋白域、化学及2016全字段对照未完成	核验 UniProt/InterPro/Pfam/KEGG/Rhea/BioCyc/BRENDA/TCDB、原始论文及反应定义	GCF_049532655.1 genomic.gff; CDS; 2026-09-22 本地下载	D3-1-R_全基因跨数据库交叉引用.tsv; 2026-09-23	1
980	RU820_RS05075	WP_012606774.1	NZ_CP136162.1:960516-961184(-)	hypothetical protein		RU820_05040	1	是		AFE_1064		RefSeq protein_id exact	完全匹配							否	未找到	待逐基因证据裁决	G54-0980	身份与本地交叉引用已核；原始论文、蛋白域、化学及2016全字段对照未完成	核验 UniProt/InterPro/Pfam/KEGG/Rhea/BioCyc/BRENDA/TCDB、原始论文及反应定义	GCF_049532655.1 genomic.gff; CDS; 2026-09-22 本地下载	D3-1-R_全基因跨数据库交叉引用.tsv; 2026-09-23	1
981	RU820_RS05080	WP_049759491.1	NZ_CP136162.1:961372-961851(+)	lytic transglycosylase domain-containing protein		RU820_05045	1	是		AFE_1065		RefSeq protein_id exact	完全匹配				RXN0-5190			是	待核实	待逐基因证据裁决	G54-0981	身份与本地交叉引用已核；原始论文、蛋白域、化学及2016全字段对照未完成	核验 UniProt/InterPro/Pfam/KEGG/Rhea/BioCyc/BRENDA/TCDB、原始论文及反应定义	GCF_049532655.1 genomic.gff; CDS; 2026-09-22 本地下载	D3-1-R_全基因跨数据库交叉引用.tsv; 2026-09-23	1
982	RU820_RS05085	WP_236608973.1	NZ_CP136162.1:962049-962945(+)	conjugal transfer protein TraF		RU820_05050	1	是		AFE_1066		RefSeq protein_id exact	完全匹配	K12057						否	未找到	待逐基因证据裁决	G54-0982	身份与本地交叉引用已核；原始论文、蛋白域、化学及2016全字段对照未完成	核验 UniProt/InterPro/Pfam/KEGG/Rhea/BioCyc/BRENDA/TCDB、原始论文及反应定义	GCF_049532655.1 genomic.gff; CDS; 2026-09-22 本地下载	D3-1-R_全基因跨数据库交叉引用.tsv; 2026-09-23	1
983	RU820_RS05090	WP_012606777.1	NZ_CP136162.1:962957-964636(+)	conjugal transfer protein TraH		RU820_05055	1	是		AFE_1067		RefSeq protein_id exact	完全匹配	K12072						否	未找到	待逐基因证据裁决	G54-0983	身份与本地交叉引用已核；原始论文、蛋白域、化学及2016全字段对照未完成	核验 UniProt/InterPro/Pfam/KEGG/Rhea/BioCyc/BRENDA/TCDB、原始论文及反应定义	GCF_049532655.1 genomic.gff; CDS; 2026-09-22 本地下载	D3-1-R_全基因跨数据库交叉引用.tsv; 2026-09-23	1
984	RU820_RS05095	WP_269077299.1	NZ_CP136162.1:964699-968295(+)	conjugal transfer protein TraG N-terminal domain-containing protein		RU820_05060	1	是		AFE_1068		RefSeq protein_id exact	完全匹配	K12056						否	未找到	待逐基因证据裁决	G54-0984	身份与本地交叉引用已核；原始论文、蛋白域、化学及2016全字段对照未完成	核验 UniProt/InterPro/Pfam/KEGG/Rhea/BioCyc/BRENDA/TCDB、原始论文及反应定义	GCF_049532655.1 genomic.gff; CDS; 2026-09-22 本地下载	D3-1-R_全基因跨数据库交叉引用.tsv; 2026-09-23	1
985	RU820_RS05100	WP_012606779.1	NZ_CP136162.1:968363-968872(+)	hypothetical protein		RU820_05065	1	是		AFE_1069		RefSeq protein_id exact	完全匹配							否	未找到	待逐基因证据裁决	G54-0985	身份与本地交叉引用已核；原始论文、蛋白域、化学及2016全字段对照未完成	核验 UniProt/InterPro/Pfam/KEGG/Rhea/BioCyc/BRENDA/TCDB、原始论文及反应定义	GCF_049532655.1 genomic.gff; CDS; 2026-09-22 本地下载	D3-1-R_全基因跨数据库交叉引用.tsv; 2026-09-23	1
986	RU820_RS05105	WP_012606780.1	NZ_CP136162.1:969063-969338(-)	integration host factor subunit alpha		RU820_05070	1	是		AFE_1070		RefSeq protein_id exact	完全匹配	K04764						否	未找到	待逐基因证据裁决	G54-0986	身份与本地交叉引用已核；原始论文、蛋白域、化学及2016全字段对照未完成	核验 UniProt/InterPro/Pfam/KEGG/Rhea/BioCyc/BRENDA/TCDB、原始论文及反应定义	GCF_049532655.1 genomic.gff; CDS; 2026-09-22 本地下载	D3-1-R_全基因跨数据库交叉引用.tsv; 2026-09-23	1
987	RU820_RS05110	WP_049759417.1	NZ_CP136162.1:969475-969876(+)	MbcA/ParS/Xre antitoxin family protein		RU820_05075	1	是		AFE_1071		RefSeq protein_id exact	完全匹配							否	未找到	待逐基因证据裁决	G54-0987	身份与本地交叉引用已核；原始论文、蛋白域、化学及2016全字段对照未完成	核验 UniProt/InterPro/Pfam/KEGG/Rhea/BioCyc/BRENDA/TCDB、原始论文及反应定义	GCF_049532655.1 genomic.gff; CDS; 2026-09-22 本地下载	D3-1-R_全基因跨数据库交叉引用.tsv; 2026-09-23	1
988	RU820_RS05115	WP_012606782.1	NZ_CP136162.1:969880-970608(+)	RES family NAD+ phosphorylase		RU820_05080	1	是		AFE_1072		RefSeq protein_id exact	完全匹配							否	未找到	待逐基因证据裁决	G54-0988	身份与本地交叉引用已核；原始论文、蛋白域、化学及2016全字段对照未完成	核验 UniProt/InterPro/Pfam/KEGG/Rhea/BioCyc/BRENDA/TCDB、原始论文及反应定义	GCF_049532655.1 genomic.gff; CDS; 2026-09-22 本地下载	D3-1-R_全基因跨数据库交叉引用.tsv; 2026-09-23	1
989	RU820_RS05120	WP_012606783.1	NZ_CP136162.1:970679-971620(+)	BRO-N domain-containing protein		RU820_05085	1	是		AFE_1073		RefSeq protein_id exact	完全匹配							否	未找到	待逐基因证据裁决	G54-0989	身份与本地交叉引用已核；原始论文、蛋白域、化学及2016全字段对照未完成	核验 UniProt/InterPro/Pfam/KEGG/Rhea/BioCyc/BRENDA/TCDB、原始论文及反应定义	GCF_049532655.1 genomic.gff; CDS; 2026-09-22 本地下载	D3-1-R_全基因跨数据库交叉引用.tsv; 2026-09-23	1
990	RU820_RS05125	WP_041645424.1	NZ_CP136162.1:971620-971871(+)	hypothetical protein		RU820_05090	1	是		AFE_1074		RefSeq protein_id exact	完全匹配							否	未找到	待逐基因证据裁决	G54-0990	身份与本地交叉引用已核；原始论文、蛋白域、化学及2016全字段对照未完成	核验 UniProt/InterPro/Pfam/KEGG/Rhea/BioCyc/BRENDA/TCDB、原始论文及反应定义	GCF_049532655.1 genomic.gff; CDS; 2026-09-22 本地下载	D3-1-R_全基因跨数据库交叉引用.tsv; 2026-09-23	1
991	RU820_RS05130	WP_012606785.1	NZ_CP136162.1:971936-973054(+)	hypothetical protein		RU820_05095	1	是		AFE_1075		RefSeq protein_id exact	完全匹配							否	未找到	待逐基因证据裁决	G54-0991	身份与本地交叉引用已核；原始论文、蛋白域、化学及2016全字段对照未完成	核验 UniProt/InterPro/Pfam/KEGG/Rhea/BioCyc/BRENDA/TCDB、原始论文及反应定义	GCF_049532655.1 genomic.gff; CDS; 2026-09-22 本地下载	D3-1-R_全基因跨数据库交叉引用.tsv; 2026-09-23	1
992	RU820_RS05135	WP_201763902.1	NZ_CP136162.1:973051-973437(+)	hypothetical protein		RU820_05100	1	是		AFE_1076		RefSeq protein_id exact	完全匹配							否	未找到	待逐基因证据裁决	G54-0992	身份与本地交叉引用已核；原始论文、蛋白域、化学及2016全字段对照未完成	核验 UniProt/InterPro/Pfam/KEGG/Rhea/BioCyc/BRENDA/TCDB、原始论文及反应定义	GCF_049532655.1 genomic.gff; CDS; 2026-09-22 本地下载	D3-1-R_全基因跨数据库交叉引用.tsv; 2026-09-23	1
993	RU820_RS05140	WP_041645429.1	NZ_CP136162.1:973456-973995(+)	hypothetical protein		RU820_05105	1	是		未确认			未映射							否	未找到	待逐基因证据裁决	G54-0993	身份与本地交叉引用已核；原始论文、蛋白域、化学及2016全字段对照未完成	核验 UniProt/InterPro/Pfam/KEGG/Rhea/BioCyc/BRENDA/TCDB、原始论文及反应定义	GCF_049532655.1 genomic.gff; CDS; 2026-09-22 本地下载	D3-1-R_全基因跨数据库交叉引用.tsv; 2026-09-23	1
994	RU820_RS05145	WP_148208604.1	NZ_CP136162.1:974004-974315(+)	hypothetical protein		RU820_05110	1	是		未确认			未映射							否	未找到	待逐基因证据裁决	G54-0994	身份与本地交叉引用已核；原始论文、蛋白域、化学及2016全字段对照未完成	核验 UniProt/InterPro/Pfam/KEGG/Rhea/BioCyc/BRENDA/TCDB、原始论文及反应定义	GCF_049532655.1 genomic.gff; CDS; 2026-09-22 本地下载	D3-1-R_全基因跨数据库交叉引用.tsv; 2026-09-23	1
995	RU820_RS05150	WP_236608974.1	NZ_CP136162.1:974282-974581(+)	type IV conjugative transfer system protein TraL	traL	RU820_05115	1	是		AFE_1078		RefSeq protein_id exact	完全匹配	K12068						否	未找到	待逐基因证据裁决	G54-0995	身份与本地交叉引用已核；原始论文、蛋白域、化学及2016全字段对照未完成	核验 UniProt/InterPro/Pfam/KEGG/Rhea/BioCyc/BRENDA/TCDB、原始论文及反应定义	GCF_049532655.1 genomic.gff; CDS; 2026-09-22 本地下载	D3-1-R_全基因跨数据库交叉引用.tsv; 2026-09-23	1
996	RU820_RS05155	WP_407918984.1	NZ_CP136162.1:974569-975192(+)	type IV conjugative transfer system protein TraE	traE	RU820_05120	1	是		AFE_1079		RefSeq protein_id exact	完全匹配	K12067						否	未找到	待逐基因证据裁决	G54-0996	身份与本地交叉引用已核；原始论文、蛋白域、化学及2016全字段对照未完成	核验 UniProt/InterPro/Pfam/KEGG/Rhea/BioCyc/BRENDA/TCDB、原始论文及反应定义	GCF_049532655.1 genomic.gff; CDS; 2026-09-22 本地下载	D3-1-R_全基因跨数据库交叉引用.tsv; 2026-09-23	1
997	RU820_RS05160	WP_012606790.1	NZ_CP136162.1:975189-976361(+)	TraK domain-containing protein		RU820_05125	1	是		AFE_1080		RefSeq protein_id exact	完全匹配	K12066						否	未找到	待逐基因证据裁决	G54-0997	身份与本地交叉引用已核；原始论文、蛋白域、化学及2016全字段对照未完成	核验 UniProt/InterPro/Pfam/KEGG/Rhea/BioCyc/BRENDA/TCDB、原始论文及反应定义	GCF_049532655.1 genomic.gff; CDS; 2026-09-22 本地下载	D3-1-R_全基因跨数据库交叉引用.tsv; 2026-09-23	1
998	RU820_RS05165	WP_012606791.1	NZ_CP136162.1:976358-977989(+)	TrbI/VirB10 family protein		RU820_05130	1	是		AFE_1081		RefSeq protein_id exact	完全匹配	K12065						否	未找到	待逐基因证据裁决	G54-0998	身份与本地交叉引用已核；原始论文、蛋白域、化学及2016全字段对照未完成	核验 UniProt/InterPro/Pfam/KEGG/Rhea/BioCyc/BRENDA/TCDB、原始论文及反应定义	GCF_049532655.1 genomic.gff; CDS; 2026-09-22 本地下载	D3-1-R_全基因跨数据库交叉引用.tsv; 2026-09-23	1
999	RU820_RS05170	WP_012606792.1	NZ_CP136162.1:977986-978483(+)	type IV conjugative transfer system lipoprotein TraV	traV	RU820_05135	1	是		AFE_1082		RefSeq protein_id exact	完全匹配	K12064						否	未找到	待逐基因证据裁决	G54-0999	身份与本地交叉引用已核；原始论文、蛋白域、化学及2016全字段对照未完成	核验 UniProt/InterPro/Pfam/KEGG/Rhea/BioCyc/BRENDA/TCDB、原始论文及反应定义	GCF_049532655.1 genomic.gff; CDS; 2026-09-22 本地下载	D3-1-R_全基因跨数据库交叉引用.tsv; 2026-09-23	1
1000	RU820_RS05175	WP_012606793.1	NZ_CP136162.1:978519-978926(+)	hypothetical protein		RU820_05140	1	是		AFE_1084		RefSeq protein_id exact	完全匹配	K12069						否	未找到	待逐基因证据裁决	G54-1000	身份与本地交叉引用已核；原始论文、蛋白域、化学及2016全字段对照未完成	核验 UniProt/InterPro/Pfam/KEGG/Rhea/BioCyc/BRENDA/TCDB、原始论文及反应定义	GCF_049532655.1 genomic.gff; CDS; 2026-09-22 本地下载	D3-1-R_全基因跨数据库交叉引用.tsv; 2026-09-23	1
1001	RU820_RS05180	WP_041645435.1	NZ_CP136162.1:979001-979411(+)	hypothetical protein		RU820_05145	1	是		未确认			未映射							否	未找到	待逐基因证据裁决	G54-1001	身份与本地交叉引用已核；原始论文、蛋白域、化学及2016全字段对照未完成	核验 UniProt/InterPro/Pfam/KEGG/Rhea/BioCyc/BRENDA/TCDB、原始论文及反应定义	GCF_049532655.1 genomic.gff; CDS; 2026-09-22 本地下载	D3-1-R_全基因跨数据库交叉引用.tsv; 2026-09-23	1
1002	RU820_RS05185	WP_012606795.1	NZ_CP136162.1:979532-980356(+)	thiol:disulfide interchange protein DsbG	dsbG	RU820_05150	1	是		AFE_1085		RefSeq protein_id exact	完全匹配	K03805			5.3.4.1-RXN			是	待核实	待逐基因证据裁决	G54-1002	身份与本地交叉引用已核；原始论文、蛋白域、化学及2016全字段对照未完成	核验 UniProt/InterPro/Pfam/KEGG/Rhea/BioCyc/BRENDA/TCDB、原始论文及反应定义	GCF_049532655.1 genomic.gff; CDS; 2026-09-22 本地下载	D3-1-R_全基因跨数据库交叉引用.tsv; 2026-09-23	1
1003	RU820_RS05190	WP_012606796.1	NZ_CP136162.1:980409-981332(+)	hypothetical protein		RU820_05155	1	是		AFE_1086		RefSeq protein_id exact	完全匹配							否	未找到	待逐基因证据裁决	G54-1003	身份与本地交叉引用已核；原始论文、蛋白域、化学及2016全字段对照未完成	核验 UniProt/InterPro/Pfam/KEGG/Rhea/BioCyc/BRENDA/TCDB、原始论文及反应定义	GCF_049532655.1 genomic.gff; CDS; 2026-09-22 本地下载	D3-1-R_全基因跨数据库交叉引用.tsv; 2026-09-23	1
1004	RU820_RS05195	WP_012606797.1	NZ_CP136162.1:981509-982699(+)	GspE/PulE family protein		RU820_05160	1	是		AFE_1087		RefSeq protein_id exact	完全匹配				RXN0-1081			是	待核实	待逐基因证据裁决	G54-1004	身份与本地交叉引用已核；原始论文、蛋白域、化学及2016全字段对照未完成	核验 UniProt/InterPro/Pfam/KEGG/Rhea/BioCyc/BRENDA/TCDB、原始论文及反应定义	GCF_049532655.1 genomic.gff; CDS; 2026-09-22 本地下载	D3-1-R_全基因跨数据库交叉引用.tsv; 2026-09-23	1
1005	RU820_RS05200	WP_012606798.1	NZ_CP136162.1:982689-983453(+)	thiol:disulfide interchange protein, DsbA family		RU820_05165	1	是		AFE_1088		RefSeq protein_id exact	完全匹配	K03673	1.8.4.15		5.3.4.1-RXN			是	待核实	待逐基因证据裁决	G54-1005	身份与本地交叉引用已核；原始论文、蛋白域、化学及2016全字段对照未完成	核验 UniProt/InterPro/Pfam/KEGG/Rhea/BioCyc/BRENDA/TCDB、原始论文及反应定义	GCF_049532655.1 genomic.gff; CDS; 2026-09-22 本地下载	D3-1-R_全基因跨数据库交叉引用.tsv; 2026-09-23	1
1006	RU820_RS05205	WP_012606799.1	NZ_CP136162.1:983450-986050(+)	type IV secretion system protein TraC	traC	RU820_05170	1	是		AFE_1089		RefSeq protein_id exact	完全匹配	K12063			TRANS-RXN-477			是	待核实	待逐基因证据裁决	G54-1006	身份与本地交叉引用已核；原始论文、蛋白域、化学及2016全字段对照未完成	核验 UniProt/InterPro/Pfam/KEGG/Rhea/BioCyc/BRENDA/TCDB、原始论文及反应定义	GCF_049532655.1 genomic.gff; CDS; 2026-09-22 本地下载	D3-1-R_全基因跨数据库交叉引用.tsv; 2026-09-23	1
1007	RU820_RS05210	WP_206382869.1	NZ_CP136162.1:986050-986544(+)	hypothetical protein		RU820_05175	1	是		未确认			未映射							否	未找到	待逐基因证据裁决	G54-1007	身份与本地交叉引用已核；原始论文、蛋白域、化学及2016全字段对照未完成	核验 UniProt/InterPro/Pfam/KEGG/Rhea/BioCyc/BRENDA/TCDB、原始论文及反应定义	GCF_049532655.1 genomic.gff; CDS; 2026-09-22 本地下载	D3-1-R_全基因跨数据库交叉引用.tsv; 2026-09-23	1
1008	RU820_RS05215	WP_012606801.1	NZ_CP136162.1:986504-987058(+)	S26 family signal peptidase		RU820_05180	1	是		AFE_1091		RefSeq protein_id exact	完全匹配	K12062						否	未找到	待逐基因证据裁决	G54-1008	身份与本地交叉引用已核；原始论文、蛋白域、化学及2016全字段对照未完成	核验 UniProt/InterPro/Pfam/KEGG/Rhea/BioCyc/BRENDA/TCDB、原始论文及反应定义	GCF_049532655.1 genomic.gff; CDS; 2026-09-22 本地下载	D3-1-R_全基因跨数据库交叉引用.tsv; 2026-09-23	1
1009	RU820_RS05220	WP_148208605.1	NZ_CP136162.1:987107-988138(+)	hypothetical protein		RU820_05185	1	是		AFE_1093		RefSeq protein_id exact	完全匹配							否	未找到	待逐基因证据裁决	G54-1009	身份与本地交叉引用已核；原始论文、蛋白域、化学及2016全字段对照未完成	核验 UniProt/InterPro/Pfam/KEGG/Rhea/BioCyc/BRENDA/TCDB、原始论文及反应定义	GCF_049532655.1 genomic.gff; CDS; 2026-09-22 本地下载	D3-1-R_全基因跨数据库交叉引用.tsv; 2026-09-23	1
1010	RU820_RS05225	WP_241160300.1	NZ_CP136162.1:988221-988955(+)	hypothetical protein		RU820_05190	1	是		未确认			未映射							否	未找到	待逐基因证据裁决	G54-1010	身份与本地交叉引用已核；原始论文、蛋白域、化学及2016全字段对照未完成	核验 UniProt/InterPro/Pfam/KEGG/Rhea/BioCyc/BRENDA/TCDB、原始论文及反应定义	GCF_049532655.1 genomic.gff; CDS; 2026-09-22 本地下载	D3-1-R_全基因跨数据库交叉引用.tsv; 2026-09-23	1
1011	RU820_RS05230	WP_012606805.1	NZ_CP136162.1:988952-990220(+)	TrbC family F-type conjugative pilus assembly protein		RU820_05195	1	是		AFE_1095		RefSeq protein_id exact	完全匹配	K12061						否	未找到	待逐基因证据裁决	G54-1011	身份与本地交叉引用已核；原始论文、蛋白域、化学及2016全字段对照未完成	核验 UniProt/InterPro/Pfam/KEGG/Rhea/BioCyc/BRENDA/TCDB、原始论文及反应定义	GCF_049532655.1 genomic.gff; CDS; 2026-09-22 本地下载	D3-1-R_全基因跨数据库交叉引用.tsv; 2026-09-23	1
1012	RU820_RS05235	WP_049759419.1	NZ_CP136162.1:990220-990501(+)	hypothetical protein		RU820_05200	1	是		未确认			未映射							否	未找到	待逐基因证据裁决	G54-1012	身份与本地交叉引用已核；原始论文、蛋白域、化学及2016全字段对照未完成	核验 UniProt/InterPro/Pfam/KEGG/Rhea/BioCyc/BRENDA/TCDB、原始论文及反应定义	GCF_049532655.1 genomic.gff; CDS; 2026-09-22 本地下载	D3-1-R_全基因跨数据库交叉引用.tsv; 2026-09-23	1
1013	RU820_RS05240	WP_012606806.1	NZ_CP136162.1:990498-991748(+)	TraU family protein		RU820_05205	1	是		AFE_1096		RefSeq protein_id exact	完全匹配	K12060						否	未找到	待逐基因证据裁决	G54-1013	身份与本地交叉引用已核；原始论文、蛋白域、化学及2016全字段对照未完成	核验 UniProt/InterPro/Pfam/KEGG/Rhea/BioCyc/BRENDA/TCDB、原始论文及反应定义	GCF_049532655.1 genomic.gff; CDS; 2026-09-22 本地下载	D3-1-R_全基因跨数据库交叉引用.tsv; 2026-09-23	1
1014	RU820_RS05245	WP_012606807.1	NZ_CP136162.1:991814-994873(+)	conjugal transfer protein TraN	traN	RU820_05210	1	是		AFE_1097		RefSeq protein_id exact	完全匹配	K12058						否	未找到	待逐基因证据裁决	G54-1014	身份与本地交叉引用已核；原始论文、蛋白域、化学及2016全字段对照未完成	核验 UniProt/InterPro/Pfam/KEGG/Rhea/BioCyc/BRENDA/TCDB、原始论文及反应定义	GCF_049532655.1 genomic.gff; CDS; 2026-09-22 本地下载	D3-1-R_全基因跨数据库交叉引用.tsv; 2026-09-23	1
1015	RU820_RS05250	WP_012606808.1	NZ_CP136162.1:994931-995170(+)	AbrB/MazE/SpoVT family DNA-binding domain-containing protein		RU820_05215	1	是		AFE_1098		RefSeq protein_id exact	完全匹配	K07172						否	未找到	待逐基因证据裁决	G54-1015	身份与本地交叉引用已核；原始论文、蛋白域、化学及2016全字段对照未完成	核验 UniProt/InterPro/Pfam/KEGG/Rhea/BioCyc/BRENDA/TCDB、原始论文及反应定义	GCF_049532655.1 genomic.gff; CDS; 2026-09-22 本地下载	D3-1-R_全基因跨数据库交叉引用.tsv; 2026-09-23	1
1016	RU820_RS05255	WP_012606809.1	NZ_CP136162.1:995170-995511(+)	endoribonuclease MazF	mazF	RU820_05220	1	是		AFE_1099		RefSeq protein_id exact	完全匹配	K07171						否	未找到	待逐基因证据裁决	G54-1016	身份与本地交叉引用已核；原始论文、蛋白域、化学及2016全字段对照未完成	核验 UniProt/InterPro/Pfam/KEGG/Rhea/BioCyc/BRENDA/TCDB、原始论文及反应定义	GCF_049532655.1 genomic.gff; CDS; 2026-09-22 本地下载	D3-1-R_全基因跨数据库交叉引用.tsv; 2026-09-23	1
1017	RU820_RS05260	WP_236608975.1	NZ_CP136162.1:995536-996642(+)	hypothetical protein		RU820_05225	1	是		AFE_1100		RefSeq protein_id exact	完全匹配							否	未找到	待逐基因证据裁决	G54-1017	身份与本地交叉引用已核；原始论文、蛋白域、化学及2016全字段对照未完成	核验 UniProt/InterPro/Pfam/KEGG/Rhea/BioCyc/BRENDA/TCDB、原始论文及反应定义	GCF_049532655.1 genomic.gff; CDS; 2026-09-22 本地下载	D3-1-R_全基因跨数据库交叉引用.tsv; 2026-09-23	1
1018	RU820_RS05265	WP_041645457.1	NZ_CP136162.1:996923-997168(+)	hypothetical protein		RU820_05230	1	是		AFE_1102		RefSeq protein_id exact	完全匹配							否	未找到	待逐基因证据裁决	G54-1018	身份与本地交叉引用已核；原始论文、蛋白域、化学及2016全字段对照未完成	核验 UniProt/InterPro/Pfam/KEGG/Rhea/BioCyc/BRENDA/TCDB、原始论文及反应定义	GCF_049532655.1 genomic.gff; CDS; 2026-09-22 本地下载	D3-1-R_全基因跨数据库交叉引用.tsv; 2026-09-23	1
1019	RU820_RS05270	WP_423365450.1	NZ_CP136162.1:998095-998439(-)	hypothetical protein		RU820_05235	1	是		未确认			未映射							否	未找到	待逐基因证据裁决	G54-1019	身份与本地交叉引用已核；原始论文、蛋白域、化学及2016全字段对照未完成	核验 UniProt/InterPro/Pfam/KEGG/Rhea/BioCyc/BRENDA/TCDB、原始论文及反应定义	GCF_049532655.1 genomic.gff; CDS; 2026-09-22 本地下载	D3-1-R_全基因跨数据库交叉引用.tsv; 2026-09-23	1
1020	RU820_RS05275	WP_423365452.1	NZ_CP136162.1:998626-999564(+)	hypothetical protein		RU820_05240	1	是		未确认			未映射							否	未找到	待逐基因证据裁决	G54-1020	身份与本地交叉引用已核；原始论文、蛋白域、化学及2016全字段对照未完成	核验 UniProt/InterPro/Pfam/KEGG/Rhea/BioCyc/BRENDA/TCDB、原始论文及反应定义	GCF_049532655.1 genomic.gff; CDS; 2026-09-22 本地下载	D3-1-R_全基因跨数据库交叉引用.tsv; 2026-09-23	1
1021	RU820_RS05280	WP_012606815.1	NZ_CP136162.1:999668-1000258(+)	IS607 family transposase		RU820_05245	1	是		AFE_1105		RefSeq protein_id exact	完全匹配	K07450						否	未找到	待逐基因证据裁决	G54-1021	身份与本地交叉引用已核；原始论文、蛋白域、化学及2016全字段对照未完成	核验 UniProt/InterPro/Pfam/KEGG/Rhea/BioCyc/BRENDA/TCDB、原始论文及反应定义	GCF_049532655.1 genomic.gff; CDS; 2026-09-22 本地下载	D3-1-R_全基因跨数据库交叉引用.tsv; 2026-09-23	1
1022	RU820_RS05285	WP_012606816.1	NZ_CP136162.1:1000255-1001904(+)	IS200/IS605 family accessory protein TnpB-related protein		RU820_05250	1	是		AFE_1106		RefSeq protein_id exact	完全匹配							否	未找到	待逐基因证据裁决	G54-1022	身份与本地交叉引用已核；原始论文、蛋白域、化学及2016全字段对照未完成	核验 UniProt/InterPro/Pfam/KEGG/Rhea/BioCyc/BRENDA/TCDB、原始论文及反应定义	GCF_049532655.1 genomic.gff; CDS; 2026-09-22 本地下载	D3-1-R_全基因跨数据库交叉引用.tsv; 2026-09-23	1
1023	RU820_RS05290	WP_041645466.1	NZ_CP136162.1:1002008-1002214(+)	hypothetical protein		RU820_05255	1	是		未确认			未映射							否	未找到	待逐基因证据裁决	G54-1023	身份与本地交叉引用已核；原始论文、蛋白域、化学及2016全字段对照未完成	核验 UniProt/InterPro/Pfam/KEGG/Rhea/BioCyc/BRENDA/TCDB、原始论文及反应定义	GCF_049532655.1 genomic.gff; CDS; 2026-09-22 本地下载	D3-1-R_全基因跨数据库交叉引用.tsv; 2026-09-23	1
1024	RU820_RS05295	WP_012606817.1	NZ_CP136162.1:1002265-1002807(+)	hypothetical protein		RU820_05260	1	是		AFE_1107		RefSeq protein_id exact	完全匹配							否	未找到	待逐基因证据裁决	G54-1024	身份与本地交叉引用已核；原始论文、蛋白域、化学及2016全字段对照未完成	核验 UniProt/InterPro/Pfam/KEGG/Rhea/BioCyc/BRENDA/TCDB、原始论文及反应定义	GCF_049532655.1 genomic.gff; CDS; 2026-09-22 本地下载	D3-1-R_全基因跨数据库交叉引用.tsv; 2026-09-23	1
1025	RU820_RS05300	WP_049759422.1	NZ_CP136162.1:1002804-1003142(+)	hypothetical protein		RU820_05265	1	是		AFE_1108		RefSeq protein_id exact	完全匹配							否	未找到	待逐基因证据裁决	G54-1025	身份与本地交叉引用已核；原始论文、蛋白域、化学及2016全字段对照未完成	核验 UniProt/InterPro/Pfam/KEGG/Rhea/BioCyc/BRENDA/TCDB、原始论文及反应定义	GCF_049532655.1 genomic.gff; CDS; 2026-09-22 本地下载	D3-1-R_全基因跨数据库交叉引用.tsv; 2026-09-23	1
1026	RU820_RS05305	WP_041645471.1	NZ_CP136162.1:1003145-1003354(+)	hypothetical protein		RU820_05270	1	是		未确认			未映射							否	未找到	待逐基因证据裁决	G54-1026	身份与本地交叉引用已核；原始论文、蛋白域、化学及2016全字段对照未完成	核验 UniProt/InterPro/Pfam/KEGG/Rhea/BioCyc/BRENDA/TCDB、原始论文及反应定义	GCF_049532655.1 genomic.gff; CDS; 2026-09-22 本地下载	D3-1-R_全基因跨数据库交叉引用.tsv; 2026-09-23	1
1027	RU820_RS05310	WP_012606819.1	NZ_CP136162.1:1003351-1004028(+)	nuclease-related domain-containing protein		RU820_05275	1	是		AFE_1109		RefSeq protein_id exact	完全匹配							否	未找到	待逐基因证据裁决	G54-1027	身份与本地交叉引用已核；原始论文、蛋白域、化学及2016全字段对照未完成	核验 UniProt/InterPro/Pfam/KEGG/Rhea/BioCyc/BRENDA/TCDB、原始论文及反应定义	GCF_049532655.1 genomic.gff; CDS; 2026-09-22 本地下载	D3-1-R_全基因跨数据库交叉引用.tsv; 2026-09-23	1
1028	RU820_RS05315	WP_012606582.1	NZ_CP136162.1:1004114-1005340(-)	IS110-like element ISAfe3 family transposase		RU820_05280	1	是		未确认	AFE_0550;AFE_1110;AFE_1142;AFE_1265;AFE_2432;AFE_2709;AFE_2972;AFE_3263	RefSeq protein_id exact	旁系同源/多重候选	K07486						否	未找到	待逐基因证据裁决	G54-1028	身份与本地交叉引用已核；原始论文、蛋白域、化学及2016全字段对照未完成	核验 UniProt/InterPro/Pfam/KEGG/Rhea/BioCyc/BRENDA/TCDB、原始论文及反应定义	GCF_049532655.1 genomic.gff; CDS; 2026-09-22 本地下载	D3-1-R_全基因跨数据库交叉引用.tsv; 2026-09-23	4
1029	RU820_RS05320	WP_041645475.1	NZ_CP136162.1:1005613-1005801(+)	hypothetical protein		RU820_05285	1	是		未确认			未映射							否	未找到	待逐基因证据裁决	G54-1029	身份与本地交叉引用已核；原始论文、蛋白域、化学及2016全字段对照未完成	核验 UniProt/InterPro/Pfam/KEGG/Rhea/BioCyc/BRENDA/TCDB、原始论文及反应定义	GCF_049532655.1 genomic.gff; CDS; 2026-09-22 本地下载	D3-1-R_全基因跨数据库交叉引用.tsv; 2026-09-23	1
1030	RU820_RS05325	WP_012606821.1	NZ_CP136162.1:1005801-1006112(+)	hypothetical protein		RU820_05290	1	是		AFE_1112		RefSeq protein_id exact	完全匹配							否	未找到	待逐基因证据裁决	G54-1030	身份与本地交叉引用已核；原始论文、蛋白域、化学及2016全字段对照未完成	核验 UniProt/InterPro/Pfam/KEGG/Rhea/BioCyc/BRENDA/TCDB、原始论文及反应定义	GCF_049532655.1 genomic.gff; CDS; 2026-09-22 本地下载	D3-1-R_全基因跨数据库交叉引用.tsv; 2026-09-23	1
1031	RU820_RS05330	WP_012606822.1	NZ_CP136162.1:1006109-1006342(+)	hypothetical protein		RU820_05295	1	是		AFE_1113		RefSeq protein_id exact	完全匹配							否	未找到	待逐基因证据裁决	G54-1031	身份与本地交叉引用已核；原始论文、蛋白域、化学及2016全字段对照未完成	核验 UniProt/InterPro/Pfam/KEGG/Rhea/BioCyc/BRENDA/TCDB、原始论文及反应定义	GCF_049532655.1 genomic.gff; CDS; 2026-09-22 本地下载	D3-1-R_全基因跨数据库交叉引用.tsv; 2026-09-23	1
1032	RU820_RS05335	WP_041645480.1	NZ_CP136162.1:1006329-1006571(+)	hypothetical protein		RU820_05300	1	是		未确认			未映射							否	未找到	待逐基因证据裁决	G54-1032	身份与本地交叉引用已核；原始论文、蛋白域、化学及2016全字段对照未完成	核验 UniProt/InterPro/Pfam/KEGG/Rhea/BioCyc/BRENDA/TCDB、原始论文及反应定义	GCF_049532655.1 genomic.gff; CDS; 2026-09-22 本地下载	D3-1-R_全基因跨数据库交叉引用.tsv; 2026-09-23	1
1033	RU820_RS05340	WP_012606823.1	NZ_CP136162.1:1006583-1007404(+)	zinc metalloprotease HtpX		RU820_05305	1	是		AFE_1114		RefSeq protein_id exact	完全匹配	K03799						否	未找到	待逐基因证据裁决	G54-1033	身份与本地交叉引用已核；原始论文、蛋白域、化学及2016全字段对照未完成	核验 UniProt/InterPro/Pfam/KEGG/Rhea/BioCyc/BRENDA/TCDB、原始论文及反应定义	GCF_049532655.1 genomic.gff; CDS; 2026-09-22 本地下载	D3-1-R_全基因跨数据库交叉引用.tsv; 2026-09-23	1
1034	RU820_RS05345	WP_012606824.1	NZ_CP136162.1:1007516-1008400(+)	metallophosphoesterase		RU820_05310	1	是		AFE_1115		RefSeq protein_id exact	完全匹配							否	未找到	待逐基因证据裁决	G54-1034	身份与本地交叉引用已核；原始论文、蛋白域、化学及2016全字段对照未完成	核验 UniProt/InterPro/Pfam/KEGG/Rhea/BioCyc/BRENDA/TCDB、原始论文及反应定义	GCF_049532655.1 genomic.gff; CDS; 2026-09-22 本地下载	D3-1-R_全基因跨数据库交叉引用.tsv; 2026-09-23	1
1035	RU820_RS05350	WP_012606825.1	NZ_CP136162.1:1008397-1008636(+)	hypothetical protein		RU820_05315	1	是		AFE_1116		RefSeq protein_id exact	完全匹配							否	未找到	待逐基因证据裁决	G54-1035	身份与本地交叉引用已核；原始论文、蛋白域、化学及2016全字段对照未完成	核验 UniProt/InterPro/Pfam/KEGG/Rhea/BioCyc/BRENDA/TCDB、原始论文及反应定义	GCF_049532655.1 genomic.gff; CDS; 2026-09-22 本地下载	D3-1-R_全基因跨数据库交叉引用.tsv; 2026-09-23	1
1036	RU820_RS05355	WP_041645486.1	NZ_CP136162.1:1008824-1009060(+)	hypothetical protein		RU820_05320	1	是		AFE_1117		RefSeq protein_id exact	完全匹配							否	未找到	待逐基因证据裁决	G54-1036	身份与本地交叉引用已核；原始论文、蛋白域、化学及2016全字段对照未完成	核验 UniProt/InterPro/Pfam/KEGG/Rhea/BioCyc/BRENDA/TCDB、原始论文及反应定义	GCF_049532655.1 genomic.gff; CDS; 2026-09-22 本地下载	D3-1-R_全基因跨数据库交叉引用.tsv; 2026-09-23	1
1037	RU820_RS05360	WP_012606827.1	NZ_CP136162.1:1009053-1009304(+)	hypothetical protein		RU820_05325	1	是		AFE_1118		RefSeq protein_id exact	完全匹配							否	未找到	待逐基因证据裁决	G54-1037	身份与本地交叉引用已核；原始论文、蛋白域、化学及2016全字段对照未完成	核验 UniProt/InterPro/Pfam/KEGG/Rhea/BioCyc/BRENDA/TCDB、原始论文及反应定义	GCF_049532655.1 genomic.gff; CDS; 2026-09-22 本地下载	D3-1-R_全基因跨数据库交叉引用.tsv; 2026-09-23	1
1038	RU820_RS05365	WP_012606829.1	NZ_CP136162.1:1009580-1010533(+)	hypothetical protein		RU820_05330	1	是		AFE_1120		RefSeq protein_id exact	完全匹配							否	未找到	待逐基因证据裁决	G54-1038	身份与本地交叉引用已核；原始论文、蛋白域、化学及2016全字段对照未完成	核验 UniProt/InterPro/Pfam/KEGG/Rhea/BioCyc/BRENDA/TCDB、原始论文及反应定义	GCF_049532655.1 genomic.gff; CDS; 2026-09-22 本地下载	D3-1-R_全基因跨数据库交叉引用.tsv; 2026-09-23	1
1039	RU820_RS05370	WP_012606830.1	NZ_CP136162.1:1010530-1011138(+)	hypothetical protein		RU820_05335	1	是		AFE_1121		RefSeq protein_id exact	完全匹配							否	未找到	待逐基因证据裁决	G54-1039	身份与本地交叉引用已核；原始论文、蛋白域、化学及2016全字段对照未完成	核验 UniProt/InterPro/Pfam/KEGG/Rhea/BioCyc/BRENDA/TCDB、原始论文及反应定义	GCF_049532655.1 genomic.gff; CDS; 2026-09-22 本地下载	D3-1-R_全基因跨数据库交叉引用.tsv; 2026-09-23	1
1040	RU820_RS05375	WP_012606831.1	NZ_CP136162.1:1011188-1011445(+)	DUF4031 domain-containing protein		RU820_05340	1	是		AFE_1122		RefSeq protein_id exact	完全匹配							否	未找到	待逐基因证据裁决	G54-1040	身份与本地交叉引用已核；原始论文、蛋白域、化学及2016全字段对照未完成	核验 UniProt/InterPro/Pfam/KEGG/Rhea/BioCyc/BRENDA/TCDB、原始论文及反应定义	GCF_049532655.1 genomic.gff; CDS; 2026-09-22 本地下载	D3-1-R_全基因跨数据库交叉引用.tsv; 2026-09-23	1
1041	RU820_RS05380	WP_041645491.1	NZ_CP136162.1:1011469-1011897(+)	hypothetical protein		RU820_05345	1	是		未确认			未映射							否	未找到	待逐基因证据裁决	G54-1041	身份与本地交叉引用已核；原始论文、蛋白域、化学及2016全字段对照未完成	核验 UniProt/InterPro/Pfam/KEGG/Rhea/BioCyc/BRENDA/TCDB、原始论文及反应定义	GCF_049532655.1 genomic.gff; CDS; 2026-09-22 本地下载	D3-1-R_全基因跨数据库交叉引用.tsv; 2026-09-23	1
1042	RU820_RS05385	WP_041645496.1	NZ_CP136162.1:1011894-1012262(+)	hypothetical protein		RU820_05350	1	是		未确认			未映射							否	未找到	待逐基因证据裁决	G54-1042	身份与本地交叉引用已核；原始论文、蛋白域、化学及2016全字段对照未完成	核验 UniProt/InterPro/Pfam/KEGG/Rhea/BioCyc/BRENDA/TCDB、原始论文及反应定义	GCF_049532655.1 genomic.gff; CDS; 2026-09-22 本地下载	D3-1-R_全基因跨数据库交叉引用.tsv; 2026-09-23	1
1043	RU820_RS05390	WP_012606833.1	NZ_CP136162.1:1012262-1012504(+)	hypothetical protein		RU820_05355	1	是		AFE_1124		RefSeq protein_id exact	完全匹配							否	未找到	待逐基因证据裁决	G54-1043	身份与本地交叉引用已核；原始论文、蛋白域、化学及2016全字段对照未完成	核验 UniProt/InterPro/Pfam/KEGG/Rhea/BioCyc/BRENDA/TCDB、原始论文及反应定义	GCF_049532655.1 genomic.gff; CDS; 2026-09-22 本地下载	D3-1-R_全基因跨数据库交叉引用.tsv; 2026-09-23	1
1044	RU820_RS05395	WP_012606834.1	NZ_CP136162.1:1012510-1012836(+)	hypothetical protein		RU820_05360	1	是		AFE_1125		RefSeq protein_id exact	完全匹配							否	未找到	待逐基因证据裁决	G54-1044	身份与本地交叉引用已核；原始论文、蛋白域、化学及2016全字段对照未完成	核验 UniProt/InterPro/Pfam/KEGG/Rhea/BioCyc/BRENDA/TCDB、原始论文及反应定义	GCF_049532655.1 genomic.gff; CDS; 2026-09-22 本地下载	D3-1-R_全基因跨数据库交叉引用.tsv; 2026-09-23	1
1045	RU820_RS05400	WP_012606835.1	NZ_CP136162.1:1012857-1013228(+)	hypothetical protein		RU820_05365	1	是		AFE_1126		RefSeq protein_id exact	完全匹配							否	未找到	待逐基因证据裁决	G54-1045	身份与本地交叉引用已核；原始论文、蛋白域、化学及2016全字段对照未完成	核验 UniProt/InterPro/Pfam/KEGG/Rhea/BioCyc/BRENDA/TCDB、原始论文及反应定义	GCF_049532655.1 genomic.gff; CDS; 2026-09-22 本地下载	D3-1-R_全基因跨数据库交叉引用.tsv; 2026-09-23	1
1046	RU820_RS05405	WP_012606836.1	NZ_CP136162.1:1013225-1013776(+)	nucleoside 2-deoxyribosyltransferase		RU820_05370	1	是		AFE_1127		RefSeq protein_id exact	完全匹配				NUCLEOSIDE-DEOXYRIBOSYLTRANSFERASE-RXN			是	待核实	待逐基因证据裁决	G54-1046	身份与本地交叉引用已核；原始论文、蛋白域、化学及2016全字段对照未完成	核验 UniProt/InterPro/Pfam/KEGG/Rhea/BioCyc/BRENDA/TCDB、原始论文及反应定义	GCF_049532655.1 genomic.gff; CDS; 2026-09-22 本地下载	D3-1-R_全基因跨数据库交叉引用.tsv; 2026-09-23	1
1047	RU820_RS05410	WP_012606837.1	NZ_CP136162.1:1013807-1014334(+)	hypothetical protein		RU820_05375	1	是		AFE_1128		RefSeq protein_id exact	完全匹配							否	未找到	待逐基因证据裁决	G54-1047	身份与本地交叉引用已核；原始论文、蛋白域、化学及2016全字段对照未完成	核验 UniProt/InterPro/Pfam/KEGG/Rhea/BioCyc/BRENDA/TCDB、原始论文及反应定义	GCF_049532655.1 genomic.gff; CDS; 2026-09-22 本地下载	D3-1-R_全基因跨数据库交叉引用.tsv; 2026-09-23	1
1048	RU820_RS05415	WP_080513181.1	NZ_CP136162.1:1014458-1014649(+)	DNA translocase FtsK			1	是		AFE_1130		RefSeq protein_id exact	完全匹配							否	未找到	待逐基因证据裁决	G54-1048	身份与本地交叉引用已核；原始论文、蛋白域、化学及2016全字段对照未完成	核验 UniProt/InterPro/Pfam/KEGG/Rhea/BioCyc/BRENDA/TCDB、原始论文及反应定义	GCF_049532655.1 genomic.gff; CDS; 2026-09-22 本地下载	D3-1-R_全基因跨数据库交叉引用.tsv; 2026-09-23	1
1049	RU820_RS05420	WP_148208607.1	NZ_CP136162.1:1015204-1015569(+)	hypothetical protein		RU820_05380	1	是		AFE_1131		RefSeq protein_id exact	完全匹配							否	未找到	待逐基因证据裁决	G54-1049	身份与本地交叉引用已核；原始论文、蛋白域、化学及2016全字段对照未完成	核验 UniProt/InterPro/Pfam/KEGG/Rhea/BioCyc/BRENDA/TCDB、原始论文及反应定义	GCF_049532655.1 genomic.gff; CDS; 2026-09-22 本地下载	D3-1-R_全基因跨数据库交叉引用.tsv; 2026-09-23	1
1050	RU820_RS05425	WP_012606841.1	NZ_CP136162.1:1015675-1016154(+)	cysteine hydrolase family protein		RU820_05385	1	是		AFE_1133		RefSeq protein_id exact	完全匹配							否	未找到	待逐基因证据裁决	G54-1050	身份与本地交叉引用已核；原始论文、蛋白域、化学及2016全字段对照未完成	核验 UniProt/InterPro/Pfam/KEGG/Rhea/BioCyc/BRENDA/TCDB、原始论文及反应定义	GCF_049532655.1 genomic.gff; CDS; 2026-09-22 本地下载	D3-1-R_全基因跨数据库交叉引用.tsv; 2026-09-23	1
1051	RU820_RS05430	WP_080513182.1	NZ_CP136162.1:1016141-1016509(+)	hypothetical protein		RU820_05390	1	是		未确认			未映射							否	未找到	待逐基因证据裁决	G54-1051	身份与本地交叉引用已核；原始论文、蛋白域、化学及2016全字段对照未完成	核验 UniProt/InterPro/Pfam/KEGG/Rhea/BioCyc/BRENDA/TCDB、原始论文及反应定义	GCF_049532655.1 genomic.gff; CDS; 2026-09-22 本地下载	D3-1-R_全基因跨数据库交叉引用.tsv; 2026-09-23	1
1052	RU820_RS05435	WP_041645534.1	NZ_CP136162.1:1016541-1017116(+)	hypothetical protein		RU820_05395	1	是		未确认			未映射							否	未找到	待逐基因证据裁决	G54-1052	身份与本地交叉引用已核；原始论文、蛋白域、化学及2016全字段对照未完成	核验 UniProt/InterPro/Pfam/KEGG/Rhea/BioCyc/BRENDA/TCDB、原始论文及反应定义	GCF_049532655.1 genomic.gff; CDS; 2026-09-22 本地下载	D3-1-R_全基因跨数据库交叉引用.tsv; 2026-09-23	1
1053	RU820_RS05440	WP_012606844.1	NZ_CP136162.1:1017116-1017817(+)	hypothetical protein		RU820_05400	1	是		AFE_1135		RefSeq protein_id exact	完全匹配							否	未找到	待逐基因证据裁决	G54-1053	身份与本地交叉引用已核；原始论文、蛋白域、化学及2016全字段对照未完成	核验 UniProt/InterPro/Pfam/KEGG/Rhea/BioCyc/BRENDA/TCDB、原始论文及反应定义	GCF_049532655.1 genomic.gff; CDS; 2026-09-22 本地下载	D3-1-R_全基因跨数据库交叉引用.tsv; 2026-09-23	1
1054	RU820_RS05445	WP_012606845.1	NZ_CP136162.1:1017799-1018329(+)	DedA family protein		RU820_05405	1	是		AFE_1136		RefSeq protein_id exact	完全匹配	K03975						否	未找到	待逐基因证据裁决	G54-1054	身份与本地交叉引用已核；原始论文、蛋白域、化学及2016全字段对照未完成	核验 UniProt/InterPro/Pfam/KEGG/Rhea/BioCyc/BRENDA/TCDB、原始论文及反应定义	GCF_049532655.1 genomic.gff; CDS; 2026-09-22 本地下载	D3-1-R_全基因跨数据库交叉引用.tsv; 2026-09-23	1
1055	RU820_RS05450	WP_012606846.1	NZ_CP136162.1:1018398-1020635(+)	ATP-dependent helicase		RU820_05410	1	是		AFE_1137		RefSeq protein_id exact	完全匹配	K03657	5.6.2.4		RXN0-7388			是	待核实	待逐基因证据裁决	G54-1055	身份与本地交叉引用已核；原始论文、蛋白域、化学及2016全字段对照未完成	核验 UniProt/InterPro/Pfam/KEGG/Rhea/BioCyc/BRENDA/TCDB、原始论文及反应定义	GCF_049532655.1 genomic.gff; CDS; 2026-09-22 本地下载	D3-1-R_全基因跨数据库交叉引用.tsv; 2026-09-23	1
1056	RU820_RS05455	WP_423365592.1	NZ_CP136162.1:1020997-1021209(+)	hypothetical protein			1	是		AFE_1140		RefSeq protein_id exact	完全匹配							否	未找到	待逐基因证据裁决	G54-1056	身份与本地交叉引用已核；原始论文、蛋白域、化学及2016全字段对照未完成	核验 UniProt/InterPro/Pfam/KEGG/Rhea/BioCyc/BRENDA/TCDB、原始论文及反应定义	GCF_049532655.1 genomic.gff; CDS; 2026-09-22 本地下载	D3-1-R_全基因跨数据库交叉引用.tsv; 2026-09-23	1
1057	RU820_RS05460	WP_012606850.1	NZ_CP136162.1:1021266-1022144(+)	SPFH domain-containing protein		RU820_05415	1	是		AFE_1141		RefSeq protein_id exact	完全匹配							否	未找到	待逐基因证据裁决	G54-1057	身份与本地交叉引用已核；原始论文、蛋白域、化学及2016全字段对照未完成	核验 UniProt/InterPro/Pfam/KEGG/Rhea/BioCyc/BRENDA/TCDB、原始论文及反应定义	GCF_049532655.1 genomic.gff; CDS; 2026-09-22 本地下载	D3-1-R_全基因跨数据库交叉引用.tsv; 2026-09-23	1
1058	RU820_RS05465	WP_012606582.1	NZ_CP136162.1:1022424-1023650(+)	IS110-like element ISAfe3 family transposase		RU820_05420	1	是		未确认	AFE_0550;AFE_1110;AFE_1142;AFE_1265;AFE_2432;AFE_2709;AFE_2972;AFE_3263	RefSeq protein_id exact	旁系同源/多重候选	K07486						否	未找到	待逐基因证据裁决	G54-1058	身份与本地交叉引用已核；原始论文、蛋白域、化学及2016全字段对照未完成	核验 UniProt/InterPro/Pfam/KEGG/Rhea/BioCyc/BRENDA/TCDB、原始论文及反应定义	GCF_049532655.1 genomic.gff; CDS; 2026-09-22 本地下载	D3-1-R_全基因跨数据库交叉引用.tsv; 2026-09-23	4
1059	RU820_RS05470	WP_041645546.1	NZ_CP136162.1:1023682-1024254(+)	hypothetical protein		RU820_05425	1	是		未确认			未映射							否	未找到	待逐基因证据裁决	G54-1059	身份与本地交叉引用已核；原始论文、蛋白域、化学及2016全字段对照未完成	核验 UniProt/InterPro/Pfam/KEGG/Rhea/BioCyc/BRENDA/TCDB、原始论文及反应定义	GCF_049532655.1 genomic.gff; CDS; 2026-09-22 本地下载	D3-1-R_全基因跨数据库交叉引用.tsv; 2026-09-23	1
1060	RU820_RS05475	WP_148208608.1	NZ_CP136162.1:1024367-1024729(+)	hypothetical protein		RU820_05430	1	是		未确认			未映射							否	未找到	待逐基因证据裁决	G54-1060	身份与本地交叉引用已核；原始论文、蛋白域、化学及2016全字段对照未完成	核验 UniProt/InterPro/Pfam/KEGG/Rhea/BioCyc/BRENDA/TCDB、原始论文及反应定义	GCF_049532655.1 genomic.gff; CDS; 2026-09-22 本地下载	D3-1-R_全基因跨数据库交叉引用.tsv; 2026-09-23	1
1061	RU820_RS05480	WP_041645555.1	NZ_CP136162.1:1024740-1024970(+)	hypothetical protein		RU820_05435	1	是		AFE_1144		RefSeq protein_id exact	完全匹配							否	未找到	待逐基因证据裁决	G54-1061	身份与本地交叉引用已核；原始论文、蛋白域、化学及2016全字段对照未完成	核验 UniProt/InterPro/Pfam/KEGG/Rhea/BioCyc/BRENDA/TCDB、原始论文及反应定义	GCF_049532655.1 genomic.gff; CDS; 2026-09-22 本地下载	D3-1-R_全基因跨数据库交叉引用.tsv; 2026-09-23	1
1062	RU820_RS05485	WP_012606853.1	NZ_CP136162.1:1025183-1026088(-)	tyrosine-type recombinase/integrase		RU820_05440	1	是		AFE_1145		RefSeq protein_id exact	完全匹配	K03733						否	未找到	待逐基因证据裁决	G54-1062	身份与本地交叉引用已核；原始论文、蛋白域、化学及2016全字段对照未完成	核验 UniProt/InterPro/Pfam/KEGG/Rhea/BioCyc/BRENDA/TCDB、原始论文及反应定义	GCF_049532655.1 genomic.gff; CDS; 2026-09-22 本地下载	D3-1-R_全基因跨数据库交叉引用.tsv; 2026-09-23	1
1063	RU820_RS05490	WP_012606854.1	NZ_CP136162.1:1026295-1026657(+)	hypothetical protein		RU820_05445	1	是		AFE_1146		RefSeq protein_id exact	完全匹配							否	未找到	待逐基因证据裁决	G54-1063	身份与本地交叉引用已核；原始论文、蛋白域、化学及2016全字段对照未完成	核验 UniProt/InterPro/Pfam/KEGG/Rhea/BioCyc/BRENDA/TCDB、原始论文及反应定义	GCF_049532655.1 genomic.gff; CDS; 2026-09-22 本地下载	D3-1-R_全基因跨数据库交叉引用.tsv; 2026-09-23	1
1064	RU820_RS05495	WP_012606855.1	NZ_CP136162.1:1026669-1026935(+)	hypothetical protein		RU820_05450	1	是		AFE_1147		RefSeq protein_id exact	完全匹配							否	未找到	待逐基因证据裁决	G54-1064	身份与本地交叉引用已核；原始论文、蛋白域、化学及2016全字段对照未完成	核验 UniProt/InterPro/Pfam/KEGG/Rhea/BioCyc/BRENDA/TCDB、原始论文及反应定义	GCF_049532655.1 genomic.gff; CDS; 2026-09-22 本地下载	D3-1-R_全基因跨数据库交叉引用.tsv; 2026-09-23	1
1065	RU820_RS05500	WP_012606856.1	NZ_CP136162.1:1026947-1027501(+)	hypothetical protein		RU820_05455	1	是		AFE_1148		RefSeq protein_id exact	完全匹配							否	未找到	待逐基因证据裁决	G54-1065	身份与本地交叉引用已核；原始论文、蛋白域、化学及2016全字段对照未完成	核验 UniProt/InterPro/Pfam/KEGG/Rhea/BioCyc/BRENDA/TCDB、原始论文及反应定义	GCF_049532655.1 genomic.gff; CDS; 2026-09-22 本地下载	D3-1-R_全基因跨数据库交叉引用.tsv; 2026-09-23	1
1066	RU820_RS05505	WP_012606857.1	NZ_CP136162.1:1027688-1028125(-)	hypothetical protein		RU820_05460	1	是		AFE_1149		RefSeq protein_id exact	完全匹配							否	未找到	待逐基因证据裁决	G54-1066	身份与本地交叉引用已核；原始论文、蛋白域、化学及2016全字段对照未完成	核验 UniProt/InterPro/Pfam/KEGG/Rhea/BioCyc/BRENDA/TCDB、原始论文及反应定义	GCF_049532655.1 genomic.gff; CDS; 2026-09-22 本地下载	D3-1-R_全基因跨数据库交叉引用.tsv; 2026-09-23	1
1067	RU820_RS05510	WP_012606858.1	NZ_CP136162.1:1028266-1028808(-)	hypothetical protein		RU820_05465	1	是		AFE_1150		RefSeq protein_id exact	完全匹配							否	未找到	待逐基因证据裁决	G54-1067	身份与本地交叉引用已核；原始论文、蛋白域、化学及2016全字段对照未完成	核验 UniProt/InterPro/Pfam/KEGG/Rhea/BioCyc/BRENDA/TCDB、原始论文及反应定义	GCF_049532655.1 genomic.gff; CDS; 2026-09-22 本地下载	D3-1-R_全基因跨数据库交叉引用.tsv; 2026-09-23	1
1068	RU820_RS05515	WP_012606860.1	NZ_CP136162.1:1028953-1029498(-)	HNH endonuclease		RU820_05470	1	是		AFE_1152		RefSeq protein_id exact	完全匹配							否	未找到	待逐基因证据裁决	G54-1068	身份与本地交叉引用已核；原始论文、蛋白域、化学及2016全字段对照未完成	核验 UniProt/InterPro/Pfam/KEGG/Rhea/BioCyc/BRENDA/TCDB、原始论文及反应定义	GCF_049532655.1 genomic.gff; CDS; 2026-09-22 本地下载	D3-1-R_全基因跨数据库交叉引用.tsv; 2026-09-23	1
1069	RU820_RS05520	WP_012606861.1	NZ_CP136162.1:1029544-1029771(-)	hypothetical protein		RU820_05475	1	是		AFE_1153		RefSeq protein_id exact	完全匹配							否	未找到	待逐基因证据裁决	G54-1069	身份与本地交叉引用已核；原始论文、蛋白域、化学及2016全字段对照未完成	核验 UniProt/InterPro/Pfam/KEGG/Rhea/BioCyc/BRENDA/TCDB、原始论文及反应定义	GCF_049532655.1 genomic.gff; CDS; 2026-09-22 本地下载	D3-1-R_全基因跨数据库交叉引用.tsv; 2026-09-23	1
1070	RU820_RS05525	WP_041645573.1	NZ_CP136162.1:1029771-1030073(-)	hypothetical protein		RU820_05480	1	是		未确认			未映射							否	未找到	待逐基因证据裁决	G54-1070	身份与本地交叉引用已核；原始论文、蛋白域、化学及2016全字段对照未完成	核验 UniProt/InterPro/Pfam/KEGG/Rhea/BioCyc/BRENDA/TCDB、原始论文及反应定义	GCF_049532655.1 genomic.gff; CDS; 2026-09-22 本地下载	D3-1-R_全基因跨数据库交叉引用.tsv; 2026-09-23	1
1071	RU820_RS05590	WP_041645583.1	NZ_CP136162.1:1031652-1031900(-)	hypothetical protein		RU820_05545	1	是		未确认			未映射							否	未找到	待逐基因证据裁决	G54-1071	身份与本地交叉引用已核；原始论文、蛋白域、化学及2016全字段对照未完成	核验 UniProt/InterPro/Pfam/KEGG/Rhea/BioCyc/BRENDA/TCDB、原始论文及反应定义	GCF_049532655.1 genomic.gff; CDS; 2026-09-22 本地下载	D3-1-R_全基因跨数据库交叉引用.tsv; 2026-09-23	1
1072	RU820_RS05610	WP_041645589.1	NZ_CP136162.1:1032697-1033014(-)	hypothetical protein		RU820_05565	1	是		未确认			未映射							否	未找到	待逐基因证据裁决	G54-1072	身份与本地交叉引用已核；原始论文、蛋白域、化学及2016全字段对照未完成	核验 UniProt/InterPro/Pfam/KEGG/Rhea/BioCyc/BRENDA/TCDB、原始论文及反应定义	GCF_049532655.1 genomic.gff; CDS; 2026-09-22 本地下载	D3-1-R_全基因跨数据库交叉引用.tsv; 2026-09-23	1
1073	RU820_RS05630	WP_012606865.1	NZ_CP136162.1:1033288-1033566(-)	hypothetical protein		RU820_05585	1	是		AFE_1174		RefSeq protein_id exact	完全匹配							否	未找到	待逐基因证据裁决	G54-1073	身份与本地交叉引用已核；原始论文、蛋白域、化学及2016全字段对照未完成	核验 UniProt/InterPro/Pfam/KEGG/Rhea/BioCyc/BRENDA/TCDB、原始论文及反应定义	GCF_049532655.1 genomic.gff; CDS; 2026-09-22 本地下载	D3-1-R_全基因跨数据库交叉引用.tsv; 2026-09-23	1
1074	RU820_RS05640	WP_041645592.1	NZ_CP136162.1:1033809-1034150(-)	hypothetical protein		RU820_05595	1	是		未确认			未映射							否	未找到	待逐基因证据裁决	G54-1074	身份与本地交叉引用已核；原始论文、蛋白域、化学及2016全字段对照未完成	核验 UniProt/InterPro/Pfam/KEGG/Rhea/BioCyc/BRENDA/TCDB、原始论文及反应定义	GCF_049532655.1 genomic.gff; CDS; 2026-09-22 本地下载	D3-1-R_全基因跨数据库交叉引用.tsv; 2026-09-23	1
1075	RU820_RS05645	WP_012606866.1	NZ_CP136162.1:1034161-1034442(-)	hypothetical protein		RU820_05600	1	是		AFE_1176		RefSeq protein_id exact	完全匹配							否	未找到	待逐基因证据裁决	G54-1075	身份与本地交叉引用已核；原始论文、蛋白域、化学及2016全字段对照未完成	核验 UniProt/InterPro/Pfam/KEGG/Rhea/BioCyc/BRENDA/TCDB、原始论文及反应定义	GCF_049532655.1 genomic.gff; CDS; 2026-09-22 本地下载	D3-1-R_全基因跨数据库交叉引用.tsv; 2026-09-23	1
1076	RU820_RS05655	WP_041645597.1	NZ_CP136162.1:1034591-1034908(-)	hypothetical protein		RU820_05610	1	是		未确认			未映射							否	未找到	待逐基因证据裁决	G54-1076	身份与本地交叉引用已核；原始论文、蛋白域、化学及2016全字段对照未完成	核验 UniProt/InterPro/Pfam/KEGG/Rhea/BioCyc/BRENDA/TCDB、原始论文及反应定义	GCF_049532655.1 genomic.gff; CDS; 2026-09-22 本地下载	D3-1-R_全基因跨数据库交叉引用.tsv; 2026-09-23	1
1077	RU820_RS05660	WP_423365463.1	NZ_CP136162.1:1034976-1035581(-)	hypothetical protein		RU820_05615	1	是		未确认			未映射							否	未找到	待逐基因证据裁决	G54-1077	身份与本地交叉引用已核；原始论文、蛋白域、化学及2016全字段对照未完成	核验 UniProt/InterPro/Pfam/KEGG/Rhea/BioCyc/BRENDA/TCDB、原始论文及反应定义	GCF_049532655.1 genomic.gff; CDS; 2026-09-22 本地下载	D3-1-R_全基因跨数据库交叉引用.tsv; 2026-09-23	1
1078	RU820_RS05745	WP_012606870.1	NZ_CP136162.1:1039625-1040464(-)	DUF4326 domain-containing protein		RU820_05700	1	是		AFE_1197		RefSeq protein_id exact	完全匹配							否	未找到	待逐基因证据裁决	G54-1078	身份与本地交叉引用已核；原始论文、蛋白域、化学及2016全字段对照未完成	核验 UniProt/InterPro/Pfam/KEGG/Rhea/BioCyc/BRENDA/TCDB、原始论文及反应定义	GCF_049532655.1 genomic.gff; CDS; 2026-09-22 本地下载	D3-1-R_全基因跨数据库交叉引用.tsv; 2026-09-23	1
1079	RU820_RS05750	WP_041645602.1	NZ_CP136162.1:1040461-1040691(-)	hypothetical protein		RU820_05705	1	是		未确认			未映射							否	未找到	待逐基因证据裁决	G54-1079	身份与本地交叉引用已核；原始论文、蛋白域、化学及2016全字段对照未完成	核验 UniProt/InterPro/Pfam/KEGG/Rhea/BioCyc/BRENDA/TCDB、原始论文及反应定义	GCF_049532655.1 genomic.gff; CDS; 2026-09-22 本地下载	D3-1-R_全基因跨数据库交叉引用.tsv; 2026-09-23	1
1080	RU820_RS05755	WP_012606872.1	NZ_CP136162.1:1040959-1041396(-)	ribonuclease H family protein		RU820_05710	1	是		AFE_1199		RefSeq protein_id exact	完全匹配	K03469	3.1.26.4		3.1.26.4-RXN			是	待核实	待逐基因证据裁决	G54-1080	身份与本地交叉引用已核；原始论文、蛋白域、化学及2016全字段对照未完成	核验 UniProt/InterPro/Pfam/KEGG/Rhea/BioCyc/BRENDA/TCDB、原始论文及反应定义	GCF_049532655.1 genomic.gff; CDS; 2026-09-22 本地下载	D3-1-R_全基因跨数据库交叉引用.tsv; 2026-09-23	1
1081	RU820_RS05760	WP_012606873.1	NZ_CP136162.1:1041417-1042040(-)	hypothetical protein		RU820_05715	1	是		AFE_1200		RefSeq protein_id exact	完全匹配							否	未找到	待逐基因证据裁决	G54-1081	身份与本地交叉引用已核；原始论文、蛋白域、化学及2016全字段对照未完成	核验 UniProt/InterPro/Pfam/KEGG/Rhea/BioCyc/BRENDA/TCDB、原始论文及反应定义	GCF_049532655.1 genomic.gff; CDS; 2026-09-22 本地下载	D3-1-R_全基因跨数据库交叉引用.tsv; 2026-09-23	1
1082	RU820_RS05765	WP_012606874.1	NZ_CP136162.1:1042212-1043042(+)	heteromeric transposase endonuclease subunit TnsA		RU820_05720	1	是		AFE_1201		RefSeq protein_id exact	完全匹配							否	未找到	待逐基因证据裁决	G54-1082	身份与本地交叉引用已核；原始论文、蛋白域、化学及2016全字段对照未完成	核验 UniProt/InterPro/Pfam/KEGG/Rhea/BioCyc/BRENDA/TCDB、原始论文及反应定义	GCF_049532655.1 genomic.gff; CDS; 2026-09-22 本地下载	D3-1-R_全基因跨数据库交叉引用.tsv; 2026-09-23	1
1083	RU820_RS05770	WP_012606875.1	NZ_CP136162.1:1043039-1045207(+)	Mu transposase C-terminal domain-containing protein		RU820_05725	1	是		AFE_1202		RefSeq protein_id exact	完全匹配				RXN0-5100;RXN0-5131			是	待核实	待逐基因证据裁决	G54-1083	身份与本地交叉引用已核；原始论文、蛋白域、化学及2016全字段对照未完成	核验 UniProt/InterPro/Pfam/KEGG/Rhea/BioCyc/BRENDA/TCDB、原始论文及反应定义	GCF_049532655.1 genomic.gff; CDS; 2026-09-22 本地下载	D3-1-R_全基因跨数据库交叉引用.tsv; 2026-09-23	1
1084	RU820_RS05775	WP_012606876.1	NZ_CP136162.1:1045188-1046846(+)	ATP-binding protein		RU820_05730	1	是		AFE_1203		RefSeq protein_id exact	完全匹配							否	未找到	待逐基因证据裁决	G54-1084	身份与本地交叉引用已核；原始论文、蛋白域、化学及2016全字段对照未完成	核验 UniProt/InterPro/Pfam/KEGG/Rhea/BioCyc/BRENDA/TCDB、原始论文及反应定义	GCF_049532655.1 genomic.gff; CDS; 2026-09-22 本地下载	D3-1-R_全基因跨数据库交叉引用.tsv; 2026-09-23	1
1085	RU820_RS05780	WP_423365467.1	NZ_CP136162.1:1046858-1048687(+)	TnsD family transposase		RU820_05735	1	是		未确认			未映射							否	未找到	待逐基因证据裁决	G54-1085	身份与本地交叉引用已核；原始论文、蛋白域、化学及2016全字段对照未完成	核验 UniProt/InterPro/Pfam/KEGG/Rhea/BioCyc/BRENDA/TCDB、原始论文及反应定义	GCF_049532655.1 genomic.gff; CDS; 2026-09-22 本地下载	D3-1-R_全基因跨数据库交叉引用.tsv; 2026-09-23	1
1086	RU820_RS05785	WP_423365469.1	NZ_CP136162.1:1048689-1050374(+)	hypothetical protein		RU820_05740	1	是		未确认			未映射							否	未找到	待逐基因证据裁决	G54-1086	身份与本地交叉引用已核；原始论文、蛋白域、化学及2016全字段对照未完成	核验 UniProt/InterPro/Pfam/KEGG/Rhea/BioCyc/BRENDA/TCDB、原始论文及反应定义	GCF_049532655.1 genomic.gff; CDS; 2026-09-22 本地下载	D3-1-R_全基因跨数据库交叉引用.tsv; 2026-09-23	1
1087	RU820_RS05790	WP_012606879.1	NZ_CP136162.1:1050456-1053884(-)	AAA family ATPase		RU820_05745	1	是		AFE_1206		RefSeq protein_id exact	完全匹配							否	未找到	待逐基因证据裁决	G54-1087	身份与本地交叉引用已核；原始论文、蛋白域、化学及2016全字段对照未完成	核验 UniProt/InterPro/Pfam/KEGG/Rhea/BioCyc/BRENDA/TCDB、原始论文及反应定义	GCF_049532655.1 genomic.gff; CDS; 2026-09-22 本地下载	D3-1-R_全基因跨数据库交叉引用.tsv; 2026-09-23	1
1088	RU820_RS05795	WP_423365470.1	NZ_CP136162.1:1054088-1057033(+)	autotransporter domain-containing protein		RU820_05750	1	是		未确认			未映射							否	未找到	待逐基因证据裁决	G54-1088	身份与本地交叉引用已核；原始论文、蛋白域、化学及2016全字段对照未完成	核验 UniProt/InterPro/Pfam/KEGG/Rhea/BioCyc/BRENDA/TCDB、原始论文及反应定义	GCF_049532655.1 genomic.gff; CDS; 2026-09-22 本地下载	D3-1-R_全基因跨数据库交叉引用.tsv; 2026-09-23	1
1089	RU820_RS05805	WP_236608977.1	NZ_CP136162.1:1057463-1057630(+)	hypothetical protein		RU820_05755	1	是		未确认			未映射							否	未找到	待逐基因证据裁决	G54-1089	身份与本地交叉引用已核；原始论文、蛋白域、化学及2016全字段对照未完成	核验 UniProt/InterPro/Pfam/KEGG/Rhea/BioCyc/BRENDA/TCDB、原始论文及反应定义	GCF_049532655.1 genomic.gff; CDS; 2026-09-22 本地下载	D3-1-R_全基因跨数据库交叉引用.tsv; 2026-09-23	1
1090	RU820_RS05810	WP_049759432.1	NZ_CP136162.1:1057952-1058254(+)	hypothetical protein		RU820_05760	1	是		未确认			未映射							否	未找到	待逐基因证据裁决	G54-1090	身份与本地交叉引用已核；原始论文、蛋白域、化学及2016全字段对照未完成	核验 UniProt/InterPro/Pfam/KEGG/Rhea/BioCyc/BRENDA/TCDB、原始论文及反应定义	GCF_049532655.1 genomic.gff; CDS; 2026-09-22 本地下载	D3-1-R_全基因跨数据库交叉引用.tsv; 2026-09-23	1
1091	RU820_RS05815	WP_423365615.1	NZ_CP136162.1:1058560-1061259(+)	beta strand repeat-containing protein		RU820_05765	1	是		未确认			未映射							否	未找到	待逐基因证据裁决	G54-1091	身份与本地交叉引用已核；原始论文、蛋白域、化学及2016全字段对照未完成	核验 UniProt/InterPro/Pfam/KEGG/Rhea/BioCyc/BRENDA/TCDB、原始论文及反应定义	GCF_049532655.1 genomic.gff; CDS; 2026-09-22 本地下载	D3-1-R_全基因跨数据库交叉引用.tsv; 2026-09-23	1
1092	RU820_RS05820	WP_012606582.1	NZ_CP136162.1:1061329-1062555(-)	IS110-like element ISAfe3 family transposase		RU820_05770	1	是		未确认	AFE_0550;AFE_1110;AFE_1142;AFE_1265;AFE_2432;AFE_2709;AFE_2972;AFE_3263	RefSeq protein_id exact	旁系同源/多重候选	K07486						否	未找到	待逐基因证据裁决	G54-1092	身份与本地交叉引用已核；原始论文、蛋白域、化学及2016全字段对照未完成	核验 UniProt/InterPro/Pfam/KEGG/Rhea/BioCyc/BRENDA/TCDB、原始论文及反应定义	GCF_049532655.1 genomic.gff; CDS; 2026-09-22 本地下载	D3-1-R_全基因跨数据库交叉引用.tsv; 2026-09-23	4
1093	RU820_RS05825	WP_423365472.1	NZ_CP136162.1:1062648-1069151(+)	hypothetical protein		RU820_05775	1	是		未确认			未映射							否	未找到	待逐基因证据裁决	G54-1093	身份与本地交叉引用已核；原始论文、蛋白域、化学及2016全字段对照未完成	核验 UniProt/InterPro/Pfam/KEGG/Rhea/BioCyc/BRENDA/TCDB、原始论文及反应定义	GCF_049532655.1 genomic.gff; CDS; 2026-09-22 本地下载	D3-1-R_全基因跨数据库交叉引用.tsv; 2026-09-23	1
1094	RU820_RS05830	WP_049759436.1	NZ_CP136162.1:1069240-1069830(+)	prolyl hydroxylase family protein		RU820_05780	1	是		AFE_1210		RefSeq protein_id exact	完全匹配	K00472	1.14.11.2	R01252				是	待核实	待逐基因证据裁决	G54-1094	身份与本地交叉引用已核；原始论文、蛋白域、化学及2016全字段对照未完成	核验 UniProt/InterPro/Pfam/KEGG/Rhea/BioCyc/BRENDA/TCDB、原始论文及反应定义	GCF_049532655.1 genomic.gff; CDS; 2026-09-22 本地下载	D3-1-R_全基因跨数据库交叉引用.tsv; 2026-09-23	1
1095	RU820_RS05835	WP_012606884.1	NZ_CP136162.1:1069823-1071910(+)	tetratricopeptide repeat-containing sulfotransferase family protein		RU820_05785	1	是		AFE_1211		RefSeq protein_id exact	完全匹配							否	未找到	待逐基因证据裁决	G54-1095	身份与本地交叉引用已核；原始论文、蛋白域、化学及2016全字段对照未完成	核验 UniProt/InterPro/Pfam/KEGG/Rhea/BioCyc/BRENDA/TCDB、原始论文及反应定义	GCF_049532655.1 genomic.gff; CDS; 2026-09-22 本地下载	D3-1-R_全基因跨数据库交叉引用.tsv; 2026-09-23	1
1096	RU820_RS05840	WP_012606885.1	NZ_CP136162.1:1071907-1073064(+)	glycosyltransferase family 9 protein		RU820_05790	1	是		AFE_1212		RefSeq protein_id exact	完全匹配							否	未找到	待逐基因证据裁决	G54-1096	身份与本地交叉引用已核；原始论文、蛋白域、化学及2016全字段对照未完成	核验 UniProt/InterPro/Pfam/KEGG/Rhea/BioCyc/BRENDA/TCDB、原始论文及反应定义	GCF_049532655.1 genomic.gff; CDS; 2026-09-22 本地下载	D3-1-R_全基因跨数据库交叉引用.tsv; 2026-09-23	1
1097	RU820_RS05845	WP_148208610.1	NZ_CP136162.1:1073228-1073665(+)	hypothetical protein		RU820_05795	1	是		未确认			未映射							否	未找到	待逐基因证据裁决	G54-1097	身份与本地交叉引用已核；原始论文、蛋白域、化学及2016全字段对照未完成	核验 UniProt/InterPro/Pfam/KEGG/Rhea/BioCyc/BRENDA/TCDB、原始论文及反应定义	GCF_049532655.1 genomic.gff; CDS; 2026-09-22 本地下载	D3-1-R_全基因跨数据库交叉引用.tsv; 2026-09-23	1
1098	RU820_RS05855	WP_012606887.1	NZ_CP136162.1:1074482-1074946(-)	hypothetical protein		RU820_05805	1	是		AFE_1214		RefSeq protein_id exact	完全匹配							否	未找到	待逐基因证据裁决	G54-1098	身份与本地交叉引用已核；原始论文、蛋白域、化学及2016全字段对照未完成	核验 UniProt/InterPro/Pfam/KEGG/Rhea/BioCyc/BRENDA/TCDB、原始论文及反应定义	GCF_049532655.1 genomic.gff; CDS; 2026-09-22 本地下载	D3-1-R_全基因跨数据库交叉引用.tsv; 2026-09-23	1
1099	RU820_RS05860	WP_012606888.1	NZ_CP136162.1:1075048-1076274(-)	RNA-guided endonuclease InsQ/TnpB family protein		RU820_05810	1	是		AFE_1215		RefSeq protein_id exact	完全匹配	K07496			RXN0-5131			是	待核实	待逐基因证据裁决	G54-1099	身份与本地交叉引用已核；原始论文、蛋白域、化学及2016全字段对照未完成	核验 UniProt/InterPro/Pfam/KEGG/Rhea/BioCyc/BRENDA/TCDB、原始论文及反应定义	GCF_049532655.1 genomic.gff; CDS; 2026-09-22 本地下载	D3-1-R_全基因跨数据库交叉引用.tsv; 2026-09-23	1
1100	RU820_RS05865	WP_012606889.1	NZ_CP136162.1:1076359-1076709(-)	hypothetical protein		RU820_05815	1	是		AFE_1216		RefSeq protein_id exact	完全匹配							否	未找到	待逐基因证据裁决	G54-1100	身份与本地交叉引用已核；原始论文、蛋白域、化学及2016全字段对照未完成	核验 UniProt/InterPro/Pfam/KEGG/Rhea/BioCyc/BRENDA/TCDB、原始论文及反应定义	GCF_049532655.1 genomic.gff; CDS; 2026-09-22 本地下载	D3-1-R_全基因跨数据库交叉引用.tsv; 2026-09-23	1
1101	RU820_RS05870	WP_012606890.1	NZ_CP136162.1:1076741-1077352(-)	uracil-DNA glycosylase		RU820_05820	1	是		AFE_1217		RefSeq protein_id exact	完全匹配	K21929	3.2.2.27		RXN0-2584			是	待核实	待逐基因证据裁决	G54-1101	身份与本地交叉引用已核；原始论文、蛋白域、化学及2016全字段对照未完成	核验 UniProt/InterPro/Pfam/KEGG/Rhea/BioCyc/BRENDA/TCDB、原始论文及反应定义	GCF_049532655.1 genomic.gff; CDS; 2026-09-22 本地下载	D3-1-R_全基因跨数据库交叉引用.tsv; 2026-09-23	1
1102	RU820_RS05875	WP_012606891.1	NZ_CP136162.1:1077352-1078068(-)	ATP-grasp domain-containing protein		RU820_05825	1	是		AFE_1218		RefSeq protein_id exact	完全匹配							否	未找到	待逐基因证据裁决	G54-1102	身份与本地交叉引用已核；原始论文、蛋白域、化学及2016全字段对照未完成	核验 UniProt/InterPro/Pfam/KEGG/Rhea/BioCyc/BRENDA/TCDB、原始论文及反应定义	GCF_049532655.1 genomic.gff; CDS; 2026-09-22 本地下载	D3-1-R_全基因跨数据库交叉引用.tsv; 2026-09-23	1
1103	RU820_RS05880	WP_049759437.1	NZ_CP136162.1:1078089-1078592(-)	DUF5131 family protein		RU820_05830	1	是		未确认			未映射							否	未找到	待逐基因证据裁决	G54-1103	身份与本地交叉引用已核；原始论文、蛋白域、化学及2016全字段对照未完成	核验 UniProt/InterPro/Pfam/KEGG/Rhea/BioCyc/BRENDA/TCDB、原始论文及反应定义	GCF_049532655.1 genomic.gff; CDS; 2026-09-22 本地下载	D3-1-R_全基因跨数据库交叉引用.tsv; 2026-09-23	1
1104	RU820_RS05885	WP_049759438.1	NZ_CP136162.1:1078565-1079050(-)	DUF5131 family protein		RU820_05835	1	是		未确认			未映射							否	未找到	待逐基因证据裁决	G54-1104	身份与本地交叉引用已核；原始论文、蛋白域、化学及2016全字段对照未完成	核验 UniProt/InterPro/Pfam/KEGG/Rhea/BioCyc/BRENDA/TCDB、原始论文及反应定义	GCF_049532655.1 genomic.gff; CDS; 2026-09-22 本地下载	D3-1-R_全基因跨数据库交叉引用.tsv; 2026-09-23	1
1105	RU820_RS05890	WP_148208611.1	NZ_CP136162.1:1079132-1079863(-)	hypothetical protein		RU820_05840	1	是		AFE_1220		RefSeq protein_id exact	完全匹配							否	未找到	待逐基因证据裁决	G54-1105	身份与本地交叉引用已核；原始论文、蛋白域、化学及2016全字段对照未完成	核验 UniProt/InterPro/Pfam/KEGG/Rhea/BioCyc/BRENDA/TCDB、原始论文及反应定义	GCF_049532655.1 genomic.gff; CDS; 2026-09-22 本地下载	D3-1-R_全基因跨数据库交叉引用.tsv; 2026-09-23	1
1106	RU820_RS05895	WP_012606893.1	NZ_CP136162.1:1079940-1080554(-)	modification methylase		RU820_05845	1	是		AFE_1221		RefSeq protein_id exact	完全匹配							否	未找到	待逐基因证据裁决	G54-1106	身份与本地交叉引用已核；原始论文、蛋白域、化学及2016全字段对照未完成	核验 UniProt/InterPro/Pfam/KEGG/Rhea/BioCyc/BRENDA/TCDB、原始论文及反应定义	GCF_049532655.1 genomic.gff; CDS; 2026-09-22 本地下载	D3-1-R_全基因跨数据库交叉引用.tsv; 2026-09-23	1
1107	RU820_RS05900	WP_012606894.1	NZ_CP136162.1:1080760-1081473(+)	outer membrane beta-barrel protein		RU820_05850	1	是		AFE_1222		RefSeq protein_id exact	完全匹配							否	未找到	待逐基因证据裁决	G54-1107	身份与本地交叉引用已核；原始论文、蛋白域、化学及2016全字段对照未完成	核验 UniProt/InterPro/Pfam/KEGG/Rhea/BioCyc/BRENDA/TCDB、原始论文及反应定义	GCF_049532655.1 genomic.gff; CDS; 2026-09-22 本地下载	D3-1-R_全基因跨数据库交叉引用.tsv; 2026-09-23	1
1108	RU820_RS05905	WP_041645638.1	NZ_CP136162.1:1081535-1082200(-)	hypothetical protein		RU820_05855	1	是		AFE_1223		RefSeq protein_id exact	完全匹配							否	未找到	待逐基因证据裁决	G54-1108	身份与本地交叉引用已核；原始论文、蛋白域、化学及2016全字段对照未完成	核验 UniProt/InterPro/Pfam/KEGG/Rhea/BioCyc/BRENDA/TCDB、原始论文及反应定义	GCF_049532655.1 genomic.gff; CDS; 2026-09-22 本地下载	D3-1-R_全基因跨数据库交叉引用.tsv; 2026-09-23	1
1109	RU820_RS05910	WP_012606898.1	NZ_CP136162.1:1082387-1085014(-)	AAA family ATPase		RU820_05860	1	是		AFE_1226		RefSeq protein_id exact	完全匹配							否	未找到	待逐基因证据裁决	G54-1109	身份与本地交叉引用已核；原始论文、蛋白域、化学及2016全字段对照未完成	核验 UniProt/InterPro/Pfam/KEGG/Rhea/BioCyc/BRENDA/TCDB、原始论文及反应定义	GCF_049532655.1 genomic.gff; CDS; 2026-09-22 本地下载	D3-1-R_全基因跨数据库交叉引用.tsv; 2026-09-23	1
1110	RU820_RS05915	WP_012606899.1	NZ_CP136162.1:1085014-1086129(-)	metallophosphoesterase family protein		RU820_05865	1	是		AFE_1227		RefSeq protein_id exact	完全匹配							否	未找到	待逐基因证据裁决	G54-1110	身份与本地交叉引用已核；原始论文、蛋白域、化学及2016全字段对照未完成	核验 UniProt/InterPro/Pfam/KEGG/Rhea/BioCyc/BRENDA/TCDB、原始论文及反应定义	GCF_049532655.1 genomic.gff; CDS; 2026-09-22 本地下载	D3-1-R_全基因跨数据库交叉引用.tsv; 2026-09-23	1
1111	RU820_RS05920	WP_041645646.1	NZ_CP136162.1:1086463-1086771(-)	hypothetical protein		RU820_05870	1	是		未确认			未映射							否	未找到	待逐基因证据裁决	G54-1111	身份与本地交叉引用已核；原始论文、蛋白域、化学及2016全字段对照未完成	核验 UniProt/InterPro/Pfam/KEGG/Rhea/BioCyc/BRENDA/TCDB、原始论文及反应定义	GCF_049532655.1 genomic.gff; CDS; 2026-09-22 本地下载	D3-1-R_全基因跨数据库交叉引用.tsv; 2026-09-23	1
1112	RU820_RS05925	WP_041645651.1	NZ_CP136162.1:1086788-1087477(-)	EAL domain-containing protein		RU820_05875	1	是		AFE_1229		RefSeq protein_id exact	完全匹配							否	未找到	待逐基因证据裁决	G54-1112	身份与本地交叉引用已核；原始论文、蛋白域、化学及2016全字段对照未完成	核验 UniProt/InterPro/Pfam/KEGG/Rhea/BioCyc/BRENDA/TCDB、原始论文及反应定义	GCF_049532655.1 genomic.gff; CDS; 2026-09-22 本地下载	D3-1-R_全基因跨数据库交叉引用.tsv; 2026-09-23	1
1113	RU820_RS05930	WP_012606902.1	NZ_CP136162.1:1087478-1089307(-)	BRCT domain-containing protein		RU820_05880	1	是		AFE_1230		RefSeq protein_id exact	完全匹配	K01972	6.5.1.2	R00382				是	待核实	待逐基因证据裁决	G54-1113	身份与本地交叉引用已核；原始论文、蛋白域、化学及2016全字段对照未完成	核验 UniProt/InterPro/Pfam/KEGG/Rhea/BioCyc/BRENDA/TCDB、原始论文及反应定义	GCF_049532655.1 genomic.gff; CDS; 2026-09-22 本地下载	D3-1-R_全基因跨数据库交叉引用.tsv; 2026-09-23	1
1114	RU820_RS05935	WP_041645656.1	NZ_CP136162.1:1089304-1089504(-)	hypothetical protein		RU820_05885	1	是		AFE_1231		RefSeq protein_id exact	完全匹配							否	未找到	待逐基因证据裁决	G54-1114	身份与本地交叉引用已核；原始论文、蛋白域、化学及2016全字段对照未完成	核验 UniProt/InterPro/Pfam/KEGG/Rhea/BioCyc/BRENDA/TCDB、原始论文及反应定义	GCF_049532655.1 genomic.gff; CDS; 2026-09-22 本地下载	D3-1-R_全基因跨数据库交叉引用.tsv; 2026-09-23	1
1115	RU820_RS05940	WP_041645660.1	NZ_CP136162.1:1089819-1090073(-)	hypothetical protein		RU820_05890	1	是		未确认			未映射							否	未找到	待逐基因证据裁决	G54-1115	身份与本地交叉引用已核；原始论文、蛋白域、化学及2016全字段对照未完成	核验 UniProt/InterPro/Pfam/KEGG/Rhea/BioCyc/BRENDA/TCDB、原始论文及反应定义	GCF_049532655.1 genomic.gff; CDS; 2026-09-22 本地下载	D3-1-R_全基因跨数据库交叉引用.tsv; 2026-09-23	1
1116	RU820_RS05945	WP_206383199.1	NZ_CP136162.1:1090088-1090657(-)	hypothetical protein		RU820_05895	1	是		未确认			未映射							否	未找到	待逐基因证据裁决	G54-1116	身份与本地交叉引用已核；原始论文、蛋白域、化学及2016全字段对照未完成	核验 UniProt/InterPro/Pfam/KEGG/Rhea/BioCyc/BRENDA/TCDB、原始论文及反应定义	GCF_049532655.1 genomic.gff; CDS; 2026-09-22 本地下载	D3-1-R_全基因跨数据库交叉引用.tsv; 2026-09-23	1
1117	RU820_RS05950	WP_012606905.1	NZ_CP136162.1:1090741-1091196(-)	endonuclease domain-containing protein		RU820_05900	1	是		AFE_1233		RefSeq protein_id exact	完全匹配							否	未找到	待逐基因证据裁决	G54-1117	身份与本地交叉引用已核；原始论文、蛋白域、化学及2016全字段对照未完成	核验 UniProt/InterPro/Pfam/KEGG/Rhea/BioCyc/BRENDA/TCDB、原始论文及反应定义	GCF_049532655.1 genomic.gff; CDS; 2026-09-22 本地下载	D3-1-R_全基因跨数据库交叉引用.tsv; 2026-09-23	1
1118	RU820_RS05955	WP_012606906.1	NZ_CP136162.1:1091202-1091525(-)	glycine zipper domain-containing protein		RU820_05905	1	是		AFE_1234		RefSeq protein_id exact	完全匹配							否	未找到	待逐基因证据裁决	G54-1118	身份与本地交叉引用已核；原始论文、蛋白域、化学及2016全字段对照未完成	核验 UniProt/InterPro/Pfam/KEGG/Rhea/BioCyc/BRENDA/TCDB、原始论文及反应定义	GCF_049532655.1 genomic.gff; CDS; 2026-09-22 本地下载	D3-1-R_全基因跨数据库交叉引用.tsv; 2026-09-23	1
1119	RU820_RS05960	WP_012606907.1	NZ_CP136162.1:1091557-1092225(-)	lipoprotein		RU820_05910	1	是		AFE_1235		RefSeq protein_id exact	完全匹配				TRANS-RXN-477			是	待核实	待逐基因证据裁决	G54-1119	身份与本地交叉引用已核；原始论文、蛋白域、化学及2016全字段对照未完成	核验 UniProt/InterPro/Pfam/KEGG/Rhea/BioCyc/BRENDA/TCDB、原始论文及反应定义	GCF_049532655.1 genomic.gff; CDS; 2026-09-22 本地下载	D3-1-R_全基因跨数据库交叉引用.tsv; 2026-09-23	1
1120	RU820_RS05965	WP_012606908.1	NZ_CP136162.1:1092239-1092886(-)	hypothetical protein		RU820_05915	1	是		AFE_1236		RefSeq protein_id exact	完全匹配							否	未找到	待逐基因证据裁决	G54-1120	身份与本地交叉引用已核；原始论文、蛋白域、化学及2016全字段对照未完成	核验 UniProt/InterPro/Pfam/KEGG/Rhea/BioCyc/BRENDA/TCDB、原始论文及反应定义	GCF_049532655.1 genomic.gff; CDS; 2026-09-22 本地下载	D3-1-R_全基因跨数据库交叉引用.tsv; 2026-09-23	1
1121	RU820_RS05970	WP_012606909.1	NZ_CP136162.1:1092902-1093267(-)	hypothetical protein		RU820_05920	1	是		AFE_1237		RefSeq protein_id exact	完全匹配							否	未找到	待逐基因证据裁决	G54-1121	身份与本地交叉引用已核；原始论文、蛋白域、化学及2016全字段对照未完成	核验 UniProt/InterPro/Pfam/KEGG/Rhea/BioCyc/BRENDA/TCDB、原始论文及反应定义	GCF_049532655.1 genomic.gff; CDS; 2026-09-22 本地下载	D3-1-R_全基因跨数据库交叉引用.tsv; 2026-09-23	1
1122	RU820_RS05975	WP_041645674.1	NZ_CP136162.1:1093921-1094538(-)	hypothetical protein		RU820_05925	1	是		未确认			未映射							否	未找到	待逐基因证据裁决	G54-1122	身份与本地交叉引用已核；原始论文、蛋白域、化学及2016全字段对照未完成	核验 UniProt/InterPro/Pfam/KEGG/Rhea/BioCyc/BRENDA/TCDB、原始论文及反应定义	GCF_049532655.1 genomic.gff; CDS; 2026-09-22 本地下载	D3-1-R_全基因跨数据库交叉引用.tsv; 2026-09-23	1
1123	RU820_RS05980	WP_012606914.1	NZ_CP136162.1:1094694-1094969(-)	HU family DNA-binding protein		RU820_05930	1	是		AFE_1241		RefSeq protein_id exact	完全匹配	K03530						否	未找到	待逐基因证据裁决	G54-1123	身份与本地交叉引用已核；原始论文、蛋白域、化学及2016全字段对照未完成	核验 UniProt/InterPro/Pfam/KEGG/Rhea/BioCyc/BRENDA/TCDB、原始论文及反应定义	GCF_049532655.1 genomic.gff; CDS; 2026-09-22 本地下载	D3-1-R_全基因跨数据库交叉引用.tsv; 2026-09-23	1
1124	RU820_RS05985	WP_012606915.1	NZ_CP136162.1:1094962-1095276(-)	hypothetical protein		RU820_05935	1	是		AFE_1243		RefSeq protein_id exact	完全匹配							否	未找到	待逐基因证据裁决	G54-1124	身份与本地交叉引用已核；原始论文、蛋白域、化学及2016全字段对照未完成	核验 UniProt/InterPro/Pfam/KEGG/Rhea/BioCyc/BRENDA/TCDB、原始论文及反应定义	GCF_049532655.1 genomic.gff; CDS; 2026-09-22 本地下载	D3-1-R_全基因跨数据库交叉引用.tsv; 2026-09-23	1
1125	RU820_RS05990	WP_012606916.1	NZ_CP136162.1:1095273-1095563(-)	hypothetical protein		RU820_05940	1	是		AFE_1244		RefSeq protein_id exact	完全匹配							否	未找到	待逐基因证据裁决	G54-1125	身份与本地交叉引用已核；原始论文、蛋白域、化学及2016全字段对照未完成	核验 UniProt/InterPro/Pfam/KEGG/Rhea/BioCyc/BRENDA/TCDB、原始论文及反应定义	GCF_049532655.1 genomic.gff; CDS; 2026-09-22 本地下载	D3-1-R_全基因跨数据库交叉引用.tsv; 2026-09-23	1
1126	RU820_RS05995	WP_012606917.1	NZ_CP136162.1:1095563-1096075(-)	hypothetical protein		RU820_05945	1	是		AFE_1245		RefSeq protein_id exact	完全匹配							否	未找到	待逐基因证据裁决	G54-1126	身份与本地交叉引用已核；原始论文、蛋白域、化学及2016全字段对照未完成	核验 UniProt/InterPro/Pfam/KEGG/Rhea/BioCyc/BRENDA/TCDB、原始论文及反应定义	GCF_049532655.1 genomic.gff; CDS; 2026-09-22 本地下载	D3-1-R_全基因跨数据库交叉引用.tsv; 2026-09-23	1
1127	RU820_RS06000	WP_012606918.1	NZ_CP136162.1:1096172-1096387(+)	hypothetical protein		RU820_05950	1	是		AFE_1246		RefSeq protein_id exact	完全匹配							否	未找到	待逐基因证据裁决	G54-1127	身份与本地交叉引用已核；原始论文、蛋白域、化学及2016全字段对照未完成	核验 UniProt/InterPro/Pfam/KEGG/Rhea/BioCyc/BRENDA/TCDB、原始论文及反应定义	GCF_049532655.1 genomic.gff; CDS; 2026-09-22 本地下载	D3-1-R_全基因跨数据库交叉引用.tsv; 2026-09-23	1
1128	RU820_RS06005	WP_041645679.1	NZ_CP136162.1:1096404-1096730(+)	hypothetical protein		RU820_05955	1	是		未确认			未映射							否	未找到	待逐基因证据裁决	G54-1128	身份与本地交叉引用已核；原始论文、蛋白域、化学及2016全字段对照未完成	核验 UniProt/InterPro/Pfam/KEGG/Rhea/BioCyc/BRENDA/TCDB、原始论文及反应定义	GCF_049532655.1 genomic.gff; CDS; 2026-09-22 本地下载	D3-1-R_全基因跨数据库交叉引用.tsv; 2026-09-23	1
1129	RU820_RS06010	WP_049759441.1	NZ_CP136162.1:1096991-1098007(-)	hypothetical protein		RU820_05960	1	是		未确认			未映射							否	未找到	待逐基因证据裁决	G54-1129	身份与本地交叉引用已核；原始论文、蛋白域、化学及2016全字段对照未完成	核验 UniProt/InterPro/Pfam/KEGG/Rhea/BioCyc/BRENDA/TCDB、原始论文及反应定义	GCF_049532655.1 genomic.gff; CDS; 2026-09-22 本地下载	D3-1-R_全基因跨数据库交叉引用.tsv; 2026-09-23	1
1130	RU820_RS06015	WP_012606922.1	NZ_CP136162.1:1098155-1098346(+)	hypothetical protein		RU820_05965	1	是		AFE_1250		RefSeq protein_id exact	完全匹配							否	未找到	待逐基因证据裁决	G54-1130	身份与本地交叉引用已核；原始论文、蛋白域、化学及2016全字段对照未完成	核验 UniProt/InterPro/Pfam/KEGG/Rhea/BioCyc/BRENDA/TCDB、原始论文及反应定义	GCF_049532655.1 genomic.gff; CDS; 2026-09-22 本地下载	D3-1-R_全基因跨数据库交叉引用.tsv; 2026-09-23	1
1131	RU820_RS06020	WP_012606923.1	NZ_CP136162.1:1098343-1100202(+)	type IV secretory system conjugative DNA transfer family protein		RU820_05970	1	是		AFE_1251		RefSeq protein_id exact	完全匹配							否	未找到	待逐基因证据裁决	G54-1131	身份与本地交叉引用已核；原始论文、蛋白域、化学及2016全字段对照未完成	核验 UniProt/InterPro/Pfam/KEGG/Rhea/BioCyc/BRENDA/TCDB、原始论文及反应定义	GCF_049532655.1 genomic.gff; CDS; 2026-09-22 本地下载	D3-1-R_全基因跨数据库交叉引用.tsv; 2026-09-23	1
1132	RU820_RS06025	WP_041645682.1	NZ_CP136162.1:1100227-1100706(+)	hypothetical protein		RU820_05975	1	是		未确认			未映射							否	未找到	待逐基因证据裁决	G54-1132	身份与本地交叉引用已核；原始论文、蛋白域、化学及2016全字段对照未完成	核验 UniProt/InterPro/Pfam/KEGG/Rhea/BioCyc/BRENDA/TCDB、原始论文及反应定义	GCF_049532655.1 genomic.gff; CDS; 2026-09-22 本地下载	D3-1-R_全基因跨数据库交叉引用.tsv; 2026-09-23	1
1133	RU820_RS06030	WP_148208612.1	NZ_CP136162.1:1100865-1101308(+)	hypothetical protein		RU820_05980	1	是		未确认			未映射							否	未找到	待逐基因证据裁决	G54-1133	身份与本地交叉引用已核；原始论文、蛋白域、化学及2016全字段对照未完成	核验 UniProt/InterPro/Pfam/KEGG/Rhea/BioCyc/BRENDA/TCDB、原始论文及反应定义	GCF_049532655.1 genomic.gff; CDS; 2026-09-22 本地下载	D3-1-R_全基因跨数据库交叉引用.tsv; 2026-09-23	1
1134	RU820_RS06035	WP_041645693.1	NZ_CP136162.1:1101314-1101751(+)	hypothetical protein		RU820_05985	1	是		未确认			未映射							否	未找到	待逐基因证据裁决	G54-1134	身份与本地交叉引用已核；原始论文、蛋白域、化学及2016全字段对照未完成	核验 UniProt/InterPro/Pfam/KEGG/Rhea/BioCyc/BRENDA/TCDB、原始论文及反应定义	GCF_049532655.1 genomic.gff; CDS; 2026-09-22 本地下载	D3-1-R_全基因跨数据库交叉引用.tsv; 2026-09-23	1
1135	RU820_RS06040	WP_012606926.1	NZ_CP136162.1:1101752-1104259(+)	hypothetical protein		RU820_05990	1	是		AFE_1254		RefSeq protein_id exact	完全匹配							否	未找到	待逐基因证据裁决	G54-1135	身份与本地交叉引用已核；原始论文、蛋白域、化学及2016全字段对照未完成	核验 UniProt/InterPro/Pfam/KEGG/Rhea/BioCyc/BRENDA/TCDB、原始论文及反应定义	GCF_049532655.1 genomic.gff; CDS; 2026-09-22 本地下载	D3-1-R_全基因跨数据库交叉引用.tsv; 2026-09-23	1
1136	RU820_RS06045	WP_012606927.1	NZ_CP136162.1:1104259-1105152(+)	hypothetical protein		RU820_05995	1	是		AFE_1255		RefSeq protein_id exact	完全匹配							否	未找到	待逐基因证据裁决	G54-1136	身份与本地交叉引用已核；原始论文、蛋白域、化学及2016全字段对照未完成	核验 UniProt/InterPro/Pfam/KEGG/Rhea/BioCyc/BRENDA/TCDB、原始论文及反应定义	GCF_049532655.1 genomic.gff; CDS; 2026-09-22 本地下载	D3-1-R_全基因跨数据库交叉引用.tsv; 2026-09-23	1
1137	RU820_RS06050	WP_012606928.1	NZ_CP136162.1:1105145-1105747(+)	hypothetical protein		RU820_06000	1	是		AFE_1256		RefSeq protein_id exact	完全匹配							否	未找到	待逐基因证据裁决	G54-1137	身份与本地交叉引用已核；原始论文、蛋白域、化学及2016全字段对照未完成	核验 UniProt/InterPro/Pfam/KEGG/Rhea/BioCyc/BRENDA/TCDB、原始论文及反应定义	GCF_049532655.1 genomic.gff; CDS; 2026-09-22 本地下载	D3-1-R_全基因跨数据库交叉引用.tsv; 2026-09-23	1
1138	RU820_RS06055	WP_012606929.1	NZ_CP136162.1:1105875-1106819(-)	hypothetical protein		RU820_06005	1	是		AFE_1257		RefSeq protein_id exact	完全匹配							否	未找到	待逐基因证据裁决	G54-1138	身份与本地交叉引用已核；原始论文、蛋白域、化学及2016全字段对照未完成	核验 UniProt/InterPro/Pfam/KEGG/Rhea/BioCyc/BRENDA/TCDB、原始论文及反应定义	GCF_049532655.1 genomic.gff; CDS; 2026-09-22 本地下载	D3-1-R_全基因跨数据库交叉引用.tsv; 2026-09-23	1
1139	RU820_RS06060	WP_041645700.1	NZ_CP136162.1:1106816-1108066(-)	hypothetical protein		RU820_06010	1	是		AFE_1258		RefSeq protein_id exact	完全匹配	K03169	5.6.2.1					否	未找到	待逐基因证据裁决	G54-1139	身份与本地交叉引用已核；原始论文、蛋白域、化学及2016全字段对照未完成	核验 UniProt/InterPro/Pfam/KEGG/Rhea/BioCyc/BRENDA/TCDB、原始论文及反应定义	GCF_049532655.1 genomic.gff; CDS; 2026-09-22 本地下载	D3-1-R_全基因跨数据库交叉引用.tsv; 2026-09-23	1
1140	RU820_RS06065	WP_012606932.1	NZ_CP136162.1:1108302-1108787(+)	single-stranded DNA-binding protein		RU820_06015	1	是		AFE_1260		RefSeq protein_id exact	完全匹配	K03111						否	未找到	待逐基因证据裁决	G54-1140	身份与本地交叉引用已核；原始论文、蛋白域、化学及2016全字段对照未完成	核验 UniProt/InterPro/Pfam/KEGG/Rhea/BioCyc/BRENDA/TCDB、原始论文及反应定义	GCF_049532655.1 genomic.gff; CDS; 2026-09-22 本地下载	D3-1-R_全基因跨数据库交叉引用.tsv; 2026-09-23	1
1141	RU820_RS06070	WP_012606935.1	NZ_CP136162.1:1109378-1110061(-)	AVAST type 3 anti-phage proein Avs3b	avs3b	RU820_06020	1	是		AFE_1263		RefSeq protein_id exact	完全匹配							否	未找到	待逐基因证据裁决	G54-1141	身份与本地交叉引用已核；原始论文、蛋白域、化学及2016全字段对照未完成	核验 UniProt/InterPro/Pfam/KEGG/Rhea/BioCyc/BRENDA/TCDB、原始论文及反应定义	GCF_049532655.1 genomic.gff; CDS; 2026-09-22 本地下载	D3-1-R_全基因跨数据库交叉引用.tsv; 2026-09-23	1
1142	RU820_RS06075	WP_012606936.1	NZ_CP136162.1:1110036-1114247(-)	hypothetical protein		RU820_06025	1	是		AFE_1264		RefSeq protein_id exact	完全匹配							否	未找到	待逐基因证据裁决	G54-1142	身份与本地交叉引用已核；原始论文、蛋白域、化学及2016全字段对照未完成	核验 UniProt/InterPro/Pfam/KEGG/Rhea/BioCyc/BRENDA/TCDB、原始论文及反应定义	GCF_049532655.1 genomic.gff; CDS; 2026-09-22 本地下载	D3-1-R_全基因跨数据库交叉引用.tsv; 2026-09-23	1
1143	RU820_RS06080	WP_012606582.1	NZ_CP136162.1:1114352-1115578(-)	IS110-like element ISAfe3 family transposase		RU820_06030	1	是		未确认	AFE_0550;AFE_1110;AFE_1142;AFE_1265;AFE_2432;AFE_2709;AFE_2972;AFE_3263	RefSeq protein_id exact	旁系同源/多重候选	K07486						否	未找到	待逐基因证据裁决	G54-1143	身份与本地交叉引用已核；原始论文、蛋白域、化学及2016全字段对照未完成	核验 UniProt/InterPro/Pfam/KEGG/Rhea/BioCyc/BRENDA/TCDB、原始论文及反应定义	GCF_049532655.1 genomic.gff; CDS; 2026-09-22 本地下载	D3-1-R_全基因跨数据库交叉引用.tsv; 2026-09-23	4
1144	RU820_RS06085	WP_012606937.1	NZ_CP136162.1:1115720-1117837(-)	NACHT domain-containing protein		RU820_06035	1	是		AFE_1266		RefSeq protein_id exact	完全匹配							否	未找到	待逐基因证据裁决	G54-1144	身份与本地交叉引用已核；原始论文、蛋白域、化学及2016全字段对照未完成	核验 UniProt/InterPro/Pfam/KEGG/Rhea/BioCyc/BRENDA/TCDB、原始论文及反应定义	GCF_049532655.1 genomic.gff; CDS; 2026-09-22 本地下载	D3-1-R_全基因跨数据库交叉引用.tsv; 2026-09-23	1
1145	RU820_RS06090	WP_148208613.1	NZ_CP136162.1:1118152-1118625(+)	hypothetical protein		RU820_06040	1	是		AFE_1269		RefSeq protein_id exact	完全匹配							否	未找到	待逐基因证据裁决	G54-1145	身份与本地交叉引用已核；原始论文、蛋白域、化学及2016全字段对照未完成	核验 UniProt/InterPro/Pfam/KEGG/Rhea/BioCyc/BRENDA/TCDB、原始论文及反应定义	GCF_049532655.1 genomic.gff; CDS; 2026-09-22 本地下载	D3-1-R_全基因跨数据库交叉引用.tsv; 2026-09-23	1
1146	RU820_RS06095	WP_012606941.1	NZ_CP136162.1:1118840-1119475(+)	ERF family protein		RU820_06045	1	是		AFE_1270		RefSeq protein_id exact	完全匹配							否	未找到	待逐基因证据裁决	G54-1146	身份与本地交叉引用已核；原始论文、蛋白域、化学及2016全字段对照未完成	核验 UniProt/InterPro/Pfam/KEGG/Rhea/BioCyc/BRENDA/TCDB、原始论文及反应定义	GCF_049532655.1 genomic.gff; CDS; 2026-09-22 本地下载	D3-1-R_全基因跨数据库交叉引用.tsv; 2026-09-23	1
1147	RU820_RS06100	WP_012606942.1	NZ_CP136162.1:1119665-1119919(+)	hypothetical protein		RU820_06050	1	是		AFE_1271		RefSeq protein_id exact	完全匹配							否	未找到	待逐基因证据裁决	G54-1147	身份与本地交叉引用已核；原始论文、蛋白域、化学及2016全字段对照未完成	核验 UniProt/InterPro/Pfam/KEGG/Rhea/BioCyc/BRENDA/TCDB、原始论文及反应定义	GCF_049532655.1 genomic.gff; CDS; 2026-09-22 本地下载	D3-1-R_全基因跨数据库交叉引用.tsv; 2026-09-23	1
1148	RU820_RS06105	WP_012606943.1	NZ_CP136162.1:1119930-1120325(+)	hypothetical protein		RU820_06055	1	是		AFE_1272		RefSeq protein_id exact	完全匹配							否	未找到	待逐基因证据裁决	G54-1148	身份与本地交叉引用已核；原始论文、蛋白域、化学及2016全字段对照未完成	核验 UniProt/InterPro/Pfam/KEGG/Rhea/BioCyc/BRENDA/TCDB、原始论文及反应定义	GCF_049532655.1 genomic.gff; CDS; 2026-09-22 本地下载	D3-1-R_全基因跨数据库交叉引用.tsv; 2026-09-23	1
1149	RU820_RS06110	WP_012606944.1	NZ_CP136162.1:1120540-1121022(+)	hypothetical protein		RU820_06060	1	是		AFE_1273		RefSeq protein_id exact	完全匹配							否	未找到	待逐基因证据裁决	G54-1149	身份与本地交叉引用已核；原始论文、蛋白域、化学及2016全字段对照未完成	核验 UniProt/InterPro/Pfam/KEGG/Rhea/BioCyc/BRENDA/TCDB、原始论文及反应定义	GCF_049532655.1 genomic.gff; CDS; 2026-09-22 本地下载	D3-1-R_全基因跨数据库交叉引用.tsv; 2026-09-23	1
1150	RU820_RS06115	WP_041645725.1	NZ_CP136162.1:1121221-1121433(+)	hypothetical protein		RU820_06065	1	是		未确认			未映射							否	未找到	待逐基因证据裁决	G54-1150	身份与本地交叉引用已核；原始论文、蛋白域、化学及2016全字段对照未完成	核验 UniProt/InterPro/Pfam/KEGG/Rhea/BioCyc/BRENDA/TCDB、原始论文及反应定义	GCF_049532655.1 genomic.gff; CDS; 2026-09-22 本地下载	D3-1-R_全基因跨数据库交叉引用.tsv; 2026-09-23	1
1151	RU820_RS06120	WP_012606946.1	NZ_CP136162.1:1121430-1122341(+)	DUF3150 domain-containing protein		RU820_06070	1	是		AFE_1275		RefSeq protein_id exact	完全匹配							否	未找到	待逐基因证据裁决	G54-1151	身份与本地交叉引用已核；原始论文、蛋白域、化学及2016全字段对照未完成	核验 UniProt/InterPro/Pfam/KEGG/Rhea/BioCyc/BRENDA/TCDB、原始论文及反应定义	GCF_049532655.1 genomic.gff; CDS; 2026-09-22 本地下载	D3-1-R_全基因跨数据库交叉引用.tsv; 2026-09-23	1
1152	RU820_RS06125	WP_012606947.1	NZ_CP136162.1:1122457-1122747(+)	hypothetical protein		RU820_06075	1	是		AFE_1276		RefSeq protein_id exact	完全匹配							否	未找到	待逐基因证据裁决	G54-1152	身份与本地交叉引用已核；原始论文、蛋白域、化学及2016全字段对照未完成	核验 UniProt/InterPro/Pfam/KEGG/Rhea/BioCyc/BRENDA/TCDB、原始论文及反应定义	GCF_049532655.1 genomic.gff; CDS; 2026-09-22 本地下载	D3-1-R_全基因跨数据库交叉引用.tsv; 2026-09-23	1
1153	RU820_RS06130	WP_012606948.1	NZ_CP136162.1:1122882-1123328(+)	hypothetical protein		RU820_06080	1	是		AFE_1277		RefSeq protein_id exact	完全匹配							否	未找到	待逐基因证据裁决	G54-1153	身份与本地交叉引用已核；原始论文、蛋白域、化学及2016全字段对照未完成	核验 UniProt/InterPro/Pfam/KEGG/Rhea/BioCyc/BRENDA/TCDB、原始论文及反应定义	GCF_049532655.1 genomic.gff; CDS; 2026-09-22 本地下载	D3-1-R_全基因跨数据库交叉引用.tsv; 2026-09-23	1
1154	RU820_RS06135	WP_012606949.1	NZ_CP136162.1:1123339-1123782(+)	hypothetical protein		RU820_06085	1	是		AFE_1278		RefSeq protein_id exact	完全匹配							否	未找到	待逐基因证据裁决	G54-1154	身份与本地交叉引用已核；原始论文、蛋白域、化学及2016全字段对照未完成	核验 UniProt/InterPro/Pfam/KEGG/Rhea/BioCyc/BRENDA/TCDB、原始论文及反应定义	GCF_049532655.1 genomic.gff; CDS; 2026-09-22 本地下载	D3-1-R_全基因跨数据库交叉引用.tsv; 2026-09-23	1
1155	RU820_RS06140	WP_012606950.1	NZ_CP136162.1:1123794-1124252(+)	hypothetical protein		RU820_06090	1	是		AFE_1279		RefSeq protein_id exact	完全匹配							否	未找到	待逐基因证据裁决	G54-1155	身份与本地交叉引用已核；原始论文、蛋白域、化学及2016全字段对照未完成	核验 UniProt/InterPro/Pfam/KEGG/Rhea/BioCyc/BRENDA/TCDB、原始论文及反应定义	GCF_049532655.1 genomic.gff; CDS; 2026-09-22 本地下载	D3-1-R_全基因跨数据库交叉引用.tsv; 2026-09-23	1
1156	RU820_RS06145	WP_041645736.1	NZ_CP136162.1:1124379-1124723(+)	hypothetical protein		RU820_06095	1	是		未确认			未映射							否	未找到	待逐基因证据裁决	G54-1156	身份与本地交叉引用已核；原始论文、蛋白域、化学及2016全字段对照未完成	核验 UniProt/InterPro/Pfam/KEGG/Rhea/BioCyc/BRENDA/TCDB、原始论文及反应定义	GCF_049532655.1 genomic.gff; CDS; 2026-09-22 本地下载	D3-1-R_全基因跨数据库交叉引用.tsv; 2026-09-23	1
1157	RU820_RS06150	WP_041645740.1	NZ_CP136162.1:1124733-1124972(+)	hypothetical protein		RU820_06100	1	是		AFE_1281		RefSeq protein_id exact	完全匹配							否	未找到	待逐基因证据裁决	G54-1157	身份与本地交叉引用已核；原始论文、蛋白域、化学及2016全字段对照未完成	核验 UniProt/InterPro/Pfam/KEGG/Rhea/BioCyc/BRENDA/TCDB、原始论文及反应定义	GCF_049532655.1 genomic.gff; CDS; 2026-09-22 本地下载	D3-1-R_全基因跨数据库交叉引用.tsv; 2026-09-23	1
1158	RU820_RS06155	WP_012606953.1	NZ_CP136162.1:1125232-1125717(+)	hypothetical protein		RU820_06105	1	是		AFE_1282		RefSeq protein_id exact	完全匹配							否	未找到	待逐基因证据裁决	G54-1158	身份与本地交叉引用已核；原始论文、蛋白域、化学及2016全字段对照未完成	核验 UniProt/InterPro/Pfam/KEGG/Rhea/BioCyc/BRENDA/TCDB、原始论文及反应定义	GCF_049532655.1 genomic.gff; CDS; 2026-09-22 本地下载	D3-1-R_全基因跨数据库交叉引用.tsv; 2026-09-23	1
1159	RU820_RS06160	WP_012606954.1	NZ_CP136162.1:1125840-1126649(+)	DUF4942 domain-containing protein		RU820_06110	1	是		AFE_1283		RefSeq protein_id exact	完全匹配							否	未找到	待逐基因证据裁决	G54-1159	身份与本地交叉引用已核；原始论文、蛋白域、化学及2016全字段对照未完成	核验 UniProt/InterPro/Pfam/KEGG/Rhea/BioCyc/BRENDA/TCDB、原始论文及反应定义	GCF_049532655.1 genomic.gff; CDS; 2026-09-22 本地下载	D3-1-R_全基因跨数据库交叉引用.tsv; 2026-09-23	1
1160	RU820_RS06165	WP_012606955.1	NZ_CP136162.1:1126652-1127098(+)	hypothetical protein		RU820_06115	1	是		AFE_1284		RefSeq protein_id exact	完全匹配							否	未找到	待逐基因证据裁决	G54-1160	身份与本地交叉引用已核；原始论文、蛋白域、化学及2016全字段对照未完成	核验 UniProt/InterPro/Pfam/KEGG/Rhea/BioCyc/BRENDA/TCDB、原始论文及反应定义	GCF_049532655.1 genomic.gff; CDS; 2026-09-22 本地下载	D3-1-R_全基因跨数据库交叉引用.tsv; 2026-09-23	1
1161	RU820_RS06170	WP_012606956.1	NZ_CP136162.1:1127239-1127559(+)	hypothetical protein		RU820_06120	1	是		AFE_1285		RefSeq protein_id exact	完全匹配							否	未找到	待逐基因证据裁决	G54-1161	身份与本地交叉引用已核；原始论文、蛋白域、化学及2016全字段对照未完成	核验 UniProt/InterPro/Pfam/KEGG/Rhea/BioCyc/BRENDA/TCDB、原始论文及反应定义	GCF_049532655.1 genomic.gff; CDS; 2026-09-22 本地下载	D3-1-R_全基因跨数据库交叉引用.tsv; 2026-09-23	1
1162	RU820_RS06175	WP_049759443.1	NZ_CP136162.1:1127569-1128501(+)	YqaJ viral recombinase family protein		RU820_06125	1	是		AFE_1286		RefSeq protein_id exact	完全匹配							否	未找到	待逐基因证据裁决	G54-1162	身份与本地交叉引用已核；原始论文、蛋白域、化学及2016全字段对照未完成	核验 UniProt/InterPro/Pfam/KEGG/Rhea/BioCyc/BRENDA/TCDB、原始论文及反应定义	GCF_049532655.1 genomic.gff; CDS; 2026-09-22 本地下载	D3-1-R_全基因跨数据库交叉引用.tsv; 2026-09-23	1
1163	RU820_RS06180	WP_012606958.1	NZ_CP136162.1:1128630-1128869(+)	hypothetical protein		RU820_06130	1	是		AFE_1287		RefSeq protein_id exact	完全匹配							否	未找到	待逐基因证据裁决	G54-1163	身份与本地交叉引用已核；原始论文、蛋白域、化学及2016全字段对照未完成	核验 UniProt/InterPro/Pfam/KEGG/Rhea/BioCyc/BRENDA/TCDB、原始论文及反应定义	GCF_049532655.1 genomic.gff; CDS; 2026-09-22 本地下载	D3-1-R_全基因跨数据库交叉引用.tsv; 2026-09-23	1
1164	RU820_RS06185	WP_012606959.1	NZ_CP136162.1:1128869-1129324(+)	hypothetical protein		RU820_06135	1	是		AFE_1288		RefSeq protein_id exact	完全匹配							否	未找到	待逐基因证据裁决	G54-1164	身份与本地交叉引用已核；原始论文、蛋白域、化学及2016全字段对照未完成	核验 UniProt/InterPro/Pfam/KEGG/Rhea/BioCyc/BRENDA/TCDB、原始论文及反应定义	GCF_049532655.1 genomic.gff; CDS; 2026-09-22 本地下载	D3-1-R_全基因跨数据库交叉引用.tsv; 2026-09-23	1
1165	RU820_RS06190	WP_041645744.1	NZ_CP136162.1:1129454-1129714(+)	hypothetical protein		RU820_06140	1	是		AFE_1289		RefSeq protein_id exact	完全匹配							否	未找到	待逐基因证据裁决	G54-1165	身份与本地交叉引用已核；原始论文、蛋白域、化学及2016全字段对照未完成	核验 UniProt/InterPro/Pfam/KEGG/Rhea/BioCyc/BRENDA/TCDB、原始论文及反应定义	GCF_049532655.1 genomic.gff; CDS; 2026-09-22 本地下载	D3-1-R_全基因跨数据库交叉引用.tsv; 2026-09-23	1
1166	RU820_RS06195	WP_012606961.1	NZ_CP136162.1:1129711-1130148(+)	hypothetical protein		RU820_06145	1	是		AFE_1290		RefSeq protein_id exact	完全匹配							否	未找到	待逐基因证据裁决	G54-1166	身份与本地交叉引用已核；原始论文、蛋白域、化学及2016全字段对照未完成	核验 UniProt/InterPro/Pfam/KEGG/Rhea/BioCyc/BRENDA/TCDB、原始论文及反应定义	GCF_049532655.1 genomic.gff; CDS; 2026-09-22 本地下载	D3-1-R_全基因跨数据库交叉引用.tsv; 2026-09-23	1
1167	RU820_RS06200	WP_012606962.1	NZ_CP136162.1:1130167-1130598(+)	hypothetical protein		RU820_06150	1	是		AFE_1291		RefSeq protein_id exact	完全匹配							否	未找到	待逐基因证据裁决	G54-1167	身份与本地交叉引用已核；原始论文、蛋白域、化学及2016全字段对照未完成	核验 UniProt/InterPro/Pfam/KEGG/Rhea/BioCyc/BRENDA/TCDB、原始论文及反应定义	GCF_049532655.1 genomic.gff; CDS; 2026-09-22 本地下载	D3-1-R_全基因跨数据库交叉引用.tsv; 2026-09-23	1
1168	RU820_RS06205	WP_012606963.1	NZ_CP136162.1:1130738-1132672(+)	hypothetical protein		RU820_06155	1	是		AFE_1292		RefSeq protein_id exact	完全匹配							否	未找到	待逐基因证据裁决	G54-1168	身份与本地交叉引用已核；原始论文、蛋白域、化学及2016全字段对照未完成	核验 UniProt/InterPro/Pfam/KEGG/Rhea/BioCyc/BRENDA/TCDB、原始论文及反应定义	GCF_049532655.1 genomic.gff; CDS; 2026-09-22 本地下载	D3-1-R_全基因跨数据库交叉引用.tsv; 2026-09-23	1
1169	RU820_RS06210	WP_201763903.1	NZ_CP136162.1:1132821-1133165(+)	hypothetical protein		RU820_06160	1	是		AFE_1293		RefSeq protein_id exact	完全匹配							否	未找到	待逐基因证据裁决	G54-1169	身份与本地交叉引用已核；原始论文、蛋白域、化学及2016全字段对照未完成	核验 UniProt/InterPro/Pfam/KEGG/Rhea/BioCyc/BRENDA/TCDB、原始论文及反应定义	GCF_049532655.1 genomic.gff; CDS; 2026-09-22 本地下载	D3-1-R_全基因跨数据库交叉引用.tsv; 2026-09-23	1
1170	RU820_RS06215	WP_012606966.1	NZ_CP136162.1:1133350-1133988(+)	helix-turn-helix domain-containing protein		RU820_06165	1	是		AFE_1295		RefSeq protein_id exact	完全匹配							否	未找到	待逐基因证据裁决	G54-1170	身份与本地交叉引用已核；原始论文、蛋白域、化学及2016全字段对照未完成	核验 UniProt/InterPro/Pfam/KEGG/Rhea/BioCyc/BRENDA/TCDB、原始论文及反应定义	GCF_049532655.1 genomic.gff; CDS; 2026-09-22 本地下载	D3-1-R_全基因跨数据库交叉引用.tsv; 2026-09-23	1
1171	RU820_RS06220	WP_012606967.1	NZ_CP136162.1:1134044-1135006(+)	CysB family HTH-type transcriptional regulator		RU820_06170	1	是		AFE_1296		RefSeq protein_id exact	完全匹配	K13634						否	未找到	待逐基因证据裁决	G54-1171	身份与本地交叉引用已核；原始论文、蛋白域、化学及2016全字段对照未完成	核验 UniProt/InterPro/Pfam/KEGG/Rhea/BioCyc/BRENDA/TCDB、原始论文及反应定义	GCF_049532655.1 genomic.gff; CDS; 2026-09-22 本地下载	D3-1-R_全基因跨数据库交叉引用.tsv; 2026-09-23	1
1172	RU820_RS06225	WP_012606968.1	NZ_CP136162.1:1135161-1136081(+)	AAA family ATPase		RU820_06175	1	是		AFE_1297		RefSeq protein_id exact	完全匹配	K09882	6.6.1.2	R05227		RHEA:15341		是	待核实	待逐基因证据裁决	G54-1172	身份与本地交叉引用已核；原始论文、蛋白域、化学及2016全字段对照未完成	核验 UniProt/InterPro/Pfam/KEGG/Rhea/BioCyc/BRENDA/TCDB、原始论文及反应定义	GCF_049532655.1 genomic.gff; CDS; 2026-09-22 本地下载	D3-1-R_全基因跨数据库交叉引用.tsv; 2026-09-23	1
