reaction_id	original_direction	original_equation	normalized_equation	reversible	action
RXN-16629	PHYSIOL-LEFT-TO-RIGHT	Oleoyl-ACPs;MALONYL-ACP;PROTON -> 11Z-3-oxo-icos-11-enoyl-ACPs;ACP;CARBON-DIOXIDE	normalized(fwd)	False	keep-fwd
RXN-9222	PHYSIOL-LEFT-TO-RIGHT	ALL-TRANS-HEPTAPRENYL-DIPHOSPHATE;4-hydroxybenzoate -> CPD-9852;PPI	normalized(fwd)	False	keep-fwd
RXN0-5256	REVERSIBLE	Menaquinones;PROTON;HYDROGEN-MOLECULE -> Menaquinols;PROTON	normalized(fwd)	True	keep-fwd
GLURS-RXN	PHYSIOL-LEFT-TO-RIGHT	GLT-tRNAs;GLT;ATP -> Charged-GLT-tRNAs;PPI;AMP	normalized(fwd)	False	keep-fwd
RXN-9951	REVERSIBLE	THREO-DS-ISO-CITRATE;NADP -> OXALO-SUCCINATE;NADPH;PROTON	normalized(fwd)	True	keep-fwd
RXN0-5100		DNA-Segment-Placeholder -> 	normalized(?)		quarantine
RXN-16631	PHYSIOL-LEFT-TO-RIGHT	3R-11Z-3-hydroxy-icos-11-enoyl-ACPs -> 2E-11Z-icosa-2-11-dienoyl-ACPs;WATER	normalized(fwd)	False	keep-fwd
RXN-22427	PHYSIOL-LEFT-TO-RIGHT	a-mature-triacylated-lipoprotein;LolA;ATP;WATER -> LolA-Lipoprotein-Complex;ADP;Pi;PROTON	normalized(fwd)	False	keep-fwd
RXN-6263	PHYSIOL-LEFT-TO-RIGHT	R-2-Haloacids;WATER -> 2R-Hydroxy-Fatty-Acids;Halide-Anions;PROTON	normalized(fwd)	False	keep-fwd
RXN-11832	REVERSIBLE	ATP;CMP -> ADP;CDP	normalized(fwd)	True	keep-fwd
RXN-14206	PHYSIOL-LEFT-TO-RIGHT	4a-Hydroxytetrahydroopteridines -> 67-DIHYDROPTERIDINE;WATER	normalized(fwd)	False	keep-fwd
RXN0-1241	PHYSIOL-LEFT-TO-RIGHT	S-ADENOSYLMETHIONINE;Ribosomal-protein-L3-L-glutamine -> Ribosomal-protein-L3-N5M-L-glutamine;ADENOSYL-HOMO-CYS;PROTON	normalized(fwd)	False	keep-fwd
N-ACETYLTRANSFER-RXN	LEFT-TO-RIGHT	GLT;ACETYL-COA -> PROTON;ACETYL-GLU;CO-A	normalized(fwd)	False	keep-fwd
RXN-22481	PHYSIOL-LEFT-TO-RIGHT	UDP-3R-hydroxyacyl-GlcNAc;WATER -> UDP-3R-hydroxyacyl-GlcN;ACET	normalized(fwd)	False	keep-fwd
RXN-12625	PHYSIOL-LEFT-TO-RIGHT	CHITOBIOSE;WATER -> N-acetyl-D-glucosamine	normalized(fwd)	False	keep-fwd
RXN-22611	PHYSIOL-LEFT-TO-RIGHT	CPD-24847;UDP-N-ACETYL-D-GLUCOSAMINE -> CPD-24848;UDP;PROTON	normalized(fwd)	False	keep-fwd
DAHPSYN-RXN	LEFT-TO-RIGHT	PHOSPHO-ENOL-PYRUVATE;ERYTHROSE-4P;WATER -> 3-DEOXY-D-ARABINO-HEPTULOSONATE-7-P;Pi	normalized(fwd)	False	keep-fwd
RXN0-5224	REVERSIBLE	HCO3;PROTON -> CARBON-DIOXIDE;WATER	normalized(fwd)	True	keep-fwd
PRAISOM-RXN	LEFT-TO-RIGHT	N-5-PHOSPHORIBOSYL-ANTHRANILATE -> CARBOXYPHENYLAMINO-DEOXYRIBULOSE-P	normalized(fwd)	False	keep-fwd
GLUTAMIN-RXN	PHYSIOL-LEFT-TO-RIGHT	GLN;WATER -> GLT;AMMONIUM	normalized(fwd)	False	keep-fwd
RXN0-4261	PHYSIOL-LEFT-TO-RIGHT	ATP;WATER -> ADP;Pi	normalized(fwd)	False	keep-fwd
3.1.11.6-RXN	PHYSIOL-LEFT-TO-RIGHT	WATER -> Ribonucleoside-Monophosphates;SS-Oligodeoxyribonucleotides	normalized(fwd)	False	keep-fwd
FESGSHTHIO-RXN	PHYSIOL-LEFT-TO-RIGHT	CPD-11281;OXYGEN-MOLECULE -> CPD-17866;PROTON	normalized(fwd)	False	keep-fwd
RXN0-747	RIGHT-TO-LEFT	DADP;Oxidized-NrdH-Proteins;WATER -> ADP;Reduced-NrdH-Proteins	normalized(rev)	False	reverse-and-keep
MALIC-NADP-RXN	PHYSIOL-LEFT-TO-RIGHT	MAL;NADP -> PYRUVATE;CARBON-DIOXIDE;NADPH	normalized(fwd)	False	keep-fwd
RXN-17473	PHYSIOL-LEFT-TO-RIGHT	S-ADENOSYLMETHIONINE;CPD-5662 -> BIOTIN;CH33ADO;MET;PROTON	normalized(fwd)	False	keep-fwd
PEPCARBOX-RXN	PHYSIOL-RIGHT-TO-LEFT	Pi;OXALACETIC_ACID -> PHOSPHO-ENOL-PYRUVATE;HCO3	normalized(rev)	False	reverse-and-keep
BRANCHED-CHAINAMINOTRANSFERLEU-RXN	REVERSIBLE	LEU;2-KETOGLUTARATE -> GLT;2K-4CH3-PENTANOATE	normalized(fwd)	True	keep-fwd
QUINOLINATE-SYNTHA-RXN	LEFT-TO-RIGHT	IMINOASPARTATE;DIHYDROXY-ACETONE-PHOSPHATE -> QUINOLINATE;WATER;Pi	normalized(fwd)	False	keep-fwd
GTP-CYCLOHYDRO-II-RXN	PHYSIOL-LEFT-TO-RIGHT	WATER;GTP -> PROTON;Pi;DIAMINO-OH-PHOSPHORIBOSYLAMINO-PYR;FORMATE	normalized(fwd)	False	keep-fwd
RXN-17824		CPD-19186;PROT-CYS -> a-thymine-in-DNA;Protein-S-methyl-L-cysteine	normalized(?)		quarantine
RXN0-7022	PHYSIOL-LEFT-TO-RIGHT	UDP-N-ACETYLMURAMATE;CPD0-1082;ATP -> UDP-MURNAC-TETRAPEPTIDE;ADP;Pi;PROTON	normalized(fwd)	False	keep-fwd
RXN-21538	PHYSIOL-LEFT-TO-RIGHT	METHIONINE-SYNTHASE-METHYLCOBALAMIN;HOMO-CYS -> Methionine-synthase-cob-I-alamins;MET;PROTON	normalized(fwd)	False	keep-fwd
3.2.1.52-RXN	PHYSIOL-LEFT-TO-RIGHT	N-Acetyl-beta-D-Hexosaminides;WATER -> N-acetyl-beta-D-hexosamines;Alcohols	normalized(fwd)	False	keep-fwd
SEDOBISALDOL-RXN	REVERSIBLE	D-SEDOHEPTULOSE-1-7-P2 -> DIHYDROXY-ACETONE-PHOSPHATE;ERYTHROSE-4P	normalized(fwd)	True	keep-fwd
RXN0-6732	LEFT-TO-RIGHT	CPD0-1068;ATP -> CPD0-2479;ADENINE	normalized(fwd)	False	keep-fwd
RXN-16424		Phosphorylated-Phosphoglucosamine-Mutase;D-GLUCOSAMINE-6-P -> CPD0-1096;Phosphoglucosamine-Mutase	normalized(?)		quarantine
RXN-16691	PHYSIOL-LEFT-TO-RIGHT	CPD-17969 -> CPD-18809;PROTON;UNDECAPRENYL-DIPHOSPHATE	normalized(fwd)	False	keep-fwd
1.2.1.13-RXN	PHYSIOL-RIGHT-TO-LEFT	GAP;Pi;NADP -> DPG;NADPH;PROTON	normalized(rev)	False	reverse-and-keep
1.8.4.8-RXN	PHYSIOL-RIGHT-TO-LEFT	3-5-ADP;SO3;Ox-Thioredoxin;PROTON -> PAPS;Red-Thioredoxin	normalized(rev)	False	reverse-and-keep
3-OXOACYL-ACP-REDUCT-RXN	PHYSIOL-RIGHT-TO-LEFT	OH-ACYL-ACP;NADP -> B-KETOACYL-ACP;NADPH;PROTON	normalized(rev)	False	reverse-and-keep
2-OCTAPRENYL-6-METHOXYPHENOL-HYDROX-RXN	PHYSIOL-LEFT-TO-RIGHT	2-OCTAPRENYL-6-METHOXYPHENOL;OXYGEN-MOLECULE;NADPH;PROTON -> OCTAPRENYL-METHOXY-BENZOQUINONE;WATER;NADP	normalized(fwd)	False	keep-fwd
RXN-10642	PHYSIOL-LEFT-TO-RIGHT	CPD-11444;PROTON -> COPROPORPHYRINOGEN_I;CARBON-DIOXIDE	normalized(fwd)	False	keep-fwd
RXN0-2382	LEFT-TO-RIGHT	SER;INDOLE -> TRP;WATER	normalized(fwd)	False	keep-fwd
RXN-9655	LEFT-TO-RIGHT	Beta-hydroxydecanoyl-ACPs -> Trans-D2-decenoyl-ACPs;WATER	normalized(fwd)	False	keep-fwd
SULFITE-REDUCT-RXN	PHYSIOL-RIGHT-TO-LEFT	HS;NADP;WATER -> SO3;NADPH;PROTON	normalized(rev)	False	reverse-and-keep
RXN-9003	PHYSIOL-LEFT-TO-RIGHT	ALL-TRANS-HEXAPRENYL-DIPHOSPHATE;4-hydroxybenzoate -> 3-HEXAPRENYL-4-HYDROXYBENZOATE;PPI	normalized(fwd)	False	keep-fwd
ACETATE--COA-LIGASE-RXN	PHYSIOL-LEFT-TO-RIGHT	CO-A;ACET;ATP -> ACETYL-COA;PPI;AMP	normalized(fwd)	False	keep-fwd
RXN-18447	PHYSIOL-LEFT-TO-RIGHT	ATP;ISOBUTYRATE;CO-A -> PPI;AMP;ISOBUTYRYL-COA	normalized(fwd)	False	keep-fwd
CDPDIGLYSYN-RXN	LEFT-TO-RIGHT	CTP;L-PHOSPHATIDATE;PROTON -> CDPDIACYLGLYCEROL;PPI	normalized(fwd)	False	keep-fwd
RXN-12614	PHYSIOL-LEFT-TO-RIGHT	GLY;OXYGEN-MOLECULE -> CPD-12279;HYDROGEN-PEROXIDE;PROTON	normalized(fwd)	False	keep-fwd
RXN-22241	PHYSIOL-LEFT-TO-RIGHT	R-3-hydroxy15-methylhexadecanoyl-ACPs;CPD-24234 -> CPD-24233;ACP;PROTON	normalized(fwd)	False	keep-fwd
RXN-7101	LEFT-TO-RIGHT	BCCP-biotin-L-lysine -> biotin-L-lysine-in-BCCP-dimers	normalized(fwd)	False	keep-fwd
RXN-12722	PHYSIOL-RIGHT-TO-LEFT	CPD-13714 -> CPD-11447;WATER	normalized(rev)	False	reverse-and-keep
PHENYLALANINE--TRNA-LIGASE-RXN	PHYSIOL-LEFT-TO-RIGHT	PHE-tRNAs;PHE;ATP -> Charged-PHE-tRNAs;PPI;AMP	normalized(fwd)	False	keep-fwd
RXN-16688	PHYSIOL-LEFT-TO-RIGHT	CPD-17968 -> CPD-17987;UNDECAPRENYL-DIPHOSPHATE;PROTON	normalized(fwd)	False	keep-fwd
ADCLY-RXN	LEFT-TO-RIGHT	4-AMINO-4-DEOXYCHORISMATE -> PROTON;P-AMINO-BENZOATE;PYRUVATE	normalized(fwd)	False	keep-fwd
RXN-21266	PHYSIOL-LEFT-TO-RIGHT	WATER -> CPD-21221;Modified-Bases	normalized(fwd)	False	keep-fwd
GTPPYPHOSKIN-RXN	PHYSIOL-LEFT-TO-RIGHT	ATP;GTP -> GDP-TP;AMP;PROTON	normalized(fwd)	False	keep-fwd
ASPARTATE--TRNA-LIGASE-RXN	PHYSIOL-LEFT-TO-RIGHT	ASP-tRNAs;L-ASPARTATE;ATP -> Charged-ASP-tRNAs;PPI;AMP	normalized(fwd)	False	keep-fwd
RXN0-5401	PHYSIOL-LEFT-TO-RIGHT	a-murein-lipoprotein;CPD-17931 -> CPD0-1171;D-ALANINE	normalized(fwd)	False	keep-fwd
RXN-22608	PHYSIOL-LEFT-TO-RIGHT	UDP-AAGM-DIAMINOHEPTANEDIOATE;CPD-12247;ATP -> CPD-24846;ADP;Pi;PROTON	normalized(fwd)	False	keep-fwd
RXN-16664	PHYSIOL-LEFT-TO-RIGHT	CPD-17926;WATER -> CPD-17968;D-ALANINE	normalized(fwd)	False	keep-fwd
3.4.24.11-RXN	PHYSIOL-LEFT-TO-RIGHT	WATER;General-Protein-Substrates -> Peptides-holder;PROTON	normalized(fwd)	False	keep-fwd
1.2.4.4-RXN	REVERSIBLE	2-KETO-ISOVALERATE;BCAA-dehydrogenase-lipoyl;PROTON -> BCAA-dehydrogenase-2MP-DH-lipoyl;CARBON-DIOXIDE	normalized(fwd)	True	keep-fwd
RXN-8668		Protein-L-methionine;Ox-Thioredoxin;WATER -> Protein-L-methionine-S-S-oxides;Red-Thioredoxin	normalized(?)		quarantine
RXN-11838	PHYSIOL-LEFT-TO-RIGHT	23S-rRNA-uridine955-2504-2580 -> 23S-rRNA-pseudouridine955-2504-2580	normalized(fwd)	False	keep-fwd
THIAZOLSYN3-RXN	PHYSIOL-LEFT-TO-RIGHT	ATP;THZ -> PROTON;ADP;THZ-P	normalized(fwd)	False	keep-fwd
PROTEIN-TYROSINE-PHOSPHATASE-RXN	PHYSIOL-LEFT-TO-RIGHT	Protein-tyrosine-phosphates;WATER -> Pi;Protein-Tyrosines	normalized(fwd)	False	keep-fwd
RXN0-6484	LEFT-TO-RIGHT	CPD0-2353 -> tRNAs;Nucleoside-Monophosphates	normalized(fwd)	False	keep-fwd
RXN-9538	RIGHT-TO-LEFT	Myristoyl-ACPs;NADP -> Tetradec-2-enoyl-ACPs;NADPH;PROTON	normalized(rev)	False	reverse-and-keep
SUCCINATE-SEMIALDEHYDE-DEHYDROGENASE-RXN	PHYSIOL-LEFT-TO-RIGHT	SUCC-S-ALD;WATER;NAD -> SUC;NADH;PROTON	normalized(fwd)	False	keep-fwd
RXN-1241		CONIFERYL-ALDEHYDE;NAD-P-OR-NOP;WATER -> FERULIC-ACID;NADH-P-OR-NOP;PROTON	normalized(?)		quarantine
HEMEOSYN-RXN	PHYSIOL-LEFT-TO-RIGHT	PROTOHEME;FARNESYL-PP;WATER -> CPD-17063;PPI	normalized(fwd)	False	keep-fwd
SAICARSYN-RXN	PHYSIOL-LEFT-TO-RIGHT	ATP;PHOSPHORIBOSYL-CARBOXY-AMINOIMIDAZOLE;L-ASPARTATE -> PROTON;ADP;Pi;P-RIBOSYL-4-SUCCCARB-AMINOIMIDAZOLE	normalized(fwd)	False	keep-fwd
H2NEOPTERINP3PYROPHOSPHOHYDRO-RXN	LEFT-TO-RIGHT	DIHYDRONEOPTERIN-P3;WATER -> PROTON;DIHYDRONEOPTERIN-P;PPI	normalized(fwd)	False	keep-fwd
RXN-17886	PHYSIOL-LEFT-TO-RIGHT	CPD-19217;GLUTATHIONE -> OXIDIZED-GLUTATHIONE;HYDROXYLAMINE	normalized(fwd)	False	keep-fwd
2.8.1.6-RXN	PHYSIOL-LEFT-TO-RIGHT	S-ADENOSYLMETHIONINE;DETHIOBIOTIN;Reduced-2Fe-2S-Ferredoxins -> BIOTIN;CH33ADO;MET;Oxidized-2Fe-2S-Ferredoxins	normalized(fwd)	False	keep-fwd
RXN-17875	PHYSIOL-LEFT-TO-RIGHT	L-methionyl-glycyl-Protein;WATER -> N-terminal-glycine;MET	normalized(fwd)	False	keep-fwd
RXN-14372	PHYSIOL-LEFT-TO-RIGHT	Alpha-Amyloses -> CPD-7043	normalized(fwd)	False	keep-fwd
GLUCOSE-1-DEHYDROGENASE-RXN		Glucopyranose;NAD-P-OR-NOP -> GLC-D-LACTONE;NADH-P-OR-NOP;PROTON	normalized(?)		quarantine
325-BISPHOSPHATE-NUCLEOTIDASE-RXN	PHYSIOL-LEFT-TO-RIGHT	3-5-ADP;WATER -> Pi;AMP	normalized(fwd)	False	keep-fwd
RXN0-6490	LEFT-TO-RIGHT	OROTATE;PROTON -> DI-H-OROTATE	normalized(fwd)	False	keep-fwd
RXN-7609	PHYSIOL-LEFT-TO-RIGHT	GMP;WATER -> GUANOSINE;Pi	normalized(fwd)	False	keep-fwd
GLUTAMINESYN-RXN	PHYSIOL-LEFT-TO-RIGHT	AMMONIUM;GLT;ATP -> PROTON;GLN;ADP;Pi	normalized(fwd)	False	keep-fwd
RXN-12754	LEFT-TO-RIGHT	NADH;WATER -> CPD0-2472	normalized(fwd)	False	keep-fwd
1.17.4.2-RXN	PHYSIOL-RIGHT-TO-LEFT	Deoxy-Ribonucleoside-Triphosphates;Ox-Thioredoxin;WATER -> Ribonucleoside-Triphosphates;Red-Thioredoxin	normalized(rev)	False	reverse-and-keep
RXN0-20	PHYSIOL-LEFT-TO-RIGHT	Prolipoprotein-Cysteines;L-1-PHOSPHATIDYL-GLYCEROL -> MONOMER0-4342;SN-GLYCEROL-1-PHOSPHATE;PROTON	normalized(fwd)	False	keep-fwd
P-PANTOCYSDECARB-RXN	LEFT-TO-RIGHT	PROTON;R-4-PHOSPHOPANTOTHENOYL-L-CYSTEINE -> PANTETHEINE-P;CARBON-DIOXIDE	normalized(fwd)	False	keep-fwd
RXN0-723	PHYSIOL-LEFT-TO-RIGHT	FORMATE;CTP;PROTON -> DCTP;CARBON-DIOXIDE;WATER	normalized(fwd)	False	keep-fwd
TRANS-RXN2G89-2	LEFT-TO-RIGHT	CL- -> CL-	normalized(fwd)	False	keep-fwd
RXN-14290	PHYSIOL-LEFT-TO-RIGHT	DATP;CPD-12377 -> CPD-13851;WATER	normalized(fwd)	False	keep-fwd
GLUTATHIONE-SYN-RXN	PHYSIOL-LEFT-TO-RIGHT	GLY;L-GAMMA-GLUTAMYLCYSTEINE;ATP -> GLUTATHIONE;ADP;Pi;PROTON	normalized(fwd)	False	keep-fwd
SHIKIMATE-KINASE-RXN	PHYSIOL-LEFT-TO-RIGHT	SHIKIMATE;ATP -> PROTON;SHIKIMATE-5P;ADP	normalized(fwd)	False	keep-fwd
RXN-8675	PHYSIOL-LEFT-TO-RIGHT	S-ADENOSYLMETHIONINE;CPD-9038 -> ADENOSYL-HOMO-CYS;DIHYDROSIROHYDROCHLORIN	normalized(fwd)	False	keep-fwd
DTDPDEHYRHAMREDUCT-RXN	RIGHT-TO-LEFT	DTDP-RHAMNOSE;NADP -> DTDP-DEOH-DEOXY-MANNOSE;NADPH;PROTON	normalized(rev)	False	reverse-and-keep
HOMOSERINE-O-ACETYLTRANSFERASE-RXN	LEFT-TO-RIGHT	HOMO-SER;ACETYL-COA -> CPD-667;CO-A	normalized(fwd)	False	keep-fwd
RXN-12726	PHYSIOL-LEFT-TO-RIGHT	ACETYLSERINE;CPD-678 -> L-SELENOCYSTEINE;ACET;PROTON	normalized(fwd)	False	keep-fwd
RXN-22438	PHYSIOL-RIGHT-TO-LEFT	5-METHYL-THF-GLU-N;NAD -> METHYLENE-THF-GLU-N;NADH;PROTON	normalized(rev)	False	reverse-and-keep
RXN0-6482	LEFT-TO-RIGHT	CPD0-2353;Pi -> tRNAs;Ribonucleoside-Diphosphates	normalized(fwd)	False	keep-fwd
RXN0-5265	PHYSIOL-LEFT-TO-RIGHT	OXYGEN-MOLECULE;PROTON -> WATER	normalized(fwd)	False	keep-fwd
RXN-11478	RIGHT-TO-LEFT	Glutaryl-ACP-methyl-esters;NAD -> Enoylglutaryl-ACP-methyl-esters;NADH;PROTON	normalized(rev)	False	reverse-and-keep
2.7.1.148-RXN	LEFT-TO-RIGHT	4-CYTIDINE-5-DIPHOSPHO-2-C;ATP -> PROTON;2-PHOSPHO-4-CYTIDINE-5-DIPHOSPHO-2-C-MET;ADP	normalized(fwd)	False	keep-fwd
7KAPSYN-RXN	PHYSIOL-LEFT-TO-RIGHT	PROTON;CPD-558;L-ALPHA-ALANINE -> CARBON-DIOXIDE;CO-A;8-AMINO-7-OXONONANOATE	normalized(fwd)	False	keep-fwd
3.5.1.88-RXN		FORMYL-L-METHIONYL-PEPTIDE;WATER -> METHIONYL-PEPTIDE;FORMATE	normalized(?)		quarantine
PPENTOMUT-RXN	LEFT-TO-RIGHT	RIBOSE-1P -> RIBOSE-5P	normalized(fwd)	False	keep-fwd
PEPDEPHOS-RXN	PHYSIOL-RIGHT-TO-LEFT	PYRUVATE;ATP -> PROTON;PHOSPHO-ENOL-PYRUVATE;ADP	normalized(rev)	False	reverse-and-keep
RXN-17920	PHYSIOL-LEFT-TO-RIGHT	NAD;DNA-Ligase-L-lysine -> DNA-Ligase-L-lysine-adenylate;NICOTINAMIDE_NUCLEOTIDE;PROTON	normalized(fwd)	False	keep-fwd
UDPGLUCEPIM-RXN	REVERSIBLE	CPD-12575 -> CPD-14553	normalized(fwd)	True	keep-fwd
RXN-9521	RIGHT-TO-LEFT	Hexanoyl-ACPs;NADP -> Hex-2-enoyl-ACPs;NADPH;PROTON	normalized(rev)	False	reverse-and-keep
RXN0-6575	LEFT-TO-RIGHT	PROTON;CPD0-1699 -> CPD-13043;AMMONIUM	normalized(fwd)	False	keep-fwd
GSADENYLATION-RXN		Glutamine-synthetase-Tyr;ATP -> Glutamine-synthetase-adenylyl-Tyr;PPI	normalized(?)		quarantine
RXN-22316	REVERSIBLE	CPD-763 -> CPD-24319;PROTON	normalized(fwd)	True	keep-fwd
RXN-14270	PHYSIOL-RIGHT-TO-LEFT	AICAR;PPI -> CPD-3762;PRPP	normalized(rev)	False	reverse-and-keep
RXN-14107	LEFT-TO-RIGHT	Menaquinols;Cytochromes-C-Oxidized -> Menaquinones;PROTON;Cytochromes-C-Reduced	normalized(fwd)	False	keep-fwd
PHOSACETYLTRANS-RXN	LEFT-TO-RIGHT	Pi;ACETYL-COA -> ACETYL-P;CO-A	normalized(fwd)	False	keep-fwd
TRANS-RXN-218	LEFT-TO-RIGHT	PROTON -> PROTON	normalized(fwd)	False	keep-fwd
TRANS-RXN-491	PHYSIOL-LEFT-TO-RIGHT	ATP;WATER -> ADP;Pi;PROTON	normalized(fwd)	False	keep-fwd
OCTAPRENYL-METHYL-METHOXY-BENZOQ-OH-RXN	PHYSIOL-LEFT-TO-RIGHT	OCTAPRENYL-METHYL-METHOXY-BENZQ;OXYGEN-MOLECULE -> OCTAPRENYL-METHYL-OH-METHOXY-BENZQ;WATER	normalized(fwd)	False	keep-fwd
GLYOXI-RXN		S-LACTOYL-GLUTATHIONE -> METHYL-GLYOXAL;GLUTATHIONE	normalized(?)		quarantine
RXN-7904	PHYSIOL-LEFT-TO-RIGHT	Long-Chain-Fatty-Acids;CO-A;ATP -> Long-Chain-Acyl-CoAs;PPI;AMP	normalized(fwd)	False	keep-fwd
NQOR-RXN	PHYSIOL-LEFT-TO-RIGHT	NADH-P-OR-NOP;PROTON -> ETR-Quinols;NAD-P-OR-NOP	normalized(fwd)	False	keep-fwd
FUMHYDR-RXN	REVERSIBLE	MAL -> FUM;WATER	normalized(fwd)	True	keep-fwd
RXN-21025	PHYSIOL-LEFT-TO-RIGHT	Thiarsahydroxy-ArsC;GLUTATHIONE;PROTON -> Thiarsahydroxy-SG-ArsC;WATER	normalized(fwd)	False	keep-fwd
RXN-9657	RIGHT-TO-LEFT	Butanoyl-ACPs;NAD -> Crotonyl-ACPs;NADH;PROTON	normalized(rev)	False	reverse-and-keep
RXN-9539	LEFT-TO-RIGHT	Myristoyl-ACPs;MALONYL-ACP;PROTON -> 3-oxo-palmitoyl-ACPs;CARBON-DIOXIDE;ACP	normalized(fwd)	False	keep-fwd
RXN-17131	PHYSIOL-LEFT-TO-RIGHT	Protein-pi-phospho-L-histidines;WATER -> Protein-Histidines;Pi	normalized(fwd)	False	keep-fwd
RXN-10674		Apo-AsbD-Proteins;CO-A -> 3-5-ADP;Holo-AsbD-Proteins;PROTON	normalized(?)		quarantine
RXN0-1603		XTP;WATER -> PROTON;XANTHOSINE-5-PHOSPHATE;PPI	normalized(?)		quarantine
LUMAZINESYN-RXN	LEFT-TO-RIGHT	AMINO-RIBOSYLAMINO-1H-3H-PYR-DIONE;DIHYDROXY-BUTANONE-P -> PROTON;DIMETHYL-D-RIBITYL-LUMAZINE;Pi;WATER	normalized(fwd)	False	keep-fwd
RXN-20407	PHYSIOL-LEFT-TO-RIGHT	GLY;CPD-407;ATP -> CPD0-2056;ADP;Pi;PROTON	normalized(fwd)	False	keep-fwd
3.1.26.3-RXN	PHYSIOL-LEFT-TO-RIGHT	RNASE-III-MRNA-PROCESSING-SUBSTRATE;WATER -> RNASE-III-PROCESSING-PRODUCT-MRNA;mRNA-Fragments	normalized(fwd)	False	keep-fwd
RXN-3482	LEFT-TO-RIGHT	PYRUVATE;HYDROXYLAMINE -> CPD-3344;WATER	normalized(fwd)	False	keep-fwd
SAMDECARB-RXN	LEFT-TO-RIGHT	S-ADENOSYLMETHIONINE;PROTON -> CARBON-DIOXIDE;S-ADENOSYLMETHIONINAMINE	normalized(fwd)	False	keep-fwd
2.5.1.19-RXN	LEFT-TO-RIGHT	SHIKIMATE-5P;PHOSPHO-ENOL-PYRUVATE -> 3-ENOLPYRUVYL-SHIKIMATE-5P;Pi	normalized(fwd)	False	keep-fwd
RXN-20756	PHYSIOL-LEFT-TO-RIGHT	SEPO3;mnm5GeS2U -> mnm5SeP2U;CPD-22373	normalized(fwd)	False	keep-fwd
RXN-9191	PHYSIOL-LEFT-TO-RIGHT	S-ADENOSYLMETHIONINE;CPD-12117 -> CPD-12125;ADENOSYL-HOMO-CYS;PROTON	normalized(fwd)	False	keep-fwd
URITRANS-RXN	PHYSIOL-LEFT-TO-RIGHT	Gln-B;UTP -> URIDYLYL-PROTEIN-PII;PPI	normalized(fwd)	False	keep-fwd
CYTOCHROME-C-OXIDASE-RXN	PHYSIOL-LEFT-TO-RIGHT	PROTON;OXYGEN-MOLECULE;Cytochromes-C-Reduced -> PROTON;WATER;Cytochromes-C-Oxidized	normalized(fwd)	False	keep-fwd
NAD-SYNTH-GLN-RXN	PHYSIOL-LEFT-TO-RIGHT	ATP;DEAMIDO-NAD;GLN;WATER -> PROTON;GLT;AMP;PPI;NAD	normalized(fwd)	False	keep-fwd
RXN-22315	REVERSIBLE	CPD0-2040 -> CPD-763;PROTON	normalized(fwd)	True	keep-fwd
INOPHOSPHOR-RXN	REVERSIBLE	INOSINE;Pi -> HYPOXANTHINE;RIBOSE-1P	normalized(fwd)	True	keep-fwd
RXN-11135	PHYSIOL-LEFT-TO-RIGHT	ATP;WATER -> ADP;Pi;PROTON	normalized(fwd)	False	keep-fwd
RXN-17874	PHYSIOL-LEFT-TO-RIGHT	L-methionyl-L-cysteinyl-Protein;WATER -> N-terminal-L-cysteine;MET	normalized(fwd)	False	keep-fwd
S-FORMYLGLUTATHIONE-HYDROLASE-RXN	PHYSIOL-LEFT-TO-RIGHT	CPD-548;WATER -> PROTON;FORMATE;GLUTATHIONE	normalized(fwd)	False	keep-fwd
3PGAREARR-RXN	REVERSIBLE	2-PG -> G3P	normalized(fwd)	True	keep-fwd
NAD-KIN-RXN	PHYSIOL-LEFT-TO-RIGHT	NAD;ATP -> PROTON;NADP;ADP	normalized(fwd)	False	keep-fwd
GCVMULTI-RXN	LEFT-TO-RIGHT	GLY;THF-GLU-N;NAD -> METHYLENE-THF-GLU-N;AMMONIUM;CARBON-DIOXIDE;NADH	normalized(fwd)	False	keep-fwd
L-ASPARTATE-OXID-RXN	PHYSIOL-LEFT-TO-RIGHT	L-ASPARTATE;OXYGEN-MOLECULE -> PROTON;IMINOASPARTATE;HYDROGEN-PEROXIDE	normalized(fwd)	False	keep-fwd
GLYCOPHOSPHORYL-RXN	PHYSIOL-LEFT-TO-RIGHT	Glycogens;Pi -> CPD0-971;GLC-1-P	normalized(fwd)	False	keep-fwd
RXN0-7188	PHYSIOL-LEFT-TO-RIGHT	MET;HYDROGEN-PEROXIDE -> CPD-8990;WATER	normalized(fwd)	False	keep-fwd
RXN-18708	PHYSIOL-LEFT-TO-RIGHT	TusD-Persulfides;TusE-L-cysteine -> TusD-L-cysteine;TusE-S-sulfanylcysteine	normalized(fwd)	False	keep-fwd
RXN-17919	PHYSIOL-LEFT-TO-RIGHT	 -> AMP;PROTON	normalized(fwd)	False	keep-fwd
ABC-63-RXN	PHYSIOL-LEFT-TO-RIGHT	ZN+2;WATER;ATP -> ZN+2;ADP;Pi;PROTON	normalized(fwd)	False	keep-fwd
RXN-17354	PHYSIOL-LEFT-TO-RIGHT	PHOSPHO-ENOL-PYRUVATE;PTS-I-Histidines -> PYRUVATE;PTS-I-pi-phospho-L-histidines	normalized(fwd)	False	keep-fwd
RXN-4301	PHYSIOL-LEFT-TO-RIGHT	Glycogens;WATER -> Maltodextrins	normalized(fwd)	False	keep-fwd
ACETYLGLUTKIN-RXN	LEFT-TO-RIGHT	ACETYL-GLU;ATP -> N-ACETYL-GLUTAMYL-P;ADP	normalized(fwd)	False	keep-fwd
TETHYDPICSUCC-RXN	LEFT-TO-RIGHT	WATER;DELTA1-PIPERIDEINE-2-6-DICARBOXYLATE;SUC-COA -> N-SUCCINYL-2-AMINO-6-KETOPIMELATE;CO-A	normalized(fwd)	False	keep-fwd
RXN-3945	PHYSIOL-LEFT-TO-RIGHT	ALPHA-AMINOPHENYL-GLYOXYLATE;PROTON -> CPD-16172;CARBON-DIOXIDE	normalized(fwd)	False	keep-fwd
GDPKIN-RXN	PHYSIOL-LEFT-TO-RIGHT	ATP;GDP -> ADP;GTP	normalized(fwd)	False	keep-fwd
PROLINE--TRNA-LIGASE-RXN	PHYSIOL-LEFT-TO-RIGHT	PRO-tRNAs;PRO;ATP -> Charged-PRO-tRNAs;PPI;AMP	normalized(fwd)	False	keep-fwd
PPPGPPHYDRO-RXN	LEFT-TO-RIGHT	WATER;GDP-TP -> PROTON;Pi;GUANOSINE-5DP-3DP	normalized(fwd)	False	keep-fwd
RXN-22287	REVERSIBLE	CPD-846 -> CPD-7046;PROTON	normalized(fwd)	True	keep-fwd
DTDPDEHYDRHAMEPIM-RXN	LEFT-TO-RIGHT	DTDP-DEOH-DEOXY-GLUCOSE -> DTDP-DEOH-DEOXY-MANNOSE	normalized(fwd)	False	keep-fwd
RXN-17847	PHYSIOL-LEFT-TO-RIGHT	Charged-PHE-tRNAs;Protein-N-terminal-L-Arginine -> L-phenylalanyl-L-arginyl-Protein;PHE-tRNAs;PROTON	normalized(fwd)	False	keep-fwd
TRANS-RXN-237	PHYSIOL-LEFT-TO-RIGHT	Lipopolysaccharides;ATP;WATER -> Lipopolysaccharides;ADP;Pi;PROTON	normalized(fwd)	False	keep-fwd
RXN-9789	LEFT-TO-RIGHT	Thi-S;ATP;PROTON -> Adenylated-ThiS-Proteins;PPI	normalized(fwd)	False	keep-fwd
ENOYL-ACP-REDUCT-NADH-RXN	PHYSIOL-RIGHT-TO-LEFT	Saturated-Fatty-Acyl-ACPs;NAD -> TRANS-D2-ENOYL-ACP;NADH;PROTON	normalized(rev)	False	reverse-and-keep
TRYPSYN-RXN	PHYSIOL-LEFT-TO-RIGHT	INDOLE-3-GLYCEROL-P;SER -> TRP;WATER;GAP	normalized(fwd)	False	keep-fwd
RXN-13161	PHYSIOL-LEFT-TO-RIGHT	CPD-11281;OXYGEN-MOLECULE;WATER -> GLUTATHIONE;SO3;PROTON	normalized(fwd)	False	keep-fwd
RXNQT-4171	PHYSIOL-LEFT-TO-RIGHT	CPDQT-38;NAD -> CPDQT-29;CARBON-DIOXIDE;NADH	normalized(fwd)	False	keep-fwd
RXN-14093	PHYSIOL-LEFT-TO-RIGHT	DEOXYCYTIDINE;ATP -> DCMP;ADP;PROTON	normalized(fwd)	False	keep-fwd
TRANS-RXN2G89-6	LEFT-TO-RIGHT	Pi;ATP;WATER -> Pi;ADP;PROTON	normalized(fwd)	False	keep-fwd
RXN0-882		HYDROXY-METHYL-BUTENYL-DIP;Oxidized-ferredoxins;WATER -> 2C-METH-D-ERYTHRITOL-CYCLODIPHOSPHATE;Reduced-ferredoxins;PROTON	normalized(?)		quarantine
2PGADEHYDRAT-RXN	REVERSIBLE	2-PG -> PHOSPHO-ENOL-PYRUVATE;WATER	normalized(fwd)	True	keep-fwd
RXN-21315	REVERSIBLE	CPD-15199 -> CPD-23219	normalized(fwd)	True	keep-fwd
RXN-15005	PHYSIOL-LEFT-TO-RIGHT	LysW-L-glutamate;ATP -> LysW-L-glutamate-5-phosphate;ADP	normalized(fwd)	False	keep-fwd
RXN-12473	LEFT-TO-RIGHT	Carboxyadenylated-MPT-synthases;L-Cysteine-Desulfurase-persulfide -> Thiocarboxylated-MPT-synthases;Cysteine-Desulfurase-L-cysteine;AMP;PROTON	normalized(fwd)	False	keep-fwd
ISOCITDEH-RXN	REVERSIBLE	THREO-DS-ISO-CITRATE;NADP -> 2-KETOGLUTARATE;CARBON-DIOXIDE;NADPH	normalized(fwd)	True	keep-fwd
DEOXYGUANPHOSPHOR-RXN	REVERSIBLE	DEOXYGUANOSINE;Pi -> GUANINE;DEOXY-D-RIBOSE-1-PHOSPHATE	normalized(fwd)	True	keep-fwd
RXN0-1461	PHYSIOL-LEFT-TO-RIGHT	COPROPORPHYRINOGEN_III;OXYGEN-MOLECULE;PROTON -> PROTOPORPHYRINOGEN;CARBON-DIOXIDE;WATER	normalized(fwd)	False	keep-fwd
RXN-22554	PHYSIOL-LEFT-TO-RIGHT	Prolipoprotein-Cysteines -> Prolipoprotein-Cysteines	normalized(fwd)	False	keep-fwd
1.5.1.20-RXN	REVERSIBLE	5-METHYL-THF-GLU-N;NAD-P-OR-NOP -> METHYLENE-THF-GLU-N;NADH-P-OR-NOP;PROTON	normalized(fwd)	True	keep-fwd
AICARTRANSFORM-RXN	LEFT-TO-RIGHT	FORMYL-THF-GLU-N;AICAR -> THF-GLU-N;PHOSPHORIBOSYL-FORMAMIDO-CARBOXAMIDE	normalized(fwd)	False	keep-fwd
RXN-16649	PHYSIOL-LEFT-TO-RIGHT	CPD-17927;WATER -> CPD-17926;D-ALANINE	normalized(fwd)	False	keep-fwd
5.3.4.1-RXN	PHYSIOL-LEFT-TO-RIGHT	Proteins-with-incorrect-disulfides -> Proteins-with-correct-disulfides	normalized(fwd)	False	keep-fwd
RXN-12195	PHYSIOL-LEFT-TO-RIGHT	WATER;CTP -> PROTON;Pi;CDP	normalized(fwd)	False	keep-fwd
RXN-9542	RIGHT-TO-LEFT	Palmitoyl-ACPs;NADP -> 2-Hexadecenoyl-ACPs;NADPH;PROTON	normalized(rev)	False	reverse-and-keep
RXN2DNV-2	PHYSIOL-LEFT-TO-RIGHT	CPD2DNV-1;CPD-24807 -> CPD2DNV-2;UDP;PROTON	normalized(fwd)	False	keep-fwd
RXN-12609	PHYSIOL-LEFT-TO-RIGHT	CPD-13575 -> CPD-13576	normalized(fwd)	False	keep-fwd
UREIDOGLYCOLATE-LYASE-RXN		CPD-1091 -> UREA;GLYOX	normalized(?)		quarantine
RXN-11480	PHYSIOL-RIGHT-TO-LEFT	3-hydroxypimeloyl-ACP-methyl-esters;NADP -> 3-Ketopimeloyl-ACP-methyl-esters;NADPH;PROTON	normalized(rev)	False	reverse-and-keep
RXN0-947	PHYSIOL-LEFT-TO-RIGHT	Octanoyl-ACPs;Lipoyl-Protein-L-Lysine -> Octanoylated-domains;ACP;PROTON	normalized(fwd)	False	keep-fwd
RXN0-5225		CPD0-1080;WATER -> CPD0-1081;CPD0-1082	normalized(?)		quarantine
ACETYLORNTRANSAM-RXN	REVERSIBLE	N-ALPHA-ACETYLORNITHINE;2-KETOGLUTARATE -> GLT;CPD-469	normalized(fwd)	True	keep-fwd
RXN-12720	PHYSIOL-LEFT-TO-RIGHT	SELENATE;ATP;PROTON -> CPD-13713;PPI	normalized(fwd)	False	keep-fwd
GAPOXNPHOSPHN-RXN	REVERSIBLE	GAP;Pi;NAD -> PROTON;DPG;NADH	normalized(fwd)	True	keep-fwd
RXN-14385	LEFT-TO-RIGHT	CYS;CD-S-SP-Complex -> L-ALPHA-ALANINE;S-CD-S-SP-Complex	normalized(fwd)	False	keep-fwd
DIHYDROFOLATESYNTH-RXN	PHYSIOL-LEFT-TO-RIGHT	GLT;7-8-DIHYDROPTEROATE;ATP -> PROTON;DIHYDROFOLATE;Pi;ADP	normalized(fwd)	False	keep-fwd
THIOREDOXIN-REDUCT-NADPH-RXN	PHYSIOL-RIGHT-TO-LEFT	Red-Thioredoxin;NADP -> Ox-Thioredoxin;NADPH;PROTON	normalized(rev)	False	reverse-and-keep
1.8.1.4-RXN	PHYSIOL-LEFT-TO-RIGHT	Dihydro-Lipoyl-Proteins;NAD -> Lipoyl-Protein-N6-lipoyllysine;NADH;PROTON	normalized(fwd)	False	keep-fwd
RXN-17884	PHYSIOL-RIGHT-TO-LEFT	CPD-19217;NAD -> S-NITROSOGLUTATHIONE;NADH;PROTON	normalized(rev)	False	reverse-and-keep
RXN-16909	PHYSIOL-LEFT-TO-RIGHT	HCO3;ATP -> CPD-18238;ADP	normalized(fwd)	False	keep-fwd
DHHB-METHYLTRANSFER-RXN	PHYSIOL-LEFT-TO-RIGHT	S-ADENOSYLMETHIONINE;OCTAPRENYL-METHYL-OH-METHOXY-BENZQ -> PROTON;CPD-9956;ADENOSYL-HOMO-CYS	normalized(fwd)	False	keep-fwd
POLYNUCLEOTIDE-ADENYLYLTRANSFERASE-RXN	PHYSIOL-LEFT-TO-RIGHT	ATP;RNA-Holder -> PPI;RNA-Holder	normalized(fwd)	False	keep-fwd
2.7.13.3-RXN	PHYSIOL-LEFT-TO-RIGHT	Protein-Histidines;ATP -> Protein-phospho-L-histidines;ADP;PROTON	normalized(fwd)	False	keep-fwd
DUTP-PYROP-RXN	LEFT-TO-RIGHT	DUTP;WATER -> PROTON;DUMP;PPI	normalized(fwd)	False	keep-fwd
3.2.1.3-RXN	PHYSIOL-LEFT-TO-RIGHT	Glycogens;WATER -> Glycogens;Glucopyranose	normalized(fwd)	False	keep-fwd
RXN-18392	REVERSIBLE	CPD-19753 -> KDO	normalized(fwd)	True	keep-fwd
RXN0-6554	LEFT-TO-RIGHT	DI-H-OROTATE;Menaquinones -> OROTATE;Menaquinols	normalized(fwd)	False	keep-fwd
PABASYN-RXN	LEFT-TO-RIGHT	CHORISMATE;GLN -> 4-AMINO-4-DEOXYCHORISMATE;GLT	normalized(fwd)	False	keep-fwd
RXN-14381	LEFT-TO-RIGHT	Persulfurated-L-cysteine-desulfurases;D-form-FeS-Cluster-Scaffold-Proteins -> S-CD-Apo-SP-Complex	normalized(fwd)	False	keep-fwd
RXN-1961	PHYSIOL-LEFT-TO-RIGHT	Cytidine-34-tRNAIle2;LYS;ATP -> Lysidine-tRNA-Ile2;AMP;PPI;PROTON	normalized(fwd)	False	keep-fwd
RXN-21295	PHYSIOL-LEFT-TO-RIGHT	CPD-22998;GTP;PROTON -> CPD-21374;PPI	normalized(fwd)	False	keep-fwd
PYRUVFORMLY-RXN	RIGHT-TO-LEFT	FORMATE;ACETYL-COA -> PYRUVATE;CO-A	normalized(rev)	False	reverse-and-keep
RIBOFLAVINSYNREDUC-RXN	PHYSIOL-RIGHT-TO-LEFT	CPD-1086;NADP -> CPD-602;NADPH;PROTON	normalized(rev)	False	reverse-and-keep
RXN-11952	PHYSIOL-LEFT-TO-RIGHT	SoxY-Thiocysteine-Sulfate;WATER -> SoxY-S-Thiocysteine;SULFATE;PROTON	normalized(fwd)	False	keep-fwd
RXN-17876	PHYSIOL-LEFT-TO-RIGHT	L-methionyl-L-seryl-Protein;WATER -> N-terminal-L-Serine;MET	normalized(fwd)	False	keep-fwd
3-OCTAPRENYL-4-OHBENZOATE-DECARBOX-RXN	PHYSIOL-LEFT-TO-RIGHT	PROTON;3-OCTAPRENYL-4-HYDROXYBENZOATE -> 2-OCTAPRENYLPHENOL;CARBON-DIOXIDE	normalized(fwd)	False	keep-fwd
RXN-20645	PHYSIOL-LEFT-TO-RIGHT	PROTOHEME;GERANYLGERANYL-PP;WATER -> CPD-22272;PPI	normalized(fwd)	False	keep-fwd
RXN-14382	LEFT-TO-RIGHT	L-Cysteine-Desulfurase-persulfide;Sulfur-Carrier-Proteins-ThiI -> Cysteine-Desulfurase-L-cysteine;Sulfurylated-ThiI	normalized(fwd)	False	keep-fwd
RXN-16690	PHYSIOL-LEFT-TO-RIGHT	CPD-17947 -> CPD-17988;UNDECAPRENYL-DIPHOSPHATE;PROTON	normalized(fwd)	False	keep-fwd
RXN-8629	REVERSIBLE	DIHYDROLIPOYL-GCVH;NAD -> PROTEIN-LIPOYLLYSINE;NADH;PROTON	normalized(fwd)	True	keep-fwd
RXN-7716	PHYSIOL-LEFT-TO-RIGHT	Oxo-glutarate-dehydrogenase-DH-lipoyl;NAD -> Oxo-glutarate-dehydrogenase-lipoyl;NADH;PROTON	normalized(fwd)	False	keep-fwd
RXN-22238	PHYSIOL-LEFT-TO-RIGHT	CPD-24230;ATP -> CPD-24229;ADP;PROTON	normalized(fwd)	False	keep-fwd
RXN-20991	LEFT-TO-RIGHT	Menaquinones;NADH;PROTON -> Menaquinols;NAD	normalized(fwd)	False	keep-fwd
RXN0-6259	PHYSIOL-RIGHT-TO-LEFT	Menaquinols;PROTOPORPHYRIN_IX -> Menaquinones;PROTOPORPHYRINOGEN	normalized(rev)	False	reverse-and-keep
RXN-21546	LEFT-TO-RIGHT	CPD-9720;NADH;PROTON -> CPD-12126;NAD	normalized(fwd)	False	keep-fwd
RXN0-5245	LEFT-TO-RIGHT	FUM;PROTON -> SUC	normalized(fwd)	False	keep-fwd
RXN-18207	PHYSIOL-LEFT-TO-RIGHT	CPD-19490;PROTON -> CPDQT-28;CARBON-DIOXIDE	normalized(fwd)	False	keep-fwd
ASNSYNA-RXN	PHYSIOL-LEFT-TO-RIGHT	ATP;L-ASPARTATE;AMMONIUM -> PPI;AMP;ASN;PROTON	normalized(fwd)	False	keep-fwd
GLUTKIN-RXN	LEFT-TO-RIGHT	GLT;ATP -> L-GLUTAMATE-5-P;ADP	normalized(fwd)	False	keep-fwd
RXN-12723	PHYSIOL-RIGHT-TO-LEFT	CPD-12626 -> CPD-11463;WATER	normalized(rev)	False	reverse-and-keep
RXN-9632	PHYSIOL-LEFT-TO-RIGHT	Palmitoyl-ACPs;MALONYL-ACP;PROTON -> 3-oxo-stearoyl-ACPs;CARBON-DIOXIDE;ACP	normalized(fwd)	False	keep-fwd
RXN-17753	PHYSIOL-LEFT-TO-RIGHT	CARBAMOYL-P -> CPD-69;Pi;PROTON	normalized(fwd)	False	keep-fwd
RXN-14025	PHYSIOL-LEFT-TO-RIGHT	UMP;WATER -> URIDINE;Pi	normalized(fwd)	False	keep-fwd
RXN-19947	LEFT-TO-RIGHT	CPD0-971 -> CPD0-1027	normalized(fwd)	False	keep-fwd
RXN-20757	PHYSIOL-LEFT-TO-RIGHT	mnm5SeP2U;WATER -> Mnm5Se2U-containing-tRNAs;Pi	normalized(fwd)	False	keep-fwd
RXN-17954	LEFT-TO-RIGHT	CPD0-2518;ATP -> CPD-19235;ADENINE	normalized(fwd)	False	keep-fwd
THI-P-KIN-RXN	LEFT-TO-RIGHT	THIAMINE-P;ATP -> THIAMINE-PYROPHOSPHATE;ADP	normalized(fwd)	False	keep-fwd
DIHYDROFOLATEREDUCT-RXN	PHYSIOL-RIGHT-TO-LEFT	THF-GLU-N;NADP -> DIHYDROFOLATE-GLU-N;NADPH;PROTON	normalized(rev)	False	reverse-and-keep
KDO-8PSYNTH-RXN	LEFT-TO-RIGHT	CPD-18118;WATER;PHOSPHO-ENOL-PYRUVATE -> KDO-8P;Pi	normalized(fwd)	False	keep-fwd
RXN-8991	REVERSIBLE	2-D-THREO-HYDROXY-3-CARBOXY-ISOCAPROATE -> CPD-9451;WATER	normalized(fwd)	True	keep-fwd
RXN-21526	PHYSIOL-LEFT-TO-RIGHT	Holo-Hydroxymethylbilane-Synthase;PORPHOBILINOGEN -> Hydroxymethylbilane-Synthase-ES;AMMONIUM	normalized(fwd)	False	keep-fwd
URA-PHOSPH-RXN	LEFT-TO-RIGHT	DEOXYURIDINE;Pi -> DEOXY-D-RIBOSE-1-PHOSPHATE;URACIL	normalized(fwd)	False	keep-fwd
RXN-16659	PHYSIOL-LEFT-TO-RIGHT	CPD-17931;CPD-17927 -> CPD-17932;D-ALANINE	normalized(fwd)	False	keep-fwd
RXN-8850	LEFT-TO-RIGHT	DUMP;METHYLENE-THF-GLU-N;NADPH;PROTON -> TMP;THF-GLU-N;NADP	normalized(fwd)	False	keep-fwd
OHMETHYLBILANESYN-RXN	PHYSIOL-LEFT-TO-RIGHT	PORPHOBILINOGEN;WATER -> HYDROXYMETHYLBILANE;AMMONIUM	normalized(fwd)	False	keep-fwd
RXN-12198	PHYSIOL-LEFT-TO-RIGHT	CDP;WATER -> Pi;CMP;PROTON	normalized(fwd)	False	keep-fwd
DIHYDRODIPICSYN-RXN	LEFT-TO-RIGHT	PYRUVATE;L-ASPARTATE-SEMIALDEHYDE -> CPD-14443;WATER;PROTON	normalized(fwd)	False	keep-fwd
DUDPKIN-RXN	PHYSIOL-LEFT-TO-RIGHT	ATP;DUDP -> ADP;DUTP	normalized(fwd)	False	keep-fwd
ISOCHORSYN-RXN	LEFT-TO-RIGHT	CHORISMATE -> ISOCHORISMATE	normalized(fwd)	False	keep-fwd
RXN-17890	PHYSIOL-LEFT-TO-RIGHT	Charged-ARG-tRNAs;N-terminal-L-cysteine-sulfinate -> ARG-tRNAs;L-arginyl-3-sulfino-L-alaninyl-Peptides;PROTON	normalized(fwd)	False	keep-fwd
RXN-19493	PHYSIOL-LEFT-TO-RIGHT	Apo-Aryl-Carrier-Proteins;CO-A -> 3-5-ADP;Holo-Aryl-Carrier-Proteins;PROTON	normalized(fwd)	False	keep-fwd
RXN-17846	PHYSIOL-LEFT-TO-RIGHT	Charged-LEU-tRNAs;Protein-N-terminal-L-Arginine -> L-leucyl-L-arginyl-Protein;LEU-tRNAs;PROTON	normalized(fwd)	False	keep-fwd
RXN-15829	REVERSIBLE	Oxidized-CycA1-cytochromes;Ubiquinols -> Reduced-CycA1-cytochromes;Ubiquinones;PROTON	normalized(fwd)	True	keep-fwd
RXN-22485	PHYSIOL-LEFT-TO-RIGHT	Lipid-A-Disaccharide;ATP -> Lipid-IVA;ADP;PROTON	normalized(fwd)	False	keep-fwd
3.6.3.6-RXN	PHYSIOL-LEFT-TO-RIGHT	PROTON;ATP;WATER -> PROTON;ADP;Pi	normalized(fwd)	False	keep-fwd
RXN-15122	PHYSIOL-LEFT-TO-RIGHT	THR -> CPD-15056;WATER;PROTON	normalized(fwd)	False	keep-fwd
RXN-14014	RIGHT-TO-LEFT	DELTA1-PIPERIDEINE-2-6-DICARBOXYLATE;NAD-P-OR-NOP;WATER -> CPD-14443;NADH-P-OR-NOP;PROTON	normalized(rev)	False	reverse-and-keep
RXN0-2661	PHYSIOL-LEFT-TO-RIGHT	DNA-With-GO-A-Mismatch;WATER -> ADENINE	normalized(fwd)	False	keep-fwd
DTDPGLUCOSEPP-RXN	PHYSIOL-LEFT-TO-RIGHT	TTP;GLC-1-P;PROTON -> DTDP-D-GLUCOSE;PPI	normalized(fwd)	False	keep-fwd
HISTOLDEHYD-RXN	REVERSIBLE	HISTIDINOL;NAD -> PROTON;HISTIDINAL;NADH	normalized(fwd)	True	keep-fwd
BRANCHED-CHAINAMINOTRANSFERILEU-RXN	RIGHT-TO-LEFT	ILE;2-KETOGLUTARATE -> GLT;2-KETO-3-METHYL-VALERATE	normalized(rev)	False	reverse-and-keep
RXN0-743	LEFT-TO-RIGHT	CPD0-181 -> PHOSPHORIBOSYL-CARBOXY-AMINOIMIDAZOLE	normalized(fwd)	False	keep-fwd
RIBULP3EPIM-RXN	REVERSIBLE	RIBULOSE-5P -> XYLULOSE-5-PHOSPHATE	normalized(fwd)	True	keep-fwd
RXN-18693	PHYSIOL-LEFT-TO-RIGHT	SAMP-C-Terminal-thiol;tRNA-uridine34;ATP;WATER -> SAMP-C-Terminal-Glycine;tRNA-2-thiouridine34;AMP;PPI;PROTON	normalized(fwd)	False	keep-fwd
DAPASYN-RXN	REVERSIBLE	S-ADENOSYLMETHIONINE;8-AMINO-7-OXONONANOATE -> S-ADENOSYL-4-METHYLTHIO-2-OXOBUTANOATE;DIAMINONONANOATE	normalized(fwd)	True	keep-fwd
RXN-11476	PHYSIOL-RIGHT-TO-LEFT	3-Hydroxyglutaryl-ACP-methyl-ester;NADP -> 3-Ketoglutaryl-ACP-methyl-ester;NADPH;PROTON	normalized(rev)	False	reverse-and-keep
MALATE-DEHYDROGENASE-NADP+-RXN	REVERSIBLE	MAL;NADP -> PROTON;NADPH;OXALACETIC_ACID	normalized(fwd)	True	keep-fwd
RXN-22603	REVERSIBLE	CPD-24843 -> CPD-24844	normalized(fwd)	True	keep-fwd
RXN-19477	PHYSIOL-LEFT-TO-RIGHT	apo-Peptidyl-carrier-proteins;CO-A -> 3-5-ADP;holo-Peptidyl-carrier-proteins;PROTON	normalized(fwd)	False	keep-fwd
RXN-12621	LEFT-TO-RIGHT	L-Cysteine-Desulfurase-persulfide;Adenylated-ThiS-Proteins -> ThiS-CoASH-proteins;Cysteine-Desulfurase-L-cysteine;AMP;PROTON	normalized(fwd)	False	keep-fwd
RNTRACTIV-RXN	PHYSIOL-LEFT-TO-RIGHT	S-ADENOSYLMETHIONINE;Ribonuc-tri-P-reductases-inactive;Reduced-flavodoxins -> Ribonuc-tri-P-reductases-active;CH33ADO;MET;Flavodoxins-Semiquinones;PROTON	normalized(fwd)	False	keep-fwd
ADENODEAMIN-RXN	LEFT-TO-RIGHT	ADENOSINE;WATER;PROTON -> INOSINE;AMMONIUM	normalized(fwd)	False	keep-fwd
RXN-11592	PHYSIOL-LEFT-TO-RIGHT	S-ADENOSYLMETHIONINE;23S-rRNA-pseudouridine1915 -> ADENOSYL-HOMO-CYS;23S-rRNA-N3-methylpseudouridine1915;PROTON	normalized(fwd)	False	keep-fwd
RXN-18082	PHYSIOL-LEFT-TO-RIGHT	CHITIN;WATER -> CHITIN;N-acetyl-D-glucosamine	normalized(fwd)	False	keep-fwd
RXN-20787	PHYSIOL-LEFT-TO-RIGHT	R-3-hydroxydodecanoyl-ACPs;CPD-22406 -> CPD-22405;ACP;PROTON	normalized(fwd)	False	keep-fwd
ADENPHOSPHOR-RXN	REVERSIBLE	ADENOSINE;Pi -> ADENINE;RIBOSE-1P	normalized(fwd)	True	keep-fwd
RXN-17059	LEFT-TO-RIGHT	HOMO-CIT;NifEN-L-clutser;holo-NifQ;ATP -> NifEN-M-cluster;apo-NifQ;ADP;Pi;WATER	normalized(fwd)	False	keep-fwd
RXN-18211	PHYSIOL-LEFT-TO-RIGHT	CPD-19492;PROTON -> CPD-3618;CARBON-DIOXIDE	normalized(fwd)	False	keep-fwd
GLUCONOLACT-RXN	PHYSIOL-LEFT-TO-RIGHT	GLC-D-LACTONE;WATER -> PROTON;GLUCONATE	normalized(fwd)	False	keep-fwd
RXN-11361	LEFT-TO-RIGHT	MPT-Synthase-small-subunits;ATP;PROTON -> Carboxyadenylated-MPT-synthases;PPI	normalized(fwd)	False	keep-fwd
3-HYDROXYDECANOYL-ACP-DEHYDR-RXN	PHYSIOL-LEFT-TO-RIGHT	OH-ACYL-ACP -> TRANS-D2-ENOYL-ACP;WATER	normalized(fwd)	False	keep-fwd
RXN-19612	PHYSIOL-LEFT-TO-RIGHT	CPD-21212;WATER -> GLYOX;GLUTATHIONE;CL-;PROTON	normalized(fwd)	False	keep-fwd
RXN-8340	PHYSIOL-LEFT-TO-RIGHT	S-ADENOSYLMETHIONINE;GTP -> CPD-19179;MET;CH33ADO;PROTON	normalized(fwd)	False	keep-fwd
RXN0-6485	PHYSIOL-LEFT-TO-RIGHT	CPD0-2350;WATER -> CPD0-2352;CPD0-2350	normalized(fwd)	False	keep-fwd
RXN-21262	PHYSIOL-RIGHT-TO-LEFT	DATP;Ox-Thioredoxin;WATER -> ATP;Red-Thioredoxin	normalized(rev)	False	reverse-and-keep
IPPISOM-RXN	REVERSIBLE	DELTA3-ISOPENTENYL-PP -> CPD-4211	normalized(fwd)	True	keep-fwd
ADENOSYLHOMOCYSTEINE-NUCLEOSIDASE-RXN		ADENOSYL-HOMO-CYS;WATER -> CPD-564;ADENINE	normalized(?)		quarantine
RXN-21523	PHYSIOL-LEFT-TO-RIGHT	Hydroxymethylbilane-Synthase-ES2;PORPHOBILINOGEN -> Hydroxymethylbilane-Synthase-ES3;AMMONIUM	normalized(fwd)	False	keep-fwd
2.1.1.72-RXN	PHYSIOL-LEFT-TO-RIGHT	S-ADENOSYLMETHIONINE;DNA-Adenines -> ADENOSYL-HOMO-CYS;DNA-Containing-N6-Methyladenine;PROTON	normalized(fwd)	False	keep-fwd
RXN0-2023	PHYSIOL-LEFT-TO-RIGHT	tRNA-uridine34;TusE-S-sulfanylcysteine;ATP -> tRNA-2-thiouridine34;TusE-L-cysteine;AMP;PPI;PROTON	normalized(fwd)	False	keep-fwd
GLUCOKIN-RXN	LEFT-TO-RIGHT	Glucopyranose;ATP -> D-glucopyranose-6-phosphate;ADP;PROTON	normalized(fwd)	False	keep-fwd
3.2.2.24-RXN	PHYSIOL-LEFT-TO-RIGHT	ADP-D-ribosyl-nitrogen-reductases;WATER -> ADENOSINE_DIPHOSPHATE_RIBOSE;Dinitrogen-reductase-L-arginine	normalized(fwd)	False	keep-fwd
RXN-22497	PHYSIOL-LEFT-TO-RIGHT	CPD-24552 -> CPD-24553;FUM	normalized(fwd)	False	keep-fwd
RXN-16997	REVERSIBLE	Phosphorylated-phosphoglucomutase;GLC-1-P -> ALPHA-GLUCOSE-16-BISPHOSPHATE;Phosphoglucomutase	normalized(fwd)	True	keep-fwd
RXN-17823		PROT-CYS -> Protein-S-methyl-L-cysteine;PROTON	normalized(?)		quarantine
4.2.1.58-RXN	PHYSIOL-LEFT-TO-RIGHT	Beta-3-hydroxybutyryl-ACPs -> WATER;Crotonyl-ACPs	normalized(fwd)	False	keep-fwd
RXN-7669		POLY-GLUCOSYLATED-GLYCOGENINS -> Glycogens	normalized(?)		quarantine
RXN0-5021	PHYSIOL-LEFT-TO-RIGHT	Ribonucleoside-Triphosphates -> PPI	normalized(fwd)	False	keep-fwd
GABATRANSAM-RXN	LEFT-TO-RIGHT	4-AMINO-BUTYRATE;2-KETOGLUTARATE -> SUCC-S-ALD;GLT	normalized(fwd)	False	keep-fwd
RXN-6341	PHYSIOL-LEFT-TO-RIGHT	N5-Formyl-THF-Glu-N;GLT;ATP -> N5-Formyl-THF-Glu-N;ADP;Pi	normalized(fwd)	False	keep-fwd
RXN-20674	PHYSIOL-LEFT-TO-RIGHT	CPD-22307 -> DEHYDROQUINATE;Pi	normalized(fwd)	False	keep-fwd
UDPNACETYLGLUCOSAMACYLTRANS-RXN	PHYSIOL-LEFT-TO-RIGHT	UDP-N-ACETYL-D-GLUCOSAMINE;R-3-hydroxymyristoyl-ACPs -> UDP-OHMYR-ACETYLGLUCOSAMINE;ACP	normalized(fwd)	False	keep-fwd
RIBONUCLEOSIDE-DIP-REDUCTII-RXN		DCDP;Oxidized-NrdH-Proteins;WATER -> CDP;Reduced-NrdH-Proteins	normalized(?)		quarantine
RXN-17877	PHYSIOL-LEFT-TO-RIGHT	L-methionyl-L-threonyl-Protein;WATER -> Protein-N-terminal-L-threonine;MET	normalized(fwd)	False	keep-fwd
DEOXYCYTIDINE-KINASE-RXN	LEFT-TO-RIGHT	DEOXYCYTIDINE;Nucleoside-Triphosphates -> DCMP;Nucleoside-Diphosphates;PROTON	normalized(fwd)	False	keep-fwd
RXN-14291		ALL-TRANS-HEXAPRENYL-DIPHOSPHATE;P-AMINO-BENZOATE -> CPD-15190;PPI	normalized(?)		quarantine
2-OCTAPRENYL-6-OHPHENOL-METHY-RXN	PHYSIOL-LEFT-TO-RIGHT	S-ADENOSYLMETHIONINE;2-OCTAPRENYL-6-HYDROXYPHENOL -> PROTON;2-OCTAPRENYL-6-METHOXYPHENOL;ADENOSYL-HOMO-CYS	normalized(fwd)	False	keep-fwd
RXN-20490	PHYSIOL-LEFT-TO-RIGHT	MALONYL-COA;PedD-ACP -> CO-A;Malonyl-PedD	normalized(fwd)	False	keep-fwd
PGLUCISOM-RXN	REVERSIBLE	D-glucopyranose-6-phosphate -> FRUCTOSE-6P	normalized(fwd)	True	keep-fwd
RXN-11841	PHYSIOL-LEFT-TO-RIGHT	tRNA-uridine13 -> tRNA-pseudouridine13	normalized(fwd)	False	keep-fwd
ACETOOHBUTSYN-RXN	LEFT-TO-RIGHT	PROTON;PYRUVATE;2-OXOBUTANOATE -> 2-ACETO-2-HYDROXY-BUTYRATE;CARBON-DIOXIDE	normalized(fwd)	False	keep-fwd
ATPPHOSPHORIBOSYLTRANS-RXN	REVERSIBLE	PHOSPHORIBOSYL-ATP;PPI -> ATP;PRPP	normalized(fwd)	True	keep-fwd
RXNQT-4165	PHYSIOL-LEFT-TO-RIGHT	CPDQT-36;NAD -> CPDQT-27;CARBON-DIOXIDE;NADH	normalized(fwd)	False	keep-fwd
RXN-17956	PHYSIOL-LEFT-TO-RIGHT	S-ADENOSYLMETHIONINE;CPD-19236 -> CPD0-2463;CPD-19237;CH33ADO;MET;PROTON	normalized(fwd)	False	keep-fwd
1.17.1.1-RXN		CPD-1078;NAD-P-OR-NOP;WATER -> CPD-658;NADH-P-OR-NOP;PROTON	normalized(?)		quarantine
RXN-18796	LEFT-TO-RIGHT	SoxY-S-Thiocysteine;S2O3;Cytochromes-C-Oxidized -> SoxY-Thiocysteine-S-Sulfate;Cytochromes-C-Reduced;PROTON	normalized(fwd)	False	keep-fwd
RXN-12093	PHYSIOL-LEFT-TO-RIGHT	CPD-13043;AMMONIUM;ATP -> PROTON;7-CYANO-7-DEAZAGUANINE;ADP;Pi;WATER	normalized(fwd)	False	keep-fwd
GLUTAMATE-N-ACETYLTRANSFERASE-RXN	LEFT-TO-RIGHT	GLT;N-ALPHA-ACETYLORNITHINE -> ACETYL-GLU;L-ORNITHINE	normalized(fwd)	False	keep-fwd
RXN-14026	PHYSIOL-LEFT-TO-RIGHT	CMP;WATER -> CYTIDINE;Pi	normalized(fwd)	False	keep-fwd
RXN-21024	PHYSIOL-LEFT-TO-RIGHT	Arsenate-Reductase-Cysteines;ARSENATE;PROTON -> Thiarsahydroxy-ArsC;WATER	normalized(fwd)	False	keep-fwd
RXN2B4Q-50	PHYSIOL-LEFT-TO-RIGHT	R-3-hydroxydodecanoyl-ACPs;CPD2B4Q-12 -> CPD2B4Q-13;ACP;PROTON	normalized(fwd)	False	keep-fwd
RXN0-3221	PHYSIOL-LEFT-TO-RIGHT	General-Protein-Substrates;WATER -> Peptides-holder;PROTON	normalized(fwd)	False	keep-fwd
RXN0-2605	PHYSIOL-LEFT-TO-RIGHT	WATER -> 5-phosphooligonucleotides	normalized(fwd)	False	keep-fwd
RXN-12721	RIGHT-TO-LEFT	SELENITE;AMP;OXIDIZED-GLUTATHIONE;PROTON -> CPD-13713;GLUTATHIONE	normalized(rev)	False	reverse-and-keep
RXN0-742	PHYSIOL-LEFT-TO-RIGHT	5-PHOSPHORIBOSYL-5-AMINOIMIDAZOLE;ATP;HCO3 -> PROTON;CPD0-181;ADP;Pi	normalized(fwd)	False	keep-fwd
PROTOPORGENOXI-RXN	PHYSIOL-LEFT-TO-RIGHT	PROTOPORPHYRINOGEN;OXYGEN-MOLECULE -> PROTOPORPHYRIN_IX;HYDROGEN-PEROXIDE	normalized(fwd)	False	keep-fwd
TRANS-RXN-468	PHYSIOL-LEFT-TO-RIGHT	Unfolded-Proteins;PROTON;ATP;WATER -> Unfolded-Proteins;PROTON;ADP;Pi	normalized(fwd)	False	keep-fwd
TRIOSEPISOMERIZATION-RXN	REVERSIBLE	GAP -> DIHYDROXY-ACETONE-PHOSPHATE	normalized(fwd)	True	keep-fwd
PANTEPADENYLYLTRAN-RXN	LEFT-TO-RIGHT	PROTON;PANTETHEINE-P;ATP -> DEPHOSPHO-COA;PPI	normalized(fwd)	False	keep-fwd
HOMOCYSMETB12-RXN	PHYSIOL-LEFT-TO-RIGHT	HOMO-CYS;5-METHYL-THF-GLU-N -> MET;THF-GLU-N	normalized(fwd)	False	keep-fwd
GART-RXN	LEFT-TO-RIGHT	FORMYL-THF-GLU-N;5-PHOSPHO-RIBOSYL-GLYCINEAMIDE -> THF-GLU-N;5-P-RIBOSYL-N-FORMYLGLYCINEAMIDE;PROTON	normalized(fwd)	False	keep-fwd
RXN0-746	PHYSIOL-LEFT-TO-RIGHT	FORMATE;GTP;PROTON -> DGTP;CARBON-DIOXIDE;WATER	normalized(fwd)	False	keep-fwd
RXN-21550	PHYSIOL-LEFT-TO-RIGHT	Loaded-Mo-bis-MGD-Chaperones;Mo-bis-MGD-Chaperone-Cys-Persulfide -> Mo-bis-MGD-Chaperone-L-cysteine;CPD-23449;WATER	normalized(fwd)	False	keep-fwd
RXN-9157	PHYSIOL-LEFT-TO-RIGHT	GLUTATHIONE;CPD-9699 -> CPD-9700;CYS-GLY	normalized(fwd)	False	keep-fwd
RXN-22498	PHYSIOL-LEFT-TO-RIGHT	ATP;CPD-24553 -> ADP;CPD-24554	normalized(fwd)	False	keep-fwd
RXN0-5055	PHYSIOL-LEFT-TO-RIGHT	ACETYL-COA;carboxybiotin-L-lysine-in-BCCP-dimers -> MALONYL-COA;biotin-L-lysine-in-BCCP-dimers	normalized(fwd)	False	keep-fwd
RXN2DNV-1	PHYSIOL-LEFT-TO-RIGHT	CPD-24807;WATER -> CPD2DNV-1;UMP;PROTON	normalized(fwd)	False	keep-fwd
RXN-18205	PHYSIOL-LEFT-TO-RIGHT	CPD-19489;PROTON -> CPDQT-29;CARBON-DIOXIDE	normalized(fwd)	False	keep-fwd
DIHYDROOROTATE-DEHYDROGENASE-RXN	LEFT-TO-RIGHT	DI-H-OROTATE -> ETR-Quinols;OROTATE	normalized(fwd)	False	keep-fwd
GLUTRACE-RXN	LEFT-TO-RIGHT	GLT -> D-GLT	normalized(fwd)	False	keep-fwd
NACGLCTRANS-RXN	LEFT-TO-RIGHT	C5;UDP-N-ACETYL-D-GLUCOSAMINE -> PROTON;C6;UDP	normalized(fwd)	False	keep-fwd
RXN-9024	PHYSIOL-LEFT-TO-RIGHT	CPD0-1027;WATER -> Glucopyranose	normalized(fwd)	False	keep-fwd
RXN-17801	LEFT-TO-RIGHT	ETR-Quinols;OXYGEN-MOLECULE;PROTON -> PROTON;WATER	normalized(fwd)	False	keep-fwd
RXN0-5063	PHYSIOL-LEFT-TO-RIGHT	S-ADENOSYLMETHIONINE;6-Dimethylallyladenosine37-tRNAs -> CPD-11592;ADENOSYL-HOMO-CYS;CH33ADO;MET;PROTON	normalized(fwd)	False	keep-fwd
RXN-9658	PHYSIOL-RIGHT-TO-LEFT	Hexanoyl-ACPs;NAD -> Hex-2-enoyl-ACPs;NADH;PROTON	normalized(rev)	False	reverse-and-keep
RXN-14986	PHYSIOL-LEFT-TO-RIGHT	CPD-1130;NAD -> CPD-3618;CARBON-DIOXIDE;NADH	normalized(fwd)	False	keep-fwd
RXN-9660	RIGHT-TO-LEFT	Decanoyl-ACPs;NAD -> Trans-D2-decenoyl-ACPs;NADH;PROTON	normalized(rev)	False	reverse-and-keep
RXN-22480	PHYSIOL-LEFT-TO-RIGHT	UDP-N-ACETYL-D-GLUCOSAMINE;OH-ACYL-ACP -> UDP-3R-hydroxyacyl-GlcNAc;ACP	normalized(fwd)	False	keep-fwd
RXN-18707	PHYSIOL-LEFT-TO-RIGHT	L-Cysteine-Desulfurase-persulfide;TusA-L-cysteine -> Cysteine-Desulfurase-L-cysteine;TusA-Persulfides	normalized(fwd)	False	keep-fwd
RXN-11319	PHYSIOL-LEFT-TO-RIGHT	S-ADENOSYLMETHIONINE;TYR;NADPH -> CPD-12279;CPD-108;CH33ADO;MET;NADP;PROTON	normalized(fwd)	False	keep-fwd
RXN-16910	PHYSIOL-LEFT-TO-RIGHT	CPD-18238;AMMONIUM -> CARBAMATE;Pi;PROTON	normalized(fwd)	False	keep-fwd
RXN-11633	PHYSIOL-LEFT-TO-RIGHT	S-ADENOSYLMETHIONINE;16S-rRNA-adenine1518-adenine1519 -> 16S-rRNA-N6-dimethyladenine1518-1519;ADENOSYL-HOMO-CYS;PROTON	normalized(fwd)	False	keep-fwd
RXN-14390	LEFT-TO-RIGHT	Chap-ATP-Co-chaperone-SP-2Fe2S-Complex;Apo-FeS-cluster-proteins -> Chap-ADP-apo-SP-Complex;FeS-Cluster-Co-Chaperones;2Fe-2S-proteins;Pi	normalized(fwd)	False	keep-fwd
RXN-2961	PHYSIOL-RIGHT-TO-LEFT	S-HYDROXYMETHYLGLUTATHIONE -> FORMALDEHYDE;GLUTATHIONE	normalized(rev)	False	reverse-and-keep
ARGDECARBOX-RXN	PHYSIOL-LEFT-TO-RIGHT	ARG;PROTON -> AGMATHINE;CARBON-DIOXIDE	normalized(fwd)	False	keep-fwd
RXN-15348	REVERSIBLE	CPD-11281;GLUTATHIONE -> HS;OXIDIZED-GLUTATHIONE	normalized(fwd)	True	keep-fwd
R145-RXN	PHYSIOL-LEFT-TO-RIGHT	CPD-1063 -> CPD-8999;WATER	normalized(fwd)	False	keep-fwd
AMINOCYL-TRNA-HYDROLASE-RXN	PHYSIOL-LEFT-TO-RIGHT	WATER;N-Substituted-Aminoacyl-tRNA -> tRNAs;N-Substituted-Amino-Acids;PROTON	normalized(fwd)	False	keep-fwd
CPM-KDOSYNTH-RXN	LEFT-TO-RIGHT	KDO;CTP -> CMP-KDO;PPI	normalized(fwd)	False	keep-fwd
DEOXYADENOSINE-KINASE-RXN	PHYSIOL-LEFT-TO-RIGHT	DEOXYADENOSINE;ATP -> PROTON;DAMP;ADP	normalized(fwd)	False	keep-fwd
PROPKIN-RXN	REVERSIBLE	PROPIONATE;ATP -> PROPIONYL-P;ADP	normalized(fwd)	True	keep-fwd
RXN-9524	PHYSIOL-RIGHT-TO-LEFT	3-Hydroxy-octanoyl-ACPs;NADP -> 3-Oxo-octanoyl-ACPs;NADPH;PROTON	normalized(rev)	False	reverse-and-keep
RXN-21230	PHYSIOL-LEFT-TO-RIGHT	67-DIHYDROPTERIDINE -> 78-Dihydropteridines	normalized(fwd)	False	keep-fwd
RXN-19611	PHYSIOL-LEFT-TO-RIGHT	GLUTATHIONE;CPD-9674 -> CPD-21212;CL-;PROTON	normalized(fwd)	False	keep-fwd
RXN-22242	PHYSIOL-LEFT-TO-RIGHT	CPD-24235;WATER -> CPD-24234;ACET	normalized(fwd)	False	keep-fwd
DTMPKI-RXN	LEFT-TO-RIGHT	ATP;TMP -> ADP;TDP	normalized(fwd)	False	keep-fwd
RXN-22285	REVERSIBLE	CPD-678 -> SE-2;PROTON	normalized(fwd)	True	keep-fwd
RXN-18584	LEFT-TO-RIGHT	Ubiquinols;Oxidized-NapC-proteins -> Ubiquinones;PROTON;Reduced-NapC-proteins	normalized(fwd)	False	keep-fwd
ANTHRANSYN-RXN	LEFT-TO-RIGHT	CHORISMATE;GLN -> PROTON;ANTHRANILATE;GLT;PYRUVATE	normalized(fwd)	False	keep-fwd
TRANS-RXN-141A	RIGHT-TO-LEFT	CO+2 -> CO+2	normalized(rev)	False	reverse-and-keep
RXN-19004	PHYSIOL-LEFT-TO-RIGHT	ATP;WATER;A-RECA-PROTEIN -> ADP;Pi;PROTON	normalized(fwd)	False	keep-fwd
2.7.1.145-RXN	PHYSIOL-LEFT-TO-RIGHT	Deoxy-Ribonucleosides;ATP -> Deoxy-Ribonucleoside-Monophosphates;ADP;PROTON	normalized(fwd)	False	keep-fwd
RXN-10842	PHYSIOL-LEFT-TO-RIGHT	TRP;FADH2;CL-;OXYGEN-MOLECULE -> CPD-11751;FAD;WATER	normalized(fwd)	False	keep-fwd
RXN0-7014	PHYSIOL-LEFT-TO-RIGHT	CPD0-1074;ACETYL-COA -> CPD0-2518;CO-A	normalized(fwd)	False	keep-fwd
RXN3O-1983	LEFT-TO-RIGHT	HOMO-CIT -> HOMO-CIS-ACONITATE;WATER	normalized(fwd)	False	keep-fwd
RXN-7913	PHYSIOL-LEFT-TO-RIGHT	ATP;DCMP -> ADP;DCDP	normalized(fwd)	False	keep-fwd
RXN-2962	PHYSIOL-LEFT-TO-RIGHT	S-HYDROXYMETHYLGLUTATHIONE;NAD-P-OR-NOP -> CPD-548;NADH-P-OR-NOP;PROTON	normalized(fwd)	False	keep-fwd
2-HALOACID-DEHALOGENASE-RXN	PHYSIOL-LEFT-TO-RIGHT	S-2-Haloacids;WATER -> 2R-Hydroxy-Fatty-Acids;Halide-Anions;PROTON	normalized(fwd)	False	keep-fwd
ERYTH4PDEHYDROG-RXN	LEFT-TO-RIGHT	ERYTHROSE-4P;NAD;WATER -> ERYTHRONATE-4P;NADH;PROTON	normalized(fwd)	False	keep-fwd
RXN-11028	PHYSIOL-LEFT-TO-RIGHT	C1;CPD-11994 -> CPD-11997;UMP	normalized(fwd)	False	keep-fwd
RXN0-7115		N6-L-threonylcarbamoyladenine37-tRNAs;ATP -> Cyclic-N6-threonylcarbamoyl-A37-tRNAs;ADP;Pi	normalized(?)		quarantine
5.4.99.17-RXN		SQUALENE -> HOP-2229-ENE	normalized(?)		quarantine
RXN2DNV-4	PHYSIOL-LEFT-TO-RIGHT	CMP-KDO;CPD2DNV-3 -> CPD2DNV-4;CMP;PROTON	normalized(fwd)	False	keep-fwd
HEMN-RXN	PHYSIOL-LEFT-TO-RIGHT	S-ADENOSYLMETHIONINE;COPROPORPHYRINOGEN_III -> PROTOPORPHYRINOGEN;CARBON-DIOXIDE;MET;CH33ADO	normalized(fwd)	False	keep-fwd
RXN66-336	PHYSIOL-LEFT-TO-RIGHT	LEUKOTRIENE-C4;Amino-Acids-20 -> 5-L-GLUTAMYL-L-AMINO-ACID;CPD66-21	normalized(fwd)	False	keep-fwd
4.2.1.61-RXN	LEFT-TO-RIGHT	R-3-Hydroxypalmitoyl-ACPs -> WATER;2-Hexadecenoyl-ACPs	normalized(fwd)	False	keep-fwd
TRANS-RXN-2	PHYSIOL-LEFT-TO-RIGHT	ATP;WATER;K+ -> ADP;Pi;PROTON;K+	normalized(fwd)	False	keep-fwd
DTDPGLUCDEHYDRAT-RXN	LEFT-TO-RIGHT	DTDP-D-GLUCOSE -> WATER;DTDP-DEOH-DEOXY-GLUCOSE	normalized(fwd)	False	keep-fwd
RXN-15881	PHYSIOL-LEFT-TO-RIGHT	CYS;L-Cysteine-Desulfurases -> L-ALPHA-ALANINE;Persulfurated-L-cysteine-desulfurases	normalized(fwd)	False	keep-fwd
RXN-14396	LEFT-TO-RIGHT	HYDROXYMETHYLBILANE -> CPD-11444;WATER	normalized(fwd)	False	keep-fwd
RXN-11481	LEFT-TO-RIGHT	3-hydroxypimeloyl-ACP-methyl-esters -> Enoylpimeloyl-ACP-methyl-esters;WATER	normalized(fwd)	False	keep-fwd
RXN0-7080	PHYSIOL-LEFT-TO-RIGHT	CTP;CPD-12377 -> 5-HYDROXY-CTP;WATER	normalized(fwd)	False	keep-fwd
RXN-13698	REVERSIBLE	2-KETOGLUTARATE;L-ALPHA-ALANINE -> GLT;PYRUVATE	normalized(fwd)	True	keep-fwd
RXN-17362	LEFT-TO-RIGHT	MONOMER0-4342;WATER -> Diacylglycerol-Prolipoproteins;Lipoprotein-signal-peptide	normalized(fwd)	False	keep-fwd
RXN-9634	LEFT-TO-RIGHT	R-3-hydroxystearoyl-ACPs -> Octadec-2-enoyl-ACPs;WATER	normalized(fwd)	False	keep-fwd
RXN-16574	LEFT-TO-RIGHT	CPD-17866;WATER -> GLUTATHIONE;SO3;PROTON	normalized(fwd)	False	keep-fwd
DCDPKIN-RXN	PHYSIOL-LEFT-TO-RIGHT	ATP;DCDP -> ADP;DCTP	normalized(fwd)	False	keep-fwd
MVHMETH-RXN	LEFT-TO-RIGHT	PROTON -> HYDROGEN-MOLECULE	normalized(fwd)	False	keep-fwd
RXN-15511	REVERSIBLE	Protein-Histidines;23-DIPHOSPHOGLYCERATE -> Protein-pi-phospho-L-histidines;G3P	normalized(fwd)	True	keep-fwd
RXN-17883	PHYSIOL-LEFT-TO-RIGHT	N-terminal-L-cysteine-sulfinate;HYDROGEN-PEROXIDE -> N-terminal-L-cysteine-sulfonate;WATER;PROTON	normalized(fwd)	False	keep-fwd
RXN0-2421	REVERSIBLE	FE+2;PROTON -> FE+2;PROTON	normalized(fwd)	True	keep-fwd
RXN-16055	PHYSIOL-RIGHT-TO-LEFT	CPD-11446 -> CPD1F-126;WATER	normalized(rev)	False	reverse-and-keep
PHOSNACMURPENTATRANS-RXN	PHYSIOL-LEFT-TO-RIGHT	C1;CPD-9646 -> C5;UMP	normalized(fwd)	False	keep-fwd
HYDROXYLAMINE-REDUCTASE-NADH-RXN	RIGHT-TO-LEFT	AMMONIUM;WATER;NAD -> PROTON;HYDROXYLAMINE;NADH	normalized(rev)	False	reverse-and-keep
RXN-7908	PHYSIOL-LEFT-TO-RIGHT	CPD-5881 -> CPD-15159;WATER	normalized(fwd)	False	keep-fwd
RXN0-6274	PHYSIOL-LEFT-TO-RIGHT	CPD-4211;tRNA-Adenosines-37 -> 6-Dimethylallyladenosine37-tRNAs;PPI	normalized(fwd)	False	keep-fwd
RXN2DNV-3	PHYSIOL-LEFT-TO-RIGHT	CPD2DNV-2;ATP -> CPD2DNV-3;ADP;PROTON	normalized(fwd)	False	keep-fwd
RXN0-7192	PHYSIOL-LEFT-TO-RIGHT	BIOTIN;ATP;PROTON -> BIO-5-AMP;PPI	normalized(fwd)	False	keep-fwd
RXN-18510	PHYSIOL-LEFT-TO-RIGHT	CPD-19833;ATP -> CPD-19839;ADP;PROTON	normalized(fwd)	False	keep-fwd
RXN-9518	PHYSIOL-RIGHT-TO-LEFT	R-3-hydroxyhexanoyl-ACPs;NADP -> 3-oxo-hexanoyl-ACPs;NADPH;PROTON	normalized(rev)	False	reverse-and-keep
PHOSGLYPHOS-RXN	REVERSIBLE	G3P;ATP -> DPG;ADP	normalized(fwd)	True	keep-fwd
RXN-6601	PHYSIOL-LEFT-TO-RIGHT	GLUTATHIONE;Amino-Acids-20 -> 5-L-GLUTAMYL-L-AMINO-ACID;CYS-GLY	normalized(fwd)	False	keep-fwd
5.4.99.15-RXN	LEFT-TO-RIGHT	Maltodextrins -> MALTOOLIGOSYLTREHALOSE	normalized(fwd)	False	keep-fwd
DURIDKI-RXN	LEFT-TO-RIGHT	DEOXYURIDINE;ATP -> PROTON;DUMP;ADP	normalized(fwd)	False	keep-fwd
RXN-10851	REVERSIBLE	CPD-11281 -> CPD-11763;HS	normalized(fwd)	True	keep-fwd
RXN-9633	PHYSIOL-RIGHT-TO-LEFT	R-3-hydroxystearoyl-ACPs;NADP -> 3-oxo-stearoyl-ACPs;NADPH;PROTON	normalized(rev)	False	reverse-and-keep
CYSTEINE--TRNA-LIGASE-RXN	PHYSIOL-LEFT-TO-RIGHT	CYS-tRNAs;CYS;ATP -> Charged-CYS-tRNAs;PPI;AMP	normalized(fwd)	False	keep-fwd
DGTPTRIPHYDRO-RXN	PHYSIOL-LEFT-TO-RIGHT	WATER;DGTP -> PROTON;P3I;DEOXYGUANOSINE	normalized(fwd)	False	keep-fwd
RXN0-5190	PHYSIOL-LEFT-TO-RIGHT	Peptidoglycan-dimer -> NAcMur-Peptide-NAcGlc-Undecaprenols;GlcNAc-1-6-anhydro-MurNAc-pentapeptide	normalized(fwd)	False	keep-fwd
RXN0-5305	REVERSIBLE	CPD0-1108 -> CPD-15818	normalized(fwd)	True	keep-fwd
RXN-14391	LEFT-TO-RIGHT	Chap-ADP-apo-SP-Complex;ATP -> FeS-Cluster-Chaperones-ATP;D-form-FeS-Cluster-Scaffold-Proteins;ADP	normalized(fwd)	False	keep-fwd
UDPKIN-RXN	PHYSIOL-LEFT-TO-RIGHT	ATP;UDP -> ADP;UTP	normalized(fwd)	False	keep-fwd
3.4.11.9-RXN	PHYSIOL-LEFT-TO-RIGHT	Protein-With-N-Terminal-X-Pro;WATER -> Amino-Acids-20;Protein-With-N-Terminal-Pro;PROTON	normalized(fwd)	False	keep-fwd
RXN0-5510	PHYSIOL-LEFT-TO-RIGHT	mRNAs-with-5-triphosphate;WATER -> mRNAs-with-5-monophosphate;PPI;PROTON	normalized(fwd)	False	keep-fwd
3.1.26.5-RXN	PHYSIOL-LEFT-TO-RIGHT	CPD0-2352;WATER -> CPD0-2353;tRNA-fragment	normalized(fwd)	False	keep-fwd
RXN-11479	LEFT-TO-RIGHT	Glutaryl-ACP-methyl-esters;MALONYL-ACP;PROTON -> 3-Ketopimeloyl-ACP-methyl-esters;CARBON-DIOXIDE;ACP	normalized(fwd)	False	keep-fwd
RXN0-4301	LEFT-TO-RIGHT	D-SEDOHEPTULOSE-7-P -> D-ALPHABETA-D-HEPTOSE-7-PHOSPHATE	normalized(fwd)	False	keep-fwd
RXN0-7187	PHYSIOL-LEFT-TO-RIGHT	MET;HYDROGEN-PEROXIDE -> CPD-8989;WATER	normalized(fwd)	False	keep-fwd
RXN-14452	LEFT-TO-RIGHT	PROTON -> PROTON	normalized(fwd)	False	keep-fwd
RXN-22591	PHYSIOL-LEFT-TO-RIGHT	Peptidoglycans;WATER -> GlcNAC-Peptidoglycan;NAcMur-Peptide-Peptidoglycan	normalized(fwd)	False	keep-fwd
RXN-13519	LEFT-TO-RIGHT	PROTON -> PROTON	normalized(fwd)	False	keep-fwd
SHIKIMATE-5-DEHYDROGENASE-RXN	PHYSIOL-RIGHT-TO-LEFT	SHIKIMATE;NADP -> PROTON;3-DEHYDRO-SHIKIMATE;NADPH	normalized(rev)	False	reverse-and-keep
PYRIMSYN3-RXN	LEFT-TO-RIGHT	AMINO-HYDROXYMETHYL-METHYL-PYR-P;ATP -> AMINO-HYDROXYMETHYL-METHYLPYRIMIDINE-PP;ADP	normalized(fwd)	False	keep-fwd
ENTDB-RXN	PHYSIOL-LEFT-TO-RIGHT	Apo-EntB;CO-A -> Holo-EntB;3-5-ADP;PROTON	normalized(fwd)	False	keep-fwd
CHORISMATEMUT-RXN	LEFT-TO-RIGHT	CHORISMATE -> PREPHENATE	normalized(fwd)	False	keep-fwd
RXN-13158	PHYSIOL-LEFT-TO-RIGHT	2-D-THREO-HYDROXY-3-CARBOXY-ISOCAPROATE;NAD -> 2K-4CH3-PENTANOATE;CARBON-DIOXIDE;NADH	normalized(fwd)	False	keep-fwd
RXN-9280	PHYSIOL-LEFT-TO-RIGHT	S-ADENOSYLMETHIONINE;CPD-9894 -> PROTON;CPD-9899;ADENOSYL-HOMO-CYS	normalized(fwd)	False	keep-fwd
RXN-20459	REVERSIBLE	S-ADENOSYLMETHIONINE -> CPD0-2554	normalized(fwd)	True	keep-fwd
RXN-13908		CPD-14931 -> 10-FORMYL-DIHYDROFOLATE-GLU-N;WATER	normalized(?)		quarantine
ACETYL-COA-CARBOXYLTRANSFER-RXN	PHYSIOL-LEFT-TO-RIGHT	ATP;ACETYL-COA;HCO3 -> ADP;Pi;MALONYL-COA;PROTON	normalized(fwd)	False	keep-fwd
MALATE-DEH-RXN	REVERSIBLE	MAL;NAD -> OXALACETIC_ACID;NADH;PROTON	normalized(fwd)	True	keep-fwd
THIAZOLSYN2-RXN	LEFT-TO-RIGHT	DEOXYXYLULOSE-5P;CPD-12279;ThiS-CoASH-proteins -> CPD-13575;WATER;Thi-S	normalized(fwd)	False	keep-fwd
RXN-11477	LEFT-TO-RIGHT	3-Hydroxyglutaryl-ACP-methyl-ester -> Enoylglutaryl-ACP-methyl-esters;WATER	normalized(fwd)	False	keep-fwd
RXN-16687	PHYSIOL-LEFT-TO-RIGHT	CPD-17926 -> CPD-17986;UNDECAPRENYL-DIPHOSPHATE;PROTON	normalized(fwd)	False	keep-fwd
RIBONUCLEOSIDE-DIP-REDUCTI-RXN	PHYSIOL-RIGHT-TO-LEFT	Deoxy-Ribonucleoside-Diphosphates;Ox-Thioredoxin;WATER -> Ribonucleoside-Diphosphates;Red-Thioredoxin	normalized(rev)	False	reverse-and-keep
HISTAMINOTRANS-RXN	REVERSIBLE	L-HISTIDINOL-P;2-KETOGLUTARATE -> IMIDAZOLE-ACETOL-P;GLT	normalized(fwd)	True	keep-fwd
RXN-8976		C4;UDP-N-ACETYL-D-GLUCOSAMINE -> PROTON;CPD-7695;UDP	normalized(?)		quarantine
RXN-961	PHYSIOL-LEFT-TO-RIGHT	D-RIBULOSE-15-P2;OXYGEN-MOLECULE -> CPD-67;G3P;PROTON	normalized(fwd)	False	keep-fwd
RXN-17132	PHYSIOL-LEFT-TO-RIGHT	Protein-tauphospho-L-histidines;WATER -> Protein-Histidines;Pi	normalized(fwd)	False	keep-fwd
RXN-14882	REVERSIBLE	CPD-15818 -> D-Ribofuranose	normalized(fwd)	True	keep-fwd
PHOSPHAGLYPSYN-RXN	PHYSIOL-LEFT-TO-RIGHT	CDPDIACYLGLYCEROL;GLYCEROL-3P -> CMP;L-1-PHOSPHATIDYL-GLYCEROL-P;PROTON	normalized(fwd)	False	keep-fwd
RXN0-6721	PHYSIOL-LEFT-TO-RIGHT	MET;HYDROGEN-PEROXIDE -> L-Methionine-sulfoxides;WATER	normalized(fwd)	False	keep-fwd
HOMOSERKIN-RXN	LEFT-TO-RIGHT	HOMO-SER;ATP -> PROTON;O-PHOSPHO-L-HOMOSERINE;ADP	normalized(fwd)	False	keep-fwd
AMP-DEPHOSPHORYLATION-RXN	PHYSIOL-LEFT-TO-RIGHT	AMP;WATER -> ADENOSINE;Pi	normalized(fwd)	False	keep-fwd
RXN-17393	PHYSIOL-LEFT-TO-RIGHT	CPD-18807 -> CPD-18808;CPD-17986	normalized(fwd)	False	keep-fwd
RXN-22319	REVERSIBLE	CPD-24335 -> ACET;PROTON	normalized(fwd)	True	keep-fwd
3.2.1.141-RXN	LEFT-TO-RIGHT	MALTOOLIGOSYLTREHALOSE;WATER -> Maltodextrins;TREHALOSE	normalized(fwd)	False	keep-fwd
CITSYN-RXN	REVERSIBLE	ACETYL-COA;WATER;OXALACETIC_ACID -> CIT;CO-A;PROTON	normalized(fwd)	True	keep-fwd
5.4.2.10-RXN	REVERSIBLE	D-GLUCOSAMINE-6-P -> GLUCOSAMINE-1P	normalized(fwd)	True	keep-fwd
RXN-21566	PHYSIOL-LEFT-TO-RIGHT	CYS;Mo-bis-MGD-Chaperone-L-cysteine -> L-ALPHA-ALANINE;Mo-bis-MGD-Chaperone-Cys-Persulfide	normalized(fwd)	False	keep-fwd
RXN0-1132	PHYSIOL-LEFT-TO-RIGHT	Pyruvate-dehydrogenase-dihydrolipoate;NAD -> Pyruvate-dehydrogenase-lipoate;NADH;PROTON	normalized(fwd)	False	keep-fwd
GAMMA-GLUTAMYLTRANSFERASE-RXN	PHYSIOL-LEFT-TO-RIGHT	5-L-GLUTAMYL-PEPTIDE;Amino-Acids -> 5-L-GLUTAMYL-AMINO-ACID;Peptides-holder;PROTON	normalized(fwd)	False	keep-fwd
TRANSALDOL-RXN	REVERSIBLE	D-SEDOHEPTULOSE-7-P;GAP -> FRUCTOSE-6P;ERYTHROSE-4P	normalized(fwd)	True	keep-fwd
DIAMINOPIMEPIM-RXN	LEFT-TO-RIGHT	LL-DIAMINOPIMELATE -> MESO-DIAMINOPIMELATE	normalized(fwd)	False	keep-fwd
RXN0-7388	PHYSIOL-LEFT-TO-RIGHT	ATP;WATER -> RNA-Holder;ADP;Pi	normalized(fwd)	False	keep-fwd
TRANS-RXN-250	PHYSIOL-LEFT-TO-RIGHT	ATP;MG+2;WATER -> ADP;MG+2;Pi;PROTON	normalized(fwd)	False	keep-fwd
RXN-8348	LEFT-TO-RIGHT	CPD-8122;CPD-3;PROTON -> CPD-8123;AMP;WATER	normalized(fwd)	False	keep-fwd
RXN-11637	PHYSIOL-LEFT-TO-RIGHT	S-ADENOSYLMETHIONINE;16S-rRNA-cytidine1402 -> ADENOSYL-HOMO-CYS;16S-rRNA-2-O-methylcytidine1402;PROTON	normalized(fwd)	False	keep-fwd
RXN-11601	PHYSIOL-LEFT-TO-RIGHT	S-ADENOSYLMETHIONINE;23S-rRNA-uracil-1939 -> 23S-rRNA-5-methyluracil1939;ADENOSYL-HOMO-CYS;PROTON	normalized(fwd)	False	keep-fwd
RXN0-6427	PHYSIOL-LEFT-TO-RIGHT	GDP-TP;WATER -> GTP;PPI	normalized(fwd)	False	keep-fwd
HOMOCITRATE-SYNTHASE-RXN	LEFT-TO-RIGHT	2-KETOGLUTARATE;WATER;ACETYL-COA -> PROTON;HOMO-CIT;CO-A	normalized(fwd)	False	keep-fwd
PHOSPHASERSYN-RXN	LEFT-TO-RIGHT	CDPDIACYLGLYCEROL;SER -> CMP;L-1-PHOSPHATIDYL-SERINE;PROTON	normalized(fwd)	False	keep-fwd
RXN-11865	PHYSIOL-LEFT-TO-RIGHT	S-ADENOSYLMETHIONINE;5-carbo-me-ami-me-ur-34-tRNALeu -> 5-CarboxyMeAmMe-2-O-MeU34-tRNALeu;ADENOSYL-HOMO-CYS;PROTON	normalized(fwd)	False	keep-fwd
RXN2B4Q-53	PHYSIOL-LEFT-TO-RIGHT	CPD2B4Q-15;ATP -> CPD2B4Q-16;ADP;PROTON	normalized(fwd)	False	keep-fwd
RXN-16333	LEFT-TO-RIGHT	NAD-P-OR-NOP;PROTON -> NADH-P-OR-NOP	normalized(fwd)	False	keep-fwd
RXN-9534	RIGHT-TO-LEFT	Dodecanoyl-ACPs;NADP -> Dodec-2-enoyl-ACPs;NADPH;PROTON	normalized(rev)	False	reverse-and-keep
GLUTDEHYD-RXN	RIGHT-TO-LEFT	GLT;WATER;NADP -> PROTON;AMMONIUM;2-KETOGLUTARATE;NADPH	normalized(rev)	False	reverse-and-keep
PRPPAMIDOTRANS-RXN	RIGHT-TO-LEFT	5-P-BETA-D-RIBOSYL-AMINE;PPI;GLT -> PRPP;GLN;WATER	normalized(rev)	False	reverse-and-keep
DIAMINOPIMDECARB-RXN	PHYSIOL-LEFT-TO-RIGHT	MESO-DIAMINOPIMELATE;PROTON -> LYS;CARBON-DIOXIDE	normalized(fwd)	False	keep-fwd
RXN0-1483	PHYSIOL-LEFT-TO-RIGHT	FE+2;PROTON;OXYGEN-MOLECULE -> FE+3;WATER	normalized(fwd)	False	keep-fwd
ALANINE-AMINOTRANSFERASE-RXN	REVERSIBLE	2-KETOGLUTARATE;L-ALPHA-ALANINE -> GLT;PYRUVATE	normalized(fwd)	True	keep-fwd
RXN0-5234	PHYSIOL-LEFT-TO-RIGHT	ALLO-THR -> ACETALD;GLY	normalized(fwd)	False	keep-fwd
NADH-DEHYDROG-A-RXN	REVERSIBLE	PROTON;NADH;Ubiquinones -> PROTON;NAD;Ubiquinols	normalized(fwd)	True	keep-fwd
1.1.1.39-RXN	PHYSIOL-LEFT-TO-RIGHT	MAL;NAD -> PYRUVATE;CARBON-DIOXIDE;NADH	normalized(fwd)	False	keep-fwd
RXN-14192	PHYSIOL-RIGHT-TO-LEFT	PYRUVATE;DATP -> PHOSPHO-ENOL-PYRUVATE;DADP;PROTON	normalized(rev)	False	reverse-and-keep
PHOSPHORIBULOKINASE-RXN	LEFT-TO-RIGHT	RIBULOSE-5P;ATP -> PROTON;D-RIBULOSE-15-P2;ADP	normalized(fwd)	False	keep-fwd
RXN0-4621		CPD0-882;ATP;WATER -> PROTON;CPD0-881;ADP	normalized(?)		quarantine
RXN-16165	LEFT-TO-RIGHT	Initiation-tRNAmet;MET;ATP -> L-methionyl-tRNAfmet;PPI;AMP	normalized(fwd)	False	keep-fwd
RXN-21565	PHYSIOL-LEFT-TO-RIGHT	L-Cysteine-Desulfurase-persulfide;Mo-bis-MGD-Chaperone-L-cysteine -> Cysteine-Desulfurase-L-cysteine;Mo-bis-MGD-Chaperone-Cys-Persulfide	normalized(fwd)	False	keep-fwd
ACETOOHBUTREDUCTOISOM-RXN	PHYSIOL-RIGHT-TO-LEFT	1-KETO-2-METHYLVALERATE;NADP -> PROTON;2-ACETO-2-HYDROXY-BUTYRATE;NADPH	normalized(rev)	False	reverse-and-keep
RXN-18581	LEFT-TO-RIGHT	Oxidized-NapC-proteins -> Reduced-NapC-proteins	normalized(fwd)	False	keep-fwd
RXN-15831	LEFT-TO-RIGHT	Oxidized-CycA1-cytochromes -> Reduced-CycA1-cytochromes	normalized(fwd)	False	keep-fwd
1.8.98.1-RXN	PHYSIOL-RIGHT-TO-LEFT	CPD-1281;CoM;CPD-7323 -> CPD-1282;DIHYDROMETHANOPHENAZINE	normalized(rev)	False	reverse-and-keep
ARGSUCCINSYN-RXN	PHYSIOL-LEFT-TO-RIGHT	L-ASPARTATE;L-CITRULLINE;ATP -> PROTON;L-ARGININO-SUCCINATE;PPI;AMP	normalized(fwd)	False	keep-fwd
ASPDECARBOX-RXN	LEFT-TO-RIGHT	PROTON;L-ASPARTATE -> B-ALANINE;CARBON-DIOXIDE	normalized(fwd)	False	keep-fwd
RXN-12002	PHYSIOL-LEFT-TO-RIGHT	ATP;UMP -> ADP;UDP	normalized(fwd)	False	keep-fwd
RXN-9533	LEFT-TO-RIGHT	R-3-hydroxydodecanoyl-ACPs -> Dodec-2-enoyl-ACPs;WATER	normalized(fwd)	False	keep-fwd
RXN2B4Q-52	PHYSIOL-LEFT-TO-RIGHT	CPD2B4Q-14;CPD2B4Q-13 -> CPD2B4Q-15;UDP;PROTON	normalized(fwd)	False	keep-fwd
RXN-17027	LEFT-TO-RIGHT	CPD-7;NifB -> NifB-with-K-cluster	normalized(fwd)	False	keep-fwd
RXN0-6998	PHYSIOL-LEFT-TO-RIGHT	S-ADENOSYLMETHIONINE;23S-rRNA-adenine-2030 -> 23S-rRNA-N6-methyladenine-2030;ADENOSYL-HOMO-CYS;PROTON	normalized(fwd)	False	keep-fwd
RXN-9549	PHYSIOL-LEFT-TO-RIGHT	Palmitoyl-ACPs;WATER -> PALMITATE;ACP;PROTON	normalized(fwd)	False	keep-fwd
RXN-16689	PHYSIOL-LEFT-TO-RIGHT	CPD-17932 -> CPD0-2579;UNDECAPRENYL-DIPHOSPHATE;PROTON	normalized(fwd)	False	keep-fwd
GMKALT-RXN	REVERSIBLE	ATP;DGMP -> ADP;DGDP	normalized(fwd)	True	keep-fwd
4.2.1.93-RXN		ATP;CPD-653 -> PROTON;Pi;NADH;ADP	normalized(?)		quarantine
RXN0-5144	PHYSIOL-LEFT-TO-RIGHT	S-ADENOSYLMETHIONINE;tRNA-Containing-5AminoMe-2-ThioUrdines -> ADENOSYL-HOMO-CYS;tRNA-Containing-5MeAminoMe-2-ThioU;PROTON	normalized(fwd)	False	keep-fwd
SPERMIDINESYN-RXN	LEFT-TO-RIGHT	PUTRESCINE;S-ADENOSYLMETHIONINAMINE -> PROTON;SPERMIDINE;5-METHYLTHIOADENOSINE	normalized(fwd)	False	keep-fwd
RXN0-6734	PHYSIOL-LEFT-TO-RIGHT	S-ADENOSYLMETHIONINE;CPD0-2480 -> CPD0-2463;CH4;CH33ADO;MET;PROTON	normalized(fwd)	False	keep-fwd
1.8.4.12-RXN	PHYSIOL-RIGHT-TO-LEFT	Protein-L-methionine;Ox-Thioredoxin;WATER -> Protein-L-methionine-R-S-oxides;Red-Thioredoxin	normalized(rev)	False	reverse-and-keep
RXN0-6478	PHYSIOL-LEFT-TO-RIGHT	CPD0-2350;WATER -> CPD0-2351;CPD0-2350	normalized(fwd)	False	keep-fwd
RXN-11638	PHYSIOL-LEFT-TO-RIGHT	S-ADENOSYLMETHIONINE;16S-rRNA-cytidine1402 -> ADENOSYL-HOMO-CYS;16S-rRNA-N4-methylcytidine1402;PROTON	normalized(fwd)	False	keep-fwd
5.99.1.3-RXN	PHYSIOL-LEFT-TO-RIGHT	ATP -> ADP;Pi	normalized(fwd)	False	keep-fwd
RXN0-6948	PHYSIOL-LEFT-TO-RIGHT	MET;ACETYL-COA -> CPD0-2015;CO-A;PROTON	normalized(fwd)	False	keep-fwd
RXN0-6366	PHYSIOL-LEFT-TO-RIGHT	S-ADENOSYLMETHIONINE;Ribosomal-protein-S12-Asp89 -> Ribosomal-protein-S12-3-methylthio-Asp89;ADENOSYL-HOMO-CYS;MET;CH33ADO;PROTON	normalized(fwd)	False	keep-fwd
RXN-18206	REVERSIBLE	CPDQT-37;NAD -> CPD-19490;NADH;PROTON	normalized(fwd)	True	keep-fwd
RXN-20456	PHYSIOL-LEFT-TO-RIGHT	NADPH;WATER -> CPD-14133	normalized(fwd)	False	keep-fwd
RXN0-1133	PHYSIOL-RIGHT-TO-LEFT	ACETYL-COA;Pyruvate-dehydrogenase-dihydrolipoate -> CO-A;Pyruvate-dehydrogenase-acetylDHlipoyl	normalized(rev)	False	reverse-and-keep
RXN0-4341	LEFT-TO-RIGHT	D-ALPHABETA-D-HEPTOSE-7-PHOSPHATE;ATP -> PROTON;D-BETA-D-HEPTOSE-17-DIPHOSPHATE;ADP	normalized(fwd)	False	keep-fwd
ORNCARBAMTRANSFER-RXN	REVERSIBLE	L-ORNITHINE;CARBAMOYL-P -> PROTON;L-CITRULLINE;Pi	normalized(fwd)	True	keep-fwd
RXN-17363	PHYSIOL-LEFT-TO-RIGHT	Diacylglycerol-Prolipoproteins;Phosphoglycerides -> a-mature-triacylated-lipoprotein;1-Lyso-phospholipids;PROTON	normalized(fwd)	False	keep-fwd
THYKI-RXN	LEFT-TO-RIGHT	THYMIDINE;ATP -> PROTON;TMP;ADP	normalized(fwd)	False	keep-fwd
FOLYLPOLYGLUTAMATESYNTH-RXN	PHYSIOL-LEFT-TO-RIGHT	THF-GLU-N;GLT;ATP -> THF-GLU-N;ADP;Pi	normalized(fwd)	False	keep-fwd
RXNI-27	PHYSIOL-LEFT-TO-RIGHT	R-3-hydroxystearoyl-ACPs;CPD-24236 -> CPD-24807;ACP;PROTON	normalized(fwd)	False	keep-fwd
2.3.1.168-RXN	REVERSIBLE	ISOBUTYRYL-COA;BCAA-dehydrogenase-DH-lipoyl -> BCAA-dehydrogenase-2MP-DH-lipoyl;CO-A	normalized(fwd)	True	keep-fwd
RXN-17391	PHYSIOL-LEFT-TO-RIGHT	CPD-17989 -> CPD-17989;CPD0-1080	normalized(fwd)	False	keep-fwd
RXN-16630	PHYSIOL-RIGHT-TO-LEFT	3R-11Z-3-hydroxy-icos-11-enoyl-ACPs;NADP -> 11Z-3-oxo-icos-11-enoyl-ACPs;NADPH;PROTON	normalized(rev)	False	reverse-and-keep
RXN-9515	RIGHT-TO-LEFT	Butanoyl-ACPs;NADP -> Crotonyl-ACPs;NADPH;PROTON	normalized(rev)	False	reverse-and-keep
3.1.1.77-RXN	PHYSIOL-LEFT-TO-RIGHT	3-ACYLOXYACYL-GROUP-OF-BACTERIAL-TOXIN;WATER -> 3-HYDROXYACYL-GROUP-OF-BACTERIAL-TOXIN;Fatty-Acids;PROTON	normalized(fwd)	False	keep-fwd
ISPH2-RXN	RIGHT-TO-LEFT	DELTA3-ISOPENTENYL-PP;Oxidized-ferredoxins;WATER -> HYDROXY-METHYL-BUTENYL-DIP;Reduced-ferredoxins;PROTON	normalized(rev)	False	reverse-and-keep
RIB5PISOM-RXN	REVERSIBLE	RIBOSE-5P -> RIBULOSE-5P	normalized(fwd)	True	keep-fwd
DARAB5PISOM-RXN	RIGHT-TO-LEFT	ARABINOSE-5P -> RIBULOSE-5P	normalized(rev)	False	reverse-and-keep
RXN-9527	LEFT-TO-RIGHT	Octanoyl-ACPs;MALONYL-ACP;PROTON -> 3-oxo-decanoyl-ACPs;CARBON-DIOXIDE;ACP	normalized(fwd)	False	keep-fwd
RXN-19916	REVERSIBLE	CPD-21527 -> DIHYDROXY-ACETONE-PHOSPHATE;ERYTHROSE	normalized(fwd)	True	keep-fwd
UDP-NACMURALGLDAPAALIG-RXN	PHYSIOL-LEFT-TO-RIGHT	UDP-AAGM-DIAMINOHEPTANEDIOATE;D-ALA-D-ALA;ATP -> PROTON;C1;Pi;ADP	normalized(fwd)	False	keep-fwd
ASNSYNB-RXN	PHYSIOL-LEFT-TO-RIGHT	ATP;L-ASPARTATE;GLN;WATER -> AMP;PPI;ASN;GLT;PROTON	normalized(fwd)	False	keep-fwd
RXN0-5330	PHYSIOL-LEFT-TO-RIGHT	Ubiquinones;NADH;PROTON -> Ubiquinols;NAD	normalized(fwd)	False	keep-fwd
RXN-20401	PHYSIOL-LEFT-TO-RIGHT	GLY;CPD-22077;ATP -> CPD-20340;ADP;Pi;PROTON	normalized(fwd)	False	keep-fwd
6PGLUCONOLACT-RXN	PHYSIOL-LEFT-TO-RIGHT	D-6-P-GLUCONO-DELTA-LACTONE;WATER -> PROTON;CPD-2961	normalized(fwd)	False	keep-fwd
RXN-7919	PHYSIOL-LEFT-TO-RIGHT	2-hydroxyacyl-glutathiones;WATER -> GLUTATHIONE;2-Hydroxy-carboxylates;PROTON	normalized(fwd)	False	keep-fwd
2-OCTAPRENYLPHENOL-HYDROX-RXN	PHYSIOL-LEFT-TO-RIGHT	2-OCTAPRENYLPHENOL;OXYGEN-MOLECULE;NADPH;PROTON -> 2-OCTAPRENYL-6-HYDROXYPHENOL;WATER;NADP	normalized(fwd)	False	keep-fwd
2.7.10.1-RXN	PHYSIOL-LEFT-TO-RIGHT	ATP;Protein-Tyrosines -> ADP;Protein-tyrosine-phosphates;PROTON	normalized(fwd)	False	keep-fwd
RXN-9536	PHYSIOL-RIGHT-TO-LEFT	R-3-hydroxymyristoyl-ACPs;NADP -> 3-oxo-myristoyl-ACPs;NADPH;PROTON	normalized(rev)	False	reverse-and-keep
RXN-14196	REVERSIBLE	CARBAMATE;ATP -> CARBAMOYL-P;ADP	normalized(fwd)	True	keep-fwd
RXN-20755	PHYSIOL-LEFT-TO-RIGHT	GERANYL-PP;tRNA-Containing-5MeAminoMe-2-ThioU -> mnm5GeS2U;PPI	normalized(fwd)	False	keep-fwd
2.7.7.13-RXN	PHYSIOL-LEFT-TO-RIGHT	PROTON;MANNOSE-1P;GTP -> GDP-MANNOSE;PPI	normalized(fwd)	False	keep-fwd
6.3.5.7-RXN	PHYSIOL-LEFT-TO-RIGHT	GLN;L-glutamyl-tRNAGln;ATP;WATER -> GLT;Charged-GLN-tRNAs;Pi;ADP;PROTON	normalized(fwd)	False	keep-fwd
RXN-9384	REVERSIBLE	O-SUCCINYL-L-HOMOSERINE;HS -> PROTON;HOMO-CYS;SUC	normalized(fwd)	True	keep-fwd
RXN-17880	LEFT-TO-RIGHT	PROT-CYS;NITRIC-OXIDE;OXYGEN-MOLECULE -> Protein-nitrosothiol-L-alanine;SUPER-OXIDE;PROTON	normalized(fwd)	False	keep-fwd
RXN-21000	PHYSIOL-LEFT-TO-RIGHT	CPD-15159 -> CPD-14202	normalized(fwd)	False	keep-fwd
RXN1YI0-16	PHYSIOL-LEFT-TO-RIGHT	PROTON;NADH;PLASTOQUINONE -> NAD;Plastoquinols	normalized(fwd)	False	keep-fwd
ALARACECAT-RXN	REVERSIBLE	L-ALPHA-ALANINE -> D-ALANINE	normalized(fwd)	True	keep-fwd
RXN0-302	LEFT-TO-RIGHT	2-PHOSPHO-4-CYTIDINE-5-DIPHOSPHO-2-C-MET -> 2C-METH-D-ERYTHRITOL-CYCLODIPHOSPHATE;CMP	normalized(fwd)	False	keep-fwd
RXN-9952	LEFT-TO-RIGHT	CPD-2961;NADP -> RIBULOSE-5P;CARBON-DIOXIDE;NADPH	normalized(fwd)	False	keep-fwd
RXN-11811	REVERSIBLE	AMMONIA;PROTON -> AMMONIUM	normalized(fwd)	True	keep-fwd
CARBPSYN-RXN	PHYSIOL-LEFT-TO-RIGHT	ATP;GLN;HCO3;WATER -> GLT;CARBAMOYL-P;ADP;Pi;PROTON	normalized(fwd)	False	keep-fwd
RXN0-6523	PHYSIOL-LEFT-TO-RIGHT	RNASE-G-DEGRADATION-SUBSTRATE-MRNA;WATER -> mRNA-Fragments	normalized(fwd)	False	keep-fwd
RXN-17848	PHYSIOL-LEFT-TO-RIGHT	Charged-PHE-tRNAs;Protein-N-terminal-L-Lysine -> L-phenylalanyl-L-lysyl-Protein;PHE-tRNAs;PROTON	normalized(fwd)	False	keep-fwd
RXN-15512	REVERSIBLE	Protein-pi-phospho-L-histidines;CPD-16758 -> Protein-Histidines;23-DIPHOSPHOGLYCERATE	normalized(fwd)	True	keep-fwd
UDPACYLGLCNACDEACETYL-RXN	LEFT-TO-RIGHT	UDP-OHMYR-ACETYLGLUCOSAMINE;WATER -> UDP-OHMYR-GLUCOSAMINE;ACET	normalized(fwd)	False	keep-fwd
RXN-18511	PHYSIOL-LEFT-TO-RIGHT	CPD-19839;ATP;PROTON -> CPD-19840;PPI	normalized(fwd)	False	keep-fwd
RXN-9548	PHYSIOL-LEFT-TO-RIGHT	Stearoyl-ACPs;WATER -> STEARIC_ACID;ACP;PROTON	normalized(fwd)	False	keep-fwd
NAD-SYNTH-NH3-RXN	PHYSIOL-LEFT-TO-RIGHT	AMMONIUM;ATP;DEAMIDO-NAD -> PROTON;AMP;PPI;NAD	normalized(fwd)	False	keep-fwd
AIRCARBOXY-RXN	REVERSIBLE	PHOSPHORIBOSYL-CARBOXY-AMINOIMIDAZOLE;PROTON -> 5-PHOSPHORIBOSYL-5-AMINOIMIDAZOLE;CARBON-DIOXIDE	normalized(fwd)	True	keep-fwd
RXN-11591	PHYSIOL-LEFT-TO-RIGHT	S-ADENOSYLMETHIONINE;16S-rRNA-cytosine967 -> 16S-rRNA-5-O-methylcytosine967;ADENOSYL-HOMO-CYS;PROTON	normalized(fwd)	False	keep-fwd
RXN-17959	PHYSIOL-LEFT-TO-RIGHT	S-ADENOSYLMETHIONINE;CPD-19239 -> CPD0-2463;SARCOSINE;CH33ADO;MET	normalized(fwd)	False	keep-fwd
DTDPKIN-RXN	PHYSIOL-LEFT-TO-RIGHT	ATP;TDP -> ADP;TTP	normalized(fwd)	False	keep-fwd
RXN-20080	PHYSIOL-LEFT-TO-RIGHT	ATP;L-aspartyl-tRNAAsn -> ADP;4-Phosphooxy-L-aspartyl-tRNAAsn	normalized(fwd)	False	keep-fwd
RXN-13037		Octanoyl-ACPs;Gcv-H -> Octanoylated-Gcv-H;ACP;PROTON	normalized(?)		quarantine
RXN-15510	REVERSIBLE	Protein-pi-phospho-L-histidines;2-PG -> Protein-Histidines;23-DIPHOSPHOGLYCERATE	normalized(fwd)	True	keep-fwd
RXN-11410	LEFT-TO-RIGHT	DGTP;CPD-12377 -> 8-Oxo-dGTP;WATER	normalized(fwd)	False	keep-fwd
MANNPISOM-RXN	RIGHT-TO-LEFT	CPD-15979 -> FRUCTOSE-6P	normalized(rev)	False	reverse-and-keep
GLUTAMIDOTRANS-RXN	PHYSIOL-LEFT-TO-RIGHT	PHOSPHORIBULOSYL-FORMIMINO-AICAR-P;GLN -> PROTON;GLT;D-ERYTHRO-IMIDAZOLE-GLYCEROL-P;AICAR	normalized(fwd)	False	keep-fwd
KETOBUTFORMLY-RXN	LEFT-TO-RIGHT	2-OXOBUTANOATE;CO-A -> PROPIONYL-COA;FORMATE	normalized(fwd)	False	keep-fwd
IMP-DEHYDROG-RXN	REVERSIBLE	IMP;WATER;NAD -> XANTHOSINE-5-PHOSPHATE;NADH;PROTON	normalized(fwd)	True	keep-fwd
RXN-14388	LEFT-TO-RIGHT	CD-SP-2Fe2S-Complex;FeS-Cluster-Co-Chaperones -> Co-chaperone-SP-2Fe2S-Complex;L-Cysteine-Desulfurases	normalized(fwd)	False	keep-fwd
CHORISMATE-SYNTHASE-RXN	PHYSIOL-LEFT-TO-RIGHT	3-ENOLPYRUVYL-SHIKIMATE-5P -> Pi;CHORISMATE	normalized(fwd)	False	keep-fwd
RXN-18031	REVERSIBLE	H2CO3 -> HCO3;PROTON	normalized(fwd)	True	keep-fwd
GLUC1PURIDYLTRANS-RXN	REVERSIBLE	GLC-1-P;UTP;PROTON -> CPD-12575;PPI	normalized(fwd)	True	keep-fwd
RXN-9220	PHYSIOL-LEFT-TO-RIGHT	S-ADENOSYLMETHIONINE;CPD-12116 -> CPD-12124;ADENOSYL-HOMO-CYS;PROTON	normalized(fwd)	False	keep-fwd
P-PANTOCYSLIG-RXN	PHYSIOL-LEFT-TO-RIGHT	4-P-PANTOTHENATE;CYS;CTP -> PROTON;R-4-PHOSPHOPANTOTHENOYL-L-CYSTEINE;PPI;CMP	normalized(fwd)	False	keep-fwd
RXN0-6733	LEFT-TO-RIGHT	CPD0-2479;WATER -> CPD0-2480;PPI;PROTON	normalized(fwd)	False	keep-fwd
RXN-20457	PHYSIOL-LEFT-TO-RIGHT	NADPH;WATER -> CPD0-2474	normalized(fwd)	False	keep-fwd
RXN-12515	LEFT-TO-RIGHT	CPD-13489;WATER -> SPERMIDINE;UREA	normalized(fwd)	False	keep-fwd
ASPCARBTRANS-RXN	LEFT-TO-RIGHT	L-ASPARTATE;CARBAMOYL-P -> PROTON;CARBAMYUL-L-ASPARTATE;Pi	normalized(fwd)	False	keep-fwd
RXN-16457	PHYSIOL-LEFT-TO-RIGHT	CPD-8123;CPD-4;PROTON -> CPD-15874;WATER	normalized(fwd)	False	keep-fwd
TRANS-RXN2G89-1	LEFT-TO-RIGHT	NA+;CA+2 -> NA+;CA+2	normalized(fwd)	False	keep-fwd
GLUTAMATESYN-RXN	PHYSIOL-RIGHT-TO-LEFT	GLT;NADP -> PROTON;GLN;2-KETOGLUTARATE;NADPH	normalized(rev)	False	reverse-and-keep
4.2.1.59-RXN	LEFT-TO-RIGHT	3-Hydroxy-octanoyl-ACPs -> 2-Octenoyl-ACPs;WATER	normalized(fwd)	False	keep-fwd
RXN0-722	PHYSIOL-RIGHT-TO-LEFT	DUDP;Oxidized-NrdH-Proteins;WATER -> UDP;Reduced-NrdH-Proteins	normalized(rev)	False	reverse-and-keep
RXN0-3201	PHYSIOL-LEFT-TO-RIGHT	Lipoprotein-signal-peptide;WATER -> Peptides-holder	normalized(fwd)	False	keep-fwd
RXN0-5131		IS30-Insertion-Sequences -> IS30-with-Integrated-Transposon	normalized(?)		quarantine
GLU6PDEHYDROG-RXN	LEFT-TO-RIGHT	D-glucopyranose-6-phosphate;NADP -> D-6-P-GLUCONO-DELTA-LACTONE;NADPH;PROTON	normalized(fwd)	False	keep-fwd
NUCLEOSIDE-DEOXYRIBOSYLTRANSFERASE-RXN	REVERSIBLE	Deoxy-Ribonucleosides;Bases -> Deoxy-Ribonucleosides;Bases	normalized(fwd)	True	keep-fwd
RXN0-7068	PHYSIOL-LEFT-TO-RIGHT	tRNA-uridine34;GTP;METHYLENE-THF-GLU-N;GLY;WATER -> tRNA-containing-5-CarbMeAminome-uridine;GDP;Pi;DIHYDROFOLATE-GLU-N;PROTON	normalized(fwd)	False	keep-fwd
RXN-15123	PHYSIOL-LEFT-TO-RIGHT	CPD-16013;WATER;PROTON -> 2-OXOBUTANOATE;AMMONIUM	normalized(fwd)	False	keep-fwd
RXN-6222	REVERSIBLE	NDP-glucoses;Fructofuranose -> Nucleoside-Diphosphates;SUCROSE;PROTON	normalized(fwd)	True	keep-fwd
RXN1A0-6303	PHYSIOL-RIGHT-TO-LEFT	Actinorhodin-Intermediate-2;NADP -> Hepta-oxo-hexadecanoyl-ACPs;NADPH;PROTON	normalized(rev)	False	reverse-and-keep
RXN-16804	REVERSIBLE	ARABINOSE-5P -> CPD-18118	normalized(fwd)	True	keep-fwd
RXN-21561	PHYSIOL-LEFT-TO-RIGHT	CPD-23445;MCD-Chaperones -> Loaded-MCD-Chaperones	normalized(fwd)	False	keep-fwd
RXN-20788	PHYSIOL-LEFT-TO-RIGHT	CPD-22407;WATER -> CPD-22406;ACET	normalized(fwd)	False	keep-fwd
RXN0-748	RIGHT-TO-LEFT	DGDP;Oxidized-NrdH-Proteins;WATER -> GDP;Reduced-NrdH-Proteins	normalized(rev)	False	reverse-and-keep
ACONITATEDEHYDR-RXN	REVERSIBLE	CIT -> CIS-ACONITATE;WATER	normalized(fwd)	True	keep-fwd
ADOMET-DMK-METHYLTRANSFER-RXN	PHYSIOL-LEFT-TO-RIGHT	S-ADENOSYLMETHIONINE;CPD-12115 -> REDUCED-MENAQUINONE;PROTON;ADENOSYL-HOMO-CYS	normalized(fwd)	False	keep-fwd
RXN-12753	LEFT-TO-RIGHT	NADH;WATER -> CPD-653	normalized(fwd)	False	keep-fwd
2.7.7.8-RXN		ssRNAs;Pi -> ssRNAs;Nucleoside-Diphosphates	normalized(?)		quarantine
6PFRUCTPHOS-RXN	LEFT-TO-RIGHT	ATP;FRUCTOSE-6P -> PROTON;ADP;FRUCTOSE-16-DIPHOSPHATE	normalized(fwd)	False	keep-fwd
PANTOATE-BETA-ALANINE-LIG-RXN	PHYSIOL-LEFT-TO-RIGHT	B-ALANINE;L-PANTOATE;ATP -> PROTON;PANTOTHENATE;PPI;AMP	normalized(fwd)	False	keep-fwd
GDPMANDEHYDRA-RXN		GDP-MANNOSE -> GDP-4-DEHYDRO-6-DEOXY-D-MANNOSE;WATER	normalized(?)		quarantine
RXN-9528	PHYSIOL-RIGHT-TO-LEFT	Beta-hydroxydecanoyl-ACPs;NADP -> 3-oxo-decanoyl-ACPs;NADPH;PROTON	normalized(rev)	False	reverse-and-keep
RXN-16454	PHYSIOL-LEFT-TO-RIGHT	Protein-Tyrosines;OXYGEN-MOLECULE -> TOPAQUINONE;HYDROGEN-PEROXIDE;PROTON	normalized(fwd)	False	keep-fwd
TRNA-PSEUDOURIDINE-SYNTHASE-I-RXN	PHYSIOL-LEFT-TO-RIGHT	tRNA-uridine-38-40 -> tRNA-pseudouridine-38-40	normalized(fwd)	False	keep-fwd
2.3.2.13-RXN	PHYSIOL-LEFT-TO-RIGHT	Protein-L-glutamine;Protein-L-lysine -> Protein-N6-5-glutamyl-lysine-crosslinks;AMMONIUM	normalized(fwd)	False	keep-fwd
RXN-13163	REVERSIBLE	2-D-THREO-HYDROXY-3-CARBOXY-ISOCAPROATE -> 3-CARBOXY-3-HYDROXY-ISOCAPROATE	normalized(fwd)	True	keep-fwd
RXN-12587	REVERSIBLE	L-Cysteine-Desulfurase-persulfide -> Cysteine-Desulfurase-L-cysteine	normalized(fwd)	True	keep-fwd
RXN-18797	PHYSIOL-LEFT-TO-RIGHT	SoxY-Thiocysteine-S-Sulfate;WATER -> SoxY-S-S-Thiocysteine;SULFATE;PROTON	normalized(fwd)	False	keep-fwd
RXN-20081	PHYSIOL-LEFT-TO-RIGHT	4-Phosphooxy-L-aspartyl-tRNAAsn;AMMONIUM -> Charged-ASN-tRNAs;Pi;PROTON	normalized(fwd)	False	keep-fwd
TRANS-RXN0-237	LEFT-TO-RIGHT	Ubiquinones;PROTON -> Ubiquinols	normalized(fwd)	False	keep-fwd
RXN0-949	PHYSIOL-LEFT-TO-RIGHT	S-ADENOSYLMETHIONINE;Octanoylated-domains;Fe4S4-Cluster-Protein;PROTON;Reduced-ferredoxins -> Dihydro-Lipoyl-Proteins;CH33ADO;MET;Iron-Sulfur-Cluster-Scaffold-Proteins;CPD-7046;FE+2;Oxidized-ferredoxins	normalized(fwd)	False	keep-fwd
RXN-18604	LEFT-TO-RIGHT	Menaquinols;an-oxidized-NrfB-protein -> Menaquinones;a-reduced-NrfB-protein;PROTON	normalized(fwd)	False	keep-fwd
MALONYL-COA-ACP-TRANSACYL-RXN	PHYSIOL-LEFT-TO-RIGHT	MALONYL-COA;ACP -> CO-A;MALONYL-ACP	normalized(fwd)	False	keep-fwd
RXN-21560	PHYSIOL-LEFT-TO-RIGHT	CYS;Loaded-MCD-Chaperones -> L-ALPHA-ALANINE;CPD-23447;WATER	normalized(fwd)	False	keep-fwd
RXN-16456	PHYSIOL-LEFT-TO-RIGHT	CPD-15874;GTP;PROTON -> CPD-15873;PPI	normalized(fwd)	False	keep-fwd
BIOTINLIG-RXN	PHYSIOL-LEFT-TO-RIGHT	BCCP-L-lysine;BIOTIN;ATP -> PPI;AMP;BCCP-biotin-L-lysine;PROTON	normalized(fwd)	False	keep-fwd
RXN-9277	PHYSIOL-LEFT-TO-RIGHT	3-OCTAPRENYL-4-HYDROXYBENZOATE;OXYGEN-MOLECULE;NADPH;PROTON -> CPD-9894;WATER;NADP	normalized(fwd)	False	keep-fwd
RXN-18446	PHYSIOL-LEFT-TO-RIGHT	ATP;ISOVALERATE;CO-A -> PPI;AMP;ISOVALERYL-COA	normalized(fwd)	False	keep-fwd
PRTRANS-RXN	RIGHT-TO-LEFT	N-5-PHOSPHORIBOSYL-ANTHRANILATE;PPI -> ANTHRANILATE;PRPP	normalized(rev)	False	reverse-and-keep
RXN-12104	PHYSIOL-RIGHT-TO-LEFT	tRNAs-with-queuine;WATER -> tRNAs-containing-epoxy-quenosine	normalized(rev)	False	reverse-and-keep
RXN-20482	PHYSIOL-LEFT-TO-RIGHT	MALONYL-COA;BryP-ACP -> CO-A;Malonyl-BryP-ACP	normalized(fwd)	False	keep-fwd
2.3.1.180-RXN	LEFT-TO-RIGHT	ACETYL-COA;MALONYL-ACP;PROTON -> Acetoacetyl-ACPs;CO-A;CARBON-DIOXIDE	normalized(fwd)	False	keep-fwd
RXN-17887	REVERSIBLE	Protein-nitrosothiol-L-alanine;GLUTATHIONE -> PROT-CYS;S-NITROSOGLUTATHIONE	normalized(fwd)	True	keep-fwd
DGDPKIN-RXN	PHYSIOL-LEFT-TO-RIGHT	ATP;DGDP -> ADP;DGTP	normalized(fwd)	False	keep-fwd
1.1.1.253-RXN		CPD-14053;NADP -> CPD-10819;NADPH;PROTON	normalized(?)		quarantine
KDO-8PPHOSPHAT-RXN	PHYSIOL-LEFT-TO-RIGHT	KDO-8P;WATER -> KDO;Pi	normalized(fwd)	False	keep-fwd
RXN-12541	PHYSIOL-LEFT-TO-RIGHT	OXYGEN-MOLECULE;FE+2 -> SUPER-OXIDE;FE+3	normalized(fwd)	False	keep-fwd
TRNA-S-TRANSFERASE-RXN	PHYSIOL-LEFT-TO-RIGHT	L-Cysteine-Desulfurase-persulfide;Cytosine-32-In-tRNAs;ATP;Reduced-ferredoxins;PROTON -> Cysteine-Desulfurase-L-cysteine;2-Thiocytosine-32-In-tRNAs;AMP;PPI;Oxidized-ferredoxins	normalized(fwd)	False	keep-fwd
RXNQT-4178	PHYSIOL-LEFT-TO-RIGHT	CPDQT-40;NAD -> CPDQT-41;CARBON-DIOXIDE;NADH	normalized(fwd)	False	keep-fwd
4.2.99.18-RXN	PHYSIOL-LEFT-TO-RIGHT	 -> 3-terminal-unsaturated-sugars;PROTON	normalized(fwd)	False	keep-fwd
GLUTATHIONE-PEROXIDASE-RXN	LEFT-TO-RIGHT	GLUTATHIONE;HYDROGEN-PEROXIDE -> OXIDIZED-GLUTATHIONE;WATER	normalized(fwd)	False	keep-fwd
RXN-17882	PHYSIOL-LEFT-TO-RIGHT	N-terminal-L-alanine-sulfenate;HYDROGEN-PEROXIDE -> N-terminal-L-cysteine-sulfinate;WATER	normalized(fwd)	False	keep-fwd
RXN-10994		VibB;CO-A -> holo-VibB;3-5-ADP;PROTON	normalized(?)		quarantine
2-OCTAPRENYL-METHOXY-BENZOQ-METH-RXN	PHYSIOL-LEFT-TO-RIGHT	S-ADENOSYLMETHIONINE;OCTAPRENYL-METHOXY-BENZOQUINONE -> PROTON;ADENOSYL-HOMO-CYS;OCTAPRENYL-METHYL-METHOXY-BENZQ	normalized(fwd)	False	keep-fwd
METHIONINE--TRNA-LIGASE-RXN	PHYSIOL-LEFT-TO-RIGHT	Elongation-tRNAMet;MET;ATP -> Charged-MET-tRNAs;PPI;AMP	normalized(fwd)	False	keep-fwd
TRANS-RXN-141	REVERSIBLE	MG+2 -> MG+2	normalized(fwd)	True	keep-fwd
RXN-14570	PHYSIOL-LEFT-TO-RIGHT	CPD-15435;tRNA-adenine-37 -> N6-L-threonylcarbamoyladenine37-tRNAs;AMP;PROTON	normalized(fwd)	False	keep-fwd
AGMATINE-DEIMINASE-RXN	LEFT-TO-RIGHT	WATER;AGMATHINE -> AMMONIUM;CPD-597	normalized(fwd)	False	keep-fwd
RXN-21299	PHYSIOL-LEFT-TO-RIGHT	General-Protein-Substrates;WATER;ATP -> Peptides-holder;ADP;Pi;PROTON	normalized(fwd)	False	keep-fwd
RXN-20789	PHYSIOL-LEFT-TO-RIGHT	UDP-N-ACETYL-D-GLUCOSAMINE;Beta-hydroxydecanoyl-ACPs -> CPD-22407;ACP	normalized(fwd)	False	keep-fwd
GLYRIBONUCSYN-RXN	PHYSIOL-LEFT-TO-RIGHT	5-P-BETA-D-RIBOSYL-AMINE;ATP;GLY -> PROTON;ADP;Pi;5-PHOSPHO-RIBOSYL-GLYCINEAMIDE	normalized(fwd)	False	keep-fwd
ADENPRIBOSYLTRAN-RXN	PHYSIOL-RIGHT-TO-LEFT	AMP;PPI -> ADENINE;PRPP	normalized(rev)	False	reverse-and-keep
2TRANSKETO-RXN	REVERSIBLE	ERYTHROSE-4P;XYLULOSE-5-PHOSPHATE -> FRUCTOSE-6P;GAP	normalized(fwd)	True	keep-fwd
RXN-6264	PHYSIOL-LEFT-TO-RIGHT	R-2-Haloacids;WATER -> S-2-Hydroxyacids1;Halide-Anions;PROTON	normalized(fwd)	False	keep-fwd
RXN-20673	PHYSIOL-LEFT-TO-RIGHT	3-DEOXY-D-ARABINO-HEPTULOSONATE-7-P -> CPD-22307	normalized(fwd)	False	keep-fwd
ASPARTATE-SEMIALDEHYDE-DEHYDROGENASE-RXN	REVERSIBLE	L-ASPARTATE-SEMIALDEHYDE;Pi;NADP -> L-BETA-ASPARTYL-P;NADPH;PROTON	normalized(fwd)	True	keep-fwd
EXOPOLYPHOSPHATASE-RXN	PHYSIOL-LEFT-TO-RIGHT	Long-Chain-Polyphosphate;WATER -> Long-Chain-Polyphosphate;Pi	normalized(fwd)	False	keep-fwd
GLYOXII-RXN	PHYSIOL-LEFT-TO-RIGHT	S-LACTOYL-GLUTATHIONE;WATER -> PROTON;GLUTATHIONE;D-LACTATE	normalized(fwd)	False	keep-fwd
RXN-22623		BENZYL-ALCOHOL;NADP -> BENZALDEHYDE;NADPH;PROTON	normalized(?)		quarantine
RXN-12508	PHYSIOL-LEFT-TO-RIGHT	2-ALPHA-HYDROXYETHYL-THPP;Pyruvate-dehydrogenase-lipoate -> Pyruvate-dehydrogenase-acetylDHlipoyl;THIAMINE-PYROPHOSPHATE	normalized(fwd)	False	keep-fwd
RXN-22244	PHYSIOL-LEFT-TO-RIGHT	UDP-N-ACETYL-D-GLUCOSAMINE;3R-3-hydroxy13-methyltetradecanoyl-ACPs -> CPD-24235;ACP	normalized(fwd)	False	keep-fwd
PRIBFAICARPISOM-RXN	LEFT-TO-RIGHT	PHOSPHORIBOSYL-FORMIMINO-AICAR-P -> PHOSPHORIBULOSYL-FORMIMINO-AICAR-P	normalized(fwd)	False	keep-fwd
4OHBENZOATE-OCTAPRENYLTRANSFER-RXN	PHYSIOL-LEFT-TO-RIGHT	OCTAPRENYL-DIPHOSPHATE;4-hydroxybenzoate -> 3-OCTAPRENYL-4-HYDROXYBENZOATE;PPI	normalized(fwd)	False	keep-fwd
RXN-9659	RIGHT-TO-LEFT	Octanoyl-ACPs;NAD -> 2-Octenoyl-ACPs;NADH;PROTON	normalized(rev)	False	reverse-and-keep
HISTALDEHYD-RXN	PHYSIOL-LEFT-TO-RIGHT	HISTIDINAL;NAD;WATER -> PROTON;HIS;NADH	normalized(fwd)	False	keep-fwd
GMP-SYN-NH3-RXN		XANTHOSINE-5-PHOSPHATE;AMMONIUM;ATP -> GMP;AMP;PPI;PROTON	normalized(?)		quarantine
RXN-14118	PHYSIOL-LEFT-TO-RIGHT	PROTON;CTP;WATER -> UTP;AMMONIUM	normalized(fwd)	False	keep-fwd
RXN-9995		BIS-GERANYLGERANYLGLYCEROL-PHOSPHATE;CTP;PROTON -> CPD-10740;PPI	normalized(?)		quarantine
RXN0-7123	LEFT-TO-RIGHT	Menaquinones;NADH;PROTON -> Menaquinols;NAD	normalized(fwd)	False	keep-fwd
RXN-11474	PHYSIOL-LEFT-TO-RIGHT	Malonyl-acp-methyl-ester;MALONYL-ACP;PROTON -> 3-Ketoglutaryl-ACP-methyl-ester;CARBON-DIOXIDE;ACP	normalized(fwd)	False	keep-fwd
INORGPYROPHOSPHAT-RXN	PHYSIOL-LEFT-TO-RIGHT	WATER;PPI -> PROTON;Pi	normalized(fwd)	False	keep-fwd
RXN0-7229	PHYSIOL-LEFT-TO-RIGHT	GLYCOLLATE -> ETR-Quinols;GLYOX	normalized(fwd)	False	keep-fwd
RXN-21527	PHYSIOL-LEFT-TO-RIGHT	Hydroxymethylbilane-Synthase-ES;PORPHOBILINOGEN -> Hydroxymethylbilane-Synthase-ES2;AMMONIUM	normalized(fwd)	False	keep-fwd
RXN-12583	PHYSIOL-LEFT-TO-RIGHT	PROTON;PYRUVATE;THIAMINE-PYROPHOSPHATE -> 2-ALPHA-HYDROXYETHYL-THPP;CARBON-DIOXIDE	normalized(fwd)	False	keep-fwd
RXN-22239	PHYSIOL-LEFT-TO-RIGHT	CPD-24232;WATER -> CPD-24231;UMP;PROTON	normalized(fwd)	False	keep-fwd
RXN0-5255	LEFT-TO-RIGHT	PROTON -> HYDROGEN-MOLECULE	normalized(fwd)	False	keep-fwd
RXN-14959		S-ADENOSYLMETHIONINE;a-2-oxoglutarate-dehydrogenase-E2-protei;Reduced-2Fe-2S-Ferredoxins -> Oxo-glutarate-dehydrogenase-lipoyl;MET;CH33ADO;Oxidized-2Fe-2S-Ferredoxins	normalized(?)		quarantine
RXN-18710	PHYSIOL-LEFT-TO-RIGHT	tRNA-2-thiouridine34;GTP;METHYLENE-THF-GLU-N;GLY;WATER -> tRNA-containing-5-CarbMeAminome-2-ThioU;GDP;Pi;DIHYDROFOLATE-GLU-N;PROTON	normalized(fwd)	False	keep-fwd
DIHYDROXYISOVALDEHYDRAT-RXN	LEFT-TO-RIGHT	CPD-13357 -> 2-KETO-ISOVALERATE;WATER	normalized(fwd)	False	keep-fwd
BIOTIN-CARBOXYL-RXN	PHYSIOL-LEFT-TO-RIGHT	biotin-L-lysine-in-BCCP-dimers;HCO3;ATP -> Pi;carboxybiotin-L-lysine-in-BCCP-dimers;ADP;PROTON	normalized(fwd)	False	keep-fwd
RXN2DNV-42	PHYSIOL-RIGHT-TO-LEFT	CPD-9020;FAD;PROTON -> 7-8-DIHYDROPTEROATE;FADH2	normalized(rev)	False	reverse-and-keep
DEOXYADENPHOSPHOR-RXN	REVERSIBLE	DEOXYADENOSINE;Pi -> ADENINE;DEOXY-D-RIBOSE-1-PHOSPHATE	normalized(fwd)	True	keep-fwd
3.4.21.89-RXN	PHYSIOL-LEFT-TO-RIGHT	Peptides-with-Leader-Sequence;WATER -> Peptides-holder;Leader-Sequences	normalized(fwd)	False	keep-fwd
RXN-9772	PHYSIOL-LEFT-TO-RIGHT	L-ASPARTATE;FUM -> PROTON;IMINOASPARTATE;SUC	normalized(fwd)	False	keep-fwd
RXN-18435	PHYSIOL-LEFT-TO-RIGHT	DNA-With-GO;WATER -> CPD-12427;CPD-21221;PROTON	normalized(fwd)	False	keep-fwd
RXN-17918	PHYSIOL-LEFT-TO-RIGHT	DNA-Ligase-L-lysine-adenylate;PROTON -> DNA-Ligase-L-lysine	normalized(fwd)	False	keep-fwd
RXN-16820	PHYSIOL-LEFT-TO-RIGHT	tRNA-uridine34;ENZYME-S-SULFANYLCYSTEINE;ATP -> tRNA-2-thiouridine34;PROT-CYS;AMP;PPI;PROTON	normalized(fwd)	False	keep-fwd
RXN0-5244-yeast	LEFT-TO-RIGHT	UBIQUINONE-6;PROTON -> UBIQUINOL-30	normalized(fwd)	False	keep-fwd
GMP-SYN-GLUT-RXN	PHYSIOL-LEFT-TO-RIGHT	XANTHOSINE-5-PHOSPHATE;WATER;GLN;ATP -> PROTON;GLT;GMP;PPI;AMP	normalized(fwd)	False	keep-fwd
3.4.11.1-RXN	PHYSIOL-LEFT-TO-RIGHT	Protein-With-N-Terminal-X-Pro;WATER -> Amino-Acids-20;Protein-With-N-Terminal-Pro;PROTON	normalized(fwd)	False	keep-fwd
SPONTPRO-RXN	REVERSIBLE	PROTON;WATER;L-DELTA1-PYRROLINE_5-CARBOXYLATE -> L-GLUTAMATE_GAMMA-SEMIALDEHYDE	normalized(fwd)	True	keep-fwd
RXN-11346		CPD-12303;UDP-N-ACETYL-D-GLUCOSAMINE -> PROTON;CPD-12304;UDP	normalized(?)		quarantine
GLUTATHIONE-REDUCT-NADPH-RXN	RIGHT-TO-LEFT	GLUTATHIONE;NADP -> OXIDIZED-GLUTATHIONE;NADPH;PROTON	normalized(rev)	False	reverse-and-keep
PHENYLPYRUVATE-TAUTOMERASE-RXN	REVERSIBLE	PHENYL-PYRUVATE -> ENOL-PHENYLPYRUVATE	normalized(fwd)	True	keep-fwd
RXN2DNV-43	PHYSIOL-LEFT-TO-RIGHT	GLT;CPD-9020;ATP -> THF;Pi;ADP;PROTON	normalized(fwd)	False	keep-fwd
RXN-17025	PHYSIOL-LEFT-TO-RIGHT	S-ADENOSYLMETHIONINE;NifB-with-K-cluster;Oxidized-ferredoxins -> NifB-with-L-cluster;ADENOSYL-HOMO-CYS;CH33ADO;MET;PROTON;Reduced-ferredoxins	normalized(fwd)	False	keep-fwd
RXN0-5254	LEFT-TO-RIGHT	Menaquinones;PROTON -> Menaquinols	normalized(fwd)	False	keep-fwd
RXN-22613	PHYSIOL-LEFT-TO-RIGHT	CPD-24848;WATER -> CPD-15797;CPD-24852;PROTON	normalized(fwd)	False	keep-fwd
UDPNACETYLGLUCOSAMENOLPYRTRANS-RXN	LEFT-TO-RIGHT	UDP-N-ACETYL-D-GLUCOSAMINE;PHOSPHO-ENOL-PYRUVATE -> UDP-ACETYL-CARBOXYVINYL-GLUCOSAMINE;Pi	normalized(fwd)	False	keep-fwd
RXN-12626	PHYSIOL-LEFT-TO-RIGHT	CPD-13227;WATER -> CHITOBIOSE;N-acetyl-D-glucosamine	normalized(fwd)	False	keep-fwd
3.1.22.4-RXN	PHYSIOL-LEFT-TO-RIGHT	DNA-Combined-With-Exogenous-DNA;WATER -> Resolution-of-Recombinational-Junction	normalized(fwd)	False	keep-fwd
CTPSYN-RXN	PHYSIOL-LEFT-TO-RIGHT	ATP;UTP;GLN;WATER -> PROTON;ADP;Pi;CTP;GLT	normalized(fwd)	False	keep-fwd
RXN0-2621	PHYSIOL-LEFT-TO-RIGHT	WATER -> CPD-8534	normalized(fwd)	False	keep-fwd
PRODISULFREDUCT-RXN	PHYSIOL-LEFT-TO-RIGHT	GLUTATHIONE;Protein-Ox-Disulfides -> OXIDIZED-GLUTATHIONE;Protein-Red-Disulfides	normalized(fwd)	False	keep-fwd
IGPSYN-RXN	LEFT-TO-RIGHT	PROTON;CARBOXYPHENYLAMINO-DEOXYRIBULOSE-P -> INDOLE-3-GLYCEROL-P;CARBON-DIOXIDE;WATER	normalized(fwd)	False	keep-fwd
RXN-17060	LEFT-TO-RIGHT	NifEN-M-cluster;NifDK -> NifDK-M-cluster;NifEN	normalized(fwd)	False	keep-fwd
HISTIDPHOS-RXN	PHYSIOL-LEFT-TO-RIGHT	L-HISTIDINOL-P;WATER -> HISTIDINOL;Pi	normalized(fwd)	False	keep-fwd
RXN-18202	REVERSIBLE	CPDQT-39;NAD -> CPD-19488;NADH;PROTON	normalized(fwd)	True	keep-fwd
RXN-9537	LEFT-TO-RIGHT	R-3-hydroxymyristoyl-ACPs -> Tetradec-2-enoyl-ACPs;WATER	normalized(fwd)	False	keep-fwd
RXN-14883	REVERSIBLE	CPD-15818 -> D-Ribopyranose	normalized(fwd)	True	keep-fwd
ALANINE--TRNA-LIGASE-RXN	PHYSIOL-LEFT-TO-RIGHT	ALA-tRNAs;L-ALPHA-ALANINE;ATP -> Charged-ALA-tRNAs;PPI;AMP	normalized(fwd)	False	keep-fwd
RXN-20400	PHYSIOL-LEFT-TO-RIGHT	GLT;CPD0-1942;ATP -> CPD-22077;ADP;Pi;PROTON	normalized(fwd)	False	keep-fwd
RXN-19774		Diacylglycerol-Prolipoproteins;L-1-PHOSPHATIDYL-ETHANOLAMINE -> a-mature-triacylated-lipoprotein;2-ACYL-GPE;PROTON	normalized(?)		quarantine
RXN-13313	PHYSIOL-LEFT-TO-RIGHT	CPDQT-520;WATER -> CPD-2183;Pi	normalized(fwd)	False	keep-fwd
RXN-9523	LEFT-TO-RIGHT	Hexanoyl-ACPs;MALONYL-ACP;PROTON -> 3-Oxo-octanoyl-ACPs;CARBON-DIOXIDE;ACP	normalized(fwd)	False	keep-fwd
HYPOXANPRIBOSYLTRAN-RXN	PHYSIOL-RIGHT-TO-LEFT	IMP;PPI -> HYPOXANTHINE;PRPP	normalized(rev)	False	reverse-and-keep
RXN-21026	PHYSIOL-LEFT-TO-RIGHT	Thiarsahydroxy-SG-ArsC;Red-Glutaredoxins -> ArsC-S-As-OH;Grx-GSH-dithiol;WATER	normalized(fwd)	False	keep-fwd
RXN-8344	LEFT-TO-RIGHT	PROTON;CPD-4;ATP -> CPD-8122;PPI	normalized(fwd)	False	keep-fwd
RXN-14569	LEFT-TO-RIGHT	THR;HCO3;ATP -> CPD-15435;PPI;WATER	normalized(fwd)	False	keep-fwd
GLUCOSE-1-DEHYDROGENASE-NADP+-RXN		Glucopyranose;NADP -> GLC-D-LACTONE;NADPH;PROTON	normalized(?)		quarantine
RXN-9666	PHYSIOL-LEFT-TO-RIGHT	OLEOYL-COA;WATER -> PROTON;OLEATE-CPD;CO-A	normalized(fwd)	False	keep-fwd
RXN-10665		CPD-11463 -> NEUROSPORENE;WATER	normalized(?)		quarantine
RXN-17472	PHYSIOL-LEFT-TO-RIGHT	S-ADENOSYLMETHIONINE;DETHIOBIOTIN;Reduced-2Fe-2S-Ferredoxins;PROTON -> CPD-5662;CH33ADO;MET;Oxidized-2Fe-2S-Ferredoxins	normalized(fwd)	False	keep-fwd
RXN-14950	PHYSIOL-LEFT-TO-RIGHT	S-ADENOSYLMETHIONINE;Octanoylated-Gcv-H;Reduced-2Fe-2S-Ferredoxins -> PROTEIN-LIPOYLLYSINE;MET;CH33ADO;Oxidized-2Fe-2S-Ferredoxins	normalized(fwd)	False	keep-fwd
RXN-20786	PHYSIOL-LEFT-TO-RIGHT	CPD-22405;WATER -> CPD-22404;UMP;PROTON	normalized(fwd)	False	keep-fwd
RXN0-4361	PHYSIOL-LEFT-TO-RIGHT	D-BETA-D-HEPTOSE-17-DIPHOSPHATE;WATER -> D-BETA-D-HEPTOSE-1-P;Pi	normalized(fwd)	False	keep-fwd
OROTPDECARB-RXN	LEFT-TO-RIGHT	PROTON;OROTIDINE-5-PHOSPHATE -> CARBON-DIOXIDE;UMP	normalized(fwd)	False	keep-fwd
GLYCOGEN-BRANCH-RXN	PHYSIOL-LEFT-TO-RIGHT	1-4-alpha-D-Glucan -> Glycogens	normalized(fwd)	False	keep-fwd
3-OXOACYL-ACP-SYNTH-BASE-RXN	PHYSIOL-LEFT-TO-RIGHT	ACETYL-ACP;MALONYL-ACP;PROTON -> ACP;Acetoacetyl-ACPs;CARBON-DIOXIDE	normalized(fwd)	False	keep-fwd
RXN0-6491	LEFT-TO-RIGHT	Ubiquinones;DI-H-OROTATE -> Ubiquinols;OROTATE	normalized(fwd)	False	keep-fwd
RXN-15121	LEFT-TO-RIGHT	CPD-15056 -> CPD-16013	normalized(fwd)	False	keep-fwd
RXN-22483	PHYSIOL-LEFT-TO-RIGHT	UDP-2N-3R-hydroxyacyl-3O-3R-hydroxyacyl-GlcN;WATER -> Lipid-X;UMP;PROTON	normalized(fwd)	False	keep-fwd
2.1.1.63-RXN	PHYSIOL-LEFT-TO-RIGHT	DNA-6-O-Methyl-Guanines;PROT-CYS -> DNA-Guanines;Protein-S-methyl-L-cysteine	normalized(fwd)	False	keep-fwd
RXN0-7139		CPD0-1096;Phosphoglucosamine-Mutase -> GLUCOSAMINE-1P;Phosphorylated-Phosphoglucosamine-Mutase	normalized(?)		quarantine
RXN-20790	PHYSIOL-LEFT-TO-RIGHT	CMP-KDO;CPD-22402 -> CPD-22408;CMP;PROTON	normalized(fwd)	False	keep-fwd
RXN-21817	PHYSIOL-LEFT-TO-RIGHT	Ubiquinols;OXYGEN-MOLECULE;PROTON -> Ubiquinones;PROTON;WATER	normalized(fwd)	False	keep-fwd
IMIDPHOSDEHYD-RXN	LEFT-TO-RIGHT	D-ERYTHRO-IMIDAZOLE-GLYCEROL-P -> IMIDAZOLE-ACETOL-P;WATER	normalized(fwd)	False	keep-fwd
RXN-15139	LEFT-TO-RIGHT	ADENINE;CPD-12377 -> CPD0-2461;WATER	normalized(fwd)	False	keep-fwd
RXN0-5507	LEFT-TO-RIGHT	DIHYDRONEOPTERIN-P3;WATER -> CPD0-1699;ACETALD;P3I;PROTON	normalized(fwd)	False	keep-fwd
1.6.99.5-RXN	PHYSIOL-LEFT-TO-RIGHT	NADH;PROTON -> ETR-Quinols;NAD	normalized(fwd)	False	keep-fwd
DEOXYGUANOSINE-KINASE-RXN	LEFT-TO-RIGHT	DEOXYGUANOSINE;ATP -> PROTON;DGMP;ADP	normalized(fwd)	False	keep-fwd
ENOYL-ACP-REDUCT-NADPH-RXN	PHYSIOL-RIGHT-TO-LEFT	Saturated-Fatty-Acyl-ACPs;NADP -> NADPH;TRANS-D2-ENOYL-ACP;PROTON	normalized(rev)	False	reverse-and-keep
PDXJ-RXN	LEFT-TO-RIGHT	DEOXYXYLULOSE-5P;1-AMINO-PROPAN-2-ONE-3-PHOSPHATE -> PROTON;PYRIDOXINE-5P;Pi;WATER	normalized(fwd)	False	keep-fwd
FADSYN-RXN	REVERSIBLE	FMN;ATP;PROTON -> FAD;PPI	normalized(fwd)	True	keep-fwd
RXN-14389	LEFT-TO-RIGHT	Co-chaperone-SP-2Fe2S-Complex;FeS-Cluster-Chaperones-ATP -> Chap-ATP-Co-chaperone-SP-2Fe2S-Complex	normalized(fwd)	False	keep-fwd
RXN0-724	PHYSIOL-LEFT-TO-RIGHT	FORMATE;UTP;PROTON -> DUTP;CARBON-DIOXIDE;WATER	normalized(fwd)	False	keep-fwd
SUCCDIAMINOPIMDESUCC-RXN	LEFT-TO-RIGHT	WATER;N-SUCCINYLLL-2-6-DIAMINOPIMELATE -> LL-DIAMINOPIMELATE;SUC	normalized(fwd)	False	keep-fwd
RXN-9531	LEFT-TO-RIGHT	Decanoyl-ACPs;MALONYL-ACP;PROTON -> 3-oxo-dodecanoyl-ACPs;CARBON-DIOXIDE;ACP	normalized(fwd)	False	keep-fwd
RXN-15509	REVERSIBLE	Protein-Histidines;23-DIPHOSPHOGLYCERATE -> Protein-pi-phospho-L-histidines;CPD-16758	normalized(fwd)	True	keep-fwd
3.1.3.16-RXN	PHYSIOL-LEFT-TO-RIGHT	Protein-Ser-or-Thr-phosphate;WATER -> Protein-L-serine-or-L-threonine;Pi	normalized(fwd)	False	keep-fwd
HOMOSERDEHYDROG-RXN	RIGHT-TO-LEFT	HOMO-SER;NAD-P-OR-NOP -> L-ASPARTATE-SEMIALDEHYDE;NADH-P-OR-NOP;PROTON	normalized(rev)	False	reverse-and-keep
RXN-10035	PHYSIOL-LEFT-TO-RIGHT	PROTON;5-METHYLTHIOADENOSINE;WATER -> 5-METHYLTHIOINOSINE;AMMONIUM	normalized(fwd)	False	keep-fwd
RXN0-6483	LEFT-TO-RIGHT	CPD0-2352 -> CPD0-2354;Ribonucleoside-Monophosphates	normalized(fwd)	False	keep-fwd
RXN0-4222	PHYSIOL-LEFT-TO-RIGHT	CPD0-2351;WATER -> CPD0-2354;Ribonucleoside-Monophosphates	normalized(fwd)	False	keep-fwd
RXN-8926		MALONYL-ACP;ISOBUTYRYL-COA;NADPH;PROTON -> CPD-9329;ACP;CO-A;WATER;NADP	normalized(?)		quarantine
KDOTRANS-RXN	PHYSIOL-LEFT-TO-RIGHT	CMP-KDO;LIPID-IV-A -> KDO-LIPID-IVA;CMP;PROTON	normalized(fwd)	False	keep-fwd
2-ISOPROPYLMALATESYN-RXN	LEFT-TO-RIGHT	ACETYL-COA;2-KETO-ISOVALERATE;WATER -> 3-CARBOXY-3-HYDROXY-ISOCAPROATE;CO-A;PROTON	normalized(fwd)	False	keep-fwd
5.99.1.2-RXN		 -> 	normalized(?)		quarantine
RXN-9386	LEFT-TO-RIGHT	GLN-tRNAs;GLT;ATP -> L-glutamyl-tRNAGln;AMP;PPI	normalized(fwd)	False	keep-fwd
MYO-INOSITOL-1OR-4-MONOPHOSPHATASE-RXN	PHYSIOL-LEFT-TO-RIGHT	1-L-MYO-INOSITOL-1-P;WATER -> MYO-INOSITOL;Pi	normalized(fwd)	False	keep-fwd
RXN0-5422	PHYSIOL-LEFT-TO-RIGHT	tRNAs-Asp-with-queuosine;ATP;GLT -> tRNAs-with-glutamylated-queuosine;AMP;PPI;PROTON	normalized(fwd)	False	keep-fwd
RXN-14904	REVERSIBLE	CPD-10330 -> CPD0-1108	normalized(fwd)	True	keep-fwd
RXN0-5268	PHYSIOL-LEFT-TO-RIGHT	OXYGEN-MOLECULE;PROTON;Ubiquinols -> WATER;Ubiquinones;PROTON	normalized(fwd)	False	keep-fwd
RXN-8975		C3;CPD-9646 -> C4;UMP	normalized(?)		quarantine
RXN0-7023	PHYSIOL-LEFT-TO-RIGHT	RNASE-R-DEGRADATION-SUBSTRATE-RNA;WATER -> Nucleoside-Monophosphates;Diribonucleotide	normalized(fwd)	False	keep-fwd
SERINE-O-ACETTRAN-RXN	PHYSIOL-LEFT-TO-RIGHT	SER;ACETYL-COA -> ACETYLSERINE;CO-A	normalized(fwd)	False	keep-fwd
PSERTRANSAM-RXN	REVERSIBLE	3-P-SERINE;2-KETOGLUTARATE -> GLT;3-P-HYDROXYPYRUVATE	normalized(fwd)	True	keep-fwd
RXN-16685	PHYSIOL-LEFT-TO-RIGHT	CPD-17927 -> CPD-17985;UNDECAPRENYL-DIPHOSPHATE;PROTON	normalized(fwd)	False	keep-fwd
RXN-12460	PHYSIOL-LEFT-TO-RIGHT	Charged-ASN-tRNAs;WATER -> ASN;ASN-tRNAs;PROTON	normalized(fwd)	False	keep-fwd
RXN-12456		56-Dihydrouracil20-in-tRNAs;NAD-P-OR-NOP -> Uracil20-in-tRNAs;NADH-P-OR-NOP;PROTON	normalized(?)		quarantine
METHENYLTHFCYCLOHYDRO-RXN	REVERSIBLE	5-10-METHENYL-THF-GLU-N;WATER -> FORMYL-THF-GLU-N;PROTON	normalized(fwd)	True	keep-fwd
HOLO-ACP-SYNTH-RXN	PHYSIOL-LEFT-TO-RIGHT	All-apo-ACPs;CO-A -> 3-5-ADP;All-holo-ACPs;PROTON	normalized(fwd)	False	keep-fwd
DETHIOBIOTIN-SYN-RXN	PHYSIOL-LEFT-TO-RIGHT	DIAMINONONANOATE;CARBON-DIOXIDE;ATP -> DETHIOBIOTIN;Pi;ADP;PROTON	normalized(fwd)	False	keep-fwd
1.10.2.2-RXN	LEFT-TO-RIGHT	Ubiquinols;Cytochromes-C-Oxidized -> PROTON;Ubiquinones;Cytochromes-C-Reduced	normalized(fwd)	False	keep-fwd
RXN0-5226	PHYSIOL-LEFT-TO-RIGHT	CPD0-1081;WATER -> N-ACETYL-D-GLUCOSAMINE;CPD0-882	normalized(fwd)	False	keep-fwd
RXN-6081	LEFT-TO-RIGHT	2-ACETO-LACTATE;PROTON -> DIACETYL;CARBON-DIOXIDE	normalized(fwd)	False	keep-fwd
RXN0-4022	RIGHT-TO-LEFT	7-AMINOMETHYL-7-DEAZAGUANINE;NADP -> 7-CYANO-7-DEAZAGUANINE;NADPH;PROTON	normalized(rev)	False	reverse-and-keep
RXN-13403	PHYSIOL-LEFT-TO-RIGHT	S-ADENOSYLMETHIONINE;UROPORPHYRINOGEN-III -> ADENOSYL-HOMO-CYS;DIHYDROSIROHYDROCHLORIN;PROTON	normalized(fwd)	False	keep-fwd
2.3.1.128-RXN	PHYSIOL-LEFT-TO-RIGHT	ACETYL-COA;S18-N-terminal-L-alanine -> Acetylated-S18-N-terminal-L-alanine;CO-A;PROTON	normalized(fwd)	False	keep-fwd
PMPOXI-RXN	PHYSIOL-LEFT-TO-RIGHT	OXYGEN-MOLECULE;WATER;PYRIDOXAMINE-5P -> AMMONIUM;HYDROGEN-PEROXIDE;PYRIDOXAL_PHOSPHATE	normalized(fwd)	False	keep-fwd
RXN-17633	PHYSIOL-LEFT-TO-RIGHT	METHYL-GLYOXAL;PROT-CYS -> Protein-Cysteine-Hemithioacetal	normalized(fwd)	False	keep-fwd
THYMIDYLATESYN-RXN	LEFT-TO-RIGHT	METHYLENE-THF-GLU-N;DUMP -> TMP;DIHYDROFOLATE-GLU-N	normalized(fwd)	False	keep-fwd
RXN66-546	PHYSIOL-RIGHT-TO-LEFT	4-HYDROXY-L-PROLINE;NAD-P-OR-NOP -> NADH-P-OR-NOP;PYRROLINE-HYDROXY-CARBOXYLATE;PROTON	normalized(rev)	False	reverse-and-keep
RXN-21453	LEFT-TO-RIGHT	Cytochromes-Cm552-Ox -> Cytochromes-Cm552-Red	normalized(fwd)	False	keep-fwd
RXN-20190	PHYSIOL-LEFT-TO-RIGHT	Reduced-ferredoxins;ACETYLENE;ATP;WATER -> Oxidized-ferredoxins;HYDROGEN-MOLECULE;ETHYLENE-CMPD;ADP;Pi;PROTON	normalized(fwd)	False	keep-fwd
RXN-10643		CPD-11447 -> CPD1F-114;WATER	normalized(?)		quarantine
F16BDEPHOS-RXN	PHYSIOL-LEFT-TO-RIGHT	FRUCTOSE-16-DIPHOSPHATE;WATER -> FRUCTOSE-6P;Pi	normalized(fwd)	False	keep-fwd
RXN-8631	REVERSIBLE	FRU1P -> DIHYDROXY-ACETONE-PHOSPHATE;GLYCERALD	normalized(fwd)	True	keep-fwd
GLUTAMINE--TRNA-LIGASE-RXN	PHYSIOL-LEFT-TO-RIGHT	GLN-tRNAs;GLN;ATP -> Charged-GLN-tRNAs;PPI;AMP	normalized(fwd)	False	keep-fwd
RXN-12865	PHYSIOL-RIGHT-TO-LEFT	CPD-13909;GLUTATHIONE;NADP -> CPD-13908;NADPH;PROTON	normalized(rev)	False	reverse-and-keep
RXN-9623	PHYSIOL-LEFT-TO-RIGHT	PALMITATE;CO-A;ATP -> PALMITYL-COA;PPI;AMP	normalized(fwd)	False	keep-fwd
RXN0-6480	PHYSIOL-LEFT-TO-RIGHT	CPD0-2354;WATER -> tRNAs;tRNA-fragment	normalized(fwd)	False	keep-fwd
POLYPHOSPHATE-KINASE-RXN	REVERSIBLE	ATP;Long-Chain-Polyphosphate -> ADP;Long-Chain-Polyphosphate	normalized(fwd)	True	keep-fwd
CDPREDUCT-RXN	RIGHT-TO-LEFT	DCDP;Ox-Thioredoxin;WATER -> CDP;Red-Thioredoxin	normalized(rev)	False	reverse-and-keep
NAG1P-URIDYLTRANS-RXN	PHYSIOL-LEFT-TO-RIGHT	UTP;N-ACETYL-D-GLUCOSAMINE-1-P;PROTON -> UDP-N-ACETYL-D-GLUCOSAMINE;PPI	normalized(fwd)	False	keep-fwd
TRANS-RXN0-498	REVERSIBLE	F- -> F-	normalized(fwd)	True	keep-fwd
LIPIDADISACCHARIDESYNTH-RXN	PHYSIOL-LEFT-TO-RIGHT	BISOHMYR-GLUCOSAMINYL-1P;OH-MYRISTOYL -> BISOHMYR-GLC;UDP;PROTON	normalized(fwd)	False	keep-fwd
GDPREDUCT-RXN	PHYSIOL-RIGHT-TO-LEFT	DGDP;Ox-Thioredoxin;WATER -> GDP;Red-Thioredoxin	normalized(rev)	False	reverse-and-keep
AMPSYN-RXN	PHYSIOL-LEFT-TO-RIGHT	ADENYLOSUCC -> AMP;FUM	normalized(fwd)	False	keep-fwd
RXN-11839	PHYSIOL-LEFT-TO-RIGHT	tRNA-uridine55 -> tRNA-pseudouridine55	normalized(fwd)	False	keep-fwd
ARGININE--TRNA-LIGASE-RXN	PHYSIOL-LEFT-TO-RIGHT	ARG-tRNAs;ARG;ATP -> Charged-ARG-tRNAs;PPI;AMP	normalized(fwd)	False	keep-fwd
RXN-17889		Charged-ARG-tRNAs;Proteins-With-N-Terminal-Asp -> ARG-tRNAs;L-arginyl-L-aspartyl-Peptides;PROTON	normalized(?)		quarantine
RXN-13202	PHYSIOL-LEFT-TO-RIGHT	ATP;HCO3;AMMONIUM -> ADP;Pi;CARBAMOYL-P;PROTON	normalized(fwd)	False	keep-fwd
GLYCINE--TRNA-LIGASE-RXN	PHYSIOL-LEFT-TO-RIGHT	GLY-tRNAs;GLY;ATP -> Charged-GLY-tRNAs;PPI;AMP	normalized(fwd)	False	keep-fwd
HISTCYCLOHYD-RXN	LEFT-TO-RIGHT	PHOSPHORIBOSYL-AMP;WATER -> PHOSPHORIBOSYL-FORMIMINO-AICAR-P	normalized(fwd)	False	keep-fwd
OHMETPYRKIN-RXN	PHYSIOL-LEFT-TO-RIGHT	ATP;HMP -> PROTON;ADP;AMINO-HYDROXYMETHYL-METHYL-PYR-P	normalized(fwd)	False	keep-fwd
FORMYLTHFGLUSYNTH-RXN	PHYSIOL-LEFT-TO-RIGHT	FORMYL-THF-GLU-N;GLT;ATP -> FORMYL-THF-GLU-N;ADP;Pi	normalized(fwd)	False	keep-fwd
3-CH3-2-OXOBUTANOATE-OH-CH3-XFER-RXN	LEFT-TO-RIGHT	METHYLENE-THF-GLU-N;2-KETO-ISOVALERATE;WATER -> 2-DEHYDROPANTOATE;THF-GLU-N	normalized(fwd)	False	keep-fwd
RXN0-5259	LEFT-TO-RIGHT	PROTON -> ETR-Quinols	normalized(fwd)	False	keep-fwd
1.11.1.12-RXN	LEFT-TO-RIGHT	GLUTATHIONE;A-LIPID-HYDROPEROXIDE -> OXIDIZED-GLUTATHIONE;Lipid-hydroxy-fatty-acids;WATER	normalized(fwd)	False	keep-fwd
RXN0-7083		tRNA-2-thiouridine34;METHYLENE-THF-GLU-N;AMMONIUM;GTP;WATER -> tRNA-Containing-5AminoMe-2-ThioUrdines;DIHYDROFOLATE-GLU-N;GDP;Pi	normalized(?)		quarantine
RXN-16938	PHYSIOL-LEFT-TO-RIGHT	CPD0-2283;WATER -> CPD-18259;CPD0-1085	normalized(fwd)	False	keep-fwd
RXN-22002	PHYSIOL-LEFT-TO-RIGHT	BCCP-L-lysine;BIO-5-AMP -> BCCP-biotin-L-lysine;AMP;PROTON	normalized(fwd)	False	keep-fwd
RXN2B4Q-49	PHYSIOL-LEFT-TO-RIGHT	CPD2B4Q-11;WATER -> CPD2B4Q-12;ACET	normalized(fwd)	False	keep-fwd
RXN-22553	PHYSIOL-LEFT-TO-RIGHT	LolA-Lipoprotein-Complex -> a-mature-triacylated-lipoprotein;LolA	normalized(fwd)	False	keep-fwd
RXN-21524	PHYSIOL-LEFT-TO-RIGHT	Hydroxymethylbilane-Synthase-ES3;PORPHOBILINOGEN -> Hydroxymethylbilane-Synthase-ES4;AMMONIUM	normalized(fwd)	False	keep-fwd
RXN0-4961	PHYSIOL-LEFT-TO-RIGHT	WATER -> Deoxy-Ribonucleoside-Monophosphates	normalized(fwd)	False	keep-fwd
RXN-7605	RIGHT-TO-LEFT	S-ADENOSYLMETHIONINE -> ADENOSYL-HOMO-CYS;PROTON	normalized(rev)	False	reverse-and-keep
ASPARTATEKIN-RXN	PHYSIOL-LEFT-TO-RIGHT	L-ASPARTATE;ATP -> L-BETA-ASPARTYL-P;ADP	normalized(fwd)	False	keep-fwd
6.3.2.10-RXN	PHYSIOL-LEFT-TO-RIGHT	CPD-209;D-ALA-D-ALA;ATP -> PROTON;C3;Pi;ADP	normalized(fwd)	False	keep-fwd
RXN-9787	PHYSIOL-LEFT-TO-RIGHT	CYS;Sulfur-Carrier-Proteins-ThiI -> L-ALPHA-ALANINE;Sulfurylated-ThiI	normalized(fwd)	False	keep-fwd
RXN1ZN3-10	PHYSIOL-LEFT-TO-RIGHT	CPD1ZN3-1;ATP -> DETHIOBIOTIN;Pi;ADP;PROTON	normalized(fwd)	False	keep-fwd
SEDOHEPTULOSE-BISPHOSPHATASE-RXN	PHYSIOL-LEFT-TO-RIGHT	WATER;D-SEDOHEPTULOSE-1-7-P2 -> D-SEDOHEPTULOSE-7-P;Pi	normalized(fwd)	False	keep-fwd
RXN-7710	PHYSIOL-LEFT-TO-RIGHT	1-4-alpha-D-Glucan -> Starch	normalized(fwd)	False	keep-fwd
SUCCCOASYN-RXN	REVERSIBLE	SUC;CO-A;ATP -> SUC-COA;ADP;Pi	normalized(fwd)	True	keep-fwd
3-DEHYDROQUINATE-SYNTHASE-RXN	PHYSIOL-LEFT-TO-RIGHT	3-DEOXY-D-ARABINO-HEPTULOSONATE-7-P -> DEHYDROQUINATE;Pi	normalized(fwd)	False	keep-fwd
RXN-16329	LEFT-TO-RIGHT	OXALACETIC_ACID;PROTON -> MAL	normalized(fwd)	False	keep-fwd
SUPEROX-DISMUT-RXN	LEFT-TO-RIGHT	SUPER-OXIDE;PROTON -> HYDROGEN-PEROXIDE;OXYGEN-MOLECULE	normalized(fwd)	False	keep-fwd
RXN-9238		NONAPRENYL-4-HYDROXYBENZOATE;PROTON -> CPD-9863;CARBON-DIOXIDE	normalized(?)		quarantine
RXN-9590	REVERSIBLE	ACYL-ACP;Pi -> Acyl-Phosphates;ACP	normalized(fwd)	True	keep-fwd
GSDEADENYLATION-RXN		Glutamine-synthetase-adenylyl-Tyr;Pi -> Glutamine-synthetase-Tyr;ADP	normalized(?)		quarantine
RXN-10462	PHYSIOL-LEFT-TO-RIGHT	ACYL-ACP;GLYCEROL-3P -> ACYL-SN-GLYCEROL-3P;ACP	normalized(fwd)	False	keep-fwd
RNA-DIRECTED-DNA-POLYMERASE-RXN	PHYSIOL-LEFT-TO-RIGHT	Deoxy-Ribonucleoside-Triphosphates -> PPI	normalized(fwd)	False	keep-fwd
THI-P-SYN-RXN	PHYSIOL-LEFT-TO-RIGHT	THZ-P;AMINO-HYDROXYMETHYL-METHYLPYRIMIDINE-PP;PROTON -> THIAMINE-P;PPI	normalized(fwd)	False	keep-fwd
PSERPHOSPHA-RXN	PHYSIOL-LEFT-TO-RIGHT	Phosphoserines;WATER;PROTON -> Serines;Pi	normalized(fwd)	False	keep-fwd
RXN-8999	LEFT-TO-RIGHT	FARNESYL-PP;DELTA3-ISOPENTENYL-PP -> UNDECAPRENYL-DIPHOSPHATE;PPI	normalized(fwd)	False	keep-fwd
RXN-11578	PHYSIOL-LEFT-TO-RIGHT	S-ADENOSYLMETHIONINE;16S-rRNA-guanine-527 -> ADENOSYL-HOMO-CYS;16S-rRNA-N7-methylguanine527	normalized(fwd)	False	keep-fwd
RXN-11951	LEFT-TO-RIGHT	SoxZY-L-Cysteine;S2O3;Cytochromes-C-Oxidized -> SoxY-Thiocysteine-Sulfate;Cytochromes-C-Reduced;PROTON	normalized(fwd)	False	keep-fwd
DIOHBUTANONEPSYN-RXN	LEFT-TO-RIGHT	RIBULOSE-5P -> PROTON;FORMATE;DIHYDROXY-BUTANONE-P	normalized(fwd)	False	keep-fwd
RXN-13528		S-ADENOSYLMETHIONINE;HOP-2229-ENE -> CPD-14522;MET;PROTON	normalized(?)		quarantine
RXN-21415	LEFT-TO-RIGHT	CPD-9720;PROTON;NADH -> PROTON;CPD-12126;NAD	normalized(fwd)	False	keep-fwd
RXN-22317	REVERSIBLE	CPD-24319 -> CPD-24318;PROTON	normalized(fwd)	True	keep-fwd
3-ISOPROPYLMALISOM-RXN	REVERSIBLE	CPD-9451;WATER -> 3-CARBOXY-3-HYDROXY-ISOCAPROATE	normalized(fwd)	True	keep-fwd
2.4.1.109-RXN	PHYSIOL-LEFT-TO-RIGHT	CPD-171;Protein-L-serine-or-L-threonine -> DOLICHOLP;O-D-MANNOSYL-PROTEIN;PROTON	normalized(fwd)	False	keep-fwd
RXN-20083	PHYSIOL-LEFT-TO-RIGHT	5-Phosphooxy-L-glutamyl-tRNAGlln;AMMONIUM -> Charged-GLN-tRNAs;Pi;PROTON	normalized(fwd)	False	keep-fwd
TRANS-RXN2G89-7	LEFT-TO-RIGHT	THIOL-GROUP;ATP;WATER -> THIOL-GROUP;ADP;Pi;PROTON	normalized(fwd)	False	keep-fwd
RXN0-1321	LEFT-TO-RIGHT	Guanine34-in-tRNAs;7-AMINOMETHYL-7-DEAZAGUANINE -> tRNA-with-7-aminomethyl-7-deazaguanine;GUANINE	normalized(fwd)	False	keep-fwd
GUANINE-DEAMINASE-RXN	LEFT-TO-RIGHT	PROTON;WATER;GUANINE -> XANTHINE;AMMONIUM	normalized(fwd)	False	keep-fwd
UDPREDUCT-RXN	PHYSIOL-RIGHT-TO-LEFT	DUDP;Ox-Thioredoxin;WATER -> UDP;Red-Thioredoxin	normalized(rev)	False	reverse-and-keep
RXN-22486	PHYSIOL-LEFT-TO-RIGHT	CMP-KDO;Lipid-IVA -> Kdo-2-6-Lipid-IVA;CMP;PROTON	normalized(fwd)	False	keep-fwd
RXN-14517	PHYSIOL-LEFT-TO-RIGHT	S-ADENOSYLMETHIONINE;Guanine37-in-tRNAPhe -> tRNAPhe-Containing-N1-Methylguanine-37;ADENOSYL-HOMO-CYS;PROTON	normalized(fwd)	False	keep-fwd
BENZOYLFORMATE-DECARBOXYLASE-RXN		PHENYLGLYOXYLATE;PROTON -> CARBON-DIOXIDE;BENZALDEHYDE	normalized(?)		quarantine
RXN-15447	LEFT-TO-RIGHT	PLASTOQUINONE;PROTON -> Plastoquinols	normalized(fwd)	False	keep-fwd
RXN-22455	PHYSIOL-RIGHT-TO-LEFT	Stearoyl-ACPs;NADP -> Octadec-2-enoyl-ACPs;NADPH;PROTON	normalized(rev)	False	reverse-and-keep
RXN-17958	PHYSIOL-LEFT-TO-RIGHT	CPD-19238;WATER -> CPD-19239;PPI;PROTON	normalized(fwd)	False	keep-fwd
PHOSPHASERDECARB-RXN	LEFT-TO-RIGHT	L-1-PHOSPHATIDYL-SERINE;PROTON -> L-1-PHOSPHATIDYL-ETHANOLAMINE;CARBON-DIOXIDE	normalized(fwd)	False	keep-fwd
RXN-10058		PROTON;CPD-10809;WATER -> CPD-1086;AMMONIUM	normalized(?)		quarantine
RXN-17957	PHYSIOL-LEFT-TO-RIGHT	CPD0-1308;ATP -> CPD-19238;ADENINE	normalized(fwd)	False	keep-fwd
RXN-17873	PHYSIOL-LEFT-TO-RIGHT	L-methionyl-L-alanyl-Protein;WATER -> N-terminal-L-alanine;MET	normalized(fwd)	False	keep-fwd
RXN-17661	LEFT-TO-RIGHT	PROTON -> ETR-Quinols	normalized(fwd)	False	keep-fwd
RXN-17133	PHYSIOL-LEFT-TO-RIGHT	Protein-phospho-L-histidines;WATER -> Protein-Histidines;Pi	normalized(fwd)	False	keep-fwd
RXN0-2361	PHYSIOL-LEFT-TO-RIGHT	UDP-N-ACETYLMURAMATE;L-ALA-GAMMA-D-GLU-DAP;ATP -> PROTON;UDP-AAGM-DIAMINOHEPTANEDIOATE;ADP;Pi	normalized(fwd)	False	keep-fwd
3.2.2.23-RXN	PHYSIOL-LEFT-TO-RIGHT	DNA-containing-diamino-hydro-formamidops;WATER -> CPD-16491;CPD-21221;PROTON	normalized(fwd)	False	keep-fwd
UNDECAPRENYL-DIPHOSPHATASE-RXN	LEFT-TO-RIGHT	UNDECAPRENYL-DIPHOSPHATE;WATER -> PROTON;CPD-9646;Pi	normalized(fwd)	False	keep-fwd
DIACYLGLYKIN-RXN	PHYSIOL-LEFT-TO-RIGHT	ATP;DIACYLGLYCEROL -> PROTON;L-PHOSPHATIDATE;ADP	normalized(fwd)	False	keep-fwd
RXN-12867	RIGHT-TO-LEFT	CPD-678;GLUTATHIONE;NADP -> CPD-13909;NADPH;PROTON	normalized(rev)	False	reverse-and-keep
1TRANSKETO-RXN	REVERSIBLE	D-SEDOHEPTULOSE-7-P;GAP -> RIBOSE-5P;XYLULOSE-5-PHOSPHATE	normalized(fwd)	True	keep-fwd
RXN-14371	PHYSIOL-LEFT-TO-RIGHT	1-4-alpha-D-Glucan -> Alpha-6-alpha-14-glucans	normalized(fwd)	False	keep-fwd
RXN-18603	PHYSIOL-LEFT-TO-RIGHT	an-oxidized-NrfB-protein -> a-reduced-NrfB-protein	normalized(fwd)	False	keep-fwd
PGLYCDEHYDROG-RXN	REVERSIBLE	G3P;NAD -> PROTON;3-P-HYDROXYPYRUVATE;NADH	normalized(fwd)	True	keep-fwd
RXN-16637		Charged-CYS-tRNAs;WATER -> CYS;CYS-tRNAs;PROTON	normalized(?)		quarantine
5-FORMYL-THF-CYCLO-LIGASE-RXN	PHYSIOL-LEFT-TO-RIGHT	N5-Formyl-THF-Glu-N;ATP -> 5-10-METHENYL-THF-GLU-N;ADP;Pi	normalized(fwd)	False	keep-fwd
3.8.1.11-RXN	PHYSIOL-LEFT-TO-RIGHT	S-2-Haloacids;WATER -> S-2-Hydroxyacids1;Halide-Anions;PROTON	normalized(fwd)	False	keep-fwd
THREDEHYD-RXN	PHYSIOL-LEFT-TO-RIGHT	THR -> 2-OXOBUTANOATE;AMMONIUM	normalized(fwd)	False	keep-fwd
PTAALT-RXN	LEFT-TO-RIGHT	PROPIONYL-COA;Pi -> PROPIONYL-P;CO-A	normalized(fwd)	False	keep-fwd
RXN-11475	PHYSIOL-LEFT-TO-RIGHT	S-ADENOSYLMETHIONINE;MALONYL-ACP -> Malonyl-acp-methyl-ester;ADENOSYL-HOMO-CYS	normalized(fwd)	False	keep-fwd
TRANS-RXN2G89-3	LEFT-TO-RIGHT	AMMONIUM;PROTON -> AMMONIUM;PROTON	normalized(fwd)	False	keep-fwd
RXN-12241	LEFT-TO-RIGHT	5-METHYLTHIOINOSINE;Pi -> HYPOXANTHINE;CPD-444	normalized(fwd)	False	keep-fwd
RXN-20406	PHYSIOL-LEFT-TO-RIGHT	GLT;L-ALPHA-ALANINE;ATP -> CPD-407;ADP;Pi;PROTON	normalized(fwd)	False	keep-fwd
RXN-1623	LEFT-TO-RIGHT	ACYL-COA;ACYL-SN-GLYCEROL-3P -> L-PHOSPHATIDATE;CO-A	normalized(fwd)	False	keep-fwd
QUINOPRIBOTRANS-RXN	PHYSIOL-RIGHT-TO-LEFT	NICOTINATE_NUCLEOTIDE;PPI;CARBON-DIOXIDE -> PRPP;QUINOLINATE;PROTON	normalized(rev)	False	reverse-and-keep
HISTIDINE--TRNA-LIGASE-RXN	PHYSIOL-LEFT-TO-RIGHT	HIS-tRNAs;HIS;ATP -> Charged-HIS-tRNAs;PPI;AMP	normalized(fwd)	False	keep-fwd
OROPRIBTRANS-RXN	RIGHT-TO-LEFT	OROTIDINE-5-PHOSPHATE;PPI -> PRPP;OROTATE	normalized(rev)	False	reverse-and-keep
GSAAMINOTRANS-RXN	LEFT-TO-RIGHT	GLUTAMATE-1-SEMIALDEHYDE -> 5-AMINO-LEVULINATE	normalized(fwd)	False	keep-fwd
DXPREDISOM-RXN	RIGHT-TO-LEFT	2-C-METHYL-D-ERYTHRITOL-4-PHOSPHATE;NADP -> DEOXYXYLULOSE-5P;NADPH;PROTON	normalized(rev)	False	reverse-and-keep
DIHYDROXYMETVALDEHYDRAT-RXN	LEFT-TO-RIGHT	1-KETO-2-METHYLVALERATE -> 2-KETO-3-METHYL-VALERATE;WATER	normalized(fwd)	False	keep-fwd
RXN-15815	LEFT-TO-RIGHT	Cytochromes-C-Oxidized -> Cytochromes-C-Reduced	normalized(fwd)	False	keep-fwd
TRNA-GUANINE-N7--METHYLTRANSFERASE-RXN	PHYSIOL-LEFT-TO-RIGHT	S-ADENOSYLMETHIONINE;Guanine46-in-tRNA -> tRNA-Containing-N7-Methylguanine-46;ADENOSYL-HOMO-CYS	normalized(fwd)	False	keep-fwd
RXN0-5114	PHYSIOL-LEFT-TO-RIGHT	3-P-SERINE;WATER -> SER;Pi	normalized(fwd)	False	keep-fwd
RXN0-2921	PHYSIOL-LEFT-TO-RIGHT	METHYLENE-THF-GLU-N;GLT;ATP -> METHYLENE-THF-GLU-N;ADP;Pi	normalized(fwd)	False	keep-fwd
RXN-9223		PROTON;CPD-9852 -> CPD-9853;CARBON-DIOXIDE	normalized(?)		quarantine
DADPKIN-RXN	PHYSIOL-LEFT-TO-RIGHT	ATP;DADP -> ADP;DATP	normalized(fwd)	False	keep-fwd
DNA-DIRECTED-DNA-POLYMERASE-RXN	PHYSIOL-LEFT-TO-RIGHT	Deoxy-Ribonucleoside-Triphosphates -> PPI	normalized(fwd)	False	keep-fwd
HYDROXYLAMINE-REDUCTASE-RXN		AMMONIUM;WATER -> PROTON;HYDROXYLAMINE	normalized(?)		quarantine
XMPXAN-RXN	PHYSIOL-LEFT-TO-RIGHT	XANTHOSINE-5-PHOSPHATE;WATER -> XANTHOSINE;Pi	normalized(fwd)	False	keep-fwd
RXN-8269	LEFT-TO-RIGHT	Polysulfides;HYDROGEN-MOLECULE -> HS;Polysulfides	normalized(fwd)	False	keep-fwd
RXN-22		CANAVANINOSUCCINATE -> CANAVANINE;FUM	normalized(?)		quarantine
RXN-17355	PHYSIOL-LEFT-TO-RIGHT	PTS-I-pi-phospho-L-histidines;Hpr-Histidine -> PTS-I-Histidines;Hpr-pi-phospho-L-histidines	normalized(fwd)	False	keep-fwd
RXN0-5330-YEAST	PHYSIOL-LEFT-TO-RIGHT	UBIQUINONE-6;NADH;PROTON -> UBIQUINOL-30;NAD	normalized(fwd)	False	keep-fwd
RXN-16765	LEFT-TO-RIGHT	NADPH -> CPD-18085	normalized(fwd)	False	keep-fwd
RXN-14386	LEFT-TO-RIGHT	S-CD-S-SP-Complex -> CD-2S-SP-Complex	normalized(fwd)	False	keep-fwd
RXN-14481	PHYSIOL-LEFT-TO-RIGHT	S-ADENOSYLMETHIONINE;CPD-15360 -> CPD-11592;ADENOSYL-HOMO-CYS;PROTON	normalized(fwd)	False	keep-fwd
TRNA-CYTIDYLYLTRANSFERASE-RXN	PHYSIOL-LEFT-TO-RIGHT	tRNA-precursors;CTP;ATP -> tRNAs-with-CCA;PPI	normalized(fwd)	False	keep-fwd
RXN-21238	LEFT-TO-RIGHT	NAD;PROTON -> NADH	normalized(fwd)	False	keep-fwd
RXN-11860	PHYSIOL-LEFT-TO-RIGHT	S-ADENOSYLMETHIONINE;Cytidine-34-tRNAs -> 2-O-Methylcytidine-34-tRNAs;ADENOSYL-HOMO-CYS;PROTON	normalized(fwd)	False	keep-fwd
RXN0-6481	LEFT-TO-RIGHT	CPD0-2352;Pi -> CPD0-2354;Ribonucleoside-Diphosphates	normalized(fwd)	False	keep-fwd
3.5.1.27-RXN	PHYSIOL-LEFT-TO-RIGHT	WATER;Charged-fMET-tRNAs -> L-Methionylaminoacyl-tRNAs;FORMATE	normalized(fwd)	False	keep-fwd
RXN-16632	PHYSIOL-RIGHT-TO-LEFT	11Z-icos-11-enoyl-ACPs;NAD -> 2E-11Z-icosa-2-11-dienoyl-ACPs;NADH;PROTON	normalized(rev)	False	reverse-and-keep
ADENYLOSUCCINATE-SYNTHASE-RXN	PHYSIOL-LEFT-TO-RIGHT	L-ASPARTATE;IMP;GTP -> ADENYLOSUCC;Pi;GDP;PROTON	normalized(fwd)	False	keep-fwd
RXN-20670	PHYSIOL-RIGHT-TO-LEFT	GTP;Long-Chain-Polyphosphate -> GDP;Long-Chain-Polyphosphate	normalized(rev)	False	reverse-and-keep
RXN-14325	PHYSIOL-LEFT-TO-RIGHT	ATP;UTP;AMMONIUM -> ADP;Pi;CTP;PROTON	normalized(fwd)	False	keep-fwd
RXN-1981	LEFT-TO-RIGHT	ISOCHORISMATE -> CPD-110;PYRUVATE	normalized(fwd)	False	keep-fwd
RXN-7800	LEFT-TO-RIGHT	PROTON;CPD-7100 -> 2K-4CH3-PENTANOATE;CARBON-DIOXIDE	normalized(fwd)	False	keep-fwd
GLYCOGENSYN-RXN	LEFT-TO-RIGHT	ADP-D-GLUCOSE;1-4-alpha-D-Glucan -> ADP;1-4-alpha-D-Glucan	normalized(fwd)	False	keep-fwd
RXN-9520	PHYSIOL-LEFT-TO-RIGHT	R-3-hydroxyhexanoyl-ACPs -> Hex-2-enoyl-ACPs;WATER	normalized(fwd)	False	keep-fwd
RIBOPHOSPHAT-RXN	LEFT-TO-RIGHT	CPD-1086;WATER -> AMINO-RIBOSYLAMINO-1H-3H-PYR-DIONE;Pi	normalized(fwd)	False	keep-fwd
RXN-9532	PHYSIOL-RIGHT-TO-LEFT	R-3-hydroxydodecanoyl-ACPs;NADP -> 3-oxo-dodecanoyl-ACPs;NADPH;PROTON	normalized(rev)	False	reverse-and-keep
RXN0-6382	PHYSIOL-LEFT-TO-RIGHT	ITP;WATER -> IMP;PPI;PROTON	normalized(fwd)	False	keep-fwd
RXN-12196	PHYSIOL-LEFT-TO-RIGHT	WATER;UTP -> PROTON;Pi;UDP	normalized(fwd)	False	keep-fwd
RXN-16330	LEFT-TO-RIGHT	PROTOPORPHYRIN_IX;PROTON -> PROTOPORPHYRINOGEN	normalized(fwd)	False	keep-fwd
RXN-18448	PHYSIOL-LEFT-TO-RIGHT	ATP;CPD-7076;CO-A -> PPI;AMP;2-METHYL-BUTYRYL-COA	normalized(fwd)	False	keep-fwd
RXN-14047	REVERSIBLE	CIT -> THREO-DS-ISO-CITRATE	normalized(fwd)	True	keep-fwd
RXN-16393	PHYSIOL-LEFT-TO-RIGHT	DODECANOATE;CO-A;ATP -> LAUROYLCOA-CPD;PPI;AMP	normalized(fwd)	False	keep-fwd
ARGSUCCINLYA-RXN	LEFT-TO-RIGHT	L-ARGININO-SUCCINATE -> ARG;FUM	normalized(fwd)	False	keep-fwd
RXN-18777	PHYSIOL-LEFT-TO-RIGHT	1-4-alpha-D-Glucan -> GlgE-Glycogen	normalized(fwd)	False	keep-fwd
RXN-17955	PHYSIOL-LEFT-TO-RIGHT	CPD-19235;WATER -> CPD-19236;PPI;PROTON	normalized(fwd)	False	keep-fwd
RXN-17881	PHYSIOL-LEFT-TO-RIGHT	N-terminal-L-cysteine;HYDROGEN-PEROXIDE -> N-terminal-L-alanine-sulfenate;WATER	normalized(fwd)	False	keep-fwd
RXN0-4342	LEFT-TO-RIGHT	PROTON;D-BETA-D-HEPTOSE-1-P;ATP -> ADP-D-GLYCERO-D-MANNO-HEPTOSE;PPI	normalized(fwd)	False	keep-fwd
SERINE--TRNA-LIGASE-RXN	PHYSIOL-LEFT-TO-RIGHT	SER-tRNAs;SER;ATP -> Charged-SER-tRNAs;PPI;AMP	normalized(fwd)	False	keep-fwd
RXN-22247	PHYSIOL-LEFT-TO-RIGHT	CPD-24237;WATER -> CPD-24236;ACET	normalized(fwd)	False	keep-fwd
RXN-11136	PHYSIOL-LEFT-TO-RIGHT	General-Protein-Substrates;ATP;WATER -> Peptides-holder;ADP;Pi	normalized(fwd)	False	keep-fwd
GLYCOLATEDEHYDRO-RXN	LEFT-TO-RIGHT	GLYCOLLATE -> GLYOX	normalized(fwd)	False	keep-fwd
RXN-20082	PHYSIOL-LEFT-TO-RIGHT	ATP;L-glutamyl-tRNAGln -> 5-Phosphooxy-L-glutamyl-tRNAGlln;ADP	normalized(fwd)	False	keep-fwd
UDPNACETYLMURAMATEDEHYDROG-RXN	RIGHT-TO-LEFT	NADP;UDP-N-ACETYLMURAMATE -> PROTON;NADPH;UDP-ACETYL-CARBOXYVINYL-GLUCOSAMINE	normalized(rev)	False	reverse-and-keep
H2PTEROATESYNTH-RXN	LEFT-TO-RIGHT	DIHYDROPTERIN-CH2OH-PP;P-AMINO-BENZOATE -> 7-8-DIHYDROPTEROATE;PPI	normalized(fwd)	False	keep-fwd
RXN0-5408	PHYSIOL-LEFT-TO-RIGHT	WATER;D-MYO-INOSITOL-1-MONOPHOSPHATE -> MYO-INOSITOL;Pi	normalized(fwd)	False	keep-fwd
3.6.3.3-RXN	PHYSIOL-LEFT-TO-RIGHT	CD+2;ATP;WATER -> CD+2;ADP;Pi;PROTON	normalized(fwd)	False	keep-fwd
RXN-9627	PHYSIOL-LEFT-TO-RIGHT	LAUROYLCOA-CPD;WATER -> PROTON;DODECANOATE;CO-A	normalized(fwd)	False	keep-fwd
RXN-22326	PHYSIOL-LEFT-TO-RIGHT	ARSENATE;ATP;WATER -> ARSENATE;ADP;Pi;PROTON	normalized(fwd)	False	keep-fwd
3.2.2.21-RXN	PHYSIOL-LEFT-TO-RIGHT	WATER -> Alkylated-Bases	normalized(fwd)	False	keep-fwd
LEUCINE--TRNA-LIGASE-RXN	PHYSIOL-LEFT-TO-RIGHT	LEU-tRNAs;LEU;ATP -> Charged-LEU-tRNAs;PPI;AMP	normalized(fwd)	False	keep-fwd
RXN-11409	LEFT-TO-RIGHT	GTP;CPD-12377 -> CPD-12366;WATER	normalized(fwd)	False	keep-fwd
5.3.1.23-RXN	REVERSIBLE	CPD-444 -> CPD-1063	normalized(fwd)	True	keep-fwd
RXN-18200	REVERSIBLE	CPDQT-40;NAD -> CPD-19487;NADH;PROTON	normalized(fwd)	True	keep-fwd
LEUCYLTRANSFERASE-RXN	LEFT-TO-RIGHT	Charged-LEU-tRNAs;Protein-N-terminal-L-Lysine -> L-leucyl-L-lysyl-Protein;LEU-tRNAs;PROTON	normalized(fwd)	False	keep-fwd
RXN-13139		ATP;CPD0-2474 -> NADPH;ADP;Pi;PROTON	normalized(?)		quarantine
RXN-12588	PHYSIOL-LEFT-TO-RIGHT	CYS -> L-ALPHA-ALANINE	normalized(fwd)	False	keep-fwd
RXNQT-4174	PHYSIOL-LEFT-TO-RIGHT	CPDQT-39;NAD -> CPDQT-30;CARBON-DIOXIDE;NADH	normalized(fwd)	False	keep-fwd
RXN-12611	LEFT-TO-RIGHT	CPD-13575;AMINO-HYDROXYMETHYL-METHYLPYRIMIDINE-PP;PROTON -> THIAMINE-P;CARBON-DIOXIDE;PPI	normalized(fwd)	False	keep-fwd
RXN-14384	LEFT-TO-RIGHT	S-CD-Apo-SP-Complex -> CD-S-SP-Complex	normalized(fwd)	False	keep-fwd
RXN-8380	LEFT-TO-RIGHT	Elemental-Sulfur;CPD-846 -> Polysulfides;PROTON	normalized(fwd)	False	keep-fwd
3.4.21.88-RXN	PHYSIOL-LEFT-TO-RIGHT	WATER;repressor-LexA -> Cleaved-Repressor-LexA	normalized(fwd)	False	keep-fwd
ISOLEUCINE--TRNA-LIGASE-RXN	PHYSIOL-LEFT-TO-RIGHT	ILE-tRNAs;ILE;ATP -> Charged-ILE-tRNAs;PPI;AMP	normalized(fwd)	False	keep-fwd
ACETOLACTSYN-RXN	LEFT-TO-RIGHT	PROTON;PYRUVATE -> 2-ACETO-LACTATE;CARBON-DIOXIDE	normalized(fwd)	False	keep-fwd
THIOREDOXIN-RXN	RIGHT-TO-LEFT	Ox-Thioredoxin -> Red-Thioredoxin	normalized(rev)	False	reverse-and-keep
3.6.1.41-RXN		WATER;ADENOSYL-P4 -> PROTON;ADP	normalized(?)		quarantine
TRYPTOPHAN--TRNA-LIGASE-RXN	PHYSIOL-LEFT-TO-RIGHT	TRP;TRP-tRNAs;ATP -> AMP;PPI;Charged-TRP-tRNAs	normalized(fwd)	False	keep-fwd
RXN-20884	PHYSIOL-LEFT-TO-RIGHT	Polysulfides;OXIDIZED-GLUTATHIONE -> Polysulfides;CPD-11281;GLUTATHIONE	normalized(fwd)	False	keep-fwd
RXN-8941	PHYSIOL-LEFT-TO-RIGHT	CPD-9372;OXYGEN-MOLECULE;NADH-P-OR-NOP;PROTON -> CPD-9373;WATER;NAD-P-OR-NOP	normalized(fwd)	False	keep-fwd
RXN-13329	LEFT-TO-RIGHT	PROTON;CPD-12279;WATER -> GLYOX;AMMONIUM	normalized(fwd)	False	keep-fwd
CATAL-RXN	LEFT-TO-RIGHT	HYDROGEN-PEROXIDE -> WATER;OXYGEN-MOLECULE	normalized(fwd)	False	keep-fwd
PYRIMSYN1-RXN	PHYSIOL-LEFT-TO-RIGHT	S-ADENOSYLMETHIONINE;5-PHOSPHORIBOSYL-5-AMINOIMIDAZOLE -> AMINO-HYDROXYMETHYL-METHYL-PYR-P;CH33ADO;MET;FORMATE;CARBON-MONOXIDE;PROTON	normalized(fwd)	False	keep-fwd
PPGPPSYN-RXN	PHYSIOL-LEFT-TO-RIGHT	GUANOSINE-5DP-3DP;WATER -> PPI;GDP	normalized(fwd)	False	keep-fwd
TRANS-RXN2G89-5	LEFT-TO-RIGHT	CPD-12755;ATP;WATER -> CPD-12755;ADP;Pi;PROTON	normalized(fwd)	False	keep-fwd
RXN0-884	RIGHT-TO-LEFT	CPD-4211;Oxidized-ferredoxins;WATER -> HYDROXY-METHYL-BUTENYL-DIP;Reduced-ferredoxins;PROTON	normalized(rev)	False	reverse-and-keep
RXN0-1134	PHYSIOL-LEFT-TO-RIGHT	PYRUVATE;Pyruvate-dehydrogenase-lipoate;PROTON -> Pyruvate-dehydrogenase-acetylDHlipoyl;CARBON-DIOXIDE	normalized(fwd)	False	keep-fwd
PANTOTHENATE-KIN-RXN	LEFT-TO-RIGHT	PANTOTHENATE;ATP -> PROTON;4-P-PANTOTHENATE;ADP	normalized(fwd)	False	keep-fwd
2.5.1.39-RXN	PHYSIOL-LEFT-TO-RIGHT	CPD-21340;4-hydroxybenzoate -> NONAPRENYL-4-HYDROXYBENZOATE;PPI	normalized(fwd)	False	keep-fwd
RXN-22606	PHYSIOL-LEFT-TO-RIGHT	CYS;FUM -> CPD8J2-27	normalized(fwd)	False	keep-fwd
RXN-18201	PHYSIOL-LEFT-TO-RIGHT	CPD-19487;PROTON -> CPDQT-41;CARBON-DIOXIDE	normalized(fwd)	False	keep-fwd
RXN-14387	LEFT-TO-RIGHT	CD-2S-SP-Complex;FE+3 -> CD-SP-2Fe2S-Complex	normalized(fwd)	False	keep-fwd
3.4.21.53-RXN	PHYSIOL-LEFT-TO-RIGHT	General-Protein-Substrates;WATER -> Peptides-holder;PROTON	normalized(fwd)	False	keep-fwd
RXN0-2381	LEFT-TO-RIGHT	INDOLE-3-GLYCEROL-P -> INDOLE;GAP	normalized(fwd)	False	keep-fwd
RXN-11484	PHYSIOL-LEFT-TO-RIGHT	Pimeloyl-ACPs;L-ALPHA-ALANINE;PROTON -> 8-AMINO-7-OXONONANOATE;CARBON-DIOXIDE;ACP	normalized(fwd)	False	keep-fwd
RXN0-6479	PHYSIOL-LEFT-TO-RIGHT	CPD0-2351;WATER -> CPD0-2352;Nucleoside-Monophosphates	normalized(fwd)	False	keep-fwd
RXN-18709	PHYSIOL-LEFT-TO-RIGHT	TusA-Persulfides;TusD-L-cysteine -> TusA-L-cysteine;TusD-Persulfides	normalized(fwd)	False	keep-fwd
DCTP-DEAM-RXN	PHYSIOL-LEFT-TO-RIGHT	PROTON;WATER;DCTP -> AMMONIUM;DUTP	normalized(fwd)	False	keep-fwd
RXN-18204	REVERSIBLE	CPDQT-38;NAD -> CPD-19489;NADH;PROTON	normalized(fwd)	True	keep-fwd
GLUTRNAREDUCT-RXN	RIGHT-TO-LEFT	GLUTAMATE-1-SEMIALDEHYDE;NADP;GLT-tRNAs -> Charged-GLT-tRNAs;NADPH;PROTON	normalized(rev)	False	reverse-and-keep
RXN-12514	LEFT-TO-RIGHT	AGMATHINE;S-ADENOSYLMETHIONINAMINE -> CPD-13489;5-METHYLTHIOADENOSINE;PROTON	normalized(fwd)	False	keep-fwd
THREONINE--TRNA-LIGASE-RXN	PHYSIOL-LEFT-TO-RIGHT	THR-tRNAs;THR;ATP -> Charged-THR-tRNAs;PPI;AMP	normalized(fwd)	False	keep-fwd
RXN-19138	PHYSIOL-RIGHT-TO-LEFT	CPD-20627 -> CPD-20625;WATER	normalized(rev)	False	reverse-and-keep
RXN-11483	PHYSIOL-LEFT-TO-RIGHT	Pimeloyl-ACP-methyl-esters;WATER -> Pimeloyl-ACPs;METOH;PROTON	normalized(fwd)	False	keep-fwd
RXN-13179	PHYSIOL-LEFT-TO-RIGHT	4-PHOSPHONOOXY-THREONINE;NAD -> 1-AMINO-PROPAN-2-ONE-3-PHOSPHATE;CARBON-DIOXIDE;NADH	normalized(fwd)	False	keep-fwd
RXN0-1602		DITP;WATER -> PROTON;DIMP;PPI	normalized(?)		quarantine
RXN0-1401	LEFT-TO-RIGHT	RIBOSE-15-BISPHOSPHATE;ATP -> PRPP;ADP	normalized(fwd)	False	keep-fwd
RXN-14812	REVERSIBLE	CPD-15709 -> FRUCTOSE-6P	normalized(fwd)	True	keep-fwd
RXN0-6710	PHYSIOL-LEFT-TO-RIGHT	CPD0-2463;WATER -> PROTON;RIBOSE-15-BISPHOSPHATE	normalized(fwd)	False	keep-fwd
RXN-16427	PHYSIOL-LEFT-TO-RIGHT	CPD-8123;ATP;PROTON -> CPD-13035;PPI	normalized(fwd)	False	keep-fwd
RIBOFLAVIN-SYN-RXN	LEFT-TO-RIGHT	PROTON;DIMETHYL-D-RIBITYL-LUMAZINE -> AMINO-RIBOSYLAMINO-1H-3H-PYR-DIONE;RIBOFLAVIN	normalized(fwd)	False	keep-fwd
RXN-11482	RIGHT-TO-LEFT	Pimeloyl-ACP-methyl-esters;NAD -> Enoylpimeloyl-ACP-methyl-esters;NADH;PROTON	normalized(rev)	False	reverse-and-keep
RXN-7253	PHYSIOL-LEFT-TO-RIGHT	CPD-6746;WATER -> MYO-INOSITOL;Pi	normalized(fwd)	False	keep-fwd
RXN-21404	LEFT-TO-RIGHT	CPD-9720;PROTON -> CPD-12126	normalized(fwd)	False	keep-fwd
SUCCINYLDIAMINOPIMTRANS-RXN	RIGHT-TO-LEFT	2-KETOGLUTARATE;N-SUCCINYLLL-2-6-DIAMINOPIMELATE -> GLT;N-SUCCINYL-2-AMINO-6-KETOPIMELATE	normalized(rev)	False	reverse-and-keep
RXN-9526	RIGHT-TO-LEFT	Octanoyl-ACPs;NADP -> 2-Octenoyl-ACPs;NADPH;PROTON	normalized(rev)	False	reverse-and-keep
RXN-10857	PHYSIOL-LEFT-TO-RIGHT	CPD-11770 -> GLYCOLALDEHYDE;AMINO-OH-HYDROXYMETHYL-DIHYDROPTERIDINE	normalized(fwd)	False	keep-fwd
3.1.11.2-RXN	PHYSIOL-LEFT-TO-RIGHT	WATER -> Deoxy-Ribonucleoside-Monophosphates	normalized(fwd)	False	keep-fwd
RXN-12458	PHYSIOL-LEFT-TO-RIGHT	S-ADENOSYLMETHIONINE;Guanine37-in-tRNA -> tRNA-Containing-N1-Methylguanine-37;ADENOSYL-HOMO-CYS;PROTON	normalized(fwd)	False	keep-fwd
RXN-9231		PROTON;CPD-9864 -> CPD-9862;CARBON-DIOXIDE	normalized(?)		quarantine
RXN-21525	PHYSIOL-LEFT-TO-RIGHT	Hydroxymethylbilane-Synthase-ES4;WATER -> HYDROXYMETHYLBILANE;Holo-Hydroxymethylbilane-Synthase	normalized(fwd)	False	keep-fwd
RXN-982	PHYSIOL-LEFT-TO-RIGHT	ARSENATE;GLUTATHIONE;Red-Glutaredoxins;PROTON -> CPD0-2040;Grx-GSH-dithiol;WATER	normalized(fwd)	False	keep-fwd
RXN-12730	PHYSIOL-LEFT-TO-RIGHT	SELENOHOMOCYSTEINE;CPD-1302 -> SELENOMETHIONINE;CPD-1301	normalized(fwd)	False	keep-fwd
2.7.3.9-RXN	PHYSIOL-LEFT-TO-RIGHT	PHOSPHO-ENOL-PYRUVATE;Hpr-Histidine -> PYRUVATE;Hpr-pi-phospho-L-histidines	normalized(fwd)	False	keep-fwd
RXN-9514	PHYSIOL-RIGHT-TO-LEFT	Beta-3-hydroxybutyryl-ACPs;NADP -> Acetoacetyl-ACPs;NADPH;PROTON	normalized(rev)	False	reverse-and-keep
RXN-22612	PHYSIOL-LEFT-TO-RIGHT	PEPTIDOGLYCANS-L-PLANTARUM;WATER -> A-PEPTIDOGLYCAN-WITH-N-ACETYL-BETA-D-GLUC-REDUCING;A-PEPTIDOGLYCAN-WITH-N-ACETYLMURAMOYL-PENTADEPSIPEPTIDE	normalized(fwd)	False	keep-fwd
PNPOXI-RXN	PHYSIOL-LEFT-TO-RIGHT	OXYGEN-MOLECULE;PYRIDOXINE-5P -> HYDROGEN-PEROXIDE;PYRIDOXAL_PHOSPHATE	normalized(fwd)	False	keep-fwd
CHORPYRLY-RXN	PHYSIOL-LEFT-TO-RIGHT	CHORISMATE -> 4-hydroxybenzoate;PYRUVATE	normalized(fwd)	False	keep-fwd
ACETOLACTREDUCTOISOM-RXN	RIGHT-TO-LEFT	CPD-13357;NADP -> 2-ACETO-LACTATE;NADPH;PROTON	normalized(rev)	False	reverse-and-keep
XANPRIBOSYLTRAN-RXN	PHYSIOL-RIGHT-TO-LEFT	XANTHOSINE-5-PHOSPHATE;PPI -> XANTHINE;PRPP	normalized(rev)	False	reverse-and-keep
GLYC3PDEHYDROGBIOSYN-RXN	PHYSIOL-RIGHT-TO-LEFT	GLYCEROL-3P;NAD-P-OR-NOP -> DIHYDROXY-ACETONE-PHOSPHATE;NADH-P-OR-NOP;PROTON	normalized(rev)	False	reverse-and-keep
3.1.26.4-RXN	PHYSIOL-LEFT-TO-RIGHT	WATER -> DNA-Holder;Nucleoside-Monophosphates	normalized(fwd)	False	keep-fwd
RXN-18092	PHYSIOL-LEFT-TO-RIGHT	GLUTATHIONE;GLYCYLGLYCINE -> CPD-19395;CYS-GLY	normalized(fwd)	False	keep-fwd
RIBONUCLEOSIDE-TRIP-REDUCT-RXN	PHYSIOL-LEFT-TO-RIGHT	FORMATE;Ribonucleoside-Triphosphates;PROTON -> Deoxy-Ribonucleoside-Triphosphates;CARBON-DIOXIDE;WATER	normalized(fwd)	False	keep-fwd
DEOXYADENYLATE-KINASE-RXN	LEFT-TO-RIGHT	ATP;DAMP -> ADP;DADP	normalized(fwd)	False	keep-fwd
DNA-DIRECTED-RNA-POLYMERASE-RXN	PHYSIOL-LEFT-TO-RIGHT	Nucleoside-Triphosphates;RNA-Holder -> PPI;RNA-Holder	normalized(fwd)	False	keep-fwd
RXN-10	PHYSIOL-LEFT-TO-RIGHT	O-UREIDOHOMOSERINE;L-ASPARTATE;ATP -> PROTON;CANAVANINOSUCCINATE;AMP;PPI	normalized(fwd)	False	keep-fwd
RXN-9025	PHYSIOL-LEFT-TO-RIGHT	CPD0-1027;Pi -> GLC-1-P	normalized(fwd)	False	keep-fwd
RXN-12864	LEFT-TO-RIGHT	SELENITE;GLUTATHIONE;PROTON -> CPD-13908;OXIDIZED-GLUTATHIONE;WATER	normalized(fwd)	False	keep-fwd
RXN1ZN3-9	PHYSIOL-LEFT-TO-RIGHT	DIAMINONONANOATE;CARBON-DIOXIDE -> CPD1ZN3-1;PROTON	normalized(fwd)	False	keep-fwd
ACONITATEHYDR-RXN	REVERSIBLE	CIS-ACONITATE;WATER -> THREO-DS-ISO-CITRATE	normalized(fwd)	True	keep-fwd
RIBOFLAVINKIN-RXN	PHYSIOL-LEFT-TO-RIGHT	ATP;RIBOFLAVIN -> FMN;ADP;PROTON	normalized(fwd)	False	keep-fwd
FORMATETHFLIG-RXN	PHYSIOL-LEFT-TO-RIGHT	THF-GLU-N;ATP;FORMATE -> FORMYL-THF-GLU-N;ADP;Pi	normalized(fwd)	False	keep-fwd
RXN-22246	PHYSIOL-LEFT-TO-RIGHT	R-3-HYDROXYPALMITOYL-ACP;UDP-N-ACETYL-D-GLUCOSAMINE -> CPD-24237;ACP	normalized(fwd)	False	keep-fwd
1.6.4.4-RXN	PHYSIOL-RIGHT-TO-LEFT	Protein-Red-Disulfides;NAD-P-OR-NOP -> Protein-Ox-Disulfides;NADH-P-OR-NOP;PROTON	normalized(rev)	False	reverse-and-keep
RXN-8642	REVERSIBLE	OXALO-SUCCINATE;PROTON -> 2-KETOGLUTARATE;CARBON-DIOXIDE	normalized(fwd)	True	keep-fwd
RXN-21264	PHYSIOL-RIGHT-TO-LEFT	DCTP;Ox-Thioredoxin;WATER -> CTP;Red-Thioredoxin	normalized(rev)	False	reverse-and-keep
RXN-19022	PHYSIOL-LEFT-TO-RIGHT	L-GLUTAMATE-5-P -> 5-OXOPROLINE;Pi;PROTON	normalized(fwd)	False	keep-fwd
GLUTSEMIALDEHYDROG-RXN	RIGHT-TO-LEFT	L-GLUTAMATE_GAMMA-SEMIALDEHYDE;Pi;NADP -> L-GLUTAMATE-5-P;NADPH;PROTON	normalized(rev)	False	reverse-and-keep
RXN-16665	PHYSIOL-LEFT-TO-RIGHT	CPD-17926;GLY -> CPD-17969;D-ALANINE	normalized(fwd)	False	keep-fwd
ACYL-COA-HYDROLASE-RXN	PHYSIOL-LEFT-TO-RIGHT	ACYL-COA;WATER -> CO-A;Carboxylates;PROTON	normalized(fwd)	False	keep-fwd
ADDALT-RXN	PHYSIOL-LEFT-TO-RIGHT	DEOXYADENOSINE;WATER;PROTON -> DEOXYINOSINE;AMMONIUM	normalized(fwd)	False	keep-fwd
RXN-12610	LEFT-TO-RIGHT	CPD-13576;AMINO-HYDROXYMETHYL-METHYLPYRIMIDINE-PP;PROTON -> THIAMINE-P;CARBON-DIOXIDE;PPI	normalized(fwd)	False	keep-fwd
3-OXOACYL-ACP-SYNTH-RXN	LEFT-TO-RIGHT	Saturated-Fatty-Acyl-ACPs;MALONYL-ACP;PROTON -> B-KETOACYL-ACP;CARBON-DIOXIDE;ACP	normalized(fwd)	False	keep-fwd
RXN-14971	REVERSIBLE	SUC -> ETR-Quinols;FUM	normalized(fwd)	True	keep-fwd
3.4.11.18-RXN	PHYSIOL-LEFT-TO-RIGHT	Protein-With-N-Terminal-Met;WATER -> MET;Peptide-Holder-Alternative	normalized(fwd)	False	keep-fwd
PHOSPHOGLUCMUT-RXN	REVERSIBLE	GLC-1-P -> D-glucopyranose-6-phosphate	normalized(fwd)	True	keep-fwd
RXN-9788	LEFT-TO-RIGHT	Sulfurylated-ThiI;Adenylated-ThiS-Proteins;Reduced-ferredoxins -> ThiS-CoASH-proteins;Sulfur-Carrier-Proteins-ThiI;AMP;Oxidized-ferredoxins	normalized(fwd)	False	keep-fwd
ADENYL-KIN-RXN	REVERSIBLE	ATP;AMP -> ADP	normalized(fwd)	True	keep-fwd
RXN0-1061	PHYSIOL-LEFT-TO-RIGHT	Unfolded-Proteins;ATP;WATER -> General-Protein-Substrates;ADP;Pi;PROTON	normalized(fwd)	False	keep-fwd
HYDROXYBENZOYLFORMATE-DECARBOXYLASE-RXN		PROTON;CPD-142 -> 4-HYDROXYBENZALDEHYDE;CARBON-DIOXIDE	normalized(?)		quarantine
DXS-RXN	LEFT-TO-RIGHT	PROTON;PYRUVATE;GAP -> DEOXYXYLULOSE-5P;CARBON-DIOXIDE	normalized(fwd)	False	keep-fwd
RXN-18032	REVERSIBLE	HCO3 -> CO3;PROTON	normalized(fwd)	True	keep-fwd
2.3.1.157-RXN	PHYSIOL-LEFT-TO-RIGHT	ACETYL-COA;GLUCOSAMINE-1P -> N-ACETYL-D-GLUCOSAMINE-1-P;CO-A;PROTON	normalized(fwd)	False	keep-fwd
RXN0-5266	PHYSIOL-LEFT-TO-RIGHT	Ubiquinols;OXYGEN-MOLECULE;PROTON -> Ubiquinones;PROTON;WATER	normalized(fwd)	False	keep-fwd
RXN-12197	PHYSIOL-LEFT-TO-RIGHT	UDP;WATER -> Pi;UMP;PROTON	normalized(fwd)	False	keep-fwd
RXN0-7378	PHYSIOL-LEFT-TO-RIGHT	PIIPROTEIN-CPLX;UTP -> CPLX0-8568;PPI	normalized(fwd)	False	keep-fwd
1-ACYLGLYCEROL-3-P-ACYLTRANSFER-RXN	LEFT-TO-RIGHT	ACYL-ACP;ACYL-SN-GLYCEROL-3P -> L-PHOSPHATIDATE;ACP	normalized(fwd)	False	keep-fwd
TRANS-RXN0-286	PHYSIOL-LEFT-TO-RIGHT	C6;PROTON -> C6;PROTON	normalized(fwd)	False	keep-fwd
RIBOFLAVINSYNDEAM-RXN	LEFT-TO-RIGHT	PROTON;WATER;DIAMINO-OH-PHOSPHORIBOSYLAMINO-PYR -> CPD-602;AMMONIUM	normalized(fwd)	False	keep-fwd
PORPHOBILSYNTH-RXN	LEFT-TO-RIGHT	5-AMINO-LEVULINATE -> PROTON;WATER;PORPHOBILINOGEN	normalized(fwd)	False	keep-fwd
N-CARBAMOYLPUTRESCINE-AMIDASE-RXN	LEFT-TO-RIGHT	PROTON;CPD-597;WATER -> PUTRESCINE;CARBON-DIOXIDE;AMMONIUM	normalized(fwd)	False	keep-fwd
METHYLENETHFDEHYDROG-NADP-RXN	REVERSIBLE	METHYLENE-THF-GLU-N;NADP -> 5-10-METHENYL-THF-GLU-N;NADPH	normalized(fwd)	True	keep-fwd
RXN0-2161	PHYSIOL-LEFT-TO-RIGHT	tRNA-Sec;SER;ATP -> L-seryl-SEC-tRNAs;PPI;AMP	normalized(fwd)	False	keep-fwd
RXN-4821	REVERSIBLE	PROTON;DELTA1-PIPERIDEINE-2-6-DICARBOXYLATE;WATER -> L-ALPHA-AMINO-EPSILON-KETO-PIMELATE	normalized(fwd)	True	keep-fwd
RXN-10814	REVERSIBLE	PHE;2-KETOGLUTARATE -> PHENYL-PYRUVATE;GLT	normalized(fwd)	True	keep-fwd
ACETATEKIN-RXN	REVERSIBLE	ATP;ACET -> ADP;ACETYL-P	normalized(fwd)	True	keep-fwd
RXN-22484	PHYSIOL-LEFT-TO-RIGHT	Lipid-X;UDP-2N-3R-hydroxyacyl-3O-3R-hydroxyacyl-GlcN -> Lipid-A-Disaccharide;UDP;PROTON	normalized(fwd)	False	keep-fwd
DNA-LIGASE-NAD+-RXN	PHYSIOL-LEFT-TO-RIGHT	NAD -> AMP;NICOTINAMIDE_NUCLEOTIDE;PROTON	normalized(fwd)	False	keep-fwd
DALADALALIG-RXN	PHYSIOL-LEFT-TO-RIGHT	D-ALANINE;ATP -> PROTON;D-ALA-D-ALA;Pi;ADP	normalized(fwd)	False	keep-fwd
XANTHOSINEPHOSPHORY-RXN	REVERSIBLE	XANTHOSINE;Pi -> XANTHINE;RIBOSE-1P	normalized(fwd)	True	keep-fwd
RXN-15513	REVERSIBLE	2-PG -> G3P	normalized(fwd)	True	keep-fwd
RXN0-5462	PHYSIOL-LEFT-TO-RIGHT	GTP;WATER -> PROTON;GDP;Pi	normalized(fwd)	False	keep-fwd
RXN0-801	PHYSIOL-LEFT-TO-RIGHT	PII2-CPLX;UTP -> PPI;CPLX0-8570	normalized(fwd)	False	keep-fwd
RXN0-1342	LEFT-TO-RIGHT	S-ADENOSYLMETHIONINE;tRNA-with-7-aminomethyl-7-deazaguanine -> tRNAs-containing-epoxy-quenosine;ADENINE;MET;PROTON	normalized(fwd)	False	keep-fwd
RXN-22388	REVERSIBLE	CPD-16459 -> Pi;PROTON	normalized(fwd)	True	keep-fwd
HISTPRATPHYD-RXN	PHYSIOL-LEFT-TO-RIGHT	PHOSPHORIBOSYL-ATP;WATER -> PHOSPHORIBOSYL-AMP;PPI;PROTON	normalized(fwd)	False	keep-fwd
MALSYN-RXN	PHYSIOL-LEFT-TO-RIGHT	ACETYL-COA;WATER;GLYOX -> PROTON;MAL;CO-A	normalized(fwd)	False	keep-fwd
3.1.13.3-RXN	PHYSIOL-LEFT-TO-RIGHT	Oligonucleotides;WATER -> Nucleoside-Monophosphates	normalized(fwd)	False	keep-fwd
RXN-21027	PHYSIOL-LEFT-TO-RIGHT	ArsC-S-As-OH;WATER -> Arsenate-Reductase-Cysteines;CPD-763;PROTON	normalized(fwd)	False	keep-fwd
RXN-9190	PHYSIOL-LEFT-TO-RIGHT	PROTON;ALL-TRANS-HEPTAPRENYL-DIPHOSPHATE;DIHYDROXYNAPHTHOATE -> CPD-12117;PPI;CARBON-DIOXIDE	normalized(fwd)	False	keep-fwd
RXN-8001	PHYSIOL-LEFT-TO-RIGHT	HISTIDINOL;NAD;WATER -> HIS;NADH;PROTON	normalized(fwd)	False	keep-fwd
RXN-20481	PHYSIOL-LEFT-TO-RIGHT	MALONYL-COA;BryU-ACP -> CO-A;Malonyl-BryU-ACP	normalized(fwd)	False	keep-fwd
RXN-17891	PHYSIOL-LEFT-TO-RIGHT	Charged-ARG-tRNAs;N-terminal-L-cysteine-sulfonate -> ARG-tRNAs;L-arginyl-3-sulfo-L-alaninyl-Peptides;PROTON	normalized(fwd)	False	keep-fwd
METHIONYL-TRNA-FORMYLTRANSFERASE-RXN		FORMYL-THF-GLU-N;L-methionyl-tRNAfmet -> THF-GLU-N;N-formyl-L-methionyl-tRNAfmet;PROTON	normalized(?)		quarantine
RXN-11598	PHYSIOL-LEFT-TO-RIGHT	S-ADENOSYLMETHIONINE;16S-rRNA-uracil1498 -> ADENOSYL-HOMO-CYS;16S-rRNA-N3-methyluracil1498;PROTON	normalized(fwd)	False	keep-fwd
RXN-9540	PHYSIOL-RIGHT-TO-LEFT	R-3-Hydroxypalmitoyl-ACPs;NADP -> 3-oxo-palmitoyl-ACPs;NADPH;PROTON	normalized(rev)	False	reverse-and-keep
TRANS-RXN2G89-4	LEFT-TO-RIGHT	PHOSPHONATE;ATP;WATER -> PHOSPHONATE;ADP;Pi;PROTON	normalized(fwd)	False	keep-fwd
RXN2B4Q-51	PHYSIOL-LEFT-TO-RIGHT	CPD2B4Q-13;WATER -> CPD2B4Q-14;UMP;PROTON	normalized(fwd)	False	keep-fwd
RXN-21454	PHYSIOL-RIGHT-TO-LEFT	Cytochromes-Cm552-Ox;Ubiquinols -> Cytochromes-Cm552-Red;Ubiquinones;PROTON	normalized(rev)	False	reverse-and-keep
PROTOHEMEFERROCHELAT-RXN	RIGHT-TO-LEFT	PROTOHEME;PROTON -> PROTOPORPHYRIN_IX;FE+2	normalized(rev)	False	reverse-and-keep
RXN0-7271	PHYSIOL-LEFT-TO-RIGHT	Protein-Ox-Disulfides;Red-Glutaredoxins -> Protein-Red-Disulfides;Ox-Glutaredoxins	normalized(fwd)	False	keep-fwd
RXNQT-4168	PHYSIOL-LEFT-TO-RIGHT	CPDQT-37;NAD -> CPDQT-28;CARBON-DIOXIDE;NADH	normalized(fwd)	False	keep-fwd
NADH-KINASE-RXN		NADH;ATP -> PROTON;NADPH;ADP	normalized(?)		quarantine
RXN0-5248	LEFT-TO-RIGHT	NAD;PROTON -> NADH	normalized(fwd)	False	keep-fwd
3.4.21.92-RXN	PHYSIOL-LEFT-TO-RIGHT	General-Protein-Substrates;ATP;WATER -> Peptides-holder;ADP;Pi;PROTON	normalized(fwd)	False	keep-fwd
MALATE-DEHYDROGENASE-ACCEPTOR-RXN	REVERSIBLE	MAL -> ETR-Quinols;OXALACETIC_ACID	normalized(fwd)	True	keep-fwd
RXN-6883	PHYSIOL-LEFT-TO-RIGHT	Ubiquinols;OXYGEN-MOLECULE -> Ubiquinones;WATER	normalized(fwd)	False	keep-fwd
RXN-11347		CPD-12258;CPD-9646 -> CPD-12303;UMP	normalized(?)		quarantine
ASPARAGINE--TRNA-LIGASE-RXN	PHYSIOL-LEFT-TO-RIGHT	ASN-tRNAs;ASN;ATP -> Charged-ASN-tRNAs;PPI;AMP	normalized(fwd)	False	keep-fwd
RXN-15309	PHYSIOL-LEFT-TO-RIGHT	4-Hydroxy-3-polyprenylbenzoates;PROTON -> 2-Polyprenyl-Phenol;CARBON-DIOXIDE	normalized(fwd)	False	keep-fwd
RXN-19236	PHYSIOL-LEFT-TO-RIGHT	Protein-L-glutamine;SEROTONIN -> Protein-N6-5-glutamyl-serotonin;AMMONIUM	normalized(fwd)	False	keep-fwd
RXN-16998	REVERSIBLE	ALPHA-GLUCOSE-16-BISPHOSPHATE;Phosphoglucomutase -> D-glucopyranose-6-phosphate;Phosphorylated-phosphoglucomutase	normalized(fwd)	True	keep-fwd
RXN-11029		CPD-11997;UDP-N-ACETYL-D-GLUCOSAMINE -> PROTON;CPD-11998;UDP	normalized(?)		quarantine
RIBULOSE-BISPHOSPHATE-CARBOXYLASE-RXN	PHYSIOL-RIGHT-TO-LEFT	G3P;PROTON -> D-RIBULOSE-15-P2;CARBON-DIOXIDE;WATER	normalized(rev)	False	reverse-and-keep
RXN-22245	PHYSIOL-LEFT-TO-RIGHT	R-3-hydroxy15-methylhexadecanoyl-ACPs;CPD-24236 -> CPD-24232;ACP;PROTON	normalized(fwd)	False	keep-fwd
RXN-15635		METHYLENETETRAHYDROMETHANOPTERIN;2-KETO-ISOVALERATE;WATER -> 2-DEHYDROPANTOATE;THMPT	normalized(?)		quarantine
2.4.2.37-RXN		Dinitrogen-reductase-L-arginine;NAD -> ADP-D-ribosyl-nitrogen-reductases;NIACINAMIDE;PROTON	normalized(?)		quarantine
PEPTIDYLPROLYL-ISOMERASE-RXN	REVERSIBLE	CPD-8624 -> CPD-8625	normalized(fwd)	True	keep-fwd
RXN-12019	RIGHT-TO-LEFT	SO3;AMP;Ox-Thioredoxin;PROTON -> APS;Red-Thioredoxin	normalized(rev)	False	reverse-and-keep
UDPHYDROXYMYRGLUCOSAMNACETYLTRANS-RXN	PHYSIOL-LEFT-TO-RIGHT	R-3-hydroxymyristoyl-ACPs;UDP-OHMYR-GLUCOSAMINE -> OH-MYRISTOYL;ACP;PROTON	normalized(fwd)	False	keep-fwd
TRNA-NUCLEOTIDYLTRANSFERASE-RXN		RNA-Holder;Pi -> RNA-Holder;Nucleoside-Diphosphates	normalized(?)		quarantine
GPH-RXN	PHYSIOL-LEFT-TO-RIGHT	WATER;CPD-67 -> GLYCOLLATE;Pi	normalized(fwd)	False	keep-fwd
RXN-21432	PHYSIOL-LEFT-TO-RIGHT	CPD-23334;WATER -> N-ACETYL-D-GLUCOSAMINE;NACMUR	normalized(fwd)	False	keep-fwd
RXN-15878	PHYSIOL-RIGHT-TO-LEFT	HYDROXY-METHYL-BUTENYL-DIP;Oxidized-flavodoxins;WATER;PROTON -> 2C-METH-D-ERYTHRITOL-CYCLODIPHOSPHATE;Reduced-flavodoxins	normalized(rev)	False	reverse-and-keep
SUCROSE-SYNTHASE-RXN		CPD-12575;BETA-D-FRUCTOSE -> SUCROSE;UDP;PROTON	normalized(?)		quarantine
FGAMSYN-RXN	PHYSIOL-LEFT-TO-RIGHT	ATP;5-P-RIBOSYL-N-FORMYLGLYCINEAMIDE;GLN;WATER -> PROTON;GLT;ADP;Pi;5-PHOSPHORIBOSYL-N-FORMYLGLYCINEAMIDINE	normalized(fwd)	False	keep-fwd
RXN-13997	PHYSIOL-LEFT-TO-RIGHT	PROTON;Adenine-34-in-tRNAs;WATER -> Hypoxanthine-In-tRNAs-34s;AMMONIUM	normalized(fwd)	False	keep-fwd
SULFATE-ADENYLYLTRANS-RXN	LEFT-TO-RIGHT	PROTON;SULFATE;ATP -> APS;PPI	normalized(fwd)	False	keep-fwd
RXN-22482	PHYSIOL-LEFT-TO-RIGHT	OH-ACYL-ACP;UDP-3R-hydroxyacyl-GlcN -> UDP-2N-3R-hydroxyacyl-3O-3R-hydroxyacyl-GlcN;ACP;PROTON	normalized(fwd)	False	keep-fwd
TYROSINE--TRNA-LIGASE-RXN	PHYSIOL-LEFT-TO-RIGHT	TYR-tRNAs;TYR;ATP -> Charged-TYR-tRNAs;PPI;AMP	normalized(fwd)	False	keep-fwd
RXN490-3616	PHYSIOL-LEFT-TO-RIGHT	ASN-tRNAs;L-ASPARTATE;ATP -> L-aspartyl-tRNAAsn;PPI;AMP	normalized(fwd)	False	keep-fwd
RXN-21265	PHYSIOL-RIGHT-TO-LEFT	DUTP;Ox-Thioredoxin;WATER -> UTP;Red-Thioredoxin	normalized(rev)	False	reverse-and-keep
AIRS-RXN	PHYSIOL-LEFT-TO-RIGHT	ATP;5-PHOSPHORIBOSYL-N-FORMYLGLYCINEAMIDINE -> PROTON;ADP;Pi;5-PHOSPHORIBOSYL-5-AMINOIMIDAZOLE	normalized(fwd)	False	keep-fwd
F16ALDOLASE-RXN	REVERSIBLE	FRUCTOSE-16-DIPHOSPHATE -> DIHYDROXY-ACETONE-PHOSPHATE;GAP	normalized(fwd)	True	keep-fwd
URACIL-PRIBOSYLTRANS-RXN	RIGHT-TO-LEFT	PPI;UMP -> PRPP;URACIL	normalized(rev)	False	reverse-and-keep
PREPHENATEDEHYDRAT-RXN	LEFT-TO-RIGHT	PROTON;PREPHENATE -> PHENYL-PYRUVATE;WATER;CARBON-DIOXIDE	normalized(fwd)	False	keep-fwd
UDP-NACMUR-ALA-LIG-RXN	PHYSIOL-LEFT-TO-RIGHT	L-ALPHA-ALANINE;UDP-N-ACETYLMURAMATE;ATP -> PROTON;CPD0-1456;Pi;ADP	normalized(fwd)	False	keep-fwd
RXN0-5199	REVERSIBLE	GUANOSINE;Pi -> GUANINE;RIBOSE-1P	normalized(fwd)	True	keep-fwd
RXN-18203	PHYSIOL-LEFT-TO-RIGHT	CPD-19488;PROTON -> CPDQT-30;CARBON-DIOXIDE	normalized(fwd)	False	keep-fwd
RXN-8315	REVERSIBLE	PROTON;SO3 -> HSO3	normalized(fwd)	True	keep-fwd
RXN-20784	PHYSIOL-LEFT-TO-RIGHT	CPD-22403;ATP -> CPD-22402;ADP;PROTON	normalized(fwd)	False	keep-fwd
RXN0-745	PHYSIOL-LEFT-TO-RIGHT	FORMATE;ATP;PROTON -> CARBON-DIOXIDE;DATP;WATER	normalized(fwd)	False	keep-fwd
PRPPSYN-RXN	LEFT-TO-RIGHT	RIBOSE-5P;ATP -> PROTON;PRPP;AMP	normalized(fwd)	False	keep-fwd
RXN-7719	REVERSIBLE	BCAA-dehydrogenase-DH-lipoyl;NAD -> BCAA-dehydrogenase-lipoyl;NADH;PROTON	normalized(fwd)	True	keep-fwd
H2PTERIDINEPYROPHOSPHOKIN-RXN	PHYSIOL-LEFT-TO-RIGHT	AMINO-OH-HYDROXYMETHYL-DIHYDROPTERIDINE;ATP -> PROTON;DIHYDROPTERIN-CH2OH-PP;AMP	normalized(fwd)	False	keep-fwd
RXN-9661	PHYSIOL-RIGHT-TO-LEFT	Dodecanoyl-ACPs;NAD -> Dodec-2-enoyl-ACPs;NADH;PROTON	normalized(rev)	False	reverse-and-keep
HOMOCYSMET-RXN	LEFT-TO-RIGHT	CPD-1302;HOMO-CYS -> CPD-1301;MET	normalized(fwd)	False	keep-fwd
GUANYL-KIN-RXN	REVERSIBLE	ATP;GMP -> ADP;GDP	normalized(fwd)	True	keep-fwd
RXN-9205	PHYSIOL-LEFT-TO-RIGHT	S-ADENOSYLMETHIONINE;CPD-12118 -> CPD-12126;ADENOSYL-HOMO-CYS;PROTON	normalized(fwd)	False	keep-fwd
RXN-17888	PHYSIOL-LEFT-TO-RIGHT	Charged-ARG-tRNAs;L-Glutamyl-Peptides -> ARG-tRNAs;L-arginyl-L-Glutamyl-Peptides;PROTON	normalized(fwd)	False	keep-fwd
GTP-CYCLOHYDRO-I-RXN	LEFT-TO-RIGHT	GTP;WATER -> PROTON;FORMATE;DIHYDRONEOPTERIN-P3	normalized(fwd)	False	keep-fwd
RXN-22615	PHYSIOL-LEFT-TO-RIGHT	UDP-N-ACETYL-D-GLUCOSAMINE;Lipid-I -> NAcMur-Peptide-NAcGlc-Undecaprenols;UDP;PROTON	normalized(fwd)	False	keep-fwd
GDPPYPHOSKIN-RXN	LEFT-TO-RIGHT	ATP;GDP -> AMP;GUANOSINE-5DP-3DP;PROTON	normalized(fwd)	False	keep-fwd
RXN-21019	PHYSIOL-LEFT-TO-RIGHT	CPD0-2040;GLUTATHIONE -> CPD-22658;WATER	normalized(fwd)	False	keep-fwd
RXN-9662	RIGHT-TO-LEFT	Myristoyl-ACPs;NAD -> Tetradec-2-enoyl-ACPs;NADH;PROTON	normalized(rev)	False	reverse-and-keep
3-DEHYDROQUINATE-DEHYDRATASE-RXN	LEFT-TO-RIGHT	DEHYDROQUINATE -> WATER;3-DEHYDRO-SHIKIMATE	normalized(fwd)	False	keep-fwd
RXN0-5222	PHYSIOL-LEFT-TO-RIGHT	CARBAMATE;PROTON -> CARBON-DIOXIDE;AMMONIUM	normalized(fwd)	False	keep-fwd
GLUC1PADENYLTRANS-RXN	LEFT-TO-RIGHT	PROTON;GLC-1-P;ATP -> ADP-D-GLUCOSE;PPI	normalized(fwd)	False	keep-fwd
DIHYDRONEOPTERIN-MONO-P-DEPHOS-RXN	LEFT-TO-RIGHT	DIHYDRONEOPTERIN-P;WATER -> DIHYDRO-NEO-PTERIN;Pi	normalized(fwd)	False	keep-fwd
RXN-12540	LEFT-TO-RIGHT	HYDROGEN-PEROXIDE;FE+2 -> CPD-12377;OH;FE+3	normalized(fwd)	False	keep-fwd
RXN-18210	REVERSIBLE	CPD-1130;NAD -> CPD-19492;NADH;PROTON	normalized(fwd)	True	keep-fwd
RXN-17900	PHYSIOL-LEFT-TO-RIGHT	PHOSPHORIBULOSYL-FORMIMINO-AICAR-P;AMMONIUM -> D-ERYTHRO-IMIDAZOLE-GLYCEROL-P;AICAR;WATER;PROTON	normalized(fwd)	False	keep-fwd
RXN-14267	PHYSIOL-LEFT-TO-RIGHT	CPD-15184;WATER -> NACMUR;L-ALPHA-ALANINE	normalized(fwd)	False	keep-fwd
RXN-22604	REVERSIBLE	D-LACTATE;PROTON -> CPD-24843	normalized(fwd)	True	keep-fwd
RXN0-4141	REVERSIBLE	HYDROGEN-MOLECULE -> 	normalized(fwd)	True	keep-fwd
PGPPHOSPHA-RXN	PHYSIOL-LEFT-TO-RIGHT	L-1-PHOSPHATIDYL-GLYCEROL-P;WATER -> L-1-PHOSPHATIDYL-GLYCEROL;Pi	normalized(fwd)	False	keep-fwd
RXN-19609	PHYSIOL-LEFT-TO-RIGHT	CPD-9674;WATER -> GLYOX;CL-;PROTON	normalized(fwd)	False	keep-fwd
RXN-9663	RIGHT-TO-LEFT	Palmitoyl-ACPs;NAD -> 2-Hexadecenoyl-ACPs;NADH;PROTON	normalized(rev)	False	reverse-and-keep
PEPCARBOXYKIN-RXN	REVERSIBLE	OXALACETIC_ACID;ATP -> CARBON-DIOXIDE;PHOSPHO-ENOL-PYRUVATE;ADP	normalized(fwd)	True	keep-fwd
RXN-11588	PHYSIOL-LEFT-TO-RIGHT	S-ADENOSYLMETHIONINE;23S-rRNA-guanine-2551 -> 23S-rRNA-2-O-methylguanosine2251;ADENOSYL-HOMO-CYS;PROTON	normalized(fwd)	False	keep-fwd
RXN-17026	LEFT-TO-RIGHT	NifB-with-L-cluster;NifEN -> NifEN-L-clutser;NifB	normalized(fwd)	False	keep-fwd
5.1.3.20-RXN	LEFT-TO-RIGHT	ADP-D-GLYCERO-D-MANNO-HEPTOSE -> ADP-L-GLYCERO-D-MANNO-HEPTOSE	normalized(fwd)	False	keep-fwd
H2SOXIREDPYRO-RXN	LEFT-TO-RIGHT	Elemental-Sulfur;HYDROGEN-MOLECULE -> HS	normalized(fwd)	False	keep-fwd
MERCURY-II-REDUCTASE-RXN	RIGHT-TO-LEFT	HG0;NADP;PROTON -> HG+2;NADPH	normalized(rev)	False	reverse-and-keep
RXN-21263	PHYSIOL-RIGHT-TO-LEFT	DGTP;Ox-Thioredoxin;WATER -> GTP;Red-Thioredoxin	normalized(rev)	False	reverse-and-keep
3-ISOPROPYLMALDEHYDROG-RXN	PHYSIOL-LEFT-TO-RIGHT	2-D-THREO-HYDROXY-3-CARBOXY-ISOCAPROATE;NAD -> CPD-7100;NADH;PROTON	normalized(fwd)	False	keep-fwd
RXN-16650	PHYSIOL-LEFT-TO-RIGHT	CPD-17927;C6 -> CPD-17927;UNDECAPRENYL-DIPHOSPHATE	normalized(fwd)	False	keep-fwd
RXN-9530	RIGHT-TO-LEFT	Decanoyl-ACPs;NADP -> Trans-D2-decenoyl-ACPs;NADPH;PROTON	normalized(rev)	False	reverse-and-keep
AICARSYN-RXN	LEFT-TO-RIGHT	P-RIBOSYL-4-SUCCCARB-AMINOIMIDAZOLE -> FUM;AICAR	normalized(fwd)	False	keep-fwd
LYSINE--TRNA-LIGASE-RXN	PHYSIOL-LEFT-TO-RIGHT	LYS;LYS-tRNAs;ATP -> Charged-LYS-tRNAs;PPI;AMP	normalized(fwd)	False	keep-fwd
PHOSMANMUT-RXN	RIGHT-TO-LEFT	MANNOSE-1P -> CPD-15979	normalized(rev)	False	reverse-and-keep
UROPORIIIMETHYLTRANSA-RXN	PHYSIOL-LEFT-TO-RIGHT	S-ADENOSYLMETHIONINE;UROPORPHYRINOGEN-III -> PROTON;ADENOSYL-HOMO-CYS;CPD-9038	normalized(fwd)	False	keep-fwd
ABC-27-RXN	PHYSIOL-LEFT-TO-RIGHT	ATP;Pi;WATER -> ADP;Pi;PROTON	normalized(fwd)	False	keep-fwd
RXN2B4Q-54	PHYSIOL-LEFT-TO-RIGHT	CMP-KDO;CPD2B4Q-16 -> CPD2B4Q-17;CMP;PROTON	normalized(fwd)	False	keep-fwd
L-GLN-FRUCT-6-P-AMINOTRANS-RXN	REVERSIBLE	FRUCTOSE-6P;GLN -> D-GLUCOSAMINE-6-P;GLT	normalized(fwd)	True	keep-fwd
R82-RXN		CPD-8999 -> PROTON;2-HYDROXY-3-KETO-5-METHYLTHIO-1-PHOSPHOP	normalized(?)		quarantine
DEOXYINOPHOSPHOR-RXN	REVERSIBLE	DEOXYINOSINE;Pi -> HYPOXANTHINE;DEOXY-D-RIBOSE-1-PHOSPHATE	normalized(fwd)	True	keep-fwd
RXN-11368	PHYSIOL-LEFT-TO-RIGHT	Polyisoprenyl-Diphosphates;4-hydroxybenzoate -> 4-Hydroxy-3-polyprenylbenzoates;PPI	normalized(fwd)	False	keep-fwd
RXN-16660	PHYSIOL-LEFT-TO-RIGHT	CPD-17926;CPD-17931 -> CPD-17947;D-ALANINE	normalized(fwd)	False	keep-fwd
RXN-22286	REVERSIBLE	CPD-846;PROTON -> HS	normalized(fwd)	True	keep-fwd
METHYLTHIOADENOSINE-NUCLEOSIDASE-RXN	PHYSIOL-LEFT-TO-RIGHT	5-METHYLTHIOADENOSINE;WATER -> CPD-560;ADENINE	normalized(fwd)	False	keep-fwd
RXN-1381	PHYSIOL-LEFT-TO-RIGHT	ACYL-COA;GLYCEROL-3P -> ACYL-SN-GLYCEROL-3P;CO-A	normalized(fwd)	False	keep-fwd
RXN-22487	PHYSIOL-LEFT-TO-RIGHT	CMP-KDO;Kdo-2-6-Lipid-IVA -> Kdo-2-4-Kdo-2-6-Lipid-IVA;CMP;PROTON	normalized(fwd)	False	keep-fwd
TRANS-RXN0-234	LEFT-TO-RIGHT	Menaquinones;PROTON -> Menaquinols	normalized(fwd)	False	keep-fwd
RXN-18209	PHYSIOL-LEFT-TO-RIGHT	CPD-19491;PROTON -> CPDQT-27;CARBON-DIOXIDE	normalized(fwd)	False	keep-fwd
LIPIDXSYNTHESIS-RXN	PHYSIOL-LEFT-TO-RIGHT	WATER;OH-MYRISTOYL -> PROTON;BISOHMYR-GLUCOSAMINYL-1P;UMP	normalized(fwd)	False	keep-fwd
RXN0-1081		PROTON;tRNA-Arg-adenosine34;WATER -> tRNA-Arg-inosine34;AMMONIUM	normalized(?)		quarantine
TETRAACYLDISACC4KIN-RXN	PHYSIOL-LEFT-TO-RIGHT	BISOHMYR-GLC;ATP -> LIPID-IV-A;ADP;PROTON	normalized(fwd)	False	keep-fwd
RXN0-901	REVERSIBLE	XANTHINE;NAD;WATER -> URATE;NADH;PROTON	normalized(fwd)	True	keep-fwd
3.4.24.32-RXN	PHYSIOL-LEFT-TO-RIGHT	NAcMur-Peptide-NAcGlc-Undecaprenols;WATER -> CPD-15797;CPD-17583	normalized(fwd)	False	keep-fwd
ADPREDUCT-RXN	PHYSIOL-RIGHT-TO-LEFT	DADP;Ox-Thioredoxin;WATER -> ADP;Red-Thioredoxin	normalized(rev)	False	reverse-and-keep
RXN-11837	PHYSIOL-LEFT-TO-RIGHT	23S-rRNA-uridine1911-1915-1917 -> 23S-rRNA-pseudouridine1911-1915-1917	normalized(fwd)	False	keep-fwd
2.1.1.77-RXN	PHYSIOL-LEFT-TO-RIGHT	S-ADENOSYLMETHIONINE;PROTEIN-L-BETA-ISOASPARTATES -> ADENOSYL-HOMO-CYS;PROTEIN-L-BETA-ISOSPARTATE-METHYL-ESTERS	normalized(fwd)	False	keep-fwd
PALMITOYL-COA-HYDROLASE-RXN	PHYSIOL-LEFT-TO-RIGHT	PALMITYL-COA;WATER -> PROTON;PALMITATE;CO-A	normalized(fwd)	False	keep-fwd
3.1.21.1-RXN	PHYSIOL-LEFT-TO-RIGHT	WATER -> 5-phosphooligonucleotides	normalized(fwd)	False	keep-fwd
VALINE--TRNA-LIGASE-RXN	PHYSIOL-LEFT-TO-RIGHT	VAL-tRNAs;VAL;ATP -> Charged-VAL-tRNAs;PPI;AMP	normalized(fwd)	False	keep-fwd
6.3.5.6-RXN	PHYSIOL-LEFT-TO-RIGHT	GLN;L-aspartyl-tRNAAsn;ATP;WATER -> GLT;Charged-ASN-tRNAs;Pi;ADP;PROTON	normalized(fwd)	False	keep-fwd
IMPCYCLOHYDROLASE-RXN	RIGHT-TO-LEFT	IMP;WATER -> PHOSPHORIBOSYL-FORMAMIDO-CARBOXAMIDE	normalized(rev)	False	reverse-and-keep
RXN-22610	PHYSIOL-LEFT-TO-RIGHT	CPD-24846;CPD-9646 -> CPD-24847;UMP	normalized(fwd)	False	keep-fwd
RXN-21228	PHYSIOL-LEFT-TO-RIGHT	CPD-22847;WATER;OXALACETIC_ACID -> CPD-22852;CO-A;PROTON	normalized(fwd)	False	keep-fwd
R581-RXN	PHYSIOL-LEFT-TO-RIGHT	CPD-901;PROTON -> HG+2;BENZENE;ACET	normalized(fwd)	False	keep-fwd
RXN-22248	PHYSIOL-LEFT-TO-RIGHT	CMP-KDO;CPD-24229 -> CPD-24238;CMP;PROTON	normalized(fwd)	False	keep-fwd
3.4.11.2-RXN	PHYSIOL-LEFT-TO-RIGHT	Peptide-with-N-terminal-Alanine;WATER -> L-ALPHA-ALANINE;Peptide-Holder-Alternative	normalized(fwd)	False	keep-fwd
RXN-16380	LEFT-TO-RIGHT	STEARIC_ACID;CO-A;ATP -> STEAROYL-COA;AMP;PPI	normalized(fwd)	False	keep-fwd
MYO-INOSITOL-1-PHOSPHATE-SYNTHASE-RXN	LEFT-TO-RIGHT	D-glucopyranose-6-phosphate -> 1-L-MYO-INOSITOL-1-P	normalized(fwd)	False	keep-fwd
CDPKIN-RXN	PHYSIOL-LEFT-TO-RIGHT	ATP;CDP -> ADP;CTP	normalized(fwd)	False	keep-fwd
RXN-14117	PHYSIOL-RIGHT-TO-LEFT	PYRUVATE;GTP -> PHOSPHO-ENOL-PYRUVATE;GDP;PROTON	normalized(rev)	False	reverse-and-keep
UROGENIIISYN-RXN	LEFT-TO-RIGHT	HYDROXYMETHYLBILANE -> UROPORPHYRINOGEN-III;WATER	normalized(fwd)	False	keep-fwd
2-DEHYDROPANTOATE-REDUCT-RXN	RIGHT-TO-LEFT	L-PANTOATE;NADP -> PROTON;2-DEHYDROPANTOATE;NADPH	normalized(rev)	False	reverse-and-keep
RXN0-2584	PHYSIOL-LEFT-TO-RIGHT	WATER -> URACIL	normalized(fwd)	False	keep-fwd
RXN-17809	LEFT-TO-RIGHT	CPD-19179 -> PRECURSOR-Z;PPI	normalized(fwd)	False	keep-fwd
H2NEOPTERINALDOL-RXN	PHYSIOL-LEFT-TO-RIGHT	DIHYDRO-NEO-PTERIN -> GLYCOLALDEHYDE;AMINO-OH-HYDROXYMETHYL-DIHYDROPTERIDINE	normalized(fwd)	False	keep-fwd
NICONUCADENYLYLTRAN-RXN	PHYSIOL-LEFT-TO-RIGHT	NICOTINATE_NUCLEOTIDE;ATP;PROTON -> DEAMIDO-NAD;PPI	normalized(fwd)	False	keep-fwd
RXN-17392	PHYSIOL-LEFT-TO-RIGHT	CPD-18804 -> CPD-17986;CPD-18805	normalized(fwd)	False	keep-fwd
RXN-7682	LEFT-TO-RIGHT	HYPOXANTHINE;NAD;WATER -> XANTHINE;NADH;PROTON	normalized(fwd)	False	keep-fwd
RXN-17757	LEFT-TO-RIGHT	GLYOX;PROTON -> GLYCOLLATE	normalized(fwd)	False	keep-fwd
OXALODECARB-RXN	PHYSIOL-LEFT-TO-RIGHT	OXALACETIC_ACID;PROTON -> PYRUVATE;CARBON-DIOXIDE	normalized(fwd)	False	keep-fwd
UDP-NACMURALGLDAPLIG-RXN	PHYSIOL-LEFT-TO-RIGHT	UDP-AA-GLUTAMATE;MESO-DIAMINOPIMELATE;ATP -> PROTON;UDP-AAGM-DIAMINOHEPTANEDIOATE;Pi;ADP	normalized(fwd)	False	keep-fwd
GLUTCYSLIG-RXN	PHYSIOL-LEFT-TO-RIGHT	GLT;CYS;ATP -> L-GAMMA-GLUTAMYLCYSTEINE;ADP;Pi;PROTON	normalized(fwd)	False	keep-fwd
RXN-14957		S-ADENOSYLMETHIONINE;a-pyruvate-dehydrogenase-E2-protein-Nsup;Reduced-2Fe-2S-Ferredoxins -> Pyruvate-dehydrogenase-lipoate;MET;CH33ADO;Oxidized-2Fe-2S-Ferredoxins	normalized(?)		quarantine
RXN-9535	LEFT-TO-RIGHT	Dodecanoyl-ACPs;MALONYL-ACP;PROTON -> 3-oxo-myristoyl-ACPs;CARBON-DIOXIDE;ACP	normalized(fwd)	False	keep-fwd
ERYTHRON4PDEHYDROG-RXN	LEFT-TO-RIGHT	ERYTHRONATE-4P;NAD -> PROTON;3OH-4P-OH-ALPHA-KETOBUTYRATE;NADH	normalized(fwd)	False	keep-fwd
RXN-20785	PHYSIOL-LEFT-TO-RIGHT	CPD-22404;CPD-22405 -> CPD-22403;UDP;PROTON	normalized(fwd)	False	keep-fwd
RXN-15889		Apo-EntF;CO-A -> Holo-EntF;3-5-ADP;PROTON	normalized(?)		quarantine
RXN-18208	REVERSIBLE	CPDQT-36;NAD -> CPD-19491;NADH;PROTON	normalized(fwd)	True	keep-fwd
RXN-18798	PHYSIOL-LEFT-TO-RIGHT	SoxY-S-S-Thiocysteine;WATER;Cytochromes-C-Oxidized -> SoxY-Thiocysteine-Sulfate;Cytochromes-C-Reduced;PROTON	normalized(fwd)	False	keep-fwd
UDP-NACMURALA-GLU-LIG-RXN	PHYSIOL-LEFT-TO-RIGHT	CPD0-1456;D-GLT;ATP -> UDP-AA-GLUTAMATE;Pi;ADP;PROTON	normalized(fwd)	False	keep-fwd
CYTIDEAM-RXN	LEFT-TO-RIGHT	PROTON;WATER;DEOXYCYTIDINE -> DEOXYURIDINE;AMMONIUM	normalized(fwd)	False	keep-fwd
RXN-15816	LEFT-TO-RIGHT	ETR-Quinols;Cytochromes-C-Oxidized -> PROTON;Cytochromes-C-Reduced	normalized(fwd)	False	keep-fwd
RXN-9230	PHYSIOL-LEFT-TO-RIGHT	CPD-9610;4-hydroxybenzoate -> CPD-9864;PPI	normalized(fwd)	False	keep-fwd
RXN0-5244	LEFT-TO-RIGHT	Ubiquinones;PROTON -> Ubiquinols	normalized(fwd)	False	keep-fwd
N-ACETYLGLUTPREDUCT-RXN	RIGHT-TO-LEFT	CPD-469;NADP;Pi -> PROTON;N-ACETYL-GLUTAMYL-P;NADPH	normalized(rev)	False	reverse-and-keep
PRODISULFREDUCT-A-RXN	PHYSIOL-LEFT-TO-RIGHT	GLUTATHIONE;Ox-Glutaredoxins -> OXIDIZED-GLUTATHIONE;Red-Glutaredoxins	normalized(fwd)	False	keep-fwd
PSERTRANSAMPYR-RXN	REVERSIBLE	4-PHOSPHONOOXY-THREONINE;2-KETOGLUTARATE -> 3OH-4P-OH-ALPHA-KETOBUTYRATE;GLT	normalized(fwd)	True	keep-fwd
ABC-19-RXN	PHYSIOL-LEFT-TO-RIGHT	ATP;CPD-3;WATER -> ADP;Pi;CPD-3;PROTON	normalized(fwd)	False	keep-fwd
RXN0-308	LEFT-TO-RIGHT	CYS;Cysteine-Desulfurase-L-cysteine -> L-ALPHA-ALANINE;L-Cysteine-Desulfurase-persulfide	normalized(fwd)	False	keep-fwd
RXN-14480	PHYSIOL-LEFT-TO-RIGHT	S-ADENOSYLMETHIONINE;6-Dimethylallyladenosine37-tRNAs -> CPD-15360;CH33ADO;MET;PROTON	normalized(fwd)	False	keep-fwd
RXN-21539	PHYSIOL-LEFT-TO-RIGHT	5-METHYL-THF-GLU-N;Methionine-synthase-cob-I-alamins;PROTON -> THF-GLU-N;METHIONINE-SYNTHASE-METHYLCOBALAMIN	normalized(fwd)	False	keep-fwd
GLYOHMETRANS-RXN	REVERSIBLE	SER;THF-GLU-N -> GLY;METHYLENE-THF-GLU-N;WATER	normalized(fwd)	True	keep-fwd
RXN-22237	PHYSIOL-LEFT-TO-RIGHT	CPD-24231;CPD-24233 -> CPD-24230;UDP;PROTON	normalized(fwd)	False	keep-fwd
RXN-9624	PHYSIOL-LEFT-TO-RIGHT	STEAROYL-COA;WATER -> PROTON;STEARIC_ACID;CO-A	normalized(fwd)	False	keep-fwd
RXN-14207	PHYSIOL-RIGHT-TO-LEFT	PYRUVATE;DGTP -> PHOSPHO-ENOL-PYRUVATE;DGDP;PROTON	normalized(rev)	False	reverse-and-keep
RXN-16759	PHYSIOL-LEFT-TO-RIGHT	LYS2-peptidyl-carrier-protein;CO-A -> 3-5-ADP;Holo-LYS2-peptidyl-carrier-protein;PROTON	normalized(fwd)	False	keep-fwd
R17-RXN	PHYSIOL-LEFT-TO-RIGHT	HS -> Polysulfides;ETR-Quinols	normalized(fwd)	False	keep-fwd
ACETYLHOMOSER-CYS-RXN	LEFT-TO-RIGHT	CPD-667;HS -> PROTON;HOMO-CYS;ACET	normalized(fwd)	False	keep-fwd
ADENOSYLHOMOCYSTEINASE-RXN	PHYSIOL-LEFT-TO-RIGHT	ADENOSYL-HOMO-CYS;WATER -> HOMO-CYS;ADENOSINE	normalized(fwd)	False	keep-fwd
ARGINYLTRANSFERASE-RXN	PHYSIOL-LEFT-TO-RIGHT	Charged-ARG-tRNAs;General-Protein-Substrates -> ARG-tRNAs;Protein-N-terminal-L-Arginine	normalized(fwd)	False	keep-fwd
RXN-21562	PHYSIOL-LEFT-TO-RIGHT	CPD-15873;Mo-bis-MGD-Chaperones -> Loaded-Mo-bis-MGD-Chaperones	normalized(fwd)	False	keep-fwd
RXN-9516	LEFT-TO-RIGHT	Butanoyl-ACPs;MALONYL-ACP;PROTON -> 3-oxo-hexanoyl-ACPs;CARBON-DIOXIDE;ACP	normalized(fwd)	False	keep-fwd
ATPSYN-RXN	REVERSIBLE	ATP;WATER;PROTON -> ADP;Pi;PROTON	normalized(fwd)	True	keep-fwd
DEPHOSPHOCOAKIN-RXN	LEFT-TO-RIGHT	DEPHOSPHO-COA;ATP -> PROTON;CO-A;ADP	normalized(fwd)	False	keep-fwd
PEPSYNTH-RXN	REVERSIBLE	WATER;PYRUVATE;ATP -> PROTON;Pi;PHOSPHO-ENOL-PYRUVATE;AMP	normalized(fwd)	True	keep-fwd
RXN-21601	PHYSIOL-LEFT-TO-RIGHT	CPD-8123;CPD-4;GTP;PROTON -> CPD-15873;PPI;WATER	normalized(fwd)	False	keep-fwd
PYRROLINECARBREDUCT-RXN	RIGHT-TO-LEFT	PRO;NAD-P-OR-NOP -> L-DELTA1-PYRROLINE_5-CARBOXYLATE;NADH-P-OR-NOP;PROTON	normalized(rev)	False	reverse-and-keep
RXN-21522	PHYSIOL-LEFT-TO-RIGHT	Hydroxymethylbilane-Synthase-Cys;HYDROXYMETHYLBILANE -> Hydroxymethylbilane-Synthase-ES2;WATER	normalized(fwd)	False	keep-fwd
3.1.21.3-RXN	PHYSIOL-LEFT-TO-RIGHT	ATP;WATER -> ADP;Pi	normalized(fwd)	False	keep-fwd
RXN0-366	PHYSIOL-LEFT-TO-RIGHT	GUANOSINE;WATER -> D-Ribofuranose;GUANINE	normalized(fwd)	False	keep-fwd
S-ADENMETSYN-RXN	LEFT-TO-RIGHT	ATP;MET;WATER -> S-ADENOSYLMETHIONINE;Pi;PPI	normalized(fwd)	False	keep-fwd
THYM-PHOSPH-RXN	REVERSIBLE	Pi;THYMIDINE -> DEOXY-D-RIBOSE-1-PHOSPHATE;THYMINE	normalized(fwd)	True	keep-fwd
BRANCHED-CHAINAMINOTRANSFERVAL-RXN	REVERSIBLE	VAL;2-KETOGLUTARATE -> GLT;2-KETO-ISOVALERATE	normalized(fwd)	True	keep-fwd
THRESYN-RXN	PHYSIOL-LEFT-TO-RIGHT	O-PHOSPHO-L-HOMOSERINE;WATER -> Pi;THR	normalized(fwd)	False	keep-fwd
RXN0-6515	PHYSIOL-LEFT-TO-RIGHT	S-ADENOSYLMETHIONINE;16S-rRNA-guanine-966 -> ADENOSYL-HOMO-CYS;16S-rRNA-N2-methylguanine966;PROTON	normalized(fwd)	False	keep-fwd
RXN-20037	PHYSIOL-LEFT-TO-RIGHT	CYS;Adenylated-ThiS-Proteins -> ThiS-CoASH-proteins;L-ALPHA-ALANINE;AMP;PROTON	normalized(fwd)	False	keep-fwd
GCVP-RXN	REVERSIBLE	GLY;PROTEIN-LIPOYLLYSINE;PROTON -> AMINOMETHYLDIHYDROLIPOYL-GCVH;CARBON-DIOXIDE	normalized(fwd)	True	keep-fwd
NITROGENASE-RXN	PHYSIOL-LEFT-TO-RIGHT	Reduced-ferredoxins;NITROGEN-MOLECULE;ATP;WATER -> Oxidized-ferredoxins;HYDROGEN-MOLECULE;AMMONIUM;ADP;Pi;PROTON	normalized(fwd)	False	keep-fwd
GCVT-RXN	REVERSIBLE	AMINOMETHYLDIHYDROLIPOYL-GCVH;THF-GLU-N -> DIHYDROLIPOYL-GCVH;METHYLENE-THF-GLU-N;AMMONIUM	normalized(fwd)	True	keep-fwd
RXN0-262	LEFT-TO-RIGHT	CPD-8123;GTP;PROTON -> CPD-582;PPI	normalized(fwd)	False	keep-fwd
RXN-14992	PHYSIOL-LEFT-TO-RIGHT	S-ADENOSYLMETHIONINE;Release-factor-L-glutamine -> Release-factor-N5-Methyl-L-glutamine;ADENOSYL-HOMO-CYS;PROTON	normalized(fwd)	False	keep-fwd
3.1.2.21-RXN	PHYSIOL-LEFT-TO-RIGHT	Dodecanoyl-ACPs;WATER -> ACP;DODECANOATE;PROTON	normalized(fwd)	False	keep-fwd
SULFUR-DIOXYGENASE-RXN	PHYSIOL-LEFT-TO-RIGHT	Elemental-Sulfur;GLUTATHIONE -> CPD-11281	normalized(fwd)	False	keep-fwd
TRANS-RXN-477	PHYSIOL-LEFT-TO-RIGHT	TYPEIV-EFFECTOR-PROTEINS;ATP;WATER -> TYPEIV-EFFECTOR-PROTEINS;ADP;Pi;PROTON	normalized(fwd)	False	keep-fwd
RXN-17878	PHYSIOL-LEFT-TO-RIGHT	L-methionyl-L-valyl-Protein;WATER -> N-terminal-L-valine;MET	normalized(fwd)	False	keep-fwd
RXN-20927	PHYSIOL-LEFT-TO-RIGHT	Deoxy-Ribonucleoside-Triphosphates -> Pi	normalized(fwd)	False	keep-fwd
RXN-15140	LEFT-TO-RIGHT	DEOXYADENOSINE;CPD-12377 -> CPD-16020;WATER	normalized(fwd)	False	keep-fwd
RXN0-7081	PHYSIOL-LEFT-TO-RIGHT	tRNA-containing-5-CarbMeAminome-2-ThioU;WATER;FAD;PROTON -> tRNA-Containing-5AminoMe-2-ThioUrdines;GLYOX;FADH2	normalized(fwd)	False	keep-fwd
RXN-8342	PHYSIOL-LEFT-TO-RIGHT	PRECURSOR-Z;Thiocarboxylated-MPT-synthases;WATER -> CPD-4;MPT-Synthase-small-subunits;PROTON	normalized(fwd)	False	keep-fwd
DIHYDROOROT-RXN	RIGHT-TO-LEFT	DI-H-OROTATE;WATER -> PROTON;CARBAMYUL-L-ASPARTATE	normalized(rev)	False	reverse-and-keep
2.7.8.6-RXN	PHYSIOL-LEFT-TO-RIGHT	CPD-14553;CPD-9646 -> CPD-191;UMP	normalized(fwd)	False	keep-fwd
RXN-20498	PHYSIOL-LEFT-TO-RIGHT	MALONYL-COA;PedN-ACP -> CO-A;Malonyl-PedN-ACP	normalized(fwd)	False	keep-fwd
ACSERLY-RXN	LEFT-TO-RIGHT	ACETYLSERINE;HS -> CYS;ACET;PROTON	normalized(fwd)	False	keep-fwd
RXN-9283	LEFT-TO-RIGHT	PROTON;CPD-9899 -> 2-OCTAPRENYL-6-METHOXYPHENOL;CARBON-DIOXIDE	normalized(fwd)	False	keep-fwd
GUANPRIBOSYLTRAN-RXN	PHYSIOL-RIGHT-TO-LEFT	GMP;PPI -> GUANINE;PRPP	normalized(rev)	False	reverse-and-keep
2.7.7.60-RXN	LEFT-TO-RIGHT	PROTON;2-C-METHYL-D-ERYTHRITOL-4-PHOSPHATE;CTP -> 4-CYTIDINE-5-DIPHOSPHO-2-C;PPI	normalized(fwd)	False	keep-fwd
UROGENDECARBOX-RXN	LEFT-TO-RIGHT	UROPORPHYRINOGEN-III;PROTON -> COPROPORPHYRINOGEN_III;CARBON-DIOXIDE	normalized(fwd)	False	keep-fwd
tRNA-Charging-Reactions		 -> 	normalized(?)		quarantine
Chemical-Reactions		 -> 	normalized(?)		quarantine
Polynucleotide-Reactions		 -> 	normalized(?)		quarantine
RNA-Reactions		 -> 	normalized(?)		quarantine
Membrane-Protein-Modification-Reactions		 -> 	normalized(?)		quarantine
Protein-DNA-Binding-Reactions		 -> 	normalized(?)		quarantine
TR-14	LEFT-TO-RIGHT	 -> 	normalized(fwd)	False	keep-fwd
TR-17	LEFT-TO-RIGHT	 -> 	normalized(fwd)	False	keep-fwd
Reactions-Classified-By-Conversion-Type		 -> 	normalized(?)		quarantine
Reactions-Classified-By-Substrate		 -> 	normalized(?)		quarantine
TR-13	LEFT-TO-RIGHT	 -> 	normalized(fwd)	False	keep-fwd
Binding-Reactions		 -> 	normalized(?)		quarantine
Protein-Reactions		 -> 	normalized(?)		quarantine
Simple-Reactions		 -> 	normalized(?)		quarantine
Complex-Processes		 -> 	normalized(?)		quarantine
Redox-Half-Reactions		 -> 	normalized(?)		quarantine
Transcription-Factor-Binding-Reactions		 -> 	normalized(?)		quarantine
Small-Molecule-Reactions		 -> 	normalized(?)		quarantine
TR-11	LEFT-TO-RIGHT	 -> 	normalized(fwd)	False	keep-fwd
TR-20	LEFT-TO-RIGHT	 -> 	normalized(fwd)	False	keep-fwd
TR-16	LEFT-TO-RIGHT	 -> 	normalized(fwd)	False	keep-fwd
GROUP-TRANSLOCATION	LEFT-TO-RIGHT	 -> 	normalized(fwd)	False	keep-fwd
TR-21	LEFT-TO-RIGHT	 -> 	normalized(fwd)	False	keep-fwd
Unclassified-Reactions		 -> 	normalized(?)		quarantine
Polysaccharide-Reactions		 -> 	normalized(?)		quarantine
Protein-Modification-Reactions		 -> 	normalized(?)		quarantine
Light-Interactions		 -> 	normalized(?)		quarantine
TR-19	LEFT-TO-RIGHT	 -> 	normalized(fwd)	False	keep-fwd
Unknown-Conversions		 -> 	normalized(?)		quarantine
TR-12	LEFT-TO-RIGHT	 -> 	normalized(fwd)	False	keep-fwd
TR-15	LEFT-TO-RIGHT	 -> 	normalized(fwd)	False	keep-fwd
Composite-Reactions		 -> 	normalized(?)		quarantine
Degradation-Processes		 -> 	normalized(?)		quarantine
Macromolecule-Reactions		 -> 	normalized(?)		quarantine
DNA-Reactions		 -> 	normalized(?)		quarantine
tRNA-Reactions		 -> 	normalized(?)		quarantine
Transport-Reactions		 -> 	normalized(?)		quarantine
DNA-REPAIR		 -> 	normalized(?)		quarantine
Protein-Ligand-Binding-Reactions		 -> 	normalized(?)		quarantine
Electron-Transfer-Reactions		 -> 	normalized(?)		quarantine
