反应ID	状态	差异字段	2016反应式	2024反应式	2016规范化反应式	2024规范化反应式	2016上下界	2024上下界	2016GPR	2024GPR	2016单元格	2024单元格	层级提示
3OAR1	共同且无语义差异	无语义差异	h[c] + nadph[c] + actACP[c]  <=> nadp[c] + 3hydbutACP[c]	h[c] + nadph[c] + actACP[c]  <=> nadp[c] + 3hydbutACP[c]	可逆|3hydbutACP[c]:1;actACP[c]:-1;h[c]:-1;nadp[c]:1;nadph[c]:-1	可逆|3hydbutACP[c]:1;actACP[c]:-1;h[c]:-1;nadp[c]:1;nadph[c]:-1	-1000..1000	-1000..1000	AFE_1908	AFE_1908	A3:P3	A2:O2	共同基础
3OAR10	共同且无语义差异	无语义差异	h[c] + nadph[c] + 3ohexACP[c]  <=> nadp[c] + 3hhexACP[c]	h[c] + nadph[c] + 3ohexACP[c]  <=> nadp[c] + 3hhexACP[c]	可逆|3hhexACP[c]:1;3ohexACP[c]:-1;h[c]:-1;nadp[c]:1;nadph[c]:-1	可逆|3hhexACP[c]:1;3ohexACP[c]:-1;h[c]:-1;nadp[c]:1;nadph[c]:-1	-1000..1000	-1000..1000	AFE_1908	AFE_1908	A4:P4	A3:O3	共同基础
3OAR11	共同且无语义差异	无语义差异	h[c] + nadph[c] + 3ooctACP[c]  <=> nadp[c] + 3hoctACP[c]	h[c] + nadph[c] + 3ooctACP[c]  <=> nadp[c] + 3hoctACP[c]	可逆|3hoctACP[c]:1;3ooctACP[c]:-1;h[c]:-1;nadp[c]:1;nadph[c]:-1	可逆|3hoctACP[c]:1;3ooctACP[c]:-1;h[c]:-1;nadp[c]:1;nadph[c]:-1	-1000..1000	-1000..1000	AFE_1908	AFE_1908	A5:P5	A4:O4	共同基础
3OAR12	共同且无语义差异	无语义差异	h[c] + nadph[c] + 3odecACP[c]  <=> nadp[c] + 3hdecACP[c]	h[c] + nadph[c] + 3odecACP[c]  <=> nadp[c] + 3hdecACP[c]	可逆|3hdecACP[c]:1;3odecACP[c]:-1;h[c]:-1;nadp[c]:1;nadph[c]:-1	可逆|3hdecACP[c]:1;3odecACP[c]:-1;h[c]:-1;nadp[c]:1;nadph[c]:-1	-1000..1000	-1000..1000	AFE_1908	AFE_1908	A6:P6	A5:O5	共同基础
3OAR13	共同且无语义差异	无语义差异	h[c] + nadph[c] + 3oddecACP[c]  <=> nadp[c] + 3hddecACP[c]	h[c] + nadph[c] + 3oddecACP[c]  <=> nadp[c] + 3hddecACP[c]	可逆|3hddecACP[c]:1;3oddecACP[c]:-1;h[c]:-1;nadp[c]:1;nadph[c]:-1	可逆|3hddecACP[c]:1;3oddecACP[c]:-1;h[c]:-1;nadp[c]:1;nadph[c]:-1	-1000..1000	-1000..1000	AFE_1908	AFE_1908	A7:P7	A6:O6	共同基础
3OAR14	共同且无语义差异	无语义差异	h[c] + nadph[c] + 3omrsACP[c]  <=> nadp[c] + 3hmrsACP[c]	h[c] + nadph[c] + 3omrsACP[c]  <=> nadp[c] + 3hmrsACP[c]	可逆|3hmrsACP[c]:1;3omrsACP[c]:-1;h[c]:-1;nadp[c]:1;nadph[c]:-1	可逆|3hmrsACP[c]:1;3omrsACP[c]:-1;h[c]:-1;nadp[c]:1;nadph[c]:-1	-1000..1000	-1000..1000	AFE_1908	AFE_1908	A8:P8	A7:O7	共同基础
3OAR15	共同且无语义差异	无语义差异	h[c] + nadph[c] + 3opalmACP[c]  <=> nadp[c] + 3hpalmACP[c]	h[c] + nadph[c] + 3opalmACP[c]  <=> nadp[c] + 3hpalmACP[c]	可逆|3hpalmACP[c]:1;3opalmACP[c]:-1;h[c]:-1;nadp[c]:1;nadph[c]:-1	可逆|3hpalmACP[c]:1;3opalmACP[c]:-1;h[c]:-1;nadp[c]:1;nadph[c]:-1	-1000..1000	-1000..1000	AFE_1908	AFE_1908	A9:P9	A8:O8	共同基础
3OAR16	共同且无语义差异	无语义差异	h[c] + nadph[c] + 3ooctdACP[c]  <=> nadp[c] + 3hoctaACP[c]	h[c] + nadph[c] + 3ooctdACP[c]  <=> nadp[c] + 3hoctaACP[c]	可逆|3hoctaACP[c]:1;3ooctdACP[c]:-1;h[c]:-1;nadp[c]:1;nadph[c]:-1	可逆|3hoctaACP[c]:1;3ooctdACP[c]:-1;h[c]:-1;nadp[c]:1;nadph[c]:-1	-1000..1000	-1000..1000	AFE_1908	AFE_1908	A10:P10	A9:O9	共同基础
3OAR17	共同且无语义差异	无语义差异	h[c] + nadph[c] + 3oxeicACP[c]  <=> nadp[c] + R-3hyeicACP[c]	h[c] + nadph[c] + 3oxeicACP[c]  <=> nadp[c] + R-3hyeicACP[c]	可逆|3oxeicACP[c]:-1;R-3hyeicACP[c]:1;h[c]:-1;nadp[c]:1;nadph[c]:-1	可逆|3oxeicACP[c]:-1;R-3hyeicACP[c]:1;h[c]:-1;nadp[c]:1;nadph[c]:-1	-1000..1000	-1000..1000	AFE_1908	AFE_1908	A11:P11	A10:O10	共同基础
3OAR2	共同且无语义差异	无语义差异	h[c] + nadph[c] + coxododACP[c]  <=> nadp[c] + chydodeACP[c]	h[c] + nadph[c] + coxododACP[c]  <=> nadp[c] + chydodeACP[c]	可逆|chydodeACP[c]:1;coxododACP[c]:-1;h[c]:-1;nadp[c]:1;nadph[c]:-1	可逆|chydodeACP[c]:1;coxododACP[c]:-1;h[c]:-1;nadp[c]:1;nadph[c]:-1	-1000..1000	-1000..1000	AFE_1908	AFE_1908	A12:P12	A11:O11	共同基础
3OAR3	共同且无语义差异	无语义差异	h[c] + nadph[c] + coxtdeACP[c]  <=> nadp[c] + chytedeACP[c]	h[c] + nadph[c] + coxtdeACP[c]  <=> nadp[c] + chytedeACP[c]	可逆|chytedeACP[c]:1;coxtdeACP[c]:-1;h[c]:-1;nadp[c]:1;nadph[c]:-1	可逆|chytedeACP[c]:1;coxtdeACP[c]:-1;h[c]:-1;nadp[c]:1;nadph[c]:-1	-1000..1000	-1000..1000	AFE_1908	AFE_1908	A13:P13	A12:O12	共同基础
3OAR4	共同且无语义差异	无语义差异	h[c] + nadph[c] + coxhxcsACP[c]  <=> nadp[c] + chyhecdeACP[c]	h[c] + nadph[c] + coxhxcsACP[c]  <=> nadp[c] + chyhecdeACP[c]	可逆|chyhecdeACP[c]:1;coxhxcsACP[c]:-1;h[c]:-1;nadp[c]:1;nadph[c]:-1	可逆|chyhecdeACP[c]:1;coxhxcsACP[c]:-1;h[c]:-1;nadp[c]:1;nadph[c]:-1	-1000..1000	-1000..1000	AFE_1908	AFE_1908	A14:P14	A13:O13	共同基础
3OAR5	共同且无语义差异	无语义差异	h[c] + nadph[c] + coxocdaACP[c]  <=> nadp[c] + chyocdeACP[c]	h[c] + nadph[c] + coxocdaACP[c]  <=> nadp[c] + chyocdeACP[c]	可逆|chyocdeACP[c]:1;coxocdaACP[c]:-1;h[c]:-1;nadp[c]:1;nadph[c]:-1	可逆|chyocdeACP[c]:1;coxocdaACP[c]:-1;h[c]:-1;nadp[c]:1;nadph[c]:-1	-1000..1000	-1000..1000	AFE_1908	AFE_1908	A15:P15	A14:O14	共同基础
3OAR6	共同且无语义差异	无语义差异	h[c] + nadph[c] +3oxpenACP[c]  <=> nadp[c] + R-3hptACP[c]	h[c] + nadph[c] +3oxpenACP[c]  <=> nadp[c] + R-3hptACP[c]	可逆|3oxpenACP[c]:-1;R-3hptACP[c]:1;h[c]:-1;nadp[c]:1;nadph[c]:-1	可逆|3oxpenACP[c]:-1;R-3hptACP[c]:1;h[c]:-1;nadp[c]:1;nadph[c]:-1	-1000..1000	-1000..1000	AFE_1908	AFE_1908	A16:P16	A15:O15	共同基础
3OAR7	共同且无语义差异	无语义差异	5 h[c] + 5 nadph[c] + v3oaACP[c]  <=> 5 nadp[c] + v3haACP[c]	5 h[c] + 5 nadph[c] + v3oaACP[c]  <=> 5 nadp[c] + v3haACP[c]	可逆|h[c]:-5;nadp[c]:5;nadph[c]:-5;v3haACP[c]:1;v3oaACP[c]:-1	可逆|h[c]:-5;nadp[c]:5;nadph[c]:-5;v3haACP[c]:1;v3oaACP[c]:-1	-1000..1000	-1000..1000	AFE_1908	AFE_1908	A17:P17	A16:O16	共同基础
3OAR8	共同且无语义差异	无语义差异	h[c] + nadph[c] + 3oxhepACP[c]  <=> nadp[c] + R-3hyhepACP[c]	h[c] + nadph[c] + 3oxhepACP[c]  <=> nadp[c] + R-3hyhepACP[c]	可逆|3oxhepACP[c]:-1;R-3hyhepACP[c]:1;h[c]:-1;nadp[c]:1;nadph[c]:-1	可逆|3oxhepACP[c]:-1;R-3hyhepACP[c]:1;h[c]:-1;nadp[c]:1;nadph[c]:-1	-1000..1000	-1000..1000	AFE_1908	AFE_1908	A18:P18	A17:O17	共同基础
3OAR9	共同且无语义差异	无语义差异	h[c] + nadph[c] + 3oxnonACP[c]  <=> nadp[c] + 3hynonACP[c]	h[c] + nadph[c] + 3oxnonACP[c]  <=> nadp[c] + 3hynonACP[c]	可逆|3hynonACP[c]:1;3oxnonACP[c]:-1;h[c]:-1;nadp[c]:1;nadph[c]:-1	可逆|3hynonACP[c]:1;3oxnonACP[c]:-1;h[c]:-1;nadp[c]:1;nadph[c]:-1	-1000..1000	-1000..1000	AFE_1908	AFE_1908	A19:P19	A18:O18	共同基础
3OAS1	共同且无语义差异	无语义差异	h[c] + malACP[c] + butACP[c]  -> co2[c] + ACP[c] + 3ohexACP[c]	h[c] + malACP[c] + butACP[c]  -> co2[c] + ACP[c] + 3ohexACP[c]	正向|3ohexACP[c]:1;ACP[c]:1;butACP[c]:-1;co2[c]:1;h[c]:-1;malACP[c]:-1	正向|3ohexACP[c]:1;ACP[c]:1;butACP[c]:-1;co2[c]:1;h[c]:-1;malACP[c]:-1	0..1000	0..1000	(AFE_0796 or AFE_1910)	(AFE_0796 or AFE_1910)	A20:P20	A19:O19	共同基础
3OAS10	共同且无语义差异	无语义差异	h[c] + malACP[c] + dcaACP[c]  -> co2[c] + ACP[c] + 3oddecACP[c]	h[c] + malACP[c] + dcaACP[c]  -> co2[c] + ACP[c] + 3oddecACP[c]	正向|3oddecACP[c]:1;ACP[c]:1;co2[c]:1;dcaACP[c]:-1;h[c]:-1;malACP[c]:-1	正向|3oddecACP[c]:1;ACP[c]:1;co2[c]:1;dcaACP[c]:-1;h[c]:-1;malACP[c]:-1	0..1000	0..1000	(AFE_0796 or AFE_1910)	(AFE_0796 or AFE_1910)	A21:P21	A20:O20	共同基础
3OAS11	共同且无语义差异	无语义差异	h[c] + ddcaACP[c] + malACP[c]  -> co2[c] + ACP[c] + 3omrsACP[c]	h[c] + ddcaACP[c] + malACP[c]  -> co2[c] + ACP[c] + 3omrsACP[c]	正向|3omrsACP[c]:1;ACP[c]:1;co2[c]:1;ddcaACP[c]:-1;h[c]:-1;malACP[c]:-1	正向|3omrsACP[c]:1;ACP[c]:1;co2[c]:1;ddcaACP[c]:-1;h[c]:-1;malACP[c]:-1	0..1000	0..1000	(AFE_0796 or AFE_1910)	(AFE_0796 or AFE_1910)	A22:P22	A21:O21	共同基础
3OAS12	共同且无语义差异	无语义差异	h[c] + myrsACP[c] + malACP[c]  -> co2[c] + ACP[c] + 3opalmACP[c]	h[c] + myrsACP[c] + malACP[c]  -> co2[c] + ACP[c] + 3opalmACP[c]	正向|3opalmACP[c]:1;ACP[c]:1;co2[c]:1;h[c]:-1;malACP[c]:-1;myrsACP[c]:-1	正向|3opalmACP[c]:1;ACP[c]:1;co2[c]:1;h[c]:-1;malACP[c]:-1;myrsACP[c]:-1	0..1000	0..1000	(AFE_0796 or AFE_1910)	(AFE_0796 or AFE_1910)	A23:P23	A22:O22	共同基础
3OAS13	共同且无语义差异	无语义差异	h[c] + palmACP[c] + malACP[c]  -> co2[c] + ACP[c] + 3ooctdACP[c]	h[c] + palmACP[c] + malACP[c]  -> co2[c] + ACP[c] + 3ooctdACP[c]	正向|3ooctdACP[c]:1;ACP[c]:1;co2[c]:1;h[c]:-1;malACP[c]:-1;palmACP[c]:-1	正向|3ooctdACP[c]:1;ACP[c]:1;co2[c]:1;h[c]:-1;malACP[c]:-1;palmACP[c]:-1	0..1000	0..1000	(AFE_0796 or AFE_1910)	(AFE_0796 or AFE_1910)	A24:P24	A23:O23	共同基础
3OAS14	共同且无语义差异	无语义差异	h[c] + ocdcaACP[c] + malACP[c]  -> co2[c] + ACP[c] + 3oxeicACP[c]	h[c] + ocdcaACP[c] + malACP[c]  -> co2[c] + ACP[c] + 3oxeicACP[c]	正向|3oxeicACP[c]:1;ACP[c]:1;co2[c]:1;h[c]:-1;malACP[c]:-1;ocdcaACP[c]:-1	正向|3oxeicACP[c]:1;ACP[c]:1;co2[c]:1;h[c]:-1;malACP[c]:-1;ocdcaACP[c]:-1	0..1000	0..1000	(AFE_0796 or AFE_1910)	(AFE_0796 or AFE_1910)	A25:P25	A24:O24	共同基础
3OAS15	共同且无语义差异	无语义差异	h[c] + dec3ACP[c] + malACP[c]  -> co2[c] + ACP[c] + coxododACP[c]	h[c] + dec3ACP[c] + malACP[c]  -> co2[c] + ACP[c] + coxododACP[c]	正向|ACP[c]:1;co2[c]:1;coxododACP[c]:1;dec3ACP[c]:-1;h[c]:-1;malACP[c]:-1	正向|ACP[c]:1;co2[c]:1;coxododACP[c]:1;dec3ACP[c]:-1;h[c]:-1;malACP[c]:-1	0..1000	0..1000	(AFE_0796 or AFE_1910)	(AFE_0796 or AFE_1910)	A26:P26	A25:O25	共同基础
3OAS2	共同且无语义差异	无语义差异	h[c] + malACP[c] + 3cddACP[c]  -> co2[c] + ACP[c] + coxtdeACP[c]	h[c] + malACP[c] + 3cddACP[c]  -> co2[c] + ACP[c] + coxtdeACP[c]	正向|3cddACP[c]:-1;ACP[c]:1;co2[c]:1;coxtdeACP[c]:1;h[c]:-1;malACP[c]:-1	正向|3cddACP[c]:-1;ACP[c]:1;co2[c]:1;coxtdeACP[c]:1;h[c]:-1;malACP[c]:-1	0..1000	0..1000	(AFE_0796 or AFE_1910)	(AFE_0796 or AFE_1910)	A27:P27	A26:O26	共同基础
3OAS27	共同且无语义差异	无语义差异	h[c] + acACP[c] + malACP[c]  -> co2[c] + ACP[c] + actACP[c]	h[c] + acACP[c] + malACP[c]  -> co2[c] + ACP[c] + actACP[c]	正向|ACP[c]:1;acACP[c]:-1;actACP[c]:1;co2[c]:1;h[c]:-1;malACP[c]:-1	正向|ACP[c]:1;acACP[c]:-1;actACP[c]:1;co2[c]:1;h[c]:-1;malACP[c]:-1	0..1000	0..1000	AFE_1906	AFE_1906	A28:P28	A27:O27	共同基础
3OAS28	共同且无语义差异	无语义差异	h[c] + malACP[c] + ppcoa[c]  <=> co2[c] + coa[c] + 3oxpenACP[c]	h[c] + malACP[c] + ppcoa[c]  <=> co2[c] + coa[c] + 3oxpenACP[c]	可逆|3oxpenACP[c]:1;co2[c]:1;coa[c]:1;h[c]:-1;malACP[c]:-1;ppcoa[c]:-1	可逆|3oxpenACP[c]:1;co2[c]:1;coa[c]:1;h[c]:-1;malACP[c]:-1;ppcoa[c]:-1	-1000..1000	-1000..1000	AFE_1906	AFE_1906	A29:P29	A28:O28	共同基础
3OAS3	共同且无语义差异	无语义差异	h[c] + malACP[c] + ctdeACP[c]  -> co2[c] + ACP[c] + coxhxcsACP[c]	h[c] + malACP[c] + ctdeACP[c]  -> co2[c] + ACP[c] + coxhxcsACP[c]	正向|ACP[c]:1;co2[c]:1;coxhxcsACP[c]:1;ctdeACP[c]:-1;h[c]:-1;malACP[c]:-1	正向|ACP[c]:1;co2[c]:1;coxhxcsACP[c]:1;ctdeACP[c]:-1;h[c]:-1;malACP[c]:-1	0..1000	0..1000	(AFE_0796 or AFE_1910)	(AFE_0796 or AFE_1910)	A30:P30	A29:O29	共同基础
3OAS4	共同且无语义差异	无语义差异	h[c] + chexcaACP[c] + malACP[c]  -> co2[c] + ACP[c] + coxocdaACP[c]	h[c] + chexcaACP[c] + malACP[c]  -> co2[c] + ACP[c] + coxocdaACP[c]	正向|ACP[c]:1;chexcaACP[c]:-1;co2[c]:1;coxocdaACP[c]:1;h[c]:-1;malACP[c]:-1	正向|ACP[c]:1;chexcaACP[c]:-1;co2[c]:1;coxocdaACP[c]:1;h[c]:-1;malACP[c]:-1	0..1000	0..1000	(AFE_0796 or AFE_1910)	(AFE_0796 or AFE_1910)	A31:P31	A30:O30	共同基础
3OAS5	共同且无语义差异	无语义差异	5 h[c] + 5 malACP[c] + ptACP[c]  -> 5 co2[c] + 5 ACP[c] + v3oaACP[c]	5 h[c] + 5 malACP[c] + ptACP[c]  -> 5 co2[c] + 5 ACP[c] + v3oaACP[c]	正向|ACP[c]:5;co2[c]:5;h[c]:-5;malACP[c]:-5;ptACP[c]:-1;v3oaACP[c]:1	正向|ACP[c]:5;co2[c]:5;h[c]:-5;malACP[c]:-5;ptACP[c]:-1;v3oaACP[c]:1	0..1000	0..1000	(AFE_0796 or AFE_1910)	(AFE_0796 or AFE_1910)	A32:P32	A31:O31	共同基础
3OAS6	共同且无语义差异	无语义差异	h[c] + ptdcaACP[c] + malACP[c]  -> co2[c] + ACP[c] + 3oxhepACP[c]	h[c] + ptdcaACP[c] + malACP[c]  -> co2[c] + ACP[c] + 3oxhepACP[c]	正向|3oxhepACP[c]:1;ACP[c]:1;co2[c]:1;h[c]:-1;malACP[c]:-1;ptdcaACP[c]:-1	正向|3oxhepACP[c]:1;ACP[c]:1;co2[c]:1;h[c]:-1;malACP[c]:-1;ptdcaACP[c]:-1	0..1000	0..1000	(AFE_0796 or AFE_1910)	(AFE_0796 or AFE_1910)	A33:P33	A32:O32	共同基础
3OAS7	共同且无语义差异	无语义差异	h[c] + hpdcaACP[c] + malACP[c]  -> co2[c] + ACP[c] + 3oxnonACP[c]	h[c] + hpdcaACP[c] + malACP[c]  -> co2[c] + ACP[c] + 3oxnonACP[c]	正向|3oxnonACP[c]:1;ACP[c]:1;co2[c]:1;h[c]:-1;hpdcaACP[c]:-1;malACP[c]:-1	正向|3oxnonACP[c]:1;ACP[c]:1;co2[c]:1;h[c]:-1;hpdcaACP[c]:-1;malACP[c]:-1	0..1000	0..1000	(AFE_0796 or AFE_1910)	(AFE_0796 or AFE_1910)	A34:P34	A33:O33	共同基础
3OAS8	共同且无语义差异	无语义差异	h[c] + malACP[c] + hexACP[c]  -> co2[c] + ACP[c] + 3ooctACP[c]	h[c] + malACP[c] + hexACP[c]  -> co2[c] + ACP[c] + 3ooctACP[c]	正向|3ooctACP[c]:1;ACP[c]:1;co2[c]:1;h[c]:-1;hexACP[c]:-1;malACP[c]:-1	正向|3ooctACP[c]:1;ACP[c]:1;co2[c]:1;h[c]:-1;hexACP[c]:-1;malACP[c]:-1	0..1000	0..1000	(AFE_0796 or AFE_1910)	(AFE_0796 or AFE_1910)	A35:P35	A34:O34	共同基础
3OAS9	共同且无语义差异	无语义差异	h[c] + malACP[c] + ocACP[c]  -> co2[c] + ACP[c] + 3odecACP[c]	h[c] + malACP[c] + ocACP[c]  -> co2[c] + ACP[c] + 3odecACP[c]	正向|3odecACP[c]:1;ACP[c]:1;co2[c]:1;h[c]:-1;malACP[c]:-1;ocACP[c]:-1	正向|3odecACP[c]:1;ACP[c]:1;co2[c]:1;h[c]:-1;malACP[c]:-1;ocACP[c]:-1	0..1000	0..1000	(AFE_0796 or AFE_1910)	(AFE_0796 or AFE_1910)	A36:P36	A35:O35	共同基础
4HBAtex	共同且无语义差异	无语义差异	4hba[p]  <=> 4hba[e]	4hba[p]  <=> 4hba[e]	可逆|4hba[e]:1;4hba[p]:-1	可逆|4hba[e]:1;4hba[p]:-1	-1000..1000	-1000..1000			A37:P37	A36:O36	共同基础
4HBAtpp	共同且无语义差异	无语义差异	4hba[c]  <=> 4hba[p]	4hba[c]  <=> 4hba[p]	可逆|4hba[c]:-1;4hba[p]:1	可逆|4hba[c]:-1;4hba[p]:1	-1000..1000	-1000..1000			A38:P38	A37:O37	共同基础
4THASE1	共同且无语义差异	无语义差异	ttton[p] + h2o[p]  -> tsul[p] + s[p] + 2 h[p] + so4[p]	ttton[p] + h2o[p]  -> tsul[p] + s[p] + 2 h[p] + so4[p]	正向|h2o[p]:-1;h[p]:2;s[p]:1;so4[p]:1;tsul[p]:1;ttton[p]:-1	正向|h2o[p]:-1;h[p]:2;s[p]:1;so4[p]:1;tsul[p]:1;ttton[p]:-1	0..1000	0..1000	AFE_0029	AFE_0029	A39:P39	A38:O38	共同基础
4THASE2	共同且无语义差异	无语义差异	4 ttton[p] + 5 h2o[p]  -> 7 tsul[p] + 10 h[p] + 2 so4[p]	4 ttton[p] + 5 h2o[p]  -> 7 tsul[p] + 10 h[p] + 2 so4[p]	正向|h2o[p]:-5;h[p]:10;so4[p]:2;tsul[p]:7;ttton[p]:-4	正向|h2o[p]:-5;h[p]:10;so4[p]:2;tsul[p]:7;ttton[p]:-4	0..1000	0..1000	AFE_0029	AFE_0029	A40:P40	A39:O39	共同基础
5OXOP	共同且无语义差异	无语义差异	5oxpro[c] + 2 h2o[c] + atp[c]  <=> h[c] + glu-L[c] + pi[c] + adp[c]	5oxpro[c] + 2 h2o[c] + atp[c]  <=> h[c] + glu-L[c] + pi[c] + adp[c]	可逆|5oxpro[c]:-1;adp[c]:1;atp[c]:-1;glu-L[c]:1;h2o[c]:-2;h[c]:1;pi[c]:1	可逆|5oxpro[c]:-1;adp[c]:1;atp[c]:-1;glu-L[c]:1;h2o[c]:-2;h[c]:1;pi[c]:1	-1000..1000	-1000..1000			A41:P41	A40:O40	共同基础
A5PISO	共同且无语义差异	无语义差异	ru5p-D[c]  <=> ara5p[c]	ru5p-D[c]  <=> ara5p[c]	可逆|ara5p[c]:1;ru5p-D[c]:-1	可逆|ara5p[c]:1;ru5p-D[c]:-1	-1000..1000	-1000..1000	AFE_3030	AFE_3030	A42:P42	A41:O41	共同基础
ACCOAC	共同且有语义差异	上下界	atp[c] + accoa[c] + hco3[c]  <=> h[c] + pi[c] + adp[c] + malcoa[c]	atp[c] + accoa[c] + hco3[c]  <=> h[c] + pi[c] + adp[c] + malcoa[c]	可逆|accoa[c]:-1;adp[c]:1;atp[c]:-1;h[c]:1;hco3[c]:-1;malcoa[c]:1;pi[c]:1	可逆|accoa[c]:-1;adp[c]:1;atp[c]:-1;h[c]:1;hco3[c]:-1;malcoa[c]:1;pi[c]:1	-1000..1000	0..1000	(AFE_1462 or AFE_0196 or AFE_0195 or AFE_2067)	(AFE_1462 or AFE_0196 or AFE_0195 or AFE_2067)	A43:P43	A42:O42	宿主本底更新候选：需保留2016证据并经后续人工审计
ACGK	共同且无语义差异	无语义差异	atp[c] + acglu[c]  -> adp[c] + acg5p[c]	atp[c] + acglu[c]  -> adp[c] + acg5p[c]	正向|acg5p[c]:1;acglu[c]:-1;adp[c]:1;atp[c]:-1	正向|acg5p[c]:1;acglu[c]:-1;adp[c]:1;atp[c]:-1	0..1000	0..1000	AFE_0256	AFE_0256	A44:P44	A43:O43	共同基础
ACGS	共同且无语义差异	无语义差异	glu-L[c] + accoa[c]  -> h[c] + coa[c] + acglu[c]	glu-L[c] + accoa[c]  -> h[c] + coa[c] + acglu[c]	正向|accoa[c]:-1;acglu[c]:1;coa[c]:1;glu-L[c]:-1;h[c]:1	正向|accoa[c]:-1;acglu[c]:1;coa[c]:1;glu-L[c]:-1;h[c]:1	0..1000	0..1000	AFE_0664	AFE_0664	A45:P45	A44:O44	共同基础
ACHBS	共同且无语义差异	无语义差异	h[c] + pyr[c] + 2obut[c]  -> co2[c] + 2ahbut[c]	h[c] + pyr[c] + 2obut[c]  -> co2[c] + 2ahbut[c]	正向|2ahbut[c]:1;2obut[c]:-1;co2[c]:1;h[c]:-1;pyr[c]:-1	正向|2ahbut[c]:1;2obut[c]:-1;co2[c]:1;h[c]:-1;pyr[c]:-1	0..1000	0..1000	(AFE_0745 and AFE_0746)	(AFE_0745 and AFE_0746)	A46:P46	A45:O45	共同基础
ACLS	共同且无语义差异	无语义差异	h[c] + 2 pyr[c]  -> alac-S[c] + co2[c]	h[c] + 2 pyr[c]  -> alac-S[c] + co2[c]	正向|alac-S[c]:1;co2[c]:1;h[c]:-1;pyr[c]:-2	正向|alac-S[c]:1;co2[c]:1;h[c]:-1;pyr[c]:-2	0..1000	0..1000	(AFE_0745 and AFE_0746)	(AFE_0745 and AFE_0746)	A47:P47	A46:O46	共同基础
ACOATA	共同且无语义差异	无语义差异	accoa[c] + ACP[c]  <=> coa[c] + acACP[c]	accoa[c] + ACP[c]  <=> coa[c] + acACP[c]	可逆|ACP[c]:-1;acACP[c]:1;accoa[c]:-1;coa[c]:1	可逆|ACP[c]:-1;acACP[c]:1;accoa[c]:-1;coa[c]:1	-1000..1000	-1000..1000			A48:P48	A47:O47	共同基础
ACODA	共同且无语义差异	无语义差异	h2o[c] + acorn[c]  -> orn[c] + ac[c]	h2o[c] + acorn[c]  -> orn[c] + ac[c]	正向|ac[c]:1;acorn[c]:-1;h2o[c]:-1;orn[c]:1	正向|ac[c]:1;acorn[c]:-1;h2o[c]:-1;orn[c]:1	0..1000	0..1000			A49:P49	A48:O48	共同基础
ACONT1	共同且无语义差异	无语义差异	cit[c]  <=> h2o[c] + acon-C[c]	cit[c]  <=> h2o[c] + acon-C[c]	可逆|acon-C[c]:1;cit[c]:-1;h2o[c]:1	可逆|acon-C[c]:1;cit[c]:-1;h2o[c]:1	-1000..1000	-1000..1000	AFE_0423	AFE_0423	A50:P50	A49:O49	共同基础
ACONT2	共同且无语义差异	无语义差异	h2o[c] + acon-C[c]  <=> icit[c]	h2o[c] + acon-C[c]  <=> icit[c]	可逆|acon-C[c]:-1;h2o[c]:-1;icit[c]:1	可逆|acon-C[c]:-1;h2o[c]:-1;icit[c]:1	-1000..1000	-1000..1000	AFE_0423	AFE_0423	A51:P51	A50:O50	共同基础
ACOTA	共同且无语义差异	无语义差异	acorn[c] + akg[c]  <=> glu-L[c] + acg5sa[c]	acorn[c] + akg[c]  <=> glu-L[c] + acg5sa[c]	可逆|acg5sa[c]:1;acorn[c]:-1;akg[c]:-1;glu-L[c]:1	可逆|acg5sa[c]:1;acorn[c]:-1;akg[c]:-1;glu-L[c]:1	-1000..1000	-1000..1000	AFE_0406	AFE_0406	A52:P52	A51:O51	共同基础
ACPS1	共同且无语义差异	无语义差异	coa[c] + apoACP[c]  -> h[c] + ACP[c] + pap[c]	coa[c] + apoACP[c]  -> h[c] + ACP[c] + pap[c]	正向|ACP[c]:1;apoACP[c]:-1;coa[c]:-1;h[c]:1;pap[c]:1	正向|ACP[c]:1;apoACP[c]:-1;coa[c]:-1;h[c]:1;pap[c]:1	0..1000	0..1000	AFE_1404	AFE_1404	A53:P53	A53:O53	共同基础
ACPpds	共同且无语义差异	无语义差异	h2o[c] + ACP[c]  -> h[c] + apoACP[c] + 4ppan[c]	h2o[c] + ACP[c]  -> h[c] + apoACP[c] + 4ppan[c]	正向|4ppan[c]:1;ACP[c]:-1;apoACP[c]:1;h2o[c]:-1;h[c]:1	正向|4ppan[c]:1;ACP[c]:-1;apoACP[c]:1;h2o[c]:-1;h[c]:1	0..1000	0..1000			A54:P54	A52:O52	共同基础
ACS	共同且无语义差异	无语义差异	atp[c] + ac[c] + coa[c]  -> ppi[c] + accoa[c] + amp[c]	atp[c] + ac[c] + coa[c]  -> ppi[c] + accoa[c] + amp[c]	正向|ac[c]:-1;accoa[c]:1;amp[c]:1;atp[c]:-1;coa[c]:-1;ppi[c]:1	正向|ac[c]:-1;accoa[c]:1;amp[c]:1;atp[c]:-1;coa[c]:-1;ppi[c]:1	0..1000	0..1000	AFE_1969	AFE_1969	A55:P55	A54:O54	共同基础
ADA	共同且无语义差异	无语义差异	h[c] + h2o[c] + adn[c]  <=> ins[c] + nh4[c]	h[c] + h2o[c] + adn[c]  <=> ins[c] + nh4[c]	可逆|adn[c]:-1;h2o[c]:-1;h[c]:-1;ins[c]:1;nh4[c]:1	可逆|adn[c]:-1;h2o[c]:-1;h[c]:-1;ins[c]:1;nh4[c]:1	-1000..1000	-1000..1000	AFE_0773	AFE_0773	A56:P56	A55:O55	共同基础
ADCL	共同且无语义差异	无语义差异	4adcho[c]  -> h[c] + pyr[c] + 4abz[c]	4adcho[c]  -> h[c] + pyr[c] + 4abz[c]	正向|4abz[c]:1;4adcho[c]:-1;h[c]:1;pyr[c]:1	正向|4abz[c]:1;4adcho[c]:-1;h[c]:1;pyr[c]:1	0..1000	0..1000	AFE_1911	AFE_1911	A57:P57	A56:O56	共同基础
ADCS	共同且无语义差异	无语义差异	chor[c] + gln-L[c]  -> glu-L[c] + 4adcho[c]	chor[c] + gln-L[c]  -> glu-L[c] + 4adcho[c]	正向|4adcho[c]:1;chor[c]:-1;gln-L[c]:-1;glu-L[c]:1	正向|4adcho[c]:1;chor[c]:-1;gln-L[c]:-1;glu-L[c]:1	0..1000	0..1000	(AFE_3244 and AFE_0576)	(AFE_3244 and AFE_0576)	A58:P58	A57:O57	共同基础
ADK1	共同且无语义差异	无语义差异	atp[c] + amp[c]  <=> 2 adp[c]	atp[c] + amp[c]  <=> 2 adp[c]	可逆|adp[c]:2;amp[c]:-1;atp[c]:-1	可逆|adp[c]:2;amp[c]:-1;atp[c]:-1	-1000..1000	-1000..1000	AFE_0348	AFE_0348	A59:P59	A58:O58	共同基础
ADMDC	共同且无语义差异	无语义差异	h[c] + amet[c]  <=> co2[c] + ametam[c]	h[c] + amet[c]  <=> co2[c] + ametam[c]	可逆|amet[c]:-1;ametam[c]:1;co2[c]:1;h[c]:-1	可逆|amet[c]:-1;ametam[c]:1;co2[c]:1;h[c]:-1	-1000..1000	-1000..1000	AFE_0157	AFE_0157	A60:P60	A59:O59	共同基础
ADNSE	共同且无语义差异	无语义差异	h2o[c] + ahcys[c]  <=> adn[c] + hcys-L[c]	h2o[c] + ahcys[c]  <=> adn[c] + hcys-L[c]	可逆|adn[c]:1;ahcys[c]:-1;h2o[c]:-1;hcys-L[c]:1	可逆|adn[c]:1;ahcys[c]:-1;h2o[c]:-1;hcys-L[c]:1	-1000..1000	-1000..1000	AFE_0534	AFE_0534	A61:P61	A60:O60	共同基础
ADPT	共同且无语义差异	无语义差异	ppi[c] + amp[c]  <=> ade[c] + prpp[c]	ppi[c] + amp[c]  <=> ade[c] + prpp[c]	可逆|ade[c]:1;amp[c]:-1;ppi[c]:-1;prpp[c]:1	可逆|ade[c]:1;amp[c]:-1;ppi[c]:-1;prpp[c]:1	-1000..1000	-1000..1000	AFE_0540	AFE_0540	A62:P62	A61:O61	共同基础
ADSK	共同且无语义差异	无语义差异	atp[c] + aps[c]  <=> h[c] + adp[c] + paps[c]	atp[c] + aps[c]  <=> h[c] + adp[c] + paps[c]	可逆|adp[c]:1;aps[c]:-1;atp[c]:-1;h[c]:1;paps[c]:1	可逆|adp[c]:1;aps[c]:-1;atp[c]:-1;h[c]:1;paps[c]:1	-1000..1000	-1000..1000	AFE_0539	AFE_0539	A63:P63	A62:O62	共同基础
ADSL1	共同且无语义差异	无语义差异	dcamp[c]  <=> amp[c] + fum[c]	dcamp[c]  <=> amp[c] + fum[c]	可逆|amp[c]:1;dcamp[c]:-1;fum[c]:1	可逆|amp[c]:1;dcamp[c]:-1;fum[c]:1	-1000..1000	-1000..1000	AFE_2356	AFE_2356	A64:P64	A63:O63	共同基础
ADSL2	共同且无语义差异	无语义差异	25aics[c]  <=> fum[c] + aicar[c]	25aics[c]  <=> fum[c] + aicar[c]	可逆|25aics[c]:-1;aicar[c]:1;fum[c]:1	可逆|25aics[c]:-1;aicar[c]:1;fum[c]:1	-1000..1000	-1000..1000	AFE_2356	AFE_2356	A65:P65	A64:O64	共同基础
ADSR	共同且无语义差异	无语义差异	2 h[c] + amp[c] + q8[c] + so3[c]  -> q8h2[c] + aps[c]	2 h[c] + amp[c] + q8[c] + so3[c]  -> q8h2[c] + aps[c]	正向|amp[c]:-1;aps[c]:1;h[c]:-2;q8[c]:-1;q8h2[c]:1;so3[c]:-1	正向|amp[c]:-1;aps[c]:1;h[c]:-2;q8[c]:-1;q8h2[c]:1;so3[c]:-1	0..1000	0..1000			A66:P66	A65:O65	共同基础
ADSS	共同且无语义差异	无语义差异	asp-L[c] + gtp[c] + imp[c]  -> 2 h[c] + pi[c] + gdp[c] + dcamp[c]	asp-L[c] + gtp[c] + imp[c]  -> 2 h[c] + pi[c] + gdp[c] + dcamp[c]	正向|asp-L[c]:-1;dcamp[c]:1;gdp[c]:1;gtp[c]:-1;h[c]:2;imp[c]:-1;pi[c]:1	正向|asp-L[c]:-1;dcamp[c]:1;gdp[c]:1;gtp[c]:-1;h[c]:2;imp[c]:-1;pi[c]:1	0..1000	0..1000	AFE_1889	AFE_1889	A67:P67	A66:O66	共同基础
AGAD	共同且无语义差异	无语义差异	nad[c] + uacgam[c]  -> h[c] + nadh[c] + uacgamo[c]	nad[c] + uacgam[c]  -> h[c] + nadh[c] + uacgamo[c]	正向|h[c]:1;nad[c]:-1;nadh[c]:1;uacgam[c]:-1;uacgamo[c]:1	正向|h[c]:1;nad[c]:-1;nadh[c]:1;uacgam[c]:-1;uacgamo[c]:1	0..1000	0..1000	AFE_1457	AFE_1457	A68:P68	A68:O68	共同基础
AGMHE	共同且无语义差异	无语义差异	adphep-DD[c]  <=> adphep-LD[c]	adphep-DD[c]  <=> adphep-LD[c]	可逆|adphep-DD[c]:-1;adphep-LD[c]:1	可逆|adphep-DD[c]:-1;adphep-LD[c]:1	-1000..1000	-1000..1000	AFE_1967	AFE_1967	A69:P69	A69:O69	共同基础
AGPR	共同且无语义差异	无语义差异	pi[c] + nadp[c] + acg5sa[c]  <=> h[c] + nadph[c] + acg5p[c]	pi[c] + nadp[c] + acg5sa[c]  <=> h[c] + nadph[c] + acg5p[c]	可逆|acg5p[c]:1;acg5sa[c]:-1;h[c]:1;nadp[c]:-1;nadph[c]:1;pi[c]:-1	可逆|acg5p[c]:1;acg5sa[c]:-1;h[c]:1;nadp[c]:-1;nadph[c]:1;pi[c]:-1	-1000..1000	-1000..1000	AFE_3073	AFE_3073	A70:P70	A70:O70	共同基础
AHCYSNS	共同且无语义差异	无语义差异	h2o[c] + ahcys[c]  -> ade[c] + rhcys[c]	h2o[c] + ahcys[c]  -> ade[c] + rhcys[c]	正向|ade[c]:1;ahcys[c]:-1;h2o[c]:-1;rhcys[c]:1	正向|ade[c]:1;ahcys[c]:-1;h2o[c]:-1;rhcys[c]:1	0..1000	0..1000	AFE_2123	AFE_2123	A71:P71	A71:O71	共同基础
AICART	共同且无语义差异	无语义差异	10fthf[c] + aicar[c]  <=> thf[c] + fprica[c]	10fthf[c] + aicar[c]  <=> thf[c] + fprica[c]	可逆|10fthf[c]:-1;aicar[c]:-1;fprica[c]:1;thf[c]:1	可逆|10fthf[c]:-1;aicar[c]:-1;fprica[c]:1;thf[c]:1	-1000..1000	-1000..1000	AFE_2260	AFE_2260	A72:P72	A72:O72	共同基础
AIRC	共同且无语义差异	无语义差异	h[c] + 5aizc[c]  <=> co2[c] + air[c]	h[c] + 5aizc[c]  <=> co2[c] + air[c]	可逆|5aizc[c]:-1;air[c]:1;co2[c]:1;h[c]:-1	可逆|5aizc[c]:-1;air[c]:1;co2[c]:1;h[c]:-1	-1000..1000	-1000..1000	(AFE_0273 and AFE_0272)	(AFE_0273 and AFE_0272)	A73:P73	A73:O73	共同基础
ALAALAr	共同且无语义差异	无语义差异	atp[c] + 2 ala-D[c]  <=> h[c] + pi[c] + adp[c] + alaala[c]	atp[c] + 2 ala-D[c]  <=> h[c] + pi[c] + adp[c] + alaala[c]	可逆|adp[c]:1;ala-D[c]:-2;alaala[c]:1;atp[c]:-1;h[c]:1;pi[c]:1	可逆|adp[c]:1;ala-D[c]:-2;alaala[c]:1;atp[c]:-1;h[c]:1;pi[c]:1	-1000..1000	-1000..1000	AFE_0203	AFE_0203	A74:P74	A74:O74	共同基础
ALAR	共同且无语义差异	无语义差异	ala-L[c]  <=> ala-D[c]	ala-L[c]  <=> ala-D[c]	可逆|ala-D[c]:1;ala-L[c]:-1	可逆|ala-D[c]:1;ala-L[c]:-1	-1000..1000	-1000..1000	AFE_2818	AFE_2818	A75:P75	A75:O75	共同基础
ALDEP	共同且无语义差异	无语义差异	glc-B[c]  <=> glc-A[c]	glc-B[c]  <=> glc-A[c]	可逆|glc-A[c]:1;glc-B[c]:-1	可逆|glc-A[c]:1;glc-B[c]:-1	-1000..1000	-1000..1000			A76:P76	A76:O76	共同基础
AMALT1	共同且无语义差异	无语义差异	malttr[c] + mal-B[c]  <=> glc-B[c] + maltttr[c]	malttr[c] + mal-B[c]  <=> glc-B[c] + maltttr[c]	可逆|glc-B[c]:1;mal-B[c]:-1;malttr[c]:-1;maltttr[c]:1	可逆|glc-B[c]:1;mal-B[c]:-1;malttr[c]:-1;maltttr[c]:1	-1000..1000	-1000..1000	AFE_2840	AFE_2840	A77:P77	A77:O77	共同基础
AMAOT	共同且无语义差异	无语义差异	amet[c] + 8aonn[c]  <=> amob[c] + dann[c]	amet[c] + 8aonn[c]  <=> amob[c] + dann[c]	可逆|8aonn[c]:-1;amet[c]:-1;amob[c]:1;dann[c]:1	可逆|8aonn[c]:-1;amet[c]:-1;amob[c]:1;dann[c]:1	-1000..1000	-1000..1000	AFE_1924	AFE_1924	A78:P78	A78:O78	共同基础
AMPMS	共同且无语义差异	无语义差异	2 h2o[c] + nad[c] + air[c]  -> 3 h[c] + pi[c] + nadh[c] + 2 for[c] + 4ahmmp[c]	2 h2o[c] + nad[c] + air[c]  -> 3 h[c] + pi[c] + nadh[c] + 2 for[c] + 4ahmmp[c]	正向|4ahmmp[c]:1;air[c]:-1;for[c]:2;h2o[c]:-2;h[c]:3;nad[c]:-1;nadh[c]:1;pi[c]:1	正向|4ahmmp[c]:1;air[c]:-1;for[c]:2;h2o[c]:-2;h[c]:3;nad[c]:-1;nadh[c]:1;pi[c]:1	0..1000	0..1000	AFE_0948	AFE_0948	A79:P79	A79:O79	共同基础
AMPN	共同且无语义差异	无语义差异	h2o[c] + amp[c]  -> ade[c] + r5p[c]	h2o[c] + amp[c]  -> ade[c] + r5p[c]	正向|ade[c]:1;amp[c]:-1;h2o[c]:-1;r5p[c]:1	正向|ade[c]:1;amp[c]:-1;h2o[c]:-1;r5p[c]:1	0..1000	0..1000			A80:P80	A80:O80	共同基础
AMPTASECG	共同且无语义差异	无语义差异	h2o[c] + cgly[c]  <=> cys-L[c] + gly[c]	h2o[c] + cgly[c]  <=> cys-L[c] + gly[c]	可逆|cgly[c]:-1;cys-L[c]:1;gly[c]:1;h2o[c]:-1	可逆|cgly[c]:-1;cys-L[c]:1;gly[c]:1;h2o[c]:-1	-1000..1000	-1000..1000	AFE_1873	AFE_1873	A81:P81	A81:O81	共同基础
ANPRT	共同且无语义差异	无语义差异	anth[c] + prpp[c]  -> ppi[c] + pran[c]	anth[c] + prpp[c]  -> ppi[c] + pran[c]	正向|anth[c]:-1;ppi[c]:1;pran[c]:1;prpp[c]:-1	正向|anth[c]:-1;ppi[c]:1;pran[c]:1;prpp[c]:-1	0..1000	0..1000	AFE_3243	AFE_3243	A82:P82	A82:O82	共同基础
ANSYN	共同且无语义差异	无语义差异	chor[c] + gln-L[c]  <=> h[c] + glu-L[c] + pyr[c] + anth[c]	chor[c] + gln-L[c]  <=> h[c] + glu-L[c] + pyr[c] + anth[c]	可逆|anth[c]:1;chor[c]:-1;gln-L[c]:-1;glu-L[c]:1;h[c]:1;pyr[c]:1	可逆|anth[c]:1;chor[c]:-1;gln-L[c]:-1;glu-L[c]:1;h[c]:1;pyr[c]:1	-1000..1000	-1000..1000	(AFE_3244 and AFE_3245)	(AFE_3244 and AFE_3245)	A83:P83	A83:O83	共同基础
AOXS	共同且无语义差异	无语义差异	h[c] + ala-L[c] + pmcoa[c]  <=> co2[c] + coa[c] + 8aonn[c]	h[c] + ala-L[c] + pmcoa[c]  <=> co2[c] + coa[c] + 8aonn[c]	可逆|8aonn[c]:1;ala-L[c]:-1;co2[c]:1;coa[c]:1;h[c]:-1;pmcoa[c]:-1	可逆|8aonn[c]:1;ala-L[c]:-1;co2[c]:1;coa[c]:1;h[c]:-1;pmcoa[c]:-1	-1000..1000	-1000..1000	(AFE_3011 or AFE_0243)	(AFE_3011 or AFE_0243)	A84:P84	A84:O84	共同基础
APRAUR	共同且无语义差异	无语义差异	nadp[c] + 5a65pilamura[c]  <=> h[c] + nadph[c] + 5apru[c]	nadp[c] + 5a65pilamura[c]  <=> h[c] + nadph[c] + 5apru[c]	可逆|5a65pilamura[c]:-1;5apru[c]:1;h[c]:1;nadp[c]:-1;nadph[c]:1	可逆|5a65pilamura[c]:-1;5apru[c]:1;h[c]:1;nadp[c]:-1;nadph[c]:1	-1000..1000	-1000..1000	AFE_0297	AFE_0297	A85:P85	A85:O85	共同基础
AREDO	共同且无语义差异	无语义差异	o2[c] + 12dhy3meten[c]  -> h[c] + for[c] + 2kmb[c]	o2[c] + 12dhy3meten[c]  -> h[c] + for[c] + 2kmb[c]	正向|12dhy3meten[c]:-1;2kmb[c]:1;for[c]:1;h[c]:1;o2[c]:-1	正向|12dhy3meten[c]:-1;2kmb[c]:1;for[c]:1;h[c]:1;o2[c]:-1	0..1000	0..1000	AFE_0433	AFE_0433	A86:P86	A86:O86	共同基础
ARGDC	共同且无语义差异	无语义差异	h[c] + arg-L[c]  <=> co2[c] + agm[c]	h[c] + arg-L[c]  <=> co2[c] + agm[c]	可逆|agm[c]:1;arg-L[c]:-1;co2[c]:1;h[c]:-1	可逆|agm[c]:1;arg-L[c]:-1;co2[c]:1;h[c]:-1	-1000..1000	-1000..1000	AFE_1417	AFE_1417	A87:P87	A87:O87	共同基础
ARGSL	共同且无语义差异	无语义差异	argsuc[c]  -> arg-L[c] + fum[c]	argsuc[c]  -> arg-L[c] + fum[c]	正向|arg-L[c]:1;argsuc[c]:-1;fum[c]:1	正向|arg-L[c]:1;argsuc[c]:-1;fum[c]:1	0..1000	0..1000	AFE_3277	AFE_3277	A88:P88	A88:O88	共同基础
ARGSS	共同且无语义差异	无语义差异	atp[c] + asp-L[c] + citr-L[c]  -> h[c] + ppi[c] + amp[c] + argsuc[c]	atp[c] + asp-L[c] + citr-L[c]  -> h[c] + ppi[c] + amp[c] + argsuc[c]	正向|amp[c]:1;argsuc[c]:1;asp-L[c]:-1;atp[c]:-1;citr-L[c]:-1;h[c]:1;ppi[c]:1	正向|amp[c]:1;argsuc[c]:1;asp-L[c]:-1;atp[c]:-1;citr-L[c]:-1;h[c]:1;ppi[c]:1	0..1000	0..1000	AFE_0404	AFE_0404	A89:P89	A89:O89	共同基础
ASAD	共同且无语义差异	无语义差异	pi[c] + nadp[c] + aspsa[c]  <=> h[c] + 4pasp[c] + nadph[c]	pi[c] + nadp[c] + aspsa[c]  <=> h[c] + 4pasp[c] + nadph[c]	可逆|4pasp[c]:1;aspsa[c]:-1;h[c]:1;nadp[c]:-1;nadph[c]:1;pi[c]:-1	可逆|4pasp[c]:1;aspsa[c]:-1;h[c]:1;nadp[c]:-1;nadph[c]:1;pi[c]:-1	-1000..1000	-1000..1000	AFE_2074	AFE_2074	A90:P90	A90:O90	共同基础
ASNS1	共同且无语义差异	无语义差异	h2o[c] + atp[c] + asp-L[c] + gln-L[c]  -> h[c] + glu-L[c] + ppi[c] + asn-L[c] + amp[c]	h2o[c] + atp[c] + asp-L[c] + gln-L[c]  -> h[c] + glu-L[c] + ppi[c] + asn-L[c] + amp[c]	正向|amp[c]:1;asn-L[c]:1;asp-L[c]:-1;atp[c]:-1;gln-L[c]:-1;glu-L[c]:1;h2o[c]:-1;h[c]:1;ppi[c]:1	正向|amp[c]:1;asn-L[c]:1;asp-L[c]:-1;atp[c]:-1;gln-L[c]:-1;glu-L[c]:1;h2o[c]:-1;h[c]:1;ppi[c]:1	0..1000	0..1000	AFE_1353	AFE_1353	A91:P91	A91:O91	共同基础
ASP1DC	共同且无语义差异	无语义差异	h[c] + asp-L[c]  -> co2[c] + ala-B[c]	h[c] + asp-L[c]  -> co2[c] + ala-B[c]	正向|ala-B[c]:1;asp-L[c]:-1;co2[c]:1;h[c]:-1	正向|ala-B[c]:1;asp-L[c]:-1;co2[c]:1;h[c]:-1	0..1000	0..1000	AFE_3089	AFE_3089	A92:P92	A92:O92	共同基础
ASPCT	共同且无语义差异	无语义差异	asp-L[c] + cbp[c]  -> h[c] + pi[c] + cbasp[c]	asp-L[c] + cbp[c]  -> h[c] + pi[c] + cbasp[c]	正向|asp-L[c]:-1;cbasp[c]:1;cbp[c]:-1;h[c]:1;pi[c]:1	正向|asp-L[c]:-1;cbasp[c]:1;cbp[c]:-1;h[c]:1;pi[c]:1	0..1000	0..1000	AFE_3059	AFE_3059	A93:P93	A93:O93	共同基础
ASPK	共同且无语义差异	无语义差异	atp[c] + asp-L[c]  <=> adp[c] + 4pasp[c]	atp[c] + asp-L[c]  <=> adp[c] + 4pasp[c]	可逆|4pasp[c]:1;adp[c]:1;asp-L[c]:-1;atp[c]:-1	可逆|4pasp[c]:1;adp[c]:1;asp-L[c]:-1;atp[c]:-1	-1000..1000	-1000..1000	AFE_0407	AFE_0407	A94:P94	A94:O94	共同基础
ASPO5	共同且无语义差异	无语义差异	asp-L[c] + fum[c]  -> h[c] + succ[c] + iasp[c]	asp-L[c] + fum[c]  -> h[c] + succ[c] + iasp[c]	正向|asp-L[c]:-1;fum[c]:-1;h[c]:1;iasp[c]:1;succ[c]:1	正向|asp-L[c]:-1;fum[c]:-1;h[c]:1;iasp[c]:1;succ[c]:1	0..1000	0..1000	AFE_1392	AFE_1392	A95:P95	A95:O95	共同基础
ASPO6	共同且无语义差异	无语义差异	asp-L[c] + o2[c]  -> h[c] + h2o2[c] + iasp[c]	asp-L[c] + o2[c]  -> h[c] + h2o2[c] + iasp[c]	正向|asp-L[c]:-1;h2o2[c]:1;h[c]:1;iasp[c]:1;o2[c]:-1	正向|asp-L[c]:-1;h2o2[c]:1;h[c]:1;iasp[c]:1;o2[c]:-1	0..1000	0..1000	AFE_1392	AFE_1392	A96:P96	A96:O96	共同基础
ASPTA	共同且无语义差异	无语义差异	asp-L[c] + akg[c]  <=> glu-L[c] + oaa[c]	asp-L[c] + akg[c]  <=> glu-L[c] + oaa[c]	可逆|akg[c]:-1;asp-L[c]:-1;glu-L[c]:1;oaa[c]:1	可逆|akg[c]:-1;asp-L[c]:-1;glu-L[c]:1;oaa[c]:1	-1000..1000	-1000..1000	AFE_2022	AFE_2022	A97:P97	A97:O97	共同基础
ATPM	共同且无语义差异	无语义差异	h2o[c] + atp[c]  -> h[c] + pi[c] + adp[c]	h2o[c] + atp[c]  -> h[c] + pi[c] + adp[c]	正向|adp[c]:1;atp[c]:-1;h2o[c]:-1;h[c]:1;pi[c]:1	正向|adp[c]:1;atp[c]:-1;h2o[c]:-1;h[c]:1;pi[c]:1	3.475..3.475	3.475..3.475			A98:P98	A98:O98	共同基础
ATPPRT	共同且无语义差异	无语义差异	ppi[c] + prbatp[c]  <=> atp[c] + prpp[c]	ppi[c] + prbatp[c]  <=> atp[c] + prpp[c]	可逆|atp[c]:1;ppi[c]:-1;prbatp[c]:-1;prpp[c]:1	可逆|atp[c]:1;ppi[c]:-1;prbatp[c]:-1;prpp[c]:1	-1000..1000	-1000..1000	(AFE_1888 and AFE_3040)	(AFE_1888 and AFE_3040)	A99:P99	A99:O99	共同基础
ATPS5rpp	共同且无语义差异	无语义差异	5 h[p] + pi[c] + adp[c]  -> 4 h[c] + h2o[c] + atp[c]	5 h[p] + pi[c] + adp[c]  -> 4 h[c] + h2o[c] + atp[c]	正向|adp[c]:-1;atp[c]:1;h2o[c]:1;h[c]:4;h[p]:-5;pi[c]:-1	正向|adp[c]:-1;atp[c]:1;h2o[c]:1;h[c]:4;h[p]:-5;pi[c]:-1	0..1000	0..1000	(AFE_3205 and AFE_3209 and AFE_3202 and AFE_3203 and AFE_3208 and AFE_3207 and AFE_3204 and AFE_3206)	(AFE_3205 and AFE_3209 and AFE_3202 and AFE_3203 and AFE_3208 and AFE_3207 and AFE_3204 and AFE_3206)	A100:P100	A100:O100	共同基础
Afe_biomass_mc507_WT_139p0M	共同且有语义差异	化学计量/方向	0.26 glu-L[c] + 139 h2o[c] + 139.1 atp[c] + 2e-005 amet[c] + 0.27 asp-L[c] + 0.00019 nad[c] + 2e-005 chor[c] + 0.26 gln-L[c] + 0.28 arg-L[c] + 0.00358 ptrc[c] + 0.00073 spmd[c] + 3e-005 accoa[c] + 2e-005 gthrd[c] + 1e-005 succoa[c] + 2e-005 sheme[c] + 2e-005 hemeO[c] + 4e-005 nadph[c] + 2e-005 coa[c] + 1e-005 nadp[c] + 2e-005 fad[c] + 2e-005 thf[c] + 2e-005 mlthf[c] + 2e-005 5mthf[c] + 2e-005 10fthf[c] + 2e-005 thmpp[c] + 2e-005 q8h2[c] + 2e-005 pydx5p[c] + 2e-005 pheme[c] + 1e-005 udcpdp[c] + 2e-005 ribflv[c] + 0.094 utp[c] + 0.14 gtp[c] + 0.13 ctp[c] + 0.015 datp[c] + 0.015 dttp[c] + 0.022 dgtp[c] + 0.022 dctp[c] + 0.046 k[c] + 0.14 na1[c] + 0.24 mg2[c] + 0.087 ca2[c] + 0.067 fe2[c] + 0.067 fe3[c] + 0.001 cu2[c] + 0.03 mn2[c] + 0.002 zn2[c] + 0.09 so4[c] + 0.024 lps_AFE[c] + 0.07 ppl_AFE[c] + 0.013 murein5px4p[c] + 0.15 glycogen[c] + 0.17 met-L[c] + 0.33 lys-L[c] + 0.24 his-L[c] + 0.26 thr-L[c] + 0.66 ala-L[c] + 0.23 ser-L[c] + 0.55 gly[c] + 0.18 phe-L[c] + 0.14 tyr-L[c] + 0.41 val-L[c] + 0.29 ile-L[c] + 0.51 leu-L[c] + 0.27 pro-L[c] + 0.27 asn-L[c]  -> 139 h[c] + 139 pi[c] + 139 adp[c] + bio[c] + 0.531 ppi[c]	0.26 glu-L[c] + 139 h2o[c] + 139.1 atp[c] + 2e-005 amet[c] + 0.27 asp-L[c] + 0.00019 nad[c] + 2e-005 chor[c] + 0.26 gln-L[c] + 0.28 arg-L[c] + 0.00358 ptrc[c] + 0.00073 spmd[c] + 3e-005 accoa[c] + 2e-005 gthrd[c] + 1e-005 succoa[c] + 2e-005 sheme[c] + 2e-005 hemeO[c] + 4e-005 nadph[c] + 2e-005 coa[c] + 1e-005 nadp[c] + 2e-005 fad[c] + 2e-005 thf[c] + 2e-005 mlthf[c] + 2e-005 5mthf[c] + 2e-005 10fthf[c] + 2e-005 thmpp[c] + 2e-005 q8h2[c] + 2e-005 pydx5p[c] + 2e-005 pheme[c] + 1e-005 udcpdp[c] + 2e-005 ribflv[c] + 0.094 utp[c] + 0.14 gtp[c] + 0.13 ctp[c] + 0.015 datp[c] + 0.015 dttp[c] + 0.022 dgtp[c] + 0.022 dctp[c] + 0.046 k[c] + 0.14 na1[c] + 0.24 mg2[c] + 0.087 ca2[c] + 0.067 fe2[c] + 0.067 fe3[c] + 0.001 cu2[c] + 0.03 mn2[c] + 0.002 zn2[c] + 0.09 so4[c] + 0.024 lps_AFE[c] + 0.07 ppl_AFE[c] + 0.013 murein5px4p[c] + 0.026 glycogen[c] + 0.17 met-L[c] + 0.33 lys-L[c] + 0.24 his-L[c] + 0.26 thr-L[c] + 0.66 ala-L[c] + 0.23 ser-L[c] + 0.55 gly[c] + 0.18 phe-L[c] + 0.14 tyr-L[c] + 0.41 val-L[c] + 0.29 ile-L[c] + 0.51 leu-L[c] + 0.27 pro-L[c] + 0.27 asn-L[c]  -> 139 h[c] + 139 pi[c] + 139 adp[c] + bio[c] + 0.531 ppi[c]	正向|10fthf[c]:-0.00002;5mthf[c]:-0.00002;accoa[c]:-0.00003;adp[c]:139;ala-L[c]:-0.66;amet[c]:-0.00002;arg-L[c]:-0.28;asn-L[c]:-0.27;asp-L[c]:-0.27;atp[c]:-139.1;bio[c]:1;ca2[c]:-0.087;chor[c]:-0.00002;coa[c]:-0.00002;ctp[c]:-0.13;cu2[c]:-0.001;datp[c]:-0.015;dctp[c]:-0.022;dgtp[c]:-0.022;dttp[c]:-0.015;fad[c]:-0.00002;fe2[c]:-0.067;fe3[c]:-0.067;gln-L[c]:-0.26;glu-L[c]:-0.26;gly[c]:-0.55;glycogen[c]:-0.15;gthrd[c]:-0.00002;gtp[c]:-0.14;h2o[c]:-139;h[c]:139;hemeO[c]:-0.00002;his-L[c]:-0.24;ile-L[c]:-0.29;k[c]:-0.046;leu-L[c]:-0.51;lps_AFE[c]:-0.024;lys-L[c]:-0.33;met-L[c]:-0.17;mg2[c]:-0.24;mlthf[c]:-0.00002;mn2[c]:-0.03;murein5px4p[c]:-0.013;na1[c]:-0.14;nad[c]:-0.00019;nadp[c]:-0.00001;nadph[c]:-0.00004;phe-L[c]:-0.18;pheme[c]:-0.00002;pi[c]:139;ppi[c]:0.531;ppl_AFE[c]:-0.07;pro-L[c]:-0.27;ptrc[c]:-0.00358;pydx5p[c]:-0.00002;q8h2[c]:-0.00002;ribflv[c]:-0.00002;ser-L[c]:-0.23;sheme[c]:-0.00002;so4[c]:-0.09;spmd[c]:-0.00073;succoa[c]:-0.00001;thf[c]:-0.00002;thmpp[c]:-0.00002;thr-L[c]:-0.26;tyr-L[c]:-0.14;udcpdp[c]:-0.00001;utp[c]:-0.094;val-L[c]:-0.41;zn2[c]:-0.002	正向|10fthf[c]:-0.00002;5mthf[c]:-0.00002;accoa[c]:-0.00003;adp[c]:139;ala-L[c]:-0.66;amet[c]:-0.00002;arg-L[c]:-0.28;asn-L[c]:-0.27;asp-L[c]:-0.27;atp[c]:-139.1;bio[c]:1;ca2[c]:-0.087;chor[c]:-0.00002;coa[c]:-0.00002;ctp[c]:-0.13;cu2[c]:-0.001;datp[c]:-0.015;dctp[c]:-0.022;dgtp[c]:-0.022;dttp[c]:-0.015;fad[c]:-0.00002;fe2[c]:-0.067;fe3[c]:-0.067;gln-L[c]:-0.26;glu-L[c]:-0.26;gly[c]:-0.55;glycogen[c]:-0.026;gthrd[c]:-0.00002;gtp[c]:-0.14;h2o[c]:-139;h[c]:139;hemeO[c]:-0.00002;his-L[c]:-0.24;ile-L[c]:-0.29;k[c]:-0.046;leu-L[c]:-0.51;lps_AFE[c]:-0.024;lys-L[c]:-0.33;met-L[c]:-0.17;mg2[c]:-0.24;mlthf[c]:-0.00002;mn2[c]:-0.03;murein5px4p[c]:-0.013;na1[c]:-0.14;nad[c]:-0.00019;nadp[c]:-0.00001;nadph[c]:-0.00004;phe-L[c]:-0.18;pheme[c]:-0.00002;pi[c]:139;ppi[c]:0.531;ppl_AFE[c]:-0.07;pro-L[c]:-0.27;ptrc[c]:-0.00358;pydx5p[c]:-0.00002;q8h2[c]:-0.00002;ribflv[c]:-0.00002;ser-L[c]:-0.23;sheme[c]:-0.00002;so4[c]:-0.09;spmd[c]:-0.00073;succoa[c]:-0.00001;thf[c]:-0.00002;thmpp[c]:-0.00002;thr-L[c]:-0.26;tyr-L[c]:-0.14;udcpdp[c]:-0.00001;utp[c]:-0.094;val-L[c]:-0.41;zn2[c]:-0.002	0..0	0..0			A101:P101	A67:O67	宿主本底更新候选：需保留2016证据并经后续人工审计
BDGK	共同且有语义差异	化学计量/方向;GPR;上下界	atp[c] + glc-B[c]  <=> h[c] + adp[c] + g6p-B[c]	atp[c] + glc-B[c]  -> h[c] + adp[c] + g6p-B[c]	可逆|adp[c]:1;atp[c]:-1;g6p-B[c]:1;glc-B[c]:-1;h[c]:1	正向|adp[c]:1;atp[c]:-1;g6p-B[c]:1;glc-B[c]:-1;h[c]:1	-1000..1000	0..1000		AFE_2841	A102:P102	A101:O101	宿主本底更新候选：需保留2016证据并经后续人工审计
BHAH1	共同且无语义差异	无语义差异	3hydbutACP[c]  <=> h2o[c] + but2eACP[c]	3hydbutACP[c]  <=> h2o[c] + but2eACP[c]	可逆|3hydbutACP[c]:-1;but2eACP[c]:1;h2o[c]:1	可逆|3hydbutACP[c]:-1;but2eACP[c]:1;h2o[c]:1	-1000..1000	-1000..1000	AFE_1455	AFE_1455	A103:P103	A102:O102	共同基础
BHAH10	共同且无语义差异	无语义差异	3hhexACP[c]  <=> h2o[c] + thex2eACP[c]	3hhexACP[c]  <=> h2o[c] + thex2eACP[c]	可逆|3hhexACP[c]:-1;h2o[c]:1;thex2eACP[c]:1	可逆|3hhexACP[c]:-1;h2o[c]:1;thex2eACP[c]:1	-1000..1000	-1000..1000	AFE_1455	AFE_1455	A104:P104	A103:O103	共同基础
BHAH11	共同且无语义差异	无语义差异	3hoctACP[c]  <=> h2o[c] + toct2eACP[c]	3hoctACP[c]  <=> h2o[c] + toct2eACP[c]	可逆|3hoctACP[c]:-1;h2o[c]:1;toct2eACP[c]:1	可逆|3hoctACP[c]:-1;h2o[c]:1;toct2eACP[c]:1	-1000..1000	-1000..1000	AFE_1455	AFE_1455	A105:P105	A104:O104	共同基础
BHAH12	共同且无语义差异	无语义差异	3hdecACP[c]  <=> h2o[c] + tdec2eACP[c]	3hdecACP[c]  <=> h2o[c] + tdec2eACP[c]	可逆|3hdecACP[c]:-1;h2o[c]:1;tdec2eACP[c]:1	可逆|3hdecACP[c]:-1;h2o[c]:1;tdec2eACP[c]:1	-1000..1000	-1000..1000	AFE_1455	AFE_1455	A106:P106	A105:O105	共同基础
BHAH13	共同且无语义差异	无语义差异	3hddecACP[c]  <=> h2o[c] + tddec2eACP[c]	3hddecACP[c]  <=> h2o[c] + tddec2eACP[c]	可逆|3hddecACP[c]:-1;h2o[c]:1;tddec2eACP[c]:1	可逆|3hddecACP[c]:-1;h2o[c]:1;tddec2eACP[c]:1	-1000..1000	-1000..1000	AFE_1455	AFE_1455	A107:P107	A106:O106	共同基础
BHAH14	共同且无语义差异	无语义差异	3hmrsACP[c]  <=> h2o[c] + tmrs2eACP[c]	3hmrsACP[c]  <=> h2o[c] + tmrs2eACP[c]	可逆|3hmrsACP[c]:-1;h2o[c]:1;tmrs2eACP[c]:1	可逆|3hmrsACP[c]:-1;h2o[c]:1;tmrs2eACP[c]:1	-1000..1000	-1000..1000	AFE_1455	AFE_1455	A108:P108	A107:O107	共同基础
BHAH15	共同且无语义差异	无语义差异	3hpalmACP[c]  <=> h2o[c] + tpalm2eACP[c]	3hpalmACP[c]  <=> h2o[c] + tpalm2eACP[c]	可逆|3hpalmACP[c]:-1;h2o[c]:1;tpalm2eACP[c]:1	可逆|3hpalmACP[c]:-1;h2o[c]:1;tpalm2eACP[c]:1	-1000..1000	-1000..1000	AFE_1455	AFE_1455	A109:P109	A108:O108	共同基础
BHAH16	共同且无语义差异	无语义差异	3hoctaACP[c]  <=> h2o[c] + 2tadeACP[c]	3hoctaACP[c]  <=> h2o[c] + 2tadeACP[c]	可逆|2tadeACP[c]:1;3hoctaACP[c]:-1;h2o[c]:1	可逆|2tadeACP[c]:1;3hoctaACP[c]:-1;h2o[c]:1	-1000..1000	-1000..1000	AFE_1455	AFE_1455	A110:P110	A109:O109	共同基础
BHAH17	共同且无语义差异	无语义差异	R-3hyeicACP[c]  <=> h2o[c] + 2teicACP[c]	R-3hyeicACP[c]  <=> h2o[c] + 2teicACP[c]	可逆|2teicACP[c]:1;R-3hyeicACP[c]:-1;h2o[c]:1	可逆|2teicACP[c]:1;R-3hyeicACP[c]:-1;h2o[c]:1	-1000..1000	-1000..1000	AFE_1455	AFE_1455	A111:P111	A110:O110	共同基础
BHAH2	共同且无语义差异	无语义差异	chydodeACP[c]  <=> h2o[c] + c2tdodeACP[c]	chydodeACP[c]  <=> h2o[c] + c2tdodeACP[c]	可逆|c2tdodeACP[c]:1;chydodeACP[c]:-1;h2o[c]:1	可逆|c2tdodeACP[c]:1;chydodeACP[c]:-1;h2o[c]:1	-1000..1000	-1000..1000	AFE_1455	AFE_1455	A112:P112	A111:O111	共同基础
BHAH3	共同且无语义差异	无语义差异	chytedeACP[c]  <=> h2o[c] + c2ttedeACP[c]	chytedeACP[c]  <=> h2o[c] + c2ttedeACP[c]	可逆|c2ttedeACP[c]:1;chytedeACP[c]:-1;h2o[c]:1	可逆|c2ttedeACP[c]:1;chytedeACP[c]:-1;h2o[c]:1	-1000..1000	-1000..1000	AFE_1455	AFE_1455	A113:P113	A112:O112	共同基础
BHAH4	共同且无语义差异	无语义差异	chyhecdeACP[c]  <=> h2o[c] + c2thedeACP[c]	chyhecdeACP[c]  <=> h2o[c] + c2thedeACP[c]	可逆|c2thedeACP[c]:1;chyhecdeACP[c]:-1;h2o[c]:1	可逆|c2thedeACP[c]:1;chyhecdeACP[c]:-1;h2o[c]:1	-1000..1000	-1000..1000	AFE_1455	AFE_1455	A114:P114	A113:O113	共同基础
BHAH5	共同且无语义差异	无语义差异	chyocdeACP[c]  <=> h2o[c] + c2tocdeACP[c]	chyocdeACP[c]  <=> h2o[c] + c2tocdeACP[c]	可逆|c2tocdeACP[c]:1;chyocdeACP[c]:-1;h2o[c]:1	可逆|c2tocdeACP[c]:1;chyocdeACP[c]:-1;h2o[c]:1	-1000..1000	-1000..1000	AFE_1455	AFE_1455	A115:P115	A114:O114	共同基础
BHAH6	共同且无语义差异	无语义差异	R-3hptACP[c]  <=> h2o[c] + 2tpenACP[c]	R-3hptACP[c]  <=> h2o[c] + 2tpenACP[c]	可逆|2tpenACP[c]:1;R-3hptACP[c]:-1;h2o[c]:1	可逆|2tpenACP[c]:1;R-3hptACP[c]:-1;h2o[c]:1	-1000..1000	-1000..1000	AFE_1455	AFE_1455	A116:P116	A115:O115	共同基础
BHAH7	共同且无语义差异	无语义差异	v3haACP[c]  <=> 5 h2o[c] + vtenACP[c]	v3haACP[c]  <=> 5 h2o[c] + vtenACP[c]	可逆|h2o[c]:5;v3haACP[c]:-1;vtenACP[c]:1	可逆|h2o[c]:5;v3haACP[c]:-1;vtenACP[c]:1	-1000..1000	-1000..1000	AFE_1455	AFE_1455	A117:P117	A116:O116	共同基础
BHAH8	共同且无语义差异	无语义差异	R-3hyhepACP[c]  <=> h2o[c] + thepcaACP[c]	R-3hyhepACP[c]  <=> h2o[c] + thepcaACP[c]	可逆|R-3hyhepACP[c]:-1;h2o[c]:1;thepcaACP[c]:1	可逆|R-3hyhepACP[c]:-1;h2o[c]:1;thepcaACP[c]:1	-1000..1000	-1000..1000	AFE_1455	AFE_1455	A118:P118	A117:O117	共同基础
BHAH9	共同且无语义差异	无语义差异	3hynonACP[c]  <=> h2o[c] + noncaACP[c]	3hynonACP[c]  <=> h2o[c] + noncaACP[c]	可逆|3hynonACP[c]:-1;h2o[c]:1;noncaACP[c]:1	可逆|3hynonACP[c]:-1;h2o[c]:1;noncaACP[c]:1	-1000..1000	-1000..1000	AFE_1455	AFE_1455	A119:P119	A118:O118	共同基础
BILG	共同且无语义差异	无语义差异	atp[c] + btn[c] + bccp[c]  -> h[c] + ppi[c] + bcCP_AFE[c] + amp[c]	atp[c] + btn[c] + bccp[c]  -> h[c] + ppi[c] + bcCP_AFE[c] + amp[c]	正向|amp[c]:1;atp[c]:-1;bcCP_AFE[c]:1;bccp[c]:-1;btn[c]:-1;h[c]:1;ppi[c]:1	正向|amp[c]:1;atp[c]:-1;bcCP_AFE[c]:1;bccp[c]:-1;btn[c]:-1;h[c]:1;ppi[c]:1	0..1000	0..1000	AFE_0453	AFE_0453	A120:P120	A119:O119	共同基础
BIOC1	共同且无语义差异	无语义差异	accoa[c] + bcCPco2_AFE[c]  -> h[c] + malcoa[c] + 2 bcCP_AFE[c]	accoa[c] + bcCPco2_AFE[c]  -> h[c] + malcoa[c] + 2 bcCP_AFE[c]	正向|accoa[c]:-1;bcCP_AFE[c]:2;bcCPco2_AFE[c]:-1;h[c]:1;malcoa[c]:1	正向|accoa[c]:-1;bcCP_AFE[c]:2;bcCPco2_AFE[c]:-1;h[c]:1;malcoa[c]:1	0..1000	0..1000	(AFE_1462 and AFE_2067 and AFE_0196 and AFE_0195)	(AFE_1462 and AFE_2067 and AFE_0196 and AFE_0195)	A121:P121	A120:O120	共同基础
BIOC2	共同且无语义差异	无语义差异	atp[c] + hco3[c] + 2 bcCP_AFE[c]  -> pi[c] + adp[c] + bcCPco2_AFE[c]	atp[c] + hco3[c] + 2 bcCP_AFE[c]  -> pi[c] + adp[c] + bcCPco2_AFE[c]	正向|adp[c]:1;atp[c]:-1;bcCP_AFE[c]:-2;bcCPco2_AFE[c]:1;hco3[c]:-1;pi[c]:1	正向|adp[c]:1;atp[c]:-1;bcCP_AFE[c]:-2;bcCPco2_AFE[c]:1;hco3[c]:-1;pi[c]:1	0..1000	0..1000	(AFE_0196 and AFE_0195)	(AFE_0196 and AFE_0195)	A122:P122	A121:O121	共同基础
BIOMASStex	共同且无语义差异	无语义差异	bio[p]  <=> bio[e]	bio[p]  <=> bio[e]	可逆|bio[e]:1;bio[p]:-1	可逆|bio[e]:1;bio[p]:-1	-1000..1000	-1000..1000			A123:P123	A122:O122	共同基础
BIOMASStpp	共同且无语义差异	无语义差异	bio[c]  <=> bio[p]	bio[c]  <=> bio[p]	可逆|bio[c]:-1;bio[p]:1	可逆|bio[c]:-1;bio[p]:1	-1000..1000	-1000..1000			A124:P124	A123:O123	共同基础
BPNT	共同且无语义差异	无语义差异	h2o[c] + pap[c]  -> pi[c] + amp[c]	h2o[c] + pap[c]  -> pi[c] + amp[c]	正向|amp[c]:1;h2o[c]:-1;pap[c]:-1;pi[c]:1	正向|amp[c]:1;h2o[c]:-1;pap[c]:-1;pi[c]:1	0..1000	0..1000	AFE_2973	AFE_2973	A125:P125	A124:O124	共同基础
BTS5	共同且无语义差异	无语义差异	2 amet[c] + dtbt[c] + RSH[c]  -> h[c] + 2 met-L[c] + btn[c] + 2 dad-5[c] + R[c]	2 amet[c] + dtbt[c] + RSH[c]  -> h[c] + 2 met-L[c] + btn[c] + 2 dad-5[c] + R[c]	正向|RSH[c]:-1;R[c]:1;amet[c]:-2;btn[c]:1;dad-5[c]:2;dtbt[c]:-1;h[c]:1;met-L[c]:2	正向|RSH[c]:-1;R[c]:1;amet[c]:-2;btn[c]:1;dad-5[c]:2;dtbt[c]:-1;h[c]:1;met-L[c]:2	0..1000	0..1000	AFE_0259	AFE_0259	A126:P126	A125:O125	共同基础
CA2tex	共同且无语义差异	无语义差异	ca2[e]  <=> ca2[p]	ca2[e]  <=> ca2[p]	可逆|ca2[e]:-1;ca2[p]:1	可逆|ca2[e]:-1;ca2[p]:1	-1000..1000	-1000..1000			A127:P127	A126:O126	共同基础
CA2tpp	共同且有语义差异	化学计量/方向;名称	ca2[p]  -> ca2[c] + na1[p]	ca2[p] + na1[c] -> ca2[c] + na1[p]	正向|ca2[c]:1;ca2[p]:-1;na1[p]:1	正向|ca2[c]:1;ca2[p]:-1;na1[c]:-1;na1[p]:1	0..1000	0..1000	AFE_0587	AFE_0587	A128:P128	A127:O127	宿主本底更新候选：需保留2016证据并经后续人工审计
CAT	共同且无语义差异	无语义差异	2 h2o2[c]  <=> 2 h2o[c] + o2[c]	2 h2o2[c]  <=> 2 h2o[c] + o2[c]	可逆|h2o2[c]:-2;h2o[c]:2;o2[c]:1	可逆|h2o2[c]:-2;h2o[c]:2;o2[c]:1	-1000..1000	-1000..1000			A129:P129	A128:O128	共同基础
CBPS	共同且无语义差异	无语义差异	h2o[c] + 2 atp[c] + gln-L[c] + hco3[c]  -> 2 h[c] + glu-L[c] + pi[c] + 2 adp[c] + cbp[c]	h2o[c] + 2 atp[c] + gln-L[c] + hco3[c]  -> 2 h[c] + glu-L[c] + pi[c] + 2 adp[c] + cbp[c]	正向|adp[c]:2;atp[c]:-2;cbp[c]:1;gln-L[c]:-1;glu-L[c]:1;h2o[c]:-1;h[c]:2;hco3[c]:-1;pi[c]:1	正向|adp[c]:2;atp[c]:-2;cbp[c]:1;gln-L[c]:-1;glu-L[c]:1;h2o[c]:-1;h[c]:2;hco3[c]:-1;pi[c]:1	0..1000	0..1000	(AFE_0640 and AFE_0639)	(AFE_0640 and AFE_0639)	A130:P130	A129:O129	共同基础
CDPMEK	共同且无语义差异	无语义差异	atp[c] + 4c2me[c]  <=> h[c] + adp[c] + 2p4c2me[c]	atp[c] + 4c2me[c]  <=> h[c] + adp[c] + 2p4c2me[c]	可逆|2p4c2me[c]:1;4c2me[c]:-1;adp[c]:1;atp[c]:-1;h[c]:1	可逆|2p4c2me[c]:1;4c2me[c]:-1;adp[c]:1;atp[c]:-1;h[c]:1	-1000..1000	-1000..1000	AFE_2764	AFE_2764	A131:P131	A130:O130	共同基础
CFAS190	共同且无语义差异	无语义差异	amet[c] + noncaACP[c]  -> h[c] + c190cACP[c] + ahcys[c]	amet[c] + noncaACP[c]  -> h[c] + c190cACP[c] + ahcys[c]	正向|ahcys[c]:1;amet[c]:-1;c190cACP[c]:1;h[c]:1;noncaACP[c]:-1	正向|ahcys[c]:1;amet[c]:-1;c190cACP[c]:1;h[c]:1;noncaACP[c]:-1	0..1000	0..1000	AFE_2929	AFE_2929	A132:P132	A131:O131	共同基础
CHORM	共同且无语义差异	无语义差异	chor[c]  <=> pphn[c]	chor[c]  <=> pphn[c]	可逆|chor[c]:-1;pphn[c]:1	可逆|chor[c]:-1;pphn[c]:1	-1000..1000	-1000..1000	AFE_0897	AFE_0897	A133:P133	A132:O132	共同基础
CHORS	共同且无语义差异	无语义差异	3psme[c]  -> pi[c] + chor[c]	3psme[c]  -> pi[c] + chor[c]	正向|3psme[c]:-1;chor[c]:1;pi[c]:1	正向|3psme[c]:-1;chor[c]:1;pi[c]:1	0..1000	0..1000	AFE_1972	AFE_1972	A134:P134	A133:O133	共同基础
CHRPL	共同且无语义差异	无语义差异	chor[c]  <=> pyr[c] + 4hbz[c]	chor[c]  <=> pyr[c] + 4hbz[c]	可逆|4hbz[c]:1;chor[c]:-1;pyr[c]:1	可逆|4hbz[c]:1;chor[c]:-1;pyr[c]:1	-1000..1000	-1000..1000	AFE_0593	AFE_0593	A135:P135	A134:O134	共同基础
CLPNS120	共同且无语义差异	无语义差异	2 pg120[c]  <=> clpn120[c] + glyc[c]	2 pg120[c]  <=> clpn120[c] + glyc[c]	可逆|clpn120[c]:1;glyc[c]:1;pg120[c]:-2	可逆|clpn120[c]:1;glyc[c]:1;pg120[c]:-2	-1000..1000	-1000..1000	AFE_1740	AFE_1740	A136:P136	A135:O135	共同基础
CPPPGO1	共同且无语义差异	无语义差异	2 h[c] + o2[c] + cpppg3[c]  <=> 2 h2o[c] + 2 co2[c] + pppg9[c]	2 h[c] + o2[c] + cpppg3[c]  <=> 2 h2o[c] + 2 co2[c] + pppg9[c]	可逆|co2[c]:2;cpppg3[c]:-1;h2o[c]:2;h[c]:-2;o2[c]:-1;pppg9[c]:1	可逆|co2[c]:2;cpppg3[c]:-1;h2o[c]:2;h[c]:-2;o2[c]:-1;pppg9[c]:1	-1000..1000	-1000..1000	AFE_2263	AFE_2263	A137:P137	A136:O136	共同基础
CPPPGO2	共同且无语义差异	无语义差异	2 amet[c] + cpppg3[c]  <=> 2 co2[c] + 2 met-L[c] + 2 dad-5[c] + pppg9[c]	2 amet[c] + cpppg3[c]  <=> 2 co2[c] + 2 met-L[c] + 2 dad-5[c] + pppg9[c]	可逆|amet[c]:-2;co2[c]:2;cpppg3[c]:-1;dad-5[c]:2;met-L[c]:2;pppg9[c]:1	可逆|amet[c]:-2;co2[c]:2;cpppg3[c]:-1;dad-5[c]:2;met-L[c]:2;pppg9[c]:1	-1000..1000	-1000..1000	(AFE_0134 or AFE_2346)	(AFE_0134 or AFE_2346)	A138:P138	A137:O137	共同基础
CS	共同且无语义差异	无语义差异	h2o[c] + accoa[c] + oaa[c]  -> h[c] + coa[c] + cit[c]	h2o[c] + accoa[c] + oaa[c]  -> h[c] + coa[c] + cit[c]	正向|accoa[c]:-1;cit[c]:1;coa[c]:1;h2o[c]:-1;h[c]:1;oaa[c]:-1	正向|accoa[c]:-1;cit[c]:1;coa[c]:1;h2o[c]:-1;h[c]:1;oaa[c]:-1	0..1000	0..1000	AFE_3065	AFE_3065	A139:P139	A138:O138	共同基础
CSND	共同且无语义差异	无语义差异	h[c] + h2o[c] + csn[c]  -> nh4[c] + ura[c]	h[c] + h2o[c] + csn[c]  -> nh4[c] + ura[c]	正向|csn[c]:-1;h2o[c]:-1;h[c]:-1;nh4[c]:1;ura[c]:1	正向|csn[c]:-1;h2o[c]:-1;h[c]:-1;nh4[c]:1;ura[c]:1	0..1000	0..1000			A140:P140	A139:O139	共同基础
CTPS2	共同且有语义差异	化学计量/方向;上下界	h2o[c] + atp[c] + gln-L[c] + utp[c]  <=> 2 h[c] + glu-L[c] + pi[c] + adp[c] + ctp[c]	h2o[c] + atp[c] + gln-L[c] + utp[c]  -> 2 h[c] + glu-L[c] + pi[c] + adp[c] + ctp[c]	可逆|adp[c]:1;atp[c]:-1;ctp[c]:1;gln-L[c]:-1;glu-L[c]:1;h2o[c]:-1;h[c]:2;pi[c]:1;utp[c]:-1	正向|adp[c]:1;atp[c]:-1;ctp[c]:1;gln-L[c]:-1;glu-L[c]:1;h2o[c]:-1;h[c]:2;pi[c]:1;utp[c]:-1	-1000..1000	0..1000	AFE_0847	AFE_0847	A141:P141	A140:O140	宿主本底更新候选：需保留2016证据并经后续人工审计
CU2tex	共同且无语义差异	无语义差异	cu2[e]  <=> cu2[p]	cu2[e]  <=> cu2[p]	可逆|cu2[e]:-1;cu2[p]:1	可逆|cu2[e]:-1;cu2[p]:1	-1000..1000	-1000..1000			A142:P142	A141:O141	共同基础
CU2tpp	共同且无语义差异	无语义差异	cu2[p]  -> cu2[c]	cu2[p]  -> cu2[c]	正向|cu2[c]:1;cu2[p]:-1	正向|cu2[c]:1;cu2[p]:-1	0..1000	0..1000	(AFE_0920 or AFE_0105)	(AFE_0920 or AFE_0105)	A143:P143	A142:O142	共同基础
CYSDSS	共同且无语义差异	无语义差异	h[c] + cys-L[c] + iscscys[c]  -> ala-L[c] + iscssulfcys[c]	h[c] + cys-L[c] + iscscys[c]  -> ala-L[c] + iscssulfcys[c]	正向|ala-L[c]:1;cys-L[c]:-1;h[c]:-1;iscscys[c]:-1;iscssulfcys[c]:1	正向|ala-L[c]:1;cys-L[c]:-1;h[c]:-1;iscscys[c]:-1;iscssulfcys[c]:1	0..1000	0..1000	(AFE_0674 and AFE_1537 and AFE_1507 and AFE_0673)	(AFE_0674 and AFE_1537 and AFE_1507 and AFE_0673)	A144:P144	A143:O143	共同基础
CYSS	共同且无语义差异	无语义差异	acser[c] + h2s[c]  -> h[c] + ac[c] + cys-L[c]	acser[c] + h2s[c]  -> h[c] + ac[c] + cys-L[c]	正向|ac[c]:1;acser[c]:-1;cys-L[c]:1;h2s[c]:-1;h[c]:1	正向|ac[c]:1;acser[c]:-1;cys-L[c]:1;h2s[c]:-1;h[c]:1	0..1000	0..1000	AFE_2832	AFE_2832	A145:P145	A144:O144	共同基础
CYT1	共同且无语义差异	无语义差异	rustred[p] + cytcco[p]  -> rust[p] + cytccr[p]	rustred[p] + cytcco[p]  -> rust[p] + cytccr[p]	正向|cytcco[p]:-1;cytccr[p]:1;rust[p]:1;rustred[p]:-1	正向|cytcco[p]:-1;cytccr[p]:1;rust[p]:1;rustred[p]:-1	0..1000	0..1000	(AFE_3152 and AFE_3146)	(AFE_3152 and AFE_3146)	A146:P146	A145:O145	共同基础
CYT2	共同且无语义差异	无语义差异	rust[p] + 2 fe2[e]  -> rustred[p] + 2 fe3[e]	rust[p] + 2 fe2[e]  -> rustred[p] + 2 fe3[e]	正向|fe2[e]:-2;fe3[e]:2;rust[p]:-1;rustred[p]:1	正向|fe2[e]:-2;fe3[e]:2;rust[p]:-1;rustred[p]:1	0..1000	0..1000	(AFE_3153)	(AFE_3153)	A147:P147	A146:O146	共同基础
CYTA2	共同且无语义差异	无语义差异	rustred[p] + cytcAo[p]  -> rust[p] + cytcAr[p]	rustred[p] + cytcAo[p]  -> rust[p] + cytcAr[p]	正向|cytcAo[p]:-1;cytcAr[p]:1;rust[p]:1;rustred[p]:-1	正向|cytcAo[p]:-1;cytcAr[p]:1;rust[p]:1;rustred[p]:-1	0..1000	0..1000	(AFE_3107 and AFE_3146)	(AFE_3107 and AFE_3146)	A148:P148	A147:O147	共同基础
CYTAA31	共同且无语义差异	无语义差异	2 h[c] + 0.5 o2[c] + cytccr[p]  -> h2o[c] + cytcco[p]	2 h[c] + 0.5 o2[c] + cytccr[p]  -> h2o[c] + cytcco[p]	正向|cytcco[p]:1;cytccr[p]:-1;h2o[c]:1;h[c]:-2;o2[c]:-0.5	正向|cytcco[p]:1;cytccr[p]:-1;h2o[c]:1;h[c]:-2;o2[c]:-0.5	0..1000	0..1000	(AFE_3149 and AFE_3150 and AFE_3148 and AFE_3147)	(AFE_3149 and AFE_3150 and AFE_3148 and AFE_3147)	A149:P149	A148:O148	共同基础
CYTAA32	共同且无语义差异	无语义差异	1.3 h[c] + 0.5 o2[c] + etpcycArd[p]  -> 1.3 h[p] + h2o[c] + etpcycAox[p]	1.3 h[c] + 0.5 o2[c] + etpcycArd[p]  -> 1.3 h[p] + h2o[c] + etpcycAox[p]	正向|etpcycAox[p]:1;etpcycArd[p]:-1;h2o[c]:1;h[c]:-1.3;h[p]:1.3;o2[c]:-0.5	正向|etpcycAox[p]:1;etpcycArd[p]:-1;h2o[c]:1;h[c]:-1.3;h[p]:1.3;o2[c]:-0.5	0..1000	0..1000	AFE_0378	AFE_0378	A150:P150	A149:O149	共同基础
CYTBC1	共同且无语义差异	无语义差异	5 h[p] + q8[c] + cytcAr[p]  -> 5 h[c] + q8h2[c] + cytcAo[p]	5 h[p] + q8[c] + cytcAr[p]  -> 5 h[c] + q8h2[c] + cytcAo[p]	正向|cytcAo[p]:1;cytcAr[p]:-1;h[c]:5;h[p]:-5;q8[c]:-1;q8h2[c]:1	正向|cytcAo[p]:1;cytcAr[p]:-1;h[c]:5;h[p]:-5;q8[c]:-1;q8h2[c]:1	0..1000	0..1000	((AFE_3108 and AFE_3109 and AFE_3110 and AFE_3111) or (AFE_2729 and AFE_2730 and AFE_2731))	((AFE_3108 and AFE_3109 and AFE_3110 and AFE_3111) or (AFE_2729 and AFE_2730 and AFE_2731))	A151:P151	A150:O150	共同基础
CYTBD	共同且无语义差异	无语义差异	1.8 h[c] + q8h2[c] + 0.5 o2[c]  -> 1.8 h[p] + h2o[c] + q8[c]	1.8 h[c] + q8h2[c] + 0.5 o2[c]  -> 1.8 h[p] + h2o[c] + q8[c]	正向|h2o[c]:1;h[c]:-1.8;h[p]:1.8;o2[c]:-0.5;q8[c]:1;q8h2[c]:-1	正向|h2o[c]:1;h[c]:-1.8;h[p]:1.8;o2[c]:-0.5;q8[c]:1;q8h2[c]:-1	0..1000	0..1000	(AFE_0955 and AFE_0954)	(AFE_0955 and AFE_0954)	A152:P152	A151:O151	共同基础
CYTBO3	共同且无语义差异	无语义差异	1.8 h[c] + q8h2[c] + 0.5 o2[c]  -> 1.8 h[p] + h2o[c] + q8[c]	1.8 h[c] + q8h2[c] + 0.5 o2[c]  -> 1.8 h[p] + h2o[c] + q8[c]	正向|h2o[c]:1;h[c]:-1.8;h[p]:1.8;o2[c]:-0.5;q8[c]:1;q8h2[c]:-1	正向|h2o[c]:1;h[c]:-1.8;h[p]:1.8;o2[c]:-0.5;q8[c]:1;q8h2[c]:-1	0..1000	0..1000	(AFE_0631 and AFE_0632 and AFE_0633 and AFE_0634)	(AFE_0631 and AFE_0632 and AFE_0633 and AFE_0634)	A153:P153	A152:O152	共同基础
CYTD	共同且无语义差异	无语义差异	h[c] + h2o[c] + cytd[c]  <=> nh4[c] + uri[c]	h[c] + h2o[c] + cytd[c]  <=> nh4[c] + uri[c]	可逆|cytd[c]:-1;h2o[c]:-1;h[c]:-1;nh4[c]:1;uri[c]:1	可逆|cytd[c]:-1;h2o[c]:-1;h[c]:-1;nh4[c]:1;uri[c]:1	-1000..1000	-1000..1000			A154:P154	A153:O153	共同基础
CYTDK1	共同且无语义差异	无语义差异	atp[c] + cytd[c]  -> h[c] + adp[c] + cmp[c]	atp[c] + cytd[c]  -> h[c] + adp[c] + cmp[c]	正向|adp[c]:1;atp[c]:-1;cmp[c]:1;cytd[c]:-1;h[c]:1	正向|adp[c]:1;atp[c]:-1;cmp[c]:1;cytd[c]:-1;h[c]:1	0..1000	0..1000			A155:P155	A154:O154	共同基础
CYTDK2	共同且无语义差异	无语义差异	gtp[c] + cytd[c]  -> h[c] + cmp[c] + gdp[c]	gtp[c] + cytd[c]  -> h[c] + cmp[c] + gdp[c]	正向|cmp[c]:1;cytd[c]:-1;gdp[c]:1;gtp[c]:-1;h[c]:1	正向|cmp[c]:1;cytd[c]:-1;gdp[c]:1;gtp[c]:-1;h[c]:1	0..1000	0..1000			A156:P156	A155:O155	共同基础
CYTK1	共同且无语义差异	无语义差异	atp[c] + cmp[c]  <=> adp[c] + cdp[c]	atp[c] + cmp[c]  <=> adp[c] + cdp[c]	可逆|adp[c]:1;atp[c]:-1;cdp[c]:1;cmp[c]:-1	可逆|adp[c]:1;atp[c]:-1;cdp[c]:1;cmp[c]:-1	-1000..1000	-1000..1000	AFE_0902	AFE_0902	A157:P157	A156:O156	共同基础
CYTK2	共同且无语义差异	无语义差异	atp[c] + dcmp[c]  <=> adp[c] + dcdp[c]	atp[c] + dcmp[c]  <=> adp[c] + dcdp[c]	可逆|adp[c]:1;atp[c]:-1;dcdp[c]:1;dcmp[c]:-1	可逆|adp[c]:1;atp[c]:-1;dcdp[c]:1;dcmp[c]:-1	-1000..1000	-1000..1000	AFE_0902	AFE_0902	A158:P158	A157:O157	共同基础
CYTRED	共同且无语义差异	无语义差异	0.5 h[p] + q8h2[c] + etpcycAox[p]  -> 0.5 h[c] + q8[c] + etpcycArd[p]	0.5 h[p] + q8h2[c] + etpcycAox[p]  -> 0.5 h[c] + q8[c] + etpcycArd[p]	正向|etpcycAox[p]:-1;etpcycArd[p]:1;h[c]:0.5;h[p]:-0.5;q8[c]:1;q8h2[c]:-1	正向|etpcycAox[p]:-1;etpcycArd[p]:1;h[c]:0.5;h[p]:-0.5;q8[c]:1;q8h2[c]:-1	0..1000	0..1000	(AFE_2727 and AFE_2728 and AFE_2729 and AFE_2730 and AFE_2731)	(AFE_2727 and AFE_2728 and AFE_2729 and AFE_2730 and AFE_2731)	A159:P159	A158:O158	共同基础
DADA	共同且无语义差异	无语义差异	h[c] + h2o[c] + dad-2[c]  -> nh4[c] + din[c]	h[c] + h2o[c] + dad-2[c]  -> nh4[c] + din[c]	正向|dad-2[c]:-1;din[c]:1;h2o[c]:-1;h[c]:-1;nh4[c]:1	正向|dad-2[c]:-1;din[c]:1;h2o[c]:-1;h[c]:-1;nh4[c]:1	0..1000	0..1000	AFE_0773	AFE_0773	A160:P160	A159:O159	共同基础
DAPDC	共同且无语义差异	无语义差异	h[c] + 26dap-M[c]  <=> co2[c] + lys-L[c]	h[c] + 26dap-M[c]  <=> co2[c] + lys-L[c]	可逆|26dap-M[c]:-1;co2[c]:1;h[c]:-1;lys-L[c]:1	可逆|26dap-M[c]:-1;co2[c]:1;h[c]:-1;lys-L[c]:1	-1000..1000	-1000..1000	AFE_3279	AFE_3279	A161:P161	A160:O160	共同基础
DAPE	共同且无语义差异	无语义差异	26dap-LL[c]  <=> 26dap-M[c]	26dap-LL[c]  <=> 26dap-M[c]	可逆|26dap-LL[c]:-1;26dap-M[c]:1	可逆|26dap-LL[c]:-1;26dap-M[c]:1	-1000..1000	-1000..1000	AFE_2743	AFE_2743	A162:P162	A161:O161	共同基础
DB4PS	共同且无语义差异	无语义差异	ru5p-D[c]  <=> h[c] + for[c] + db4p[c]	ru5p-D[c]  <=> h[c] + for[c] + db4p[c]	可逆|db4p[c]:1;for[c]:1;h[c]:1;ru5p-D[c]:-1	可逆|db4p[c]:1;for[c]:1;h[c]:1;ru5p-D[c]:-1	-1000..1000	-1000..1000	(AFE_1494 or AFE_0299)	(AFE_1494 or AFE_0299)	A163:P163	A162:O162	共同基础
DBTS	共同且无语义差异	无语义差异	atp[c] + co2[c] + dann[c]  <=> 3 h[c] + pi[c] + adp[c] + dtbt[c]	atp[c] + co2[c] + dann[c]  <=> 3 h[c] + pi[c] + adp[c] + dtbt[c]	可逆|adp[c]:1;atp[c]:-1;co2[c]:-1;dann[c]:-1;dtbt[c]:1;h[c]:3;pi[c]:1	可逆|adp[c]:1;atp[c]:-1;co2[c]:-1;dann[c]:-1;dtbt[c]:1;h[c]:3;pi[c]:1	-1000..1000	-1000..1000	(AFE_1675 or AFE_0246)	(AFE_1675 or AFE_0246)	A164:P164	A163:O163	共同基础
DCTPD	共同且无语义差异	无语义差异	h[c] + h2o[c] + dctp[c]  -> nh4[c] + dutp[c]	h[c] + h2o[c] + dctp[c]  -> nh4[c] + dutp[c]	正向|dctp[c]:-1;dutp[c]:1;h2o[c]:-1;h[c]:-1;nh4[c]:1	正向|dctp[c]:-1;dutp[c]:1;h2o[c]:-1;h[c]:-1;nh4[c]:1	0..1000	0..1000	AFE_2660	AFE_2660	A165:P165	A164:O164	共同基础
DCYTD	共同且无语义差异	无语义差异	h[c] + h2o[c] + dcyt[c]  -> nh4[c] + duri[c]	h[c] + h2o[c] + dcyt[c]  -> nh4[c] + duri[c]	正向|dcyt[c]:-1;duri[c]:1;h2o[c]:-1;h[c]:-1;nh4[c]:1	正向|dcyt[c]:-1;duri[c]:1;h2o[c]:-1;h[c]:-1;nh4[c]:1	0..1000	0..1000	AFE_0741	AFE_0741	A166:P166	A165:O165	共同基础
DDGPA	共同且无语义差异	无语义差异	2ddg6p[c]  -> pyr[c] + g3p[c]	2ddg6p[c]  -> pyr[c] + g3p[c]	正向|2ddg6p[c]:-1;g3p[c]:1;pyr[c]:1	正向|2ddg6p[c]:-1;g3p[c]:1;pyr[c]:1	0..1000	0..1000	AFE_1816	AFE_1816	A167:P167	A166:O166	共同基础
DDPA	共同且无语义差异	无语义差异	h2o[c] + pep[c] + e4p[c]  -> pi[c] + 2dda7p[c]	h2o[c] + pep[c] + e4p[c]  -> pi[c] + 2dda7p[c]	正向|2dda7p[c]:1;e4p[c]:-1;h2o[c]:-1;pep[c]:-1;pi[c]:1	正向|2dda7p[c]:1;e4p[c]:-1;h2o[c]:-1;pep[c]:-1;pi[c]:1	0..1000	0..1000	(AFE_2671 or AFE_0899)	(AFE_2671 or AFE_0899)	A168:P168	A167:O167	共同基础
DGAMK	共同且无语义差异	无语义差异	h[c] + adp[c] + gam6p[c]  <=> atp[c] + gam[c]	h[c] + adp[c] + gam6p[c]  <=> atp[c] + gam[c]	可逆|adp[c]:-1;atp[c]:1;gam6p[c]:-1;gam[c]:1;h[c]:-1	可逆|adp[c]:-1;atp[c]:1;gam6p[c]:-1;gam[c]:1;h[c]:-1	-1000..1000	-1000..1000			A169:P169	A168:O168	共同基础
DGPE	共同且无语义差异	无语义差异	g6p-A[c]  <=> g6p-B[c]	g6p-A[c]  <=> g6p-B[c]	可逆|g6p-A[c]:-1;g6p-B[c]:1	可逆|g6p-A[c]:-1;g6p-B[c]:1	-1000..1000	-1000..1000			A170:P170	A169:O169	共同基础
DHAD1	共同且无语义差异	无语义差异	23dhmb[c]  -> h2o[c] + 3mob[c]	23dhmb[c]  -> h2o[c] + 3mob[c]	正向|23dhmb[c]:-1;3mob[c]:1;h2o[c]:1	正向|23dhmb[c]:-1;3mob[c]:1;h2o[c]:1	0..1000	0..1000	(AFE_1673 and AFE_0662)	(AFE_1673 and AFE_0662)	A171:P171	A170:O170	共同基础
DHAD2	共同且无语义差异	无语义差异	23dhmp[c]  <=> h2o[c] + 3mop[c]	23dhmp[c]  <=> h2o[c] + 3mop[c]	可逆|23dhmp[c]:-1;3mop[c]:1;h2o[c]:1	可逆|23dhmp[c]:-1;3mop[c]:1;h2o[c]:1	-1000..1000	-1000..1000	(AFE_1673 or AFE_0662)	(AFE_1673 or AFE_0662)	A172:P172	A171:O171	共同基础
DHDPRy	共同且无语义差异	无语义差异	nadp[c] + thdp[c]  <=> h[c] + nadph[c] + 23dhdp[c]	nadp[c] + thdp[c]  <=> h[c] + nadph[c] + 23dhdp[c]	可逆|23dhdp[c]:1;h[c]:1;nadp[c]:-1;nadph[c]:1;thdp[c]:-1	可逆|23dhdp[c]:1;h[c]:1;nadp[c]:-1;nadph[c]:1;thdp[c]:-1	-1000..1000	-1000..1000	AFE_2663	AFE_2663	A173:P173	A172:O172	共同基础
DHDPS	共同且无语义差异	无语义差异	pyr[c] + aspsa[c]  <=> h[c] + 2 h2o[c] + 23dhdp[c]	pyr[c] + aspsa[c]  <=> h[c] + 2 h2o[c] + 23dhdp[c]	可逆|23dhdp[c]:1;aspsa[c]:-1;h2o[c]:2;h[c]:1;pyr[c]:-1	可逆|23dhdp[c]:1;aspsa[c]:-1;h2o[c]:2;h[c]:1;pyr[c]:-1	-1000..1000	-1000..1000	AFE_2358	AFE_2358	A174:P174	A173:O173	共同基础
DHFR	共同且无语义差异	无语义差异	nadp[c] + thf[c]  <=> h[c] + nadph[c] + dhf[c]	nadp[c] + thf[c]  <=> h[c] + nadph[c] + dhf[c]	可逆|dhf[c]:1;h[c]:1;nadp[c]:-1;nadph[c]:1;thf[c]:-1	可逆|dhf[c]:1;h[c]:1;nadp[c]:-1;nadph[c]:1;thf[c]:-1	-1000..1000	-1000..1000			A175:P175	A174:O174	共同基础
DHFS	共同且无语义差异	无语义差异	glu-L[c] + atp[c] + dhpt[c]  -> h[c] + pi[c] + adp[c] + dhf[c]	glu-L[c] + atp[c] + dhpt[c]  -> h[c] + pi[c] + adp[c] + dhf[c]	正向|adp[c]:1;atp[c]:-1;dhf[c]:1;dhpt[c]:-1;glu-L[c]:-1;h[c]:1;pi[c]:1	正向|adp[c]:1;atp[c]:-1;dhf[c]:1;dhpt[c]:-1;glu-L[c]:-1;h[c]:1;pi[c]:1	0..1000	0..1000	AFE_2066	AFE_2066	A176:P176	A175:O175	共同基础
DHNPA2	共同且无语义差异	无语义差异	dhnpt[c]  <=> gcald[c] + 6hmhpt[c]	dhnpt[c]  <=> gcald[c] + 6hmhpt[c]	可逆|6hmhpt[c]:1;dhnpt[c]:-1;gcald[c]:1	可逆|6hmhpt[c]:1;dhnpt[c]:-1;gcald[c]:1	-1000..1000	-1000..1000	AFE_0126	AFE_0126	A177:P177	A176:O176	共同基础
DHORD	共同且无语义差异	无语义差异	o2[c] + dhor-S[c]  -> h2o2[c] + orot[c]	o2[c] + dhor-S[c]  -> h2o2[c] + orot[c]	正向|dhor-S[c]:-1;h2o2[c]:1;o2[c]:-1;orot[c]:1	正向|dhor-S[c]:-1;h2o2[c]:1;o2[c]:-1;orot[c]:1	0..1000	0..1000	AFE_2264	AFE_2264	A178:P178	A177:O177	共同基础
DHORTS	共同且无语义差异	无语义差异	h[c] + cbasp[c]  <=> h2o[c] + dhor-S[c]	h[c] + cbasp[c]  <=> h2o[c] + dhor-S[c]	可逆|cbasp[c]:-1;dhor-S[c]:1;h2o[c]:1;h[c]:-1	可逆|cbasp[c]:-1;dhor-S[c]:1;h2o[c]:1;h[c]:-1	-1000..1000	-1000..1000	(AFE_1672 and AFE_3058 and AFE_1463)	(AFE_1672 and AFE_3058 and AFE_1463)	A179:P179	A178:O178	共同基础
DHPPDA	共同且无语义差异	无语义差异	h2o[c] + 2dhpp[c]  -> nh4[c] + 5apru[c]	h2o[c] + 2dhpp[c]  -> nh4[c] + 5apru[c]	正向|2dhpp[c]:-1;5apru[c]:1;h2o[c]:-1;nh4[c]:1	正向|2dhpp[c]:-1;5apru[c]:1;h2o[c]:-1;nh4[c]:1	0..1000	0..1000	AFE_0297	AFE_0297	A180:P180	A179:O179	共同基础
DHPS2	共同且无语义差异	无语义差异	2ahhmd[c] + 4abz[c]  <=> ppi[c] + dhpt[c]	2ahhmd[c] + 4abz[c]  <=> ppi[c] + dhpt[c]	可逆|2ahhmd[c]:-1;4abz[c]:-1;dhpt[c]:1;ppi[c]:1	可逆|2ahhmd[c]:-1;4abz[c]:-1;dhpt[c]:1;ppi[c]:1	-1000..1000	-1000..1000	AFE_2635	AFE_2635	A181:P181	A180:O180	共同基础
DHQS	共同且无语义差异	无语义差异	2dda7p[c]  -> pi[c] + 3dhq[c]	2dda7p[c]  -> pi[c] + 3dhq[c]	正向|2dda7p[c]:-1;3dhq[c]:1;pi[c]:1	正向|2dda7p[c]:-1;3dhq[c]:1;pi[c]:1	0..1000	0..1000	AFE_0733	AFE_0733	A182:P182	A181:O181	共同基础
DHQT	共同且无语义差异	无语义差异	3dhq[c]  <=> h2o[c] + 3dhsk[c]	3dhq[c]  <=> h2o[c] + 3dhsk[c]	可逆|3dhq[c]:-1;3dhsk[c]:1;h2o[c]:1	可逆|3dhq[c]:-1;3dhsk[c]:1;h2o[c]:1	-1000..1000	-1000..1000	AFE_0197	AFE_0197	A183:P183	A182:O182	共同基础
DKMPE	共同且无语义差异	无语义差异	dkmpp[c]  <=> 2h3kto5me1pe[c]	dkmpp[c]  <=> 2h3kto5me1pe[c]	可逆|2h3kto5me1pe[c]:1;dkmpp[c]:-1	可逆|2h3kto5me1pe[c]:1;dkmpp[c]:-1	-1000..1000	-1000..1000	AFE_0434	AFE_0434	A184:P184	A183:O183	共同基础
DMATT	共同且无语义差异	无语义差异	dmpp[c] + ipdp[c]  -> ppi[c] + grdp[c]	dmpp[c] + ipdp[c]  -> ppi[c] + grdp[c]	正向|dmpp[c]:-1;grdp[c]:1;ipdp[c]:-1;ppi[c]:1	正向|dmpp[c]:-1;grdp[c]:1;ipdp[c]:-1;ppi[c]:1	0..1000	0..1000			A185:P185	A184:O184	共同基础
DMPPS	共同且无语义差异	无语义差异	h[c] + nadph[c] + h2mb4p[c]  -> h2o[c] + nadp[c] + dmpp[c]	h[c] + nadph[c] + h2mb4p[c]  -> h2o[c] + nadp[c] + dmpp[c]	正向|dmpp[c]:1;h2mb4p[c]:-1;h2o[c]:1;h[c]:-1;nadp[c]:1;nadph[c]:-1	正向|dmpp[c]:1;h2mb4p[c]:-1;h2o[c]:1;h[c]:-1;nadp[c]:1;nadph[c]:-1	0..1000	0..1000	AFE_3258	AFE_3258	A186:P186	A185:O185	共同基础
DNMPPA	共同且无语义差异	无语义差异	h2o[c] + dhpmp[c]  -> pi[c] + dhnpt[c]	h2o[c] + dhpmp[c]  -> pi[c] + dhnpt[c]	正向|dhnpt[c]:1;dhpmp[c]:-1;h2o[c]:-1;pi[c]:1	正向|dhnpt[c]:1;dhpmp[c]:-1;h2o[c]:-1;pi[c]:1	0..1000	0..1000			A187:P187	A186:O186	共同基础
DNTPPA	共同且无语义差异	无语义差异	h2o[c] + ahdt[c]  -> h[c] + ppi[c] + dhpmp[c]	h2o[c] + ahdt[c]  -> h[c] + ppi[c] + dhpmp[c]	正向|ahdt[c]:-1;dhpmp[c]:1;h2o[c]:-1;h[c]:1;ppi[c]:1	正向|ahdt[c]:-1;dhpmp[c]:1;h2o[c]:-1;h[c]:1;ppi[c]:1	0..1000	0..1000			A188:P188	A187:O187	共同基础
DOXRI	共同且无语义差异	无语义差异	nadp[c] + 2me4p[c]  <=> h[c] + nadph[c] + dxyl5p[c]	nadp[c] + 2me4p[c]  <=> h[c] + nadph[c] + dxyl5p[c]	可逆|2me4p[c]:-1;dxyl5p[c]:1;h[c]:1;nadp[c]:-1;nadph[c]:1	可逆|2me4p[c]:-1;dxyl5p[c]:1;h[c]:1;nadp[c]:-1;nadph[c]:1	-1000..1000	-1000..1000	AFE_1450	AFE_1450	A189:P189	A188:O188	共同基础
DOXS	共同且无语义差异	无语义差异	h[c] + pyr[c] + g3p[c]  <=> co2[c] + dxyl5p[c]	h[c] + pyr[c] + g3p[c]  <=> co2[c] + dxyl5p[c]	可逆|co2[c]:1;dxyl5p[c]:1;g3p[c]:-1;h[c]:-1;pyr[c]:-1	可逆|co2[c]:1;dxyl5p[c]:1;g3p[c]:-1;h[c]:-1;pyr[c]:-1	-1000..1000	-1000..1000	AFE_1974	AFE_1974	A190:P190	A189:O189	共同基础
DPCOAK	共同且无语义差异	无语义差异	atp[c] + dpcoa[c]  -> h[c] + adp[c] + coa[c]	atp[c] + dpcoa[c]  -> h[c] + adp[c] + coa[c]	正向|adp[c]:1;atp[c]:-1;coa[c]:1;dpcoa[c]:-1;h[c]:1	正向|adp[c]:1;atp[c]:-1;coa[c]:1;dpcoa[c]:-1;h[c]:1	0..1000	0..1000	AFE_0187	AFE_0187	A191:P191	A190:O190	共同基础
DPR	共同且无语义差异	无语义差异	nadp[c] + pant-R[c]  <=> h[c] + nadph[c] + 2dhp[c]	nadp[c] + pant-R[c]  <=> h[c] + nadph[c] + 2dhp[c]	可逆|2dhp[c]:1;h[c]:1;nadp[c]:-1;nadph[c]:1;pant-R[c]:-1	可逆|2dhp[c]:1;h[c]:1;nadp[c]:-1;nadph[c]:1;pant-R[c]:-1	-1000..1000	-1000..1000			A192:P192	A191:O191	共同基础
DTDCT	共同且无语义差异	无语义差异	ipdp[c] + frdp[c]  <=> ppi[c] + ttc-ggdp[c]	ipdp[c] + frdp[c]  <=> ppi[c] + ttc-ggdp[c]	可逆|frdp[c]:-1;ipdp[c]:-1;ppi[c]:1;ttc-ggdp[c]:1	可逆|frdp[c]:-1;ipdp[c]:-1;ppi[c]:1;ttc-ggdp[c]:1	-1000..1000	-1000..1000	AFE_1448	AFE_1448	A193:P193	A192:O192	共同基础
DTMPK	共同且无语义差异	无语义差异	atp[c] + dtmp[c]  <=> adp[c] + dtdp[c]	atp[c] + dtmp[c]  <=> adp[c] + dtdp[c]	可逆|adp[c]:1;atp[c]:-1;dtdp[c]:1;dtmp[c]:-1	可逆|adp[c]:1;atp[c]:-1;dtdp[c]:1;dtmp[c]:-1	-1000..1000	-1000..1000	AFE_1913	AFE_1913	A194:P194	A193:O193	共同基础
DUQM	共同且无语义差异	无语义差异	amet[c] + 3dmq[c]  <=> 3 h[c] + ahcys[c] + q8[c]	amet[c] + 3dmq[c]  <=> 3 h[c] + ahcys[c] + q8[c]	可逆|3dmq[c]:-1;ahcys[c]:1;amet[c]:-1;h[c]:3;q8[c]:1	可逆|3dmq[c]:-1;ahcys[c]:1;amet[c]:-1;h[c]:3;q8[c]:1	-1000..1000	-1000..1000	AFE_1825	AFE_1825	A195:P195	A194:O194	共同基础
DUTPDP	共同且无语义差异	无语义差异	h2o[c] + dutp[c]  <=> h[c] + ppi[c] + dump[c]	h2o[c] + dutp[c]  <=> h[c] + ppi[c] + dump[c]	可逆|dump[c]:1;dutp[c]:-1;h2o[c]:-1;h[c]:1;ppi[c]:1	可逆|dump[c]:1;dutp[c]:-1;h2o[c]:-1;h[c]:1;ppi[c]:1	-1000..1000	-1000..1000	AFE_0356	AFE_0356	A196:P196	A195:O195	共同基础
E4PD	共同且无语义差异	无语义差异	h2o[c] + nad[c] + e4p[c]  <=> 2 h[c] + nadh[c] + 4per[c]	h2o[c] + nad[c] + e4p[c]  <=> 2 h[c] + nadh[c] + 4per[c]	可逆|4per[c]:1;e4p[c]:-1;h2o[c]:-1;h[c]:2;nad[c]:-1;nadh[c]:1	可逆|4per[c]:1;e4p[c]:-1;h2o[c]:-1;h[c]:2;nad[c]:-1;nadh[c]:1	-1000..1000	-1000..1000	AFE_3251	AFE_3251	A197:P197	A196:O196	共同基础
EAR1	共同且无语义差异	无语义差异	h[c] + nadph[c] + but2eACP[c]  <=> nadp[c] + butACP[c]	h[c] + nadph[c] + but2eACP[c]  <=> nadp[c] + butACP[c]	可逆|but2eACP[c]:-1;butACP[c]:1;h[c]:-1;nadp[c]:1;nadph[c]:-1	可逆|but2eACP[c]:-1;butACP[c]:1;h[c]:-1;nadp[c]:1;nadph[c]:-1	-1000..1000	-1000..1000	AFE_0420	AFE_0420	A198:P198	A197:O197	共同基础
EAR10	共同且无语义差异	无语义差异	h[c] + nadph[c] + thex2eACP[c]  <=> nadp[c] + hexACP[c]	h[c] + nadph[c] + thex2eACP[c]  <=> nadp[c] + hexACP[c]	可逆|h[c]:-1;hexACP[c]:1;nadp[c]:1;nadph[c]:-1;thex2eACP[c]:-1	可逆|h[c]:-1;hexACP[c]:1;nadp[c]:1;nadph[c]:-1;thex2eACP[c]:-1	-1000..1000	-1000..1000	AFE_0420	AFE_0420	A199:P199	A198:O198	共同基础
EAR11	共同且无语义差异	无语义差异	h[c] + nadph[c] + toct2eACP[c]  <=> nadp[c] + ocACP[c]	h[c] + nadph[c] + toct2eACP[c]  <=> nadp[c] + ocACP[c]	可逆|h[c]:-1;nadp[c]:1;nadph[c]:-1;ocACP[c]:1;toct2eACP[c]:-1	可逆|h[c]:-1;nadp[c]:1;nadph[c]:-1;ocACP[c]:1;toct2eACP[c]:-1	-1000..1000	-1000..1000	AFE_0420	AFE_0420	A200:P200	A199:O199	共同基础
EAR12	共同且无语义差异	无语义差异	h[c] + nadph[c] + tdec2eACP[c]  <=> nadp[c] + dcaACP[c]	h[c] + nadph[c] + tdec2eACP[c]  <=> nadp[c] + dcaACP[c]	可逆|dcaACP[c]:1;h[c]:-1;nadp[c]:1;nadph[c]:-1;tdec2eACP[c]:-1	可逆|dcaACP[c]:1;h[c]:-1;nadp[c]:1;nadph[c]:-1;tdec2eACP[c]:-1	-1000..1000	-1000..1000	AFE_0420	AFE_0420	A201:P201	A200:O200	共同基础
EAR13	共同且无语义差异	无语义差异	h[c] + nadph[c] + tddec2eACP[c]  <=> nadp[c] + ddcaACP[c]	h[c] + nadph[c] + tddec2eACP[c]  <=> nadp[c] + ddcaACP[c]	可逆|ddcaACP[c]:1;h[c]:-1;nadp[c]:1;nadph[c]:-1;tddec2eACP[c]:-1	可逆|ddcaACP[c]:1;h[c]:-1;nadp[c]:1;nadph[c]:-1;tddec2eACP[c]:-1	-1000..1000	-1000..1000	AFE_0420	AFE_0420	A202:P202	A201:O201	共同基础
EAR14	共同且无语义差异	无语义差异	h[c] + nadph[c] + tmrs2eACP[c]  <=> nadp[c] + myrsACP[c]	h[c] + nadph[c] + tmrs2eACP[c]  <=> nadp[c] + myrsACP[c]	可逆|h[c]:-1;myrsACP[c]:1;nadp[c]:1;nadph[c]:-1;tmrs2eACP[c]:-1	可逆|h[c]:-1;myrsACP[c]:1;nadp[c]:1;nadph[c]:-1;tmrs2eACP[c]:-1	-1000..1000	-1000..1000	AFE_0420	AFE_0420	A203:P203	A202:O202	共同基础
EAR15	共同且无语义差异	无语义差异	h[c] + nadph[c] + tpalm2eACP[c]  <=> nadp[c] + palmACP[c]	h[c] + nadph[c] + tpalm2eACP[c]  <=> nadp[c] + palmACP[c]	可逆|h[c]:-1;nadp[c]:1;nadph[c]:-1;palmACP[c]:1;tpalm2eACP[c]:-1	可逆|h[c]:-1;nadp[c]:1;nadph[c]:-1;palmACP[c]:1;tpalm2eACP[c]:-1	-1000..1000	-1000..1000	AFE_0420	AFE_0420	A204:P204	A203:O203	共同基础
EAR16	共同且无语义差异	无语义差异	h[c] + nadph[c] + 2tadeACP[c]  <=> nadp[c] + ocdcaACP[c]	h[c] + nadph[c] + 2tadeACP[c]  <=> nadp[c] + ocdcaACP[c]	可逆|2tadeACP[c]:-1;h[c]:-1;nadp[c]:1;nadph[c]:-1;ocdcaACP[c]:1	可逆|2tadeACP[c]:-1;h[c]:-1;nadp[c]:1;nadph[c]:-1;ocdcaACP[c]:1	-1000..1000	-1000..1000	AFE_0420	AFE_0420	A205:P205	A204:O204	共同基础
EAR17	共同且无语义差异	无语义差异	h[c] + nadph[c] + 2teicACP[c]  <=> nadp[c] + arachACP[c]	h[c] + nadph[c] + 2teicACP[c]  <=> nadp[c] + arachACP[c]	可逆|2teicACP[c]:-1;arachACP[c]:1;h[c]:-1;nadp[c]:1;nadph[c]:-1	可逆|2teicACP[c]:-1;arachACP[c]:1;h[c]:-1;nadp[c]:1;nadph[c]:-1	-1000..1000	-1000..1000	AFE_0420	AFE_0420	A206:P206	A205:O205	共同基础
EAR2	共同且无语义差异	无语义差异	h[c] + nadph[c] + c2tdodeACP[c]  <=> nadp[c] + 3cddACP[c]	h[c] + nadph[c] + c2tdodeACP[c]  <=> nadp[c] + 3cddACP[c]	可逆|3cddACP[c]:1;c2tdodeACP[c]:-1;h[c]:-1;nadp[c]:1;nadph[c]:-1	可逆|3cddACP[c]:1;c2tdodeACP[c]:-1;h[c]:-1;nadp[c]:1;nadph[c]:-1	-1000..1000	-1000..1000	AFE_0420	AFE_0420	A207:P207	A206:O206	共同基础
EAR3	共同且无语义差异	无语义差异	h[c] + nadph[c] + c2ttedeACP[c]  <=> nadp[c] + ctdeACP[c]	h[c] + nadph[c] + c2ttedeACP[c]  <=> nadp[c] + ctdeACP[c]	可逆|c2ttedeACP[c]:-1;ctdeACP[c]:1;h[c]:-1;nadp[c]:1;nadph[c]:-1	可逆|c2ttedeACP[c]:-1;ctdeACP[c]:1;h[c]:-1;nadp[c]:1;nadph[c]:-1	-1000..1000	-1000..1000	AFE_0420	AFE_0420	A208:P208	A207:O207	共同基础
EAR4	共同且无语义差异	无语义差异	h[c] + nadph[c] + c2thedeACP[c]  <=> nadp[c] + chexcaACP[c]	h[c] + nadph[c] + c2thedeACP[c]  <=> nadp[c] + chexcaACP[c]	可逆|c2thedeACP[c]:-1;chexcaACP[c]:1;h[c]:-1;nadp[c]:1;nadph[c]:-1	可逆|c2thedeACP[c]:-1;chexcaACP[c]:1;h[c]:-1;nadp[c]:1;nadph[c]:-1	-1000..1000	-1000..1000	AFE_0420	AFE_0420	A209:P209	A208:O208	共同基础
EAR5	共同且无语义差异	无语义差异	h[c] + nadph[c] + c2tocdeACP[c]  <=> nadp[c] + octeACP[c]	h[c] + nadph[c] + c2tocdeACP[c]  <=> nadp[c] + octeACP[c]	可逆|c2tocdeACP[c]:-1;h[c]:-1;nadp[c]:1;nadph[c]:-1;octeACP[c]:1	可逆|c2tocdeACP[c]:-1;h[c]:-1;nadp[c]:1;nadph[c]:-1;octeACP[c]:1	-1000..1000	-1000..1000	AFE_0420	AFE_0420	A210:P210	A209:O209	共同基础
EAR6	共同且无语义差异	无语义差异	h[c] + nadph[c] + 2tpenACP[c]  <=> nadp[c] + ptACP[c]	h[c] + nadph[c] + 2tpenACP[c]  <=> nadp[c] + ptACP[c]	可逆|2tpenACP[c]:-1;h[c]:-1;nadp[c]:1;nadph[c]:-1;ptACP[c]:1	可逆|2tpenACP[c]:-1;h[c]:-1;nadp[c]:1;nadph[c]:-1;ptACP[c]:1	-1000..1000	-1000..1000	AFE_0420	AFE_0420	A211:P211	A210:O210	共同基础
EAR7	共同且无语义差异	无语义差异	5 h[c] + 5 nadph[c] + vtenACP[c]  <=> 5 nadp[c] + ptdcaACP[c]	5 h[c] + 5 nadph[c] + vtenACP[c]  <=> 5 nadp[c] + ptdcaACP[c]	可逆|h[c]:-5;nadp[c]:5;nadph[c]:-5;ptdcaACP[c]:1;vtenACP[c]:-1	可逆|h[c]:-5;nadp[c]:5;nadph[c]:-5;ptdcaACP[c]:1;vtenACP[c]:-1	-1000..1000	-1000..1000	AFE_0420	AFE_0420	A212:P212	A211:O211	共同基础
EAR8	共同且无语义差异	无语义差异	h[c] + nadph[c] + thepcaACP[c]  <=> nadp[c] + hpdcaACP[c]	h[c] + nadph[c] + thepcaACP[c]  <=> nadp[c] + hpdcaACP[c]	可逆|h[c]:-1;hpdcaACP[c]:1;nadp[c]:1;nadph[c]:-1;thepcaACP[c]:-1	可逆|h[c]:-1;hpdcaACP[c]:1;nadp[c]:1;nadph[c]:-1;thepcaACP[c]:-1	-1000..1000	-1000..1000	AFE_0420	AFE_0420	A213:P213	A212:O212	共同基础
EAR9	共同且无语义差异	无语义差异	h[c] + nadph[c] + noncaACP[c]  <=> nadp[c] + nodcaACP[c]	h[c] + nadph[c] + noncaACP[c]  <=> nadp[c] + nodcaACP[c]	可逆|h[c]:-1;nadp[c]:1;nadph[c]:-1;nodcaACP[c]:1;noncaACP[c]:-1	可逆|h[c]:-1;nadp[c]:1;nadph[c]:-1;nodcaACP[c]:1;noncaACP[c]:-1	-1000..1000	-1000..1000	AFE_0420	AFE_0420	A214:P214	A213:O213	共同基础
ENO	共同且无语义差异	无语义差异	2pg[c]  <=> h2o[c] + pep[c]	2pg[c]  <=> h2o[c] + pep[c]	可逆|2pg[c]:-1;h2o[c]:1;pep[c]:1	可逆|2pg[c]:-1;h2o[c]:1;pep[c]:1	-1000..1000	-1000..1000	(AFE_1800 or AFE_0849)	(AFE_1800 or AFE_0849)	A215:P215	A214:O214	共同基础
EPS	共同且无语义差异	无语义差异	0.17 dtdprmn[c] + 0.255 gdpfuc[c] + 0.01 udpxyl[c] + 0.005 gdpmann[c] + 0.11 dtdpglu[c] + 0.04 udpglcur[c] + 0.02 ddcaACP[c] + 0.004 myrsACP[c] + 0.08 palmACP[c] + 0.01 hpdcaACP[c] + 0.17 ocdcaACP[c] + 0.03 nodcaACP[c] + 0.01 arachACP[c]  -> eps_AFE[c] + 0.28 dtdp[c] + 0.25 gdp[c] + 0.05 udp[c] + 0.324 ACP[c]	0.17 dtdprmn[c] + 0.255 gdpfuc[c] + 0.01 udpxyl[c] + 0.005 gdpmann[c] + 0.11 dtdpglu[c] + 0.04 udpglcur[c] + 0.02 ddcaACP[c] + 0.004 myrsACP[c] + 0.08 palmACP[c] + 0.01 hpdcaACP[c] + 0.17 ocdcaACP[c] + 0.03 nodcaACP[c] + 0.01 arachACP[c]  -> eps_AFE[c] + 0.28 dtdp[c] + 0.25 gdp[c] + 0.05 udp[c] + 0.324 ACP[c]	正向|ACP[c]:0.324;arachACP[c]:-0.01;ddcaACP[c]:-0.02;dtdp[c]:0.28;dtdpglu[c]:-0.11;dtdprmn[c]:-0.17;eps_AFE[c]:1;gdp[c]:0.25;gdpfuc[c]:-0.255;gdpmann[c]:-0.005;hpdcaACP[c]:-0.01;myrsACP[c]:-0.004;nodcaACP[c]:-0.03;ocdcaACP[c]:-0.17;palmACP[c]:-0.08;udp[c]:0.05;udpglcur[c]:-0.04;udpxyl[c]:-0.01	正向|ACP[c]:0.324;arachACP[c]:-0.01;ddcaACP[c]:-0.02;dtdp[c]:0.28;dtdpglu[c]:-0.11;dtdprmn[c]:-0.17;eps_AFE[c]:1;gdp[c]:0.25;gdpfuc[c]:-0.255;gdpmann[c]:-0.005;hpdcaACP[c]:-0.01;myrsACP[c]:-0.004;nodcaACP[c]:-0.03;ocdcaACP[c]:-0.17;palmACP[c]:-0.08;udp[c]:0.05;udpglcur[c]:-0.04;udpxyl[c]:-0.01	0..1000	0..1000			A216:P216	A215:O215	共同基础
EPStex	共同且无语义差异	无语义差异	eps_AFE[p]  <=> eps_AFE[e]	eps_AFE[p]  <=> eps_AFE[e]	可逆|eps_AFE[e]:1;eps_AFE[p]:-1	可逆|eps_AFE[e]:1;eps_AFE[p]:-1	-1000..1000	-1000..1000			A217:P217	A216:O216	共同基础
EPStpp	共同且无语义差异	无语义差异	eps_AFE[c]  -> eps_AFE[p]	eps_AFE[c]  -> eps_AFE[p]	正向|eps_AFE[c]:-1;eps_AFE[p]:1	正向|eps_AFE[c]:-1;eps_AFE[p]:1	0..1000	0..1000			A218:P218	A217:O217	共同基础
Ex_4hba[e]	共同且无语义差异	无语义差异	4hba[e]  <=>	4hba[e]  <=>	可逆|4hba[e]:-1	可逆|4hba[e]:-1	0..1000	0..1000			A219:P219	A218:O218	共同基础
Ex_bio[e]	共同且无语义差异	无语义差异	bio[e]  <=>	bio[e]  <=>	可逆|bio[e]:-1	可逆|bio[e]:-1	-1000..1000	-1000..1000			A220:P220	A219:O219	共同基础
Ex_ca2[e]	共同且无语义差异	无语义差异	ca2[e]  <=>	ca2[e]  <=>	可逆|ca2[e]:-1	可逆|ca2[e]:-1	-1000..1000	-1000..1000			A221:P221	A220:O220	共同基础
Ex_cu2[e]	共同且无语义差异	无语义差异	cu2[e]  <=>	cu2[e]  <=>	可逆|cu2[e]:-1	可逆|cu2[e]:-1	-1000..1000	-1000..1000			A222:P222	A221:O221	共同基础
Ex_eps_AFE[e]	共同且无语义差异	无语义差异	eps_AFE[e]  <=>	eps_AFE[e]  <=>	可逆|eps_AFE[e]:-1	可逆|eps_AFE[e]:-1	-1000..1000	-1000..1000			A223:P223	A222:O222	共同基础
Ex_fe2[e]	共同且无语义差异	无语义差异	fe2[e]  <=>	fe2[e]  <=>	可逆|fe2[e]:-1	可逆|fe2[e]:-1	-1000..1000	-1000..1000			A224:P224	A223:O223	共同基础
Ex_fe3[e]	共同且无语义差异	无语义差异	fe3[e]  <=>	fe3[e]  <=>	可逆|fe3[e]:-1	可逆|fe3[e]:-1	-1000..1000	-1000..1000			A225:P225	A224:O224	共同基础
Ex_h2[e]	共同且无语义差异	无语义差异	h2[e]  <=>	h2[e]  <=>	可逆|h2[e]:-1	可逆|h2[e]:-1	0..1000	0..1000			A226:P226	A226:O226	共同基础
Ex_h2co3[e]	共同且无语义差异	无语义差异	h2co3[e]  <=>	h2co3[e]  <=>	可逆|h2co3[e]:-1	可逆|h2co3[e]:-1	-2..-2	-2..-2			A227:P227	A227:O227	共同基础
Ex_h2o[e]	共同且无语义差异	无语义差异	h2o[e]  <=>	h2o[e]  <=>	可逆|h2o[e]:-1	可逆|h2o[e]:-1	-1000..1000	-1000..1000			A228:P228	A228:O228	共同基础
Ex_h2s[e]	共同且无语义差异	无语义差异	h2s[e]  <=>	h2s[e]  <=>	可逆|h2s[e]:-1	可逆|h2s[e]:-1	0..0	0..0			A229:P229	A229:O229	共同基础
Ex_h[e]	共同且无语义差异	无语义差异	h[e]  <=>	h[e]  <=>	可逆|h[e]:-1	可逆|h[e]:-1	-1000..1000	-1000..1000			A230:P230	A225:O225	共同基础
Ex_k[e]	共同且无语义差异	无语义差异	k[e]  <=>	k[e]  <=>	可逆|k[e]:-1	可逆|k[e]:-1	-1000..1000	-1000..1000			A231:P231	A230:O230	共同基础
Ex_mg2[e]	共同且无语义差异	无语义差异	mg2[e]  <=>	mg2[e]  <=>	可逆|mg2[e]:-1	可逆|mg2[e]:-1	-1000..1000	-1000..1000			A232:P232	A231:O231	共同基础
Ex_mn2[e]	共同且无语义差异	无语义差异	mn2[e]  <=>	mn2[e]  <=>	可逆|mn2[e]:-1	可逆|mn2[e]:-1	-1000..1000	-1000..1000			A233:P233	A232:O232	共同基础
Ex_n2[e]	共同且无语义差异	无语义差异	n2[e]  <=>	n2[e]  <=>	可逆|n2[e]:-1	可逆|n2[e]:-1	-1000..1000	-1000..1000			A234:P234	A233:O233	共同基础
Ex_na1[e]	共同且无语义差异	无语义差异	na1[e]  <=>	na1[e]  <=>	可逆|na1[e]:-1	可逆|na1[e]:-1	-1000..1000	-1000..1000			A235:P235	A234:O234	共同基础
Ex_nh4[e]	共同且无语义差异	无语义差异	nh4[e]  <=>	nh4[e]  <=>	可逆|nh4[e]:-1	可逆|nh4[e]:-1	0..0	0..0			A236:P236	A235:O235	共同基础
Ex_o2[e]	共同且无语义差异	无语义差异	o2[e]  <=>	o2[e]  <=>	可逆|o2[e]:-1	可逆|o2[e]:-1	-1000..1000	-1000..1000			A237:P237	A236:O236	共同基础
Ex_pi[e]	共同且无语义差异	无语义差异	pi[e]  <=>	pi[e]  <=>	可逆|pi[e]:-1	可逆|pi[e]:-1	-1000..1000	-1000..1000			A238:P238	A237:O237	共同基础
Ex_polypi[e]	共同且无语义差异	无语义差异	polypi[e]  <=>	polypi[e]  <=>	可逆|polypi[e]:-1	可逆|polypi[e]:-1	0..0	0..0			A239:P239	A238:O238	共同基础
Ex_ppt[e]	共同且无语义差异	无语义差异	ppt[e]  <=>	ppt[e]  <=>	可逆|ppt[e]:-1	可逆|ppt[e]:-1	0..0	0..0			A240:P240	A239:O239	共同基础
Ex_s[e]	共同且无语义差异	无语义差异	s[e]  <=>	s[e]  <=>	可逆|s[e]:-1	可逆|s[e]:-1	0..0	0..0			A241:P241	A240:O240	共同基础
Ex_so4[e]	共同且无语义差异	无语义差异	so4[e]  <=>	so4[e]  <=>	可逆|so4[e]:-1	可逆|so4[e]:-1	0..0	0..0			A242:P242	A241:O241	共同基础
Ex_so4aa[e]	共同且无语义差异	无语义差异	so4aa[e]  <=>	so4aa[e]  <=>	可逆|so4aa[e]:-1	可逆|so4aa[e]:-1	-1000..0	-1000..0			A243:P243	A242:O242	共同基础
Ex_tsul[e]	共同且无语义差异	无语义差异	tsul[e]  <=>	tsul[e]  <=>	可逆|tsul[e]:-1	可逆|tsul[e]:-1	0..0	0..0			A244:P244	A243:O243	共同基础
Ex_ttton[e]	共同且无语义差异	无语义差异	ttton[e]  <=>	ttton[e]  <=>	可逆|ttton[e]:-1	可逆|ttton[e]:-1	0..0	0..0			A245:P245	A244:O244	共同基础
Ex_zn2[e]	共同且无语义差异	无语义差异	zn2[e]  <=>	zn2[e]  <=>	可逆|zn2[e]:-1	可逆|zn2[e]:-1	-1000..1000	-1000..1000			A246:P246	A245:O245	共同基础
FA_PL-ACP-AFE	共同且无语义差异	无语义差异	0.08 ddcaACP[c] + 0.11 palmACP[c] + 0.02 hpdcaACP[c] + 0.02 ocdcaACP[c] + 0.1 3hmrsACP[c] + 0.01 ptdcaACP[c] + 0.21 chexcaACP[c] + 0.02 thepcaACP[c] + 0.36 octeACP[c] + 0.07 c190cACP[c]  -> faplACP[c]	0.08 ddcaACP[c] + 0.11 palmACP[c] + 0.02 hpdcaACP[c] + 0.02 ocdcaACP[c] + 0.1 3hmrsACP[c] + 0.01 ptdcaACP[c] + 0.21 chexcaACP[c] + 0.02 thepcaACP[c] + 0.36 octeACP[c] + 0.07 c190cACP[c]  -> faplACP[c]	正向|3hmrsACP[c]:-0.1;c190cACP[c]:-0.07;chexcaACP[c]:-0.21;ddcaACP[c]:-0.08;faplACP[c]:1;hpdcaACP[c]:-0.02;ocdcaACP[c]:-0.02;octeACP[c]:-0.36;palmACP[c]:-0.11;ptdcaACP[c]:-0.01;thepcaACP[c]:-0.02	正向|3hmrsACP[c]:-0.1;c190cACP[c]:-0.07;chexcaACP[c]:-0.21;ddcaACP[c]:-0.08;faplACP[c]:1;hpdcaACP[c]:-0.02;ocdcaACP[c]:-0.02;octeACP[c]:-0.36;palmACP[c]:-0.11;ptdcaACP[c]:-0.01;thepcaACP[c]:-0.02	0..1000	0..1000			A247:P247	A246:O246	共同基础
FBA	共同且无语义差异	无语义差异	fdp[c]  <=> g3p[c] + dhap[c]	fdp[c]  <=> g3p[c] + dhap[c]	可逆|dhap[c]:1;fdp[c]:-1;g3p[c]:1	可逆|dhap[c]:1;fdp[c]:-1;g3p[c]:1	-1000..1000	-1000..1000	AFE_1802	AFE_1802	A248:P248	A247:O247	共同基础
FBA3	共同且无语义差异	无语义差异	e4p[c] + dhap[c]  <=> s17bp[c]	e4p[c] + dhap[c]  <=> s17bp[c]	可逆|dhap[c]:-1;e4p[c]:-1;s17bp[c]:1	可逆|dhap[c]:-1;e4p[c]:-1;s17bp[c]:1	-1000..1000	-1000..1000	(AFE_1676 and AFE_3248)	(AFE_1676 and AFE_3248)	A249:P249	A248:O248	共同基础
FBP	共同且无语义差异	无语义差异	h2o[c] + fdp[c]  -> pi[c] + f6p-B[c]	h2o[c] + fdp[c]  -> pi[c] + f6p-B[c]	正向|f6p-B[c]:1;fdp[c]:-1;h2o[c]:-1;pi[c]:1	正向|f6p-B[c]:1;fdp[c]:-1;h2o[c]:-1;pi[c]:1	0..1000	0..1000	AFE_0189	AFE_0189	A250:P250	A249:O249	共同基础
FCLT	共同且无语义差异	无语义差异	fe2[c] + ppp9[c]  <=> 2 h[c] + pheme[c]	fe2[c] + ppp9[c]  <=> 2 h[c] + pheme[c]	可逆|fe2[c]:-1;h[c]:2;pheme[c]:1;ppp9[c]:-1	可逆|fe2[c]:-1;h[c]:2;pheme[c]:1;ppp9[c]:-1	-1000..1000	-1000..1000	AFE_0179	AFE_0179	A251:P251	A250:O250	共同基础
FDH	共同且无语义差异	无语义差异	for[c] + nad[c]  -> co2[c] + nadh[c]	for[c] + nad[c]  -> co2[c] + nadh[c]	正向|co2[c]:1;for[c]:-1;nad[c]:-1;nadh[c]:1	正向|co2[c]:1;for[c]:-1;nad[c]:-1;nadh[c]:1	0..1000	0..1000	(AFE_0692 or AFE_1652)	(AFE_0692 or AFE_1652)	A252:P252	A251:O251	共同基础
FE2tex	共同且无语义差异	无语义差异	fe2[e]  <=> fe2[p]	fe2[e]  <=> fe2[p]	可逆|fe2[e]:-1;fe2[p]:1	可逆|fe2[e]:-1;fe2[p]:1	-1000..1000	-1000..1000			A253:P253	A252:O252	共同基础
FE2tpp	共同且无语义差异	无语义差异	h2o[c] + atp[c] + fe2[p]  -> h[c] + pi[c] + adp[c] + fe2[c]	h2o[c] + atp[c] + fe2[p]  -> h[c] + pi[c] + adp[c] + fe2[c]	正向|adp[c]:1;atp[c]:-1;fe2[c]:1;fe2[p]:-1;h2o[c]:-1;h[c]:1;pi[c]:1	正向|adp[c]:1;atp[c]:-1;fe2[c]:1;fe2[p]:-1;h2o[c]:-1;h[c]:1;pi[c]:1	0..1000	0..1000	(AFE_2522 and AFE_2523 and AFE_2524 and AFE_2525)	(AFE_2522 and AFE_2523 and AFE_2524 and AFE_2525)	A254:P254	A253:O253	共同基础
FE32tpp	共同且无语义差异	无语义差异	fe3[e]  -> fe3[p]	fe3[e]  -> fe3[p]	正向|fe3[e]:-1;fe3[p]:1	正向|fe3[e]:-1;fe3[p]:1	0..1000	0..1000	((AFE_2267 and AFE_2268 and AFE_2269 and AFE_2270 and AFE_2271 and AFE_2273 and AFE_2274 and AFE_2275 and AFE_2276) or (AFE_2998 and AFE_2999 and AFE_2300 and AFE_2301 and AFE_2302 and AFE_2303 and AFE_2304 and AFE_2305))	((AFE_2267 and AFE_2268 and AFE_2269 and AFE_2270 and AFE_2271 and AFE_2273 and AFE_2274 and AFE_2275 and AFE_2276) or (AFE_2998 and AFE_2999 and AFE_2300 and AFE_2301 and AFE_2302 and AFE_2303 and AFE_2304 and AFE_2305))	A255:P255	A254:O254	共同基础
FE3tpp	共同且无语义差异	无语义差异	h2o[c] + atp[c] + fe3[p]  -> h[c] + pi[c] + adp[c] + fe3[c]	h2o[c] + atp[c] + fe3[p]  -> h[c] + pi[c] + adp[c] + fe3[c]	正向|adp[c]:1;atp[c]:-1;fe3[c]:1;fe3[p]:-1;h2o[c]:-1;h[c]:1;pi[c]:1	正向|adp[c]:1;atp[c]:-1;fe3[c]:1;fe3[p]:-1;h2o[c]:-1;h[c]:1;pi[c]:1	0..1000	0..1000	((AFE_1489 and AFE_1490 and AFE_1491) or (AFE_1493 and AFE_1494 and AFE_1495))	((AFE_1489 and AFE_1490 and AFE_1491) or (AFE_1493 and AFE_1494 and AFE_1495))	A256:P256	A255:O255	共同基础
FMNAT	共同且无语义差异	无语义差异	h[c] + atp[c] + fmn[c]  -> ppi[c] + fad[c]	h[c] + atp[c] + fmn[c]  -> ppi[c] + fad[c]	正向|atp[c]:-1;fad[c]:1;fmn[c]:-1;h[c]:-1;ppi[c]:1	正向|atp[c]:-1;fad[c]:1;fmn[c]:-1;h[c]:-1;ppi[c]:1	0..1000	0..1000	AFE_0557	AFE_0557	A257:P257	A256:O256	共同基础
FTHFD	共同且无语义差异	无语义差异	h2o[c] + 10fthf[c]  -> h[c] + for[c] + thf[c]	h2o[c] + 10fthf[c]  -> h[c] + for[c] + thf[c]	正向|10fthf[c]:-1;for[c]:1;h2o[c]:-1;h[c]:1;thf[c]:1	正向|10fthf[c]:-1;for[c]:1;h2o[c]:-1;h[c]:1;thf[c]:1	0..1000	0..1000			A258:P258	A257:O257	共同基础
FTHFL	共同且无语义差异	无语义差异	pi[c] + adp[c] + 10fthf[c]  -> atp[c] + for[c] + thf[c]	pi[c] + adp[c] + 10fthf[c]  -> atp[c] + for[c] + thf[c]	正向|10fthf[c]:-1;adp[c]:-1;atp[c]:1;for[c]:1;pi[c]:-1;thf[c]:1	正向|10fthf[c]:-1;adp[c]:-1;atp[c]:1;for[c]:1;pi[c]:-1;thf[c]:1	0..1000	0..1000			A259:P259	A258:O258	共同基础
FUM	共同且无语义差异	无语义差异	mal-L[c]  <=> h2o[c] + fum[c]	mal-L[c]  <=> h2o[c] + fum[c]	可逆|fum[c]:1;h2o[c]:1;mal-L[c]:-1	可逆|fum[c]:1;h2o[c]:1;mal-L[c]:-1	-1000..1000	-1000..1000	AFE_2673	AFE_2673	A260:P260	A259:O259	共同基础
G1PACT	共同且无语义差异	无语义差异	accoa[c] + gam1p[c]  -> h[c] + coa[c] + acgam1p[c]	accoa[c] + gam1p[c]  -> h[c] + coa[c] + acgam1p[c]	正向|accoa[c]:-1;acgam1p[c]:1;coa[c]:1;gam1p[c]:-1;h[c]:1	正向|accoa[c]:-1;acgam1p[c]:1;coa[c]:1;gam1p[c]:-1;h[c]:1	0..1000	0..1000	AFE_3201	AFE_3201	A261:P261	A260:O260	共同基础
G1PTT	共同且无语义差异	无语义差异	dttp[c] + g1p[c]  -> ppi[c] + dtdpglu[c]	dttp[c] + g1p[c]  -> ppi[c] + dtdpglu[c]	正向|dtdpglu[c]:1;dttp[c]:-1;g1p[c]:-1;ppi[c]:1	正向|dtdpglu[c]:1;dttp[c]:-1;g1p[c]:-1;ppi[c]:1	0..1000	0..1000	AFE_3295	AFE_3295	A262:P262	A261:O261	共同基础
G1SAT	共同且无语义差异	无语义差异	glu1sa[c]  <=> 5aop[c]	glu1sa[c]  <=> 5aop[c]	可逆|5aop[c]:1;glu1sa[c]:-1	可逆|5aop[c]:1;glu1sa[c]:-1	-1000..1000	-1000..1000	AFE_3303	AFE_3303	A263:P263	A262:O262	共同基础
G3PAT1	共同且无语义差异	无语义差异	faplACP[c] + glyc3p[c]  -> ACP[c] + faplg3p_AFE[c]	faplACP[c] + glyc3p[c]  -> ACP[c] + faplg3p_AFE[c]	正向|ACP[c]:1;faplACP[c]:-1;faplg3p_AFE[c]:1;glyc3p[c]:-1	正向|ACP[c]:1;faplACP[c]:-1;faplg3p_AFE[c]:1;glyc3p[c]:-1	0..1000	0..1000			A264:P264	A263:O263	共同基础
G3PAT2	共同且无语义差异	无语义差异	faplACP[c] + faplg3p_AFE[c]  -> ACP[c] + dag3pi_AFE[c]	faplACP[c] + faplg3p_AFE[c]  -> ACP[c] + dag3pi_AFE[c]	正向|ACP[c]:1;dag3pi_AFE[c]:1;faplACP[c]:-1;faplg3p_AFE[c]:-1	正向|ACP[c]:1;dag3pi_AFE[c]:1;faplACP[c]:-1;faplg3p_AFE[c]:-1	0..1000	0..1000	AFE_0727	AFE_0727	A265:P265	A264:O264	共同基础
G3PD2	共同且无语义差异	无语义差异	h[c] + nadph[c] + dhap[c]  -> nadp[c] + glyc3p[c]	h[c] + nadph[c] + dhap[c]  -> nadp[c] + glyc3p[c]	正向|dhap[c]:-1;glyc3p[c]:1;h[c]:-1;nadp[c]:1;nadph[c]:-1	正向|dhap[c]:-1;glyc3p[c]:1;h[c]:-1;nadp[c]:1;nadph[c]:-1	0..1000	0..1000	AFE_2126	AFE_2126	A266:P266	A265:O265	共同基础
G5SADs	共同且无语义差异	无语义差异	glu5sa[c]  -> h[c] + h2o[c] + 1pyr5c[c]	glu5sa[c]  -> h[c] + h2o[c] + 1pyr5c[c]	正向|1pyr5c[c]:1;glu5sa[c]:-1;h2o[c]:1;h[c]:1	正向|1pyr5c[c]:1;glu5sa[c]:-1;h2o[c]:1;h[c]:1	0..1000	0..1000			A267:P267	A266:O266	共同基础
G5SD	共同且无语义差异	无语义差异	pi[c] + nadp[c] + glu5sa[c]  <=> h[c] + nadph[c] + glu5p[c]	pi[c] + nadp[c] + glu5sa[c]  <=> h[c] + nadph[c] + glu5p[c]	可逆|glu5p[c]:1;glu5sa[c]:-1;h[c]:1;nadp[c]:-1;nadph[c]:1;pi[c]:-1	可逆|glu5p[c]:1;glu5sa[c]:-1;h[c]:1;nadp[c]:-1;nadph[c]:1;pi[c]:-1	-1000..1000	-1000..1000	AFE_0454	AFE_0454	A268:P268	A267:O267	共同基础
G6PDH2	共同且无语义差异	无语义差异	h[c] + nadph[c] + 6pgl[c]  -> nadp[c] + g6p-B[c]	h[c] + nadph[c] + 6pgl[c]  -> nadp[c] + g6p-B[c]	正向|6pgl[c]:-1;g6p-B[c]:1;h[c]:-1;nadp[c]:1;nadph[c]:-1	正向|6pgl[c]:-1;g6p-B[c]:1;h[c]:-1;nadp[c]:1;nadph[c]:-1	0..1000	0..1000	AFE_2025	AFE_2025	A269:P269	A268:O268	共同基础
GALU	共同且无语义差异	无语义差异	h[c] + utp[c] + g1p[c]  -> ppi[c] + udpg[c]	h[c] + utp[c] + g1p[c]  -> ppi[c] + udpg[c]	正向|g1p[c]:-1;h[c]:-1;ppi[c]:1;udpg[c]:1;utp[c]:-1	正向|g1p[c]:-1;h[c]:-1;ppi[c]:1;udpg[c]:1;utp[c]:-1	0..1000	0..1000	AFE_0445	AFE_0445	A270:P270	A269:O269	共同基础
GAP2	共同且有语义差异	上下界	g1p[c]  <=> g1p-B[c]	g1p[c]  <=> g1p-B[c]	可逆|g1p-B[c]:1;g1p[c]:-1	可逆|g1p-B[c]:1;g1p[c]:-1	-1000..1000	0..0			A271:P271	A270:O270	宿主本底更新候选：需保留2016证据并经后续人工审计
GAPD1	共同且无语义差异	无语义差异	h[c] + nadh[c] + 13dpg[c]  -> pi[c] + nad[c] + g3p[c]	h[c] + nadh[c] + 13dpg[c]  -> pi[c] + nad[c] + g3p[c]	正向|13dpg[c]:-1;g3p[c]:1;h[c]:-1;nad[c]:1;nadh[c]:-1;pi[c]:1	正向|13dpg[c]:-1;g3p[c]:1;h[c]:-1;nad[c]:1;nadh[c]:-1;pi[c]:1	0..1000	0..1000	AFE_3251	AFE_3251	A272:P272	A271:O271	共同基础
GAPD2	共同且无语义差异	无语义差异	h[c] + nadph[c] + 13dpg[c]  -> pi[c] + nadp[c] + g3p[c]	h[c] + nadph[c] + 13dpg[c]  -> pi[c] + nadp[c] + g3p[c]	正向|13dpg[c]:-1;g3p[c]:1;h[c]:-1;nadp[c]:1;nadph[c]:-1;pi[c]:1	正向|13dpg[c]:-1;g3p[c]:1;h[c]:-1;nadp[c]:1;nadph[c]:-1;pi[c]:1	0..1000	0..1000	AFE_3251	AFE_3251	A273:P273	A272:O272	共同基础
GARFT	共同且无语义差异	无语义差异	10fthf[c] + gar[c]  <=> h[c] + thf[c] + fgam[c]	10fthf[c] + gar[c]  <=> h[c] + thf[c] + fgam[c]	可逆|10fthf[c]:-1;fgam[c]:1;gar[c]:-1;h[c]:1;thf[c]:1	可逆|10fthf[c]:-1;fgam[c]:1;gar[c]:-1;h[c]:1;thf[c]:1	-1000..1000	-1000..1000	(AFE_1896 or AFE_2023)	(AFE_1896 or AFE_2023)	A274:P274	A273:O273	共同基础
GART	共同且无语义差异	无语义差异	atp[c] + for[c] + gar[c]  -> h[c] + pi[c] + adp[c] + fgam[c]	atp[c] + for[c] + gar[c]  -> h[c] + pi[c] + adp[c] + fgam[c]	正向|adp[c]:1;atp[c]:-1;fgam[c]:1;for[c]:-1;gar[c]:-1;h[c]:1;pi[c]:1	正向|adp[c]:1;atp[c]:-1;fgam[c]:1;for[c]:-1;gar[c]:-1;h[c]:1;pi[c]:1	0..1000	0..1000	AFE_1896	AFE_1896	A275:P275	A274:O274	共同基础
GCALDD	共同且无语义差异	无语义差异	h2o[c] + nad[c] + gcald[c]  -> 2 h[c] + nadh[c] + glyclt[c]	h2o[c] + nad[c] + gcald[c]  -> 2 h[c] + nadh[c] + glyclt[c]	正向|gcald[c]:-1;glyclt[c]:1;h2o[c]:-1;h[c]:2;nad[c]:-1;nadh[c]:1	正向|gcald[c]:-1;glyclt[c]:1;h2o[c]:-1;h[c]:2;nad[c]:-1;nadh[c]:1	0..1000	0..1000			A276:P276	A275:O275	共同基础
GF6PTA	共同且无语义差异	无语义差异	gln-L[c] + f6p-B[c]  <=> glu-L[c] + gam6p[c]	gln-L[c] + f6p-B[c]  <=> glu-L[c] + gam6p[c]	可逆|f6p-B[c]:-1;gam6p[c]:1;gln-L[c]:-1;glu-L[c]:1	可逆|f6p-B[c]:-1;gam6p[c]:1;gln-L[c]:-1;glu-L[c]:1	-1000..1000	-1000..1000	AFE_3200	AFE_3200	A277:P277	A276:O276	共同基础
GFUCS	共同且无语义差异	无语义差异	h[c] + nadph[c] + gdpddman[c]  -> nadp[c] + gdpfuc[c]	h[c] + nadph[c] + gdpddman[c]  -> nadp[c] + gdpfuc[c]	正向|gdpddman[c]:-1;gdpfuc[c]:1;h[c]:-1;nadp[c]:1;nadph[c]:-1	正向|gdpddman[c]:-1;gdpfuc[c]:1;h[c]:-1;nadp[c]:1;nadph[c]:-1	0..1000	0..1000			A278:P278	A277:O277	共同基础
GHMT2	共同且无语义差异	无语义差异	thf[c] + ser-L[c]  <=> h2o[c] + mlthf[c] + gly[c]	thf[c] + ser-L[c]  <=> h2o[c] + mlthf[c] + gly[c]	可逆|gly[c]:1;h2o[c]:1;mlthf[c]:1;ser-L[c]:-1;thf[c]:-1	可逆|gly[c]:1;h2o[c]:1;mlthf[c]:1;ser-L[c]:-1;thf[c]:-1	-1000..1000	-1000..1000	AFE_0295	AFE_0295	A279:P279	A278:O278	共同基础
GHMT3	共同且无语义差异	无语义差异	nad[c] + thf[c] + gly[c]  -> co2[c] + nadh[c] + mlthf[c] + nh4[c]	nad[c] + thf[c] + gly[c]  -> co2[c] + nadh[c] + mlthf[c] + nh4[c]	正向|co2[c]:1;gly[c]:-1;mlthf[c]:1;nad[c]:-1;nadh[c]:1;nh4[c]:1;thf[c]:-1	正向|co2[c]:1;gly[c]:-1;mlthf[c]:1;nad[c]:-1;nadh[c]:1;nh4[c]:1;thf[c]:-1	0..1000	0..1000	AFE_0295	AFE_0295	A280:P280	A279:O279	共同基础
GK1	共同且无语义差异	无语义差异	atp[c] + gmp[c]  <=> adp[c] + gdp[c]	atp[c] + gmp[c]  <=> adp[c] + gdp[c]	可逆|adp[c]:1;atp[c]:-1;gdp[c]:1;gmp[c]:-1	可逆|adp[c]:1;atp[c]:-1;gdp[c]:1;gmp[c]:-1	-1000..1000	-1000..1000	AFE_0563	AFE_0563	A281:P281	A280:O280	共同基础
GLAT	共同且无语义差异	无语义差异	glu-L[c] + acorn[c]  <=> orn[c] + acglu[c]	glu-L[c] + acorn[c]  <=> orn[c] + acglu[c]	可逆|acglu[c]:1;acorn[c]:-1;glu-L[c]:-1;orn[c]:1	可逆|acglu[c]:1;acorn[c]:-1;glu-L[c]:-1;orn[c]:1	-1000..1000	-1000..1000	AFE_0664	AFE_0664	A282:P282	A281:O281	共同基础
GLBRAN1	共同且有语义差异	化学计量/方向	2 h[c] + glycogendeb[c]  -> glycogen[c]	6 glycogendeb[c]  -> glycogen[c]	正向|glycogen[c]:1;glycogendeb[c]:-1;h[c]:-2	正向|glycogen[c]:1;glycogendeb[c]:-6	0..1000	0..1000	AFE_2836	AFE_2836	A283:P283	A282:O282	宿主本底更新候选：需保留2016证据并经后续人工审计
GLCP	共同且有语义差异	化学计量/方向;上下界	pi[c] + h2o[c] + 4 glycogendeb[c]  <=> g1p[c] + malttr[c]	2 pi[c] + h2o[c] + glycogen[c]  -> 2 g1p[c] + maltttr[c]	可逆|g1p[c]:1;glycogendeb[c]:-4;h2o[c]:-1;malttr[c]:1;pi[c]:-1	正向|g1p[c]:2;glycogen[c]:-1;h2o[c]:-1;maltttr[c]:1;pi[c]:-2	-1000..1000	0..1000	(AFE_0774 or AFE_1799)	(AFE_0774 or AFE_1799)	A284:P284	A283:O283	宿主本底更新候选：需保留2016证据并经后续人工审计
GLCS1	共同且有语义差异	上下界	adpglc[c]  -> h[c] + adp[c] + glycogendeb[c]	adpglc[c]  -> h[c] + adp[c] + glycogendeb[c]	正向|adp[c]:1;adpglc[c]:-1;glycogendeb[c]:1;h[c]:1	正向|adp[c]:1;adpglc[c]:-1;glycogendeb[c]:1;h[c]:1	0..1000	-1000..1000	AFE_2678	AFE_2678	A285:P285	A284:O284	宿主本底更新候选：需保留2016证据并经后续人工审计
GLDBRAN2	共同且有语义差异	上下界	glycogen[c]  -> 2 h[c] + glycogendeb[c]	glycogen[c]  -> 2 h[c] + glycogendeb[c]	正向|glycogen[c]:-1;glycogendeb[c]:1;h[c]:2	正向|glycogen[c]:-1;glycogendeb[c]:1;h[c]:2	0..1000	0..0	AFE_2836	AFE_2836	A286:P286	A285:O285	宿主本底更新候选：需保留2016证据并经后续人工审计
GLGC	共同且无语义差异	无语义差异	h[c] + atp[c] + g1p[c]  -> ppi[c] + adpglc[c]	h[c] + atp[c] + g1p[c]  -> ppi[c] + adpglc[c]	正向|adpglc[c]:1;atp[c]:-1;g1p[c]:-1;h[c]:-1;ppi[c]:1	正向|adpglc[c]:1;atp[c]:-1;g1p[c]:-1;h[c]:-1;ppi[c]:1	0..1000	0..1000	AFE_2838	AFE_2838	A287:P287	A286:O286	共同基础
GLNS	共同且无语义差异	无语义差异	glu-L[c] + atp[c] + nh4[c]  -> h[c] + pi[c] + adp[c] + gln-L[c]	glu-L[c] + atp[c] + nh4[c]  -> h[c] + pi[c] + adp[c] + gln-L[c]	正向|adp[c]:1;atp[c]:-1;gln-L[c]:1;glu-L[c]:-1;h[c]:1;nh4[c]:-1;pi[c]:1	正向|adp[c]:1;atp[c]:-1;gln-L[c]:1;glu-L[c]:-1;h[c]:1;nh4[c]:-1;pi[c]:1	0..1000	0..1000	AFE_0466	AFE_0466	A288:P288	A287:O287	共同基础
GLU5K	共同且无语义差异	无语义差异	glu-L[c] + atp[c]  -> adp[c] + glu5p[c]	glu-L[c] + atp[c]  -> adp[c] + glu5p[c]	正向|adp[c]:1;atp[c]:-1;glu-L[c]:-1;glu5p[c]:1	正向|adp[c]:1;atp[c]:-1;glu-L[c]:-1;glu5p[c]:1	0..1000	0..1000	(AFE_2464 and AFE_1783 and AFE_0281)	(AFE_2464 and AFE_1783 and AFE_0281)	A289:P289	A288:O288	共同基础
GLUCYS	共同且无语义差异	无语义差异	glu-L[c] + atp[c] + cys-L[c]  -> h[c] + pi[c] + adp[c] + glucys[c]	glu-L[c] + atp[c] + cys-L[c]  -> h[c] + pi[c] + adp[c] + glucys[c]	正向|adp[c]:1;atp[c]:-1;cys-L[c]:-1;glu-L[c]:-1;glucys[c]:1;h[c]:1;pi[c]:1	正向|adp[c]:1;atp[c]:-1;cys-L[c]:-1;glu-L[c]:-1;glucys[c]:1;h[c]:1;pi[c]:1	0..1000	0..1000	AFE_3064	AFE_3064	A290:P290	A289:O289	共同基础
GLUPRT	共同且无语义差异	无语义差异	h2o[c] + gln-L[c] + prpp[c]  -> glu-L[c] + ppi[c] + pram[c]	h2o[c] + gln-L[c] + prpp[c]  -> glu-L[c] + ppi[c] + pram[c]	正向|gln-L[c]:-1;glu-L[c]:1;h2o[c]:-1;ppi[c]:1;pram[c]:1;prpp[c]:-1	正向|gln-L[c]:-1;glu-L[c]:1;h2o[c]:-1;ppi[c]:1;pram[c]:1;prpp[c]:-1	0..1000	0..1000	AFE_2064	AFE_2064	A291:P291	A290:O290	共同基础
GLUR	共同且无语义差异	无语义差异	glu-L[c]  <=> glu-D[c]	glu-L[c]  <=> glu-D[c]	可逆|glu-D[c]:1;glu-L[c]:-1	可逆|glu-D[c]:1;glu-L[c]:-1	-1000..1000	-1000..1000	AFE_2842	AFE_2842	A292:P292	A291:O291	共同基础
GLUSy	共同且无语义差异	无语义差异	h[c] + akg[c] + gln-L[c] + nadph[c]  -> 2 glu-L[c] + nadp[c]	h[c] + akg[c] + gln-L[c] + nadph[c]  -> 2 glu-L[c] + nadp[c]	正向|akg[c]:-1;gln-L[c]:-1;glu-L[c]:2;h[c]:-1;nadp[c]:1;nadph[c]:-1	正向|akg[c]:-1;gln-L[c]:-1;glu-L[c]:2;h[c]:-1;nadp[c]:1;nadph[c]:-1	0..1000	0..1000	(AFE_0730 and AFE_0729)	(AFE_0730 and AFE_0729)	A293:P293	A292:O292	共同基础
GLUTRR	共同且无语义差异	无语义差异	h[c] + nadph[c] + LtRNAglu[c]  -> nadp[c] + tRNAglu[c] + glu1sa[c]	h[c] + nadph[c] + LtRNAglu[c]  -> nadp[c] + tRNAglu[c] + glu1sa[c]	正向|LtRNAglu[c]:-1;glu1sa[c]:1;h[c]:-1;nadp[c]:1;nadph[c]:-1;tRNAglu[c]:1	正向|LtRNAglu[c]:-1;glu1sa[c]:1;h[c]:-1;nadp[c]:1;nadph[c]:-1;tRNAglu[c]:1	0..1000	0..1000	AFE_2761	AFE_2761	A294:P294	A293:O293	共同基础
GLUTRS	共同且无语义差异	无语义差异	glu-L[c] + atp[c] + tRNAglu[c]  -> h[c] + ppi[c] + amp[c] + LtRNAglu[c]	glu-L[c] + atp[c] + tRNAglu[c]  -> h[c] + ppi[c] + amp[c] + LtRNAglu[c]	正向|LtRNAglu[c]:1;amp[c]:1;atp[c]:-1;glu-L[c]:-1;h[c]:1;ppi[c]:1;tRNAglu[c]:-1	正向|LtRNAglu[c]:1;amp[c]:1;atp[c]:-1;glu-L[c]:-1;h[c]:1;ppi[c]:1;tRNAglu[c]:-1	0..1000	0..1000	(AFE_2222 or AFE_0422 or AFE_0927)	(AFE_2222 or AFE_0422 or AFE_0927)	A295:P295	A294:O294	共同基础
GLXCL	共同且无语义差异	无语义差异	h[c] + 2 glx[c]  <=> co2[c] + 2h3oppan[c]	h[c] + 2 glx[c]  <=> co2[c] + 2h3oppan[c]	可逆|2h3oppan[c]:1;co2[c]:1;glx[c]:-2;h[c]:-1	可逆|2h3oppan[c]:1;co2[c]:1;glx[c]:-2;h[c]:-1	-1000..1000	-1000..1000			A296:P296	A295:O295	共同基础
GLXR	共同且无语义差异	无语义差异	h[c] + nadph[c] + glx[c]  <=> nadp[c] + glyclt[c]	h[c] + nadph[c] + glx[c]  <=> nadp[c] + glyclt[c]	可逆|glx[c]:-1;glyclt[c]:1;h[c]:-1;nadp[c]:1;nadph[c]:-1	可逆|glx[c]:-1;glyclt[c]:1;h[c]:-1;nadp[c]:1;nadph[c]:-1	0..1000	0..1000			A297:P297	A296:O296	共同基础
GLYCH	共同且无语义差异	无语义差异	o2[c] + glyclt[c]  <=> h2o2[c] + glx[c]	o2[c] + glyclt[c]  <=> h2o2[c] + glx[c]	可逆|glx[c]:1;glyclt[c]:-1;h2o2[c]:1;o2[c]:-1	可逆|glx[c]:1;glyclt[c]:-1;h2o2[c]:1;o2[c]:-1	-1000..1000	-1000..1000	(AFE_1663 and AFE_1664 and AFE_1665)	(AFE_1663 and AFE_1664 and AFE_1665)	A298:P298	A297:O297	共同基础
GLYCK	共同且无语义差异	无语义差异	atp[c] + glyc-R[c]  <=> h[c] + adp[c] + 3pg[c]	atp[c] + glyc-R[c]  <=> h[c] + adp[c] + 3pg[c]	可逆|3pg[c]:1;adp[c]:1;atp[c]:-1;glyc-R[c]:-1;h[c]:1	可逆|3pg[c]:1;adp[c]:1;atp[c]:-1;glyc-R[c]:-1;h[c]:1	-1000..1000	-1000..1000			A299:P299	A298:O298	共同基础
GLYK	共同且无语义差异	无语义差异	atp[c] + glyc[c]  <=> h[c] + adp[c] + glyc3p[c]	atp[c] + glyc[c]  <=> h[c] + adp[c] + glyc3p[c]	可逆|adp[c]:1;atp[c]:-1;glyc3p[c]:1;glyc[c]:-1;h[c]:1	可逆|adp[c]:1;atp[c]:-1;glyc3p[c]:1;glyc[c]:-1;h[c]:1	-1000..1000	-1000..1000			A300:P300	A299:O299	共同基础
GMAND	共同且无语义差异	无语义差异	gdpmann[c]  <=> h2o[c] + gdpddman[c]	gdpmann[c]  <=> h2o[c] + gdpddman[c]	可逆|gdpddman[c]:1;gdpmann[c]:-1;h2o[c]:1	可逆|gdpddman[c]:1;gdpmann[c]:-1;h2o[c]:1	-1000..1000	-1000..1000	(AFE_2977 or AFE_3292)	(AFE_2977 or AFE_3292)	A301:P301	A300:O300	共同基础
GMHEPAT	共同且无语义差异	无语义差异	h[c] + atp[c] + gmhep1p[c]  -> ppi[c] + adphep-DD[c]	h[c] + atp[c] + gmhep1p[c]  -> ppi[c] + adphep-DD[c]	正向|adphep-DD[c]:1;atp[c]:-1;gmhep1p[c]:-1;h[c]:-1;ppi[c]:1	正向|adphep-DD[c]:1;atp[c]:-1;gmhep1p[c]:-1;h[c]:-1;ppi[c]:1	0..1000	0..1000	AFE_1406	AFE_1406	A302:P302	A301:O301	共同基础
GMHEPK	共同且无语义差异	无语义差异	atp[c] + gmhep7p[c]  -> h[c] + adp[c] + gmhep17bp[c]	atp[c] + gmhep7p[c]  -> h[c] + adp[c] + gmhep17bp[c]	正向|adp[c]:1;atp[c]:-1;gmhep17bp[c]:1;gmhep7p[c]:-1;h[c]:1	正向|adp[c]:1;atp[c]:-1;gmhep17bp[c]:1;gmhep7p[c]:-1;h[c]:1	0..1000	0..1000			A303:P303	A302:O302	共同基础
GMHEPPA	共同且无语义差异	无语义差异	h2o[c] + gmhep17bp[c]  -> pi[c] + gmhep1p[c]	h2o[c] + gmhep17bp[c]  -> pi[c] + gmhep1p[c]	正向|gmhep17bp[c]:-1;gmhep1p[c]:1;h2o[c]:-1;pi[c]:1	正向|gmhep17bp[c]:-1;gmhep1p[c]:1;h2o[c]:-1;pi[c]:1	0..1000	0..1000	AFE_2582	AFE_2582	A304:P304	A303:O303	共同基础
GMPS2	共同且无语义差异	无语义差异	h2o[c] + atp[c] + gln-L[c] + xmp[c]  -> 2 h[c] + glu-L[c] + ppi[c] + amp[c] + gmp[c]	h2o[c] + atp[c] + gln-L[c] + xmp[c]  -> 2 h[c] + glu-L[c] + ppi[c] + amp[c] + gmp[c]	正向|amp[c]:1;atp[c]:-1;gln-L[c]:-1;glu-L[c]:1;gmp[c]:1;h2o[c]:-1;h[c]:2;ppi[c]:1;xmp[c]:-1	正向|amp[c]:1;atp[c]:-1;gln-L[c]:-1;glu-L[c]:1;gmp[c]:1;h2o[c]:-1;h[c]:2;ppi[c]:1;xmp[c]:-1	0..1000	0..1000	AFE_1778	AFE_1778	A305:P305	A304:O304	共同基础
GRTT	共同且无语义差异	无语义差异	ipdp[c] + grdp[c]  -> ppi[c] + frdp[c]	ipdp[c] + grdp[c]  -> ppi[c] + frdp[c]	正向|frdp[c]:1;grdp[c]:-1;ipdp[c]:-1;ppi[c]:1	正向|frdp[c]:1;grdp[c]:-1;ipdp[c]:-1;ppi[c]:1	0..1000	0..1000	AFE_1975	AFE_1975	A306:P306	A305:O305	共同基础
GSNK	共同且无语义差异	无语义差异	atp[c] + gsn[c]  <=> h[c] + adp[c] + gmp[c]	atp[c] + gsn[c]  <=> h[c] + adp[c] + gmp[c]	可逆|adp[c]:1;atp[c]:-1;gmp[c]:1;gsn[c]:-1;h[c]:1	可逆|adp[c]:1;atp[c]:-1;gmp[c]:1;gsn[c]:-1;h[c]:1	-1000..1000	-1000..1000			A307:P307	A306:O306	共同基础
GTHS	共同且无语义差异	无语义差异	atp[c] + gly[c] + glucys[c]  -> h[c] + pi[c] + adp[c] + gthrd[c]	atp[c] + gly[c] + glucys[c]  -> h[c] + pi[c] + adp[c] + gthrd[c]	正向|adp[c]:1;atp[c]:-1;glucys[c]:-1;gly[c]:-1;gthrd[c]:1;h[c]:1;pi[c]:1	正向|adp[c]:1;atp[c]:-1;glucys[c]:-1;gly[c]:-1;gthrd[c]:1;h[c]:1;pi[c]:1	0..1000	0..1000	AFE_3063	AFE_3063	A308:P308	A307:O307	共同基础
GTPCI	共同且无语义差异	无语义差异	h2o[c] + gtp[c]  -> h[c] + for[c] + ahdt[c]	h2o[c] + gtp[c]  -> h[c] + for[c] + ahdt[c]	正向|ahdt[c]:1;for[c]:1;gtp[c]:-1;h2o[c]:-1;h[c]:1	正向|ahdt[c]:1;for[c]:1;gtp[c]:-1;h2o[c]:-1;h[c]:1	0..1000	0..1000	AFE_1973	AFE_1973	A309:P309	A308:O308	共同基础
GTPCII2	共同且无语义差异	无语义差异	3 h2o[c] + gtp[c]  -> h[c] + for[c] + ppi[c] + 2dhpp[c]	3 h2o[c] + gtp[c]  -> h[c] + for[c] + ppi[c] + 2dhpp[c]	正向|2dhpp[c]:1;for[c]:1;gtp[c]:-1;h2o[c]:-3;h[c]:1;ppi[c]:1	正向|2dhpp[c]:1;for[c]:1;gtp[c]:-1;h2o[c]:-3;h[c]:1;ppi[c]:1	0..1000	0..1000	AFE_0299	AFE_0299	A310:P310	A309:O309	共同基础
GUAD	共同且无语义差异	无语义差异	h[c] + h2o[c] + gua[c]  -> nh4[c] + xan[c]	h[c] + h2o[c] + gua[c]  -> nh4[c] + xan[c]	正向|gua[c]:-1;h2o[c]:-1;h[c]:-1;nh4[c]:1;xan[c]:1	正向|gua[c]:-1;h2o[c]:-1;h[c]:-1;nh4[c]:1;xan[c]:1	0..1000	0..1000	AFE_0772	AFE_0772	A311:P311	A310:O310	共同基础
GUAPRT	共同且无语义差异	无语义差异	ppi[c] + gmp[c]  <=> prpp[c] + gua[c]	ppi[c] + gmp[c]  <=> prpp[c] + gua[c]	可逆|gmp[c]:-1;gua[c]:1;ppi[c]:-1;prpp[c]:1	可逆|gmp[c]:-1;gua[c]:1;ppi[c]:-1;prpp[c]:1	-1000..1000	-1000..1000	AFE_0364	AFE_0364	A312:P312	A311:O311	共同基础
H2Otex	共同且无语义差异	无语义差异	h2o[e]  <=> h2o[p]	h2o[e]  <=> h2o[p]	可逆|h2o[e]:-1;h2o[p]:1	可逆|h2o[e]:-1;h2o[p]:1	-1000..1000	-1000..1000			A313:P313	A312:O312	共同基础
H2Otpp	共同且无语义差异	无语义差异	h2o[p]  <=> h2o[c]	h2o[p]  <=> h2o[c]	可逆|h2o[c]:1;h2o[p]:-1	可逆|h2o[c]:1;h2o[p]:-1	-1000..1000	-1000..1000			A314:P314	A313:O313	共同基础
H2Stex	共同且无语义差异	无语义差异	h2s[p]  <=> h2s[e]	h2s[p]  <=> h2s[e]	可逆|h2s[e]:1;h2s[p]:-1	可逆|h2s[e]:1;h2s[p]:-1	-1000..1000	-1000..1000			A315:P315	A314:O314	共同基础
H2Stpp	共同且无语义差异	无语义差异	h2s[c]  <=> h2s[p]	h2s[c]  <=> h2s[p]	可逆|h2s[c]:-1;h2s[p]:1	可逆|h2s[c]:-1;h2s[p]:1	-1000..1000	-1000..1000			A316:P316	A315:O315	共同基础
H2tex	共同且无语义差异	无语义差异	h2[p]  <=> h2[e]	h2[p]  <=> h2[e]	可逆|h2[e]:1;h2[p]:-1	可逆|h2[e]:1;h2[p]:-1	-1000..1000	-1000..1000			A317:P317	A316:O316	共同基础
H2tpp	共同且无语义差异	无语义差异	h2[p]  <=> h2[c]	h2[p]  <=> h2[c]	可逆|h2[c]:1;h2[p]:-1	可逆|h2[c]:1;h2[p]:-1	-1000..1000	-1000..1000			A318:P318	A317:O317	共同基础
HACT	共同且无语义差异	无语义差异	h2s[c] + achms[c]  <=> h[c] + ac[c] + hcys-L[c]	h2s[c] + achms[c]  <=> h[c] + ac[c] + hcys-L[c]	可逆|ac[c]:1;achms[c]:-1;h2s[c]:-1;h[c]:1;hcys-L[c]:1	可逆|ac[c]:1;achms[c]:-1;h2s[c]:-1;h[c]:1;hcys-L[c]:1	-1000..1000	-1000..1000	AFE_2063	AFE_2063	A319:P319	A318:O318	共同基础
HBPPT	共同且无语义差异	无语义差异	4hbz[c] + octdp[c]  <=> ppi[c] + 3ophb[c]	4hbz[c] + octdp[c]  <=> ppi[c] + 3ophb[c]	可逆|3ophb[c]:1;4hbz[c]:-1;octdp[c]:-1;ppi[c]:1	可逆|3ophb[c]:1;4hbz[c]:-1;octdp[c]:-1;ppi[c]:1	-1000..1000	-1000..1000	AFE_0592	AFE_0592	A320:P320	A319:O319	共同基础
HCO3E	共同且无语义差异	无语义差异	h2o[c] + co2[c]  <=> h[c] + hco3[c]	h2o[c] + co2[c]  <=> h[c] + hco3[c]	可逆|co2[c]:-1;h2o[c]:-1;h[c]:1;hco3[c]:1	可逆|co2[c]:-1;h2o[c]:-1;h[c]:1;hco3[c]:1	-1000..1000	-1000..1000	AFE_0287	AFE_0287	A321:P321	A320:O320	共同基础
HCO3tex	共同且无语义差异	无语义差异	h2co3[e]  <=> h2co3[p]	h2co3[e]  <=> h2co3[p]	可逆|h2co3[e]:-1;h2co3[p]:1	可逆|h2co3[e]:-1;h2co3[p]:1	-1000..1000	-1000..1000			A322:P322	A321:O321	共同基础
HCO3tpp	共同且无语义差异	无语义差异	h2co3[p]  <=> h[c] + hco3[c]	h2co3[p]  <=> h[c] + hco3[c]	可逆|h2co3[p]:-1;h[c]:1;hco3[c]:1	可逆|h2co3[p]:-1;h[c]:1;hco3[c]:1	-1000..1000	-1000..1000			A323:P323	A322:O322	共同基础
HCYSMT	共同且无语义差异	无语义差异	amet[c] + hcys-L[c]  <=> h[c] + met-L[c] + ahcys[c]	amet[c] + hcys-L[c]  <=> h[c] + met-L[c] + ahcys[c]	可逆|ahcys[c]:1;amet[c]:-1;h[c]:1;hcys-L[c]:-1;met-L[c]:1	可逆|ahcys[c]:1;amet[c]:-1;h[c]:1;hcys-L[c]:-1;met-L[c]:1	-1000..1000	-1000..1000	AFE_3126	AFE_3126	A324:P324	A323:O323	共同基础
HETZK	共同且无语义差异	无语义差异	atp[c] + 4mhetz[c]  <=> h[c] + adp[c] + 4mpetz[c]	atp[c] + 4mhetz[c]  <=> h[c] + adp[c] + 4mpetz[c]	可逆|4mhetz[c]:-1;4mpetz[c]:1;adp[c]:1;atp[c]:-1;h[c]:1	可逆|4mhetz[c]:-1;4mpetz[c]:1;adp[c]:1;atp[c]:-1;h[c]:1	-1000..1000	-1000..1000	AFE_0523	AFE_0523	A325:P325	A324:O324	共同基础
HISTD1	共同且无语义差异	无语义差异	nad[c] + histd[c]  <=> h[c] + nadh[c] + hist-L[c]	nad[c] + histd[c]  <=> h[c] + nadh[c] + hist-L[c]	可逆|h[c]:1;hist-L[c]:1;histd[c]:-1;nad[c]:-1;nadh[c]:1	可逆|h[c]:1;hist-L[c]:1;histd[c]:-1;nad[c]:-1;nadh[c]:1	-1000..1000	-1000..1000	AFE_3041	AFE_3041	A326:P326	A325:O325	共同基础
HISTD2	共同且无语义差异	无语义差异	h2o[c] + nad[c] + hist-L[c]  -> 2 h[c] + nadh[c] + his-L[c]	h2o[c] + nad[c] + hist-L[c]  -> 2 h[c] + nadh[c] + his-L[c]	正向|h2o[c]:-1;h[c]:2;his-L[c]:1;hist-L[c]:-1;nad[c]:-1;nadh[c]:1	正向|h2o[c]:-1;h[c]:2;his-L[c]:1;hist-L[c]:-1;nad[c]:-1;nadh[c]:1	0..1000	0..1000	AFE_3041	AFE_3041	A327:P327	A326:O326	共同基础
HISTP	共同且无语义差异	无语义差异	h2o[c] + hisp[c]  -> pi[c] + histd[c]	h2o[c] + hisp[c]  -> pi[c] + histd[c]	正向|h2o[c]:-1;hisp[c]:-1;histd[c]:1;pi[c]:1	正向|h2o[c]:-1;hisp[c]:-1;histd[c]:1;pi[c]:1	0..1000	0..1000	AFE_3043	AFE_3043	A328:P328	A327:O327	共同基础
HKDOS	共同且无语义差异	无语义差异	kdo2_AFE[c] + 0.03 adphep-LD[c]  -> hlipa_AFE[c]	kdo2_AFE[c] + 0.03 adphep-LD[c]  -> hlipa_AFE[c]	正向|adphep-LD[c]:-0.03;hlipa_AFE[c]:1;kdo2_AFE[c]:-1	正向|adphep-LD[c]:-0.03;hlipa_AFE[c]:1;kdo2_AFE[c]:-1	0..1000	0..1000			A329:P329	A328:O328	共同基础
HKMPP	共同且无语义差异	无语义差异	h2o[c] + 2h3kto5me1pe[c]  -> h[c] + pi[c] + 12dhy3meten[c]	h2o[c] + 2h3kto5me1pe[c]  -> h[c] + pi[c] + 12dhy3meten[c]	正向|12dhy3meten[c]:1;2h3kto5me1pe[c]:-1;h2o[c]:-1;h[c]:1;pi[c]:1	正向|12dhy3meten[c]:1;2h3kto5me1pe[c]:-1;h2o[c]:-1;h[c]:1;pi[c]:1	0..1000	0..1000	AFE_0435	AFE_0435	A330:P330	A329:O329	共同基础
HMBS	共同且无语义差异	无语义差异	h2o[c] + 4 ppbng[c]  <=> hmbil[c] + 4 nh4[c]	h2o[c] + 4 ppbng[c]  <=> hmbil[c] + 4 nh4[c]	可逆|h2o[c]:-1;hmbil[c]:1;nh4[c]:4;ppbng[c]:-4	可逆|h2o[c]:-1;hmbil[c]:1;nh4[c]:4;ppbng[c]:-4	-1000..1000	-1000..1000	AFE_3300	AFE_3300	A331:P331	A330:O330	共同基础
HMPK1	共同且无语义差异	无语义差异	atp[c] + 4ahmmp[c]  <=> h[c] + adp[c] + 4ampm[c]	atp[c] + 4ahmmp[c]  <=> h[c] + adp[c] + 4ampm[c]	可逆|4ahmmp[c]:-1;4ampm[c]:1;adp[c]:1;atp[c]:-1;h[c]:1	可逆|4ahmmp[c]:-1;4ampm[c]:1;adp[c]:1;atp[c]:-1;h[c]:1	-1000..1000	-1000..1000	AFE_3305	AFE_3305	A332:P332	A331:O331	共同基础
HMSK	共同且无语义差异	无语义差异	atp[c] + hom-L[c]  <=> h[c] + adp[c] + phom[c]	atp[c] + hom-L[c]  <=> h[c] + adp[c] + phom[c]	可逆|adp[c]:1;atp[c]:-1;h[c]:1;hom-L[c]:-1;phom[c]:1	可逆|adp[c]:1;atp[c]:-1;h[c]:1;hom-L[c]:-1;phom[c]:1	-1000..1000	-1000..1000	AFE_3097	AFE_3097	A333:P333	A332:O332	共同基础
HPPK2	共同且无语义差异	无语义差异	atp[c] + 6hmhpt[c]  -> h[c] + amp[c] + 2ahhmd[c]	atp[c] + 6hmhpt[c]  -> h[c] + amp[c] + 2ahhmd[c]	正向|2ahhmd[c]:1;6hmhpt[c]:-1;amp[c]:1;atp[c]:-1;h[c]:1	正向|2ahhmd[c]:1;6hmhpt[c]:-1;amp[c]:1;atp[c]:-1;h[c]:1	0..1000	0..1000			A334:P334	A333:O333	共同基础
HSDy	共同且无语义差异	无语义差异	nadp[c] + hom-L[c]  <=> h[c] + nadph[c] + aspsa[c]	nadp[c] + hom-L[c]  <=> h[c] + nadph[c] + aspsa[c]	可逆|aspsa[c]:1;h[c]:1;hom-L[c]:-1;nadp[c]:-1;nadph[c]:1	可逆|aspsa[c]:1;h[c]:1;hom-L[c]:-1;nadp[c]:-1;nadph[c]:1	-1000..1000	-1000..1000	AFE_0473	AFE_0473	A335:P335	A334:O334	共同基础
HSERTA	共同且无语义差异	无语义差异	accoa[c] + hom-L[c]  <=> coa[c] + achms[c]	accoa[c] + hom-L[c]  <=> coa[c] + achms[c]	可逆|accoa[c]:-1;achms[c]:1;coa[c]:1;hom-L[c]:-1	可逆|accoa[c]:-1;achms[c]:1;coa[c]:1;hom-L[c]:-1	-1000..1000	-1000..1000	AFE_0293	AFE_0293	A336:P336	A335:O335	共同基础
HSTPT	共同且无语义差异	无语义差异	glu-L[c] + imacp[c]  <=> akg[c] + hisp[c]	glu-L[c] + imacp[c]  <=> akg[c] + hisp[c]	可逆|akg[c]:1;glu-L[c]:-1;hisp[c]:1;imacp[c]:-1	可逆|akg[c]:1;glu-L[c]:-1;hisp[c]:1;imacp[c]:-1	-1000..1000	-1000..1000	(AFE_3042 and AFE_0898)	(AFE_3042 and AFE_0898)	A337:P337	A336:O336	共同基础
HXAND	共同且无语义差异	无语义差异	h2o[c] + nad[c] + hxan[c]  <=> h[c] + nadh[c] + xan[c]	h2o[c] + nad[c] + hxan[c]  <=> h[c] + nadh[c] + xan[c]	可逆|h2o[c]:-1;h[c]:1;hxan[c]:-1;nad[c]:-1;nadh[c]:1;xan[c]:1	可逆|h2o[c]:-1;h[c]:1;hxan[c]:-1;nad[c]:-1;nadh[c]:1;xan[c]:1	-1000..1000	-1000..1000	(AFE_0780 and AFE_0777 and AFE_0776 and AFE_0775)	(AFE_0780 and AFE_0777 and AFE_0776 and AFE_0775)	A338:P338	A339:O339	共同基础
HXPRT	共同且无语义差异	无语义差异	prpp[c] + hxan[c]  -> ppi[c] + imp[c]	prpp[c] + hxan[c]  -> ppi[c] + imp[c]	正向|hxan[c]:-1;imp[c]:1;ppi[c]:1;prpp[c]:-1	正向|hxan[c]:-1;imp[c]:1;ppi[c]:1;prpp[c]:-1	0..1000	0..1000	AFE_0364	AFE_0364	A339:P339	A340:O340	共同基础
HYD1pp	共同且无语义差异	无语义差异	2 h[c] + q8[c] + h2[p]  -> 2 h[p] + q8h2[c]	2 h[c] + q8[c] + h2[p]  -> 2 h[p] + q8h2[c]	正向|h2[p]:-1;h[c]:-2;h[p]:2;q8[c]:-1;q8h2[c]:1	正向|h2[p]:-1;h[c]:-2;h[p]:2;q8[c]:-1;q8h2[c]:1	0..1000	0..1000	(AFE_3283 and AFE_3284 and AFE_3285 and AFE_3286)	(AFE_3283 and AFE_3284 and AFE_3285 and AFE_3286)	A340:P340	A341:O341	共同基础
HYD3pp	共同且无语义差异	无语义差异	2 h[c] + q8[c] + h2[c]  -> 2 h[p] + q8h2[c]	2 h[c] + q8[c] + h2[c]  -> 2 h[p] + q8h2[c]	正向|h2[c]:-1;h[c]:-2;h[p]:2;q8[c]:-1;q8h2[c]:1	正向|h2[c]:-1;h[c]:-2;h[p]:2;q8[c]:-1;q8h2[c]:1	0..1000	0..1000	(AFE_0937 and AFE_0938 and AFE_0939 and AFE_0940)	(AFE_0937 and AFE_0938 and AFE_0939 and AFE_0940)	A341:P341	A342:O342	共同基础
HYD4	共同且无语义差异	无语义差异	h[c] + for[c]  -> co2[c] + h2[c]	h[c] + for[c]  -> co2[c] + h2[c]	正向|co2[c]:1;for[c]:-1;h2[c]:1;h[c]:-1	正向|co2[c]:1;for[c]:-1;h2[c]:1;h[c]:-1	0..1000	0..1000	(AFE_2154 and AFE_2153 and AFE_2152 and AFE_2151 and AFE_2150 and AFE_2149)	(AFE_2154 and AFE_2153 and AFE_2152 and AFE_2151 and AFE_2150 and AFE_2149)	A342:P342	A343:O343	共同基础
Htex	共同且无语义差异	无语义差异	h[p]  <=> h[e]	h[p]  <=> h[e]	可逆|h[e]:1;h[p]:-1	可逆|h[e]:1;h[p]:-1	-1000..1000	-1000..1000			A343:P343	A337:O337	共同基础
Htpp	共同且无语义差异	无语义差异	h[c]  <=> h[p]	h[c]  <=> h[p]	可逆|h[c]:-1;h[p]:1	可逆|h[c]:-1;h[p]:1	0..0	0..0			A344:P344	A338:O338	共同基础
ICDHyr	共同且无语义差异	无语义差异	nadp[c] + icit[c]  <=> co2[c] + akg[c] + nadph[c]	nadp[c] + icit[c]  <=> co2[c] + akg[c] + nadph[c]	可逆|akg[c]:1;co2[c]:1;icit[c]:-1;nadp[c]:-1;nadph[c]:1	可逆|akg[c]:1;co2[c]:1;icit[c]:-1;nadp[c]:-1;nadph[c]:1	-1000..1000	-1000..1000	AFE_0424	AFE_0424	A345:P345	A344:O344	共同基础
ICITRED	共同且无语义差异	无语义差异	nadp[c] + icit[c]  <=> h[c] + nadph[c] + osuc[c]	nadp[c] + icit[c]  <=> h[c] + nadph[c] + osuc[c]	可逆|h[c]:1;icit[c]:-1;nadp[c]:-1;nadph[c]:1;osuc[c]:1	可逆|h[c]:1;icit[c]:-1;nadp[c]:-1;nadph[c]:1;osuc[c]:1	-1000..1000	-1000..1000	AFE_0424	AFE_0424	A346:P346	A345:O345	共同基础
IG3PS	共同且无语义差异	无语义差异	gln-L[c] + prlp[c]  -> h[c] + glu-L[c] + eig3p[c] + aicar[c]	gln-L[c] + prlp[c]  -> h[c] + glu-L[c] + eig3p[c] + aicar[c]	正向|aicar[c]:1;eig3p[c]:1;gln-L[c]:-1;glu-L[c]:1;h[c]:1;prlp[c]:-1	正向|aicar[c]:1;eig3p[c]:1;gln-L[c]:-1;glu-L[c]:1;h[c]:1;prlp[c]:-1	0..1000	0..1000	(AFE_3046 and AFE_3044)	(AFE_3046 and AFE_3044)	A347:P347	A346:O346	共同基础
IGPDH	共同且无语义差异	无语义差异	eig3p[c]  -> h2o[c] + imacp[c]	eig3p[c]  -> h2o[c] + imacp[c]	正向|eig3p[c]:-1;h2o[c]:1;imacp[c]:1	正向|eig3p[c]:-1;h2o[c]:1;imacp[c]:1	0..1000	0..1000	AFE_3043	AFE_3043	A348:P348	A347:O347	共同基础
IGPS	共同且无语义差异	无语义差异	h[c] + 2cpr5p[c]  <=> h2o[c] + co2[c] + 3ig3p[c]	h[c] + 2cpr5p[c]  <=> h2o[c] + co2[c] + 3ig3p[c]	可逆|2cpr5p[c]:-1;3ig3p[c]:1;co2[c]:1;h2o[c]:1;h[c]:-1	可逆|2cpr5p[c]:-1;3ig3p[c]:1;co2[c]:1;h2o[c]:1;h[c]:-1	-1000..1000	-1000..1000	AFE_3242	AFE_3242	A349:P349	A348:O348	共同基础
ILETA	共同且无语义差异	无语义差异	akg[c] + ile-L[c]  <=> glu-L[c] + 3mop[c]	akg[c] + ile-L[c]  <=> glu-L[c] + 3mop[c]	可逆|3mop[c]:1;akg[c]:-1;glu-L[c]:1;ile-L[c]:-1	可逆|3mop[c]:1;akg[c]:-1;glu-L[c]:1;ile-L[c]:-1	-1000..1000	-1000..1000	AFE_0547	AFE_0547	A350:P350	A349:O349	共同基础
IMPC	共同且无语义差异	无语义差异	h2o[c] + imp[c]  <=> fprica[c]	h2o[c] + imp[c]  <=> fprica[c]	可逆|fprica[c]:1;h2o[c]:-1;imp[c]:-1	可逆|fprica[c]:1;h2o[c]:-1;imp[c]:-1	-1000..1000	-1000..1000	AFE_2260	AFE_2260	A351:P351	A350:O350	共同基础
IMPD	共同且无语义差异	无语义差异	h2o[c] + nad[c] + imp[c]  -> h[c] + nadh[c] + xmp[c]	h2o[c] + nad[c] + imp[c]  -> h[c] + nadh[c] + xmp[c]	正向|h2o[c]:-1;h[c]:1;imp[c]:-1;nad[c]:-1;nadh[c]:1;xmp[c]:1	正向|h2o[c]:-1;h[c]:1;imp[c]:-1;nad[c]:-1;nadh[c]:1;xmp[c]:1	0..1000	0..1000	AFE_1777	AFE_1777	A352:P352	A351:O351	共同基础
INSK	共同且无语义差异	无语义差异	atp[c] + ins[c]  <=> h[c] + adp[c] + imp[c]	atp[c] + ins[c]  <=> h[c] + adp[c] + imp[c]	可逆|adp[c]:1;atp[c]:-1;h[c]:1;imp[c]:1;ins[c]:-1	可逆|adp[c]:1;atp[c]:-1;h[c]:1;imp[c]:1;ins[c]:-1	-1000..1000	-1000..1000			A353:P353	A352:O352	共同基础
IPDDI	共同且无语义差异	无语义差异	ipdp[c]  <=> dmpp[c]	ipdp[c]  <=> dmpp[c]	可逆|dmpp[c]:1;ipdp[c]:-1	可逆|dmpp[c]:1;ipdp[c]:-1	-1000..1000	-1000..1000			A354:P354	A353:O353	共同基础
IPDPS	共同且无语义差异	无语义差异	h[c] + nadph[c] + h2mb4p[c]  -> h2o[c] + nadp[c] + ipdp[c]	h[c] + nadph[c] + h2mb4p[c]  -> h2o[c] + nadp[c] + ipdp[c]	正向|h2mb4p[c]:-1;h2o[c]:1;h[c]:-1;ipdp[c]:1;nadp[c]:1;nadph[c]:-1	正向|h2mb4p[c]:-1;h2o[c]:1;h[c]:-1;ipdp[c]:1;nadp[c]:1;nadph[c]:-1	0..1000	0..1000	AFE_3258	AFE_3258	A355:P355	A354:O354	共同基础
IPMD	共同且无语义差异	无语义差异	nad[c] + 3c2hmp[c]  -> h[c] + nadh[c] + 3c4mop[c]	nad[c] + 3c2hmp[c]  -> h[c] + nadh[c] + 3c4mop[c]	正向|3c2hmp[c]:-1;3c4mop[c]:1;h[c]:1;nad[c]:-1;nadh[c]:1	正向|3c2hmp[c]:-1;3c4mop[c]:1;h[c]:1;nad[c]:-1;nadh[c]:1	0..1000	0..1000	AFE_2075	AFE_2075	A356:P356	A355:O355	共同基础
IPPMIa	共同且无语义差异	无语义差异	3c3hmp[c]  <=> 3c2hmp[c]	3c3hmp[c]  <=> 3c2hmp[c]	可逆|3c2hmp[c]:1;3c3hmp[c]:-1	可逆|3c2hmp[c]:1;3c3hmp[c]:-1	-1000..1000	-1000..1000	(AFE_0624 and AFE_0626)	(AFE_0624 and AFE_0626)	A357:P357	A356:O356	共同基础
IPPS	共同且无语义差异	无语义差异	h2o[c] + accoa[c] + 3mob[c]  -> h[c] + coa[c] + 3c3hmp[c]	h2o[c] + accoa[c] + 3mob[c]  -> h[c] + coa[c] + 3c3hmp[c]	正向|3c3hmp[c]:1;3mob[c]:-1;accoa[c]:-1;coa[c]:1;h2o[c]:-1;h[c]:1	正向|3c3hmp[c]:1;3mob[c]:-1;accoa[c]:-1;coa[c]:1;h2o[c]:-1;h[c]:1	0..1000	0..1000	(AFE_2596 and AFE_1989)	(AFE_2596 and AFE_1989)	A358:P358	A357:O357	共同基础
KARA1	共同且无语义差异	无语义差异	nadp[c] + 23dhmb[c]  <=> h[c] + alac-S[c] + nadph[c]	nadp[c] + 23dhmb[c]  <=> h[c] + alac-S[c] + nadph[c]	可逆|23dhmb[c]:-1;alac-S[c]:1;h[c]:1;nadp[c]:-1;nadph[c]:1	可逆|23dhmb[c]:-1;alac-S[c]:1;h[c]:1;nadp[c]:-1;nadph[c]:1	-1000..1000	-1000..1000	AFE_0747	AFE_0747	A359:P359	A358:O358	共同基础
KARA2	共同且无语义差异	无语义差异	h[c] + nadph[c] + 2ahbut[c]  <=> nadp[c] + 23dhmp[c]	h[c] + nadph[c] + 2ahbut[c]  <=> nadp[c] + 23dhmp[c]	可逆|23dhmp[c]:1;2ahbut[c]:-1;h[c]:-1;nadp[c]:1;nadph[c]:-1	可逆|23dhmp[c]:1;2ahbut[c]:-1;h[c]:-1;nadp[c]:1;nadph[c]:-1	-1000..1000	-1000..1000	AFE_0747	AFE_0747	A360:P360	A359:O359	共同基础
KDOCT	共同且无语义差异	无语义差异	ckdo[c]  -> h[c] + cmp[c] + kdo_AFE[c]	ckdo[c]  -> h[c] + cmp[c] + kdo_AFE[c]	正向|ckdo[c]:-1;cmp[c]:1;h[c]:1;kdo_AFE[c]:1	正向|ckdo[c]:-1;cmp[c]:1;h[c]:1;kdo_AFE[c]:1	0..1000	0..1000	AFE_0237	AFE_0237	A361:P361	A360:O360	共同基础
KDOCT2	共同且无语义差异	无语义差异	ctp[c] + kdo[c]  <=> ppi[c] + ckdo[c]	ctp[c] + kdo[c]  <=> ppi[c] + ckdo[c]	可逆|ckdo[c]:1;ctp[c]:-1;kdo[c]:-1;ppi[c]:1	可逆|ckdo[c]:1;ctp[c]:-1;kdo[c]:-1;ppi[c]:1	-1000..1000	-1000..1000	AFE_0491	AFE_0491	A362:P362	A361:O361	共同基础
KDOCT3	共同且无语义差异	无语义差异	ckdo[c] + kdo_AFE[c]  -> kdo2_AFE[c]	ckdo[c] + kdo_AFE[c]  -> kdo2_AFE[c]	正向|ckdo[c]:-1;kdo2_AFE[c]:1;kdo_AFE[c]:-1	正向|ckdo[c]:-1;kdo2_AFE[c]:1;kdo_AFE[c]:-1	0..1000	0..1000	AFE_0237	AFE_0237	A363:P363	A362:O362	共同基础
KDOPP	共同且无语义差异	无语义差异	h2o[c] + kdo8p[c]  <=> pi[c] + kdo[c]	h2o[c] + kdo8p[c]  <=> pi[c] + kdo[c]	可逆|h2o[c]:-1;kdo8p[c]:-1;kdo[c]:1;pi[c]:1	可逆|h2o[c]:-1;kdo8p[c]:-1;kdo[c]:1;pi[c]:1	-1000..1000	-1000..1000	AFE_3029	AFE_3029	A364:P364	A363:O363	共同基础
KDOPS	共同且无语义差异	无语义差异	h2o[c] + pep[c] + ara5p[c]  -> pi[c] + kdo8p[c]	h2o[c] + pep[c] + ara5p[c]  -> pi[c] + kdo8p[c]	正向|ara5p[c]:-1;h2o[c]:-1;kdo8p[c]:1;pep[c]:-1;pi[c]:1	正向|ara5p[c]:-1;h2o[c]:-1;kdo8p[c]:1;pep[c]:-1;pi[c]:1	0..1000	0..1000	AFE_0848	AFE_0848	A365:P365	A364:O364	共同基础
KMBT	共同且无语义差异	无语义差异	glu-L[c] + 2kmb[c]  -> akg[c] + met-L[c]	glu-L[c] + 2kmb[c]  -> akg[c] + met-L[c]	正向|2kmb[c]:-1;akg[c]:1;glu-L[c]:-1;met-L[c]:1	正向|2kmb[c]:-1;akg[c]:1;glu-L[c]:-1;met-L[c]:1	0..1000	0..1000			A366:P366	A365:O365	共同基础
Ktex	共同且无语义差异	无语义差异	k[e]  <=> k[p]	k[e]  <=> k[p]	可逆|k[e]:-1;k[p]:1	可逆|k[e]:-1;k[p]:1	-1000..1000	-1000..1000			A367:P367	A366:O366	共同基础
Ktpp	共同且无语义差异	无语义差异	k[p]  -> k[c]	k[p]  -> k[c]	正向|k[c]:1;k[p]:-1	正向|k[c]:1;k[p]:-1	0..1000	0..1000	(AFE_2922 or AFE_1968 or AFE_3093 or AFE_1753)	(AFE_2922 or AFE_1968 or AFE_3093 or AFE_1753)	A368:P368	A367:O367	共同基础
LDAS	共同且无语义差异	无语义差异	ddcaACP[c] + lipid4A_AFE[c]  -> ACP[c] + ddcalipid4A_AFE[c]	ddcaACP[c] + lipid4A_AFE[c]  -> ACP[c] + ddcalipid4A_AFE[c]	正向|ACP[c]:1;ddcaACP[c]:-1;ddcalipid4A_AFE[c]:1;lipid4A_AFE[c]:-1	正向|ACP[c]:1;ddcaACP[c]:-1;ddcalipid4A_AFE[c]:1;lipid4A_AFE[c]:-1	0..1000	0..1000	AFE_0238	AFE_0238	A369:P369	A368:O368	共同基础
LEUTA	共同且无语义差异	无语义差异	akg[c] + leu-L[c]  <=> glu-L[c] + 4mop[c]	akg[c] + leu-L[c]  <=> glu-L[c] + 4mop[c]	可逆|4mop[c]:1;akg[c]:-1;glu-L[c]:1;leu-L[c]:-1	可逆|4mop[c]:1;akg[c]:-1;glu-L[c]:1;leu-L[c]:-1	-1000..1000	-1000..1000	AFE_0547	AFE_0547	A370:P370	A369:O369	共同基础
LIPA	共同且无语义差异	无语义差异	0.43 dtdprmn[c] + 0.01 gdpmann[c] + 0.52 dtdpglu[c] + hlipa_AFE[c] + 0.01 gam[c]  -> 0.94 dtdp[c] + 0.01 gdp[c] + polysac_AFE[c]	0.43 dtdprmn[c] + 0.01 gdpmann[c] + 0.52 dtdpglu[c] + hlipa_AFE[c] + 0.01 gam[c]  -> 0.94 dtdp[c] + 0.01 gdp[c] + polysac_AFE[c]	正向|dtdp[c]:0.94;dtdpglu[c]:-0.52;dtdprmn[c]:-0.43;gam[c]:-0.01;gdp[c]:0.01;gdpmann[c]:-0.01;hlipa_AFE[c]:-1;polysac_AFE[c]:1	正向|dtdp[c]:0.94;dtdpglu[c]:-0.52;dtdprmn[c]:-0.43;gam[c]:-0.01;gdp[c]:0.01;gdpmann[c]:-0.01;hlipa_AFE[c]:-1;polysac_AFE[c]:1	0..1000	0..1000			A371:P371	A370:O370	共同基础
LIPS	共同且无语义差异	无语义差异	myrsACP[c] + ddcalipid4A_AFE[c]  -> ACP[c] + lip_AFE[c]	myrsACP[c] + ddcalipid4A_AFE[c]  -> ACP[c] + lip_AFE[c]	正向|ACP[c]:1;ddcalipid4A_AFE[c]:-1;lip_AFE[c]:1;myrsACP[c]:-1	正向|ACP[c]:1;ddcalipid4A_AFE[c]:-1;lip_AFE[c]:1;myrsACP[c]:-1	0..1000	0..1000	AFE_0238	AFE_0238	A372:P372	A371:O371	共同基础
LPADSS	共同且无语义差异	无语义差异	biglucpypi[c] + udpglucpy[c]  -> h[c] + udp[c] + lipidA_AFE[c]	biglucpypi[c] + udpglucpy[c]  -> h[c] + udp[c] + lipidA_AFE[c]	正向|biglucpypi[c]:-1;h[c]:1;lipidA_AFE[c]:1;udp[c]:1;udpglucpy[c]:-1	正向|biglucpypi[c]:-1;h[c]:1;lipidA_AFE[c]:1;udp[c]:1;udpglucpy[c]:-1	0..1000	0..1000	AFE_1459	AFE_1459	A373:P373	A372:O372	共同基础
LPS	共同且无语义差异	无语义差异	1.6 polysac_AFE[c] + 0.3 lip_AFE[c]  -> lps_AFE[c]	1.6 polysac_AFE[c] + 0.3 lip_AFE[c]  -> lps_AFE[c]	正向|lip_AFE[c]:-0.3;lps_AFE[c]:1;polysac_AFE[c]:-1.6	正向|lip_AFE[c]:-0.3;lps_AFE[c]:1;polysac_AFE[c]:-1.6	0..1000	0..1000			A374:P374	A373:O373	共同基础
MACPD	共同且无语义差异	无语义差异	h[c] + malACP[c]  -> co2[c] + acACP[c]	h[c] + malACP[c]  -> co2[c] + acACP[c]	正向|acACP[c]:1;co2[c]:1;h[c]:-1;malACP[c]:-1	正向|acACP[c]:1;co2[c]:1;h[c]:-1;malACP[c]:-1	0..1000	0..1000			A375:P375	A374:O374	共同基础
MALS	共同且无语义差异	无语义差异	h2o[c] + accoa[c] + glx[c]  -> h[c] + coa[c] + mal-L[c]	h2o[c] + accoa[c] + glx[c]  -> h[c] + coa[c] + mal-L[c]	正向|accoa[c]:-1;coa[c]:1;glx[c]:-1;h2o[c]:-1;h[c]:1;mal-L[c]:1	正向|accoa[c]:-1;coa[c]:1;glx[c]:-1;h2o[c]:-1;h[c]:1;mal-L[c]:1	0..1000	0..1000			A376:P376	A375:O375	共同基础
MAN1PT	共同且无语义差异	无语义差异	2 h[c] + gtp[c] + man1p[c]  -> ppi[c] + gdpmann[c]	2 h[c] + gtp[c] + man1p[c]  -> ppi[c] + gdpmann[c]	正向|gdpmann[c]:1;gtp[c]:-1;h[c]:-2;man1p[c]:-1;ppi[c]:1	正向|gdpmann[c]:1;gtp[c]:-1;h[c]:-2;man1p[c]:-1;ppi[c]:1	0..1000	0..1000	(AFE_3293 or AFE_2960 or AFE_1366)	(AFE_3293 or AFE_2960 or AFE_1366)	A377:P377	A376:O376	共同基础
MAN6PI	共同且无语义差异	无语义差异	f6p-B[c]  <=> man6p[c]	f6p-B[c]  <=> man6p[c]	可逆|f6p-B[c]:-1;man6p[c]:1	可逆|f6p-B[c]:-1;man6p[c]:1	-1000..1000	-1000..1000	AFE_3293	AFE_3293	A378:P378	A377:O377	共同基础
MBDR	共同且无语义差异	无语义差异	nadph[c] + 2mecdp[c]  -> h2o[c] + nadp[c] + h2mb4p[c]	nadph[c] + 2mecdp[c]  -> h2o[c] + nadp[c] + h2mb4p[c]	正向|2mecdp[c]:-1;h2mb4p[c]:1;h2o[c]:1;nadp[c]:1;nadph[c]:-1	正向|2mecdp[c]:-1;h2mb4p[c]:1;h2o[c]:1;nadp[c]:1;nadph[c]:-1	0..1000	0..1000			A379:P379	A378:O378	共同基础
MCOATA	共同且无语义差异	无语义差异	malcoa[c] + ACP[c]  <=> coa[c] + malACP[c]	malcoa[c] + ACP[c]  <=> coa[c] + malACP[c]	可逆|ACP[c]:-1;coa[c]:1;malACP[c]:1;malcoa[c]:-1	可逆|ACP[c]:-1;coa[c]:1;malACP[c]:1;malcoa[c]:-1	-1000..1000	-1000..1000	AFE_1907	AFE_1907	A380:P380	A379:O379	共同基础
MCTP1A	共同且无语义差异	无语义差异	murein5p5p[c]  -> murein5px4p[c] + ala-D[c]	murein5p5p[c]  -> murein5px4p[c] + ala-D[c]	正向|ala-D[c]:1;murein5p5p[c]:-1;murein5px4p[c]:1	正向|ala-D[c]:1;murein5p5p[c]:-1;murein5px4p[c]:1	0..1000	0..1000	(AFE_1960 or AFE_2526 or AFE_2923)	(AFE_1960 or AFE_2526 or AFE_2923)	A381:P381	A380:O380	共同基础
MDH	共同且无语义差异	无语义差异	nad[c] + mal-L[c]  <=> h[c] + nadh[c] + oaa[c]	nad[c] + mal-L[c]  <=> h[c] + nadh[c] + oaa[c]	可逆|h[c]:1;mal-L[c]:-1;nad[c]:-1;nadh[c]:1;oaa[c]:1	可逆|h[c]:1;mal-L[c]:-1;nad[c]:-1;nadh[c]:1;oaa[c]:1	-1000..1000	-1000..1000	AFE_3000	AFE_3000	A382:P382	A381:O381	共同基础
MECDPS	共同且无语义差异	无语义差异	2p4c2me[c]  -> cmp[c] + 2mecdp[c]	2p4c2me[c]  -> cmp[c] + 2mecdp[c]	正向|2mecdp[c]:1;2p4c2me[c]:-1;cmp[c]:1	正向|2mecdp[c]:1;2p4c2me[c]:-1;cmp[c]:1	0..1000	0..1000	AFE_0371	AFE_0371	A383:P383	A382:O382	共同基础
MEPCT	共同且无语义差异	无语义差异	h[c] + ctp[c] + 2me4p[c]  -> ppi[c] + 4c2me[c]	h[c] + ctp[c] + 2me4p[c]  -> ppi[c] + 4c2me[c]	正向|2me4p[c]:-1;4c2me[c]:1;ctp[c]:-1;h[c]:-1;ppi[c]:1	正向|2me4p[c]:-1;4c2me[c]:1;ctp[c]:-1;h[c]:-1;ppi[c]:1	0..1000	0..1000	AFE_0370	AFE_0370	A384:P384	A383:O383	共同基础
METAT	共同且无语义差异	无语义差异	h2o[c] + atp[c] + met-L[c]  -> pi[c] + amet[c] + ppi[c]	h2o[c] + atp[c] + met-L[c]  -> pi[c] + amet[c] + ppi[c]	正向|amet[c]:1;atp[c]:-1;h2o[c]:-1;met-L[c]:-1;pi[c]:1;ppi[c]:1	正向|amet[c]:1;atp[c]:-1;h2o[c]:-1;met-L[c]:-1;pi[c]:1;ppi[c]:1	0..1000	0..1000	AFE_0532	AFE_0532	A385:P385	A384:O384	共同基础
METS	共同且无语义差异	无语义差异	5mthf[c] + hcys-L[c]  <=> thf[c] + met-L[c]	5mthf[c] + hcys-L[c]  <=> thf[c] + met-L[c]	可逆|5mthf[c]:-1;hcys-L[c]:-1;met-L[c]:1;thf[c]:1	可逆|5mthf[c]:-1;hcys-L[c]:-1;met-L[c]:1;thf[c]:1	-1000..1000	-1000..1000			A386:P386	A385:O385	共同基础
MG2tex	共同且无语义差异	无语义差异	mg2[e]  <=> mg2[p]	mg2[e]  <=> mg2[p]	可逆|mg2[e]:-1;mg2[p]:1	可逆|mg2[e]:-1;mg2[p]:1	-1000..1000	-1000..1000			A387:P387	A386:O386	共同基础
MG2tpp	共同且无语义差异	无语义差异	h2o[c] + atp[c] + mg2[p]  -> h[c] + pi[c] + adp[c] + mg2[c]	h2o[c] + atp[c] + mg2[p]  -> h[c] + pi[c] + adp[c] + mg2[c]	正向|adp[c]:1;atp[c]:-1;h2o[c]:-1;h[c]:1;mg2[c]:1;mg2[p]:-1;pi[c]:1	正向|adp[c]:1;atp[c]:-1;h2o[c]:-1;h[c]:1;mg2[c]:1;mg2[p]:-1;pi[c]:1	0..1000	0..1000	AFE_2327	AFE_2327	A388:P388	A387:O387	共同基础
MMCD	共同且无语义差异	无语义差异	h[c] + mmcoa[c]  -> co2[c] + ppcoa[c]	h[c] + mmcoa[c]  -> co2[c] + ppcoa[c]	正向|co2[c]:1;h[c]:-1;mmcoa[c]:-1;ppcoa[c]:1	正向|co2[c]:1;h[c]:-1;mmcoa[c]:-1;ppcoa[c]:1	0..1000	0..1000			A389:P389	A388:O388	共同基础
MMM	共同且无语义差异	无语义差异	mmcoa[c]  <=> succoa[c]	mmcoa[c]  <=> succoa[c]	可逆|mmcoa[c]:-1;succoa[c]:1	可逆|mmcoa[c]:-1;succoa[c]:1	-1000..1000	-1000..1000			A390:P390	A389:O389	共同基础
MN2tex	共同且无语义差异	无语义差异	mn2[e]  <=> mn2[p]	mn2[e]  <=> mn2[p]	可逆|mn2[e]:-1;mn2[p]:1	可逆|mn2[e]:-1;mn2[p]:1	-1000..1000	-1000..1000			A391:P391	A390:O390	共同基础
MN2tpp	共同且无语义差异	无语义差异	mn2[p]  -> mn2[c]	mn2[p]  -> mn2[c]	正向|mn2[c]:1;mn2[p]:-1	正向|mn2[c]:1;mn2[p]:-1	0..1000	0..1000	(AFE_0920 or AFE_0105)	(AFE_0920 or AFE_0105)	A392:P392	A391:O391	共同基础
MNTH	共同且无语义差异	无语义差异	h[p] + fe2[p]  -> h[c] + fe2[c]	h[p] + fe2[p]  -> h[c] + fe2[c]	正向|fe2[c]:1;fe2[p]:-1;h[c]:1;h[p]:-1	正向|fe2[c]:1;fe2[p]:-1;h[c]:1;h[p]:-1	0..1000	0..1000	(AFE_0105 or AFE_0920)	(AFE_0105 or AFE_0920)	A393:P393	A392:O392	共同基础
MOHMT	共同且无语义差异	无语义差异	h2o[c] + mlthf[c] + 3mob[c]  <=> thf[c] + 2dhp[c]	h2o[c] + mlthf[c] + 3mob[c]  <=> thf[c] + 2dhp[c]	可逆|2dhp[c]:1;3mob[c]:-1;h2o[c]:-1;mlthf[c]:-1;thf[c]:1	可逆|2dhp[c]:1;3mob[c]:-1;h2o[c]:-1;mlthf[c]:-1;thf[c]:1	-1000..1000	-1000..1000	AFE_1771	AFE_1771	A394:P394	A393:O393	共同基础
MTAP	共同且无语义差异	无语义差异	pi[c] + 5mta[c]  <=> ade[c] + mtribp[c]	pi[c] + 5mta[c]  <=> ade[c] + mtribp[c]	可逆|5mta[c]:-1;ade[c]:1;mtribp[c]:1;pi[c]:-1	可逆|5mta[c]:-1;ade[c]:1;mtribp[c]:1;pi[c]:-1	-1000..1000	-1000..1000	AFE_0365	AFE_0365	A395:P395	A394:O394	共同基础
MTHFC	共同且无语义差异	无语义差异	h2o[c] + methf[c]  <=> h[c] + 10fthf[c]	h2o[c] + methf[c]  <=> h[c] + 10fthf[c]	可逆|10fthf[c]:1;h2o[c]:-1;h[c]:1;methf[c]:-1	可逆|10fthf[c]:1;h2o[c]:-1;h[c]:1;methf[c]:-1	-1000..1000	-1000..1000	AFE_1877	AFE_1877	A396:P396	A395:O395	共同基础
MTHFD1	共同且无语义差异	无语义差异	nadp[c] + mlthf[c]  <=> nadph[c] + methf[c]	nadp[c] + mlthf[c]  <=> nadph[c] + methf[c]	可逆|methf[c]:1;mlthf[c]:-1;nadp[c]:-1;nadph[c]:1	可逆|methf[c]:1;mlthf[c]:-1;nadp[c]:-1;nadph[c]:1	-1000..1000	-1000..1000	AFE_1877	AFE_1877	A397:P397	A396:O396	共同基础
MTHFD2	共同且无语义差异	无语义差异	nad[c] + mlthf[c]  -> nadh[c] + methf[c]	nad[c] + mlthf[c]  -> nadh[c] + methf[c]	正向|methf[c]:1;mlthf[c]:-1;nad[c]:-1;nadh[c]:1	正向|methf[c]:1;mlthf[c]:-1;nad[c]:-1;nadh[c]:1	0..1000	0..1000	AFE_1877	AFE_1877	A398:P398	A397:O397	共同基础
MTHFR3	共同且无语义差异	无语义差异	h[c] + nadph[c] + mlthf[c]  <=> nadp[c] + 5mthf[c]	h[c] + nadph[c] + mlthf[c]  <=> nadp[c] + 5mthf[c]	可逆|5mthf[c]:1;h[c]:-1;mlthf[c]:-1;nadp[c]:1;nadph[c]:-1	可逆|5mthf[c]:1;h[c]:-1;mlthf[c]:-1;nadp[c]:1;nadph[c]:-1	-1000..1000	-1000..1000	AFE_0535	AFE_0535	A399:P399	A398:O398	共同基础
MTHPTGHM	共同且无语义差异	无语义差异	hcys-L[c] + 5mthglu[c]  <=> met-L[c] + thglu[c]	hcys-L[c] + 5mthglu[c]  <=> met-L[c] + thglu[c]	可逆|5mthglu[c]:-1;hcys-L[c]:-1;met-L[c]:1;thglu[c]:1	可逆|5mthglu[c]:-1;hcys-L[c]:-1;met-L[c]:1;thglu[c]:1	-1000..1000	-1000..1000	AFE_0288	AFE_0288	A400:P400	A399:O399	共同基础
MTOD	共同且无语义差异	无语义差异	mtrp[c]  <=> h2o[c] + dkmpp[c]	mtrp[c]  <=> h2o[c] + dkmpp[c]	可逆|dkmpp[c]:1;h2o[c]:1;mtrp[c]:-1	可逆|dkmpp[c]:1;h2o[c]:1;mtrp[c]:-1	-1000..1000	-1000..1000			A401:P401	A400:O400	共同基础
MTRG	共同且无语义差异	无语义差异	h2o[c] + malttr[c]  -> glc-A[c] + mal-B[c]	h2o[c] + malttr[c]  -> glc-A[c] + mal-B[c]	正向|glc-A[c]:1;h2o[c]:-1;mal-B[c]:1;malttr[c]:-1	正向|glc-A[c]:1;h2o[c]:-1;mal-B[c]:1;malttr[c]:-1	0..1000	0..1000			A402:P402	A401:O401	共同基础
MTROI	共同且无语义差异	无语义差异	mtribp[c]  <=> mtrp[c]	mtribp[c]  <=> mtrp[c]	可逆|mtribp[c]:-1;mtrp[c]:1	可逆|mtribp[c]:-1;mtrp[c]:1	-1000..1000	-1000..1000	AFE_0893	AFE_0893	A403:P403	A402:O402	共同基础
MTRP	共同且有语义差异	化学计量/方向;上下界	pi[c] + maltttr[c]  <=> g1p[c] + malttr[c]	pi[c] + maltttr[c]  -> g1p[c] + malttr[c]	可逆|g1p[c]:1;malttr[c]:1;maltttr[c]:-1;pi[c]:-1	正向|g1p[c]:1;malttr[c]:1;maltttr[c]:-1;pi[c]:-1	-1000..1000	0..1000	AFE_0527	AFE_0527	A404:P404	A403:O403	宿主本底更新候选：需保留2016证据并经后续人工审计
N2tex	共同且无语义差异	无语义差异	n2[e]  <=> n2[p]	n2[e]  <=> n2[p]	可逆|n2[e]:-1;n2[p]:1	可逆|n2[e]:-1;n2[p]:1	-1000..1000	-1000..1000			A405:P405	A404:O404	共同基础
N2tpp	共同且无语义差异	无语义差异	n2[p]  <=> n2[c]	n2[p]  <=> n2[c]	可逆|n2[c]:1;n2[p]:-1	可逆|n2[c]:1;n2[p]:-1	-1000..1000	-1000..1000			A406:P406	A405:O405	共同基础
NA1tex	共同且无语义差异	无语义差异	na1[e]  <=> na1[p]	na1[e]  <=> na1[p]	可逆|na1[e]:-1;na1[p]:1	可逆|na1[e]:-1;na1[p]:1	-1000..1000	-1000..1000			A407:P407	A406:O406	共同基础
NA1tpp	共同且有语义差异	化学计量/方向	h[p] + na1[p]  -> h[c] + na1[c]	h[c] + na1[p]  -> h[p] + na1[c]	正向|h[c]:1;h[p]:-1;na1[c]:1;na1[p]:-1	正向|h[c]:-1;h[p]:1;na1[c]:1;na1[p]:-1	0..1000	0..1000			A408:P408	A407:O407	宿主本底更新候选：需保留2016证据并经后续人工审计
NADHI	共同且无语义差异	无语义差异	5 h[p] + nad[c] + q8h2[c]  -> 6 h[c] + nadh[c] + q8[c]	5 h[p] + nad[c] + q8h2[c]  -> 6 h[c] + nadh[c] + q8[c]	正向|h[c]:6;h[p]:-5;nad[c]:-1;nadh[c]:1;q8[c]:1;q8h2[c]:-1	正向|h[c]:6;h[p]:-5;nad[c]:-1;nadh[c]:1;q8[c]:1;q8h2[c]:-1	0..1000	0..1000	(AFE_2630 and AFE_2629 and AFE_2628 and AFE_2627 and AFE_2626 and AFE_2625 and AFE_2624 and AFE_2623 and AFE_2622 and AFE_2621 and AFE_2620 and AFE_2619 and AFE_2618 and AFE_2617)	(AFE_2630 and AFE_2629 and AFE_2628 and AFE_2627 and AFE_2626 and AFE_2625 and AFE_2624 and AFE_2623 and AFE_2622 and AFE_2621 and AFE_2620 and AFE_2619 and AFE_2618 and AFE_2617)	A409:P409	A408:O408	共同基础
NADK	共同且无语义差异	无语义差异	atp[c] + nad[c]  -> h[c] + adp[c] + nadp[c]	atp[c] + nad[c]  -> h[c] + adp[c] + nadp[c]	正向|adp[c]:1;atp[c]:-1;h[c]:1;nad[c]:-1;nadp[c]:1	正向|adp[c]:1;atp[c]:-1;h[c]:1;nad[c]:-1;nadp[c]:1	0..1000	0..1000	AFE_0451	AFE_0451	A410:P410	A409:O409	共同基础
NADPPPS	共同且无语义差异	无语义差异	h2o[c] + nadp[c]  -> pi[c] + nad[c]	h2o[c] + nadp[c]  -> pi[c] + nad[c]	正向|h2o[c]:-1;nad[c]:1;nadp[c]:-1;pi[c]:1	正向|h2o[c]:-1;nad[c]:1;nadp[c]:-1;pi[c]:1	0..1000	0..1000	AFE_0468	AFE_0468	A411:P411	A410:O410	共同基础
NADS1	共同且无语义差异	无语义差异	atp[c] + nh4[c] + dnad[c]  -> h[c] + nad[c] + ppi[c] + amp[c]	atp[c] + nh4[c] + dnad[c]  -> h[c] + nad[c] + ppi[c] + amp[c]	正向|amp[c]:1;atp[c]:-1;dnad[c]:-1;h[c]:1;nad[c]:1;nh4[c]:-1;ppi[c]:1	正向|amp[c]:1;atp[c]:-1;dnad[c]:-1;h[c]:1;nad[c]:1;nh4[c]:-1;ppi[c]:1	0..1000	0..1000	AFE_0428	AFE_0428	A412:P412	A411:O411	共同基础
NADS2	共同且无语义差异	无语义差异	h2o[c] + atp[c] + gln-L[c] + dnad[c]  -> h[c] + glu-L[c] + nad[c] + ppi[c] + amp[c]	h2o[c] + atp[c] + gln-L[c] + dnad[c]  -> h[c] + glu-L[c] + nad[c] + ppi[c] + amp[c]	正向|amp[c]:1;atp[c]:-1;dnad[c]:-1;gln-L[c]:-1;glu-L[c]:1;h2o[c]:-1;h[c]:1;nad[c]:1;ppi[c]:1	正向|amp[c]:1;atp[c]:-1;dnad[c]:-1;gln-L[c]:-1;glu-L[c]:1;h2o[c]:-1;h[c]:1;nad[c]:1;ppi[c]:1	0..1000	0..1000	AFE_0428	AFE_0428	A413:P413	A412:O412	共同基础
NADTRHD	共同且无语义差异	无语义差异	h[p] + nadh[c] + nadp[c]  -> h[c] + nad[c] + nadph[c]	h[p] + nadh[c] + nadp[c]  -> h[c] + nad[c] + nadph[c]	正向|h[c]:1;h[p]:-1;nad[c]:1;nadh[c]:-1;nadp[c]:-1;nadph[c]:1	正向|h[c]:1;h[p]:-1;nad[c]:1;nadh[c]:-1;nadp[c]:-1;nadph[c]:1	0..1000	0..1000			A414:P414	A413:O413	共同基础
NDPK1	共同且无语义差异	无语义差异	atp[c] + gdp[c]  <=> adp[c] + gtp[c]	atp[c] + gdp[c]  <=> adp[c] + gtp[c]	可逆|adp[c]:1;atp[c]:-1;gdp[c]:-1;gtp[c]:1	可逆|adp[c]:1;atp[c]:-1;gdp[c]:-1;gtp[c]:1	-1000..1000	-1000..1000	AFE_1929	AFE_1929	A415:P415	A414:O414	共同基础
NDPK2	共同且无语义差异	无语义差异	atp[c] + udp[c]  <=> adp[c] + utp[c]	atp[c] + udp[c]  <=> adp[c] + utp[c]	可逆|adp[c]:1;atp[c]:-1;udp[c]:-1;utp[c]:1	可逆|adp[c]:1;atp[c]:-1;udp[c]:-1;utp[c]:1	-1000..1000	-1000..1000	AFE_1929	AFE_1929	A416:P416	A415:O415	共同基础
NDPK3	共同且无语义差异	无语义差异	atp[c] + cdp[c]  <=> adp[c] + ctp[c]	atp[c] + cdp[c]  <=> adp[c] + ctp[c]	可逆|adp[c]:1;atp[c]:-1;cdp[c]:-1;ctp[c]:1	可逆|adp[c]:1;atp[c]:-1;cdp[c]:-1;ctp[c]:1	-1000..1000	-1000..1000	AFE_1929	AFE_1929	A417:P417	A416:O416	共同基础
NDPK4	共同且无语义差异	无语义差异	h[c] + atp[c] + dtdp[c]  <=> adp[c] + dttp[c]	h[c] + atp[c] + dtdp[c]  <=> adp[c] + dttp[c]	可逆|adp[c]:1;atp[c]:-1;dtdp[c]:-1;dttp[c]:1;h[c]:-1	可逆|adp[c]:1;atp[c]:-1;dtdp[c]:-1;dttp[c]:1;h[c]:-1	-1000..1000	-1000..1000	AFE_1929	AFE_1929	A418:P418	A417:O417	共同基础
NDPK5	共同且无语义差异	无语义差异	atp[c] + dgdp[c]  <=> adp[c] + dgtp[c]	atp[c] + dgdp[c]  <=> adp[c] + dgtp[c]	可逆|adp[c]:1;atp[c]:-1;dgdp[c]:-1;dgtp[c]:1	可逆|adp[c]:1;atp[c]:-1;dgdp[c]:-1;dgtp[c]:1	-1000..1000	-1000..1000	AFE_1929	AFE_1929	A419:P419	A418:O418	共同基础
NDPK6	共同且无语义差异	无语义差异	atp[c] + dudp[c]  <=> h[c] + adp[c] + dutp[c]	atp[c] + dudp[c]  <=> h[c] + adp[c] + dutp[c]	可逆|adp[c]:1;atp[c]:-1;dudp[c]:-1;dutp[c]:1;h[c]:1	可逆|adp[c]:1;atp[c]:-1;dudp[c]:-1;dutp[c]:1;h[c]:1	-1000..1000	-1000..1000	AFE_1929	AFE_1929	A420:P420	A419:O419	共同基础
NDPK7	共同且无语义差异	无语义差异	atp[c] + dcdp[c]  <=> adp[c] + dctp[c]	atp[c] + dcdp[c]  <=> adp[c] + dctp[c]	可逆|adp[c]:1;atp[c]:-1;dcdp[c]:-1;dctp[c]:1	可逆|adp[c]:1;atp[c]:-1;dcdp[c]:-1;dctp[c]:1	-1000..1000	-1000..1000	AFE_1929	AFE_1929	A421:P421	A420:O420	共同基础
NDPK8	共同且无语义差异	无语义差异	atp[c] + dadp[c]  <=> adp[c] + datp[c]	atp[c] + dadp[c]  <=> adp[c] + datp[c]	可逆|adp[c]:1;atp[c]:-1;dadp[c]:-1;datp[c]:1	可逆|adp[c]:1;atp[c]:-1;dadp[c]:-1;datp[c]:1	-1000..1000	-1000..1000	AFE_1929	AFE_1929	A422:P422	A421:O421	共同基础
NH4pp	共同且无语义差异	无语义差异	nh4[c]  <=> nh4[p]	nh4[c]  <=> nh4[p]	可逆|nh4[c]:-1;nh4[p]:1	可逆|nh4[c]:-1;nh4[p]:1	0..0	0..0	(AFE_2916 or AFE_2911 or AFE_2922)	(AFE_2916 or AFE_2911 or AFE_2922)	A423:P423	A422:O422	共同基础
NH4tex	共同且无语义差异	无语义差异	nh4[p]  <=> nh4[e]	nh4[p]  <=> nh4[e]	可逆|nh4[e]:1;nh4[p]:-1	可逆|nh4[e]:1;nh4[p]:-1	-1000..1000	-1000..1000			A424:P424	A423:O423	共同基础
NITF	共同且无语义差异	无语义差异	16 h2o[c] + 16 atp[c] + 4 nadh[c] + n2[c]  -> 10 h[c] + 16 pi[c] + 16 adp[c] + 4 nad[c] + 2 nh4[c] + h2[c]	16 h2o[c] + 16 atp[c] + 4 nadh[c] + n2[c]  -> 10 h[c] + 16 pi[c] + 16 adp[c] + 4 nad[c] + 2 nh4[c] + h2[c]	正向|adp[c]:16;atp[c]:-16;h2[c]:1;h2o[c]:-16;h[c]:10;n2[c]:-1;nad[c]:4;nadh[c]:-4;nh4[c]:2;pi[c]:16	正向|adp[c]:16;atp[c]:-16;h2[c]:1;h2o[c]:-16;h[c]:10;n2[c]:-1;nad[c]:4;nadh[c]:-4;nh4[c]:2;pi[c]:16	0..1000	0..1000	(AFE_1515 and AFE_1516 and AFE_1517 and AFE_1518 and AFE_1519 and AFE_1520 and AFE_1521 and AFE_1522)	(AFE_1515 and AFE_1516 and AFE_1517 and AFE_1518 and AFE_1519 and AFE_1520 and AFE_1521 and AFE_1522)	A425:P425	A424:O424	共同基础
NNAT	共同且无语义差异	无语义差异	h[c] + atp[c] + nicrnt[c]  <=> ppi[c] + dnad[c]	h[c] + atp[c] + nicrnt[c]  <=> ppi[c] + dnad[c]	可逆|atp[c]:-1;dnad[c]:1;h[c]:-1;nicrnt[c]:-1;ppi[c]:1	可逆|atp[c]:-1;dnad[c]:1;h[c]:-1;nicrnt[c]:-1;ppi[c]:1	-1000..1000	-1000..1000	AFE_2948	AFE_2948	A426:P426	A425:O425	共同基础
NNDPR	共同且无语义差异	无语义差异	2 h[c] + prpp[c] + quln[c]  <=> co2[c] + ppi[c] + nicrnt[c]	2 h[c] + prpp[c] + quln[c]  <=> co2[c] + ppi[c] + nicrnt[c]	可逆|co2[c]:1;h[c]:-2;nicrnt[c]:1;ppi[c]:1;prpp[c]:-1;quln[c]:-1	可逆|co2[c]:1;h[c]:-2;nicrnt[c]:1;ppi[c]:1;prpp[c]:-1;quln[c]:-1	-1000..1000	-1000..1000	AFE_2206	AFE_2206	A427:P427	A426:O426	共同基础
NTPTP1	共同且无语义差异	无语义差异	h2o[c] + dgtp[c]  -> pppi[c] + dgsn[c]	h2o[c] + dgtp[c]  -> pppi[c] + dgsn[c]	正向|dgsn[c]:1;dgtp[c]:-1;h2o[c]:-1;pppi[c]:1	正向|dgsn[c]:1;dgtp[c]:-1;h2o[c]:-1;pppi[c]:1	0..1000	0..1000	AFE_0731	AFE_0731	A428:P428	A427:O427	共同基础
O2tex	共同且无语义差异	无语义差异	o2[e]  <=> o2[p]	o2[e]  <=> o2[p]	可逆|o2[e]:-1;o2[p]:1	可逆|o2[e]:-1;o2[p]:1	-1000..1000	-1000..1000			A429:P429	A428:O428	共同基础
O2tpp	共同且无语义差异	无语义差异	o2[p]  <=> o2[c]	o2[p]  <=> o2[c]	可逆|o2[c]:1;o2[p]:-1	可逆|o2[c]:1;o2[p]:-1	-1000..1000	-1000..1000			A430:P430	A429:O429	共同基础
OCBT	共同且无语义差异	无语义差异	orn[c] + cbp[c]  <=> h[c] + pi[c] + citr-L[c]	orn[c] + cbp[c]  <=> h[c] + pi[c] + citr-L[c]	可逆|cbp[c]:-1;citr-L[c]:1;h[c]:1;orn[c]:-1;pi[c]:1	可逆|cbp[c]:-1;citr-L[c]:1;h[c]:1;orn[c]:-1;pi[c]:1	-1000..1000	-1000..1000	AFE_0405	AFE_0405	A431:P431	A430:O430	共同基础
OCTDPS	共同且无语义差异	无语义差异	5 ipdp[c] + frdp[c]  -> 5 ppi[c] + octdp[c]	5 ipdp[c] + frdp[c]  -> 5 ppi[c] + octdp[c]	正向|frdp[c]:-1;ipdp[c]:-5;octdp[c]:1;ppi[c]:5	正向|frdp[c]:-1;ipdp[c]:-5;octdp[c]:1;ppi[c]:5	0..1000	0..1000	AFE_2899	AFE_2899	A432:P432	A431:O431	共同基础
OHPBAT	共同且无语义差异	无语义差异	glu-L[c] + ohpb[c]  <=> akg[c] + phthr[c]	glu-L[c] + ohpb[c]  <=> akg[c] + phthr[c]	可逆|akg[c]:1;glu-L[c]:-1;ohpb[c]:-1;phthr[c]:1	可逆|akg[c]:1;glu-L[c]:-1;ohpb[c]:-1;phthr[c]:1	-1000..1000	-1000..1000	AFE_0895	AFE_0895	A433:P433	A432:O432	共同基础
OHPHM	共同且无语义差异	无语义差异	amet[c] + 2ohph[c]  <=> h[c] + ahcys[c] + 2omph[c]	amet[c] + 2ohph[c]  <=> h[c] + ahcys[c] + 2omph[c]	可逆|2ohph[c]:-1;2omph[c]:1;ahcys[c]:1;amet[c]:-1;h[c]:1	可逆|2ohph[c]:-1;2omph[c]:1;ahcys[c]:1;amet[c]:-1;h[c]:1	-1000..1000	-1000..1000	AFE_1825	AFE_1825	A434:P434	A433:O433	共同基础
OMBQM	共同且无语义差异	无语义差异	h[c] + amet[c] + 2ombz[c]  <=> ahcys[c] + 2ommb[c]	h[c] + amet[c] + 2ombz[c]  <=> ahcys[c] + 2ommb[c]	可逆|2ombz[c]:-1;2ommb[c]:1;ahcys[c]:1;amet[c]:-1;h[c]:-1	可逆|2ombz[c]:-1;2ommb[c]:1;ahcys[c]:1;amet[c]:-1;h[c]:-1	-1000..1000	-1000..1000	AFE_0623	AFE_0623	A435:P435	A434:O434	共同基础
OMCDC	共同且无语义差异	无语义差异	h[c] + 3c4mop[c]  <=> co2[c] + 4mop[c]	h[c] + 3c4mop[c]  <=> co2[c] + 4mop[c]	可逆|3c4mop[c]:-1;4mop[c]:1;co2[c]:1;h[c]:-1	可逆|3c4mop[c]:-1;4mop[c]:1;co2[c]:1;h[c]:-1	-1000..1000	-1000..1000			A436:P436	A435:O435	共同基础
OMMBH	共同且无语义差异	无语义差异	h[c] + nadph[c] + o2[c] + 2ommb[c]  -> h2o[c] + nadp[c] + 3dmq[c]	h[c] + nadph[c] + o2[c] + 2ommb[c]  -> h2o[c] + nadp[c] + 3dmq[c]	正向|2ommb[c]:-1;3dmq[c]:1;h2o[c]:1;h[c]:-1;nadp[c]:1;nadph[c]:-1;o2[c]:-1	正向|2ommb[c]:-1;3dmq[c]:1;h2o[c]:1;h[c]:-1;nadp[c]:1;nadph[c]:-1;o2[c]:-1	0..1000	0..1000			A437:P437	A436:O436	共同基础
OMPDC	共同且无语义差异	无语义差异	h[c] + orot5p[c]  -> co2[c] + ump[c]	h[c] + orot5p[c]  -> co2[c] + ump[c]	正向|co2[c]:1;h[c]:-1;orot5p[c]:-1;ump[c]:1	正向|co2[c]:1;h[c]:-1;orot5p[c]:-1;ump[c]:1	0..1000	0..1000	AFE_0907	AFE_0907	A438:P438	A437:O437	共同基础
OMPHHX	共同且无语义差异	无语义差异	o2[c] + 2omph[c]  <=> h2o[c] + 2ombz[c]	o2[c] + 2omph[c]  <=> h2o[c] + 2ombz[c]	可逆|2ombz[c]:1;2omph[c]:-1;h2o[c]:1;o2[c]:-1	可逆|2ombz[c]:1;2omph[c]:-1;h2o[c]:1;o2[c]:-1	-1000..1000	-1000..1000	(AFE_2389 or AFE_2388)	(AFE_2389 or AFE_2388)	A439:P439	A438:O438	共同基础
OPHBDC	共同且无语义差异	无语义差异	h[c] + 3ophb[c]  <=> co2[c] + 2oph[c]	h[c] + 3ophb[c]  <=> co2[c] + 2oph[c]	可逆|2oph[c]:1;3ophb[c]:-1;co2[c]:1;h[c]:-1	可逆|2oph[c]:1;3ophb[c]:-1;co2[c]:1;h[c]:-1	-1000..1000	-1000..1000	(AFE_0647 or AFE_2383)	(AFE_0647 or AFE_2383)	A440:P440	A439:O439	共同基础
OPHHX	共同且无语义差异	无语义差异	o2[c] + 2 2oph[c]  -> 2 2ohph[c]	o2[c] + 2 2oph[c]  -> 2 2ohph[c]	正向|2ohph[c]:2;2oph[c]:-2;o2[c]:-1	正向|2ohph[c]:2;2oph[c]:-2;o2[c]:-1	0..1000	0..1000	AFE_0305	AFE_0305	A441:P441	A440:O440	共同基础
ORNDC	共同且无语义差异	无语义差异	h[c] + orn[c]  -> co2[c] + ptrc[c]	h[c] + orn[c]  -> co2[c] + ptrc[c]	正向|co2[c]:1;h[c]:-1;orn[c]:-1;ptrc[c]:1	正向|co2[c]:1;h[c]:-1;orn[c]:-1;ptrc[c]:1	0..1000	0..1000			A442:P442	A441:O441	共同基础
ORPT	共同且无语义差异	无语义差异	prpp[c] + orot[c]  -> ppi[c] + orot5p[c]	prpp[c] + orot[c]  -> ppi[c] + orot5p[c]	正向|orot5p[c]:1;orot[c]:-1;ppi[c]:1;prpp[c]:-1	正向|orot5p[c]:1;orot[c]:-1;ppi[c]:1;prpp[c]:-1	0..1000	0..1000	AFE_0908	AFE_0908	A443:P443	A442:O442	共同基础
P5CR	共同且无语义差异	无语义差异	nadp[c] + pro-L[c]  <=> 2 h[c] + nadph[c] + 1pyr5c[c]	nadp[c] + pro-L[c]  <=> 2 h[c] + nadph[c] + 1pyr5c[c]	可逆|1pyr5c[c]:1;h[c]:2;nadp[c]:-1;nadph[c]:1;pro-L[c]:-1	可逆|1pyr5c[c]:1;h[c]:2;nadp[c]:-1;nadph[c]:1;pro-L[c]:-1	-1000..1000	-1000..1000	AFE_0262	AFE_0262	A444:P444	A443:O443	共同基础
PANTS	共同且无语义差异	无语义差异	atp[c] + pant-R[c] + ala-B[c]  <=> h[c] + ppi[c] + amp[c] + pnto-R[c]	atp[c] + pant-R[c] + ala-B[c]  <=> h[c] + ppi[c] + amp[c] + pnto-R[c]	可逆|ala-B[c]:-1;amp[c]:1;atp[c]:-1;h[c]:1;pant-R[c]:-1;pnto-R[c]:1;ppi[c]:1	可逆|ala-B[c]:-1;amp[c]:1;atp[c]:-1;h[c]:1;pant-R[c]:-1;pnto-R[c]:1;ppi[c]:1	-1000..1000	-1000..1000	AFE_1770	AFE_1770	A445:P445	A444:O444	共同基础
PAPPT3	共同且无语义差异	无语义差异	udcpp[c] + ugmda[c]  -> ump[c] + uagmda[c]	udcpp[c] + ugmda[c]  -> ump[c] + uagmda[c]	正向|uagmda[c]:1;udcpp[c]:-1;ugmda[c]:-1;ump[c]:1	正向|uagmda[c]:1;udcpp[c]:-1;ugmda[c]:-1;ump[c]:1	0..1000	0..1000	AFE_0209	AFE_0209	A446:P446	A445:O445	共同基础
PAPSR	共同且无语义差异	无语义差异	2 h[c] + paps[c] + trdox[c]  -> pap[c] + so3[c] + trdrd[c]	2 h[c] + paps[c] + trdox[c]  -> pap[c] + so3[c] + trdrd[c]	正向|h[c]:-2;pap[c]:1;paps[c]:-1;so3[c]:1;trdox[c]:-1;trdrd[c]:1	正向|h[c]:-2;pap[c]:1;paps[c]:-1;so3[c]:1;trdox[c]:-1;trdrd[c]:1	0..1000	0..1000	AFE_3123	AFE_3123	A447:P447	A446:O446	共同基础
PCYT	共同且无语义差异	无语义差异	ctp[c] + dag3pi_AFE[c]  -> ppi[c] + cdpdag_AFE[c]	ctp[c] + dag3pi_AFE[c]  -> ppi[c] + cdpdag_AFE[c]	正向|cdpdag_AFE[c]:1;ctp[c]:-1;dag3pi_AFE[c]:-1;ppi[c]:1	正向|cdpdag_AFE[c]:1;ctp[c]:-1;dag3pi_AFE[c]:-1;ppi[c]:1	0..1000	0..1000	AFE_1449	AFE_1449	A448:P448	A447:O447	共同基础
PDH	共同且无语义差异	无语义差异	pyr[c] + nad[c] + coa[c]  -> co2[c] + nadh[c] + accoa[c]	pyr[c] + nad[c] + coa[c]  -> co2[c] + nadh[c] + accoa[c]	正向|accoa[c]:1;co2[c]:1;coa[c]:-1;nad[c]:-1;nadh[c]:1;pyr[c]:-1	正向|accoa[c]:1;co2[c]:1;coa[c]:-1;nad[c]:-1;nadh[c]:1;pyr[c]:-1	0..1000	0..1000	(AFE_3070 and AFE_3069 and AFE_3068)	(AFE_3070 and AFE_3069 and AFE_3068)	A449:P449	A448:O448	共同基础
PDX5PO	共同且无语义差异	无语义差异	o2[c] + pdx5p[c]  <=> pydx5p[c] + h2o2[c]	o2[c] + pdx5p[c]  <=> pydx5p[c] + h2o2[c]	可逆|h2o2[c]:1;o2[c]:-1;pdx5p[c]:-1;pydx5p[c]:1	可逆|h2o2[c]:1;o2[c]:-1;pdx5p[c]:-1;pydx5p[c]:1	-1000..1000	-1000..1000	AFE_0628	AFE_0628	A450:P450	A449:O449	共同基础
PDX5PS	共同且无语义差异	无语义差异	amoxoylph[c] + dxyl5p[c]  <=> h[c] + pi[c] + 2 h2o[c] + pdx5p[c]	amoxoylph[c] + dxyl5p[c]  <=> h[c] + pi[c] + 2 h2o[c] + pdx5p[c]	可逆|amoxoylph[c]:-1;dxyl5p[c]:-1;h2o[c]:2;h[c]:1;pdx5p[c]:1;pi[c]:1	可逆|amoxoylph[c]:-1;dxyl5p[c]:-1;h2o[c]:2;h[c]:1;pdx5p[c]:1;pi[c]:1	-1000..1000	-1000..1000	AFE_1403	AFE_1403	A451:P451	A450:O450	共同基础
PERD	共同且无语义差异	无语义差异	nad[c] + 4per[c]  <=> h[c] + nadh[c] + ohpb[c]	nad[c] + 4per[c]  <=> h[c] + nadh[c] + ohpb[c]	可逆|4per[c]:-1;h[c]:1;nad[c]:-1;nadh[c]:1;ohpb[c]:1	可逆|4per[c]:-1;h[c]:1;nad[c]:-1;nadh[c]:1;ohpb[c]:1	-1000..1000	-1000..1000	AFE_0896	AFE_0896	A452:P452	A451:O451	共同基础
PFK	共同且无语义差异	无语义差异	atp[c] + f6p-B[c]  -> h[c] + adp[c] + fdp[c]	atp[c] + f6p-B[c]  -> h[c] + adp[c] + fdp[c]	正向|adp[c]:1;atp[c]:-1;f6p-B[c]:-1;fdp[c]:1;h[c]:1	正向|adp[c]:1;atp[c]:-1;f6p-B[c]:-1;fdp[c]:1;h[c]:1	0..1000	0..1000	AFE_1807	AFE_1807	A453:P453	A452:O452	共同基础
PGAMT	共同且无语义差异	无语义差异	gam1p[c]  <=> gam6p[c]	gam1p[c]  <=> gam6p[c]	可逆|gam1p[c]:-1;gam6p[c]:1	可逆|gam1p[c]:-1;gam6p[c]:1	-1000..1000	-1000..1000	AFE_2634	AFE_2634	A454:P454	A453:O453	共同基础
PGCD	共同且无语义差异	无语义差异	nad[c] + 3pg[c]  <=> h[c] + nadh[c] + 3php[c]	nad[c] + 3pg[c]  <=> h[c] + nadh[c] + 3php[c]	可逆|3pg[c]:-1;3php[c]:1;h[c]:1;nad[c]:-1;nadh[c]:1	可逆|3pg[c]:-1;3php[c]:1;h[c]:1;nad[c]:-1;nadh[c]:1	-1000..1000	-1000..1000	AFE_0896	AFE_0896	A455:P455	A454:O454	共同基础
PGDH	共同且无语义差异	无语义差异	6pgc[c]  -> h2o[c] + 2ddg6p[c]	6pgc[c]  -> h2o[c] + 2ddg6p[c]	正向|2ddg6p[c]:1;6pgc[c]:-1;h2o[c]:1	正向|2ddg6p[c]:1;6pgc[c]:-1;h2o[c]:1	0..1000	0..1000	AFE_2432	AFE_2432	A456:P456	A455:O455	共同基础
PGI1	共同且无语义差异	无语义差异	g6p-B[c]  <=> f6p-B[c]	g6p-B[c]  <=> f6p-B[c]	可逆|f6p-B[c]:1;g6p-B[c]:-1	可逆|f6p-B[c]:1;g6p-B[c]:-1	-1000..1000	-1000..1000	AFE_2924	AFE_2924	A457:P457	A456:O456	共同基础
PGK	共同且无语义差异	无语义差异	atp[c] + 3pg[c]  -> adp[c] + 13dpg[c]	atp[c] + 3pg[c]  -> adp[c] + 13dpg[c]	正向|13dpg[c]:1;3pg[c]:-1;adp[c]:1;atp[c]:-1	正向|13dpg[c]:1;3pg[c]:-1;adp[c]:1;atp[c]:-1	0..1000	0..1000	AFE_3250	AFE_3250	A458:P458	A457:O457	共同基础
PGL	共同且无语义差异	无语义差异	h2o[c] + 6pgl[c]  <=> h[c] + 6pgc[c]	h2o[c] + 6pgl[c]  <=> h[c] + 6pgc[c]	可逆|6pgc[c]:1;6pgl[c]:-1;h2o[c]:-1;h[c]:1	可逆|6pgc[c]:1;6pgl[c]:-1;h2o[c]:-1;h[c]:1	-1000..1000	-1000..1000	AFE_2833	AFE_2833	A459:P459	A458:O458	共同基础
PGLT	共同且无语义差异	无语义差异	2 ugmdal[c]  <=> 2 h[c] + 2 udcpdp[c] + murein5p5p[c]	2 ugmdal[c]  <=> 2 h[c] + 2 udcpdp[c] + murein5p5p[c]	可逆|h[c]:2;murein5p5p[c]:1;udcpdp[c]:2;ugmdal[c]:-2	可逆|h[c]:2;murein5p5p[c]:1;udcpdp[c]:2;ugmdal[c]:-2	-1000..1000	-1000..1000	AFE_0206	AFE_0206	A460:P460	A459:O459	共同基础
PGLYCP	共同且无语义差异	无语义差异	h2o[c] + 2pglyc[c]  -> pi[c] + glyclt[c]	h2o[c] + 2pglyc[c]  -> pi[c] + glyclt[c]	正向|2pglyc[c]:-1;glyclt[c]:1;h2o[c]:-1;pi[c]:1	正向|2pglyc[c]:-1;glyclt[c]:1;h2o[c]:-1;pi[c]:1	0..1000	0..1000	(AFE_1823 and AFE_3246)	(AFE_1823 and AFE_3246)	A461:P461	A460:O460	共同基础
PGM1	共同且无语义差异	无语义差异	3pg[c]  <=> 2pg[c]	3pg[c]  <=> 2pg[c]	可逆|2pg[c]:1;3pg[c]:-1	可逆|2pg[c]:1;3pg[c]:-1	-1000..1000	-1000..1000	(AFE_1815 or AFE_0155 or AFE_0526 or AFE_0621)	(AFE_1815 or AFE_0155 or AFE_0526 or AFE_0621)	A462:P462	A461:O461	共同基础
PGMT	共同且无语义差异	无语义差异	g1p-B[c]  <=> g6p-B[c]	g1p-B[c]  <=> g6p-B[c]	可逆|g1p-B[c]:-1;g6p-B[c]:1	可逆|g1p-B[c]:-1;g6p-B[c]:1	-1000..1000	-1000..1000	AFE_2324	AFE_2324	A463:P463	A462:O462	共同基础
PGMT2	共同且无语义差异	无语义差异	g1p[c]  <=> g6p-A[c]	g1p[c]  <=> g6p-A[c]	可逆|g1p[c]:-1;g6p-A[c]:1	可逆|g1p[c]:-1;g6p-A[c]:1	-1000..1000	-1000..1000	AFE_2324	AFE_2324	A464:P464	A463:O463	共同基础
PGPP120	共同且无语义差异	无语义差异	h2o[c] + pgp_AFE[c]  -> pi[c] + pg120[c]	h2o[c] + pgp_AFE[c]  -> pi[c] + pg120[c]	正向|h2o[c]:-1;pg120[c]:1;pgp_AFE[c]:-1;pi[c]:1	正向|h2o[c]:-1;pg120[c]:1;pgp_AFE[c]:-1;pi[c]:1	0..1000	0..1000	AFE_0929	AFE_0929	A465:P465	A464:O464	共同基础
PGSA	共同且无语义差异	无语义差异	cdpdag_AFE[c] + glyc3p[c]  -> h[c] + cmp[c] + pgp_AFE[c]	cdpdag_AFE[c] + glyc3p[c]  -> h[c] + cmp[c] + pgp_AFE[c]	正向|cdpdag_AFE[c]:-1;cmp[c]:1;glyc3p[c]:-1;h[c]:1;pgp_AFE[c]:1	正向|cdpdag_AFE[c]:-1;cmp[c]:1;glyc3p[c]:-1;h[c]:1;pgp_AFE[c]:1	0..1000	0..1000	(AFE_1900 and AFE_0854)	(AFE_1900 and AFE_0854)	A466:P466	A465:O465	共同基础
PHETA1	共同且无语义差异	无语义差异	akg[c] + phe-L[c]  <=> glu-L[c] + phpyr[c]	akg[c] + phe-L[c]  <=> glu-L[c] + phpyr[c]	可逆|akg[c]:-1;glu-L[c]:1;phe-L[c]:-1;phpyr[c]:1	可逆|akg[c]:-1;glu-L[c]:1;phe-L[c]:-1;phpyr[c]:1	-1000..1000	-1000..1000	AFE_2022	AFE_2022	A467:P467	A466:O466	共同基础
PHFT	共同且无语义差异	无语义差异	h2o[c] + pheme[c] + frdp[c]  -> ppi[c] + hemeO[c]	h2o[c] + pheme[c] + frdp[c]  -> ppi[c] + hemeO[c]	正向|frdp[c]:-1;h2o[c]:-1;hemeO[c]:1;pheme[c]:-1;ppi[c]:1	正向|frdp[c]:-1;h2o[c]:-1;hemeO[c]:1;pheme[c]:-1;ppi[c]:1	0..1000	0..1000	(AFE_0635 or AFE_3143)	(AFE_0635 or AFE_3143)	A468:P468	A467:O467	共同基础
PHSTG1	共同且无语义差异	无语义差异	polypi[c]  <=> polypi[p]	polypi[c]  <=> polypi[p]	可逆|polypi[c]:-1;polypi[p]:1	可逆|polypi[c]:-1;polypi[p]:1	-1000..1000	-1000..1000			A469:P469	A468:O468	共同基础
PHSTG2	共同且无语义差异	无语义差异	polypi[p]  <=> polypi[e]	polypi[p]  <=> polypi[e]	可逆|polypi[e]:1;polypi[p]:-1	可逆|polypi[e]:1;polypi[p]:-1	-1000..1000	-1000..1000			A470:P470	A469:O469	共同基础
PL-AFE	共同且无语义差异	无语义差异	0.37 pg120[c] + 0.15 pe_AFE[c] + 0.43 ptdmeeta_AFE[c] + 0.05 clpn120[c]  -> ppl_AFE[c]	0.37 pg120[c] + 0.15 pe_AFE[c] + 0.43 ptdmeeta_AFE[c] + 0.05 clpn120[c]  -> ppl_AFE[c]	正向|clpn120[c]:-0.05;pe_AFE[c]:-0.15;pg120[c]:-0.37;ppl_AFE[c]:1;ptdmeeta_AFE[c]:-0.43	正向|clpn120[c]:-0.05;pe_AFE[c]:-0.15;pg120[c]:-0.37;ppl_AFE[c]:1;ptdmeeta_AFE[c]:-0.43	0..1000	0..1000			A471:P471	A472:O472	共同基础
PMANM	共同且无语义差异	无语义差异	man6p[c]  <=> man1p[c]	man6p[c]  <=> man1p[c]	可逆|man1p[c]:1;man6p[c]:-1	可逆|man1p[c]:1;man6p[c]:-1	-1000..1000	-1000..1000	AFE_0943	AFE_0943	A472:P472	A473:O473	共同基础
PMEAS	共同且无语义差异	无语义差异	amet[c] + pe_AFE[c]  <=> ptdmeeta_AFE[c] + ahcys[c]	amet[c] + pe_AFE[c]  <=> ptdmeeta_AFE[c] + ahcys[c]	可逆|ahcys[c]:1;amet[c]:-1;pe_AFE[c]:-1;ptdmeeta_AFE[c]:1	可逆|ahcys[c]:1;amet[c]:-1;pe_AFE[c]:-1;ptdmeeta_AFE[c]:1	-1000..1000	-1000..1000	(AFE_2739 or AFE_0594)	(AFE_2739 or AFE_0594)	A473:P473	A474:O474	共同基础
PMPK	共同且无语义差异	无语义差异	atp[c] + 4ampm[c]  -> adp[c] + 2mahmp[c]	atp[c] + 4ampm[c]  -> adp[c] + 2mahmp[c]	正向|2mahmp[c]:1;4ampm[c]:-1;adp[c]:1;atp[c]:-1	正向|2mahmp[c]:1;4ampm[c]:-1;adp[c]:1;atp[c]:-1	0..1000	0..1000	AFE_3305	AFE_3305	A474:P474	A475:O475	共同基础
PNTK	共同且无语义差异	无语义差异	atp[c] + pnto-R[c]  <=> h[c] + adp[c] + d4ppp[c]	atp[c] + pnto-R[c]  <=> h[c] + adp[c] + d4ppp[c]	可逆|adp[c]:1;atp[c]:-1;d4ppp[c]:1;h[c]:1;pnto-R[c]:-1	可逆|adp[c]:1;atp[c]:-1;d4ppp[c]:1;h[c]:1;pnto-R[c]:-1	-1000..1000	-1000..1000			A475:P475	A476:O476	共同基础
PPA	共同且无语义差异	无语义差异	h2o[c] + ppi[c]  -> h[c] + 2 pi[c]	h2o[c] + ppi[c]  -> h[c] + 2 pi[c]	正向|h2o[c]:-1;h[c]:1;pi[c]:2;ppi[c]:-1	正向|h2o[c]:-1;h[c]:1;pi[c]:2;ppi[c]:-1	0..1000	0..1000	AFE_0492	AFE_0492	A476:P476	A477:O477	共同基础
PPBNGS	共同且无语义差异	无语义差异	2 5aop[c]  <=> h[c] + 2 h2o[c] + ppbng[c]	2 5aop[c]  <=> h[c] + 2 h2o[c] + ppbng[c]	可逆|5aop[c]:-2;h2o[c]:2;h[c]:1;ppbng[c]:1	可逆|5aop[c]:-2;h2o[c]:2;h[c]:1;ppbng[c]:1	-1000..1000	-1000..1000	AFE_3298	AFE_3298	A477:P477	A478:O478	共同基础
PPC	共同且无语义差异	无语义差异	h2o[c] + co2[c] + pep[c]  -> h[c] + pi[c] + oaa[c]	h2o[c] + co2[c] + pep[c]  -> h[c] + pi[c] + oaa[c]	正向|co2[c]:-1;h2o[c]:-1;h[c]:1;oaa[c]:1;pep[c]:-1;pi[c]:1	正向|co2[c]:-1;h2o[c]:-1;h[c]:1;oaa[c]:1;pep[c]:-1;pi[c]:1	0..1000	0..1000	AFE_1810	AFE_1810	A478:P478	A479:O479	共同基础
PPCDC	共同且无语义差异	无语义差异	h[c] + 4ppcys[c]  <=> co2[c] + 4ppan[c]	h[c] + 4ppcys[c]  <=> co2[c] + 4ppan[c]	可逆|4ppan[c]:1;4ppcys[c]:-1;co2[c]:1;h[c]:-1	可逆|4ppan[c]:1;4ppcys[c]:-1;co2[c]:1;h[c]:-1	-1000..1000	-1000..1000	AFE_0357	AFE_0357	A479:P479	A480:O480	共同基础
PPK2	共同且无语义差异	无语义差异	pi[c] + atp[c]  -> adp[c] + polypi[c]	pi[c] + atp[c]  -> adp[c] + polypi[c]	正向|adp[c]:1;atp[c]:-1;pi[c]:-1;polypi[c]:1	正向|adp[c]:1;atp[c]:-1;pi[c]:-1;polypi[c]:1	0..1000	0..1000	AFE_1876	AFE_1876	A480:P480	A481:O481	共同基础
PPNCL2	共同且无语义差异	无语义差异	ctp[c] + cys-L[c] + d4ppp[c]  <=> h[c] + ppi[c] + cmp[c] + 4ppcys[c]	ctp[c] + cys-L[c] + d4ppp[c]  <=> h[c] + ppi[c] + cmp[c] + 4ppcys[c]	可逆|4ppcys[c]:1;cmp[c]:1;ctp[c]:-1;cys-L[c]:-1;d4ppp[c]:-1;h[c]:1;ppi[c]:1	可逆|4ppcys[c]:1;cmp[c]:1;ctp[c]:-1;cys-L[c]:-1;d4ppp[c]:-1;h[c]:1;ppi[c]:1	-1000..1000	-1000..1000	AFE_0357	AFE_0357	A481:P481	A482:O482	共同基础
PPND	共同且无语义差异	无语义差异	nad[c] + pphn[c]  -> co2[c] + nadh[c] + 34hpp[c]	nad[c] + pphn[c]  -> co2[c] + nadh[c] + 34hpp[c]	正向|34hpp[c]:1;co2[c]:1;nad[c]:-1;nadh[c]:1;pphn[c]:-1	正向|34hpp[c]:1;co2[c]:1;nad[c]:-1;nadh[c]:1;pphn[c]:-1	0..1000	0..1000	AFE_0900	AFE_0900	A482:P482	A483:O483	共同基础
PPNDH	共同且无语义差异	无语义差异	h[c] + pphn[c]  -> h2o[c] + co2[c] + phpyr[c]	h[c] + pphn[c]  -> h2o[c] + co2[c] + phpyr[c]	正向|co2[c]:1;h2o[c]:1;h[c]:-1;phpyr[c]:1;pphn[c]:-1	正向|co2[c]:1;h2o[c]:1;h[c]:-1;phpyr[c]:1;pphn[c]:-1	0..1000	0..1000	AFE_0897	AFE_0897	A483:P483	A484:O484	共同基础
PPPGO	共同且无语义差异	无语义差异	3 o2[c] + pppg9[c]  -> 3 h2o2[c] + ppp9[c]	3 o2[c] + pppg9[c]  -> 3 h2o2[c] + ppp9[c]	正向|h2o2[c]:3;o2[c]:-3;ppp9[c]:1;pppg9[c]:-1	正向|h2o2[c]:3;o2[c]:-3;ppp9[c]:1;pppg9[c]:-1	0..1000	0..1000	AFE_0570	AFE_0570	A484:P484	A485:O485	共同基础
PPTtex	共同且无语义差异	无语义差异	ppt[p]  <=> ppt[e]	ppt[p]  <=> ppt[e]	可逆|ppt[e]:1;ppt[p]:-1	可逆|ppt[e]:1;ppt[p]:-1	-1000..1000	-1000..1000			A485:P485	A486:O486	共同基础
PPTtpp	共同且无语义差异	无语义差异	h2o[c] + atp[c] + ppt[p]  -> h[c] + pi[c] + adp[c] + ppt[c]	h2o[c] + atp[c] + ppt[p]  -> h[c] + pi[c] + adp[c] + ppt[c]	正向|adp[c]:1;atp[c]:-1;h2o[c]:-1;h[c]:1;pi[c]:1;ppt[c]:1;ppt[p]:-1	正向|adp[c]:1;atp[c]:-1;h2o[c]:-1;h[c]:1;pi[c]:1;ppt[c]:1;ppt[p]:-1	0..0	0..0	(AFE_2278 and AFE_2279 and AFE_2280 and AFE_2281 and AFE_2282 and AFE_2283 and AFE_2284 and AFE_2285 and AFE_2286)	(AFE_2278 and AFE_2279 and AFE_2280 and AFE_2281 and AFE_2282 and AFE_2283 and AFE_2284 and AFE_2285 and AFE_2286)	A486:P486	A487:O487	共同基础
PRAGS	共同且无语义差异	无语义差异	atp[c] + gly[c] + pram[c]  <=> h[c] + pi[c] + adp[c] + gar[c]	atp[c] + gly[c] + pram[c]  <=> h[c] + pi[c] + adp[c] + gar[c]	可逆|adp[c]:1;atp[c]:-1;gar[c]:1;gly[c]:-1;h[c]:1;pi[c]:1;pram[c]:-1	可逆|adp[c]:1;atp[c]:-1;gar[c]:1;gly[c]:-1;h[c]:1;pi[c]:1;pram[c]:-1	-1000..1000	-1000..1000	AFE_2261	AFE_2261	A487:P487	A488:O488	共同基础
PRAI	共同且无语义差异	无语义差异	pran[c]  <=> 2cpr5p[c]	pran[c]  <=> 2cpr5p[c]	可逆|2cpr5p[c]:1;pran[c]:-1	可逆|2cpr5p[c]:1;pran[c]:-1	-1000..1000	-1000..1000	AFE_2070	AFE_2070	A488:P488	A489:O489	共同基础
PRAIS	共同且无语义差异	无语义差异	atp[c] + fpram[c]  -> 2 h[c] + pi[c] + adp[c] + air[c]	atp[c] + fpram[c]  -> 2 h[c] + pi[c] + adp[c] + air[c]	正向|adp[c]:1;air[c]:1;atp[c]:-1;fpram[c]:-1;h[c]:2;pi[c]:1	正向|adp[c]:1;air[c]:1;atp[c]:-1;fpram[c]:-1;h[c]:2;pi[c]:1	0..1000	0..1000	AFE_1897	AFE_1897	A489:P489	A490:O490	共同基础
PRAMPC	共同且无语义差异	无语义差异	h2o[c] + prbamp[c]  -> prfp[c]	h2o[c] + prbamp[c]  -> prfp[c]	正向|h2o[c]:-1;prbamp[c]:-1;prfp[c]:1	正向|h2o[c]:-1;prbamp[c]:-1;prfp[c]:1	0..1000	0..1000	AFE_3047	AFE_3047	A490:P490	A491:O491	共同基础
PRASCS	共同且无语义差异	无语义差异	atp[c] + asp-L[c] + 5aizc[c]  <=> h[c] + pi[c] + adp[c] + 25aics[c]	atp[c] + asp-L[c] + 5aizc[c]  <=> h[c] + pi[c] + adp[c] + 25aics[c]	可逆|25aics[c]:1;5aizc[c]:-1;adp[c]:1;asp-L[c]:-1;atp[c]:-1;h[c]:1;pi[c]:1	可逆|25aics[c]:1;5aizc[c]:-1;adp[c]:1;asp-L[c]:-1;atp[c]:-1;h[c]:1;pi[c]:1	-1000..1000	-1000..1000	AFE_2355	AFE_2355	A491:P491	A492:O492	共同基础
PRATPP	共同且无语义差异	无语义差异	h2o[c] + prbatp[c]  -> h[c] + ppi[c] + prbamp[c]	h2o[c] + prbatp[c]  -> h[c] + ppi[c] + prbamp[c]	正向|h2o[c]:-1;h[c]:1;ppi[c]:1;prbamp[c]:1;prbatp[c]:-1	正向|h2o[c]:-1;h[c]:1;ppi[c]:1;prbamp[c]:1;prbatp[c]:-1	0..1000	0..1000	AFE_3047	AFE_3047	A492:P492	A493:O493	共同基础
PRFGS	共同且无语义差异	无语义差异	h2o[c] + atp[c] + gln-L[c] + fgam[c]  -> h[c] + glu-L[c] + pi[c] + adp[c] + fpram[c]	h2o[c] + atp[c] + gln-L[c] + fgam[c]  -> h[c] + glu-L[c] + pi[c] + adp[c] + fpram[c]	正向|adp[c]:1;atp[c]:-1;fgam[c]:-1;fpram[c]:1;gln-L[c]:-1;glu-L[c]:1;h2o[c]:-1;h[c]:1;pi[c]:1	正向|adp[c]:1;atp[c]:-1;fgam[c]:-1;fpram[c]:1;gln-L[c]:-1;glu-L[c]:1;h2o[c]:-1;h[c]:1;pi[c]:1	0..1000	0..1000	AFE_2354	AFE_2354	A493:P493	A494:O494	共同基础
PRMICI	共同且无语义差异	无语义差异	prfp[c]  -> prlp[c]	prfp[c]  -> prlp[c]	正向|prfp[c]:-1;prlp[c]:1	正向|prfp[c]:-1;prlp[c]:1	0..1000	0..1000	AFE_3045	AFE_3045	A494:P494	A495:O495	共同基础
PRPPS	共同且无语义差异	无语义差异	atp[c] + r5p[c]  -> h[c] + amp[c] + prpp[c]	atp[c] + r5p[c]  -> h[c] + amp[c] + prpp[c]	正向|amp[c]:1;atp[c]:-1;h[c]:1;prpp[c]:1;r5p[c]:-1	正向|amp[c]:1;atp[c]:-1;h[c]:1;prpp[c]:1;r5p[c]:-1	0..1000	0..1000	AFE_2766	AFE_2766	A495:P495	A496:O496	共同基础
PRUK	共同且无语义差异	无语义差异	atp[c] + ru5p-D[c]  -> h[c] + adp[c] + rb15bp[c]	atp[c] + ru5p-D[c]  -> h[c] + adp[c] + rb15bp[c]	正向|adp[c]:1;atp[c]:-1;h[c]:1;rb15bp[c]:1;ru5p-D[c]:-1	正向|adp[c]:1;atp[c]:-1;h[c]:1;rb15bp[c]:1;ru5p-D[c]:-1	0..1000	0..1000	AFE_0536	AFE_0536	A496:P496	A497:O497	共同基础
PSCVT	共同且无语义差异	无语义差异	pep[c] + skm5p[c]  <=> pi[c] + 3psme[c]	pep[c] + skm5p[c]  <=> pi[c] + 3psme[c]	可逆|3psme[c]:1;pep[c]:-1;pi[c]:1;skm5p[c]:-1	可逆|3psme[c]:1;pep[c]:-1;pi[c]:1;skm5p[c]:-1	-1000..1000	-1000..1000	AFE_0901	AFE_0901	A497:P497	A498:O498	共同基础
PSD120	共同且无语义差异	无语义差异	h[c] + ps120[c]  <=> co2[c] + pe_AFE[c]	h[c] + ps120[c]  <=> co2[c] + pe_AFE[c]	可逆|co2[c]:1;h[c]:-1;pe_AFE[c]:1;ps120[c]:-1	可逆|co2[c]:1;h[c]:-1;pe_AFE[c]:1;ps120[c]:-1	-1000..1000	-1000..1000	AFE_2292	AFE_2292	A498:P498	A499:O499	共同基础
PSERT	共同且无语义差异	无语义差异	akg[c] + pser-L[c]  <=> glu-L[c] + 3php[c]	akg[c] + pser-L[c]  <=> glu-L[c] + 3php[c]	可逆|3php[c]:1;akg[c]:-1;glu-L[c]:1;pser-L[c]:-1	可逆|3php[c]:1;akg[c]:-1;glu-L[c]:1;pser-L[c]:-1	-1000..1000	-1000..1000	AFE_0895	AFE_0895	A499:P499	A500:O500	共同基础
PSP_L	共同且无语义差异	无语义差异	h2o[c] + pser-L[c]  -> pi[c] + ser-L[c]	h2o[c] + pser-L[c]  -> pi[c] + ser-L[c]	正向|h2o[c]:-1;pi[c]:1;pser-L[c]:-1;ser-L[c]:1	正向|h2o[c]:-1;pi[c]:1;pser-L[c]:-1;ser-L[c]:1	0..1000	0..1000	AFE_0368	AFE_0368	A500:P500	A501:O501	共同基础
PSSA120	共同且无语义差异	无语义差异	ser-L[c] + cdpdag_AFE[c]  <=> h[c] + cmp[c] + ps120[c]	ser-L[c] + cdpdag_AFE[c]  <=> h[c] + cmp[c] + ps120[c]	可逆|cdpdag_AFE[c]:-1;cmp[c]:1;h[c]:1;ps120[c]:1;ser-L[c]:-1	可逆|cdpdag_AFE[c]:-1;cmp[c]:1;h[c]:1;ps120[c]:1;ser-L[c]:-1	-1000..1000	-1000..1000	AFE_2291	AFE_2291	A501:P501	A502:O502	共同基础
PTPAT	共同且无语义差异	无语义差异	h[c] + atp[c] + 4ppan[c]  <=> ppi[c] + dpcoa[c]	h[c] + atp[c] + 4ppan[c]  <=> ppi[c] + dpcoa[c]	可逆|4ppan[c]:-1;atp[c]:-1;dpcoa[c]:1;h[c]:-1;ppi[c]:1	可逆|4ppan[c]:-1;atp[c]:-1;dpcoa[c]:1;h[c]:-1;ppi[c]:1	-1000..1000	-1000..1000	AFE_2755	AFE_2755	A502:P502	A503:O503	共同基础
PUNP1	共同且无语义差异	无语义差异	pi[c] + adn[c]  <=> ade[c] + r1p[c]	pi[c] + adn[c]  <=> ade[c] + r1p[c]	可逆|ade[c]:1;adn[c]:-1;pi[c]:-1;r1p[c]:1	可逆|ade[c]:1;adn[c]:-1;pi[c]:-1;r1p[c]:1	-1000..1000	-1000..1000			A503:P503	A504:O504	共同基础
PUNP2	共同且无语义差异	无语义差异	pi[c] + ins[c]  <=> r1p[c] + hxan[c]	pi[c] + ins[c]  <=> r1p[c] + hxan[c]	可逆|hxan[c]:1;ins[c]:-1;pi[c]:-1;r1p[c]:1	可逆|hxan[c]:1;ins[c]:-1;pi[c]:-1;r1p[c]:1	-1000..1000	-1000..1000			A504:P504	A505:O505	共同基础
PUNP3	共同且无语义差异	无语义差异	pi[c] + gsn[c]  <=> r1p[c] + gua[c]	pi[c] + gsn[c]  <=> r1p[c] + gua[c]	可逆|gsn[c]:-1;gua[c]:1;pi[c]:-1;r1p[c]:1	可逆|gsn[c]:-1;gua[c]:1;pi[c]:-1;r1p[c]:1	-1000..1000	-1000..1000			A505:P505	A506:O506	共同基础
PUNP4	共同且无语义差异	无语义差异	pi[c] + xtsn[c]  <=> r1p[c] + xan[c]	pi[c] + xtsn[c]  <=> r1p[c] + xan[c]	可逆|pi[c]:-1;r1p[c]:1;xan[c]:1;xtsn[c]:-1	可逆|pi[c]:-1;r1p[c]:1;xan[c]:1;xtsn[c]:-1	-1000..1000	-1000..1000			A506:P506	A507:O507	共同基础
PYAM5PO	共同且无语义差异	无语义差异	h2o[c] + o2[c] + pyam5p[c]  <=> pydx5p[c] + nh4[c] + h2o2[c]	h2o[c] + o2[c] + pyam5p[c]  <=> pydx5p[c] + nh4[c] + h2o2[c]	可逆|h2o2[c]:1;h2o[c]:-1;nh4[c]:1;o2[c]:-1;pyam5p[c]:-1;pydx5p[c]:1	可逆|h2o2[c]:1;h2o[c]:-1;nh4[c]:1;o2[c]:-1;pyam5p[c]:-1;pydx5p[c]:1	-1000..1000	-1000..1000	AFE_0628	AFE_0628	A507:P507	A508:O508	共同基础
PYDAMK	共同且无语义差异	无语义差异	atp[c] + pydam[c]  <=> h[c] + adp[c] + pyam5p[c]	atp[c] + pydam[c]  <=> h[c] + adp[c] + pyam5p[c]	可逆|adp[c]:1;atp[c]:-1;h[c]:1;pyam5p[c]:1;pydam[c]:-1	可逆|adp[c]:1;atp[c]:-1;h[c]:1;pyam5p[c]:1;pydam[c]:-1	-1000..1000	-1000..1000			A508:P508	A509:O509	共同基础
PYDXK1	共同且无语义差异	无语义差异	atp[c] + pydx[c]  <=> h[c] + adp[c] + pydx5p[c]	atp[c] + pydx[c]  <=> h[c] + adp[c] + pydx5p[c]	可逆|adp[c]:1;atp[c]:-1;h[c]:1;pydx5p[c]:1;pydx[c]:-1	可逆|adp[c]:1;atp[c]:-1;h[c]:1;pydx5p[c]:1;pydx[c]:-1	-1000..1000	-1000..1000			A509:P509	A510:O510	共同基础
PYDXK2	共同且无语义差异	无语义差异	atp[c] + pydxn[c]  <=> h[c] + adp[c] + pdx5p[c]	atp[c] + pydxn[c]  <=> h[c] + adp[c] + pdx5p[c]	可逆|adp[c]:1;atp[c]:-1;h[c]:1;pdx5p[c]:1;pydxn[c]:-1	可逆|adp[c]:1;atp[c]:-1;h[c]:1;pdx5p[c]:1;pydxn[c]:-1	-1000..1000	-1000..1000			A510:P510	A511:O511	共同基础
PYK	共同且无语义差异	无语义差异	h[c] + adp[c] + pep[c]  -> atp[c] + pyr[c]	h[c] + adp[c] + pep[c]  -> atp[c] + pyr[c]	正向|adp[c]:-1;atp[c]:1;h[c]:-1;pep[c]:-1;pyr[c]:1	正向|adp[c]:-1;atp[c]:1;h[c]:-1;pep[c]:-1;pyr[c]:1	0..1000	0..1000	(AFE_0749 or AFE_1801 or AFE_3249)	(AFE_0749 or AFE_1801 or AFE_3249)	A511:P511	A512:O512	共同基础
PYRDB	共同且无语义差异	无语义差异	h[c] + amopbut-L[c]  <=> co2[c] + amoxoylph[c]	h[c] + amopbut-L[c]  <=> co2[c] + amoxoylph[c]	可逆|amopbut-L[c]:-1;amoxoylph[c]:1;co2[c]:1;h[c]:-1	可逆|amopbut-L[c]:-1;amoxoylph[c]:1;co2[c]:1;h[c]:-1	-1000..1000	-1000..1000			A512:P512	A513:O513	共同基础
Pitex	共同且无语义差异	无语义差异	pi[p]  <=> pi[e]	pi[p]  <=> pi[e]	可逆|pi[e]:1;pi[p]:-1	可逆|pi[e]:1;pi[p]:-1	-1000..1000	-1000..1000			A513:P513	A470:O470	共同基础
Pitpp	共同且无语义差异	无语义差异	h2o[c] + atp[c] + pi[p]  -> h[c] + 2 pi[c] + adp[c]	h2o[c] + atp[c] + pi[p]  -> h[c] + 2 pi[c] + adp[c]	正向|adp[c]:1;atp[c]:-1;h2o[c]:-1;h[c]:1;pi[c]:2;pi[p]:-1	正向|adp[c]:1;atp[c]:-1;h2o[c]:-1;h[c]:1;pi[c]:2;pi[p]:-1	0..1000	0..1000	((AFE_1939 and AFE_1940 and AFE_1941) or (AFE_1434 and AFE_1435 and AFE_1436 and AFE_1437 and AFE_1438 and AFE_1439 and AFE_1440 and AFE_1441))	((AFE_1939 and AFE_1940 and AFE_1941) or (AFE_1434 and AFE_1435 and AFE_1436 and AFE_1437 and AFE_1438 and AFE_1439 and AFE_1440 and AFE_1441))	A514:P514	A471:O471	共同基础
QULNS	共同且无语义差异	无语义差异	dhap[c] + iasp[c]  <=> pi[c] + 2 h2o[c] + quln[c]	dhap[c] + iasp[c]  <=> pi[c] + 2 h2o[c] + quln[c]	可逆|dhap[c]:-1;h2o[c]:2;iasp[c]:-1;pi[c]:1;quln[c]:1	可逆|dhap[c]:-1;h2o[c]:2;iasp[c]:-1;pi[c]:1;quln[c]:1	-1000..1000	-1000..1000	AFE_0057	AFE_0057	A515:P515	A514:O514	共同基础
RBFK1	共同且无语义差异	无语义差异	atp[c] + ribflv[c]  -> h[c] + adp[c] + fmn[c]	atp[c] + ribflv[c]  -> h[c] + adp[c] + fmn[c]	正向|adp[c]:1;atp[c]:-1;fmn[c]:1;h[c]:1;ribflv[c]:-1	正向|adp[c]:1;atp[c]:-1;fmn[c]:1;h[c]:1;ribflv[c]:-1	0..1000	0..1000	AFE_0557	AFE_0557	A516:P516	A515:O515	共同基础
RBFS	共同且无语义差异	无语义差异	2 dmlz[c]  -> ribflv[c] + 4r5au[c]	2 dmlz[c]  -> ribflv[c] + 4r5au[c]	正向|4r5au[c]:1;dmlz[c]:-2;ribflv[c]:1	正向|4r5au[c]:1;dmlz[c]:-2;ribflv[c]:1	0..1000	0..1000	AFE_0298	AFE_0298	A517:P517	A516:O516	共同基础
RBFS2	共同且无语义差异	无语义差异	4r5au[c] + db4p[c]  <=> pi[c] + 2 h2o[c] + dmlz[c]	4r5au[c] + db4p[c]  <=> pi[c] + 2 h2o[c] + dmlz[c]	可逆|4r5au[c]:-1;db4p[c]:-1;dmlz[c]:1;h2o[c]:2;pi[c]:1	可逆|4r5au[c]:-1;db4p[c]:-1;dmlz[c]:1;h2o[c]:2;pi[c]:1	-1000..1000	-1000..1000	AFE_0300	AFE_0300	A518:P518	A517:O517	共同基础
RHCCE	共同且无语义差异	无语义差异	rhcys[c]  -> hcys-L[c] + dhptd[c]	rhcys[c]  -> hcys-L[c] + dhptd[c]	正向|dhptd[c]:1;hcys-L[c]:1;rhcys[c]:-1	正向|dhptd[c]:1;hcys-L[c]:1;rhcys[c]:-1	0..1000	0..1000			A519:P519	A518:O518	共同基础
RIBPH	共同且无语义差异	无语义差异	h2o[c] + 5a65pilamura[c]  <=> pi[c] + 4r5au[c]	h2o[c] + 5a65pilamura[c]  <=> pi[c] + 4r5au[c]	可逆|4r5au[c]:1;5a65pilamura[c]:-1;h2o[c]:-1;pi[c]:1	可逆|4r5au[c]:1;5a65pilamura[c]:-1;h2o[c]:-1;pi[c]:1	-1000..1000	-1000..1000			A520:P520	A519:O519	共同基础
RNDR1	共同且无语义差异	无语义差异	adp[c] + trdrd[c]  -> h2o[c] + trdox[c] + dadp[c]	adp[c] + trdrd[c]  -> h2o[c] + trdox[c] + dadp[c]	正向|adp[c]:-1;dadp[c]:1;h2o[c]:1;trdox[c]:1;trdrd[c]:-1	正向|adp[c]:-1;dadp[c]:1;h2o[c]:1;trdox[c]:1;trdrd[c]:-1	0..1000	0..1000	(AFE_2639 and AFE_2638)	(AFE_2639 and AFE_2638)	A521:P521	A520:O520	共同基础
RNDR2	共同且无语义差异	无语义差异	gdp[c] + trdrd[c]  -> h2o[c] + trdox[c] + dgdp[c]	gdp[c] + trdrd[c]  -> h2o[c] + trdox[c] + dgdp[c]	正向|dgdp[c]:1;gdp[c]:-1;h2o[c]:1;trdox[c]:1;trdrd[c]:-1	正向|dgdp[c]:1;gdp[c]:-1;h2o[c]:1;trdox[c]:1;trdrd[c]:-1	0..1000	0..1000	(AFE_2639 and AFE_2638)	(AFE_2639 and AFE_2638)	A522:P522	A521:O521	共同基础
RNDR3	共同且无语义差异	无语义差异	cdp[c] + trdrd[c]  -> h2o[c] + dcdp[c] + trdox[c]	cdp[c] + trdrd[c]  -> h2o[c] + dcdp[c] + trdox[c]	正向|cdp[c]:-1;dcdp[c]:1;h2o[c]:1;trdox[c]:1;trdrd[c]:-1	正向|cdp[c]:-1;dcdp[c]:1;h2o[c]:1;trdox[c]:1;trdrd[c]:-1	0..1000	0..1000	(AFE_2639 and AFE_2638)	(AFE_2639 and AFE_2638)	A523:P523	A522:O522	共同基础
RNDR4	共同且无语义差异	无语义差异	h[c] + udp[c] + trdrd[c]  -> h2o[c] + trdox[c] + dudp[c]	h[c] + udp[c] + trdrd[c]  -> h2o[c] + trdox[c] + dudp[c]	正向|dudp[c]:1;h2o[c]:1;h[c]:-1;trdox[c]:1;trdrd[c]:-1;udp[c]:-1	正向|dudp[c]:1;h2o[c]:1;h[c]:-1;trdox[c]:1;trdrd[c]:-1;udp[c]:-1	0..1000	0..1000	(AFE_2639 and AFE_2638)	(AFE_2639 and AFE_2638)	A524:P524	A523:O523	共同基础
RPE	共同且无语义差异	无语义差异	ru5p-D[c]  <=> xu5p-D[c]	ru5p-D[c]  <=> xu5p-D[c]	可逆|ru5p-D[c]:-1;xu5p-D[c]:1	可逆|ru5p-D[c]:-1;xu5p-D[c]:1	-1000..1000	-1000..1000	AFE_3247	AFE_3247	A525:P525	A524:O524	共同基础
RPI	共同且无语义差异	无语义差异	r5p[c]  -> ru5p-D[c]	r5p[c]  -> ru5p-D[c]	正向|r5p[c]:-1;ru5p-D[c]:1	正向|r5p[c]:-1;ru5p-D[c]:1	0..1000	0..1000	AFE_0629	AFE_0629	A526:P526	A525:O525	共同基础
RUBISCO	共同且无语义差异	无语义差异	h2o[c] + co2[c] + rb15bp[c]  <=> 2 h[c] + 2 3pg[c]	h2o[c] + co2[c] + rb15bp[c]  <=> 2 h[c] + 2 3pg[c]	可逆|3pg[c]:2;co2[c]:-1;h2o[c]:-1;h[c]:2;rb15bp[c]:-1	可逆|3pg[c]:2;co2[c]:-1;h2o[c]:-1;h[c]:2;rb15bp[c]:-1	-1000..1000	-1000..1000	(AFE_2155 or AFE_0434 or (AFE_3051 and AFE_3052) or (AFE_1690 and AFE_1691))	(AFE_2155 or AFE_0434 or (AFE_3051 and AFE_3052) or (AFE_1690 and AFE_1691))	A527:P527	A526:O526	共同基础
RUBISCOX	共同且无语义差异	无语义差异	rb15bp[c] + o2[c]  -> 2 h[c] + 3pg[c] + 2pglyc[c]	rb15bp[c] + o2[c]  -> 2 h[c] + 3pg[c] + 2pglyc[c]	正向|2pglyc[c]:1;3pg[c]:1;h[c]:2;o2[c]:-1;rb15bp[c]:-1	正向|2pglyc[c]:1;3pg[c]:1;h[c]:2;o2[c]:-1;rb15bp[c]:-1	0..1000	0..1000			A528:P528	A527:O527	共同基础
S7PI	共同且无语义差异	无语义差异	s7p[c]  <=> gmhep7p[c]	s7p[c]  <=> gmhep7p[c]	可逆|gmhep7p[c]:1;s7p[c]:-1	可逆|gmhep7p[c]:1;s7p[c]:-1	-1000..1000	-1000..1000	(AFE_0714 or AFE_0141)	(AFE_0714 or AFE_0141)	A529:P529	A528:O528	共同基础
SADT	共同且无语义差异	无语义差异	h[c] + atp[c] + so4[c]  -> ppi[c] + aps[c]	h[c] + atp[c] + so4[c]  -> ppi[c] + aps[c]	正向|aps[c]:1;atp[c]:-1;h[c]:-1;ppi[c]:1;so4[c]:-1	正向|aps[c]:1;atp[c]:-1;h[c]:-1;ppi[c]:1;so4[c]:-1	0..1000	0..1000	((AFE_2970 and AFE_2971) or (AFE_3124 and AFE_3125))	((AFE_2970 and AFE_2971) or (AFE_3124 and AFE_3125))	A530:P530	A529:O529	共同基础
SBPASE	共同且有语义差异	化学计量/方向;上下界	h2o[c] + s17bp[c]  <=> pi[c] + s7p[c]	h2o[c] + s17bp[c]  -> pi[c] + s7p[c]	可逆|h2o[c]:-1;pi[c]:1;s17bp[c]:-1;s7p[c]:1	正向|h2o[c]:-1;pi[c]:1;s17bp[c]:-1;s7p[c]:1	-1000..1000	0..1000	AFE_3253	AFE_3253	A531:P531	A530:O530	宿主本底更新候选：需保留2016证据并经后续人工审计
SCCR	共同且无语义差异	无语义差异	h2o[p] + so3[p] + etpcycAox[p]  -> 2 h[p] + so4[p] + etpcycArd[p]	h2o[p] + so3[p] + etpcycAox[p]  -> 2 h[p] + so4[p] + etpcycArd[p]	正向|etpcycAox[p]:-1;etpcycArd[p]:1;h2o[p]:-1;h[p]:2;so3[p]:-1;so4[p]:1	正向|etpcycAox[p]:-1;etpcycArd[p]:1;h2o[p]:-1;h[p]:2;so3[p]:-1;so4[p]:1	0..0	0..0			A532:P532	A531:O531	共同基础
SDPDS	共同且无语义差异	无语义差异	h2o[c] + sl26da[c]  <=> 26dap-LL[c] + succ[c]	h2o[c] + sl26da[c]  <=> 26dap-LL[c] + succ[c]	可逆|26dap-LL[c]:1;h2o[c]:-1;sl26da[c]:-1;succ[c]:1	可逆|26dap-LL[c]:1;h2o[c]:-1;sl26da[c]:-1;succ[c]:1	-1000..1000	-1000..1000	AFE_1819	AFE_1819	A533:P533	A532:O532	共同基础
SDPTA	共同且无语义差异	无语义差异	akg[c] + sl26da[c]  <=> glu-L[c] + sl2a6o[c]	akg[c] + sl26da[c]  <=> glu-L[c] + sl2a6o[c]	可逆|akg[c]:-1;glu-L[c]:1;sl26da[c]:-1;sl2a6o[c]:1	可逆|akg[c]:-1;glu-L[c]:1;sl26da[c]:-1;sl2a6o[c]:1	-1000..1000	-1000..1000	AFE_1821	AFE_1821	A534:P534	A533:O533	共同基础
SERAT	共同且无语义差异	无语义差异	accoa[c] + ser-L[c]  <=> coa[c] + acser[c]	accoa[c] + ser-L[c]  <=> coa[c] + acser[c]	可逆|accoa[c]:-1;acser[c]:1;coa[c]:1;ser-L[c]:-1	可逆|accoa[c]:-1;acser[c]:1;coa[c]:1;ser-L[c]:-1	-1000..1000	-1000..1000	(AFE_1505 and AFE_0671)	(AFE_1505 and AFE_0671)	A535:P535	A534:O534	共同基础
SFAT1	共同且无语义差异	无语义差异	ppi[c] + aps[c]  -> h[c] + atp[c] + so4[c]	ppi[c] + aps[c]  -> h[c] + atp[c] + so4[c]	正向|aps[c]:-1;atp[c]:1;h[c]:1;ppi[c]:-1;so4[c]:1	正向|aps[c]:-1;atp[c]:1;h[c]:1;ppi[c]:-1;so4[c]:1	0..1000	0..1000	AFE_0539	AFE_0539	A536:P536	A535:O535	共同基础
SFAT2	共同且无语义差异	无语义差异	pi[c] + aps[c]  -> h[c] + adp[c] + so4[c]	pi[c] + aps[c]  -> h[c] + adp[c] + so4[c]	正向|adp[c]:1;aps[c]:-1;h[c]:1;pi[c]:-1;so4[c]:1	正向|adp[c]:1;aps[c]:-1;h[c]:1;pi[c]:-1;so4[c]:1	0..1000	0..1000	AFE_0539	AFE_0539	A537:P537	A536:O536	共同基础
SHBI	共同且无语义差异	无语义差异	fe2[c] + scl[c]  <=> 3 h[c] + sheme[c]	fe2[c] + scl[c]  <=> 3 h[c] + sheme[c]	可逆|fe2[c]:-1;h[c]:3;scl[c]:-1;sheme[c]:1	可逆|fe2[c]:-1;h[c]:3;scl[c]:-1;sheme[c]:1	-1000..1000	-1000..1000			A538:P538	A537:O537	共同基础
SHCHD2	共同且无语义差异	无语义差异	nad[c] + dscl[c]  <=> h[c] + nadh[c] + scl[c]	nad[c] + dscl[c]  <=> h[c] + nadh[c] + scl[c]	可逆|dscl[c]:-1;h[c]:1;nad[c]:-1;nadh[c]:1;scl[c]:1	可逆|dscl[c]:-1;h[c]:1;nad[c]:-1;nadh[c]:1;scl[c]:1	-1000..1000	-1000..1000			A539:P539	A538:O538	共同基础
SHK3D	共同且无语义差异	无语义差异	nadp[c] + skm[c]  <=> h[c] + nadph[c] + 3dhsk[c]	nadp[c] + skm[c]  <=> h[c] + nadph[c] + 3dhsk[c]	可逆|3dhsk[c]:1;h[c]:1;nadp[c]:-1;nadph[c]:1;skm[c]:-1	可逆|3dhsk[c]:1;h[c]:1;nadp[c]:-1;nadph[c]:1;skm[c]:-1	-1000..1000	-1000..1000	AFE_0182	AFE_0182	A540:P540	A539:O539	共同基础
SHKK	共同且无语义差异	无语义差异	atp[c] + skm[c]  -> h[c] + adp[c] + skm5p[c]	atp[c] + skm[c]  -> h[c] + adp[c] + skm5p[c]	正向|adp[c]:1;atp[c]:-1;h[c]:1;skm5p[c]:1;skm[c]:-1	正向|adp[c]:1;atp[c]:-1;h[c]:1;skm5p[c]:1;skm[c]:-1	0..1000	0..1000	AFE_0734	AFE_0734	A541:P541	A540:O540	共同基础
SO41tpp	共同且无语义差异	无语义差异	so4[p] + h2o[c] + atp[c]  -> h[c] + pi[c] + adp[c] + so4[c]	so4[p] + h2o[c] + atp[c]  -> h[c] + pi[c] + adp[c] + so4[c]	正向|adp[c]:1;atp[c]:-1;h2o[c]:-1;h[c]:1;pi[c]:1;so4[c]:1;so4[p]:-1	正向|adp[c]:1;atp[c]:-1;h2o[c]:-1;h[c]:1;pi[c]:1;so4[c]:1;so4[p]:-1	0..0	0..0			A542:P542	A541:O541	共同基础
SO42tpp	共同且无语义差异	无语义差异	so4[p]  -> so4[c]	so4[p]  -> so4[c]	正向|so4[c]:1;so4[p]:-1	正向|so4[c]:1;so4[p]:-1	0..0	0..0	AFE_0286	AFE_0286	A543:P543	A542:O542	共同基础
SO4AA1tpp	共同且无语义差异	无语义差异	h2o[c] + atp[c] + so4aa[p]  -> h[c] + pi[c] + adp[c] + so4[c]	h2o[c] + atp[c] + so4aa[p]  -> h[c] + pi[c] + adp[c] + so4[c]	正向|adp[c]:1;atp[c]:-1;h2o[c]:-1;h[c]:1;pi[c]:1;so4[c]:1;so4aa[p]:-1	正向|adp[c]:1;atp[c]:-1;h2o[c]:-1;h[c]:1;pi[c]:1;so4[c]:1;so4aa[p]:-1	0..1000	0..1000			A544:P544	A543:O543	共同基础
SO4AA2tpp	共同且无语义差异	无语义差异	so4aa[p]  <=> so4aa[e]	so4aa[p]  <=> so4aa[e]	可逆|so4aa[e]:1;so4aa[p]:-1	可逆|so4aa[e]:1;so4aa[p]:-1	-1000..1000	-1000..1000			A545:P545	A544:O544	共同基础
SO4tex	共同且无语义差异	无语义差异	so4[p]  <=> so4[e]	so4[p]  <=> so4[e]	可逆|so4[e]:1;so4[p]:-1	可逆|so4[e]:1;so4[p]:-1	-1000..1000	-1000..1000			A546:P546	A545:O545	共同基础
SPMS	共同且无语义差异	无语义差异	ametam[c] + ptrc[c]  <=> h[c] + spmd[c] + 5mta[c]	ametam[c] + ptrc[c]  <=> h[c] + spmd[c] + 5mta[c]	可逆|5mta[c]:1;ametam[c]:-1;h[c]:1;ptrc[c]:-1;spmd[c]:1	可逆|5mta[c]:1;ametam[c]:-1;h[c]:1;ptrc[c]:-1;spmd[c]:1	-1000..1000	-1000..1000	(AFE_0157 and AFE_0156 and AFE_2160)	(AFE_0157 and AFE_0156 and AFE_2160)	A547:P547	A546:O546	共同基础
SQRED1	共同且无语义差异	无语义差异	q8[c] + h2s[p]  <=> s[p] + q8h2[c]	q8[c] + h2s[p]  <=> s[p] + q8h2[c]	可逆|h2s[p]:-1;q8[c]:-1;q8h2[c]:1;s[p]:1	可逆|h2s[p]:-1;q8[c]:-1;q8h2[c]:1;s[p]:1	0..0	0..0	(AFE_1792 or (AFE_2177 and AFE_2178 and AFE_2179 and AFE_2181))	(AFE_1792 or (AFE_2177 and AFE_2178 and AFE_2179 and AFE_2181))	A548:P548	A547:O547	共同基础
SUCD	共同且无语义差异	无语义差异	h[c] + nadh[c] + fum[c]  <=> nad[c] + succ[c]	h[c] + nadh[c] + fum[c]  <=> nad[c] + succ[c]	可逆|fum[c]:-1;h[c]:-1;nad[c]:1;nadh[c]:-1;succ[c]:1	可逆|fum[c]:-1;h[c]:-1;nad[c]:1;nadh[c]:-1;succ[c]:1	-1000..1000	-1000..1000	AFE_2550	AFE_2550	A549:P549	A549:O549	共同基础
SUCOAS	共同且无语义差异	无语义差异	atp[c] + coa[c] + succ[c]  <=> pi[c] + adp[c] + succoa[c]	atp[c] + coa[c] + succ[c]  <=> pi[c] + adp[c] + succoa[c]	可逆|adp[c]:1;atp[c]:-1;coa[c]:-1;pi[c]:1;succ[c]:-1;succoa[c]:1	可逆|adp[c]:1;atp[c]:-1;coa[c]:-1;pi[c]:1;succ[c]:-1;succoa[c]:1	-1000..1000	-1000..1000	(AFE_0427 and AFE_0425)	(AFE_0427 and AFE_0425)	A550:P550	A550:O550	共同基础
SULDO	共同且无语义差异	无语义差异	s[p] + h2o[p] + o2[p]  <=> 2 h[p] + so3[p]	s[p] + h2o[p] + o2[p]  <=> 2 h[p] + so3[p]	可逆|h2o[p]:-1;h[p]:2;o2[p]:-1;s[p]:-1;so3[p]:1	可逆|h2o[p]:-1;h[p]:2;o2[p]:-1;s[p]:-1;so3[p]:1	-1000..1000	-1000..1000			A551:P551	A551:O551	共同基础
SULR2	共同且无语义差异	无语义差异	3 h2o[c] + 3 nadp[c] + h2s[c]  <=> 5 h[c] + 3 nadph[c] + so3[c]	3 h2o[c] + 3 nadp[c] + h2s[c]  <=> 5 h[c] + 3 nadph[c] + so3[c]	可逆|h2o[c]:-3;h2s[c]:-1;h[c]:5;nadp[c]:-3;nadph[c]:3;so3[c]:1	可逆|h2o[c]:-3;h2s[c]:-1;h[c]:5;nadp[c]:-3;nadph[c]:3;so3[c]:1	-1000..1000	-1000..1000	(AFE_3121 and AFE_3122)	(AFE_3121 and AFE_3122)	A552:P552	A552:O552	共同基础
Stex	共同且无语义差异	无语义差异	s[p]  <=> s[e]	s[p]  <=> s[e]	可逆|s[e]:1;s[p]:-1	可逆|s[e]:1;s[p]:-1	-1000..1000	-1000..1000			A553:P553	A548:O548	共同基础
T2DECAI	共同且无语义差异	无语义差异	tdec2eACP[c]  <=> dec3ACP[c]	tdec2eACP[c]  <=> dec3ACP[c]	可逆|dec3ACP[c]:1;tdec2eACP[c]:-1	可逆|dec3ACP[c]:1;tdec2eACP[c]:-1	-1000..1000	-1000..1000			A554:P554	A553:O553	共同基础
TALA	共同且无语义差异	无语义差异	g3p[c] + s7p[c]  <=> e4p[c] + f6p-B[c]	g3p[c] + s7p[c]  <=> e4p[c] + f6p-B[c]	可逆|e4p[c]:1;f6p-B[c]:1;g3p[c]:-1;s7p[c]:-1	可逆|e4p[c]:1;f6p-B[c]:1;g3p[c]:-1;s7p[c]:-1	-1000..1000	-1000..1000	AFE_0419	AFE_0419	A555:P555	A554:O554	共同基础
TDPDRE1	共同且无语义差异	无语义差异	dtdp4d6dg[c]  <=> dtdp4d6dm[c]	dtdp4d6dg[c]  <=> dtdp4d6dm[c]	可逆|dtdp4d6dg[c]:-1;dtdp4d6dm[c]:1	可逆|dtdp4d6dg[c]:-1;dtdp4d6dm[c]:1	-1000..1000	-1000..1000	AFE_3294	AFE_3294	A556:P556	A555:O555	共同基础
TDPDRE2	共同且无语义差异	无语义差异	h[c] + nadh[c] + dtdp4d6dg[c]  -> nad[c] + dtdprmn[c]	h[c] + nadh[c] + dtdp4d6dg[c]  -> nad[c] + dtdprmn[c]	正向|dtdp4d6dg[c]:-1;dtdprmn[c]:1;h[c]:-1;nad[c]:1;nadh[c]:-1	正向|dtdp4d6dg[c]:-1;dtdprmn[c]:1;h[c]:-1;nad[c]:1;nadh[c]:-1	0..1000	0..1000	AFE_3294	AFE_3294	A557:P557	A556:O556	共同基础
TDPDRR	共同且无语义差异	无语义差异	h[c] + nadph[c] + dtdp4d6dm[c]  -> nadp[c] + dtdprmn[c]	h[c] + nadph[c] + dtdp4d6dm[c]  -> nadp[c] + dtdprmn[c]	正向|dtdp4d6dm[c]:-1;dtdprmn[c]:1;h[c]:-1;nadp[c]:1;nadph[c]:-1	正向|dtdp4d6dm[c]:-1;dtdprmn[c]:1;h[c]:-1;nadp[c]:1;nadph[c]:-1	0..1000	0..1000	AFE_0442	AFE_0442	A558:P558	A557:O557	共同基础
TDPGDH	共同且无语义差异	无语义差异	dtdpglu[c]  <=> h2o[c] + dtdp4d6dg[c]	dtdpglu[c]  <=> h2o[c] + dtdp4d6dg[c]	可逆|dtdp4d6dg[c]:1;dtdpglu[c]:-1;h2o[c]:1	可逆|dtdp4d6dg[c]:1;dtdpglu[c]:-1;h2o[c]:1	-1000..1000	-1000..1000	AFE_0441	AFE_0441	A559:P559	A558:O558	共同基础
TDSK	共同且无语义差异	无语义差异	atp[c] + lipidA_AFE[c]  -> h[c] + adp[c] + lipid4A_AFE[c]	atp[c] + lipidA_AFE[c]  -> h[c] + adp[c] + lipid4A_AFE[c]	正向|adp[c]:1;atp[c]:-1;h[c]:1;lipid4A_AFE[c]:1;lipidA_AFE[c]:-1	正向|adp[c]:1;atp[c]:-1;h[c]:1;lipid4A_AFE[c]:1;lipidA_AFE[c]:-1	0..1000	0..1000	AFE_0489	AFE_0489	A560:P560	A559:O559	共同基础
THDPS	共同且无语义差异	无语义差异	h2o[c] + succoa[c] + thdp[c]  <=> sl2a6o[c] + coa[c]	h2o[c] + succoa[c] + thdp[c]  <=> sl2a6o[c] + coa[c]	可逆|coa[c]:1;h2o[c]:-1;sl2a6o[c]:1;succoa[c]:-1;thdp[c]:-1	可逆|coa[c]:1;h2o[c]:-1;sl2a6o[c]:1;succoa[c]:-1;thdp[c]:-1	-1000..1000	-1000..1000	AFE_1820	AFE_1820	A561:P561	A560:O560	共同基础
THFAT	共同且无语义差异	无语义差异	h2o[c] + methf[c]  <=> h[c] + 5fthf[c]	h2o[c] + methf[c]  <=> h[c] + 5fthf[c]	可逆|5fthf[c]:1;h2o[c]:-1;h[c]:1;methf[c]:-1	可逆|5fthf[c]:1;h2o[c]:-1;h[c]:1;methf[c]:-1	-1000..1000	-1000..1000			A562:P562	A561:O561	共同基础
THMP	共同且无语义差异	无语义差异	h2o[c] + thmmp[c]  <=> pi[c] + thm[c]	h2o[c] + thmmp[c]  <=> pi[c] + thm[c]	可逆|h2o[c]:-1;pi[c]:1;thm[c]:1;thmmp[c]:-1	可逆|h2o[c]:-1;pi[c]:1;thm[c]:1;thmmp[c]:-1	-1000..1000	-1000..1000	AFE_0468	AFE_0468	A563:P563	A562:O562	共同基础
THPDH	共同且无语义差异	无语义差异	nad[c] + phthr[c]  <=> h[c] + nadh[c] + amopbut-L[c]	nad[c] + phthr[c]  <=> h[c] + nadh[c] + amopbut-L[c]	可逆|amopbut-L[c]:1;h[c]:1;nad[c]:-1;nadh[c]:1;phthr[c]:-1	可逆|amopbut-L[c]:1;h[c]:1;nad[c]:-1;nadh[c]:1;phthr[c]:-1	-1000..1000	-1000..1000	AFE_0165	AFE_0165	A564:P564	A563:O563	共同基础
THRD_L	共同且无语义差异	无语义差异	thr-L[c]  -> nh4[c] + 2obut[c]	thr-L[c]  -> nh4[c] + 2obut[c]	正向|2obut[c]:1;nh4[c]:1;thr-L[c]:-1	正向|2obut[c]:1;nh4[c]:1;thr-L[c]:-1	0..1000	0..1000	AFE_0722	AFE_0722	A565:P565	A564:O564	共同基础
THRS	共同且无语义差异	无语义差异	h2o[c] + phom[c]  -> pi[c] + thr-L[c]	h2o[c] + phom[c]  -> pi[c] + thr-L[c]	正向|h2o[c]:-1;phom[c]:-1;pi[c]:1;thr-L[c]:1	正向|h2o[c]:-1;phom[c]:-1;pi[c]:1;thr-L[c]:1	0..1000	0..1000	AFE_0474	AFE_0474	A566:P566	A565:O565	共同基础
TKT1	共同且无语义差异	无语义差异	e4p[c] + xu5p-D[c]  <=> g3p[c] + f6p-B[c]	e4p[c] + xu5p-D[c]  <=> g3p[c] + f6p-B[c]	可逆|e4p[c]:-1;f6p-B[c]:1;g3p[c]:1;xu5p-D[c]:-1	可逆|e4p[c]:-1;f6p-B[c]:1;g3p[c]:1;xu5p-D[c]:-1	-1000..1000	-1000..1000	(AFE_1843 and AFE_3252)	(AFE_1843 and AFE_3252)	A567:P567	A566:O566	共同基础
TKT2	共同且无语义差异	无语义差异	g3p[c] + s7p[c]  <=> r5p[c] + xu5p-D[c]	g3p[c] + s7p[c]  <=> r5p[c] + xu5p-D[c]	可逆|g3p[c]:-1;r5p[c]:1;s7p[c]:-1;xu5p-D[c]:1	可逆|g3p[c]:-1;r5p[c]:1;s7p[c]:-1;xu5p-D[c]:1	-1000..1000	-1000..1000	(AFE_1843 and AFE_3252)	(AFE_1843 and AFE_3252)	A568:P568	A567:O567	共同基础
TMDK1	共同且无语义差异	无语义差异	atp[c] + duri[c]  -> h[c] + adp[c] + dump[c]	atp[c] + duri[c]  -> h[c] + adp[c] + dump[c]	正向|adp[c]:1;atp[c]:-1;dump[c]:1;duri[c]:-1;h[c]:1	正向|adp[c]:1;atp[c]:-1;dump[c]:1;duri[c]:-1;h[c]:1	0..1000	0..1000			A569:P569	A568:O568	共同基础
TMDK2	共同且无语义差异	无语义差异	atp[c] + thymd[c]  -> h[c] + adp[c] + dtmp[c]	atp[c] + thymd[c]  -> h[c] + adp[c] + dtmp[c]	正向|adp[c]:1;atp[c]:-1;dtmp[c]:1;h[c]:1;thymd[c]:-1	正向|adp[c]:1;atp[c]:-1;dtmp[c]:1;h[c]:1;thymd[c]:-1	0..1000	0..1000			A570:P570	A569:O569	共同基础
TMDS	共同且无语义差异	无语义差异	mlthf[c] + dump[c]  <=> dtmp[c] + dhf[c]	mlthf[c] + dump[c]  <=> dtmp[c] + dhf[c]	可逆|dhf[c]:1;dtmp[c]:1;dump[c]:-1;mlthf[c]:-1	可逆|dhf[c]:1;dtmp[c]:1;dump[c]:-1;mlthf[c]:-1	-1000..1000	-1000..1000			A571:P571	A570:O570	共同基础
TMPK	共同且无语义差异	无语义差异	atp[c] + thmmp[c]  <=> adp[c] + thmpp[c]	atp[c] + thmmp[c]  <=> adp[c] + thmpp[c]	可逆|adp[c]:1;atp[c]:-1;thmmp[c]:-1;thmpp[c]:1	可逆|adp[c]:1;atp[c]:-1;thmmp[c]:-1;thmpp[c]:1	-1000..1000	-1000..1000	AFE_0928	AFE_0928	A572:P572	A571:O571	共同基础
TMPPP	共同且无语义差异	无语义差异	h[c] + 2mahmp[c] + 4mpetz[c]  -> ppi[c] + thmmp[c]	h[c] + 2mahmp[c] + 4mpetz[c]  -> ppi[c] + thmmp[c]	正向|2mahmp[c]:-1;4mpetz[c]:-1;h[c]:-1;ppi[c]:1;thmmp[c]:1	正向|2mahmp[c]:-1;4mpetz[c]:-1;h[c]:-1;ppi[c]:1;thmmp[c]:1	0..1000	0..1000	AFE_3304	AFE_3304	A573:P573	A572:O572	共同基础
TPI	共同且无语义差异	无语义差异	g3p[c]  <=> dhap[c]	g3p[c]  <=> dhap[c]	可逆|dhap[c]:1;g3p[c]:-1	可逆|dhap[c]:1;g3p[c]:-1	-1000..1000	-1000..1000	AFE_2633	AFE_2633	A574:P574	A573:O573	共同基础
TRDR	共同且无语义差异	无语义差异	nadph[c] + trdrd[c]  -> 3 h[c] + nadp[c] + trdox[c]	nadph[c] + trdrd[c]  -> 3 h[c] + nadp[c] + trdox[c]	正向|h[c]:3;nadp[c]:1;nadph[c]:-1;trdox[c]:1;trdrd[c]:-1	正向|h[c]:3;nadp[c]:1;nadph[c]:-1;trdox[c]:1;trdrd[c]:-1	0..1000	0..1000	AFE_0375	AFE_0375	A575:P575	A574:O574	共同基础
TRPS2	共同且无语义差异	无语义差异	ser-L[c] + indole[c]  <=> h2o[c] + trp-L[c]	ser-L[c] + indole[c]  <=> h2o[c] + trp-L[c]	可逆|h2o[c]:1;indole[c]:-1;ser-L[c]:-1;trp-L[c]:1	可逆|h2o[c]:1;indole[c]:-1;ser-L[c]:-1;trp-L[c]:1	-1000..1000	-1000..1000	(AFE_2068 and AFE_2069)	(AFE_2068 and AFE_2069)	A576:P576	A575:O575	共同基础
TRPS3	共同且无语义差异	无语义差异	3ig3p[c]  <=> g3p[c] + indole[c]	3ig3p[c]  <=> g3p[c] + indole[c]	可逆|3ig3p[c]:-1;g3p[c]:1;indole[c]:1	可逆|3ig3p[c]:-1;g3p[c]:1;indole[c]:1	-1000..1000	-1000..1000	AFE_2068	AFE_2068	A577:P577	A576:O576	共同基础
TRSAR	共同且无语义差异	无语义差异	nad[c] + glyc-R[c]  <=> h[c] + nadh[c] + 2h3oppan[c]	nad[c] + glyc-R[c]  <=> h[c] + nadh[c] + 2h3oppan[c]	可逆|2h3oppan[c]:1;glyc-R[c]:-1;h[c]:1;nad[c]:-1;nadh[c]:1	可逆|2h3oppan[c]:1;glyc-R[c]:-1;h[c]:1;nad[c]:-1;nadh[c]:1	-1000..1000	-1000..1000			A578:P578	A577:O577	共同基础
TSQOC	共同且无语义差异	无语义差异	2 tsul[p] + 2 h[c] + q8[c]  -> ttton[p] + q8h2[c]	2 tsul[p] + 2 h[c] + q8[c]  -> ttton[p] + q8h2[c]	正向|h[c]:-2;q8[c]:-1;q8h2[c]:1;tsul[p]:-2;ttton[p]:1	正向|h[c]:-2;q8[c]:-1;q8h2[c]:1;tsul[p]:-2;ttton[p]:1	0..1000	0..1000	(AFE_0041 and AFE_0042 and AFE_0043 and AFE_0044 and AFE_0045 and AFE_0046)	(AFE_0041 and AFE_0042 and AFE_0043 and AFE_0044 and AFE_0045 and AFE_0046)	A579:P579	A578:O578	共同基础
TSULtex	共同且无语义差异	无语义差异	tsul[p]  <=> tsul[e]	tsul[p]  <=> tsul[e]	可逆|tsul[e]:1;tsul[p]:-1	可逆|tsul[e]:1;tsul[p]:-1	-1000..1000	-1000..1000			A580:P580	A579:O579	共同基础
TTMS	共同且无语义差异	无语义差异	atp[c] + amet[c] + nadph[c] + tyr-L[c] + dxyl5p[c] + iscssulfcys[c]  -> 2 h[c] + h2o[c] + co2[c] + ppi[c] + nadp[c] + met-L[c] + amp[c] + dad-5[c] + iscscys[c] + 4mpetz[c] + 4hba[c]	atp[c] + amet[c] + nadph[c] + tyr-L[c] + dxyl5p[c] + iscssulfcys[c]  -> 2 h[c] + h2o[c] + co2[c] + ppi[c] + nadp[c] + met-L[c] + amp[c] + dad-5[c] + iscscys[c] + 4mpetz[c] + 4hba[c]	正向|4hba[c]:1;4mpetz[c]:1;amet[c]:-1;amp[c]:1;atp[c]:-1;co2[c]:1;dad-5[c]:1;dxyl5p[c]:-1;h2o[c]:1;h[c]:2;iscscys[c]:1;iscssulfcys[c]:-1;met-L[c]:1;nadp[c]:1;nadph[c]:-1;ppi[c]:1;tyr-L[c]:-1	正向|4hba[c]:1;4mpetz[c]:1;amet[c]:-1;amp[c]:1;atp[c]:-1;co2[c]:1;dad-5[c]:1;dxyl5p[c]:-1;h2o[c]:1;h[c]:2;iscscys[c]:1;iscssulfcys[c]:-1;met-L[c]:1;nadp[c]:1;nadph[c]:-1;ppi[c]:1;tyr-L[c]:-1	0..1000	0..1000	(AFE_0643 and AFE_1974)	(AFE_0643 and AFE_1974)	A581:P581	A580:O580	共同基础
TTSF	共同且无语义差异	无语义差异	mlthf[c] + dump[c] + fadh2[c]  <=> fad[c] + thf[c] + dtmp[c]	mlthf[c] + dump[c] + fadh2[c]  <=> fad[c] + thf[c] + dtmp[c]	可逆|dtmp[c]:1;dump[c]:-1;fad[c]:1;fadh2[c]:-1;mlthf[c]:-1;thf[c]:1	可逆|dtmp[c]:1;dump[c]:-1;fad[c]:1;fadh2[c]:-1;mlthf[c]:-1;thf[c]:1	-1000..1000	-1000..1000	AFE_0732	AFE_0732	A582:P582	A581:O581	共同基础
TTTONtex	共同且无语义差异	无语义差异	ttton[p]  <=> ttton[e]	ttton[p]  <=> ttton[e]	可逆|ttton[e]:1;ttton[p]:-1	可逆|ttton[e]:1;ttton[p]:-1	-1000..1000	-1000..1000			A583:P583	A582:O582	共同基础
TYRTA	共同且无语义差异	无语义差异	glu-L[c] + 34hpp[c]  <=> akg[c] + tyr-L[c]	glu-L[c] + 34hpp[c]  <=> akg[c] + tyr-L[c]	可逆|34hpp[c]:-1;akg[c]:1;glu-L[c]:-1;tyr-L[c]:1	可逆|34hpp[c]:-1;akg[c]:1;glu-L[c]:-1;tyr-L[c]:1	-1000..1000	-1000..1000	AFE_2022	AFE_2022	A584:P584	A583:O583	共同基础
UAAA	共同且无语义差异	无语义差异	3hmrsACP[c] + udpglucpypi[c]  -> h[c] + ACP[c] + udpglucpy[c]	3hmrsACP[c] + udpglucpypi[c]  -> h[c] + ACP[c] + udpglucpy[c]	正向|3hmrsACP[c]:-1;ACP[c]:1;h[c]:1;udpglucpy[c]:1;udpglucpypi[c]:-1	正向|3hmrsACP[c]:-1;ACP[c]:1;h[c]:1;udpglucpy[c]:1;udpglucpypi[c]:-1	0..1000	0..1000	AFE_1454	AFE_1454	A585:P585	A584:O584	共同基础
UAAD	共同且无语义差异	无语义差异	h2o[c] + u3aga[c]  -> ac[c] + udpglucpypi[c]	h2o[c] + u3aga[c]  -> ac[c] + udpglucpypi[c]	正向|ac[c]:1;h2o[c]:-1;u3aga[c]:-1;udpglucpypi[c]:1	正向|ac[c]:1;h2o[c]:-1;u3aga[c]:-1;udpglucpypi[c]:1	0..1000	0..1000	AFE_0223	AFE_0223	A586:P586	A585:O585	共同基础
UAAGDS	共同且无语义差异	无语义差异	atp[c] + 26dap-M[c] + uamag[c]  <=> h[c] + pi[c] + adp[c] + ugmd[c]	atp[c] + 26dap-M[c] + uamag[c]  <=> h[c] + pi[c] + adp[c] + ugmd[c]	可逆|26dap-M[c]:-1;adp[c]:1;atp[c]:-1;h[c]:1;pi[c]:1;uamag[c]:-1;ugmd[c]:1	可逆|26dap-M[c]:-1;adp[c]:1;atp[c]:-1;h[c]:1;pi[c]:1;uamag[c]:-1;ugmd[c]:1	-1000..1000	-1000..1000	AFE_0211	AFE_0211	A587:P587	A586:O586	共同基础
UACAA	共同且无语义差异	无语义差异	glu-L[c] + uacgamo[c]  -> akg[c] + u3agn[c]	glu-L[c] + uacgamo[c]  -> akg[c] + u3agn[c]	正向|akg[c]:1;glu-L[c]:-1;u3agn[c]:1;uacgamo[c]:-1	正向|akg[c]:1;glu-L[c]:-1;u3agn[c]:1;uacgamo[c]:-1	0..1000	0..1000	AFE_1458	AFE_1458	A588:P588	A587:O587	共同基础
UAGAAT	共同且无语义差异	无语义差异	3hmrsACP[c] + u3agn[c]  -> h[c] + ACP[c] + u3aga[c]	3hmrsACP[c] + u3agn[c]  -> h[c] + ACP[c] + u3aga[c]	正向|3hmrsACP[c]:-1;ACP[c]:1;h[c]:1;u3aga[c]:1;u3agn[c]:-1	正向|3hmrsACP[c]:-1;ACP[c]:1;h[c]:1;u3aga[c]:1;u3agn[c]:-1	0..1000	0..1000	AFE_1456	AFE_1456	A589:P589	A588:O588	共同基础
UAGCVT	共同且无语义差异	无语义差异	pep[c] + uacgam[c]  <=> pi[c] + uaccg[c]	pep[c] + uacgam[c]  <=> pi[c] + uaccg[c]	可逆|pep[c]:-1;pi[c]:1;uaccg[c]:1;uacgam[c]:-1	可逆|pep[c]:-1;pi[c]:1;uaccg[c]:1;uacgam[c]:-1	-1000..1000	-1000..1000	AFE_3039	AFE_3039	A590:P590	A589:O589	共同基础
UAGDP	共同且无语义差异	无语义差异	h[c] + utp[c] + acgam1p[c]  -> ppi[c] + uacgam[c]	h[c] + utp[c] + acgam1p[c]  -> ppi[c] + uacgam[c]	正向|acgam1p[c]:-1;h[c]:-1;ppi[c]:1;uacgam[c]:1;utp[c]:-1	正向|acgam1p[c]:-1;h[c]:-1;ppi[c]:1;uacgam[c]:1;utp[c]:-1	0..1000	0..1000	AFE_3201	AFE_3201	A591:P591	A590:O590	共同基础
UAMAGS	共同且无语义差异	无语义差异	atp[c] + uama[c] + glu-D[c]  <=> h[c] + pi[c] + adp[c] + uamag[c]	atp[c] + uama[c] + glu-D[c]  <=> h[c] + pi[c] + adp[c] + uamag[c]	可逆|adp[c]:1;atp[c]:-1;glu-D[c]:-1;h[c]:1;pi[c]:1;uama[c]:-1;uamag[c]:1	可逆|adp[c]:1;atp[c]:-1;glu-D[c]:-1;h[c]:1;pi[c]:1;uama[c]:-1;uamag[c]:1	-1000..1000	-1000..1000	AFE_0208	AFE_0208	A592:P592	A591:O591	共同基础
UAMAS	共同且无语义差异	无语义差异	atp[c] + ala-L[c] + uamr[c]  <=> h[c] + pi[c] + adp[c] + uama[c]	atp[c] + ala-L[c] + uamr[c]  <=> h[c] + pi[c] + adp[c] + uama[c]	可逆|adp[c]:1;ala-L[c]:-1;atp[c]:-1;h[c]:1;pi[c]:1;uama[c]:1;uamr[c]:-1	可逆|adp[c]:1;ala-L[c]:-1;atp[c]:-1;h[c]:1;pi[c]:1;uama[c]:1;uamr[c]:-1	-1000..1000	-1000..1000	AFE_0205	AFE_0205	A593:P593	A592:O592	共同基础
UAPGR	共同且无语义差异	无语义差异	nadp[c] + uamr[c]  <=> h[c] + nadph[c] + uaccg[c]	nadp[c] + uamr[c]  <=> h[c] + nadph[c] + uaccg[c]	可逆|h[c]:1;nadp[c]:-1;nadph[c]:1;uaccg[c]:1;uamr[c]:-1	可逆|h[c]:1;nadp[c]:-1;nadph[c]:1;uaccg[c]:1;uamr[c]:-1	-1000..1000	-1000..1000	AFE_0204	AFE_0204	A594:P594	A593:O593	共同基础
UCMAT	共同且无语义差异	无语义差异	uacgam[c] + uagmda[c]  -> h[c] + udp[c] + ugmdal[c]	uacgam[c] + uagmda[c]  -> h[c] + udp[c] + ugmdal[c]	正向|h[c]:1;uacgam[c]:-1;uagmda[c]:-1;udp[c]:1;ugmdal[c]:1	正向|h[c]:1;uacgam[c]:-1;uagmda[c]:-1;udp[c]:1;ugmdal[c]:1	0..1000	0..1000	AFE_0206	AFE_0206	A595:P595	A594:O594	共同基础
UDCPDP	共同且无语义差异	无语义差异	h2o[c] + udcpdp[c]  -> h[c] + pi[c] + udcpp[c]	h2o[c] + udcpdp[c]  -> h[c] + pi[c] + udcpp[c]	正向|h2o[c]:-1;h[c]:1;pi[c]:1;udcpdp[c]:-1;udcpp[c]:1	正向|h2o[c]:-1;h[c]:1;pi[c]:1;udcpdp[c]:-1;udcpp[c]:1	0..1000	0..1000	AFE_0636	AFE_0636	A596:P596	A595:O595	共同基础
UDCPDPS	共同且无语义差异	无语义差异	h[c] + 8 ipdp[c] + frdp[c]  <=> 8 ppi[c] + dtpcudcpdp[c]	h[c] + 8 ipdp[c] + frdp[c]  <=> 8 ppi[c] + dtpcudcpdp[c]	可逆|dtpcudcpdp[c]:1;frdp[c]:-1;h[c]:-1;ipdp[c]:-8;ppi[c]:8	可逆|dtpcudcpdp[c]:1;frdp[c]:-1;h[c]:-1;ipdp[c]:-8;ppi[c]:8	-1000..1000	-1000..1000	AFE_1448	AFE_1448	A597:P597	A596:O596	共同基础
UDDS	共同且无语义差异	无语义差异	8 ipdp[c] + frdp[c]  -> 8 ppi[c] + udcpdp[c]	8 ipdp[c] + frdp[c]  -> 8 ppi[c] + udcpdp[c]	正向|frdp[c]:-1;ipdp[c]:-8;ppi[c]:8;udcpdp[c]:1	正向|frdp[c]:-1;ipdp[c]:-8;ppi[c]:8;udcpdp[c]:1	0..1000	0..1000	AFE_1448	AFE_1448	A598:P598	A597:O597	共同基础
UDPGD	共同且无语义差异	无语义差异	h2o[c] + 2 nad[c] + udpg[c]  <=> 3 h[c] + 2 nadh[c] + udpglcur[c]	h2o[c] + 2 nad[c] + udpg[c]  <=> 3 h[c] + 2 nadh[c] + udpglcur[c]	可逆|h2o[c]:-1;h[c]:3;nad[c]:-2;nadh[c]:2;udpg[c]:-1;udpglcur[c]:1	可逆|h2o[c]:-1;h[c]:3;nad[c]:-2;nadh[c]:2;udpg[c]:-1;udpglcur[c]:1	-1000..1000	-1000..1000	(AFE_1405 or AFE_1343)	(AFE_1405 or AFE_1343)	A599:P599	A598:O598	共同基础
UGDC	共同且无语义差异	无语义差异	h[c] + udpglcur[c]  -> co2[c] + udpxyl[c]	h[c] + udpglcur[c]  -> co2[c] + udpxyl[c]	正向|co2[c]:1;h[c]:-1;udpglcur[c]:-1;udpxyl[c]:1	正向|co2[c]:1;h[c]:-1;udpglcur[c]:-1;udpxyl[c]:1	0..1000	0..1000			A600:P600	A599:O599	共同基础
UGLDDS	共同且无语义差异	无语义差异	atp[c] + alaala[c] + ugmd[c]  -> h[c] + pi[c] + adp[c] + ugmda[c]	atp[c] + alaala[c] + ugmd[c]  -> h[c] + pi[c] + adp[c] + ugmda[c]	正向|adp[c]:1;alaala[c]:-1;atp[c]:-1;h[c]:1;pi[c]:1;ugmd[c]:-1;ugmda[c]:1	正向|adp[c]:1;alaala[c]:-1;atp[c]:-1;h[c]:1;pi[c]:1;ugmd[c]:-1;ugmda[c]:1	0..1000	0..1000	AFE_0210	AFE_0210	A601:P601	A600:O600	共同基础
UHGA	共同且无语义差异	无语义差异	h2o[c] + udpglucpy[c]  -> 2 h[c] + biglucpypi[c] + ump[c]	h2o[c] + udpglucpy[c]  -> 2 h[c] + biglucpypi[c] + ump[c]	正向|biglucpypi[c]:1;h2o[c]:-1;h[c]:2;udpglucpy[c]:-1;ump[c]:1	正向|biglucpypi[c]:1;h2o[c]:-1;h[c]:2;udpglucpy[c]:-1;ump[c]:1	0..1000	0..1000	AFE_1987	AFE_1987	A602:P602	A601:O601	共同基础
UPP3MT1	共同且无语义差异	无语义差异	amet[c] + pre1[c]  <=> dscl[c] + ahcys[c]	amet[c] + pre1[c]  <=> dscl[c] + ahcys[c]	可逆|ahcys[c]:1;amet[c]:-1;dscl[c]:1;pre1[c]:-1	可逆|ahcys[c]:1;amet[c]:-1;dscl[c]:1;pre1[c]:-1	-1000..1000	-1000..1000	AFE_3126	AFE_3126	A603:P603	A602:O602	共同基础
UPP3MT2	共同且无语义差异	无语义差异	amet[c] + uppg3[c]  <=> h[c] + ahcys[c] + pre1[c]	amet[c] + uppg3[c]  <=> h[c] + ahcys[c] + pre1[c]	可逆|ahcys[c]:1;amet[c]:-1;h[c]:1;pre1[c]:1;uppg3[c]:-1	可逆|ahcys[c]:1;amet[c]:-1;h[c]:1;pre1[c]:1;uppg3[c]:-1	-1000..1000	-1000..1000	AFE_3126	AFE_3126	A604:P604	A603:O603	共同基础
UPP3S	共同且无语义差异	无语义差异	hmbil[c]  -> h2o[c] + uppg3[c]	hmbil[c]  -> h2o[c] + uppg3[c]	正向|h2o[c]:1;hmbil[c]:-1;uppg3[c]:1	正向|h2o[c]:1;hmbil[c]:-1;uppg3[c]:1	0..1000	0..1000	AFE_3299	AFE_3299	A605:P605	A604:O604	共同基础
UPPDC1	共同且无语义差异	无语义差异	4 h[c] + uppg3[c]  -> 4 co2[c] + cpppg3[c]	4 h[c] + uppg3[c]  -> 4 co2[c] + cpppg3[c]	正向|co2[c]:4;cpppg3[c]:1;h[c]:-4;uppg3[c]:-1	正向|co2[c]:4;cpppg3[c]:1;h[c]:-4;uppg3[c]:-1	0..1000	0..1000	AFE_0728	AFE_0728	A606:P606	A605:O605	共同基础
UPPRT	共同且无语义差异	无语义差异	ppi[c] + ump[c]  <=> prpp[c] + ura[c]	ppi[c] + ump[c]  <=> prpp[c] + ura[c]	可逆|ppi[c]:-1;prpp[c]:1;ump[c]:-1;ura[c]:1	可逆|ppi[c]:-1;prpp[c]:1;ump[c]:-1;ura[c]:1	-1000..1000	-1000..1000	AFE_3060	AFE_3060	A607:P607	A606:O606	共同基础
URIDK	共同且无语义差异	无语义差异	atp[c] + ump[c]  <=> adp[c] + udp[c]	atp[c] + ump[c]  <=> adp[c] + udp[c]	可逆|adp[c]:1;atp[c]:-1;udp[c]:1;ump[c]:-1	可逆|adp[c]:1;atp[c]:-1;udp[c]:1;ump[c]:-1	-1000..1000	-1000..1000	AFE_1446	AFE_1446	A608:P608	A607:O607	共同基础
URIK1	共同且无语义差异	无语义差异	atp[c] + uri[c]  -> h[c] + adp[c] + ump[c]	atp[c] + uri[c]  -> h[c] + adp[c] + ump[c]	正向|adp[c]:1;atp[c]:-1;h[c]:1;ump[c]:1;uri[c]:-1	正向|adp[c]:1;atp[c]:-1;h[c]:1;ump[c]:1;uri[c]:-1	0..1000	0..1000			A609:P609	A608:O608	共同基础
URIK2	共同且无语义差异	无语义差异	gtp[c] + uri[c]  -> h[c] + gdp[c] + ump[c]	gtp[c] + uri[c]  -> h[c] + gdp[c] + ump[c]	正向|gdp[c]:1;gtp[c]:-1;h[c]:1;ump[c]:1;uri[c]:-1	正向|gdp[c]:1;gtp[c]:-1;h[c]:1;ump[c]:1;uri[c]:-1	0..1000	0..1000			A610:P610	A609:O609	共同基础
URIP	共同且无语义差异	无语义差异	pi[c] + uri[c]  <=> ura[c] + r1p[c]	pi[c] + uri[c]  <=> ura[c] + r1p[c]	可逆|pi[c]:-1;r1p[c]:1;ura[c]:1;uri[c]:-1	可逆|pi[c]:-1;r1p[c]:1;ura[c]:1;uri[c]:-1	-1000..1000	-1000..1000			A611:P611	A610:O610	共同基础
VALTA1	共同且无语义差异	无语义差异	pyr[c] + val-L[c]  <=> ala-L[c] + 3mob[c]	pyr[c] + val-L[c]  <=> ala-L[c] + 3mob[c]	可逆|3mob[c]:1;ala-L[c]:1;pyr[c]:-1;val-L[c]:-1	可逆|3mob[c]:1;ala-L[c]:1;pyr[c]:-1;val-L[c]:-1	-1000..1000	-1000..1000			A612:P612	A611:O611	共同基础
VALTA2	共同且无语义差异	无语义差异	akg[c] + val-L[c]  <=> glu-L[c] + 3mob[c]	akg[c] + val-L[c]  <=> glu-L[c] + 3mob[c]	可逆|3mob[c]:1;akg[c]:-1;glu-L[c]:1;val-L[c]:-1	可逆|3mob[c]:1;akg[c]:-1;glu-L[c]:1;val-L[c]:-1	-1000..1000	-1000..1000	AFE_0547	AFE_0547	A613:P613	A612:O612	共同基础
XAND	共同且无语义差异	无语义差异	h2o[c] + nad[c] + xan[c]  -> h[c] + nadh[c] + urate[c]	h2o[c] + nad[c] + xan[c]  -> h[c] + nadh[c] + urate[c]	正向|h2o[c]:-1;h[c]:1;nad[c]:-1;nadh[c]:1;urate[c]:1;xan[c]:-1	正向|h2o[c]:-1;h[c]:1;nad[c]:-1;nadh[c]:1;urate[c]:1;xan[c]:-1	0..1000	0..1000	((AFE_0780 and AFE_0777 and AFE_0776 and AFE_0775) or AFE_0772)	((AFE_0780 and AFE_0777 and AFE_0776 and AFE_0775) or AFE_0772)	A614:P614	A613:O613	共同基础
XPPT	共同且无语义差异	无语义差异	prpp[c] + xan[c]  -> ppi[c] + xmp[c]	prpp[c] + xan[c]  -> ppi[c] + xmp[c]	正向|ppi[c]:1;prpp[c]:-1;xan[c]:-1;xmp[c]:1	正向|ppi[c]:1;prpp[c]:-1;xan[c]:-1;xmp[c]:1	0..1000	0..1000			A615:P615	A614:O614	共同基础
ZN2tex	共同且无语义差异	无语义差异	zn2[e]  <=> zn2[p]	zn2[e]  <=> zn2[p]	可逆|zn2[e]:-1;zn2[p]:1	可逆|zn2[e]:-1;zn2[p]:1	-1000..1000	-1000..1000			A616:P616	A615:O615	共同基础
ZN2tpp	共同且无语义差异	无语义差异	zn2[p]  -> zn2[c]	zn2[p]  -> zn2[c]	正向|zn2[c]:1;zn2[p]:-1	正向|zn2[c]:1;zn2[p]:-1	0..1000	0..1000	(AFE_0920 or AFE_0105)	(AFE_0920 or AFE_0105)	A617:P617	A616:O616	共同基础
ZZ_Ecto1	2024新增	2024新增		glu-L[c] + aspsa[c] <=> akg[c] + 24dab[c] + h[c]		可逆|24dab[c]:1;akg[c]:1;aspsa[c]:-1;glu-L[c]:-1;h[c]:1		-1000..1000				A617:O617	异源工程：ectoine；不能自动视为ATCC23270野生型固有能力
ZZ_Ecto2	2024新增	2024新增		24dab[c] + accoa[c] <=> aac24dab[c] + coa[c]		可逆|24dab[c]:-1;aac24dab[c]:1;accoa[c]:-1;coa[c]:1		-1000..1000				A618:O618	异源工程：ectoine；不能自动视为ATCC23270野生型固有能力
ZZ_Ecto3	2024新增	2024新增		aac24dab[c] -> h2o[c] + ect[c]		正向|aac24dab[c]:-1;ect[c]:1;h2o[c]:1		0..1000				A619:O619	异源工程：ectoine；不能自动视为ATCC23270野生型固有能力
ZZ_Ecto4_EX	2024新增	2024新增		ect[c]  <=>		可逆|ect[c]:-1		0..1000				A620:O620	异源工程：ectoine；不能自动视为ATCC23270野生型固有能力
ZZ_TreT2_UDP	2024新增	2024新增		udpg[c] + glc-A[c]  <=> tre[c] + udp[c] + h[c]		可逆|glc-A[c]:-1;h[c]:1;tre[c]:1;udp[c]:1;udpg[c]:-1		-1000..1000		AFE_2083		A621:O621	工程/假设层：兼容溶质、转运或模拟交换；不能自动视为野生型固有能力
ZZ_TreT1_ADP	2024新增	2024新增		adpglc[c] + glc-A[c]  <=> tre[c] + adp[c] + h[c]		可逆|adp[c]:1;adpglc[c]:-1;glc-A[c]:-1;h[c]:1;tre[c]:1		-1000..1000		AFE_2083		A622:O622	工程/假设层：兼容溶质、转运或模拟交换；不能自动视为野生型固有能力
ZZ_TreYZ	2024新增	2024新增		maltttr[c] + 2 h2o[c]  -> tre[c] + 2 glc-A[c]		正向|glc-A[c]:2;h2o[c]:-2;maltttr[c]:-1;tre[c]:1		0..1000				A623:O623	工程/假设层：兼容溶质、转运或模拟交换；不能自动视为野生型固有能力
ZZ_Tre_amy	2024新增	2024新增		2 glycogen[c] + h2o[c]  -> 3 maltttr[c]		正向|glycogen[c]:-2;h2o[c]:-1;maltttr[c]:3		0..1000				A624:O624	工程/假设层：兼容溶质、转运或模拟交换；不能自动视为野生型固有能力
ZZ_Tre_cga	2024新增	2024新增		glycogen[c] + 4 h2o[c]  -> 2 glycogendeb[c] + 4 glc-A[c]		正向|glc-A[c]:4;glycogen[c]:-1;glycogendeb[c]:2;h2o[c]:-4		0..1000				A625:O625	工程/假设层：兼容溶质、转运或模拟交换；不能自动视为野生型固有能力
ZZ_Tre_EX	2024新增	2024新增		tre[e]  <=>		可逆|tre[e]:-1		0..1000				A626:O626	工程/假设层：兼容溶质、转运或模拟交换；不能自动视为野生型固有能力
ZZ_glc_transport	2024新增	2024新增		glc-A[c]  <=> glc-A[e]		可逆|glc-A[c]:-1;glc-A[e]:1		0..1000				A627:O627	工程/假设层：兼容溶质、转运或模拟交换；不能自动视为野生型固有能力
ZZ_glc_EX	2024新增	2024新增		glc-A[e]  <=>		可逆|glc-A[e]:-1		0..1000				A628:O628	工程/假设层：兼容溶质、转运或模拟交换；不能自动视为野生型固有能力
ZZ_glycogen_EX	2024新增	2024新增		glycogen[c]  <=>		可逆|glycogen[c]:-1		0..0				A629:O629	工程/假设层：兼容溶质、转运或模拟交换；不能自动视为野生型固有能力
ZZ_g1p_transport	2024新增	2024新增		g1p[c]  <=> g1p[e]		可逆|g1p[c]:-1;g1p[e]:1		0..1000				A630:O630	工程/假设层：兼容溶质、转运或模拟交换；不能自动视为野生型固有能力
ZZ_g1p_EX	2024新增	2024新增		g1p[e]  <=>		可逆|g1p[e]:-1		0..1000				A631:O631	工程/假设层：兼容溶质、转运或模拟交换；不能自动视为野生型固有能力
ZZ_Tre_transport	2024新增	2024新增		tre[c]  <=> tre[e]		可逆|tre[c]:-1;tre[e]:1		0..1000				A632:O632	工程/假设层：兼容溶质、转运或模拟交换；不能自动视为野生型固有能力
