总序号	RU820	WP	1 身份	2 历史映射	3 蛋白功能	4 反应通路	4 TCDB	5 原始论文	6 化学与定位	7 2016 对照	8 动作裁决	9 复核	Source ID
1759	RU820_RS09280	WP_012536905.1	通过：同版 gene/CDS/WP/坐标/链向/product 一致	AFE_2008；完全匹配；RefSeq protein_id exact	同株 UniProt RefSeq 交叉引用未命中；仅有 NCBI product，功能未独立核实	D3-1-R 未提供基因专属精确反应；仍需功能检索	非明显转运类；不适用	旧编号命中 0；当前 RU/WP 命中 0/0；命中 DOI 初判见文献表，本基因专属实验仍待核	未定义可接受的基因专属精确反应；化学字段暂缓	未命中原 GPR；不能据此判旧模型无同化学反应	无需修改（暂定）	身份与表间引用已复核；功能/化学证据链未全部验收	G57-S01;G57-S03;G57-S04;G57-S02;G57-S13
1760	RU820_RS09285	WP_012607289.1	通过：同版 gene/CDS/WP/坐标/链向/product 一致	AFE_2009；完全匹配；RefSeq protein_id exact	UniProt B7J491 (unreviewed)；InterPro ；Pfam ；仍须保守位点/功能边界核验	D3-1-R 未提供基因专属精确反应；仍需功能检索	非明显转运类；不适用	旧编号命中 0；当前 RU/WP 命中 0/0；命中 DOI 初判见文献表，本基因专属实验仍待核	未定义可接受的基因专属精确反应；化学字段暂缓	未命中原 GPR；不能据此判旧模型无同化学反应	无需修改（暂定）	身份与表间引用已复核；功能/化学证据链未全部验收	G57-S01;G57-S03;G57-S04;G57-S02;G57-S11;G57-S13
1761	RU820_RS09290	WP_012536907.1	通过：同版 gene/CDS/WP/坐标/链向/product 一致	AFE_2011；完全匹配；RefSeq protein_id exact	UniProt B7J493 (unreviewed)；InterPro IPR023772;IPR009057;IPR050109;IPR001647;；Pfam PF00440;；仍须保守位点/功能边界核验	D3-1-R 未提供基因专属精确反应；仍需功能检索	非明显转运类；不适用	旧编号命中 0；当前 RU/WP 命中 0/0；命中 DOI 初判见文献表，本基因专属实验仍待核	未定义可接受的基因专属精确反应；化学字段暂缓	未命中原 GPR；不能据此判旧模型无同化学反应	无需修改（暂定）	身份与表间引用已复核；功能/化学证据链未全部验收	G57-S01;G57-S03;G57-S04;G57-S02;G57-S11;G57-S13
1762	RU820_RS09295	WP_257245768.1	通过：同版 gene/CDS/WP/坐标/链向/product 一致	AFE_2012；完全匹配；RefSeq protein_id exact	同株 UniProt RefSeq 交叉引用未命中；仅有 NCBI product，功能未独立核实	D3-1-R 未提供基因专属精确反应；仍需功能检索	非明显转运类；不适用	旧编号命中 0；当前 RU/WP 命中 0/0；命中 DOI 初判见文献表，本基因专属实验仍待核	未定义可接受的基因专属精确反应；化学字段暂缓	未命中原 GPR；不能据此判旧模型无同化学反应	无需修改（暂定）	身份与表间引用已复核；功能/化学证据链未全部验收	G57-S01;G57-S03;G57-S04;G57-S02;G57-S13
1763	RU820_RS09300	WP_012536908.1	通过：同版 gene/CDS/WP/坐标/链向/product 一致	AFE_2013；完全匹配；RefSeq protein_id exact	同株 UniProt RefSeq 交叉引用未命中；仅有 NCBI product，功能未独立核实	D3-1-R 未提供基因专属精确反应；仍需功能检索	非明显转运类；不适用	旧编号命中 0；当前 RU/WP 命中 0/0；命中 DOI 初判见文献表，本基因专属实验仍待核	未定义可接受的基因专属精确反应；化学字段暂缓	未命中原 GPR；不能据此判旧模型无同化学反应	无需修改（暂定）	身份与表间引用已复核；功能/化学证据链未全部验收	G57-S01;G57-S03;G57-S04;G57-S02;G57-S13
1764	RU820_RS09305	WP_012536909.1	通过：同版 gene/CDS/WP/坐标/链向/product 一致	AFE_2014；完全匹配；RefSeq protein_id exact	UniProt B7J496 (unreviewed)；InterPro IPR029032;IPR003779;IPR004675;；Pfam PF02627;；仍须保守位点/功能边界核验	D3-1-R 未提供基因专属精确反应；仍需功能检索	非明显转运类；不适用	旧编号命中 0；当前 RU/WP 命中 0/0；命中 DOI 初判见文献表，本基因专属实验仍待核	未定义可接受的基因专属精确反应；化学字段暂缓	未命中原 GPR；不能据此判旧模型无同化学反应	证据不足暂缓	身份与表间引用已复核；功能/化学证据链未全部验收	G57-S01;G57-S03;G57-S04;G57-S02;G57-S11;G57-S13
1765	RU820_RS09310	WP_009567649.1	通过：同版 gene/CDS/WP/坐标/链向/product 一致	AFE_2015；完全匹配；RefSeq protein_id exact	UniProt B7J497 (unreviewed)；InterPro IPR016181;IPR050832;IPR000182;；Pfam PF00583;；仍须保守位点/功能边界核验	D3-1-R 未提供基因专属精确反应；仍需功能检索	非明显转运类；不适用	旧编号命中 0；当前 RU/WP 命中 0/0；命中 DOI 初判见文献表，本基因专属实验仍待核	未定义可接受的基因专属精确反应；化学字段暂缓	未命中原 GPR；不能据此判旧模型无同化学反应	证据不足暂缓	身份与表间引用已复核；功能/化学证据链未全部验收	G57-S01;G57-S03;G57-S04;G57-S02;G57-S11;G57-S13
1766	RU820_RS09320	WP_012536910.1	通过：同版 gene/CDS/WP/坐标/链向/product 一致	AFE_2017；完全匹配；RefSeq protein_id exact	UniProt B7J498 (unreviewed)；InterPro IPR007157;；Pfam PF04012;；仍须保守位点/功能边界核验	KEGG KO K03969；数据库链接不算本基因催化验证	非明显转运类；不适用	旧编号命中 0；当前 RU/WP 命中 0/0；命中 DOI 初判见文献表，本基因专属实验仍待核	未定义可接受的基因专属精确反应；化学字段暂缓	未命中原 GPR；不能据此判旧模型无同化学反应	无需修改（暂定）	身份与表间引用已复核；功能/化学证据链未全部验收	G57-S01;G57-S03;G57-S04;G57-S02;G57-S05;G57-S11;G57-S13
1767	RU820_RS09325	WP_009565650.1	通过：同版 gene/CDS/WP/坐标/链向/product 一致	AFE_2018；完全匹配；RefSeq protein_id exact	UniProt B7J4M9 (unreviewed)；InterPro IPR035439;IPR002765;；Pfam PF01906;；仍须保守位点/功能边界核验	D3-1-R 未提供基因专属精确反应；仍需功能检索	非明显转运类；不适用	旧编号命中 1；当前 RU/WP 命中 0/0；命中 DOI 初判见文献表，本基因专属实验仍待核	未定义可接受的基因专属精确反应；化学字段暂缓	未命中原 GPR；不能据此判旧模型无同化学反应	无需修改（暂定）	身份与表间引用已复核；功能/化学证据链未全部验收	G57-S01;G57-S03;G57-S04;G57-S02;G57-S11;G57-S13
1768	RU820_RS09330	WP_009565651.1	通过：同版 gene/CDS/WP/坐标/链向/product 一致	AFE_2019；完全匹配；RefSeq protein_id exact	UniProt B7J4N0 (unreviewed)；InterPro IPR035439;IPR002765;；Pfam PF01906;；仍须保守位点/功能边界核验	D3-1-R 未提供基因专属精确反应；仍需功能检索	非明显转运类；不适用	旧编号命中 0；当前 RU/WP 命中 0/0；命中 DOI 初判见文献表，本基因专属实验仍待核	未定义可接受的基因专属精确反应；化学字段暂缓	未命中原 GPR；不能据此判旧模型无同化学反应	无需修改（暂定）	身份与表间引用已复核；功能/化学证据链未全部验收	G57-S01;G57-S03;G57-S04;G57-S02;G57-S11;G57-S13
1769	RU820_RS09335	WP_012536911.1	通过：同版 gene/CDS/WP/坐标/链向/product 一致	未确认；未映射；	同株 UniProt RefSeq 交叉引用未命中；仅有 NCBI product，功能未独立核实	D3-1-R 未提供基因专属精确反应；仍需功能检索	非明显转运类；不适用	旧编号命中 0；当前 RU/WP 命中 0/0；命中 DOI 初判见文献表，本基因专属实验仍待核	未定义可接受的基因专属精确反应；化学字段暂缓	未命中原 GPR；不能据此判旧模型无同化学反应	无需修改（暂定）	身份与表间引用已复核；功能/化学证据链未全部验收	G57-S01;G57-S03;G57-S04;G57-S13
1770	RU820_RS09340	WP_012536912.1	通过：同版 gene/CDS/WP/坐标/链向/product 一致	AFE_2021；完全匹配；RefSeq protein_id exact	UniProt B7J4N2 (unreviewed)；InterPro IPR023299;IPR018303;IPR023298;IPR008250;IPR059000;IPR036412;IPR023214;IPR017969;IPR006122;IPR006121;IPR036163;IPR027256;IPR001757;IPR044492;；Pfam PF00122;PF00403;PF00702;；仍须保守位点/功能边界核验	KEGG KO K17686；BioCyc 3.6.3.3-RXN；Rhea RHEA:12132；数据库链接不算本基因催化验证	家族候选 3.A.3.5.20；阈值支持 是；同一性 0.5198、覆盖率 0.9038；底物/耦联/方向未证	旧编号命中 2；当前 RU/WP 命中 0/0；命中 DOI 初判见文献表，本基因专属实验仍待核	Rhea EC 方程仅作候选；基因关联、方向、区室、原子/电荷与辅因子未逐项确证	未命中原 GPR；不能据此判旧模型无同化学反应	证据不足暂缓	身份与表间引用已复核；功能/化学证据链未全部验收	G57-S01;G57-S03;G57-S04;G57-S02;G57-S05;G57-S06;G57-S07;G57-S11;G57-S13;G57-S22;G57-S15
1771	RU820_RS09345	WP_012536913.1	通过：同版 gene/CDS/WP/坐标/链向/product 一致	AFE_2022；完全匹配；RefSeq protein_id exact	UniProt B7J4N3 (unreviewed)；InterPro IPR004839;IPR050596;IPR004838;IPR015424;IPR015421;IPR015422;；Pfam PF00155;；仍须保守位点/功能边界核验	KEGG KO K00812；KEGG R R00355;R00694;R00734;R00896;R02433;R02619;R05052；Rhea RHEA:15093;RHEA:21824;RHEA:25152；数据库链接不算本基因催化验证	非明显转运类；不适用	旧编号命中 0；当前 RU/WP 命中 0/0；命中 DOI 初判见文献表，本基因专属实验仍待核	Rhea EC 方程仅作候选；基因关联、方向、区室、原子/电荷与辅因子未逐项确证	原 GPR：ASPTA;PHETA1;TYRTA；完整 A—P 见反应表	证据不足暂缓	身份与表间引用已复核；功能/化学证据链未全部验收	G57-S01;G57-S03;G57-S04;G57-S02;G57-S05;G57-S07;G57-S11;G57-S13;G57-S15
1772	RU820_RS09350	WP_307871269.1	通过：同版 gene/CDS/WP/坐标/链向/product 一致	未确认；未映射；	同株 UniProt RefSeq 交叉引用未命中；仅有 NCBI product，功能未独立核实	D3-1-R 未提供基因专属精确反应；仍需功能检索	非明显转运类；不适用	旧编号命中 0；当前 RU/WP 命中 0/0；命中 DOI 初判见文献表，本基因专属实验仍待核	未定义可接受的基因专属精确反应；化学字段暂缓	未命中原 GPR；不能据此判旧模型无同化学反应	证据不足暂缓	身份与表间引用已复核；功能/化学证据链未全部验收	G57-S01;G57-S03;G57-S04;G57-S13
1773	RU820_RS09355	WP_012536915.1	通过：同版 gene/CDS/WP/坐标/链向/product 一致	AFE_2024；完全匹配；RefSeq protein_id exact	UniProt B7J4N5 (unreviewed)；InterPro IPR002204;IPR008927;IPR004849;IPR013328;IPR006114;IPR006115;IPR015815;IPR036291;IPR006183;；Pfam PF00393;PF03446;；仍须保守位点/功能边界核验	KEGG KO K00033；KEGG R R01528;R10221；BioCyc RXN-9952；Rhea RHEA:10116;RHEA:33023；数据库链接不算本基因催化验证	非明显转运类；不适用	旧编号命中 2；当前 RU/WP 命中 0/0；命中 DOI 初判见文献表，本基因专属实验仍待核	Rhea EC 方程仅作候选；基因关联、方向、区室、原子/电荷与辅因子未逐项确证	未命中原 GPR；不能据此判旧模型无同化学反应	仅更新证据或编号	身份与表间引用已复核；功能/化学证据链未全部验收	G57-S01;G57-S03;G57-S04;G57-S02;G57-S05;G57-S06;G57-S07;G57-S11;G57-S12;G57-S13;G57-S15
1774	RU820_RS09360	WP_012536916.1	通过：同版 gene/CDS/WP/坐标/链向/product 一致	AFE_2025；完全匹配；RefSeq protein_id exact	UniProt B7J4N6 (unreviewed)；InterPro IPR001282;IPR019796;IPR022675;IPR022674;IPR036291;；Pfam PF02781;PF00479;；仍须保守位点/功能边界核验	KEGG KO K00036；KEGG R R00835;R02736;R10907；BioCyc GLU6PDEHYDROG-RXN；Rhea RHEA:15841；数据库链接不算本基因催化验证	非明显转运类；不适用	旧编号命中 4；当前 RU/WP 命中 0/0；命中 DOI 初判见文献表，本基因专属实验仍待核	Rhea EC 方程仅作候选；基因关联、方向、区室、原子/电荷与辅因子未逐项确证	原 GPR：G6PDH2；完整 A—P 见反应表	证据不足暂缓	身份与表间引用已复核；功能/化学证据链未全部验收	G57-S01;G57-S03;G57-S04;G57-S02;G57-S05;G57-S06;G57-S07;G57-S11;G57-S13;G57-S18;G57-S15
1775	RU820_RS09365	WP_012536917.1	通过：同版 gene/CDS/WP/坐标/链向/product 一致	AFE_2026；完全匹配；RefSeq protein_id exact	UniProt B7J4N7 (unreviewed)；InterPro IPR011991;IPR001845;IPR051011;IPR036388;IPR036390;；Pfam PF12840;；仍须保守位点/功能边界核验	D3-1-R 未提供基因专属精确反应；仍需功能检索	非明显转运类；不适用	旧编号命中 0；当前 RU/WP 命中 0/0；命中 DOI 初判见文献表，本基因专属实验仍待核	未定义可接受的基因专属精确反应；化学字段暂缓	未命中原 GPR；不能据此判旧模型无同化学反应	无需修改（暂定）	身份与表间引用已复核；功能/化学证据链未全部验收	G57-S01;G57-S03;G57-S04;G57-S02;G57-S11;G57-S13
1776	RU820_RS09370	WP_012607292.1	通过：同版 gene/CDS/WP/坐标/链向/product 一致	AFE_2027；完全匹配；RefSeq protein_id exact	UniProt B7J4N8 (unreviewed)；InterPro IPR013785;IPR035587;IPR004653;IPR018517;；Pfam PF01207;；仍须保守位点/功能边界核验	KEGG KO K05539；BioCyc RXN-12456；Rhea RHEA:53336;RHEA:53340；数据库链接不算本基因催化验证	非明显转运类；不适用	旧编号命中 0；当前 RU/WP 命中 0/0；命中 DOI 初判见文献表，本基因专属实验仍待核	Rhea EC 方程仅作候选；基因关联、方向、区室、原子/电荷与辅因子未逐项确证	未命中原 GPR；不能据此判旧模型无同化学反应	证据不足暂缓	身份与表间引用已复核；功能/化学证据链未全部验收	G57-S01;G57-S03;G57-S04;G57-S02;G57-S05;G57-S06;G57-S07;G57-S11;G57-S13;G57-S15
1777	RU820_RS09375	WP_012536919.1	通过：同版 gene/CDS/WP/坐标/链向/product 一致	AFE_2028；完全匹配；RefSeq protein_id exact	UniProt B7J4N9 (unreviewed)；InterPro IPR035516;IPR013760;IPR013758;IPR013757;IPR002205;IPR005742;IPR050220;；Pfam PF00521;；仍须保守位点/功能边界核验	KEGG KO K02621；BioCyc 5.99.1.2-RXN;5.99.1.3-RXN；数据库链接不算本基因催化验证	非明显转运类；不适用	旧编号命中 0；当前 RU/WP 命中 0/0；命中 DOI 初判见文献表，本基因专属实验仍待核	未定义可接受的基因专属精确反应；化学字段暂缓	未命中原 GPR；不能据此判旧模型无同化学反应	证据不足暂缓	身份与表间引用已复核；功能/化学证据链未全部验收	G57-S01;G57-S03;G57-S04;G57-S02;G57-S05;G57-S06;G57-S11;G57-S13
1778	RU820_RS09380	WP_012536920.1	通过：同版 gene/CDS/WP/坐标/链向/product 一致	AFE_2029；完全匹配；RefSeq protein_id exact	UniProt B7J4P0 (unreviewed)；InterPro IPR002288;IPR036890;IPR003594;IPR020568;IPR014721;IPR001241;IPR013760;IPR013759;IPR013506;IPR018522;IPR005737;IPR006171;；Pfam PF00204;PF00986;PF02518;PF01751;；仍须保守位点/功能边界核验	KEGG KO K02622；数据库链接不算本基因催化验证	非明显转运类；不适用	旧编号命中 0；当前 RU/WP 命中 0/0；命中 DOI 初判见文献表，本基因专属实验仍待核	未定义可接受的基因专属精确反应；化学字段暂缓	未命中原 GPR；不能据此判旧模型无同化学反应	无需修改（暂定）	身份与表间引用已复核；功能/化学证据链未全部验收	G57-S01;G57-S03;G57-S04;G57-S02;G57-S05;G57-S11;G57-S13
1779	RU820_RS09385	WP_012536921.1	通过：同版 gene/CDS/WP/坐标/链向/product 一致	AFE_2031；完全匹配；RefSeq protein_id exact	UniProt B7J4P2 (unreviewed)；InterPro IPR003660;IPR036890;IPR003594;IPR005467;IPR003661;IPR036097;IPR004358;IPR050428;；Pfam PF26769;PF02518;PF00512;；仍须保守位点/功能边界核验	KEGG KO K02484；数据库链接不算本基因催化验证	非明显转运类；不适用	旧编号命中 0；当前 RU/WP 命中 0/0；命中 DOI 初判见文献表，本基因专属实验仍待核	未定义可接受的基因专属精确反应；化学字段暂缓	未命中原 GPR；不能据此判旧模型无同化学反应	无需修改（暂定）	身份与表间引用已复核；功能/化学证据链未全部验收	G57-S01;G57-S03;G57-S04;G57-S02;G57-S05;G57-S11;G57-S13
1780	RU820_RS09390	WP_012536922.1	通过：同版 gene/CDS/WP/坐标/链向/product 一致	AFE_2032；完全匹配；RefSeq protein_id exact	UniProt B7J4P3 (unreviewed)；InterPro IPR011006;IPR001867;IPR001789;IPR039420;IPR036388;；Pfam PF00072;PF00486;；仍须保守位点/功能边界核验	KEGG KO K02483；数据库链接不算本基因催化验证	非明显转运类；不适用	旧编号命中 0；当前 RU/WP 命中 0/0；命中 DOI 初判见文献表，本基因专属实验仍待核	未定义可接受的基因专属精确反应；化学字段暂缓	未命中原 GPR；不能据此判旧模型无同化学反应	无需修改（暂定）	身份与表间引用已复核；功能/化学证据链未全部验收	G57-S01;G57-S03;G57-S04;G57-S02;G57-S05;G57-S11;G57-S13
1781	RU820_RS09395	WP_009561000.1	通过：同版 gene/CDS/WP/坐标/链向/product 一致	AFE_2033；完全匹配；RefSeq protein_id exact	UniProt B7J4P4 (unreviewed)；InterPro IPR025711;；Pfam PF03413;；仍须保守位点/功能边界核验	D3-1-R 未提供基因专属精确反应；仍需功能检索	非明显转运类；不适用	旧编号命中 0；当前 RU/WP 命中 0/0；命中 DOI 初判见文献表，本基因专属实验仍待核	未定义可接受的基因专属精确反应；化学字段暂缓	未命中原 GPR；不能据此判旧模型无同化学反应	无需修改（暂定）	身份与表间引用已复核；功能/化学证据链未全部验收	G57-S01;G57-S03;G57-S04;G57-S02;G57-S11;G57-S13
1782	RU820_RS09400	WP_012536923.1	通过：同版 gene/CDS/WP/坐标/链向/product 一致	AFE_2034；完全匹配；RefSeq protein_id exact	UniProt B7J4P5 (unreviewed)；InterPro IPR011048;IPR051200;IPR015943;；Pfam ；仍须保守位点/功能边界核验	D3-1-R 未提供基因专属精确反应；仍需功能检索	非明显转运类；不适用	旧编号命中 0；当前 RU/WP 命中 0/0；命中 DOI 初判见文献表，本基因专属实验仍待核	未定义可接受的基因专属精确反应；化学字段暂缓	未命中原 GPR；不能据此判旧模型无同化学反应	无需修改（暂定）	身份与表间引用已复核；功能/化学证据链未全部验收	G57-S01;G57-S03;G57-S04;G57-S02;G57-S11;G57-S13
1783	RU820_RS09405	WP_012607294.1	通过：同版 gene/CDS/WP/坐标/链向/product 一致	AFE_2035；完全匹配；RefSeq protein_id exact	UniProt B7J4P6 (unreviewed)；InterPro IPR027463;IPR001036;；Pfam PF00873;；仍须保守位点/功能边界核验	KEGG KO K18138；数据库链接不算本基因催化验证	家族候选 2.A.6.1.7；阈值支持 是；同一性 0.3264、覆盖率 0.9484；底物/耦联/方向未证	旧编号命中 0；当前 RU/WP 命中 0/0；命中 DOI 初判见文献表，本基因专属实验仍待核	未定义可接受的基因专属精确反应；化学字段暂缓	未命中原 GPR；不能据此判旧模型无同化学反应	证据不足暂缓	身份与表间引用已复核；功能/化学证据链未全部验收	G57-S01;G57-S03;G57-S04;G57-S02;G57-S05;G57-S11;G57-S13;G57-S22
1784	RU820_RS09410	WP_009566498.1	通过：同版 gene/CDS/WP/坐标/链向/product 一致	AFE_2036；完全匹配；RefSeq protein_id exact	UniProt B7J4P7 (unreviewed)；InterPro IPR058625;IPR051909;IPR006143;IPR058637;；Pfam PF25917;PF25989;；仍须保守位点/功能边界核验	KEGG KO K03585；数据库链接不算本基因催化验证	家族候选 2.A.6.2.41；阈值支持 是；同一性 0.3392、覆盖率 0.8266；底物/耦联/方向未证	旧编号命中 0；当前 RU/WP 命中 0/0；命中 DOI 初判见文献表，本基因专属实验仍待核	未定义可接受的基因专属精确反应；化学字段暂缓	未命中原 GPR；不能据此判旧模型无同化学反应	证据不足暂缓	身份与表间引用已复核；功能/化学证据链未全部验收	G57-S01;G57-S03;G57-S04;G57-S02;G57-S05;G57-S11;G57-S13;G57-S22
1785	RU820_RS09415	WP_012536925.1	通过：同版 gene/CDS/WP/坐标/链向/product 一致	AFE_2037；完全匹配；RefSeq protein_id exact	UniProt B7J4P8 (unreviewed)；InterPro IPR010131;IPR003423;；Pfam PF02321;；仍须保守位点/功能边界核验	D3-1-R 未提供基因专属精确反应；仍需功能检索	非明显转运类；不适用	旧编号命中 0；当前 RU/WP 命中 0/0；命中 DOI 初判见文献表，本基因专属实验仍待核	未定义可接受的基因专属精确反应；化学字段暂缓	未命中原 GPR；不能据此判旧模型无同化学反应	无需修改（暂定）	身份与表间引用已复核；功能/化学证据链未全部验收	G57-S01;G57-S03;G57-S04;G57-S02;G57-S11;G57-S13
1786	RU820_RS09420	WP_009566496.1	通过：同版 gene/CDS/WP/坐标/链向/product 一致	AFE_2040；完全匹配；RefSeq protein_id exact	UniProt B7J4Q1 (unreviewed)；InterPro IPR000531;IPR036942;IPR012910;IPR037066;IPR039426;；Pfam PF07715;PF00593;；仍须保守位点/功能边界核验	KEGG KO K02014；数据库链接不算本基因催化验证	家族候选 1.B.14.8.1；阈值支持 是；同一性 0.3205、覆盖率 0.7891；底物/耦联/方向未证	旧编号命中 0；当前 RU/WP 命中 0/0；命中 DOI 初判见文献表，本基因专属实验仍待核	未定义可接受的基因专属精确反应；化学字段暂缓	未命中原 GPR；不能据此判旧模型无同化学反应	证据不足暂缓	身份与表间引用已复核；功能/化学证据链未全部验收	G57-S01;G57-S03;G57-S04;G57-S02;G57-S05;G57-S11;G57-S13;G57-S22
1787	RU820_RS09425	WP_012536926.1	通过：同版 gene/CDS/WP/坐标/链向/product 一致	AFE_2041；完全匹配；RefSeq protein_id exact	同株 UniProt RefSeq 交叉引用未命中；仅有 NCBI product，功能未独立核实	D3-1-R 未提供基因专属精确反应；仍需功能检索	非明显转运类；不适用	旧编号命中 0；当前 RU/WP 命中 0/0；命中 DOI 初判见文献表，本基因专属实验仍待核	未定义可接受的基因专属精确反应；化学字段暂缓	未命中原 GPR；不能据此判旧模型无同化学反应	无需修改（暂定）	身份与表间引用已复核；功能/化学证据链未全部验收	G57-S01;G57-S03;G57-S04;G57-S02;G57-S13
1788	RU820_RS09430	WP_012607299.1	通过：同版 gene/CDS/WP/坐标/链向/product 一致	AFE_2043；完全匹配；RefSeq protein_id exact	UniProt B7J4Q4 (unreviewed)；InterPro IPR027463;IPR001036;；Pfam PF00873;；仍须保守位点/功能边界核验	KEGG KO K18138；数据库链接不算本基因催化验证	家族候选 2.A.6.2.34；阈值支持 是；同一性 0.3168、覆盖率 0.9176；底物/耦联/方向未证	旧编号命中 0；当前 RU/WP 命中 0/0；命中 DOI 初判见文献表，本基因专属实验仍待核	未定义可接受的基因专属精确反应；化学字段暂缓	未命中原 GPR；不能据此判旧模型无同化学反应	证据不足暂缓	身份与表间引用已复核；功能/化学证据链未全部验收	G57-S01;G57-S03;G57-S04;G57-S02;G57-S05;G57-S11;G57-S13;G57-S22
1789	RU820_RS09435	WP_012536928.1	通过：同版 gene/CDS/WP/坐标/链向/product 一致	AFE_2044；完全匹配；RefSeq protein_id exact	UniProt B7J4Q5 (unreviewed)；InterPro IPR058648;IPR006143;；Pfam PF25893;；仍须保守位点/功能边界核验	KEGG KO K03585；数据库链接不算本基因催化验证	家族候选 2.A.6.1.10；阈值支持 是；同一性 0.363、覆盖率 0.8363；底物/耦联/方向未证	旧编号命中 0；当前 RU/WP 命中 0/0；命中 DOI 初判见文献表，本基因专属实验仍待核	未定义可接受的基因专属精确反应；化学字段暂缓	未命中原 GPR；不能据此判旧模型无同化学反应	证据不足暂缓	身份与表间引用已复核；功能/化学证据链未全部验收	G57-S01;G57-S03;G57-S04;G57-S02;G57-S05;G57-S11;G57-S13;G57-S22
1790	RU820_RS09440	WP_012536929.1	通过：同版 gene/CDS/WP/坐标/链向/product 一致	AFE_2045；完全匹配；RefSeq protein_id exact	UniProt B7J4Q6 (unreviewed)；InterPro IPR003423;IPR051906;；Pfam PF02321;；仍须保守位点/功能边界核验	D3-1-R 未提供基因专属精确反应；仍需功能检索	非明显转运类；不适用	旧编号命中 0；当前 RU/WP 命中 0/0；命中 DOI 初判见文献表，本基因专属实验仍待核	未定义可接受的基因专属精确反应；化学字段暂缓	未命中原 GPR；不能据此判旧模型无同化学反应	无需修改（暂定）	身份与表间引用已复核；功能/化学证据链未全部验收	G57-S01;G57-S03;G57-S04;G57-S02;G57-S11;G57-S13
1791	RU820_RS09450	WP_012536930.1	通过：同版 gene/CDS/WP/坐标/链向/product 一致	AFE_2047；完全匹配；RefSeq protein_id exact	UniProt B7J4Q9 (unreviewed)；InterPro IPR035968;；Pfam ；仍须保守位点/功能边界核验	BioCyc ATPSYN-RXN；Rhea RHEA:57720；数据库链接不算本基因催化验证	非明显转运类；不适用	旧编号命中 0；当前 RU/WP 命中 0/0；命中 DOI 初判见文献表，本基因专属实验仍待核	Rhea EC 方程仅作候选；基因关联、方向、区室、原子/电荷与辅因子未逐项确证	历史候选：ATPS5rpp；原 A—P 见反应表	证据不足暂缓	身份与表间引用已复核；功能/化学证据链未全部验收	G57-S01;G57-S03;G57-S04;G57-S02;G57-S06;G57-S07;G57-S08;G57-S11;G57-S12;G57-S13;G57-S15
1792	RU820_RS09455	WP_012536932.1	通过：同版 gene/CDS/WP/坐标/链向/product 一致	AFE_2050；完全匹配；RefSeq protein_id exact	UniProt B7J4R1 (unreviewed)；InterPro ；Pfam ；仍须保守位点/功能边界核验	D3-1-R 未提供基因专属精确反应；仍需功能检索	非明显转运类；不适用	旧编号命中 0；当前 RU/WP 命中 0/0；命中 DOI 初判见文献表，本基因专属实验仍待核	未定义可接受的基因专属精确反应；化学字段暂缓	未命中原 GPR；不能据此判旧模型无同化学反应	无需修改（暂定）	身份与表间引用已复核；功能/化学证据链未全部验收	G57-S01;G57-S03;G57-S04;G57-S02;G57-S11;G57-S13
1793	RU820_RS09460	WP_009564632.1	通过：同版 gene/CDS/WP/坐标/链向/product 一致	未确认；未映射；	同株 UniProt RefSeq 交叉引用未命中；仅有 NCBI product，功能未独立核实	D3-1-R 未提供基因专属精确反应；仍需功能检索	非明显转运类；不适用	旧编号命中 0；当前 RU/WP 命中 0/0；命中 DOI 初判见文献表，本基因专属实验仍待核	未定义可接受的基因专属精确反应；化学字段暂缓	未命中原 GPR；不能据此判旧模型无同化学反应	无需修改（暂定）	身份与表间引用已复核；功能/化学证据链未全部验收	G57-S01;G57-S03;G57-S04;G57-S13
1794	RU820_RS09465	WP_012536933.1	通过：同版 gene/CDS/WP/坐标/链向/product 一致	AFE_2052；完全匹配；RefSeq protein_id exact	UniProt B7J4R3 (unreviewed)；InterPro IPR050638;IPR000620;IPR037185;；Pfam PF00892;；仍须保守位点/功能边界核验	D3-1-R 未提供基因专属精确反应；仍需功能检索	家族候选 2.A.7.3.63；阈值支持 是；同一性 0.5405、覆盖率 0.9542；底物/耦联/方向未证	旧编号命中 0；当前 RU/WP 命中 0/0；命中 DOI 初判见文献表，本基因专属实验仍待核	未定义可接受的基因专属精确反应；化学字段暂缓	未命中原 GPR；不能据此判旧模型无同化学反应	证据不足暂缓	身份与表间引用已复核；功能/化学证据链未全部验收	G57-S01;G57-S03;G57-S04;G57-S02;G57-S11;G57-S13;G57-S22
1795	RU820_RS09470	WP_012536934.1	通过：同版 gene/CDS/WP/坐标/链向/product 一致	AFE_2053；完全匹配；RefSeq protein_id exact	UniProt B7J4R4 (unreviewed)；InterPro IPR023962;IPR029061;IPR009014;IPR005593;IPR018969;IPR019790;IPR018970;IPR019789;；Pfam PF03894;PF09363;PF09364;；仍须保守位点/功能边界核验	KEGG KO K01621；KEGG R R00761;R01621；Rhea RHEA:10468;RHEA:12196；数据库链接不算本基因催化验证	非明显转运类；不适用	旧编号命中 1；当前 RU/WP 命中 0/0；命中 DOI 初判见文献表，本基因专属实验仍待核	Rhea EC 方程仅作候选；基因关联、方向、区室、原子/电荷与辅因子未逐项确证	未命中原 GPR；不能据此判旧模型无同化学反应	证据不足暂缓	身份与表间引用已复核；功能/化学证据链未全部验收	G57-S01;G57-S03;G57-S04;G57-S02;G57-S05;G57-S07;G57-S11;G57-S13;G57-S15
1796	RU820_RS09475	WP_012536935.1	通过：同版 gene/CDS/WP/坐标/链向/product 一致	AFE_2054；完全匹配；RefSeq protein_id exact	UniProt B7J4R5 (unreviewed)；InterPro IPR007433;；Pfam PF04338;；仍须保守位点/功能边界核验	KEGG KO K07283；数据库链接不算本基因催化验证	非明显转运类；不适用	旧编号命中 0；当前 RU/WP 命中 0/0；命中 DOI 初判见文献表，本基因专属实验仍待核	未定义可接受的基因专属精确反应；化学字段暂缓	未命中原 GPR；不能据此判旧模型无同化学反应	无需修改（暂定）	身份与表间引用已复核；功能/化学证据链未全部验收	G57-S01;G57-S03;G57-S04;G57-S02;G57-S05;G57-S11;G57-S13
1797	RU820_RS09485	WP_012536936.1	通过：同版 gene/CDS/WP/坐标/链向/product 一致	AFE_2056；完全匹配；RefSeq protein_id exact	同株 UniProt RefSeq 交叉引用未命中；仅有 NCBI product，功能未独立核实	KEGG KO K03074；数据库链接不算本基因催化验证	非明显转运类；不适用	旧编号命中 0；当前 RU/WP 命中 0/0；命中 DOI 初判见文献表，本基因专属实验仍待核	未定义可接受的基因专属精确反应；化学字段暂缓	未命中原 GPR；不能据此判旧模型无同化学反应	无需修改（暂定）	身份与表间引用已复核；功能/化学证据链未全部验收	G57-S01;G57-S03;G57-S04;G57-S02;G57-S05;G57-S13
1798	RU820_RS09490	WP_012536937.1	通过：同版 gene/CDS/WP/坐标/链向/product 一致	AFE_2057；完全匹配；RefSeq protein_id exact	UniProt B7J4R7 (unreviewed)；InterPro IPR001036;IPR005791;IPR027398;IPR022813;IPR022646;IPR048631;IPR048634;IPR055344;IPR054384;；Pfam PF07549;PF13721;PF21760;PF02355;PF22599;；仍须保守位点/功能边界核验	KEGG KO K03072；数据库链接不算本基因催化验证	非明显转运类；不适用	旧编号命中 0；当前 RU/WP 命中 0/0；命中 DOI 初判见文献表，本基因专属实验仍待核	未定义可接受的基因专属精确反应；化学字段暂缓	未命中原 GPR；不能据此判旧模型无同化学反应	无需修改（暂定）	身份与表间引用已复核；功能/化学证据链未全部验收	G57-S01;G57-S03;G57-S04;G57-S02;G57-S05;G57-S11;G57-S13
1799	RU820_RS09495	WP_009561802.1	通过：同版 gene/CDS/WP/坐标/链向/product 一致	AFE_2058；完全匹配；RefSeq protein_id exact	UniProt B7J4R8 (unreviewed)；InterPro IPR003849;；Pfam PF02699;；仍须保守位点/功能边界核验	KEGG KO K03210；BioCyc TRANS-RXN-468；数据库链接不算本基因催化验证	非明显转运类；不适用	旧编号命中 0；当前 RU/WP 命中 0/0；命中 DOI 初判见文献表，本基因专属实验仍待核	未定义可接受的基因专属精确反应；化学字段暂缓	未命中原 GPR；不能据此判旧模型无同化学反应	证据不足暂缓	身份与表间引用已复核；功能/化学证据链未全部验收	G57-S01;G57-S03;G57-S04;G57-S02;G57-S05;G57-S06;G57-S11;G57-S13
1800	RU820_RS09500	WP_012536938.1	通过：同版 gene/CDS/WP/坐标/链向/product 一致	AFE_2059；完全匹配；RefSeq protein_id exact	UniProt B7J4R9 (reviewed)；InterPro IPR004803;IPR036511;IPR002616;；Pfam PF01702;；仍须保守位点/功能边界核验	KEGG KO K00773；KEGG R R10209；BioCyc RXN0-1321；Rhea RHEA:24104；数据库链接不算本基因催化验证	非明显转运类；不适用	旧编号命中 0；当前 RU/WP 命中 0/0；命中 DOI 初判见文献表，本基因专属实验仍待核	Rhea EC 方程仅作候选；基因关联、方向、区室、原子/电荷与辅因子未逐项确证	未命中原 GPR；不能据此判旧模型无同化学反应	证据不足暂缓	身份与表间引用已复核；功能/化学证据链未全部验收	G57-S01;G57-S03;G57-S04;G57-S02;G57-S05;G57-S06;G57-S07;G57-S11;G57-S13;G57-S15
1801	RU820_RS09505	WP_012536939.1	通过：同版 gene/CDS/WP/坐标/链向/product 一致	AFE_2060；完全匹配；RefSeq protein_id exact	UniProt B7J4S0 (unreviewed)；InterPro IPR003699;IPR042118;IPR042119;IPR036100;；Pfam PF02547;；仍须保守位点/功能边界核验	KEGG KO K07568；KEGG R R10220；BioCyc RXN0-1342；Rhea RHEA:32155；数据库链接不算本基因催化验证	非明显转运类；不适用	旧编号命中 0；当前 RU/WP 命中 0/0；命中 DOI 初判见文献表，本基因专属实验仍待核	Rhea EC 方程仅作候选；基因关联、方向、区室、原子/电荷与辅因子未逐项确证	未命中原 GPR；不能据此判旧模型无同化学反应	证据不足暂缓	身份与表间引用已复核；功能/化学证据链未全部验收	G57-S01;G57-S03;G57-S04;G57-S02;G57-S05;G57-S06;G57-S07;G57-S11;G57-S13;G57-S15
1802	RU820_RS09510	WP_225487043.1	通过：同版 gene/CDS/WP/坐标/链向/product 一致	AFE_2061；完全匹配；RefSeq protein_id exact	同株 UniProt RefSeq 交叉引用未命中；仅有 NCBI product，功能未独立核实	KEGG KO K03699；数据库链接不算本基因催化验证	非明显转运类；不适用	旧编号命中 0；当前 RU/WP 命中 0/0；命中 DOI 初判见文献表，本基因专属实验仍待核	未定义可接受的基因专属精确反应；化学字段暂缓	未命中原 GPR；不能据此判旧模型无同化学反应	无需修改（暂定）	身份与表间引用已复核；功能/化学证据链未全部验收	G57-S01;G57-S03;G57-S04;G57-S02;G57-S05;G57-S13
1803	RU820_RS09515	WP_225487044.1	通过：同版 gene/CDS/WP/坐标/链向/product 一致	AFE_2062；完全匹配；RefSeq protein_id exact	同株 UniProt RefSeq 交叉引用未命中；仅有 NCBI product，功能未独立核实	D3-1-R 未提供基因专属精确反应；仍需功能检索	非明显转运类；不适用	旧编号命中 0；当前 RU/WP 命中 0/0；命中 DOI 初判见文献表，本基因专属实验仍待核	未定义可接受的基因专属精确反应；化学字段暂缓	未命中原 GPR；不能据此判旧模型无同化学反应	无需修改（暂定）	身份与表间引用已复核；功能/化学证据链未全部验收	G57-S01;G57-S03;G57-S04;G57-S02;G57-S13
1804	RU820_RS09520	WP_012536942.1	通过：同版 gene/CDS/WP/坐标/链向/product 一致	AFE_2063；完全匹配；RefSeq protein_id exact	UniProt B7J4S3 (unreviewed)；InterPro IPR000277;IPR054542;IPR006234;IPR015424;IPR015421;IPR015422;；Pfam PF01053;；仍须保守位点/功能边界核验	KEGG KO K10764；KEGG R R01288；BioCyc RXN-9384；数据库链接不算本基因催化验证	非明显转运类；不适用	旧编号命中 0；当前 RU/WP 命中 0/1；同株来源实验已核，边界见逐基因审查	未定义可接受的基因专属精确反应；化学字段暂缓	原 GPR：HACT；完整 A—P 见反应表	证据不足暂缓	身份与表间引用已复核；功能/化学证据链未全部验收	G57-S01;G57-S03;G57-S04;G57-S02;G57-S05;G57-S06;G57-S11;G57-S13;G57-S21
1805	RU820_RS09525	WP_012607305.1	通过：同版 gene/CDS/WP/坐标/链向/product 一致	未确认；未映射；	同株 UniProt RefSeq 交叉引用未命中；仅有 NCBI product，功能未独立核实	D3-1-R 未提供基因专属精确反应；仍需功能检索	非明显转运类；不适用	旧编号命中 0；当前 RU/WP 命中 0/0；命中 DOI 初判见文献表，本基因专属实验仍待核	未定义可接受的基因专属精确反应；化学字段暂缓	未命中原 GPR；不能据此判旧模型无同化学反应	证据不足暂缓	身份与表间引用已复核；功能/化学证据链未全部验收	G57-S01;G57-S03;G57-S04;G57-S13
1806	RU820_RS09530	WP_012536944.1	通过：同版 gene/CDS/WP/坐标/链向/product 一致	AFE_2065；完全匹配；RefSeq protein_id exact	UniProt B7J4S5 (unreviewed)；InterPro IPR003825;IPR052719;；Pfam PF02674;；仍须保守位点/功能边界核验	KEGG KO K03558；数据库链接不算本基因催化验证	非明显转运类；不适用	旧编号命中 0；当前 RU/WP 命中 0/0；命中 DOI 初判见文献表，本基因专属实验仍待核	未定义可接受的基因专属精确反应；化学字段暂缓	未命中原 GPR；不能据此判旧模型无同化学反应	无需修改（暂定）	身份与表间引用已复核；功能/化学证据链未全部验收	G57-S01;G57-S03;G57-S04;G57-S02;G57-S05;G57-S11;G57-S13
1807	RU820_RS09535	WP_012536945.1	通过：同版 gene/CDS/WP/坐标/链向/product 一致	AFE_2066；完全匹配；RefSeq protein_id exact	UniProt B7J4S6 (unreviewed)；InterPro IPR001645;IPR036565;IPR004101;IPR036615;；Pfam PF02875;；仍须保守位点/功能边界核验	KEGG KO K11754；KEGG R R00942;R02237;R04241；BioCyc DIHYDROFOLATESYNTH-RXN;FOLYLPOLYGLUTAMATESYNTH-RXN;FORMYLTHFGLUSYNTH-RXN;RXN-6341;RXN0-2921;RXN2DNV-43；Rhea RHEA:10580;RHEA:23584;RHEA:51904;RHEA:51912；数据库链接不算本基因催化验证	非明显转运类；不适用	旧编号命中 0；当前 RU/WP 命中 0/0；命中 DOI 初判见文献表，本基因专属实验仍待核	Rhea EC 方程仅作候选；基因关联、方向、区室、原子/电荷与辅因子未逐项确证	原 GPR：DHFS；完整 A—P 见反应表	证据不足暂缓	身份与表间引用已复核；功能/化学证据链未全部验收	G57-S01;G57-S03;G57-S04;G57-S02;G57-S05;G57-S06;G57-S07;G57-S11;G57-S13;G57-S15
1808	RU820_RS09540	WP_012536946.1	通过：同版 gene/CDS/WP/坐标/链向/product 一致	AFE_2067；完全匹配；RefSeq protein_id exact	UniProt B7J4S7 (unreviewed)；InterPro IPR034733;IPR000438;IPR029045;IPR011762;IPR041010;；Pfam PF01039;PF17848;；仍须保守位点/功能边界核验	KEGG KO K01963；KEGG R R00742;R04386；BioCyc ACETYL-COA-CARBOXYLTRANSFER-RXN;RXN0-5055；Rhea RHEA:11308;RHEA:54728；数据库链接不算本基因催化验证	非明显转运类；不适用	旧编号命中 0；当前 RU/WP 命中 0/0；命中 DOI 初判见文献表，本基因专属实验仍待核	Rhea EC 方程仅作候选；基因关联、方向、区室、原子/电荷与辅因子未逐项确证	原 GPR：ACCOAC;BIOC1；完整 A—P 见反应表	证据不足暂缓	身份与表间引用已复核；功能/化学证据链未全部验收	G57-S01;G57-S03;G57-S04;G57-S02;G57-S05;G57-S06;G57-S07;G57-S11;G57-S13;G57-S18;G57-S15
1809	RU820_RS09545	WP_009567136.1	通过：同版 gene/CDS/WP/坐标/链向/product 一致	AFE_2068；完全匹配；RefSeq protein_id exact	UniProt B7J4S8 (reviewed)；InterPro IPR013785;IPR011060;IPR018204;IPR002028;；Pfam PF00290;；仍须保守位点/功能边界核验	KEGG KO K01695；KEGG R R00674;R02340;R02722；BioCyc TRYPSYN-RXN；Rhea RHEA:10532；数据库链接不算本基因催化验证	非明显转运类；不适用	旧编号命中 0；当前 RU/WP 命中 0/0；命中 DOI 初判见文献表，本基因专属实验仍待核	Rhea EC 方程仅作候选；基因关联、方向、区室、原子/电荷与辅因子未逐项确证	原 GPR：TRPS2;TRPS3；完整 A—P 见反应表	证据不足暂缓	身份与表间引用已复核；功能/化学证据链未全部验收	G57-S01;G57-S03;G57-S04;G57-S02;G57-S05;G57-S06;G57-S07;G57-S11;G57-S13;G57-S15
1810	RU820_RS09550	WP_012536947.1	通过：同版 gene/CDS/WP/坐标/链向/product 一致	AFE_2069；完全匹配；RefSeq protein_id exact	UniProt B7J4S9 (reviewed)；InterPro IPR006653;IPR006654;IPR023026;IPR001926;IPR036052;；Pfam PF00291;；仍须保守位点/功能边界核验	KEGG KO K01696；KEGG R R00674;R02340;R02722；BioCyc TRYPSYN-RXN；Rhea RHEA:10532；数据库链接不算本基因催化验证	非明显转运类；不适用	旧编号命中 0；当前 RU/WP 命中 0/0；命中 DOI 初判见文献表，本基因专属实验仍待核	Rhea EC 方程仅作候选；基因关联、方向、区室、原子/电荷与辅因子未逐项确证	原 GPR：TRPS2；完整 A—P 见反应表	证据不足暂缓	身份与表间引用已复核；功能/化学证据链未全部验收	G57-S01;G57-S03;G57-S04;G57-S02;G57-S05;G57-S06;G57-S07;G57-S11;G57-S13;G57-S15
1811	RU820_RS09555	WP_012536948.1	通过：同版 gene/CDS/WP/坐标/链向/product 一致	AFE_2070；完全匹配；RefSeq protein_id exact	同株 UniProt RefSeq 交叉引用未命中；仅有 NCBI product，功能未独立核实	KEGG KO K01817；KEGG R R03509；BioCyc PRAISOM-RXN；Rhea RHEA:21540；数据库链接不算本基因催化验证	非明显转运类；不适用	旧编号命中 0；当前 RU/WP 命中 0/0；命中 DOI 初判见文献表，本基因专属实验仍待核	Rhea EC 方程仅作候选；基因关联、方向、区室、原子/电荷与辅因子未逐项确证	原 GPR：PRAI；完整 A—P 见反应表	证据不足暂缓	身份与表间引用已复核；功能/化学证据链未全部验收	G57-S01;G57-S03;G57-S04;G57-S02;G57-S05;G57-S06;G57-S07;G57-S13;G57-S15
1812	RU820_RS09560	WP_012536949.1	通过：同版 gene/CDS/WP/坐标/链向/product 一致	AFE_2071；完全匹配；RefSeq protein_id exact	UniProt B7J4T1 (unreviewed)；InterPro IPR020103;IPR001406;IPR020097;IPR020095;IPR020094;；Pfam PF01416;；仍须保守位点/功能边界核验	KEGG KO K06173；BioCyc TRNA-PSEUDOURIDINE-SYNTHASE-I-RXN；Rhea RHEA:22376；数据库链接不算本基因催化验证	非明显转运类；不适用	旧编号命中 0；当前 RU/WP 命中 0/0；命中 DOI 初判见文献表，本基因专属实验仍待核	Rhea EC 方程仅作候选；基因关联、方向、区室、原子/电荷与辅因子未逐项确证	未命中原 GPR；不能据此判旧模型无同化学反应	证据不足暂缓	身份与表间引用已复核；功能/化学证据链未全部验收	G57-S01;G57-S03;G57-S04;G57-S02;G57-S05;G57-S06;G57-S07;G57-S11;G57-S13;G57-S15
1813	RU820_RS09565	WP_009564641.1	通过：同版 gene/CDS/WP/坐标/链向/product 一致	AFE_2072；完全匹配；RefSeq protein_id exact	同株 UniProt RefSeq 交叉引用未命中；仅有 NCBI product，功能未独立核实	KEGG KO K08086；数据库链接不算本基因催化验证	非明显转运类；不适用	旧编号命中 0；当前 RU/WP 命中 0/0；命中 DOI 初判见文献表，本基因专属实验仍待核	未定义可接受的基因专属精确反应；化学字段暂缓	未命中原 GPR；不能据此判旧模型无同化学反应	无需修改（暂定）	身份与表间引用已复核；功能/化学证据链未全部验收	G57-S01;G57-S03;G57-S04;G57-S02;G57-S05;G57-S13
1814	RU820_RS09570	WP_012536950.1	通过：同版 gene/CDS/WP/坐标/链向/product 一致	AFE_2074；完全匹配；RefSeq protein_id exact	UniProt B7J4T4 (unreviewed)；InterPro IPR012080;IPR005986;IPR036291;IPR000534;IPR012280;；Pfam PF01118;PF02774;；仍须保守位点/功能边界核验	KEGG KO K00133；KEGG R R02291；BioCyc ASPARTATE-SEMIALDEHYDE-DEHYDROGENASE-RXN；Rhea RHEA:24284；数据库链接不算本基因催化验证	非明显转运类；不适用	旧编号命中 0；当前 RU/WP 命中 0/0；命中 DOI 初判见文献表，本基因专属实验仍待核	Rhea EC 方程仅作候选；基因关联、方向、区室、原子/电荷与辅因子未逐项确证	原 GPR：ASAD；完整 A—P 见反应表	证据不足暂缓	身份与表间引用已复核；功能/化学证据链未全部验收	G57-S01;G57-S03;G57-S04;G57-S02;G57-S05;G57-S06;G57-S07;G57-S11;G57-S13;G57-S15
1815	RU820_RS09575	WP_012536951.1	通过：同版 gene/CDS/WP/坐标/链向/product 一致	AFE_2075；完全匹配；RefSeq protein_id exact	UniProt B7J4T5 (unreviewed)；InterPro IPR019818;IPR024084;IPR004429;；Pfam PF00180;；仍须保守位点/功能边界核验	KEGG KO K00052；KEGG R R00994;R04426;R10052；BioCyc RXN-13158;RXN-14986;RXNQT-4165;RXNQT-4168;RXNQT-4171;RXNQT-4174;RXNQT-4178；Rhea RHEA:32271；数据库链接不算本基因催化验证	非明显转运类；不适用	旧编号命中 0；当前 RU/WP 命中 0/0；命中 DOI 初判见文献表，本基因专属实验仍待核	Rhea EC 方程仅作候选；基因关联、方向、区室、原子/电荷与辅因子未逐项确证	原 GPR：IPMD；完整 A—P 见反应表	证据不足暂缓	身份与表间引用已复核；功能/化学证据链未全部验收	G57-S01;G57-S03;G57-S04;G57-S02;G57-S05;G57-S06;G57-S07;G57-S08;G57-S11;G57-S13;G57-S15
1816	RU820_RS09580	WP_009567445.1	通过：同版 gene/CDS/WP/坐标/链向/product 一致	AFE_2076；完全匹配；RefSeq protein_id exact	同株 UniProt RefSeq 交叉引用未命中；仅有 NCBI product，功能未独立核实	KEGG KO K03752；KEGG R R11581；BioCyc RXN-16427;RXN-21295;RXN-21601;RXN0-262；Rhea RHEA:34243；数据库链接不算本基因催化验证	非明显转运类；不适用	旧编号命中 0；当前 RU/WP 命中 0/0；命中 DOI 初判见文献表，本基因专属实验仍待核	Rhea EC 方程仅作候选；基因关联、方向、区室、原子/电荷与辅因子未逐项确证	未命中原 GPR；不能据此判旧模型无同化学反应	证据不足暂缓	身份与表间引用已复核；功能/化学证据链未全部验收	G57-S01;G57-S03;G57-S04;G57-S02;G57-S05;G57-S06;G57-S07;G57-S13;G57-S15
1817	RU820_RS09585	WP_012536952.1	通过：同版 gene/CDS/WP/坐标/链向/product 一致	AFE_2077；完全匹配；RefSeq protein_id exact	UniProt B7J4T7 (unreviewed)；InterPro IPR052539;IPR004435;IPR027417;；Pfam PF03205;；仍须保守位点/功能边界核验	KEGG KO K03753；BioCyc RXN0-262；Rhea RHEA:34243；数据库链接不算本基因催化验证	非明显转运类；不适用	旧编号命中 0；当前 RU/WP 命中 0/0；命中 DOI 初判见文献表，本基因专属实验仍待核	Rhea EC 方程仅作候选；基因关联、方向、区室、原子/电荷与辅因子未逐项确证	未命中原 GPR；不能据此判旧模型无同化学反应	证据不足暂缓	身份与表间引用已复核；功能/化学证据链未全部验收	G57-S01;G57-S03;G57-S04;G57-S02;G57-S05;G57-S06;G57-S07;G57-S11;G57-S13;G57-S15
1818	RU820_RS09590	WP_012536953.1	通过：同版 gene/CDS/WP/坐标/链向/product 一致	AFE_2078；完全匹配；RefSeq protein_id exact	UniProt B7J4T8 (unreviewed)；InterPro IPR036425;IPR001453;IPR008284;IPR038987;IPR005111;IPR036688;IPR005110;IPR036135;；Pfam PF00994;PF03454;PF03453;；仍须保守位点/功能边界核验	KEGG KO K03750；KEGG R R09735；BioCyc RXN-8348；Rhea RHEA:35047；数据库链接不算本基因催化验证	非明显转运类；不适用	旧编号命中 0；当前 RU/WP 命中 0/0；命中 DOI 初判见文献表，本基因专属实验仍待核	Rhea EC 方程仅作候选；基因关联、方向、区室、原子/电荷与辅因子未逐项确证	未命中原 GPR；不能据此判旧模型无同化学反应	证据不足暂缓	身份与表间引用已复核；功能/化学证据链未全部验收	G57-S01;G57-S03;G57-S04;G57-S02;G57-S05;G57-S06;G57-S07;G57-S11;G57-S13;G57-S15
1819	RU820_RS09595	WP_012536954.1	通过：同版 gene/CDS/WP/坐标/链向/product 一致	AFE_2079；完全匹配；RefSeq protein_id exact	UniProt B7J4T9 (unreviewed)；InterPro IPR025202;IPR051406;IPR001736;；Pfam PF13091;；仍须保守位点/功能边界核验	D3-1-R 未提供基因专属精确反应；仍需功能检索	非明显转运类；不适用	旧编号命中 0；当前 RU/WP 命中 0/0；命中 DOI 初判见文献表，本基因专属实验仍待核	未定义可接受的基因专属精确反应；化学字段暂缓	未命中原 GPR；不能据此判旧模型无同化学反应	无需修改（暂定）	身份与表间引用已复核；功能/化学证据链未全部验收	G57-S01;G57-S03;G57-S04;G57-S02;G57-S11;G57-S13
1820	RU820_RS09600	WP_012536955.1	通过：同版 gene/CDS/WP/坐标/链向/product 一致	AFE_2080；完全匹配；RefSeq protein_id exact	UniProt B7J4U0 (unreviewed)；InterPro IPR029045;IPR004634;IPR004635;IPR002142;IPR047217;IPR047272;；Pfam PF01343;；仍须保守位点/功能边界核验	KEGG KO K04773；BioCyc RXN0-3201；数据库链接不算本基因催化验证	非明显转运类；不适用	旧编号命中 0；当前 RU/WP 命中 0/0；命中 DOI 初判见文献表，本基因专属实验仍待核	未定义可接受的基因专属精确反应；化学字段暂缓	未命中原 GPR；不能据此判旧模型无同化学反应	证据不足暂缓	身份与表间引用已复核；功能/化学证据链未全部验收	G57-S01;G57-S03;G57-S04;G57-S02;G57-S05;G57-S06;G57-S11;G57-S13
1821	RU820_RS09605	WP_012536956.1	通过：同版 gene/CDS/WP/坐标/链向/product 一致	AFE_2081；完全匹配；RefSeq protein_id exact	UniProt B7J4U1 (unreviewed)；InterPro IPR006047;IPR017853;IPR012767;；Pfam PF00128;；仍须保守位点/功能边界核验	KEGG KO K06044；KEGG R R01824;R09995；BioCyc 5.4.99.15-RXN；Rhea RHEA:13621；数据库链接不算本基因催化验证	非明显转运类；不适用	旧编号命中 1；当前 RU/WP 命中 0/0；命中 DOI 初判见文献表，本基因专属实验仍待核	Rhea EC 方程仅作候选；基因关联、方向、区室、原子/电荷与辅因子未逐项确证	未命中原 GPR；不能据此判旧模型无同化学反应	证据不足暂缓	身份与表间引用已复核；功能/化学证据链未全部验收	G57-S01;G57-S03;G57-S04;G57-S02;G57-S05;G57-S06;G57-S07;G57-S11;G57-S13;G57-S15
1822	RU820_RS09610	WP_225487046.1	通过：同版 gene/CDS/WP/坐标/链向/product 一致	AFE_2082；完全匹配；RefSeq protein_id exact	同株 UniProt RefSeq 交叉引用未命中；仅有 NCBI product，功能未独立核实	KEGG KO K01236；KEGG R R09995;R11256；BioCyc 3.2.1.141-RXN；数据库链接不算本基因催化验证	非明显转运类；不适用	旧编号命中 1；当前 RU/WP 命中 0/0；命中 DOI 初判见文献表，本基因专属实验仍待核	未定义可接受的基因专属精确反应；化学字段暂缓	未命中原 GPR；不能据此判旧模型无同化学反应	证据不足暂缓	身份与表间引用已复核；功能/化学证据链未全部验收	G57-S01;G57-S03;G57-S04;G57-S02;G57-S05;G57-S06;G57-S13
1823	RU820_RS09615	WP_226833834.1	通过：同版 gene/CDS/WP/坐标/链向/product 一致	AFE_2083；完全匹配；RefSeq protein_id exact	同株 UniProt RefSeq 交叉引用未命中；仅有 NCBI product，功能未独立核实	KEGG KO K13057；KEGG R R08946;R10525;R11306；Rhea RHEA:25408;RHEA:47416；数据库链接不算本基因催化验证	非明显转运类；不适用	旧编号命中 1；当前 RU/WP 命中 0/0；命中 DOI 初判见文献表，本基因专属实验仍待核	Rhea EC 方程仅作候选；基因关联、方向、区室、原子/电荷与辅因子未逐项确证	未命中原 GPR；不能据此判旧模型无同化学反应	证据不足暂缓	身份与表间引用已复核；功能/化学证据链未全部验收	G57-S01;G57-S03;G57-S04;G57-S02;G57-S05;G57-S07;G57-S13;G57-S15
1824	RU820_RS09620	WP_012536959.1	通过：同版 gene/CDS/WP/坐标/链向/product 一致	AFE_2084；完全匹配；RefSeq protein_id exact	UniProt B7J4U4 (unreviewed)；InterPro IPR044036;；Pfam PF19027;；仍须保守位点/功能边界核验	D3-1-R 未提供基因专属精确反应；仍需功能检索	非明显转运类；不适用	旧编号命中 0；当前 RU/WP 命中 0/0；命中 DOI 初判见文献表，本基因专属实验仍待核	未定义可接受的基因专属精确反应；化学字段暂缓	未命中原 GPR；不能据此判旧模型无同化学反应	无需修改（暂定）	身份与表间引用已复核；功能/化学证据链未全部验收	G57-S01;G57-S03;G57-S04;G57-S02;G57-S11;G57-S13
1825	RU820_RS09625	WP_012536960.1	通过：同版 gene/CDS/WP/坐标/链向/product 一致	AFE_2085；完全匹配；RefSeq protein_id exact	UniProt B7J4U5 (unreviewed)；InterPro IPR029058;IPR002925;IPR050261;；Pfam PF01738;；仍须保守位点/功能边界核验	D3-1-R 未提供基因专属精确反应；仍需功能检索	非明显转运类；不适用	旧编号命中 0；当前 RU/WP 命中 0/0；命中 DOI 初判见文献表，本基因专属实验仍待核	未定义可接受的基因专属精确反应；化学字段暂缓	未命中原 GPR；不能据此判旧模型无同化学反应	证据不足暂缓	身份与表间引用已复核；功能/化学证据链未全部验收	G57-S01;G57-S03;G57-S04;G57-S02;G57-S11;G57-S13
1826	RU820_RS09630	WP_009567699.1	通过：同版 gene/CDS/WP/坐标/链向/product 一致	AFE_2086；完全匹配；RefSeq protein_id exact	UniProt B7J4U6 (unreviewed)；InterPro IPR002068;IPR008978;IPR031107;；Pfam PF00011;；仍须保守位点/功能边界核验	KEGG KO K13993；数据库链接不算本基因催化验证	非明显转运类；不适用	旧编号命中 1；当前 RU/WP 命中 0/0；命中 DOI 初判见文献表，本基因专属实验仍待核	未定义可接受的基因专属精确反应；化学字段暂缓	未命中原 GPR；不能据此判旧模型无同化学反应	无需修改（暂定）	身份与表间引用已复核；功能/化学证据链未全部验收	G57-S01;G57-S03;G57-S04;G57-S02;G57-S05;G57-S11;G57-S13
1827	RU820_RS09635	WP_009567700.1	通过：同版 gene/CDS/WP/坐标/链向/product 一致	AFE_2088；完全匹配；RefSeq protein_id exact	UniProt B7J4U8 (unreviewed)；InterPro IPR013154;IPR014187;IPR011032;IPR036291;；Pfam PF08240;；仍须保守位点/功能边界核验	KEGG KO K13953；KEGG R R00623;R00754;R02124;R04880;R05233;R05234;R06917;R06927;R07105;R08281;R08306;R08310；Rhea RHEA:10736;RHEA:25290；数据库链接不算本基因催化验证	非明显转运类；不适用	旧编号命中 0；当前 RU/WP 命中 0/0；命中 DOI 初判见文献表，本基因专属实验仍待核	Rhea EC 方程仅作候选；基因关联、方向、区室、原子/电荷与辅因子未逐项确证	未命中原 GPR；不能据此判旧模型无同化学反应	证据不足暂缓	身份与表间引用已复核；功能/化学证据链未全部验收	G57-S01;G57-S03;G57-S04;G57-S02;G57-S05;G57-S07;G57-S11;G57-S13;G57-S15
1828	RU820_RS09640	WP_157293215.1	通过：同版 gene/CDS/WP/坐标/链向/product 一致	AFE_2089；完全匹配；RefSeq protein_id exact	同株 UniProt RefSeq 交叉引用未命中；仅有 NCBI product，功能未独立核实	BioCyc RXN-16660;RXN-16665;RXN0-5401；数据库链接不算本基因催化验证	非明显转运类；不适用	旧编号命中 0；当前 RU/WP 命中 0/0；命中 DOI 初判见文献表，本基因专属实验仍待核	未定义可接受的基因专属精确反应；化学字段暂缓	未命中原 GPR；不能据此判旧模型无同化学反应	证据不足暂缓	身份与表间引用已复核；功能/化学证据链未全部验收	G57-S01;G57-S03;G57-S04;G57-S02;G57-S06;G57-S13
1829	RU820_RS09645	WP_009567117.1	通过：同版 gene/CDS/WP/坐标/链向/product 一致	AFE_2090；完全匹配；RefSeq protein_id exact	UniProt B7J4V0 (unreviewed)；InterPro IPR050083;IPR001915;；Pfam PF01435;；仍须保守位点/功能边界核验	KEGG KO K03799；数据库链接不算本基因催化验证	非明显转运类；不适用	旧编号命中 0；当前 RU/WP 命中 0/0；命中 DOI 初判见文献表，本基因专属实验仍待核	未定义可接受的基因专属精确反应；化学字段暂缓	未命中原 GPR；不能据此判旧模型无同化学反应	无需修改（暂定）	身份与表间引用已复核；功能/化学证据链未全部验收	G57-S01;G57-S03;G57-S04;G57-S02;G57-S05;G57-S11;G57-S13
1830	RU820_RS09650	WP_012536962.1	通过：同版 gene/CDS/WP/坐标/链向/product 一致	AFE_2091；完全匹配；RefSeq protein_id exact	UniProt B7J4V1 (unreviewed)；InterPro IPR004638;IPR011701;IPR020846;IPR036259;；Pfam PF07690;；仍须保守位点/功能边界核验	KEGG KO K03446；数据库链接不算本基因催化验证	家族候选 2.A.1.3.2；阈值支持 是；同一性 0.3728、覆盖率 0.8959；底物/耦联/方向未证	旧编号命中 0；当前 RU/WP 命中 0/0；命中 DOI 初判见文献表，本基因专属实验仍待核	未定义可接受的基因专属精确反应；化学字段暂缓	未命中原 GPR；不能据此判旧模型无同化学反应	证据不足暂缓	身份与表间引用已复核；功能/化学证据链未全部验收	G57-S01;G57-S03;G57-S04;G57-S02;G57-S05;G57-S11;G57-S13;G57-S22
1831	RU820_RS09655	WP_012536963.1	通过：同版 gene/CDS/WP/坐标/链向/product 一致	未确认；未映射；	同株 UniProt RefSeq 交叉引用未命中；仅有 NCBI product，功能未独立核实	D3-1-R 未提供基因专属精确反应；仍需功能检索	非明显转运类；不适用	旧编号命中 0；当前 RU/WP 命中 0/0；命中 DOI 初判见文献表，本基因专属实验仍待核	未定义可接受的基因专属精确反应；化学字段暂缓	未命中原 GPR；不能据此判旧模型无同化学反应	无需修改（暂定）	身份与表间引用已复核；功能/化学证据链未全部验收	G57-S01;G57-S03;G57-S04;G57-S13
1832	RU820_RS09660	WP_012536964.1	通过：同版 gene/CDS/WP/坐标/链向/product 一致	AFE_2093；完全匹配；RefSeq protein_id exact	同株 UniProt RefSeq 交叉引用未命中；仅有 NCBI product，功能未独立核实	BioCyc RXN0-5131；数据库链接不算本基因催化验证	非明显转运类；不适用	旧编号命中 0；当前 RU/WP 命中 0/0；命中 DOI 初判见文献表，本基因专属实验仍待核	未定义可接受的基因专属精确反应；化学字段暂缓	未命中原 GPR；不能据此判旧模型无同化学反应	证据不足暂缓	身份与表间引用已复核；功能/化学证据链未全部验收	G57-S01;G57-S03;G57-S04;G57-S02;G57-S06;G57-S13
1833	RU820_RS09665	WP_012536965.1	通过：同版 gene/CDS/WP/坐标/链向/product 一致	AFE_2094；完全匹配；RefSeq protein_id exact	UniProt B7J4V4 (unreviewed)；InterPro ；Pfam ；仍须保守位点/功能边界核验	D3-1-R 未提供基因专属精确反应；仍需功能检索	非明显转运类；不适用	旧编号命中 0；当前 RU/WP 命中 0/0；命中 DOI 初判见文献表，本基因专属实验仍待核	未定义可接受的基因专属精确反应；化学字段暂缓	未命中原 GPR；不能据此判旧模型无同化学反应	无需修改（暂定）	身份与表间引用已复核；功能/化学证据链未全部验收	G57-S01;G57-S03;G57-S04;G57-S02;G57-S11;G57-S13
1834	RU820_RS09670	WP_012607314.1	通过：同版 gene/CDS/WP/坐标/链向/product 一致	AFE_2095；完全匹配；RefSeq protein_id exact	UniProt B7J4V5 (unreviewed)；InterPro ；Pfam ；仍须保守位点/功能边界核验	D3-1-R 未提供基因专属精确反应；仍需功能检索	非明显转运类；不适用	旧编号命中 0；当前 RU/WP 命中 0/0；命中 DOI 初判见文献表，本基因专属实验仍待核	未定义可接受的基因专属精确反应；化学字段暂缓	未命中原 GPR；不能据此判旧模型无同化学反应	无需修改（暂定）	身份与表间引用已复核；功能/化学证据链未全部验收	G57-S01;G57-S03;G57-S04;G57-S02;G57-S11;G57-S13
1835	RU820_RS09680	WP_012536966.1	通过：同版 gene/CDS/WP/坐标/链向/product 一致	AFE_2096；完全匹配；RefSeq protein_id exact	UniProt B7J4V6 (unreviewed)；InterPro ；Pfam ；仍须保守位点/功能边界核验	D3-1-R 未提供基因专属精确反应；仍需功能检索	非明显转运类；不适用	旧编号命中 0；当前 RU/WP 命中 0/0；命中 DOI 初判见文献表，本基因专属实验仍待核	未定义可接受的基因专属精确反应；化学字段暂缓	未命中原 GPR；不能据此判旧模型无同化学反应	无需修改（暂定）	身份与表间引用已复核；功能/化学证据链未全部验收	G57-S01;G57-S03;G57-S04;G57-S02;G57-S11;G57-S13
1836	RU820_RS09685	WP_012536967.1	通过：同版 gene/CDS/WP/坐标/链向/product 一致	AFE_2097；完全匹配；RefSeq protein_id exact	UniProt B7J4V7 (unreviewed)；InterPro IPR003776;；Pfam PF02624;；仍须保守位点/功能边界核验	D3-1-R 未提供基因专属精确反应；仍需功能检索	非明显转运类；不适用	旧编号命中 0；当前 RU/WP 命中 0/0；命中 DOI 初判见文献表，本基因专属实验仍待核	未定义可接受的基因专属精确反应；化学字段暂缓	未命中原 GPR；不能据此判旧模型无同化学反应	无需修改（暂定）	身份与表间引用已复核；功能/化学证据链未全部验收	G57-S01;G57-S03;G57-S04;G57-S02;G57-S11;G57-S13
1837	RU820_RS09690	WP_074874203.1	通过：同版 gene/CDS/WP/坐标/链向/product 一致	未确认；未映射；	同株 UniProt RefSeq 交叉引用未命中；仅有 NCBI product，功能未独立核实	D3-1-R 未提供基因专属精确反应；仍需功能检索	非明显转运类；不适用	旧编号命中 0；当前 RU/WP 命中 0/0；命中 DOI 初判见文献表，本基因专属实验仍待核	未定义可接受的基因专属精确反应；化学字段暂缓	未命中原 GPR；不能据此判旧模型无同化学反应	证据不足暂缓	身份与表间引用已复核；功能/化学证据链未全部验收	G57-S01;G57-S03;G57-S04;G57-S13
1838	RU820_RS09695	WP_148208624.1	通过：同版 gene/CDS/WP/坐标/链向/product 一致	未确认；未映射；	同株 UniProt RefSeq 交叉引用未命中；仅有 NCBI product，功能未独立核实	D3-1-R 未提供基因专属精确反应；仍需功能检索	非明显转运类；不适用	旧编号命中 0；当前 RU/WP 命中 0/0；命中 DOI 初判见文献表，本基因专属实验仍待核	未定义可接受的基因专属精确反应；化学字段暂缓	未命中原 GPR；不能据此判旧模型无同化学反应	证据不足暂缓	身份与表间引用已复核；功能/化学证据链未全部验收	G57-S01;G57-S03;G57-S04;G57-S13
1839	RU820_RS09700	WP_012536969.1	通过：同版 gene/CDS/WP/坐标/链向/product 一致	未确认；未映射；	同株 UniProt RefSeq 交叉引用未命中；仅有 NCBI product，功能未独立核实	D3-1-R 未提供基因专属精确反应；仍需功能检索	非明显转运类；不适用	旧编号命中 0；当前 RU/WP 命中 0/0；命中 DOI 初判见文献表，本基因专属实验仍待核	未定义可接受的基因专属精确反应；化学字段暂缓	未命中原 GPR；不能据此判旧模型无同化学反应	证据不足暂缓	身份与表间引用已复核；功能/化学证据链未全部验收	G57-S01;G57-S03;G57-S04;G57-S13
1840	RU820_RS09710	WP_041647398.1	通过：同版 gene/CDS/WP/坐标/链向/product 一致	未确认；未映射；	同株 UniProt RefSeq 交叉引用未命中；仅有 NCBI product，功能未独立核实	D3-1-R 未提供基因专属精确反应；仍需功能检索	非明显转运类；不适用	旧编号命中 0；当前 RU/WP 命中 0/0；命中 DOI 初判见文献表，本基因专属实验仍待核	未定义可接受的基因专属精确反应；化学字段暂缓	未命中原 GPR；不能据此判旧模型无同化学反应	无需修改（暂定）	身份与表间引用已复核；功能/化学证据链未全部验收	G57-S01;G57-S03;G57-S04;G57-S13
1841	RU820_RS09715	WP_012536971.1	通过：同版 gene/CDS/WP/坐标/链向/product 一致	AFE_2103；完全匹配；RefSeq protein_id exact	同株 UniProt RefSeq 交叉引用未命中；仅有 NCBI product，功能未独立核实	KEGG KO K07799；数据库链接不算本基因催化验证	家族候选 2.A.6.2.44；阈值支持 是；同一性 0.3586、覆盖率 0.9397；底物/耦联/方向未证	旧编号命中 0；当前 RU/WP 命中 0/0；命中 DOI 初判见文献表，本基因专属实验仍待核	未定义可接受的基因专属精确反应；化学字段暂缓	未命中原 GPR；不能据此判旧模型无同化学反应	证据不足暂缓	身份与表间引用已复核；功能/化学证据链未全部验收	G57-S01;G57-S03;G57-S04;G57-S02;G57-S05;G57-S13;G57-S22
1842	RU820_RS09720	WP_012536972.1	通过：同版 gene/CDS/WP/坐标/链向/product 一致	AFE_2104；完全匹配；RefSeq protein_id exact	UniProt B7J4W3 (unreviewed)；InterPro IPR027463;IPR001036;；Pfam PF00873;；仍须保守位点/功能边界核验	KEGG KO K07788；数据库链接不算本基因催化验证	家族候选 2.A.6.2.39；阈值支持 是；同一性 0.4131、覆盖率 0.9739；底物/耦联/方向未证	旧编号命中 0；当前 RU/WP 命中 0/0；命中 DOI 初判见文献表，本基因专属实验仍待核	未定义可接受的基因专属精确反应；化学字段暂缓	未命中原 GPR；不能据此判旧模型无同化学反应	证据不足暂缓	身份与表间引用已复核；功能/化学证据链未全部验收	G57-S01;G57-S03;G57-S04;G57-S02;G57-S05;G57-S11;G57-S13;G57-S22
1843	RU820_RS09725	WP_012536973.1	通过：同版 gene/CDS/WP/坐标/链向/product 一致	AFE_2105；完全匹配；RefSeq protein_id exact	UniProt B7J4W4 (unreviewed)；InterPro IPR003593;IPR003439;IPR050763;IPR015856;IPR027417;；Pfam PF00005;；仍须保守位点/功能边界核验	KEGG KO K01990；数据库链接不算本基因催化验证	非明显转运类；不适用	旧编号命中 0；当前 RU/WP 命中 0/0；命中 DOI 初判见文献表，本基因专属实验仍待核	未定义可接受的基因专属精确反应；化学字段暂缓	未命中原 GPR；不能据此判旧模型无同化学反应	无需修改（暂定）	身份与表间引用已复核；功能/化学证据链未全部验收	G57-S01;G57-S03;G57-S04;G57-S02;G57-S05;G57-S11;G57-S13
1844	RU820_RS09730	WP_012536974.1	通过：同版 gene/CDS/WP/坐标/链向/product 一致	AFE_2106；完全匹配；RefSeq protein_id exact	UniProt B7J4W5 (unreviewed)；InterPro ；Pfam ；仍须保守位点/功能边界核验	KEGG KO K01992；数据库链接不算本基因催化验证	非明显转运类；不适用	旧编号命中 0；当前 RU/WP 命中 0/0；命中 DOI 初判见文献表，本基因专属实验仍待核	未定义可接受的基因专属精确反应；化学字段暂缓	未命中原 GPR；不能据此判旧模型无同化学反应	无需修改（暂定）	身份与表间引用已复核；功能/化学证据链未全部验收	G57-S01;G57-S03;G57-S04;G57-S02;G57-S05;G57-S11;G57-S13
1845	RU820_RS09735	WP_325064125.1	通过：同版 gene/CDS/WP/坐标/链向/product 一致	AFE_2107；完全匹配；RefSeq protein_id exact	同株 UniProt RefSeq 交叉引用未命中；仅有 NCBI product，功能未独立核实	KEGG KO K01992；数据库链接不算本基因催化验证	家族候选 3.A.1.4.1；阈值支持 是；同一性 0.375、覆盖率 0.7716；底物/耦联/方向未证	旧编号命中 0；当前 RU/WP 命中 0/0；命中 DOI 初判见文献表，本基因专属实验仍待核	未定义可接受的基因专属精确反应；化学字段暂缓	未命中原 GPR；不能据此判旧模型无同化学反应	证据不足暂缓	身份与表间引用已复核；功能/化学证据链未全部验收	G57-S01;G57-S03;G57-S04;G57-S02;G57-S05;G57-S13;G57-S22
1846	RU820_RS09740	WP_229129717.1	通过：同版 gene/CDS/WP/坐标/链向/product 一致	未确认；未映射；	同株 UniProt RefSeq 交叉引用未命中；仅有 NCBI product，功能未独立核实	D3-1-R 未提供基因专属精确反应；仍需功能检索	非明显转运类；不适用	旧编号命中 0；当前 RU/WP 命中 0/0；命中 DOI 初判见文献表，本基因专属实验仍待核	未定义可接受的基因专属精确反应；化学字段暂缓	未命中原 GPR；不能据此判旧模型无同化学反应	无需修改（暂定）	身份与表间引用已复核；功能/化学证据链未全部验收	G57-S01;G57-S03;G57-S04;G57-S13
1847	RU820_RS09745	WP_041646221.1	通过：同版 gene/CDS/WP/坐标/链向/product 一致	未确认；未映射；	同株 UniProt RefSeq 交叉引用未命中；仅有 NCBI product，功能未独立核实	D3-1-R 未提供基因专属精确反应；仍需功能检索	非明显转运类；不适用	旧编号命中 0；当前 RU/WP 命中 0/0；命中 DOI 初判见文献表，本基因专属实验仍待核	未定义可接受的基因专属精确反应；化学字段暂缓	未命中原 GPR；不能据此判旧模型无同化学反应	无需修改（暂定）	身份与表间引用已复核；功能/化学证据链未全部验收	G57-S01;G57-S03;G57-S04;G57-S13
1848	RU820_RS09750	WP_012536979.1	通过：同版 gene/CDS/WP/坐标/链向/product 一致	AFE_2111；完全匹配；RefSeq protein_id exact	UniProt B7J4W9 (unreviewed)；InterPro IPR000120;IPR020556;IPR023631;IPR036928;IPR004412;；Pfam PF01425;；仍须保守位点/功能边界核验	KEGG KO K02433；KEGG R R03905;R04212；BioCyc 6.3.5.6-RXN;6.3.5.7-RXN；Rhea RHEA:14513;RHEA:17521；数据库链接不算本基因催化验证	非明显转运类；不适用	旧编号命中 0；当前 RU/WP 命中 0/0；命中 DOI 初判见文献表，本基因专属实验仍待核	Rhea EC 方程仅作候选；基因关联、方向、区室、原子/电荷与辅因子未逐项确证	未命中原 GPR；不能据此判旧模型无同化学反应	证据不足暂缓	身份与表间引用已复核；功能/化学证据链未全部验收	G57-S01;G57-S03;G57-S04;G57-S02;G57-S05;G57-S06;G57-S07;G57-S08;G57-S11;G57-S13;G57-S15
1849	RU820_RS09755	WP_012536980.1	通过：同版 gene/CDS/WP/坐标/链向/product 一致	AFE_2112；完全匹配；RefSeq protein_id exact	UniProt B7J4X0 (reviewed)；InterPro IPR036113;IPR003837;；Pfam PF02686;；仍须保守位点/功能边界核验	KEGG KO K02435；KEGG R R03905;R04212；BioCyc 6.3.5.6-RXN;6.3.5.7-RXN；Rhea RHEA:14513;RHEA:17521；数据库链接不算本基因催化验证	非明显转运类；不适用	旧编号命中 0；当前 RU/WP 命中 0/0；命中 DOI 初判见文献表，本基因专属实验仍待核	Rhea EC 方程仅作候选；基因关联、方向、区室、原子/电荷与辅因子未逐项确证	未命中原 GPR；不能据此判旧模型无同化学反应	证据不足暂缓	身份与表间引用已复核；功能/化学证据链未全部验收	G57-S01;G57-S03;G57-S04;G57-S02;G57-S05;G57-S06;G57-S07;G57-S08;G57-S11;G57-S13;G57-S15
1850	RU820_RS09760	WP_012536981.1	通过：同版 gene/CDS/WP/坐标/链向/product 一致	AFE_2113；完全匹配；RefSeq protein_id exact	同株 UniProt RefSeq 交叉引用未命中；仅有 NCBI product，功能未独立核实	KEGG KO K04754；数据库链接不算本基因催化验证	非明显转运类；不适用	旧编号命中 0；当前 RU/WP 命中 0/0；命中 DOI 初判见文献表，本基因专属实验仍待核	未定义可接受的基因专属精确反应；化学字段暂缓	未命中原 GPR；不能据此判旧模型无同化学反应	无需修改（暂定）	身份与表间引用已复核；功能/化学证据链未全部验收	G57-S01;G57-S03;G57-S04;G57-S02;G57-S05;G57-S13
1851	RU820_RS09765	WP_012536982.1	通过：同版 gene/CDS/WP/坐标/链向/product 一致	AFE_2114；完全匹配；RefSeq protein_id exact	UniProt B7J4X2 (unreviewed)；InterPro IPR017842;IPR008869;IPR042245;；Pfam PF05494;；仍须保守位点/功能边界核验	KEGG KO K07323；数据库链接不算本基因催化验证	非明显转运类；不适用	旧编号命中 0；当前 RU/WP 命中 0/0；命中 DOI 初判见文献表，本基因专属实验仍待核	未定义可接受的基因专属精确反应；化学字段暂缓	未命中原 GPR；不能据此判旧模型无同化学反应	无需修改（暂定）	身份与表间引用已复核；功能/化学证据链未全部验收	G57-S01;G57-S03;G57-S04;G57-S02;G57-S05;G57-S11;G57-S13
1852	RU820_RS09770	WP_012536983.1	通过：同版 gene/CDS/WP/坐标/链向/product 一致	AFE_2115；完全匹配；RefSeq protein_id exact	UniProt B7J4X3 (unreviewed)；InterPro IPR013785;IPR022563;IPR017833;IPR050377;IPR007197;IPR058240;；Pfam PF11946;PF04055;；仍须保守位点/功能边界核验	BioCyc RXN-13528；数据库链接不算本基因催化验证	非明显转运类；不适用	旧编号命中 0；当前 RU/WP 命中 0/0；命中 DOI 初判见文献表，本基因专属实验仍待核	未定义可接受的基因专属精确反应；化学字段暂缓	未命中原 GPR；不能据此判旧模型无同化学反应	证据不足暂缓	身份与表间引用已复核；功能/化学证据链未全部验收	G57-S01;G57-S03;G57-S04;G57-S02;G57-S06;G57-S11;G57-S13
1853	RU820_RS09775	WP_012536984.1	通过：同版 gene/CDS/WP/坐标/链向/product 一致	AFE_2116；完全匹配；RefSeq protein_id exact	UniProt B7J4X4 (unreviewed)；InterPro IPR009078;；Pfam ；仍须保守位点/功能边界核验	D3-1-R 未提供基因专属精确反应；仍需功能检索	非明显转运类；不适用	旧编号命中 0；当前 RU/WP 命中 0/0；命中 DOI 初判见文献表，本基因专属实验仍待核	未定义可接受的基因专属精确反应；化学字段暂缓	未命中原 GPR；不能据此判旧模型无同化学反应	无需修改（暂定）	身份与表间引用已复核；功能/化学证据链未全部验收	G57-S01;G57-S03;G57-S04;G57-S02;G57-S11;G57-S13
1854	RU820_RS09780	WP_012607322.1	通过：同版 gene/CDS/WP/坐标/链向/product 一致	未确认；未映射；	同株 UniProt RefSeq 交叉引用未命中；仅有 NCBI product，功能未独立核实	D3-1-R 未提供基因专属精确反应；仍需功能检索	非明显转运类；不适用	旧编号命中 0；当前 RU/WP 命中 0/0；命中 DOI 初判见文献表，本基因专属实验仍待核	未定义可接受的基因专属精确反应；化学字段暂缓	未命中原 GPR；不能据此判旧模型无同化学反应	无需修改（暂定）	身份与表间引用已复核；功能/化学证据链未全部验收	G57-S01;G57-S03;G57-S04;G57-S13
1855	RU820_RS09785	WP_012536985.1	通过：同版 gene/CDS/WP/坐标/链向/product 一致	AFE_2118；完全匹配；RefSeq protein_id exact	同株 UniProt RefSeq 交叉引用未命中；仅有 NCBI product，功能未独立核实	KEGG KO K07003；数据库链接不算本基因催化验证	家族候选 2.A.6.7.8；阈值支持 是；同一性 0.3818、覆盖率 0.9256；底物/耦联/方向未证	旧编号命中 0；当前 RU/WP 命中 0/0；命中 DOI 初判见文献表，本基因专属实验仍待核	未定义可接受的基因专属精确反应；化学字段暂缓	未命中原 GPR；不能据此判旧模型无同化学反应	证据不足暂缓	身份与表间引用已复核；功能/化学证据链未全部验收	G57-S01;G57-S03;G57-S04;G57-S02;G57-S05;G57-S13;G57-S22
1856	RU820_RS09790	WP_012536986.1	通过：同版 gene/CDS/WP/坐标/链向/product 一致	AFE_2119；完全匹配；RefSeq protein_id exact	UniProt B7J4X7 (unreviewed)；InterPro IPR011330;IPR017836;IPR006879;；Pfam PF04794;；仍须保守位点/功能边界核验	D3-1-R 未提供基因专属精确反应；仍需功能检索	非明显转运类；不适用	旧编号命中 0；当前 RU/WP 命中 0/0；命中 DOI 初判见文献表，本基因专属实验仍待核	未定义可接受的基因专属精确反应；化学字段暂缓	未命中原 GPR；不能据此判旧模型无同化学反应	无需修改（暂定）	身份与表间引用已复核；功能/化学证据链未全部验收	G57-S01;G57-S03;G57-S04;G57-S02;G57-S11;G57-S13
1857	RU820_RS09795	WP_012536987.1	通过：同版 gene/CDS/WP/坐标/链向/product 一致	AFE_2120；完全匹配；RefSeq protein_id exact	UniProt B7J4X8 (unreviewed)；InterPro IPR051198;IPR006638;IPR017834;IPR034466;IPR007197;IPR058240;；Pfam PF04055;；仍须保守位点/功能边界核验	D3-1-R 未提供基因专属精确反应；仍需功能检索	非明显转运类；不适用	旧编号命中 0；当前 RU/WP 命中 0/0；命中 DOI 初判见文献表，本基因专属实验仍待核	未定义可接受的基因专属精确反应；化学字段暂缓	未命中原 GPR；不能据此判旧模型无同化学反应	无需修改（暂定）	身份与表间引用已复核；功能/化学证据链未全部验收	G57-S01;G57-S03;G57-S04;G57-S02;G57-S11;G57-S13
1858	RU820_RS09800	WP_009566461.1	通过：同版 gene/CDS/WP/坐标/链向/product 一致	AFE_2121；完全匹配；RefSeq protein_id exact	UniProt B7J4X9 (unreviewed)；InterPro IPR025993;IPR017835;IPR029044;；Pfam PF13506;；仍须保守位点/功能边界核验	D3-1-R 未提供基因专属精确反应；仍需功能检索	非明显转运类；不适用	旧编号命中 0；当前 RU/WP 命中 0/0；命中 DOI 初判见文献表，本基因专属实验仍待核	未定义可接受的基因专属精确反应；化学字段暂缓	未命中原 GPR；不能据此判旧模型无同化学反应	证据不足暂缓	身份与表间引用已复核；功能/化学证据链未全部验收	G57-S01;G57-S03;G57-S04;G57-S02;G57-S11;G57-S13
1859	RU820_RS09805	WP_012536988.1	通过：同版 gene/CDS/WP/坐标/链向/product 一致	AFE_2122；完全匹配；RefSeq protein_id exact	UniProt B7J4Y0 (unreviewed)；InterPro IPR001509;IPR017829;IPR036291;IPR051783;；Pfam PF01370;；仍须保守位点/功能边界核验	KEGG KO K00091；数据库链接不算本基因催化验证	非明显转运类；不适用	旧编号命中 0；当前 RU/WP 命中 0/0；命中 DOI 初判见文献表，本基因专属实验仍待核	未定义可接受的基因专属精确反应；化学字段暂缓	未命中原 GPR；不能据此判旧模型无同化学反应	证据不足暂缓	身份与表间引用已复核；功能/化学证据链未全部验收	G57-S01;G57-S03;G57-S04;G57-S02;G57-S05;G57-S11;G57-S13
1860	RU820_RS09810	WP_012536989.1	通过：同版 gene/CDS/WP/坐标/链向/product 一致	AFE_2123；完全匹配；RefSeq protein_id exact	UniProt B7J4Y1 (unreviewed)；InterPro IPR017831;IPR000845;IPR035994;；Pfam PF01048;；仍须保守位点/功能边界核验	BioCyc ADENOSYLHOMOCYSTEINE-NUCLEOSIDASE-RXN;METHYLTHIOADENOSINE-NUCLEOSIDASE-RXN；Rhea RHEA:13617;RHEA:17805；数据库链接不算本基因催化验证	非明显转运类；不适用	旧编号命中 0；当前 RU/WP 命中 0/0；命中 DOI 初判见文献表，本基因专属实验仍待核	Rhea EC 方程仅作候选；基因关联、方向、区室、原子/电荷与辅因子未逐项确证	原 GPR：AHCYSNS；完整 A—P 见反应表	证据不足暂缓	身份与表间引用已复核；功能/化学证据链未全部验收	G57-S01;G57-S03;G57-S04;G57-S02;G57-S06;G57-S07;G57-S11;G57-S13;G57-S15
1861	RU820_RS09815	WP_226833836.1	通过：同版 gene/CDS/WP/坐标/链向/product 一致	AFE_2124；完全匹配；RefSeq protein_id exact	同株 UniProt RefSeq 交叉引用未命中；仅有 NCBI product，功能未独立核实	KEGG KO K06045；KEGG R R07322;R07323；BioCyc 5.4.99.17-RXN；Rhea RHEA:16561;RHEA:17637；数据库链接不算本基因催化验证	非明显转运类；不适用	旧编号命中 0；当前 RU/WP 命中 0/0；命中 DOI 初判见文献表，本基因专属实验仍待核	Rhea EC 方程仅作候选；基因关联、方向、区室、原子/电荷与辅因子未逐项确证	未命中原 GPR；不能据此判旧模型无同化学反应	证据不足暂缓	身份与表间引用已复核；功能/化学证据链未全部验收	G57-S01;G57-S03;G57-S04;G57-S02;G57-S05;G57-S06;G57-S07;G57-S13;G57-S15
1862	RU820_RS09820	WP_012607324.1	通过：同版 gene/CDS/WP/坐标/链向/product 一致	AFE_2125；完全匹配；RefSeq protein_id exact	UniProt B7J4Y3 (unreviewed)；InterPro IPR008949;IPR002060;IPR019845;IPR044844;IPR033904;；Pfam PF00494;；仍须保守位点/功能边界核验	KEGG KO K10208；KEGG R R00702;R07652;R09793；Rhea RHEA:31547；数据库链接不算本基因催化验证	非明显转运类；不适用	旧编号命中 0；当前 RU/WP 命中 0/0；命中 DOI 初判见文献表，本基因专属实验仍待核	Rhea EC 方程仅作候选；基因关联、方向、区室、原子/电荷与辅因子未逐项确证	未命中原 GPR；不能据此判旧模型无同化学反应	证据不足暂缓	身份与表间引用已复核；功能/化学证据链未全部验收	G57-S01;G57-S03;G57-S04;G57-S02;G57-S05;G57-S07;G57-S11;G57-S13;G57-S15
1863	RU820_RS09825	WP_012536992.1	通过：同版 gene/CDS/WP/坐标/链向/product 一致	AFE_2126；完全匹配；RefSeq protein_id exact	UniProt B7J4Y4 (reviewed)；InterPro IPR008927;IPR013328;IPR006168;IPR006109;IPR011128;IPR036291;；Pfam PF07479;PF01210;；仍须保守位点/功能边界核验	KEGG KO K00057；KEGG R R00842;R00844；BioCyc GLYC3PDEHYDROGBIOSYN-RXN；Rhea RHEA:11092;RHEA:11096；数据库链接不算本基因催化验证	非明显转运类；不适用	旧编号命中 1；当前 RU/WP 命中 0/0；命中 DOI 初判见文献表，本基因专属实验仍待核	Rhea EC 方程仅作候选；基因关联、方向、区室、原子/电荷与辅因子未逐项确证	原 GPR：G3PD2；完整 A—P 见反应表	证据不足暂缓	身份与表间引用已复核；功能/化学证据链未全部验收	G57-S01;G57-S03;G57-S04;G57-S02;G57-S05;G57-S06;G57-S07;G57-S11;G57-S13;G57-S15
1864	RU820_RS09830	WP_012536993.1	通过：同版 gene/CDS/WP/坐标/链向/product 一致	AFE_2127；完全匹配；RefSeq protein_id exact	UniProt B7J4Y5 (reviewed)；InterPro IPR003708;IPR035958;；Pfam PF02556;；仍须保守位点/功能边界核验	KEGG KO K03071；数据库链接不算本基因催化验证	非明显转运类；不适用	旧编号命中 0；当前 RU/WP 命中 0/0；命中 DOI 初判见文献表，本基因专属实验仍待核	未定义可接受的基因专属精确反应；化学字段暂缓	未命中原 GPR；不能据此判旧模型无同化学反应	无需修改（暂定）	身份与表间引用已复核；功能/化学证据链未全部验收	G57-S01;G57-S03;G57-S04;G57-S02;G57-S05;G57-S11;G57-S13
1865	RU820_RS09840	WP_012536995.1	通过：同版 gene/CDS/WP/坐标/链向/product 一致	AFE_2129；完全匹配；RefSeq protein_id exact	UniProt B7J4Y6 (unreviewed)；InterPro IPR029060;IPR002716;IPR050556;IPR022907;；Pfam PF01850;；仍须保守位点/功能边界核验	KEGG KO K18828；数据库链接不算本基因催化验证	非明显转运类；不适用	旧编号命中 1；当前 RU/WP 命中 0/0；命中 DOI 初判见文献表，本基因专属实验仍待核	未定义可接受的基因专属精确反应；化学字段暂缓	未命中原 GPR；不能据此判旧模型无同化学反应	无需修改（暂定）	身份与表间引用已复核；功能/化学证据链未全部验收	G57-S01;G57-S03;G57-S04;G57-S02;G57-S05;G57-S11;G57-S13
1866	RU820_RS09845	WP_009567455.1	通过：同版 gene/CDS/WP/坐标/链向/product 一致	AFE_2130；完全匹配；RefSeq protein_id exact	UniProt B7J4Y7 (unreviewed)；InterPro IPR047976;IPR007159;IPR037914;IPR051734;；Pfam ；仍须保守位点/功能边界核验	KEGG KO K18829；数据库链接不算本基因催化验证	非明显转运类；不适用	旧编号命中 1；当前 RU/WP 命中 0/0；命中 DOI 初判见文献表，本基因专属实验仍待核	未定义可接受的基因专属精确反应；化学字段暂缓	未命中原 GPR；不能据此判旧模型无同化学反应	无需修改（暂定）	身份与表间引用已复核；功能/化学证据链未全部验收	G57-S01;G57-S03;G57-S04;G57-S02;G57-S05;G57-S11;G57-S13
1867	RU820_RS09850	WP_257246597.1	通过：同版 gene/CDS/WP/坐标/链向/product 一致	未确认；未映射；	同株 UniProt RefSeq 交叉引用未命中；仅有 NCBI product，功能未独立核实	D3-1-R 未提供基因专属精确反应；仍需功能检索	非明显转运类；不适用	旧编号命中 0；当前 RU/WP 命中 0/0；命中 DOI 初判见文献表，本基因专属实验仍待核	未定义可接受的基因专属精确反应；化学字段暂缓	未命中原 GPR；不能据此判旧模型无同化学反应	无需修改（暂定）	身份与表间引用已复核；功能/化学证据链未全部验收	G57-S01;G57-S03;G57-S04;G57-S13
1868	RU820_RS09855	WP_012536996.1	通过：同版 gene/CDS/WP/坐标/链向/product 一致	AFE_2131；完全匹配；RefSeq protein_id exact	UniProt B7J4Y8 (unreviewed)；InterPro IPR016161;IPR016163;IPR016160;IPR029510;IPR016162;IPR015590;；Pfam PF00171;；仍须保守位点/功能边界核验	KEGG KO K00138；KEGG R R00711；数据库链接不算本基因催化验证	非明显转运类；不适用	旧编号命中 0；当前 RU/WP 命中 0/0；命中 DOI 初判见文献表，本基因专属实验仍待核	未定义可接受的基因专属精确反应；化学字段暂缓	未命中原 GPR；不能据此判旧模型无同化学反应	证据不足暂缓	身份与表间引用已复核；功能/化学证据链未全部验收	G57-S01;G57-S03;G57-S04;G57-S02;G57-S05;G57-S11;G57-S13
1869	RU820_RS09860	WP_009566247.1	通过：同版 gene/CDS/WP/坐标/链向/product 一致	AFE_2132；完全匹配；RefSeq protein_id exact	UniProt B7J4Y9 (reviewed)；InterPro IPR002314;IPR006195;IPR045864;IPR004154;IPR036621;IPR002316;IPR004500;IPR023717;IPR050062;IPR044140;IPR033730;IPR036754;IPR007214;；Pfam PF03129;PF00587;PF04073;；仍须保守位点/功能边界核验	KEGG KO K01881；KEGG R R03661；BioCyc PROLINE--TRNA-LIGASE-RXN；Rhea RHEA:14305；数据库链接不算本基因催化验证	非明显转运类；不适用	旧编号命中 0；当前 RU/WP 命中 0/0；命中 DOI 初判见文献表，本基因专属实验仍待核	Rhea EC 方程仅作候选；基因关联、方向、区室、原子/电荷与辅因子未逐项确证	未命中原 GPR；不能据此判旧模型无同化学反应	证据不足暂缓	身份与表间引用已复核；功能/化学证据链未全部验收	G57-S01;G57-S03;G57-S04;G57-S02;G57-S05;G57-S06;G57-S07;G57-S11;G57-S13;G57-S15
1870	RU820_RS09865	WP_009566245.1	通过：同版 gene/CDS/WP/坐标/链向/product 一致	AFE_2133；完全匹配；RefSeq protein_id exact	UniProt B7J4Z0 (unreviewed)；InterPro IPR014729;IPR006015;IPR006016;；Pfam PF00582;；仍须保守位点/功能边界核验	D3-1-R 未提供基因专属精确反应；仍需功能检索	非明显转运类；不适用	旧编号命中 0；当前 RU/WP 命中 0/0；命中 DOI 初判见文献表，本基因专属实验仍待核	未定义可接受的基因专属精确反应；化学字段暂缓	未命中原 GPR；不能据此判旧模型无同化学反应	无需修改（暂定）	身份与表间引用已复核；功能/化学证据链未全部验收	G57-S01;G57-S03;G57-S04;G57-S02;G57-S11;G57-S13
1871	RU820_RS09870	WP_225487052.1	通过：同版 gene/CDS/WP/坐标/链向/product 一致	AFE_2134；完全匹配；RefSeq protein_id exact	同株 UniProt RefSeq 交叉引用未命中；仅有 NCBI product，功能未独立核实	KEGG KO K18480；数据库链接不算本基因催化验证	家族候选 3.A.1.14.27；阈值支持 是；同一性 0.4014、覆盖率 0.686；底物/耦联/方向未证	旧编号命中 0；当前 RU/WP 命中 0/0；命中 DOI 初判见文献表，本基因专属实验仍待核	未定义可接受的基因专属精确反应；化学字段暂缓	未命中原 GPR；不能据此判旧模型无同化学反应	无需修改（暂定）	身份与表间引用已复核；功能/化学证据链未全部验收	G57-S01;G57-S03;G57-S04;G57-S02;G57-S05;G57-S13;G57-S22
1872	RU820_RS09875	WP_009566240.1	通过：同版 gene/CDS/WP/坐标/链向/product 一致	AFE_2135；完全匹配；RefSeq protein_id exact	UniProt B7J4Z2 (unreviewed)；InterPro IPR003399;；Pfam PF02470;；仍须保守位点/功能边界核验	KEGG KO K02067；数据库链接不算本基因催化验证	非明显转运类；不适用	旧编号命中 0；当前 RU/WP 命中 0/0；命中 DOI 初判见文献表，本基因专属实验仍待核	未定义可接受的基因专属精确反应；化学字段暂缓	未命中原 GPR；不能据此判旧模型无同化学反应	无需修改（暂定）	身份与表间引用已复核；功能/化学证据链未全部验收	G57-S01;G57-S03;G57-S04;G57-S02;G57-S05;G57-S11;G57-S13
1873	RU820_RS09880	WP_012536999.1	通过：同版 gene/CDS/WP/坐标/链向/product 一致	AFE_2136；完全匹配；RefSeq protein_id exact	UniProt B7J4Z3 (unreviewed)；InterPro IPR000682;IPR029063;；Pfam PF01135;；仍须保守位点/功能边界核验	KEGG KO K00573；BioCyc 2.1.1.77-RXN；Rhea RHEA:12705；数据库链接不算本基因催化验证	非明显转运类；不适用	旧编号命中 0；当前 RU/WP 命中 0/0；命中 DOI 初判见文献表，本基因专属实验仍待核	Rhea EC 方程仅作候选；基因关联、方向、区室、原子/电荷与辅因子未逐项确证	未命中原 GPR；不能据此判旧模型无同化学反应	证据不足暂缓	身份与表间引用已复核；功能/化学证据链未全部验收	G57-S01;G57-S03;G57-S04;G57-S02;G57-S05;G57-S06;G57-S07;G57-S11;G57-S13;G57-S15
1874	RU820_RS09885	WP_012537000.1	通过：同版 gene/CDS/WP/坐标/链向/product 一致	AFE_2137；完全匹配；RefSeq protein_id exact	UniProt B7J4Z4 (unreviewed)；InterPro IPR000868;IPR036380;IPR050993;；Pfam PF00857;；仍须保守位点/功能边界核验	D3-1-R 未提供基因专属精确反应；仍需功能检索	非明显转运类；不适用	旧编号命中 0；当前 RU/WP 命中 0/0；命中 DOI 初判见文献表，本基因专属实验仍待核	未定义可接受的基因专属精确反应；化学字段暂缓	未命中原 GPR；不能据此判旧模型无同化学反应	无需修改（暂定）	身份与表间引用已复核；功能/化学证据链未全部验收	G57-S01;G57-S03;G57-S04;G57-S02;G57-S11;G57-S13
1875	RU820_RS09890	WP_012537001.1	通过：同版 gene/CDS/WP/坐标/链向/product 一致	AFE_2138；完全匹配；RefSeq protein_id exact	同株 UniProt RefSeq 交叉引用未命中；仅有 NCBI product，功能未独立核实	D3-1-R 未提供基因专属精确反应；仍需功能检索	非明显转运类；不适用	旧编号命中 0；当前 RU/WP 命中 0/0；命中 DOI 初判见文献表，本基因专属实验仍待核	未定义可接受的基因专属精确反应；化学字段暂缓	未命中原 GPR；不能据此判旧模型无同化学反应	无需修改（暂定）	身份与表间引用已复核；功能/化学证据链未全部验收	G57-S01;G57-S03;G57-S04;G57-S02;G57-S13
1876	RU820_RS09895	WP_009564309.1	通过：同版 gene/CDS/WP/坐标/链向/product 一致	AFE_2139；完全匹配；RefSeq protein_id exact	同株 UniProt RefSeq 交叉引用未命中；仅有 NCBI product，功能未独立核实	KEGG KO K09769；KEGG R R03537;R03538;R03929;R05135；Rhea RHEA:27858;RHEA:27878;RHEA:27882;RHEA:27886；数据库链接不算本基因催化验证	非明显转运类；不适用	旧编号命中 0；当前 RU/WP 命中 0/0；命中 DOI 初判见文献表，本基因专属实验仍待核	Rhea EC 方程仅作候选；基因关联、方向、区室、原子/电荷与辅因子未逐项确证	未命中原 GPR；不能据此判旧模型无同化学反应	证据不足暂缓	身份与表间引用已复核；功能/化学证据链未全部验收	G57-S01;G57-S03;G57-S04;G57-S02;G57-S05;G57-S07;G57-S13;G57-S15
1877	RU820_RS09900	WP_012607327.1	通过：同版 gene/CDS/WP/坐标/链向/product 一致	AFE_2140；完全匹配；RefSeq protein_id exact	UniProt B7J4Z7 (unreviewed)；InterPro IPR002698;IPR024185;IPR037171;；Pfam PF01812;；仍须保守位点/功能边界核验	KEGG KO K01934；KEGG R R02301；BioCyc 5-FORMYL-THF-CYCLO-LIGASE-RXN；Rhea RHEA:10488；数据库链接不算本基因催化验证	非明显转运类；不适用	旧编号命中 0；当前 RU/WP 命中 0/0；命中 DOI 初判见文献表，本基因专属实验仍待核	Rhea EC 方程仅作候选；基因关联、方向、区室、原子/电荷与辅因子未逐项确证	未命中原 GPR；不能据此判旧模型无同化学反应	证据不足暂缓	身份与表间引用已复核；功能/化学证据链未全部验收	G57-S01;G57-S03;G57-S04;G57-S02;G57-S05;G57-S06;G57-S07;G57-S11;G57-S13;G57-S15
1878	RU820_RS09910	WP_012537003.1	通过：同版 gene/CDS/WP/坐标/链向/product 一致	AFE_2142；完全匹配；RefSeq protein_id exact	UniProt B7J4Z8 (unreviewed)；InterPro IPR007838;IPR036192;IPR042233;；Pfam PF05164;；仍须保守位点/功能边界核验	KEGG KO K09888；数据库链接不算本基因催化验证	非明显转运类；不适用	旧编号命中 0；当前 RU/WP 命中 0/0；命中 DOI 初判见文献表，本基因专属实验仍待核	未定义可接受的基因专属精确反应；化学字段暂缓	未命中原 GPR；不能据此判旧模型无同化学反应	无需修改（暂定）	身份与表间引用已复核；功能/化学证据链未全部验收	G57-S01;G57-S03;G57-S04;G57-S02;G57-S05;G57-S11;G57-S13
1879	RU820_RS09915	WP_236608965.1	通过：同版 gene/CDS/WP/坐标/链向/product 一致	AFE_2143；完全匹配；RefSeq protein_id exact	同株 UniProt RefSeq 交叉引用未命中；仅有 NCBI product，功能未独立核实	D3-1-R 未提供基因专属精确反应；仍需功能检索	非明显转运类；不适用	旧编号命中 0；当前 RU/WP 命中 0/0；命中 DOI 初判见文献表，本基因专属实验仍待核	未定义可接受的基因专属精确反应；化学字段暂缓	未命中原 GPR；不能据此判旧模型无同化学反应	无需修改（暂定）	身份与表间引用已复核；功能/化学证据链未全部验收	G57-S01;G57-S03;G57-S04;G57-S02;G57-S13
1880	RU820_RS09920	WP_012537004.1	通过：同版 gene/CDS/WP/坐标/链向/product 一致	AFE_2144；完全匹配；RefSeq protein_id exact	UniProt B7J500 (unreviewed)；InterPro IPR050515;IPR012338;IPR005311;IPR036138;IPR001460;IPR017790;；Pfam PF03717;PF00905;；仍须保守位点/功能边界核验	KEGG KO K05515；BioCyc RXN-16649;RXN-16659；数据库链接不算本基因催化验证	非明显转运类；不适用	旧编号命中 0；当前 RU/WP 命中 0/0；命中 DOI 初判见文献表，本基因专属实验仍待核	未定义可接受的基因专属精确反应；化学字段暂缓	未命中原 GPR；不能据此判旧模型无同化学反应	证据不足暂缓	身份与表间引用已复核；功能/化学证据链未全部验收	G57-S01;G57-S03;G57-S04;G57-S02;G57-S05;G57-S06;G57-S11;G57-S13
1881	RU820_RS09925	WP_009567014.1	通过：同版 gene/CDS/WP/坐标/链向/product 一致	AFE_2145；完全匹配；RefSeq protein_id exact	UniProt B7J501 (unreviewed)；InterPro IPR020056;IPR011035;IPR020057;IPR037121;IPR001021;IPR020055;IPR029751;IPR020930;；Pfam PF01386;PF14693;；仍须保守位点/功能边界核验	KEGG KO K02897；数据库链接不算本基因催化验证	非明显转运类；不适用	旧编号命中 0；当前 RU/WP 命中 0/0；命中 DOI 初判见文献表，本基因专属实验仍待核	未定义可接受的基因专属精确反应；化学字段暂缓	未命中原 GPR；不能据此判旧模型无同化学反应	无需修改（暂定）	身份与表间引用已复核；功能/化学证据链未全部验收	G57-S01;G57-S03;G57-S04;G57-S02;G57-S05;G57-S11;G57-S13
1882	RU820_RS09930	WP_012537005.1	通过：同版 gene/CDS/WP/坐标/链向/product 一致	AFE_2146；完全匹配；RefSeq protein_id exact	UniProt B7J502 (reviewed)；InterPro IPR001328;IPR018171;IPR036416;；Pfam PF01195;；仍须保守位点/功能边界核验	KEGG KO K01056；BioCyc AMINOCYL-TRNA-HYDROLASE-RXN;RXN-12460;RXN-16637；Rhea RHEA:54448；数据库链接不算本基因催化验证	非明显转运类；不适用	旧编号命中 0；当前 RU/WP 命中 0/0；命中 DOI 初判见文献表，本基因专属实验仍待核	Rhea EC 方程仅作候选；基因关联、方向、区室、原子/电荷与辅因子未逐项确证	未命中原 GPR；不能据此判旧模型无同化学反应	证据不足暂缓	身份与表间引用已复核；功能/化学证据链未全部验收	G57-S01;G57-S03;G57-S04;G57-S02;G57-S05;G57-S06;G57-S07;G57-S11;G57-S13;G57-S15
1883	RU820_RS09935	WP_009567059.1	通过：同版 gene/CDS/WP/坐标/链向/product 一致	AFE_2147；完全匹配；RefSeq protein_id exact	UniProt B7J503 (unreviewed)；InterPro IPR004396;IPR012675;IPR031167;IPR006073;IPR027417;IPR004095;IPR012676;IPR023192;IPR013029;IPR041706;；Pfam PF01926;PF06071;；仍须保守位点/功能边界核验	KEGG KO K06942；数据库链接不算本基因催化验证	非明显转运类；不适用	旧编号命中 0；当前 RU/WP 命中 0/0；命中 DOI 初判见文献表，本基因专属实验仍待核	未定义可接受的基因专属精确反应；化学字段暂缓	未命中原 GPR；不能据此判旧模型无同化学反应	证据不足暂缓	身份与表间引用已复核；功能/化学证据链未全部验收	G57-S01;G57-S03;G57-S04;G57-S02;G57-S05;G57-S11;G57-S13
1884	RU820_RS09940	WP_009567060.1	通过：同版 gene/CDS/WP/坐标/链向/product 一致	AFE_2148；完全匹配；RefSeq protein_id exact	UniProt B7J504 (unreviewed)；InterPro IPR001387;IPR013096;IPR010982;IPR014710;IPR011051;IPR050807;；Pfam PF07883;PF01381;；仍须保守位点/功能边界核验	D3-1-R 未提供基因专属精确反应；仍需功能检索	非明显转运类；不适用	旧编号命中 0；当前 RU/WP 命中 0/0；命中 DOI 初判见文献表，本基因专属实验仍待核	未定义可接受的基因专属精确反应；化学字段暂缓	未命中原 GPR；不能据此判旧模型无同化学反应	无需修改（暂定）	身份与表间引用已复核；功能/化学证据链未全部验收	G57-S01;G57-S03;G57-S04;G57-S02;G57-S11;G57-S13
1885	RU820_RS09945	WP_012537006.1	通过：同版 gene/CDS/WP/坐标/链向/product 一致	AFE_2149；完全匹配；RefSeq protein_id exact	UniProt B7J505 (unreviewed)；InterPro IPR052175;IPR001750;；Pfam PF00361;；仍须保守位点/功能边界核验	KEGG KO K12137；BioCyc MVHMETH-RXN；数据库链接不算本基因催化验证	非明显转运类；不适用	旧编号命中 0；当前 RU/WP 命中 0/0；命中 DOI 初判见文献表，本基因专属实验仍待核	未定义可接受的基因专属精确反应；化学字段暂缓	原 GPR：HYD4；完整 A—P 见反应表	证据不足暂缓	身份与表间引用已复核；功能/化学证据链未全部验收	G57-S01;G57-S03;G57-S04;G57-S02;G57-S05;G57-S06;G57-S11;G57-S13;G57-S16;G57-S17
1886	RU820_RS09950	WP_012537007.1	通过：同版 gene/CDS/WP/坐标/链向/product 一致	AFE_2150；完全匹配；RefSeq protein_id exact	UniProt B7J506 (unreviewed)；InterPro IPR052561;IPR001694;；Pfam PF00146;；仍须保守位点/功能边界核验	BioCyc 1.6.99.5-RXN;NADH-DEHYDROG-A-RXN;RXN-20991;RXN-21546;RXN0-5330;RXN0-5330-YEAST;RXN0-7123；Rhea RHEA:29091;RHEA:46160；数据库链接不算本基因催化验证	非明显转运类；不适用	旧编号命中 0；当前 RU/WP 命中 0/0；命中 DOI 初判见文献表，本基因专属实验仍待核	Rhea EC 方程仅作候选；基因关联、方向、区室、原子/电荷与辅因子未逐项确证	原 GPR：HYD4；完整 A—P 见反应表	证据不足暂缓	身份与表间引用已复核；功能/化学证据链未全部验收	G57-S01;G57-S03;G57-S04;G57-S02;G57-S06;G57-S07;G57-S11;G57-S13;G57-S16;G57-S17;G57-S15
1887	RU820_RS09955	WP_012537008.1	通过：同版 gene/CDS/WP/坐标/链向/product 一致	AFE_2151；完全匹配；RefSeq protein_id exact	UniProt B7J507 (unreviewed)；InterPro IPR038730;；Pfam ；仍须保守位点/功能边界核验	KEGG KO K12140；数据库链接不算本基因催化验证	非明显转运类；不适用	旧编号命中 0；当前 RU/WP 命中 0/0；命中 DOI 初判见文献表，本基因专属实验仍待核	未定义可接受的基因专属精确反应；化学字段暂缓	原 GPR：HYD4；完整 A—P 见反应表	证据不足暂缓	身份与表间引用已复核；功能/化学证据链未全部验收	G57-S01;G57-S03;G57-S04;G57-S02;G57-S05;G57-S11;G57-S13;G57-S16;G57-S17
1888	RU820_RS09960	WP_041646305.1	通过：同版 gene/CDS/WP/坐标/链向/product 一致	AFE_2152；完全匹配；RefSeq protein_id exact	同株 UniProt RefSeq 交叉引用未命中；仅有 NCBI product，功能未独立核实	KEGG KO K12141；BioCyc MVHMETH-RXN；数据库链接不算本基因催化验证	非明显转运类；不适用	旧编号命中 0；当前 RU/WP 命中 0/0；命中 DOI 初判见文献表，本基因专属实验仍待核	未定义可接受的基因专属精确反应；化学字段暂缓	原 GPR：HYD4；完整 A—P 见反应表	证据不足暂缓	身份与表间引用已复核；功能/化学证据链未全部验收	G57-S01;G57-S03;G57-S04;G57-S02;G57-S05;G57-S06;G57-S13;G57-S16;G57-S17
1889	RU820_RS09965	WP_012537010.1	通过：同版 gene/CDS/WP/坐标/链向/product 一致	AFE_2153；完全匹配；RefSeq protein_id exact	UniProt B7J5E1 (unreviewed)；InterPro IPR052197;IPR001135;IPR037232;IPR001268;IPR029014;；Pfam PF00329;PF00346;；仍须保守位点/功能边界核验	BioCyc 1.6.99.5-RXN;NADH-DEHYDROG-A-RXN;RXN-20991;RXN-21546;RXN0-5330;RXN0-5330-YEAST;RXN0-7123；Rhea RHEA:29091;RHEA:46160；数据库链接不算本基因催化验证	非明显转运类；不适用	旧编号命中 0；当前 RU/WP 命中 0/0；命中 DOI 初判见文献表，本基因专属实验仍待核	Rhea EC 方程仅作候选；基因关联、方向、区室、原子/电荷与辅因子未逐项确证	原 GPR：HYD4；完整 A—P 见反应表	证据不足暂缓	身份与表间引用已复核；功能/化学证据链未全部验收	G57-S01;G57-S03;G57-S04;G57-S02;G57-S06;G57-S07;G57-S11;G57-S13;G57-S16;G57-S17;G57-S15
1890	RU820_RS09970	WP_012537011.1	通过：同版 gene/CDS/WP/坐标/链向/product 一致	AFE_2154；完全匹配；RefSeq protein_id exact	UniProt B7J5E2 (unreviewed)；InterPro IPR052375;IPR006137;；Pfam PF01058;；仍须保守位点/功能边界核验	D3-1-R 未提供基因专属精确反应；仍需功能检索	非明显转运类；不适用	旧编号命中 0；当前 RU/WP 命中 0/0；命中 DOI 初判见文献表，本基因专属实验仍待核	未定义可接受的基因专属精确反应；化学字段暂缓	原 GPR：HYD4；完整 A—P 见反应表	证据不足暂缓	身份与表间引用已复核；功能/化学证据链未全部验收	G57-S01;G57-S03;G57-S04;G57-S02;G57-S11;G57-S13;G57-S16;G57-S17
1891	RU820_RS09975	WP_012537012.1	通过：同版 gene/CDS/WP/坐标/链向/product 一致	AFE_2155；完全匹配；RefSeq protein_id exact	UniProt B7J5E3 (unreviewed)；InterPro IPR033966;IPR020878;IPR000685;IPR036376;IPR017443;IPR036422;IPR020871;；Pfam PF00016;PF02788;；仍须保守位点/功能边界核验	KEGG KO K01601；KEGG R R00024;R03140；BioCyc RIBULOSE-BISPHOSPHATE-CARBOXYLASE-RXN;RXN-961；Rhea RHEA:23124；数据库链接不算本基因催化验证	非明显转运类；不适用	旧编号命中 5；当前 RU/WP 命中 0/0；同株来源实验已核，边界见逐基因审查	RUBISCO 正向羧化有重组蛋白证据；逆向和体内区室未证	原 GPR：RUBISCO；完整 A—P 见反应表	仅更新证据或编号	身份与表间引用已复核；功能/化学证据链未全部验收	G57-S01;G57-S03;G57-S04;G57-S02;G57-S05;G57-S06;G57-S07;G57-S08;G57-S10;G57-S11;G57-S13;G57-S20;G57-S15
1892	RU820_RS09980	WP_012537013.1	通过：同版 gene/CDS/WP/坐标/链向/product 一致	AFE_2156；完全匹配；RefSeq protein_id exact	UniProt B7J5E4 (unreviewed)；InterPro IPR011704;IPR050764;IPR013615;IPR027417;；Pfam PF07728;PF08406;；仍须保守位点/功能边界核验	KEGG KO K04748；KEGG R R00294；数据库链接不算本基因催化验证	非明显转运类；不适用	旧编号命中 3；当前 RU/WP 命中 0/0；同株来源实验已核，边界见逐基因审查	未定义可接受的基因专属精确反应；化学字段暂缓	未命中原 GPR；不能据此判旧模型无同化学反应	仅更新证据或编号	身份与表间引用已复核；功能/化学证据链未全部验收	G57-S01;G57-S03;G57-S04;G57-S02;G57-S05;G57-S10;G57-S11;G57-S13;G57-S20
1893	RU820_RS09985	WP_012537014.1	通过：同版 gene/CDS/WP/坐标/链向/product 一致	AFE_2157；完全匹配；RefSeq protein_id exact	UniProt B7J5E5 (unreviewed)；InterPro IPR051928;IPR002035;IPR036465;；Pfam PF00092;；仍须保守位点/功能边界核验	KEGG KO K02448；KEGG R R00294；数据库链接不算本基因催化验证	非明显转运类；不适用	旧编号命中 4；当前 RU/WP 命中 0/0；同株来源实验已核，边界见逐基因审查	未定义可接受的基因专属精确反应；化学字段暂缓	未命中原 GPR；不能据此判旧模型无同化学反应	仅更新证据或编号	身份与表间引用已复核；功能/化学证据链未全部验收	G57-S01;G57-S03;G57-S04;G57-S02;G57-S05;G57-S10;G57-S11;G57-S13;G57-S20
1894	RU820_RS09990	WP_012537015.1	通过：同版 gene/CDS/WP/坐标/链向/product 一致	AFE_2158；完全匹配；RefSeq protein_id exact	同株 UniProt RefSeq 交叉引用未命中；仅有 NCBI product，功能未独立核实	KEGG KO K21703；数据库链接不算本基因催化验证	非明显转运类；不适用	旧编号命中 1；当前 RU/WP 命中 0/0；命中 DOI 初判见文献表，本基因专属实验仍待核	未定义可接受的基因专属精确反应；化学字段暂缓	未命中原 GPR；不能据此判旧模型无同化学反应	无需修改（暂定）	身份与表间引用已复核；功能/化学证据链未全部验收	G57-S01;G57-S03;G57-S04;G57-S02;G57-S05;G57-S13
1895	RU820_RS09995	WP_012537016.1	通过：同版 gene/CDS/WP/坐标/链向/product 一致	AFE_2159；完全匹配；RefSeq protein_id exact	UniProt B7J5E7 (unreviewed)；InterPro IPR004624;IPR013988;IPR013987;；Pfam PF03831;PF08274;；仍须保守位点/功能边界核验	KEGG KO K06193；数据库链接不算本基因催化验证	非明显转运类；不适用	旧编号命中 0；当前 RU/WP 命中 0/0；命中 DOI 初判见文献表，本基因专属实验仍待核	未定义可接受的基因专属精确反应；化学字段暂缓	未命中原 GPR；不能据此判旧模型无同化学反应	无需修改（暂定）	身份与表间引用已复核；功能/化学证据链未全部验收	G57-S01;G57-S03;G57-S04;G57-S02;G57-S05;G57-S11;G57-S13
1896	RU820_RS10000	WP_009561663.1	通过：同版 gene/CDS/WP/坐标/链向/product 一致	AFE_2160；完全匹配；RefSeq protein_id exact	UniProt B7J5E8 (unreviewed)；InterPro IPR029063;；Pfam PF01564;；仍须保守位点/功能边界核验	KEGG KO K00797；KEGG R R01920;R08359；Rhea RHEA:12721；数据库链接不算本基因催化验证	非明显转运类；不适用	旧编号命中 0；当前 RU/WP 命中 0/0；命中 DOI 初判见文献表，本基因专属实验仍待核	Rhea EC 方程仅作候选；基因关联、方向、区室、原子/电荷与辅因子未逐项确证	原 GPR：SPMS；完整 A—P 见反应表	证据不足暂缓	身份与表间引用已复核；功能/化学证据链未全部验收	G57-S01;G57-S03;G57-S04;G57-S02;G57-S05;G57-S07;G57-S11;G57-S13;G57-S15
1897	RU820_RS10005	WP_012537017.1	通过：同版 gene/CDS/WP/坐标/链向/product 一致	AFE_2161；完全匹配；RefSeq protein_id exact	UniProt B7J5E9 (unreviewed)；InterPro IPR024618;IPR024544;IPR038765;IPR002931;；Pfam PF12969;PF12970;PF01841;；仍须保守位点/功能边界核验	D3-1-R 未提供基因专属精确反应；仍需功能检索	非明显转运类；不适用	旧编号命中 0；当前 RU/WP 命中 0/0；命中 DOI 初判见文献表，本基因专属实验仍待核	未定义可接受的基因专属精确反应；化学字段暂缓	未命中原 GPR；不能据此判旧模型无同化学反应	无需修改（暂定）	身份与表间引用已复核；功能/化学证据链未全部验收	G57-S01;G57-S03;G57-S04;G57-S02;G57-S11;G57-S13
1898	RU820_RS10010	WP_012537020.1	通过：同版 gene/CDS/WP/坐标/链向/product 一致	AFE_2163；完全匹配；RefSeq protein_id exact	UniProt B7J5F1 (unreviewed)；InterPro ；Pfam ；仍须保守位点/功能边界核验	D3-1-R 未提供基因专属精确反应；仍需功能检索	非明显转运类；不适用	旧编号命中 0；当前 RU/WP 命中 0/0；命中 DOI 初判见文献表，本基因专属实验仍待核	未定义可接受的基因专属精确反应；化学字段暂缓	未命中原 GPR；不能据此判旧模型无同化学反应	无需修改（暂定）	身份与表间引用已复核；功能/化学证据链未全部验收	G57-S01;G57-S03;G57-S04;G57-S02;G57-S11;G57-S13
1899	RU820_RS10015	WP_012537021.1	通过：同版 gene/CDS/WP/坐标/链向/product 一致	AFE_2165；完全匹配；RefSeq protein_id exact	UniProt B7J5F3 (unreviewed)；InterPro ；Pfam ；仍须保守位点/功能边界核验	D3-1-R 未提供基因专属精确反应；仍需功能检索	非明显转运类；不适用	旧编号命中 0；当前 RU/WP 命中 0/0；命中 DOI 初判见文献表，本基因专属实验仍待核	未定义可接受的基因专属精确反应；化学字段暂缓	未命中原 GPR；不能据此判旧模型无同化学反应	无需修改（暂定）	身份与表间引用已复核；功能/化学证据链未全部验收	G57-S01;G57-S03;G57-S04;G57-S02;G57-S11;G57-S13
1900	RU820_RS10020	WP_012607330.1	通过：同版 gene/CDS/WP/坐标/链向/product 一致	AFE_2166；完全匹配；RefSeq protein_id exact	UniProt B7J5F4 (unreviewed)；InterPro IPR058982;IPR058647;IPR050739;；Pfam PF26002;PF25973;；仍须保守位点/功能边界核验	KEGG KO K13408；数据库链接不算本基因催化验证	家族候选 2.A.6.1.19；阈值支持 是；同一性 0.3134、覆盖率 0.8247；底物/耦联/方向未证	旧编号命中 0；当前 RU/WP 命中 0/0；命中 DOI 初判见文献表，本基因专属实验仍待核	未定义可接受的基因专属精确反应；化学字段暂缓	未命中原 GPR；不能据此判旧模型无同化学反应	证据不足暂缓	身份与表间引用已复核；功能/化学证据链未全部验收	G57-S01;G57-S03;G57-S04;G57-S02;G57-S05;G57-S11;G57-S13;G57-S22
1901	RU820_RS10025	WP_012537023.1	通过：同版 gene/CDS/WP/坐标/链向/product 一致	AFE_2167；完全匹配；RefSeq protein_id exact	UniProt B7J5F5 (unreviewed)；InterPro IPR003593;IPR011527;IPR036640;IPR003439;IPR017871;IPR033838;IPR027417;IPR005074;IPR039421;；Pfam PF00664;PF00005;PF03412;；仍须保守位点/功能边界核验	KEGG KO K13409；数据库链接不算本基因催化验证	家族候选 3.A.1.112.13；阈值支持 是；同一性 0.4148、覆盖率 0.9336；底物/耦联/方向未证	旧编号命中 0；当前 RU/WP 命中 0/0；命中 DOI 初判见文献表，本基因专属实验仍待核	未定义可接受的基因专属精确反应；化学字段暂缓	未命中原 GPR；不能据此判旧模型无同化学反应	证据不足暂缓	身份与表间引用已复核；功能/化学证据链未全部验收	G57-S01;G57-S03;G57-S04;G57-S02;G57-S05;G57-S11;G57-S13;G57-S22
1902	RU820_RS10030	WP_226833838.1	通过：同版 gene/CDS/WP/坐标/链向/product 一致	AFE_2169；完全匹配；RefSeq protein_id exact	同株 UniProt RefSeq 交叉引用未命中；仅有 NCBI product，功能未独立核实	KEGG KO K12340；数据库链接不算本基因催化验证	非明显转运类；不适用	旧编号命中 0；当前 RU/WP 命中 0/0；命中 DOI 初判见文献表，本基因专属实验仍待核	未定义可接受的基因专属精确反应；化学字段暂缓	未命中原 GPR；不能据此判旧模型无同化学反应	无需修改（暂定）	身份与表间引用已复核；功能/化学证据链未全部验收	G57-S01;G57-S03;G57-S04;G57-S02;G57-S05;G57-S13
1903	RU820_RS10035	WP_012537025.1	通过：同版 gene/CDS/WP/坐标/链向/product 一致	AFE_2170；完全匹配；RefSeq protein_id exact	同株 UniProt RefSeq 交叉引用未命中；仅有 NCBI product，功能未独立核实	D3-1-R 未提供基因专属精确反应；仍需功能检索	非明显转运类；不适用	旧编号命中 0；当前 RU/WP 命中 0/0；命中 DOI 初判见文献表，本基因专属实验仍待核	未定义可接受的基因专属精确反应；化学字段暂缓	未命中原 GPR；不能据此判旧模型无同化学反应	无需修改（暂定）	身份与表间引用已复核；功能/化学证据链未全部验收	G57-S01;G57-S03;G57-S04;G57-S02;G57-S13
1904	RU820_RS10040	WP_009560702.1	通过：同版 gene/CDS/WP/坐标/链向/product 一致	AFE_2171；完全匹配；RefSeq protein_id exact	同株 UniProt RefSeq 交叉引用未命中；仅有 NCBI product，功能未独立核实	D3-1-R 未提供基因专属精确反应；仍需功能检索	非明显转运类；不适用	旧编号命中 0；当前 RU/WP 命中 0/0；命中 DOI 初判见文献表，本基因专属实验仍待核	未定义可接受的基因专属精确反应；化学字段暂缓	未命中原 GPR；不能据此判旧模型无同化学反应	证据不足暂缓	身份与表间引用已复核；功能/化学证据链未全部验收	G57-S01;G57-S03;G57-S04;G57-S02;G57-S13
1905	RU820_RS10045	WP_012537027.1	通过：同版 gene/CDS/WP/坐标/链向/product 一致	AFE_2172；完全匹配；RefSeq protein_id exact	同株 UniProt RefSeq 交叉引用未命中；仅有 NCBI product，功能未独立核实	KEGG KO K21469；数据库链接不算本基因催化验证	非明显转运类；不适用	旧编号命中 1；当前 RU/WP 命中 0/0；旧编号同名论文已用引物排除	未定义可接受的基因专属精确反应；化学字段暂缓	未命中原 GPR；不能据此判旧模型无同化学反应	证据不足暂缓	身份与表间引用已复核；功能/化学证据链未全部验收	G57-S01;G57-S03;G57-S04;G57-S02;G57-S05;G57-S13;G57-S19
1906	RU820_RS10050	WP_012537028.1	通过：同版 gene/CDS/WP/坐标/链向/product 一致	AFE_2173；完全匹配；RefSeq protein_id exact	同株 UniProt RefSeq 交叉引用未命中；仅有 NCBI product，功能未独立核实	KEGG KO K08311；KEGG R R10816；BioCyc RXN0-5510；数据库链接不算本基因催化验证	非明显转运类；不适用	旧编号命中 0；当前 RU/WP 命中 0/0；命中 DOI 初判见文献表，本基因专属实验仍待核	未定义可接受的基因专属精确反应；化学字段暂缓	未命中原 GPR；不能据此判旧模型无同化学反应	证据不足暂缓	身份与表间引用已复核；功能/化学证据链未全部验收	G57-S01;G57-S03;G57-S04;G57-S02;G57-S05;G57-S06;G57-S13
1907	RU820_RS10055	WP_012537029.1	通过：同版 gene/CDS/WP/坐标/链向/product 一致	AFE_2174；完全匹配；RefSeq protein_id exact	UniProt B7J5G2 (unreviewed)；InterPro IPR015797;IPR020084;IPR000086;IPR033713;；Pfam PF00293;；仍须保守位点/功能边界核验	D3-1-R 未提供基因专属精确反应；仍需功能检索	非明显转运类；不适用	旧编号命中 0；当前 RU/WP 命中 0/0；命中 DOI 初判见文献表，本基因专属实验仍待核	未定义可接受的基因专属精确反应；化学字段暂缓	未命中原 GPR；不能据此判旧模型无同化学反应	证据不足暂缓	身份与表间引用已复核；功能/化学证据链未全部验收	G57-S01;G57-S03;G57-S04;G57-S02;G57-S11;G57-S13
1908	RU820_RS10060	WP_012607334.1	通过：同版 gene/CDS/WP/坐标/链向/product 一致	AFE_2175；完全匹配；RefSeq protein_id exact	UniProt B7J5G3 (unreviewed)；InterPro IPR042092;IPR020103;IPR006145;IPR000748;IPR018496;IPR050343;IPR002942;IPR036986;IPR020094;；Pfam PF00849;PF01479;；仍须保守位点/功能边界核验	KEGG KO K06183；数据库链接不算本基因催化验证	非明显转运类；不适用	旧编号命中 0；当前 RU/WP 命中 0/0；命中 DOI 初判见文献表，本基因专属实验仍待核	未定义可接受的基因专属精确反应；化学字段暂缓	未命中原 GPR；不能据此判旧模型无同化学反应	证据不足暂缓	身份与表间引用已复核；功能/化学证据链未全部验收	G57-S01;G57-S03;G57-S04;G57-S02;G57-S05;G57-S11;G57-S13
1909	RU820_RS10065	WP_012537031.1	通过：同版 gene/CDS/WP/坐标/链向/product 一致	AFE_2176；完全匹配；RefSeq protein_id exact	UniProt B7J5G4 (unreviewed)；InterPro IPR007466;；Pfam PF04371;；仍须保守位点/功能边界核验	D3-1-R 未提供基因专属精确反应；仍需功能检索	非明显转运类；不适用	旧编号命中 0；当前 RU/WP 命中 0/0；命中 DOI 初判见文献表，本基因专属实验仍待核	未定义可接受的基因专属精确反应；化学字段暂缓	未命中原 GPR；不能据此判旧模型无同化学反应	证据不足暂缓	身份与表间引用已复核；功能/化学证据链未全部验收	G57-S01;G57-S03;G57-S04;G57-S02;G57-S11;G57-S13
1910	RU820_RS10070	WP_012537032.1	通过：同版 gene/CDS/WP/坐标/链向/product 一致	AFE_2177；完全匹配；RefSeq protein_id exact	同株 UniProt RefSeq 交叉引用未命中；仅有 NCBI product，功能未独立核实	D3-1-R 未提供基因专属精确反应；仍需功能检索	非明显转运类；不适用	旧编号命中 1；当前 RU/WP 命中 0/0；同株来源实验已核，边界见逐基因审查	未定义可接受的基因专属精确反应；化学字段暂缓	原 GPR：SQRED1；完整 A—P 见反应表	证据不足暂缓	身份与表间引用已复核；功能/化学证据链未全部验收	G57-S01;G57-S03;G57-S04;G57-S02;G57-S13;G57-S14
1911	RU820_RS10075	WP_012537033.1	通过：同版 gene/CDS/WP/坐标/链向/product 一致	AFE_2178；完全匹配；RefSeq protein_id exact	UniProt B7J5G6 (unreviewed)；InterPro IPR017896;IPR017900;IPR050954;；Pfam PF13247;PF12800;；仍须保守位点/功能边界核验	D3-1-R 未提供基因专属精确反应；仍需功能检索	非明显转运类；不适用	旧编号命中 1；当前 RU/WP 命中 0/0；同株来源实验已核，边界见逐基因审查	未定义可接受的基因专属精确反应；化学字段暂缓	原 GPR：SQRED1；完整 A—P 见反应表	证据不足暂缓	身份与表间引用已复核；功能/化学证据链未全部验收	G57-S01;G57-S03;G57-S04;G57-S02;G57-S11;G57-S13;G57-S14
1912	RU820_RS10080	WP_012537034.1	通过：同版 gene/CDS/WP/坐标/链向/product 一致	AFE_2179；完全匹配；RefSeq protein_id exact	UniProt B7J5G7 (unreviewed)；InterPro IPR052049;IPR005614;；Pfam PF03916;；仍须保守位点/功能边界核验	BioCyc RXN-8269；Rhea RHEA:35591；数据库链接不算本基因催化验证	非明显转运类；不适用	旧编号命中 1；当前 RU/WP 命中 0/0；同株来源实验已核，边界见逐基因审查	Rhea EC 方程仅作候选；基因关联、方向、区室、原子/电荷与辅因子未逐项确证	原 GPR：SQRED1；完整 A—P 见反应表	证据不足暂缓	身份与表间引用已复核；功能/化学证据链未全部验收	G57-S01;G57-S03;G57-S04;G57-S02;G57-S06;G57-S07;G57-S08;G57-S11;G57-S13;G57-S14;G57-S15
1913	RU820_RS10085	WP_157293223.1	通过：同版 gene/CDS/WP/坐标/链向/product 一致	AFE_2181；完全匹配；RefSeq protein_id exact	同株 UniProt RefSeq 交叉引用未命中；仅有 NCBI product，功能未独立核实	KEGG KO K23349；数据库链接不算本基因催化验证	非明显转运类；不适用	旧编号命中 1；当前 RU/WP 命中 0/0；同株来源实验已核，边界见逐基因审查	未定义可接受的基因专属精确反应；化学字段暂缓	原 GPR：SQRED1；完整 A—P 见反应表	证据不足暂缓	身份与表间引用已复核；功能/化学证据链未全部验收	G57-S01;G57-S03;G57-S04;G57-S02;G57-S05;G57-S13;G57-S14
1914	RU820_RS10090	WP_012537035.1	通过：同版 gene/CDS/WP/坐标/链向/product 一致	未确认；未映射；	同株 UniProt RefSeq 交叉引用未命中；仅有 NCBI product，功能未独立核实	D3-1-R 未提供基因专属精确反应；仍需功能检索	非明显转运类；不适用	旧编号命中 0；当前 RU/WP 命中 0/0；命中 DOI 初判见文献表，本基因专属实验仍待核	未定义可接受的基因专属精确反应；化学字段暂缓	未命中原 GPR；不能据此判旧模型无同化学反应	无需修改（暂定）	身份与表间引用已复核；功能/化学证据链未全部验收	G57-S01;G57-S03;G57-S04;G57-S13
1915	RU820_RS10095	WP_012537036.1	通过：同版 gene/CDS/WP/坐标/链向/product 一致	AFE_2183；完全匹配；RefSeq protein_id exact	UniProt B7J5H1 (unreviewed)；InterPro IPR014729;IPR006015;IPR006016;；Pfam PF00582;；仍须保守位点/功能边界核验	D3-1-R 未提供基因专属精确反应；仍需功能检索	非明显转运类；不适用	旧编号命中 1；当前 RU/WP 命中 0/0；命中 DOI 初判见文献表，本基因专属实验仍待核	未定义可接受的基因专属精确反应；化学字段暂缓	未命中原 GPR；不能据此判旧模型无同化学反应	无需修改（暂定）	身份与表间引用已复核；功能/化学证据链未全部验收	G57-S01;G57-S03;G57-S04;G57-S02;G57-S11;G57-S13
1916	RU820_RS10100	WP_012537037.1	通过：同版 gene/CDS/WP/坐标/链向/product 一致	AFE_2184；完全匹配；RefSeq protein_id exact	同株 UniProt RefSeq 交叉引用未命中；仅有 NCBI product，功能未独立核实	KEGG KO K03446；数据库链接不算本基因催化验证	家族候选 2.A.1.3.82；阈值支持 是；同一性 0.3611、覆盖率 0.9554；底物/耦联/方向未证	旧编号命中 0；当前 RU/WP 命中 0/0；命中 DOI 初判见文献表，本基因专属实验仍待核	未定义可接受的基因专属精确反应；化学字段暂缓	未命中原 GPR；不能据此判旧模型无同化学反应	证据不足暂缓	身份与表间引用已复核；功能/化学证据链未全部验收	G57-S01;G57-S03;G57-S04;G57-S02;G57-S05;G57-S13;G57-S22
1917	RU820_RS10105	WP_012537038.1	通过：同版 gene/CDS/WP/坐标/链向/product 一致	AFE_2185；完全匹配；RefSeq protein_id exact	UniProt B7J5H3 (unreviewed)；InterPro IPR000835;IPR039422;IPR036388;IPR036390;；Pfam PF12802;；仍须保守位点/功能边界核验	KEGG KO K06075；数据库链接不算本基因催化验证	非明显转运类；不适用	旧编号命中 0；当前 RU/WP 命中 0/0；命中 DOI 初判见文献表，本基因专属实验仍待核	未定义可接受的基因专属精确反应；化学字段暂缓	未命中原 GPR；不能据此判旧模型无同化学反应	无需修改（暂定）	身份与表间引用已复核；功能/化学证据链未全部验收	G57-S01;G57-S03;G57-S04;G57-S02;G57-S05;G57-S11;G57-S13
1918	RU820_RS10110	WP_009561052.1	通过：同版 gene/CDS/WP/坐标/链向/product 一致	AFE_2186；完全匹配；RefSeq protein_id exact	UniProt B7J5H4 (unreviewed)；InterPro IPR001640;；Pfam PF01790;；仍须保守位点/功能边界核验	KEGG KO K13292；BioCyc RXN0-20；Rhea RHEA:56712；数据库链接不算本基因催化验证	非明显转运类；不适用	旧编号命中 0；当前 RU/WP 命中 0/0；命中 DOI 初判见文献表，本基因专属实验仍待核	Rhea EC 方程仅作候选；基因关联、方向、区室、原子/电荷与辅因子未逐项确证	未命中原 GPR；不能据此判旧模型无同化学反应	证据不足暂缓	身份与表间引用已复核；功能/化学证据链未全部验收	G57-S01;G57-S03;G57-S04;G57-S02;G57-S05;G57-S06;G57-S07;G57-S11;G57-S13;G57-S15
1919	RU820_RS10115	WP_225487053.1	通过：同版 gene/CDS/WP/坐标/链向/product 一致	AFE_2187；完全匹配；RefSeq protein_id exact	同株 UniProt RefSeq 交叉引用未命中；仅有 NCBI product，功能未独立核实	KEGG KO K03656；BioCyc RXN0-4261；数据库链接不算本基因催化验证	非明显转运类；不适用	旧编号命中 0；当前 RU/WP 命中 0/0；命中 DOI 初判见文献表，本基因专属实验仍待核	未定义可接受的基因专属精确反应；化学字段暂缓	未命中原 GPR；不能据此判旧模型无同化学反应	证据不足暂缓	身份与表间引用已复核；功能/化学证据链未全部验收	G57-S01;G57-S03;G57-S04;G57-S02;G57-S05;G57-S06;G57-S13
1920	RU820_RS10120	WP_009567470.1	通过：同版 gene/CDS/WP/坐标/链向/product 一致	AFE_2188；完全匹配；RefSeq protein_id exact	UniProt B7J5H6 (reviewed)；InterPro IPR002583;IPR036510;；Pfam PF01649;；仍须保守位点/功能边界核验	KEGG KO K02968；数据库链接不算本基因催化验证	非明显转运类；不适用	旧编号命中 0；当前 RU/WP 命中 0/0；命中 DOI 初判见文献表，本基因专属实验仍待核	未定义可接受的基因专属精确反应；化学字段暂缓	未命中原 GPR；不能据此判旧模型无同化学反应	无需修改（暂定）	身份与表间引用已复核；功能/化学证据链未全部验收	G57-S01;G57-S03;G57-S04;G57-S02;G57-S05;G57-S11;G57-S13
1921	RU820_RS10125	WP_009567471.1	通过：同版 gene/CDS/WP/坐标/链向/product 一致	未确认；未映射；	同株 UniProt RefSeq 交叉引用未命中；仅有 NCBI product，功能未独立核实	D3-1-R 未提供基因专属精确反应；仍需功能检索	家族候选 3.A.1.8.3；阈值支持 是；同一性 0.5514、覆盖率 0.9525；底物/耦联/方向未证	旧编号命中 0；当前 RU/WP 命中 0/0；命中 DOI 初判见文献表，本基因专属实验仍待核	未定义可接受的基因专属精确反应；化学字段暂缓	未命中原 GPR；不能据此判旧模型无同化学反应	证据不足暂缓	身份与表间引用已复核；功能/化学证据链未全部验收	G57-S01;G57-S03;G57-S04;G57-S13;G57-S22
1922	RU820_RS10130	WP_012607340.1	通过：同版 gene/CDS/WP/坐标/链向/product 一致	AFE_2190；完全匹配；RefSeq protein_id exact	UniProt B7J5H8 (unreviewed)；InterPro IPR000515;IPR035906;；Pfam PF00528;；仍须保守位点/功能边界核验	KEGG KO K15496；数据库链接不算本基因催化验证	家族候选 3.A.1.10.1；阈值支持 是；同一性 0.3363、覆盖率 0.8352；底物/耦联/方向未证	旧编号命中 0；当前 RU/WP 命中 0/0；命中 DOI 初判见文献表，本基因专属实验仍待核	未定义可接受的基因专属精确反应；化学字段暂缓	未命中原 GPR；不能据此判旧模型无同化学反应	证据不足暂缓	身份与表间引用已复核；功能/化学证据链未全部验收	G57-S01;G57-S03;G57-S04;G57-S02;G57-S05;G57-S11;G57-S13;G57-S22
1923	RU820_RS10135	WP_226833839.1	通过：同版 gene/CDS/WP/坐标/链向/product 一致	AFE_2192；完全匹配；RefSeq protein_id exact	同株 UniProt RefSeq 交叉引用未命中；仅有 NCBI product，功能未独立核实	D3-1-R 未提供基因专属精确反应；仍需功能检索	非明显转运类；不适用	旧编号命中 0；当前 RU/WP 命中 0/0；命中 DOI 初判见文献表，本基因专属实验仍待核	未定义可接受的基因专属精确反应；化学字段暂缓	未命中原 GPR；不能据此判旧模型无同化学反应	无需修改（暂定）	身份与表间引用已复核；功能/化学证据链未全部验收	G57-S01;G57-S03;G57-S04;G57-S02;G57-S13
1924	RU820_RS10140	WP_012537042.1	通过：同版 gene/CDS/WP/坐标/链向/product 一致	AFE_2193；完全匹配；RefSeq protein_id exact	UniProt B7J5I1 (unreviewed)；InterPro IPR050126;IPR004617;IPR004843;IPR029052;；Pfam PF00149;；仍须保守位点/功能边界核验	KEGG KO K01525；KEGG R R00125；BioCyc 3.6.1.41-RXN；Rhea RHEA:24252；数据库链接不算本基因催化验证	非明显转运类；不适用	旧编号命中 0；当前 RU/WP 命中 0/0；命中 DOI 初判见文献表，本基因专属实验仍待核	Rhea EC 方程仅作候选；基因关联、方向、区室、原子/电荷与辅因子未逐项确证	未命中原 GPR；不能据此判旧模型无同化学反应	证据不足暂缓	身份与表间引用已复核；功能/化学证据链未全部验收	G57-S01;G57-S03;G57-S04;G57-S02;G57-S05;G57-S06;G57-S07;G57-S11;G57-S13;G57-S15
1925	RU820_RS10145	WP_012537043.1	通过：同版 gene/CDS/WP/坐标/链向/product 一致	AFE_2194；完全匹配；RefSeq protein_id exact	UniProt B7J5I2 (unreviewed)；InterPro IPR011545;IPR004589;IPR006293;IPR014001;IPR001650;IPR010997;IPR002121;IPR044876;IPR027417;IPR032284;IPR018982;IPR036388;；Pfam PF00270;PF00271;PF00570;PF16124;PF09382;；仍须保守位点/功能边界核验	KEGG KO K03654；BioCyc RXN-11135；数据库链接不算本基因催化验证	非明显转运类；不适用	旧编号命中 0；当前 RU/WP 命中 0/0；命中 DOI 初判见文献表，本基因专属实验仍待核	未定义可接受的基因专属精确反应；化学字段暂缓	未命中原 GPR；不能据此判旧模型无同化学反应	证据不足暂缓	身份与表间引用已复核；功能/化学证据链未全部验收	G57-S01;G57-S03;G57-S04;G57-S02;G57-S05;G57-S06;G57-S11;G57-S13
1926	RU820_RS10150	WP_009567357.1	通过：同版 gene/CDS/WP/坐标/链向/product 一致	AFE_2195；完全匹配；RefSeq protein_id exact	UniProt B7J5I3 (unreviewed)；InterPro IPR002908;IPR036524;；Pfam PF01491;；仍须保守位点/功能边界核验	KEGG KO K06202；数据库链接不算本基因催化验证	非明显转运类；不适用	旧编号命中 1；当前 RU/WP 命中 0/0；命中 DOI 初判见文献表，本基因专属实验仍待核	未定义可接受的基因专属精确反应；化学字段暂缓	未命中原 GPR；不能据此判旧模型无同化学反应	无需修改（暂定）	身份与表间引用已复核；功能/化学证据链未全部验收	G57-S01;G57-S03;G57-S04;G57-S02;G57-S05;G57-S11;G57-S13
1927	RU820_RS10155	WP_012537044.1	通过：同版 gene/CDS/WP/坐标/链向/product 一致	AFE_2196；完全匹配；RefSeq protein_id exact	UniProt B7J5I4 (unreviewed)；InterPro IPR052181;IPR002740;IPR015947;IPR047197;；Pfam PF01878;；仍须保守位点/功能边界核验	D3-1-R 未提供基因专属精确反应；仍需功能检索	非明显转运类；不适用	旧编号命中 0；当前 RU/WP 命中 0/0；命中 DOI 初判见文献表，本基因专属实验仍待核	未定义可接受的基因专属精确反应；化学字段暂缓	未命中原 GPR；不能据此判旧模型无同化学反应	无需修改（暂定）	身份与表间引用已复核；功能/化学证据链未全部验收	G57-S01;G57-S03;G57-S04;G57-S02;G57-S11;G57-S13
1928	RU820_RS10160	WP_009568772.1	通过：同版 gene/CDS/WP/坐标/链向/product 一致	未确认；未映射；	同株 UniProt RefSeq 交叉引用未命中；仅有 NCBI product，功能未独立核实	D3-1-R 未提供基因专属精确反应；仍需功能检索	非明显转运类；不适用	旧编号命中 0；当前 RU/WP 命中 0/0；命中 DOI 初判见文献表，本基因专属实验仍待核	未定义可接受的基因专属精确反应；化学字段暂缓	未命中原 GPR；不能据此判旧模型无同化学反应	无需修改（暂定）	身份与表间引用已复核；功能/化学证据链未全部验收	G57-S01;G57-S03;G57-S04;G57-S13
1929	RU820_RS10165	WP_012537045.1	通过：同版 gene/CDS/WP/坐标/链向/product 一致	AFE_2199；完全匹配；RefSeq protein_id exact	UniProt B7J5I7 (unreviewed)；InterPro IPR030923;IPR005495;；Pfam PF03739;；仍须保守位点/功能边界核验	KEGG KO K11720；BioCyc TRANS-RXN-237；数据库链接不算本基因催化验证	家族候选 3.A.1.152.2；阈值支持 是；同一性 0.3127、覆盖率 0.8599；底物/耦联/方向未证	旧编号命中 0；当前 RU/WP 命中 0/0；命中 DOI 初判见文献表，本基因专属实验仍待核	未定义可接受的基因专属精确反应；化学字段暂缓	未命中原 GPR；不能据此判旧模型无同化学反应	证据不足暂缓	身份与表间引用已复核；功能/化学证据链未全部验收	G57-S01;G57-S03;G57-S04;G57-S02;G57-S05;G57-S06;G57-S11;G57-S13;G57-S22
1930	RU820_RS10170	WP_012607345.1	通过：同版 gene/CDS/WP/坐标/链向/product 一致	AFE_2200；完全匹配；RefSeq protein_id exact	UniProt B7J5I8 (unreviewed)；InterPro IPR030922;IPR005495;；Pfam PF03739;；仍须保守位点/功能边界核验	KEGG KO K07091；BioCyc TRANS-RXN-237；数据库链接不算本基因催化验证	家族候选 3.A.1.152.1；阈值支持 未达阈值；同一性 0.2704、覆盖率 0.8525；底物/耦联/方向未证	旧编号命中 0；当前 RU/WP 命中 0/0；命中 DOI 初判见文献表，本基因专属实验仍待核	未定义可接受的基因专属精确反应；化学字段暂缓	未命中原 GPR；不能据此判旧模型无同化学反应	证据不足暂缓	身份与表间引用已复核；功能/化学证据链未全部验收	G57-S01;G57-S03;G57-S04;G57-S02;G57-S05;G57-S06;G57-S11;G57-S13;G57-S22
1931	RU820_RS10175	WP_009567190.1	通过：同版 gene/CDS/WP/坐标/链向/product 一致	AFE_2201；完全匹配；RefSeq protein_id exact	UniProt B7J5I9 (reviewed)；InterPro IPR011356;IPR043472;IPR000819;IPR023042;IPR008283;；Pfam PF00883;PF02789;；仍须保守位点/功能边界核验	KEGG KO K01255；KEGG R R00899;R04951；BioCyc 3.4.11.1-RXN；数据库链接不算本基因催化验证	非明显转运类；不适用	旧编号命中 0；当前 RU/WP 命中 0/0；命中 DOI 初判见文献表，本基因专属实验仍待核	未定义可接受的基因专属精确反应；化学字段暂缓	未命中原 GPR；不能据此判旧模型无同化学反应	证据不足暂缓	身份与表间引用已复核；功能/化学证据链未全部验收	G57-S01;G57-S03;G57-S04;G57-S02;G57-S05;G57-S06;G57-S11;G57-S13
1932	RU820_RS10180	WP_012537047.1	通过：同版 gene/CDS/WP/坐标/链向/product 一致	AFE_2203；完全匹配；RefSeq protein_id exact	UniProt B7J5J0 (unreviewed)；InterPro IPR007459;IPR036768;；Pfam PF04364;；仍须保守位点/功能边界核验	KEGG KO K02339；BioCyc DNA-DIRECTED-DNA-POLYMERASE-RXN;RXN-20927;RXN0-4961；Rhea RHEA:22508；数据库链接不算本基因催化验证	非明显转运类；不适用	旧编号命中 0；当前 RU/WP 命中 0/0；命中 DOI 初判见文献表，本基因专属实验仍待核	Rhea EC 方程仅作候选；基因关联、方向、区室、原子/电荷与辅因子未逐项确证	未命中原 GPR；不能据此判旧模型无同化学反应	证据不足暂缓	身份与表间引用已复核；功能/化学证据链未全部验收	G57-S01;G57-S03;G57-S04;G57-S02;G57-S05;G57-S06;G57-S07;G57-S11;G57-S13;G57-S15
1933	RU820_RS10185	WP_012537048.1	通过：同版 gene/CDS/WP/坐标/链向/product 一致	未确认；未映射；	同株 UniProt RefSeq 交叉引用未命中；仅有 NCBI product，功能未独立核实	D3-1-R 未提供基因专属精确反应；仍需功能检索	非明显转运类；不适用	旧编号命中 0；当前 RU/WP 命中 0/0；命中 DOI 初判见文献表，本基因专属实验仍待核	未定义可接受的基因专属精确反应；化学字段暂缓	未命中原 GPR；不能据此判旧模型无同化学反应	无需修改（暂定）	身份与表间引用已复核；功能/化学证据链未全部验收	G57-S01;G57-S03;G57-S04;G57-S13
1934	RU820_RS10190	WP_012537049.1	通过：同版 gene/CDS/WP/坐标/链向/product 一致	AFE_2204；完全匹配；RefSeq protein_id exact	UniProt B7J5J2 (unreviewed)；InterPro IPR001412;IPR002300;IPR033705;IPR013155;IPR014729;IPR010978;IPR009080;IPR037118;IPR019499;IPR009008;IPR002303;；Pfam PF08264;PF00133;PF10458;；仍须保守位点/功能边界核验	KEGG KO K01873；KEGG R R03665；BioCyc VALINE--TRNA-LIGASE-RXN；Rhea RHEA:10704；数据库链接不算本基因催化验证	非明显转运类；不适用	旧编号命中 0；当前 RU/WP 命中 0/0；命中 DOI 初判见文献表，本基因专属实验仍待核	Rhea EC 方程仅作候选；基因关联、方向、区室、原子/电荷与辅因子未逐项确证	未命中原 GPR；不能据此判旧模型无同化学反应	证据不足暂缓	身份与表间引用已复核；功能/化学证据链未全部验收	G57-S01;G57-S03;G57-S04;G57-S02;G57-S05;G57-S06;G57-S07;G57-S11;G57-S13;G57-S15
1935	RU820_RS10195	WP_012537050.1	通过：同版 gene/CDS/WP/坐标/链向/product 一致	AFE_2205；完全匹配；RefSeq protein_id exact	同株 UniProt RefSeq 交叉引用未命中；仅有 NCBI product，功能未独立核实	KEGG KO K03313；数据库链接不算本基因催化验证	家族候选 2.A.33.1.1；阈值支持 是；同一性 0.5082、覆盖率 0.816；底物/耦联/方向未证	旧编号命中 0；当前 RU/WP 命中 0/0；命中 DOI 初判见文献表，本基因专属实验仍待核	未定义可接受的基因专属精确反应；化学字段暂缓	未命中原 GPR；不能据此判旧模型无同化学反应	证据不足暂缓	身份与表间引用已复核；功能/化学证据链未全部验收	G57-S01;G57-S03;G57-S04;G57-S02;G57-S05;G57-S13;G57-S22
1936	RU820_RS10200	WP_012537051.1	通过：同版 gene/CDS/WP/坐标/链向/product 一致	AFE_2206；完全匹配；RefSeq protein_id exact	UniProt B7J5J4 (unreviewed)；InterPro IPR013785;IPR004393;IPR027277;IPR036068;IPR037128;IPR002638;IPR022412;；Pfam PF01729;PF02749;；仍须保守位点/功能边界核验	KEGG KO K00767；KEGG R R03348；BioCyc QUINOPRIBOTRANS-RXN；Rhea RHEA:12733；数据库链接不算本基因催化验证	非明显转运类；不适用	旧编号命中 0；当前 RU/WP 命中 0/0；命中 DOI 初判见文献表，本基因专属实验仍待核	Rhea EC 方程仅作候选；基因关联、方向、区室、原子/电荷与辅因子未逐项确证	原 GPR：NNDPR；完整 A—P 见反应表	证据不足暂缓	身份与表间引用已复核；功能/化学证据链未全部验收	G57-S01;G57-S03;G57-S04;G57-S02;G57-S05;G57-S06;G57-S07;G57-S11;G57-S13;G57-S15
1937	RU820_RS10205	WP_012537052.1	通过：同版 gene/CDS/WP/坐标/链向/product 一致	AFE_2207；完全匹配；RefSeq protein_id exact	同株 UniProt RefSeq 交叉引用未命中；仅有 NCBI product，功能未独立核实	D3-1-R 未提供基因专属精确反应；仍需功能检索	非明显转运类；不适用	旧编号命中 0；当前 RU/WP 命中 0/0；命中 DOI 初判见文献表，本基因专属实验仍待核	未定义可接受的基因专属精确反应；化学字段暂缓	未命中原 GPR；不能据此判旧模型无同化学反应	无需修改（暂定）	身份与表间引用已复核；功能/化学证据链未全部验收	G57-S01;G57-S03;G57-S04;G57-S02;G57-S13
1938	RU820_RS10210	WP_180830382.1	通过：同版 gene/CDS/WP/坐标/链向/product 一致	AFE_2209；完全匹配；RefSeq protein_id exact	同株 UniProt RefSeq 交叉引用未命中；仅有 NCBI product，功能未独立核实	D3-1-R 未提供基因专属精确反应；仍需功能检索	非明显转运类；不适用	旧编号命中 1；当前 RU/WP 命中 0/0；命中 DOI 初判见文献表，本基因专属实验仍待核	未定义可接受的基因专属精确反应；化学字段暂缓	未命中原 GPR；不能据此判旧模型无同化学反应	无需修改（暂定）	身份与表间引用已复核；功能/化学证据链未全部验收	G57-S01;G57-S03;G57-S04;G57-S02;G57-S13
1939	RU820_RS10215	WP_009560977.1	通过：同版 gene/CDS/WP/坐标/链向/product 一致	AFE_2210；完全匹配；RefSeq protein_id exact	UniProt B7J5J8 (unreviewed)；InterPro IPR029058;IPR002925;IPR051049;；Pfam PF01738;；仍须保守位点/功能边界核验	KEGG KO K01061；KEGG R R03893;R05510;R05511;R06835;R06838;R08120;R08121;R09136;R09220;R09222；Rhea RHEA:12372；数据库链接不算本基因催化验证	非明显转运类；不适用	旧编号命中 0；当前 RU/WP 命中 0/0；命中 DOI 初判见文献表，本基因专属实验仍待核	Rhea EC 方程仅作候选；基因关联、方向、区室、原子/电荷与辅因子未逐项确证	未命中原 GPR；不能据此判旧模型无同化学反应	证据不足暂缓	身份与表间引用已复核；功能/化学证据链未全部验收	G57-S01;G57-S03;G57-S04;G57-S02;G57-S05;G57-S07;G57-S11;G57-S13;G57-S15
1940	RU820_RS10220	WP_012537054.1	通过：同版 gene/CDS/WP/坐标/链向/product 一致	AFE_2211；完全匹配；RefSeq protein_id exact	UniProt B7J5J9 (unreviewed)；InterPro IPR013785;IPR001155;IPR044152;；Pfam PF00724;；仍须保守位点/功能边界核验	D3-1-R 未提供基因专属精确反应；仍需功能检索	非明显转运类；不适用	旧编号命中 0；当前 RU/WP 命中 0/0；命中 DOI 初判见文献表，本基因专属实验仍待核	未定义可接受的基因专属精确反应；化学字段暂缓	未命中原 GPR；不能据此判旧模型无同化学反应	证据不足暂缓	身份与表间引用已复核；功能/化学证据链未全部验收	G57-S01;G57-S03;G57-S04;G57-S02;G57-S11;G57-S13
1941	RU820_RS10225	WP_012537055.1	通过：同版 gene/CDS/WP/坐标/链向/product 一致	AFE_2212；完全匹配；RefSeq protein_id exact	UniProt B7J5K0 (unreviewed)；InterPro ；Pfam ；仍须保守位点/功能边界核验	D3-1-R 未提供基因专属精确反应；仍需功能检索	非明显转运类；不适用	旧编号命中 0；当前 RU/WP 命中 0/0；命中 DOI 初判见文献表，本基因专属实验仍待核	未定义可接受的基因专属精确反应；化学字段暂缓	未命中原 GPR；不能据此判旧模型无同化学反应	无需修改（暂定）	身份与表间引用已复核；功能/化学证据链未全部验收	G57-S01;G57-S03;G57-S04;G57-S02;G57-S11;G57-S13
1942	RU820_RS10235	WP_009565188.1	通过：同版 gene/CDS/WP/坐标/链向/product 一致	AFE_2214；完全匹配；RefSeq protein_id exact	UniProt B7J5K1 (unreviewed)；InterPro IPR008523;；Pfam PF05656;；仍须保守位点/功能边界核验	D3-1-R 未提供基因专属精确反应；仍需功能检索	非明显转运类；不适用	旧编号命中 0；当前 RU/WP 命中 0/0；命中 DOI 初判见文献表，本基因专属实验仍待核	未定义可接受的基因专属精确反应；化学字段暂缓	未命中原 GPR；不能据此判旧模型无同化学反应	无需修改（暂定）	身份与表间引用已复核；功能/化学证据链未全部验收	G57-S01;G57-S03;G57-S04;G57-S02;G57-S11;G57-S13
1943	RU820_RS10240	WP_012537056.1	通过：同版 gene/CDS/WP/坐标/链向/product 一致	AFE_2215；完全匹配；RefSeq protein_id exact	UniProt B7J5K2 (unreviewed)；InterPro IPR006342;IPR052514;IPR029063;；Pfam PF05050;；仍须保守位点/功能边界核验	D3-1-R 未提供基因专属精确反应；仍需功能检索	非明显转运类；不适用	旧编号命中 0；当前 RU/WP 命中 0/0；命中 DOI 初判见文献表，本基因专属实验仍待核	未定义可接受的基因专属精确反应；化学字段暂缓	未命中原 GPR；不能据此判旧模型无同化学反应	证据不足暂缓	身份与表间引用已复核；功能/化学证据链未全部验收	G57-S01;G57-S03;G57-S04;G57-S02;G57-S11;G57-S13
1944	RU820_RS10245	WP_009565186.1	通过：同版 gene/CDS/WP/坐标/链向/product 一致	AFE_2217；完全匹配；RefSeq protein_id exact	UniProt B7J5K3 (unreviewed)；InterPro IPR050471;IPR000073;IPR029058;；Pfam PF00561;；仍须保守位点/功能边界核验	D3-1-R 未提供基因专属精确反应；仍需功能检索	非明显转运类；不适用	旧编号命中 0；当前 RU/WP 命中 0/0；命中 DOI 初判见文献表，本基因专属实验仍待核	未定义可接受的基因专属精确反应；化学字段暂缓	未命中原 GPR；不能据此判旧模型无同化学反应	证据不足暂缓	身份与表间引用已复核；功能/化学证据链未全部验收	G57-S01;G57-S03;G57-S04;G57-S02;G57-S11;G57-S13
1945	RU820_RS10250	WP_012537057.1	通过：同版 gene/CDS/WP/坐标/链向/product 一致	AFE_2216；完全匹配；RefSeq protein_id exact	UniProt B7J5K4 (unreviewed)；InterPro IPR007269;IPR052527;；Pfam PF04140;；仍须保守位点/功能边界核验	D3-1-R 未提供基因专属精确反应；仍需功能检索	非明显转运类；不适用	旧编号命中 0；当前 RU/WP 命中 0/0；命中 DOI 初判见文献表，本基因专属实验仍待核	未定义可接受的基因专属精确反应；化学字段暂缓	未命中原 GPR；不能据此判旧模型无同化学反应	证据不足暂缓	身份与表间引用已复核；功能/化学证据链未全部验收	G57-S01;G57-S03;G57-S04;G57-S02;G57-S11;G57-S13
1946	RU820_RS10255	WP_009565185.1	通过：同版 gene/CDS/WP/坐标/链向/product 一致	AFE_2218；完全匹配；RefSeq protein_id exact	UniProt B7J5K5 (unreviewed)；InterPro IPR050155;IPR036412;IPR006439;IPR041492;IPR023214;IPR023198;；Pfam PF13419;；仍须保守位点/功能边界核验	KEGG KO K01091；KEGG R R01334；Rhea RHEA:14369；数据库链接不算本基因催化验证	非明显转运类；不适用	旧编号命中 0；当前 RU/WP 命中 0/0；命中 DOI 初判见文献表，本基因专属实验仍待核	Rhea EC 方程仅作候选；基因关联、方向、区室、原子/电荷与辅因子未逐项确证	未命中原 GPR；不能据此判旧模型无同化学反应	证据不足暂缓	身份与表间引用已复核；功能/化学证据链未全部验收	G57-S01;G57-S03;G57-S04;G57-S02;G57-S05;G57-S07;G57-S11;G57-S13;G57-S15
1947	RU820_RS10260	WP_012537058.1	通过：同版 gene/CDS/WP/坐标/链向/product 一致	AFE_2219；完全匹配；RefSeq protein_id exact	UniProt B7J5K6 (unreviewed)；InterPro IPR020103;IPR006224;IPR006225;IPR006145;IPR050188;IPR002942;IPR036986;；Pfam PF00849;PF01479;；仍须保守位点/功能边界核验	KEGG KO K06179；BioCyc RXN-11838；Rhea RHEA:42528；数据库链接不算本基因催化验证	非明显转运类；不适用	旧编号命中 0；当前 RU/WP 命中 0/0；命中 DOI 初判见文献表，本基因专属实验仍待核	Rhea EC 方程仅作候选；基因关联、方向、区室、原子/电荷与辅因子未逐项确证	未命中原 GPR；不能据此判旧模型无同化学反应	证据不足暂缓	身份与表间引用已复核；功能/化学证据链未全部验收	G57-S01;G57-S03;G57-S04;G57-S02;G57-S05;G57-S06;G57-S07;G57-S11;G57-S13;G57-S15
1948	RU820_RS10265	WP_012537059.1	通过：同版 gene/CDS/WP/坐标/链向/product 一致	AFE_2220；完全匹配；RefSeq protein_id exact	UniProt B7J5K7 (unreviewed)；InterPro IPR012340;IPR019307;IPR028878;IPR004659;IPR048583;IPR003029;；Pfam PF10150;PF20833;PF00575;；仍须保守位点/功能边界核验	KEGG KO K08300；数据库链接不算本基因催化验证	非明显转运类；不适用	旧编号命中 0；当前 RU/WP 命中 0/0；命中 DOI 初判见文献表，本基因专属实验仍待核	未定义可接受的基因专属精确反应；化学字段暂缓	未命中原 GPR；不能据此判旧模型无同化学反应	无需修改（暂定）	身份与表间引用已复核；功能/化学证据链未全部验收	G57-S01;G57-S03;G57-S04;G57-S02;G57-S05;G57-S11;G57-S13
1949	RU820_RS10270	WP_012537060.1	通过：同版 gene/CDS/WP/坐标/链向/product 一致	AFE_2221；完全匹配；RefSeq protein_id exact	UniProt B7J5K8 (unreviewed)；InterPro IPR015803;IPR015273;IPR024909;IPR056411;IPR014729;IPR032678;IPR009080;；Pfam PF23493;PF09190;PF01406;；仍须保守位点/功能边界核验	KEGG KO K01883；KEGG R R03650；BioCyc CYSTEINE--TRNA-LIGASE-RXN；Rhea RHEA:17773；数据库链接不算本基因催化验证	非明显转运类；不适用	旧编号命中 0；当前 RU/WP 命中 0/0；命中 DOI 初判见文献表，本基因专属实验仍待核	Rhea EC 方程仅作候选；基因关联、方向、区室、原子/电荷与辅因子未逐项确证	未命中原 GPR；不能据此判旧模型无同化学反应	证据不足暂缓	身份与表间引用已复核；功能/化学证据链未全部验收	G57-S01;G57-S03;G57-S04;G57-S02;G57-S05;G57-S06;G57-S07;G57-S11;G57-S13;G57-S15
1950	RU820_RS10275	WP_012537061.1	通过：同版 gene/CDS/WP/坐标/链向/product 一致	AFE_2222；完全匹配；RefSeq protein_id exact	同株 UniProt RefSeq 交叉引用未命中；仅有 NCBI product，功能未独立核实	KEGG KO K09698；KEGG R R03651;R05578；BioCyc GLURS-RXN；Rhea RHEA:18397;RHEA:23540；数据库链接不算本基因催化验证	非明显转运类；不适用	旧编号命中 0；当前 RU/WP 命中 0/0；命中 DOI 初判见文献表，本基因专属实验仍待核	Rhea EC 方程仅作候选；基因关联、方向、区室、原子/电荷与辅因子未逐项确证	原 GPR：GLUTRS；完整 A—P 见反应表	证据不足暂缓	身份与表间引用已复核；功能/化学证据链未全部验收	G57-S01;G57-S03;G57-S04;G57-S02;G57-S05;G57-S06;G57-S07;G57-S08;G57-S13;G57-S15
1951	RU820_RS10280	WP_012537062.1	通过：同版 gene/CDS/WP/坐标/链向/product 一致	AFE_2223；完全匹配；RefSeq protein_id exact	UniProt B7J5L0 (unreviewed)；InterPro IPR012338;IPR001264;IPR050396;IPR023346;IPR012340;IPR031376;IPR001460;IPR036950;；Pfam PF17092;PF00912;PF00905;；仍须保守位点/功能边界核验	KEGG KO K05366；数据库链接不算本基因催化验证	非明显转运类；不适用	旧编号命中 0；当前 RU/WP 命中 0/0；命中 DOI 初判见文献表，本基因专属实验仍待核	未定义可接受的基因专属精确反应；化学字段暂缓	未命中原 GPR；不能据此判旧模型无同化学反应	证据不足暂缓	身份与表间引用已复核；功能/化学证据链未全部验收	G57-S01;G57-S03;G57-S04;G57-S02;G57-S05;G57-S11;G57-S13
1952	RU820_RS10285	WP_012537063.1	通过：同版 gene/CDS/WP/坐标/链向/product 一致	AFE_2224；完全匹配；RefSeq protein_id exact	UniProt B7J5L1 (unreviewed)；InterPro IPR008928;IPR012341;IPR011013;IPR014718;IPR011613;IPR046966;IPR015220;；Pfam PF09137;PF00723;；仍须保守位点/功能边界核验	KEGG KO K01178；KEGG R R01790;R01791;R06199；BioCyc 3.2.1.3-RXN;RXN-9024；数据库链接不算本基因催化验证	非明显转运类；不适用	旧编号命中 0；当前 RU/WP 命中 0/0；命中 DOI 初判见文献表，本基因专属实验仍待核	未定义可接受的基因专属精确反应；化学字段暂缓	未命中原 GPR；不能据此判旧模型无同化学反应	证据不足暂缓	身份与表间引用已复核；功能/化学证据链未全部验收	G57-S01;G57-S03;G57-S04;G57-S02;G57-S05;G57-S06;G57-S11;G57-S13
1953	RU820_RS10290	WP_012537064.1	通过：同版 gene/CDS/WP/坐标/链向/product 一致	AFE_2225；完全匹配；RefSeq protein_id exact	UniProt B7J5L2 (unreviewed)；InterPro IPR036291;IPR020904;IPR002347;；Pfam PF13561;；仍须保守位点/功能边界核验	KEGG KO K00034；KEGG R R01520;R01521；BioCyc GLUCOSE-1-DEHYDROGENASE-NADP+-RXN;GLUCOSE-1-DEHYDROGENASE-RXN；Rhea RHEA:14293;RHEA:14405；数据库链接不算本基因催化验证	非明显转运类；不适用	旧编号命中 0；当前 RU/WP 命中 0/0；命中 DOI 初判见文献表，本基因专属实验仍待核	Rhea EC 方程仅作候选；基因关联、方向、区室、原子/电荷与辅因子未逐项确证	未命中原 GPR；不能据此判旧模型无同化学反应	证据不足暂缓	身份与表间引用已复核；功能/化学证据链未全部验收	G57-S01;G57-S03;G57-S04;G57-S02;G57-S05;G57-S06;G57-S07;G57-S11;G57-S13;G57-S15
1954	RU820_RS10295	WP_012537065.1	通过：同版 gene/CDS/WP/坐标/链向/product 一致	未确认；未映射；	同株 UniProt RefSeq 交叉引用未命中；仅有 NCBI product，功能未独立核实	D3-1-R 未提供基因专属精确反应；仍需功能检索	非明显转运类；不适用	旧编号命中 0；当前 RU/WP 命中 0/0；命中 DOI 初判见文献表，本基因专属实验仍待核	未定义可接受的基因专属精确反应；化学字段暂缓	未命中原 GPR；不能据此判旧模型无同化学反应	无需修改（暂定）	身份与表间引用已复核；功能/化学证据链未全部验收	G57-S01;G57-S03;G57-S04;G57-S13
1955	RU820_RS10300	WP_012537066.1	通过：同版 gene/CDS/WP/坐标/链向/product 一致	未确认；未映射；	同株 UniProt RefSeq 交叉引用未命中；仅有 NCBI product，功能未独立核实	D3-1-R 未提供基因专属精确反应；仍需功能检索	非明显转运类；不适用	旧编号命中 0；当前 RU/WP 命中 0/0；命中 DOI 初判见文献表，本基因专属实验仍待核	未定义可接受的基因专属精确反应；化学字段暂缓	未命中原 GPR；不能据此判旧模型无同化学反应	证据不足暂缓	身份与表间引用已复核；功能/化学证据链未全部验收	G57-S01;G57-S03;G57-S04;G57-S13
1956	RU820_RS10305	WP_009569096.1	通过：同版 gene/CDS/WP/坐标/链向/product 一致	AFE_2227；完全匹配；RefSeq protein_id exact	同株 UniProt RefSeq 交叉引用未命中；仅有 NCBI product，功能未独立核实	KEGG KO K07025；BioCyc 2-HALOACID-DEHALOGENASE-RXN;3.8.1.11-RXN;RXN-6263;RXN-6264；Rhea RHEA:11192;RHEA:12072;RHEA:16193;RHEA:22188；数据库链接不算本基因催化验证	非明显转运类；不适用	旧编号命中 0；当前 RU/WP 命中 0/0；命中 DOI 初判见文献表，本基因专属实验仍待核	Rhea EC 方程仅作候选；基因关联、方向、区室、原子/电荷与辅因子未逐项确证	未命中原 GPR；不能据此判旧模型无同化学反应	证据不足暂缓	身份与表间引用已复核；功能/化学证据链未全部验收	G57-S01;G57-S03;G57-S04;G57-S02;G57-S05;G57-S06;G57-S07;G57-S13;G57-S15
1957	RU820_RS10310	WP_009569097.1	通过：同版 gene/CDS/WP/坐标/链向/product 一致	AFE_2228；完全匹配；RefSeq protein_id exact	UniProt B7J5L5 (unreviewed)；InterPro IPR011006;IPR001867;IPR001789;IPR039420;IPR036388;；Pfam PF00072;PF00486;；仍须保守位点/功能边界核验	KEGG KO K07667；数据库链接不算本基因催化验证	非明显转运类；不适用	旧编号命中 0；当前 RU/WP 命中 0/0；命中 DOI 初判见文献表，本基因专属实验仍待核	未定义可接受的基因专属精确反应；化学字段暂缓	未命中原 GPR；不能据此判旧模型无同化学反应	无需修改（暂定）	身份与表间引用已复核；功能/化学证据链未全部验收	G57-S01;G57-S03;G57-S04;G57-S02;G57-S05;G57-S11;G57-S13
1958	RU820_RS10315	WP_012537067.1	通过：同版 gene/CDS/WP/坐标/链向/product 一致	AFE_2229；完全匹配；RefSeq protein_id exact	UniProt B7J5L6 (unreviewed)；InterPro IPR003018;IPR029016;IPR036890;IPR003594;IPR005467;IPR003661;IPR036097;IPR052023;IPR038318;IPR025201;IPR027417;IPR004358;IPR003852;；Pfam PF13493;PF13492;PF02518;PF00512;PF02702;；仍须保守位点/功能边界核验	KEGG KO K07646；BioCyc 2.7.13.3-RXN；数据库链接不算本基因催化验证	非明显转运类；不适用	旧编号命中 0；当前 RU/WP 命中 0/0；命中 DOI 初判见文献表，本基因专属实验仍待核	未定义可接受的基因专属精确反应；化学字段暂缓	未命中原 GPR；不能据此判旧模型无同化学反应	证据不足暂缓	身份与表间引用已复核；功能/化学证据链未全部验收	G57-S01;G57-S03;G57-S04;G57-S02;G57-S05;G57-S06;G57-S11;G57-S13
1959	RU820_RS10320	WP_009569099.1	通过：同版 gene/CDS/WP/坐标/链向/product 一致	AFE_2231；完全匹配；RefSeq protein_id exact	UniProt B7J5L8 (unreviewed)；InterPro IPR011726;；Pfam PF09604;；仍须保守位点/功能边界核验	BioCyc TRANS-RXN-2；Rhea RHEA:16777；数据库链接不算本基因催化验证	转运类：TCDB 家族未获可靠同源支持；底物/耦联未证	旧编号命中 0；当前 RU/WP 命中 0/0；命中 DOI 初判见文献表，本基因专属实验仍待核	Rhea EC 方程仅作候选；基因关联、方向、区室、原子/电荷与辅因子未逐项确证	未命中原 GPR；不能据此判旧模型无同化学反应	证据不足暂缓	身份与表间引用已复核；功能/化学证据链未全部验收	G57-S01;G57-S03;G57-S04;G57-S02;G57-S06;G57-S07;G57-S11;G57-S13;G57-S15
1960	RU820_RS10325	WP_012537068.1	通过：同版 gene/CDS/WP/坐标/链向/product 一致	AFE_2232；完全匹配；RefSeq protein_id exact	UniProt B7J5L9 (unreviewed)；InterPro IPR004623;；Pfam PF03814;；仍须保守位点/功能边界核验	KEGG KO K01546；BioCyc TRANS-RXN-2；Rhea RHEA:16777；数据库链接不算本基因催化验证	家族候选 3.A.3.7.2；阈值支持 是；同一性 0.5262、覆盖率 0.9485；底物/耦联/方向未证	旧编号命中 0；当前 RU/WP 命中 0/0；命中 DOI 初判见文献表，本基因专属实验仍待核	Rhea EC 方程仅作候选；基因关联、方向、区室、原子/电荷与辅因子未逐项确证	未命中原 GPR；不能据此判旧模型无同化学反应	证据不足暂缓	身份与表间引用已复核；功能/化学证据链未全部验收	G57-S01;G57-S03;G57-S04;G57-S02;G57-S05;G57-S06;G57-S07;G57-S11;G57-S13;G57-S22;G57-S15
1961	RU820_RS10330	WP_012537069.1	通过：同版 gene/CDS/WP/坐标/链向/product 一致	AFE_2233；完全匹配；RefSeq protein_id exact	UniProt B7J5M0 (unreviewed)；InterPro IPR023299;IPR018303;IPR023298;IPR008250;IPR059000;IPR036412;IPR023214;IPR006391;IPR001757;IPR044492;；Pfam PF00122;PF00702;；仍须保守位点/功能边界核验	KEGG KO K01547；BioCyc TRANS-RXN-2；Rhea RHEA:16777；数据库链接不算本基因催化验证	家族候选 3.A.3.7.1；阈值支持 是；同一性 0.6427、覆盖率 0.9507；底物/耦联/方向未证	旧编号命中 0；当前 RU/WP 命中 0/0；命中 DOI 初判见文献表，本基因专属实验仍待核	Rhea EC 方程仅作候选；基因关联、方向、区室、原子/电荷与辅因子未逐项确证	未命中原 GPR；不能据此判旧模型无同化学反应	证据不足暂缓	身份与表间引用已复核；功能/化学证据链未全部验收	G57-S01;G57-S03;G57-S04;G57-S02;G57-S05;G57-S06;G57-S07;G57-S11;G57-S13;G57-S22;G57-S15
1962	RU820_RS10335	WP_423364961.1	通过：同版 gene/CDS/WP/坐标/链向/product 一致	未确认；未映射；	同株 UniProt RefSeq 交叉引用未命中；仅有 NCBI product，功能未独立核实	D3-1-R 未提供基因专属精确反应；仍需功能检索	家族候选 3.A.3.7.1；阈值支持 是；同一性 0.5055、覆盖率 0.8835；底物/耦联/方向未证	旧编号命中 0；当前 RU/WP 命中 0/0；命中 DOI 初判见文献表，本基因专属实验仍待核	未定义可接受的基因专属精确反应；化学字段暂缓	未命中原 GPR；不能据此判旧模型无同化学反应	证据不足暂缓	身份与表间引用已复核；功能/化学证据链未全部验收	G57-S01;G57-S03;G57-S04;G57-S13;G57-S22
1963	RU820_RS10340	WP_012537071.1	通过：同版 gene/CDS/WP/坐标/链向/product 一致	AFE_2235；完全匹配；RefSeq protein_id exact	UniProt B7J5M2 (unreviewed)；InterPro ；Pfam ；仍须保守位点/功能边界核验	D3-1-R 未提供基因专属精确反应；仍需功能检索	非明显转运类；不适用	旧编号命中 0；当前 RU/WP 命中 0/0；命中 DOI 初判见文献表，本基因专属实验仍待核	未定义可接受的基因专属精确反应；化学字段暂缓	未命中原 GPR；不能据此判旧模型无同化学反应	无需修改（暂定）	身份与表间引用已复核；功能/化学证据链未全部验收	G57-S01;G57-S03;G57-S04;G57-S02;G57-S11;G57-S13
1964	RU820_RS10345	WP_012537072.1	通过：同版 gene/CDS/WP/坐标/链向/product 一致	AFE_2238；完全匹配；RefSeq protein_id exact	UniProt B7J5M4 (unreviewed)；InterPro IPR036393;IPR001048;IPR001057;；Pfam PF00696;；仍须保守位点/功能边界核验	KEGG KO K00931；KEGG R R00239；Rhea RHEA:14877；数据库链接不算本基因催化验证	非明显转运类；不适用	旧编号命中 0；当前 RU/WP 命中 0/0；命中 DOI 初判见文献表，本基因专属实验仍待核	Rhea EC 方程仅作候选；基因关联、方向、区室、原子/电荷与辅因子未逐项确证	未命中原 GPR；不能据此判旧模型无同化学反应	证据不足暂缓	身份与表间引用已复核；功能/化学证据链未全部验收	G57-S01;G57-S03;G57-S04;G57-S02;G57-S05;G57-S07;G57-S11;G57-S13;G57-S15
1965	RU820_RS10350	WP_012537073.1	通过：同版 gene/CDS/WP/坐标/链向/product 一致	AFE_2239；完全匹配；RefSeq protein_id exact	同株 UniProt RefSeq 交叉引用未命中；仅有 NCBI product，功能未独立核实	D3-1-R 未提供基因专属精确反应；仍需功能检索	家族候选 1.B.12.5.2；阈值支持 是；同一性 0.3425、覆盖率 0.9035；底物/耦联/方向未证	旧编号命中 0；当前 RU/WP 命中 0/0；命中 DOI 初判见文献表，本基因专属实验仍待核	未定义可接受的基因专属精确反应；化学字段暂缓	未命中原 GPR；不能据此判旧模型无同化学反应	证据不足暂缓	身份与表间引用已复核；功能/化学证据链未全部验收	G57-S01;G57-S03;G57-S04;G57-S02;G57-S13;G57-S22
1966	RU820_RS10355	WP_009566795.1	通过：同版 gene/CDS/WP/坐标/链向/product 一致	AFE_2240；完全匹配；RefSeq protein_id exact	UniProt B7J5M7 (unreviewed)；InterPro IPR002187;IPR011322;IPR015867;IPR002332;；Pfam PF00543;；仍须保守位点/功能边界核验	KEGG KO K04752；数据库链接不算本基因催化验证	非明显转运类；不适用	旧编号命中 0；当前 RU/WP 命中 0/0；命中 DOI 初判见文献表，本基因专属实验仍待核	未定义可接受的基因专属精确反应；化学字段暂缓	未命中原 GPR；不能据此判旧模型无同化学反应	无需修改（暂定）	身份与表间引用已复核；功能/化学证据链未全部验收	G57-S01;G57-S03;G57-S04;G57-S02;G57-S05;G57-S11;G57-S13
1967	RU820_RS10360	WP_012607358.1	通过：同版 gene/CDS/WP/坐标/链向/product 一致	AFE_2241；完全匹配；RefSeq protein_id exact	UniProt B7J5M8 (unreviewed)；InterPro ；Pfam ；仍须保守位点/功能边界核验	D3-1-R 未提供基因专属精确反应；仍需功能检索	非明显转运类；不适用	旧编号命中 0；当前 RU/WP 命中 0/0；命中 DOI 初判见文献表，本基因专属实验仍待核	未定义可接受的基因专属精确反应；化学字段暂缓	未命中原 GPR；不能据此判旧模型无同化学反应	无需修改（暂定）	身份与表间引用已复核；功能/化学证据链未全部验收	G57-S01;G57-S03;G57-S04;G57-S02;G57-S11;G57-S13
1968	RU820_RS10365	WP_225487057.1	通过：同版 gene/CDS/WP/坐标/链向/product 一致	AFE_2242；完全匹配；RefSeq protein_id exact	同株 UniProt RefSeq 交叉引用未命中；仅有 NCBI product，功能未独立核实	D3-1-R 未提供基因专属精确反应；仍需功能检索	非明显转运类；不适用	旧编号命中 0；当前 RU/WP 命中 0/0；命中 DOI 初判见文献表，本基因专属实验仍待核	未定义可接受的基因专属精确反应；化学字段暂缓	未命中原 GPR；不能据此判旧模型无同化学反应	无需修改（暂定）	身份与表间引用已复核；功能/化学证据链未全部验收	G57-S01;G57-S03;G57-S04;G57-S02;G57-S13
1969	RU820_RS10370	WP_012607360.1	通过：同版 gene/CDS/WP/坐标/链向/product 一致	AFE_2245；完全匹配；RefSeq protein_id exact	UniProt B7J5N2 (unreviewed)；InterPro IPR018422;IPR006153;；Pfam PF00999;；仍须保守位点/功能边界核验	KEGG KO K03316；数据库链接不算本基因催化验证	家族候选 2.A.36.7.1；阈值支持 是；同一性 0.3984、覆盖率 0.9547；底物/耦联/方向未证	旧编号命中 0；当前 RU/WP 命中 0/0；命中 DOI 初判见文献表，本基因专属实验仍待核	未定义可接受的基因专属精确反应；化学字段暂缓	未命中原 GPR；不能据此判旧模型无同化学反应	证据不足暂缓	身份与表间引用已复核；功能/化学证据链未全部验收	G57-S01;G57-S03;G57-S04;G57-S02;G57-S05;G57-S11;G57-S13;G57-S22
1970	RU820_RS10375	WP_012537078.1	通过：同版 gene/CDS/WP/坐标/链向/product 一致	AFE_2246；完全匹配；RefSeq protein_id exact	UniProt B7J5N4 (unreviewed)；InterPro IPR051470;IPR012336;IPR036249;；Pfam PF13098;；仍须保守位点/功能边界核验	KEGG KO K03805；数据库链接不算本基因催化验证	非明显转运类；不适用	旧编号命中 1；当前 RU/WP 命中 0/0；命中 DOI 初判见文献表，本基因专属实验仍待核	未定义可接受的基因专属精确反应；化学字段暂缓	未命中原 GPR；不能据此判旧模型无同化学反应	无需修改（暂定）	身份与表间引用已复核；功能/化学证据链未全部验收	G57-S01;G57-S03;G57-S04;G57-S02;G57-S05;G57-S11;G57-S13
1971	RU820_RS10380	WP_012537079.1	通过：同版 gene/CDS/WP/坐标/链向/product 一致	AFE_2248；完全匹配；RefSeq protein_id exact	UniProt B7J5N5 (unreviewed)；InterPro ；Pfam ；仍须保守位点/功能边界核验	D3-1-R 未提供基因专属精确反应；仍需功能检索	非明显转运类；不适用	旧编号命中 0；当前 RU/WP 命中 0/0；命中 DOI 初判见文献表，本基因专属实验仍待核	未定义可接受的基因专属精确反应；化学字段暂缓	未命中原 GPR；不能据此判旧模型无同化学反应	无需修改（暂定）	身份与表间引用已复核；功能/化学证据链未全部验收	G57-S01;G57-S03;G57-S04;G57-S02;G57-S11;G57-S13
1972	RU820_RS10385	WP_012537080.1	通过：同版 gene/CDS/WP/坐标/链向/product 一致	AFE_2250；完全匹配；RefSeq protein_id exact	UniProt B7J5N7 (unreviewed)；InterPro IPR007049;IPR052932;IPR038673;；Pfam PF04966;；仍须保守位点/功能边界核验	KEGG KO K07267；数据库链接不算本基因催化验证	家族候选 1.B.19.1.2；阈值支持 是；同一性 0.3333、覆盖率 0.8606；底物/耦联/方向未证	旧编号命中 0；当前 RU/WP 命中 0/0；命中 DOI 初判见文献表，本基因专属实验仍待核	未定义可接受的基因专属精确反应；化学字段暂缓	未命中原 GPR；不能据此判旧模型无同化学反应	证据不足暂缓	身份与表间引用已复核；功能/化学证据链未全部验收	G57-S01;G57-S03;G57-S04;G57-S02;G57-S05;G57-S11;G57-S12;G57-S13;G57-S22
1973	RU820_RS10390	WP_012537081.1	通过：同版 gene/CDS/WP/坐标/链向/product 一致	AFE_2251；完全匹配；RefSeq protein_id exact	UniProt B7J5N8 (unreviewed)；InterPro IPR018391;IPR002372;IPR011047;IPR015943;；Pfam PF13360;；仍须保守位点/功能边界核验	D3-1-R 未提供基因专属精确反应；仍需功能检索	非明显转运类；不适用	旧编号命中 0；当前 RU/WP 命中 0/0；命中 DOI 初判见文献表，本基因专属实验仍待核	未定义可接受的基因专属精确反应；化学字段暂缓	未命中原 GPR；不能据此判旧模型无同化学反应	无需修改（暂定）	身份与表间引用已复核；功能/化学证据链未全部验收	G57-S01;G57-S03;G57-S04;G57-S02;G57-S11;G57-S13
1974	RU820_RS10395	WP_012537082.1	通过：同版 gene/CDS/WP/坐标/链向/product 一致	未确认；未映射；	同株 UniProt RefSeq 交叉引用未命中；仅有 NCBI product，功能未独立核实	D3-1-R 未提供基因专属精确反应；仍需功能检索	非明显转运类；不适用	旧编号命中 0；当前 RU/WP 命中 0/0；命中 DOI 初判见文献表，本基因专属实验仍待核	未定义可接受的基因专属精确反应；化学字段暂缓	未命中原 GPR；不能据此判旧模型无同化学反应	无需修改（暂定）	身份与表间引用已复核；功能/化学证据链未全部验收	G57-S01;G57-S03;G57-S04;G57-S13
1975	RU820_RS10400	WP_012537083.1	通过：同版 gene/CDS/WP/坐标/链向/product 一致	AFE_2254；完全匹配；RefSeq protein_id exact	UniProt B7J5P1 (unreviewed)；InterPro IPR012338;IPR023193;IPR001264;IPR050396;IPR023346;IPR009647;IPR001460;IPR036950;；Pfam PF06832;PF00912;PF00905;；仍须保守位点/功能边界核验	KEGG KO K05367；数据库链接不算本基因催化验证	非明显转运类；不适用	旧编号命中 0；当前 RU/WP 命中 0/0；命中 DOI 初判见文献表，本基因专属实验仍待核	未定义可接受的基因专属精确反应；化学字段暂缓	未命中原 GPR；不能据此判旧模型无同化学反应	证据不足暂缓	身份与表间引用已复核；功能/化学证据链未全部验收	G57-S01;G57-S03;G57-S04;G57-S02;G57-S05;G57-S11;G57-S13
1976	RU820_RS10405	WP_009568258.1	通过：同版 gene/CDS/WP/坐标/链向/product 一致	AFE_2255；完全匹配；RefSeq protein_id exact	同株 UniProt RefSeq 交叉引用未命中；仅有 NCBI product，功能未独立核实	D3-1-R 未提供基因专属精确反应；仍需功能检索	非明显转运类；不适用	旧编号命中 0；当前 RU/WP 命中 0/0；命中 DOI 初判见文献表，本基因专属实验仍待核	未定义可接受的基因专属精确反应；化学字段暂缓	未命中原 GPR；不能据此判旧模型无同化学反应	无需修改（暂定）	身份与表间引用已复核；功能/化学证据链未全部验收	G57-S01;G57-S03;G57-S04;G57-S02;G57-S13
1977	RU820_RS10410	WP_012537084.1	通过：同版 gene/CDS/WP/坐标/链向/product 一致	AFE_2256；完全匹配；RefSeq protein_id exact	UniProt B7J5P3 (unreviewed)；InterPro IPR001279;IPR045761;IPR036866;；Pfam PF19583;；仍须保守位点/功能边界核验	D3-1-R 未提供基因专属精确反应；仍需功能检索	非明显转运类；不适用	旧编号命中 0；当前 RU/WP 命中 0/0；命中 DOI 初判见文献表，本基因专属实验仍待核	未定义可接受的基因专属精确反应；化学字段暂缓	未命中原 GPR；不能据此判旧模型无同化学反应	证据不足暂缓	身份与表间引用已复核；功能/化学证据链未全部验收	G57-S01;G57-S03;G57-S04;G57-S02;G57-S11;G57-S13
1978	RU820_RS10415	WP_009562360.1	通过：同版 gene/CDS/WP/坐标/链向/product 一致	AFE_2257；完全匹配；RefSeq protein_id exact	UniProt B7J5P4 (unreviewed)；InterPro IPR019088;；Pfam PF09608;；仍须保守位点/功能边界核验	D3-1-R 未提供基因专属精确反应；仍需功能检索	非明显转运类；不适用	旧编号命中 0；当前 RU/WP 命中 0/0；命中 DOI 初判见文献表，本基因专属实验仍待核	未定义可接受的基因专属精确反应；化学字段暂缓	未命中原 GPR；不能据此判旧模型无同化学反应	无需修改（暂定）	身份与表间引用已复核；功能/化学证据链未全部验收	G57-S01;G57-S03;G57-S04;G57-S02;G57-S11;G57-S13
1979	RU820_RS10420	WP_009562361.1	通过：同版 gene/CDS/WP/坐标/链向/product 一致	AFE_2258；完全匹配；RefSeq protein_id exact	UniProt B7J5P5 (unreviewed)；InterPro IPR002781;IPR051598;；Pfam PF01925;；仍须保守位点/功能边界核验	KEGG KO K07090；数据库链接不算本基因催化验证	转运类：TCDB 家族未获可靠同源支持；底物/耦联未证	旧编号命中 0；当前 RU/WP 命中 0/0；命中 DOI 初判见文献表，本基因专属实验仍待核	未定义可接受的基因专属精确反应；化学字段暂缓	未命中原 GPR；不能据此判旧模型无同化学反应	无需修改（暂定）	身份与表间引用已复核；功能/化学证据链未全部验收	G57-S01;G57-S03;G57-S04;G57-S02;G57-S05;G57-S11;G57-S13
1980	RU820_RS10425	WP_009562362.1	通过：同版 gene/CDS/WP/坐标/链向/product 一致	AFE_2259；完全匹配；RefSeq protein_id exact	UniProt B7J5P6 (unreviewed)；InterPro IPR014729;IPR006016;；Pfam PF00582;；仍须保守位点/功能边界核验	D3-1-R 未提供基因专属精确反应；仍需功能检索	非明显转运类；不适用	旧编号命中 0；当前 RU/WP 命中 0/0；命中 DOI 初判见文献表，本基因专属实验仍待核	未定义可接受的基因专属精确反应；化学字段暂缓	未命中原 GPR；不能据此判旧模型无同化学反应	无需修改（暂定）	身份与表间引用已复核；功能/化学证据链未全部验收	G57-S01;G57-S03;G57-S04;G57-S02;G57-S11;G57-S13
1981	RU820_RS10430	WP_012537086.1	通过：同版 gene/CDS/WP/坐标/链向/product 一致	AFE_2260；完全匹配；RefSeq protein_id exact	同株 UniProt RefSeq 交叉引用未命中；仅有 NCBI product，功能未独立核实	KEGG KO K00602；KEGG R R01127;R04560；BioCyc AICARTRANSFORM-RXN;IMPCYCLOHYDROLASE-RXN；Rhea RHEA:18445;RHEA:22192；数据库链接不算本基因催化验证	非明显转运类；不适用	旧编号命中 0；当前 RU/WP 命中 0/0；命中 DOI 初判见文献表，本基因专属实验仍待核	Rhea EC 方程仅作候选；基因关联、方向、区室、原子/电荷与辅因子未逐项确证	原 GPR：AICART;IMPC；完整 A—P 见反应表	证据不足暂缓	身份与表间引用已复核；功能/化学证据链未全部验收	G57-S01;G57-S03;G57-S04;G57-S02;G57-S05;G57-S06;G57-S07;G57-S13;G57-S15
1982	RU820_RS10435	WP_009561285.1	通过：同版 gene/CDS/WP/坐标/链向/product 一致	AFE_2261；完全匹配；RefSeq protein_id exact	UniProt B7J5P8 (unreviewed)；InterPro IPR011761;IPR013815;IPR016185;IPR020561;IPR000115;IPR020560;IPR037123;IPR020559;IPR020562;IPR011054;；Pfam PF01071;PF02843;PF02844;；仍须保守位点/功能边界核验	KEGG KO K01945；KEGG R R04144；BioCyc GLYRIBONUCSYN-RXN；Rhea RHEA:17453；数据库链接不算本基因催化验证	非明显转运类；不适用	旧编号命中 0；当前 RU/WP 命中 0/0；命中 DOI 初判见文献表，本基因专属实验仍待核	Rhea EC 方程仅作候选；基因关联、方向、区室、原子/电荷与辅因子未逐项确证	原 GPR：PRAGS；完整 A—P 见反应表	证据不足暂缓	身份与表间引用已复核；功能/化学证据链未全部验收	G57-S01;G57-S03;G57-S04;G57-S02;G57-S05;G57-S06;G57-S07;G57-S11;G57-S13;G57-S15
1983	RU820_RS10440	WP_012537087.1	通过：同版 gene/CDS/WP/坐标/链向/product 一致	AFE_2262；完全匹配；RefSeq protein_id exact	UniProt B7J5P9 (unreviewed)；InterPro IPR017945;IPR006070;IPR023535;IPR050156;；Pfam PF01300;；仍须保守位点/功能边界核验	KEGG KO K07566；KEGG R R10463；BioCyc RXN-14569；Rhea RHEA:36407；数据库链接不算本基因催化验证	非明显转运类；不适用	旧编号命中 0；当前 RU/WP 命中 0/0；命中 DOI 初判见文献表，本基因专属实验仍待核	Rhea EC 方程仅作候选；基因关联、方向、区室、原子/电荷与辅因子未逐项确证	未命中原 GPR；不能据此判旧模型无同化学反应	证据不足暂缓	身份与表间引用已复核；功能/化学证据链未全部验收	G57-S01;G57-S03;G57-S04;G57-S02;G57-S05;G57-S06;G57-S07;G57-S11;G57-S13;G57-S15
1984	RU820_RS10445	WP_012537088.1	通过：同版 gene/CDS/WP/坐标/链向/product 一致	AFE_2263；完全匹配；RefSeq protein_id exact	UniProt B7J5Q0 (unreviewed)；InterPro IPR001260;IPR036406;IPR018375;；Pfam PF01218;；仍须保守位点/功能边界核验	KEGG KO K00228；KEGG R R03220；BioCyc RXN0-1461；Rhea RHEA:18257；数据库链接不算本基因催化验证	非明显转运类；不适用	旧编号命中 0；当前 RU/WP 命中 0/0；命中 DOI 初判见文献表，本基因专属实验仍待核	Rhea EC 方程仅作候选；基因关联、方向、区室、原子/电荷与辅因子未逐项确证	原 GPR：CPPPGO1；完整 A—P 见反应表	证据不足暂缓	身份与表间引用已复核；功能/化学证据链未全部验收	G57-S01;G57-S03;G57-S04;G57-S02;G57-S05;G57-S06;G57-S07;G57-S11;G57-S13;G57-S15
1985	RU820_RS10450	WP_012537089.1	通过：同版 gene/CDS/WP/坐标/链向/product 一致	AFE_2264；完全匹配；RefSeq protein_id exact	UniProt B7J5Q1 (reviewed)；InterPro IPR013785;IPR050074;IPR005719;IPR005720;IPR001295;；Pfam PF01180;；仍须保守位点/功能边界核验	KEGG KO K00254；KEGG R R01868；BioCyc DIHYDROOROTATE-DEHYDROGENASE-RXN;RXN0-6491;RXN0-6554；Rhea RHEA:28691;RHEA:30187；数据库链接不算本基因催化验证	非明显转运类；不适用	旧编号命中 0；当前 RU/WP 命中 0/0；命中 DOI 初判见文献表，本基因专属实验仍待核	Rhea EC 方程仅作候选；基因关联、方向、区室、原子/电荷与辅因子未逐项确证	原 GPR：DHORD；完整 A—P 见反应表	证据不足暂缓	身份与表间引用已复核；功能/化学证据链未全部验收	G57-S01;G57-S03;G57-S04;G57-S02;G57-S05;G57-S06;G57-S07;G57-S11;G57-S13;G57-S18;G57-S15
1986	RU820_RS10455	WP_009567670.1	通过：同版 gene/CDS/WP/坐标/链向/product 一致	AFE_2265；完全匹配；RefSeq protein_id exact	UniProt B7J5Q2 (unreviewed)；InterPro ；Pfam ；仍须保守位点/功能边界核验	D3-1-R 未提供基因专属精确反应；仍需功能检索	非明显转运类；不适用	旧编号命中 0；当前 RU/WP 命中 0/0；命中 DOI 初判见文献表，本基因专属实验仍待核	未定义可接受的基因专属精确反应；化学字段暂缓	未命中原 GPR；不能据此判旧模型无同化学反应	无需修改（暂定）	身份与表间引用已复核；功能/化学证据链未全部验收	G57-S01;G57-S03;G57-S04;G57-S02;G57-S11;G57-S13
1987	RU820_RS10460	WP_009561437.1	通过：同版 gene/CDS/WP/坐标/链向/product 一致	AFE_2266；完全匹配；RefSeq protein_id exact	同株 UniProt RefSeq 交叉引用未命中；仅有 NCBI product，功能未独立核实	D3-1-R 未提供基因专属精确反应；仍需功能检索	非明显转运类；不适用	旧编号命中 1；当前 RU/WP 命中 0/0；命中 DOI 初判见文献表，本基因专属实验仍待核	未定义可接受的基因专属精确反应；化学字段暂缓	未命中原 GPR；不能据此判旧模型无同化学反应	证据不足暂缓	身份与表间引用已复核；功能/化学证据链未全部验收	G57-S01;G57-S03;G57-S04;G57-S02;G57-S13
1988	RU820_RS10465	WP_012607367.1	通过：同版 gene/CDS/WP/坐标/链向/product 一致	AFE_2267；完全匹配；RefSeq protein_id exact	UniProt B7J5Q4 (unreviewed)；InterPro IPR017850;IPR007312;IPR006311;；Pfam PF04185;；仍须保守位点/功能边界核验	D3-1-R 未提供基因专属精确反应；仍需功能检索	非明显转运类；不适用	旧编号命中 0；当前 RU/WP 命中 0/0；命中 DOI 初判见文献表，本基因专属实验仍待核	未定义可接受的基因专属精确反应；化学字段暂缓	原 GPR：FE32tpp；完整 A—P 见反应表	证据不足暂缓	身份与表间引用已复核；功能/化学证据链未全部验收	G57-S01;G57-S03;G57-S04;G57-S02;G57-S11;G57-S13;G57-S16
1989	RU820_RS10470	WP_012537091.1	通过：同版 gene/CDS/WP/坐标/链向/product 一致	AFE_2268；完全匹配；RefSeq protein_id exact	UniProt B7J5Q5 (unreviewed)；InterPro IPR006260;IPR037682;；Pfam PF03544;；仍须保守位点/功能边界核验	KEGG KO K03832；数据库链接不算本基因催化验证	家族候选 2.C.1.1.2；阈值支持 是；同一性 0.335、覆盖率 0.8565；底物/耦联/方向未证	旧编号命中 0；当前 RU/WP 命中 0/0；命中 DOI 初判见文献表，本基因专属实验仍待核	未定义可接受的基因专属精确反应；化学字段暂缓	原 GPR：FE32tpp；完整 A—P 见反应表	证据不足暂缓	身份与表间引用已复核；功能/化学证据链未全部验收	G57-S01;G57-S03;G57-S04;G57-S02;G57-S05;G57-S11;G57-S13;G57-S16;G57-S22
1990	RU820_RS10475	WP_012537092.1	通过：同版 gene/CDS/WP/坐标/链向/product 一致	AFE_2269；完全匹配；RefSeq protein_id exact	UniProt B7J5Q6 (unreviewed)；InterPro IPR003400;；Pfam PF02472;；仍须保守位点/功能边界核验	KEGG KO K03559；数据库链接不算本基因催化验证	家族候选 1.A.30.2.10；阈值支持 是；同一性 0.3636、覆盖率 0.9098；底物/耦联/方向未证	旧编号命中 0；当前 RU/WP 命中 0/0；命中 DOI 初判见文献表，本基因专属实验仍待核	未定义可接受的基因专属精确反应；化学字段暂缓	原 GPR：FE32tpp；完整 A—P 见反应表	证据不足暂缓	身份与表间引用已复核；功能/化学证据链未全部验收	G57-S01;G57-S03;G57-S04;G57-S02;G57-S05;G57-S11;G57-S13;G57-S16;G57-S22
1991	RU820_RS10480	WP_009564717.1	通过：同版 gene/CDS/WP/坐标/链向/product 一致	AFE_2270；完全匹配；RefSeq protein_id exact	UniProt B7J5Q7 (unreviewed)；InterPro IPR050790;IPR002898;；Pfam PF01618;；仍须保守位点/功能边界核验	KEGG KO K03561；数据库链接不算本基因催化验证	家族候选 1.A.30.2.10；阈值支持 是；同一性 0.3743、覆盖率 0.7885；底物/耦联/方向未证	旧编号命中 1；当前 RU/WP 命中 0/0；命中 DOI 初判见文献表，本基因专属实验仍待核	未定义可接受的基因专属精确反应；化学字段暂缓	原 GPR：FE32tpp；完整 A—P 见反应表	证据不足暂缓	身份与表间引用已复核；功能/化学证据链未全部验收	G57-S01;G57-S03;G57-S04;G57-S02;G57-S05;G57-S11;G57-S13;G57-S16;G57-S22
1992	RU820_RS10485	WP_111122613.1	通过：同版 gene/CDS/WP/坐标/链向/product 一致	AFE_2271；完全匹配；RefSeq protein_id exact	同株 UniProt RefSeq 交叉引用未命中；仅有 NCBI product，功能未独立核实	KEGG KO K07657；数据库链接不算本基因催化验证	非明显转运类；不适用	旧编号命中 0；当前 RU/WP 命中 0/0；命中 DOI 初判见文献表，本基因专属实验仍待核	未定义可接受的基因专属精确反应；化学字段暂缓	原 GPR：FE32tpp；完整 A—P 见反应表	证据不足暂缓	身份与表间引用已复核；功能/化学证据链未全部验收	G57-S01;G57-S03;G57-S04;G57-S02;G57-S05;G57-S13;G57-S16
1993	RU820_RS10490	WP_012537094.1	通过：同版 gene/CDS/WP/坐标/链向/product 一致	AFE_2272；完全匹配；RefSeq protein_id exact	UniProt B7J5Q9 (unreviewed)；InterPro IPR021952;；Pfam PF12092;；仍须保守位点/功能边界核验	D3-1-R 未提供基因专属精确反应；仍需功能检索	非明显转运类；不适用	旧编号命中 0；当前 RU/WP 命中 0/0；命中 DOI 初判见文献表，本基因专属实验仍待核	未定义可接受的基因专属精确反应；化学字段暂缓	未命中原 GPR；不能据此判旧模型无同化学反应	无需修改（暂定）	身份与表间引用已复核；功能/化学证据链未全部验收	G57-S01;G57-S03;G57-S04;G57-S02;G57-S11;G57-S13
1994	RU820_RS10495	WP_012537095.1	通过：同版 gene/CDS/WP/坐标/链向/product 一致	AFE_2273；完全匹配；RefSeq protein_id exact	UniProt B7J5R0 (unreviewed)；InterPro IPR050790;IPR002898;；Pfam PF01618;；仍须保守位点/功能边界核验	KEGG KO K03561；数据库链接不算本基因催化验证	家族候选 1.A.30.2.5；阈值支持 是；同一性 0.3505、覆盖率 0.8435；底物/耦联/方向未证	旧编号命中 1；当前 RU/WP 命中 0/0；命中 DOI 初判见文献表，本基因专属实验仍待核	未定义可接受的基因专属精确反应；化学字段暂缓	原 GPR：FE32tpp；完整 A—P 见反应表	证据不足暂缓	身份与表间引用已复核；功能/化学证据链未全部验收	G57-S01;G57-S03;G57-S04;G57-S02;G57-S05;G57-S11;G57-S13;G57-S16;G57-S22
1995	RU820_RS10500	WP_012537096.1	通过：同版 gene/CDS/WP/坐标/链向/product 一致	AFE_2274；完全匹配；RefSeq protein_id exact	UniProt B7J5R1 (unreviewed)；InterPro IPR017850;IPR051200;IPR007312;IPR015943;；Pfam PF04185;；仍须保守位点/功能边界核验	D3-1-R 未提供基因专属精确反应；仍需功能检索	非明显转运类；不适用	旧编号命中 0；当前 RU/WP 命中 0/0；命中 DOI 初判见文献表，本基因专属实验仍待核	未定义可接受的基因专属精确反应；化学字段暂缓	原 GPR：FE32tpp；完整 A—P 见反应表	证据不足暂缓	身份与表间引用已复核；功能/化学证据链未全部验收	G57-S01;G57-S03;G57-S04;G57-S02;G57-S11;G57-S13;G57-S16
1996	RU820_RS10505	WP_012607369.1	通过：同版 gene/CDS/WP/坐标/链向/product 一致	AFE_2275；完全匹配；RefSeq protein_id exact	UniProt B7J5R2 (unreviewed)；InterPro IPR051045;IPR006260;IPR037682;；Pfam PF03544;；仍须保守位点/功能边界核验	KEGG KO K03832；数据库链接不算本基因催化验证	家族候选 2.C.1.3.3；阈值支持 是；同一性 0.3301、覆盖率 0.8636；底物/耦联/方向未证	旧编号命中 1；当前 RU/WP 命中 0/0；命中 DOI 初判见文献表，本基因专属实验仍待核	未定义可接受的基因专属精确反应；化学字段暂缓	原 GPR：FE32tpp；完整 A—P 见反应表	证据不足暂缓	身份与表间引用已复核；功能/化学证据链未全部验收	G57-S01;G57-S03;G57-S04;G57-S02;G57-S05;G57-S11;G57-S13;G57-S16;G57-S22
1997	RU820_RS10510	WP_009561136.1	通过：同版 gene/CDS/WP/坐标/链向/product 一致	AFE_2276；完全匹配；RefSeq protein_id exact	UniProt B7J5R3 (unreviewed)；InterPro IPR003607;IPR052567;IPR017670;；Pfam ；仍须保守位点/功能边界核验	D3-1-R 未提供基因专属精确反应；仍需功能检索	非明显转运类；不适用	旧编号命中 0；当前 RU/WP 命中 0/0；命中 DOI 初判见文献表，本基因专属实验仍待核	未定义可接受的基因专属精确反应；化学字段暂缓	原 GPR：FE32tpp；完整 A—P 见反应表	证据不足暂缓	身份与表间引用已复核；功能/化学证据链未全部验收	G57-S01;G57-S03;G57-S04;G57-S02;G57-S11;G57-S13;G57-S16
1998	RU820_RS10515	WP_012537098.1	通过：同版 gene/CDS/WP/坐标/链向/product 一致	AFE_2277；完全匹配；RefSeq protein_id exact	UniProt B7J5R4 (unreviewed)；InterPro IPR020846;IPR005828;IPR036259;IPR050814;IPR003663;IPR005829;IPR001202;；Pfam PF00083;；仍须保守位点/功能边界核验	KEGG KO K08368；数据库链接不算本基因催化验证	家族候选 2.A.1.1.65；阈值支持 是；同一性 0.3487、覆盖率 0.8387；底物/耦联/方向未证	旧编号命中 0；当前 RU/WP 命中 0/0；命中 DOI 初判见文献表，本基因专属实验仍待核	未定义可接受的基因专属精确反应；化学字段暂缓	未命中原 GPR；不能据此判旧模型无同化学反应	证据不足暂缓	身份与表间引用已复核；功能/化学证据链未全部验收	G57-S01;G57-S03;G57-S04;G57-S02;G57-S05;G57-S11;G57-S13;G57-S22
1999	RU820_RS10520	WP_009566199.1	通过：同版 gene/CDS/WP/坐标/链向/product 一致	AFE_2278；完全匹配；RefSeq protein_id exact	UniProt B7J5R5 (unreviewed)；InterPro IPR009609;；Pfam PF06754;；仍须保守位点/功能边界核验	KEGG KO K06166；KEGG R R10185；BioCyc RXN-17954;RXN-17957;RXN0-6732；Rhea RHEA:34679；数据库链接不算本基因催化验证	非明显转运类；不适用	旧编号命中 0；当前 RU/WP 命中 0/0；同株来源实验已核，边界见逐基因审查	Rhea EC 方程仅作候选；基因关联、方向、区室、原子/电荷与辅因子未逐项确证	原 GPR：PPTtpp；完整 A—P 见反应表	证据不足暂缓	身份与表间引用已复核；功能/化学证据链未全部验收	G57-S01;G57-S03;G57-S04;G57-S02;G57-S05;G57-S06;G57-S07;G57-S09;G57-S11;G57-S13;G57-S15
2000	RU820_RS10525	WP_012537099.1	通过：同版 gene/CDS/WP/坐标/链向/product 一致	AFE_2279；完全匹配；RefSeq protein_id exact	UniProt B7J5R6 (unreviewed)；InterPro IPR038058;IPR008772;；Pfam PF05845;；仍须保守位点/功能边界核验	KEGG KO K06165；KEGG R R10185；BioCyc RXN-17954;RXN-17957;RXN0-6732；Rhea RHEA:34679；数据库链接不算本基因催化验证	非明显转运类；不适用	旧编号命中 0；当前 RU/WP 命中 0/0；同株来源实验已核，边界见逐基因审查	Rhea EC 方程仅作候选；基因关联、方向、区室、原子/电荷与辅因子未逐项确证	原 GPR：PPTtpp；完整 A—P 见反应表	证据不足暂缓	身份与表间引用已复核；功能/化学证据链未全部验收	G57-S01;G57-S03;G57-S04;G57-S02;G57-S05;G57-S06;G57-S07;G57-S09;G57-S11;G57-S13;G57-S15
2001	RU820_RS10530	WP_012537100.1	通过：同版 gene/CDS/WP/坐标/链向/product 一致	AFE_2280；完全匹配；RefSeq protein_id exact	UniProt B7J5R7 (unreviewed)；InterPro IPR008773;；Pfam PF05861;；仍须保守位点/功能边界核验	KEGG KO K06164；KEGG R R10185；BioCyc RXN-17956;RXN0-6734；Rhea RHEA:34707；数据库链接不算本基因催化验证	非明显转运类；不适用	旧编号命中 0；当前 RU/WP 命中 0/0；同株来源实验已核，边界见逐基因审查	Rhea EC 方程仅作候选；基因关联、方向、区室、原子/电荷与辅因子未逐项确证	原 GPR：PPTtpp；完整 A—P 见反应表	证据不足暂缓	身份与表间引用已复核；功能/化学证据链未全部验收	G57-S01;G57-S03;G57-S04;G57-S02;G57-S05;G57-S06;G57-S07;G57-S09;G57-S11;G57-S13;G57-S15
2002	RU820_RS10535	WP_012537101.1	通过：同版 gene/CDS/WP/坐标/链向/product 一致	AFE_2281；完全匹配；RefSeq protein_id exact	UniProt B7J5R8 (unreviewed)；InterPro IPR010306;；Pfam PF06007;；仍须保守位点/功能边界核验	KEGG KO K06163；KEGG R R10204；BioCyc RXN-17956;RXN-17959;RXN0-6734；Rhea RHEA:34707；数据库链接不算本基因催化验证	非明显转运类；不适用	旧编号命中 0；当前 RU/WP 命中 0/0；同株来源实验已核，边界见逐基因审查	Rhea EC 方程仅作候选；基因关联、方向、区室、原子/电荷与辅因子未逐项确证	原 GPR：PPTtpp；完整 A—P 见反应表	证据不足暂缓	身份与表间引用已复核；功能/化学证据链未全部验收	G57-S01;G57-S03;G57-S04;G57-S02;G57-S05;G57-S06;G57-S07;G57-S09;G57-S11;G57-S13;G57-S15
2003	RU820_RS10540	WP_009560733.1	通过：同版 gene/CDS/WP/坐标/链向/product 一致	AFE_2282；完全匹配；RefSeq protein_id exact	UniProt B7J5R9 (unreviewed)；InterPro IPR003593;IPR003439;IPR017871;IPR013563;IPR027417;IPR012700;；Pfam PF00005;PF08352;；仍须保守位点/功能边界核验	KEGG KO K05781；数据库链接不算本基因催化验证	非明显转运类；不适用	旧编号命中 0；当前 RU/WP 命中 0/0；同株来源实验已核，边界见逐基因审查	未定义可接受的基因专属精确反应；化学字段暂缓	原 GPR：PPTtpp；完整 A—P 见反应表	证据不足暂缓	身份与表间引用已复核；功能/化学证据链未全部验收	G57-S01;G57-S03;G57-S04;G57-S02;G57-S05;G57-S09;G57-S11;G57-S13
2004	RU820_RS10545	WP_009560734.1	通过：同版 gene/CDS/WP/坐标/链向/product 一致	AFE_2283；完全匹配；RefSeq protein_id exact	UniProt B7J5S0 (unreviewed)；InterPro IPR003593;IPR003439;IPR017871;IPR015854;IPR012701;IPR027417;；Pfam PF00005;；仍须保守位点/功能边界核验	KEGG KO K05780；KEGG R R10185；BioCyc RXN-17954;RXN-17957;RXN0-6732；Rhea RHEA:34679；数据库链接不算本基因催化验证	非明显转运类；不适用	旧编号命中 0；当前 RU/WP 命中 0/0；同株来源实验已核，边界见逐基因审查	Rhea EC 方程仅作候选；基因关联、方向、区室、原子/电荷与辅因子未逐项确证	原 GPR：PPTtpp；完整 A—P 见反应表	证据不足暂缓	身份与表间引用已复核；功能/化学证据链未全部验收	G57-S01;G57-S03;G57-S04;G57-S02;G57-S05;G57-S06;G57-S07;G57-S09;G57-S11;G57-S13;G57-S15
2005	RU820_RS10550	WP_009560735.1	通过：同版 gene/CDS/WP/坐标/链向/product 一致	AFE_2284；完全匹配；RefSeq protein_id exact	UniProt B7J5S1 (unreviewed)；InterPro IPR013108;IPR011059;IPR032466;IPR051781;IPR012696;；Pfam PF07969;；仍须保守位点/功能边界核验	KEGG KO K06162；KEGG R R10186；BioCyc RXN-17955;RXN-17958;RXN0-6733；Rhea RHEA:34683；数据库链接不算本基因催化验证	非明显转运类；不适用	旧编号命中 0；当前 RU/WP 命中 0/0；同株来源实验已核，边界见逐基因审查	Rhea EC 方程仅作候选；基因关联、方向、区室、原子/电荷与辅因子未逐项确证	原 GPR：PPTtpp；完整 A—P 见反应表	证据不足暂缓	身份与表间引用已复核；功能/化学证据链未全部验收	G57-S01;G57-S03;G57-S04;G57-S02;G57-S05;G57-S06;G57-S07;G57-S09;G57-S11;G57-S13;G57-S15
2006	RU820_RS10555	WP_009560736.1	通过：同版 gene/CDS/WP/坐标/链向/product 一致	AFE_2285；完全匹配；RefSeq protein_id exact	UniProt B7J658 (unreviewed)；InterPro IPR009389;；Pfam PF06299;；仍须保守位点/功能边界核验	D3-1-R 未提供基因专属精确反应；仍需功能检索	非明显转运类；不适用	旧编号命中 0；当前 RU/WP 命中 0/0；命中 DOI 初判见文献表，本基因专属实验仍待核	未定义可接受的基因专属精确反应；化学字段暂缓	原 GPR：PPTtpp；完整 A—P 见反应表	证据不足暂缓	身份与表间引用已复核；功能/化学证据链未全部验收	G57-S01;G57-S03;G57-S04;G57-S02;G57-S11;G57-S13
2007	RU820_RS10560	WP_009560737.1	通过：同版 gene/CDS/WP/坐标/链向/product 一致	AFE_2286；完全匹配；RefSeq protein_id exact	UniProt B7J659 (unreviewed)；InterPro IPR027417;；Pfam ；仍须保守位点/功能边界核验	KEGG KO K05774；KEGG R R06836；BioCyc RXN0-1401；Rhea RHEA:20109；数据库链接不算本基因催化验证	非明显转运类；不适用	旧编号命中 0；当前 RU/WP 命中 0/0；命中 DOI 初判见文献表，本基因专属实验仍待核	Rhea EC 方程仅作候选；基因关联、方向、区室、原子/电荷与辅因子未逐项确证	原 GPR：PPTtpp；完整 A—P 见反应表	证据不足暂缓	身份与表间引用已复核；功能/化学证据链未全部验收	G57-S01;G57-S03;G57-S04;G57-S02;G57-S05;G57-S06;G57-S07;G57-S11;G57-S13;G57-S15
2008	RU820_RS10565	WP_012537102.1	通过：同版 gene/CDS/WP/坐标/链向/product 一致	AFE_2287；完全匹配；RefSeq protein_id exact	UniProt B7J660 (unreviewed)；InterPro IPR050679;IPR028978;IPR000524;IPR011663;IPR036388;IPR036390;；Pfam PF00392;PF07702;；仍须保守位点/功能边界核验	KEGG KO K02043；数据库链接不算本基因催化验证	非明显转运类；不适用	旧编号命中 0；当前 RU/WP 命中 0/0；命中 DOI 初判见文献表，本基因专属实验仍待核	未定义可接受的基因专属精确反应；化学字段暂缓	未命中原 GPR；不能据此判旧模型无同化学反应	无需修改（暂定）	身份与表间引用已复核；功能/化学证据链未全部验收	G57-S01;G57-S03;G57-S04;G57-S02;G57-S05;G57-S11;G57-S13
2009	RU820_RS10570	WP_012537103.1	通过：同版 gene/CDS/WP/坐标/链向/product 一致	AFE_2288；完全匹配；RefSeq protein_id exact	同株 UniProt RefSeq 交叉引用未命中；仅有 NCBI product，功能未独立核实	D3-1-R 未提供基因专属精确反应；仍需功能检索	家族候选 1.B.14.6.18；阈值支持 未达阈值；同一性 0.2775、覆盖率 0.8511；底物/耦联/方向未证	旧编号命中 0；当前 RU/WP 命中 0/0；命中 DOI 初判见文献表，本基因专属实验仍待核	未定义可接受的基因专属精确反应；化学字段暂缓	未命中原 GPR；不能据此判旧模型无同化学反应	证据不足暂缓	身份与表间引用已复核；功能/化学证据链未全部验收	G57-S01;G57-S03;G57-S04;G57-S02;G57-S13;G57-S22
2010	RU820_RS10575	WP_009563788.1	通过：同版 gene/CDS/WP/坐标/链向/product 一致	未确认；未映射；	同株 UniProt RefSeq 交叉引用未命中；仅有 NCBI product，功能未独立核实	D3-1-R 未提供基因专属精确反应；仍需功能检索	非明显转运类；不适用	旧编号命中 0；当前 RU/WP 命中 0/0；命中 DOI 初判见文献表，本基因专属实验仍待核	未定义可接受的基因专属精确反应；化学字段暂缓	未命中原 GPR；不能据此判旧模型无同化学反应	无需修改（暂定）	身份与表间引用已复核；功能/化学证据链未全部验收	G57-S01;G57-S03;G57-S04;G57-S13
2011	RU820_RS10580	WP_158303827.1	通过：同版 gene/CDS/WP/坐标/链向/product 一致	未确认；未映射；	同株 UniProt RefSeq 交叉引用未命中；仅有 NCBI product，功能未独立核实	D3-1-R 未提供基因专属精确反应；仍需功能检索	非明显转运类；不适用	旧编号命中 0；当前 RU/WP 命中 0/0；命中 DOI 初判见文献表，本基因专属实验仍待核	未定义可接受的基因专属精确反应；化学字段暂缓	未命中原 GPR；不能据此判旧模型无同化学反应	无需修改（暂定）	身份与表间引用已复核；功能/化学证据链未全部验收	G57-S01;G57-S03;G57-S04;G57-S13
2012	RU820_RS10585	WP_012537105.1	通过：同版 gene/CDS/WP/坐标/链向/product 一致	AFE_2292；完全匹配；RefSeq protein_id exact	UniProt B7J664 (unreviewed)；InterPro IPR000531;IPR036942;IPR012910;IPR037066;IPR039426;；Pfam PF07715;PF00593;；仍须保守位点/功能边界核验	KEGG KO K02014；数据库链接不算本基因催化验证	家族候选 1.B.14.14.1；阈值支持 未达阈值；同一性 0.2884、覆盖率 0.8254；底物/耦联/方向未证	旧编号命中 0；当前 RU/WP 命中 0/0；命中 DOI 初判见文献表，本基因专属实验仍待核	未定义可接受的基因专属精确反应；化学字段暂缓	原 GPR：PSD120；完整 A—P 见反应表	证据不足暂缓	身份与表间引用已复核；功能/化学证据链未全部验收	G57-S01;G57-S03;G57-S04;G57-S02;G57-S05;G57-S11;G57-S13;G57-S22
2013	RU820_RS10590	WP_157293199.1	通过：同版 gene/CDS/WP/坐标/链向/product 一致	AFE_2294；完全匹配；RefSeq protein_id exact	同株 UniProt RefSeq 交叉引用未命中；仅有 NCBI product，功能未独立核实	D3-1-R 未提供基因专属精确反应；仍需功能检索	非明显转运类；不适用	旧编号命中 0；当前 RU/WP 命中 0/0；命中 DOI 初判见文献表，本基因专属实验仍待核	未定义可接受的基因专属精确反应；化学字段暂缓	未命中原 GPR；不能据此判旧模型无同化学反应	无需修改（暂定）	身份与表间引用已复核；功能/化学证据链未全部验收	G57-S01;G57-S03;G57-S04;G57-S02;G57-S13
2014	RU820_RS10595	WP_009565776.1	通过：同版 gene/CDS/WP/坐标/链向/product 一致	AFE_2295；完全匹配；RefSeq protein_id exact	UniProt B7J666 (unreviewed)；InterPro ；Pfam ；仍须保守位点/功能边界核验	D3-1-R 未提供基因专属精确反应；仍需功能检索	非明显转运类；不适用	旧编号命中 0；当前 RU/WP 命中 0/0；命中 DOI 初判见文献表，本基因专属实验仍待核	未定义可接受的基因专属精确反应；化学字段暂缓	未命中原 GPR；不能据此判旧模型无同化学反应	无需修改（暂定）	身份与表间引用已复核；功能/化学证据链未全部验收	G57-S01;G57-S03;G57-S04;G57-S02;G57-S11;G57-S13
2015	RU820_RS10600	WP_012607374.1	通过：同版 gene/CDS/WP/坐标/链向/product 一致	AFE_2296；完全匹配；RefSeq protein_id exact	UniProt B7J667 (unreviewed)；InterPro ；Pfam ；仍须保守位点/功能边界核验	KEGG KO K01992；数据库链接不算本基因催化验证	非明显转运类；不适用	旧编号命中 0；当前 RU/WP 命中 0/0；命中 DOI 初判见文献表，本基因专属实验仍待核	未定义可接受的基因专属精确反应；化学字段暂缓	未命中原 GPR；不能据此判旧模型无同化学反应	无需修改（暂定）	身份与表间引用已复核；功能/化学证据链未全部验收	G57-S01;G57-S03;G57-S04;G57-S02;G57-S05;G57-S11;G57-S13
2016	RU820_RS10605	WP_012537106.1	通过：同版 gene/CDS/WP/坐标/链向/product 一致	AFE_2297；完全匹配；RefSeq protein_id exact	同株 UniProt RefSeq 交叉引用未命中；仅有 NCBI product，功能未独立核实	D3-1-R 未提供基因专属精确反应；仍需功能检索	非明显转运类；不适用	旧编号命中 0；当前 RU/WP 命中 0/0；命中 DOI 初判见文献表，本基因专属实验仍待核	未定义可接受的基因专属精确反应；化学字段暂缓	未命中原 GPR；不能据此判旧模型无同化学反应	无需修改（暂定）	身份与表间引用已复核；功能/化学证据链未全部验收	G57-S01;G57-S03;G57-S04;G57-S02;G57-S13
2017	RU820_RS10610	WP_012537107.1	通过：同版 gene/CDS/WP/坐标/链向/product 一致	AFE_2298；完全匹配；RefSeq protein_id exact	UniProt B7J669 (unreviewed)；InterPro IPR000531;IPR036942;IPR012910;IPR037066;IPR039426;；Pfam PF07715;PF00593;；仍须保守位点/功能边界核验	KEGG KO K02014；数据库链接不算本基因催化验证	家族候选 1.B.14.6.4；阈值支持 是；同一性 0.3266、覆盖率 0.8122；底物/耦联/方向未证	旧编号命中 0；当前 RU/WP 命中 0/0；命中 DOI 初判见文献表，本基因专属实验仍待核	未定义可接受的基因专属精确反应；化学字段暂缓	未命中原 GPR；不能据此判旧模型无同化学反应	证据不足暂缓	身份与表间引用已复核；功能/化学证据链未全部验收	G57-S01;G57-S03;G57-S04;G57-S02;G57-S05;G57-S11;G57-S13;G57-S22
2018	RU820_RS10615	WP_012537108.1	通过：同版 gene/CDS/WP/坐标/链向/product 一致	AFE_2299；完全匹配；RefSeq protein_id exact	UniProt B7J670 (unreviewed)；InterPro IPR050790;IPR002898;；Pfam PF01618;；仍须保守位点/功能边界核验	KEGG KO K03561；数据库链接不算本基因催化验证	家族候选 1.A.30.2.11；阈值支持 是；同一性 0.3955、覆盖率 0.7867；底物/耦联/方向未证	旧编号命中 0；当前 RU/WP 命中 0/0；命中 DOI 初判见文献表，本基因专属实验仍待核	未定义可接受的基因专属精确反应；化学字段暂缓	未命中原 GPR；不能据此判旧模型无同化学反应	无需修改（暂定）	身份与表间引用已复核；功能/化学证据链未全部验收	G57-S01;G57-S03;G57-S04;G57-S02;G57-S05;G57-S11;G57-S13;G57-S22
2019	RU820_RS10620	WP_012537109.1	通过：同版 gene/CDS/WP/坐标/链向/product 一致	AFE_2300；完全匹配；RefSeq protein_id exact	同株 UniProt RefSeq 交叉引用未命中；仅有 NCBI product，功能未独立核实	KEGG KO K03559；数据库链接不算本基因催化验证	家族候选 1.A.30.2.10；阈值支持 是；同一性 0.3279、覆盖率 0.9457；底物/耦联/方向未证	旧编号命中 0；当前 RU/WP 命中 0/0；命中 DOI 初判见文献表，本基因专属实验仍待核	未定义可接受的基因专属精确反应；化学字段暂缓	原 GPR：FE32tpp；完整 A—P 见反应表	证据不足暂缓	身份与表间引用已复核；功能/化学证据链未全部验收	G57-S01;G57-S03;G57-S04;G57-S02;G57-S05;G57-S13;G57-S16;G57-S22
2020	RU820_RS10625	WP_012537110.1	通过：同版 gene/CDS/WP/坐标/链向/product 一致	AFE_2301；完全匹配；RefSeq protein_id exact	UniProt B7J672 (unreviewed)；InterPro IPR003538;IPR051045;IPR006260;IPR037682;；Pfam PF03544;；仍须保守位点/功能边界核验	KEGG KO K03832；数据库链接不算本基因催化验证	家族候选 2.C.1.3.1；阈值支持 是；同一性 0.3814、覆盖率 0.8884；底物/耦联/方向未证	旧编号命中 0；当前 RU/WP 命中 0/0；命中 DOI 初判见文献表，本基因专属实验仍待核	未定义可接受的基因专属精确反应；化学字段暂缓	原 GPR：FE32tpp；完整 A—P 见反应表	证据不足暂缓	身份与表间引用已复核；功能/化学证据链未全部验收	G57-S01;G57-S03;G57-S04;G57-S02;G57-S05;G57-S11;G57-S13;G57-S16;G57-S22
2021	RU820_RS10630	WP_012537111.1	通过：同版 gene/CDS/WP/坐标/链向/product 一致	AFE_2302；完全匹配；RefSeq protein_id exact	UniProt B7J673 (unreviewed)；InterPro IPR000531;IPR036942;IPR012910;IPR037066;IPR039426;；Pfam PF07715;PF00593;；仍须保守位点/功能边界核验	KEGG KO K02014；数据库链接不算本基因催化验证	家族候选 1.B.14.13.1；阈值支持 是；同一性 0.3363、覆盖率 0.9228；底物/耦联/方向未证	旧编号命中 0；当前 RU/WP 命中 0/0；命中 DOI 初判见文献表，本基因专属实验仍待核	未定义可接受的基因专属精确反应；化学字段暂缓	原 GPR：FE32tpp；完整 A—P 见反应表	证据不足暂缓	身份与表间引用已复核；功能/化学证据链未全部验收	G57-S01;G57-S03;G57-S04;G57-S02;G57-S05;G57-S11;G57-S13;G57-S16;G57-S22
2022	RU820_RS10635	WP_012537112.1	通过：同版 gene/CDS/WP/坐标/链向/product 一致	AFE_2303；完全匹配；RefSeq protein_id exact	UniProt B7J674 (unreviewed)；InterPro IPR017850;IPR011048;IPR051200;IPR019405;IPR015943;；Pfam PF10282;；仍须保守位点/功能边界核验	D3-1-R 未提供基因专属精确反应；仍需功能检索	非明显转运类；不适用	旧编号命中 0；当前 RU/WP 命中 0/0；命中 DOI 初判见文献表，本基因专属实验仍待核	未定义可接受的基因专属精确反应；化学字段暂缓	原 GPR：FE32tpp；完整 A—P 见反应表	证据不足暂缓	身份与表间引用已复核；功能/化学证据链未全部验收	G57-S01;G57-S03;G57-S04;G57-S02;G57-S11;G57-S13;G57-S16
2023	RU820_RS10640	WP_009567932.1	通过：同版 gene/CDS/WP/坐标/链向/product 一致	AFE_2304；完全匹配；RefSeq protein_id exact	同株 UniProt RefSeq 交叉引用未命中；仅有 NCBI product，功能未独立核实	KEGG KO K03832；数据库链接不算本基因催化验证	家族候选 2.C.1.1.10；阈值支持 是；同一性 0.3333、覆盖率 0.8734；底物/耦联/方向未证	旧编号命中 0；当前 RU/WP 命中 0/0；命中 DOI 初判见文献表，本基因专属实验仍待核	未定义可接受的基因专属精确反应；化学字段暂缓	原 GPR：FE32tpp；完整 A—P 见反应表	证据不足暂缓	身份与表间引用已复核；功能/化学证据链未全部验收	G57-S01;G57-S03;G57-S04;G57-S02;G57-S05;G57-S13;G57-S16;G57-S22
2024	RU820_RS10645	WP_012537114.1	通过：同版 gene/CDS/WP/坐标/链向/product 一致	AFE_2305；完全匹配；RefSeq protein_id exact	同株 UniProt RefSeq 交叉引用未命中；仅有 NCBI product，功能未独立核实	D3-1-R 未提供基因专属精确反应；仍需功能检索	非明显转运类；不适用	旧编号命中 0；当前 RU/WP 命中 0/0；命中 DOI 初判见文献表，本基因专属实验仍待核	未定义可接受的基因专属精确反应；化学字段暂缓	原 GPR：FE32tpp；完整 A—P 见反应表	证据不足暂缓	身份与表间引用已复核；功能/化学证据链未全部验收	G57-S01;G57-S03;G57-S04;G57-S02;G57-S13;G57-S16
2025	RU820_RS10650	WP_229129720.1	通过：同版 gene/CDS/WP/坐标/链向/product 一致	AFE_2306；完全匹配；RefSeq protein_id exact	同株 UniProt RefSeq 交叉引用未命中；仅有 NCBI product，功能未独立核实	KEGG KO K07657；数据库链接不算本基因催化验证	非明显转运类；不适用	旧编号命中 0；当前 RU/WP 命中 0/0；命中 DOI 初判见文献表，本基因专属实验仍待核	未定义可接受的基因专属精确反应；化学字段暂缓	未命中原 GPR；不能据此判旧模型无同化学反应	无需修改（暂定）	身份与表间引用已复核；功能/化学证据链未全部验收	G57-S01;G57-S03;G57-S04;G57-S02;G57-S05;G57-S13
2026	RU820_RS10655	WP_009567937.1	通过：同版 gene/CDS/WP/坐标/链向/product 一致	AFE_2307；完全匹配；RefSeq protein_id exact	UniProt B7J678 (unreviewed)；InterPro IPR036259;；Pfam ；仍须保守位点/功能边界核验	D3-1-R 未提供基因专属精确反应；仍需功能检索	非明显转运类；不适用	旧编号命中 0；当前 RU/WP 命中 0/0；命中 DOI 初判见文献表，本基因专属实验仍待核	未定义可接受的基因专属精确反应；化学字段暂缓	未命中原 GPR；不能据此判旧模型无同化学反应	无需修改（暂定）	身份与表间引用已复核；功能/化学证据链未全部验收	G57-S01;G57-S03;G57-S04;G57-S02;G57-S11;G57-S13
2027	RU820_RS10660	WP_225487058.1	通过：同版 gene/CDS/WP/坐标/链向/product 一致	AFE_2309；完全匹配；RefSeq protein_id exact	同株 UniProt RefSeq 交叉引用未命中；仅有 NCBI product，功能未独立核实	D3-1-R 未提供基因专属精确反应；仍需功能检索	非明显转运类；不适用	旧编号命中 0；当前 RU/WP 命中 0/0；命中 DOI 初判见文献表，本基因专属实验仍待核	未定义可接受的基因专属精确反应；化学字段暂缓	未命中原 GPR；不能据此判旧模型无同化学反应	无需修改（暂定）	身份与表间引用已复核；功能/化学证据链未全部验收	G57-S01;G57-S03;G57-S04;G57-S02;G57-S13
2028	RU820_RS10670	WP_012537116.1	通过：同版 gene/CDS/WP/坐标/链向/product 一致	AFE_2312；完全匹配；RefSeq protein_id exact	UniProt B7J682 (unreviewed)；InterPro IPR020846;IPR005828;IPR036259;IPR050814;IPR003663;IPR005829;；Pfam PF00083;；仍须保守位点/功能边界核验	D3-1-R 未提供基因专属精确反应；仍需功能检索	家族候选 2.A.1.1.63；阈值支持 是；同一性 0.4123、覆盖率 0.9712；底物/耦联/方向未证	旧编号命中 1；当前 RU/WP 命中 0/0；命中 DOI 初判见文献表，本基因专属实验仍待核	未定义可接受的基因专属精确反应；化学字段暂缓	未命中原 GPR；不能据此判旧模型无同化学反应	证据不足暂缓	身份与表间引用已复核；功能/化学证据链未全部验收	G57-S01;G57-S03;G57-S04;G57-S02;G57-S11;G57-S12;G57-S13;G57-S22
2029	RU820_RS10675	WP_041646431.1	通过：同版 gene/CDS/WP/坐标/链向/product 一致	AFE_2313；完全匹配；RefSeq protein_id exact	同株 UniProt RefSeq 交叉引用未命中；仅有 NCBI product，功能未独立核实	D3-1-R 未提供基因专属精确反应；仍需功能检索	非明显转运类；不适用	旧编号命中 0；当前 RU/WP 命中 0/0；命中 DOI 初判见文献表，本基因专属实验仍待核	未定义可接受的基因专属精确反应；化学字段暂缓	未命中原 GPR；不能据此判旧模型无同化学反应	无需修改（暂定）	身份与表间引用已复核；功能/化学证据链未全部验收	G57-S01;G57-S03;G57-S04;G57-S02;G57-S13
2030	RU820_RS10680	WP_009568083.1	通过：同版 gene/CDS/WP/坐标/链向/product 一致	AFE_2314；完全匹配；RefSeq protein_id exact	UniProt B7J684 (unreviewed)；InterPro IPR013078;IPR029033;IPR004449;；Pfam PF00300;；仍须保守位点/功能边界核验	KEGG KO K08296；BioCyc RXN-17131;RXN-17132;RXN-17133；Rhea RHEA:47960;RHEA:47964；数据库链接不算本基因催化验证	非明显转运类；不适用	旧编号命中 0；当前 RU/WP 命中 0/0；命中 DOI 初判见文献表，本基因专属实验仍待核	Rhea EC 方程仅作候选；基因关联、方向、区室、原子/电荷与辅因子未逐项确证	未命中原 GPR；不能据此判旧模型无同化学反应	证据不足暂缓	身份与表间引用已复核；功能/化学证据链未全部验收	G57-S01;G57-S03;G57-S04;G57-S02;G57-S05;G57-S06;G57-S07;G57-S11;G57-S13;G57-S15
2031	RU820_RS10690	WP_012537117.1	通过：同版 gene/CDS/WP/坐标/链向/product 一致	AFE_2316；完全匹配；RefSeq protein_id exact	UniProt B7J685 (unreviewed)；InterPro IPR004658;；Pfam PF03843;；仍须保守位点/功能边界核验	KEGG KO K07285；数据库链接不算本基因催化验证	非明显转运类；不适用	旧编号命中 0；当前 RU/WP 命中 0/0；命中 DOI 初判见文献表，本基因专属实验仍待核	未定义可接受的基因专属精确反应；化学字段暂缓	未命中原 GPR；不能据此判旧模型无同化学反应	无需修改（暂定）	身份与表间引用已复核；功能/化学证据链未全部验收	G57-S01;G57-S03;G57-S04;G57-S02;G57-S05;G57-S11;G57-S13
2032	RU820_RS10695	WP_012607383.1	通过：同版 gene/CDS/WP/坐标/链向/product 一致	AFE_2318；完全匹配；RefSeq protein_id exact	UniProt B7J687 (unreviewed)；InterPro IPR050980;IPR036890;IPR003594;IPR005467;IPR003661;IPR036097;IPR038421;IPR004358;；Pfam PF02518;PF00512;；仍须保守位点/功能边界核验	KEGG KO K07638；数据库链接不算本基因催化验证	非明显转运类；不适用	旧编号命中 0；当前 RU/WP 命中 0/0；命中 DOI 初判见文献表，本基因专属实验仍待核	未定义可接受的基因专属精确反应；化学字段暂缓	未命中原 GPR；不能据此判旧模型无同化学反应	无需修改（暂定）	身份与表间引用已复核；功能/化学证据链未全部验收	G57-S01;G57-S03;G57-S04;G57-S02;G57-S05;G57-S11;G57-S13
2033	RU820_RS10700	WP_009566809.1	通过：同版 gene/CDS/WP/坐标/链向/product 一致	AFE_2319；完全匹配；RefSeq protein_id exact	UniProt B7J688 (unreviewed)；InterPro IPR011006;IPR001867;IPR016032;IPR001789;IPR039420;IPR036388;；Pfam PF00072;PF00486;；仍须保守位点/功能边界核验	KEGG KO K07659；数据库链接不算本基因催化验证	非明显转运类；不适用	旧编号命中 0；当前 RU/WP 命中 0/0；命中 DOI 初判见文献表，本基因专属实验仍待核	未定义可接受的基因专属精确反应；化学字段暂缓	未命中原 GPR；不能据此判旧模型无同化学反应	无需修改（暂定）	身份与表间引用已复核；功能/化学证据链未全部验收	G57-S01;G57-S03;G57-S04;G57-S02;G57-S05;G57-S11;G57-S13
2034	RU820_RS10705	WP_012537119.1	通过：同版 gene/CDS/WP/坐标/链向/product 一致	AFE_2320；完全匹配；RefSeq protein_id exact	UniProt B7J689 (unreviewed)；InterPro IPR022894;IPR013520;IPR012337;IPR036397;；Pfam PF00929;；仍须保守位点/功能边界核验	KEGG KO K13288；BioCyc 3.1.13.3-RXN；数据库链接不算本基因催化验证	非明显转运类；不适用	旧编号命中 0；当前 RU/WP 命中 0/0；命中 DOI 初判见文献表，本基因专属实验仍待核	未定义可接受的基因专属精确反应；化学字段暂缓	未命中原 GPR；不能据此判旧模型无同化学反应	证据不足暂缓	身份与表间引用已复核；功能/化学证据链未全部验收	G57-S01;G57-S03;G57-S04;G57-S02;G57-S05;G57-S06;G57-S11;G57-S13
2035	RU820_RS10710	WP_012537120.1	通过：同版 gene/CDS/WP/坐标/链向/product 一致	AFE_2321；完全匹配；RefSeq protein_id exact	UniProt B7J690 (unreviewed)；InterPro IPR050766;IPR011251;IPR036661;；Pfam PF00296;；仍须保守位点/功能边界核验	D3-1-R 未提供基因专属精确反应；仍需功能检索	非明显转运类；不适用	旧编号命中 1；当前 RU/WP 命中 0/0；命中 DOI 初判见文献表，本基因专属实验仍待核	未定义可接受的基因专属精确反应；化学字段暂缓	未命中原 GPR；不能据此判旧模型无同化学反应	证据不足暂缓	身份与表间引用已复核；功能/化学证据链未全部验收	G57-S01;G57-S03;G57-S04;G57-S02;G57-S11;G57-S13
2036	RU820_RS10715	WP_012537121.1	通过：同版 gene/CDS/WP/坐标/链向/product 一致	AFE_2322；完全匹配；RefSeq protein_id exact	同株 UniProt RefSeq 交叉引用未命中；仅有 NCBI product，功能未独立核实	KEGG KO K01784；KEGG R R00291;R02984；Rhea RHEA:22168；数据库链接不算本基因催化验证	非明显转运类；不适用	旧编号命中 0；当前 RU/WP 命中 0/0；命中 DOI 初判见文献表，本基因专属实验仍待核	Rhea EC 方程仅作候选；基因关联、方向、区室、原子/电荷与辅因子未逐项确证	未命中原 GPR；不能据此判旧模型无同化学反应	证据不足暂缓	身份与表间引用已复核；功能/化学证据链未全部验收	G57-S01;G57-S03;G57-S04;G57-S02;G57-S05;G57-S07;G57-S13;G57-S15
2037	RU820_RS10720	WP_012537122.1	通过：同版 gene/CDS/WP/坐标/链向/product 一致	AFE_2323；完全匹配；RefSeq protein_id exact	UniProt B7J692 (unreviewed)；InterPro IPR025859;IPR009078;IPR012348;；Pfam PF11583;；仍须保守位点/功能边界核验	D3-1-R 未提供基因专属精确反应；仍需功能检索	非明显转运类；不适用	旧编号命中 1；当前 RU/WP 命中 0/0；命中 DOI 初判见文献表，本基因专属实验仍待核	未定义可接受的基因专属精确反应；化学字段暂缓	未命中原 GPR；不能据此判旧模型无同化学反应	证据不足暂缓	身份与表间引用已复核；功能/化学证据链未全部验收	G57-S01;G57-S03;G57-S04;G57-S02;G57-S11;G57-S13
2038	RU820_RS10725	WP_012537123.1	通过：同版 gene/CDS/WP/坐标/链向/product 一致	AFE_2324；完全匹配；RefSeq protein_id exact	UniProt B7J693 (unreviewed)；InterPro IPR005844;IPR016055;IPR005845;IPR005846;IPR036900;IPR005841;IPR045244;；Pfam PF24947;PF02878;PF02879;PF02880;；仍须保守位点/功能边界核验	KEGG KO K01835；KEGG R R00959;R01057;R08639；BioCyc PHOSPHOGLUCMUT-RXN；Rhea RHEA:23536；数据库链接不算本基因催化验证	非明显转运类；不适用	旧编号命中 4；当前 RU/WP 命中 0/0；命中 DOI 初判见文献表，本基因专属实验仍待核	Rhea EC 方程仅作候选；基因关联、方向、区室、原子/电荷与辅因子未逐项确证	原 GPR：PGMT;PGMT2；完整 A—P 见反应表	证据不足暂缓	身份与表间引用已复核；功能/化学证据链未全部验收	G57-S01;G57-S03;G57-S04;G57-S02;G57-S05;G57-S06;G57-S07;G57-S11;G57-S13;G57-S15
2039	RU820_RS10730	WP_009561011.1	通过：同版 gene/CDS/WP/坐标/链向/product 一致	AFE_2325；完全匹配；RefSeq protein_id exact	UniProt B7J694 (unreviewed)；InterPro IPR052928;IPR024623;；Pfam PF12732;；仍须保守位点/功能边界核验	D3-1-R 未提供基因专属精确反应；仍需功能检索	非明显转运类；不适用	旧编号命中 0；当前 RU/WP 命中 0/0；命中 DOI 初判见文献表，本基因专属实验仍待核	未定义可接受的基因专属精确反应；化学字段暂缓	未命中原 GPR；不能据此判旧模型无同化学反应	无需修改（暂定）	身份与表间引用已复核；功能/化学证据链未全部验收	G57-S01;G57-S03;G57-S04;G57-S02;G57-S11;G57-S13
2040	RU820_RS10740	WP_012537124.1	通过：同版 gene/CDS/WP/坐标/链向/product 一致	AFE_2327；完全匹配；RefSeq protein_id exact	UniProt B7J695 (unreviewed)；InterPro IPR006068;IPR004014;IPR023299;IPR018303;IPR023298;IPR008250;IPR059000;IPR036412;IPR023214;IPR006415;IPR001757;IPR044492;；Pfam PF13246;PF00689;PF00690;PF00122;；仍须保守位点/功能边界核验	KEGG KO K01531；BioCyc TRANS-RXN-250；Rhea RHEA:10260；数据库链接不算本基因催化验证	家族候选 3.A.3.4.4；阈值支持 是；同一性 0.4827、覆盖率 0.9906；底物/耦联/方向未证	旧编号命中 0；当前 RU/WP 命中 0/0；命中 DOI 初判见文献表，本基因专属实验仍待核	Rhea EC 方程仅作候选；基因关联、方向、区室、原子/电荷与辅因子未逐项确证	原 GPR：MG2tpp；完整 A—P 见反应表	证据不足暂缓	身份与表间引用已复核；功能/化学证据链未全部验收	G57-S01;G57-S03;G57-S04;G57-S02;G57-S05;G57-S06;G57-S07;G57-S11;G57-S13;G57-S22;G57-S15
2041	RU820_RS10745	WP_012537125.1	通过：同版 gene/CDS/WP/坐标/链向/product 一致	AFE_2328；完全匹配；RefSeq protein_id exact	UniProt B7J696 (unreviewed)；InterPro IPR011577;IPR052168;IPR016174;；Pfam PF01292;；仍须保守位点/功能边界核验	D3-1-R 未提供基因专属精确反应；仍需功能检索	非明显转运类；不适用	旧编号命中 1；当前 RU/WP 命中 0/0；命中 DOI 初判见文献表，本基因专属实验仍待核	未定义可接受的基因专属精确反应；化学字段暂缓	未命中原 GPR；不能据此判旧模型无同化学反应	无需修改（暂定）	身份与表间引用已复核；功能/化学证据链未全部验收	G57-S01;G57-S03;G57-S04;G57-S02;G57-S11;G57-S13
2042	RU820_RS10750	WP_012537126.1	通过：同版 gene/CDS/WP/坐标/链向/product 一致	AFE_2330；完全匹配；RefSeq protein_id exact	UniProt B7J698 (unreviewed)；InterPro IPR007136;；Pfam PF03988;；仍须保守位点/功能边界核验	D3-1-R 未提供基因专属精确反应；仍需功能检索	非明显转运类；不适用	旧编号命中 0；当前 RU/WP 命中 0/0；命中 DOI 初判见文献表，本基因专属实验仍待核	未定义可接受的基因专属精确反应；化学字段暂缓	未命中原 GPR；不能据此判旧模型无同化学反应	无需修改（暂定）	身份与表间引用已复核；功能/化学证据链未全部验收	G57-S01;G57-S03;G57-S04;G57-S02;G57-S11;G57-S13
2043	RU820_RS10755	WP_012537127.1	通过：同版 gene/CDS/WP/坐标/链向/product 一致	AFE_2333；完全匹配；RefSeq protein_id exact	UniProt B7J6A0 (unreviewed)；InterPro IPR011701;IPR020846;IPR036259;IPR005829;；Pfam PF07690;；仍须保守位点/功能边界核验	KEGG KO K08224；数据库链接不算本基因催化验证	家族候选 2.A.1.36.1；阈值支持 是；同一性 0.4296、覆盖率 0.9247；底物/耦联/方向未证	旧编号命中 0；当前 RU/WP 命中 0/0；命中 DOI 初判见文献表，本基因专属实验仍待核	未定义可接受的基因专属精确反应；化学字段暂缓	未命中原 GPR；不能据此判旧模型无同化学反应	证据不足暂缓	身份与表间引用已复核；功能/化学证据链未全部验收	G57-S01;G57-S03;G57-S04;G57-S02;G57-S05;G57-S11;G57-S13;G57-S22
2044	RU820_RS10760	WP_012537128.1	通过：同版 gene/CDS/WP/坐标/链向/product 一致	AFE_2332；完全匹配；RefSeq protein_id exact	UniProt B7J6A1 (unreviewed)；InterPro IPR000847;IPR005119;IPR036388;IPR036390;；Pfam PF00126;PF03466;；仍须保守位点/功能边界核验	D3-1-R 未提供基因专属精确反应；仍需功能检索	非明显转运类；不适用	旧编号命中 0；当前 RU/WP 命中 0/0；命中 DOI 初判见文献表，本基因专属实验仍待核	未定义可接受的基因专属精确反应；化学字段暂缓	未命中原 GPR；不能据此判旧模型无同化学反应	无需修改（暂定）	身份与表间引用已复核；功能/化学证据链未全部验收	G57-S01;G57-S03;G57-S04;G57-S02;G57-S11;G57-S13
2045	RU820_RS10770	WP_012537129.1	通过：同版 gene/CDS/WP/坐标/链向/product 一致	未确认；未映射；	同株 UniProt RefSeq 交叉引用未命中；仅有 NCBI product，功能未独立核实	D3-1-R 未提供基因专属精确反应；仍需功能检索	非明显转运类；不适用	旧编号命中 0；当前 RU/WP 命中 0/0；命中 DOI 初判见文献表，本基因专属实验仍待核	未定义可接受的基因专属精确反应；化学字段暂缓	未命中原 GPR；不能据此判旧模型无同化学反应	无需修改（暂定）	身份与表间引用已复核；功能/化学证据链未全部验收	G57-S01;G57-S03;G57-S04;G57-S13
2046	RU820_RS10775	WP_012537130.1	通过：同版 gene/CDS/WP/坐标/链向/product 一致	AFE_2337；完全匹配；RefSeq protein_id exact	UniProt B7J6A4 (unreviewed)；InterPro IPR016136;IPR037068;IPR019475;IPR006295;IPR036977;IPR030846;IPR013264;IPR050219;IPR034151;IPR006171;IPR002694;；Pfam PF10410;PF08275;PF13155;PF01807;；仍须保守位点/功能边界核验	KEGG KO K02316；BioCyc RXN0-5021；数据库链接不算本基因催化验证	非明显转运类；不适用	旧编号命中 0；当前 RU/WP 命中 0/0；命中 DOI 初判见文献表，本基因专属实验仍待核	未定义可接受的基因专属精确反应；化学字段暂缓	未命中原 GPR；不能据此判旧模型无同化学反应	证据不足暂缓	身份与表间引用已复核；功能/化学证据链未全部验收	G57-S01;G57-S03;G57-S04;G57-S02;G57-S05;G57-S06;G57-S11;G57-S13
2047	RU820_RS10780	WP_012537131.1	通过：同版 gene/CDS/WP/坐标/链向/product 一致	AFE_2338；完全匹配；RefSeq protein_id exact	UniProt B7J6A5 (unreviewed)；InterPro IPR000432;IPR007696;IPR036187;IPR045076;IPR005747;IPR027417;IPR002625;IPR036063;；Pfam PF00488;PF01713;；仍须保守位点/功能边界核验	KEGG KO K07456；数据库链接不算本基因催化验证	非明显转运类；不适用	旧编号命中 0；当前 RU/WP 命中 0/0；命中 DOI 初判见文献表，本基因专属实验仍待核	未定义可接受的基因专属精确反应；化学字段暂缓	未命中原 GPR；不能据此判旧模型无同化学反应	无需修改（暂定）	身份与表间引用已复核；功能/化学证据链未全部验收	G57-S01;G57-S03;G57-S04;G57-S02;G57-S05;G57-S11;G57-S13
2048	RU820_RS10785	WP_012537132.1	通过：同版 gene/CDS/WP/坐标/链向/product 一致	AFE_2339；完全匹配；RefSeq protein_id exact	UniProt B7J6A6 (unreviewed)；InterPro IPR003789;IPR023168;IPR019004;IPR042184;；Pfam PF09424;；仍须保守位点/功能边界核验	KEGG KO K09117；数据库链接不算本基因催化验证	非明显转运类；不适用	旧编号命中 0；当前 RU/WP 命中 0/0；命中 DOI 初判见文献表，本基因专属实验仍待核	未定义可接受的基因专属精确反应；化学字段暂缓	未命中原 GPR；不能据此判旧模型无同化学反应	无需修改（暂定）	身份与表间引用已复核；功能/化学证据链未全部验收	G57-S01;G57-S03;G57-S04;G57-S02;G57-S05;G57-S11;G57-S13
2049	RU820_RS10790	WP_009564692.1	通过：同版 gene/CDS/WP/坐标/链向/product 一致	AFE_2340；完全匹配；RefSeq protein_id exact	UniProt B7J6A7 (reviewed)；InterPro IPR001911;IPR018278;IPR038380;；Pfam PF01165;；仍须保守位点/功能边界核验	KEGG KO K02970；数据库链接不算本基因催化验证	非明显转运类；不适用	旧编号命中 0；当前 RU/WP 命中 0/0；命中 DOI 初判见文献表，本基因专属实验仍待核	未定义可接受的基因专属精确反应；化学字段暂缓	未命中原 GPR；不能据此判旧模型无同化学反应	无需修改（暂定）	身份与表间引用已复核；功能/化学证据链未全部验收	G57-S01;G57-S03;G57-S04;G57-S02;G57-S05;G57-S11;G57-S13
2050	RU820_RS10795	WP_012537133.1	通过：同版 gene/CDS/WP/坐标/链向/product 一致	AFE_2342；完全匹配；RefSeq protein_id exact	UniProt B7J6A8 (unreviewed)；InterPro IPR014284;IPR000943;IPR007627;IPR007630;IPR013325;IPR013324;IPR050239;IPR036388;；Pfam PF04542;PF04545;；仍须保守位点/功能边界核验	KEGG KO K03087；数据库链接不算本基因催化验证	非明显转运类；不适用	旧编号命中 0；当前 RU/WP 命中 0/0；命中 DOI 初判见文献表，本基因专属实验仍待核	未定义可接受的基因专属精确反应；化学字段暂缓	未命中原 GPR；不能据此判旧模型无同化学反应	无需修改（暂定）	身份与表间引用已复核；功能/化学证据链未全部验收	G57-S01;G57-S03;G57-S04;G57-S02;G57-S05;G57-S11;G57-S13
2051	RU820_RS10800	WP_012537134.1	通过：同版 gene/CDS/WP/坐标/链向/product 一致	AFE_2341；完全匹配；RefSeq protein_id exact	UniProt B7J6A9 (unreviewed)；InterPro IPR020922;IPR029001;IPR002637;；Pfam PF01725;；仍须保守位点/功能边界核验	KEGG KO K01519；KEGG R R00720;R02720;R03531;R08243；BioCyc INORGPYROPHOSPHAT-RXN;RXN0-1602;RXN0-1603;RXN0-6382；Rhea RHEA:24576;RHEA:28342;RHEA:28610;RHEA:29399；数据库链接不算本基因催化验证	非明显转运类；不适用	旧编号命中 0；当前 RU/WP 命中 0/0；命中 DOI 初判见文献表，本基因专属实验仍待核	Rhea EC 方程仅作候选；基因关联、方向、区室、原子/电荷与辅因子未逐项确证	未命中原 GPR；不能据此判旧模型无同化学反应	证据不足暂缓	身份与表间引用已复核；功能/化学证据链未全部验收	G57-S01;G57-S03;G57-S04;G57-S02;G57-S05;G57-S06;G57-S07;G57-S11;G57-S13;G57-S15
