当前locus	旧AFE locus	映射冲突	2016 GPR反应	2024 GPR反应	2016 GPR歧义候选反应	2024 GPR歧义候选反应	旧模型GPR覆盖	旧模型未覆盖功能候选	BioCyc reaction ID	KEGG reaction	反应等价状态	注释来源
RU820_RS00005	AFE_3309	否					否	否			未核实化学计量和区室；仅保留ID与基因关联	GCF049 GFF;B1;A0;KEGG afr;BioCyc GCF000021485
RU820_RS00010	AFE_0001	否					否	否	DNA-DIRECTED-DNA-POLYMERASE-RXN;RXN-20927		未核实化学计量和区室；仅保留ID与基因关联	GCF049 GFF;B1;A0;KEGG afr;BioCyc GCF000021485
RU820_RS00015	AFE_0002	否					否	否			未核实化学计量和区室；仅保留ID与基因关联	GCF049 GFF;B1;A0;KEGG afr;BioCyc GCF000021485
RU820_RS00020	AFE_0003	否					否	否	5.99.1.3-RXN		未核实化学计量和区室；仅保留ID与基因关联	GCF049 GFF;B1;A0;KEGG afr;BioCyc GCF000021485
RU820_RS00025	AFE_0004	否					否	否			未核实化学计量和区室；仅保留ID与基因关联	GCF049 GFF;B1;A0;KEGG afr;BioCyc GCF000021485
RU820_RS00030	AFE_0005	否					否	否			未核实化学计量和区室；仅保留ID与基因关联	GCF049 GFF;B1;A0;KEGG afr;BioCyc GCF000021485
RU820_RS00035	AFE_0006	否					否	否			未核实化学计量和区室；仅保留ID与基因关联	GCF049 GFF;B1;A0;KEGG afr;BioCyc GCF000021485
RU820_RS00040	AFE_0007	否					否	否			未核实化学计量和区室；仅保留ID与基因关联	GCF049 GFF;B1;A0;KEGG afr;BioCyc GCF000021485
RU820_RS00045	AFE_0008	否					否	否			未核实化学计量和区室；仅保留ID与基因关联	GCF049 GFF;B1;A0;KEGG afr;BioCyc GCF000021485
RU820_RS00055	AFE_0010	否					否	否			未核实化学计量和区室；仅保留ID与基因关联	GCF049 GFF;B1;A0;KEGG afr;BioCyc GCF000021485
RU820_RS00060	AFE_0011	否					否	否			未核实化学计量和区室；仅保留ID与基因关联	GCF049 GFF;B1;A0;KEGG afr;BioCyc GCF000021485
RU820_RS00065	AFE_0012	否					否	否			未核实化学计量和区室；仅保留ID与基因关联	GCF049 GFF;B1;A0;KEGG afr;BioCyc GCF000021485
RU820_RS00070	AFE_0013	否					否	否			未核实化学计量和区室；仅保留ID与基因关联	GCF049 GFF;B1;A0;KEGG afr;BioCyc GCF000021485
RU820_RS00075	AFE_0014	否					否	否			未核实化学计量和区室；仅保留ID与基因关联	GCF049 GFF;B1;A0;KEGG afr;BioCyc GCF000021485
RU820_RS00080	AFE_0015	否					否	否	5.99.1.2-RXN		未核实化学计量和区室；仅保留ID与基因关联	GCF049 GFF;B1;A0;KEGG afr;BioCyc GCF000021485
RU820_RS00085	AFE_0016	否					否	否			未核实化学计量和区室；仅保留ID与基因关联	GCF049 GFF;B1;A0;KEGG afr;BioCyc GCF000021485
RU820_RS00090	AFE_0017	否					否	否			未核实化学计量和区室；仅保留ID与基因关联	GCF049 GFF;B1;A0;KEGG afr;BioCyc GCF000021485
RU820_RS00095	AFE_0018	否					否	否			未核实化学计量和区室；仅保留ID与基因关联	GCF049 GFF;B1;A0;KEGG afr;BioCyc GCF000021485
RU820_RS00100	AFE_0019	否					否	否	3.5.1.27-RXN;3.5.1.88-RXN		未核实化学计量和区室；仅保留ID与基因关联	GCF049 GFF;B1;A0;KEGG afr;BioCyc GCF000021485
RU820_RS00105	AFE_0020	否					否	否	METHIONYL-TRNA-FORMYLTRANSFERASE-RXN	R03940	未核实化学计量和区室；仅保留ID与基因关联	GCF049 GFF;B1;A0;KEGG afr;BioCyc GCF000021485
RU820_RS00110	AFE_0021	否					否	否	RXN-11591		未核实化学计量和区室；仅保留ID与基因关联	GCF049 GFF;B1;A0;KEGG afr;BioCyc GCF000021485
RU820_RS00115	AFE_0022	否					否	否			未核实化学计量和区室；仅保留ID与基因关联	GCF049 GFF;B1;A0;KEGG afr;BioCyc GCF000021485
RU820_RS00120	AFE_0023	否					否	否			未核实化学计量和区室；仅保留ID与基因关联	GCF049 GFF;B1;A0;KEGG afr;BioCyc GCF000021485
RU820_RS00125	AFE_0024	否					否	否			未核实化学计量和区室；仅保留ID与基因关联	GCF049 GFF;B1;A0;KEGG afr;BioCyc GCF000021485
RU820_RS00130		否					否	否			未核实化学计量和区室；仅保留ID与基因关联	GCF049 GFF;B1;A0;KEGG afr;BioCyc GCF000021485
RU820_RS00135		否					否	否			未核实化学计量和区室；仅保留ID与基因关联	GCF049 GFF;B1;A0;KEGG afr;BioCyc GCF000021485
RU820_RS00140	AFE_0027	否					否	否			未核实化学计量和区室；仅保留ID与基因关联	GCF049 GFF;B1;A0;KEGG afr;BioCyc GCF000021485
RU820_RS00145	AFE_0029	否	4THASE1;4THASE2	4THASE1;4THASE2			是	否		R13400	未核实化学计量和区室；仅保留ID与基因关联	GCF049 GFF;B1;A0;KEGG afr;BioCyc GCF000021485
RU820_RS00150	AFE_0030	否					否	否			未核实化学计量和区室；仅保留ID与基因关联	GCF049 GFF;B1;A0;KEGG afr;BioCyc GCF000021485
RU820_RS00155	AFE_0031	否					否	否	RXN-18710;RXN0-7068;RXN0-7083	R08701	未核实化学计量和区室；仅保留ID与基因关联	GCF049 GFF;B1;A0;KEGG afr;BioCyc GCF000021485
RU820_RS00160	AFE_0032	否					否	否			未核实化学计量和区室；仅保留ID与基因关联	GCF049 GFF;B1;A0;KEGG afr;BioCyc GCF000021485
RU820_RS00165	AFE_0033	否					否	否			未核实化学计量和区室；仅保留ID与基因关联	GCF049 GFF;B1;A0;KEGG afr;BioCyc GCF000021485
RU820_RS00170	AFE_0034	否					否	否	3.1.26.5-RXN;RXN0-6480		未核实化学计量和区室；仅保留ID与基因关联	GCF049 GFF;B1;A0;KEGG afr;BioCyc GCF000021485
RU820_RS00175	AFE_0035	否					否	否			未核实化学计量和区室；仅保留ID与基因关联	GCF049 GFF;B1;A0;KEGG afr;BioCyc GCF000021485
RU820_RS00180	AFE_0036	否					否	否			未核实化学计量和区室；仅保留ID与基因关联	GCF049 GFF;B1;A0;KEGG afr;BioCyc GCF000021485
RU820_RS00185	AFE_0037	否					否	否			未核实化学计量和区室；仅保留ID与基因关联	GCF049 GFF;B1;A0;KEGG afr;BioCyc GCF000021485
RU820_RS00190	AFE_0038	否					否	否			未核实化学计量和区室；仅保留ID与基因关联	GCF049 GFF;B1;A0;KEGG afr;BioCyc GCF000021485
RU820_RS00195	AFE_0039	否					否	是			未核实化学计量和区室；仅保留ID与基因关联	GCF049 GFF;B1;A0;KEGG afr;BioCyc GCF000021485
RU820_RS00200		否					否	是			未核实化学计量和区室；仅保留ID与基因关联	GCF049 GFF;B1;A0;KEGG afr;BioCyc GCF000021485
RU820_RS00205	AFE_0041	否	TSQOC	TSQOC			是	否			未核实化学计量和区室；仅保留ID与基因关联	GCF049 GFF;B1;A0;KEGG afr;BioCyc GCF000021485
RU820_RS00210	AFE_0042	否	TSQOC	TSQOC			是	否			未核实化学计量和区室；仅保留ID与基因关联	GCF049 GFF;B1;A0;KEGG afr;BioCyc GCF000021485
RU820_RS00215	AFE_0043	否	TSQOC	TSQOC			是	否			未核实化学计量和区室；仅保留ID与基因关联	GCF049 GFF;B1;A0;KEGG afr;BioCyc GCF000021485
RU820_RS00220	AFE_0044	否	TSQOC	TSQOC			是	否		R07177	未核实化学计量和区室；仅保留ID与基因关联	GCF049 GFF;B1;A0;KEGG afr;BioCyc GCF000021485
RU820_RS00225	AFE_0045	否	TSQOC	TSQOC			是	否			未核实化学计量和区室；仅保留ID与基因关联	GCF049 GFF;B1;A0;KEGG afr;BioCyc GCF000021485
RU820_RS00230	AFE_0046	否	TSQOC	TSQOC			是	否			未核实化学计量和区室；仅保留ID与基因关联	GCF049 GFF;B1;A0;KEGG afr;BioCyc GCF000021485
RU820_RS00235	AFE_0047	否					否	否			未核实化学计量和区室；仅保留ID与基因关联	GCF049 GFF;B1;A0;KEGG afr;BioCyc GCF000021485
RU820_RS00240	AFE_0048	否					否	是		R07177	未核实化学计量和区室；仅保留ID与基因关联	GCF049 GFF;B1;A0;KEGG afr;BioCyc GCF000021485
RU820_RS00245	AFE_0049	否					否	否			未核实化学计量和区室；仅保留ID与基因关联	GCF049 GFF;B1;A0;KEGG afr;BioCyc GCF000021485
RU820_RS00250	AFE_0050	否					否	否			未核实化学计量和区室；仅保留ID与基因关联	GCF049 GFF;B1;A0;KEGG afr;BioCyc GCF000021485
RU820_RS00255		否					否	否			未核实化学计量和区室；仅保留ID与基因关联	GCF049 GFF;B1;A0;KEGG afr;BioCyc GCF000021485
RU820_RS00260	AFE_0052	否					否	否			未核实化学计量和区室；仅保留ID与基因关联	GCF049 GFF;B1;A0;KEGG afr;BioCyc GCF000021485
RU820_RS00265	AFE_0053	否					否	是			未核实化学计量和区室；仅保留ID与基因关联	GCF049 GFF;B1;A0;KEGG afr;BioCyc GCF000021485
RU820_RS00270	AFE_0054	否					否	否			未核实化学计量和区室；仅保留ID与基因关联	GCF049 GFF;B1;A0;KEGG afr;BioCyc GCF000021485
RU820_RS00275	AFE_0055	否					否	否			未核实化学计量和区室；仅保留ID与基因关联	GCF049 GFF;B1;A0;KEGG afr;BioCyc GCF000021485
RU820_RS00280	AFE_0056	否					否	否	ASPARTATE--TRNA-LIGASE-RXN	R05577	未核实化学计量和区室；仅保留ID与基因关联	GCF049 GFF;B1;A0;KEGG afr;BioCyc GCF000021485
RU820_RS00285	AFE_0057	否	QULNS	QULNS			是	否	QUINOLINATE-SYNTHA-RXN	R04292	未核实化学计量和区室；仅保留ID与基因关联	GCF049 GFF;B1;A0;KEGG afr;BioCyc GCF000021485
RU820_RS00290	AFE_0058	否					否	是	1-ACYLGLYCEROL-3-P-ACYLTRANSFER-RXN;RXN-1623	R02241;R09381	未核实化学计量和区室；仅保留ID与基因关联	GCF049 GFF;B1;A0;KEGG afr;BioCyc GCF000021485
RU820_RS00295	AFE_0059	否					否	否			未核实化学计量和区室；仅保留ID与基因关联	GCF049 GFF;B1;A0;KEGG afr;BioCyc GCF000021485
RU820_RS00300	AFE_0060	否					否	否	3.1.22.4-RXN		未核实化学计量和区室；仅保留ID与基因关联	GCF049 GFF;B1;A0;KEGG afr;BioCyc GCF000021485
RU820_RS00305	AFE_0061	否					否	否			未核实化学计量和区室；仅保留ID与基因关联	GCF049 GFF;B1;A0;KEGG afr;BioCyc GCF000021485
RU820_RS00310	AFE_0062	否					否	否			未核实化学计量和区室；仅保留ID与基因关联	GCF049 GFF;B1;A0;KEGG afr;BioCyc GCF000021485
RU820_RS00315	AFE_0063	否					否	是	ACYL-COA-HYDROLASE-RXN		未核实化学计量和区室；仅保留ID与基因关联	GCF049 GFF;B1;A0;KEGG afr;BioCyc GCF000021485
RU820_RS00320	AFE_0064	否					否	否			未核实化学计量和区室；仅保留ID与基因关联	GCF049 GFF;B1;A0;KEGG afr;BioCyc GCF000021485
RU820_RS00325	AFE_0065	否					否	否			未核实化学计量和区室；仅保留ID与基因关联	GCF049 GFF;B1;A0;KEGG afr;BioCyc GCF000021485
RU820_RS00330	AFE_0066	否					否	否			未核实化学计量和区室；仅保留ID与基因关联	GCF049 GFF;B1;A0;KEGG afr;BioCyc GCF000021485
RU820_RS00335	AFE_0067	否					否	否			未核实化学计量和区室；仅保留ID与基因关联	GCF049 GFF;B1;A0;KEGG afr;BioCyc GCF000021485
RU820_RS00340	AFE_0068	否					否	是	RXN-12093	R09978	未核实化学计量和区室；仅保留ID与基因关联	GCF049 GFF;B1;A0;KEGG afr;BioCyc GCF000021485
RU820_RS00345	AFE_0069	否					否	是	RXN0-6575	R10002	未核实化学计量和区室；仅保留ID与基因关联	GCF049 GFF;B1;A0;KEGG afr;BioCyc GCF000021485
RU820_RS00350	AFE_0070	否					否	否			未核实化学计量和区室；仅保留ID与基因关联	GCF049 GFF;B1;A0;KEGG afr;BioCyc GCF000021485
RU820_RS00355	AFE_0071	否					否	否			未核实化学计量和区室；仅保留ID与基因关联	GCF049 GFF;B1;A0;KEGG afr;BioCyc GCF000021485
RU820_RS00360	AFE_0072	否					否	否			未核实化学计量和区室；仅保留ID与基因关联	GCF049 GFF;B1;A0;KEGG afr;BioCyc GCF000021485
RU820_RS00365	AFE_0073	否					否	否			未核实化学计量和区室；仅保留ID与基因关联	GCF049 GFF;B1;A0;KEGG afr;BioCyc GCF000021485
RU820_RS00370	AFE_0074	否					否	否			未核实化学计量和区室；仅保留ID与基因关联	GCF049 GFF;B1;A0;KEGG afr;BioCyc GCF000021485
RU820_RS00375	AFE_0075	否					否	否			未核实化学计量和区室；仅保留ID与基因关联	GCF049 GFF;B1;A0;KEGG afr;BioCyc GCF000021485
RU820_RS00380	AFE_0076	否					否	否			未核实化学计量和区室；仅保留ID与基因关联	GCF049 GFF;B1;A0;KEGG afr;BioCyc GCF000021485
RU820_RS00385	AFE_0077	否					否	否			未核实化学计量和区室；仅保留ID与基因关联	GCF049 GFF;B1;A0;KEGG afr;BioCyc GCF000021485
RU820_RS00390	AFE_0078	否					否	否			未核实化学计量和区室；仅保留ID与基因关联	GCF049 GFF;B1;A0;KEGG afr;BioCyc GCF000021485
RU820_RS00395	AFE_0079	否					否	否			未核实化学计量和区室；仅保留ID与基因关联	GCF049 GFF;B1;A0;KEGG afr;BioCyc GCF000021485
RU820_RS00400	AFE_0080	否					否	否			未核实化学计量和区室；仅保留ID与基因关联	GCF049 GFF;B1;A0;KEGG afr;BioCyc GCF000021485
RU820_RS00405	AFE_0081	否					否	否			未核实化学计量和区室；仅保留ID与基因关联	GCF049 GFF;B1;A0;KEGG afr;BioCyc GCF000021485
RU820_RS00410	AFE_0082	否					否	否			未核实化学计量和区室；仅保留ID与基因关联	GCF049 GFF;B1;A0;KEGG afr;BioCyc GCF000021485
RU820_RS00415	AFE_0083	否					否	否			未核实化学计量和区室；仅保留ID与基因关联	GCF049 GFF;B1;A0;KEGG afr;BioCyc GCF000021485
RU820_RS00420		否					否	否			未核实化学计量和区室；仅保留ID与基因关联	GCF049 GFF;B1;A0;KEGG afr;BioCyc GCF000021485
RU820_RS00425	AFE_0085	否					否	否			未核实化学计量和区室；仅保留ID与基因关联	GCF049 GFF;B1;A0;KEGG afr;BioCyc GCF000021485
RU820_RS00430	AFE_0086	否					否	否			未核实化学计量和区室；仅保留ID与基因关联	GCF049 GFF;B1;A0;KEGG afr;BioCyc GCF000021485
RU820_RS00435	AFE_0087	否					否	否			未核实化学计量和区室；仅保留ID与基因关联	GCF049 GFF;B1;A0;KEGG afr;BioCyc GCF000021485
RU820_RS00440	AFE_0088	否					否	否			未核实化学计量和区室；仅保留ID与基因关联	GCF049 GFF;B1;A0;KEGG afr;BioCyc GCF000021485
RU820_RS00445	AFE_0089	否					否	否			未核实化学计量和区室；仅保留ID与基因关联	GCF049 GFF;B1;A0;KEGG afr;BioCyc GCF000021485
RU820_RS00450	AFE_0090	否					否	否			未核实化学计量和区室；仅保留ID与基因关联	GCF049 GFF;B1;A0;KEGG afr;BioCyc GCF000021485
RU820_RS00455		否					否	否			未核实化学计量和区室；仅保留ID与基因关联	GCF049 GFF;B1;A0;KEGG afr;BioCyc GCF000021485
RU820_RS00460	AFE_0092	否					否	否			未核实化学计量和区室；仅保留ID与基因关联	GCF049 GFF;B1;A0;KEGG afr;BioCyc GCF000021485
RU820_RS00465		否					否	否			未核实化学计量和区室；仅保留ID与基因关联	GCF049 GFF;B1;A0;KEGG afr;BioCyc GCF000021485
RU820_RS00470	AFE_0094	否					否	否			未核实化学计量和区室；仅保留ID与基因关联	GCF049 GFF;B1;A0;KEGG afr;BioCyc GCF000021485
RU820_RS00475	AFE_0095	否					否	否			未核实化学计量和区室；仅保留ID与基因关联	GCF049 GFF;B1;A0;KEGG afr;BioCyc GCF000021485
RU820_RS00480	AFE_0096	否					否	否			未核实化学计量和区室；仅保留ID与基因关联	GCF049 GFF;B1;A0;KEGG afr;BioCyc GCF000021485
RU820_RS00485	AFE_0097	否					否	否			未核实化学计量和区室；仅保留ID与基因关联	GCF049 GFF;B1;A0;KEGG afr;BioCyc GCF000021485
RU820_RS00490	AFE_0098	否					否	否			未核实化学计量和区室；仅保留ID与基因关联	GCF049 GFF;B1;A0;KEGG afr;BioCyc GCF000021485
RU820_RS00495	AFE_0099	否					否	否			未核实化学计量和区室；仅保留ID与基因关联	GCF049 GFF;B1;A0;KEGG afr;BioCyc GCF000021485
RU820_RS00500	AFE_0100	否					否	否			未核实化学计量和区室；仅保留ID与基因关联	GCF049 GFF;B1;A0;KEGG afr;BioCyc GCF000021485
RU820_RS00505	AFE_0101	否					否	是			未核实化学计量和区室；仅保留ID与基因关联	GCF049 GFF;B1;A0;KEGG afr;BioCyc GCF000021485
RU820_RS00510	AFE_0102	否					否	是			未核实化学计量和区室；仅保留ID与基因关联	GCF049 GFF;B1;A0;KEGG afr;BioCyc GCF000021485
RU820_RS00515	AFE_0104	否					否	否			未核实化学计量和区室；仅保留ID与基因关联	GCF049 GFF;B1;A0;KEGG afr;BioCyc GCF000021485
RU820_RS00520	AFE_0105	否	CU2tpp;MN2tpp;MNTH;ZN2tpp	CU2tpp;MN2tpp;MNTH;ZN2tpp			是	否			未核实化学计量和区室；仅保留ID与基因关联	GCF049 GFF;B1;A0;KEGG afr;BioCyc GCF000021485
RU820_RS00525	AFE_0106	否					否	否			未核实化学计量和区室；仅保留ID与基因关联	GCF049 GFF;B1;A0;KEGG afr;BioCyc GCF000021485
RU820_RS00530	AFE_0107	否					否	否			未核实化学计量和区室；仅保留ID与基因关联	GCF049 GFF;B1;A0;KEGG afr;BioCyc GCF000021485
RU820_RS00535	AFE_0108	否					否	是			未核实化学计量和区室；仅保留ID与基因关联	GCF049 GFF;B1;A0;KEGG afr;BioCyc GCF000021485
RU820_RS00540	AFE_0109	否					否	否			未核实化学计量和区室；仅保留ID与基因关联	GCF049 GFF;B1;A0;KEGG afr;BioCyc GCF000021485
RU820_RS00545		否					否	是			未核实化学计量和区室；仅保留ID与基因关联	GCF049 GFF;B1;A0;KEGG afr;BioCyc GCF000021485
RU820_RS00550	AFE_0111	否					否	否			未核实化学计量和区室；仅保留ID与基因关联	GCF049 GFF;B1;A0;KEGG afr;BioCyc GCF000021485
RU820_RS00555	AFE_0112	否					否	否			未核实化学计量和区室；仅保留ID与基因关联	GCF049 GFF;B1;A0;KEGG afr;BioCyc GCF000021485
RU820_RS00560	AFE_0114	否					否	否			未核实化学计量和区室；仅保留ID与基因关联	GCF049 GFF;B1;A0;KEGG afr;BioCyc GCF000021485
RU820_RS00565	AFE_0115	否					否	否			未核实化学计量和区室；仅保留ID与基因关联	GCF049 GFF;B1;A0;KEGG afr;BioCyc GCF000021485
RU820_RS00570		否					否	否			未核实化学计量和区室；仅保留ID与基因关联	GCF049 GFF;B1;A0;KEGG afr;BioCyc GCF000021485
RU820_RS00575	AFE_0117	否					否	否			未核实化学计量和区室；仅保留ID与基因关联	GCF049 GFF;B1;A0;KEGG afr;BioCyc GCF000021485
RU820_RS00580	AFE_0119	否					否	否			未核实化学计量和区室；仅保留ID与基因关联	GCF049 GFF;B1;A0;KEGG afr;BioCyc GCF000021485
RU820_RS00585	AFE_0120	否					否	否			未核实化学计量和区室；仅保留ID与基因关联	GCF049 GFF;B1;A0;KEGG afr;BioCyc GCF000021485
RU820_RS00590	AFE_0122	否					否	否			未核实化学计量和区室；仅保留ID与基因关联	GCF049 GFF;B1;A0;KEGG afr;BioCyc GCF000021485
RU820_RS00595	AFE_0123	否					否	否	RXN-14570		未核实化学计量和区室；仅保留ID与基因关联	GCF049 GFF;B1;A0;KEGG afr;BioCyc GCF000021485
RU820_RS00600	AFE_0124	否					否	否			未核实化学计量和区室；仅保留ID与基因关联	GCF049 GFF;B1;A0;KEGG afr;BioCyc GCF000021485
RU820_RS00605	AFE_0125	否					否	是	RXN-10462;RXN-1381	R12241	未核实化学计量和区室；仅保留ID与基因关联	GCF049 GFF;B1;A0;KEGG afr;BioCyc GCF000021485
RU820_RS00610	AFE_0126	否	DHNPA2	DHNPA2			是	否	H2NEOPTERINALDOL-RXN;RXN-10857	R03504;R11037;R11073	未核实化学计量和区室；仅保留ID与基因关联	GCF049 GFF;B1;A0;KEGG afr;BioCyc GCF000021485
RU820_RS00615	AFE_0127	否					否	否	RXN0-6366	R10652	未核实化学计量和区室；仅保留ID与基因关联	GCF049 GFF;B1;A0;KEGG afr;BioCyc GCF000021485
RU820_RS00620	AFE_0128	否					否	否			未核实化学计量和区室；仅保留ID与基因关联	GCF049 GFF;B1;A0;KEGG afr;BioCyc GCF000021485
RU820_RS00625	AFE_0129	否					否	是	1.1.1.253-RXN	R01812;R11765;R12644	未核实化学计量和区室；仅保留ID与基因关联	GCF049 GFF;B1;A0;KEGG afr;BioCyc GCF000021485
RU820_RS00630	AFE_0130	否					否	否			未核实化学计量和区室；仅保留ID与基因关联	GCF049 GFF;B1;A0;KEGG afr;BioCyc GCF000021485
RU820_RS00635	AFE_0131	否					否	否			未核实化学计量和区室；仅保留ID与基因关联	GCF049 GFF;B1;A0;KEGG afr;BioCyc GCF000021485
RU820_RS00640	AFE_0134	否	CPPPGO2	CPPPGO2			是	否	HEMN-RXN	R06895	未核实化学计量和区室；仅保留ID与基因关联	GCF049 GFF;B1;A0;KEGG afr;BioCyc GCF000021485
RU820_RS00645	AFE_0135	否					否	否			未核实化学计量和区室；仅保留ID与基因关联	GCF049 GFF;B1;A0;KEGG afr;BioCyc GCF000021485
RU820_RS00650	AFE_0137	否					否	是			未核实化学计量和区室；仅保留ID与基因关联	GCF049 GFF;B1;A0;KEGG afr;BioCyc GCF000021485
RU820_RS00655	AFE_0138	否					否	是			未核实化学计量和区室；仅保留ID与基因关联	GCF049 GFF;B1;A0;KEGG afr;BioCyc GCF000021485
RU820_RS00660	AFE_0139	否					否	否			未核实化学计量和区室；仅保留ID与基因关联	GCF049 GFF;B1;A0;KEGG afr;BioCyc GCF000021485
RU820_RS00665	AFE_0140	否					否	否			未核实化学计量和区室；仅保留ID与基因关联	GCF049 GFF;B1;A0;KEGG afr;BioCyc GCF000021485
RU820_RS00670		否					否	否			未核实化学计量和区室；仅保留ID与基因关联	GCF049 GFF;B1;A0;KEGG afr;BioCyc GCF000021485
RU820_RS00680	AFE_0142	否					否	否			未核实化学计量和区室；仅保留ID与基因关联	GCF049 GFF;B1;A0;KEGG afr;BioCyc GCF000021485
RU820_RS00685	AFE_0143	否					否	否			未核实化学计量和区室；仅保留ID与基因关联	GCF049 GFF;B1;A0;KEGG afr;BioCyc GCF000021485
RU820_RS00690	AFE_0144	否					否	否	RXN-11637		未核实化学计量和区室；仅保留ID与基因关联	GCF049 GFF;B1;A0;KEGG afr;BioCyc GCF000021485
RU820_RS00695		否					否	否			未核实化学计量和区室；仅保留ID与基因关联	GCF049 GFF;B1;A0;KEGG afr;BioCyc GCF000021485
RU820_RS00700	AFE_0147	否					否	否			未核实化学计量和区室；仅保留ID与基因关联	GCF049 GFF;B1;A0;KEGG afr;BioCyc GCF000021485
RU820_RS00705	AFE_0148	否					否	否			未核实化学计量和区室；仅保留ID与基因关联	GCF049 GFF;B1;A0;KEGG afr;BioCyc GCF000021485
RU820_RS00710	AFE_0150	否					否	是		R01920;R08359	未核实化学计量和区室；仅保留ID与基因关联	GCF049 GFF;B1;A0;KEGG afr;BioCyc GCF000021485
RU820_RS00715	AFE_0151	否					否	否			未核实化学计量和区室；仅保留ID与基因关联	GCF049 GFF;B1;A0;KEGG afr;BioCyc GCF000021485
RU820_RS00720	AFE_0152	否					否	否			未核实化学计量和区室；仅保留ID与基因关联	GCF049 GFF;B1;A0;KEGG afr;BioCyc GCF000021485
RU820_RS00725	AFE_0153	否					否	是			未核实化学计量和区室；仅保留ID与基因关联	GCF049 GFF;B1;A0;KEGG afr;BioCyc GCF000021485
RU820_RS00730	AFE_0154	否					否	否			未核实化学计量和区室；仅保留ID与基因关联	GCF049 GFF;B1;A0;KEGG afr;BioCyc GCF000021485
RU820_RS00735	AFE_0155	否	PGM1	PGM1			是	否			未核实化学计量和区室；仅保留ID与基因关联	GCF049 GFF;B1;A0;KEGG afr;BioCyc GCF000021485
RU820_RS00740	AFE_0156	否	SPMS	SPMS			是	否	RXN-12514;SPERMIDINESYN-RXN	R01920;R08359	未核实化学计量和区室；仅保留ID与基因关联	GCF049 GFF;B1;A0;KEGG afr;BioCyc GCF000021485
RU820_RS00745	AFE_0157	否	ADMDC;SPMS	ADMDC;SPMS			是	否	SAMDECARB-RXN	R00178	未核实化学计量和区室；仅保留ID与基因关联	GCF049 GFF;B1;A0;KEGG afr;BioCyc GCF000021485
RU820_RS00750	AFE_0158	否					否	是			未核实化学计量和区室；仅保留ID与基因关联	GCF049 GFF;B1;A0;KEGG afr;BioCyc GCF000021485
RU820_RS00755	AFE_0159	否					否	是			未核实化学计量和区室；仅保留ID与基因关联	GCF049 GFF;B1;A0;KEGG afr;BioCyc GCF000021485
RU820_RS00760	AFE_0160	否					否	否			未核实化学计量和区室；仅保留ID与基因关联	GCF049 GFF;B1;A0;KEGG afr;BioCyc GCF000021485
RU820_RS00765	AFE_0161	否					否	是			未核实化学计量和区室；仅保留ID与基因关联	GCF049 GFF;B1;A0;KEGG afr;BioCyc GCF000021485
RU820_RS00770	AFE_0162	否					否	否			未核实化学计量和区室；仅保留ID与基因关联	GCF049 GFF;B1;A0;KEGG afr;BioCyc GCF000021485
RU820_RS00775	AFE_0163	否					否	是			未核实化学计量和区室；仅保留ID与基因关联	GCF049 GFF;B1;A0;KEGG afr;BioCyc GCF000021485
RU820_RS00780	AFE_0164	否					否	否			未核实化学计量和区室；仅保留ID与基因关联	GCF049 GFF;B1;A0;KEGG afr;BioCyc GCF000021485
RU820_RS00785	AFE_0165	否	THPDH	THPDH			是	否	RXN-13179	R05681;R05837;R07406	未核实化学计量和区室；仅保留ID与基因关联	GCF049 GFF;B1;A0;KEGG afr;BioCyc GCF000021485
RU820_RS00790	AFE_0166	否					否	否			未核实化学计量和区室；仅保留ID与基因关联	GCF049 GFF;B1;A0;KEGG afr;BioCyc GCF000021485
RU820_RS00795	AFE_0167	否					否	否	RXN-11633	R10716	未核实化学计量和区室；仅保留ID与基因关联	GCF049 GFF;B1;A0;KEGG afr;BioCyc GCF000021485
RU820_RS00800	AFE_0169	否					否	否			未核实化学计量和区室；仅保留ID与基因关联	GCF049 GFF;B1;A0;KEGG afr;BioCyc GCF000021485
RU820_RS00805	AFE_0168	否					否	否			未核实化学计量和区室；仅保留ID与基因关联	GCF049 GFF;B1;A0;KEGG afr;BioCyc GCF000021485
RU820_RS00810	AFE_0170	否					否	否	ARGININE--TRNA-LIGASE-RXN	R03646	未核实化学计量和区室；仅保留ID与基因关联	GCF049 GFF;B1;A0;KEGG afr;BioCyc GCF000021485
RU820_RS00815	AFE_0171	否					否	是			未核实化学计量和区室；仅保留ID与基因关联	GCF049 GFF;B1;A0;KEGG afr;BioCyc GCF000021485
RU820_RS00820	AFE_0172	否					否	否			未核实化学计量和区室；仅保留ID与基因关联	GCF049 GFF;B1;A0;KEGG afr;BioCyc GCF000021485
RU820_RS00825	AFE_0173	否					否	否	RXN0-1241	R10806	未核实化学计量和区室；仅保留ID与基因关联	GCF049 GFF;B1;A0;KEGG afr;BioCyc GCF000021485
RU820_RS00830	AFE_0174	否					否	否	3.1.11.2-RXN		未核实化学计量和区室；仅保留ID与基因关联	GCF049 GFF;B1;A0;KEGG afr;BioCyc GCF000021485
RU820_RS00835	AFE_0175	否					否	否			未核实化学计量和区室；仅保留ID与基因关联	GCF049 GFF;B1;A0;KEGG afr;BioCyc GCF000021485
RU820_RS00840	AFE_0176	否					否	否	RXN0-6998		未核实化学计量和区室；仅保留ID与基因关联	GCF049 GFF;B1;A0;KEGG afr;BioCyc GCF000021485
RU820_RS00845	AFE_0177	否					否	是		R03522;R07002;R07003;R07004;R07023;R07024;R07025;R07026;R07069;R07070;R07083;R07084;R07091;R07092;R07093;R07094;R07100;R07113;R07116;R08280;R09409;R11905	未核实化学计量和区室；仅保留ID与基因关联	GCF049 GFF;B1;A0;KEGG afr;BioCyc GCF000021485
RU820_RS00850	AFE_0178	否					否	否	3.1.11.2-RXN		未核实化学计量和区室；仅保留ID与基因关联	GCF049 GFF;B1;A0;KEGG afr;BioCyc GCF000021485
RU820_RS00855	AFE_0179	否	FCLT	FCLT			是	否	PROTOHEMEFERROCHELAT-RXN	R00310;R11329	未核实化学计量和区室；仅保留ID与基因关联	GCF049 GFF;B1;A0;KEGG afr;BioCyc GCF000021485
RU820_RS00860	AFE_0180	否					否	否	PEPTIDYLPROLYL-ISOMERASE-RXN		未核实化学计量和区室；仅保留ID与基因关联	GCF049 GFF;B1;A0;KEGG afr;BioCyc GCF000021485
RU820_RS00865	AFE_0181	否					否	是	RXN0-4621	R09640;R12755	未核实化学计量和区室；仅保留ID与基因关联	GCF049 GFF;B1;A0;KEGG afr;BioCyc GCF000021485
RU820_RS00870	AFE_0182	否	SHK3D	SHK3D			是	否	SHIKIMATE-5-DEHYDROGENASE-RXN	R02413;R12885	未核实化学计量和区室；仅保留ID与基因关联	GCF049 GFF;B1;A0;KEGG afr;BioCyc GCF000021485
RU820_RS00875	AFE_0183	否					否	否			未核实化学计量和区室；仅保留ID与基因关联	GCF049 GFF;B1;A0;KEGG afr;BioCyc GCF000021485
RU820_RS00880	AFE_0184	否					否	否	2.7.13.3-RXN		未核实化学计量和区室；仅保留ID与基因关联	GCF049 GFF;B1;A0;KEGG afr;BioCyc GCF000021485
RU820_RS00885	AFE_0185	否					否	否			未核实化学计量和区室；仅保留ID与基因关联	GCF049 GFF;B1;A0;KEGG afr;BioCyc GCF000021485
RU820_RS00890	AFE_0186	否					否	否			未核实化学计量和区室；仅保留ID与基因关联	GCF049 GFF;B1;A0;KEGG afr;BioCyc GCF000021485
RU820_RS00895	AFE_0187	否	DPCOAK	DPCOAK			是	否	DEPHOSPHOCOAKIN-RXN	R00130	未核实化学计量和区室；仅保留ID与基因关联	GCF049 GFF;B1;A0;KEGG afr;BioCyc GCF000021485
RU820_RS00900	AFE_0188	否					否	否			未核实化学计量和区室；仅保留ID与基因关联	GCF049 GFF;B1;A0;KEGG afr;BioCyc GCF000021485
RU820_RS00905	AFE_0189	否	FBP	FBP			是	否	F16BDEPHOS-RXN	R00762;R04780	未核实化学计量和区室；仅保留ID与基因关联	GCF049 GFF;B1;A0;KEGG afr;BioCyc GCF000021485
RU820_RS00910		否					否	否			未核实化学计量和区室；仅保留ID与基因关联	GCF049 GFF;B1;A0;KEGG afr;BioCyc GCF000021485
RU820_RS00915	AFE_0190	否					否	否			未核实化学计量和区室；仅保留ID与基因关联	GCF049 GFF;B1;A0;KEGG afr;BioCyc GCF000021485
RU820_RS00920	AFE_0192	否					否	否	RXN0-5190		未核实化学计量和区室；仅保留ID与基因关联	GCF049 GFF;B1;A0;KEGG afr;BioCyc GCF000021485
RU820_RS00925	AFE_0191	否					否	否			未核实化学计量和区室；仅保留ID与基因关联	GCF049 GFF;B1;A0;KEGG afr;BioCyc GCF000021485
RU820_RS00930	AFE_0193	否					否	否			未核实化学计量和区室；仅保留ID与基因关联	GCF049 GFF;B1;A0;KEGG afr;BioCyc GCF000021485
RU820_RS00935	AFE_0194	否					否	否			未核实化学计量和区室；仅保留ID与基因关联	GCF049 GFF;B1;A0;KEGG afr;BioCyc GCF000021485
RU820_RS00940	AFE_0195	否	ACCOAC;BIOC1;BIOC2	ACCOAC;BIOC1;BIOC2			是	否	ACETYL-COA-CARBOXYLTRANSFER-RXN;BIOTIN-CARBOXYL-RXN	R00742;R04385	未核实化学计量和区室；仅保留ID与基因关联	GCF049 GFF;B1;A0;KEGG afr;BioCyc GCF000021485
RU820_RS00945	AFE_0196	否	ACCOAC;BIOC1;BIOC2	ACCOAC;BIOC1;BIOC2			是	否	ACETYL-COA-CARBOXYLTRANSFER-RXN	R00742	未核实化学计量和区室；仅保留ID与基因关联	GCF049 GFF;B1;A0;KEGG afr;BioCyc GCF000021485
RU820_RS00950	AFE_0197	否	DHQT	DHQT			是	否	3-DEHYDROQUINATE-DEHYDRATASE-RXN	R03084	未核实化学计量和区室；仅保留ID与基因关联	GCF049 GFF;B1;A0;KEGG afr;BioCyc GCF000021485
RU820_RS00955	AFE_0198	否					否	否			未核实化学计量和区室；仅保留ID与基因关联	GCF049 GFF;B1;A0;KEGG afr;BioCyc GCF000021485
RU820_RS00960	AFE_0199	否					否	否			未核实化学计量和区室；仅保留ID与基因关联	GCF049 GFF;B1;A0;KEGG afr;BioCyc GCF000021485
RU820_RS00965	AFE_0200	否					否	否			未核实化学计量和区室；仅保留ID与基因关联	GCF049 GFF;B1;A0;KEGG afr;BioCyc GCF000021485
RU820_RS00970	AFE_0201	否					否	否			未核实化学计量和区室；仅保留ID与基因关联	GCF049 GFF;B1;A0;KEGG afr;BioCyc GCF000021485
RU820_RS00975	AFE_0202	否					否	否			未核实化学计量和区室；仅保留ID与基因关联	GCF049 GFF;B1;A0;KEGG afr;BioCyc GCF000021485
RU820_RS00980	AFE_0203	否	ALAALAr	ALAALAr			是	否	DALADALALIG-RXN	R01150	未核实化学计量和区室；仅保留ID与基因关联	GCF049 GFF;B1;A0;KEGG afr;BioCyc GCF000021485
RU820_RS00985	AFE_0204	否	UAPGR	UAPGR			是	否	UDPNACETYLMURAMATEDEHYDROG-RXN	R03191;R03192	未核实化学计量和区室；仅保留ID与基因关联	GCF049 GFF;B1;A0;KEGG afr;BioCyc GCF000021485
RU820_RS00990	AFE_0205	否	UAMAS	UAMAS			是	否	UDP-NACMUR-ALA-LIG-RXN	R03193	未核实化学计量和区室；仅保留ID与基因关联	GCF049 GFF;B1;A0;KEGG afr;BioCyc GCF000021485
RU820_RS00995	AFE_0206	否	PGLT;UCMAT	PGLT;UCMAT			是	否	NACGLCTRANS-RXN;RXN-11029;RXN-11346;RXN-22611;RXN-22615;RXN-8976	R05032;R05662;R06173;R06174	未核实化学计量和区室；仅保留ID与基因关联	GCF049 GFF;B1;A0;KEGG afr;BioCyc GCF000021485
RU820_RS01000	AFE_0207	否					否	是	TRANS-RXN0-286		未核实化学计量和区室；仅保留ID与基因关联	GCF049 GFF;B1;A0;KEGG afr;BioCyc GCF000021485
RU820_RS01005		否					否	否			未核实化学计量和区室；仅保留ID与基因关联	GCF049 GFF;B1;A0;KEGG afr;BioCyc GCF000021485
RU820_RS01010	AFE_0209	否	PAPPT3	PAPPT3			是	否	PHOSNACMURPENTATRANS-RXN;RXN-11028;RXN-11347;RXN-22610;RXN-8975	R05629;R05630	未核实化学计量和区室；仅保留ID与基因关联	GCF049 GFF;B1;A0;KEGG afr;BioCyc GCF000021485
RU820_RS01015	AFE_0210	否	UGLDDS	UGLDDS			是	否	6.3.2.10-RXN;RXN-22608;UDP-NACMURALGLDAPAALIG-RXN	R04573;R04617	未核实化学计量和区室；仅保留ID与基因关联	GCF049 GFF;B1;A0;KEGG afr;BioCyc GCF000021485
RU820_RS01020	AFE_0211	否	UAAGDS	UAAGDS			是	否	UDP-NACMURALGLDAPLIG-RXN	R02788	未核实化学计量和区室；仅保留ID与基因关联	GCF049 GFF;B1;A0;KEGG afr;BioCyc GCF000021485
RU820_RS01025	AFE_0212	否					否	是	RXN-16659		未核实化学计量和区室；仅保留ID与基因关联	GCF049 GFF;B1;A0;KEGG afr;BioCyc GCF000021485
RU820_RS01030	AFE_0213	否					否	否			未核实化学计量和区室；仅保留ID与基因关联	GCF049 GFF;B1;A0;KEGG afr;BioCyc GCF000021485
RU820_RS01035	AFE_0214	否					否	否	RXN-11638		未核实化学计量和区室；仅保留ID与基因关联	GCF049 GFF;B1;A0;KEGG afr;BioCyc GCF000021485
RU820_RS01040	AFE_0215	否					否	否			未核实化学计量和区室；仅保留ID与基因关联	GCF049 GFF;B1;A0;KEGG afr;BioCyc GCF000021485
RU820_RS01045		否					否	否			未核实化学计量和区室；仅保留ID与基因关联	GCF049 GFF;B1;A0;KEGG afr;BioCyc GCF000021485
RU820_RS01050	AFE_0219	否					否	否			未核实化学计量和区室；仅保留ID与基因关联	GCF049 GFF;B1;A0;KEGG afr;BioCyc GCF000021485
RU820_RS01055	AFE_0218	否					否	否		R09382;R09383;R09384;R09386	未核实化学计量和区室；仅保留ID与基因关联	GCF049 GFF;B1;A0;KEGG afr;BioCyc GCF000021485
RU820_RS01060		否					否	否			未核实化学计量和区室；仅保留ID与基因关联	GCF049 GFF;B1;A0;KEGG afr;BioCyc GCF000021485
RU820_RS01065	AFE_0221	否					否	否			未核实化学计量和区室；仅保留ID与基因关联	GCF049 GFF;B1;A0;KEGG afr;BioCyc GCF000021485
RU820_RS01070	AFE_0223	否	UAAD	UAAD			是	否	RXN-20788;RXN-22242;RXN-22247;RXN-22481;RXN2B4Q-49;UDPACYLGLCNACDEACETYL-RXN	R04587	未核实化学计量和区室；仅保留ID与基因关联	GCF049 GFF;B1;A0;KEGG afr;BioCyc GCF000021485
RU820_RS01075		否					否	否			未核实化学计量和区室；仅保留ID与基因关联	GCF049 GFF;B1;A0;KEGG afr;BioCyc GCF000021485
RU820_RS01080	AFE_0225	否					否	否			未核实化学计量和区室；仅保留ID与基因关联	GCF049 GFF;B1;A0;KEGG afr;BioCyc GCF000021485
RU820_RS01085	AFE_0226	否					否	是	GLUTAMATE-N-ACETYLTRANSFERASE-RXN;N-ACETYLTRANSFER-RXN;RXN0-6948	R00259;R02282	未核实化学计量和区室；仅保留ID与基因关联	GCF049 GFF;B1;A0;KEGG afr;BioCyc GCF000021485
RU820_RS01090	AFE_0227	否					否	否			未核实化学计量和区室；仅保留ID与基因关联	GCF049 GFF;B1;A0;KEGG afr;BioCyc GCF000021485
RU820_RS01095	AFE_0228	否					否	否			未核实化学计量和区室；仅保留ID与基因关联	GCF049 GFF;B1;A0;KEGG afr;BioCyc GCF000021485
RU820_RS01100	AFE_0229	否					否	否			未核实化学计量和区室；仅保留ID与基因关联	GCF049 GFF;B1;A0;KEGG afr;BioCyc GCF000021485
RU820_RS01105	AFE_0230	否					否	否			未核实化学计量和区室；仅保留ID与基因关联	GCF049 GFF;B1;A0;KEGG afr;BioCyc GCF000021485
RU820_RS01110	AFE_0231	否					否	否	2.4.1.109-RXN		未核实化学计量和区室；仅保留ID与基因关联	GCF049 GFF;B1;A0;KEGG afr;BioCyc GCF000021485
RU820_RS01115	AFE_0232	否					否	否			未核实化学计量和区室；仅保留ID与基因关联	GCF049 GFF;B1;A0;KEGG afr;BioCyc GCF000021485
RU820_RS01120	AFE_0233	否					否	否			未核实化学计量和区室；仅保留ID与基因关联	GCF049 GFF;B1;A0;KEGG afr;BioCyc GCF000021485
RU820_RS01125	AFE_0234	否					否	否			未核实化学计量和区室；仅保留ID与基因关联	GCF049 GFF;B1;A0;KEGG afr;BioCyc GCF000021485
RU820_RS01130	AFE_0235	否					否	是			未核实化学计量和区室；仅保留ID与基因关联	GCF049 GFF;B1;A0;KEGG afr;BioCyc GCF000021485
RU820_RS01135	AFE_0236	否					否	否			未核实化学计量和区室；仅保留ID与基因关联	GCF049 GFF;B1;A0;KEGG afr;BioCyc GCF000021485
RU820_RS01140	AFE_0237	否	KDOCT;KDOCT3	KDOCT;KDOCT3			是	否	KDOTRANS-RXN;RXN-20790;RXN-22248;RXN-22486;RXN2B4Q-54;RXN2DNV-4	R04658;R05074;R06285;R09763;R09764;R09766	未核实化学计量和区室；仅保留ID与基因关联	GCF049 GFF;B1;A0;KEGG afr;BioCyc GCF000021485
RU820_RS01145	AFE_0238	否	LDAS;LIPS	LDAS;LIPS			是	否		R05146;R12193	未核实化学计量和区室；仅保留ID与基因关联	GCF049 GFF;B1;A0;KEGG afr;BioCyc GCF000021485
RU820_RS01150	AFE_0239	否					否	是		R00782;R01286;R02408;R04941;R12188	未核实化学计量和区室；仅保留ID与基因关联	GCF049 GFF;B1;A0;KEGG afr;BioCyc GCF000021485
RU820_RS01155	AFE_0240	否					否	否			未核实化学计量和区室；仅保留ID与基因关联	GCF049 GFF;B1;A0;KEGG afr;BioCyc GCF000021485
RU820_RS01160	AFE_0241	否					否	否	RXN-11860;RXN-11865		未核实化学计量和区室；仅保留ID与基因关联	GCF049 GFF;B1;A0;KEGG afr;BioCyc GCF000021485
RU820_RS01165	AFE_0242	否					否	否			未核实化学计量和区室；仅保留ID与基因关联	GCF049 GFF;B1;A0;KEGG afr;BioCyc GCF000021485
RU820_RS01170	AFE_0243	否	AOXS	AOXS			是	否	7KAPSYN-RXN;RXN-11484	R03210;R10124	未核实化学计量和区室；仅保留ID与基因关联	GCF049 GFF;B1;A0;KEGG afr;BioCyc GCF000021485
RU820_RS01175	AFE_0244	否					否	是	RXN-11483	R09725	未核实化学计量和区室；仅保留ID与基因关联	GCF049 GFF;B1;A0;KEGG afr;BioCyc GCF000021485
RU820_RS01180	AFE_0245	否					否	是	RXN-11475	R09543	未核实化学计量和区室；仅保留ID与基因关联	GCF049 GFF;B1;A0;KEGG afr;BioCyc GCF000021485
RU820_RS01185	AFE_0246	否	DBTS	DBTS			是	否	DETHIOBIOTIN-SYN-RXN	R03182;R12933;R12934	未核实化学计量和区室；仅保留ID与基因关联	GCF049 GFF;B1;A0;KEGG afr;BioCyc GCF000021485
RU820_RS01190	AFE_0247	否					否	否			未核实化学计量和区室；仅保留ID与基因关联	GCF049 GFF;B1;A0;KEGG afr;BioCyc GCF000021485
RU820_RS01195	AFE_0248	否					否	否	LEUCYLTRANSFERASE-RXN;RXN-17846;RXN-17847;RXN-17848	R03813;R11443;R11444	未核实化学计量和区室；仅保留ID与基因关联	GCF049 GFF;B1;A0;KEGG afr;BioCyc GCF000021485
RU820_RS01200	AFE_0249	否					否	否	ARGINYLTRANSFERASE-RXN;RXN-17888;RXN-17889;RXN-17890;RXN-17891	R11547;R11548	未核实化学计量和区室；仅保留ID与基因关联	GCF049 GFF;B1;A0;KEGG afr;BioCyc GCF000021485
RU820_RS01205	AFE_0250	否					否	是			未核实化学计量和区室；仅保留ID与基因关联	GCF049 GFF;B1;A0;KEGG afr;BioCyc GCF000021485
RU820_RS01210	AFE_0251	否					否	否			未核实化学计量和区室；仅保留ID与基因关联	GCF049 GFF;B1;A0;KEGG afr;BioCyc GCF000021485
RU820_RS01215	AFE_0252	否					否	是	1.17.1.1-RXN	R03391;R03392	未核实化学计量和区室；仅保留ID与基因关联	GCF049 GFF;B1;A0;KEGG afr;BioCyc GCF000021485
RU820_RS01220	AFE_0253	否					否	否			未核实化学计量和区室；仅保留ID与基因关联	GCF049 GFF;B1;A0;KEGG afr;BioCyc GCF000021485
RU820_RS01225		否					否	否			未核实化学计量和区室；仅保留ID与基因关联	GCF049 GFF;B1;A0;KEGG afr;BioCyc GCF000021485
RU820_RS01230	AFE_0254	否					否	否			未核实化学计量和区室；仅保留ID与基因关联	GCF049 GFF;B1;A0;KEGG afr;BioCyc GCF000021485
RU820_RS01235	AFE_0255	否					否	否			未核实化学计量和区室；仅保留ID与基因关联	GCF049 GFF;B1;A0;KEGG afr;BioCyc GCF000021485
RU820_RS01240	AFE_0256	否	ACGK	ACGK			是	否	ACETYLGLUTKIN-RXN;RXN-15005	R02649	未核实化学计量和区室；仅保留ID与基因关联	GCF049 GFF;B1;A0;KEGG afr;BioCyc GCF000021485
RU820_RS01245	AFE_0257	否					否	否			未核实化学计量和区室；仅保留ID与基因关联	GCF049 GFF;B1;A0;KEGG afr;BioCyc GCF000021485
RU820_RS01250	AFE_0258	否					否	是	3.1.1.77-RXN	R12198;R12199	未核实化学计量和区室；仅保留ID与基因关联	GCF049 GFF;B1;A0;KEGG afr;BioCyc GCF000021485
RU820_RS01255	AFE_0259	否	BTS5	BTS5			是	否	2.8.1.6-RXN	R01078	未核实化学计量和区室；仅保留ID与基因关联	GCF049 GFF;B1;A0;KEGG afr;BioCyc GCF000021485
RU820_RS01260	AFE_0260	否					否	否			未核实化学计量和区室；仅保留ID与基因关联	GCF049 GFF;B1;A0;KEGG afr;BioCyc GCF000021485
RU820_RS01265	AFE_0261	否					否	否			未核实化学计量和区室；仅保留ID与基因关联	GCF049 GFF;B1;A0;KEGG afr;BioCyc GCF000021485
RU820_RS01270	AFE_0262	否	P5CR	P5CR			是	否	PYRROLINECARBREDUCT-RXN;RXN66-546	R01248;R01251;R03291;R03293	未核实化学计量和区室；仅保留ID与基因关联	GCF049 GFF;B1;A0;KEGG afr;BioCyc GCF000021485
RU820_RS01275	AFE_0263	否					否	否			未核实化学计量和区室；仅保留ID与基因关联	GCF049 GFF;B1;A0;KEGG afr;BioCyc GCF000021485
RU820_RS01280	AFE_0264	否					否	否			未核实化学计量和区室；仅保留ID与基因关联	GCF049 GFF;B1;A0;KEGG afr;BioCyc GCF000021485
RU820_RS01285	AFE_0265	否					否	否			未核实化学计量和区室；仅保留ID与基因关联	GCF049 GFF;B1;A0;KEGG afr;BioCyc GCF000021485
RU820_RS01290	AFE_0266	否					否	否			未核实化学计量和区室；仅保留ID与基因关联	GCF049 GFF;B1;A0;KEGG afr;BioCyc GCF000021485
RU820_RS01295	AFE_0267	否					否	是		R10152	未核实化学计量和区室；仅保留ID与基因关联	GCF049 GFF;B1;A0;KEGG afr;BioCyc GCF000021485
RU820_RS01300	AFE_0268	否					否	否			未核实化学计量和区室；仅保留ID与基因关联	GCF049 GFF;B1;A0;KEGG afr;BioCyc GCF000021485
RU820_RS01305	AFE_0269	否					否	是	RXN-13161		未核实化学计量和区室；仅保留ID与基因关联	GCF049 GFF;B1;A0;KEGG afr;BioCyc GCF000021485
RU820_RS01310	AFE_0270	否					否	否			未核实化学计量和区室；仅保留ID与基因关联	GCF049 GFF;B1;A0;KEGG afr;BioCyc GCF000021485
RU820_RS01315	AFE_0271	否					否	否	TRNA-GUANINE-N7--METHYLTRANSFERASE-RXN		未核实化学计量和区室；仅保留ID与基因关联	GCF049 GFF;B1;A0;KEGG afr;BioCyc GCF000021485
RU820_RS01320	AFE_0272	否	AIRC	AIRC			是	否	AIRCARBOXY-RXN;RXN0-743	R07405	未核实化学计量和区室；仅保留ID与基因关联	GCF049 GFF;B1;A0;KEGG afr;BioCyc GCF000021485
RU820_RS01325	AFE_0273	否	AIRC	AIRC			是	否	RXN0-742	R07404	未核实化学计量和区室；仅保留ID与基因关联	GCF049 GFF;B1;A0;KEGG afr;BioCyc GCF000021485
RU820_RS01330	AFE_0274	否					否	否			未核实化学计量和区室；仅保留ID与基因关联	GCF049 GFF;B1;A0;KEGG afr;BioCyc GCF000021485
RU820_RS01335	AFE_0275	否					否	否			未核实化学计量和区室；仅保留ID与基因关联	GCF049 GFF;B1;A0;KEGG afr;BioCyc GCF000021485
RU820_RS01340	AFE_0276	否					否	否			未核实化学计量和区室；仅保留ID与基因关联	GCF049 GFF;B1;A0;KEGG afr;BioCyc GCF000021485
RU820_RS01345	AFE_0277	否					否	否			未核实化学计量和区室；仅保留ID与基因关联	GCF049 GFF;B1;A0;KEGG afr;BioCyc GCF000021485
RU820_RS01350	AFE_0278	否					否	是		R07390	未核实化学计量和区室；仅保留ID与基因关联	GCF049 GFF;B1;A0;KEGG afr;BioCyc GCF000021485
RU820_RS01355	AFE_0280	否					否	否			未核实化学计量和区室；仅保留ID与基因关联	GCF049 GFF;B1;A0;KEGG afr;BioCyc GCF000021485
RU820_RS01360	AFE_0279	否					否	否			未核实化学计量和区室；仅保留ID与基因关联	GCF049 GFF;B1;A0;KEGG afr;BioCyc GCF000021485
RU820_RS01365	AFE_0282	否					否	否			未核实化学计量和区室；仅保留ID与基因关联	GCF049 GFF;B1;A0;KEGG afr;BioCyc GCF000021485
RU820_RS01370	AFE_0281	否	GLU5K	GLU5K			是	否	GLUTKIN-RXN	R00239	未核实化学计量和区室；仅保留ID与基因关联	GCF049 GFF;B1;A0;KEGG afr;BioCyc GCF000021485
RU820_RS01375	AFE_0283	否					否	否	RXN0-5462		未核实化学计量和区室；仅保留ID与基因关联	GCF049 GFF;B1;A0;KEGG afr;BioCyc GCF000021485
RU820_RS01380	AFE_0284	否					否	否			未核实化学计量和区室；仅保留ID与基因关联	GCF049 GFF;B1;A0;KEGG afr;BioCyc GCF000021485
RU820_RS01385	AFE_0285	否					否	否			未核实化学计量和区室；仅保留ID与基因关联	GCF049 GFF;B1;A0;KEGG afr;BioCyc GCF000021485
RU820_RS01390	AFE_0286	否	SO42tpp	SO42tpp			是	否			未核实化学计量和区室；仅保留ID与基因关联	GCF049 GFF;B1;A0;KEGG afr;BioCyc GCF000021485
RU820_RS01395	AFE_0287	否	HCO3E	HCO3E			是	否	RXN0-5224	R00132;R10092	未核实化学计量和区室；仅保留ID与基因关联	GCF049 GFF;B1;A0;KEGG afr;BioCyc GCF000021485
RU820_RS01400	AFE_0288	否	MTHPTGHM	MTHPTGHM			是	否	HOMOCYSMET-RXN;RXN-12730	R04405;R09365	未核实化学计量和区室；仅保留ID与基因关联	GCF049 GFF;B1;A0;KEGG afr;BioCyc GCF000021485
RU820_RS01405	AFE_0289	否					否	是	2-OCTAPRENYL-METHOXY-BENZOQ-METH-RXN;ADOMET-DMK-METHYLTRANSFER-RXN;RXN-9191;RXN-9205;RXN-9220	R09736;R09737	未核实化学计量和区室；仅保留ID与基因关联	GCF049 GFF;B1;A0;KEGG afr;BioCyc GCF000021485
RU820_RS01410	AFE_0291	否					否	是		R03522;R07002;R07003;R07004;R07023;R07024;R07025;R07026;R07069;R07070;R07083;R07084;R07091;R07092;R07093;R07094;R07100;R07113;R07116;R08280;R09409;R11905	未核实化学计量和区室；仅保留ID与基因关联	GCF049 GFF;B1;A0;KEGG afr;BioCyc GCF000021485
RU820_RS01415	AFE_0292	否					否	否			未核实化学计量和区室；仅保留ID与基因关联	GCF049 GFF;B1;A0;KEGG afr;BioCyc GCF000021485
RU820_RS01420	AFE_0293	否	HSERTA	HSERTA			是	否	HOMOSERINE-O-ACETYLTRANSFERASE-RXN	R01776;R01777	未核实化学计量和区室；仅保留ID与基因关联	GCF049 GFF;B1;A0;KEGG afr;BioCyc GCF000021485
RU820_RS01425	AFE_0294	否					否	否			未核实化学计量和区室；仅保留ID与基因关联	GCF049 GFF;B1;A0;KEGG afr;BioCyc GCF000021485
RU820_RS01430	AFE_0295	否	GHMT2;GHMT3	GHMT2;GHMT3			是	否	GLYOHMETRANS-RXN;RXN0-5234	R00945;R09099	未核实化学计量和区室；仅保留ID与基因关联	GCF049 GFF;B1;A0;KEGG afr;BioCyc GCF000021485
RU820_RS01435	AFE_0296	否					否	否			未核实化学计量和区室；仅保留ID与基因关联	GCF049 GFF;B1;A0;KEGG afr;BioCyc GCF000021485
RU820_RS01440	AFE_0297	否	APRAUR;DHPPDA	APRAUR;DHPPDA			是	否	RIBOFLAVINSYNDEAM-RXN;RIBOFLAVINSYNREDUC-RXN;RXN-10058	R03458;R03459	未核实化学计量和区室；仅保留ID与基因关联	GCF049 GFF;B1;A0;KEGG afr;BioCyc GCF000021485
RU820_RS01445	AFE_0298	否	RBFS	RBFS			是	否	RIBOFLAVIN-SYN-RXN	R00066	未核实化学计量和区室；仅保留ID与基因关联	GCF049 GFF;B1;A0;KEGG afr;BioCyc GCF000021485
RU820_RS01450	AFE_0299	否	DB4PS;GTPCII2	DB4PS;GTPCII2			是	否	DIOHBUTANONEPSYN-RXN;GTP-CYCLOHYDRO-II-RXN	R00425;R07281	未核实化学计量和区室；仅保留ID与基因关联	GCF049 GFF;B1;A0;KEGG afr;BioCyc GCF000021485
RU820_RS01455	AFE_0300	否	RBFS2	RBFS2			是	否	LUMAZINESYN-RXN	R04457	未核实化学计量和区室；仅保留ID与基因关联	GCF049 GFF;B1;A0;KEGG afr;BioCyc GCF000021485
RU820_RS01460	AFE_0301	否					否	否			未核实化学计量和区室；仅保留ID与基因关联	GCF049 GFF;B1;A0;KEGG afr;BioCyc GCF000021485
RU820_RS01465	AFE_0302	否					否	否			未核实化学计量和区室；仅保留ID与基因关联	GCF049 GFF;B1;A0;KEGG afr;BioCyc GCF000021485
RU820_RS01470	AFE_0303	否					否	否			未核实化学计量和区室；仅保留ID与基因关联	GCF049 GFF;B1;A0;KEGG afr;BioCyc GCF000021485
RU820_RS01475	AFE_0304	否					否	否			未核实化学计量和区室；仅保留ID与基因关联	GCF049 GFF;B1;A0;KEGG afr;BioCyc GCF000021485
RU820_RS01480	AFE_0305	否	OPHHX	OPHHX			是	否			未核实化学计量和区室；仅保留ID与基因关联	GCF049 GFF;B1;A0;KEGG afr;BioCyc GCF000021485
RU820_RS01485	AFE_0306	否					否	否			未核实化学计量和区室；仅保留ID与基因关联	GCF049 GFF;B1;A0;KEGG afr;BioCyc GCF000021485
RU820_RS01490		否					否	否			未核实化学计量和区室；仅保留ID与基因关联	GCF049 GFF;B1;A0;KEGG afr;BioCyc GCF000021485
RU820_RS01495		否					否	否			未核实化学计量和区室；仅保留ID与基因关联	GCF049 GFF;B1;A0;KEGG afr;BioCyc GCF000021485
RU820_RS01500		否					否	否			未核实化学计量和区室；仅保留ID与基因关联	GCF049 GFF;B1;A0;KEGG afr;BioCyc GCF000021485
RU820_RS01505	AFE_0311;AFE_0325	是					否	待定			未核实化学计量和区室；仅保留ID与基因关联	GCF049 GFF;B1;A0;KEGG afr;BioCyc GCF000021485
RU820_RS01510		否					否	否			未核实化学计量和区室；仅保留ID与基因关联	GCF049 GFF;B1;A0;KEGG afr;BioCyc GCF000021485
RU820_RS01515	AFE_0313	否					否	否			未核实化学计量和区室；仅保留ID与基因关联	GCF049 GFF;B1;A0;KEGG afr;BioCyc GCF000021485
RU820_RS01520	AFE_0314	否					否	否			未核实化学计量和区室；仅保留ID与基因关联	GCF049 GFF;B1;A0;KEGG afr;BioCyc GCF000021485
RU820_RS01525	AFE_0315	否					否	否			未核实化学计量和区室；仅保留ID与基因关联	GCF049 GFF;B1;A0;KEGG afr;BioCyc GCF000021485
RU820_RS01530	AFE_0316	否					否	否			未核实化学计量和区室；仅保留ID与基因关联	GCF049 GFF;B1;A0;KEGG afr;BioCyc GCF000021485
RU820_RS01535	AFE_0317	否					否	否			未核实化学计量和区室；仅保留ID与基因关联	GCF049 GFF;B1;A0;KEGG afr;BioCyc GCF000021485
RU820_RS01540	AFE_0318	否					否	否			未核实化学计量和区室；仅保留ID与基因关联	GCF049 GFF;B1;A0;KEGG afr;BioCyc GCF000021485
RU820_RS01545	AFE_0320	否					否	否	DNA-DIRECTED-RNA-POLYMERASE-RXN		未核实化学计量和区室；仅保留ID与基因关联	GCF049 GFF;B1;A0;KEGG afr;BioCyc GCF000021485
RU820_RS01550		否					否	否			未核实化学计量和区室；仅保留ID与基因关联	GCF049 GFF;B1;A0;KEGG afr;BioCyc GCF000021485
RU820_RS01555	AFE_0322	否					否	否			未核实化学计量和区室；仅保留ID与基因关联	GCF049 GFF;B1;A0;KEGG afr;BioCyc GCF000021485
RU820_RS01560	AFE_0323	否					否	否			未核实化学计量和区室；仅保留ID与基因关联	GCF049 GFF;B1;A0;KEGG afr;BioCyc GCF000021485
RU820_RS01565	AFE_0324	否					否	否			未核实化学计量和区室；仅保留ID与基因关联	GCF049 GFF;B1;A0;KEGG afr;BioCyc GCF000021485
RU820_RS01570	AFE_0311;AFE_0325	是					否	待定			未核实化学计量和区室；仅保留ID与基因关联	GCF049 GFF;B1;A0;KEGG afr;BioCyc GCF000021485
RU820_RS01575	AFE_0326	否					否	否			未核实化学计量和区室；仅保留ID与基因关联	GCF049 GFF;B1;A0;KEGG afr;BioCyc GCF000021485
RU820_RS01580	AFE_0327	否					否	否			未核实化学计量和区室；仅保留ID与基因关联	GCF049 GFF;B1;A0;KEGG afr;BioCyc GCF000021485
RU820_RS01585	AFE_0328	否					否	否			未核实化学计量和区室；仅保留ID与基因关联	GCF049 GFF;B1;A0;KEGG afr;BioCyc GCF000021485
RU820_RS01590	AFE_0329	否					否	否			未核实化学计量和区室；仅保留ID与基因关联	GCF049 GFF;B1;A0;KEGG afr;BioCyc GCF000021485
RU820_RS01595	AFE_0330	否					否	否			未核实化学计量和区室；仅保留ID与基因关联	GCF049 GFF;B1;A0;KEGG afr;BioCyc GCF000021485
RU820_RS01600	AFE_0331	否					否	否			未核实化学计量和区室；仅保留ID与基因关联	GCF049 GFF;B1;A0;KEGG afr;BioCyc GCF000021485
RU820_RS01605	AFE_0332	否					否	否			未核实化学计量和区室；仅保留ID与基因关联	GCF049 GFF;B1;A0;KEGG afr;BioCyc GCF000021485
RU820_RS01610	AFE_0333	否					否	否			未核实化学计量和区室；仅保留ID与基因关联	GCF049 GFF;B1;A0;KEGG afr;BioCyc GCF000021485
RU820_RS01615	AFE_0334	否					否	否			未核实化学计量和区室；仅保留ID与基因关联	GCF049 GFF;B1;A0;KEGG afr;BioCyc GCF000021485
RU820_RS01620	AFE_0335	否					否	否			未核实化学计量和区室；仅保留ID与基因关联	GCF049 GFF;B1;A0;KEGG afr;BioCyc GCF000021485
RU820_RS01625	AFE_0336	否					否	否			未核实化学计量和区室；仅保留ID与基因关联	GCF049 GFF;B1;A0;KEGG afr;BioCyc GCF000021485
RU820_RS01630	AFE_0337	否					否	否			未核实化学计量和区室；仅保留ID与基因关联	GCF049 GFF;B1;A0;KEGG afr;BioCyc GCF000021485
RU820_RS01635	AFE_0338	否					否	否			未核实化学计量和区室；仅保留ID与基因关联	GCF049 GFF;B1;A0;KEGG afr;BioCyc GCF000021485
RU820_RS01640	AFE_0339	否					否	否			未核实化学计量和区室；仅保留ID与基因关联	GCF049 GFF;B1;A0;KEGG afr;BioCyc GCF000021485
RU820_RS01645	AFE_0340	否					否	否			未核实化学计量和区室；仅保留ID与基因关联	GCF049 GFF;B1;A0;KEGG afr;BioCyc GCF000021485
RU820_RS01650	AFE_0341	否					否	否			未核实化学计量和区室；仅保留ID与基因关联	GCF049 GFF;B1;A0;KEGG afr;BioCyc GCF000021485
RU820_RS01655	AFE_0342	否					否	否			未核实化学计量和区室；仅保留ID与基因关联	GCF049 GFF;B1;A0;KEGG afr;BioCyc GCF000021485
RU820_RS01660	AFE_0343	否					否	否			未核实化学计量和区室；仅保留ID与基因关联	GCF049 GFF;B1;A0;KEGG afr;BioCyc GCF000021485
RU820_RS01665	AFE_0344	否					否	否			未核实化学计量和区室；仅保留ID与基因关联	GCF049 GFF;B1;A0;KEGG afr;BioCyc GCF000021485
RU820_RS01670	AFE_0345	否					否	否			未核实化学计量和区室；仅保留ID与基因关联	GCF049 GFF;B1;A0;KEGG afr;BioCyc GCF000021485
RU820_RS01675	AFE_0346	否					否	否			未核实化学计量和区室；仅保留ID与基因关联	GCF049 GFF;B1;A0;KEGG afr;BioCyc GCF000021485
RU820_RS01680	AFE_0347	否					否	否			未核实化学计量和区室；仅保留ID与基因关联	GCF049 GFF;B1;A0;KEGG afr;BioCyc GCF000021485
RU820_RS01685	AFE_0348	否	ADK1	ADK1			是	否	ADENYL-KIN-RXN	R00127;R01547;R11319	未核实化学计量和区室；仅保留ID与基因关联	GCF049 GFF;B1;A0;KEGG afr;BioCyc GCF000021485
RU820_RS01690	AFE_0349	否					否	否			未核实化学计量和区室；仅保留ID与基因关联	GCF049 GFF;B1;A0;KEGG afr;BioCyc GCF000021485
RU820_RS01695	AFE_0350	否					否	否			未核实化学计量和区室；仅保留ID与基因关联	GCF049 GFF;B1;A0;KEGG afr;BioCyc GCF000021485
RU820_RS01700	AFE_0351	否					否	否			未核实化学计量和区室；仅保留ID与基因关联	GCF049 GFF;B1;A0;KEGG afr;BioCyc GCF000021485
RU820_RS01705	AFE_0352	否					否	否			未核实化学计量和区室；仅保留ID与基因关联	GCF049 GFF;B1;A0;KEGG afr;BioCyc GCF000021485
RU820_RS01710	AFE_0353	否					否	否			未核实化学计量和区室；仅保留ID与基因关联	GCF049 GFF;B1;A0;KEGG afr;BioCyc GCF000021485
RU820_RS01715	AFE_0354	否					否	否	DNA-DIRECTED-RNA-POLYMERASE-RXN		未核实化学计量和区室；仅保留ID与基因关联	GCF049 GFF;B1;A0;KEGG afr;BioCyc GCF000021485
RU820_RS01720	AFE_0355	否					否	否			未核实化学计量和区室；仅保留ID与基因关联	GCF049 GFF;B1;A0;KEGG afr;BioCyc GCF000021485
RU820_RS01725	AFE_0356	否	DUTPDP	DUTPDP			是	否	DUTP-PYROP-RXN	R02100;R11896	未核实化学计量和区室；仅保留ID与基因关联	GCF049 GFF;B1;A0;KEGG afr;BioCyc GCF000021485
RU820_RS01730	AFE_0357	否	PPCDC;PPNCL2	PPCDC;PPNCL2			是	否	P-PANTOCYSDECARB-RXN;P-PANTOCYSLIG-RXN	R03269;R04231	未核实化学计量和区室；仅保留ID与基因关联	GCF049 GFF;B1;A0;KEGG afr;BioCyc GCF000021485
RU820_RS01735	AFE_0358	否					否	否			未核实化学计量和区室；仅保留ID与基因关联	GCF049 GFF;B1;A0;KEGG afr;BioCyc GCF000021485
RU820_RS01740	AFE_0359	否					否	是	DIACYLGLYKIN-RXN	R05626	未核实化学计量和区室；仅保留ID与基因关联	GCF049 GFF;B1;A0;KEGG afr;BioCyc GCF000021485
RU820_RS01745	AFE_0360	否					否	否			未核实化学计量和区室；仅保留ID与基因关联	GCF049 GFF;B1;A0;KEGG afr;BioCyc GCF000021485
RU820_RS01750	AFE_0361	否					否	否			未核实化学计量和区室；仅保留ID与基因关联	GCF049 GFF;B1;A0;KEGG afr;BioCyc GCF000021485
RU820_RS01755	AFE_0362	否					否	否			未核实化学计量和区室；仅保留ID与基因关联	GCF049 GFF;B1;A0;KEGG afr;BioCyc GCF000021485
RU820_RS01760	AFE_0363	否					否	否			未核实化学计量和区室；仅保留ID与基因关联	GCF049 GFF;B1;A0;KEGG afr;BioCyc GCF000021485
RU820_RS01765	AFE_0364	否	GUAPRT;HXPRT	GUAPRT;HXPRT			是	否	GUANPRIBOSYLTRAN-RXN;HYPOXANPRIBOSYLTRAN-RXN	R01132;R01229;R02142;R08237;R08238;R08245	未核实化学计量和区室；仅保留ID与基因关联	GCF049 GFF;B1;A0;KEGG afr;BioCyc GCF000021485
RU820_RS01770	AFE_0365	否	MTAP	MTAP			是	否	RXN-12241	R09668	未核实化学计量和区室；仅保留ID与基因关联	GCF049 GFF;B1;A0;KEGG afr;BioCyc GCF000021485
RU820_RS01775	AFE_0366	否					否	是	GLUTATHIONE-REDUCT-NADPH-RXN	R00094;R00115	未核实化学计量和区室；仅保留ID与基因关联	GCF049 GFF;B1;A0;KEGG afr;BioCyc GCF000021485
RU820_RS01780	AFE_0367	否					否	是		R12578	未核实化学计量和区室；仅保留ID与基因关联	GCF049 GFF;B1;A0;KEGG afr;BioCyc GCF000021485
RU820_RS01785	AFE_0368	否	PSP_L	PSP_L			是	否	PSERPHOSPHA-RXN;RXN0-5114	R00582	未核实化学计量和区室；仅保留ID与基因关联	GCF049 GFF;B1;A0;KEGG afr;BioCyc GCF000021485
RU820_RS01790	AFE_0369	否					否	否			未核实化学计量和区室；仅保留ID与基因关联	GCF049 GFF;B1;A0;KEGG afr;BioCyc GCF000021485
RU820_RS01795	AFE_0370	否	MEPCT	MEPCT			是	否	2.7.7.60-RXN	R05633	未核实化学计量和区室；仅保留ID与基因关联	GCF049 GFF;B1;A0;KEGG afr;BioCyc GCF000021485
RU820_RS01800	AFE_0371	否	MECDPS	MECDPS			是	否	RXN0-302	R05637	未核实化学计量和区室；仅保留ID与基因关联	GCF049 GFF;B1;A0;KEGG afr;BioCyc GCF000021485
RU820_RS01805	AFE_0372	否					否	否	RXN-11841		未核实化学计量和区室；仅保留ID与基因关联	GCF049 GFF;B1;A0;KEGG afr;BioCyc GCF000021485
RU820_RS01810	AFE_0373	否					否	否			未核实化学计量和区室；仅保留ID与基因关联	GCF049 GFF;B1;A0;KEGG afr;BioCyc GCF000021485
RU820_RS01815	AFE_0374	否					否	否			未核实化学计量和区室；仅保留ID与基因关联	GCF049 GFF;B1;A0;KEGG afr;BioCyc GCF000021485
RU820_RS01820	AFE_0375	否	TRDR	TRDR			是	否	THIOREDOXIN-REDUCT-NADPH-RXN	R02016;R03596;R09372	未核实化学计量和区室；仅保留ID与基因关联	GCF049 GFF;B1;A0;KEGG afr;BioCyc GCF000021485
RU820_RS01825		否					否	否			未核实化学计量和区室；仅保留ID与基因关联	GCF049 GFF;B1;A0;KEGG afr;BioCyc GCF000021485
RU820_RS01830	AFE_0377	否					否	否			未核实化学计量和区室；仅保留ID与基因关联	GCF049 GFF;B1;A0;KEGG afr;BioCyc GCF000021485
RU820_RS01835	AFE_0378	否	CYTAA32	CYTAA32			是	否			未核实化学计量和区室；仅保留ID与基因关联	GCF049 GFF;B1;A0;KEGG afr;BioCyc GCF000021485
RU820_RS01840	AFE_0379	否					否	否			未核实化学计量和区室；仅保留ID与基因关联	GCF049 GFF;B1;A0;KEGG afr;BioCyc GCF000021485
RU820_RS01845	AFE_0380	否					否	否	RXN0-2161;SERINE--TRNA-LIGASE-RXN	R03662;R08218	未核实化学计量和区室；仅保留ID与基因关联	GCF049 GFF;B1;A0;KEGG afr;BioCyc GCF000021485
RU820_RS01850	AFE_0381	否					否	否			未核实化学计量和区室；仅保留ID与基因关联	GCF049 GFF;B1;A0;KEGG afr;BioCyc GCF000021485
RU820_RS01855	AFE_0382	否					否	否			未核实化学计量和区室；仅保留ID与基因关联	GCF049 GFF;B1;A0;KEGG afr;BioCyc GCF000021485
RU820_RS01860		否					否	否			未核实化学计量和区室；仅保留ID与基因关联	GCF049 GFF;B1;A0;KEGG afr;BioCyc GCF000021485
RU820_RS01865		否					否	否			未核实化学计量和区室；仅保留ID与基因关联	GCF049 GFF;B1;A0;KEGG afr;BioCyc GCF000021485
RU820_RS01870		否					否	否			未核实化学计量和区室；仅保留ID与基因关联	GCF049 GFF;B1;A0;KEGG afr;BioCyc GCF000021485
RU820_RS01875		否					否	否			未核实化学计量和区室；仅保留ID与基因关联	GCF049 GFF;B1;A0;KEGG afr;BioCyc GCF000021485
RU820_RS01880		否					否	否			未核实化学计量和区室；仅保留ID与基因关联	GCF049 GFF;B1;A0;KEGG afr;BioCyc GCF000021485
RU820_RS01885		否					否	否			未核实化学计量和区室；仅保留ID与基因关联	GCF049 GFF;B1;A0;KEGG afr;BioCyc GCF000021485
RU820_RS01890	AFE_0389	否					否	否			未核实化学计量和区室；仅保留ID与基因关联	GCF049 GFF;B1;A0;KEGG afr;BioCyc GCF000021485
RU820_RS01895	AFE_0390	否					否	否			未核实化学计量和区室；仅保留ID与基因关联	GCF049 GFF;B1;A0;KEGG afr;BioCyc GCF000021485
RU820_RS01900	AFE_0391	否					否	否			未核实化学计量和区室；仅保留ID与基因关联	GCF049 GFF;B1;A0;KEGG afr;BioCyc GCF000021485
RU820_RS01905	AFE_0392	否					否	否			未核实化学计量和区室；仅保留ID与基因关联	GCF049 GFF;B1;A0;KEGG afr;BioCyc GCF000021485
RU820_RS01910	AFE_0393	否					否	否	RXN-11839		未核实化学计量和区室；仅保留ID与基因关联	GCF049 GFF;B1;A0;KEGG afr;BioCyc GCF000021485
RU820_RS01915	AFE_0394	否					否	否			未核实化学计量和区室；仅保留ID与基因关联	GCF049 GFF;B1;A0;KEGG afr;BioCyc GCF000021485
RU820_RS01920	AFE_0395	否					否	否	2.7.7.8-RXN		未核实化学计量和区室；仅保留ID与基因关联	GCF049 GFF;B1;A0;KEGG afr;BioCyc GCF000021485
RU820_RS01925	AFE_0396	否					否	否			未核实化学计量和区室；仅保留ID与基因关联	GCF049 GFF;B1;A0;KEGG afr;BioCyc GCF000021485
RU820_RS01930	AFE_0397	否					否	是	GLYOXII-RXN;RXN-7919	R01736	未核实化学计量和区室；仅保留ID与基因关联	GCF049 GFF;B1;A0;KEGG afr;BioCyc GCF000021485
RU820_RS01935	AFE_0398	否					否	否			未核实化学计量和区室；仅保留ID与基因关联	GCF049 GFF;B1;A0;KEGG afr;BioCyc GCF000021485
RU820_RS01940	AFE_0399	否					否	否	3.1.26.4-RXN		未核实化学计量和区室；仅保留ID与基因关联	GCF049 GFF;B1;A0;KEGG afr;BioCyc GCF000021485
RU820_RS01945	AFE_0400	否					否	否	DNA-DIRECTED-DNA-POLYMERASE-RXN;RXN-20927;RXN0-4961		未核实化学计量和区室；仅保留ID与基因关联	GCF049 GFF;B1;A0;KEGG afr;BioCyc GCF000021485
RU820_RS01950	AFE_0401	否					否	否			未核实化学计量和区室；仅保留ID与基因关联	GCF049 GFF;B1;A0;KEGG afr;BioCyc GCF000021485
RU820_RS01955	AFE_0402	否					否	是	GLYOXI-RXN	R02530	未核实化学计量和区室；仅保留ID与基因关联	GCF049 GFF;B1;A0;KEGG afr;BioCyc GCF000021485
RU820_RS01960	AFE_0403	否					否	是	ADENPHOSPHOR-RXN;DEOXYADENPHOSPHOR-RXN;DEOXYGUANPHOSPHOR-RXN;DEOXYINOPHOSPHOR-RXN;INOPHOSPHOR-RXN;RXN0-5199;THYM-PHOSPH-RXN;URA-PHOSPH-RXN;XANTHOSINEPHOSPHORY-RXN	R01561;R01570;R01863;R01876;R02147;R02296;R02297	未核实化学计量和区室；仅保留ID与基因关联	GCF049 GFF;B1;A0;KEGG afr;BioCyc GCF000021485
RU820_RS01965	AFE_0404	否	ARGSS	ARGSS			是	否	ARGSUCCINSYN-RXN;RXN-10	R01954	未核实化学计量和区室；仅保留ID与基因关联	GCF049 GFF;B1;A0;KEGG afr;BioCyc GCF000021485
RU820_RS01970	AFE_0405	否	OCBT	OCBT			是	否	ORNCARBAMTRANSFER-RXN	R01398	未核实化学计量和区室；仅保留ID与基因关联	GCF049 GFF;B1;A0;KEGG afr;BioCyc GCF000021485
RU820_RS01975	AFE_0406	否	ACOTA	ACOTA			是	否	ACETYLORNTRANSAM-RXN	R02283;R04475	未核实化学计量和区室；仅保留ID与基因关联	GCF049 GFF;B1;A0;KEGG afr;BioCyc GCF000021485
RU820_RS01980	AFE_0407	否	ASPK	ASPK			是	否	ASPARTATEKIN-RXN	R00480	未核实化学计量和区室；仅保留ID与基因关联	GCF049 GFF;B1;A0;KEGG afr;BioCyc GCF000021485
RU820_RS01985	AFE_0408	否					否	否			未核实化学计量和区室；仅保留ID与基因关联	GCF049 GFF;B1;A0;KEGG afr;BioCyc GCF000021485
RU820_RS01990	AFE_0409	否					否	否			未核实化学计量和区室；仅保留ID与基因关联	GCF049 GFF;B1;A0;KEGG afr;BioCyc GCF000021485
RU820_RS01995	AFE_0411	否					否	否			未核实化学计量和区室；仅保留ID与基因关联	GCF049 GFF;B1;A0;KEGG afr;BioCyc GCF000021485
RU820_RS02005	AFE_0413	否					否	否			未核实化学计量和区室；仅保留ID与基因关联	GCF049 GFF;B1;A0;KEGG afr;BioCyc GCF000021485
RU820_RS02010	AFE_0414	否					否	否			未核实化学计量和区室；仅保留ID与基因关联	GCF049 GFF;B1;A0;KEGG afr;BioCyc GCF000021485
RU820_RS02015	AFE_0416	否					否	否			未核实化学计量和区室；仅保留ID与基因关联	GCF049 GFF;B1;A0;KEGG afr;BioCyc GCF000021485
RU820_RS02020		否					否	否			未核实化学计量和区室；仅保留ID与基因关联	GCF049 GFF;B1;A0;KEGG afr;BioCyc GCF000021485
RU820_RS02025	AFE_0418	否					否	否			未核实化学计量和区室；仅保留ID与基因关联	GCF049 GFF;B1;A0;KEGG afr;BioCyc GCF000021485
RU820_RS02030	AFE_0419	否	TALA	TALA			是	否	TRANSALDOL-RXN	R01827;R08575	未核实化学计量和区室；仅保留ID与基因关联	GCF049 GFF;B1;A0;KEGG afr;BioCyc GCF000021485
RU820_RS02035	AFE_0420	否	EAR1;EAR10;EAR11;EAR12;EAR13;EAR14;EAR15;EAR16;EAR17;EAR2;EAR3;EAR4;EAR5;EAR6;EAR7;EAR8;EAR9	EAR1;EAR10;EAR11;EAR12;EAR13;EAR14;EAR15;EAR16;EAR17;EAR2;EAR3;EAR4;EAR5;EAR6;EAR7;EAR8;EAR9			是	否	ENOYL-ACP-REDUCT-NADH-RXN;ENOYL-ACP-REDUCT-NADPH-RXN;RXN-11478;RXN-11482;RXN-16632;RXN-9515;RXN-9521;RXN-9526;RXN-9530;RXN-9534;RXN-9538;RXN-9542;RXN-9657;RXN-9658;RXN-9659;RXN-9660;RXN-9661;RXN-9662;RXN-9663	R01403;R01404;R04429;R04430;R04724;R04725;R04955;R04956;R04958;R04959;R04961;R04962;R04966;R04967;R04969;R04970;R07765;R10118;R10122;R11671	未核实化学计量和区室；仅保留ID与基因关联	GCF049 GFF;B1;A0;KEGG afr;BioCyc GCF000021485
RU820_RS02040	AFE_0421	否					否	是			未核实化学计量和区室；仅保留ID与基因关联	GCF049 GFF;B1;A0;KEGG afr;BioCyc GCF000021485
RU820_RS02045	AFE_0422	否	GLUTRS	GLUTRS			是	否	GLURS-RXN	R05578	未核实化学计量和区室；仅保留ID与基因关联	GCF049 GFF;B1;A0;KEGG afr;BioCyc GCF000021485
RU820_RS02050	AFE_0423	否	ACONT1;ACONT2	ACONT1;ACONT2			是	否	RXN-14047	R01324;R01325;R01900;R04425	未核实化学计量和区室；仅保留ID与基因关联	GCF049 GFF;B1;A0;KEGG afr;BioCyc GCF000021485
RU820_RS02055	AFE_0424	否	ICDHyr;ICITRED	ICDHyr;ICITRED			是	否	ISOCITDEH-RXN	R00267;R00268;R01899	未核实化学计量和区室；仅保留ID与基因关联	GCF049 GFF;B1;A0;KEGG afr;BioCyc GCF000021485
RU820_RS02060	AFE_0425	否	SUCOAS	SUCOAS			是	否	SUCCCOASYN-RXN	R00405;R02404	未核实化学计量和区室；仅保留ID与基因关联	GCF049 GFF;B1;A0;KEGG afr;BioCyc GCF000021485
RU820_RS02065	AFE_0426	否					否	否			未核实化学计量和区室；仅保留ID与基因关联	GCF049 GFF;B1;A0;KEGG afr;BioCyc GCF000021485
RU820_RS02070	AFE_0427	否	SUCOAS	SUCOAS			是	否	SUCCCOASYN-RXN	R00405;R02404	未核实化学计量和区室；仅保留ID与基因关联	GCF049 GFF;B1;A0;KEGG afr;BioCyc GCF000021485
RU820_RS02075	AFE_0428	否	NADS1;NADS2	NADS1;NADS2			是	否	NAD-SYNTH-GLN-RXN;NAD-SYNTH-NH3-RXN	R00257	未核实化学计量和区室；仅保留ID与基因关联	GCF049 GFF;B1;A0;KEGG afr;BioCyc GCF000021485
RU820_RS02080	AFE_0429	否					否	否			未核实化学计量和区室；仅保留ID与基因关联	GCF049 GFF;B1;A0;KEGG afr;BioCyc GCF000021485
RU820_RS02085	AFE_0430	否					否	否			未核实化学计量和区室；仅保留ID与基因关联	GCF049 GFF;B1;A0;KEGG afr;BioCyc GCF000021485
RU820_RS02090	AFE_0431	否					否	否	RXN-11837		未核实化学计量和区室；仅保留ID与基因关联	GCF049 GFF;B1;A0;KEGG afr;BioCyc GCF000021485
RU820_RS02095	AFE_0432	否					否	是		R01402;R01560;R01561;R01863;R02147	未核实化学计量和区室；仅保留ID与基因关联	GCF049 GFF;B1;A0;KEGG afr;BioCyc GCF000021485
RU820_RS02100	AFE_0433	否	AREDO	AREDO			是	否		R07363;R07364	未核实化学计量和区室；仅保留ID与基因关联	GCF049 GFF;B1;A0;KEGG afr;BioCyc GCF000021485
RU820_RS02105	AFE_0434	否	DKMPE;RUBISCO	DKMPE;RUBISCO			是	否	R82-RXN	R07393	未核实化学计量和区室；仅保留ID与基因关联	GCF049 GFF;B1;A0;KEGG afr;BioCyc GCF000021485
RU820_RS02110	AFE_0435	否	HKMPP	HKMPP			是	否		R07394	未核实化学计量和区室；仅保留ID与基因关联	GCF049 GFF;B1;A0;KEGG afr;BioCyc GCF000021485
RU820_RS02115	AFE_0436	否					否	是	R145-RXN	R07392	未核实化学计量和区室；仅保留ID与基因关联	GCF049 GFF;B1;A0;KEGG afr;BioCyc GCF000021485
RU820_RS02120	AFE_0437	否					否	否			未核实化学计量和区室；仅保留ID与基因关联	GCF049 GFF;B1;A0;KEGG afr;BioCyc GCF000021485
RU820_RS02125	AFE_0438	否					否	否	3.5.1.27-RXN;3.5.1.88-RXN		未核实化学计量和区室；仅保留ID与基因关联	GCF049 GFF;B1;A0;KEGG afr;BioCyc GCF000021485
RU820_RS02130	AFE_0439	否					否	是			未核实化学计量和区室；仅保留ID与基因关联	GCF049 GFF;B1;A0;KEGG afr;BioCyc GCF000021485
RU820_RS02135	AFE_0441	否	TDPGDH	TDPGDH			是	否	DTDPGLUCDEHYDRAT-RXN	R06513	未核实化学计量和区室；仅保留ID与基因关联	GCF049 GFF;B1;A0;KEGG afr;BioCyc GCF000021485
RU820_RS02140	AFE_0442	否	TDPDRR	TDPDRR			是	否	DTDPDEHYRHAMREDUCT-RXN	R02777	未核实化学计量和区室；仅保留ID与基因关联	GCF049 GFF;B1;A0;KEGG afr;BioCyc GCF000021485
RU820_RS02145	AFE_0443	否					否	否			未核实化学计量和区室；仅保留ID与基因关联	GCF049 GFF;B1;A0;KEGG afr;BioCyc GCF000021485
RU820_RS02150	AFE_0444	否					否	否			未核实化学计量和区室；仅保留ID与基因关联	GCF049 GFF;B1;A0;KEGG afr;BioCyc GCF000021485
RU820_RS02155	AFE_0445	否	GALU	GALU			是	否	GLUC1PURIDYLTRANS-RXN	R00289	未核实化学计量和区室；仅保留ID与基因关联	GCF049 GFF;B1;A0;KEGG afr;BioCyc GCF000021485
RU820_RS02160	AFE_0446	否					否	否			未核实化学计量和区室；仅保留ID与基因关联	GCF049 GFF;B1;A0;KEGG afr;BioCyc GCF000021485
RU820_RS02165	AFE_0447	否					否	否			未核实化学计量和区室；仅保留ID与基因关联	GCF049 GFF;B1;A0;KEGG afr;BioCyc GCF000021485
RU820_RS02170	AFE_0448	否					否	否			未核实化学计量和区室；仅保留ID与基因关联	GCF049 GFF;B1;A0;KEGG afr;BioCyc GCF000021485
RU820_RS02175	AFE_0449	否					否	否			未核实化学计量和区室；仅保留ID与基因关联	GCF049 GFF;B1;A0;KEGG afr;BioCyc GCF000021485
RU820_RS02180	AFE_0450	否					否	否			未核实化学计量和区室；仅保留ID与基因关联	GCF049 GFF;B1;A0;KEGG afr;BioCyc GCF000021485
RU820_RS02185	AFE_0451	否	NADK	NADK			是	否	NAD-KIN-RXN;NADH-KINASE-RXN	R00104	未核实化学计量和区室；仅保留ID与基因关联	GCF049 GFF;B1;A0;KEGG afr;BioCyc GCF000021485
RU820_RS02190	AFE_0452	否					否	是	PANTOTHENATE-KIN-RXN	R02971;R03018;R04391	未核实化学计量和区室；仅保留ID与基因关联	GCF049 GFF;B1;A0;KEGG afr;BioCyc GCF000021485
RU820_RS02195	AFE_0453	否	BILG	BILG			是	否	BIOTINLIG-RXN	R01074;R05145	未核实化学计量和区室；仅保留ID与基因关联	GCF049 GFF;B1;A0;KEGG afr;BioCyc GCF000021485
RU820_RS02200	AFE_0454	否	G5SD	G5SD			是	否	GLUTSEMIALDEHYDROG-RXN	R03313	未核实化学计量和区室；仅保留ID与基因关联	GCF049 GFF;B1;A0;KEGG afr;BioCyc GCF000021485
RU820_RS02205	AFE_0455	否					否	是			未核实化学计量和区室；仅保留ID与基因关联	GCF049 GFF;B1;A0;KEGG afr;BioCyc GCF000021485
RU820_RS02210	AFE_0457	否					否	否	DNA-DIRECTED-DNA-POLYMERASE-RXN;RXN-20927		未核实化学计量和区室；仅保留ID与基因关联	GCF049 GFF;B1;A0;KEGG afr;BioCyc GCF000021485
RU820_RS02215	AFE_0458	否					否	否			未核实化学计量和区室；仅保留ID与基因关联	GCF049 GFF;B1;A0;KEGG afr;BioCyc GCF000021485
RU820_RS02220	AFE_0459	否					否	否	LEUCINE--TRNA-LIGASE-RXN	R03657	未核实化学计量和区室；仅保留ID与基因关联	GCF049 GFF;B1;A0;KEGG afr;BioCyc GCF000021485
RU820_RS02225	AFE_0460	否					否	是	NQOR-RXN;RXN1YI0-16	R02964;R03643;R03816	未核实化学计量和区室；仅保留ID与基因关联	GCF049 GFF;B1;A0;KEGG afr;BioCyc GCF000021485
RU820_RS02230	AFE_0461	否					否	否			未核实化学计量和区室；仅保留ID与基因关联	GCF049 GFF;B1;A0;KEGG afr;BioCyc GCF000021485
RU820_RS02235	AFE_0462	否					否	否			未核实化学计量和区室；仅保留ID与基因关联	GCF049 GFF;B1;A0;KEGG afr;BioCyc GCF000021485
RU820_RS02240	AFE_0463	否					否	否	3.2.2.23-RXN;RXN-18435;RXN-21266		未核实化学计量和区室；仅保留ID与基因关联	GCF049 GFF;B1;A0;KEGG afr;BioCyc GCF000021485
RU820_RS02245		否					否	否			未核实化学计量和区室；仅保留ID与基因关联	GCF049 GFF;B1;A0;KEGG afr;BioCyc GCF000021485
RU820_RS02250	AFE_0465	否					否	是			未核实化学计量和区室；仅保留ID与基因关联	GCF049 GFF;B1;A0;KEGG afr;BioCyc GCF000021485
RU820_RS02255	AFE_0466	否	GLNS	GLNS			是	否	GLUTAMINESYN-RXN	R00253	未核实化学计量和区室；仅保留ID与基因关联	GCF049 GFF;B1;A0;KEGG afr;BioCyc GCF000021485
RU820_RS02260	AFE_0467	否					否	否			未核实化学计量和区室；仅保留ID与基因关联	GCF049 GFF;B1;A0;KEGG afr;BioCyc GCF000021485
RU820_RS02265	AFE_0468	否	NADPPPS;THMP	NADPPPS;THMP			是	否	AMP-DEPHOSPHORYLATION-RXN;RXN-7609;XMPXAN-RXN	R00183;R00511;R00963;R01126;R01227;R01562;R01569;R01664;R01877;R01968;R02088;R02102;R02148;R02323;R02370;R02719;R03346;R12958	未核实化学计量和区室；仅保留ID与基因关联	GCF049 GFF;B1;A0;KEGG afr;BioCyc GCF000021485
RU820_RS02270	AFE_0469	否					否	否	2.1.1.77-RXN		未核实化学计量和区室；仅保留ID与基因关联	GCF049 GFF;B1;A0;KEGG afr;BioCyc GCF000021485
RU820_RS02275	AFE_0470	否					否	否			未核实化学计量和区室；仅保留ID与基因关联	GCF049 GFF;B1;A0;KEGG afr;BioCyc GCF000021485
RU820_RS02280	AFE_0471	否					否	否			未核实化学计量和区室；仅保留ID与基因关联	GCF049 GFF;B1;A0;KEGG afr;BioCyc GCF000021485
RU820_RS02285	AFE_0472	否					否	否	ALANINE-AMINOTRANSFERASE-RXN;RXN-13698		未核实化学计量和区室；仅保留ID与基因关联	GCF049 GFF;B1;A0;KEGG afr;BioCyc GCF000021485
RU820_RS02290	AFE_0473	否	HSDy	HSDy			是	否	HOMOSERDEHYDROG-RXN	R01773;R01775	未核实化学计量和区室；仅保留ID与基因关联	GCF049 GFF;B1;A0;KEGG afr;BioCyc GCF000021485
RU820_RS02295	AFE_0474	否	THRS	THRS			是	否	THRESYN-RXN	R01466;R05086	未核实化学计量和区室；仅保留ID与基因关联	GCF049 GFF;B1;A0;KEGG afr;BioCyc GCF000021485
RU820_RS02300	AFE_0475	否					否	否			未核实化学计量和区室；仅保留ID与基因关联	GCF049 GFF;B1;A0;KEGG afr;BioCyc GCF000021485
RU820_RS02305	AFE_0476	否					否	否			未核实化学计量和区室；仅保留ID与基因关联	GCF049 GFF;B1;A0;KEGG afr;BioCyc GCF000021485
RU820_RS02310	AFE_0477	否					否	否			未核实化学计量和区室；仅保留ID与基因关联	GCF049 GFF;B1;A0;KEGG afr;BioCyc GCF000021485
RU820_RS02315	AFE_0478	否					否	否			未核实化学计量和区室；仅保留ID与基因关联	GCF049 GFF;B1;A0;KEGG afr;BioCyc GCF000021485
RU820_RS02320	AFE_0479	否					否	否			未核实化学计量和区室；仅保留ID与基因关联	GCF049 GFF;B1;A0;KEGG afr;BioCyc GCF000021485
RU820_RS02325	AFE_0480	否					否	否	LYSINE--TRNA-LIGASE-RXN	R03658	未核实化学计量和区室；仅保留ID与基因关联	GCF049 GFF;B1;A0;KEGG afr;BioCyc GCF000021485
RU820_RS02330	AFE_0481	否					否	是			未核实化学计量和区室；仅保留ID与基因关联	GCF049 GFF;B1;A0;KEGG afr;BioCyc GCF000021485
RU820_RS02335	AFE_0483	否					否	是			未核实化学计量和区室；仅保留ID与基因关联	GCF049 GFF;B1;A0;KEGG afr;BioCyc GCF000021485
RU820_RS02340	AFE_0482	否					否	否			未核实化学计量和区室；仅保留ID与基因关联	GCF049 GFF;B1;A0;KEGG afr;BioCyc GCF000021485
RU820_RS02345	AFE_0484	否					否	否			未核实化学计量和区室；仅保留ID与基因关联	GCF049 GFF;B1;A0;KEGG afr;BioCyc GCF000021485
RU820_RS02350	AFE_0485	否					否	否			未核实化学计量和区室；仅保留ID与基因关联	GCF049 GFF;B1;A0;KEGG afr;BioCyc GCF000021485
RU820_RS02355	AFE_0486	否					否	否			未核实化学计量和区室；仅保留ID与基因关联	GCF049 GFF;B1;A0;KEGG afr;BioCyc GCF000021485
RU820_RS02360	AFE_0487	否					否	否			未核实化学计量和区室；仅保留ID与基因关联	GCF049 GFF;B1;A0;KEGG afr;BioCyc GCF000021485
RU820_RS02365	AFE_0488	否					否	否			未核实化学计量和区室；仅保留ID与基因关联	GCF049 GFF;B1;A0;KEGG afr;BioCyc GCF000021485
RU820_RS02370	AFE_0489	否	TDSK	TDSK			是	否	RXN-20784;RXN-22238;RXN-22485;RXN2B4Q-53;RXN2DNV-3;TETRAACYLDISACC4KIN-RXN	R04657	未核实化学计量和区室；仅保留ID与基因关联	GCF049 GFF;B1;A0;KEGG afr;BioCyc GCF000021485
RU820_RS02375	AFE_0490	否					否	否			未核实化学计量和区室；仅保留ID与基因关联	GCF049 GFF;B1;A0;KEGG afr;BioCyc GCF000021485
RU820_RS02380	AFE_0491	否	KDOCT2	KDOCT2			是	否	CPM-KDOSYNTH-RXN	R03351;R11396	未核实化学计量和区室；仅保留ID与基因关联	GCF049 GFF;B1;A0;KEGG afr;BioCyc GCF000021485
RU820_RS02385	AFE_0492	否	PPA	PPA			是	否	INORGPYROPHOSPHAT-RXN		未核实化学计量和区室；仅保留ID与基因关联	GCF049 GFF;B1;A0;KEGG afr;BioCyc GCF000021485
RU820_RS02390	AFE_0493	否					否	否			未核实化学计量和区室；仅保留ID与基因关联	GCF049 GFF;B1;A0;KEGG afr;BioCyc GCF000021485
RU820_RS02395		否					否	否			未核实化学计量和区室；仅保留ID与基因关联	GCF049 GFF;B1;A0;KEGG afr;BioCyc GCF000021485
RU820_RS02400		否					否	否			未核实化学计量和区室；仅保留ID与基因关联	GCF049 GFF;B1;A0;KEGG afr;BioCyc GCF000021485
RU820_RS02405	AFE_0496	否					否	否			未核实化学计量和区室；仅保留ID与基因关联	GCF049 GFF;B1;A0;KEGG afr;BioCyc GCF000021485
RU820_RS02410		否					否	否			未核实化学计量和区室；仅保留ID与基因关联	GCF049 GFF;B1;A0;KEGG afr;BioCyc GCF000021485
RU820_RS02415		否					否	否			未核实化学计量和区室；仅保留ID与基因关联	GCF049 GFF;B1;A0;KEGG afr;BioCyc GCF000021485
RU820_RS02420	AFE_0498	否					否	否			未核实化学计量和区室；仅保留ID与基因关联	GCF049 GFF;B1;A0;KEGG afr;BioCyc GCF000021485
RU820_RS02425	AFE_0499	否					否	否			未核实化学计量和区室；仅保留ID与基因关联	GCF049 GFF;B1;A0;KEGG afr;BioCyc GCF000021485
RU820_RS02430	AFE_0500	否					否	否			未核实化学计量和区室；仅保留ID与基因关联	GCF049 GFF;B1;A0;KEGG afr;BioCyc GCF000021485
RU820_RS02435	AFE_0501	否					否	否			未核实化学计量和区室；仅保留ID与基因关联	GCF049 GFF;B1;A0;KEGG afr;BioCyc GCF000021485
RU820_RS02440	AFE_0502	否					否	否			未核实化学计量和区室；仅保留ID与基因关联	GCF049 GFF;B1;A0;KEGG afr;BioCyc GCF000021485
RU820_RS02445	AFE_0503	否					否	否			未核实化学计量和区室；仅保留ID与基因关联	GCF049 GFF;B1;A0;KEGG afr;BioCyc GCF000021485
RU820_RS02450	AFE_0505;AFE_0831	是					否	待定			未核实化学计量和区室；仅保留ID与基因关联	GCF049 GFF;B1;A0;KEGG afr;BioCyc GCF000021485
RU820_RS02460	AFE_0507;AFE_0835;AFE_2397	是					否	待定			未核实化学计量和区室；仅保留ID与基因关联	GCF049 GFF;B1;A0;KEGG afr;BioCyc GCF000021485
RU820_RS02465	AFE_0508;AFE_0834;AFE_2398	是					否	待定			未核实化学计量和区室；仅保留ID与基因关联	GCF049 GFF;B1;A0;KEGG afr;BioCyc GCF000021485
RU820_RS02470	AFE_0509;AFE_0833;AFE_2399	是					否	待定			未核实化学计量和区室；仅保留ID与基因关联	GCF049 GFF;B1;A0;KEGG afr;BioCyc GCF000021485
RU820_RS02480	AFE_0511;AFE_0837	是					否	待定			未核实化学计量和区室；仅保留ID与基因关联	GCF049 GFF;B1;A0;KEGG afr;BioCyc GCF000021485
RU820_RS02485	AFE_0512;AFE_0838	是					否	待定			未核实化学计量和区室；仅保留ID与基因关联	GCF049 GFF;B1;A0;KEGG afr;BioCyc GCF000021485
RU820_RS02495	AFE_0513	否					否	否			未核实化学计量和区室；仅保留ID与基因关联	GCF049 GFF;B1;A0;KEGG afr;BioCyc GCF000021485
RU820_RS02500		否					否	否			未核实化学计量和区室；仅保留ID与基因关联	GCF049 GFF;B1;A0;KEGG afr;BioCyc GCF000021485
RU820_RS02505	AFE_0515	否					否	否			未核实化学计量和区室；仅保留ID与基因关联	GCF049 GFF;B1;A0;KEGG afr;BioCyc GCF000021485
RU820_RS02510		否					否	否			未核实化学计量和区室；仅保留ID与基因关联	GCF049 GFF;B1;A0;KEGG afr;BioCyc GCF000021485
RU820_RS02515	AFE_0518	否					否	否			未核实化学计量和区室；仅保留ID与基因关联	GCF049 GFF;B1;A0;KEGG afr;BioCyc GCF000021485
RU820_RS02520	AFE_0519	否					否	否			未核实化学计量和区室；仅保留ID与基因关联	GCF049 GFF;B1;A0;KEGG afr;BioCyc GCF000021485
RU820_RS02525	AFE_0520	否					否	否	3.4.21.92-RXN		未核实化学计量和区室；仅保留ID与基因关联	GCF049 GFF;B1;A0;KEGG afr;BioCyc GCF000021485
RU820_RS02530	AFE_0521	否					否	否			未核实化学计量和区室；仅保留ID与基因关联	GCF049 GFF;B1;A0;KEGG afr;BioCyc GCF000021485
RU820_RS02535	AFE_0522	否					否	否	PEPTIDYLPROLYL-ISOMERASE-RXN		未核实化学计量和区室；仅保留ID与基因关联	GCF049 GFF;B1;A0;KEGG afr;BioCyc GCF000021485
RU820_RS02540	AFE_0523	否	HETZK	HETZK			是	否			未核实化学计量和区室；仅保留ID与基因关联	GCF049 GFF;B1;A0;KEGG afr;BioCyc GCF000021485
RU820_RS02545	AFE_0524	否					否	否			未核实化学计量和区室；仅保留ID与基因关联	GCF049 GFF;B1;A0;KEGG afr;BioCyc GCF000021485
RU820_RS02550	AFE_0525	否					否	否			未核实化学计量和区室；仅保留ID与基因关联	GCF049 GFF;B1;A0;KEGG afr;BioCyc GCF000021485
RU820_RS02555	AFE_0526	否	PGM1	PGM1			是	否	3PGAREARR-RXN	R01518	未核实化学计量和区室；仅保留ID与基因关联	GCF049 GFF;B1;A0;KEGG afr;BioCyc GCF000021485
RU820_RS02560	AFE_0527	否	MTRP	MTRP			是	否	GLYCOPHOSPHORYL-RXN;RXN-9025	R02111	未核实化学计量和区室；仅保留ID与基因关联	GCF049 GFF;B1;A0;KEGG afr;BioCyc GCF000021485
RU820_RS02565	AFE_0528	否					否	否			未核实化学计量和区室；仅保留ID与基因关联	GCF049 GFF;B1;A0;KEGG afr;BioCyc GCF000021485
RU820_RS02570	AFE_0529	否					否	否			未核实化学计量和区室；仅保留ID与基因关联	GCF049 GFF;B1;A0;KEGG afr;BioCyc GCF000021485
RU820_RS02575	AFE_0530	否					否	是		R00185	未核实化学计量和区室；仅保留ID与基因关联	GCF049 GFF;B1;A0;KEGG afr;BioCyc GCF000021485
RU820_RS02580	AFE_0531	否					否	否			未核实化学计量和区室；仅保留ID与基因关联	GCF049 GFF;B1;A0;KEGG afr;BioCyc GCF000021485
RU820_RS02585	AFE_0532	否	METAT	METAT			是	否	S-ADENMETSYN-RXN	R00177;R04771	未核实化学计量和区室；仅保留ID与基因关联	GCF049 GFF;B1;A0;KEGG afr;BioCyc GCF000021485
RU820_RS02590	AFE_0534	否	ADNSE	ADNSE			是	否	ADENOSYLHOMOCYSTEINASE-RXN	R00192	未核实化学计量和区室；仅保留ID与基因关联	GCF049 GFF;B1;A0;KEGG afr;BioCyc GCF000021485
RU820_RS02595	AFE_0535	否	MTHFR3	MTHFR3			是	否	1.5.1.20-RXN	R07168	未核实化学计量和区室；仅保留ID与基因关联	GCF049 GFF;B1;A0;KEGG afr;BioCyc GCF000021485
RU820_RS02600	AFE_0536	否	PRUK	PRUK			是	否	PHOSPHORIBULOKINASE-RXN	R01523	未核实化学计量和区室；仅保留ID与基因关联	GCF049 GFF;B1;A0;KEGG afr;BioCyc GCF000021485
RU820_RS02605	AFE_0537	否					否	否			未核实化学计量和区室；仅保留ID与基因关联	GCF049 GFF;B1;A0;KEGG afr;BioCyc GCF000021485
RU820_RS02610	AFE_0538	否					否	否			未核实化学计量和区室；仅保留ID与基因关联	GCF049 GFF;B1;A0;KEGG afr;BioCyc GCF000021485
RU820_RS02615	AFE_0539	否	ADSK;SFAT1;SFAT2	ADSK;SFAT1;SFAT2			是	否	RXN-12720;SULFATE-ADENYLYLTRANS-RXN	R00529;R04929	未核实化学计量和区室；仅保留ID与基因关联	GCF049 GFF;B1;A0;KEGG afr;BioCyc GCF000021485
RU820_RS02620	AFE_0540	否	ADPT	ADPT			是	否	ADENPRIBOSYLTRAN-RXN;RXN-14270		未核实化学计量和区室；仅保留ID与基因关联	GCF049 GFF;B1;A0;KEGG afr;BioCyc GCF000021485
RU820_RS02625	AFE_0542	否					否	否	RXN0-1061		未核实化学计量和区室；仅保留ID与基因关联	GCF049 GFF;B1;A0;KEGG afr;BioCyc GCF000021485
RU820_RS02630	AFE_0543	否					否	否			未核实化学计量和区室；仅保留ID与基因关联	GCF049 GFF;B1;A0;KEGG afr;BioCyc GCF000021485
RU820_RS02635	AFE_0544	否					否	否			未核实化学计量和区室；仅保留ID与基因关联	GCF049 GFF;B1;A0;KEGG afr;BioCyc GCF000021485
RU820_RS02640		否					否	否			未核实化学计量和区室；仅保留ID与基因关联	GCF049 GFF;B1;A0;KEGG afr;BioCyc GCF000021485
RU820_RS02645	AFE_0546	否					否	否			未核实化学计量和区室；仅保留ID与基因关联	GCF049 GFF;B1;A0;KEGG afr;BioCyc GCF000021485
RU820_RS02650	AFE_0547	否	ILETA;LEUTA;VALTA2	ILETA;LEUTA;VALTA2			是	否	BRANCHED-CHAINAMINOTRANSFERILEU-RXN;BRANCHED-CHAINAMINOTRANSFERLEU-RXN;BRANCHED-CHAINAMINOTRANSFERVAL-RXN	R01090;R01214;R02199;R08622;R08626;R10991	未核实化学计量和区室；仅保留ID与基因关联	GCF049 GFF;B1;A0;KEGG afr;BioCyc GCF000021485
RU820_RS02655	AFE_0548	否					否	否	GSADENYLATION-RXN;GSDEADENYLATION-RXN		未核实化学计量和区室；仅保留ID与基因关联	GCF049 GFF;B1;A0;KEGG afr;BioCyc GCF000021485
RU820_RS02660		否					否	否			未核实化学计量和区室；仅保留ID与基因关联	GCF049 GFF;B1;A0;KEGG afr;BioCyc GCF000021485
RU820_RS02665	AFE_0551	否					否	否		R12024	未核实化学计量和区室；仅保留ID与基因关联	GCF049 GFF;B1;A0;KEGG afr;BioCyc GCF000021485
RU820_RS02670	AFE_0552	否					否	是			未核实化学计量和区室；仅保留ID与基因关联	GCF049 GFF;B1;A0;KEGG afr;BioCyc GCF000021485
RU820_RS02675	AFE_0553	否					否	否			未核实化学计量和区室；仅保留ID与基因关联	GCF049 GFF;B1;A0;KEGG afr;BioCyc GCF000021485
RU820_RS02680	AFE_0554	否					否	否			未核实化学计量和区室；仅保留ID与基因关联	GCF049 GFF;B1;A0;KEGG afr;BioCyc GCF000021485
RU820_RS02685	AFE_0555	否					否	否	RXN-17362		未核实化学计量和区室；仅保留ID与基因关联	GCF049 GFF;B1;A0;KEGG afr;BioCyc GCF000021485
RU820_RS02690	AFE_0556	否					否	否	ISOLEUCINE--TRNA-LIGASE-RXN	R03656	未核实化学计量和区室；仅保留ID与基因关联	GCF049 GFF;B1;A0;KEGG afr;BioCyc GCF000021485
RU820_RS02695	AFE_0557	否	FMNAT;RBFK1	FMNAT;RBFK1			是	否	FADSYN-RXN;RIBOFLAVINKIN-RXN;RXN-18510;RXN-18511	R00161;R00549	未核实化学计量和区室；仅保留ID与基因关联	GCF049 GFF;B1;A0;KEGG afr;BioCyc GCF000021485
RU820_RS02700	AFE_0558	否					否	否			未核实化学计量和区室；仅保留ID与基因关联	GCF049 GFF;B1;A0;KEGG afr;BioCyc GCF000021485
RU820_RS02705	AFE_0559	否					否	否			未核实化学计量和区室；仅保留ID与基因关联	GCF049 GFF;B1;A0;KEGG afr;BioCyc GCF000021485
RU820_RS02710	AFE_0560	否					否	否			未核实化学计量和区室；仅保留ID与基因关联	GCF049 GFF;B1;A0;KEGG afr;BioCyc GCF000021485
RU820_RS02715	AFE_0562	否					否	否			未核实化学计量和区室；仅保留ID与基因关联	GCF049 GFF;B1;A0;KEGG afr;BioCyc GCF000021485
RU820_RS02720	AFE_0563	否	GK1	GK1			是	否	GUANYL-KIN-RXN;RXN-22498	R00332;R02090;R12852	未核实化学计量和区室；仅保留ID与基因关联	GCF049 GFF;B1;A0;KEGG afr;BioCyc GCF000021485
RU820_RS02725	AFE_0564	否					否	否	DNA-DIRECTED-RNA-POLYMERASE-RXN		未核实化学计量和区室；仅保留ID与基因关联	GCF049 GFF;B1;A0;KEGG afr;BioCyc GCF000021485
RU820_RS02730	AFE_0565	否					否	是	GDPPYPHOSKIN-RXN;GTPPYPHOSKIN-RXN;PPGPPSYN-RXN;RXN0-6427	R00336;R00429	未核实化学计量和区室；仅保留ID与基因关联	GCF049 GFF;B1;A0;KEGG afr;BioCyc GCF000021485
RU820_RS02735	AFE_0566	否					否	否			未核实化学计量和区室；仅保留ID与基因关联	GCF049 GFF;B1;A0;KEGG afr;BioCyc GCF000021485
RU820_RS02740	AFE_0567	否					否	否			未核实化学计量和区室；仅保留ID与基因关联	GCF049 GFF;B1;A0;KEGG afr;BioCyc GCF000021485
RU820_RS02745	AFE_0568	否					否	否	RXN-11135		未核实化学计量和区室；仅保留ID与基因关联	GCF049 GFF;B1;A0;KEGG afr;BioCyc GCF000021485
RU820_RS02750	AFE_0569	否					否	否	RXN-16660;RXN-16665;RXN0-5401		未核实化学计量和区室；仅保留ID与基因关联	GCF049 GFF;B1;A0;KEGG afr;BioCyc GCF000021485
RU820_RS02755	AFE_0570	否	PPPGO	PPPGO			是	否	PROTOPORGENOXI-RXN	R03222;R04178	未核实化学计量和区室；仅保留ID与基因关联	GCF049 GFF;B1;A0;KEGG afr;BioCyc GCF000021485
RU820_RS02760	AFE_0571	否					否	是			未核实化学计量和区室；仅保留ID与基因关联	GCF049 GFF;B1;A0;KEGG afr;BioCyc GCF000021485
RU820_RS02765	AFE_0572	否					否	否			未核实化学计量和区室；仅保留ID与基因关联	GCF049 GFF;B1;A0;KEGG afr;BioCyc GCF000021485
RU820_RS02770	AFE_0573	否					否	否			未核实化学计量和区室；仅保留ID与基因关联	GCF049 GFF;B1;A0;KEGG afr;BioCyc GCF000021485
RU820_RS02775	AFE_0574	否					否	否		R04710	未核实化学计量和区室；仅保留ID与基因关联	GCF049 GFF;B1;A0;KEGG afr;BioCyc GCF000021485
RU820_RS02780	AFE_0575	否					否	否			未核实化学计量和区室；仅保留ID与基因关联	GCF049 GFF;B1;A0;KEGG afr;BioCyc GCF000021485
RU820_RS02785	AFE_0576	否	ADCS	ADCS			是	否	PABASYN-RXN	R01716	未核实化学计量和区室；仅保留ID与基因关联	GCF049 GFF;B1;A0;KEGG afr;BioCyc GCF000021485
RU820_RS02790	AFE_0577	否					否	否			未核实化学计量和区室；仅保留ID与基因关联	GCF049 GFF;B1;A0;KEGG afr;BioCyc GCF000021485
RU820_RS02795		否					否	否			未核实化学计量和区室；仅保留ID与基因关联	GCF049 GFF;B1;A0;KEGG afr;BioCyc GCF000021485
RU820_RS02800	AFE_0580	否					否	否			未核实化学计量和区室；仅保留ID与基因关联	GCF049 GFF;B1;A0;KEGG afr;BioCyc GCF000021485
RU820_RS02805	AFE_0581	否					否	否			未核实化学计量和区室；仅保留ID与基因关联	GCF049 GFF;B1;A0;KEGG afr;BioCyc GCF000021485
RU820_RS02810	AFE_0582	否					否	否			未核实化学计量和区室；仅保留ID与基因关联	GCF049 GFF;B1;A0;KEGG afr;BioCyc GCF000021485
RU820_RS02815	AFE_0583	否					否	否			未核实化学计量和区室；仅保留ID与基因关联	GCF049 GFF;B1;A0;KEGG afr;BioCyc GCF000021485
RU820_RS02820		否					否	否			未核实化学计量和区室；仅保留ID与基因关联	GCF049 GFF;B1;A0;KEGG afr;BioCyc GCF000021485
RU820_RS02825	AFE_0585	否					否	否			未核实化学计量和区室；仅保留ID与基因关联	GCF049 GFF;B1;A0;KEGG afr;BioCyc GCF000021485
RU820_RS02830		否					否	否			未核实化学计量和区室；仅保留ID与基因关联	GCF049 GFF;B1;A0;KEGG afr;BioCyc GCF000021485
RU820_RS02835		否					否	是			未核实化学计量和区室；仅保留ID与基因关联	GCF049 GFF;B1;A0;KEGG afr;BioCyc GCF000021485
RU820_RS02840	AFE_0588	否					否	否			未核实化学计量和区室；仅保留ID与基因关联	GCF049 GFF;B1;A0;KEGG afr;BioCyc GCF000021485
RU820_RS02845	AFE_0589	否					否	否			未核实化学计量和区室；仅保留ID与基因关联	GCF049 GFF;B1;A0;KEGG afr;BioCyc GCF000021485
RU820_RS02850	AFE_0590	否					否	否			未核实化学计量和区室；仅保留ID与基因关联	GCF049 GFF;B1;A0;KEGG afr;BioCyc GCF000021485
RU820_RS02855	AFE_0591	否					否	否			未核实化学计量和区室；仅保留ID与基因关联	GCF049 GFF;B1;A0;KEGG afr;BioCyc GCF000021485
RU820_RS02860	AFE_0592	否	HBPPT	HBPPT			是	否	2.5.1.39-RXN;4OHBENZOATE-OCTAPRENYLTRANSFER-RXN;RXN-11368;RXN-14291;RXN-9003;RXN-9222;RXN-9230	R05000;R05615	未核实化学计量和区室；仅保留ID与基因关联	GCF049 GFF;B1;A0;KEGG afr;BioCyc GCF000021485
RU820_RS02865	AFE_0593	否	CHRPL	CHRPL			是	否	CHORPYRLY-RXN	R01302	未核实化学计量和区室；仅保留ID与基因关联	GCF049 GFF;B1;A0;KEGG afr;BioCyc GCF000021485
RU820_RS02870	AFE_0594	否	PMEAS	PMEAS			是	否		R01320;R02056;R03424	未核实化学计量和区室；仅保留ID与基因关联	GCF049 GFF;B1;A0;KEGG afr;BioCyc GCF000021485
RU820_RS02875	AFE_0595	否					否	否			未核实化学计量和区室；仅保留ID与基因关联	GCF049 GFF;B1;A0;KEGG afr;BioCyc GCF000021485
RU820_RS02880	AFE_0596	否					否	否	RXN0-5063		未核实化学计量和区室；仅保留ID与基因关联	GCF049 GFF;B1;A0;KEGG afr;BioCyc GCF000021485
RU820_RS02885	AFE_0597	否					否	否			未核实化学计量和区室；仅保留ID与基因关联	GCF049 GFF;B1;A0;KEGG afr;BioCyc GCF000021485
RU820_RS02890	AFE_0598	否					否	否			未核实化学计量和区室；仅保留ID与基因关联	GCF049 GFF;B1;A0;KEGG afr;BioCyc GCF000021485
RU820_RS02895	AFE_0599	否					否	是			未核实化学计量和区室；仅保留ID与基因关联	GCF049 GFF;B1;A0;KEGG afr;BioCyc GCF000021485
RU820_RS02900	AFE_0601	否					否	是	RXN-17363;RXN-19774		未核实化学计量和区室；仅保留ID与基因关联	GCF049 GFF;B1;A0;KEGG afr;BioCyc GCF000021485
RU820_RS02905	AFE_0600	否					否	否	RXN0-3221		未核实化学计量和区室；仅保留ID与基因关联	GCF049 GFF;B1;A0;KEGG afr;BioCyc GCF000021485
RU820_RS02910	AFE_0602	否					否	是	ABC-63-RXN		未核实化学计量和区室；仅保留ID与基因关联	GCF049 GFF;B1;A0;KEGG afr;BioCyc GCF000021485
RU820_RS02915	AFE_0603	否					否	是			未核实化学计量和区室；仅保留ID与基因关联	GCF049 GFF;B1;A0;KEGG afr;BioCyc GCF000021485
RU820_RS02920	AFE_0604	否					否	是			未核实化学计量和区室；仅保留ID与基因关联	GCF049 GFF;B1;A0;KEGG afr;BioCyc GCF000021485
RU820_RS02925	AFE_0605	否					否	是			未核实化学计量和区室；仅保留ID与基因关联	GCF049 GFF;B1;A0;KEGG afr;BioCyc GCF000021485
RU820_RS02930	AFE_0606	否					否	否			未核实化学计量和区室；仅保留ID与基因关联	GCF049 GFF;B1;A0;KEGG afr;BioCyc GCF000021485
RU820_RS02935	AFE_0607	否					否	否			未核实化学计量和区室；仅保留ID与基因关联	GCF049 GFF;B1;A0;KEGG afr;BioCyc GCF000021485
RU820_RS02940	AFE_0609	否					否	是		R01385	未核实化学计量和区室；仅保留ID与基因关联	GCF049 GFF;B1;A0;KEGG afr;BioCyc GCF000021485
RU820_RS02945		否					否	否			未核实化学计量和区室；仅保留ID与基因关联	GCF049 GFF;B1;A0;KEGG afr;BioCyc GCF000021485
RU820_RS02950	AFE_0611	否					否	否			未核实化学计量和区室；仅保留ID与基因关联	GCF049 GFF;B1;A0;KEGG afr;BioCyc GCF000021485
RU820_RS02955	AFE_0612	否					否	否			未核实化学计量和区室；仅保留ID与基因关联	GCF049 GFF;B1;A0;KEGG afr;BioCyc GCF000021485
RU820_RS02960		否					否	否			未核实化学计量和区室；仅保留ID与基因关联	GCF049 GFF;B1;A0;KEGG afr;BioCyc GCF000021485
RU820_RS02965	AFE_0614	否					否	否			未核实化学计量和区室；仅保留ID与基因关联	GCF049 GFF;B1;A0;KEGG afr;BioCyc GCF000021485
RU820_RS02970	AFE_0615	否					否	否			未核实化学计量和区室；仅保留ID与基因关联	GCF049 GFF;B1;A0;KEGG afr;BioCyc GCF000021485
RU820_RS02975	AFE_0616	否					否	否			未核实化学计量和区室；仅保留ID与基因关联	GCF049 GFF;B1;A0;KEGG afr;BioCyc GCF000021485
RU820_RS02980	AFE_0617	否					否	是			未核实化学计量和区室；仅保留ID与基因关联	GCF049 GFF;B1;A0;KEGG afr;BioCyc GCF000021485
RU820_RS02985	AFE_0618	否					否	是		R00286	未核实化学计量和区室；仅保留ID与基因关联	GCF049 GFF;B1;A0;KEGG afr;BioCyc GCF000021485
RU820_RS02990	AFE_0619	否					否	否			未核实化学计量和区室；仅保留ID与基因关联	GCF049 GFF;B1;A0;KEGG afr;BioCyc GCF000021485
RU820_RS02995	AFE_0621	否	PGM1	PGM1			是	否			未核实化学计量和区室；仅保留ID与基因关联	GCF049 GFF;B1;A0;KEGG afr;BioCyc GCF000021485
RU820_RS03000	AFE_0620	否					否	否			未核实化学计量和区室；仅保留ID与基因关联	GCF049 GFF;B1;A0;KEGG afr;BioCyc GCF000021485
RU820_RS03005	AFE_0622	否					否	否			未核实化学计量和区室；仅保留ID与基因关联	GCF049 GFF;B1;A0;KEGG afr;BioCyc GCF000021485
RU820_RS03010	AFE_0623	否	OMBQM	OMBQM			是	否			未核实化学计量和区室；仅保留ID与基因关联	GCF049 GFF;B1;A0;KEGG afr;BioCyc GCF000021485
RU820_RS03015	AFE_0624	否	IPPMIa	IPPMIa			是	否	RXN-13163	R03896;R03898;R03968;R04001;R08620;R08624;R08628;R08634;R08641;R08645;R10170	未核实化学计量和区室；仅保留ID与基因关联	GCF049 GFF;B1;A0;KEGG afr;BioCyc GCF000021485
RU820_RS03020	AFE_0626	否	IPPMIa	IPPMIa			是	否	RXN-13163	R03896;R03898;R03968;R04001;R10170	未核实化学计量和区室；仅保留ID与基因关联	GCF049 GFF;B1;A0;KEGG afr;BioCyc GCF000021485
RU820_RS03025	AFE_0627	否					否	否			未核实化学计量和区室；仅保留ID与基因关联	GCF049 GFF;B1;A0;KEGG afr;BioCyc GCF000021485
RU820_RS03030	AFE_0628	否	PDX5PO;PYAM5PO	PDX5PO;PYAM5PO			是	否	PMPOXI-RXN;PNPOXI-RXN	R00277;R00278;R01710;R01711	未核实化学计量和区室；仅保留ID与基因关联	GCF049 GFF;B1;A0;KEGG afr;BioCyc GCF000021485
RU820_RS03035	AFE_0629	否	RPI	RPI			是	否	RIB5PISOM-RXN	R01056	未核实化学计量和区室；仅保留ID与基因关联	GCF049 GFF;B1;A0;KEGG afr;BioCyc GCF000021485
RU820_RS03040	AFE_0630	否					否	否			未核实化学计量和区室；仅保留ID与基因关联	GCF049 GFF;B1;A0;KEGG afr;BioCyc GCF000021485
RU820_RS03045	AFE_0631	否	CYTBO3	CYTBO3			是	否	RXN-6883;RXN0-5266;RXN0-5268	R11335;R13247	未核实化学计量和区室；仅保留ID与基因关联	GCF049 GFF;B1;A0;KEGG afr;BioCyc GCF000021485
RU820_RS03050	AFE_0632	否	CYTBO3	CYTBO3			是	否	CYTOCHROME-C-OXIDASE-RXN	R11335;R13247	未核实化学计量和区室；仅保留ID与基因关联	GCF049 GFF;B1;A0;KEGG afr;BioCyc GCF000021485
RU820_RS03055	AFE_0633	否	CYTBO3	CYTBO3			是	否	CYTOCHROME-C-OXIDASE-RXN		未核实化学计量和区室；仅保留ID与基因关联	GCF049 GFF;B1;A0;KEGG afr;BioCyc GCF000021485
RU820_RS03060	AFE_0634	否	CYTBO3	CYTBO3			是	否	RXN-17801;RXN-21817;RXN0-5268		未核实化学计量和区室；仅保留ID与基因关联	GCF049 GFF;B1;A0;KEGG afr;BioCyc GCF000021485
RU820_RS03065	AFE_0635;AFE_3143	是			PHFT	PHFT	歧义候选	待定	HEMEOSYN-RXN;RXN-20645	R07411	未核实化学计量和区室；仅保留ID与基因关联	GCF049 GFF;B1;A0;KEGG afr;BioCyc GCF000021485
RU820_RS03070	AFE_0637	否					否	是			未核实化学计量和区室；仅保留ID与基因关联	GCF049 GFF;B1;A0;KEGG afr;BioCyc GCF000021485
RU820_RS03075	AFE_0636	否	UDCPDP	UDCPDP			是	否	UNDECAPRENYL-DIPHOSPHATASE-RXN	R05627	未核实化学计量和区室；仅保留ID与基因关联	GCF049 GFF;B1;A0;KEGG afr;BioCyc GCF000021485
RU820_RS03080	AFE_0638	否					否	否			未核实化学计量和区室；仅保留ID与基因关联	GCF049 GFF;B1;A0;KEGG afr;BioCyc GCF000021485
RU820_RS03085	AFE_0639	否	CBPS	CBPS			是	否	CARBPSYN-RXN	R00256;R00575;R01395;R10948;R10949	未核实化学计量和区室；仅保留ID与基因关联	GCF049 GFF;B1;A0;KEGG afr;BioCyc GCF000021485
RU820_RS03090	AFE_0640	否	CBPS	CBPS			是	否	CARBPSYN-RXN	R00256;R00575;R01395;R10948;R10949	未核实化学计量和区室；仅保留ID与基因关联	GCF049 GFF;B1;A0;KEGG afr;BioCyc GCF000021485
RU820_RS03095	AFE_0641	否					否	否			未核实化学计量和区室；仅保留ID与基因关联	GCF049 GFF;B1;A0;KEGG afr;BioCyc GCF000021485
RU820_RS03100	AFE_0642	否					否	否			未核实化学计量和区室；仅保留ID与基因关联	GCF049 GFF;B1;A0;KEGG afr;BioCyc GCF000021485
RU820_RS03105	AFE_0643	否	TTMS	TTMS			是	否	THIAZOLSYN2-RXN	R10247	未核实化学计量和区室；仅保留ID与基因关联	GCF049 GFF;B1;A0;KEGG afr;BioCyc GCF000021485
RU820_RS03110	AFE_0644	否					否	否			未核实化学计量和区室；仅保留ID与基因关联	GCF049 GFF;B1;A0;KEGG afr;BioCyc GCF000021485
RU820_RS03115	AFE_0645	否					否	是	RXN0-2361;RXN0-7022		未核实化学计量和区室；仅保留ID与基因关联	GCF049 GFF;B1;A0;KEGG afr;BioCyc GCF000021485
RU820_RS03120	AFE_0647	否	OPHBDC	OPHBDC			是	否		R01238;R04985;R04986;R11225;R12895	未核实化学计量和区室；仅保留ID与基因关联	GCF049 GFF;B1;A0;KEGG afr;BioCyc GCF000021485
RU820_RS03125	AFE_0646	否					否	是			未核实化学计量和区室；仅保留ID与基因关联	GCF049 GFF;B1;A0;KEGG afr;BioCyc GCF000021485
RU820_RS03130	AFE_0648	否					否	是			未核实化学计量和区室；仅保留ID与基因关联	GCF049 GFF;B1;A0;KEGG afr;BioCyc GCF000021485
RU820_RS03135	AFE_0650	否					否	否			未核实化学计量和区室；仅保留ID与基因关联	GCF049 GFF;B1;A0;KEGG afr;BioCyc GCF000021485
RU820_RS03140	AFE_0649	否					否	否			未核实化学计量和区室；仅保留ID与基因关联	GCF049 GFF;B1;A0;KEGG afr;BioCyc GCF000021485
RU820_RS03145	AFE_0651	否					否	否			未核实化学计量和区室；仅保留ID与基因关联	GCF049 GFF;B1;A0;KEGG afr;BioCyc GCF000021485
RU820_RS03150	AFE_0652	否					否	否		R07459	未核实化学计量和区室；仅保留ID与基因关联	GCF049 GFF;B1;A0;KEGG afr;BioCyc GCF000021485
RU820_RS03155	AFE_0653	否					否	否	RXN-10643;RXN-10665;RXN-12722;RXN-12723;RXN-16055;RXN-19138		未核实化学计量和区室；仅保留ID与基因关联	GCF049 GFF;B1;A0;KEGG afr;BioCyc GCF000021485
RU820_RS03160	AFE_0654	否					否	是			未核实化学计量和区室；仅保留ID与基因关联	GCF049 GFF;B1;A0;KEGG afr;BioCyc GCF000021485
RU820_RS03165	AFE_0655	否					否	是			未核实化学计量和区室；仅保留ID与基因关联	GCF049 GFF;B1;A0;KEGG afr;BioCyc GCF000021485
RU820_RS03170		否					否	否			未核实化学计量和区室；仅保留ID与基因关联	GCF049 GFF;B1;A0;KEGG afr;BioCyc GCF000021485
RU820_RS03175	AFE_0657	否					否	否			未核实化学计量和区室；仅保留ID与基因关联	GCF049 GFF;B1;A0;KEGG afr;BioCyc GCF000021485
RU820_RS03180		否					否	否			未核实化学计量和区室；仅保留ID与基因关联	GCF049 GFF;B1;A0;KEGG afr;BioCyc GCF000021485
RU820_RS03185	AFE_0659	否					否	否			未核实化学计量和区室；仅保留ID与基因关联	GCF049 GFF;B1;A0;KEGG afr;BioCyc GCF000021485
RU820_RS03190	AFE_0660	否					否	是	1.1.1.39-RXN;MALATE-DEH-RXN	R00216	未核实化学计量和区室；仅保留ID与基因关联	GCF049 GFF;B1;A0;KEGG afr;BioCyc GCF000021485
RU820_RS03195	AFE_0661	否					否	是			未核实化学计量和区室；仅保留ID与基因关联	GCF049 GFF;B1;A0;KEGG afr;BioCyc GCF000021485
RU820_RS03200	AFE_0662	否	DHAD1;DHAD2	DHAD1;DHAD2			是	否	DIHYDROXYISOVALDEHYDRAT-RXN;DIHYDROXYMETVALDEHYDRAT-RXN	R01209;R04441;R05070	未核实化学计量和区室；仅保留ID与基因关联	GCF049 GFF;B1;A0;KEGG afr;BioCyc GCF000021485
RU820_RS03205	AFE_0663	否					否	否			未核实化学计量和区室；仅保留ID与基因关联	GCF049 GFF;B1;A0;KEGG afr;BioCyc GCF000021485
RU820_RS03210	AFE_0664	否	ACGS;GLAT	ACGS;GLAT			是	否	N-ACETYLTRANSFER-RXN;RXN0-6948	R00259	未核实化学计量和区室；仅保留ID与基因关联	GCF049 GFF;B1;A0;KEGG afr;BioCyc GCF000021485
RU820_RS03215	AFE_0665	否					否	否			未核实化学计量和区室；仅保留ID与基因关联	GCF049 GFF;B1;A0;KEGG afr;BioCyc GCF000021485
RU820_RS03220	AFE_0666	否					否	否			未核实化学计量和区室；仅保留ID与基因关联	GCF049 GFF;B1;A0;KEGG afr;BioCyc GCF000021485
RU820_RS03225	AFE_0667	否					否	否			未核实化学计量和区室；仅保留ID与基因关联	GCF049 GFF;B1;A0;KEGG afr;BioCyc GCF000021485
RU820_RS03230	AFE_0668	否					否	否			未核实化学计量和区室；仅保留ID与基因关联	GCF049 GFF;B1;A0;KEGG afr;BioCyc GCF000021485
RU820_RS03235	AFE_0669	否					否	是	MYO-INOSITOL-1OR-4-MONOPHOSPHATASE-RXN;RXN-7253;RXN0-5408	R01185;R01186;R01187	未核实化学计量和区室；仅保留ID与基因关联	GCF049 GFF;B1;A0;KEGG afr;BioCyc GCF000021485
RU820_RS03240	AFE_0670	否					否	否			未核实化学计量和区室；仅保留ID与基因关联	GCF049 GFF;B1;A0;KEGG afr;BioCyc GCF000021485
RU820_RS03245		否					否	否			未核实化学计量和区室；仅保留ID与基因关联	GCF049 GFF;B1;A0;KEGG afr;BioCyc GCF000021485
RU820_RS03250	AFE_0672	否					否	否			未核实化学计量和区室；仅保留ID与基因关联	GCF049 GFF;B1;A0;KEGG afr;BioCyc GCF000021485
RU820_RS03255	AFE_0673	否	CYSDSS	CYSDSS			是	否	RXN-12588;RXN-14384;RXN-14385;RXN-14386;RXN-15881;RXN-20037;RXN-21560;RXN-21566;RXN-9787	R07460;R11528;R11529	未核实化学计量和区室；仅保留ID与基因关联	GCF049 GFF;B1;A0;KEGG afr;BioCyc GCF000021485
RU820_RS03260	AFE_0674	否	CYSDSS	CYSDSS			是	否	RXN-14381		未核实化学计量和区室；仅保留ID与基因关联	GCF049 GFF;B1;A0;KEGG afr;BioCyc GCF000021485
RU820_RS03265	AFE_0675	否					否	否			未核实化学计量和区室；仅保留ID与基因关联	GCF049 GFF;B1;A0;KEGG afr;BioCyc GCF000021485
RU820_RS03270	AFE_0676	否					否	否			未核实化学计量和区室；仅保留ID与基因关联	GCF049 GFF;B1;A0;KEGG afr;BioCyc GCF000021485
RU820_RS03275	AFE_0677	否					否	否	RXN-14389;RXN-14390;RXN-14391		未核实化学计量和区室；仅保留ID与基因关联	GCF049 GFF;B1;A0;KEGG afr;BioCyc GCF000021485
RU820_RS03280	AFE_0678	否					否	是		R13327	未核实化学计量和区室；仅保留ID与基因关联	GCF049 GFF;B1;A0;KEGG afr;BioCyc GCF000021485
RU820_RS03285	AFE_0679	否					否	否			未核实化学计量和区室；仅保留ID与基因关联	GCF049 GFF;B1;A0;KEGG afr;BioCyc GCF000021485
RU820_RS03290	AFE_0680	否					否	否	RXN-16820;RXN-18693;RXN0-2023	R08700	未核实化学计量和区室；仅保留ID与基因关联	GCF049 GFF;B1;A0;KEGG afr;BioCyc GCF000021485
RU820_RS03295	AFE_0681	否					否	否			未核实化学计量和区室；仅保留ID与基因关联	GCF049 GFF;B1;A0;KEGG afr;BioCyc GCF000021485
RU820_RS03300	AFE_0682	否					否	否			未核实化学计量和区室；仅保留ID与基因关联	GCF049 GFF;B1;A0;KEGG afr;BioCyc GCF000021485
RU820_RS03305	AFE_0683	否					否	否			未核实化学计量和区室；仅保留ID与基因关联	GCF049 GFF;B1;A0;KEGG afr;BioCyc GCF000021485
RU820_RS03310	AFE_0684	否					否	否			未核实化学计量和区室；仅保留ID与基因关联	GCF049 GFF;B1;A0;KEGG afr;BioCyc GCF000021485
RU820_RS03315	AFE_0685	否					否	否			未核实化学计量和区室；仅保留ID与基因关联	GCF049 GFF;B1;A0;KEGG afr;BioCyc GCF000021485
RU820_RS03320	AFE_0686	否					否	否			未核实化学计量和区室；仅保留ID与基因关联	GCF049 GFF;B1;A0;KEGG afr;BioCyc GCF000021485
RU820_RS03325	AFE_0687	否					否	否			未核实化学计量和区室；仅保留ID与基因关联	GCF049 GFF;B1;A0;KEGG afr;BioCyc GCF000021485
RU820_RS03335	AFE_0690	否					否	否			未核实化学计量和区室；仅保留ID与基因关联	GCF049 GFF;B1;A0;KEGG afr;BioCyc GCF000021485
RU820_RS03340	AFE_0691	否					否	否			未核实化学计量和区室；仅保留ID与基因关联	GCF049 GFF;B1;A0;KEGG afr;BioCyc GCF000021485
RU820_RS03345	AFE_0692	否	FDH	FDH			是	否			未核实化学计量和区室；仅保留ID与基因关联	GCF049 GFF;B1;A0;KEGG afr;BioCyc GCF000021485
RU820_RS03350	AFE_0693	否					否	否			未核实化学计量和区室；仅保留ID与基因关联	GCF049 GFF;B1;A0;KEGG afr;BioCyc GCF000021485
RU820_RS03355	AFE_0696	否					否	是	RXN-2961	R06982	未核实化学计量和区室；仅保留ID与基因关联	GCF049 GFF;B1;A0;KEGG afr;BioCyc GCF000021485
RU820_RS03360	AFE_0697	否					否	是	RXN-17884;RXN-2962	R00623;R00754;R02124;R04880;R05233;R05234;R06917;R06927;R06983;R07105;R08281;R08306;R08310	未核实化学计量和区室；仅保留ID与基因关联	GCF049 GFF;B1;A0;KEGG afr;BioCyc GCF000021485
RU820_RS03365	AFE_0698	否					否	是	S-FORMYLGLUTATHIONE-HYDROLASE-RXN	R00527	未核实化学计量和区室；仅保留ID与基因关联	GCF049 GFF;B1;A0;KEGG afr;BioCyc GCF000021485
RU820_RS03370	AFE_0699	否					否	否			未核实化学计量和区室；仅保留ID与基因关联	GCF049 GFF;B1;A0;KEGG afr;BioCyc GCF000021485
RU820_RS03375	AFE_0700	否					否	否			未核实化学计量和区室；仅保留ID与基因关联	GCF049 GFF;B1;A0;KEGG afr;BioCyc GCF000021485
RU820_RS03380	AFE_0701	否					否	是		R08034	未核实化学计量和区室；仅保留ID与基因关联	GCF049 GFF;B1;A0;KEGG afr;BioCyc GCF000021485
RU820_RS03385	AFE_0702	否					否	是	RXN0-5256	R08034	未核实化学计量和区室；仅保留ID与基因关联	GCF049 GFF;B1;A0;KEGG afr;BioCyc GCF000021485
RU820_RS03390	AFE_0703	否					否	否			未核实化学计量和区室；仅保留ID与基因关联	GCF049 GFF;B1;A0;KEGG afr;BioCyc GCF000021485
RU820_RS03395		否					否	否			未核实化学计量和区室；仅保留ID与基因关联	GCF049 GFF;B1;A0;KEGG afr;BioCyc GCF000021485
RU820_RS03400	AFE_0705	否					否	否			未核实化学计量和区室；仅保留ID与基因关联	GCF049 GFF;B1;A0;KEGG afr;BioCyc GCF000021485
RU820_RS03405	AFE_0706	否					否	否			未核实化学计量和区室；仅保留ID与基因关联	GCF049 GFF;B1;A0;KEGG afr;BioCyc GCF000021485
RU820_RS03410	AFE_0707	否					否	否			未核实化学计量和区室；仅保留ID与基因关联	GCF049 GFF;B1;A0;KEGG afr;BioCyc GCF000021485
RU820_RS03415	AFE_0708	否					否	否			未核实化学计量和区室；仅保留ID与基因关联	GCF049 GFF;B1;A0;KEGG afr;BioCyc GCF000021485
RU820_RS03420	AFE_0709	否					否	否			未核实化学计量和区室；仅保留ID与基因关联	GCF049 GFF;B1;A0;KEGG afr;BioCyc GCF000021485
RU820_RS03425	AFE_0710	否					否	否			未核实化学计量和区室；仅保留ID与基因关联	GCF049 GFF;B1;A0;KEGG afr;BioCyc GCF000021485
RU820_RS03430	AFE_0711	否					否	否			未核实化学计量和区室；仅保留ID与基因关联	GCF049 GFF;B1;A0;KEGG afr;BioCyc GCF000021485
RU820_RS03435	AFE_0712	否					否	否			未核实化学计量和区室；仅保留ID与基因关联	GCF049 GFF;B1;A0;KEGG afr;BioCyc GCF000021485
RU820_RS03440	AFE_0713	否					否	否			未核实化学计量和区室；仅保留ID与基因关联	GCF049 GFF;B1;A0;KEGG afr;BioCyc GCF000021485
RU820_RS03445	AFE_0714	否	S7PI	S7PI			是	否		R05645;R09768;R09769	未核实化学计量和区室；仅保留ID与基因关联	GCF049 GFF;B1;A0;KEGG afr;BioCyc GCF000021485
RU820_RS03450	AFE_0715	否					否	否			未核实化学计量和区室；仅保留ID与基因关联	GCF049 GFF;B1;A0;KEGG afr;BioCyc GCF000021485
RU820_RS03455	AFE_0716	否					否	否			未核实化学计量和区室；仅保留ID与基因关联	GCF049 GFF;B1;A0;KEGG afr;BioCyc GCF000021485
RU820_RS03460	AFE_0717	否					否	否			未核实化学计量和区室；仅保留ID与基因关联	GCF049 GFF;B1;A0;KEGG afr;BioCyc GCF000021485
RU820_RS03465	AFE_0718	否					否	否			未核实化学计量和区室；仅保留ID与基因关联	GCF049 GFF;B1;A0;KEGG afr;BioCyc GCF000021485
RU820_RS03470	AFE_0719	否					否	是			未核实化学计量和区室；仅保留ID与基因关联	GCF049 GFF;B1;A0;KEGG afr;BioCyc GCF000021485
RU820_RS03475	AFE_0720	否					否	是		R13034	未核实化学计量和区室；仅保留ID与基因关联	GCF049 GFF;B1;A0;KEGG afr;BioCyc GCF000021485
RU820_RS03480	AFE_0721	否					否	否			未核实化学计量和区室；仅保留ID与基因关联	GCF049 GFF;B1;A0;KEGG afr;BioCyc GCF000021485
RU820_RS03485	AFE_0722	否	THRD_L	THRD_L			是	否	THREDEHYD-RXN	R00220;R00996	未核实化学计量和区室；仅保留ID与基因关联	GCF049 GFF;B1;A0;KEGG afr;BioCyc GCF000021485
RU820_RS03490	AFE_0723	否					否	否			未核实化学计量和区室；仅保留ID与基因关联	GCF049 GFF;B1;A0;KEGG afr;BioCyc GCF000021485
RU820_RS03495	AFE_0724	否					否	否			未核实化学计量和区室；仅保留ID与基因关联	GCF049 GFF;B1;A0;KEGG afr;BioCyc GCF000021485
RU820_RS03500	AFE_0725	否					否	否			未核实化学计量和区室；仅保留ID与基因关联	GCF049 GFF;B1;A0;KEGG afr;BioCyc GCF000021485
RU820_RS03505	AFE_0726	否					否	是		R11801	未核实化学计量和区室；仅保留ID与基因关联	GCF049 GFF;B1;A0;KEGG afr;BioCyc GCF000021485
RU820_RS03510	AFE_0727	否	G3PAT2	G3PAT2			是	否	1-ACYLGLYCEROL-3-P-ACYLTRANSFER-RXN;RXN-1623		未核实化学计量和区室；仅保留ID与基因关联	GCF049 GFF;B1;A0;KEGG afr;BioCyc GCF000021485
RU820_RS03515	AFE_0728	否	UPPDC1	UPPDC1			是	否	RXN-10642;UROGENDECARBOX-RXN	R03197;R04972	未核实化学计量和区室；仅保留ID与基因关联	GCF049 GFF;B1;A0;KEGG afr;BioCyc GCF000021485
RU820_RS03520	AFE_0729	否	GLUSy	GLUSy			是	否		R00114;R00248	未核实化学计量和区室；仅保留ID与基因关联	GCF049 GFF;B1;A0;KEGG afr;BioCyc GCF000021485
RU820_RS03525	AFE_0730	否	GLUSy	GLUSy			是	否	GLUTAMATESYN-RXN	R00114;R00248	未核实化学计量和区室；仅保留ID与基因关联	GCF049 GFF;B1;A0;KEGG afr;BioCyc GCF000021485
RU820_RS03530	AFE_0731	否	NTPTP1	NTPTP1			是	否	DGTPTRIPHYDRO-RXN	R01856	未核实化学计量和区室；仅保留ID与基因关联	GCF049 GFF;B1;A0;KEGG afr;BioCyc GCF000021485
RU820_RS03535	AFE_0732	否	TTSF	TTSF			是	否	RXN-8850	R06613	未核实化学计量和区室；仅保留ID与基因关联	GCF049 GFF;B1;A0;KEGG afr;BioCyc GCF000021485
RU820_RS03540	AFE_0733	否	DHQS	DHQS			是	否	3-DEHYDROQUINATE-SYNTHASE-RXN	R03083	未核实化学计量和区室；仅保留ID与基因关联	GCF049 GFF;B1;A0;KEGG afr;BioCyc GCF000021485
RU820_RS03545		否					否	否			未核实化学计量和区室；仅保留ID与基因关联	GCF049 GFF;B1;A0;KEGG afr;BioCyc GCF000021485
RU820_RS03550	AFE_0735	否					否	否			未核实化学计量和区室；仅保留ID与基因关联	GCF049 GFF;B1;A0;KEGG afr;BioCyc GCF000021485
RU820_RS03555	AFE_0736	否					否	否			未核实化学计量和区室；仅保留ID与基因关联	GCF049 GFF;B1;A0;KEGG afr;BioCyc GCF000021485
RU820_RS03560	AFE_0737	否					否	否			未核实化学计量和区室；仅保留ID与基因关联	GCF049 GFF;B1;A0;KEGG afr;BioCyc GCF000021485
RU820_RS03565	AFE_0738	否					否	否			未核实化学计量和区室；仅保留ID与基因关联	GCF049 GFF;B1;A0;KEGG afr;BioCyc GCF000021485
RU820_RS03570	AFE_0739	否					否	否			未核实化学计量和区室；仅保留ID与基因关联	GCF049 GFF;B1;A0;KEGG afr;BioCyc GCF000021485
RU820_RS03575		否					否	否			未核实化学计量和区室；仅保留ID与基因关联	GCF049 GFF;B1;A0;KEGG afr;BioCyc GCF000021485
RU820_RS03580	AFE_0742	否					否	是	RXN-12610;RXN-12611;THI-P-SYN-RXN		未核实化学计量和区室；仅保留ID与基因关联	GCF049 GFF;B1;A0;KEGG afr;BioCyc GCF000021485
RU820_RS03585	AFE_0743	否					否	否			未核实化学计量和区室；仅保留ID与基因关联	GCF049 GFF;B1;A0;KEGG afr;BioCyc GCF000021485
RU820_RS03590	AFE_0744	否					否	否			未核实化学计量和区室；仅保留ID与基因关联	GCF049 GFF;B1;A0;KEGG afr;BioCyc GCF000021485
RU820_RS03595	AFE_0745	否	ACHBS;ACLS	ACHBS;ACLS			是	否	ACETOLACTSYN-RXN;ACETOOHBUTSYN-RXN	R00006;R00014;R00226;R03050;R04672;R04673;R08648	未核实化学计量和区室；仅保留ID与基因关联	GCF049 GFF;B1;A0;KEGG afr;BioCyc GCF000021485
RU820_RS03600		否					否	否			未核实化学计量和区室；仅保留ID与基因关联	GCF049 GFF;B1;A0;KEGG afr;BioCyc GCF000021485
RU820_RS03605	AFE_0747	否	KARA1;KARA2	KARA1;KARA2			是	否	ACETOLACTREDUCTOISOM-RXN;ACETOOHBUTREDUCTOISOM-RXN	R03051;R04439;R04440;R05068;R05069;R05071	未核实化学计量和区室；仅保留ID与基因关联	GCF049 GFF;B1;A0;KEGG afr;BioCyc GCF000021485
RU820_RS03610	AFE_0748	否					否	是	PHOSPHASERDECARB-RXN	R02055	未核实化学计量和区室；仅保留ID与基因关联	GCF049 GFF;B1;A0;KEGG afr;BioCyc GCF000021485
RU820_RS03615	AFE_0750	否					否	是	PHOSPHASERSYN-RXN	R01800	未核实化学计量和区室；仅保留ID与基因关联	GCF049 GFF;B1;A0;KEGG afr;BioCyc GCF000021485
RU820_RS03620	AFE_0749	否	PYK	PYK			是	否	PEPDEPHOS-RXN;RXN-14117;RXN-14192;RXN-14207	R00200;R00430;R01138;R01858;R02320	未核实化学计量和区室；仅保留ID与基因关联	GCF049 GFF;B1;A0;KEGG afr;BioCyc GCF000021485
RU820_RS03625	AFE_0751	否					否	否			未核实化学计量和区室；仅保留ID与基因关联	GCF049 GFF;B1;A0;KEGG afr;BioCyc GCF000021485
RU820_RS03630	AFE_0752	否					否	是	RXN0-4022	R07605	未核实化学计量和区室；仅保留ID与基因关联	GCF049 GFF;B1;A0;KEGG afr;BioCyc GCF000021485
RU820_RS03635	AFE_0753	否					否	否			未核实化学计量和区室；仅保留ID与基因关联	GCF049 GFF;B1;A0;KEGG afr;BioCyc GCF000021485
RU820_RS03640	AFE_0755	否					否	否			未核实化学计量和区室；仅保留ID与基因关联	GCF049 GFF;B1;A0;KEGG afr;BioCyc GCF000021485
RU820_RS03645	AFE_0756	否					否	是		R03013	未核实化学计量和区室；仅保留ID与基因关联	GCF049 GFF;B1;A0;KEGG afr;BioCyc GCF000021485
RU820_RS03650	AFE_0757	否					否	否	DNA-LIGASE-NAD+-RXN	R00382	未核实化学计量和区室；仅保留ID与基因关联	GCF049 GFF;B1;A0;KEGG afr;BioCyc GCF000021485
RU820_RS03655	AFE_0758	否					否	是	ATPSYN-RXN		未核实化学计量和区室；仅保留ID与基因关联	GCF049 GFF;B1;A0;KEGG afr;BioCyc GCF000021485
RU820_RS03660	AFE_0759	否					否	否			未核实化学计量和区室；仅保留ID与基因关联	GCF049 GFF;B1;A0;KEGG afr;BioCyc GCF000021485
RU820_RS03665	AFE_0760	否					否	否			未核实化学计量和区室；仅保留ID与基因关联	GCF049 GFF;B1;A0;KEGG afr;BioCyc GCF000021485
RU820_RS03670	AFE_0761	否					否	否			未核实化学计量和区室；仅保留ID与基因关联	GCF049 GFF;B1;A0;KEGG afr;BioCyc GCF000021485
RU820_RS03675	AFE_0763	否					否	否			未核实化学计量和区室；仅保留ID与基因关联	GCF049 GFF;B1;A0;KEGG afr;BioCyc GCF000021485
RU820_RS03680	AFE_0764	否					否	否			未核实化学计量和区室；仅保留ID与基因关联	GCF049 GFF;B1;A0;KEGG afr;BioCyc GCF000021485
RU820_RS03685	AFE_0765	否					否	否			未核实化学计量和区室；仅保留ID与基因关联	GCF049 GFF;B1;A0;KEGG afr;BioCyc GCF000021485
RU820_RS03690	AFE_0768	否					否	否			未核实化学计量和区室；仅保留ID与基因关联	GCF049 GFF;B1;A0;KEGG afr;BioCyc GCF000021485
RU820_RS03695	AFE_0769	否					否	否			未核实化学计量和区室；仅保留ID与基因关联	GCF049 GFF;B1;A0;KEGG afr;BioCyc GCF000021485
RU820_RS03700	AFE_0770	否					否	否			未核实化学计量和区室；仅保留ID与基因关联	GCF049 GFF;B1;A0;KEGG afr;BioCyc GCF000021485
RU820_RS03705	AFE_0771	否					否	是			未核实化学计量和区室；仅保留ID与基因关联	GCF049 GFF;B1;A0;KEGG afr;BioCyc GCF000021485
RU820_RS03710	AFE_0772	否	GUAD;XAND	GUAD;XAND			是	否		R01676	未核实化学计量和区室；仅保留ID与基因关联	GCF049 GFF;B1;A0;KEGG afr;BioCyc GCF000021485
RU820_RS03715	AFE_0773	否	ADA;DADA	ADA;DADA			是	否	ADDALT-RXN;ADENODEAMIN-RXN	R01244	未核实化学计量和区室；仅保留ID与基因关联	GCF049 GFF;B1;A0;KEGG afr;BioCyc GCF000021485
RU820_RS03720		否					否	是			未核实化学计量和区室；仅保留ID与基因关联	GCF049 GFF;B1;A0;KEGG afr;BioCyc GCF000021485
RU820_RS03725	AFE_0775	否	HXAND;XAND	HXAND;XAND			是	否			未核实化学计量和区室；仅保留ID与基因关联	GCF049 GFF;B1;A0;KEGG afr;BioCyc GCF000021485
RU820_RS03730	AFE_0776	否	HXAND;XAND	HXAND;XAND			是	否		R11168	未核实化学计量和区室；仅保留ID与基因关联	GCF049 GFF;B1;A0;KEGG afr;BioCyc GCF000021485
RU820_RS03735	AFE_0777	否	HXAND;XAND	HXAND;XAND			是	否			未核实化学计量和区室；仅保留ID与基因关联	GCF049 GFF;B1;A0;KEGG afr;BioCyc GCF000021485
RU820_RS03740	AFE_0778	否					否	否	UREIDOGLYCOLATE-LYASE-RXN		未核实化学计量和区室；仅保留ID与基因关联	GCF049 GFF;B1;A0;KEGG afr;BioCyc GCF000021485
RU820_RS03745	AFE_0779	否					否	是		R12332	未核实化学计量和区室；仅保留ID与基因关联	GCF049 GFF;B1;A0;KEGG afr;BioCyc GCF000021485
RU820_RS03750	AFE_0780	否	HXAND;XAND	HXAND;XAND			是	否			未核实化学计量和区室；仅保留ID与基因关联	GCF049 GFF;B1;A0;KEGG afr;BioCyc GCF000021485
RU820_RS03755	AFE_0781	否					否	否			未核实化学计量和区室；仅保留ID与基因关联	GCF049 GFF;B1;A0;KEGG afr;BioCyc GCF000021485
RU820_RS03760	AFE_0782	否					否	是		R12333	未核实化学计量和区室；仅保留ID与基因关联	GCF049 GFF;B1;A0;KEGG afr;BioCyc GCF000021485
RU820_RS03765	AFE_0783	否					否	否			未核实化学计量和区室；仅保留ID与基因关联	GCF049 GFF;B1;A0;KEGG afr;BioCyc GCF000021485
RU820_RS03770	AFE_0784	否					否	否			未核实化学计量和区室；仅保留ID与基因关联	GCF049 GFF;B1;A0;KEGG afr;BioCyc GCF000021485
RU820_RS03775	AFE_0785	否					否	是	GAMMA-GLUTAMYLTRANSFERASE-RXN;RXN-18092;RXN-6601;RXN-9157;RXN66-336	R11617	未核实化学计量和区室；仅保留ID与基因关联	GCF049 GFF;B1;A0;KEGG afr;BioCyc GCF000021485
RU820_RS03780	AFE_0786	否					否	是		R11816;R11817	未核实化学计量和区室；仅保留ID与基因关联	GCF049 GFF;B1;A0;KEGG afr;BioCyc GCF000021485
RU820_RS03785		否					否	否			未核实化学计量和区室；仅保留ID与基因关联	GCF049 GFF;B1;A0;KEGG afr;BioCyc GCF000021485
RU820_RS03790	AFE_0788	否					否	是	RXN-10842		未核实化学计量和区室；仅保留ID与基因关联	GCF049 GFF;B1;A0;KEGG afr;BioCyc GCF000021485
RU820_RS03795	AFE_0789	否					否	是		R01302;R10597	未核实化学计量和区室；仅保留ID与基因关联	GCF049 GFF;B1;A0;KEGG afr;BioCyc GCF000021485
RU820_RS03800	AFE_0790	否					否	是	1-ACYLGLYCEROL-3-P-ACYLTRANSFER-RXN;RXN-1623		未核实化学计量和区室；仅保留ID与基因关联	GCF049 GFF;B1;A0;KEGG afr;BioCyc GCF000021485
RU820_RS03805	AFE_0792	否					否	否			未核实化学计量和区室；仅保留ID与基因关联	GCF049 GFF;B1;A0;KEGG afr;BioCyc GCF000021485
RU820_RS03810	AFE_0791	否					否	是			未核实化学计量和区室；仅保留ID与基因关联	GCF049 GFF;B1;A0;KEGG afr;BioCyc GCF000021485
RU820_RS03815	AFE_0793	否					否	是	3-OXOACYL-ACP-REDUCT-RXN;RXN-11476;RXN-11480;RXN-16630;RXN-9514;RXN-9518;RXN-9524;RXN-9528;RXN-9532;RXN-9536;RXN-9540;RXN-9633	R02767;R04533;R04534;R04536;R04543;R04566;R04953;R04964;R07763;R10116;R10120;R11671	未核实化学计量和区室；仅保留ID与基因关联	GCF049 GFF;B1;A0;KEGG afr;BioCyc GCF000021485
RU820_RS03820	AFE_0794	否					否	否			未核实化学计量和区室；仅保留ID与基因关联	GCF049 GFF;B1;A0;KEGG afr;BioCyc GCF000021485
RU820_RS03825	AFE_0795	否					否	否			未核实化学计量和区室；仅保留ID与基因关联	GCF049 GFF;B1;A0;KEGG afr;BioCyc GCF000021485
RU820_RS03830		否					否	否			未核实化学计量和区室；仅保留ID与基因关联	GCF049 GFF;B1;A0;KEGG afr;BioCyc GCF000021485
RU820_RS03835	AFE_0550;AFE_1110;AFE_1142;AFE_1265;AFE_2432;AFE_2709;AFE_2972;AFE_3263	是			PGDH	PGDH	歧义候选	待定			未核实化学计量和区室；仅保留ID与基因关联	GCF049 GFF;B1;A0;KEGG afr;BioCyc GCF000021485
RU820_RS03840		否					否	否			未核实化学计量和区室；仅保留ID与基因关联	GCF049 GFF;B1;A0;KEGG afr;BioCyc GCF000021485
RU820_RS03845	AFE_0797	否					否	是		R12049	未核实化学计量和区室；仅保留ID与基因关联	GCF049 GFF;B1;A0;KEGG afr;BioCyc GCF000021485
RU820_RS03850	AFE_0798	否					否	是			未核实化学计量和区室；仅保留ID与基因关联	GCF049 GFF;B1;A0;KEGG afr;BioCyc GCF000021485
RU820_RS03855	AFE_0799	否					否	否			未核实化学计量和区室；仅保留ID与基因关联	GCF049 GFF;B1;A0;KEGG afr;BioCyc GCF000021485
RU820_RS03860	AFE_0800	否					否	是	RXN-16380;RXN-16393;RXN-7904;RXN-9623		未核实化学计量和区室；仅保留ID与基因关联	GCF049 GFF;B1;A0;KEGG afr;BioCyc GCF000021485
RU820_RS03865		否					否	否			未核实化学计量和区室；仅保留ID与基因关联	GCF049 GFF;B1;A0;KEGG afr;BioCyc GCF000021485
RU820_RS03870	AFE_0802	否					否	否			未核实化学计量和区室；仅保留ID与基因关联	GCF049 GFF;B1;A0;KEGG afr;BioCyc GCF000021485
RU820_RS03875	AFE_0803	否					否	否			未核实化学计量和区室；仅保留ID与基因关联	GCF049 GFF;B1;A0;KEGG afr;BioCyc GCF000021485
RU820_RS03880	AFE_0804	否					否	否			未核实化学计量和区室；仅保留ID与基因关联	GCF049 GFF;B1;A0;KEGG afr;BioCyc GCF000021485
RU820_RS03885	AFE_0805	否					否	否			未核实化学计量和区室；仅保留ID与基因关联	GCF049 GFF;B1;A0;KEGG afr;BioCyc GCF000021485
RU820_RS03890	AFE_0806	否					否	是		R02170	未核实化学计量和区室；仅保留ID与基因关联	GCF049 GFF;B1;A0;KEGG afr;BioCyc GCF000021485
RU820_RS03895	AFE_0808	否					否	是		R01768;R02103	未核实化学计量和区室；仅保留ID与基因关联	GCF049 GFF;B1;A0;KEGG afr;BioCyc GCF000021485
RU820_RS03900	AFE_0809	否					否	否			未核实化学计量和区室；仅保留ID与基因关联	GCF049 GFF;B1;A0;KEGG afr;BioCyc GCF000021485
RU820_RS03905	AFE_0810	否					否	是		R01768;R02103	未核实化学计量和区室；仅保留ID与基因关联	GCF049 GFF;B1;A0;KEGG afr;BioCyc GCF000021485
RU820_RS03910	AFE_0813	否					否	是			未核实化学计量和区室；仅保留ID与基因关联	GCF049 GFF;B1;A0;KEGG afr;BioCyc GCF000021485
RU820_RS03915	AFE_0814	否					否	否	TRANS-RXN2G89-2		未核实化学计量和区室；仅保留ID与基因关联	GCF049 GFF;B1;A0;KEGG afr;BioCyc GCF000021485
RU820_RS03920	AFE_0815	否					否	否	TRANS-RXN2G89-2		未核实化学计量和区室；仅保留ID与基因关联	GCF049 GFF;B1;A0;KEGG afr;BioCyc GCF000021485
RU820_RS03925	AFE_0817	否					否	否			未核实化学计量和区室；仅保留ID与基因关联	GCF049 GFF;B1;A0;KEGG afr;BioCyc GCF000021485
RU820_RS03930	AFE_0816	否					否	否			未核实化学计量和区室；仅保留ID与基因关联	GCF049 GFF;B1;A0;KEGG afr;BioCyc GCF000021485
RU820_RS03935	AFE_0818	否					否	是	3.6.3.6-RXN		未核实化学计量和区室；仅保留ID与基因关联	GCF049 GFF;B1;A0;KEGG afr;BioCyc GCF000021485
RU820_RS03940		否					否	否			未核实化学计量和区室；仅保留ID与基因关联	GCF049 GFF;B1;A0;KEGG afr;BioCyc GCF000021485
RU820_RS03950	AFE_0821	否					否	否			未核实化学计量和区室；仅保留ID与基因关联	GCF049 GFF;B1;A0;KEGG afr;BioCyc GCF000021485
RU820_RS03955	AFE_0822	否					否	否			未核实化学计量和区室；仅保留ID与基因关联	GCF049 GFF;B1;A0;KEGG afr;BioCyc GCF000021485
RU820_RS03960		否					否	否			未核实化学计量和区室；仅保留ID与基因关联	GCF049 GFF;B1;A0;KEGG afr;BioCyc GCF000021485
RU820_RS03965	AFE_0826	否					否	否			未核实化学计量和区室；仅保留ID与基因关联	GCF049 GFF;B1;A0;KEGG afr;BioCyc GCF000021485
RU820_RS03970	AFE_0827	否					否	否			未核实化学计量和区室；仅保留ID与基因关联	GCF049 GFF;B1;A0;KEGG afr;BioCyc GCF000021485
RU820_RS03975	AFE_0828	否					否	否			未核实化学计量和区室；仅保留ID与基因关联	GCF049 GFF;B1;A0;KEGG afr;BioCyc GCF000021485
RU820_RS03980	AFE_0829	否					否	否			未核实化学计量和区室；仅保留ID与基因关联	GCF049 GFF;B1;A0;KEGG afr;BioCyc GCF000021485
RU820_RS03985	AFE_0505;AFE_0831	是					否	待定			未核实化学计量和区室；仅保留ID与基因关联	GCF049 GFF;B1;A0;KEGG afr;BioCyc GCF000021485
RU820_RS03995	AFE_0509;AFE_0833;AFE_2399	是					否	待定			未核实化学计量和区室；仅保留ID与基因关联	GCF049 GFF;B1;A0;KEGG afr;BioCyc GCF000021485
RU820_RS04000	AFE_0508;AFE_0834;AFE_2398	是					否	待定			未核实化学计量和区室；仅保留ID与基因关联	GCF049 GFF;B1;A0;KEGG afr;BioCyc GCF000021485
RU820_RS04005	AFE_0507;AFE_0835;AFE_2397	是					否	待定			未核实化学计量和区室；仅保留ID与基因关联	GCF049 GFF;B1;A0;KEGG afr;BioCyc GCF000021485
RU820_RS04015	AFE_0511;AFE_0837	是					否	待定			未核实化学计量和区室；仅保留ID与基因关联	GCF049 GFF;B1;A0;KEGG afr;BioCyc GCF000021485
RU820_RS04020	AFE_0512;AFE_0838	是					否	待定			未核实化学计量和区室；仅保留ID与基因关联	GCF049 GFF;B1;A0;KEGG afr;BioCyc GCF000021485
RU820_RS04025	AFE_0840	否					否	否			未核实化学计量和区室；仅保留ID与基因关联	GCF049 GFF;B1;A0;KEGG afr;BioCyc GCF000021485
RU820_RS04030	AFE_0841	否					否	否	3.1.21.3-RXN		未核实化学计量和区室；仅保留ID与基因关联	GCF049 GFF;B1;A0;KEGG afr;BioCyc GCF000021485
RU820_RS04035	AFE_0842	否					否	否			未核实化学计量和区室；仅保留ID与基因关联	GCF049 GFF;B1;A0;KEGG afr;BioCyc GCF000021485
RU820_RS04040		否					否	否			未核实化学计量和区室；仅保留ID与基因关联	GCF049 GFF;B1;A0;KEGG afr;BioCyc GCF000021485
RU820_RS04045	AFE_0845	否					否	否	RXN0-2621		未核实化学计量和区室；仅保留ID与基因关联	GCF049 GFF;B1;A0;KEGG afr;BioCyc GCF000021485
RU820_RS04050	AFE_0846	否					否	是		R00746;R01041	未核实化学计量和区室；仅保留ID与基因关联	GCF049 GFF;B1;A0;KEGG afr;BioCyc GCF000021485
RU820_RS04055	AFE_0847	否	CTPS2	CTPS2			是	否	CTPSYN-RXN	R00571;R00573	未核实化学计量和区室；仅保留ID与基因关联	GCF049 GFF;B1;A0;KEGG afr;BioCyc GCF000021485
RU820_RS04060	AFE_0848	否	KDOPS	KDOPS			是	否	KDO-8PSYNTH-RXN	R03254	未核实化学计量和区室；仅保留ID与基因关联	GCF049 GFF;B1;A0;KEGG afr;BioCyc GCF000021485
RU820_RS04065	AFE_0849	否	ENO	ENO			是	否	2PGADEHYDRAT-RXN	R00658	未核实化学计量和区室；仅保留ID与基因关联	GCF049 GFF;B1;A0;KEGG afr;BioCyc GCF000021485
RU820_RS04070	AFE_0850	否					否	否			未核实化学计量和区室；仅保留ID与基因关联	GCF049 GFF;B1;A0;KEGG afr;BioCyc GCF000021485
RU820_RS04075	AFE_0851	否					否	否			未核实化学计量和区室；仅保留ID与基因关联	GCF049 GFF;B1;A0;KEGG afr;BioCyc GCF000021485
RU820_RS04080	AFE_0852	否					否	否			未核实化学计量和区室；仅保留ID与基因关联	GCF049 GFF;B1;A0;KEGG afr;BioCyc GCF000021485
RU820_RS04085	AFE_0853	否					否	否	RXN0-2621		未核实化学计量和区室；仅保留ID与基因关联	GCF049 GFF;B1;A0;KEGG afr;BioCyc GCF000021485
RU820_RS04090	AFE_0854	否	PGSA	PGSA			是	否	PHOSPHAGLYPSYN-RXN	R01801	未核实化学计量和区室；仅保留ID与基因关联	GCF049 GFF;B1;A0;KEGG afr;BioCyc GCF000021485
RU820_RS04095		否					否	否			未核实化学计量和区室；仅保留ID与基因关联	GCF049 GFF;B1;A0;KEGG afr;BioCyc GCF000021485
RU820_RS04100		否					否	否			未核实化学计量和区室；仅保留ID与基因关联	GCF049 GFF;B1;A0;KEGG afr;BioCyc GCF000021485
RU820_RS04105	AFE_0857	否					否	否			未核实化学计量和区室；仅保留ID与基因关联	GCF049 GFF;B1;A0;KEGG afr;BioCyc GCF000021485
RU820_RS04110	AFE_0858	否					否	否			未核实化学计量和区室；仅保留ID与基因关联	GCF049 GFF;B1;A0;KEGG afr;BioCyc GCF000021485
RU820_RS04115	AFE_0859	否					否	是		R02000;R06782;R06783;R13327	未核实化学计量和区室；仅保留ID与基因关联	GCF049 GFF;B1;A0;KEGG afr;BioCyc GCF000021485
RU820_RS04120	AFE_0550;AFE_1110;AFE_1142;AFE_1265;AFE_2432;AFE_2709;AFE_2972;AFE_3263	是			PGDH	PGDH	歧义候选	待定			未核实化学计量和区室；仅保留ID与基因关联	GCF049 GFF;B1;A0;KEGG afr;BioCyc GCF000021485
RU820_RS04125	AFE_0860	否					否	是		R03391;R03392	未核实化学计量和区室；仅保留ID与基因关联	GCF049 GFF;B1;A0;KEGG afr;BioCyc GCF000021485
RU820_RS04130	AFE_0861	否					否	否			未核实化学计量和区室；仅保留ID与基因关联	GCF049 GFF;B1;A0;KEGG afr;BioCyc GCF000021485
RU820_RS04135	AFE_0862	否					否	否			未核实化学计量和区室；仅保留ID与基因关联	GCF049 GFF;B1;A0;KEGG afr;BioCyc GCF000021485
RU820_RS04140	AFE_0863	否					否	是			未核实化学计量和区室；仅保留ID与基因关联	GCF049 GFF;B1;A0;KEGG afr;BioCyc GCF000021485
RU820_RS04145	AFE_0864	否					否	是			未核实化学计量和区室；仅保留ID与基因关联	GCF049 GFF;B1;A0;KEGG afr;BioCyc GCF000021485
RU820_RS04150	AFE_0866	否					否	否			未核实化学计量和区室；仅保留ID与基因关联	GCF049 GFF;B1;A0;KEGG afr;BioCyc GCF000021485
RU820_RS04155	AFE_0865	否					否	否			未核实化学计量和区室；仅保留ID与基因关联	GCF049 GFF;B1;A0;KEGG afr;BioCyc GCF000021485
RU820_RS04160	AFE_0867	否					否	否			未核实化学计量和区室；仅保留ID与基因关联	GCF049 GFF;B1;A0;KEGG afr;BioCyc GCF000021485
RU820_RS04165		否					否	否			未核实化学计量和区室；仅保留ID与基因关联	GCF049 GFF;B1;A0;KEGG afr;BioCyc GCF000021485
RU820_RS04170		否					否	否			未核实化学计量和区室；仅保留ID与基因关联	GCF049 GFF;B1;A0;KEGG afr;BioCyc GCF000021485
RU820_RS04175	AFE_0869	否					否	否			未核实化学计量和区室；仅保留ID与基因关联	GCF049 GFF;B1;A0;KEGG afr;BioCyc GCF000021485
RU820_RS04180	AFE_0870	否					否	否			未核实化学计量和区室；仅保留ID与基因关联	GCF049 GFF;B1;A0;KEGG afr;BioCyc GCF000021485
RU820_RS04185	AFE_0871	否					否	否			未核实化学计量和区室；仅保留ID与基因关联	GCF049 GFF;B1;A0;KEGG afr;BioCyc GCF000021485
RU820_RS04190	AFE_0872	否					否	否	3.4.21.53-RXN		未核实化学计量和区室；仅保留ID与基因关联	GCF049 GFF;B1;A0;KEGG afr;BioCyc GCF000021485
RU820_RS04195	AFE_0873	否					否	否			未核实化学计量和区室；仅保留ID与基因关联	GCF049 GFF;B1;A0;KEGG afr;BioCyc GCF000021485
RU820_RS04200		否					否	否			未核实化学计量和区室；仅保留ID与基因关联	GCF049 GFF;B1;A0;KEGG afr;BioCyc GCF000021485
RU820_RS04210	AFE_0875	否					否	否			未核实化学计量和区室；仅保留ID与基因关联	GCF049 GFF;B1;A0;KEGG afr;BioCyc GCF000021485
RU820_RS04215	AFE_0876	否					否	否			未核实化学计量和区室；仅保留ID与基因关联	GCF049 GFF;B1;A0;KEGG afr;BioCyc GCF000021485
RU820_RS04220	AFE_0877	否					否	否			未核实化学计量和区室；仅保留ID与基因关联	GCF049 GFF;B1;A0;KEGG afr;BioCyc GCF000021485
RU820_RS04225	AFE_0878	否					否	否			未核实化学计量和区室；仅保留ID与基因关联	GCF049 GFF;B1;A0;KEGG afr;BioCyc GCF000021485
RU820_RS04230		否					否	否			未核实化学计量和区室；仅保留ID与基因关联	GCF049 GFF;B1;A0;KEGG afr;BioCyc GCF000021485
RU820_RS04235	AFE_0879	否					否	否			未核实化学计量和区室；仅保留ID与基因关联	GCF049 GFF;B1;A0;KEGG afr;BioCyc GCF000021485
RU820_RS04240		否					否	否			未核实化学计量和区室；仅保留ID与基因关联	GCF049 GFF;B1;A0;KEGG afr;BioCyc GCF000021485
RU820_RS04245	AFE_0880	否					否	否			未核实化学计量和区室；仅保留ID与基因关联	GCF049 GFF;B1;A0;KEGG afr;BioCyc GCF000021485
RU820_RS04250	AFE_0881	否					否	否			未核实化学计量和区室；仅保留ID与基因关联	GCF049 GFF;B1;A0;KEGG afr;BioCyc GCF000021485
RU820_RS04255	AFE_0882	否					否	否			未核实化学计量和区室；仅保留ID与基因关联	GCF049 GFF;B1;A0;KEGG afr;BioCyc GCF000021485
RU820_RS04260	AFE_0883	否					否	否			未核实化学计量和区室；仅保留ID与基因关联	GCF049 GFF;B1;A0;KEGG afr;BioCyc GCF000021485
RU820_RS04265	AFE_0884	否					否	否			未核实化学计量和区室；仅保留ID与基因关联	GCF049 GFF;B1;A0;KEGG afr;BioCyc GCF000021485
RU820_RS04270	AFE_0886	否					否	否			未核实化学计量和区室；仅保留ID与基因关联	GCF049 GFF;B1;A0;KEGG afr;BioCyc GCF000021485
RU820_RS04275	AFE_0888	否					否	否			未核实化学计量和区室；仅保留ID与基因关联	GCF049 GFF;B1;A0;KEGG afr;BioCyc GCF000021485
RU820_RS04280	AFE_0889	否					否	否			未核实化学计量和区室；仅保留ID与基因关联	GCF049 GFF;B1;A0;KEGG afr;BioCyc GCF000021485
RU820_RS04285	AFE_0890	否					否	否			未核实化学计量和区室；仅保留ID与基因关联	GCF049 GFF;B1;A0;KEGG afr;BioCyc GCF000021485
RU820_RS04290		否					否	否			未核实化学计量和区室；仅保留ID与基因关联	GCF049 GFF;B1;A0;KEGG afr;BioCyc GCF000021485
RU820_RS04295	AFE_0892	否					否	否			未核实化学计量和区室；仅保留ID与基因关联	GCF049 GFF;B1;A0;KEGG afr;BioCyc GCF000021485
RU820_RS04300	AFE_0893	否	MTROI	MTROI			是	否	5.3.1.23-RXN;RXN-21315	R04420	未核实化学计量和区室；仅保留ID与基因关联	GCF049 GFF;B1;A0;KEGG afr;BioCyc GCF000021485
RU820_RS04305	AFE_0894	否					否	否	5.99.1.3-RXN		未核实化学计量和区室；仅保留ID与基因关联	GCF049 GFF;B1;A0;KEGG afr;BioCyc GCF000021485
RU820_RS04310	AFE_0895	否	OHPBAT;PSERT	OHPBAT;PSERT			是	否	PSERTRANSAM-RXN;PSERTRANSAMPYR-RXN	R04173;R05085	未核实化学计量和区室；仅保留ID与基因关联	GCF049 GFF;B1;A0;KEGG afr;BioCyc GCF000021485
RU820_RS04315	AFE_0896	否	PERD;PGCD	PERD;PGCD			是	否	ERYTHRON4PDEHYDROG-RXN;PGLYCDEHYDROG-RXN;RXN-22623	R01513	未核实化学计量和区室；仅保留ID与基因关联	GCF049 GFF;B1;A0;KEGG afr;BioCyc GCF000021485
RU820_RS04320	AFE_0897	否	CHORM;PPNDH	CHORM;PPNDH			是	否	CHORISMATEMUT-RXN;PREPHENATEDEHYDRAT-RXN	R00691;R01373;R01715	未核实化学计量和区室；仅保留ID与基因关联	GCF049 GFF;B1;A0;KEGG afr;BioCyc GCF000021485
RU820_RS04325	AFE_0898	否	HSTPT	HSTPT			是	否	HISTAMINOTRANS-RXN	R00694;R00734;R03243	未核实化学计量和区室；仅保留ID与基因关联	GCF049 GFF;B1;A0;KEGG afr;BioCyc GCF000021485
RU820_RS04330	AFE_0899	否	DDPA	DDPA			是	否	DAHPSYN-RXN	R01826	未核实化学计量和区室；仅保留ID与基因关联	GCF049 GFF;B1;A0;KEGG afr;BioCyc GCF000021485
RU820_RS04335	AFE_0900	否	PPND	PPND			是	否		R01728	未核实化学计量和区室；仅保留ID与基因关联	GCF049 GFF;B1;A0;KEGG afr;BioCyc GCF000021485
RU820_RS04340	AFE_0901	否	PSCVT	PSCVT			是	否	2.5.1.19-RXN	R03460	未核实化学计量和区室；仅保留ID与基因关联	GCF049 GFF;B1;A0;KEGG afr;BioCyc GCF000021485
RU820_RS04345	AFE_0902	否	CYTK1;CYTK2	CYTK1;CYTK2			是	否	RXN-11832;RXN-7913	R00512;R01665	未核实化学计量和区室；仅保留ID与基因关联	GCF049 GFF;B1;A0;KEGG afr;BioCyc GCF000021485
RU820_RS04350	AFE_0903	否					否	否			未核实化学计量和区室；仅保留ID与基因关联	GCF049 GFF;B1;A0;KEGG afr;BioCyc GCF000021485
RU820_RS04355	AFE_0905	否					否	否			未核实化学计量和区室；仅保留ID与基因关联	GCF049 GFF;B1;A0;KEGG afr;BioCyc GCF000021485
RU820_RS04360	AFE_0906	否					否	否			未核实化学计量和区室；仅保留ID与基因关联	GCF049 GFF;B1;A0;KEGG afr;BioCyc GCF000021485
RU820_RS04365	AFE_0907	否	OMPDC	OMPDC			是	否	OROTPDECARB-RXN	R00965	未核实化学计量和区室；仅保留ID与基因关联	GCF049 GFF;B1;A0;KEGG afr;BioCyc GCF000021485
RU820_RS04370	AFE_0908	否	ORPT	ORPT			是	否	OROPRIBTRANS-RXN	R01870	未核实化学计量和区室；仅保留ID与基因关联	GCF049 GFF;B1;A0;KEGG afr;BioCyc GCF000021485
RU820_RS04375	AFE_0909	否					否	否	PEPTIDYLPROLYL-ISOMERASE-RXN		未核实化学计量和区室；仅保留ID与基因关联	GCF049 GFF;B1;A0;KEGG afr;BioCyc GCF000021485
RU820_RS04380	AFE_0910	否					否	否	3.4.21.92-RXN		未核实化学计量和区室；仅保留ID与基因关联	GCF049 GFF;B1;A0;KEGG afr;BioCyc GCF000021485
RU820_RS04385	AFE_0911	否					否	否	3.4.21.92-RXN		未核实化学计量和区室；仅保留ID与基因关联	GCF049 GFF;B1;A0;KEGG afr;BioCyc GCF000021485
RU820_RS04390		否					否	否			未核实化学计量和区室；仅保留ID与基因关联	GCF049 GFF;B1;A0;KEGG afr;BioCyc GCF000021485
RU820_RS04395	AFE_0914	否					否	否			未核实化学计量和区室；仅保留ID与基因关联	GCF049 GFF;B1;A0;KEGG afr;BioCyc GCF000021485
RU820_RS04400		否					否	否			未核实化学计量和区室；仅保留ID与基因关联	GCF049 GFF;B1;A0;KEGG afr;BioCyc GCF000021485
RU820_RS04405		否					否	否			未核实化学计量和区室；仅保留ID与基因关联	GCF049 GFF;B1;A0;KEGG afr;BioCyc GCF000021485
RU820_RS04415	AFE_0918	否					否	否			未核实化学计量和区室；仅保留ID与基因关联	GCF049 GFF;B1;A0;KEGG afr;BioCyc GCF000021485
RU820_RS04420	AFE_0919	否					否	否			未核实化学计量和区室；仅保留ID与基因关联	GCF049 GFF;B1;A0;KEGG afr;BioCyc GCF000021485
RU820_RS04425	AFE_0920	否	CU2tpp;MN2tpp;MNTH;ZN2tpp	CU2tpp;MN2tpp;MNTH;ZN2tpp			是	否			未核实化学计量和区室；仅保留ID与基因关联	GCF049 GFF;B1;A0;KEGG afr;BioCyc GCF000021485
RU820_RS04430	AFE_0921	否					否	否			未核实化学计量和区室；仅保留ID与基因关联	GCF049 GFF;B1;A0;KEGG afr;BioCyc GCF000021485
RU820_RS04435	AFE_0922	否					否	是			未核实化学计量和区室；仅保留ID与基因关联	GCF049 GFF;B1;A0;KEGG afr;BioCyc GCF000021485
RU820_RS04440	AFE_0923	否					否	否			未核实化学计量和区室；仅保留ID与基因关联	GCF049 GFF;B1;A0;KEGG afr;BioCyc GCF000021485
RU820_RS04445	AFE_0924	否					否	否	RXN0-7378;RXN0-801;URITRANS-RXN		未核实化学计量和区室；仅保留ID与基因关联	GCF049 GFF;B1;A0;KEGG afr;BioCyc GCF000021485
RU820_RS04450	AFE_0925	否					否	否	3.4.11.18-RXN;RXN-17873;RXN-17874;RXN-17875;RXN-17876;RXN-17877;RXN-17878		未核实化学计量和区室；仅保留ID与基因关联	GCF049 GFF;B1;A0;KEGG afr;BioCyc GCF000021485
RU820_RS04455	AFE_0926	否					否	否	3.1.21.1-RXN		未核实化学计量和区室；仅保留ID与基因关联	GCF049 GFF;B1;A0;KEGG afr;BioCyc GCF000021485
RU820_RS04460	AFE_0927	否	GLUTRS	GLUTRS			是	否	RXN0-5422		未核实化学计量和区室；仅保留ID与基因关联	GCF049 GFF;B1;A0;KEGG afr;BioCyc GCF000021485
RU820_RS04465	AFE_0928	否	TMPK	TMPK			是	否	THI-P-KIN-RXN	R00617	未核实化学计量和区室；仅保留ID与基因关联	GCF049 GFF;B1;A0;KEGG afr;BioCyc GCF000021485
RU820_RS04470	AFE_0929	否	PGPP120	PGPP120			是	否	PGPPHOSPHA-RXN;RXN-13313	R02029	未核实化学计量和区室；仅保留ID与基因关联	GCF049 GFF;B1;A0;KEGG afr;BioCyc GCF000021485
RU820_RS04475	AFE_0930	否					否	是		R02322	未核实化学计量和区室；仅保留ID与基因关联	GCF049 GFF;B1;A0;KEGG afr;BioCyc GCF000021485
RU820_RS04480	AFE_0932	否					否	否	RXN0-5100		未核实化学计量和区室；仅保留ID与基因关联	GCF049 GFF;B1;A0;KEGG afr;BioCyc GCF000021485
RU820_RS04485	AFE_0933	否					否	否			未核实化学计量和区室；仅保留ID与基因关联	GCF049 GFF;B1;A0;KEGG afr;BioCyc GCF000021485
RU820_RS04490	AFE_0934	否					否	否	ALANINE--TRNA-LIGASE-RXN	R03038	未核实化学计量和区室；仅保留ID与基因关联	GCF049 GFF;B1;A0;KEGG afr;BioCyc GCF000021485
RU820_RS04495	AFE_0935	否					否	否			未核实化学计量和区室；仅保留ID与基因关联	GCF049 GFF;B1;A0;KEGG afr;BioCyc GCF000021485
RU820_RS04500	AFE_0936	否					否	否			未核实化学计量和区室；仅保留ID与基因关联	GCF049 GFF;B1;A0;KEGG afr;BioCyc GCF000021485
RU820_RS04505	AFE_0937	否	HYD3pp	HYD3pp			是	否	RXN0-5256		未核实化学计量和区室；仅保留ID与基因关联	GCF049 GFF;B1;A0;KEGG afr;BioCyc GCF000021485
RU820_RS04510	AFE_0938	否	HYD3pp	HYD3pp			是	否	H2SOXIREDPYRO-RXN;RXN-8269		未核实化学计量和区室；仅保留ID与基因关联	GCF049 GFF;B1;A0;KEGG afr;BioCyc GCF000021485
RU820_RS04515	AFE_0939	否	HYD3pp	HYD3pp			是	否			未核实化学计量和区室；仅保留ID与基因关联	GCF049 GFF;B1;A0;KEGG afr;BioCyc GCF000021485
RU820_RS04520	AFE_0940	否	HYD3pp	HYD3pp			是	否			未核实化学计量和区室；仅保留ID与基因关联	GCF049 GFF;B1;A0;KEGG afr;BioCyc GCF000021485
RU820_RS04525		否					否	否			未核实化学计量和区室；仅保留ID与基因关联	GCF049 GFF;B1;A0;KEGG afr;BioCyc GCF000021485
RU820_RS04530	AFE_0942	否					否	否			未核实化学计量和区室；仅保留ID与基因关联	GCF049 GFF;B1;A0;KEGG afr;BioCyc GCF000021485
RU820_RS04535	AFE_0943	否	PMANM	PMANM			是	否	PHOSMANMUT-RXN	R01818	未核实化学计量和区室；仅保留ID与基因关联	GCF049 GFF;B1;A0;KEGG afr;BioCyc GCF000021485
RU820_RS04540	AFE_0944	否					否	否			未核实化学计量和区室；仅保留ID与基因关联	GCF049 GFF;B1;A0;KEGG afr;BioCyc GCF000021485
RU820_RS04545	AFE_0945	否					否	否			未核实化学计量和区室；仅保留ID与基因关联	GCF049 GFF;B1;A0;KEGG afr;BioCyc GCF000021485
RU820_RS04550		否					否	否			未核实化学计量和区室；仅保留ID与基因关联	GCF049 GFF;B1;A0;KEGG afr;BioCyc GCF000021485
RU820_RS04555	AFE_0949	否					否	否			未核实化学计量和区室；仅保留ID与基因关联	GCF049 GFF;B1;A0;KEGG afr;BioCyc GCF000021485
RU820_RS04560	AFE_0950	否					否	否			未核实化学计量和区室；仅保留ID与基因关联	GCF049 GFF;B1;A0;KEGG afr;BioCyc GCF000021485
RU820_RS04565	AFE_0951	否					否	是	RXN-1241		未核实化学计量和区室；仅保留ID与基因关联	GCF049 GFF;B1;A0;KEGG afr;BioCyc GCF000021485
RU820_RS04570	AFE_0953	否					否	否			未核实化学计量和区室；仅保留ID与基因关联	GCF049 GFF;B1;A0;KEGG afr;BioCyc GCF000021485
RU820_RS04575	AFE_0954	否	CYTBD	CYTBD			是	否	RXN-6883;RXN0-5266	R11325	未核实化学计量和区室；仅保留ID与基因关联	GCF049 GFF;B1;A0;KEGG afr;BioCyc GCF000021485
RU820_RS04580	AFE_0955	否	CYTBD	CYTBD			是	否	RXN0-5266;RXN0-5268	R11325	未核实化学计量和区室；仅保留ID与基因关联	GCF049 GFF;B1;A0;KEGG afr;BioCyc GCF000021485
RU820_RS04585	AFE_0956	否					否	否			未核实化学计量和区室；仅保留ID与基因关联	GCF049 GFF;B1;A0;KEGG afr;BioCyc GCF000021485
RU820_RS04590	AFE_0957	否					否	否			未核实化学计量和区室；仅保留ID与基因关联	GCF049 GFF;B1;A0;KEGG afr;BioCyc GCF000021485
RU820_RS04595	AFE_0959	否					否	否			未核实化学计量和区室；仅保留ID与基因关联	GCF049 GFF;B1;A0;KEGG afr;BioCyc GCF000021485
RU820_RS04600	AFE_0958	否					否	是		R00209;R01210;R01221;R01651;R01698;R01933;R03171;R03815;R07618;R08549	未核实化学计量和区室；仅保留ID与基因关联	GCF049 GFF;B1;A0;KEGG afr;BioCyc GCF000021485
RU820_RS04605	AFE_0960	否					否	否			未核实化学计量和区室；仅保留ID与基因关联	GCF049 GFF;B1;A0;KEGG afr;BioCyc GCF000021485
RU820_RS04610	AFE_0961	否					否	否			未核实化学计量和区室；仅保留ID与基因关联	GCF049 GFF;B1;A0;KEGG afr;BioCyc GCF000021485
RU820_RS04615	AFE_0962	否					否	否			未核实化学计量和区室；仅保留ID与基因关联	GCF049 GFF;B1;A0;KEGG afr;BioCyc GCF000021485
RU820_RS04620	AFE_0963	否					否	否			未核实化学计量和区室；仅保留ID与基因关联	GCF049 GFF;B1;A0;KEGG afr;BioCyc GCF000021485
RU820_RS04625	AFE_0964	否					否	否			未核实化学计量和区室；仅保留ID与基因关联	GCF049 GFF;B1;A0;KEGG afr;BioCyc GCF000021485
RU820_RS04630		否					否	否			未核实化学计量和区室；仅保留ID与基因关联	GCF049 GFF;B1;A0;KEGG afr;BioCyc GCF000021485
RU820_RS04635	AFE_0966	否					否	否			未核实化学计量和区室；仅保留ID与基因关联	GCF049 GFF;B1;A0;KEGG afr;BioCyc GCF000021485
RU820_RS04640	AFE_0967	否					否	否			未核实化学计量和区室；仅保留ID与基因关联	GCF049 GFF;B1;A0;KEGG afr;BioCyc GCF000021485
RU820_RS04645	AFE_0968	否					否	否			未核实化学计量和区室；仅保留ID与基因关联	GCF049 GFF;B1;A0;KEGG afr;BioCyc GCF000021485
RU820_RS04650	AFE_0969	否					否	否			未核实化学计量和区室；仅保留ID与基因关联	GCF049 GFF;B1;A0;KEGG afr;BioCyc GCF000021485
RU820_RS04655	AFE_0970	否					否	否			未核实化学计量和区室；仅保留ID与基因关联	GCF049 GFF;B1;A0;KEGG afr;BioCyc GCF000021485
RU820_RS04660	AFE_0971	否					否	否			未核实化学计量和区室；仅保留ID与基因关联	GCF049 GFF;B1;A0;KEGG afr;BioCyc GCF000021485
RU820_RS04665	AFE_0972	否					否	否			未核实化学计量和区室；仅保留ID与基因关联	GCF049 GFF;B1;A0;KEGG afr;BioCyc GCF000021485
RU820_RS04670	AFE_0973	否					否	否			未核实化学计量和区室；仅保留ID与基因关联	GCF049 GFF;B1;A0;KEGG afr;BioCyc GCF000021485
RU820_RS04675	AFE_0975	否					否	否			未核实化学计量和区室；仅保留ID与基因关联	GCF049 GFF;B1;A0;KEGG afr;BioCyc GCF000021485
RU820_RS04680	AFE_0976	否					否	是	RXN-8342	R09395	未核实化学计量和区室；仅保留ID与基因关联	GCF049 GFF;B1;A0;KEGG afr;BioCyc GCF000021485
RU820_RS04685	AFE_0977	否					否	否			未核实化学计量和区室；仅保留ID与基因关联	GCF049 GFF;B1;A0;KEGG afr;BioCyc GCF000021485
RU820_RS04690	AFE_0978	否					否	否			未核实化学计量和区室；仅保留ID与基因关联	GCF049 GFF;B1;A0;KEGG afr;BioCyc GCF000021485
RU820_RS04695	AFE_0979	否					否	是	GCVMULTI-RXN;GCVT-RXN	R01221;R02300;R04125	未核实化学计量和区室；仅保留ID与基因关联	GCF049 GFF;B1;A0;KEGG afr;BioCyc GCF000021485
RU820_RS04700	AFE_0980	否					否	是	GCVMULTI-RXN	R01221	未核实化学计量和区室；仅保留ID与基因关联	GCF049 GFF;B1;A0;KEGG afr;BioCyc GCF000021485
RU820_RS04705	AFE_0981	否					否	是	GCVP-RXN	R01221;R03425	未核实化学计量和区室；仅保留ID与基因关联	GCF049 GFF;B1;A0;KEGG afr;BioCyc GCF000021485
RU820_RS04710	AFE_0982	否					否	是	GCVP-RXN	R01221;R03425	未核实化学计量和区室；仅保留ID与基因关联	GCF049 GFF;B1;A0;KEGG afr;BioCyc GCF000021485
RU820_RS04715	AFE_0983	否					否	是			未核实化学计量和区室；仅保留ID与基因关联	GCF049 GFF;B1;A0;KEGG afr;BioCyc GCF000021485
RU820_RS04720	AFE_0984	否					否	否			未核实化学计量和区室；仅保留ID与基因关联	GCF049 GFF;B1;A0;KEGG afr;BioCyc GCF000021485
RU820_RS04725	AFE_0985	否					否	否			未核实化学计量和区室；仅保留ID与基因关联	GCF049 GFF;B1;A0;KEGG afr;BioCyc GCF000021485
RU820_RS04730	AFE_0986	否					否	否			未核实化学计量和区室；仅保留ID与基因关联	GCF049 GFF;B1;A0;KEGG afr;BioCyc GCF000021485
RU820_RS04735	AFE_0987	否					否	否		R00188;R11188	未核实化学计量和区室；仅保留ID与基因关联	GCF049 GFF;B1;A0;KEGG afr;BioCyc GCF000021485
RU820_RS04740	AFE_0988	否					否	是			未核实化学计量和区室；仅保留ID与基因关联	GCF049 GFF;B1;A0;KEGG afr;BioCyc GCF000021485
RU820_RS04745		否					否	否			未核实化学计量和区室；仅保留ID与基因关联	GCF049 GFF;B1;A0;KEGG afr;BioCyc GCF000021485
RU820_RS04750	AFE_0990	否					否	否			未核实化学计量和区室；仅保留ID与基因关联	GCF049 GFF;B1;A0;KEGG afr;BioCyc GCF000021485
RU820_RS04755	AFE_0991	否					否	否	RXN-11588		未核实化学计量和区室；仅保留ID与基因关联	GCF049 GFF;B1;A0;KEGG afr;BioCyc GCF000021485
RU820_RS04760	AFE_0992	否					否	否			未核实化学计量和区室；仅保留ID与基因关联	GCF049 GFF;B1;A0;KEGG afr;BioCyc GCF000021485
RU820_RS04765	AFE_0993	否					否	是		R10205	未核实化学计量和区室；仅保留ID与基因关联	GCF049 GFF;B1;A0;KEGG afr;BioCyc GCF000021485
RU820_RS04770		否					否	否			未核实化学计量和区室；仅保留ID与基因关联	GCF049 GFF;B1;A0;KEGG afr;BioCyc GCF000021485
RU820_RS04775	AFE_0995	否					否	否			未核实化学计量和区室；仅保留ID与基因关联	GCF049 GFF;B1;A0;KEGG afr;BioCyc GCF000021485
RU820_RS04780	AFE_0996	否					否	否			未核实化学计量和区室；仅保留ID与基因关联	GCF049 GFF;B1;A0;KEGG afr;BioCyc GCF000021485
RU820_RS04785	AFE_0997	否					否	否			未核实化学计量和区室；仅保留ID与基因关联	GCF049 GFF;B1;A0;KEGG afr;BioCyc GCF000021485
RU820_RS04790	AFE_0998	否					否	否			未核实化学计量和区室；仅保留ID与基因关联	GCF049 GFF;B1;A0;KEGG afr;BioCyc GCF000021485
RU820_RS04795	AFE_0999	否					否	否			未核实化学计量和区室；仅保留ID与基因关联	GCF049 GFF;B1;A0;KEGG afr;BioCyc GCF000021485
RU820_RS04800		否					否	否			未核实化学计量和区室；仅保留ID与基因关联	GCF049 GFF;B1;A0;KEGG afr;BioCyc GCF000021485
RU820_RS04805	AFE_1000	否					否	否			未核实化学计量和区室；仅保留ID与基因关联	GCF049 GFF;B1;A0;KEGG afr;BioCyc GCF000021485
RU820_RS04810	AFE_1001	否					否	否			未核实化学计量和区室；仅保留ID与基因关联	GCF049 GFF;B1;A0;KEGG afr;BioCyc GCF000021485
RU820_RS04815	AFE_1002	否					否	否			未核实化学计量和区室；仅保留ID与基因关联	GCF049 GFF;B1;A0;KEGG afr;BioCyc GCF000021485
RU820_RS04820	AFE_1003	否					否	否			未核实化学计量和区室；仅保留ID与基因关联	GCF049 GFF;B1;A0;KEGG afr;BioCyc GCF000021485
RU820_RS04825	AFE_1004	否					否	否			未核实化学计量和区室；仅保留ID与基因关联	GCF049 GFF;B1;A0;KEGG afr;BioCyc GCF000021485
RU820_RS04830	AFE_1005	否					否	否			未核实化学计量和区室；仅保留ID与基因关联	GCF049 GFF;B1;A0;KEGG afr;BioCyc GCF000021485
RU820_RS04835	AFE_1006	否					否	否			未核实化学计量和区室；仅保留ID与基因关联	GCF049 GFF;B1;A0;KEGG afr;BioCyc GCF000021485
RU820_RS04840	AFE_1007	否					否	否			未核实化学计量和区室；仅保留ID与基因关联	GCF049 GFF;B1;A0;KEGG afr;BioCyc GCF000021485
RU820_RS04845	AFE_1008	否					否	否			未核实化学计量和区室；仅保留ID与基因关联	GCF049 GFF;B1;A0;KEGG afr;BioCyc GCF000021485
RU820_RS04850	AFE_1010	否					否	否			未核实化学计量和区室；仅保留ID与基因关联	GCF049 GFF;B1;A0;KEGG afr;BioCyc GCF000021485
RU820_RS04855	AFE_1012	否					否	否			未核实化学计量和区室；仅保留ID与基因关联	GCF049 GFF;B1;A0;KEGG afr;BioCyc GCF000021485
RU820_RS04860	AFE_1013	否					否	否	5.99.1.2-RXN		未核实化学计量和区室；仅保留ID与基因关联	GCF049 GFF;B1;A0;KEGG afr;BioCyc GCF000021485
RU820_RS04865	AFE_1014	否					否	否			未核实化学计量和区室；仅保留ID与基因关联	GCF049 GFF;B1;A0;KEGG afr;BioCyc GCF000021485
RU820_RS04870	AFE_1015	否					否	否			未核实化学计量和区室；仅保留ID与基因关联	GCF049 GFF;B1;A0;KEGG afr;BioCyc GCF000021485
RU820_RS04875	AFE_1016	否					否	否			未核实化学计量和区室；仅保留ID与基因关联	GCF049 GFF;B1;A0;KEGG afr;BioCyc GCF000021485
RU820_RS04880	AFE_1017	否					否	否			未核实化学计量和区室；仅保留ID与基因关联	GCF049 GFF;B1;A0;KEGG afr;BioCyc GCF000021485
RU820_RS04885	AFE_1018	否					否	否			未核实化学计量和区室；仅保留ID与基因关联	GCF049 GFF;B1;A0;KEGG afr;BioCyc GCF000021485
RU820_RS04890		否					否	否			未核实化学计量和区室；仅保留ID与基因关联	GCF049 GFF;B1;A0;KEGG afr;BioCyc GCF000021485
RU820_RS04895	AFE_1020	否					否	否			未核实化学计量和区室；仅保留ID与基因关联	GCF049 GFF;B1;A0;KEGG afr;BioCyc GCF000021485
RU820_RS04900	AFE_1021	否					否	否			未核实化学计量和区室；仅保留ID与基因关联	GCF049 GFF;B1;A0;KEGG afr;BioCyc GCF000021485
RU820_RS04905	AFE_1022	否					否	否			未核实化学计量和区室；仅保留ID与基因关联	GCF049 GFF;B1;A0;KEGG afr;BioCyc GCF000021485
RU820_RS04910	AFE_1023	否					否	否			未核实化学计量和区室；仅保留ID与基因关联	GCF049 GFF;B1;A0;KEGG afr;BioCyc GCF000021485
RU820_RS04915	AFE_1024	否					否	否			未核实化学计量和区室；仅保留ID与基因关联	GCF049 GFF;B1;A0;KEGG afr;BioCyc GCF000021485
RU820_RS04920		否					否	否			未核实化学计量和区室；仅保留ID与基因关联	GCF049 GFF;B1;A0;KEGG afr;BioCyc GCF000021485
RU820_RS04925		否					否	否			未核实化学计量和区室；仅保留ID与基因关联	GCF049 GFF;B1;A0;KEGG afr;BioCyc GCF000021485
RU820_RS04930	AFE_1028	否					否	否			未核实化学计量和区室；仅保留ID与基因关联	GCF049 GFF;B1;A0;KEGG afr;BioCyc GCF000021485
RU820_RS04935	AFE_1029	否					否	否			未核实化学计量和区室；仅保留ID与基因关联	GCF049 GFF;B1;A0;KEGG afr;BioCyc GCF000021485
RU820_RS04940	AFE_1030	否					否	否			未核实化学计量和区室；仅保留ID与基因关联	GCF049 GFF;B1;A0;KEGG afr;BioCyc GCF000021485
RU820_RS04945	AFE_1031	否					否	否			未核实化学计量和区室；仅保留ID与基因关联	GCF049 GFF;B1;A0;KEGG afr;BioCyc GCF000021485
RU820_RS04950	AFE_1032	否					否	否			未核实化学计量和区室；仅保留ID与基因关联	GCF049 GFF;B1;A0;KEGG afr;BioCyc GCF000021485
RU820_RS04955	AFE_1033	否					否	否			未核实化学计量和区室；仅保留ID与基因关联	GCF049 GFF;B1;A0;KEGG afr;BioCyc GCF000021485
RU820_RS04960	AFE_1034	否					否	否	RXN0-5131		未核实化学计量和区室；仅保留ID与基因关联	GCF049 GFF;B1;A0;KEGG afr;BioCyc GCF000021485
RU820_RS04965	AFE_1035	否					否	否			未核实化学计量和区室；仅保留ID与基因关联	GCF049 GFF;B1;A0;KEGG afr;BioCyc GCF000021485
RU820_RS04970	AFE_1037	否					否	否			未核实化学计量和区室；仅保留ID与基因关联	GCF049 GFF;B1;A0;KEGG afr;BioCyc GCF000021485
RU820_RS04975	AFE_1038	否					否	否			未核实化学计量和区室；仅保留ID与基因关联	GCF049 GFF;B1;A0;KEGG afr;BioCyc GCF000021485
RU820_RS04980	AFE_1039	否					否	否			未核实化学计量和区室；仅保留ID与基因关联	GCF049 GFF;B1;A0;KEGG afr;BioCyc GCF000021485
RU820_RS04985	AFE_1040	否					否	否			未核实化学计量和区室；仅保留ID与基因关联	GCF049 GFF;B1;A0;KEGG afr;BioCyc GCF000021485
RU820_RS04990	AFE_1042	否					否	否			未核实化学计量和区室；仅保留ID与基因关联	GCF049 GFF;B1;A0;KEGG afr;BioCyc GCF000021485
RU820_RS04995		否					否	否			未核实化学计量和区室；仅保留ID与基因关联	GCF049 GFF;B1;A0;KEGG afr;BioCyc GCF000021485
RU820_RS05000	AFE_1045	否					否	否			未核实化学计量和区室；仅保留ID与基因关联	GCF049 GFF;B1;A0;KEGG afr;BioCyc GCF000021485
RU820_RS05005		否					否	否			未核实化学计量和区室；仅保留ID与基因关联	GCF049 GFF;B1;A0;KEGG afr;BioCyc GCF000021485
RU820_RS05010	AFE_1047	否					否	否			未核实化学计量和区室；仅保留ID与基因关联	GCF049 GFF;B1;A0;KEGG afr;BioCyc GCF000021485
RU820_RS05015	AFE_1048	否					否	否			未核实化学计量和区室；仅保留ID与基因关联	GCF049 GFF;B1;A0;KEGG afr;BioCyc GCF000021485
RU820_RS05020	AFE_1049	否					否	否			未核实化学计量和区室；仅保留ID与基因关联	GCF049 GFF;B1;A0;KEGG afr;BioCyc GCF000021485
RU820_RS05025		否					否	否			未核实化学计量和区室；仅保留ID与基因关联	GCF049 GFF;B1;A0;KEGG afr;BioCyc GCF000021485
RU820_RS05030	AFE_1053	否					否	否			未核实化学计量和区室；仅保留ID与基因关联	GCF049 GFF;B1;A0;KEGG afr;BioCyc GCF000021485
RU820_RS05035	AFE_1054	否					否	否			未核实化学计量和区室；仅保留ID与基因关联	GCF049 GFF;B1;A0;KEGG afr;BioCyc GCF000021485
RU820_RS05040	AFE_1055	否					否	否			未核实化学计量和区室；仅保留ID与基因关联	GCF049 GFF;B1;A0;KEGG afr;BioCyc GCF000021485
RU820_RS05045	AFE_1056	否					否	否			未核实化学计量和区室；仅保留ID与基因关联	GCF049 GFF;B1;A0;KEGG afr;BioCyc GCF000021485
RU820_RS05050		否					否	否			未核实化学计量和区室；仅保留ID与基因关联	GCF049 GFF;B1;A0;KEGG afr;BioCyc GCF000021485
RU820_RS05055	AFE_1058	否					否	否	RXN0-5131		未核实化学计量和区室；仅保留ID与基因关联	GCF049 GFF;B1;A0;KEGG afr;BioCyc GCF000021485
RU820_RS05060	AFE_1059	否					否	否			未核实化学计量和区室；仅保留ID与基因关联	GCF049 GFF;B1;A0;KEGG afr;BioCyc GCF000021485
RU820_RS05065	AFE_1060	否					否	否			未核实化学计量和区室；仅保留ID与基因关联	GCF049 GFF;B1;A0;KEGG afr;BioCyc GCF000021485
RU820_RS05070	AFE_1062	否					否	否			未核实化学计量和区室；仅保留ID与基因关联	GCF049 GFF;B1;A0;KEGG afr;BioCyc GCF000021485
RU820_RS05075	AFE_1064	否					否	否			未核实化学计量和区室；仅保留ID与基因关联	GCF049 GFF;B1;A0;KEGG afr;BioCyc GCF000021485
RU820_RS05080	AFE_1065	否					否	否	RXN0-5190		未核实化学计量和区室；仅保留ID与基因关联	GCF049 GFF;B1;A0;KEGG afr;BioCyc GCF000021485
RU820_RS05085	AFE_1066	否					否	否			未核实化学计量和区室；仅保留ID与基因关联	GCF049 GFF;B1;A0;KEGG afr;BioCyc GCF000021485
RU820_RS05090	AFE_1067	否					否	否			未核实化学计量和区室；仅保留ID与基因关联	GCF049 GFF;B1;A0;KEGG afr;BioCyc GCF000021485
RU820_RS05095	AFE_1068	否					否	否			未核实化学计量和区室；仅保留ID与基因关联	GCF049 GFF;B1;A0;KEGG afr;BioCyc GCF000021485
RU820_RS05100	AFE_1069	否					否	否			未核实化学计量和区室；仅保留ID与基因关联	GCF049 GFF;B1;A0;KEGG afr;BioCyc GCF000021485
RU820_RS05105	AFE_1070	否					否	否			未核实化学计量和区室；仅保留ID与基因关联	GCF049 GFF;B1;A0;KEGG afr;BioCyc GCF000021485
RU820_RS05110	AFE_1071	否					否	否			未核实化学计量和区室；仅保留ID与基因关联	GCF049 GFF;B1;A0;KEGG afr;BioCyc GCF000021485
RU820_RS05115	AFE_1072	否					否	否			未核实化学计量和区室；仅保留ID与基因关联	GCF049 GFF;B1;A0;KEGG afr;BioCyc GCF000021485
RU820_RS05120	AFE_1073	否					否	否			未核实化学计量和区室；仅保留ID与基因关联	GCF049 GFF;B1;A0;KEGG afr;BioCyc GCF000021485
RU820_RS05125	AFE_1074	否					否	否			未核实化学计量和区室；仅保留ID与基因关联	GCF049 GFF;B1;A0;KEGG afr;BioCyc GCF000021485
RU820_RS05130	AFE_1075	否					否	否			未核实化学计量和区室；仅保留ID与基因关联	GCF049 GFF;B1;A0;KEGG afr;BioCyc GCF000021485
RU820_RS05135	AFE_1076	否					否	否			未核实化学计量和区室；仅保留ID与基因关联	GCF049 GFF;B1;A0;KEGG afr;BioCyc GCF000021485
RU820_RS05140		否					否	否			未核实化学计量和区室；仅保留ID与基因关联	GCF049 GFF;B1;A0;KEGG afr;BioCyc GCF000021485
RU820_RS05145		否					否	否			未核实化学计量和区室；仅保留ID与基因关联	GCF049 GFF;B1;A0;KEGG afr;BioCyc GCF000021485
RU820_RS05150	AFE_1078	否					否	否			未核实化学计量和区室；仅保留ID与基因关联	GCF049 GFF;B1;A0;KEGG afr;BioCyc GCF000021485
RU820_RS05155	AFE_1079	否					否	否			未核实化学计量和区室；仅保留ID与基因关联	GCF049 GFF;B1;A0;KEGG afr;BioCyc GCF000021485
RU820_RS05160	AFE_1080	否					否	否			未核实化学计量和区室；仅保留ID与基因关联	GCF049 GFF;B1;A0;KEGG afr;BioCyc GCF000021485
RU820_RS05165	AFE_1081	否					否	否			未核实化学计量和区室；仅保留ID与基因关联	GCF049 GFF;B1;A0;KEGG afr;BioCyc GCF000021485
RU820_RS05170	AFE_1082	否					否	否			未核实化学计量和区室；仅保留ID与基因关联	GCF049 GFF;B1;A0;KEGG afr;BioCyc GCF000021485
RU820_RS05175	AFE_1084	否					否	否			未核实化学计量和区室；仅保留ID与基因关联	GCF049 GFF;B1;A0;KEGG afr;BioCyc GCF000021485
RU820_RS05180		否					否	否			未核实化学计量和区室；仅保留ID与基因关联	GCF049 GFF;B1;A0;KEGG afr;BioCyc GCF000021485
RU820_RS05185	AFE_1085	否					否	是	5.3.4.1-RXN		未核实化学计量和区室；仅保留ID与基因关联	GCF049 GFF;B1;A0;KEGG afr;BioCyc GCF000021485
RU820_RS05190	AFE_1086	否					否	否			未核实化学计量和区室；仅保留ID与基因关联	GCF049 GFF;B1;A0;KEGG afr;BioCyc GCF000021485
RU820_RS05195	AFE_1087	否					否	否	RXN0-1081		未核实化学计量和区室；仅保留ID与基因关联	GCF049 GFF;B1;A0;KEGG afr;BioCyc GCF000021485
RU820_RS05200	AFE_1088	否					否	是	5.3.4.1-RXN		未核实化学计量和区室；仅保留ID与基因关联	GCF049 GFF;B1;A0;KEGG afr;BioCyc GCF000021485
RU820_RS05205	AFE_1089	否					否	否	TRANS-RXN-477		未核实化学计量和区室；仅保留ID与基因关联	GCF049 GFF;B1;A0;KEGG afr;BioCyc GCF000021485
RU820_RS05210		否					否	否			未核实化学计量和区室；仅保留ID与基因关联	GCF049 GFF;B1;A0;KEGG afr;BioCyc GCF000021485
RU820_RS05215	AFE_1091	否					否	否			未核实化学计量和区室；仅保留ID与基因关联	GCF049 GFF;B1;A0;KEGG afr;BioCyc GCF000021485
RU820_RS05220	AFE_1093	否					否	否			未核实化学计量和区室；仅保留ID与基因关联	GCF049 GFF;B1;A0;KEGG afr;BioCyc GCF000021485
RU820_RS05225		否					否	否			未核实化学计量和区室；仅保留ID与基因关联	GCF049 GFF;B1;A0;KEGG afr;BioCyc GCF000021485
RU820_RS05230	AFE_1095	否					否	否			未核实化学计量和区室；仅保留ID与基因关联	GCF049 GFF;B1;A0;KEGG afr;BioCyc GCF000021485
RU820_RS05235		否					否	否			未核实化学计量和区室；仅保留ID与基因关联	GCF049 GFF;B1;A0;KEGG afr;BioCyc GCF000021485
RU820_RS05240	AFE_1096	否					否	否			未核实化学计量和区室；仅保留ID与基因关联	GCF049 GFF;B1;A0;KEGG afr;BioCyc GCF000021485
RU820_RS05245	AFE_1097	否					否	否			未核实化学计量和区室；仅保留ID与基因关联	GCF049 GFF;B1;A0;KEGG afr;BioCyc GCF000021485
RU820_RS05250	AFE_1098	否					否	否			未核实化学计量和区室；仅保留ID与基因关联	GCF049 GFF;B1;A0;KEGG afr;BioCyc GCF000021485
RU820_RS05255	AFE_1099	否					否	否			未核实化学计量和区室；仅保留ID与基因关联	GCF049 GFF;B1;A0;KEGG afr;BioCyc GCF000021485
RU820_RS05260	AFE_1100	否					否	否			未核实化学计量和区室；仅保留ID与基因关联	GCF049 GFF;B1;A0;KEGG afr;BioCyc GCF000021485
RU820_RS05265	AFE_1102	否					否	否			未核实化学计量和区室；仅保留ID与基因关联	GCF049 GFF;B1;A0;KEGG afr;BioCyc GCF000021485
RU820_RS05270		否					否	否			未核实化学计量和区室；仅保留ID与基因关联	GCF049 GFF;B1;A0;KEGG afr;BioCyc GCF000021485
RU820_RS05275		否					否	否			未核实化学计量和区室；仅保留ID与基因关联	GCF049 GFF;B1;A0;KEGG afr;BioCyc GCF000021485
RU820_RS05280	AFE_1105	否					否	否			未核实化学计量和区室；仅保留ID与基因关联	GCF049 GFF;B1;A0;KEGG afr;BioCyc GCF000021485
RU820_RS05285	AFE_1106	否					否	否			未核实化学计量和区室；仅保留ID与基因关联	GCF049 GFF;B1;A0;KEGG afr;BioCyc GCF000021485
RU820_RS05290		否					否	否			未核实化学计量和区室；仅保留ID与基因关联	GCF049 GFF;B1;A0;KEGG afr;BioCyc GCF000021485
RU820_RS05295	AFE_1107	否					否	否			未核实化学计量和区室；仅保留ID与基因关联	GCF049 GFF;B1;A0;KEGG afr;BioCyc GCF000021485
RU820_RS05300	AFE_1108	否					否	否			未核实化学计量和区室；仅保留ID与基因关联	GCF049 GFF;B1;A0;KEGG afr;BioCyc GCF000021485
RU820_RS05305		否					否	否			未核实化学计量和区室；仅保留ID与基因关联	GCF049 GFF;B1;A0;KEGG afr;BioCyc GCF000021485
RU820_RS05310	AFE_1109	否					否	否			未核实化学计量和区室；仅保留ID与基因关联	GCF049 GFF;B1;A0;KEGG afr;BioCyc GCF000021485
RU820_RS05315	AFE_0550;AFE_1110;AFE_1142;AFE_1265;AFE_2432;AFE_2709;AFE_2972;AFE_3263	是			PGDH	PGDH	歧义候选	待定			未核实化学计量和区室；仅保留ID与基因关联	GCF049 GFF;B1;A0;KEGG afr;BioCyc GCF000021485
RU820_RS05320		否					否	否			未核实化学计量和区室；仅保留ID与基因关联	GCF049 GFF;B1;A0;KEGG afr;BioCyc GCF000021485
RU820_RS05325	AFE_1112	否					否	否			未核实化学计量和区室；仅保留ID与基因关联	GCF049 GFF;B1;A0;KEGG afr;BioCyc GCF000021485
RU820_RS05330	AFE_1113	否					否	否			未核实化学计量和区室；仅保留ID与基因关联	GCF049 GFF;B1;A0;KEGG afr;BioCyc GCF000021485
RU820_RS05335		否					否	否			未核实化学计量和区室；仅保留ID与基因关联	GCF049 GFF;B1;A0;KEGG afr;BioCyc GCF000021485
RU820_RS05340	AFE_1114	否					否	否			未核实化学计量和区室；仅保留ID与基因关联	GCF049 GFF;B1;A0;KEGG afr;BioCyc GCF000021485
RU820_RS05345	AFE_1115	否					否	否			未核实化学计量和区室；仅保留ID与基因关联	GCF049 GFF;B1;A0;KEGG afr;BioCyc GCF000021485
RU820_RS05350	AFE_1116	否					否	否			未核实化学计量和区室；仅保留ID与基因关联	GCF049 GFF;B1;A0;KEGG afr;BioCyc GCF000021485
RU820_RS05355	AFE_1117	否					否	否			未核实化学计量和区室；仅保留ID与基因关联	GCF049 GFF;B1;A0;KEGG afr;BioCyc GCF000021485
RU820_RS05360	AFE_1118	否					否	否			未核实化学计量和区室；仅保留ID与基因关联	GCF049 GFF;B1;A0;KEGG afr;BioCyc GCF000021485
RU820_RS05365	AFE_1120	否					否	否			未核实化学计量和区室；仅保留ID与基因关联	GCF049 GFF;B1;A0;KEGG afr;BioCyc GCF000021485
RU820_RS05370	AFE_1121	否					否	否			未核实化学计量和区室；仅保留ID与基因关联	GCF049 GFF;B1;A0;KEGG afr;BioCyc GCF000021485
RU820_RS05375	AFE_1122	否					否	否			未核实化学计量和区室；仅保留ID与基因关联	GCF049 GFF;B1;A0;KEGG afr;BioCyc GCF000021485
RU820_RS05380		否					否	否			未核实化学计量和区室；仅保留ID与基因关联	GCF049 GFF;B1;A0;KEGG afr;BioCyc GCF000021485
RU820_RS05385		否					否	否			未核实化学计量和区室；仅保留ID与基因关联	GCF049 GFF;B1;A0;KEGG afr;BioCyc GCF000021485
RU820_RS05390	AFE_1124	否					否	否			未核实化学计量和区室；仅保留ID与基因关联	GCF049 GFF;B1;A0;KEGG afr;BioCyc GCF000021485
RU820_RS05395	AFE_1125	否					否	否			未核实化学计量和区室；仅保留ID与基因关联	GCF049 GFF;B1;A0;KEGG afr;BioCyc GCF000021485
RU820_RS05400	AFE_1126	否					否	否			未核实化学计量和区室；仅保留ID与基因关联	GCF049 GFF;B1;A0;KEGG afr;BioCyc GCF000021485
RU820_RS05405	AFE_1127	否					否	否	NUCLEOSIDE-DEOXYRIBOSYLTRANSFERASE-RXN		未核实化学计量和区室；仅保留ID与基因关联	GCF049 GFF;B1;A0;KEGG afr;BioCyc GCF000021485
RU820_RS05410	AFE_1128	否					否	否			未核实化学计量和区室；仅保留ID与基因关联	GCF049 GFF;B1;A0;KEGG afr;BioCyc GCF000021485
RU820_RS05415	AFE_1130	否					否	否			未核实化学计量和区室；仅保留ID与基因关联	GCF049 GFF;B1;A0;KEGG afr;BioCyc GCF000021485
RU820_RS05420	AFE_1131	否					否	否			未核实化学计量和区室；仅保留ID与基因关联	GCF049 GFF;B1;A0;KEGG afr;BioCyc GCF000021485
RU820_RS05425	AFE_1133	否					否	否			未核实化学计量和区室；仅保留ID与基因关联	GCF049 GFF;B1;A0;KEGG afr;BioCyc GCF000021485
RU820_RS05430		否					否	否			未核实化学计量和区室；仅保留ID与基因关联	GCF049 GFF;B1;A0;KEGG afr;BioCyc GCF000021485
RU820_RS05435		否					否	否			未核实化学计量和区室；仅保留ID与基因关联	GCF049 GFF;B1;A0;KEGG afr;BioCyc GCF000021485
RU820_RS05440	AFE_1135	否					否	否			未核实化学计量和区室；仅保留ID与基因关联	GCF049 GFF;B1;A0;KEGG afr;BioCyc GCF000021485
RU820_RS05445	AFE_1136	否					否	否			未核实化学计量和区室；仅保留ID与基因关联	GCF049 GFF;B1;A0;KEGG afr;BioCyc GCF000021485
RU820_RS05450	AFE_1137	否					否	否	RXN0-7388		未核实化学计量和区室；仅保留ID与基因关联	GCF049 GFF;B1;A0;KEGG afr;BioCyc GCF000021485
RU820_RS05455	AFE_1140	否					否	否			未核实化学计量和区室；仅保留ID与基因关联	GCF049 GFF;B1;A0;KEGG afr;BioCyc GCF000021485
RU820_RS05460	AFE_1141	否					否	否			未核实化学计量和区室；仅保留ID与基因关联	GCF049 GFF;B1;A0;KEGG afr;BioCyc GCF000021485
RU820_RS05465	AFE_0550;AFE_1110;AFE_1142;AFE_1265;AFE_2432;AFE_2709;AFE_2972;AFE_3263	是			PGDH	PGDH	歧义候选	待定			未核实化学计量和区室；仅保留ID与基因关联	GCF049 GFF;B1;A0;KEGG afr;BioCyc GCF000021485
RU820_RS05470		否					否	否			未核实化学计量和区室；仅保留ID与基因关联	GCF049 GFF;B1;A0;KEGG afr;BioCyc GCF000021485
RU820_RS05475		否					否	否			未核实化学计量和区室；仅保留ID与基因关联	GCF049 GFF;B1;A0;KEGG afr;BioCyc GCF000021485
RU820_RS05480	AFE_1144	否					否	否			未核实化学计量和区室；仅保留ID与基因关联	GCF049 GFF;B1;A0;KEGG afr;BioCyc GCF000021485
RU820_RS05485	AFE_1145	否					否	否			未核实化学计量和区室；仅保留ID与基因关联	GCF049 GFF;B1;A0;KEGG afr;BioCyc GCF000021485
RU820_RS05490	AFE_1146	否					否	否			未核实化学计量和区室；仅保留ID与基因关联	GCF049 GFF;B1;A0;KEGG afr;BioCyc GCF000021485
RU820_RS05495	AFE_1147	否					否	否			未核实化学计量和区室；仅保留ID与基因关联	GCF049 GFF;B1;A0;KEGG afr;BioCyc GCF000021485
RU820_RS05500	AFE_1148	否					否	否			未核实化学计量和区室；仅保留ID与基因关联	GCF049 GFF;B1;A0;KEGG afr;BioCyc GCF000021485
RU820_RS05505	AFE_1149	否					否	否			未核实化学计量和区室；仅保留ID与基因关联	GCF049 GFF;B1;A0;KEGG afr;BioCyc GCF000021485
RU820_RS05510	AFE_1150	否					否	否			未核实化学计量和区室；仅保留ID与基因关联	GCF049 GFF;B1;A0;KEGG afr;BioCyc GCF000021485
RU820_RS05515	AFE_1152	否					否	否			未核实化学计量和区室；仅保留ID与基因关联	GCF049 GFF;B1;A0;KEGG afr;BioCyc GCF000021485
RU820_RS05520	AFE_1153	否					否	否			未核实化学计量和区室；仅保留ID与基因关联	GCF049 GFF;B1;A0;KEGG afr;BioCyc GCF000021485
RU820_RS05525		否					否	否			未核实化学计量和区室；仅保留ID与基因关联	GCF049 GFF;B1;A0;KEGG afr;BioCyc GCF000021485
RU820_RS05530		否					否	否			未核实化学计量和区室；仅保留ID与基因关联	GCF049 GFF;B1;A0;KEGG afr;BioCyc GCF000021485
RU820_RS05535		否					否	否			未核实化学计量和区室；仅保留ID与基因关联	GCF049 GFF;B1;A0;KEGG afr;BioCyc GCF000021485
RU820_RS05540		否					否	否			未核实化学计量和区室；仅保留ID与基因关联	GCF049 GFF;B1;A0;KEGG afr;BioCyc GCF000021485
RU820_RS05545		否					否	否			未核实化学计量和区室；仅保留ID与基因关联	GCF049 GFF;B1;A0;KEGG afr;BioCyc GCF000021485
RU820_RS05550		否					否	否			未核实化学计量和区室；仅保留ID与基因关联	GCF049 GFF;B1;A0;KEGG afr;BioCyc GCF000021485
RU820_RS05555		否					否	否			未核实化学计量和区室；仅保留ID与基因关联	GCF049 GFF;B1;A0;KEGG afr;BioCyc GCF000021485
RU820_RS05560		否					否	否			未核实化学计量和区室；仅保留ID与基因关联	GCF049 GFF;B1;A0;KEGG afr;BioCyc GCF000021485
RU820_RS05565		否					否	否			未核实化学计量和区室；仅保留ID与基因关联	GCF049 GFF;B1;A0;KEGG afr;BioCyc GCF000021485
RU820_RS05570		否					否	否			未核实化学计量和区室；仅保留ID与基因关联	GCF049 GFF;B1;A0;KEGG afr;BioCyc GCF000021485
RU820_RS05575		否					否	否			未核实化学计量和区室；仅保留ID与基因关联	GCF049 GFF;B1;A0;KEGG afr;BioCyc GCF000021485
RU820_RS05580		否					否	否			未核实化学计量和区室；仅保留ID与基因关联	GCF049 GFF;B1;A0;KEGG afr;BioCyc GCF000021485
RU820_RS05585		否					否	否			未核实化学计量和区室；仅保留ID与基因关联	GCF049 GFF;B1;A0;KEGG afr;BioCyc GCF000021485
RU820_RS05590		否					否	否			未核实化学计量和区室；仅保留ID与基因关联	GCF049 GFF;B1;A0;KEGG afr;BioCyc GCF000021485
RU820_RS05595		否					否	否			未核实化学计量和区室；仅保留ID与基因关联	GCF049 GFF;B1;A0;KEGG afr;BioCyc GCF000021485
RU820_RS05600		否					否	否			未核实化学计量和区室；仅保留ID与基因关联	GCF049 GFF;B1;A0;KEGG afr;BioCyc GCF000021485
RU820_RS05605		否					否	否			未核实化学计量和区室；仅保留ID与基因关联	GCF049 GFF;B1;A0;KEGG afr;BioCyc GCF000021485
RU820_RS05610		否					否	否			未核实化学计量和区室；仅保留ID与基因关联	GCF049 GFF;B1;A0;KEGG afr;BioCyc GCF000021485
RU820_RS05615		否					否	否			未核实化学计量和区室；仅保留ID与基因关联	GCF049 GFF;B1;A0;KEGG afr;BioCyc GCF000021485
RU820_RS05620		否					否	否			未核实化学计量和区室；仅保留ID与基因关联	GCF049 GFF;B1;A0;KEGG afr;BioCyc GCF000021485
RU820_RS05625		否					否	否			未核实化学计量和区室；仅保留ID与基因关联	GCF049 GFF;B1;A0;KEGG afr;BioCyc GCF000021485
RU820_RS05630	AFE_1174	否					否	否			未核实化学计量和区室；仅保留ID与基因关联	GCF049 GFF;B1;A0;KEGG afr;BioCyc GCF000021485
RU820_RS05635		否					否	否			未核实化学计量和区室；仅保留ID与基因关联	GCF049 GFF;B1;A0;KEGG afr;BioCyc GCF000021485
RU820_RS05640		否					否	否			未核实化学计量和区室；仅保留ID与基因关联	GCF049 GFF;B1;A0;KEGG afr;BioCyc GCF000021485
RU820_RS05645	AFE_1176	否					否	否			未核实化学计量和区室；仅保留ID与基因关联	GCF049 GFF;B1;A0;KEGG afr;BioCyc GCF000021485
RU820_RS05650		否					否	否			未核实化学计量和区室；仅保留ID与基因关联	GCF049 GFF;B1;A0;KEGG afr;BioCyc GCF000021485
RU820_RS05655		否					否	否			未核实化学计量和区室；仅保留ID与基因关联	GCF049 GFF;B1;A0;KEGG afr;BioCyc GCF000021485
RU820_RS05660		否					否	否			未核实化学计量和区室；仅保留ID与基因关联	GCF049 GFF;B1;A0;KEGG afr;BioCyc GCF000021485
RU820_RS05665		否					否	否			未核实化学计量和区室；仅保留ID与基因关联	GCF049 GFF;B1;A0;KEGG afr;BioCyc GCF000021485
RU820_RS05670		否					否	否			未核实化学计量和区室；仅保留ID与基因关联	GCF049 GFF;B1;A0;KEGG afr;BioCyc GCF000021485
RU820_RS05675		否					否	否			未核实化学计量和区室；仅保留ID与基因关联	GCF049 GFF;B1;A0;KEGG afr;BioCyc GCF000021485
RU820_RS05680		否					否	否			未核实化学计量和区室；仅保留ID与基因关联	GCF049 GFF;B1;A0;KEGG afr;BioCyc GCF000021485
RU820_RS05685		否					否	否			未核实化学计量和区室；仅保留ID与基因关联	GCF049 GFF;B1;A0;KEGG afr;BioCyc GCF000021485
RU820_RS05690		否					否	否			未核实化学计量和区室；仅保留ID与基因关联	GCF049 GFF;B1;A0;KEGG afr;BioCyc GCF000021485
RU820_RS05695		否					否	否			未核实化学计量和区室；仅保留ID与基因关联	GCF049 GFF;B1;A0;KEGG afr;BioCyc GCF000021485
RU820_RS05700		否					否	否			未核实化学计量和区室；仅保留ID与基因关联	GCF049 GFF;B1;A0;KEGG afr;BioCyc GCF000021485
RU820_RS05705		否					否	否			未核实化学计量和区室；仅保留ID与基因关联	GCF049 GFF;B1;A0;KEGG afr;BioCyc GCF000021485
RU820_RS05710		否					否	否			未核实化学计量和区室；仅保留ID与基因关联	GCF049 GFF;B1;A0;KEGG afr;BioCyc GCF000021485
RU820_RS05715		否					否	否			未核实化学计量和区室；仅保留ID与基因关联	GCF049 GFF;B1;A0;KEGG afr;BioCyc GCF000021485
RU820_RS05720		否					否	否			未核实化学计量和区室；仅保留ID与基因关联	GCF049 GFF;B1;A0;KEGG afr;BioCyc GCF000021485
RU820_RS05725		否					否	否			未核实化学计量和区室；仅保留ID与基因关联	GCF049 GFF;B1;A0;KEGG afr;BioCyc GCF000021485
RU820_RS05730		否					否	否			未核实化学计量和区室；仅保留ID与基因关联	GCF049 GFF;B1;A0;KEGG afr;BioCyc GCF000021485
RU820_RS05735		否					否	否			未核实化学计量和区室；仅保留ID与基因关联	GCF049 GFF;B1;A0;KEGG afr;BioCyc GCF000021485
RU820_RS05740		否					否	否			未核实化学计量和区室；仅保留ID与基因关联	GCF049 GFF;B1;A0;KEGG afr;BioCyc GCF000021485
RU820_RS05745	AFE_1197	否					否	否			未核实化学计量和区室；仅保留ID与基因关联	GCF049 GFF;B1;A0;KEGG afr;BioCyc GCF000021485
RU820_RS05750		否					否	否			未核实化学计量和区室；仅保留ID与基因关联	GCF049 GFF;B1;A0;KEGG afr;BioCyc GCF000021485
RU820_RS05755	AFE_1199	否					否	否	3.1.26.4-RXN		未核实化学计量和区室；仅保留ID与基因关联	GCF049 GFF;B1;A0;KEGG afr;BioCyc GCF000021485
RU820_RS05760	AFE_1200	否					否	否			未核实化学计量和区室；仅保留ID与基因关联	GCF049 GFF;B1;A0;KEGG afr;BioCyc GCF000021485
RU820_RS05765	AFE_1201	否					否	否			未核实化学计量和区室；仅保留ID与基因关联	GCF049 GFF;B1;A0;KEGG afr;BioCyc GCF000021485
RU820_RS05770	AFE_1202	否					否	否	RXN0-5100;RXN0-5131		未核实化学计量和区室；仅保留ID与基因关联	GCF049 GFF;B1;A0;KEGG afr;BioCyc GCF000021485
RU820_RS05775	AFE_1203	否					否	否			未核实化学计量和区室；仅保留ID与基因关联	GCF049 GFF;B1;A0;KEGG afr;BioCyc GCF000021485
RU820_RS05780		否					否	否			未核实化学计量和区室；仅保留ID与基因关联	GCF049 GFF;B1;A0;KEGG afr;BioCyc GCF000021485
RU820_RS05785		否					否	否			未核实化学计量和区室；仅保留ID与基因关联	GCF049 GFF;B1;A0;KEGG afr;BioCyc GCF000021485
RU820_RS05790	AFE_1206	否					否	否			未核实化学计量和区室；仅保留ID与基因关联	GCF049 GFF;B1;A0;KEGG afr;BioCyc GCF000021485
RU820_RS05795		否					否	否			未核实化学计量和区室；仅保留ID与基因关联	GCF049 GFF;B1;A0;KEGG afr;BioCyc GCF000021485
RU820_RS05805		否					否	否			未核实化学计量和区室；仅保留ID与基因关联	GCF049 GFF;B1;A0;KEGG afr;BioCyc GCF000021485
RU820_RS05810		否					否	否			未核实化学计量和区室；仅保留ID与基因关联	GCF049 GFF;B1;A0;KEGG afr;BioCyc GCF000021485
RU820_RS05815		否					否	否			未核实化学计量和区室；仅保留ID与基因关联	GCF049 GFF;B1;A0;KEGG afr;BioCyc GCF000021485
RU820_RS05820	AFE_0550;AFE_1110;AFE_1142;AFE_1265;AFE_2432;AFE_2709;AFE_2972;AFE_3263	是			PGDH	PGDH	歧义候选	待定			未核实化学计量和区室；仅保留ID与基因关联	GCF049 GFF;B1;A0;KEGG afr;BioCyc GCF000021485
RU820_RS05825		否					否	否			未核实化学计量和区室；仅保留ID与基因关联	GCF049 GFF;B1;A0;KEGG afr;BioCyc GCF000021485
RU820_RS05830	AFE_1210	否					否	是		R01252	未核实化学计量和区室；仅保留ID与基因关联	GCF049 GFF;B1;A0;KEGG afr;BioCyc GCF000021485
RU820_RS05835	AFE_1211	否					否	否			未核实化学计量和区室；仅保留ID与基因关联	GCF049 GFF;B1;A0;KEGG afr;BioCyc GCF000021485
RU820_RS05840	AFE_1212	否					否	否			未核实化学计量和区室；仅保留ID与基因关联	GCF049 GFF;B1;A0;KEGG afr;BioCyc GCF000021485
RU820_RS05845		否					否	否			未核实化学计量和区室；仅保留ID与基因关联	GCF049 GFF;B1;A0;KEGG afr;BioCyc GCF000021485
RU820_RS05855	AFE_1214	否					否	否			未核实化学计量和区室；仅保留ID与基因关联	GCF049 GFF;B1;A0;KEGG afr;BioCyc GCF000021485
RU820_RS05860	AFE_1215	否					否	否	RXN0-5131		未核实化学计量和区室；仅保留ID与基因关联	GCF049 GFF;B1;A0;KEGG afr;BioCyc GCF000021485
RU820_RS05865	AFE_1216	否					否	否			未核实化学计量和区室；仅保留ID与基因关联	GCF049 GFF;B1;A0;KEGG afr;BioCyc GCF000021485
RU820_RS05870	AFE_1217	否					否	否	RXN0-2584		未核实化学计量和区室；仅保留ID与基因关联	GCF049 GFF;B1;A0;KEGG afr;BioCyc GCF000021485
RU820_RS05875	AFE_1218	否					否	否			未核实化学计量和区室；仅保留ID与基因关联	GCF049 GFF;B1;A0;KEGG afr;BioCyc GCF000021485
RU820_RS05880		否					否	否			未核实化学计量和区室；仅保留ID与基因关联	GCF049 GFF;B1;A0;KEGG afr;BioCyc GCF000021485
RU820_RS05885		否					否	否			未核实化学计量和区室；仅保留ID与基因关联	GCF049 GFF;B1;A0;KEGG afr;BioCyc GCF000021485
RU820_RS05890	AFE_1220	否					否	否			未核实化学计量和区室；仅保留ID与基因关联	GCF049 GFF;B1;A0;KEGG afr;BioCyc GCF000021485
RU820_RS05895	AFE_1221	否					否	否			未核实化学计量和区室；仅保留ID与基因关联	GCF049 GFF;B1;A0;KEGG afr;BioCyc GCF000021485
RU820_RS05900	AFE_1222	否					否	否			未核实化学计量和区室；仅保留ID与基因关联	GCF049 GFF;B1;A0;KEGG afr;BioCyc GCF000021485
RU820_RS05905	AFE_1223	否					否	否			未核实化学计量和区室；仅保留ID与基因关联	GCF049 GFF;B1;A0;KEGG afr;BioCyc GCF000021485
RU820_RS05910	AFE_1226	否					否	否			未核实化学计量和区室；仅保留ID与基因关联	GCF049 GFF;B1;A0;KEGG afr;BioCyc GCF000021485
RU820_RS05915	AFE_1227	否					否	否			未核实化学计量和区室；仅保留ID与基因关联	GCF049 GFF;B1;A0;KEGG afr;BioCyc GCF000021485
RU820_RS05920		否					否	否			未核实化学计量和区室；仅保留ID与基因关联	GCF049 GFF;B1;A0;KEGG afr;BioCyc GCF000021485
RU820_RS05925	AFE_1229	否					否	否			未核实化学计量和区室；仅保留ID与基因关联	GCF049 GFF;B1;A0;KEGG afr;BioCyc GCF000021485
RU820_RS05930	AFE_1230	否					否	否		R00382	未核实化学计量和区室；仅保留ID与基因关联	GCF049 GFF;B1;A0;KEGG afr;BioCyc GCF000021485
RU820_RS05935	AFE_1231	否					否	否			未核实化学计量和区室；仅保留ID与基因关联	GCF049 GFF;B1;A0;KEGG afr;BioCyc GCF000021485
RU820_RS05940		否					否	否			未核实化学计量和区室；仅保留ID与基因关联	GCF049 GFF;B1;A0;KEGG afr;BioCyc GCF000021485
RU820_RS05945		否					否	否			未核实化学计量和区室；仅保留ID与基因关联	GCF049 GFF;B1;A0;KEGG afr;BioCyc GCF000021485
RU820_RS05950	AFE_1233	否					否	否			未核实化学计量和区室；仅保留ID与基因关联	GCF049 GFF;B1;A0;KEGG afr;BioCyc GCF000021485
RU820_RS05955	AFE_1234	否					否	否			未核实化学计量和区室；仅保留ID与基因关联	GCF049 GFF;B1;A0;KEGG afr;BioCyc GCF000021485
RU820_RS05960	AFE_1235	否					否	否	TRANS-RXN-477		未核实化学计量和区室；仅保留ID与基因关联	GCF049 GFF;B1;A0;KEGG afr;BioCyc GCF000021485
RU820_RS05965	AFE_1236	否					否	否			未核实化学计量和区室；仅保留ID与基因关联	GCF049 GFF;B1;A0;KEGG afr;BioCyc GCF000021485
RU820_RS05970	AFE_1237	否					否	否			未核实化学计量和区室；仅保留ID与基因关联	GCF049 GFF;B1;A0;KEGG afr;BioCyc GCF000021485
RU820_RS05975		否					否	否			未核实化学计量和区室；仅保留ID与基因关联	GCF049 GFF;B1;A0;KEGG afr;BioCyc GCF000021485
RU820_RS05980	AFE_1241	否					否	否			未核实化学计量和区室；仅保留ID与基因关联	GCF049 GFF;B1;A0;KEGG afr;BioCyc GCF000021485
RU820_RS05985	AFE_1243	否					否	否			未核实化学计量和区室；仅保留ID与基因关联	GCF049 GFF;B1;A0;KEGG afr;BioCyc GCF000021485
RU820_RS05990	AFE_1244	否					否	否			未核实化学计量和区室；仅保留ID与基因关联	GCF049 GFF;B1;A0;KEGG afr;BioCyc GCF000021485
RU820_RS05995	AFE_1245	否					否	否			未核实化学计量和区室；仅保留ID与基因关联	GCF049 GFF;B1;A0;KEGG afr;BioCyc GCF000021485
RU820_RS06000	AFE_1246	否					否	否			未核实化学计量和区室；仅保留ID与基因关联	GCF049 GFF;B1;A0;KEGG afr;BioCyc GCF000021485
RU820_RS06005		否					否	否			未核实化学计量和区室；仅保留ID与基因关联	GCF049 GFF;B1;A0;KEGG afr;BioCyc GCF000021485
RU820_RS06010		否					否	否			未核实化学计量和区室；仅保留ID与基因关联	GCF049 GFF;B1;A0;KEGG afr;BioCyc GCF000021485
RU820_RS06015	AFE_1250	否					否	否			未核实化学计量和区室；仅保留ID与基因关联	GCF049 GFF;B1;A0;KEGG afr;BioCyc GCF000021485
RU820_RS06020	AFE_1251	否					否	否			未核实化学计量和区室；仅保留ID与基因关联	GCF049 GFF;B1;A0;KEGG afr;BioCyc GCF000021485
RU820_RS06025		否					否	否			未核实化学计量和区室；仅保留ID与基因关联	GCF049 GFF;B1;A0;KEGG afr;BioCyc GCF000021485
RU820_RS06030		否					否	否			未核实化学计量和区室；仅保留ID与基因关联	GCF049 GFF;B1;A0;KEGG afr;BioCyc GCF000021485
RU820_RS06035		否					否	否			未核实化学计量和区室；仅保留ID与基因关联	GCF049 GFF;B1;A0;KEGG afr;BioCyc GCF000021485
RU820_RS06040	AFE_1254	否					否	否			未核实化学计量和区室；仅保留ID与基因关联	GCF049 GFF;B1;A0;KEGG afr;BioCyc GCF000021485
RU820_RS06045	AFE_1255	否					否	否			未核实化学计量和区室；仅保留ID与基因关联	GCF049 GFF;B1;A0;KEGG afr;BioCyc GCF000021485
RU820_RS06050	AFE_1256	否					否	否			未核实化学计量和区室；仅保留ID与基因关联	GCF049 GFF;B1;A0;KEGG afr;BioCyc GCF000021485
RU820_RS06055	AFE_1257	否					否	否			未核实化学计量和区室；仅保留ID与基因关联	GCF049 GFF;B1;A0;KEGG afr;BioCyc GCF000021485
RU820_RS06060	AFE_1258	否					否	否			未核实化学计量和区室；仅保留ID与基因关联	GCF049 GFF;B1;A0;KEGG afr;BioCyc GCF000021485
RU820_RS06065	AFE_1260	否					否	否			未核实化学计量和区室；仅保留ID与基因关联	GCF049 GFF;B1;A0;KEGG afr;BioCyc GCF000021485
RU820_RS06070	AFE_1263	否					否	否			未核实化学计量和区室；仅保留ID与基因关联	GCF049 GFF;B1;A0;KEGG afr;BioCyc GCF000021485
RU820_RS06075	AFE_1264	否					否	否			未核实化学计量和区室；仅保留ID与基因关联	GCF049 GFF;B1;A0;KEGG afr;BioCyc GCF000021485
RU820_RS06080	AFE_0550;AFE_1110;AFE_1142;AFE_1265;AFE_2432;AFE_2709;AFE_2972;AFE_3263	是			PGDH	PGDH	歧义候选	待定			未核实化学计量和区室；仅保留ID与基因关联	GCF049 GFF;B1;A0;KEGG afr;BioCyc GCF000021485
RU820_RS06085	AFE_1266	否					否	否			未核实化学计量和区室；仅保留ID与基因关联	GCF049 GFF;B1;A0;KEGG afr;BioCyc GCF000021485
RU820_RS06090	AFE_1269	否					否	否			未核实化学计量和区室；仅保留ID与基因关联	GCF049 GFF;B1;A0;KEGG afr;BioCyc GCF000021485
RU820_RS06095	AFE_1270	否					否	否			未核实化学计量和区室；仅保留ID与基因关联	GCF049 GFF;B1;A0;KEGG afr;BioCyc GCF000021485
RU820_RS06100	AFE_1271	否					否	否			未核实化学计量和区室；仅保留ID与基因关联	GCF049 GFF;B1;A0;KEGG afr;BioCyc GCF000021485
RU820_RS06105	AFE_1272	否					否	否			未核实化学计量和区室；仅保留ID与基因关联	GCF049 GFF;B1;A0;KEGG afr;BioCyc GCF000021485
RU820_RS06110	AFE_1273	否					否	否			未核实化学计量和区室；仅保留ID与基因关联	GCF049 GFF;B1;A0;KEGG afr;BioCyc GCF000021485
RU820_RS06115		否					否	否			未核实化学计量和区室；仅保留ID与基因关联	GCF049 GFF;B1;A0;KEGG afr;BioCyc GCF000021485
RU820_RS06120	AFE_1275	否					否	否			未核实化学计量和区室；仅保留ID与基因关联	GCF049 GFF;B1;A0;KEGG afr;BioCyc GCF000021485
RU820_RS06125	AFE_1276	否					否	否			未核实化学计量和区室；仅保留ID与基因关联	GCF049 GFF;B1;A0;KEGG afr;BioCyc GCF000021485
RU820_RS06130	AFE_1277	否					否	否			未核实化学计量和区室；仅保留ID与基因关联	GCF049 GFF;B1;A0;KEGG afr;BioCyc GCF000021485
RU820_RS06135	AFE_1278	否					否	否			未核实化学计量和区室；仅保留ID与基因关联	GCF049 GFF;B1;A0;KEGG afr;BioCyc GCF000021485
RU820_RS06140	AFE_1279	否					否	否			未核实化学计量和区室；仅保留ID与基因关联	GCF049 GFF;B1;A0;KEGG afr;BioCyc GCF000021485
RU820_RS06145		否					否	否			未核实化学计量和区室；仅保留ID与基因关联	GCF049 GFF;B1;A0;KEGG afr;BioCyc GCF000021485
RU820_RS06150	AFE_1281	否					否	否			未核实化学计量和区室；仅保留ID与基因关联	GCF049 GFF;B1;A0;KEGG afr;BioCyc GCF000021485
RU820_RS06155	AFE_1282	否					否	否			未核实化学计量和区室；仅保留ID与基因关联	GCF049 GFF;B1;A0;KEGG afr;BioCyc GCF000021485
RU820_RS06160	AFE_1283	否					否	否			未核实化学计量和区室；仅保留ID与基因关联	GCF049 GFF;B1;A0;KEGG afr;BioCyc GCF000021485
RU820_RS06165	AFE_1284	否					否	否			未核实化学计量和区室；仅保留ID与基因关联	GCF049 GFF;B1;A0;KEGG afr;BioCyc GCF000021485
RU820_RS06170	AFE_1285	否					否	否			未核实化学计量和区室；仅保留ID与基因关联	GCF049 GFF;B1;A0;KEGG afr;BioCyc GCF000021485
RU820_RS06175	AFE_1286	否					否	否			未核实化学计量和区室；仅保留ID与基因关联	GCF049 GFF;B1;A0;KEGG afr;BioCyc GCF000021485
RU820_RS06180	AFE_1287	否					否	否			未核实化学计量和区室；仅保留ID与基因关联	GCF049 GFF;B1;A0;KEGG afr;BioCyc GCF000021485
RU820_RS06185	AFE_1288	否					否	否			未核实化学计量和区室；仅保留ID与基因关联	GCF049 GFF;B1;A0;KEGG afr;BioCyc GCF000021485
RU820_RS06190	AFE_1289	否					否	否			未核实化学计量和区室；仅保留ID与基因关联	GCF049 GFF;B1;A0;KEGG afr;BioCyc GCF000021485
RU820_RS06195	AFE_1290	否					否	否			未核实化学计量和区室；仅保留ID与基因关联	GCF049 GFF;B1;A0;KEGG afr;BioCyc GCF000021485
RU820_RS06200	AFE_1291	否					否	否			未核实化学计量和区室；仅保留ID与基因关联	GCF049 GFF;B1;A0;KEGG afr;BioCyc GCF000021485
RU820_RS06205	AFE_1292	否					否	否			未核实化学计量和区室；仅保留ID与基因关联	GCF049 GFF;B1;A0;KEGG afr;BioCyc GCF000021485
RU820_RS06210	AFE_1293	否					否	否			未核实化学计量和区室；仅保留ID与基因关联	GCF049 GFF;B1;A0;KEGG afr;BioCyc GCF000021485
RU820_RS06215	AFE_1295	否					否	否			未核实化学计量和区室；仅保留ID与基因关联	GCF049 GFF;B1;A0;KEGG afr;BioCyc GCF000021485
RU820_RS06220	AFE_1296	否					否	否			未核实化学计量和区室；仅保留ID与基因关联	GCF049 GFF;B1;A0;KEGG afr;BioCyc GCF000021485
RU820_RS06225	AFE_1297	否					否	是		R05227	未核实化学计量和区室；仅保留ID与基因关联	GCF049 GFF;B1;A0;KEGG afr;BioCyc GCF000021485
RU820_RS06230	AFE_1299	否					否	否			未核实化学计量和区室；仅保留ID与基因关联	GCF049 GFF;B1;A0;KEGG afr;BioCyc GCF000021485
RU820_RS06235	AFE_1300	否					否	否			未核实化学计量和区室；仅保留ID与基因关联	GCF049 GFF;B1;A0;KEGG afr;BioCyc GCF000021485
RU820_RS06240	AFE_1301	否					否	否			未核实化学计量和区室；仅保留ID与基因关联	GCF049 GFF;B1;A0;KEGG afr;BioCyc GCF000021485
RU820_RS06245	AFE_1302	否					否	否			未核实化学计量和区室；仅保留ID与基因关联	GCF049 GFF;B1;A0;KEGG afr;BioCyc GCF000021485
RU820_RS06250		否					否	否			未核实化学计量和区室；仅保留ID与基因关联	GCF049 GFF;B1;A0;KEGG afr;BioCyc GCF000021485
RU820_RS06255		否					否	否			未核实化学计量和区室；仅保留ID与基因关联	GCF049 GFF;B1;A0;KEGG afr;BioCyc GCF000021485
RU820_RS06260	AFE_1353	否	ASNS1	ASNS1			是	否	ASNSYNB-RXN	R00578	未核实化学计量和区室；仅保留ID与基因关联	GCF049 GFF;B1;A0;KEGG afr;BioCyc GCF000021485
RU820_RS06265	AFE_1354	否					否	否			未核实化学计量和区室；仅保留ID与基因关联	GCF049 GFF;B1;A0;KEGG afr;BioCyc GCF000021485
RU820_RS06270	AFE_1355	否					否	否			未核实化学计量和区室；仅保留ID与基因关联	GCF049 GFF;B1;A0;KEGG afr;BioCyc GCF000021485
RU820_RS06280	AFE_1357	否					否	否			未核实化学计量和区室；仅保留ID与基因关联	GCF049 GFF;B1;A0;KEGG afr;BioCyc GCF000021485
RU820_RS06285	AFE_1359	否					否	否			未核实化学计量和区室；仅保留ID与基因关联	GCF049 GFF;B1;A0;KEGG afr;BioCyc GCF000021485
RU820_RS06290	AFE_1360;AFE_1364	是					否	待定			未核实化学计量和区室；仅保留ID与基因关联	GCF049 GFF;B1;A0;KEGG afr;BioCyc GCF000021485
RU820_RS06295	AFE_1361	否					否	否			未核实化学计量和区室；仅保留ID与基因关联	GCF049 GFF;B1;A0;KEGG afr;BioCyc GCF000021485
RU820_RS06300	AFE_1362	否					否	否			未核实化学计量和区室；仅保留ID与基因关联	GCF049 GFF;B1;A0;KEGG afr;BioCyc GCF000021485
RU820_RS06305	AFE_1363	否					否	否			未核实化学计量和区室；仅保留ID与基因关联	GCF049 GFF;B1;A0;KEGG afr;BioCyc GCF000021485
RU820_RS06310	AFE_1360;AFE_1364	是					否	待定			未核实化学计量和区室；仅保留ID与基因关联	GCF049 GFF;B1;A0;KEGG afr;BioCyc GCF000021485
RU820_RS06315	AFE_1365	否					否	否			未核实化学计量和区室；仅保留ID与基因关联	GCF049 GFF;B1;A0;KEGG afr;BioCyc GCF000021485
RU820_RS06320		否					否	否			未核实化学计量和区室；仅保留ID与基因关联	GCF049 GFF;B1;A0;KEGG afr;BioCyc GCF000021485
RU820_RS06325	AFE_1367	否					否	否			未核实化学计量和区室；仅保留ID与基因关联	GCF049 GFF;B1;A0;KEGG afr;BioCyc GCF000021485
RU820_RS06330	AFE_1368	否					否	否			未核实化学计量和区室；仅保留ID与基因关联	GCF049 GFF;B1;A0;KEGG afr;BioCyc GCF000021485
RU820_RS06335		否					否	否			未核实化学计量和区室；仅保留ID与基因关联	GCF049 GFF;B1;A0;KEGG afr;BioCyc GCF000021485
RU820_RS06340		否					否	否			未核实化学计量和区室；仅保留ID与基因关联	GCF049 GFF;B1;A0;KEGG afr;BioCyc GCF000021485
RU820_RS06345	AFE_1370	否					否	否	2.7.8.6-RXN		未核实化学计量和区室；仅保留ID与基因关联	GCF049 GFF;B1;A0;KEGG afr;BioCyc GCF000021485
RU820_RS06350	AFE_1371	否					否	否			未核实化学计量和区室；仅保留ID与基因关联	GCF049 GFF;B1;A0;KEGG afr;BioCyc GCF000021485
RU820_RS06355	AFE_1372	否					否	否			未核实化学计量和区室；仅保留ID与基因关联	GCF049 GFF;B1;A0;KEGG afr;BioCyc GCF000021485
RU820_RS06360	AFE_1373	否					否	否			未核实化学计量和区室；仅保留ID与基因关联	GCF049 GFF;B1;A0;KEGG afr;BioCyc GCF000021485
RU820_RS06370	AFE_1375	否					否	否			未核实化学计量和区室；仅保留ID与基因关联	GCF049 GFF;B1;A0;KEGG afr;BioCyc GCF000021485
RU820_RS06375	AFE_1376	否					否	否			未核实化学计量和区室；仅保留ID与基因关联	GCF049 GFF;B1;A0;KEGG afr;BioCyc GCF000021485
RU820_RS06380	AFE_1378	否					否	否			未核实化学计量和区室；仅保留ID与基因关联	GCF049 GFF;B1;A0;KEGG afr;BioCyc GCF000021485
RU820_RS06390		否					否	否			未核实化学计量和区室；仅保留ID与基因关联	GCF049 GFF;B1;A0;KEGG afr;BioCyc GCF000021485
RU820_RS06395	AFE_1382	否					否	否			未核实化学计量和区室；仅保留ID与基因关联	GCF049 GFF;B1;A0;KEGG afr;BioCyc GCF000021485
RU820_RS06400	AFE_1383	否					否	否			未核实化学计量和区室；仅保留ID与基因关联	GCF049 GFF;B1;A0;KEGG afr;BioCyc GCF000021485
RU820_RS06405	AFE_1384	否					否	否			未核实化学计量和区室；仅保留ID与基因关联	GCF049 GFF;B1;A0;KEGG afr;BioCyc GCF000021485
RU820_RS06410	AFE_1385	否					否	否			未核实化学计量和区室；仅保留ID与基因关联	GCF049 GFF;B1;A0;KEGG afr;BioCyc GCF000021485
RU820_RS06415		否					否	否			未核实化学计量和区室；仅保留ID与基因关联	GCF049 GFF;B1;A0;KEGG afr;BioCyc GCF000021485
RU820_RS06420	AFE_1386	否					否	否			未核实化学计量和区室；仅保留ID与基因关联	GCF049 GFF;B1;A0;KEGG afr;BioCyc GCF000021485
RU820_RS06425	AFE_1387	否					否	否			未核实化学计量和区室；仅保留ID与基因关联	GCF049 GFF;B1;A0;KEGG afr;BioCyc GCF000021485
RU820_RS06430	AFE_1388	否					否	否			未核实化学计量和区室；仅保留ID与基因关联	GCF049 GFF;B1;A0;KEGG afr;BioCyc GCF000021485
RU820_RS06435	AFE_1390	否					否	否			未核实化学计量和区室；仅保留ID与基因关联	GCF049 GFF;B1;A0;KEGG afr;BioCyc GCF000021485
RU820_RS06440	AFE_1389	否					否	否			未核实化学计量和区室；仅保留ID与基因关联	GCF049 GFF;B1;A0;KEGG afr;BioCyc GCF000021485
RU820_RS06445	AFE_1391	否					否	否			未核实化学计量和区室；仅保留ID与基因关联	GCF049 GFF;B1;A0;KEGG afr;BioCyc GCF000021485
RU820_RS06450	AFE_1393	否					否	否			未核实化学计量和区室；仅保留ID与基因关联	GCF049 GFF;B1;A0;KEGG afr;BioCyc GCF000021485
RU820_RS06455	AFE_1392	否	ASPO5;ASPO6	ASPO5;ASPO6			是	否	L-ASPARTATE-OXID-RXN;RXN-9772	R00357;R00481	未核实化学计量和区室；仅保留ID与基因关联	GCF049 GFF;B1;A0;KEGG afr;BioCyc GCF000021485
RU820_RS06460	AFE_1394	否					否	否			未核实化学计量和区室；仅保留ID与基因关联	GCF049 GFF;B1;A0;KEGG afr;BioCyc GCF000021485
RU820_RS06465	AFE_1395	否					否	否			未核实化学计量和区室；仅保留ID与基因关联	GCF049 GFF;B1;A0;KEGG afr;BioCyc GCF000021485
RU820_RS06470	AFE_1396	否					否	否			未核实化学计量和区室；仅保留ID与基因关联	GCF049 GFF;B1;A0;KEGG afr;BioCyc GCF000021485
RU820_RS06475	AFE_1397	否					否	否			未核实化学计量和区室；仅保留ID与基因关联	GCF049 GFF;B1;A0;KEGG afr;BioCyc GCF000021485
RU820_RS06480	AFE_1398	否					否	否	3.4.21.89-RXN		未核实化学计量和区室；仅保留ID与基因关联	GCF049 GFF;B1;A0;KEGG afr;BioCyc GCF000021485
RU820_RS06485	AFE_1399	否					否	否			未核实化学计量和区室；仅保留ID与基因关联	GCF049 GFF;B1;A0;KEGG afr;BioCyc GCF000021485
RU820_RS06490	AFE_1400	否					否	否	3.1.26.3-RXN		未核实化学计量和区室；仅保留ID与基因关联	GCF049 GFF;B1;A0;KEGG afr;BioCyc GCF000021485
RU820_RS06495	AFE_1401	否					否	否	RXN0-5462		未核实化学计量和区室；仅保留ID与基因关联	GCF049 GFF;B1;A0;KEGG afr;BioCyc GCF000021485
RU820_RS06500	AFE_1402	否					否	否			未核实化学计量和区室；仅保留ID与基因关联	GCF049 GFF;B1;A0;KEGG afr;BioCyc GCF000021485
RU820_RS06505	AFE_1403	否	PDX5PS	PDX5PS			是	否	PDXJ-RXN	R05838	未核实化学计量和区室；仅保留ID与基因关联	GCF049 GFF;B1;A0;KEGG afr;BioCyc GCF000021485
RU820_RS06510	AFE_1404	否	ACPS1	ACPS1			是	否	ENTDB-RXN;HOLO-ACP-SYNTH-RXN;RXN-10674;RXN-10994;RXN-15889;RXN-16759;RXN-19477;RXN-19493	R01625	未核实化学计量和区室；仅保留ID与基因关联	GCF049 GFF;B1;A0;KEGG afr;BioCyc GCF000021485
RU820_RS06515	AFE_1405	否	UDPGD	UDPGD			是	否		R00286	未核实化学计量和区室；仅保留ID与基因关联	GCF049 GFF;B1;A0;KEGG afr;BioCyc GCF000021485
RU820_RS06520	AFE_1406	否	GMHEPAT	GMHEPAT			是	否	RXN0-4341	R05646	未核实化学计量和区室；仅保留ID与基因关联	GCF049 GFF;B1;A0;KEGG afr;BioCyc GCF000021485
RU820_RS06525	AFE_1407	否					否	否	TRNA-S-TRANSFERASE-RXN		未核实化学计量和区室；仅保留ID与基因关联	GCF049 GFF;B1;A0;KEGG afr;BioCyc GCF000021485
RU820_RS06530	AFE_1408	否					否	否			未核实化学计量和区室；仅保留ID与基因关联	GCF049 GFF;B1;A0;KEGG afr;BioCyc GCF000021485
RU820_RS06535		否					否	否			未核实化学计量和区室；仅保留ID与基因关联	GCF049 GFF;B1;A0;KEGG afr;BioCyc GCF000021485
RU820_RS06540	AFE_1412	否					否	否			未核实化学计量和区室；仅保留ID与基因关联	GCF049 GFF;B1;A0;KEGG afr;BioCyc GCF000021485
RU820_RS06545	AFE_1413	否					否	否			未核实化学计量和区室；仅保留ID与基因关联	GCF049 GFF;B1;A0;KEGG afr;BioCyc GCF000021485
RU820_RS06550		否					否	否			未核实化学计量和区室；仅保留ID与基因关联	GCF049 GFF;B1;A0;KEGG afr;BioCyc GCF000021485
RU820_RS06555	AFE_1415	否					否	否			未核实化学计量和区室；仅保留ID与基因关联	GCF049 GFF;B1;A0;KEGG afr;BioCyc GCF000021485
RU820_RS06560	AFE_1417	否	ARGDC	ARGDC			是	否			未核实化学计量和区室；仅保留ID与基因关联	GCF049 GFF;B1;A0;KEGG afr;BioCyc GCF000021485
RU820_RS06565	AFE_1418	否					否	否			未核实化学计量和区室；仅保留ID与基因关联	GCF049 GFF;B1;A0;KEGG afr;BioCyc GCF000021485
RU820_RS06570		否					否	否			未核实化学计量和区室；仅保留ID与基因关联	GCF049 GFF;B1;A0;KEGG afr;BioCyc GCF000021485
RU820_RS06575	AFE_1420	否					否	否			未核实化学计量和区室；仅保留ID与基因关联	GCF049 GFF;B1;A0;KEGG afr;BioCyc GCF000021485
RU820_RS06580	AFE_1422	否					否	是	LIPIDXSYNTHESIS-RXN;RXN-20786;RXN-22239;RXN-22483;RXN2B4Q-51;RXN2DNV-1		未核实化学计量和区室；仅保留ID与基因关联	GCF049 GFF;B1;A0;KEGG afr;BioCyc GCF000021485
RU820_RS06585		否					否	否			未核实化学计量和区室；仅保留ID与基因关联	GCF049 GFF;B1;A0;KEGG afr;BioCyc GCF000021485
RU820_RS06590	AFE_1425	否					否	否			未核实化学计量和区室；仅保留ID与基因关联	GCF049 GFF;B1;A0;KEGG afr;BioCyc GCF000021485
RU820_RS06595	AFE_1427	否					否	是		R10850;R12902	未核实化学计量和区室；仅保留ID与基因关联	GCF049 GFF;B1;A0;KEGG afr;BioCyc GCF000021485
RU820_RS06600	AFE_1428	否					否	否			未核实化学计量和区室；仅保留ID与基因关联	GCF049 GFF;B1;A0;KEGG afr;BioCyc GCF000021485
RU820_RS06605	AFE_1429	否					否	否			未核实化学计量和区室；仅保留ID与基因关联	GCF049 GFF;B1;A0;KEGG afr;BioCyc GCF000021485
RU820_RS06610	AFE_1430	否					否	是			未核实化学计量和区室；仅保留ID与基因关联	GCF049 GFF;B1;A0;KEGG afr;BioCyc GCF000021485
RU820_RS06615	AFE_1431	否					否	否			未核实化学计量和区室；仅保留ID与基因关联	GCF049 GFF;B1;A0;KEGG afr;BioCyc GCF000021485
RU820_RS06620	AFE_1432	否					否	否			未核实化学计量和区室；仅保留ID与基因关联	GCF049 GFF;B1;A0;KEGG afr;BioCyc GCF000021485
RU820_RS06625	AFE_1433	否					否	否			未核实化学计量和区室；仅保留ID与基因关联	GCF049 GFF;B1;A0;KEGG afr;BioCyc GCF000021485
RU820_RS06630	AFE_1434	否	Pitpp	Pitpp			是	否			未核实化学计量和区室；仅保留ID与基因关联	GCF049 GFF;B1;A0;KEGG afr;BioCyc GCF000021485
RU820_RS06635		否					否	否			未核实化学计量和区室；仅保留ID与基因关联	GCF049 GFF;B1;A0;KEGG afr;BioCyc GCF000021485
RU820_RS06640	AFE_1436	否	Pitpp	Pitpp			是	否	ABC-27-RXN;RXN-22326		未核实化学计量和区室；仅保留ID与基因关联	GCF049 GFF;B1;A0;KEGG afr;BioCyc GCF000021485
RU820_RS06645	AFE_1437	否	Pitpp	Pitpp			是	否			未核实化学计量和区室；仅保留ID与基因关联	GCF049 GFF;B1;A0;KEGG afr;BioCyc GCF000021485
RU820_RS06650	AFE_1438	否	Pitpp	Pitpp			是	否			未核实化学计量和区室；仅保留ID与基因关联	GCF049 GFF;B1;A0;KEGG afr;BioCyc GCF000021485
RU820_RS06655	AFE_1439	否	Pitpp	Pitpp			是	否	ABC-27-RXN;RXN-22326		未核实化学计量和区室；仅保留ID与基因关联	GCF049 GFF;B1;A0;KEGG afr;BioCyc GCF000021485
RU820_RS06660		否					否	否			未核实化学计量和区室；仅保留ID与基因关联	GCF049 GFF;B1;A0;KEGG afr;BioCyc GCF000021485
RU820_RS06665	AFE_1441	否	Pitpp	Pitpp			是	否	EXOPOLYPHOSPHATASE-RXN	R03409	未核实化学计量和区室；仅保留ID与基因关联	GCF049 GFF;B1;A0;KEGG afr;BioCyc GCF000021485
RU820_RS06670	AFE_1443	否					否	否			未核实化学计量和区室；仅保留ID与基因关联	GCF049 GFF;B1;A0;KEGG afr;BioCyc GCF000021485
RU820_RS06675	AFE_1444	否					否	否			未核实化学计量和区室；仅保留ID与基因关联	GCF049 GFF;B1;A0;KEGG afr;BioCyc GCF000021485
RU820_RS06680	AFE_1445	否					否	否			未核实化学计量和区室；仅保留ID与基因关联	GCF049 GFF;B1;A0;KEGG afr;BioCyc GCF000021485
RU820_RS06685	AFE_1446	否	URIDK	URIDK			是	否	RXN-12002	R00158	未核实化学计量和区室；仅保留ID与基因关联	GCF049 GFF;B1;A0;KEGG afr;BioCyc GCF000021485
RU820_RS06690	AFE_1447	否					否	否			未核实化学计量和区室；仅保留ID与基因关联	GCF049 GFF;B1;A0;KEGG afr;BioCyc GCF000021485
RU820_RS06695	AFE_1448	否	DTDCT;UDCPDPS;UDDS	DTDCT;UDCPDPS;UDDS			是	否	RXN-8999	R06447	未核实化学计量和区室；仅保留ID与基因关联	GCF049 GFF;B1;A0;KEGG afr;BioCyc GCF000021485
RU820_RS06700	AFE_1449	否	PCYT	PCYT			是	否	RXN-9995	R01799	未核实化学计量和区室；仅保留ID与基因关联	GCF049 GFF;B1;A0;KEGG afr;BioCyc GCF000021485
RU820_RS06705	AFE_1450	否	DOXRI	DOXRI			是	否	DXPREDISOM-RXN	R05688	未核实化学计量和区室；仅保留ID与基因关联	GCF049 GFF;B1;A0;KEGG afr;BioCyc GCF000021485
RU820_RS06710	AFE_1451	否					否	否			未核实化学计量和区室；仅保留ID与基因关联	GCF049 GFF;B1;A0;KEGG afr;BioCyc GCF000021485
RU820_RS06715	AFE_1452	否					否	否			未核实化学计量和区室；仅保留ID与基因关联	GCF049 GFF;B1;A0;KEGG afr;BioCyc GCF000021485
RU820_RS06720	AFE_1453	否					否	否			未核实化学计量和区室；仅保留ID与基因关联	GCF049 GFF;B1;A0;KEGG afr;BioCyc GCF000021485
RU820_RS06725	AFE_1454	否	UAAA	UAAA			是	否	RXN-20787;RXN-22241;RXN-22245;RXN-22482;RXN2B4Q-50;RXNI-27;UDPHYDROXYMYRGLUCOSAMNACETYLTRANS-RXN	R04550	未核实化学计量和区室；仅保留ID与基因关联	GCF049 GFF;B1;A0;KEGG afr;BioCyc GCF000021485
RU820_RS06730	AFE_1455	否	BHAH1;BHAH10;BHAH11;BHAH12;BHAH13;BHAH14;BHAH15;BHAH16;BHAH17;BHAH2;BHAH3;BHAH4;BHAH5;BHAH6;BHAH7;BHAH8;BHAH9	BHAH1;BHAH10;BHAH11;BHAH12;BHAH13;BHAH14;BHAH15;BHAH16;BHAH17;BHAH2;BHAH3;BHAH4;BHAH5;BHAH6;BHAH7;BHAH8;BHAH9			是	否	3-HYDROXYDECANOYL-ACP-DEHYDR-RXN;4.2.1.58-RXN;4.2.1.59-RXN;4.2.1.61-RXN;RXN-11477;RXN-11481;RXN-16631;RXN-9520;RXN-9533;RXN-9537;RXN-9634;RXN-9655	R04428;R04535;R04537;R04544;R04568;R04954;R04965;R07764;R10117;R10121;R10208	未核实化学计量和区室；仅保留ID与基因关联	GCF049 GFF;B1;A0;KEGG afr;BioCyc GCF000021485
RU820_RS06735	AFE_1456	否	UAGAAT	UAGAAT			是	否	RXN-20789;RXN-22244;RXN-22246;RXN-22480;UDPNACETYLGLUCOSAMACYLTRANS-RXN	R04567	未核实化学计量和区室；仅保留ID与基因关联	GCF049 GFF;B1;A0;KEGG afr;BioCyc GCF000021485
RU820_RS06740	AFE_1457	否	AGAD	AGAD			是	否			未核实化学计量和区室；仅保留ID与基因关联	GCF049 GFF;B1;A0;KEGG afr;BioCyc GCF000021485
RU820_RS06745	AFE_1458	否	UACAA	UACAA			是	否			未核实化学计量和区室；仅保留ID与基因关联	GCF049 GFF;B1;A0;KEGG afr;BioCyc GCF000021485
RU820_RS06750	AFE_1459	否	LPADSS	LPADSS			是	否	LIPIDADISACCHARIDESYNTH-RXN;RXN-20785;RXN-22237;RXN-22484;RXN2B4Q-52;RXN2DNV-2	R04606	未核实化学计量和区室；仅保留ID与基因关联	GCF049 GFF;B1;A0;KEGG afr;BioCyc GCF000021485
RU820_RS06755	AFE_1460	否					否	否	3.1.26.4-RXN		未核实化学计量和区室；仅保留ID与基因关联	GCF049 GFF;B1;A0;KEGG afr;BioCyc GCF000021485
RU820_RS06760	AFE_1461	否					否	否	DNA-DIRECTED-DNA-POLYMERASE-RXN;RXN-20927		未核实化学计量和区室；仅保留ID与基因关联	GCF049 GFF;B1;A0;KEGG afr;BioCyc GCF000021485
RU820_RS06765	AFE_1462	否	ACCOAC;BIOC1	ACCOAC;BIOC1			是	否	ACETYL-COA-CARBOXYLTRANSFER-RXN	R00742;R04386	未核实化学计量和区室；仅保留ID与基因关联	GCF049 GFF;B1;A0;KEGG afr;BioCyc GCF000021485
RU820_RS06770	AFE_1464	否					否	否	RXN-1961	R09597	未核实化学计量和区室；仅保留ID与基因关联	GCF049 GFF;B1;A0;KEGG afr;BioCyc GCF000021485
RU820_RS06775	AFE_1463	否	DHORTS	DHORTS			是	否	DIHYDROOROT-RXN	R01993	未核实化学计量和区室；仅保留ID与基因关联	GCF049 GFF;B1;A0;KEGG afr;BioCyc GCF000021485
RU820_RS06780	AFE_1465	否					否	否			未核实化学计量和区室；仅保留ID与基因关联	GCF049 GFF;B1;A0;KEGG afr;BioCyc GCF000021485
RU820_RS06785	AFE_1466	否					否	否			未核实化学计量和区室；仅保留ID与基因关联	GCF049 GFF;B1;A0;KEGG afr;BioCyc GCF000021485
RU820_RS06790	AFE_1467	否					否	否			未核实化学计量和区室；仅保留ID与基因关联	GCF049 GFF;B1;A0;KEGG afr;BioCyc GCF000021485
RU820_RS06795	AFE_1468	否					否	否			未核实化学计量和区室；仅保留ID与基因关联	GCF049 GFF;B1;A0;KEGG afr;BioCyc GCF000021485
RU820_RS06800	AFE_1469	否					否	否			未核实化学计量和区室；仅保留ID与基因关联	GCF049 GFF;B1;A0;KEGG afr;BioCyc GCF000021485
RU820_RS06805	AFE_1471	否					否	是	ARGDECARBOX-RXN	R00566	未核实化学计量和区室；仅保留ID与基因关联	GCF049 GFF;B1;A0;KEGG afr;BioCyc GCF000021485
RU820_RS06810	AFE_1470	否					否	否			未核实化学计量和区室；仅保留ID与基因关联	GCF049 GFF;B1;A0;KEGG afr;BioCyc GCF000021485
RU820_RS06815	AFE_1472	否					否	是		R01085	未核实化学计量和区室；仅保留ID与基因关联	GCF049 GFF;B1;A0;KEGG afr;BioCyc GCF000021485
RU820_RS06820	AFE_1473	否					否	否			未核实化学计量和区室；仅保留ID与基因关联	GCF049 GFF;B1;A0;KEGG afr;BioCyc GCF000021485
RU820_RS06825	AFE_1474	否					否	是	RXN-19609	R03522;R07002;R07003;R07004;R07023;R07024;R07025;R07026;R07069;R07070;R07083;R07084;R07091;R07092;R07093;R07094;R07100;R07113;R07116;R08280;R09409;R11905	未核实化学计量和区室；仅保留ID与基因关联	GCF049 GFF;B1;A0;KEGG afr;BioCyc GCF000021485
RU820_RS06830	AFE_1475	否					否	否			未核实化学计量和区室；仅保留ID与基因关联	GCF049 GFF;B1;A0;KEGG afr;BioCyc GCF000021485
RU820_RS06835	AFE_1476	否					否	否			未核实化学计量和区室；仅保留ID与基因关联	GCF049 GFF;B1;A0;KEGG afr;BioCyc GCF000021485
RU820_RS06840	AFE_1477	否					否	否			未核实化学计量和区室；仅保留ID与基因关联	GCF049 GFF;B1;A0;KEGG afr;BioCyc GCF000021485
RU820_RS06845	AFE_1478	否					否	否			未核实化学计量和区室；仅保留ID与基因关联	GCF049 GFF;B1;A0;KEGG afr;BioCyc GCF000021485
RU820_RS06850	AFE_1479	否					否	否			未核实化学计量和区室；仅保留ID与基因关联	GCF049 GFF;B1;A0;KEGG afr;BioCyc GCF000021485
RU820_RS06855	AFE_1480	否					否	否			未核实化学计量和区室；仅保留ID与基因关联	GCF049 GFF;B1;A0;KEGG afr;BioCyc GCF000021485
RU820_RS06860	AFE_1482	否					否	否			未核实化学计量和区室；仅保留ID与基因关联	GCF049 GFF;B1;A0;KEGG afr;BioCyc GCF000021485
RU820_RS06865	AFE_1483	否					否	否			未核实化学计量和区室；仅保留ID与基因关联	GCF049 GFF;B1;A0;KEGG afr;BioCyc GCF000021485
RU820_RS06870	AFE_1484	否					否	否			未核实化学计量和区室；仅保留ID与基因关联	GCF049 GFF;B1;A0;KEGG afr;BioCyc GCF000021485
RU820_RS06875	AFE_1485	否					否	否			未核实化学计量和区室；仅保留ID与基因关联	GCF049 GFF;B1;A0;KEGG afr;BioCyc GCF000021485
RU820_RS06880	AFE_1486	否					否	否			未核实化学计量和区室；仅保留ID与基因关联	GCF049 GFF;B1;A0;KEGG afr;BioCyc GCF000021485
RU820_RS06885		否					否	否			未核实化学计量和区室；仅保留ID与基因关联	GCF049 GFF;B1;A0;KEGG afr;BioCyc GCF000021485
RU820_RS06890		否					否	否			未核实化学计量和区室；仅保留ID与基因关联	GCF049 GFF;B1;A0;KEGG afr;BioCyc GCF000021485
RU820_RS06895	AFE_1488	否					否	否			未核实化学计量和区室；仅保留ID与基因关联	GCF049 GFF;B1;A0;KEGG afr;BioCyc GCF000021485
RU820_RS06900	AFE_1489	否	FE3tpp	FE3tpp			是	否			未核实化学计量和区室；仅保留ID与基因关联	GCF049 GFF;B1;A0;KEGG afr;BioCyc GCF000021485
RU820_RS06905	AFE_1490	否	FE3tpp	FE3tpp			是	否			未核实化学计量和区室；仅保留ID与基因关联	GCF049 GFF;B1;A0;KEGG afr;BioCyc GCF000021485
RU820_RS06910	AFE_1491	否	FE3tpp	FE3tpp			是	否			未核实化学计量和区室；仅保留ID与基因关联	GCF049 GFF;B1;A0;KEGG afr;BioCyc GCF000021485
RU820_RS06915	AFE_1492	否					否	否			未核实化学计量和区室；仅保留ID与基因关联	GCF049 GFF;B1;A0;KEGG afr;BioCyc GCF000021485
RU820_RS06920	AFE_1493	否	FE3tpp	FE3tpp			是	否	ABC-19-RXN		未核实化学计量和区室；仅保留ID与基因关联	GCF049 GFF;B1;A0;KEGG afr;BioCyc GCF000021485
RU820_RS06925	AFE_1494	否	DB4PS;FE3tpp	DB4PS;FE3tpp			是	否			未核实化学计量和区室；仅保留ID与基因关联	GCF049 GFF;B1;A0;KEGG afr;BioCyc GCF000021485
RU820_RS06930	AFE_1495	否	FE3tpp	FE3tpp			是	否			未核实化学计量和区室；仅保留ID与基因关联	GCF049 GFF;B1;A0;KEGG afr;BioCyc GCF000021485
RU820_RS06935	AFE_1496	否					否	是			未核实化学计量和区室；仅保留ID与基因关联	GCF049 GFF;B1;A0;KEGG afr;BioCyc GCF000021485
RU820_RS06940	AFE_1497	否					否	是			未核实化学计量和区室；仅保留ID与基因关联	GCF049 GFF;B1;A0;KEGG afr;BioCyc GCF000021485
RU820_RS06945	AFE_1498	否					否	否			未核实化学计量和区室；仅保留ID与基因关联	GCF049 GFF;B1;A0;KEGG afr;BioCyc GCF000021485
RU820_RS06950	AFE_1499	否					否	否			未核实化学计量和区室；仅保留ID与基因关联	GCF049 GFF;B1;A0;KEGG afr;BioCyc GCF000021485
RU820_RS06955	AFE_1500	否					否	否			未核实化学计量和区室；仅保留ID与基因关联	GCF049 GFF;B1;A0;KEGG afr;BioCyc GCF000021485
RU820_RS06960	AFE_1501	否					否	否			未核实化学计量和区室；仅保留ID与基因关联	GCF049 GFF;B1;A0;KEGG afr;BioCyc GCF000021485
RU820_RS06965	AFE_1502	否					否	否			未核实化学计量和区室；仅保留ID与基因关联	GCF049 GFF;B1;A0;KEGG afr;BioCyc GCF000021485
RU820_RS06970	AFE_1503	否					否	否			未核实化学计量和区室；仅保留ID与基因关联	GCF049 GFF;B1;A0;KEGG afr;BioCyc GCF000021485
RU820_RS06975	AFE_1504	否					否	否			未核实化学计量和区室；仅保留ID与基因关联	GCF049 GFF;B1;A0;KEGG afr;BioCyc GCF000021485
RU820_RS06980	AFE_1505	否	SERAT	SERAT			是	否	SERINE-O-ACETTRAN-RXN	R00586	未核实化学计量和区室；仅保留ID与基因关联	GCF049 GFF;B1;A0;KEGG afr;BioCyc GCF000021485
RU820_RS06985	AFE_1506	否					否	是	HOMOCITRATE-SYNTHASE-RXN	R00271	未核实化学计量和区室；仅保留ID与基因关联	GCF049 GFF;B1;A0;KEGG afr;BioCyc GCF000021485
RU820_RS06990	AFE_1507	否	CYSDSS	CYSDSS			是	否	RXN-12588;RXN-14385;RXN-15881;RXN-20037;RXN-21560;RXN-21566;RXN-9787	R07460;R11528;R11529	未核实化学计量和区室；仅保留ID与基因关联	GCF049 GFF;B1;A0;KEGG afr;BioCyc GCF000021485
RU820_RS06995	AFE_1508	否					否	否			未核实化学计量和区室；仅保留ID与基因关联	GCF049 GFF;B1;A0;KEGG afr;BioCyc GCF000021485
RU820_RS07000	AFE_1509	否					否	否			未核实化学计量和区室；仅保留ID与基因关联	GCF049 GFF;B1;A0;KEGG afr;BioCyc GCF000021485
RU820_RS07005	AFE_1510	否					否	否			未核实化学计量和区室；仅保留ID与基因关联	GCF049 GFF;B1;A0;KEGG afr;BioCyc GCF000021485
RU820_RS07010	AFE_1511	否					否	否			未核实化学计量和区室；仅保留ID与基因关联	GCF049 GFF;B1;A0;KEGG afr;BioCyc GCF000021485
RU820_RS07015	AFE_1512	否					否	否			未核实化学计量和区室；仅保留ID与基因关联	GCF049 GFF;B1;A0;KEGG afr;BioCyc GCF000021485
RU820_RS07020	AFE_1513	否					否	否			未核实化学计量和区室；仅保留ID与基因关联	GCF049 GFF;B1;A0;KEGG afr;BioCyc GCF000021485
RU820_RS07025	AFE_1514	否					否	否			未核实化学计量和区室；仅保留ID与基因关联	GCF049 GFF;B1;A0;KEGG afr;BioCyc GCF000021485
RU820_RS07030	AFE_1515	否	NITF	NITF			是	否			未核实化学计量和区室；仅保留ID与基因关联	GCF049 GFF;B1;A0;KEGG afr;BioCyc GCF000021485
RU820_RS07035	AFE_1516	否	NITF	NITF			是	否	RXN-17026		未核实化学计量和区室；仅保留ID与基因关联	GCF049 GFF;B1;A0;KEGG afr;BioCyc GCF000021485
RU820_RS07040	AFE_1517	否	NITF	NITF			是	否	RXN-17026		未核实化学计量和区室；仅保留ID与基因关联	GCF049 GFF;B1;A0;KEGG afr;BioCyc GCF000021485
RU820_RS07045	AFE_1518	否	NITF	NITF			是	否			未核实化学计量和区室；仅保留ID与基因关联	GCF049 GFF;B1;A0;KEGG afr;BioCyc GCF000021485
RU820_RS07050	AFE_1519	否	NITF	NITF			是	否			未核实化学计量和区室；仅保留ID与基因关联	GCF049 GFF;B1;A0;KEGG afr;BioCyc GCF000021485
RU820_RS07055	AFE_1520	否	NITF	NITF			是	否	NITROGENASE-RXN;RXN-20190	R05185;R05496	未核实化学计量和区室；仅保留ID与基因关联	GCF049 GFF;B1;A0;KEGG afr;BioCyc GCF000021485
RU820_RS07060	AFE_1521	否	NITF	NITF			是	否	NITROGENASE-RXN;RXN-20190	R05185;R05496	未核实化学计量和区室；仅保留ID与基因关联	GCF049 GFF;B1;A0;KEGG afr;BioCyc GCF000021485
RU820_RS07065	AFE_1522	否	NITF	NITF			是	否	NITROGENASE-RXN;RXN-17059;RXN-20190	R05185;R05496	未核实化学计量和区室；仅保留ID与基因关联	GCF049 GFF;B1;A0;KEGG afr;BioCyc GCF000021485
RU820_RS07070	AFE_1523	否					否	否			未核实化学计量和区室；仅保留ID与基因关联	GCF049 GFF;B1;A0;KEGG afr;BioCyc GCF000021485
RU820_RS07075	AFE_1524	否					否	否	2.4.2.37-RXN		未核实化学计量和区室；仅保留ID与基因关联	GCF049 GFF;B1;A0;KEGG afr;BioCyc GCF000021485
RU820_RS07080	AFE_1525	否					否	否	3.2.2.24-RXN		未核实化学计量和区室；仅保留ID与基因关联	GCF049 GFF;B1;A0;KEGG afr;BioCyc GCF000021485
RU820_RS07085	AFE_1527	否					否	否			未核实化学计量和区室；仅保留ID与基因关联	GCF049 GFF;B1;A0;KEGG afr;BioCyc GCF000021485
RU820_RS07090	AFE_1529	否					否	否			未核实化学计量和区室；仅保留ID与基因关联	GCF049 GFF;B1;A0;KEGG afr;BioCyc GCF000021485
RU820_RS07095	AFE_1530	否					否	否			未核实化学计量和区室；仅保留ID与基因关联	GCF049 GFF;B1;A0;KEGG afr;BioCyc GCF000021485
RU820_RS07100	AFE_1531	否					否	否			未核实化学计量和区室；仅保留ID与基因关联	GCF049 GFF;B1;A0;KEGG afr;BioCyc GCF000021485
RU820_RS07105	AFE_1532	否					否	否			未核实化学计量和区室；仅保留ID与基因关联	GCF049 GFF;B1;A0;KEGG afr;BioCyc GCF000021485
RU820_RS07110	AFE_1533	否					否	否			未核实化学计量和区室；仅保留ID与基因关联	GCF049 GFF;B1;A0;KEGG afr;BioCyc GCF000021485
RU820_RS07115	AFE_1534	否					否	否			未核实化学计量和区室；仅保留ID与基因关联	GCF049 GFF;B1;A0;KEGG afr;BioCyc GCF000021485
RU820_RS07120	AFE_1535	否					否	否			未核实化学计量和区室；仅保留ID与基因关联	GCF049 GFF;B1;A0;KEGG afr;BioCyc GCF000021485
RU820_RS07125	AFE_1536	否					否	否			未核实化学计量和区室；仅保留ID与基因关联	GCF049 GFF;B1;A0;KEGG afr;BioCyc GCF000021485
RU820_RS07130	AFE_1537	否	CYSDSS	CYSDSS			是	否		R07460;R11528;R11529	未核实化学计量和区室；仅保留ID与基因关联	GCF049 GFF;B1;A0;KEGG afr;BioCyc GCF000021485
RU820_RS07135	AFE_1538	否					否	否			未核实化学计量和区室；仅保留ID与基因关联	GCF049 GFF;B1;A0;KEGG afr;BioCyc GCF000021485
RU820_RS07140	AFE_1539	否					否	否			未核实化学计量和区室；仅保留ID与基因关联	GCF049 GFF;B1;A0;KEGG afr;BioCyc GCF000021485
RU820_RS07145	AFE_1540	否					否	否			未核实化学计量和区室；仅保留ID与基因关联	GCF049 GFF;B1;A0;KEGG afr;BioCyc GCF000021485
RU820_RS07150	AFE_1541	否					否	是		R13327	未核实化学计量和区室；仅保留ID与基因关联	GCF049 GFF;B1;A0;KEGG afr;BioCyc GCF000021485
RU820_RS07155	AFE_1542	否					否	否			未核实化学计量和区室；仅保留ID与基因关联	GCF049 GFF;B1;A0;KEGG afr;BioCyc GCF000021485
RU820_RS07160		否					否	否			未核实化学计量和区室；仅保留ID与基因关联	GCF049 GFF;B1;A0;KEGG afr;BioCyc GCF000021485
RU820_RS07165	AFE_1544	否					否	否			未核实化学计量和区室；仅保留ID与基因关联	GCF049 GFF;B1;A0;KEGG afr;BioCyc GCF000021485
RU820_RS07170	AFE_1545	否					否	否			未核实化学计量和区室；仅保留ID与基因关联	GCF049 GFF;B1;A0;KEGG afr;BioCyc GCF000021485
RU820_RS07175	AFE_1546	否					否	是	SUCCINATE-SEMIALDEHYDE-DEHYDROGENASE-RXN	R00713;R00714;R02401	未核实化学计量和区室；仅保留ID与基因关联	GCF049 GFF;B1;A0;KEGG afr;BioCyc GCF000021485
RU820_RS07180	AFE_1548	否					否	否			未核实化学计量和区室；仅保留ID与基因关联	GCF049 GFF;B1;A0;KEGG afr;BioCyc GCF000021485
RU820_RS07185	AFE_1547	否					否	是			未核实化学计量和区室；仅保留ID与基因关联	GCF049 GFF;B1;A0;KEGG afr;BioCyc GCF000021485
RU820_RS07190	AFE_1549	否					否	否			未核实化学计量和区室；仅保留ID与基因关联	GCF049 GFF;B1;A0;KEGG afr;BioCyc GCF000021485
RU820_RS07195	AFE_1550	否					否	是		R00760;R00867;R03920	未核实化学计量和区室；仅保留ID与基因关联	GCF049 GFF;B1;A0;KEGG afr;BioCyc GCF000021485
RU820_RS07200	AFE_1551	否					否	是		R00766	未核实化学计量和区室；仅保留ID与基因关联	GCF049 GFF;B1;A0;KEGG afr;BioCyc GCF000021485
RU820_RS07205	AFE_1552	否					否	是	RXN-6222;SUCROSE-SYNTHASE-RXN	R00806	未核实化学计量和区室；仅保留ID与基因关联	GCF049 GFF;B1;A0;KEGG afr;BioCyc GCF000021485
RU820_RS07210	AFE_1553	否					否	否	2.1.1.63-RXN;RXN-17823;RXN-17824		未核实化学计量和区室；仅保留ID与基因关联	GCF049 GFF;B1;A0;KEGG afr;BioCyc GCF000021485
RU820_RS07215	AFE_1554	否					否	否			未核实化学计量和区室；仅保留ID与基因关联	GCF049 GFF;B1;A0;KEGG afr;BioCyc GCF000021485
RU820_RS07220		否					否	否			未核实化学计量和区室；仅保留ID与基因关联	GCF049 GFF;B1;A0;KEGG afr;BioCyc GCF000021485
RU820_RS07225	AFE_1556	否					否	否			未核实化学计量和区室；仅保留ID与基因关联	GCF049 GFF;B1;A0;KEGG afr;BioCyc GCF000021485
RU820_RS07230		否					否	否			未核实化学计量和区室；仅保留ID与基因关联	GCF049 GFF;B1;A0;KEGG afr;BioCyc GCF000021485
RU820_RS07235	AFE_1557	否					否	否			未核实化学计量和区室；仅保留ID与基因关联	GCF049 GFF;B1;A0;KEGG afr;BioCyc GCF000021485
RU820_RS07240	AFE_1559	否					否	否			未核实化学计量和区室；仅保留ID与基因关联	GCF049 GFF;B1;A0;KEGG afr;BioCyc GCF000021485
RU820_RS07245	AFE_1560	否					否	否			未核实化学计量和区室；仅保留ID与基因关联	GCF049 GFF;B1;A0;KEGG afr;BioCyc GCF000021485
RU820_RS07250	AFE_1561	否					否	否			未核实化学计量和区室；仅保留ID与基因关联	GCF049 GFF;B1;A0;KEGG afr;BioCyc GCF000021485
RU820_RS07255	AFE_1562	否					否	否			未核实化学计量和区室；仅保留ID与基因关联	GCF049 GFF;B1;A0;KEGG afr;BioCyc GCF000021485
RU820_RS07260	AFE_1563	否					否	否			未核实化学计量和区室；仅保留ID与基因关联	GCF049 GFF;B1;A0;KEGG afr;BioCyc GCF000021485
RU820_RS07265	AFE_1564	否					否	否			未核实化学计量和区室；仅保留ID与基因关联	GCF049 GFF;B1;A0;KEGG afr;BioCyc GCF000021485
RU820_RS07270	AFE_1565	否					否	否			未核实化学计量和区室；仅保留ID与基因关联	GCF049 GFF;B1;A0;KEGG afr;BioCyc GCF000021485
RU820_RS07275	AFE_1566	否					否	否			未核实化学计量和区室；仅保留ID与基因关联	GCF049 GFF;B1;A0;KEGG afr;BioCyc GCF000021485
RU820_RS07280	AFE_1567	否					否	否			未核实化学计量和区室；仅保留ID与基因关联	GCF049 GFF;B1;A0;KEGG afr;BioCyc GCF000021485
RU820_RS07285	AFE_1568	否					否	否	2.1.1.72-RXN		未核实化学计量和区室；仅保留ID与基因关联	GCF049 GFF;B1;A0;KEGG afr;BioCyc GCF000021485
RU820_RS07290	AFE_1569	否					否	否			未核实化学计量和区室；仅保留ID与基因关联	GCF049 GFF;B1;A0;KEGG afr;BioCyc GCF000021485
RU820_RS07295	AFE_1572	否					否	否			未核实化学计量和区室；仅保留ID与基因关联	GCF049 GFF;B1;A0;KEGG afr;BioCyc GCF000021485
RU820_RS07300		否					否	否			未核实化学计量和区室；仅保留ID与基因关联	GCF049 GFF;B1;A0;KEGG afr;BioCyc GCF000021485
RU820_RS07305	AFE_1574	否					否	否			未核实化学计量和区室；仅保留ID与基因关联	GCF049 GFF;B1;A0;KEGG afr;BioCyc GCF000021485
RU820_RS07310	AFE_1575	否					否	否			未核实化学计量和区室；仅保留ID与基因关联	GCF049 GFF;B1;A0;KEGG afr;BioCyc GCF000021485
RU820_RS07315	AFE_1576	否					否	否			未核实化学计量和区室；仅保留ID与基因关联	GCF049 GFF;B1;A0;KEGG afr;BioCyc GCF000021485
RU820_RS07320	AFE_1577	否					否	否			未核实化学计量和区室；仅保留ID与基因关联	GCF049 GFF;B1;A0;KEGG afr;BioCyc GCF000021485
RU820_RS07325	AFE_1578	否					否	否			未核实化学计量和区室；仅保留ID与基因关联	GCF049 GFF;B1;A0;KEGG afr;BioCyc GCF000021485
RU820_RS07330	AFE_1579	否					否	否			未核实化学计量和区室；仅保留ID与基因关联	GCF049 GFF;B1;A0;KEGG afr;BioCyc GCF000021485
RU820_RS07335	AFE_1580	否					否	否			未核实化学计量和区室；仅保留ID与基因关联	GCF049 GFF;B1;A0;KEGG afr;BioCyc GCF000021485
RU820_RS07340	AFE_1582	否					否	否			未核实化学计量和区室；仅保留ID与基因关联	GCF049 GFF;B1;A0;KEGG afr;BioCyc GCF000021485
RU820_RS07345	AFE_1583	否					否	否			未核实化学计量和区室；仅保留ID与基因关联	GCF049 GFF;B1;A0;KEGG afr;BioCyc GCF000021485
RU820_RS07350	AFE_1584	否					否	否			未核实化学计量和区室；仅保留ID与基因关联	GCF049 GFF;B1;A0;KEGG afr;BioCyc GCF000021485
RU820_RS07355	AFE_1585	否					否	否			未核实化学计量和区室；仅保留ID与基因关联	GCF049 GFF;B1;A0;KEGG afr;BioCyc GCF000021485
RU820_RS07360	AFE_1586	否					否	否			未核实化学计量和区室；仅保留ID与基因关联	GCF049 GFF;B1;A0;KEGG afr;BioCyc GCF000021485
RU820_RS07365	AFE_1588	否					否	否			未核实化学计量和区室；仅保留ID与基因关联	GCF049 GFF;B1;A0;KEGG afr;BioCyc GCF000021485
RU820_RS07375	AFE_1589	否					否	否			未核实化学计量和区室；仅保留ID与基因关联	GCF049 GFF;B1;A0;KEGG afr;BioCyc GCF000021485
RU820_RS07380	AFE_1590	否					否	否			未核实化学计量和区室；仅保留ID与基因关联	GCF049 GFF;B1;A0;KEGG afr;BioCyc GCF000021485
RU820_RS07385	AFE_1591	否					否	否			未核实化学计量和区室；仅保留ID与基因关联	GCF049 GFF;B1;A0;KEGG afr;BioCyc GCF000021485
RU820_RS07390	AFE_1592	否					否	否			未核实化学计量和区室；仅保留ID与基因关联	GCF049 GFF;B1;A0;KEGG afr;BioCyc GCF000021485
RU820_RS07400	AFE_1595	否					否	否			未核实化学计量和区室；仅保留ID与基因关联	GCF049 GFF;B1;A0;KEGG afr;BioCyc GCF000021485
RU820_RS07405		否					否	否			未核实化学计量和区室；仅保留ID与基因关联	GCF049 GFF;B1;A0;KEGG afr;BioCyc GCF000021485
RU820_RS07410		否					否	否			未核实化学计量和区室；仅保留ID与基因关联	GCF049 GFF;B1;A0;KEGG afr;BioCyc GCF000021485
RU820_RS07420	AFE_1603	否					否	是			未核实化学计量和区室；仅保留ID与基因关联	GCF049 GFF;B1;A0;KEGG afr;BioCyc GCF000021485
RU820_RS07425	AFE_1604	否					否	是			未核实化学计量和区室；仅保留ID与基因关联	GCF049 GFF;B1;A0;KEGG afr;BioCyc GCF000021485
RU820_RS07430	AFE_1605	否					否	是			未核实化学计量和区室；仅保留ID与基因关联	GCF049 GFF;B1;A0;KEGG afr;BioCyc GCF000021485
RU820_RS07435	AFE_1606	否					否	是			未核实化学计量和区室；仅保留ID与基因关联	GCF049 GFF;B1;A0;KEGG afr;BioCyc GCF000021485
RU820_RS07440	AFE_1607	否					否	否			未核实化学计量和区室；仅保留ID与基因关联	GCF049 GFF;B1;A0;KEGG afr;BioCyc GCF000021485
RU820_RS07455	AFE_1613	否					否	否			未核实化学计量和区室；仅保留ID与基因关联	GCF049 GFF;B1;A0;KEGG afr;BioCyc GCF000021485
RU820_RS07460	AFE_1614	否					否	否			未核实化学计量和区室；仅保留ID与基因关联	GCF049 GFF;B1;A0;KEGG afr;BioCyc GCF000021485
RU820_RS07465		否					否	否			未核实化学计量和区室；仅保留ID与基因关联	GCF049 GFF;B1;A0;KEGG afr;BioCyc GCF000021485
RU820_RS07470	AFE_1615	否					否	否			未核实化学计量和区室；仅保留ID与基因关联	GCF049 GFF;B1;A0;KEGG afr;BioCyc GCF000021485
RU820_RS07475	AFE_1616	否					否	否			未核实化学计量和区室；仅保留ID与基因关联	GCF049 GFF;B1;A0;KEGG afr;BioCyc GCF000021485
RU820_RS07480	AFE_1617	否					否	否			未核实化学计量和区室；仅保留ID与基因关联	GCF049 GFF;B1;A0;KEGG afr;BioCyc GCF000021485
RU820_RS07485	AFE_1618	否					否	否			未核实化学计量和区室；仅保留ID与基因关联	GCF049 GFF;B1;A0;KEGG afr;BioCyc GCF000021485
RU820_RS07490	AFE_1619	否					否	否			未核实化学计量和区室；仅保留ID与基因关联	GCF049 GFF;B1;A0;KEGG afr;BioCyc GCF000021485
RU820_RS07495	AFE_1620	否					否	否			未核实化学计量和区室；仅保留ID与基因关联	GCF049 GFF;B1;A0;KEGG afr;BioCyc GCF000021485
RU820_RS07500	AFE_1621	否					否	否			未核实化学计量和区室；仅保留ID与基因关联	GCF049 GFF;B1;A0;KEGG afr;BioCyc GCF000021485
RU820_RS07505	AFE_1624	否					否	否			未核实化学计量和区室；仅保留ID与基因关联	GCF049 GFF;B1;A0;KEGG afr;BioCyc GCF000021485
RU820_RS07510		否					否	否			未核实化学计量和区室；仅保留ID与基因关联	GCF049 GFF;B1;A0;KEGG afr;BioCyc GCF000021485
RU820_RS07515	AFE_1627	否					否	否			未核实化学计量和区室；仅保留ID与基因关联	GCF049 GFF;B1;A0;KEGG afr;BioCyc GCF000021485
RU820_RS07520	AFE_1629	否					否	否			未核实化学计量和区室；仅保留ID与基因关联	GCF049 GFF;B1;A0;KEGG afr;BioCyc GCF000021485
RU820_RS07525	AFE_1630	否					否	否			未核实化学计量和区室；仅保留ID与基因关联	GCF049 GFF;B1;A0;KEGG afr;BioCyc GCF000021485
RU820_RS07530	AFE_1631	否					否	否			未核实化学计量和区室；仅保留ID与基因关联	GCF049 GFF;B1;A0;KEGG afr;BioCyc GCF000021485
RU820_RS07535	AFE_1633	否					否	否			未核实化学计量和区室；仅保留ID与基因关联	GCF049 GFF;B1;A0;KEGG afr;BioCyc GCF000021485
RU820_RS07540		否					否	否			未核实化学计量和区室；仅保留ID与基因关联	GCF049 GFF;B1;A0;KEGG afr;BioCyc GCF000021485
RU820_RS07545	AFE_1634	否					否	否			未核实化学计量和区室；仅保留ID与基因关联	GCF049 GFF;B1;A0;KEGG afr;BioCyc GCF000021485
RU820_RS07550	AFE_1635	否					否	否			未核实化学计量和区室；仅保留ID与基因关联	GCF049 GFF;B1;A0;KEGG afr;BioCyc GCF000021485
RU820_RS07555	AFE_1636	否					否	否			未核实化学计量和区室；仅保留ID与基因关联	GCF049 GFF;B1;A0;KEGG afr;BioCyc GCF000021485
RU820_RS07560	AFE_1637	否					否	否			未核实化学计量和区室；仅保留ID与基因关联	GCF049 GFF;B1;A0;KEGG afr;BioCyc GCF000021485
RU820_RS07565	AFE_1638	否					否	否			未核实化学计量和区室；仅保留ID与基因关联	GCF049 GFF;B1;A0;KEGG afr;BioCyc GCF000021485
RU820_RS07570	AFE_1639	否					否	否			未核实化学计量和区室；仅保留ID与基因关联	GCF049 GFF;B1;A0;KEGG afr;BioCyc GCF000021485
RU820_RS07575	AFE_1640	否					否	否			未核实化学计量和区室；仅保留ID与基因关联	GCF049 GFF;B1;A0;KEGG afr;BioCyc GCF000021485
RU820_RS07580	AFE_1641	否					否	否			未核实化学计量和区室；仅保留ID与基因关联	GCF049 GFF;B1;A0;KEGG afr;BioCyc GCF000021485
RU820_RS07585	AFE_1642	否					否	否			未核实化学计量和区室；仅保留ID与基因关联	GCF049 GFF;B1;A0;KEGG afr;BioCyc GCF000021485
RU820_RS07590	AFE_1643	否					否	否			未核实化学计量和区室；仅保留ID与基因关联	GCF049 GFF;B1;A0;KEGG afr;BioCyc GCF000021485
RU820_RS07595	AFE_1644	否					否	否			未核实化学计量和区室；仅保留ID与基因关联	GCF049 GFF;B1;A0;KEGG afr;BioCyc GCF000021485
RU820_RS07600	AFE_1646	否					否	否			未核实化学计量和区室；仅保留ID与基因关联	GCF049 GFF;B1;A0;KEGG afr;BioCyc GCF000021485
RU820_RS07605	AFE_1647	否					否	否			未核实化学计量和区室；仅保留ID与基因关联	GCF049 GFF;B1;A0;KEGG afr;BioCyc GCF000021485
RU820_RS07610	AFE_1648	否					否	否			未核实化学计量和区室；仅保留ID与基因关联	GCF049 GFF;B1;A0;KEGG afr;BioCyc GCF000021485
RU820_RS07615	AFE_1649	否					否	否	RXN0-5100;RXN0-5131		未核实化学计量和区室；仅保留ID与基因关联	GCF049 GFF;B1;A0;KEGG afr;BioCyc GCF000021485
RU820_RS07620	AFE_1651	否					否	否			未核实化学计量和区室；仅保留ID与基因关联	GCF049 GFF;B1;A0;KEGG afr;BioCyc GCF000021485
RU820_RS07625	AFE_1652	否	FDH	FDH			是	否			未核实化学计量和区室；仅保留ID与基因关联	GCF049 GFF;B1;A0;KEGG afr;BioCyc GCF000021485
RU820_RS07630	AFE_1653	否					否	否			未核实化学计量和区室；仅保留ID与基因关联	GCF049 GFF;B1;A0;KEGG afr;BioCyc GCF000021485
RU820_RS07635	AFE_1654	否					否	否			未核实化学计量和区室；仅保留ID与基因关联	GCF049 GFF;B1;A0;KEGG afr;BioCyc GCF000021485
RU820_RS07640	AFE_1655	否					否	否			未核实化学计量和区室；仅保留ID与基因关联	GCF049 GFF;B1;A0;KEGG afr;BioCyc GCF000021485
RU820_RS07650	AFE_1656	否					否	否			未核实化学计量和区室；仅保留ID与基因关联	GCF049 GFF;B1;A0;KEGG afr;BioCyc GCF000021485
RU820_RS07655	AFE_1657	否					否	是	HYDROXYLAMINE-REDUCTASE-RXN	R00143	未核实化学计量和区室；仅保留ID与基因关联	GCF049 GFF;B1;A0;KEGG afr;BioCyc GCF000021485
RU820_RS07660	AFE_1658	否					否	否			未核实化学计量和区室；仅保留ID与基因关联	GCF049 GFF;B1;A0;KEGG afr;BioCyc GCF000021485
RU820_RS07665	AFE_1659	否					否	否			未核实化学计量和区室；仅保留ID与基因关联	GCF049 GFF;B1;A0;KEGG afr;BioCyc GCF000021485
RU820_RS07670	AFE_1661	否					否	否			未核实化学计量和区室；仅保留ID与基因关联	GCF049 GFF;B1;A0;KEGG afr;BioCyc GCF000021485
RU820_RS07675	AFE_1662	否					否	是			未核实化学计量和区室；仅保留ID与基因关联	GCF049 GFF;B1;A0;KEGG afr;BioCyc GCF000021485
RU820_RS07680	AFE_1663	否	GLYCH	GLYCH			是	否	GLYCOLATEDEHYDRO-RXN;RXN0-7229	R00475;R00476	未核实化学计量和区室；仅保留ID与基因关联	GCF049 GFF;B1;A0;KEGG afr;BioCyc GCF000021485
RU820_RS07685	AFE_1664	否	GLYCH	GLYCH			是	否	GLYCOLATEDEHYDRO-RXN;RXN0-7229	R00475;R00476	未核实化学计量和区室；仅保留ID与基因关联	GCF049 GFF;B1;A0;KEGG afr;BioCyc GCF000021485
RU820_RS07690	AFE_1665	否	GLYCH	GLYCH			是	否		R00475;R00476	未核实化学计量和区室；仅保留ID与基因关联	GCF049 GFF;B1;A0;KEGG afr;BioCyc GCF000021485
RU820_RS07695	AFE_1666	否					否	否			未核实化学计量和区室；仅保留ID与基因关联	GCF049 GFF;B1;A0;KEGG afr;BioCyc GCF000021485
RU820_RS07700	AFE_1667	否					否	是	1TRANSKETO-RXN;2TRANSKETO-RXN		未核实化学计量和区室；仅保留ID与基因关联	GCF049 GFF;B1;A0;KEGG afr;BioCyc GCF000021485
RU820_RS07705	AFE_1668	否					否	否			未核实化学计量和区室；仅保留ID与基因关联	GCF049 GFF;B1;A0;KEGG afr;BioCyc GCF000021485
RU820_RS07710	AFE_1669	否					否	否			未核实化学计量和区室；仅保留ID与基因关联	GCF049 GFF;B1;A0;KEGG afr;BioCyc GCF000021485
RU820_RS07715	AFE_1670	否					否	否			未核实化学计量和区室；仅保留ID与基因关联	GCF049 GFF;B1;A0;KEGG afr;BioCyc GCF000021485
RU820_RS07720	AFE_1671	否					否	否			未核实化学计量和区室；仅保留ID与基因关联	GCF049 GFF;B1;A0;KEGG afr;BioCyc GCF000021485
RU820_RS07725	AFE_1672	否	DHORTS	DHORTS			是	否	DIHYDROOROT-RXN	R01993	未核实化学计量和区室；仅保留ID与基因关联	GCF049 GFF;B1;A0;KEGG afr;BioCyc GCF000021485
RU820_RS07730	AFE_1673	否	DHAD1;DHAD2	DHAD1;DHAD2			是	否	DIHYDROXYISOVALDEHYDRAT-RXN;DIHYDROXYMETVALDEHYDRAT-RXN	R01209;R04441;R05070	未核实化学计量和区室；仅保留ID与基因关联	GCF049 GFF;B1;A0;KEGG afr;BioCyc GCF000021485
RU820_RS07735	AFE_1674	否					否	是	RXN-14569	R10463	未核实化学计量和区室；仅保留ID与基因关联	GCF049 GFF;B1;A0;KEGG afr;BioCyc GCF000021485
RU820_RS07740	AFE_1675	否	DBTS	DBTS			是	否	DETHIOBIOTIN-SYN-RXN	R03182;R12933;R12934	未核实化学计量和区室；仅保留ID与基因关联	GCF049 GFF;B1;A0;KEGG afr;BioCyc GCF000021485
RU820_RS07745	AFE_1676	否	FBA3	FBA3			是	否	F16ALDOLASE-RXN;RXN-19916;RXN-8631;SEDOBISALDOL-RXN	R01068;R01070;R01829;R02568	未核实化学计量和区室；仅保留ID与基因关联	GCF049 GFF;B1;A0;KEGG afr;BioCyc GCF000021485
RU820_RS07750	AFE_1677	否					否	否		R00294	未核实化学计量和区室；仅保留ID与基因关联	GCF049 GFF;B1;A0;KEGG afr;BioCyc GCF000021485
RU820_RS07755	AFE_1678	否					否	否		R00294	未核实化学计量和区室；仅保留ID与基因关联	GCF049 GFF;B1;A0;KEGG afr;BioCyc GCF000021485
RU820_RS07760	AFE_1680	否					否	否			未核实化学计量和区室；仅保留ID与基因关联	GCF049 GFF;B1;A0;KEGG afr;BioCyc GCF000021485
RU820_RS07765	AFE_1681	否					否	否			未核实化学计量和区室；仅保留ID与基因关联	GCF049 GFF;B1;A0;KEGG afr;BioCyc GCF000021485
RU820_RS07770	AFE_1682	否					否	是	RXN0-1483	R00078	未核实化学计量和区室；仅保留ID与基因关联	GCF049 GFF;B1;A0;KEGG afr;BioCyc GCF000021485
RU820_RS07775	AFE_1683	否					否	否			未核实化学计量和区室；仅保留ID与基因关联	GCF049 GFF;B1;A0;KEGG afr;BioCyc GCF000021485
RU820_RS07780	AFE_1684	否					否	否			未核实化学计量和区室；仅保留ID与基因关联	GCF049 GFF;B1;A0;KEGG afr;BioCyc GCF000021485
RU820_RS07785	AFE_1685	否					否	否			未核实化学计量和区室；仅保留ID与基因关联	GCF049 GFF;B1;A0;KEGG afr;BioCyc GCF000021485
RU820_RS07790	AFE_1686	否					否	否			未核实化学计量和区室；仅保留ID与基因关联	GCF049 GFF;B1;A0;KEGG afr;BioCyc GCF000021485
RU820_RS07795	AFE_1687	否					否	否			未核实化学计量和区室；仅保留ID与基因关联	GCF049 GFF;B1;A0;KEGG afr;BioCyc GCF000021485
RU820_RS07800	AFE_1688	否					否	是		R10092	未核实化学计量和区室；仅保留ID与基因关联	GCF049 GFF;B1;A0;KEGG afr;BioCyc GCF000021485
RU820_RS07805	AFE_1689	否					否	否			未核实化学计量和区室；仅保留ID与基因关联	GCF049 GFF;B1;A0;KEGG afr;BioCyc GCF000021485
RU820_RS07810	AFE_1690	否	RUBISCO	RUBISCO			是	否	RIBULOSE-BISPHOSPHATE-CARBOXYLASE-RXN;RXN-961	R00024;R03140	未核实化学计量和区室；仅保留ID与基因关联	GCF049 GFF;B1;A0;KEGG afr;BioCyc GCF000021485
RU820_RS07815	AFE_1691	否	RUBISCO	RUBISCO			是	否		R00024;R03140	未核实化学计量和区室；仅保留ID与基因关联	GCF049 GFF;B1;A0;KEGG afr;BioCyc GCF000021485
RU820_RS07820		否					否	否			未核实化学计量和区室；仅保留ID与基因关联	GCF049 GFF;B1;A0;KEGG afr;BioCyc GCF000021485
RU820_RS07825	AFE_1693	否					否	否			未核实化学计量和区室；仅保留ID与基因关联	GCF049 GFF;B1;A0;KEGG afr;BioCyc GCF000021485
RU820_RS07830	AFE_1694	否					否	否	TRANS-RXN-477		未核实化学计量和区室；仅保留ID与基因关联	GCF049 GFF;B1;A0;KEGG afr;BioCyc GCF000021485
RU820_RS07835	AFE_1695	否					否	否	TRANS-RXN-491		未核实化学计量和区室；仅保留ID与基因关联	GCF049 GFF;B1;A0;KEGG afr;BioCyc GCF000021485
RU820_RS07840	AFE_1696	否					否	否	TRANS-RXN-491		未核实化学计量和区室；仅保留ID与基因关联	GCF049 GFF;B1;A0;KEGG afr;BioCyc GCF000021485
RU820_RS07845	AFE_1697	否					否	否			未核实化学计量和区室；仅保留ID与基因关联	GCF049 GFF;B1;A0;KEGG afr;BioCyc GCF000021485
RU820_RS07850		否					否	否			未核实化学计量和区室；仅保留ID与基因关联	GCF049 GFF;B1;A0;KEGG afr;BioCyc GCF000021485
RU820_RS07855	AFE_1698	否					否	否	RXN0-5190		未核实化学计量和区室；仅保留ID与基因关联	GCF049 GFF;B1;A0;KEGG afr;BioCyc GCF000021485
RU820_RS07860	AFE_1699	否					否	否			未核实化学计量和区室；仅保留ID与基因关联	GCF049 GFF;B1;A0;KEGG afr;BioCyc GCF000021485
RU820_RS07865	AFE_1700	否					否	否			未核实化学计量和区室；仅保留ID与基因关联	GCF049 GFF;B1;A0;KEGG afr;BioCyc GCF000021485
RU820_RS07870	AFE_1701	否					否	否			未核实化学计量和区室；仅保留ID与基因关联	GCF049 GFF;B1;A0;KEGG afr;BioCyc GCF000021485
RU820_RS07875		否					否	否			未核实化学计量和区室；仅保留ID与基因关联	GCF049 GFF;B1;A0;KEGG afr;BioCyc GCF000021485
RU820_RS07885	AFE_1706	是					否	待定			未核实化学计量和区室；仅保留ID与基因关联	GCF049 GFF;B1;A0;KEGG afr;BioCyc GCF000021485
RU820_RS07890	AFE_1708	是					否	待定			未核实化学计量和区室；仅保留ID与基因关联	GCF049 GFF;B1;A0;KEGG afr;BioCyc GCF000021485
RU820_RS07895	AFE_1709	是					否	待定			未核实化学计量和区室；仅保留ID与基因关联	GCF049 GFF;B1;A0;KEGG afr;BioCyc GCF000021485
RU820_RS07900	AFE_1710	否					否	否			未核实化学计量和区室；仅保留ID与基因关联	GCF049 GFF;B1;A0;KEGG afr;BioCyc GCF000021485
RU820_RS07905	AFE_1711	否					否	否			未核实化学计量和区室；仅保留ID与基因关联	GCF049 GFF;B1;A0;KEGG afr;BioCyc GCF000021485
RU820_RS07910	AFE_1712	否					否	否			未核实化学计量和区室；仅保留ID与基因关联	GCF049 GFF;B1;A0;KEGG afr;BioCyc GCF000021485
RU820_RS07915	AFE_1714	否					否	否			未核实化学计量和区室；仅保留ID与基因关联	GCF049 GFF;B1;A0;KEGG afr;BioCyc GCF000021485
RU820_RS07920	AFE_1716	否					否	否			未核实化学计量和区室；仅保留ID与基因关联	GCF049 GFF;B1;A0;KEGG afr;BioCyc GCF000021485
RU820_RS07925	AFE_1717	否					否	否			未核实化学计量和区室；仅保留ID与基因关联	GCF049 GFF;B1;A0;KEGG afr;BioCyc GCF000021485
RU820_RS07930	AFE_1719	否					否	否			未核实化学计量和区室；仅保留ID与基因关联	GCF049 GFF;B1;A0;KEGG afr;BioCyc GCF000021485
RU820_RS07935	AFE_1720	否					否	否			未核实化学计量和区室；仅保留ID与基因关联	GCF049 GFF;B1;A0;KEGG afr;BioCyc GCF000021485
RU820_RS07940	AFE_1721	否					否	否			未核实化学计量和区室；仅保留ID与基因关联	GCF049 GFF;B1;A0;KEGG afr;BioCyc GCF000021485
RU820_RS07945	AFE_1722	否					否	否			未核实化学计量和区室；仅保留ID与基因关联	GCF049 GFF;B1;A0;KEGG afr;BioCyc GCF000021485
RU820_RS07950	AFE_1723	否					否	否	RXN1A0-6303		未核实化学计量和区室；仅保留ID与基因关联	GCF049 GFF;B1;A0;KEGG afr;BioCyc GCF000021485
RU820_RS07955	AFE_1725	否					否	否			未核实化学计量和区室；仅保留ID与基因关联	GCF049 GFF;B1;A0;KEGG afr;BioCyc GCF000021485
RU820_RS07960	AFE_1726	否					否	否			未核实化学计量和区室；仅保留ID与基因关联	GCF049 GFF;B1;A0;KEGG afr;BioCyc GCF000021485
RU820_RS07965	AFE_1727	否					否	否			未核实化学计量和区室；仅保留ID与基因关联	GCF049 GFF;B1;A0;KEGG afr;BioCyc GCF000021485
RU820_RS07970	AFE_1728	否					否	否			未核实化学计量和区室；仅保留ID与基因关联	GCF049 GFF;B1;A0;KEGG afr;BioCyc GCF000021485
RU820_RS07975		否					否	否			未核实化学计量和区室；仅保留ID与基因关联	GCF049 GFF;B1;A0;KEGG afr;BioCyc GCF000021485
RU820_RS07980	AFE_1730	否					否	否			未核实化学计量和区室；仅保留ID与基因关联	GCF049 GFF;B1;A0;KEGG afr;BioCyc GCF000021485
RU820_RS07985	AFE_1731	否					否	否			未核实化学计量和区室；仅保留ID与基因关联	GCF049 GFF;B1;A0;KEGG afr;BioCyc GCF000021485
RU820_RS07990	AFE_1733	否					否	否			未核实化学计量和区室；仅保留ID与基因关联	GCF049 GFF;B1;A0;KEGG afr;BioCyc GCF000021485
RU820_RS07995	AFE_1734	否					否	否			未核实化学计量和区室；仅保留ID与基因关联	GCF049 GFF;B1;A0;KEGG afr;BioCyc GCF000021485
RU820_RS08000	AFE_1738	否					否	否	5.99.1.2-RXN		未核实化学计量和区室；仅保留ID与基因关联	GCF049 GFF;B1;A0;KEGG afr;BioCyc GCF000021485
RU820_RS08005		否					否	否			未核实化学计量和区室；仅保留ID与基因关联	GCF049 GFF;B1;A0;KEGG afr;BioCyc GCF000021485
RU820_RS08010	AFE_1740	否	CLPNS120	CLPNS120			是	否		R07390	未核实化学计量和区室；仅保留ID与基因关联	GCF049 GFF;B1;A0;KEGG afr;BioCyc GCF000021485
RU820_RS08015	AFE_1741	否					否	否			未核实化学计量和区室；仅保留ID与基因关联	GCF049 GFF;B1;A0;KEGG afr;BioCyc GCF000021485
RU820_RS08020	AFE_1742	否					否	是		R00711	未核实化学计量和区室；仅保留ID与基因关联	GCF049 GFF;B1;A0;KEGG afr;BioCyc GCF000021485
RU820_RS08025	AFE_1743	否					否	否			未核实化学计量和区室；仅保留ID与基因关联	GCF049 GFF;B1;A0;KEGG afr;BioCyc GCF000021485
RU820_RS08030	AFE_1745	否					否	否			未核实化学计量和区室；仅保留ID与基因关联	GCF049 GFF;B1;A0;KEGG afr;BioCyc GCF000021485
RU820_RS08035		否					否	否			未核实化学计量和区室；仅保留ID与基因关联	GCF049 GFF;B1;A0;KEGG afr;BioCyc GCF000021485
RU820_RS08045	AFE_1749	否					否	否			未核实化学计量和区室；仅保留ID与基因关联	GCF049 GFF;B1;A0;KEGG afr;BioCyc GCF000021485
RU820_RS08050		否					否	否			未核实化学计量和区室；仅保留ID与基因关联	GCF049 GFF;B1;A0;KEGG afr;BioCyc GCF000021485
RU820_RS08055	AFE_1750	否					否	否	DNA-DIRECTED-DNA-POLYMERASE-RXN;RXN-20927		未核实化学计量和区室；仅保留ID与基因关联	GCF049 GFF;B1;A0;KEGG afr;BioCyc GCF000021485
RU820_RS08060	AFE_1751	否					否	否			未核实化学计量和区室；仅保留ID与基因关联	GCF049 GFF;B1;A0;KEGG afr;BioCyc GCF000021485
RU820_RS08065	AFE_1752	否					否	否			未核实化学计量和区室；仅保留ID与基因关联	GCF049 GFF;B1;A0;KEGG afr;BioCyc GCF000021485
RU820_RS08070	AFE_1753	否	Ktpp	Ktpp			是	否			未核实化学计量和区室；仅保留ID与基因关联	GCF049 GFF;B1;A0;KEGG afr;BioCyc GCF000021485
RU820_RS08075	AFE_1754	否					否	否			未核实化学计量和区室；仅保留ID与基因关联	GCF049 GFF;B1;A0;KEGG afr;BioCyc GCF000021485
RU820_RS08080	AFE_1755	否					否	否			未核实化学计量和区室；仅保留ID与基因关联	GCF049 GFF;B1;A0;KEGG afr;BioCyc GCF000021485
RU820_RS08085	AFE_1757	否					否	否			未核实化学计量和区室；仅保留ID与基因关联	GCF049 GFF;B1;A0;KEGG afr;BioCyc GCF000021485
RU820_RS08090		否					否	否			未核实化学计量和区室；仅保留ID与基因关联	GCF049 GFF;B1;A0;KEGG afr;BioCyc GCF000021485
RU820_RS08095	AFE_1758	否					否	否			未核实化学计量和区室；仅保留ID与基因关联	GCF049 GFF;B1;A0;KEGG afr;BioCyc GCF000021485
RU820_RS08100	AFE_1760	否					否	否			未核实化学计量和区室；仅保留ID与基因关联	GCF049 GFF;B1;A0;KEGG afr;BioCyc GCF000021485
RU820_RS08105	AFE_1761	否					否	否			未核实化学计量和区室；仅保留ID与基因关联	GCF049 GFF;B1;A0;KEGG afr;BioCyc GCF000021485
RU820_RS08115	AFE_1763	否					否	否			未核实化学计量和区室；仅保留ID与基因关联	GCF049 GFF;B1;A0;KEGG afr;BioCyc GCF000021485
RU820_RS08120	AFE_1764	否					否	否			未核实化学计量和区室；仅保留ID与基因关联	GCF049 GFF;B1;A0;KEGG afr;BioCyc GCF000021485
RU820_RS08125	AFE_1767	否					否	否			未核实化学计量和区室；仅保留ID与基因关联	GCF049 GFF;B1;A0;KEGG afr;BioCyc GCF000021485
RU820_RS08130	AFE_1766	否					否	否			未核实化学计量和区室；仅保留ID与基因关联	GCF049 GFF;B1;A0;KEGG afr;BioCyc GCF000021485
RU820_RS08135		否					否	否			未核实化学计量和区室；仅保留ID与基因关联	GCF049 GFF;B1;A0;KEGG afr;BioCyc GCF000021485
RU820_RS08140	AFE_1769	否					否	否			未核实化学计量和区室；仅保留ID与基因关联	GCF049 GFF;B1;A0;KEGG afr;BioCyc GCF000021485
RU820_RS08145	AFE_1770	否	PANTS	PANTS			是	否	PANTOATE-BETA-ALANINE-LIG-RXN	R02473	未核实化学计量和区室；仅保留ID与基因关联	GCF049 GFF;B1;A0;KEGG afr;BioCyc GCF000021485
RU820_RS08150	AFE_1771	否	MOHMT	MOHMT			是	否	3-CH3-2-OXOBUTANOATE-OH-CH3-XFER-RXN;RXN-15635	R01226	未核实化学计量和区室；仅保留ID与基因关联	GCF049 GFF;B1;A0;KEGG afr;BioCyc GCF000021485
RU820_RS08155		否					否	否			未核实化学计量和区室；仅保留ID与基因关联	GCF049 GFF;B1;A0;KEGG afr;BioCyc GCF000021485
RU820_RS08160		否					否	否			未核实化学计量和区室；仅保留ID与基因关联	GCF049 GFF;B1;A0;KEGG afr;BioCyc GCF000021485
RU820_RS08165	AFE_1774	否					否	否	TRNA-CYTIDYLYLTRANSFERASE-RXN	R09382;R09383;R09384;R09386	未核实化学计量和区室；仅保留ID与基因关联	GCF049 GFF;B1;A0;KEGG afr;BioCyc GCF000021485
RU820_RS08170	AFE_1775	否					否	否	POLYNUCLEOTIDE-ADENYLYLTRANSFERASE-RXN		未核实化学计量和区室；仅保留ID与基因关联	GCF049 GFF;B1;A0;KEGG afr;BioCyc GCF000021485
RU820_RS08175	AFE_1776	否					否	否		R12808;R12814	未核实化学计量和区室；仅保留ID与基因关联	GCF049 GFF;B1;A0;KEGG afr;BioCyc GCF000021485
RU820_RS08180	AFE_1777	否	IMPD	IMPD			是	否	IMP-DEHYDROG-RXN	R01130;R08240	未核实化学计量和区室；仅保留ID与基因关联	GCF049 GFF;B1;A0;KEGG afr;BioCyc GCF000021485
RU820_RS08185	AFE_1778	否	GMPS2	GMPS2			是	否	GMP-SYN-GLUT-RXN	R01230;R01231;R08244	未核实化学计量和区室；仅保留ID与基因关联	GCF049 GFF;B1;A0;KEGG afr;BioCyc GCF000021485
RU820_RS08190	AFE_1779	否					否	否			未核实化学计量和区室；仅保留ID与基因关联	GCF049 GFF;B1;A0;KEGG afr;BioCyc GCF000021485
RU820_RS08195	AFE_1780	否					否	否			未核实化学计量和区室；仅保留ID与基因关联	GCF049 GFF;B1;A0;KEGG afr;BioCyc GCF000021485
RU820_RS08200	AFE_1781	否					否	否			未核实化学计量和区室；仅保留ID与基因关联	GCF049 GFF;B1;A0;KEGG afr;BioCyc GCF000021485
RU820_RS08205		否					否	否			未核实化学计量和区室；仅保留ID与基因关联	GCF049 GFF;B1;A0;KEGG afr;BioCyc GCF000021485
RU820_RS08210	AFE_1782	否					否	是			未核实化学计量和区室；仅保留ID与基因关联	GCF049 GFF;B1;A0;KEGG afr;BioCyc GCF000021485
RU820_RS08215	AFE_1783	否	GLU5K	GLU5K			是	否	GLUTKIN-RXN	R00239	未核实化学计量和区室；仅保留ID与基因关联	GCF049 GFF;B1;A0;KEGG afr;BioCyc GCF000021485
RU820_RS08220	AFE_1784	否					否	否			未核实化学计量和区室；仅保留ID与基因关联	GCF049 GFF;B1;A0;KEGG afr;BioCyc GCF000021485
RU820_RS08225	AFE_1785	否					否	否			未核实化学计量和区室；仅保留ID与基因关联	GCF049 GFF;B1;A0;KEGG afr;BioCyc GCF000021485
RU820_RS08230	AFE_1786	否					否	否			未核实化学计量和区室；仅保留ID与基因关联	GCF049 GFF;B1;A0;KEGG afr;BioCyc GCF000021485
RU820_RS08235	AFE_1787	否					否	是	RXN-14569		未核实化学计量和区室；仅保留ID与基因关联	GCF049 GFF;B1;A0;KEGG afr;BioCyc GCF000021485
RU820_RS08240	AFE_1788	否					否	否			未核实化学计量和区室；仅保留ID与基因关联	GCF049 GFF;B1;A0;KEGG afr;BioCyc GCF000021485
RU820_RS08245	AFE_1789	否					否	否	TRYPTOPHAN--TRNA-LIGASE-RXN	R03664	未核实化学计量和区室；仅保留ID与基因关联	GCF049 GFF;B1;A0;KEGG afr;BioCyc GCF000021485
RU820_RS08250	AFE_1790	否					否	否			未核实化学计量和区室；仅保留ID与基因关联	GCF049 GFF;B1;A0;KEGG afr;BioCyc GCF000021485
RU820_RS08255	AFE_1791	否					否	否			未核实化学计量和区室；仅保留ID与基因关联	GCF049 GFF;B1;A0;KEGG afr;BioCyc GCF000021485
RU820_RS08260	AFE_1792	否	SQRED1	SQRED1			是	否		R10152	未核实化学计量和区室；仅保留ID与基因关联	GCF049 GFF;B1;A0;KEGG afr;BioCyc GCF000021485
RU820_RS08265	AFE_1793	否					否	否			未核实化学计量和区室；仅保留ID与基因关联	GCF049 GFF;B1;A0;KEGG afr;BioCyc GCF000021485
RU820_RS08270	AFE_1794	否					否	否			未核实化学计量和区室；仅保留ID与基因关联	GCF049 GFF;B1;A0;KEGG afr;BioCyc GCF000021485
RU820_RS08275		否					否	否			未核实化学计量和区室；仅保留ID与基因关联	GCF049 GFF;B1;A0;KEGG afr;BioCyc GCF000021485
RU820_RS08280	AFE_1795	否					否	否			未核实化学计量和区室；仅保留ID与基因关联	GCF049 GFF;B1;A0;KEGG afr;BioCyc GCF000021485
RU820_RS08285	AFE_1797	否					否	是			未核实化学计量和区室；仅保留ID与基因关联	GCF049 GFF;B1;A0;KEGG afr;BioCyc GCF000021485
RU820_RS08290	AFE_1798	否					否	否			未核实化学计量和区室；仅保留ID与基因关联	GCF049 GFF;B1;A0;KEGG afr;BioCyc GCF000021485
RU820_RS08295	AFE_1799	否	GLCP	GLCP			是	否		R02111	未核实化学计量和区室；仅保留ID与基因关联	GCF049 GFF;B1;A0;KEGG afr;BioCyc GCF000021485
RU820_RS08300	AFE_1800	否	ENO	ENO			是	否			未核实化学计量和区室；仅保留ID与基因关联	GCF049 GFF;B1;A0;KEGG afr;BioCyc GCF000021485
RU820_RS08305	AFE_1801	否	PYK	PYK			是	否	PEPDEPHOS-RXN;RXN-14117;RXN-14192;RXN-14207	R00200;R00430;R01138;R01858;R02320	未核实化学计量和区室；仅保留ID与基因关联	GCF049 GFF;B1;A0;KEGG afr;BioCyc GCF000021485
RU820_RS08310	AFE_1802	否	FBA	FBA			是	否	F16ALDOLASE-RXN;RXN-19916;RXN-8631;SEDOBISALDOL-RXN	R01068;R01070;R02568;R10049;R10050	未核实化学计量和区室；仅保留ID与基因关联	GCF049 GFF;B1;A0;KEGG afr;BioCyc GCF000021485
RU820_RS08315	AFE_1803	否					否	否			未核实化学计量和区室；仅保留ID与基因关联	GCF049 GFF;B1;A0;KEGG afr;BioCyc GCF000021485
RU820_RS08320	AFE_1806	否					否	否			未核实化学计量和区室；仅保留ID与基因关联	GCF049 GFF;B1;A0;KEGG afr;BioCyc GCF000021485
RU820_RS08325	AFE_1807	否	PFK	PFK			是	否		R00756;R03236;R03237;R03238;R03239;R04779	未核实化学计量和区室；仅保留ID与基因关联	GCF049 GFF;B1;A0;KEGG afr;BioCyc GCF000021485
RU820_RS08330	AFE_1808	否					否	是	PHOSACETYLTRANS-RXN	R01174	未核实化学计量和区室；仅保留ID与基因关联	GCF049 GFF;B1;A0;KEGG afr;BioCyc GCF000021485
RU820_RS08335	AFE_1809	否					否	是			未核实化学计量和区室；仅保留ID与基因关联	GCF049 GFF;B1;A0;KEGG afr;BioCyc GCF000021485
RU820_RS08340	AFE_1810	否	PPC	PPC			是	否	ACETATEKIN-RXN;PROPKIN-RXN	R00315;R01353	未核实化学计量和区室；仅保留ID与基因关联	GCF049 GFF;B1;A0;KEGG afr;BioCyc GCF000021485
RU820_RS08345	AFE_1811	否					否	是	2.3.1.168-RXN	R00209;R02569	未核实化学计量和区室；仅保留ID与基因关联	GCF049 GFF;B1;A0;KEGG afr;BioCyc GCF000021485
RU820_RS08350	AFE_1812	否					否	是	1.2.4.4-RXN	R00014;R00209;R01699;R03270	未核实化学计量和区室；仅保留ID与基因关联	GCF049 GFF;B1;A0;KEGG afr;BioCyc GCF000021485
RU820_RS08355	AFE_1813	否					否	是		R00014;R00209;R01699;R03270	未核实化学计量和区室；仅保留ID与基因关联	GCF049 GFF;B1;A0;KEGG afr;BioCyc GCF000021485
RU820_RS08360	AFE_1814	否					否	否			未核实化学计量和区室；仅保留ID与基因关联	GCF049 GFF;B1;A0;KEGG afr;BioCyc GCF000021485
RU820_RS08365	AFE_1815	否	PGM1	PGM1			是	否	3PGAREARR-RXN	R01518	未核实化学计量和区室；仅保留ID与基因关联	GCF049 GFF;B1;A0;KEGG afr;BioCyc GCF000021485
RU820_RS08370	AFE_1816	否	DDGPA	DDGPA			是	否	PEPSYNTH-RXN	R00199	未核实化学计量和区室；仅保留ID与基因关联	GCF049 GFF;B1;A0;KEGG afr;BioCyc GCF000021485
RU820_RS08375	AFE_1817	否					否	否			未核实化学计量和区室；仅保留ID与基因关联	GCF049 GFF;B1;A0;KEGG afr;BioCyc GCF000021485
RU820_RS08380	AFE_1818	否					否	否			未核实化学计量和区室；仅保留ID与基因关联	GCF049 GFF;B1;A0;KEGG afr;BioCyc GCF000021485
RU820_RS08385	AFE_1819	否	SDPDS	SDPDS			是	否	SUCCDIAMINOPIMDESUCC-RXN	R02734	未核实化学计量和区室；仅保留ID与基因关联	GCF049 GFF;B1;A0;KEGG afr;BioCyc GCF000021485
RU820_RS08390	AFE_1820	否	THDPS	THDPS			是	否	TETHYDPICSUCC-RXN	R04365	未核实化学计量和区室；仅保留ID与基因关联	GCF049 GFF;B1;A0;KEGG afr;BioCyc GCF000021485
RU820_RS08395	AFE_1821	否	SDPTA	SDPTA			是	否	SUCCINYLDIAMINOPIMTRANS-RXN	R04475	未核实化学计量和区室；仅保留ID与基因关联	GCF049 GFF;B1;A0;KEGG afr;BioCyc GCF000021485
RU820_RS08400	AFE_1824	否					否	是			未核实化学计量和区室；仅保留ID与基因关联	GCF049 GFF;B1;A0;KEGG afr;BioCyc GCF000021485
RU820_RS08405	AFE_1823	否	PGLYCP	PGLYCP			是	否		R11785	未核实化学计量和区室；仅保留ID与基因关联	GCF049 GFF;B1;A0;KEGG afr;BioCyc GCF000021485
RU820_RS08410	AFE_1825	否	DUQM;OHPHM	DUQM;OHPHM			是	否	2-OCTAPRENYL-6-OHPHENOL-METHY-RXN;DHHB-METHYLTRANSFER-RXN;RXN-9280	R04988;R08769;R12657	未核实化学计量和区室；仅保留ID与基因关联	GCF049 GFF;B1;A0;KEGG afr;BioCyc GCF000021485
RU820_RS08415	AFE_1826	否					否	是	RXN-10035	R00193;R09660	未核实化学计量和区室；仅保留ID与基因关联	GCF049 GFF;B1;A0;KEGG afr;BioCyc GCF000021485
RU820_RS08420	AFE_1827	否					否	否	RXN-17391;RXN-17392;RXN-17393;RXN0-5190		未核实化学计量和区室；仅保留ID与基因关联	GCF049 GFF;B1;A0;KEGG afr;BioCyc GCF000021485
RU820_RS08425		否					否	否			未核实化学计量和区室；仅保留ID与基因关联	GCF049 GFF;B1;A0;KEGG afr;BioCyc GCF000021485
RU820_RS08430		否					否	否			未核实化学计量和区室；仅保留ID与基因关联	GCF049 GFF;B1;A0;KEGG afr;BioCyc GCF000021485
RU820_RS08435	AFE_1830	否					否	是			未核实化学计量和区室；仅保留ID与基因关联	GCF049 GFF;B1;A0;KEGG afr;BioCyc GCF000021485
RU820_RS08440	AFE_1831	否					否	是	3.1.1.77-RXN	R12198;R12199	未核实化学计量和区室；仅保留ID与基因关联	GCF049 GFF;B1;A0;KEGG afr;BioCyc GCF000021485
RU820_RS08445	AFE_1832	否					否	否			未核实化学计量和区室；仅保留ID与基因关联	GCF049 GFF;B1;A0;KEGG afr;BioCyc GCF000021485
RU820_RS08450	AFE_1833	否					否	否			未核实化学计量和区室；仅保留ID与基因关联	GCF049 GFF;B1;A0;KEGG afr;BioCyc GCF000021485
RU820_RS08455	AFE_1834	否					否	否			未核实化学计量和区室；仅保留ID与基因关联	GCF049 GFF;B1;A0;KEGG afr;BioCyc GCF000021485
RU820_RS08460	AFE_1836	否					否	否			未核实化学计量和区室；仅保留ID与基因关联	GCF049 GFF;B1;A0;KEGG afr;BioCyc GCF000021485
RU820_RS08465	AFE_1839	否					否	否			未核实化学计量和区室；仅保留ID与基因关联	GCF049 GFF;B1;A0;KEGG afr;BioCyc GCF000021485
RU820_RS08470		否					否	否			未核实化学计量和区室；仅保留ID与基因关联	GCF049 GFF;B1;A0;KEGG afr;BioCyc GCF000021485
RU820_RS08480		否					否	否			未核实化学计量和区室；仅保留ID与基因关联	GCF049 GFF;B1;A0;KEGG afr;BioCyc GCF000021485
RU820_RS08485	AFE_1841	否					否	否			未核实化学计量和区室；仅保留ID与基因关联	GCF049 GFF;B1;A0;KEGG afr;BioCyc GCF000021485
RU820_RS08495	AFE_1843	否	TKT1;TKT2	TKT1;TKT2			是	否	1TRANSKETO-RXN;2TRANSKETO-RXN	R01067;R01641;R01830;R06590	未核实化学计量和区室；仅保留ID与基因关联	GCF049 GFF;B1;A0;KEGG afr;BioCyc GCF000021485
RU820_RS08500	AFE_0550;AFE_1110;AFE_1142;AFE_1265;AFE_2432;AFE_2709;AFE_2972;AFE_3263	是			PGDH	PGDH	歧义候选	待定			未核实化学计量和区室；仅保留ID与基因关联	GCF049 GFF;B1;A0;KEGG afr;BioCyc GCF000021485
RU820_RS08505	AFE_0550;AFE_1110;AFE_1142;AFE_1265;AFE_2432;AFE_2709;AFE_2972;AFE_3263	是			PGDH	PGDH	歧义候选	待定			未核实化学计量和区室；仅保留ID与基因关联	GCF049 GFF;B1;A0;KEGG afr;BioCyc GCF000021485
RU820_RS08515		否					否	否			未核实化学计量和区室；仅保留ID与基因关联	GCF049 GFF;B1;A0;KEGG afr;BioCyc GCF000021485
RU820_RS08520	AFE_1845	否					否	否			未核实化学计量和区室；仅保留ID与基因关联	GCF049 GFF;B1;A0;KEGG afr;BioCyc GCF000021485
RU820_RS08525	AFE_1847	否					否	是			未核实化学计量和区室；仅保留ID与基因关联	GCF049 GFF;B1;A0;KEGG afr;BioCyc GCF000021485
RU820_RS08530	AFE_1848	否					否	否	3.2.2.21-RXN		未核实化学计量和区室；仅保留ID与基因关联	GCF049 GFF;B1;A0;KEGG afr;BioCyc GCF000021485
RU820_RS08535	AFE_1850	否					否	否			未核实化学计量和区室；仅保留ID与基因关联	GCF049 GFF;B1;A0;KEGG afr;BioCyc GCF000021485
RU820_RS08540	AFE_1851	否					否	否			未核实化学计量和区室；仅保留ID与基因关联	GCF049 GFF;B1;A0;KEGG afr;BioCyc GCF000021485
RU820_RS08545	AFE_1852	否					否	否			未核实化学计量和区室；仅保留ID与基因关联	GCF049 GFF;B1;A0;KEGG afr;BioCyc GCF000021485
RU820_RS08550	AFE_1853	否					否	否			未核实化学计量和区室；仅保留ID与基因关联	GCF049 GFF;B1;A0;KEGG afr;BioCyc GCF000021485
RU820_RS08555	AFE_1854	否					否	是			未核实化学计量和区室；仅保留ID与基因关联	GCF049 GFF;B1;A0;KEGG afr;BioCyc GCF000021485
RU820_RS08560	AFE_1855	否					否	是			未核实化学计量和区室；仅保留ID与基因关联	GCF049 GFF;B1;A0;KEGG afr;BioCyc GCF000021485
RU820_RS08565	AFE_1856	否					否	否			未核实化学计量和区室；仅保留ID与基因关联	GCF049 GFF;B1;A0;KEGG afr;BioCyc GCF000021485
RU820_RS08570	AFE_1857	否					否	是	GLUCOSE-1-DEHYDROGENASE-NADP+-RXN;GLUCOSE-1-DEHYDROGENASE-RXN	R01520;R01521	未核实化学计量和区室；仅保留ID与基因关联	GCF049 GFF;B1;A0;KEGG afr;BioCyc GCF000021485
RU820_RS08575	AFE_1858	否					否	否			未核实化学计量和区室；仅保留ID与基因关联	GCF049 GFF;B1;A0;KEGG afr;BioCyc GCF000021485
RU820_RS08580		否					否	否			未核实化学计量和区室；仅保留ID与基因关联	GCF049 GFF;B1;A0;KEGG afr;BioCyc GCF000021485
RU820_RS08585	AFE_1861	否					否	是	RXN-13908;RXN-14206;RXN-7908	R04734	未核实化学计量和区室；仅保留ID与基因关联	GCF049 GFF;B1;A0;KEGG afr;BioCyc GCF000021485
RU820_RS08590	AFE_1862	否					否	否			未核实化学计量和区室；仅保留ID与基因关联	GCF049 GFF;B1;A0;KEGG afr;BioCyc GCF000021485
RU820_RS08595	AFE_1864	否					否	否			未核实化学计量和区室；仅保留ID与基因关联	GCF049 GFF;B1;A0;KEGG afr;BioCyc GCF000021485
RU820_RS08600	AFE_1865	否					否	否			未核实化学计量和区室；仅保留ID与基因关联	GCF049 GFF;B1;A0;KEGG afr;BioCyc GCF000021485
RU820_RS08605	AFE_1866	否					否	否			未核实化学计量和区室；仅保留ID与基因关联	GCF049 GFF;B1;A0;KEGG afr;BioCyc GCF000021485
RU820_RS08610	AFE_1867	否					否	否			未核实化学计量和区室；仅保留ID与基因关联	GCF049 GFF;B1;A0;KEGG afr;BioCyc GCF000021485
RU820_RS08615	AFE_1868	否					否	否	3.4.21.88-RXN		未核实化学计量和区室；仅保留ID与基因关联	GCF049 GFF;B1;A0;KEGG afr;BioCyc GCF000021485
RU820_RS08620	AFE_1869	否					否	否			未核实化学计量和区室；仅保留ID与基因关联	GCF049 GFF;B1;A0;KEGG afr;BioCyc GCF000021485
RU820_RS08625	AFE_1870	否					否	否			未核实化学计量和区室；仅保留ID与基因关联	GCF049 GFF;B1;A0;KEGG afr;BioCyc GCF000021485
RU820_RS08630	AFE_1871	否					否	否	DNA-DIRECTED-DNA-POLYMERASE-RXN;RXN-20927		未核实化学计量和区室；仅保留ID与基因关联	GCF049 GFF;B1;A0;KEGG afr;BioCyc GCF000021485
RU820_RS08635	AFE_1872	否					否	是	5.3.4.1-RXN		未核实化学计量和区室；仅保留ID与基因关联	GCF049 GFF;B1;A0;KEGG afr;BioCyc GCF000021485
RU820_RS08640		否					否	否			未核实化学计量和区室；仅保留ID与基因关联	GCF049 GFF;B1;A0;KEGG afr;BioCyc GCF000021485
RU820_RS08645	AFE_1874	否					否	否			未核实化学计量和区室；仅保留ID与基因关联	GCF049 GFF;B1;A0;KEGG afr;BioCyc GCF000021485
RU820_RS08650	AFE_1875	否					否	否			未核实化学计量和区室；仅保留ID与基因关联	GCF049 GFF;B1;A0;KEGG afr;BioCyc GCF000021485
RU820_RS08655		否					否	否			未核实化学计量和区室；仅保留ID与基因关联	GCF049 GFF;B1;A0;KEGG afr;BioCyc GCF000021485
RU820_RS08660	AFE_1877	否	MTHFC;MTHFD1;MTHFD2	MTHFC;MTHFD1;MTHFD2			是	否	METHENYLTHFCYCLOHYDRO-RXN;METHYLENETHFDEHYDROG-NADP-RXN	R01220;R01655	未核实化学计量和区室；仅保留ID与基因关联	GCF049 GFF;B1;A0;KEGG afr;BioCyc GCF000021485
RU820_RS08665	AFE_1878	否					否	是			未核实化学计量和区室；仅保留ID与基因关联	GCF049 GFF;B1;A0;KEGG afr;BioCyc GCF000021485
RU820_RS08670	AFE_1879	否					否	否			未核实化学计量和区室；仅保留ID与基因关联	GCF049 GFF;B1;A0;KEGG afr;BioCyc GCF000021485
RU820_RS08675	AFE_1880	否					否	是			未核实化学计量和区室；仅保留ID与基因关联	GCF049 GFF;B1;A0;KEGG afr;BioCyc GCF000021485
RU820_RS08680	AFE_1881	否					否	否			未核实化学计量和区室；仅保留ID与基因关联	GCF049 GFF;B1;A0;KEGG afr;BioCyc GCF000021485
RU820_RS08685	AFE_1882	否					否	否			未核实化学计量和区室；仅保留ID与基因关联	GCF049 GFF;B1;A0;KEGG afr;BioCyc GCF000021485
RU820_RS08690	AFE_1883	否					否	是	PEPCARBOX-RXN	R00345	未核实化学计量和区室；仅保留ID与基因关联	GCF049 GFF;B1;A0;KEGG afr;BioCyc GCF000021485
RU820_RS08695	AFE_1884	否					否	否			未核实化学计量和区室；仅保留ID与基因关联	GCF049 GFF;B1;A0;KEGG afr;BioCyc GCF000021485
RU820_RS08700	AFE_1885	否					否	否	RXN0-5462		未核实化学计量和区室；仅保留ID与基因关联	GCF049 GFF;B1;A0;KEGG afr;BioCyc GCF000021485
RU820_RS08705	AFE_1886	否					否	否			未核实化学计量和区室；仅保留ID与基因关联	GCF049 GFF;B1;A0;KEGG afr;BioCyc GCF000021485
RU820_RS08710	AFE_1887	否					否	否			未核实化学计量和区室；仅保留ID与基因关联	GCF049 GFF;B1;A0;KEGG afr;BioCyc GCF000021485
RU820_RS08715	AFE_1888	否	ATPPRT	ATPPRT			是	否	ATPPHOSPHORIBOSYLTRANS-RXN	R01071	未核实化学计量和区室；仅保留ID与基因关联	GCF049 GFF;B1;A0;KEGG afr;BioCyc GCF000021485
RU820_RS08720		否					否	否			未核实化学计量和区室；仅保留ID与基因关联	GCF049 GFF;B1;A0;KEGG afr;BioCyc GCF000021485
RU820_RS08725		否					否	否			未核实化学计量和区室；仅保留ID与基因关联	GCF049 GFF;B1;A0;KEGG afr;BioCyc GCF000021485
RU820_RS08730	AFE_1891	否					否	否	RXN0-7023		未核实化学计量和区室；仅保留ID与基因关联	GCF049 GFF;B1;A0;KEGG afr;BioCyc GCF000021485
RU820_RS08735	AFE_1892	否					否	是	POLYPHOSPHATE-KINASE-RXN;RXN-20670		未核实化学计量和区室；仅保留ID与基因关联	GCF049 GFF;B1;A0;KEGG afr;BioCyc GCF000021485
RU820_RS08740	AFE_1893	否					否	是	1.8.1.4-RXN;RXN-7716;RXN-7719;RXN-8629;RXN0-1132	R00209;R01210;R01221;R01651;R01698;R01933;R03171;R03815;R07618;R08549	未核实化学计量和区室；仅保留ID与基因关联	GCF049 GFF;B1;A0;KEGG afr;BioCyc GCF000021485
RU820_RS08745	AFE_1894	否					否	否			未核实化学计量和区室；仅保留ID与基因关联	GCF049 GFF;B1;A0;KEGG afr;BioCyc GCF000021485
RU820_RS08750	AFE_1895;AFE_3183	是					否	待定			未核实化学计量和区室；仅保留ID与基因关联	GCF049 GFF;B1;A0;KEGG afr;BioCyc GCF000021485
RU820_RS08755	AFE_1896	否	GARFT;GART	GARFT;GART			是	否	GART-RXN	R04325;R04326	未核实化学计量和区室；仅保留ID与基因关联	GCF049 GFF;B1;A0;KEGG afr;BioCyc GCF000021485
RU820_RS08760	AFE_1897	否	PRAIS	PRAIS			是	否	AIRS-RXN	R04208	未核实化学计量和区室；仅保留ID与基因关联	GCF049 GFF;B1;A0;KEGG afr;BioCyc GCF000021485
RU820_RS08765	AFE_1898	否					否	否	SUPEROX-DISMUT-RXN		未核实化学计量和区室；仅保留ID与基因关联	GCF049 GFF;B1;A0;KEGG afr;BioCyc GCF000021485
RU820_RS08770	AFE_1900	否	PGSA	PGSA			是	否		R02030	未核实化学计量和区室；仅保留ID与基因关联	GCF049 GFF;B1;A0;KEGG afr;BioCyc GCF000021485
RU820_RS08775	AFE_1901	否					否	否			未核实化学计量和区室；仅保留ID与基因关联	GCF049 GFF;B1;A0;KEGG afr;BioCyc GCF000021485
RU820_RS08780	AFE_1902	否					否	否			未核实化学计量和区室；仅保留ID与基因关联	GCF049 GFF;B1;A0;KEGG afr;BioCyc GCF000021485
RU820_RS08785	AFE_1903	否					否	否			未核实化学计量和区室；仅保留ID与基因关联	GCF049 GFF;B1;A0;KEGG afr;BioCyc GCF000021485
RU820_RS08790	AFE_1904	否					否	否			未核实化学计量和区室；仅保留ID与基因关联	GCF049 GFF;B1;A0;KEGG afr;BioCyc GCF000021485
RU820_RS08795	AFE_1905	否					否	是	RXN-9590	R12240	未核实化学计量和区室；仅保留ID与基因关联	GCF049 GFF;B1;A0;KEGG afr;BioCyc GCF000021485
RU820_RS08800	AFE_1906	否	3OAS27;3OAS28	3OAS27;3OAS28			是	否	2.3.1.180-RXN	R10707	未核实化学计量和区室；仅保留ID与基因关联	GCF049 GFF;B1;A0;KEGG afr;BioCyc GCF000021485
RU820_RS08805	AFE_1907	否	MCOATA	MCOATA			是	否	MALONYL-COA-ACP-TRANSACYL-RXN;RXN-20481;RXN-20482;RXN-20490;RXN-20498	R01626;R11671	未核实化学计量和区室；仅保留ID与基因关联	GCF049 GFF;B1;A0;KEGG afr;BioCyc GCF000021485
RU820_RS08810	AFE_1908	否	3OAR1;3OAR10;3OAR11;3OAR12;3OAR13;3OAR14;3OAR15;3OAR16;3OAR17;3OAR2;3OAR3;3OAR4;3OAR5;3OAR6;3OAR7;3OAR8;3OAR9	3OAR1;3OAR10;3OAR11;3OAR12;3OAR13;3OAR14;3OAR15;3OAR16;3OAR17;3OAR2;3OAR3;3OAR4;3OAR5;3OAR6;3OAR7;3OAR8;3OAR9			是	否	3-OXOACYL-ACP-REDUCT-RXN;RXN-11476;RXN-11480;RXN-16630;RXN-9514;RXN-9518;RXN-9524;RXN-9528;RXN-9532;RXN-9536;RXN-9540;RXN-9633	R02767;R04533;R04534;R04536;R04543;R04566;R04953;R04964;R07763;R10116;R10120;R11671	未核实化学计量和区室；仅保留ID与基因关联	GCF049 GFF;B1;A0;KEGG afr;BioCyc GCF000021485
RU820_RS08815	AFE_1909	否					否	是		R12049	未核实化学计量和区室；仅保留ID与基因关联	GCF049 GFF;B1;A0;KEGG afr;BioCyc GCF000021485
RU820_RS08820	AFE_1910	否	3OAS1;3OAS10;3OAS11;3OAS12;3OAS13;3OAS14;3OAS15;3OAS2;3OAS3;3OAS4;3OAS5;3OAS6;3OAS7;3OAS8;3OAS9	3OAS1;3OAS10;3OAS11;3OAS12;3OAS13;3OAS14;3OAS15;3OAS2;3OAS3;3OAS4;3OAS5;3OAS6;3OAS7;3OAS8;3OAS9			是	否	3-OXOACYL-ACP-SYNTH-BASE-RXN;3-OXOACYL-ACP-SYNTH-RXN;RXN-11474;RXN-11479;RXN-16629;RXN-9516;RXN-9523;RXN-9527;RXN-9531;RXN-9535;RXN-9539	R02768;R04355;R04726;R04952;R04957;R04960;R04963;R04968;R07762;R10115;R10119	未核实化学计量和区室；仅保留ID与基因关联	GCF049 GFF;B1;A0;KEGG afr;BioCyc GCF000021485
RU820_RS08825	AFE_1911	否	ADCL	ADCL			是	否	ADCLY-RXN	R05553	未核实化学计量和区室；仅保留ID与基因关联	GCF049 GFF;B1;A0;KEGG afr;BioCyc GCF000021485
RU820_RS08835	AFE_1913	否	DTMPK	DTMPK			是	否	DTMPKI-RXN	R02094;R02098	未核实化学计量和区室；仅保留ID与基因关联	GCF049 GFF;B1;A0;KEGG afr;BioCyc GCF000021485
RU820_RS08840	AFE_1914	否					否	否	DNA-DIRECTED-DNA-POLYMERASE-RXN;RXN-20927		未核实化学计量和区室；仅保留ID与基因关联	GCF049 GFF;B1;A0;KEGG afr;BioCyc GCF000021485
RU820_RS08845	AFE_1915	否					否	否			未核实化学计量和区室；仅保留ID与基因关联	GCF049 GFF;B1;A0;KEGG afr;BioCyc GCF000021485
RU820_RS08850		否					否	否			未核实化学计量和区室；仅保留ID与基因关联	GCF049 GFF;B1;A0;KEGG afr;BioCyc GCF000021485
RU820_RS08855		否					否	否			未核实化学计量和区室；仅保留ID与基因关联	GCF049 GFF;B1;A0;KEGG afr;BioCyc GCF000021485
RU820_RS08860	AFE_1919	否					否	否	DNA-DIRECTED-DNA-POLYMERASE-RXN;RXN-20927;RXN0-4961		未核实化学计量和区室；仅保留ID与基因关联	GCF049 GFF;B1;A0;KEGG afr;BioCyc GCF000021485
RU820_RS08865		否					否	否			未核实化学计量和区室；仅保留ID与基因关联	GCF049 GFF;B1;A0;KEGG afr;BioCyc GCF000021485
RU820_RS08870	AFE_1921	否					否	否			未核实化学计量和区室；仅保留ID与基因关联	GCF049 GFF;B1;A0;KEGG afr;BioCyc GCF000021485
RU820_RS08875	AFE_1922	否					否	是	TRANS-RXN2G89-3		未核实化学计量和区室；仅保留ID与基因关联	GCF049 GFF;B1;A0;KEGG afr;BioCyc GCF000021485
RU820_RS08880	AFE_1923	否					否	否	4.2.1.93-RXN;RXN-13139		未核实化学计量和区室；仅保留ID与基因关联	GCF049 GFF;B1;A0;KEGG afr;BioCyc GCF000021485
RU820_RS08885	AFE_1924	否	AMAOT	AMAOT			是	否	DAPASYN-RXN	R03231	未核实化学计量和区室；仅保留ID与基因关联	GCF049 GFF;B1;A0;KEGG afr;BioCyc GCF000021485
RU820_RS08890	AFE_1925	否					否	否			未核实化学计量和区室；仅保留ID与基因关联	GCF049 GFF;B1;A0;KEGG afr;BioCyc GCF000021485
RU820_RS08895	AFE_1926	否					否	否	RXN-14570		未核实化学计量和区室；仅保留ID与基因关联	GCF049 GFF;B1;A0;KEGG afr;BioCyc GCF000021485
RU820_RS08900	AFE_1927	否					否	否			未核实化学计量和区室；仅保留ID与基因关联	GCF049 GFF;B1;A0;KEGG afr;BioCyc GCF000021485
RU820_RS08905	AFE_1928	否					否	否	RXN0-6274	R01122	未核实化学计量和区室；仅保留ID与基因关联	GCF049 GFF;B1;A0;KEGG afr;BioCyc GCF000021485
RU820_RS08910	AFE_1929	否	NDPK1;NDPK2;NDPK3;NDPK4;NDPK5;NDPK6;NDPK7;NDPK8	NDPK1;NDPK2;NDPK3;NDPK4;NDPK5;NDPK6;NDPK7;NDPK8			是	否	CDPKIN-RXN;DADPKIN-RXN;DCDPKIN-RXN;DGDPKIN-RXN;DTDPKIN-RXN;DUDPKIN-RXN;GDPKIN-RXN;UDPKIN-RXN	R00124;R00139;R00156;R00330;R00331;R00570;R00722;R01137;R01857;R02093;R02326;R02331;R03530;R11894;R11895;R12853	未核实化学计量和区室；仅保留ID与基因关联	GCF049 GFF;B1;A0;KEGG afr;BioCyc GCF000021485
RU820_RS08915	AFE_1930	否					否	否			未核实化学计量和区室；仅保留ID与基因关联	GCF049 GFF;B1;A0;KEGG afr;BioCyc GCF000021485
RU820_RS08920	AFE_1931	否					否	否			未核实化学计量和区室；仅保留ID与基因关联	GCF049 GFF;B1;A0;KEGG afr;BioCyc GCF000021485
RU820_RS08925	AFE_1932	否					否	否			未核实化学计量和区室；仅保留ID与基因关联	GCF049 GFF;B1;A0;KEGG afr;BioCyc GCF000021485
RU820_RS08930	AFE_1933	否					否	是	RXN-15878;RXN0-882	R08689;R10859	未核实化学计量和区室；仅保留ID与基因关联	GCF049 GFF;B1;A0;KEGG afr;BioCyc GCF000021485
RU820_RS08935	AFE_1934	否					否	否	HISTIDINE--TRNA-LIGASE-RXN	R03655	未核实化学计量和区室；仅保留ID与基因关联	GCF049 GFF;B1;A0;KEGG afr;BioCyc GCF000021485
RU820_RS08940	AFE_1935	否					否	否			未核实化学计量和区室；仅保留ID与基因关联	GCF049 GFF;B1;A0;KEGG afr;BioCyc GCF000021485
RU820_RS08945	AFE_1936	否					否	否			未核实化学计量和区室；仅保留ID与基因关联	GCF049 GFF;B1;A0;KEGG afr;BioCyc GCF000021485
RU820_RS08950	AFE_1937	否					否	否	RXN0-5462		未核实化学计量和区室；仅保留ID与基因关联	GCF049 GFF;B1;A0;KEGG afr;BioCyc GCF000021485
RU820_RS08955	AFE_1938	否					否	否			未核实化学计量和区室；仅保留ID与基因关联	GCF049 GFF;B1;A0;KEGG afr;BioCyc GCF000021485
RU820_RS08960	AFE_1939	否	Pitpp	Pitpp			是	否			未核实化学计量和区室；仅保留ID与基因关联	GCF049 GFF;B1;A0;KEGG afr;BioCyc GCF000021485
RU820_RS08965	AFE_1940	否	Pitpp	Pitpp			是	否			未核实化学计量和区室；仅保留ID与基因关联	GCF049 GFF;B1;A0;KEGG afr;BioCyc GCF000021485
RU820_RS08970	AFE_1941	否	Pitpp	Pitpp			是	否			未核实化学计量和区室；仅保留ID与基因关联	GCF049 GFF;B1;A0;KEGG afr;BioCyc GCF000021485
RU820_RS08975	AFE_1942	否					否	否			未核实化学计量和区室；仅保留ID与基因关联	GCF049 GFF;B1;A0;KEGG afr;BioCyc GCF000021485
RU820_RS08980	AFE_1943	否					否	否			未核实化学计量和区室；仅保留ID与基因关联	GCF049 GFF;B1;A0;KEGG afr;BioCyc GCF000021485
RU820_RS08985	AFE_1945	否					否	否			未核实化学计量和区室；仅保留ID与基因关联	GCF049 GFF;B1;A0;KEGG afr;BioCyc GCF000021485
RU820_RS08990		否					否	否			未核实化学计量和区室；仅保留ID与基因关联	GCF049 GFF;B1;A0;KEGG afr;BioCyc GCF000021485
RU820_RS08995	AFE_1947	否					否	是			未核实化学计量和区室；仅保留ID与基因关联	GCF049 GFF;B1;A0;KEGG afr;BioCyc GCF000021485
RU820_RS09000	AFE_1948	否					否	否			未核实化学计量和区室；仅保留ID与基因关联	GCF049 GFF;B1;A0;KEGG afr;BioCyc GCF000021485
RU820_RS09005	AFE_1949	否					否	否			未核实化学计量和区室；仅保留ID与基因关联	GCF049 GFF;B1;A0;KEGG afr;BioCyc GCF000021485
RU820_RS09010		否					否	否			未核实化学计量和区室；仅保留ID与基因关联	GCF049 GFF;B1;A0;KEGG afr;BioCyc GCF000021485
RU820_RS09015	AFE_1951	否					否	否			未核实化学计量和区室；仅保留ID与基因关联	GCF049 GFF;B1;A0;KEGG afr;BioCyc GCF000021485
RU820_RS09020	AFE_1952	否					否	否			未核实化学计量和区室；仅保留ID与基因关联	GCF049 GFF;B1;A0;KEGG afr;BioCyc GCF000021485
RU820_RS09025	AFE_1953	否					否	否			未核实化学计量和区室；仅保留ID与基因关联	GCF049 GFF;B1;A0;KEGG afr;BioCyc GCF000021485
RU820_RS09030		否					否	否			未核实化学计量和区室；仅保留ID与基因关联	GCF049 GFF;B1;A0;KEGG afr;BioCyc GCF000021485
RU820_RS09035	AFE_1955	否					否	否			未核实化学计量和区室；仅保留ID与基因关联	GCF049 GFF;B1;A0;KEGG afr;BioCyc GCF000021485
RU820_RS09040	AFE_1956	否					否	是		R07463	未核实化学计量和区室；仅保留ID与基因关联	GCF049 GFF;B1;A0;KEGG afr;BioCyc GCF000021485
RU820_RS09045	AFE_1957	否					否	否			未核实化学计量和区室；仅保留ID与基因关联	GCF049 GFF;B1;A0;KEGG afr;BioCyc GCF000021485
RU820_RS09050	AFE_1958	否					否	否			未核实化学计量和区室；仅保留ID与基因关联	GCF049 GFF;B1;A0;KEGG afr;BioCyc GCF000021485
RU820_RS09055	AFE_1959	否					否	否			未核实化学计量和区室；仅保留ID与基因关联	GCF049 GFF;B1;A0;KEGG afr;BioCyc GCF000021485
RU820_RS09060	AFE_1960	否	MCTP1A	MCTP1A			是	否	RXN-16649;RXN-16659		未核实化学计量和区室；仅保留ID与基因关联	GCF049 GFF;B1;A0;KEGG afr;BioCyc GCF000021485
RU820_RS09065	AFE_1961	否					否	是			未核实化学计量和区室；仅保留ID与基因关联	GCF049 GFF;B1;A0;KEGG afr;BioCyc GCF000021485
RU820_RS09070		否					否	否			未核实化学计量和区室；仅保留ID与基因关联	GCF049 GFF;B1;A0;KEGG afr;BioCyc GCF000021485
RU820_RS09075		否					否	否			未核实化学计量和区室；仅保留ID与基因关联	GCF049 GFF;B1;A0;KEGG afr;BioCyc GCF000021485
RU820_RS09080		否					否	否			未核实化学计量和区室；仅保留ID与基因关联	GCF049 GFF;B1;A0;KEGG afr;BioCyc GCF000021485
RU820_RS09085	AFE_1965	否					否	否			未核实化学计量和区室；仅保留ID与基因关联	GCF049 GFF;B1;A0;KEGG afr;BioCyc GCF000021485
RU820_RS09090	AFE_1966	否					否	是		R01385	未核实化学计量和区室；仅保留ID与基因关联	GCF049 GFF;B1;A0;KEGG afr;BioCyc GCF000021485
RU820_RS09095	AFE_1967	否	AGMHE	AGMHE			是	否	5.1.3.20-RXN	R05176	未核实化学计量和区室；仅保留ID与基因关联	GCF049 GFF;B1;A0;KEGG afr;BioCyc GCF000021485
RU820_RS09100	AFE_1968	否	Ktpp	Ktpp			是	否			未核实化学计量和区室；仅保留ID与基因关联	GCF049 GFF;B1;A0;KEGG afr;BioCyc GCF000021485
RU820_RS09105	AFE_1969	否	ACS	ACS			是	否	ACETATE--COA-LIGASE-RXN;RXN-18446;RXN-18447;RXN-18448	R00235;R00236;R00316;R00925;R00926;R01354	未核实化学计量和区室；仅保留ID与基因关联	GCF049 GFF;B1;A0;KEGG afr;BioCyc GCF000021485
RU820_RS09110	AFE_1970	否					否	否			未核实化学计量和区室；仅保留ID与基因关联	GCF049 GFF;B1;A0;KEGG afr;BioCyc GCF000021485
RU820_RS09115	AFE_1971	否					否	是			未核实化学计量和区室；仅保留ID与基因关联	GCF049 GFF;B1;A0;KEGG afr;BioCyc GCF000021485
RU820_RS09120	AFE_1972	否	CHORS	CHORS			是	否	CHORISMATE-SYNTHASE-RXN	R01714	未核实化学计量和区室；仅保留ID与基因关联	GCF049 GFF;B1;A0;KEGG afr;BioCyc GCF000021485
RU820_RS09125	AFE_1973	否	GTPCI	GTPCI			是	否	GTP-CYCLOHYDRO-I-RXN	R00424;R00428;R04639;R05046;R05048	未核实化学计量和区室；仅保留ID与基因关联	GCF049 GFF;B1;A0;KEGG afr;BioCyc GCF000021485
RU820_RS09130	AFE_1974	否	DOXS;TTMS	DOXS;TTMS			是	否	DXS-RXN	R05636	未核实化学计量和区室；仅保留ID与基因关联	GCF049 GFF;B1;A0;KEGG afr;BioCyc GCF000021485
RU820_RS09135	AFE_1975	否	GRTT	GRTT			是	否		R01658;R02003	未核实化学计量和区室；仅保留ID与基因关联	GCF049 GFF;B1;A0;KEGG afr;BioCyc GCF000021485
RU820_RS09140	AFE_1976	否					否	否	3.1.11.6-RXN		未核实化学计量和区室；仅保留ID与基因关联	GCF049 GFF;B1;A0;KEGG afr;BioCyc GCF000021485
RU820_RS09145	AFE_1977	否					否	是			未核实化学计量和区室；仅保留ID与基因关联	GCF049 GFF;B1;A0;KEGG afr;BioCyc GCF000021485
RU820_RS09150		否					否	否			未核实化学计量和区室；仅保留ID与基因关联	GCF049 GFF;B1;A0;KEGG afr;BioCyc GCF000021485
RU820_RS09155	AFE_1979	否					否	否			未核实化学计量和区室；仅保留ID与基因关联	GCF049 GFF;B1;A0;KEGG afr;BioCyc GCF000021485
RU820_RS09160	AFE_1980	否					否	否	3.1.11.6-RXN		未核实化学计量和区室；仅保留ID与基因关联	GCF049 GFF;B1;A0;KEGG afr;BioCyc GCF000021485
RU820_RS09165	AFE_1981	否					否	否			未核实化学计量和区室；仅保留ID与基因关联	GCF049 GFF;B1;A0;KEGG afr;BioCyc GCF000021485
RU820_RS09170	AFE_1982	否					否	否			未核实化学计量和区室；仅保留ID与基因关联	GCF049 GFF;B1;A0;KEGG afr;BioCyc GCF000021485
RU820_RS09175		否					否	否			未核实化学计量和区室；仅保留ID与基因关联	GCF049 GFF;B1;A0;KEGG afr;BioCyc GCF000021485
RU820_RS09180	AFE_1986	否					否	否	PEPTIDYLPROLYL-ISOMERASE-RXN		未核实化学计量和区室；仅保留ID与基因关联	GCF049 GFF;B1;A0;KEGG afr;BioCyc GCF000021485
RU820_RS09185	AFE_1987	否	UHGA	UHGA			是	否	LIPIDXSYNTHESIS-RXN;RXN-20786;RXN-22239;RXN-22483;RXN2B4Q-51;RXN2DNV-1	R04549	未核实化学计量和区室；仅保留ID与基因关联	GCF049 GFF;B1;A0;KEGG afr;BioCyc GCF000021485
RU820_RS09190	AFE_1988	否					否	否			未核实化学计量和区室；仅保留ID与基因关联	GCF049 GFF;B1;A0;KEGG afr;BioCyc GCF000021485
RU820_RS09195	AFE_1989	否	IPPS	IPPS			是	否	2-ISOPROPYLMALATESYN-RXN	R01213	未核实化学计量和区室；仅保留ID与基因关联	GCF049 GFF;B1;A0;KEGG afr;BioCyc GCF000021485
RU820_RS09200	AFE_1990	否					否	否			未核实化学计量和区室；仅保留ID与基因关联	GCF049 GFF;B1;A0;KEGG afr;BioCyc GCF000021485
RU820_RS09205	AFE_1991	否					否	否			未核实化学计量和区室；仅保留ID与基因关联	GCF049 GFF;B1;A0;KEGG afr;BioCyc GCF000021485
RU820_RS09210	AFE_1992	否					否	是			未核实化学计量和区室；仅保留ID与基因关联	GCF049 GFF;B1;A0;KEGG afr;BioCyc GCF000021485
RU820_RS09215	AFE_1993	否					否	否			未核实化学计量和区室；仅保留ID与基因关联	GCF049 GFF;B1;A0;KEGG afr;BioCyc GCF000021485
RU820_RS09220	AFE_1994	否					否	是	DIOHBUTANONEPSYN-RXN	R07281	未核实化学计量和区室；仅保留ID与基因关联	GCF049 GFF;B1;A0;KEGG afr;BioCyc GCF000021485
RU820_RS09225	AFE_1997	否					否	否			未核实化学计量和区室；仅保留ID与基因关联	GCF049 GFF;B1;A0;KEGG afr;BioCyc GCF000021485
RU820_RS09230	AFE_1998	否					否	否			未核实化学计量和区室；仅保留ID与基因关联	GCF049 GFF;B1;A0;KEGG afr;BioCyc GCF000021485
RU820_RS09235	AFE_1999	否					否	是		R08939;R08940	未核实化学计量和区室；仅保留ID与基因关联	GCF049 GFF;B1;A0;KEGG afr;BioCyc GCF000021485
RU820_RS09240	AFE_2000	否					否	否			未核实化学计量和区室；仅保留ID与基因关联	GCF049 GFF;B1;A0;KEGG afr;BioCyc GCF000021485
RU820_RS09245	AFE_2002	否					否	否			未核实化学计量和区室；仅保留ID与基因关联	GCF049 GFF;B1;A0;KEGG afr;BioCyc GCF000021485
RU820_RS09250	AFE_2003	否					否	否			未核实化学计量和区室；仅保留ID与基因关联	GCF049 GFF;B1;A0;KEGG afr;BioCyc GCF000021485
RU820_RS09255		否					否	是			未核实化学计量和区室；仅保留ID与基因关联	GCF049 GFF;B1;A0;KEGG afr;BioCyc GCF000021485
RU820_RS09260	AFE_2004	否					否	否			未核实化学计量和区室；仅保留ID与基因关联	GCF049 GFF;B1;A0;KEGG afr;BioCyc GCF000021485
RU820_RS09265	AFE_2005	否					否	是		R05771	未核实化学计量和区室；仅保留ID与基因关联	GCF049 GFF;B1;A0;KEGG afr;BioCyc GCF000021485
RU820_RS09270	AFE_2006	否					否	否			未核实化学计量和区室；仅保留ID与基因关联	GCF049 GFF;B1;A0;KEGG afr;BioCyc GCF000021485
RU820_RS09275	AFE_2007	否					否	否			未核实化学计量和区室；仅保留ID与基因关联	GCF049 GFF;B1;A0;KEGG afr;BioCyc GCF000021485
RU820_RS09280	AFE_2008	否					否	否			未核实化学计量和区室；仅保留ID与基因关联	GCF049 GFF;B1;A0;KEGG afr;BioCyc GCF000021485
RU820_RS09285	AFE_2009	否					否	否			未核实化学计量和区室；仅保留ID与基因关联	GCF049 GFF;B1;A0;KEGG afr;BioCyc GCF000021485
RU820_RS09290	AFE_2011	否					否	否			未核实化学计量和区室；仅保留ID与基因关联	GCF049 GFF;B1;A0;KEGG afr;BioCyc GCF000021485
RU820_RS09295	AFE_2012	否					否	否			未核实化学计量和区室；仅保留ID与基因关联	GCF049 GFF;B1;A0;KEGG afr;BioCyc GCF000021485
RU820_RS09300	AFE_2013	否					否	否			未核实化学计量和区室；仅保留ID与基因关联	GCF049 GFF;B1;A0;KEGG afr;BioCyc GCF000021485
RU820_RS09305	AFE_2014	否					否	否			未核实化学计量和区室；仅保留ID与基因关联	GCF049 GFF;B1;A0;KEGG afr;BioCyc GCF000021485
RU820_RS09310	AFE_2015	否					否	否			未核实化学计量和区室；仅保留ID与基因关联	GCF049 GFF;B1;A0;KEGG afr;BioCyc GCF000021485
RU820_RS09315		否					否	否			未核实化学计量和区室；仅保留ID与基因关联	GCF049 GFF;B1;A0;KEGG afr;BioCyc GCF000021485
RU820_RS09320	AFE_2017	否					否	否			未核实化学计量和区室；仅保留ID与基因关联	GCF049 GFF;B1;A0;KEGG afr;BioCyc GCF000021485
RU820_RS09325	AFE_2018	否					否	否			未核实化学计量和区室；仅保留ID与基因关联	GCF049 GFF;B1;A0;KEGG afr;BioCyc GCF000021485
RU820_RS09330	AFE_2019	否					否	否			未核实化学计量和区室；仅保留ID与基因关联	GCF049 GFF;B1;A0;KEGG afr;BioCyc GCF000021485
RU820_RS09335		否					否	否			未核实化学计量和区室；仅保留ID与基因关联	GCF049 GFF;B1;A0;KEGG afr;BioCyc GCF000021485
RU820_RS09340	AFE_2021	否					否	否	3.6.3.3-RXN		未核实化学计量和区室；仅保留ID与基因关联	GCF049 GFF;B1;A0;KEGG afr;BioCyc GCF000021485
RU820_RS09345	AFE_2022	否	ASPTA;PHETA1;TYRTA	ASPTA;PHETA1;TYRTA			是	否		R00355;R00694;R00734;R00896;R02433;R02619;R05052	未核实化学计量和区室；仅保留ID与基因关联	GCF049 GFF;B1;A0;KEGG afr;BioCyc GCF000021485
RU820_RS09350		否					否	否			未核实化学计量和区室；仅保留ID与基因关联	GCF049 GFF;B1;A0;KEGG afr;BioCyc GCF000021485
RU820_RS09355	AFE_2024	否					否	是	RXN-9952	R01528;R10221	未核实化学计量和区室；仅保留ID与基因关联	GCF049 GFF;B1;A0;KEGG afr;BioCyc GCF000021485
RU820_RS09360	AFE_2025	否	G6PDH2	G6PDH2			是	否	GLU6PDEHYDROG-RXN	R00835;R02736;R10907	未核实化学计量和区室；仅保留ID与基因关联	GCF049 GFF;B1;A0;KEGG afr;BioCyc GCF000021485
RU820_RS09365	AFE_2026	否					否	否			未核实化学计量和区室；仅保留ID与基因关联	GCF049 GFF;B1;A0;KEGG afr;BioCyc GCF000021485
RU820_RS09370	AFE_2027	否					否	否	RXN-12456		未核实化学计量和区室；仅保留ID与基因关联	GCF049 GFF;B1;A0;KEGG afr;BioCyc GCF000021485
RU820_RS09375	AFE_2028	否					否	否	5.99.1.2-RXN;5.99.1.3-RXN		未核实化学计量和区室；仅保留ID与基因关联	GCF049 GFF;B1;A0;KEGG afr;BioCyc GCF000021485
RU820_RS09380	AFE_2029	否					否	否			未核实化学计量和区室；仅保留ID与基因关联	GCF049 GFF;B1;A0;KEGG afr;BioCyc GCF000021485
RU820_RS09385	AFE_2031	否					否	否			未核实化学计量和区室；仅保留ID与基因关联	GCF049 GFF;B1;A0;KEGG afr;BioCyc GCF000021485
RU820_RS09390	AFE_2032	否					否	否			未核实化学计量和区室；仅保留ID与基因关联	GCF049 GFF;B1;A0;KEGG afr;BioCyc GCF000021485
RU820_RS09395	AFE_2033	否					否	否			未核实化学计量和区室；仅保留ID与基因关联	GCF049 GFF;B1;A0;KEGG afr;BioCyc GCF000021485
RU820_RS09400	AFE_2034	否					否	否			未核实化学计量和区室；仅保留ID与基因关联	GCF049 GFF;B1;A0;KEGG afr;BioCyc GCF000021485
RU820_RS09405	AFE_2035	否					否	是			未核实化学计量和区室；仅保留ID与基因关联	GCF049 GFF;B1;A0;KEGG afr;BioCyc GCF000021485
RU820_RS09410	AFE_2036	否					否	否			未核实化学计量和区室；仅保留ID与基因关联	GCF049 GFF;B1;A0;KEGG afr;BioCyc GCF000021485
RU820_RS09415	AFE_2037	否					否	否			未核实化学计量和区室；仅保留ID与基因关联	GCF049 GFF;B1;A0;KEGG afr;BioCyc GCF000021485
RU820_RS09420	AFE_2040	否					否	否			未核实化学计量和区室；仅保留ID与基因关联	GCF049 GFF;B1;A0;KEGG afr;BioCyc GCF000021485
RU820_RS09425	AFE_2041	否					否	否			未核实化学计量和区室；仅保留ID与基因关联	GCF049 GFF;B1;A0;KEGG afr;BioCyc GCF000021485
RU820_RS09430	AFE_2043	否					否	是			未核实化学计量和区室；仅保留ID与基因关联	GCF049 GFF;B1;A0;KEGG afr;BioCyc GCF000021485
RU820_RS09435	AFE_2044	否					否	否			未核实化学计量和区室；仅保留ID与基因关联	GCF049 GFF;B1;A0;KEGG afr;BioCyc GCF000021485
RU820_RS09440	AFE_2045	否					否	否			未核实化学计量和区室；仅保留ID与基因关联	GCF049 GFF;B1;A0;KEGG afr;BioCyc GCF000021485
RU820_RS09450	AFE_2047	否					否	是	ATPSYN-RXN		未核实化学计量和区室；仅保留ID与基因关联	GCF049 GFF;B1;A0;KEGG afr;BioCyc GCF000021485
RU820_RS09455	AFE_2050	否					否	否			未核实化学计量和区室；仅保留ID与基因关联	GCF049 GFF;B1;A0;KEGG afr;BioCyc GCF000021485
RU820_RS09460		否					否	否			未核实化学计量和区室；仅保留ID与基因关联	GCF049 GFF;B1;A0;KEGG afr;BioCyc GCF000021485
RU820_RS09465	AFE_2052	否					否	是			未核实化学计量和区室；仅保留ID与基因关联	GCF049 GFF;B1;A0;KEGG afr;BioCyc GCF000021485
RU820_RS09470	AFE_2053	否					否	是		R00761;R01621	未核实化学计量和区室；仅保留ID与基因关联	GCF049 GFF;B1;A0;KEGG afr;BioCyc GCF000021485
RU820_RS09475	AFE_2054	否					否	否			未核实化学计量和区室；仅保留ID与基因关联	GCF049 GFF;B1;A0;KEGG afr;BioCyc GCF000021485
RU820_RS09480		否					否	否			未核实化学计量和区室；仅保留ID与基因关联	GCF049 GFF;B1;A0;KEGG afr;BioCyc GCF000021485
RU820_RS09485	AFE_2056	否					否	否			未核实化学计量和区室；仅保留ID与基因关联	GCF049 GFF;B1;A0;KEGG afr;BioCyc GCF000021485
RU820_RS09490	AFE_2057	否					否	否			未核实化学计量和区室；仅保留ID与基因关联	GCF049 GFF;B1;A0;KEGG afr;BioCyc GCF000021485
RU820_RS09495	AFE_2058	否					否	否	TRANS-RXN-468		未核实化学计量和区室；仅保留ID与基因关联	GCF049 GFF;B1;A0;KEGG afr;BioCyc GCF000021485
RU820_RS09500	AFE_2059	否					否	否	RXN0-1321	R10209	未核实化学计量和区室；仅保留ID与基因关联	GCF049 GFF;B1;A0;KEGG afr;BioCyc GCF000021485
RU820_RS09505	AFE_2060	否					否	否	RXN0-1342	R10220	未核实化学计量和区室；仅保留ID与基因关联	GCF049 GFF;B1;A0;KEGG afr;BioCyc GCF000021485
RU820_RS09510	AFE_2061	否					否	否			未核实化学计量和区室；仅保留ID与基因关联	GCF049 GFF;B1;A0;KEGG afr;BioCyc GCF000021485
RU820_RS09515	AFE_2062	否					否	否			未核实化学计量和区室；仅保留ID与基因关联	GCF049 GFF;B1;A0;KEGG afr;BioCyc GCF000021485
RU820_RS09520	AFE_2063	否	HACT	HACT			是	否	RXN-9384	R01288	未核实化学计量和区室；仅保留ID与基因关联	GCF049 GFF;B1;A0;KEGG afr;BioCyc GCF000021485
RU820_RS09525		否					否	否			未核实化学计量和区室；仅保留ID与基因关联	GCF049 GFF;B1;A0;KEGG afr;BioCyc GCF000021485
RU820_RS09530	AFE_2065	否					否	否			未核实化学计量和区室；仅保留ID与基因关联	GCF049 GFF;B1;A0;KEGG afr;BioCyc GCF000021485
RU820_RS09535	AFE_2066	否	DHFS	DHFS			是	否	DIHYDROFOLATESYNTH-RXN;FOLYLPOLYGLUTAMATESYNTH-RXN;FORMYLTHFGLUSYNTH-RXN;RXN-6341;RXN0-2921;RXN2DNV-43	R00942;R02237;R04241	未核实化学计量和区室；仅保留ID与基因关联	GCF049 GFF;B1;A0;KEGG afr;BioCyc GCF000021485
RU820_RS09540	AFE_2067	否	ACCOAC;BIOC1	ACCOAC;BIOC1			是	否	ACETYL-COA-CARBOXYLTRANSFER-RXN;RXN0-5055	R00742;R04386	未核实化学计量和区室；仅保留ID与基因关联	GCF049 GFF;B1;A0;KEGG afr;BioCyc GCF000021485
RU820_RS09545	AFE_2068	否	TRPS2;TRPS3	TRPS2;TRPS3			是	否	TRYPSYN-RXN	R00674;R02340;R02722	未核实化学计量和区室；仅保留ID与基因关联	GCF049 GFF;B1;A0;KEGG afr;BioCyc GCF000021485
RU820_RS09550	AFE_2069	否	TRPS2	TRPS2			是	否	TRYPSYN-RXN	R00674;R02340;R02722	未核实化学计量和区室；仅保留ID与基因关联	GCF049 GFF;B1;A0;KEGG afr;BioCyc GCF000021485
RU820_RS09555	AFE_2070	否	PRAI	PRAI			是	否	PRAISOM-RXN	R03509	未核实化学计量和区室；仅保留ID与基因关联	GCF049 GFF;B1;A0;KEGG afr;BioCyc GCF000021485
RU820_RS09560	AFE_2071	否					否	否	TRNA-PSEUDOURIDINE-SYNTHASE-I-RXN		未核实化学计量和区室；仅保留ID与基因关联	GCF049 GFF;B1;A0;KEGG afr;BioCyc GCF000021485
RU820_RS09565	AFE_2072	否					否	否			未核实化学计量和区室；仅保留ID与基因关联	GCF049 GFF;B1;A0;KEGG afr;BioCyc GCF000021485
RU820_RS09570	AFE_2074	否	ASAD	ASAD			是	否	ASPARTATE-SEMIALDEHYDE-DEHYDROGENASE-RXN	R02291	未核实化学计量和区室；仅保留ID与基因关联	GCF049 GFF;B1;A0;KEGG afr;BioCyc GCF000021485
RU820_RS09575	AFE_2075	否	IPMD	IPMD			是	否	RXN-13158;RXN-14986;RXNQT-4165;RXNQT-4168;RXNQT-4171;RXNQT-4174;RXNQT-4178	R00994;R04426;R10052	未核实化学计量和区室；仅保留ID与基因关联	GCF049 GFF;B1;A0;KEGG afr;BioCyc GCF000021485
RU820_RS09580	AFE_2076	否					否	是	RXN-16427;RXN-21295;RXN-21601;RXN0-262	R11581	未核实化学计量和区室；仅保留ID与基因关联	GCF049 GFF;B1;A0;KEGG afr;BioCyc GCF000021485
RU820_RS09585	AFE_2077	否					否	是	RXN0-262		未核实化学计量和区室；仅保留ID与基因关联	GCF049 GFF;B1;A0;KEGG afr;BioCyc GCF000021485
RU820_RS09590	AFE_2078	否					否	是	RXN-8348	R09735	未核实化学计量和区室；仅保留ID与基因关联	GCF049 GFF;B1;A0;KEGG afr;BioCyc GCF000021485
RU820_RS09595	AFE_2079	否					否	否			未核实化学计量和区室；仅保留ID与基因关联	GCF049 GFF;B1;A0;KEGG afr;BioCyc GCF000021485
RU820_RS09600	AFE_2080	否					否	否	RXN0-3201		未核实化学计量和区室；仅保留ID与基因关联	GCF049 GFF;B1;A0;KEGG afr;BioCyc GCF000021485
RU820_RS09605	AFE_2081	否					否	是	5.4.99.15-RXN	R01824;R09995	未核实化学计量和区室；仅保留ID与基因关联	GCF049 GFF;B1;A0;KEGG afr;BioCyc GCF000021485
RU820_RS09610	AFE_2082	否					否	是	3.2.1.141-RXN	R09995;R11256	未核实化学计量和区室；仅保留ID与基因关联	GCF049 GFF;B1;A0;KEGG afr;BioCyc GCF000021485
RU820_RS09615	AFE_2083	否		ZZ_TreT1_ADP;ZZ_TreT2_UDP			是	否		R08946;R10525;R11306	未核实化学计量和区室；仅保留ID与基因关联	GCF049 GFF;B1;A0;KEGG afr;BioCyc GCF000021485
RU820_RS09620	AFE_2084	否					否	否			未核实化学计量和区室；仅保留ID与基因关联	GCF049 GFF;B1;A0;KEGG afr;BioCyc GCF000021485
RU820_RS09625	AFE_2085	否					否	否			未核实化学计量和区室；仅保留ID与基因关联	GCF049 GFF;B1;A0;KEGG afr;BioCyc GCF000021485
RU820_RS09630	AFE_2086	否					否	否			未核实化学计量和区室；仅保留ID与基因关联	GCF049 GFF;B1;A0;KEGG afr;BioCyc GCF000021485
RU820_RS09635	AFE_2088	否					否	是		R00623;R00754;R02124;R04880;R05233;R05234;R06917;R06927;R07105;R08281;R08306;R08310	未核实化学计量和区室；仅保留ID与基因关联	GCF049 GFF;B1;A0;KEGG afr;BioCyc GCF000021485
RU820_RS09640	AFE_2089	否					否	否	RXN-16660;RXN-16665;RXN0-5401		未核实化学计量和区室；仅保留ID与基因关联	GCF049 GFF;B1;A0;KEGG afr;BioCyc GCF000021485
RU820_RS09645	AFE_2090	否					否	否			未核实化学计量和区室；仅保留ID与基因关联	GCF049 GFF;B1;A0;KEGG afr;BioCyc GCF000021485
RU820_RS09650	AFE_2091	否					否	是			未核实化学计量和区室；仅保留ID与基因关联	GCF049 GFF;B1;A0;KEGG afr;BioCyc GCF000021485
RU820_RS09655		否					否	否			未核实化学计量和区室；仅保留ID与基因关联	GCF049 GFF;B1;A0;KEGG afr;BioCyc GCF000021485
RU820_RS09660	AFE_2093	否					否	否	RXN0-5131		未核实化学计量和区室；仅保留ID与基因关联	GCF049 GFF;B1;A0;KEGG afr;BioCyc GCF000021485
RU820_RS09665	AFE_2094	否					否	否			未核实化学计量和区室；仅保留ID与基因关联	GCF049 GFF;B1;A0;KEGG afr;BioCyc GCF000021485
RU820_RS09670	AFE_2095	否					否	否			未核实化学计量和区室；仅保留ID与基因关联	GCF049 GFF;B1;A0;KEGG afr;BioCyc GCF000021485
RU820_RS09680	AFE_2096	否					否	否			未核实化学计量和区室；仅保留ID与基因关联	GCF049 GFF;B1;A0;KEGG afr;BioCyc GCF000021485
RU820_RS09685	AFE_2097	否					否	否			未核实化学计量和区室；仅保留ID与基因关联	GCF049 GFF;B1;A0;KEGG afr;BioCyc GCF000021485
RU820_RS09690		否					否	否			未核实化学计量和区室；仅保留ID与基因关联	GCF049 GFF;B1;A0;KEGG afr;BioCyc GCF000021485
RU820_RS09695		否					否	否			未核实化学计量和区室；仅保留ID与基因关联	GCF049 GFF;B1;A0;KEGG afr;BioCyc GCF000021485
RU820_RS09700		否					否	否			未核实化学计量和区室；仅保留ID与基因关联	GCF049 GFF;B1;A0;KEGG afr;BioCyc GCF000021485
RU820_RS09710		否					否	否			未核实化学计量和区室；仅保留ID与基因关联	GCF049 GFF;B1;A0;KEGG afr;BioCyc GCF000021485
RU820_RS09715	AFE_2103	否					否	否			未核实化学计量和区室；仅保留ID与基因关联	GCF049 GFF;B1;A0;KEGG afr;BioCyc GCF000021485
RU820_RS09720	AFE_2104	否					否	是			未核实化学计量和区室；仅保留ID与基因关联	GCF049 GFF;B1;A0;KEGG afr;BioCyc GCF000021485
RU820_RS09725	AFE_2105	否					否	否			未核实化学计量和区室；仅保留ID与基因关联	GCF049 GFF;B1;A0;KEGG afr;BioCyc GCF000021485
RU820_RS09730	AFE_2106	否					否	否			未核实化学计量和区室；仅保留ID与基因关联	GCF049 GFF;B1;A0;KEGG afr;BioCyc GCF000021485
RU820_RS09735	AFE_2107	否					否	是			未核实化学计量和区室；仅保留ID与基因关联	GCF049 GFF;B1;A0;KEGG afr;BioCyc GCF000021485
RU820_RS09740		否					否	否			未核实化学计量和区室；仅保留ID与基因关联	GCF049 GFF;B1;A0;KEGG afr;BioCyc GCF000021485
RU820_RS09745		否					否	否			未核实化学计量和区室；仅保留ID与基因关联	GCF049 GFF;B1;A0;KEGG afr;BioCyc GCF000021485
RU820_RS09750	AFE_2111	否					否	否	6.3.5.6-RXN;6.3.5.7-RXN	R03905;R04212	未核实化学计量和区室；仅保留ID与基因关联	GCF049 GFF;B1;A0;KEGG afr;BioCyc GCF000021485
RU820_RS09755	AFE_2112	否					否	否	6.3.5.6-RXN;6.3.5.7-RXN	R03905;R04212	未核实化学计量和区室；仅保留ID与基因关联	GCF049 GFF;B1;A0;KEGG afr;BioCyc GCF000021485
RU820_RS09760	AFE_2113	否					否	否			未核实化学计量和区室；仅保留ID与基因关联	GCF049 GFF;B1;A0;KEGG afr;BioCyc GCF000021485
RU820_RS09765	AFE_2114	否					否	否			未核实化学计量和区室；仅保留ID与基因关联	GCF049 GFF;B1;A0;KEGG afr;BioCyc GCF000021485
RU820_RS09770	AFE_2115	否					否	否	RXN-13528		未核实化学计量和区室；仅保留ID与基因关联	GCF049 GFF;B1;A0;KEGG afr;BioCyc GCF000021485
RU820_RS09775	AFE_2116	否					否	否			未核实化学计量和区室；仅保留ID与基因关联	GCF049 GFF;B1;A0;KEGG afr;BioCyc GCF000021485
RU820_RS09780		否					否	否			未核实化学计量和区室；仅保留ID与基因关联	GCF049 GFF;B1;A0;KEGG afr;BioCyc GCF000021485
RU820_RS09785	AFE_2118	否					否	是			未核实化学计量和区室；仅保留ID与基因关联	GCF049 GFF;B1;A0;KEGG afr;BioCyc GCF000021485
RU820_RS09790	AFE_2119	否					否	否			未核实化学计量和区室；仅保留ID与基因关联	GCF049 GFF;B1;A0;KEGG afr;BioCyc GCF000021485
RU820_RS09795	AFE_2120	否					否	否			未核实化学计量和区室；仅保留ID与基因关联	GCF049 GFF;B1;A0;KEGG afr;BioCyc GCF000021485
RU820_RS09800	AFE_2121	否					否	否			未核实化学计量和区室；仅保留ID与基因关联	GCF049 GFF;B1;A0;KEGG afr;BioCyc GCF000021485
RU820_RS09805	AFE_2122	否					否	否			未核实化学计量和区室；仅保留ID与基因关联	GCF049 GFF;B1;A0;KEGG afr;BioCyc GCF000021485
RU820_RS09810	AFE_2123	否	AHCYSNS	AHCYSNS			是	否	ADENOSYLHOMOCYSTEINE-NUCLEOSIDASE-RXN;METHYLTHIOADENOSINE-NUCLEOSIDASE-RXN		未核实化学计量和区室；仅保留ID与基因关联	GCF049 GFF;B1;A0;KEGG afr;BioCyc GCF000021485
RU820_RS09815	AFE_2124	否					否	是	5.4.99.17-RXN	R07322;R07323	未核实化学计量和区室；仅保留ID与基因关联	GCF049 GFF;B1;A0;KEGG afr;BioCyc GCF000021485
RU820_RS09820	AFE_2125	否					否	是		R00702;R07652;R09793	未核实化学计量和区室；仅保留ID与基因关联	GCF049 GFF;B1;A0;KEGG afr;BioCyc GCF000021485
RU820_RS09825	AFE_2126	否	G3PD2	G3PD2			是	否	GLYC3PDEHYDROGBIOSYN-RXN	R00842;R00844	未核实化学计量和区室；仅保留ID与基因关联	GCF049 GFF;B1;A0;KEGG afr;BioCyc GCF000021485
RU820_RS09830	AFE_2127	否					否	否			未核实化学计量和区室；仅保留ID与基因关联	GCF049 GFF;B1;A0;KEGG afr;BioCyc GCF000021485
RU820_RS09835		否					否	否			未核实化学计量和区室；仅保留ID与基因关联	GCF049 GFF;B1;A0;KEGG afr;BioCyc GCF000021485
RU820_RS09840	AFE_2129	否					否	否			未核实化学计量和区室；仅保留ID与基因关联	GCF049 GFF;B1;A0;KEGG afr;BioCyc GCF000021485
RU820_RS09845	AFE_2130	否					否	否			未核实化学计量和区室；仅保留ID与基因关联	GCF049 GFF;B1;A0;KEGG afr;BioCyc GCF000021485
RU820_RS09850		否					否	否			未核实化学计量和区室；仅保留ID与基因关联	GCF049 GFF;B1;A0;KEGG afr;BioCyc GCF000021485
RU820_RS09855	AFE_2131	否					否	是		R00711	未核实化学计量和区室；仅保留ID与基因关联	GCF049 GFF;B1;A0;KEGG afr;BioCyc GCF000021485
RU820_RS09860	AFE_2132	否					否	否	PROLINE--TRNA-LIGASE-RXN	R03661	未核实化学计量和区室；仅保留ID与基因关联	GCF049 GFF;B1;A0;KEGG afr;BioCyc GCF000021485
RU820_RS09865	AFE_2133	否					否	否			未核实化学计量和区室；仅保留ID与基因关联	GCF049 GFF;B1;A0;KEGG afr;BioCyc GCF000021485
RU820_RS09870	AFE_2134	否					否	否			未核实化学计量和区室；仅保留ID与基因关联	GCF049 GFF;B1;A0;KEGG afr;BioCyc GCF000021485
RU820_RS09875	AFE_2135	否					否	否			未核实化学计量和区室；仅保留ID与基因关联	GCF049 GFF;B1;A0;KEGG afr;BioCyc GCF000021485
RU820_RS09880	AFE_2136	否					否	否	2.1.1.77-RXN		未核实化学计量和区室；仅保留ID与基因关联	GCF049 GFF;B1;A0;KEGG afr;BioCyc GCF000021485
RU820_RS09885	AFE_2137	否					否	否			未核实化学计量和区室；仅保留ID与基因关联	GCF049 GFF;B1;A0;KEGG afr;BioCyc GCF000021485
RU820_RS09890	AFE_2138	否					否	否			未核实化学计量和区室；仅保留ID与基因关联	GCF049 GFF;B1;A0;KEGG afr;BioCyc GCF000021485
RU820_RS09895	AFE_2139	否					否	是		R03537;R03538;R03929;R05135	未核实化学计量和区室；仅保留ID与基因关联	GCF049 GFF;B1;A0;KEGG afr;BioCyc GCF000021485
RU820_RS09900	AFE_2140	否					否	是	5-FORMYL-THF-CYCLO-LIGASE-RXN	R02301	未核实化学计量和区室；仅保留ID与基因关联	GCF049 GFF;B1;A0;KEGG afr;BioCyc GCF000021485
RU820_RS09905		否					否	否			未核实化学计量和区室；仅保留ID与基因关联	GCF049 GFF;B1;A0;KEGG afr;BioCyc GCF000021485
RU820_RS09910	AFE_2142	否					否	否			未核实化学计量和区室；仅保留ID与基因关联	GCF049 GFF;B1;A0;KEGG afr;BioCyc GCF000021485
RU820_RS09915	AFE_2143	否					否	否			未核实化学计量和区室；仅保留ID与基因关联	GCF049 GFF;B1;A0;KEGG afr;BioCyc GCF000021485
RU820_RS09920	AFE_2144	否					否	是	RXN-16649;RXN-16659		未核实化学计量和区室；仅保留ID与基因关联	GCF049 GFF;B1;A0;KEGG afr;BioCyc GCF000021485
RU820_RS09925	AFE_2145	否					否	否			未核实化学计量和区室；仅保留ID与基因关联	GCF049 GFF;B1;A0;KEGG afr;BioCyc GCF000021485
RU820_RS09930	AFE_2146	否					否	否	AMINOCYL-TRNA-HYDROLASE-RXN;RXN-12460;RXN-16637		未核实化学计量和区室；仅保留ID与基因关联	GCF049 GFF;B1;A0;KEGG afr;BioCyc GCF000021485
RU820_RS09935	AFE_2147	否					否	否			未核实化学计量和区室；仅保留ID与基因关联	GCF049 GFF;B1;A0;KEGG afr;BioCyc GCF000021485
RU820_RS09940	AFE_2148	否					否	否			未核实化学计量和区室；仅保留ID与基因关联	GCF049 GFF;B1;A0;KEGG afr;BioCyc GCF000021485
RU820_RS09945	AFE_2149	否	HYD4	HYD4			是	否	MVHMETH-RXN		未核实化学计量和区室；仅保留ID与基因关联	GCF049 GFF;B1;A0;KEGG afr;BioCyc GCF000021485
RU820_RS09950	AFE_2150	否	HYD4	HYD4			是	否	1.6.99.5-RXN;NADH-DEHYDROG-A-RXN;RXN-20991;RXN-21546;RXN0-5330;RXN0-5330-YEAST;RXN0-7123		未核实化学计量和区室；仅保留ID与基因关联	GCF049 GFF;B1;A0;KEGG afr;BioCyc GCF000021485
RU820_RS09955	AFE_2151	否	HYD4	HYD4			是	否			未核实化学计量和区室；仅保留ID与基因关联	GCF049 GFF;B1;A0;KEGG afr;BioCyc GCF000021485
RU820_RS09960	AFE_2152	否	HYD4	HYD4			是	否	MVHMETH-RXN		未核实化学计量和区室；仅保留ID与基因关联	GCF049 GFF;B1;A0;KEGG afr;BioCyc GCF000021485
RU820_RS09965	AFE_2153	否	HYD4	HYD4			是	否	1.6.99.5-RXN;NADH-DEHYDROG-A-RXN;RXN-20991;RXN-21546;RXN0-5330;RXN0-5330-YEAST;RXN0-7123		未核实化学计量和区室；仅保留ID与基因关联	GCF049 GFF;B1;A0;KEGG afr;BioCyc GCF000021485
RU820_RS09970	AFE_2154	否	HYD4	HYD4			是	否			未核实化学计量和区室；仅保留ID与基因关联	GCF049 GFF;B1;A0;KEGG afr;BioCyc GCF000021485
RU820_RS09975	AFE_2155	否	RUBISCO	RUBISCO			是	否	RIBULOSE-BISPHOSPHATE-CARBOXYLASE-RXN;RXN-961	R00024;R03140	未核实化学计量和区室；仅保留ID与基因关联	GCF049 GFF;B1;A0;KEGG afr;BioCyc GCF000021485
RU820_RS09980	AFE_2156	否					否	否		R00294	未核实化学计量和区室；仅保留ID与基因关联	GCF049 GFF;B1;A0;KEGG afr;BioCyc GCF000021485
RU820_RS09985	AFE_2157	否					否	否		R00294	未核实化学计量和区室；仅保留ID与基因关联	GCF049 GFF;B1;A0;KEGG afr;BioCyc GCF000021485
RU820_RS09990	AFE_2158	否					否	否			未核实化学计量和区室；仅保留ID与基因关联	GCF049 GFF;B1;A0;KEGG afr;BioCyc GCF000021485
RU820_RS09995	AFE_2159	否					否	否			未核实化学计量和区室；仅保留ID与基因关联	GCF049 GFF;B1;A0;KEGG afr;BioCyc GCF000021485
RU820_RS10000	AFE_2160	否	SPMS	SPMS			是	否		R01920;R08359	未核实化学计量和区室；仅保留ID与基因关联	GCF049 GFF;B1;A0;KEGG afr;BioCyc GCF000021485
RU820_RS10005	AFE_2161	否					否	否			未核实化学计量和区室；仅保留ID与基因关联	GCF049 GFF;B1;A0;KEGG afr;BioCyc GCF000021485
RU820_RS10010	AFE_2163	否					否	否			未核实化学计量和区室；仅保留ID与基因关联	GCF049 GFF;B1;A0;KEGG afr;BioCyc GCF000021485
RU820_RS10015	AFE_2165	否					否	否			未核实化学计量和区室；仅保留ID与基因关联	GCF049 GFF;B1;A0;KEGG afr;BioCyc GCF000021485
RU820_RS10020	AFE_2166	否					否	否			未核实化学计量和区室；仅保留ID与基因关联	GCF049 GFF;B1;A0;KEGG afr;BioCyc GCF000021485
RU820_RS10025	AFE_2167	否					否	是			未核实化学计量和区室；仅保留ID与基因关联	GCF049 GFF;B1;A0;KEGG afr;BioCyc GCF000021485
RU820_RS10030	AFE_2169	否					否	否			未核实化学计量和区室；仅保留ID与基因关联	GCF049 GFF;B1;A0;KEGG afr;BioCyc GCF000021485
RU820_RS10035	AFE_2170	否					否	否			未核实化学计量和区室；仅保留ID与基因关联	GCF049 GFF;B1;A0;KEGG afr;BioCyc GCF000021485
RU820_RS10040	AFE_2171	否					否	否			未核实化学计量和区室；仅保留ID与基因关联	GCF049 GFF;B1;A0;KEGG afr;BioCyc GCF000021485
RU820_RS10045	AFE_2172	否					否	是			未核实化学计量和区室；仅保留ID与基因关联	GCF049 GFF;B1;A0;KEGG afr;BioCyc GCF000021485
RU820_RS10050	AFE_2173	否					否	否	RXN0-5510	R10816	未核实化学计量和区室；仅保留ID与基因关联	GCF049 GFF;B1;A0;KEGG afr;BioCyc GCF000021485
RU820_RS10055	AFE_2174	否					否	否			未核实化学计量和区室；仅保留ID与基因关联	GCF049 GFF;B1;A0;KEGG afr;BioCyc GCF000021485
RU820_RS10060	AFE_2175	否					否	是			未核实化学计量和区室；仅保留ID与基因关联	GCF049 GFF;B1;A0;KEGG afr;BioCyc GCF000021485
RU820_RS10065	AFE_2176	否					否	否			未核实化学计量和区室；仅保留ID与基因关联	GCF049 GFF;B1;A0;KEGG afr;BioCyc GCF000021485
RU820_RS10070	AFE_2177	否	SQRED1	SQRED1			是	否			未核实化学计量和区室；仅保留ID与基因关联	GCF049 GFF;B1;A0;KEGG afr;BioCyc GCF000021485
RU820_RS10075	AFE_2178	否	SQRED1	SQRED1			是	否			未核实化学计量和区室；仅保留ID与基因关联	GCF049 GFF;B1;A0;KEGG afr;BioCyc GCF000021485
RU820_RS10080	AFE_2179	否	SQRED1	SQRED1			是	否	RXN-8269		未核实化学计量和区室；仅保留ID与基因关联	GCF049 GFF;B1;A0;KEGG afr;BioCyc GCF000021485
RU820_RS10085	AFE_2181	否	SQRED1	SQRED1			是	否			未核实化学计量和区室；仅保留ID与基因关联	GCF049 GFF;B1;A0;KEGG afr;BioCyc GCF000021485
RU820_RS10090		否					否	否			未核实化学计量和区室；仅保留ID与基因关联	GCF049 GFF;B1;A0;KEGG afr;BioCyc GCF000021485
RU820_RS10095	AFE_2183	否					否	否			未核实化学计量和区室；仅保留ID与基因关联	GCF049 GFF;B1;A0;KEGG afr;BioCyc GCF000021485
RU820_RS10100	AFE_2184	否					否	是			未核实化学计量和区室；仅保留ID与基因关联	GCF049 GFF;B1;A0;KEGG afr;BioCyc GCF000021485
RU820_RS10105	AFE_2185	否					否	否			未核实化学计量和区室；仅保留ID与基因关联	GCF049 GFF;B1;A0;KEGG afr;BioCyc GCF000021485
RU820_RS10110	AFE_2186	否					否	是	RXN0-20		未核实化学计量和区室；仅保留ID与基因关联	GCF049 GFF;B1;A0;KEGG afr;BioCyc GCF000021485
RU820_RS10115	AFE_2187	否					否	否	RXN0-4261		未核实化学计量和区室；仅保留ID与基因关联	GCF049 GFF;B1;A0;KEGG afr;BioCyc GCF000021485
RU820_RS10120	AFE_2188	否					否	否			未核实化学计量和区室；仅保留ID与基因关联	GCF049 GFF;B1;A0;KEGG afr;BioCyc GCF000021485
RU820_RS10125		否					否	是			未核实化学计量和区室；仅保留ID与基因关联	GCF049 GFF;B1;A0;KEGG afr;BioCyc GCF000021485
RU820_RS10130	AFE_2190	否					否	是			未核实化学计量和区室；仅保留ID与基因关联	GCF049 GFF;B1;A0;KEGG afr;BioCyc GCF000021485
RU820_RS10135	AFE_2192	否					否	否			未核实化学计量和区室；仅保留ID与基因关联	GCF049 GFF;B1;A0;KEGG afr;BioCyc GCF000021485
RU820_RS10140	AFE_2193	否					否	是	3.6.1.41-RXN	R00125	未核实化学计量和区室；仅保留ID与基因关联	GCF049 GFF;B1;A0;KEGG afr;BioCyc GCF000021485
RU820_RS10145	AFE_2194	否					否	否	RXN-11135		未核实化学计量和区室；仅保留ID与基因关联	GCF049 GFF;B1;A0;KEGG afr;BioCyc GCF000021485
RU820_RS10150	AFE_2195	否					否	否			未核实化学计量和区室；仅保留ID与基因关联	GCF049 GFF;B1;A0;KEGG afr;BioCyc GCF000021485
RU820_RS10155	AFE_2196	否					否	否			未核实化学计量和区室；仅保留ID与基因关联	GCF049 GFF;B1;A0;KEGG afr;BioCyc GCF000021485
RU820_RS10160		否					否	否			未核实化学计量和区室；仅保留ID与基因关联	GCF049 GFF;B1;A0;KEGG afr;BioCyc GCF000021485
RU820_RS10165	AFE_2199	否					否	是	TRANS-RXN-237		未核实化学计量和区室；仅保留ID与基因关联	GCF049 GFF;B1;A0;KEGG afr;BioCyc GCF000021485
RU820_RS10170	AFE_2200	否					否	是	TRANS-RXN-237		未核实化学计量和区室；仅保留ID与基因关联	GCF049 GFF;B1;A0;KEGG afr;BioCyc GCF000021485
RU820_RS10175	AFE_2201	否					否	是	3.4.11.1-RXN	R00899;R04951	未核实化学计量和区室；仅保留ID与基因关联	GCF049 GFF;B1;A0;KEGG afr;BioCyc GCF000021485
RU820_RS10180	AFE_2203	否					否	否	DNA-DIRECTED-DNA-POLYMERASE-RXN;RXN-20927;RXN0-4961		未核实化学计量和区室；仅保留ID与基因关联	GCF049 GFF;B1;A0;KEGG afr;BioCyc GCF000021485
RU820_RS10185		否					否	否			未核实化学计量和区室；仅保留ID与基因关联	GCF049 GFF;B1;A0;KEGG afr;BioCyc GCF000021485
RU820_RS10190	AFE_2204	否					否	否	VALINE--TRNA-LIGASE-RXN	R03665	未核实化学计量和区室；仅保留ID与基因关联	GCF049 GFF;B1;A0;KEGG afr;BioCyc GCF000021485
RU820_RS10195	AFE_2205	否					否	是			未核实化学计量和区室；仅保留ID与基因关联	GCF049 GFF;B1;A0;KEGG afr;BioCyc GCF000021485
RU820_RS10200	AFE_2206	否	NNDPR	NNDPR			是	否	QUINOPRIBOTRANS-RXN	R03348	未核实化学计量和区室；仅保留ID与基因关联	GCF049 GFF;B1;A0;KEGG afr;BioCyc GCF000021485
RU820_RS10205	AFE_2207	否					否	否			未核实化学计量和区室；仅保留ID与基因关联	GCF049 GFF;B1;A0;KEGG afr;BioCyc GCF000021485
RU820_RS10210	AFE_2209	否					否	否			未核实化学计量和区室；仅保留ID与基因关联	GCF049 GFF;B1;A0;KEGG afr;BioCyc GCF000021485
RU820_RS10215	AFE_2210	否					否	是		R03893;R05510;R05511;R06835;R06838;R08120;R08121;R09136;R09220;R09222	未核实化学计量和区室；仅保留ID与基因关联	GCF049 GFF;B1;A0;KEGG afr;BioCyc GCF000021485
RU820_RS10220	AFE_2211	否					否	否			未核实化学计量和区室；仅保留ID与基因关联	GCF049 GFF;B1;A0;KEGG afr;BioCyc GCF000021485
RU820_RS10225	AFE_2212	否					否	否			未核实化学计量和区室；仅保留ID与基因关联	GCF049 GFF;B1;A0;KEGG afr;BioCyc GCF000021485
RU820_RS10230		否					否	否			未核实化学计量和区室；仅保留ID与基因关联	GCF049 GFF;B1;A0;KEGG afr;BioCyc GCF000021485
RU820_RS10235	AFE_2214	否					否	否			未核实化学计量和区室；仅保留ID与基因关联	GCF049 GFF;B1;A0;KEGG afr;BioCyc GCF000021485
RU820_RS10240	AFE_2215	否					否	否			未核实化学计量和区室；仅保留ID与基因关联	GCF049 GFF;B1;A0;KEGG afr;BioCyc GCF000021485
RU820_RS10245	AFE_2217	否					否	否			未核实化学计量和区室；仅保留ID与基因关联	GCF049 GFF;B1;A0;KEGG afr;BioCyc GCF000021485
RU820_RS10250	AFE_2216	否					否	否			未核实化学计量和区室；仅保留ID与基因关联	GCF049 GFF;B1;A0;KEGG afr;BioCyc GCF000021485
RU820_RS10255	AFE_2218	否					否	是		R01334	未核实化学计量和区室；仅保留ID与基因关联	GCF049 GFF;B1;A0;KEGG afr;BioCyc GCF000021485
RU820_RS10260	AFE_2219	否					否	否	RXN-11838		未核实化学计量和区室；仅保留ID与基因关联	GCF049 GFF;B1;A0;KEGG afr;BioCyc GCF000021485
RU820_RS10265	AFE_2220	否					否	否			未核实化学计量和区室；仅保留ID与基因关联	GCF049 GFF;B1;A0;KEGG afr;BioCyc GCF000021485
RU820_RS10270	AFE_2221	否					否	否	CYSTEINE--TRNA-LIGASE-RXN	R03650	未核实化学计量和区室；仅保留ID与基因关联	GCF049 GFF;B1;A0;KEGG afr;BioCyc GCF000021485
RU820_RS10275	AFE_2222	否	GLUTRS	GLUTRS			是	否	GLURS-RXN	R03651;R05578	未核实化学计量和区室；仅保留ID与基因关联	GCF049 GFF;B1;A0;KEGG afr;BioCyc GCF000021485
RU820_RS10280	AFE_2223	否					否	是			未核实化学计量和区室；仅保留ID与基因关联	GCF049 GFF;B1;A0;KEGG afr;BioCyc GCF000021485
RU820_RS10285	AFE_2224	否					否	是	3.2.1.3-RXN;RXN-9024	R01790;R01791;R06199	未核实化学计量和区室；仅保留ID与基因关联	GCF049 GFF;B1;A0;KEGG afr;BioCyc GCF000021485
RU820_RS10290	AFE_2225	否					否	是	GLUCOSE-1-DEHYDROGENASE-NADP+-RXN;GLUCOSE-1-DEHYDROGENASE-RXN	R01520;R01521	未核实化学计量和区室；仅保留ID与基因关联	GCF049 GFF;B1;A0;KEGG afr;BioCyc GCF000021485
RU820_RS10295		否					否	否			未核实化学计量和区室；仅保留ID与基因关联	GCF049 GFF;B1;A0;KEGG afr;BioCyc GCF000021485
RU820_RS10300		否					否	否			未核实化学计量和区室；仅保留ID与基因关联	GCF049 GFF;B1;A0;KEGG afr;BioCyc GCF000021485
RU820_RS10305	AFE_2227	否					否	否	2-HALOACID-DEHALOGENASE-RXN;3.8.1.11-RXN;RXN-6263;RXN-6264		未核实化学计量和区室；仅保留ID与基因关联	GCF049 GFF;B1;A0;KEGG afr;BioCyc GCF000021485
RU820_RS10310	AFE_2228	否					否	否			未核实化学计量和区室；仅保留ID与基因关联	GCF049 GFF;B1;A0;KEGG afr;BioCyc GCF000021485
RU820_RS10315	AFE_2229	否					否	否	2.7.13.3-RXN		未核实化学计量和区室；仅保留ID与基因关联	GCF049 GFF;B1;A0;KEGG afr;BioCyc GCF000021485
RU820_RS10320	AFE_2231	否					否	否	TRANS-RXN-2		未核实化学计量和区室；仅保留ID与基因关联	GCF049 GFF;B1;A0;KEGG afr;BioCyc GCF000021485
RU820_RS10325	AFE_2232	否					否	否	TRANS-RXN-2		未核实化学计量和区室；仅保留ID与基因关联	GCF049 GFF;B1;A0;KEGG afr;BioCyc GCF000021485
RU820_RS10330	AFE_2233	否					否	否	TRANS-RXN-2		未核实化学计量和区室；仅保留ID与基因关联	GCF049 GFF;B1;A0;KEGG afr;BioCyc GCF000021485
RU820_RS10335		否					否	否			未核实化学计量和区室；仅保留ID与基因关联	GCF049 GFF;B1;A0;KEGG afr;BioCyc GCF000021485
RU820_RS10340	AFE_2235	否					否	否			未核实化学计量和区室；仅保留ID与基因关联	GCF049 GFF;B1;A0;KEGG afr;BioCyc GCF000021485
RU820_RS10345	AFE_2238	否					否	是		R00239	未核实化学计量和区室；仅保留ID与基因关联	GCF049 GFF;B1;A0;KEGG afr;BioCyc GCF000021485
RU820_RS10350	AFE_2239	否					否	是			未核实化学计量和区室；仅保留ID与基因关联	GCF049 GFF;B1;A0;KEGG afr;BioCyc GCF000021485
RU820_RS10355	AFE_2240	否					否	否			未核实化学计量和区室；仅保留ID与基因关联	GCF049 GFF;B1;A0;KEGG afr;BioCyc GCF000021485
RU820_RS10360	AFE_2241	否					否	否			未核实化学计量和区室；仅保留ID与基因关联	GCF049 GFF;B1;A0;KEGG afr;BioCyc GCF000021485
RU820_RS10365	AFE_2242	否					否	否			未核实化学计量和区室；仅保留ID与基因关联	GCF049 GFF;B1;A0;KEGG afr;BioCyc GCF000021485
RU820_RS10370	AFE_2245	否					否	是			未核实化学计量和区室；仅保留ID与基因关联	GCF049 GFF;B1;A0;KEGG afr;BioCyc GCF000021485
RU820_RS10375	AFE_2246	否					否	否			未核实化学计量和区室；仅保留ID与基因关联	GCF049 GFF;B1;A0;KEGG afr;BioCyc GCF000021485
RU820_RS10380	AFE_2248	否					否	否			未核实化学计量和区室；仅保留ID与基因关联	GCF049 GFF;B1;A0;KEGG afr;BioCyc GCF000021485
RU820_RS10385	AFE_2250	否					否	是			未核实化学计量和区室；仅保留ID与基因关联	GCF049 GFF;B1;A0;KEGG afr;BioCyc GCF000021485
RU820_RS10390	AFE_2251	否					否	否			未核实化学计量和区室；仅保留ID与基因关联	GCF049 GFF;B1;A0;KEGG afr;BioCyc GCF000021485
RU820_RS10395		否					否	否			未核实化学计量和区室；仅保留ID与基因关联	GCF049 GFF;B1;A0;KEGG afr;BioCyc GCF000021485
RU820_RS10400	AFE_2254	否					否	是			未核实化学计量和区室；仅保留ID与基因关联	GCF049 GFF;B1;A0;KEGG afr;BioCyc GCF000021485
RU820_RS10405	AFE_2255	否					否	否			未核实化学计量和区室；仅保留ID与基因关联	GCF049 GFF;B1;A0;KEGG afr;BioCyc GCF000021485
RU820_RS10410	AFE_2256	否					否	否			未核实化学计量和区室；仅保留ID与基因关联	GCF049 GFF;B1;A0;KEGG afr;BioCyc GCF000021485
RU820_RS10415	AFE_2257	否					否	否			未核实化学计量和区室；仅保留ID与基因关联	GCF049 GFF;B1;A0;KEGG afr;BioCyc GCF000021485
RU820_RS10420	AFE_2258	否					否	否			未核实化学计量和区室；仅保留ID与基因关联	GCF049 GFF;B1;A0;KEGG afr;BioCyc GCF000021485
RU820_RS10425	AFE_2259	否					否	否			未核实化学计量和区室；仅保留ID与基因关联	GCF049 GFF;B1;A0;KEGG afr;BioCyc GCF000021485
RU820_RS10430	AFE_2260	否	AICART;IMPC	AICART;IMPC			是	否	AICARTRANSFORM-RXN;IMPCYCLOHYDROLASE-RXN	R01127;R04560	未核实化学计量和区室；仅保留ID与基因关联	GCF049 GFF;B1;A0;KEGG afr;BioCyc GCF000021485
RU820_RS10435	AFE_2261	否	PRAGS	PRAGS			是	否	GLYRIBONUCSYN-RXN	R04144	未核实化学计量和区室；仅保留ID与基因关联	GCF049 GFF;B1;A0;KEGG afr;BioCyc GCF000021485
RU820_RS10440	AFE_2262	否					否	是	RXN-14569	R10463	未核实化学计量和区室；仅保留ID与基因关联	GCF049 GFF;B1;A0;KEGG afr;BioCyc GCF000021485
RU820_RS10445	AFE_2263	否	CPPPGO1	CPPPGO1			是	否	RXN0-1461	R03220	未核实化学计量和区室；仅保留ID与基因关联	GCF049 GFF;B1;A0;KEGG afr;BioCyc GCF000021485
RU820_RS10450	AFE_2264	否	DHORD	DHORD			是	否	DIHYDROOROTATE-DEHYDROGENASE-RXN;RXN0-6491;RXN0-6554	R01868	未核实化学计量和区室；仅保留ID与基因关联	GCF049 GFF;B1;A0;KEGG afr;BioCyc GCF000021485
RU820_RS10455	AFE_2265	否					否	否			未核实化学计量和区室；仅保留ID与基因关联	GCF049 GFF;B1;A0;KEGG afr;BioCyc GCF000021485
RU820_RS10460	AFE_2266	否					否	否			未核实化学计量和区室；仅保留ID与基因关联	GCF049 GFF;B1;A0;KEGG afr;BioCyc GCF000021485
RU820_RS10465	AFE_2267	否	FE32tpp	FE32tpp			是	否			未核实化学计量和区室；仅保留ID与基因关联	GCF049 GFF;B1;A0;KEGG afr;BioCyc GCF000021485
RU820_RS10470	AFE_2268	否	FE32tpp	FE32tpp			是	否			未核实化学计量和区室；仅保留ID与基因关联	GCF049 GFF;B1;A0;KEGG afr;BioCyc GCF000021485
RU820_RS10475	AFE_2269	否	FE32tpp	FE32tpp			是	否			未核实化学计量和区室；仅保留ID与基因关联	GCF049 GFF;B1;A0;KEGG afr;BioCyc GCF000021485
RU820_RS10480	AFE_2270	否	FE32tpp	FE32tpp			是	否			未核实化学计量和区室；仅保留ID与基因关联	GCF049 GFF;B1;A0;KEGG afr;BioCyc GCF000021485
RU820_RS10485	AFE_2271	否	FE32tpp	FE32tpp			是	否			未核实化学计量和区室；仅保留ID与基因关联	GCF049 GFF;B1;A0;KEGG afr;BioCyc GCF000021485
RU820_RS10490	AFE_2272	否					否	否			未核实化学计量和区室；仅保留ID与基因关联	GCF049 GFF;B1;A0;KEGG afr;BioCyc GCF000021485
RU820_RS10495	AFE_2273	否	FE32tpp	FE32tpp			是	否			未核实化学计量和区室；仅保留ID与基因关联	GCF049 GFF;B1;A0;KEGG afr;BioCyc GCF000021485
RU820_RS10500	AFE_2274	否	FE32tpp	FE32tpp			是	否			未核实化学计量和区室；仅保留ID与基因关联	GCF049 GFF;B1;A0;KEGG afr;BioCyc GCF000021485
RU820_RS10505	AFE_2275	否	FE32tpp	FE32tpp			是	否			未核实化学计量和区室；仅保留ID与基因关联	GCF049 GFF;B1;A0;KEGG afr;BioCyc GCF000021485
RU820_RS10510	AFE_2276	否	FE32tpp	FE32tpp			是	否			未核实化学计量和区室；仅保留ID与基因关联	GCF049 GFF;B1;A0;KEGG afr;BioCyc GCF000021485
RU820_RS10515	AFE_2277	否					否	是			未核实化学计量和区室；仅保留ID与基因关联	GCF049 GFF;B1;A0;KEGG afr;BioCyc GCF000021485
RU820_RS10520	AFE_2278	否	PPTtpp	PPTtpp			是	否	RXN-17954;RXN-17957;RXN0-6732	R10185	未核实化学计量和区室；仅保留ID与基因关联	GCF049 GFF;B1;A0;KEGG afr;BioCyc GCF000021485
RU820_RS10525	AFE_2279	否	PPTtpp	PPTtpp			是	否	RXN-17954;RXN-17957;RXN0-6732	R10185	未核实化学计量和区室；仅保留ID与基因关联	GCF049 GFF;B1;A0;KEGG afr;BioCyc GCF000021485
RU820_RS10530	AFE_2280	否	PPTtpp	PPTtpp			是	否	RXN-17956;RXN0-6734	R10185	未核实化学计量和区室；仅保留ID与基因关联	GCF049 GFF;B1;A0;KEGG afr;BioCyc GCF000021485
RU820_RS10535	AFE_2281	否	PPTtpp	PPTtpp			是	否	RXN-17956;RXN-17959;RXN0-6734	R10204	未核实化学计量和区室；仅保留ID与基因关联	GCF049 GFF;B1;A0;KEGG afr;BioCyc GCF000021485
RU820_RS10540	AFE_2282	否	PPTtpp	PPTtpp			是	否			未核实化学计量和区室；仅保留ID与基因关联	GCF049 GFF;B1;A0;KEGG afr;BioCyc GCF000021485
RU820_RS10545	AFE_2283	否	PPTtpp	PPTtpp			是	否	RXN-17954;RXN-17957;RXN0-6732	R10185	未核实化学计量和区室；仅保留ID与基因关联	GCF049 GFF;B1;A0;KEGG afr;BioCyc GCF000021485
RU820_RS10550	AFE_2284	否	PPTtpp	PPTtpp			是	否	RXN-17955;RXN-17958;RXN0-6733	R10186	未核实化学计量和区室；仅保留ID与基因关联	GCF049 GFF;B1;A0;KEGG afr;BioCyc GCF000021485
RU820_RS10555	AFE_2285	否	PPTtpp	PPTtpp			是	否			未核实化学计量和区室；仅保留ID与基因关联	GCF049 GFF;B1;A0;KEGG afr;BioCyc GCF000021485
RU820_RS10560	AFE_2286	否	PPTtpp	PPTtpp			是	否	RXN0-1401	R06836	未核实化学计量和区室；仅保留ID与基因关联	GCF049 GFF;B1;A0;KEGG afr;BioCyc GCF000021485
RU820_RS10565	AFE_2287	否					否	否			未核实化学计量和区室；仅保留ID与基因关联	GCF049 GFF;B1;A0;KEGG afr;BioCyc GCF000021485
RU820_RS10570	AFE_2288	否					否	否			未核实化学计量和区室；仅保留ID与基因关联	GCF049 GFF;B1;A0;KEGG afr;BioCyc GCF000021485
RU820_RS10575		否					否	否			未核实化学计量和区室；仅保留ID与基因关联	GCF049 GFF;B1;A0;KEGG afr;BioCyc GCF000021485
RU820_RS10580		否					否	否			未核实化学计量和区室；仅保留ID与基因关联	GCF049 GFF;B1;A0;KEGG afr;BioCyc GCF000021485
RU820_RS10585	AFE_2292	否	PSD120	PSD120			是	否			未核实化学计量和区室；仅保留ID与基因关联	GCF049 GFF;B1;A0;KEGG afr;BioCyc GCF000021485
RU820_RS10590	AFE_2294	否					否	否			未核实化学计量和区室；仅保留ID与基因关联	GCF049 GFF;B1;A0;KEGG afr;BioCyc GCF000021485
RU820_RS10595	AFE_2295	否					否	否			未核实化学计量和区室；仅保留ID与基因关联	GCF049 GFF;B1;A0;KEGG afr;BioCyc GCF000021485
RU820_RS10600	AFE_2296	否					否	否			未核实化学计量和区室；仅保留ID与基因关联	GCF049 GFF;B1;A0;KEGG afr;BioCyc GCF000021485
RU820_RS10605	AFE_2297	否					否	否			未核实化学计量和区室；仅保留ID与基因关联	GCF049 GFF;B1;A0;KEGG afr;BioCyc GCF000021485
RU820_RS10610	AFE_2298	否					否	否			未核实化学计量和区室；仅保留ID与基因关联	GCF049 GFF;B1;A0;KEGG afr;BioCyc GCF000021485
RU820_RS10615	AFE_2299	否					否	否			未核实化学计量和区室；仅保留ID与基因关联	GCF049 GFF;B1;A0;KEGG afr;BioCyc GCF000021485
RU820_RS10620	AFE_2300	否	FE32tpp	FE32tpp			是	否			未核实化学计量和区室；仅保留ID与基因关联	GCF049 GFF;B1;A0;KEGG afr;BioCyc GCF000021485
RU820_RS10625	AFE_2301	否	FE32tpp	FE32tpp			是	否			未核实化学计量和区室；仅保留ID与基因关联	GCF049 GFF;B1;A0;KEGG afr;BioCyc GCF000021485
RU820_RS10630	AFE_2302	否	FE32tpp	FE32tpp			是	否			未核实化学计量和区室；仅保留ID与基因关联	GCF049 GFF;B1;A0;KEGG afr;BioCyc GCF000021485
RU820_RS10635	AFE_2303	否	FE32tpp	FE32tpp			是	否			未核实化学计量和区室；仅保留ID与基因关联	GCF049 GFF;B1;A0;KEGG afr;BioCyc GCF000021485
RU820_RS10640	AFE_2304	否	FE32tpp	FE32tpp			是	否			未核实化学计量和区室；仅保留ID与基因关联	GCF049 GFF;B1;A0;KEGG afr;BioCyc GCF000021485
RU820_RS10645	AFE_2305	否	FE32tpp	FE32tpp			是	否			未核实化学计量和区室；仅保留ID与基因关联	GCF049 GFF;B1;A0;KEGG afr;BioCyc GCF000021485
RU820_RS10650	AFE_2306	否					否	否			未核实化学计量和区室；仅保留ID与基因关联	GCF049 GFF;B1;A0;KEGG afr;BioCyc GCF000021485
RU820_RS10655	AFE_2307	否					否	否			未核实化学计量和区室；仅保留ID与基因关联	GCF049 GFF;B1;A0;KEGG afr;BioCyc GCF000021485
RU820_RS10660	AFE_2309	否					否	否			未核实化学计量和区室；仅保留ID与基因关联	GCF049 GFF;B1;A0;KEGG afr;BioCyc GCF000021485
RU820_RS10670	AFE_2312	否					否	是			未核实化学计量和区室；仅保留ID与基因关联	GCF049 GFF;B1;A0;KEGG afr;BioCyc GCF000021485
RU820_RS10675	AFE_2313	否					否	否			未核实化学计量和区室；仅保留ID与基因关联	GCF049 GFF;B1;A0;KEGG afr;BioCyc GCF000021485
RU820_RS10680	AFE_2314	否					否	否	RXN-17131;RXN-17132;RXN-17133		未核实化学计量和区室；仅保留ID与基因关联	GCF049 GFF;B1;A0;KEGG afr;BioCyc GCF000021485
RU820_RS10685		否					否	否			未核实化学计量和区室；仅保留ID与基因关联	GCF049 GFF;B1;A0;KEGG afr;BioCyc GCF000021485
RU820_RS10690	AFE_2316	否					否	否			未核实化学计量和区室；仅保留ID与基因关联	GCF049 GFF;B1;A0;KEGG afr;BioCyc GCF000021485
RU820_RS10695	AFE_2318	否					否	否			未核实化学计量和区室；仅保留ID与基因关联	GCF049 GFF;B1;A0;KEGG afr;BioCyc GCF000021485
RU820_RS10700	AFE_2319	否					否	否			未核实化学计量和区室；仅保留ID与基因关联	GCF049 GFF;B1;A0;KEGG afr;BioCyc GCF000021485
RU820_RS10705	AFE_2320	否					否	否	3.1.13.3-RXN		未核实化学计量和区室；仅保留ID与基因关联	GCF049 GFF;B1;A0;KEGG afr;BioCyc GCF000021485
RU820_RS10710	AFE_2321	否					否	否			未核实化学计量和区室；仅保留ID与基因关联	GCF049 GFF;B1;A0;KEGG afr;BioCyc GCF000021485
RU820_RS10715	AFE_2322	否					否	是		R00291;R02984	未核实化学计量和区室；仅保留ID与基因关联	GCF049 GFF;B1;A0;KEGG afr;BioCyc GCF000021485
RU820_RS10720	AFE_2323	否					否	否			未核实化学计量和区室；仅保留ID与基因关联	GCF049 GFF;B1;A0;KEGG afr;BioCyc GCF000021485
RU820_RS10725	AFE_2324	否	PGMT;PGMT2	PGMT;PGMT2			是	否	PHOSPHOGLUCMUT-RXN	R00959;R01057;R08639	未核实化学计量和区室；仅保留ID与基因关联	GCF049 GFF;B1;A0;KEGG afr;BioCyc GCF000021485
RU820_RS10730	AFE_2325	否					否	否			未核实化学计量和区室；仅保留ID与基因关联	GCF049 GFF;B1;A0;KEGG afr;BioCyc GCF000021485
RU820_RS10735		否					否	否			未核实化学计量和区室；仅保留ID与基因关联	GCF049 GFF;B1;A0;KEGG afr;BioCyc GCF000021485
RU820_RS10740	AFE_2327	否	MG2tpp	MG2tpp			是	否	TRANS-RXN-250		未核实化学计量和区室；仅保留ID与基因关联	GCF049 GFF;B1;A0;KEGG afr;BioCyc GCF000021485
RU820_RS10745	AFE_2328	否					否	否			未核实化学计量和区室；仅保留ID与基因关联	GCF049 GFF;B1;A0;KEGG afr;BioCyc GCF000021485
RU820_RS10750	AFE_2330	否					否	否			未核实化学计量和区室；仅保留ID与基因关联	GCF049 GFF;B1;A0;KEGG afr;BioCyc GCF000021485
RU820_RS10755	AFE_2333	否					否	是			未核实化学计量和区室；仅保留ID与基因关联	GCF049 GFF;B1;A0;KEGG afr;BioCyc GCF000021485
RU820_RS10760	AFE_2332	否					否	否			未核实化学计量和区室；仅保留ID与基因关联	GCF049 GFF;B1;A0;KEGG afr;BioCyc GCF000021485
RU820_RS10765		否					否	否			未核实化学计量和区室；仅保留ID与基因关联	GCF049 GFF;B1;A0;KEGG afr;BioCyc GCF000021485
RU820_RS10770		否					否	否			未核实化学计量和区室；仅保留ID与基因关联	GCF049 GFF;B1;A0;KEGG afr;BioCyc GCF000021485
RU820_RS10775	AFE_2337	否					否	否	RXN0-5021		未核实化学计量和区室；仅保留ID与基因关联	GCF049 GFF;B1;A0;KEGG afr;BioCyc GCF000021485
RU820_RS10780	AFE_2338	否					否	否			未核实化学计量和区室；仅保留ID与基因关联	GCF049 GFF;B1;A0;KEGG afr;BioCyc GCF000021485
RU820_RS10785	AFE_2339	否					否	否			未核实化学计量和区室；仅保留ID与基因关联	GCF049 GFF;B1;A0;KEGG afr;BioCyc GCF000021485
RU820_RS10790	AFE_2340	否					否	否			未核实化学计量和区室；仅保留ID与基因关联	GCF049 GFF;B1;A0;KEGG afr;BioCyc GCF000021485
RU820_RS10795	AFE_2342	否					否	否			未核实化学计量和区室；仅保留ID与基因关联	GCF049 GFF;B1;A0;KEGG afr;BioCyc GCF000021485
RU820_RS10800	AFE_2341	否					否	是	INORGPYROPHOSPHAT-RXN;RXN0-1602;RXN0-1603;RXN0-6382	R00720;R02720;R03531;R08243	未核实化学计量和区室；仅保留ID与基因关联	GCF049 GFF;B1;A0;KEGG afr;BioCyc GCF000021485
RU820_RS10805	AFE_2343	否					否	否	RXN0-6481;RXN0-6482;TRNA-NUCLEOTIDYLTRANSFERASE-RXN		未核实化学计量和区室；仅保留ID与基因关联	GCF049 GFF;B1;A0;KEGG afr;BioCyc GCF000021485
RU820_RS10810	AFE_2344	否					否	否			未核实化学计量和区室；仅保留ID与基因关联	GCF049 GFF;B1;A0;KEGG afr;BioCyc GCF000021485
RU820_RS10815	AFE_2345	否					否	否			未核实化学计量和区室；仅保留ID与基因关联	GCF049 GFF;B1;A0;KEGG afr;BioCyc GCF000021485
RU820_RS10820	AFE_2346	否	CPPPGO2	CPPPGO2			是	否			未核实化学计量和区室；仅保留ID与基因关联	GCF049 GFF;B1;A0;KEGG afr;BioCyc GCF000021485
RU820_RS10825	AFE_2347	否					否	否			未核实化学计量和区室；仅保留ID与基因关联	GCF049 GFF;B1;A0;KEGG afr;BioCyc GCF000021485
RU820_RS10830	AFE_2348	否					否	是			未核实化学计量和区室；仅保留ID与基因关联	GCF049 GFF;B1;A0;KEGG afr;BioCyc GCF000021485
RU820_RS10835		否					否	否			未核实化学计量和区室；仅保留ID与基因关联	GCF049 GFF;B1;A0;KEGG afr;BioCyc GCF000021485
RU820_RS10840	AFE_2349	否					否	是			未核实化学计量和区室；仅保留ID与基因关联	GCF049 GFF;B1;A0;KEGG afr;BioCyc GCF000021485
RU820_RS10845	AFE_2350	否					否	是			未核实化学计量和区室；仅保留ID与基因关联	GCF049 GFF;B1;A0;KEGG afr;BioCyc GCF000021485
RU820_RS10850	AFE_2351	否					否	否			未核实化学计量和区室；仅保留ID与基因关联	GCF049 GFF;B1;A0;KEGG afr;BioCyc GCF000021485
RU820_RS10855	AFE_2352	否					否	否			未核实化学计量和区室；仅保留ID与基因关联	GCF049 GFF;B1;A0;KEGG afr;BioCyc GCF000021485
RU820_RS10860		否					否	否			未核实化学计量和区室；仅保留ID与基因关联	GCF049 GFF;B1;A0;KEGG afr;BioCyc GCF000021485
RU820_RS10865	AFE_2354	否	PRFGS	PRFGS			是	否	FGAMSYN-RXN	R04463	未核实化学计量和区室；仅保留ID与基因关联	GCF049 GFF;B1;A0;KEGG afr;BioCyc GCF000021485
RU820_RS10870	AFE_2355	否	PRASCS	PRASCS			是	否	SAICARSYN-RXN	R04591	未核实化学计量和区室；仅保留ID与基因关联	GCF049 GFF;B1;A0;KEGG afr;BioCyc GCF000021485
RU820_RS10875	AFE_2356	否	ADSL1;ADSL2	ADSL1;ADSL2			是	否	AICARSYN-RXN;AMPSYN-RXN;RXN-22497	R01083;R04559;R12851	未核实化学计量和区室；仅保留ID与基因关联	GCF049 GFF;B1;A0;KEGG afr;BioCyc GCF000021485
RU820_RS10880	AFE_2357	否					否	否			未核实化学计量和区室；仅保留ID与基因关联	GCF049 GFF;B1;A0;KEGG afr;BioCyc GCF000021485
RU820_RS10885	AFE_2358	否	DHDPS	DHDPS			是	否	DIHYDRODIPICSYN-RXN	R10147	未核实化学计量和区室；仅保留ID与基因关联	GCF049 GFF;B1;A0;KEGG afr;BioCyc GCF000021485
RU820_RS10890		否					否	否			未核实化学计量和区室；仅保留ID与基因关联	GCF049 GFF;B1;A0;KEGG afr;BioCyc GCF000021485
RU820_RS10895	AFE_2360	否					否	否			未核实化学计量和区室；仅保留ID与基因关联	GCF049 GFF;B1;A0;KEGG afr;BioCyc GCF000021485
RU820_RS10900	AFE_2361	否					否	是	3.4.24.32-RXN;RXN-14267;RXN-16938;RXN-22613;RXN0-5225	R04112	未核实化学计量和区室；仅保留ID与基因关联	GCF049 GFF;B1;A0;KEGG afr;BioCyc GCF000021485
RU820_RS10905	AFE_2362	否					否	否			未核实化学计量和区室；仅保留ID与基因关联	GCF049 GFF;B1;A0;KEGG afr;BioCyc GCF000021485
RU820_RS10910	AFE_2363	否					否	否	PRODISULFREDUCT-RXN		未核实化学计量和区室；仅保留ID与基因关联	GCF049 GFF;B1;A0;KEGG afr;BioCyc GCF000021485
RU820_RS10915	AFE_2364	否					否	否			未核实化学计量和区室；仅保留ID与基因关联	GCF049 GFF;B1;A0;KEGG afr;BioCyc GCF000021485
RU820_RS10920	AFE_2365	否					否	否			未核实化学计量和区室；仅保留ID与基因关联	GCF049 GFF;B1;A0;KEGG afr;BioCyc GCF000021485
RU820_RS10925	AFE_2366	否					否	是			未核实化学计量和区室；仅保留ID与基因关联	GCF049 GFF;B1;A0;KEGG afr;BioCyc GCF000021485
RU820_RS10930	AFE_2367	否					否	否			未核实化学计量和区室；仅保留ID与基因关联	GCF049 GFF;B1;A0;KEGG afr;BioCyc GCF000021485
RU820_RS10935	AFE_2368	否					否	否			未核实化学计量和区室；仅保留ID与基因关联	GCF049 GFF;B1;A0;KEGG afr;BioCyc GCF000021485
RU820_RS10940	AFE_2369	否					否	否			未核实化学计量和区室；仅保留ID与基因关联	GCF049 GFF;B1;A0;KEGG afr;BioCyc GCF000021485
RU820_RS10945		否					否	否			未核实化学计量和区室；仅保留ID与基因关联	GCF049 GFF;B1;A0;KEGG afr;BioCyc GCF000021485
RU820_RS10950	AFE_2372	否					否	否	2.1.1.72-RXN		未核实化学计量和区室；仅保留ID与基因关联	GCF049 GFF;B1;A0;KEGG afr;BioCyc GCF000021485
RU820_RS10955	AFE_2373	否					否	否			未核实化学计量和区室；仅保留ID与基因关联	GCF049 GFF;B1;A0;KEGG afr;BioCyc GCF000021485
RU820_RS10960	AFE_2374	否					否	否			未核实化学计量和区室；仅保留ID与基因关联	GCF049 GFF;B1;A0;KEGG afr;BioCyc GCF000021485
RU820_RS10965	AFE_2375	否					否	否			未核实化学计量和区室；仅保留ID与基因关联	GCF049 GFF;B1;A0;KEGG afr;BioCyc GCF000021485
RU820_RS10970	AFE_2377	否					否	否			未核实化学计量和区室；仅保留ID与基因关联	GCF049 GFF;B1;A0;KEGG afr;BioCyc GCF000021485
RU820_RS10975	AFE_2378	否					否	否			未核实化学计量和区室；仅保留ID与基因关联	GCF049 GFF;B1;A0;KEGG afr;BioCyc GCF000021485
RU820_RS10980		否					否	否			未核实化学计量和区室；仅保留ID与基因关联	GCF049 GFF;B1;A0;KEGG afr;BioCyc GCF000021485
RU820_RS10985	AFE_2380	否					否	否			未核实化学计量和区室；仅保留ID与基因关联	GCF049 GFF;B1;A0;KEGG afr;BioCyc GCF000021485
RU820_RS10990	AFE_2381	否					否	否			未核实化学计量和区室；仅保留ID与基因关联	GCF049 GFF;B1;A0;KEGG afr;BioCyc GCF000021485
RU820_RS10995	AFE_2383	否	OPHBDC	OPHBDC			是	否	3-OCTAPRENYL-4-OHBENZOATE-DECARBOX-RXN;RXN-15309;RXN-9223;RXN-9231;RXN-9238	R04985;R04986	未核实化学计量和区室；仅保留ID与基因关联	GCF049 GFF;B1;A0;KEGG afr;BioCyc GCF000021485
RU820_RS11000	AFE_2384	否					否	是	TRANS-RXN2G89-4;TRANS-RXN2G89-5;TRANS-RXN2G89-6		未核实化学计量和区室；仅保留ID与基因关联	GCF049 GFF;B1;A0;KEGG afr;BioCyc GCF000021485
RU820_RS11005	AFE_2385	否					否	否			未核实化学计量和区室；仅保留ID与基因关联	GCF049 GFF;B1;A0;KEGG afr;BioCyc GCF000021485
RU820_RS11010	AFE_2386	否					否	否	RXN0-7115		未核实化学计量和区室；仅保留ID与基因关联	GCF049 GFF;B1;A0;KEGG afr;BioCyc GCF000021485
RU820_RS11015	AFE_2387	否					否	否			未核实化学计量和区室；仅保留ID与基因关联	GCF049 GFF;B1;A0;KEGG afr;BioCyc GCF000021485
RU820_RS11020	AFE_2388	否	OMPHHX	OMPHHX			是	否		R12658	未核实化学计量和区室；仅保留ID与基因关联	GCF049 GFF;B1;A0;KEGG afr;BioCyc GCF000021485
RU820_RS11025	AFE_2389	否	OMPHHX	OMPHHX			是	否		R04987;R08768	未核实化学计量和区室；仅保留ID与基因关联	GCF049 GFF;B1;A0;KEGG afr;BioCyc GCF000021485
RU820_RS11030	AFE_2390	否					否	否			未核实化学计量和区室；仅保留ID与基因关联	GCF049 GFF;B1;A0;KEGG afr;BioCyc GCF000021485
RU820_RS11035	AFE_2391	否					否	否			未核实化学计量和区室；仅保留ID与基因关联	GCF049 GFF;B1;A0;KEGG afr;BioCyc GCF000021485
RU820_RS11040		否					否	否			未核实化学计量和区室；仅保留ID与基因关联	GCF049 GFF;B1;A0;KEGG afr;BioCyc GCF000021485
RU820_RS11045	AFE_2392	否					否	否			未核实化学计量和区室；仅保留ID与基因关联	GCF049 GFF;B1;A0;KEGG afr;BioCyc GCF000021485
RU820_RS11055		否					否	否			未核实化学计量和区室；仅保留ID与基因关联	GCF049 GFF;B1;A0;KEGG afr;BioCyc GCF000021485
RU820_RS11070	AFE_0507;AFE_0835;AFE_2397	是					否	待定			未核实化学计量和区室；仅保留ID与基因关联	GCF049 GFF;B1;A0;KEGG afr;BioCyc GCF000021485
RU820_RS11075	AFE_0508;AFE_0834;AFE_2398	是					否	待定			未核实化学计量和区室；仅保留ID与基因关联	GCF049 GFF;B1;A0;KEGG afr;BioCyc GCF000021485
RU820_RS11080	AFE_0509;AFE_0833;AFE_2399	是					否	待定			未核实化学计量和区室；仅保留ID与基因关联	GCF049 GFF;B1;A0;KEGG afr;BioCyc GCF000021485
RU820_RS11090	AFE_2401	否					否	否			未核实化学计量和区室；仅保留ID与基因关联	GCF049 GFF;B1;A0;KEGG afr;BioCyc GCF000021485
RU820_RS11095	AFE_2403	否					否	否			未核实化学计量和区室；仅保留ID与基因关联	GCF049 GFF;B1;A0;KEGG afr;BioCyc GCF000021485
RU820_RS11100	AFE_2405	否					否	否			未核实化学计量和区室；仅保留ID与基因关联	GCF049 GFF;B1;A0;KEGG afr;BioCyc GCF000021485
RU820_RS11105		否					否	否			未核实化学计量和区室；仅保留ID与基因关联	GCF049 GFF;B1;A0;KEGG afr;BioCyc GCF000021485
RU820_RS11115		否					否	否			未核实化学计量和区室；仅保留ID与基因关联	GCF049 GFF;B1;A0;KEGG afr;BioCyc GCF000021485
RU820_RS11120		否					否	否			未核实化学计量和区室；仅保留ID与基因关联	GCF049 GFF;B1;A0;KEGG afr;BioCyc GCF000021485
RU820_RS11125	AFE_2408	否					否	否			未核实化学计量和区室；仅保留ID与基因关联	GCF049 GFF;B1;A0;KEGG afr;BioCyc GCF000021485
RU820_RS11130	AFE_2410	否					否	否			未核实化学计量和区室；仅保留ID与基因关联	GCF049 GFF;B1;A0;KEGG afr;BioCyc GCF000021485
RU820_RS11135	AFE_2411	否					否	是	NADH-DEHYDROG-A-RXN	R11945	未核实化学计量和区室；仅保留ID与基因关联	GCF049 GFF;B1;A0;KEGG afr;BioCyc GCF000021485
RU820_RS11140		否					否	否			未核实化学计量和区室；仅保留ID与基因关联	GCF049 GFF;B1;A0;KEGG afr;BioCyc GCF000021485
RU820_RS11145	AFE_2413	否					否	否			未核实化学计量和区室；仅保留ID与基因关联	GCF049 GFF;B1;A0;KEGG afr;BioCyc GCF000021485
RU820_RS11150	AFE_2414	否					否	否			未核实化学计量和区室；仅保留ID与基因关联	GCF049 GFF;B1;A0;KEGG afr;BioCyc GCF000021485
RU820_RS11155	AFE_2415	否					否	否			未核实化学计量和区室；仅保留ID与基因关联	GCF049 GFF;B1;A0;KEGG afr;BioCyc GCF000021485
RU820_RS11160		否					否	否			未核实化学计量和区室；仅保留ID与基因关联	GCF049 GFF;B1;A0;KEGG afr;BioCyc GCF000021485
RU820_RS11165	AFE_2417	否					否	否			未核实化学计量和区室；仅保留ID与基因关联	GCF049 GFF;B1;A0;KEGG afr;BioCyc GCF000021485
RU820_RS11170	AFE_2419	否					否	否			未核实化学计量和区室；仅保留ID与基因关联	GCF049 GFF;B1;A0;KEGG afr;BioCyc GCF000021485
RU820_RS11175	AFE_2420	否					否	是			未核实化学计量和区室；仅保留ID与基因关联	GCF049 GFF;B1;A0;KEGG afr;BioCyc GCF000021485
RU820_RS11180	AFE_2421	否					否	否			未核实化学计量和区室；仅保留ID与基因关联	GCF049 GFF;B1;A0;KEGG afr;BioCyc GCF000021485
RU820_RS11185	AFE_2422	否					否	否			未核实化学计量和区室；仅保留ID与基因关联	GCF049 GFF;B1;A0;KEGG afr;BioCyc GCF000021485
RU820_RS11190	AFE_2423	否					否	是	ATPSYN-RXN		未核实化学计量和区室；仅保留ID与基因关联	GCF049 GFF;B1;A0;KEGG afr;BioCyc GCF000021485
RU820_RS11195	AFE_2424	否					否	是			未核实化学计量和区室；仅保留ID与基因关联	GCF049 GFF;B1;A0;KEGG afr;BioCyc GCF000021485
RU820_RS11200	AFE_2425	否					否	否			未核实化学计量和区室；仅保留ID与基因关联	GCF049 GFF;B1;A0;KEGG afr;BioCyc GCF000021485
RU820_RS11205		否					否	否			未核实化学计量和区室；仅保留ID与基因关联	GCF049 GFF;B1;A0;KEGG afr;BioCyc GCF000021485
RU820_RS11210	AFE_2428	否					否	否			未核实化学计量和区室；仅保留ID与基因关联	GCF049 GFF;B1;A0;KEGG afr;BioCyc GCF000021485
RU820_RS11215	AFE_2429	否					否	否			未核实化学计量和区室；仅保留ID与基因关联	GCF049 GFF;B1;A0;KEGG afr;BioCyc GCF000021485
RU820_RS11220	AFE_2430	否					否	否			未核实化学计量和区室；仅保留ID与基因关联	GCF049 GFF;B1;A0;KEGG afr;BioCyc GCF000021485
RU820_RS11225	AFE_2431	否					否	是			未核实化学计量和区室；仅保留ID与基因关联	GCF049 GFF;B1;A0;KEGG afr;BioCyc GCF000021485
RU820_RS11230	AFE_0550;AFE_1110;AFE_1142;AFE_1265;AFE_2432;AFE_2709;AFE_2972;AFE_3263	是			PGDH	PGDH	歧义候选	待定			未核实化学计量和区室；仅保留ID与基因关联	GCF049 GFF;B1;A0;KEGG afr;BioCyc GCF000021485
RU820_RS11235	AFE_2433	否					否	否			未核实化学计量和区室；仅保留ID与基因关联	GCF049 GFF;B1;A0;KEGG afr;BioCyc GCF000021485
RU820_RS11240	AFE_2434	否					否	否			未核实化学计量和区室；仅保留ID与基因关联	GCF049 GFF;B1;A0;KEGG afr;BioCyc GCF000021485
RU820_RS11245	AFE_2435	否					否	否			未核实化学计量和区室；仅保留ID与基因关联	GCF049 GFF;B1;A0;KEGG afr;BioCyc GCF000021485
RU820_RS11255	AFE_2438	否					否	否			未核实化学计量和区室；仅保留ID与基因关联	GCF049 GFF;B1;A0;KEGG afr;BioCyc GCF000021485
RU820_RS11260	AFE_2439	否					否	否	3.6.3.3-RXN		未核实化学计量和区室；仅保留ID与基因关联	GCF049 GFF;B1;A0;KEGG afr;BioCyc GCF000021485
RU820_RS11270	AFE_2442	否					否	否			未核实化学计量和区室；仅保留ID与基因关联	GCF049 GFF;B1;A0;KEGG afr;BioCyc GCF000021485
RU820_RS11275		否					否	否			未核实化学计量和区室；仅保留ID与基因关联	GCF049 GFF;B1;A0;KEGG afr;BioCyc GCF000021485
RU820_RS11285		否					否	否			未核实化学计量和区室；仅保留ID与基因关联	GCF049 GFF;B1;A0;KEGG afr;BioCyc GCF000021485
RU820_RS11290	AFE_2446	否					否	否			未核实化学计量和区室；仅保留ID与基因关联	GCF049 GFF;B1;A0;KEGG afr;BioCyc GCF000021485
RU820_RS11295	AFE_2447	否					否	否			未核实化学计量和区室；仅保留ID与基因关联	GCF049 GFF;B1;A0;KEGG afr;BioCyc GCF000021485
RU820_RS11300	AFE_2448	否					否	否			未核实化学计量和区室；仅保留ID与基因关联	GCF049 GFF;B1;A0;KEGG afr;BioCyc GCF000021485
RU820_RS11305	AFE_2449	否					否	否			未核实化学计量和区室；仅保留ID与基因关联	GCF049 GFF;B1;A0;KEGG afr;BioCyc GCF000021485
RU820_RS11310	AFE_2450	否					否	是	RXN-18798		未核实化学计量和区室；仅保留ID与基因关联	GCF049 GFF;B1;A0;KEGG afr;BioCyc GCF000021485
RU820_RS11320	AFE_2454	否					否	是			未核实化学计量和区室；仅保留ID与基因关联	GCF049 GFF;B1;A0;KEGG afr;BioCyc GCF000021485
RU820_RS11325	AFE_2457	否					否	是			未核实化学计量和区室；仅保留ID与基因关联	GCF049 GFF;B1;A0;KEGG afr;BioCyc GCF000021485
RU820_RS11330	AFE_2458	否					否	否			未核实化学计量和区室；仅保留ID与基因关联	GCF049 GFF;B1;A0;KEGG afr;BioCyc GCF000021485
RU820_RS11335	AFE_2459	否					否	否			未核实化学计量和区室；仅保留ID与基因关联	GCF049 GFF;B1;A0;KEGG afr;BioCyc GCF000021485
RU820_RS11340	AFE_2461	否					否	否			未核实化学计量和区室；仅保留ID与基因关联	GCF049 GFF;B1;A0;KEGG afr;BioCyc GCF000021485
RU820_RS11345	AFE_2462	否					否	否			未核实化学计量和区室；仅保留ID与基因关联	GCF049 GFF;B1;A0;KEGG afr;BioCyc GCF000021485
RU820_RS11350	AFE_2463	否					否	是			未核实化学计量和区室；仅保留ID与基因关联	GCF049 GFF;B1;A0;KEGG afr;BioCyc GCF000021485
RU820_RS11355	AFE_2464	否	GLU5K	GLU5K			是	否	GLUTKIN-RXN	R00239	未核实化学计量和区室；仅保留ID与基因关联	GCF049 GFF;B1;A0;KEGG afr;BioCyc GCF000021485
RU820_RS11360	AFE_2466	否					否	否			未核实化学计量和区室；仅保留ID与基因关联	GCF049 GFF;B1;A0;KEGG afr;BioCyc GCF000021485
RU820_RS11365	AFE_2467	否					否	是			未核实化学计量和区室；仅保留ID与基因关联	GCF049 GFF;B1;A0;KEGG afr;BioCyc GCF000021485
RU820_RS11370	AFE_2468;AFE_2939	是					否	待定			未核实化学计量和区室；仅保留ID与基因关联	GCF049 GFF;B1;A0;KEGG afr;BioCyc GCF000021485
RU820_RS11375	AFE_2469;AFE_2938	是					否	待定			未核实化学计量和区室；仅保留ID与基因关联	GCF049 GFF;B1;A0;KEGG afr;BioCyc GCF000021485
RU820_RS11380	AFE_2470	是					否	待定			未核实化学计量和区室；仅保留ID与基因关联	GCF049 GFF;B1;A0;KEGG afr;BioCyc GCF000021485
RU820_RS11385		否					否	否			未核实化学计量和区室；仅保留ID与基因关联	GCF049 GFF;B1;A0;KEGG afr;BioCyc GCF000021485
RU820_RS11390		否					否	否			未核实化学计量和区室；仅保留ID与基因关联	GCF049 GFF;B1;A0;KEGG afr;BioCyc GCF000021485
RU820_RS11395		否					否	否			未核实化学计量和区室；仅保留ID与基因关联	GCF049 GFF;B1;A0;KEGG afr;BioCyc GCF000021485
RU820_RS11400		否					否	否			未核实化学计量和区室；仅保留ID与基因关联	GCF049 GFF;B1;A0;KEGG afr;BioCyc GCF000021485
RU820_RS11405	AFE_2473	否					否	否	TRANS-RXN-2		未核实化学计量和区室；仅保留ID与基因关联	GCF049 GFF;B1;A0;KEGG afr;BioCyc GCF000021485
RU820_RS11410	AFE_2474	否					否	否	TRANS-RXN-2		未核实化学计量和区室；仅保留ID与基因关联	GCF049 GFF;B1;A0;KEGG afr;BioCyc GCF000021485
RU820_RS11415	AFE_2475	否					否	否	TRANS-RXN-2		未核实化学计量和区室；仅保留ID与基因关联	GCF049 GFF;B1;A0;KEGG afr;BioCyc GCF000021485
RU820_RS11420	AFE_2476	否					否	否	TRANS-RXN-2		未核实化学计量和区室；仅保留ID与基因关联	GCF049 GFF;B1;A0;KEGG afr;BioCyc GCF000021485
RU820_RS11425	AFE_2477	否					否	否	TRANS-RXN-2		未核实化学计量和区室；仅保留ID与基因关联	GCF049 GFF;B1;A0;KEGG afr;BioCyc GCF000021485
RU820_RS11430	AFE_2479	否					否	否			未核实化学计量和区室；仅保留ID与基因关联	GCF049 GFF;B1;A0;KEGG afr;BioCyc GCF000021485
RU820_RS11435	AFE_2480	否					否	是			未核实化学计量和区室；仅保留ID与基因关联	GCF049 GFF;B1;A0;KEGG afr;BioCyc GCF000021485
RU820_RS11440	AFE_2481	否					否	否	MERCURY-II-REDUCTASE-RXN		未核实化学计量和区室；仅保留ID与基因关联	GCF049 GFF;B1;A0;KEGG afr;BioCyc GCF000021485
RU820_RS11445	AFE_2482	否					否	是	3.2.1.3-RXN;RXN-9024	R01790;R01791;R06199	未核实化学计量和区室；仅保留ID与基因关联	GCF049 GFF;B1;A0;KEGG afr;BioCyc GCF000021485
RU820_RS11460		否					否	否			未核实化学计量和区室；仅保留ID与基因关联	GCF049 GFF;B1;A0;KEGG afr;BioCyc GCF000021485
RU820_RS11465	AFE_2486	否					否	否			未核实化学计量和区室；仅保留ID与基因关联	GCF049 GFF;B1;A0;KEGG afr;BioCyc GCF000021485
RU820_RS11470	AFE_2487	否					否	否			未核实化学计量和区室；仅保留ID与基因关联	GCF049 GFF;B1;A0;KEGG afr;BioCyc GCF000021485
RU820_RS11475	AFE_2488	否					否	否			未核实化学计量和区室；仅保留ID与基因关联	GCF049 GFF;B1;A0;KEGG afr;BioCyc GCF000021485
RU820_RS11480		否					否	否			未核实化学计量和区室；仅保留ID与基因关联	GCF049 GFF;B1;A0;KEGG afr;BioCyc GCF000021485
RU820_RS11485	AFE_2490	否					否	否			未核实化学计量和区室；仅保留ID与基因关联	GCF049 GFF;B1;A0;KEGG afr;BioCyc GCF000021485
RU820_RS11490	AFE_2491	否					否	否			未核实化学计量和区室；仅保留ID与基因关联	GCF049 GFF;B1;A0;KEGG afr;BioCyc GCF000021485
RU820_RS11495	AFE_2492	否					否	否			未核实化学计量和区室；仅保留ID与基因关联	GCF049 GFF;B1;A0;KEGG afr;BioCyc GCF000021485
RU820_RS11500	AFE_2493	否					否	否			未核实化学计量和区室；仅保留ID与基因关联	GCF049 GFF;B1;A0;KEGG afr;BioCyc GCF000021485
RU820_RS11505	AFE_2494	否					否	否			未核实化学计量和区室；仅保留ID与基因关联	GCF049 GFF;B1;A0;KEGG afr;BioCyc GCF000021485
RU820_RS11510	AFE_2495	否					否	否			未核实化学计量和区室；仅保留ID与基因关联	GCF049 GFF;B1;A0;KEGG afr;BioCyc GCF000021485
RU820_RS11515		否					否	否			未核实化学计量和区室；仅保留ID与基因关联	GCF049 GFF;B1;A0;KEGG afr;BioCyc GCF000021485
RU820_RS11520	AFE_2498	否					否	否			未核实化学计量和区室；仅保留ID与基因关联	GCF049 GFF;B1;A0;KEGG afr;BioCyc GCF000021485
RU820_RS11525		否					否	否			未核实化学计量和区室；仅保留ID与基因关联	GCF049 GFF;B1;A0;KEGG afr;BioCyc GCF000021485
RU820_RS11530		否					否	否			未核实化学计量和区室；仅保留ID与基因关联	GCF049 GFF;B1;A0;KEGG afr;BioCyc GCF000021485
RU820_RS11535	AFE_2503	否					否	否			未核实化学计量和区室；仅保留ID与基因关联	GCF049 GFF;B1;A0;KEGG afr;BioCyc GCF000021485
RU820_RS11540	AFE_2504	否					否	否			未核实化学计量和区室；仅保留ID与基因关联	GCF049 GFF;B1;A0;KEGG afr;BioCyc GCF000021485
RU820_RS11545	AFE_2505	否					否	否	RXN0-5100;RXN0-5131		未核实化学计量和区室；仅保留ID与基因关联	GCF049 GFF;B1;A0;KEGG afr;BioCyc GCF000021485
RU820_RS11550	AFE_2506	否					否	否			未核实化学计量和区室；仅保留ID与基因关联	GCF049 GFF;B1;A0;KEGG afr;BioCyc GCF000021485
RU820_RS11555	AFE_2507	否					否	否			未核实化学计量和区室；仅保留ID与基因关联	GCF049 GFF;B1;A0;KEGG afr;BioCyc GCF000021485
RU820_RS11560	AFE_2508	否					否	否			未核实化学计量和区室；仅保留ID与基因关联	GCF049 GFF;B1;A0;KEGG afr;BioCyc GCF000021485
RU820_RS11565	AFE_2509	否					否	否			未核实化学计量和区室；仅保留ID与基因关联	GCF049 GFF;B1;A0;KEGG afr;BioCyc GCF000021485
RU820_RS11570	AFE_2513	否					否	否			未核实化学计量和区室；仅保留ID与基因关联	GCF049 GFF;B1;A0;KEGG afr;BioCyc GCF000021485
RU820_RS11575	AFE_2514	否					否	否			未核实化学计量和区室；仅保留ID与基因关联	GCF049 GFF;B1;A0;KEGG afr;BioCyc GCF000021485
RU820_RS11580	AFE_2515	否					否	否	2.3.1.128-RXN		未核实化学计量和区室；仅保留ID与基因关联	GCF049 GFF;B1;A0;KEGG afr;BioCyc GCF000021485
RU820_RS11585	AFE_2516	否					否	否	RXN-14570		未核实化学计量和区室；仅保留ID与基因关联	GCF049 GFF;B1;A0;KEGG afr;BioCyc GCF000021485
RU820_RS11590	AFE_2517	否					否	否	RXN-11135		未核实化学计量和区室；仅保留ID与基因关联	GCF049 GFF;B1;A0;KEGG afr;BioCyc GCF000021485
RU820_RS11595	AFE_2519	否					否	否			未核实化学计量和区室；仅保留ID与基因关联	GCF049 GFF;B1;A0;KEGG afr;BioCyc GCF000021485
RU820_RS11600	AFE_2520	否					否	否			未核实化学计量和区室；仅保留ID与基因关联	GCF049 GFF;B1;A0;KEGG afr;BioCyc GCF000021485
RU820_RS11605	AFE_2522	否	FE2tpp	FE2tpp			是	否			未核实化学计量和区室；仅保留ID与基因关联	GCF049 GFF;B1;A0;KEGG afr;BioCyc GCF000021485
RU820_RS11610	AFE_2523	否	FE2tpp	FE2tpp			是	否			未核实化学计量和区室；仅保留ID与基因关联	GCF049 GFF;B1;A0;KEGG afr;BioCyc GCF000021485
RU820_RS11615	AFE_2524	否	FE2tpp	FE2tpp			是	否	RXN0-2421		未核实化学计量和区室；仅保留ID与基因关联	GCF049 GFF;B1;A0;KEGG afr;BioCyc GCF000021485
RU820_RS11620	AFE_2525	否	FE2tpp	FE2tpp			是	否			未核实化学计量和区室；仅保留ID与基因关联	GCF049 GFF;B1;A0;KEGG afr;BioCyc GCF000021485
RU820_RS11625		否					否	否			未核实化学计量和区室；仅保留ID与基因关联	GCF049 GFF;B1;A0;KEGG afr;BioCyc GCF000021485
RU820_RS11630	AFE_2528	否					否	否			未核实化学计量和区室；仅保留ID与基因关联	GCF049 GFF;B1;A0;KEGG afr;BioCyc GCF000021485
RU820_RS11635	AFE_2527	否					否	否			未核实化学计量和区室；仅保留ID与基因关联	GCF049 GFF;B1;A0;KEGG afr;BioCyc GCF000021485
RU820_RS11640	AFE_2529	否					否	否			未核实化学计量和区室；仅保留ID与基因关联	GCF049 GFF;B1;A0;KEGG afr;BioCyc GCF000021485
RU820_RS11645	AFE_2530	否					否	是	GMP-SYN-GLUT-RXN;GMP-SYN-NH3-RXN	R01230;R01231;R08244	未核实化学计量和区室；仅保留ID与基因关联	GCF049 GFF;B1;A0;KEGG afr;BioCyc GCF000021485
RU820_RS11650	AFE_2531	否					否	否			未核实化学计量和区室；仅保留ID与基因关联	GCF049 GFF;B1;A0;KEGG afr;BioCyc GCF000021485
RU820_RS11655	AFE_2532	否					否	否			未核实化学计量和区室；仅保留ID与基因关联	GCF049 GFF;B1;A0;KEGG afr;BioCyc GCF000021485
RU820_RS11660	AFE_2533	否					否	否	RXN1A0-6303		未核实化学计量和区室；仅保留ID与基因关联	GCF049 GFF;B1;A0;KEGG afr;BioCyc GCF000021485
RU820_RS11665	AFE_2534	否					否	否			未核实化学计量和区室；仅保留ID与基因关联	GCF049 GFF;B1;A0;KEGG afr;BioCyc GCF000021485
RU820_RS11670	AFE_2535	否					否	否		R00294	未核实化学计量和区室；仅保留ID与基因关联	GCF049 GFF;B1;A0;KEGG afr;BioCyc GCF000021485
RU820_RS11675	AFE_2536	否					否	否		R00294	未核实化学计量和区室；仅保留ID与基因关联	GCF049 GFF;B1;A0;KEGG afr;BioCyc GCF000021485
RU820_RS11680	AFE_2537	否					否	否			未核实化学计量和区室；仅保留ID与基因关联	GCF049 GFF;B1;A0;KEGG afr;BioCyc GCF000021485
RU820_RS11685		否					否	否			未核实化学计量和区室；仅保留ID与基因关联	GCF049 GFF;B1;A0;KEGG afr;BioCyc GCF000021485
RU820_RS11690	AFE_2539	否					否	否			未核实化学计量和区室；仅保留ID与基因关联	GCF049 GFF;B1;A0;KEGG afr;BioCyc GCF000021485
RU820_RS11695	AFE_2540	否					否	否			未核实化学计量和区室；仅保留ID与基因关联	GCF049 GFF;B1;A0;KEGG afr;BioCyc GCF000021485
RU820_RS11700	AFE_2541	否					否	否			未核实化学计量和区室；仅保留ID与基因关联	GCF049 GFF;B1;A0;KEGG afr;BioCyc GCF000021485
RU820_RS11705	AFE_2542	否					否	是			未核实化学计量和区室；仅保留ID与基因关联	GCF049 GFF;B1;A0;KEGG afr;BioCyc GCF000021485
RU820_RS11710	AFE_2543	否					否	是		R12691	未核实化学计量和区室；仅保留ID与基因关联	GCF049 GFF;B1;A0;KEGG afr;BioCyc GCF000021485
RU820_RS11715	AFE_2544	否					否	否			未核实化学计量和区室；仅保留ID与基因关联	GCF049 GFF;B1;A0;KEGG afr;BioCyc GCF000021485
RU820_RS11720	AFE_2545	否					否	是		R07770;R07771;R11143;R12429;R12433;R12434;R12449	未核实化学计量和区室；仅保留ID与基因关联	GCF049 GFF;B1;A0;KEGG afr;BioCyc GCF000021485
RU820_RS11725	AFE_2546	否					否	是		R12691	未核实化学计量和区室；仅保留ID与基因关联	GCF049 GFF;B1;A0;KEGG afr;BioCyc GCF000021485
RU820_RS11730	AFE_2547	否					否	是	GCVMULTI-RXN	R01221	未核实化学计量和区室；仅保留ID与基因关联	GCF049 GFF;B1;A0;KEGG afr;BioCyc GCF000021485
RU820_RS11735	AFE_2548	否					否	否			未核实化学计量和区室；仅保留ID与基因关联	GCF049 GFF;B1;A0;KEGG afr;BioCyc GCF000021485
RU820_RS11740	AFE_2549	否					否	是	GCVMULTI-RXN	R01221	未核实化学计量和区室；仅保留ID与基因关联	GCF049 GFF;B1;A0;KEGG afr;BioCyc GCF000021485
RU820_RS11745	AFE_2550	否	SUCD	SUCD			是	否			未核实化学计量和区室；仅保留ID与基因关联	GCF049 GFF;B1;A0;KEGG afr;BioCyc GCF000021485
RU820_RS11750	AFE_2551	否					否	否			未核实化学计量和区室；仅保留ID与基因关联	GCF049 GFF;B1;A0;KEGG afr;BioCyc GCF000021485
RU820_RS11755	AFE_2552	否					否	否			未核实化学计量和区室；仅保留ID与基因关联	GCF049 GFF;B1;A0;KEGG afr;BioCyc GCF000021485
RU820_RS11760	AFE_2553	否					否	是			未核实化学计量和区室；仅保留ID与基因关联	GCF049 GFF;B1;A0;KEGG afr;BioCyc GCF000021485
RU820_RS11765	AFE_2554	否					否	是	1.8.98.1-RXN		未核实化学计量和区室；仅保留ID与基因关联	GCF049 GFF;B1;A0;KEGG afr;BioCyc GCF000021485
RU820_RS11770	AFE_2555	否					否	否			未核实化学计量和区室；仅保留ID与基因关联	GCF049 GFF;B1;A0;KEGG afr;BioCyc GCF000021485
RU820_RS11775	AFE_2556	否					否	否			未核实化学计量和区室；仅保留ID与基因关联	GCF049 GFF;B1;A0;KEGG afr;BioCyc GCF000021485
RU820_RS11780	AFE_2557	否					否	否			未核实化学计量和区室；仅保留ID与基因关联	GCF049 GFF;B1;A0;KEGG afr;BioCyc GCF000021485
RU820_RS11785	AFE_2558	否					否	否			未核实化学计量和区室；仅保留ID与基因关联	GCF049 GFF;B1;A0;KEGG afr;BioCyc GCF000021485
RU820_RS11790	AFE_2559	否					否	是	RXN-8340	R09394	未核实化学计量和区室；仅保留ID与基因关联	GCF049 GFF;B1;A0;KEGG afr;BioCyc GCF000021485
RU820_RS11795	AFE_2560	否					否	否			未核实化学计量和区室；仅保留ID与基因关联	GCF049 GFF;B1;A0;KEGG afr;BioCyc GCF000021485
RU820_RS11800	AFE_2561	否					否	是	RXN-17809	R11372	未核实化学计量和区室；仅保留ID与基因关联	GCF049 GFF;B1;A0;KEGG afr;BioCyc GCF000021485
RU820_RS11805		否					否	否			未核实化学计量和区室；仅保留ID与基因关联	GCF049 GFF;B1;A0;KEGG afr;BioCyc GCF000021485
RU820_RS11810	AFE_2563	否					否	否			未核实化学计量和区室；仅保留ID与基因关联	GCF049 GFF;B1;A0;KEGG afr;BioCyc GCF000021485
RU820_RS11815	AFE_2564	否					否	否			未核实化学计量和区室；仅保留ID与基因关联	GCF049 GFF;B1;A0;KEGG afr;BioCyc GCF000021485
RU820_RS11820	AFE_2565	否					否	是	RXN-16649;RXN-16659		未核实化学计量和区室；仅保留ID与基因关联	GCF049 GFF;B1;A0;KEGG afr;BioCyc GCF000021485
RU820_RS11825		否					否	否			未核实化学计量和区室；仅保留ID与基因关联	GCF049 GFF;B1;A0;KEGG afr;BioCyc GCF000021485
RU820_RS11830	AFE_2567	否					否	是			未核实化学计量和区室；仅保留ID与基因关联	GCF049 GFF;B1;A0;KEGG afr;BioCyc GCF000021485
RU820_RS11835		否					否	否			未核实化学计量和区室；仅保留ID与基因关联	GCF049 GFF;B1;A0;KEGG afr;BioCyc GCF000021485
RU820_RS11840	AFE_2569	否					否	是	RXN-13037;RXN0-947	R07766;R07769;R12427;R12428	未核实化学计量和区室；仅保留ID与基因关联	GCF049 GFF;B1;A0;KEGG afr;BioCyc GCF000021485
RU820_RS11845	AFE_2570	否					否	是	RXN-14950;RXN-14957;RXN-14959;RXN0-949	R07767;R12423;R12424	未核实化学计量和区室；仅保留ID与基因关联	GCF049 GFF;B1;A0;KEGG afr;BioCyc GCF000021485
RU820_RS11850	AFE_2571	否					否	否			未核实化学计量和区室；仅保留ID与基因关联	GCF049 GFF;B1;A0;KEGG afr;BioCyc GCF000021485
RU820_RS11855	AFE_2572	否					否	否			未核实化学计量和区室；仅保留ID与基因关联	GCF049 GFF;B1;A0;KEGG afr;BioCyc GCF000021485
RU820_RS11860	AFE_2573	否					否	否			未核实化学计量和区室；仅保留ID与基因关联	GCF049 GFF;B1;A0;KEGG afr;BioCyc GCF000021485
RU820_RS11865	AFE_2574	否					否	否			未核实化学计量和区室；仅保留ID与基因关联	GCF049 GFF;B1;A0;KEGG afr;BioCyc GCF000021485
RU820_RS11870	AFE_2575	否					否	否			未核实化学计量和区室；仅保留ID与基因关联	GCF049 GFF;B1;A0;KEGG afr;BioCyc GCF000021485
RU820_RS11875	AFE_2576	否					否	否			未核实化学计量和区室；仅保留ID与基因关联	GCF049 GFF;B1;A0;KEGG afr;BioCyc GCF000021485
RU820_RS11880	AFE_2577	否					否	否			未核实化学计量和区室；仅保留ID与基因关联	GCF049 GFF;B1;A0;KEGG afr;BioCyc GCF000021485
RU820_RS11885	AFE_2578	否					否	否			未核实化学计量和区室；仅保留ID与基因关联	GCF049 GFF;B1;A0;KEGG afr;BioCyc GCF000021485
RU820_RS11890	AFE_2580	否					否	否	GLYCINE--TRNA-LIGASE-RXN	R03654	未核实化学计量和区室；仅保留ID与基因关联	GCF049 GFF;B1;A0;KEGG afr;BioCyc GCF000021485
RU820_RS11895	AFE_2581	否					否	否	GLYCINE--TRNA-LIGASE-RXN	R03654	未核实化学计量和区室；仅保留ID与基因关联	GCF049 GFF;B1;A0;KEGG afr;BioCyc GCF000021485
RU820_RS11900	AFE_2582	否	GMHEPPA	GMHEPPA			是	否	RXN0-4361	R05647;R09771	未核实化学计量和区室；仅保留ID与基因关联	GCF049 GFF;B1;A0;KEGG afr;BioCyc GCF000021485
RU820_RS11905	AFE_2584	否					否	是	1-ACYLGLYCEROL-3-P-ACYLTRANSFER-RXN;RXN-1623	R02241;R09381	未核实化学计量和区室；仅保留ID与基因关联	GCF049 GFF;B1;A0;KEGG afr;BioCyc GCF000021485
RU820_RS11910	AFE_2583	否					否	否			未核实化学计量和区室；仅保留ID与基因关联	GCF049 GFF;B1;A0;KEGG afr;BioCyc GCF000021485
RU820_RS11915	AFE_2585	否					否	否			未核实化学计量和区室；仅保留ID与基因关联	GCF049 GFF;B1;A0;KEGG afr;BioCyc GCF000021485
RU820_RS11920	AFE_2586	否					否	是	1.8.98.1-RXN		未核实化学计量和区室；仅保留ID与基因关联	GCF049 GFF;B1;A0;KEGG afr;BioCyc GCF000021485
RU820_RS11925		否					否	否			未核实化学计量和区室；仅保留ID与基因关联	GCF049 GFF;B1;A0;KEGG afr;BioCyc GCF000021485
RU820_RS11930	AFE_2588	否					否	否	RXN-12104	R12500	未核实化学计量和区室；仅保留ID与基因关联	GCF049 GFF;B1;A0;KEGG afr;BioCyc GCF000021485
RU820_RS11935		否					否	否			未核实化学计量和区室；仅保留ID与基因关联	GCF049 GFF;B1;A0;KEGG afr;BioCyc GCF000021485
RU820_RS11940	AFE_2589	否					否	是	3.4.24.32-RXN;RXN-14267;RXN-16938;RXN-22613;RXN0-5225		未核实化学计量和区室；仅保留ID与基因关联	GCF049 GFF;B1;A0;KEGG afr;BioCyc GCF000021485
RU820_RS11945	AFE_2590	否					否	否			未核实化学计量和区室；仅保留ID与基因关联	GCF049 GFF;B1;A0;KEGG afr;BioCyc GCF000021485
RU820_RS11950	AFE_2591	否					否	否			未核实化学计量和区室；仅保留ID与基因关联	GCF049 GFF;B1;A0;KEGG afr;BioCyc GCF000021485
RU820_RS11955	AFE_2593	否					否	否			未核实化学计量和区室；仅保留ID与基因关联	GCF049 GFF;B1;A0;KEGG afr;BioCyc GCF000021485
RU820_RS11960	AFE_2594	否					否	是	RXN-19609;RXN-19611	R03522;R07002;R07003;R07004;R07023;R07024;R07025;R07026;R07069;R07070;R07083;R07084;R07091;R07092;R07093;R07094;R07100;R07113;R07116;R08280;R09409;R11905	未核实化学计量和区室；仅保留ID与基因关联	GCF049 GFF;B1;A0;KEGG afr;BioCyc GCF000021485
RU820_RS11965	AFE_2595	否					否	否			未核实化学计量和区室；仅保留ID与基因关联	GCF049 GFF;B1;A0;KEGG afr;BioCyc GCF000021485
RU820_RS11970	AFE_2596	否	IPPS	IPPS			是	否	2-ISOPROPYLMALATESYN-RXN	R01213	未核实化学计量和区室；仅保留ID与基因关联	GCF049 GFF;B1;A0;KEGG afr;BioCyc GCF000021485
RU820_RS11975	AFE_2597	否					否	否			未核实化学计量和区室；仅保留ID与基因关联	GCF049 GFF;B1;A0;KEGG afr;BioCyc GCF000021485
RU820_RS11980	AFE_2599;AFE_3116	是					否	待定			未核实化学计量和区室；仅保留ID与基因关联	GCF049 GFF;B1;A0;KEGG afr;BioCyc GCF000021485
RU820_RS11985	AFE_2600;AFE_3117	是					否	待定			未核实化学计量和区室；仅保留ID与基因关联	GCF049 GFF;B1;A0;KEGG afr;BioCyc GCF000021485
RU820_RS11990	AFE_2601;AFE_3118	是					否	待定		R10152	未核实化学计量和区室；仅保留ID与基因关联	GCF049 GFF;B1;A0;KEGG afr;BioCyc GCF000021485
RU820_RS11995		否					否	否			未核实化学计量和区室；仅保留ID与基因关联	GCF049 GFF;B1;A0;KEGG afr;BioCyc GCF000021485
RU820_RS12000	AFE_2603	否					否	否			未核实化学计量和区室；仅保留ID与基因关联	GCF049 GFF;B1;A0;KEGG afr;BioCyc GCF000021485
RU820_RS12005		否					否	否			未核实化学计量和区室；仅保留ID与基因关联	GCF049 GFF;B1;A0;KEGG afr;BioCyc GCF000021485
RU820_RS12010	AFE_2604	否					否	是			未核实化学计量和区室；仅保留ID与基因关联	GCF049 GFF;B1;A0;KEGG afr;BioCyc GCF000021485
RU820_RS12015	AFE_2605	否					否	否			未核实化学计量和区室；仅保留ID与基因关联	GCF049 GFF;B1;A0;KEGG afr;BioCyc GCF000021485
RU820_RS12020		否					否	否			未核实化学计量和区室；仅保留ID与基因关联	GCF049 GFF;B1;A0;KEGG afr;BioCyc GCF000021485
RU820_RS12025	AFE_2607	否					否	否			未核实化学计量和区室；仅保留ID与基因关联	GCF049 GFF;B1;A0;KEGG afr;BioCyc GCF000021485
RU820_RS12030		否					否	否			未核实化学计量和区室；仅保留ID与基因关联	GCF049 GFF;B1;A0;KEGG afr;BioCyc GCF000021485
RU820_RS12035	AFE_2609	否					否	否	PHENYLALANINE--TRNA-LIGASE-RXN	R03660	未核实化学计量和区室；仅保留ID与基因关联	GCF049 GFF;B1;A0;KEGG afr;BioCyc GCF000021485
RU820_RS12040	AFE_2610	否					否	否	PHENYLALANINE--TRNA-LIGASE-RXN	R03660	未核实化学计量和区室；仅保留ID与基因关联	GCF049 GFF;B1;A0;KEGG afr;BioCyc GCF000021485
RU820_RS12045	AFE_2611	否					否	否			未核实化学计量和区室；仅保留ID与基因关联	GCF049 GFF;B1;A0;KEGG afr;BioCyc GCF000021485
RU820_RS12050	AFE_2612	否					否	否			未核实化学计量和区室；仅保留ID与基因关联	GCF049 GFF;B1;A0;KEGG afr;BioCyc GCF000021485
RU820_RS12055		否					否	否			未核实化学计量和区室；仅保留ID与基因关联	GCF049 GFF;B1;A0;KEGG afr;BioCyc GCF000021485
RU820_RS12060	AFE_2614	否					否	否	THREONINE--TRNA-LIGASE-RXN	R03663	未核实化学计量和区室；仅保留ID与基因关联	GCF049 GFF;B1;A0;KEGG afr;BioCyc GCF000021485
RU820_RS12065		否					否	否			未核实化学计量和区室；仅保留ID与基因关联	GCF049 GFF;B1;A0;KEGG afr;BioCyc GCF000021485
RU820_RS12070	AFE_2617	否	NADHI	NADHI			是	否	1.6.99.5-RXN;NADH-DEHYDROG-A-RXN;RXN-20991;RXN-21546;RXN0-5330;RXN0-5330-YEAST;RXN0-7123	R11945	未核实化学计量和区室；仅保留ID与基因关联	GCF049 GFF;B1;A0;KEGG afr;BioCyc GCF000021485
RU820_RS12075	AFE_2618	否	NADHI	NADHI			是	否	1.6.99.5-RXN;NADH-DEHYDROG-A-RXN;RXN-20991;RXN-21546;RXN0-5330;RXN0-5330-YEAST;RXN0-7123	R11945	未核实化学计量和区室；仅保留ID与基因关联	GCF049 GFF;B1;A0;KEGG afr;BioCyc GCF000021485
RU820_RS12080	AFE_2619	否	NADHI	NADHI			是	否	NADH-DEHYDROG-A-RXN;RXN-21415	R11945	未核实化学计量和区室；仅保留ID与基因关联	GCF049 GFF;B1;A0;KEGG afr;BioCyc GCF000021485
RU820_RS12085	AFE_2620	否	NADHI	NADHI			是	否	1.6.99.5-RXN;NADH-DEHYDROG-A-RXN;RXN-20991;RXN-21546;RXN0-5330;RXN0-5330-YEAST;RXN0-7123	R11945	未核实化学计量和区室；仅保留ID与基因关联	GCF049 GFF;B1;A0;KEGG afr;BioCyc GCF000021485
RU820_RS12090	AFE_2621	否	NADHI	NADHI			是	否	1.6.99.5-RXN;NADH-DEHYDROG-A-RXN;RXN-20991;RXN-21546;RXN0-5330;RXN0-5330-YEAST;RXN0-7123	R11945	未核实化学计量和区室；仅保留ID与基因关联	GCF049 GFF;B1;A0;KEGG afr;BioCyc GCF000021485
RU820_RS12095	AFE_2622	否	NADHI	NADHI			是	否	1.6.99.5-RXN;NADH-DEHYDROG-A-RXN;RXN-20991;RXN-21546;RXN0-5330;RXN0-5330-YEAST;RXN0-7123	R11945	未核实化学计量和区室；仅保留ID与基因关联	GCF049 GFF;B1;A0;KEGG afr;BioCyc GCF000021485
RU820_RS12100	AFE_2623	否	NADHI	NADHI			是	否	1.6.99.5-RXN;NADH-DEHYDROG-A-RXN;RXN-20991;RXN-21546;RXN0-5330;RXN0-5330-YEAST;RXN0-7123	R11945	未核实化学计量和区室；仅保留ID与基因关联	GCF049 GFF;B1;A0;KEGG afr;BioCyc GCF000021485
RU820_RS12105	AFE_2624	否	NADHI	NADHI			是	否	1.6.99.5-RXN;NADH-DEHYDROG-A-RXN;RXN-20991;RXN-21546;RXN0-5330;RXN0-5330-YEAST;RXN0-7123	R11945	未核实化学计量和区室；仅保留ID与基因关联	GCF049 GFF;B1;A0;KEGG afr;BioCyc GCF000021485
RU820_RS12110	AFE_2625	否	NADHI	NADHI			是	否	1.6.99.5-RXN;NADH-DEHYDROG-A-RXN;RXN-20991;RXN-21546;RXN0-5330;RXN0-5330-YEAST;RXN0-7123	R11945	未核实化学计量和区室；仅保留ID与基因关联	GCF049 GFF;B1;A0;KEGG afr;BioCyc GCF000021485
RU820_RS12115	AFE_2626	否	NADHI	NADHI			是	否	1.6.99.5-RXN;NADH-DEHYDROG-A-RXN;RXN-20991;RXN-21546;RXN0-5330;RXN0-5330-YEAST;RXN0-7123	R11945	未核实化学计量和区室；仅保留ID与基因关联	GCF049 GFF;B1;A0;KEGG afr;BioCyc GCF000021485
RU820_RS12120	AFE_2627	否	NADHI	NADHI			是	否	1.6.99.5-RXN;NADH-DEHYDROG-A-RXN;RXN-20991;RXN-21546;RXN0-5330;RXN0-5330-YEAST;RXN0-7123	R11945	未核实化学计量和区室；仅保留ID与基因关联	GCF049 GFF;B1;A0;KEGG afr;BioCyc GCF000021485
RU820_RS12125	AFE_2628	否	NADHI	NADHI			是	否	1.6.99.5-RXN;NADH-DEHYDROG-A-RXN;RXN-20991;RXN-21546;RXN0-5330;RXN0-5330-YEAST;RXN0-7123	R11945	未核实化学计量和区室；仅保留ID与基因关联	GCF049 GFF;B1;A0;KEGG afr;BioCyc GCF000021485
RU820_RS12130	AFE_2629	否	NADHI	NADHI			是	否	NADH-DEHYDROG-A-RXN	R11945	未核实化学计量和区室；仅保留ID与基因关联	GCF049 GFF;B1;A0;KEGG afr;BioCyc GCF000021485
RU820_RS12135	AFE_2630	否	NADHI	NADHI			是	否	NADH-DEHYDROG-A-RXN	R11945	未核实化学计量和区室；仅保留ID与基因关联	GCF049 GFF;B1;A0;KEGG afr;BioCyc GCF000021485
RU820_RS12140		否					否	否			未核实化学计量和区室；仅保留ID与基因关联	GCF049 GFF;B1;A0;KEGG afr;BioCyc GCF000021485
RU820_RS12145	AFE_2632	否					否	否			未核实化学计量和区室；仅保留ID与基因关联	GCF049 GFF;B1;A0;KEGG afr;BioCyc GCF000021485
RU820_RS12150	AFE_2633	否	TPI	TPI			是	否	TRIOSEPISOMERIZATION-RXN	R01015	未核实化学计量和区室；仅保留ID与基因关联	GCF049 GFF;B1;A0;KEGG afr;BioCyc GCF000021485
RU820_RS12155	AFE_2634	否	PGAMT	PGAMT			是	否	5.4.2.10-RXN	R02060	未核实化学计量和区室；仅保留ID与基因关联	GCF049 GFF;B1;A0;KEGG afr;BioCyc GCF000021485
RU820_RS12160	AFE_2635	否	DHPS2	DHPS2			是	否	H2PTEROATESYNTH-RXN	R03066;R03067	未核实化学计量和区室；仅保留ID与基因关联	GCF049 GFF;B1;A0;KEGG afr;BioCyc GCF000021485
RU820_RS12165	AFE_2636	否					否	否	RXN-21299		未核实化学计量和区室；仅保留ID与基因关联	GCF049 GFF;B1;A0;KEGG afr;BioCyc GCF000021485
RU820_RS12170	AFE_2637	否					否	否	RXN0-3221		未核实化学计量和区室；仅保留ID与基因关联	GCF049 GFF;B1;A0;KEGG afr;BioCyc GCF000021485
RU820_RS12175	AFE_2638	否	RNDR1;RNDR2;RNDR3;RNDR4	RNDR1;RNDR2;RNDR3;RNDR4			是	否	ADPREDUCT-RXN;CDPREDUCT-RXN;GDPREDUCT-RXN;RIBONUCLEOSIDE-DIP-REDUCTI-RXN;RIBONUCLEOSIDE-DIP-REDUCTII-RXN;RXN0-722;RXN0-747;RXN0-748;UDPREDUCT-RXN	R02017;R02018;R02019;R02024	未核实化学计量和区室；仅保留ID与基因关联	GCF049 GFF;B1;A0;KEGG afr;BioCyc GCF000021485
RU820_RS12180	AFE_2639	否	RNDR1;RNDR2;RNDR3;RNDR4	RNDR1;RNDR2;RNDR3;RNDR4			是	否	ADPREDUCT-RXN;CDPREDUCT-RXN;GDPREDUCT-RXN;RIBONUCLEOSIDE-DIP-REDUCTI-RXN;RIBONUCLEOSIDE-DIP-REDUCTII-RXN;RXN0-722;RXN0-747;RXN0-748;UDPREDUCT-RXN	R02017;R02018;R02019;R02024	未核实化学计量和区室；仅保留ID与基因关联	GCF049 GFF;B1;A0;KEGG afr;BioCyc GCF000021485
RU820_RS12190	AFE_2640	否					否	否			未核实化学计量和区室；仅保留ID与基因关联	GCF049 GFF;B1;A0;KEGG afr;BioCyc GCF000021485
RU820_RS12195	AFE_2641	否					否	否			未核实化学计量和区室；仅保留ID与基因关联	GCF049 GFF;B1;A0;KEGG afr;BioCyc GCF000021485
RU820_RS12200	AFE_2642	否					否	是			未核实化学计量和区室；仅保留ID与基因关联	GCF049 GFF;B1;A0;KEGG afr;BioCyc GCF000021485
RU820_RS12205	AFE_2643	否					否	否			未核实化学计量和区室；仅保留ID与基因关联	GCF049 GFF;B1;A0;KEGG afr;BioCyc GCF000021485
RU820_RS12210	AFE_2644	否					否	否			未核实化学计量和区室；仅保留ID与基因关联	GCF049 GFF;B1;A0;KEGG afr;BioCyc GCF000021485
RU820_RS12215		否					否	否			未核实化学计量和区室；仅保留ID与基因关联	GCF049 GFF;B1;A0;KEGG afr;BioCyc GCF000021485
RU820_RS12220	AFE_2645	否					否	否			未核实化学计量和区室；仅保留ID与基因关联	GCF049 GFF;B1;A0;KEGG afr;BioCyc GCF000021485
RU820_RS12225		否					否	否			未核实化学计量和区室；仅保留ID与基因关联	GCF049 GFF;B1;A0;KEGG afr;BioCyc GCF000021485
RU820_RS12230	AFE_2648	否					否	否			未核实化学计量和区室；仅保留ID与基因关联	GCF049 GFF;B1;A0;KEGG afr;BioCyc GCF000021485
RU820_RS12235		否					否	否			未核实化学计量和区室；仅保留ID与基因关联	GCF049 GFF;B1;A0;KEGG afr;BioCyc GCF000021485
RU820_RS12240	AFE_2651	否					否	否			未核实化学计量和区室；仅保留ID与基因关联	GCF049 GFF;B1;A0;KEGG afr;BioCyc GCF000021485
RU820_RS12245	AFE_2653	否					否	否			未核实化学计量和区室；仅保留ID与基因关联	GCF049 GFF;B1;A0;KEGG afr;BioCyc GCF000021485
RU820_RS12250	AFE_2654	否					否	否	DNA-DIRECTED-DNA-POLYMERASE-RXN;RXN-20927;RXN0-4961		未核实化学计量和区室；仅保留ID与基因关联	GCF049 GFF;B1;A0;KEGG afr;BioCyc GCF000021485
RU820_RS12255	AFE_2655	否					否	否			未核实化学计量和区室；仅保留ID与基因关联	GCF049 GFF;B1;A0;KEGG afr;BioCyc GCF000021485
RU820_RS12260	AFE_2656	否					否	否			未核实化学计量和区室；仅保留ID与基因关联	GCF049 GFF;B1;A0;KEGG afr;BioCyc GCF000021485
RU820_RS12265	AFE_2657	否					否	否			未核实化学计量和区室；仅保留ID与基因关联	GCF049 GFF;B1;A0;KEGG afr;BioCyc GCF000021485
RU820_RS12270		否					否	否			未核实化学计量和区室；仅保留ID与基因关联	GCF049 GFF;B1;A0;KEGG afr;BioCyc GCF000021485
RU820_RS12275	AFE_2658	否					否	否			未核实化学计量和区室；仅保留ID与基因关联	GCF049 GFF;B1;A0;KEGG afr;BioCyc GCF000021485
RU820_RS12280	AFE_2659	否					否	是			未核实化学计量和区室；仅保留ID与基因关联	GCF049 GFF;B1;A0;KEGG afr;BioCyc GCF000021485
RU820_RS12285	AFE_2660	否	DCTPD	DCTPD			是	否	DCTP-DEAM-RXN;RXN-14118	R02325	未核实化学计量和区室；仅保留ID与基因关联	GCF049 GFF;B1;A0;KEGG afr;BioCyc GCF000021485
RU820_RS12290	AFE_2661	否					否	否			未核实化学计量和区室；仅保留ID与基因关联	GCF049 GFF;B1;A0;KEGG afr;BioCyc GCF000021485
RU820_RS12295	AFE_2662	否					否	否			未核实化学计量和区室；仅保留ID与基因关联	GCF049 GFF;B1;A0;KEGG afr;BioCyc GCF000021485
RU820_RS12300	AFE_2663	否	DHDPRy	DHDPRy			是	否	RXN-14014	R04198;R04199	未核实化学计量和区室；仅保留ID与基因关联	GCF049 GFF;B1;A0;KEGG afr;BioCyc GCF000021485
RU820_RS12305	AFE_2664	否					否	否			未核实化学计量和区室；仅保留ID与基因关联	GCF049 GFF;B1;A0;KEGG afr;BioCyc GCF000021485
RU820_RS12310	AFE_2665	否					否	否			未核实化学计量和区室；仅保留ID与基因关联	GCF049 GFF;B1;A0;KEGG afr;BioCyc GCF000021485
RU820_RS12315	AFE_2666	否					否	否			未核实化学计量和区室；仅保留ID与基因关联	GCF049 GFF;B1;A0;KEGG afr;BioCyc GCF000021485
RU820_RS12320	AFE_2667	否					否	否			未核实化学计量和区室；仅保留ID与基因关联	GCF049 GFF;B1;A0;KEGG afr;BioCyc GCF000021485
RU820_RS12325	AFE_2669	否					否	否			未核实化学计量和区室；仅保留ID与基因关联	GCF049 GFF;B1;A0;KEGG afr;BioCyc GCF000021485
RU820_RS12330	AFE_2670	否					否	否			未核实化学计量和区室；仅保留ID与基因关联	GCF049 GFF;B1;A0;KEGG afr;BioCyc GCF000021485
RU820_RS12335	AFE_2672	否					否	否	METHIONINE--TRNA-LIGASE-RXN;RXN-16165	R03659;R04773	未核实化学计量和区室；仅保留ID与基因关联	GCF049 GFF;B1;A0;KEGG afr;BioCyc GCF000021485
RU820_RS12340	AFE_2671	否	DDPA	DDPA			是	否	DAHPSYN-RXN	R01826	未核实化学计量和区室；仅保留ID与基因关联	GCF049 GFF;B1;A0;KEGG afr;BioCyc GCF000021485
RU820_RS12345	AFE_2673	否	FUM	FUM			是	否	FUMHYDR-RXN	R01082	未核实化学计量和区室；仅保留ID与基因关联	GCF049 GFF;B1;A0;KEGG afr;BioCyc GCF000021485
RU820_RS12350	AFE_2674	否					否	否			未核实化学计量和区室；仅保留ID与基因关联	GCF049 GFF;B1;A0;KEGG afr;BioCyc GCF000021485
RU820_RS12355	AFE_2675	否					否	否			未核实化学计量和区室；仅保留ID与基因关联	GCF049 GFF;B1;A0;KEGG afr;BioCyc GCF000021485
RU820_RS12360	AFE_2676	否					否	否			未核实化学计量和区室；仅保留ID与基因关联	GCF049 GFF;B1;A0;KEGG afr;BioCyc GCF000021485
RU820_RS12365	AFE_2677	否					否	是	KDOTRANS-RXN;RXN-22248	R04658;R05074;R06285;R09763;R09764;R09766	未核实化学计量和区室；仅保留ID与基因关联	GCF049 GFF;B1;A0;KEGG afr;BioCyc GCF000021485
RU820_RS12370	AFE_2678	否	GLCS1	GLCS1			是	否	GLYCOGENSYN-RXN	R02421	未核实化学计量和区室；仅保留ID与基因关联	GCF049 GFF;B1;A0;KEGG afr;BioCyc GCF000021485
RU820_RS12375	AFE_2679	否					否	否			未核实化学计量和区室；仅保留ID与基因关联	GCF049 GFF;B1;A0;KEGG afr;BioCyc GCF000021485
RU820_RS12380	AFE_2680	否					否	否			未核实化学计量和区室；仅保留ID与基因关联	GCF049 GFF;B1;A0;KEGG afr;BioCyc GCF000021485
RU820_RS12385	AFE_2682	否					否	否	4.2.99.18-RXN		未核实化学计量和区室；仅保留ID与基因关联	GCF049 GFF;B1;A0;KEGG afr;BioCyc GCF000021485
RU820_RS12390	AFE_2681	否					否	否			未核实化学计量和区室；仅保留ID与基因关联	GCF049 GFF;B1;A0;KEGG afr;BioCyc GCF000021485
RU820_RS12395		否					否	否			未核实化学计量和区室；仅保留ID与基因关联	GCF049 GFF;B1;A0;KEGG afr;BioCyc GCF000021485
RU820_RS12400	AFE_2685	否					否	否			未核实化学计量和区室；仅保留ID与基因关联	GCF049 GFF;B1;A0;KEGG afr;BioCyc GCF000021485
RU820_RS12405	AFE_2686	否					否	否			未核实化学计量和区室；仅保留ID与基因关联	GCF049 GFF;B1;A0;KEGG afr;BioCyc GCF000021485
RU820_RS12410	AFE_2687	否					否	否			未核实化学计量和区室；仅保留ID与基因关联	GCF049 GFF;B1;A0;KEGG afr;BioCyc GCF000021485
RU820_RS12415	AFE_2688	否					否	否			未核实化学计量和区室；仅保留ID与基因关联	GCF049 GFF;B1;A0;KEGG afr;BioCyc GCF000021485
RU820_RS12420	AFE_2689	否					否	否			未核实化学计量和区室；仅保留ID与基因关联	GCF049 GFF;B1;A0;KEGG afr;BioCyc GCF000021485
RU820_RS12425		否					否	否			未核实化学计量和区室；仅保留ID与基因关联	GCF049 GFF;B1;A0;KEGG afr;BioCyc GCF000021485
RU820_RS12430	AFE_2692	否					否	否			未核实化学计量和区室；仅保留ID与基因关联	GCF049 GFF;B1;A0;KEGG afr;BioCyc GCF000021485
RU820_RS12435	AFE_2693	否					否	是			未核实化学计量和区室；仅保留ID与基因关联	GCF049 GFF;B1;A0;KEGG afr;BioCyc GCF000021485
RU820_RS12440	AFE_2694	否					否	否			未核实化学计量和区室；仅保留ID与基因关联	GCF049 GFF;B1;A0;KEGG afr;BioCyc GCF000021485
RU820_RS12445	AFE_2696	否					否	否			未核实化学计量和区室；仅保留ID与基因关联	GCF049 GFF;B1;A0;KEGG afr;BioCyc GCF000021485
RU820_RS12450	AFE_2697	否					否	否			未核实化学计量和区室；仅保留ID与基因关联	GCF049 GFF;B1;A0;KEGG afr;BioCyc GCF000021485
RU820_RS12455	AFE_2698	否					否	否			未核实化学计量和区室；仅保留ID与基因关联	GCF049 GFF;B1;A0;KEGG afr;BioCyc GCF000021485
RU820_RS12460	AFE_2699	否					否	否			未核实化学计量和区室；仅保留ID与基因关联	GCF049 GFF;B1;A0;KEGG afr;BioCyc GCF000021485
RU820_RS12465	AFE_2700	否					否	否			未核实化学计量和区室；仅保留ID与基因关联	GCF049 GFF;B1;A0;KEGG afr;BioCyc GCF000021485
RU820_RS12470	AFE_2701	否					否	否			未核实化学计量和区室；仅保留ID与基因关联	GCF049 GFF;B1;A0;KEGG afr;BioCyc GCF000021485
RU820_RS12475		否					否	否			未核实化学计量和区室；仅保留ID与基因关联	GCF049 GFF;B1;A0;KEGG afr;BioCyc GCF000021485
RU820_RS12480	AFE_2703	否					否	否			未核实化学计量和区室；仅保留ID与基因关联	GCF049 GFF;B1;A0;KEGG afr;BioCyc GCF000021485
RU820_RS12485	AFE_2704	否					否	否			未核实化学计量和区室；仅保留ID与基因关联	GCF049 GFF;B1;A0;KEGG afr;BioCyc GCF000021485
RU820_RS12490	AFE_2705	否					否	否			未核实化学计量和区室；仅保留ID与基因关联	GCF049 GFF;B1;A0;KEGG afr;BioCyc GCF000021485
RU820_RS12495	AFE_2707	否					否	否			未核实化学计量和区室；仅保留ID与基因关联	GCF049 GFF;B1;A0;KEGG afr;BioCyc GCF000021485
RU820_RS12500	AFE_2708	否					否	否			未核实化学计量和区室；仅保留ID与基因关联	GCF049 GFF;B1;A0;KEGG afr;BioCyc GCF000021485
RU820_RS12505	AFE_2710	否					否	否			未核实化学计量和区室；仅保留ID与基因关联	GCF049 GFF;B1;A0;KEGG afr;BioCyc GCF000021485
RU820_RS12510	AFE_0550;AFE_1110;AFE_1142;AFE_1265;AFE_2432;AFE_2709;AFE_2972;AFE_3263	是			PGDH	PGDH	歧义候选	待定			未核实化学计量和区室；仅保留ID与基因关联	GCF049 GFF;B1;A0;KEGG afr;BioCyc GCF000021485
RU820_RS12515		否					否	否			未核实化学计量和区室；仅保留ID与基因关联	GCF049 GFF;B1;A0;KEGG afr;BioCyc GCF000021485
RU820_RS12520	AFE_2712	否					否	否			未核实化学计量和区室；仅保留ID与基因关联	GCF049 GFF;B1;A0;KEGG afr;BioCyc GCF000021485
RU820_RS12525	AFE_2713	否					否	否			未核实化学计量和区室；仅保留ID与基因关联	GCF049 GFF;B1;A0;KEGG afr;BioCyc GCF000021485
RU820_RS12530	AFE_2714	否					否	否			未核实化学计量和区室；仅保留ID与基因关联	GCF049 GFF;B1;A0;KEGG afr;BioCyc GCF000021485
RU820_RS12535	AFE_2715	否					否	否			未核实化学计量和区室；仅保留ID与基因关联	GCF049 GFF;B1;A0;KEGG afr;BioCyc GCF000021485
RU820_RS12540	AFE_2716	否					否	否			未核实化学计量和区室；仅保留ID与基因关联	GCF049 GFF;B1;A0;KEGG afr;BioCyc GCF000021485
RU820_RS12545	AFE_2717	否					否	否			未核实化学计量和区室；仅保留ID与基因关联	GCF049 GFF;B1;A0;KEGG afr;BioCyc GCF000021485
RU820_RS12550	AFE_2718	否					否	是	1.17.4.2-RXN;RIBONUCLEOSIDE-TRIP-REDUCT-RXN;RXN-21262;RXN-21263;RXN-21264;RXN-21265	R11633;R11634;R11635;R11636	未核实化学计量和区室；仅保留ID与基因关联	GCF049 GFF;B1;A0;KEGG afr;BioCyc GCF000021485
RU820_RS12555	AFE_2719	否					否	否			未核实化学计量和区室；仅保留ID与基因关联	GCF049 GFF;B1;A0;KEGG afr;BioCyc GCF000021485
RU820_RS12560	AFE_2720	否					否	否	RNTRACTIV-RXN	R04710	未核实化学计量和区室；仅保留ID与基因关联	GCF049 GFF;B1;A0;KEGG afr;BioCyc GCF000021485
RU820_RS12565	AFE_2721	否					否	是		R07770;R07771;R11143;R12429;R12433;R12434;R12449	未核实化学计量和区室；仅保留ID与基因关联	GCF049 GFF;B1;A0;KEGG afr;BioCyc GCF000021485
RU820_RS12570	AFE_2722	否					否	是		R13439;R13440;R13441	未核实化学计量和区室；仅保留ID与基因关联	GCF049 GFF;B1;A0;KEGG afr;BioCyc GCF000021485
RU820_RS12575	AFE_2723	否					否	是		R13439;R13440;R13441	未核实化学计量和区室；仅保留ID与基因关联	GCF049 GFF;B1;A0;KEGG afr;BioCyc GCF000021485
RU820_RS12580	AFE_2724	否					否	否			未核实化学计量和区室；仅保留ID与基因关联	GCF049 GFF;B1;A0;KEGG afr;BioCyc GCF000021485
RU820_RS12585		否					否	否			未核实化学计量和区室；仅保留ID与基因关联	GCF049 GFF;B1;A0;KEGG afr;BioCyc GCF000021485
RU820_RS12590	AFE_2726	否					否	否			未核实化学计量和区室；仅保留ID与基因关联	GCF049 GFF;B1;A0;KEGG afr;BioCyc GCF000021485
RU820_RS12595	AFE_2727	否	CYTRED	CYTRED			是	否			未核实化学计量和区室；仅保留ID与基因关联	GCF049 GFF;B1;A0;KEGG afr;BioCyc GCF000021485
RU820_RS12600	AFE_2728	否	CYTRED	CYTRED			是	否			未核实化学计量和区室；仅保留ID与基因关联	GCF049 GFF;B1;A0;KEGG afr;BioCyc GCF000021485
RU820_RS12605	AFE_2729	否	CYTBC1;CYTRED	CYTBC1;CYTRED			是	否	1.10.2.2-RXN;RXN-14107;RXN-15816;RXN-15829;RXN-18584;RXN-18604		未核实化学计量和区室；仅保留ID与基因关联	GCF049 GFF;B1;A0;KEGG afr;BioCyc GCF000021485
RU820_RS12610	AFE_2730	否	CYTBC1;CYTRED	CYTBC1;CYTRED			是	否			未核实化学计量和区室；仅保留ID与基因关联	GCF049 GFF;B1;A0;KEGG afr;BioCyc GCF000021485
RU820_RS12615	AFE_2731	否	CYTBC1;CYTRED	CYTBC1;CYTRED			是	否	RXN-15829		未核实化学计量和区室；仅保留ID与基因关联	GCF049 GFF;B1;A0;KEGG afr;BioCyc GCF000021485
RU820_RS12620	AFE_2732	否					否	否			未核实化学计量和区室；仅保留ID与基因关联	GCF049 GFF;B1;A0;KEGG afr;BioCyc GCF000021485
RU820_RS12625	AFE_2733	否					否	否			未核实化学计量和区室；仅保留ID与基因关联	GCF049 GFF;B1;A0;KEGG afr;BioCyc GCF000021485
RU820_RS12630	AFE_2734	否					否	否			未核实化学计量和区室；仅保留ID与基因关联	GCF049 GFF;B1;A0;KEGG afr;BioCyc GCF000021485
RU820_RS12635		否					否	否			未核实化学计量和区室；仅保留ID与基因关联	GCF049 GFF;B1;A0;KEGG afr;BioCyc GCF000021485
RU820_RS12640	AFE_2736	否					否	否			未核实化学计量和区室；仅保留ID与基因关联	GCF049 GFF;B1;A0;KEGG afr;BioCyc GCF000021485
RU820_RS12645	AFE_2737	否					否	否			未核实化学计量和区室；仅保留ID与基因关联	GCF049 GFF;B1;A0;KEGG afr;BioCyc GCF000021485
RU820_RS12650	AFE_2738	否					否	否	TRANS-RXN-141;TRANS-RXN-141A		未核实化学计量和区室；仅保留ID与基因关联	GCF049 GFF;B1;A0;KEGG afr;BioCyc GCF000021485
RU820_RS12655	AFE_2739	否	PMEAS	PMEAS			是	否			未核实化学计量和区室；仅保留ID与基因关联	GCF049 GFF;B1;A0;KEGG afr;BioCyc GCF000021485
RU820_RS12660	AFE_2740	否					否	否			未核实化学计量和区室；仅保留ID与基因关联	GCF049 GFF;B1;A0;KEGG afr;BioCyc GCF000021485
RU820_RS12665	AFE_2741	否					否	是			未核实化学计量和区室；仅保留ID与基因关联	GCF049 GFF;B1;A0;KEGG afr;BioCyc GCF000021485
RU820_RS12670		否					否	否			未核实化学计量和区室；仅保留ID与基因关联	GCF049 GFF;B1;A0;KEGG afr;BioCyc GCF000021485
RU820_RS12675	AFE_2743	否	DAPE	DAPE			是	否	DIAMINOPIMEPIM-RXN	R02735	未核实化学计量和区室；仅保留ID与基因关联	GCF049 GFF;B1;A0;KEGG afr;BioCyc GCF000021485
RU820_RS12680	AFE_2744	否					否	否			未核实化学计量和区室；仅保留ID与基因关联	GCF049 GFF;B1;A0;KEGG afr;BioCyc GCF000021485
RU820_RS12685	AFE_2745	否					否	否			未核实化学计量和区室；仅保留ID与基因关联	GCF049 GFF;B1;A0;KEGG afr;BioCyc GCF000021485
RU820_RS12690	AFE_2746	否					否	否			未核实化学计量和区室；仅保留ID与基因关联	GCF049 GFF;B1;A0;KEGG afr;BioCyc GCF000021485
RU820_RS12695	AFE_2747	否					否	否	RXN-11136		未核实化学计量和区室；仅保留ID与基因关联	GCF049 GFF;B1;A0;KEGG afr;BioCyc GCF000021485
RU820_RS12700	AFE_2748	否					否	否			未核实化学计量和区室；仅保留ID与基因关联	GCF049 GFF;B1;A0;KEGG afr;BioCyc GCF000021485
RU820_RS12705	AFE_2749	否					否	否			未核实化学计量和区室；仅保留ID与基因关联	GCF049 GFF;B1;A0;KEGG afr;BioCyc GCF000021485
RU820_RS12710	AFE_2750	否					否	否			未核实化学计量和区室；仅保留ID与基因关联	GCF049 GFF;B1;A0;KEGG afr;BioCyc GCF000021485
RU820_RS12715	AFE_2751	否					否	否			未核实化学计量和区室；仅保留ID与基因关联	GCF049 GFF;B1;A0;KEGG afr;BioCyc GCF000021485
RU820_RS12720	AFE_2752	否					否	否			未核实化学计量和区室；仅保留ID与基因关联	GCF049 GFF;B1;A0;KEGG afr;BioCyc GCF000021485
RU820_RS12725	AFE_2753	否					否	否			未核实化学计量和区室；仅保留ID与基因关联	GCF049 GFF;B1;A0;KEGG afr;BioCyc GCF000021485
RU820_RS12730	AFE_2754	否					否	否	RXN0-6515	R07234	未核实化学计量和区室；仅保留ID与基因关联	GCF049 GFF;B1;A0;KEGG afr;BioCyc GCF000021485
RU820_RS12735	AFE_2755	否	PTPAT	PTPAT			是	否	PANTEPADENYLYLTRAN-RXN	R03035	未核实化学计量和区室；仅保留ID与基因关联	GCF049 GFF;B1;A0;KEGG afr;BioCyc GCF000021485
RU820_RS12740	AFE_2757	否					否	否			未核实化学计量和区室；仅保留ID与基因关联	GCF049 GFF;B1;A0;KEGG afr;BioCyc GCF000021485
RU820_RS12745	AFE_2756	否					否	否			未核实化学计量和区室；仅保留ID与基因关联	GCF049 GFF;B1;A0;KEGG afr;BioCyc GCF000021485
RU820_RS12750	AFE_2758	否					否	否	3.2.2.23-RXN;4.2.99.18-RXN;RXN-18435;RXN-21266		未核实化学计量和区室；仅保留ID与基因关联	GCF049 GFF;B1;A0;KEGG afr;BioCyc GCF000021485
RU820_RS12755	AFE_2759	否					否	否	RXN-14992	R10806	未核实化学计量和区室；仅保留ID与基因关联	GCF049 GFF;B1;A0;KEGG afr;BioCyc GCF000021485
RU820_RS12760	AFE_2760	否					否	否			未核实化学计量和区室；仅保留ID与基因关联	GCF049 GFF;B1;A0;KEGG afr;BioCyc GCF000021485
RU820_RS12765	AFE_2761	否	GLUTRR	GLUTRR			是	否	GLUTRNAREDUCT-RXN	R04109	未核实化学计量和区室；仅保留ID与基因关联	GCF049 GFF;B1;A0;KEGG afr;BioCyc GCF000021485
RU820_RS12770	AFE_2762	否					否	否			未核实化学计量和区室；仅保留ID与基因关联	GCF049 GFF;B1;A0;KEGG afr;BioCyc GCF000021485
RU820_RS12775	AFE_2763	否					否	否	RXN-22553		未核实化学计量和区室；仅保留ID与基因关联	GCF049 GFF;B1;A0;KEGG afr;BioCyc GCF000021485
RU820_RS12780	AFE_2764	否	CDPMEK	CDPMEK			是	否	2.7.1.148-RXN	R05634	未核实化学计量和区室；仅保留ID与基因关联	GCF049 GFF;B1;A0;KEGG afr;BioCyc GCF000021485
RU820_RS12785		否					否	否			未核实化学计量和区室；仅保留ID与基因关联	GCF049 GFF;B1;A0;KEGG afr;BioCyc GCF000021485
RU820_RS12790	AFE_2766	否	PRPPS	PRPPS			是	否	PRPPSYN-RXN	R01049	未核实化学计量和区室；仅保留ID与基因关联	GCF049 GFF;B1;A0;KEGG afr;BioCyc GCF000021485
RU820_RS12795		否					否	否			未核实化学计量和区室；仅保留ID与基因关联	GCF049 GFF;B1;A0;KEGG afr;BioCyc GCF000021485
RU820_RS12805	AFE_2769	否					否	否			未核实化学计量和区室；仅保留ID与基因关联	GCF049 GFF;B1;A0;KEGG afr;BioCyc GCF000021485
RU820_RS12810		否					否	否			未核实化学计量和区室；仅保留ID与基因关联	GCF049 GFF;B1;A0;KEGG afr;BioCyc GCF000021485
RU820_RS12815	AFE_2770	否					否	否			未核实化学计量和区室；仅保留ID与基因关联	GCF049 GFF;B1;A0;KEGG afr;BioCyc GCF000021485
RU820_RS12820	AFE_2771	否					否	否			未核实化学计量和区室；仅保留ID与基因关联	GCF049 GFF;B1;A0;KEGG afr;BioCyc GCF000021485
RU820_RS12825		否					否	否			未核实化学计量和区室；仅保留ID与基因关联	GCF049 GFF;B1;A0;KEGG afr;BioCyc GCF000021485
RU820_RS12830	AFE_2773	否					否	是	PRODISULFREDUCT-RXN		未核实化学计量和区室；仅保留ID与基因关联	GCF049 GFF;B1;A0;KEGG afr;BioCyc GCF000021485
RU820_RS12840	AFE_2775	否					否	否			未核实化学计量和区室；仅保留ID与基因关联	GCF049 GFF;B1;A0;KEGG afr;BioCyc GCF000021485
RU820_RS12845	AFE_2776	否					否	是	BENZOYLFORMATE-DECARBOXYLASE-RXN;HYDROXYBENZOYLFORMATE-DECARBOXYLASE-RXN;RXN-3945	R01764;R02672	未核实化学计量和区室；仅保留ID与基因关联	GCF049 GFF;B1;A0;KEGG afr;BioCyc GCF000021485
RU820_RS12850	AFE_2777	否					否	否			未核实化学计量和区室；仅保留ID与基因关联	GCF049 GFF;B1;A0;KEGG afr;BioCyc GCF000021485
RU820_RS12855		否					否	否			未核实化学计量和区室；仅保留ID与基因关联	GCF049 GFF;B1;A0;KEGG afr;BioCyc GCF000021485
RU820_RS12860	AFE_2779	否					否	否			未核实化学计量和区室；仅保留ID与基因关联	GCF049 GFF;B1;A0;KEGG afr;BioCyc GCF000021485
RU820_RS12865	AFE_2780	否					否	否			未核实化学计量和区室；仅保留ID与基因关联	GCF049 GFF;B1;A0;KEGG afr;BioCyc GCF000021485
RU820_RS12875	AFE_2782	否					否	否			未核实化学计量和区室；仅保留ID与基因关联	GCF049 GFF;B1;A0;KEGG afr;BioCyc GCF000021485
RU820_RS12880	AFE_2783	否					否	否			未核实化学计量和区室；仅保留ID与基因关联	GCF049 GFF;B1;A0;KEGG afr;BioCyc GCF000021485
RU820_RS12885	AFE_2784	否					否	否			未核实化学计量和区室；仅保留ID与基因关联	GCF049 GFF;B1;A0;KEGG afr;BioCyc GCF000021485
RU820_RS12890	AFE_2785	否					否	否			未核实化学计量和区室；仅保留ID与基因关联	GCF049 GFF;B1;A0;KEGG afr;BioCyc GCF000021485
RU820_RS12895	AFE_2788	否					否	否			未核实化学计量和区室；仅保留ID与基因关联	GCF049 GFF;B1;A0;KEGG afr;BioCyc GCF000021485
RU820_RS12900	AFE_2789	否					否	否			未核实化学计量和区室；仅保留ID与基因关联	GCF049 GFF;B1;A0;KEGG afr;BioCyc GCF000021485
RU820_RS12905	AFE_2790	否					否	否			未核实化学计量和区室；仅保留ID与基因关联	GCF049 GFF;B1;A0;KEGG afr;BioCyc GCF000021485
RU820_RS12910		否					否	否			未核实化学计量和区室；仅保留ID与基因关联	GCF049 GFF;B1;A0;KEGG afr;BioCyc GCF000021485
RU820_RS12915	AFE_2791	否					否	否			未核实化学计量和区室；仅保留ID与基因关联	GCF049 GFF;B1;A0;KEGG afr;BioCyc GCF000021485
RU820_RS12920	AFE_2792	否					否	否			未核实化学计量和区室；仅保留ID与基因关联	GCF049 GFF;B1;A0;KEGG afr;BioCyc GCF000021485
RU820_RS12925		否					否	否			未核实化学计量和区室；仅保留ID与基因关联	GCF049 GFF;B1;A0;KEGG afr;BioCyc GCF000021485
RU820_RS12930	AFE_2793	否					否	否			未核实化学计量和区室；仅保留ID与基因关联	GCF049 GFF;B1;A0;KEGG afr;BioCyc GCF000021485
RU820_RS12935	AFE_2794	否					否	否			未核实化学计量和区室；仅保留ID与基因关联	GCF049 GFF;B1;A0;KEGG afr;BioCyc GCF000021485
RU820_RS12940		否					否	否			未核实化学计量和区室；仅保留ID与基因关联	GCF049 GFF;B1;A0;KEGG afr;BioCyc GCF000021485
RU820_RS12945	AFE_2796	否					否	否			未核实化学计量和区室；仅保留ID与基因关联	GCF049 GFF;B1;A0;KEGG afr;BioCyc GCF000021485
RU820_RS12950	AFE_2797	否					否	否			未核实化学计量和区室；仅保留ID与基因关联	GCF049 GFF;B1;A0;KEGG afr;BioCyc GCF000021485
RU820_RS12955	AFE_2798	否					否	否	2.1.1.63-RXN;RXN-17823;RXN-17824		未核实化学计量和区室；仅保留ID与基因关联	GCF049 GFF;B1;A0;KEGG afr;BioCyc GCF000021485
RU820_RS12960	AFE_2799	否					否	否			未核实化学计量和区室；仅保留ID与基因关联	GCF049 GFF;B1;A0;KEGG afr;BioCyc GCF000021485
RU820_RS12965	AFE_2800	否					否	否			未核实化学计量和区室；仅保留ID与基因关联	GCF049 GFF;B1;A0;KEGG afr;BioCyc GCF000021485
RU820_RS12970	AFE_2801	否					否	否			未核实化学计量和区室；仅保留ID与基因关联	GCF049 GFF;B1;A0;KEGG afr;BioCyc GCF000021485
RU820_RS12975	AFE_2802	否					否	是			未核实化学计量和区室；仅保留ID与基因关联	GCF049 GFF;B1;A0;KEGG afr;BioCyc GCF000021485
RU820_RS12980	AFE_2803	否					否	否			未核实化学计量和区室；仅保留ID与基因关联	GCF049 GFF;B1;A0;KEGG afr;BioCyc GCF000021485
RU820_RS12985	AFE_2804	否					否	否			未核实化学计量和区室；仅保留ID与基因关联	GCF049 GFF;B1;A0;KEGG afr;BioCyc GCF000021485
RU820_RS12990	AFE_2805	否					否	否			未核实化学计量和区室；仅保留ID与基因关联	GCF049 GFF;B1;A0;KEGG afr;BioCyc GCF000021485
RU820_RS12995	AFE_2806	否					否	否			未核实化学计量和区室；仅保留ID与基因关联	GCF049 GFF;B1;A0;KEGG afr;BioCyc GCF000021485
RU820_RS13000	AFE_2807	否					否	否			未核实化学计量和区室；仅保留ID与基因关联	GCF049 GFF;B1;A0;KEGG afr;BioCyc GCF000021485
RU820_RS13005	AFE_2808	否					否	否			未核实化学计量和区室；仅保留ID与基因关联	GCF049 GFF;B1;A0;KEGG afr;BioCyc GCF000021485
RU820_RS13010	AFE_2811	否					否	否			未核实化学计量和区室；仅保留ID与基因关联	GCF049 GFF;B1;A0;KEGG afr;BioCyc GCF000021485
RU820_RS13015	AFE_2814	否					否	否			未核实化学计量和区室；仅保留ID与基因关联	GCF049 GFF;B1;A0;KEGG afr;BioCyc GCF000021485
RU820_RS13020	AFE_2815	否					否	否	3.4.11.1-RXN;3.4.11.9-RXN		未核实化学计量和区室；仅保留ID与基因关联	GCF049 GFF;B1;A0;KEGG afr;BioCyc GCF000021485
RU820_RS13025		否					否	否			未核实化学计量和区室；仅保留ID与基因关联	GCF049 GFF;B1;A0;KEGG afr;BioCyc GCF000021485
RU820_RS13030	AFE_2817	否					否	否			未核实化学计量和区室；仅保留ID与基因关联	GCF049 GFF;B1;A0;KEGG afr;BioCyc GCF000021485
RU820_RS13035	AFE_2818	否	ALAR	ALAR			是	否	ALARACECAT-RXN	R00401	未核实化学计量和区室；仅保留ID与基因关联	GCF049 GFF;B1;A0;KEGG afr;BioCyc GCF000021485
RU820_RS13040	AFE_2819	否					否	否	RXN0-4261		未核实化学计量和区室；仅保留ID与基因关联	GCF049 GFF;B1;A0;KEGG afr;BioCyc GCF000021485
RU820_RS13045	AFE_2820	否					否	否			未核实化学计量和区室；仅保留ID与基因关联	GCF049 GFF;B1;A0;KEGG afr;BioCyc GCF000021485
RU820_RS13050		否					否	否			未核实化学计量和区室；仅保留ID与基因关联	GCF049 GFF;B1;A0;KEGG afr;BioCyc GCF000021485
RU820_RS13055	AFE_2823	否					否	否			未核实化学计量和区室；仅保留ID与基因关联	GCF049 GFF;B1;A0;KEGG afr;BioCyc GCF000021485
RU820_RS13060	AFE_2824	否					否	否			未核实化学计量和区室；仅保留ID与基因关联	GCF049 GFF;B1;A0;KEGG afr;BioCyc GCF000021485
RU820_RS13065	AFE_2825	否					否	是	3.2.1.52-RXN;RXN-12625;RXN-12626;RXN-18082;RXN-21432;RXN-22591;RXN-22612;RXN0-5226	R00022;R10831	未核实化学计量和区室；仅保留ID与基因关联	GCF049 GFF;B1;A0;KEGG afr;BioCyc GCF000021485
RU820_RS13070	AFE_2826	否					否	是			未核实化学计量和区室；仅保留ID与基因关联	GCF049 GFF;B1;A0;KEGG afr;BioCyc GCF000021485
RU820_RS13075	AFE_2827	否					否	否	RXN-16660;RXN-16665;RXN0-5401		未核实化学计量和区室；仅保留ID与基因关联	GCF049 GFF;B1;A0;KEGG afr;BioCyc GCF000021485
RU820_RS13080	AFE_2828	否					否	否	RXN-11601		未核实化学计量和区室；仅保留ID与基因关联	GCF049 GFF;B1;A0;KEGG afr;BioCyc GCF000021485
RU820_RS13085	AFE_2829	否					否	否			未核实化学计量和区室；仅保留ID与基因关联	GCF049 GFF;B1;A0;KEGG afr;BioCyc GCF000021485
RU820_RS13090		否					否	否			未核实化学计量和区室；仅保留ID与基因关联	GCF049 GFF;B1;A0;KEGG afr;BioCyc GCF000021485
RU820_RS13095	AFE_2831	否					否	否			未核实化学计量和区室；仅保留ID与基因关联	GCF049 GFF;B1;A0;KEGG afr;BioCyc GCF000021485
RU820_RS13100	AFE_2832	否	CYSS	CYSS			是	否	ACSERLY-RXN;RXN-12726	R03132	未核实化学计量和区室；仅保留ID与基因关联	GCF049 GFF;B1;A0;KEGG afr;BioCyc GCF000021485
RU820_RS13105	AFE_2833	否	PGL	PGL			是	否	6PGLUCONOLACT-RXN	R02035	未核实化学计量和区室；仅保留ID与基因关联	GCF049 GFF;B1;A0;KEGG afr;BioCyc GCF000021485
RU820_RS13110	AFE_2834	否					否	否			未核实化学计量和区室；仅保留ID与基因关联	GCF049 GFF;B1;A0;KEGG afr;BioCyc GCF000021485
RU820_RS13115	AFE_2835	否					否	否			未核实化学计量和区室；仅保留ID与基因关联	GCF049 GFF;B1;A0;KEGG afr;BioCyc GCF000021485
RU820_RS13120	AFE_2836	否	GLBRAN1;GLDBRAN2	GLBRAN1;GLDBRAN2			是	否	GLYCOGEN-BRANCH-RXN;RXN-14371;RXN-14372;RXN-18777;RXN-7669;RXN-7710	R02110	未核实化学计量和区室；仅保留ID与基因关联	GCF049 GFF;B1;A0;KEGG afr;BioCyc GCF000021485
RU820_RS13125	AFE_2838	否	GLGC	GLGC			是	否	GLUC1PADENYLTRANS-RXN	R00948	未核实化学计量和区室；仅保留ID与基因关联	GCF049 GFF;B1;A0;KEGG afr;BioCyc GCF000021485
RU820_RS13130	AFE_2839	否					否	否			未核实化学计量和区室；仅保留ID与基因关联	GCF049 GFF;B1;A0;KEGG afr;BioCyc GCF000021485
RU820_RS13135	AFE_2840	否	AMALT1	AMALT1			是	否		R02111;R05196	未核实化学计量和区室；仅保留ID与基因关联	GCF049 GFF;B1;A0;KEGG afr;BioCyc GCF000021485
RU820_RS13140	AFE_2841	否		BDGK			是	否		R00299;R01600;R01786	未核实化学计量和区室；仅保留ID与基因关联	GCF049 GFF;B1;A0;KEGG afr;BioCyc GCF000021485
RU820_RS13145	AFE_2842	否	GLUR	GLUR			是	否	GLUTRACE-RXN	R00260	未核实化学计量和区室；仅保留ID与基因关联	GCF049 GFF;B1;A0;KEGG afr;BioCyc GCF000021485
RU820_RS13150	AFE_2843	否					否	否			未核实化学计量和区室；仅保留ID与基因关联	GCF049 GFF;B1;A0;KEGG afr;BioCyc GCF000021485
RU820_RS13155	AFE_2844	否					否	否			未核实化学计量和区室；仅保留ID与基因关联	GCF049 GFF;B1;A0;KEGG afr;BioCyc GCF000021485
RU820_RS13160	AFE_2845	否					否	否			未核实化学计量和区室；仅保留ID与基因关联	GCF049 GFF;B1;A0;KEGG afr;BioCyc GCF000021485
RU820_RS13165	AFE_2847	否					否	否	RXN0-2621		未核实化学计量和区室；仅保留ID与基因关联	GCF049 GFF;B1;A0;KEGG afr;BioCyc GCF000021485
RU820_RS13170		否					否	否			未核实化学计量和区室；仅保留ID与基因关联	GCF049 GFF;B1;A0;KEGG afr;BioCyc GCF000021485
RU820_RS13175	AFE_2848	否					否	否			未核实化学计量和区室；仅保留ID与基因关联	GCF049 GFF;B1;A0;KEGG afr;BioCyc GCF000021485
RU820_RS13180	AFE_2849	否					否	否			未核实化学计量和区室；仅保留ID与基因关联	GCF049 GFF;B1;A0;KEGG afr;BioCyc GCF000021485
RU820_RS13185	AFE_2850	否					否	否			未核实化学计量和区室；仅保留ID与基因关联	GCF049 GFF;B1;A0;KEGG afr;BioCyc GCF000021485
RU820_RS13190	AFE_2851	否					否	否			未核实化学计量和区室；仅保留ID与基因关联	GCF049 GFF;B1;A0;KEGG afr;BioCyc GCF000021485
RU820_RS13195	AFE_2852	否					否	否			未核实化学计量和区室；仅保留ID与基因关联	GCF049 GFF;B1;A0;KEGG afr;BioCyc GCF000021485
RU820_RS13200	AFE_2853	否					否	否	RXN-12458;RXN-14517	R00597	未核实化学计量和区室；仅保留ID与基因关联	GCF049 GFF;B1;A0;KEGG afr;BioCyc GCF000021485
RU820_RS13205	AFE_2854	否					否	否			未核实化学计量和区室；仅保留ID与基因关联	GCF049 GFF;B1;A0;KEGG afr;BioCyc GCF000021485
RU820_RS13210	AFE_2855	否					否	否			未核实化学计量和区室；仅保留ID与基因关联	GCF049 GFF;B1;A0;KEGG afr;BioCyc GCF000021485
RU820_RS13215	AFE_2856	否					否	否			未核实化学计量和区室；仅保留ID与基因关联	GCF049 GFF;B1;A0;KEGG afr;BioCyc GCF000021485
RU820_RS13220	AFE_2857	否					否	否			未核实化学计量和区室；仅保留ID与基因关联	GCF049 GFF;B1;A0;KEGG afr;BioCyc GCF000021485
RU820_RS13225	AFE_2858	否					否	是			未核实化学计量和区室；仅保留ID与基因关联	GCF049 GFF;B1;A0;KEGG afr;BioCyc GCF000021485
RU820_RS13230	AFE_2859	否					否	否			未核实化学计量和区室；仅保留ID与基因关联	GCF049 GFF;B1;A0;KEGG afr;BioCyc GCF000021485
RU820_RS13235	AFE_2860	否					否	否	RXN-982		未核实化学计量和区室；仅保留ID与基因关联	GCF049 GFF;B1;A0;KEGG afr;BioCyc GCF000021485
RU820_RS13240	AFE_2861	否					否	否			未核实化学计量和区室；仅保留ID与基因关联	GCF049 GFF;B1;A0;KEGG afr;BioCyc GCF000021485
RU820_RS13245	AFE_2862	否					否	否			未核实化学计量和区室；仅保留ID与基因关联	GCF049 GFF;B1;A0;KEGG afr;BioCyc GCF000021485
RU820_RS13250	AFE_2863	否					否	是			未核实化学计量和区室；仅保留ID与基因关联	GCF049 GFF;B1;A0;KEGG afr;BioCyc GCF000021485
RU820_RS13255	AFE_2864	否					否	是			未核实化学计量和区室；仅保留ID与基因关联	GCF049 GFF;B1;A0;KEGG afr;BioCyc GCF000021485
RU820_RS13260	AFE_2865	否					否	否			未核实化学计量和区室；仅保留ID与基因关联	GCF049 GFF;B1;A0;KEGG afr;BioCyc GCF000021485
RU820_RS13265	AFE_2866	否					否	否			未核实化学计量和区室；仅保留ID与基因关联	GCF049 GFF;B1;A0;KEGG afr;BioCyc GCF000021485
RU820_RS13270	AFE_2867	否					否	否			未核实化学计量和区室；仅保留ID与基因关联	GCF049 GFF;B1;A0;KEGG afr;BioCyc GCF000021485
RU820_RS13275	AFE_2868	否					否	否			未核实化学计量和区室；仅保留ID与基因关联	GCF049 GFF;B1;A0;KEGG afr;BioCyc GCF000021485
RU820_RS13280	AFE_2869	否					否	是	GCVMULTI-RXN	R01221	未核实化学计量和区室；仅保留ID与基因关联	GCF049 GFF;B1;A0;KEGG afr;BioCyc GCF000021485
RU820_RS13285	AFE_2870	否					否	否			未核实化学计量和区室；仅保留ID与基因关联	GCF049 GFF;B1;A0;KEGG afr;BioCyc GCF000021485
RU820_RS13290	AFE_2872	否					否	否			未核实化学计量和区室；仅保留ID与基因关联	GCF049 GFF;B1;A0;KEGG afr;BioCyc GCF000021485
RU820_RS13295		否					否	否			未核实化学计量和区室；仅保留ID与基因关联	GCF049 GFF;B1;A0;KEGG afr;BioCyc GCF000021485
RU820_RS13300		否					否	否			未核实化学计量和区室；仅保留ID与基因关联	GCF049 GFF;B1;A0;KEGG afr;BioCyc GCF000021485
RU820_RS13305		否					否	否			未核实化学计量和区室；仅保留ID与基因关联	GCF049 GFF;B1;A0;KEGG afr;BioCyc GCF000021485
RU820_RS13310	AFE_2875	否					否	否			未核实化学计量和区室；仅保留ID与基因关联	GCF049 GFF;B1;A0;KEGG afr;BioCyc GCF000021485
RU820_RS13315	AFE_2876	否					否	否			未核实化学计量和区室；仅保留ID与基因关联	GCF049 GFF;B1;A0;KEGG afr;BioCyc GCF000021485
RU820_RS13320		否					否	否			未核实化学计量和区室；仅保留ID与基因关联	GCF049 GFF;B1;A0;KEGG afr;BioCyc GCF000021485
RU820_RS13325	AFE_2877	否					否	否			未核实化学计量和区室；仅保留ID与基因关联	GCF049 GFF;B1;A0;KEGG afr;BioCyc GCF000021485
RU820_RS13330	AFE_2879	否					否	否	3.1.3.16-RXN		未核实化学计量和区室；仅保留ID与基因关联	GCF049 GFF;B1;A0;KEGG afr;BioCyc GCF000021485
RU820_RS13335	AFE_2880	否					否	否			未核实化学计量和区室；仅保留ID与基因关联	GCF049 GFF;B1;A0;KEGG afr;BioCyc GCF000021485
RU820_RS13340		否					否	否			未核实化学计量和区室；仅保留ID与基因关联	GCF049 GFF;B1;A0;KEGG afr;BioCyc GCF000021485
RU820_RS13345		否					否	否			未核实化学计量和区室；仅保留ID与基因关联	GCF049 GFF;B1;A0;KEGG afr;BioCyc GCF000021485
RU820_RS13350	AFE_2882	否					否	否	RXN0-2584		未核实化学计量和区室；仅保留ID与基因关联	GCF049 GFF;B1;A0;KEGG afr;BioCyc GCF000021485
RU820_RS13355	AFE_2883	否					否	否			未核实化学计量和区室；仅保留ID与基因关联	GCF049 GFF;B1;A0;KEGG afr;BioCyc GCF000021485
RU820_RS13360	AFE_2885	否					否	否			未核实化学计量和区室；仅保留ID与基因关联	GCF049 GFF;B1;A0;KEGG afr;BioCyc GCF000021485
RU820_RS13365	AFE_2886	否					否	否			未核实化学计量和区室；仅保留ID与基因关联	GCF049 GFF;B1;A0;KEGG afr;BioCyc GCF000021485
RU820_RS13370	AFE_2887	否					否	否			未核实化学计量和区室；仅保留ID与基因关联	GCF049 GFF;B1;A0;KEGG afr;BioCyc GCF000021485
RU820_RS13375	AFE_2888	否					否	否			未核实化学计量和区室；仅保留ID与基因关联	GCF049 GFF;B1;A0;KEGG afr;BioCyc GCF000021485
RU820_RS13380	AFE_2889	否					否	否			未核实化学计量和区室；仅保留ID与基因关联	GCF049 GFF;B1;A0;KEGG afr;BioCyc GCF000021485
RU820_RS13385	AFE_2890	否					否	否			未核实化学计量和区室；仅保留ID与基因关联	GCF049 GFF;B1;A0;KEGG afr;BioCyc GCF000021485
RU820_RS13390	AFE_2891	否					否	否			未核实化学计量和区室；仅保留ID与基因关联	GCF049 GFF;B1;A0;KEGG afr;BioCyc GCF000021485
RU820_RS13405		否					否	否			未核实化学计量和区室；仅保留ID与基因关联	GCF049 GFF;B1;A0;KEGG afr;BioCyc GCF000021485
RU820_RS13410	AFE_2892	否					否	否			未核实化学计量和区室；仅保留ID与基因关联	GCF049 GFF;B1;A0;KEGG afr;BioCyc GCF000021485
RU820_RS13415	AFE_2894	否					否	否			未核实化学计量和区室；仅保留ID与基因关联	GCF049 GFF;B1;A0;KEGG afr;BioCyc GCF000021485
RU820_RS13420	AFE_2895	否					否	是	RXN-16659		未核实化学计量和区室；仅保留ID与基因关联	GCF049 GFF;B1;A0;KEGG afr;BioCyc GCF000021485
RU820_RS13425	AFE_2896	否					否	否			未核实化学计量和区室；仅保留ID与基因关联	GCF049 GFF;B1;A0;KEGG afr;BioCyc GCF000021485
RU820_RS13430		否					否	否			未核实化学计量和区室；仅保留ID与基因关联	GCF049 GFF;B1;A0;KEGG afr;BioCyc GCF000021485
RU820_RS13435	AFE_2899	否	OCTDPS	OCTDPS			是	否		R09248	未核实化学计量和区室；仅保留ID与基因关联	GCF049 GFF;B1;A0;KEGG afr;BioCyc GCF000021485
RU820_RS13440	AFE_2900	否					否	否			未核实化学计量和区室；仅保留ID与基因关联	GCF049 GFF;B1;A0;KEGG afr;BioCyc GCF000021485
RU820_RS13445	AFE_2901	否					否	否			未核实化学计量和区室；仅保留ID与基因关联	GCF049 GFF;B1;A0;KEGG afr;BioCyc GCF000021485
RU820_RS13450	AFE_2902	否					否	否			未核实化学计量和区室；仅保留ID与基因关联	GCF049 GFF;B1;A0;KEGG afr;BioCyc GCF000021485
RU820_RS13455	AFE_2903	否					否	否			未核实化学计量和区室；仅保留ID与基因关联	GCF049 GFF;B1;A0;KEGG afr;BioCyc GCF000021485
RU820_RS13460	AFE_2905	否					否	否			未核实化学计量和区室；仅保留ID与基因关联	GCF049 GFF;B1;A0;KEGG afr;BioCyc GCF000021485
RU820_RS13465	AFE_2906	否					否	否			未核实化学计量和区室；仅保留ID与基因关联	GCF049 GFF;B1;A0;KEGG afr;BioCyc GCF000021485
RU820_RS13470	AFE_2907	否					否	否			未核实化学计量和区室；仅保留ID与基因关联	GCF049 GFF;B1;A0;KEGG afr;BioCyc GCF000021485
RU820_RS13475	AFE_2910	否					否	否			未核实化学计量和区室；仅保留ID与基因关联	GCF049 GFF;B1;A0;KEGG afr;BioCyc GCF000021485
RU820_RS13480	AFE_2911	否	NH4pp	NH4pp			是	否	TRANS-RXN2G89-3		未核实化学计量和区室；仅保留ID与基因关联	GCF049 GFF;B1;A0;KEGG afr;BioCyc GCF000021485
RU820_RS13485	AFE_2912	否					否	否			未核实化学计量和区室；仅保留ID与基因关联	GCF049 GFF;B1;A0;KEGG afr;BioCyc GCF000021485
RU820_RS13490	AFE_2913	否					否	否			未核实化学计量和区室；仅保留ID与基因关联	GCF049 GFF;B1;A0;KEGG afr;BioCyc GCF000021485
RU820_RS13495	AFE_2914	否					否	是			未核实化学计量和区室；仅保留ID与基因关联	GCF049 GFF;B1;A0;KEGG afr;BioCyc GCF000021485
RU820_RS13500	AFE_2915	否					否	否			未核实化学计量和区室；仅保留ID与基因关联	GCF049 GFF;B1;A0;KEGG afr;BioCyc GCF000021485
RU820_RS13505	AFE_2916	否	NH4pp	NH4pp			是	否	TRANS-RXN2G89-3		未核实化学计量和区室；仅保留ID与基因关联	GCF049 GFF;B1;A0;KEGG afr;BioCyc GCF000021485
RU820_RS13510	AFE_2917	否					否	否			未核实化学计量和区室；仅保留ID与基因关联	GCF049 GFF;B1;A0;KEGG afr;BioCyc GCF000021485
RU820_RS13515	AFE_2918	否					否	否			未核实化学计量和区室；仅保留ID与基因关联	GCF049 GFF;B1;A0;KEGG afr;BioCyc GCF000021485
RU820_RS13520	AFE_2919	否					否	否			未核实化学计量和区室；仅保留ID与基因关联	GCF049 GFF;B1;A0;KEGG afr;BioCyc GCF000021485
RU820_RS13525	AFE_2921	否					否	否			未核实化学计量和区室；仅保留ID与基因关联	GCF049 GFF;B1;A0;KEGG afr;BioCyc GCF000021485
RU820_RS13530	AFE_2920	否					否	否			未核实化学计量和区室；仅保留ID与基因关联	GCF049 GFF;B1;A0;KEGG afr;BioCyc GCF000021485
RU820_RS13535	AFE_2922	否	Ktpp;NH4pp	Ktpp;NH4pp			是	否			未核实化学计量和区室；仅保留ID与基因关联	GCF049 GFF;B1;A0;KEGG afr;BioCyc GCF000021485
RU820_RS13540	AFE_2923	否	MCTP1A	MCTP1A			是	否			未核实化学计量和区室；仅保留ID与基因关联	GCF049 GFF;B1;A0;KEGG afr;BioCyc GCF000021485
RU820_RS13545	AFE_2924	否	PGI1	PGI1			是	否	PGLUCISOM-RXN	R00771;R02739;R02740;R03321;R13199	未核实化学计量和区室；仅保留ID与基因关联	GCF049 GFF;B1;A0;KEGG afr;BioCyc GCF000021485
RU820_RS13550	AFE_2925	否					否	否			未核实化学计量和区室；仅保留ID与基因关联	GCF049 GFF;B1;A0;KEGG afr;BioCyc GCF000021485
RU820_RS13555	AFE_2926	否					否	是	TRANS-RXN0-498		未核实化学计量和区室；仅保留ID与基因关联	GCF049 GFF;B1;A0;KEGG afr;BioCyc GCF000021485
RU820_RS13560	AFE_2927	否					否	否			未核实化学计量和区室；仅保留ID与基因关联	GCF049 GFF;B1;A0;KEGG afr;BioCyc GCF000021485
RU820_RS13565	AFE_2928	否					否	否			未核实化学计量和区室；仅保留ID与基因关联	GCF049 GFF;B1;A0;KEGG afr;BioCyc GCF000021485
RU820_RS13570	AFE_2929	否	CFAS190	CFAS190			是	否			未核实化学计量和区室；仅保留ID与基因关联	GCF049 GFF;B1;A0;KEGG afr;BioCyc GCF000021485
RU820_RS13575	AFE_2930	否					否	否			未核实化学计量和区室；仅保留ID与基因关联	GCF049 GFF;B1;A0;KEGG afr;BioCyc GCF000021485
RU820_RS13580	AFE_2931	否					否	否	RXN-19004;RXN0-2605		未核实化学计量和区室；仅保留ID与基因关联	GCF049 GFF;B1;A0;KEGG afr;BioCyc GCF000021485
RU820_RS13585	AFE_2932	否					否	否	RXN-19004;RXN0-2605		未核实化学计量和区室；仅保留ID与基因关联	GCF049 GFF;B1;A0;KEGG afr;BioCyc GCF000021485
RU820_RS13590	AFE_2933	否					否	否	RXN-19004;RXN0-2605		未核实化学计量和区室；仅保留ID与基因关联	GCF049 GFF;B1;A0;KEGG afr;BioCyc GCF000021485
RU820_RS13595	AFE_2934	否					否	否			未核实化学计量和区室；仅保留ID与基因关联	GCF049 GFF;B1;A0;KEGG afr;BioCyc GCF000021485
RU820_RS13600	AFE_2935	否					否	否			未核实化学计量和区室；仅保留ID与基因关联	GCF049 GFF;B1;A0;KEGG afr;BioCyc GCF000021485
RU820_RS13605	AFE_2936	否					否	否			未核实化学计量和区室；仅保留ID与基因关联	GCF049 GFF;B1;A0;KEGG afr;BioCyc GCF000021485
RU820_RS13610	AFE_2470	是					否	待定			未核实化学计量和区室；仅保留ID与基因关联	GCF049 GFF;B1;A0;KEGG afr;BioCyc GCF000021485
RU820_RS13615	AFE_2469;AFE_2938	是					否	待定			未核实化学计量和区室；仅保留ID与基因关联	GCF049 GFF;B1;A0;KEGG afr;BioCyc GCF000021485
RU820_RS13620	AFE_2468;AFE_2939	是					否	待定			未核实化学计量和区室；仅保留ID与基因关联	GCF049 GFF;B1;A0;KEGG afr;BioCyc GCF000021485
RU820_RS13625	AFE_2940	否					否	否			未核实化学计量和区室；仅保留ID与基因关联	GCF049 GFF;B1;A0;KEGG afr;BioCyc GCF000021485
RU820_RS13630	AFE_2942	否					否	否			未核实化学计量和区室；仅保留ID与基因关联	GCF049 GFF;B1;A0;KEGG afr;BioCyc GCF000021485
RU820_RS13635		否					否	否			未核实化学计量和区室；仅保留ID与基因关联	GCF049 GFF;B1;A0;KEGG afr;BioCyc GCF000021485
RU820_RS13640	AFE_2944	否					否	否			未核实化学计量和区室；仅保留ID与基因关联	GCF049 GFF;B1;A0;KEGG afr;BioCyc GCF000021485
RU820_RS13645		否					否	否			未核实化学计量和区室；仅保留ID与基因关联	GCF049 GFF;B1;A0;KEGG afr;BioCyc GCF000021485
RU820_RS13650	AFE_2945	否					否	否	1.8.4.12-RXN		未核实化学计量和区室；仅保留ID与基因关联	GCF049 GFF;B1;A0;KEGG afr;BioCyc GCF000021485
RU820_RS13655	AFE_2946	否					否	否	RXN-8668		未核实化学计量和区室；仅保留ID与基因关联	GCF049 GFF;B1;A0;KEGG afr;BioCyc GCF000021485
RU820_RS13660	AFE_2947	否					否	否			未核实化学计量和区室；仅保留ID与基因关联	GCF049 GFF;B1;A0;KEGG afr;BioCyc GCF000021485
RU820_RS13665	AFE_2948	否	NNAT	NNAT			是	否	NICONUCADENYLYLTRAN-RXN	R00137;R03005	未核实化学计量和区室；仅保留ID与基因关联	GCF049 GFF;B1;A0;KEGG afr;BioCyc GCF000021485
RU820_RS13670	AFE_2949	否					否	否			未核实化学计量和区室；仅保留ID与基因关联	GCF049 GFF;B1;A0;KEGG afr;BioCyc GCF000021485
RU820_RS13675	AFE_2950	否					否	否	RXN-11592		未核实化学计量和区室；仅保留ID与基因关联	GCF049 GFF;B1;A0;KEGG afr;BioCyc GCF000021485
RU820_RS13680	AFE_2951	否					否	否			未核实化学计量和区室；仅保留ID与基因关联	GCF049 GFF;B1;A0;KEGG afr;BioCyc GCF000021485
RU820_RS13685	AFE_2952	否					否	否			未核实化学计量和区室；仅保留ID与基因关联	GCF049 GFF;B1;A0;KEGG afr;BioCyc GCF000021485
RU820_RS13690	AFE_2953	否					否	是		R00515;R00662;R11323	未核实化学计量和区室；仅保留ID与基因关联	GCF049 GFF;B1;A0;KEGG afr;BioCyc GCF000021485
RU820_RS13695	AFE_2954	否					否	否	RXN0-6523		未核实化学计量和区室；仅保留ID与基因关联	GCF049 GFF;B1;A0;KEGG afr;BioCyc GCF000021485
RU820_RS13700	AFE_2955	否					否	否			未核实化学计量和区室；仅保留ID与基因关联	GCF049 GFF;B1;A0;KEGG afr;BioCyc GCF000021485
RU820_RS13705	AFE_2956	否					否	否			未核实化学计量和区室；仅保留ID与基因关联	GCF049 GFF;B1;A0;KEGG afr;BioCyc GCF000021485
RU820_RS13710	AFE_2957	否					否	否			未核实化学计量和区室；仅保留ID与基因关联	GCF049 GFF;B1;A0;KEGG afr;BioCyc GCF000021485
RU820_RS13715		否					否	否			未核实化学计量和区室；仅保留ID与基因关联	GCF049 GFF;B1;A0;KEGG afr;BioCyc GCF000021485
RU820_RS13720	AFE_2959	否					否	否			未核实化学计量和区室；仅保留ID与基因关联	GCF049 GFF;B1;A0;KEGG afr;BioCyc GCF000021485
RU820_RS13725	AFE_2960	否	MAN1PT	MAN1PT			是	否	2.7.7.13-RXN;MANNPISOM-RXN	R00772;R00885;R01819	未核实化学计量和区室；仅保留ID与基因关联	GCF049 GFF;B1;A0;KEGG afr;BioCyc GCF000021485
RU820_RS13730	AFE_2961	否					否	是			未核实化学计量和区室；仅保留ID与基因关联	GCF049 GFF;B1;A0;KEGG afr;BioCyc GCF000021485
RU820_RS13735	AFE_2962	否					否	否			未核实化学计量和区室；仅保留ID与基因关联	GCF049 GFF;B1;A0;KEGG afr;BioCyc GCF000021485
RU820_RS13740	AFE_2963	否					否	是			未核实化学计量和区室；仅保留ID与基因关联	GCF049 GFF;B1;A0;KEGG afr;BioCyc GCF000021485
RU820_RS13745	AFE_2964	否					否	否			未核实化学计量和区室；仅保留ID与基因关联	GCF049 GFF;B1;A0;KEGG afr;BioCyc GCF000021485
RU820_RS13750	AFE_2965	否					否	否			未核实化学计量和区室；仅保留ID与基因关联	GCF049 GFF;B1;A0;KEGG afr;BioCyc GCF000021485
RU820_RS13755	AFE_2967	否					否	否			未核实化学计量和区室；仅保留ID与基因关联	GCF049 GFF;B1;A0;KEGG afr;BioCyc GCF000021485
RU820_RS13760	AFE_2968	否					否	否			未核实化学计量和区室；仅保留ID与基因关联	GCF049 GFF;B1;A0;KEGG afr;BioCyc GCF000021485
RU820_RS13765	AFE_2969	否					否	否			未核实化学计量和区室；仅保留ID与基因关联	GCF049 GFF;B1;A0;KEGG afr;BioCyc GCF000021485
RU820_RS13770	AFE_2970	否	SADT	SADT			是	否	RXN-12720;SULFATE-ADENYLYLTRANS-RXN	R00529;R04929	未核实化学计量和区室；仅保留ID与基因关联	GCF049 GFF;B1;A0;KEGG afr;BioCyc GCF000021485
RU820_RS13775	AFE_2971	否	SADT	SADT			是	否	RXN-12720;SULFATE-ADENYLYLTRANS-RXN	R00509;R00529;R04928;R04929	未核实化学计量和区室；仅保留ID与基因关联	GCF049 GFF;B1;A0;KEGG afr;BioCyc GCF000021485
RU820_RS13780	AFE_0550;AFE_1110;AFE_1142;AFE_1265;AFE_2432;AFE_2709;AFE_2972;AFE_3263	是			PGDH	PGDH	歧义候选	待定			未核实化学计量和区室；仅保留ID与基因关联	GCF049 GFF;B1;A0;KEGG afr;BioCyc GCF000021485
RU820_RS13785	AFE_2973	否	BPNT	BPNT			是	否	325-BISPHOSPHATE-NUCLEOTIDASE-RXN	R00188;R00508	未核实化学计量和区室；仅保留ID与基因关联	GCF049 GFF;B1;A0;KEGG afr;BioCyc GCF000021485
RU820_RS13790		否					否	否			未核实化学计量和区室；仅保留ID与基因关联	GCF049 GFF;B1;A0;KEGG afr;BioCyc GCF000021485
RU820_RS13795	AFE_2975	否					否	否			未核实化学计量和区室；仅保留ID与基因关联	GCF049 GFF;B1;A0;KEGG afr;BioCyc GCF000021485
RU820_RS13800	AFE_2976	否					否	否			未核实化学计量和区室；仅保留ID与基因关联	GCF049 GFF;B1;A0;KEGG afr;BioCyc GCF000021485
RU820_RS13805		否					否	否			未核实化学计量和区室；仅保留ID与基因关联	GCF049 GFF;B1;A0;KEGG afr;BioCyc GCF000021485
RU820_RS13810		否					否	否			未核实化学计量和区室；仅保留ID与基因关联	GCF049 GFF;B1;A0;KEGG afr;BioCyc GCF000021485
RU820_RS13815	AFE_1706	是					否	待定			未核实化学计量和区室；仅保留ID与基因关联	GCF049 GFF;B1;A0;KEGG afr;BioCyc GCF000021485
RU820_RS13820	AFE_1708	是					否	待定			未核实化学计量和区室；仅保留ID与基因关联	GCF049 GFF;B1;A0;KEGG afr;BioCyc GCF000021485
RU820_RS13825	AFE_1709	是					否	待定			未核实化学计量和区室；仅保留ID与基因关联	GCF049 GFF;B1;A0;KEGG afr;BioCyc GCF000021485
RU820_RS13830	AFE_2978	否					否	否			未核实化学计量和区室；仅保留ID与基因关联	GCF049 GFF;B1;A0;KEGG afr;BioCyc GCF000021485
RU820_RS13835	AFE_2979	否					否	否			未核实化学计量和区室；仅保留ID与基因关联	GCF049 GFF;B1;A0;KEGG afr;BioCyc GCF000021485
RU820_RS13840	AFE_2980	否					否	否			未核实化学计量和区室；仅保留ID与基因关联	GCF049 GFF;B1;A0;KEGG afr;BioCyc GCF000021485
RU820_RS13845	AFE_2981	否					否	否			未核实化学计量和区室；仅保留ID与基因关联	GCF049 GFF;B1;A0;KEGG afr;BioCyc GCF000021485
RU820_RS13850	AFE_2982	否					否	否			未核实化学计量和区室；仅保留ID与基因关联	GCF049 GFF;B1;A0;KEGG afr;BioCyc GCF000021485
RU820_RS13855	AFE_2983	否					否	否			未核实化学计量和区室；仅保留ID与基因关联	GCF049 GFF;B1;A0;KEGG afr;BioCyc GCF000021485
RU820_RS13860	AFE_2984	否					否	否			未核实化学计量和区室；仅保留ID与基因关联	GCF049 GFF;B1;A0;KEGG afr;BioCyc GCF000021485
RU820_RS13865	AFE_2985	否					否	是			未核实化学计量和区室；仅保留ID与基因关联	GCF049 GFF;B1;A0;KEGG afr;BioCyc GCF000021485
RU820_RS13870	AFE_2986	否					否	否			未核实化学计量和区室；仅保留ID与基因关联	GCF049 GFF;B1;A0;KEGG afr;BioCyc GCF000021485
RU820_RS13875	AFE_2987	否					否	是			未核实化学计量和区室；仅保留ID与基因关联	GCF049 GFF;B1;A0;KEGG afr;BioCyc GCF000021485
RU820_RS13880	AFE_2988	否					否	是			未核实化学计量和区室；仅保留ID与基因关联	GCF049 GFF;B1;A0;KEGG afr;BioCyc GCF000021485
RU820_RS13885	AFE_2989	否					否	是			未核实化学计量和区室；仅保留ID与基因关联	GCF049 GFF;B1;A0;KEGG afr;BioCyc GCF000021485
RU820_RS13890	AFE_2990	否					否	是			未核实化学计量和区室；仅保留ID与基因关联	GCF049 GFF;B1;A0;KEGG afr;BioCyc GCF000021485
RU820_RS13895	AFE_2991	否					否	是			未核实化学计量和区室；仅保留ID与基因关联	GCF049 GFF;B1;A0;KEGG afr;BioCyc GCF000021485
RU820_RS13900	AFE_2992	否					否	是			未核实化学计量和区室；仅保留ID与基因关联	GCF049 GFF;B1;A0;KEGG afr;BioCyc GCF000021485
RU820_RS13905	AFE_2993	否					否	否	2.3.2.13-RXN;RXN-19236		未核实化学计量和区室；仅保留ID与基因关联	GCF049 GFF;B1;A0;KEGG afr;BioCyc GCF000021485
RU820_RS13910	AFE_2994	否					否	否			未核实化学计量和区室；仅保留ID与基因关联	GCF049 GFF;B1;A0;KEGG afr;BioCyc GCF000021485
RU820_RS13915	AFE_2996	否					否	否			未核实化学计量和区室；仅保留ID与基因关联	GCF049 GFF;B1;A0;KEGG afr;BioCyc GCF000021485
RU820_RS13920	AFE_2998	否	FE32tpp	FE32tpp			是	否			未核实化学计量和区室；仅保留ID与基因关联	GCF049 GFF;B1;A0;KEGG afr;BioCyc GCF000021485
RU820_RS13925	AFE_2999	否	FE32tpp	FE32tpp			是	否			未核实化学计量和区室；仅保留ID与基因关联	GCF049 GFF;B1;A0;KEGG afr;BioCyc GCF000021485
RU820_RS13930	AFE_3000	否	MDH	MDH			是	否	MALATE-DEH-RXN	R00342;R07136	未核实化学计量和区室；仅保留ID与基因关联	GCF049 GFF;B1;A0;KEGG afr;BioCyc GCF000021485
RU820_RS13935	AFE_3001	否					否	否			未核实化学计量和区室；仅保留ID与基因关联	GCF049 GFF;B1;A0;KEGG afr;BioCyc GCF000021485
RU820_RS13940	AFE_3002	否					否	否			未核实化学计量和区室；仅保留ID与基因关联	GCF049 GFF;B1;A0;KEGG afr;BioCyc GCF000021485
RU820_RS13945	AFE_3003	否					否	否			未核实化学计量和区室；仅保留ID与基因关联	GCF049 GFF;B1;A0;KEGG afr;BioCyc GCF000021485
RU820_RS13950	AFE_3004	否					否	否			未核实化学计量和区室；仅保留ID与基因关联	GCF049 GFF;B1;A0;KEGG afr;BioCyc GCF000021485
RU820_RS13955	AFE_3005	否					否	否			未核实化学计量和区室；仅保留ID与基因关联	GCF049 GFF;B1;A0;KEGG afr;BioCyc GCF000021485
RU820_RS13960	AFE_3008	否					否	否			未核实化学计量和区室；仅保留ID与基因关联	GCF049 GFF;B1;A0;KEGG afr;BioCyc GCF000021485
RU820_RS13965	AFE_3010	否					否	否			未核实化学计量和区室；仅保留ID与基因关联	GCF049 GFF;B1;A0;KEGG afr;BioCyc GCF000021485
RU820_RS13970	AFE_3011	否	AOXS	AOXS			是	否			未核实化学计量和区室；仅保留ID与基因关联	GCF049 GFF;B1;A0;KEGG afr;BioCyc GCF000021485
RU820_RS13975	AFE_3012	否					否	否			未核实化学计量和区室；仅保留ID与基因关联	GCF049 GFF;B1;A0;KEGG afr;BioCyc GCF000021485
RU820_RS13980	AFE_3013	否					否	否			未核实化学计量和区室；仅保留ID与基因关联	GCF049 GFF;B1;A0;KEGG afr;BioCyc GCF000021485
RU820_RS13985	AFE_3014	否					否	否			未核实化学计量和区室；仅保留ID与基因关联	GCF049 GFF;B1;A0;KEGG afr;BioCyc GCF000021485
RU820_RS13990	AFE_3016	否					否	否			未核实化学计量和区室；仅保留ID与基因关联	GCF049 GFF;B1;A0;KEGG afr;BioCyc GCF000021485
RU820_RS13995	AFE_3015	否					否	否	RXN0-2661		未核实化学计量和区室；仅保留ID与基因关联	GCF049 GFF;B1;A0;KEGG afr;BioCyc GCF000021485
RU820_RS14000	AFE_3017	否					否	否			未核实化学计量和区室；仅保留ID与基因关联	GCF049 GFF;B1;A0;KEGG afr;BioCyc GCF000021485
RU820_RS14005	AFE_3018	否					否	是	2.7.3.9-RXN		未核实化学计量和区室；仅保留ID与基因关联	GCF049 GFF;B1;A0;KEGG afr;BioCyc GCF000021485
RU820_RS14010	AFE_3019	否					否	否			未核实化学计量和区室；仅保留ID与基因关联	GCF049 GFF;B1;A0;KEGG afr;BioCyc GCF000021485
RU820_RS14015	AFE_3020	否					否	是		R02630	未核实化学计量和区室；仅保留ID与基因关联	GCF049 GFF;B1;A0;KEGG afr;BioCyc GCF000021485
RU820_RS14020	AFE_3021	否					否	否			未核实化学计量和区室；仅保留ID与基因关联	GCF049 GFF;B1;A0;KEGG afr;BioCyc GCF000021485
RU820_RS14025	AFE_3022	否					否	否			未核实化学计量和区室；仅保留ID与基因关联	GCF049 GFF;B1;A0;KEGG afr;BioCyc GCF000021485
RU820_RS14030	AFE_3023	否					否	是			未核实化学计量和区室；仅保留ID与基因关联	GCF049 GFF;B1;A0;KEGG afr;BioCyc GCF000021485
RU820_RS14035	AFE_3024	否					否	否			未核实化学计量和区室；仅保留ID与基因关联	GCF049 GFF;B1;A0;KEGG afr;BioCyc GCF000021485
RU820_RS14040	AFE_3025	否					否	否	DNA-DIRECTED-RNA-POLYMERASE-RXN		未核实化学计量和区室；仅保留ID与基因关联	GCF049 GFF;B1;A0;KEGG afr;BioCyc GCF000021485
RU820_RS14045	AFE_3026	否					否	是	TRANS-RXN-237		未核实化学计量和区室；仅保留ID与基因关联	GCF049 GFF;B1;A0;KEGG afr;BioCyc GCF000021485
RU820_RS14050	AFE_3027	否					否	否			未核实化学计量和区室；仅保留ID与基因关联	GCF049 GFF;B1;A0;KEGG afr;BioCyc GCF000021485
RU820_RS14055	AFE_3028	否					否	是			未核实化学计量和区室；仅保留ID与基因关联	GCF049 GFF;B1;A0;KEGG afr;BioCyc GCF000021485
RU820_RS14060	AFE_3029	否	KDOPP	KDOPP			是	否	2-HALOACID-DEHALOGENASE-RXN;3.8.1.11-RXN;RXN-6263;RXN-6264	R03350	未核实化学计量和区室；仅保留ID与基因关联	GCF049 GFF;B1;A0;KEGG afr;BioCyc GCF000021485
RU820_RS14065	AFE_3030	否	A5PISO	A5PISO			是	否	DARAB5PISOM-RXN	R01530	未核实化学计量和区室；仅保留ID与基因关联	GCF049 GFF;B1;A0;KEGG afr;BioCyc GCF000021485
RU820_RS14070		否					否	否			未核实化学计量和区室；仅保留ID与基因关联	GCF049 GFF;B1;A0;KEGG afr;BioCyc GCF000021485
RU820_RS14075	AFE_3031	否					否	否			未核实化学计量和区室；仅保留ID与基因关联	GCF049 GFF;B1;A0;KEGG afr;BioCyc GCF000021485
RU820_RS14080	AFE_3032	否					否	是		R11025	未核实化学计量和区室；仅保留ID与基因关联	GCF049 GFF;B1;A0;KEGG afr;BioCyc GCF000021485
RU820_RS14085	AFE_3033	否					否	是		R08968;R11024	未核实化学计量和区室；仅保留ID与基因关联	GCF049 GFF;B1;A0;KEGG afr;BioCyc GCF000021485
RU820_RS14090	AFE_3034	否					否	否			未核实化学计量和区室；仅保留ID与基因关联	GCF049 GFF;B1;A0;KEGG afr;BioCyc GCF000021485
RU820_RS14095	AFE_3035	否					否	否	PEPTIDYLPROLYL-ISOMERASE-RXN		未核实化学计量和区室；仅保留ID与基因关联	GCF049 GFF;B1;A0;KEGG afr;BioCyc GCF000021485
RU820_RS14100	AFE_3036	否					否	是			未核实化学计量和区室；仅保留ID与基因关联	GCF049 GFF;B1;A0;KEGG afr;BioCyc GCF000021485
RU820_RS14105	AFE_3037	否					否	否			未核实化学计量和区室；仅保留ID与基因关联	GCF049 GFF;B1;A0;KEGG afr;BioCyc GCF000021485
RU820_RS14110	AFE_3038	否					否	否			未核实化学计量和区室；仅保留ID与基因关联	GCF049 GFF;B1;A0;KEGG afr;BioCyc GCF000021485
RU820_RS14115	AFE_3039	否	UAGCVT	UAGCVT			是	否	UDPNACETYLGLUCOSAMENOLPYRTRANS-RXN	R00660	未核实化学计量和区室；仅保留ID与基因关联	GCF049 GFF;B1;A0;KEGG afr;BioCyc GCF000021485
RU820_RS14120	AFE_3040	否	ATPPRT	ATPPRT			是	否	ATPPHOSPHORIBOSYLTRANS-RXN	R01071	未核实化学计量和区室；仅保留ID与基因关联	GCF049 GFF;B1;A0;KEGG afr;BioCyc GCF000021485
RU820_RS14125	AFE_3041	否	HISTD1;HISTD2	HISTD1;HISTD2			是	否	RXN-8001	R01158;R01163;R03012	未核实化学计量和区室；仅保留ID与基因关联	GCF049 GFF;B1;A0;KEGG afr;BioCyc GCF000021485
RU820_RS14130	AFE_3042	否	HSTPT	HSTPT			是	否	HISTAMINOTRANS-RXN	R00694;R00734;R03243	未核实化学计量和区室；仅保留ID与基因关联	GCF049 GFF;B1;A0;KEGG afr;BioCyc GCF000021485
RU820_RS14135	AFE_3043	否	HISTP;IGPDH	HISTP;IGPDH			是	否	IMIDPHOSDEHYD-RXN	R03457	未核实化学计量和区室；仅保留ID与基因关联	GCF049 GFF;B1;A0;KEGG afr;BioCyc GCF000021485
RU820_RS14140	AFE_3044	否	IG3PS	IG3PS			是	否	GLUTAMIDOTRANS-RXN	R04558	未核实化学计量和区室；仅保留ID与基因关联	GCF049 GFF;B1;A0;KEGG afr;BioCyc GCF000021485
RU820_RS14145	AFE_3045	否	PRMICI	PRMICI			是	否	PRIBFAICARPISOM-RXN	R04640	未核实化学计量和区室；仅保留ID与基因关联	GCF049 GFF;B1;A0;KEGG afr;BioCyc GCF000021485
RU820_RS14150	AFE_3046	否	IG3PS	IG3PS			是	否	GLUTAMIDOTRANS-RXN	R04558	未核实化学计量和区室；仅保留ID与基因关联	GCF049 GFF;B1;A0;KEGG afr;BioCyc GCF000021485
RU820_RS14155	AFE_3047	否	PRAMPC;PRATPP	PRAMPC;PRATPP			是	否	HISTCYCLOHYD-RXN;HISTPRATPHYD-RXN	R04035;R04037	未核实化学计量和区室；仅保留ID与基因关联	GCF049 GFF;B1;A0;KEGG afr;BioCyc GCF000021485
RU820_RS14160	AFE_3048	否					否	否			未核实化学计量和区室；仅保留ID与基因关联	GCF049 GFF;B1;A0;KEGG afr;BioCyc GCF000021485
RU820_RS14165	AFE_3049	否					否	否			未核实化学计量和区室；仅保留ID与基因关联	GCF049 GFF;B1;A0;KEGG afr;BioCyc GCF000021485
RU820_RS14170	AFE_3050	否					否	否			未核实化学计量和区室；仅保留ID与基因关联	GCF049 GFF;B1;A0;KEGG afr;BioCyc GCF000021485
RU820_RS14175	AFE_3051	否	RUBISCO	RUBISCO			是	否		R00024;R03140	未核实化学计量和区室；仅保留ID与基因关联	GCF049 GFF;B1;A0;KEGG afr;BioCyc GCF000021485
RU820_RS14180	AFE_3052	否	RUBISCO	RUBISCO			是	否	RIBULOSE-BISPHOSPHATE-CARBOXYLASE-RXN;RXN-961	R00024;R03140	未核实化学计量和区室；仅保留ID与基因关联	GCF049 GFF;B1;A0;KEGG afr;BioCyc GCF000021485
RU820_RS14185	AFE_3053	否					否	否		R00294	未核实化学计量和区室；仅保留ID与基因关联	GCF049 GFF;B1;A0;KEGG afr;BioCyc GCF000021485
RU820_RS14190	AFE_3054	否					否	否		R00294	未核实化学计量和区室；仅保留ID与基因关联	GCF049 GFF;B1;A0;KEGG afr;BioCyc GCF000021485
RU820_RS14195	AFE_3055	否					否	否			未核实化学计量和区室；仅保留ID与基因关联	GCF049 GFF;B1;A0;KEGG afr;BioCyc GCF000021485
RU820_RS14200	AFE_3057	否					否	否			未核实化学计量和区室；仅保留ID与基因关联	GCF049 GFF;B1;A0;KEGG afr;BioCyc GCF000021485
RU820_RS14205	AFE_3058	否	DHORTS	DHORTS			是	否	DIHYDROOROT-RXN	R01993	未核实化学计量和区室；仅保留ID与基因关联	GCF049 GFF;B1;A0;KEGG afr;BioCyc GCF000021485
RU820_RS14210	AFE_3059	否	ASPCT	ASPCT			是	否	ASPCARBTRANS-RXN	R01397	未核实化学计量和区室；仅保留ID与基因关联	GCF049 GFF;B1;A0;KEGG afr;BioCyc GCF000021485
RU820_RS14215	AFE_3060	否	UPPRT	UPPRT			是	否	URACIL-PRIBOSYLTRANS-RXN	R00966	未核实化学计量和区室；仅保留ID与基因关联	GCF049 GFF;B1;A0;KEGG afr;BioCyc GCF000021485
RU820_RS14220	AFE_3061	否					否	否	3.1.22.4-RXN		未核实化学计量和区室；仅保留ID与基因关联	GCF049 GFF;B1;A0;KEGG afr;BioCyc GCF000021485
RU820_RS14225	AFE_3062	否					否	否			未核实化学计量和区室；仅保留ID与基因关联	GCF049 GFF;B1;A0;KEGG afr;BioCyc GCF000021485
RU820_RS14230	AFE_3063	否	GTHS	GTHS			是	否	GLUTATHIONE-SYN-RXN;RXN-20401;RXN-20407	R00497	未核实化学计量和区室；仅保留ID与基因关联	GCF049 GFF;B1;A0;KEGG afr;BioCyc GCF000021485
RU820_RS14235	AFE_3064	否	GLUCYS	GLUCYS			是	否	GLUTCYSLIG-RXN;RXN-20400;RXN-20406	R00894;R10993	未核实化学计量和区室；仅保留ID与基因关联	GCF049 GFF;B1;A0;KEGG afr;BioCyc GCF000021485
RU820_RS14240	AFE_3065	否	CS	CS			是	否	CITSYN-RXN;RXN-21228	R00351;R00931	未核实化学计量和区室；仅保留ID与基因关联	GCF049 GFF;B1;A0;KEGG afr;BioCyc GCF000021485
RU820_RS14245		否					否	否			未核实化学计量和区室；仅保留ID与基因关联	GCF049 GFF;B1;A0;KEGG afr;BioCyc GCF000021485
RU820_RS14250	AFE_3068	否	PDH	PDH			是	否		R00209;R01210;R01221;R01651;R01698;R01933;R03171;R03815;R07618;R08549	未核实化学计量和区室；仅保留ID与基因关联	GCF049 GFF;B1;A0;KEGG afr;BioCyc GCF000021485
RU820_RS14255	AFE_3069	否	PDH	PDH			是	否	1.2.4.4-RXN;RXN0-1133	R00014;R00209;R01699;R03270	未核实化学计量和区室；仅保留ID与基因关联	GCF049 GFF;B1;A0;KEGG afr;BioCyc GCF000021485
RU820_RS14260	AFE_3070	否	PDH	PDH			是	否	RXN0-1134	R00014;R00209;R01699;R03270	未核实化学计量和区室；仅保留ID与基因关联	GCF049 GFF;B1;A0;KEGG afr;BioCyc GCF000021485
RU820_RS14265	AFE_3071	否					否	否			未核实化学计量和区室；仅保留ID与基因关联	GCF049 GFF;B1;A0;KEGG afr;BioCyc GCF000021485
RU820_RS14270	AFE_3072	否					否	否			未核实化学计量和区室；仅保留ID与基因关联	GCF049 GFF;B1;A0;KEGG afr;BioCyc GCF000021485
RU820_RS14275	AFE_3073	否	AGPR	AGPR			是	否	N-ACETYLGLUTPREDUCT-RXN	R03443	未核实化学计量和区室；仅保留ID与基因关联	GCF049 GFF;B1;A0;KEGG afr;BioCyc GCF000021485
RU820_RS14280	AFE_3074	否					否	否			未核实化学计量和区室；仅保留ID与基因关联	GCF049 GFF;B1;A0;KEGG afr;BioCyc GCF000021485
RU820_RS14285	AFE_3075	否					否	否			未核实化学计量和区室；仅保留ID与基因关联	GCF049 GFF;B1;A0;KEGG afr;BioCyc GCF000021485
RU820_RS14290		否					否	否			未核实化学计量和区室；仅保留ID与基因关联	GCF049 GFF;B1;A0;KEGG afr;BioCyc GCF000021485
RU820_RS14295		否					否	否			未核实化学计量和区室；仅保留ID与基因关联	GCF049 GFF;B1;A0;KEGG afr;BioCyc GCF000021485
RU820_RS14300	AFE_3078	否					否	否			未核实化学计量和区室；仅保留ID与基因关联	GCF049 GFF;B1;A0;KEGG afr;BioCyc GCF000021485
RU820_RS14305	AFE_3079	否					否	否			未核实化学计量和区室；仅保留ID与基因关联	GCF049 GFF;B1;A0;KEGG afr;BioCyc GCF000021485
RU820_RS14310		否					否	否			未核实化学计量和区室；仅保留ID与基因关联	GCF049 GFF;B1;A0;KEGG afr;BioCyc GCF000021485
RU820_RS14315		否					否	否			未核实化学计量和区室；仅保留ID与基因关联	GCF049 GFF;B1;A0;KEGG afr;BioCyc GCF000021485
RU820_RS14320		否					否	否			未核实化学计量和区室；仅保留ID与基因关联	GCF049 GFF;B1;A0;KEGG afr;BioCyc GCF000021485
RU820_RS14325		否					否	否			未核实化学计量和区室；仅保留ID与基因关联	GCF049 GFF;B1;A0;KEGG afr;BioCyc GCF000021485
RU820_RS14330		否					否	否			未核实化学计量和区室；仅保留ID与基因关联	GCF049 GFF;B1;A0;KEGG afr;BioCyc GCF000021485
RU820_RS14335	AFE_3085	否					否	否	TYROSINE--TRNA-LIGASE-RXN	R02918	未核实化学计量和区室；仅保留ID与基因关联	GCF049 GFF;B1;A0;KEGG afr;BioCyc GCF000021485
RU820_RS14340	AFE_3086	否					否	是	3.6.3.6-RXN		未核实化学计量和区室；仅保留ID与基因关联	GCF049 GFF;B1;A0;KEGG afr;BioCyc GCF000021485
RU820_RS14345	AFE_3089	否	ASP1DC	ASP1DC			是	否	ASPDECARBOX-RXN	R00489	未核实化学计量和区室；仅保留ID与基因关联	GCF049 GFF;B1;A0;KEGG afr;BioCyc GCF000021485
RU820_RS14350	AFE_3090	否					否	是			未核实化学计量和区室；仅保留ID与基因关联	GCF049 GFF;B1;A0;KEGG afr;BioCyc GCF000021485
RU820_RS14355	AFE_3092	否					否	否			未核实化学计量和区室；仅保留ID与基因关联	GCF049 GFF;B1;A0;KEGG afr;BioCyc GCF000021485
RU820_RS14360	AFE_3093	否	Ktpp	Ktpp			是	否			未核实化学计量和区室；仅保留ID与基因关联	GCF049 GFF;B1;A0;KEGG afr;BioCyc GCF000021485
RU820_RS14365	AFE_3094	否					否	否	DNA-DIRECTED-DNA-POLYMERASE-RXN;RXN-20927		未核实化学计量和区室；仅保留ID与基因关联	GCF049 GFF;B1;A0;KEGG afr;BioCyc GCF000021485
RU820_RS14370	AFE_3095	否					否	否			未核实化学计量和区室；仅保留ID与基因关联	GCF049 GFF;B1;A0;KEGG afr;BioCyc GCF000021485
RU820_RS14375	AFE_3096	否					否	否			未核实化学计量和区室；仅保留ID与基因关联	GCF049 GFF;B1;A0;KEGG afr;BioCyc GCF000021485
RU820_RS14380	AFE_3097	否	HMSK	HMSK			是	否	HOMOSERKIN-RXN	R01771	未核实化学计量和区室；仅保留ID与基因关联	GCF049 GFF;B1;A0;KEGG afr;BioCyc GCF000021485
RU820_RS14385	AFE_3098	否					否	否			未核实化学计量和区室；仅保留ID与基因关联	GCF049 GFF;B1;A0;KEGG afr;BioCyc GCF000021485
RU820_RS14390	AFE_3099	否					否	否			未核实化学计量和区室；仅保留ID与基因关联	GCF049 GFF;B1;A0;KEGG afr;BioCyc GCF000021485
RU820_RS14395	AFE_3100	否					否	否			未核实化学计量和区室；仅保留ID与基因关联	GCF049 GFF;B1;A0;KEGG afr;BioCyc GCF000021485
RU820_RS14400	AFE_3101	否					否	否	RXN0-4261		未核实化学计量和区室；仅保留ID与基因关联	GCF049 GFF;B1;A0;KEGG afr;BioCyc GCF000021485
RU820_RS14405	AFE_3102	否					否	否			未核实化学计量和区室；仅保留ID与基因关联	GCF049 GFF;B1;A0;KEGG afr;BioCyc GCF000021485
RU820_RS14410		否					否	否			未核实化学计量和区室；仅保留ID与基因关联	GCF049 GFF;B1;A0;KEGG afr;BioCyc GCF000021485
RU820_RS14415	AFE_3103	否					否	否			未核实化学计量和区室；仅保留ID与基因关联	GCF049 GFF;B1;A0;KEGG afr;BioCyc GCF000021485
RU820_RS14420	AFE_3104	否					否	否	DNA-DIRECTED-DNA-POLYMERASE-RXN;RXN-20927;RXN0-4961		未核实化学计量和区室；仅保留ID与基因关联	GCF049 GFF;B1;A0;KEGG afr;BioCyc GCF000021485
RU820_RS14425	AFE_3105	否					否	否			未核实化学计量和区室；仅保留ID与基因关联	GCF049 GFF;B1;A0;KEGG afr;BioCyc GCF000021485
RU820_RS14430	AFE_3107	否	CYTA2	CYTA2			是	否			未核实化学计量和区室；仅保留ID与基因关联	GCF049 GFF;B1;A0;KEGG afr;BioCyc GCF000021485
RU820_RS14435	AFE_3108	否	CYTBC1	CYTBC1			是	否			未核实化学计量和区室；仅保留ID与基因关联	GCF049 GFF;B1;A0;KEGG afr;BioCyc GCF000021485
RU820_RS14440	AFE_3109	否	CYTBC1	CYTBC1			是	否	1.10.2.2-RXN;RXN-14107;RXN-15816;RXN-15829;RXN-18584;RXN-18604		未核实化学计量和区室；仅保留ID与基因关联	GCF049 GFF;B1;A0;KEGG afr;BioCyc GCF000021485
RU820_RS14445	AFE_3110	否	CYTBC1	CYTBC1			是	否			未核实化学计量和区室；仅保留ID与基因关联	GCF049 GFF;B1;A0;KEGG afr;BioCyc GCF000021485
RU820_RS14450	AFE_3111	否	CYTBC1	CYTBC1			是	否	RXN-15829		未核实化学计量和区室；仅保留ID与基因关联	GCF049 GFF;B1;A0;KEGG afr;BioCyc GCF000021485
RU820_RS14455	AFE_3112	否					否	否			未核实化学计量和区室；仅保留ID与基因关联	GCF049 GFF;B1;A0;KEGG afr;BioCyc GCF000021485
RU820_RS14460	AFE_3113	否					否	否			未核实化学计量和区室；仅保留ID与基因关联	GCF049 GFF;B1;A0;KEGG afr;BioCyc GCF000021485
RU820_RS14465	AFE_3114	否					否	否			未核实化学计量和区室；仅保留ID与基因关联	GCF049 GFF;B1;A0;KEGG afr;BioCyc GCF000021485
RU820_RS14470	AFE_3115	否					否	否			未核实化学计量和区室；仅保留ID与基因关联	GCF049 GFF;B1;A0;KEGG afr;BioCyc GCF000021485
RU820_RS14475	AFE_2599;AFE_3116	是					否	待定			未核实化学计量和区室；仅保留ID与基因关联	GCF049 GFF;B1;A0;KEGG afr;BioCyc GCF000021485
RU820_RS14480	AFE_2600;AFE_3117	是					否	待定			未核实化学计量和区室；仅保留ID与基因关联	GCF049 GFF;B1;A0;KEGG afr;BioCyc GCF000021485
RU820_RS14485	AFE_2601;AFE_3118	是					否	待定		R10152	未核实化学计量和区室；仅保留ID与基因关联	GCF049 GFF;B1;A0;KEGG afr;BioCyc GCF000021485
RU820_RS14490		否					否	否			未核实化学计量和区室；仅保留ID与基因关联	GCF049 GFF;B1;A0;KEGG afr;BioCyc GCF000021485
RU820_RS14495		否					否	否			未核实化学计量和区室；仅保留ID与基因关联	GCF049 GFF;B1;A0;KEGG afr;BioCyc GCF000021485
RU820_RS14500	AFE_3120	否					否	否			未核实化学计量和区室；仅保留ID与基因关联	GCF049 GFF;B1;A0;KEGG afr;BioCyc GCF000021485
RU820_RS14505	AFE_3121	否	SULR2	SULR2			是	否	SULFITE-REDUCT-RXN	R00858	未核实化学计量和区室；仅保留ID与基因关联	GCF049 GFF;B1;A0;KEGG afr;BioCyc GCF000021485
RU820_RS14510	AFE_3122	否	SULR2	SULR2			是	否		R00858	未核实化学计量和区室；仅保留ID与基因关联	GCF049 GFF;B1;A0;KEGG afr;BioCyc GCF000021485
RU820_RS14515	AFE_3123	否	PAPSR	PAPSR			是	否	1.8.4.8-RXN;RXN-12019	R02021	未核实化学计量和区室；仅保留ID与基因关联	GCF049 GFF;B1;A0;KEGG afr;BioCyc GCF000021485
RU820_RS14520	AFE_3124	否	SADT	SADT			是	否	RXN-12720;SULFATE-ADENYLYLTRANS-RXN	R00529;R04929	未核实化学计量和区室；仅保留ID与基因关联	GCF049 GFF;B1;A0;KEGG afr;BioCyc GCF000021485
RU820_RS14525	AFE_3125	否	SADT	SADT			是	否		R00529;R04929	未核实化学计量和区室；仅保留ID与基因关联	GCF049 GFF;B1;A0;KEGG afr;BioCyc GCF000021485
RU820_RS14530	AFE_3126	否	HCYSMT;UPP3MT1;UPP3MT2	HCYSMT;UPP3MT1;UPP3MT2			是	否	RXN-13403	R03194	未核实化学计量和区室；仅保留ID与基因关联	GCF049 GFF;B1;A0;KEGG afr;BioCyc GCF000021485
RU820_RS14535	AFE_3127	否					否	是		R05807	未核实化学计量和区室；仅保留ID与基因关联	GCF049 GFF;B1;A0;KEGG afr;BioCyc GCF000021485
RU820_RS14540	AFE_3128	否					否	否			未核实化学计量和区室；仅保留ID与基因关联	GCF049 GFF;B1;A0;KEGG afr;BioCyc GCF000021485
RU820_RS14545	AFE_3129	否					否	否	TRANS-RXN2G89-2		未核实化学计量和区室；仅保留ID与基因关联	GCF049 GFF;B1;A0;KEGG afr;BioCyc GCF000021485
RU820_RS14550	AFE_3131	否					否	否			未核实化学计量和区室；仅保留ID与基因关联	GCF049 GFF;B1;A0;KEGG afr;BioCyc GCF000021485
RU820_RS14555	AFE_3133	否					否	否			未核实化学计量和区室；仅保留ID与基因关联	GCF049 GFF;B1;A0;KEGG afr;BioCyc GCF000021485
RU820_RS14560	AFE_3135	否					否	否			未核实化学计量和区室；仅保留ID与基因关联	GCF049 GFF;B1;A0;KEGG afr;BioCyc GCF000021485
RU820_RS14565	AFE_2468;AFE_2939	是					否	待定			未核实化学计量和区室；仅保留ID与基因关联	GCF049 GFF;B1;A0;KEGG afr;BioCyc GCF000021485
RU820_RS14570	AFE_2469;AFE_2938	是					否	待定			未核实化学计量和区室；仅保留ID与基因关联	GCF049 GFF;B1;A0;KEGG afr;BioCyc GCF000021485
RU820_RS14575	AFE_2470	是					否	待定			未核实化学计量和区室；仅保留ID与基因关联	GCF049 GFF;B1;A0;KEGG afr;BioCyc GCF000021485
RU820_RS14580		否					否	否			未核实化学计量和区室；仅保留ID与基因关联	GCF049 GFF;B1;A0;KEGG afr;BioCyc GCF000021485
RU820_RS14585	AFE_3137	否					否	否			未核实化学计量和区室；仅保留ID与基因关联	GCF049 GFF;B1;A0;KEGG afr;BioCyc GCF000021485
RU820_RS14590	AFE_3138	否					否	是		R01252	未核实化学计量和区室；仅保留ID与基因关联	GCF049 GFF;B1;A0;KEGG afr;BioCyc GCF000021485
RU820_RS14595	AFE_3139	否					否	否			未核实化学计量和区室；仅保留ID与基因关联	GCF049 GFF;B1;A0;KEGG afr;BioCyc GCF000021485
RU820_RS14600	AFE_3141	否					否	否			未核实化学计量和区室；仅保留ID与基因关联	GCF049 GFF;B1;A0;KEGG afr;BioCyc GCF000021485
RU820_RS14605	AFE_3142	否					否	是			未核实化学计量和区室；仅保留ID与基因关联	GCF049 GFF;B1;A0;KEGG afr;BioCyc GCF000021485
RU820_RS14610	AFE_0635;AFE_3143	是			PHFT	PHFT	歧义候选	待定	HEMEOSYN-RXN;RXN-20645	R07411	未核实化学计量和区室；仅保留ID与基因关联	GCF049 GFF;B1;A0;KEGG afr;BioCyc GCF000021485
RU820_RS14615	AFE_3144	否					否	否			未核实化学计量和区室；仅保留ID与基因关联	GCF049 GFF;B1;A0;KEGG afr;BioCyc GCF000021485
RU820_RS14620	AFE_3146	否	CYT1;CYTA2	CYT1;CYTA2			是	否			未核实化学计量和区室；仅保留ID与基因关联	GCF049 GFF;B1;A0;KEGG afr;BioCyc GCF000021485
RU820_RS14625		否					否	否			未核实化学计量和区室；仅保留ID与基因关联	GCF049 GFF;B1;A0;KEGG afr;BioCyc GCF000021485
RU820_RS14630	AFE_3148	否	CYTAA31	CYTAA31			是	否			未核实化学计量和区室；仅保留ID与基因关联	GCF049 GFF;B1;A0;KEGG afr;BioCyc GCF000021485
RU820_RS14635	AFE_3149	否	CYTAA31	CYTAA31			是	否	CYTOCHROME-C-OXIDASE-RXN		未核实化学计量和区室；仅保留ID与基因关联	GCF049 GFF;B1;A0;KEGG afr;BioCyc GCF000021485
RU820_RS14640	AFE_3150	否	CYTAA31	CYTAA31			是	否	CYTOCHROME-C-OXIDASE-RXN		未核实化学计量和区室；仅保留ID与基因关联	GCF049 GFF;B1;A0;KEGG afr;BioCyc GCF000021485
RU820_RS14645	AFE_3151	否					否	否			未核实化学计量和区室；仅保留ID与基因关联	GCF049 GFF;B1;A0;KEGG afr;BioCyc GCF000021485
RU820_RS14650	AFE_3152	否	CYT1	CYT1			是	否			未核实化学计量和区室；仅保留ID与基因关联	GCF049 GFF;B1;A0;KEGG afr;BioCyc GCF000021485
RU820_RS14655	AFE_3153	否	CYT2	CYT2			是	否			未核实化学计量和区室；仅保留ID与基因关联	GCF049 GFF;B1;A0;KEGG afr;BioCyc GCF000021485
RU820_RS14665	AFE_3155	否					否	否			未核实化学计量和区室；仅保留ID与基因关联	GCF049 GFF;B1;A0;KEGG afr;BioCyc GCF000021485
RU820_RS14670		否					否	否			未核实化学计量和区室；仅保留ID与基因关联	GCF049 GFF;B1;A0;KEGG afr;BioCyc GCF000021485
RU820_RS14675	AFE_3157	否					否	否			未核实化学计量和区室；仅保留ID与基因关联	GCF049 GFF;B1;A0;KEGG afr;BioCyc GCF000021485
RU820_RS14680	AFE_3158	否					否	否			未核实化学计量和区室；仅保留ID与基因关联	GCF049 GFF;B1;A0;KEGG afr;BioCyc GCF000021485
RU820_RS14685	AFE_3159	否					否	否			未核实化学计量和区室；仅保留ID与基因关联	GCF049 GFF;B1;A0;KEGG afr;BioCyc GCF000021485
RU820_RS14690	AFE_3161	否					否	是		R00704	未核实化学计量和区室；仅保留ID与基因关联	GCF049 GFF;B1;A0;KEGG afr;BioCyc GCF000021485
RU820_RS14695	AFE_3162	否					否	否			未核实化学计量和区室；仅保留ID与基因关联	GCF049 GFF;B1;A0;KEGG afr;BioCyc GCF000021485
RU820_RS14700	AFE_3163	否					否	是	RXN-1981	R06602	未核实化学计量和区室；仅保留ID与基因关联	GCF049 GFF;B1;A0;KEGG afr;BioCyc GCF000021485
RU820_RS14705	AFE_3164	否					否	是			未核实化学计量和区室；仅保留ID与基因关联	GCF049 GFF;B1;A0;KEGG afr;BioCyc GCF000021485
RU820_RS14710	AFE_3165	否					否	否			未核实化学计量和区室；仅保留ID与基因关联	GCF049 GFF;B1;A0;KEGG afr;BioCyc GCF000021485
RU820_RS14715	AFE_3166	否					否	否			未核实化学计量和区室；仅保留ID与基因关联	GCF049 GFF;B1;A0;KEGG afr;BioCyc GCF000021485
RU820_RS14720	AFE_3167	否					否	否			未核实化学计量和区室；仅保留ID与基因关联	GCF049 GFF;B1;A0;KEGG afr;BioCyc GCF000021485
RU820_RS14730	AFE_3168	否					否	否			未核实化学计量和区室；仅保留ID与基因关联	GCF049 GFF;B1;A0;KEGG afr;BioCyc GCF000021485
RU820_RS14735	AFE_3169	否					否	否			未核实化学计量和区室；仅保留ID与基因关联	GCF049 GFF;B1;A0;KEGG afr;BioCyc GCF000021485
RU820_RS14740	AFE_3170	否					否	否			未核实化学计量和区室；仅保留ID与基因关联	GCF049 GFF;B1;A0;KEGG afr;BioCyc GCF000021485
RU820_RS14745	AFE_3171	否					否	否			未核实化学计量和区室；仅保留ID与基因关联	GCF049 GFF;B1;A0;KEGG afr;BioCyc GCF000021485
RU820_RS14750	AFE_3172	否					否	否			未核实化学计量和区室；仅保留ID与基因关联	GCF049 GFF;B1;A0;KEGG afr;BioCyc GCF000021485
RU820_RS14755		否					否	否			未核实化学计量和区室；仅保留ID与基因关联	GCF049 GFF;B1;A0;KEGG afr;BioCyc GCF000021485
RU820_RS14760		否					否	否			未核实化学计量和区室；仅保留ID与基因关联	GCF049 GFF;B1;A0;KEGG afr;BioCyc GCF000021485
RU820_RS14765		否					否	否			未核实化学计量和区室；仅保留ID与基因关联	GCF049 GFF;B1;A0;KEGG afr;BioCyc GCF000021485
RU820_RS14770	AFE_3175	否					否	否			未核实化学计量和区室；仅保留ID与基因关联	GCF049 GFF;B1;A0;KEGG afr;BioCyc GCF000021485
RU820_RS14775	AFE_3176	否					否	否			未核实化学计量和区室；仅保留ID与基因关联	GCF049 GFF;B1;A0;KEGG afr;BioCyc GCF000021485
RU820_RS14780	AFE_3177	否					否	否			未核实化学计量和区室；仅保留ID与基因关联	GCF049 GFF;B1;A0;KEGG afr;BioCyc GCF000021485
RU820_RS14785	AFE_3178	否					否	否			未核实化学计量和区室；仅保留ID与基因关联	GCF049 GFF;B1;A0;KEGG afr;BioCyc GCF000021485
RU820_RS14790	AFE_3180	否					否	否			未核实化学计量和区室；仅保留ID与基因关联	GCF049 GFF;B1;A0;KEGG afr;BioCyc GCF000021485
RU820_RS14805	AFE_1895;AFE_3183	是					否	待定			未核实化学计量和区室；仅保留ID与基因关联	GCF049 GFF;B1;A0;KEGG afr;BioCyc GCF000021485
RU820_RS14820		否					否	否			未核实化学计量和区室；仅保留ID与基因关联	GCF049 GFF;B1;A0;KEGG afr;BioCyc GCF000021485
RU820_RS14825	AFE_3186	否					否	否			未核实化学计量和区室；仅保留ID与基因关联	GCF049 GFF;B1;A0;KEGG afr;BioCyc GCF000021485
RU820_RS14830	AFE_3187	否					否	否			未核实化学计量和区室；仅保留ID与基因关联	GCF049 GFF;B1;A0;KEGG afr;BioCyc GCF000021485
RU820_RS14840	AFE_3188	否					否	否			未核实化学计量和区室；仅保留ID与基因关联	GCF049 GFF;B1;A0;KEGG afr;BioCyc GCF000021485
RU820_RS14845	AFE_3189	否					否	否			未核实化学计量和区室；仅保留ID与基因关联	GCF049 GFF;B1;A0;KEGG afr;BioCyc GCF000021485
RU820_RS14850	AFE_3191	否					否	否			未核实化学计量和区室；仅保留ID与基因关联	GCF049 GFF;B1;A0;KEGG afr;BioCyc GCF000021485
RU820_RS14855	AFE_3192	否					否	否			未核实化学计量和区室；仅保留ID与基因关联	GCF049 GFF;B1;A0;KEGG afr;BioCyc GCF000021485
RU820_RS14860	AFE_3193	否					否	否			未核实化学计量和区室；仅保留ID与基因关联	GCF049 GFF;B1;A0;KEGG afr;BioCyc GCF000021485
RU820_RS14865	AFE_3194	否					否	否			未核实化学计量和区室；仅保留ID与基因关联	GCF049 GFF;B1;A0;KEGG afr;BioCyc GCF000021485
RU820_RS14870		否					否	否			未核实化学计量和区室；仅保留ID与基因关联	GCF049 GFF;B1;A0;KEGG afr;BioCyc GCF000021485
RU820_RS14875	AFE_3198	否					否	否	RXN0-5100;RXN0-5131		未核实化学计量和区室；仅保留ID与基因关联	GCF049 GFF;B1;A0;KEGG afr;BioCyc GCF000021485
RU820_RS14880	AFE_3199	否					否	否			未核实化学计量和区室；仅保留ID与基因关联	GCF049 GFF;B1;A0;KEGG afr;BioCyc GCF000021485
RU820_RS14885	AFE_3200	否	GF6PTA	GF6PTA			是	否	L-GLN-FRUCT-6-P-AMINOTRANS-RXN	R00768	未核实化学计量和区室；仅保留ID与基因关联	GCF049 GFF;B1;A0;KEGG afr;BioCyc GCF000021485
RU820_RS14890	AFE_3201	否	G1PACT;UAGDP	G1PACT;UAGDP			是	否	2.3.1.157-RXN;NAG1P-URIDYLTRANS-RXN	R00416;R05332	未核实化学计量和区室；仅保留ID与基因关联	GCF049 GFF;B1;A0;KEGG afr;BioCyc GCF000021485
RU820_RS14895	AFE_3202	否	ATPS5rpp	ATPS5rpp			是	否	ATPSYN-RXN		未核实化学计量和区室；仅保留ID与基因关联	GCF049 GFF;B1;A0;KEGG afr;BioCyc GCF000021485
RU820_RS14900	AFE_3203	否	ATPS5rpp	ATPS5rpp			是	否	ATPSYN-RXN		未核实化学计量和区室；仅保留ID与基因关联	GCF049 GFF;B1;A0;KEGG afr;BioCyc GCF000021485
RU820_RS14905	AFE_3204	否	ATPS5rpp	ATPS5rpp			是	否	ATPSYN-RXN		未核实化学计量和区室；仅保留ID与基因关联	GCF049 GFF;B1;A0;KEGG afr;BioCyc GCF000021485
RU820_RS14910	AFE_3205	否	ATPS5rpp	ATPS5rpp			是	否	ATPSYN-RXN		未核实化学计量和区室；仅保留ID与基因关联	GCF049 GFF;B1;A0;KEGG afr;BioCyc GCF000021485
RU820_RS14915	AFE_3206	否	ATPS5rpp	ATPS5rpp			是	否	ATPSYN-RXN		未核实化学计量和区室；仅保留ID与基因关联	GCF049 GFF;B1;A0;KEGG afr;BioCyc GCF000021485
RU820_RS14920	AFE_3207	否	ATPS5rpp	ATPS5rpp			是	否	ATPSYN-RXN		未核实化学计量和区室；仅保留ID与基因关联	GCF049 GFF;B1;A0;KEGG afr;BioCyc GCF000021485
RU820_RS14925	AFE_3208	否	ATPS5rpp	ATPS5rpp			是	否	ATPSYN-RXN		未核实化学计量和区室；仅保留ID与基因关联	GCF049 GFF;B1;A0;KEGG afr;BioCyc GCF000021485
RU820_RS14930	AFE_3209	否	ATPS5rpp	ATPS5rpp			是	否	ATPSYN-RXN		未核实化学计量和区室；仅保留ID与基因关联	GCF049 GFF;B1;A0;KEGG afr;BioCyc GCF000021485
RU820_RS14935	AFE_3210	否					否	否			未核实化学计量和区室；仅保留ID与基因关联	GCF049 GFF;B1;A0;KEGG afr;BioCyc GCF000021485
RU820_RS14940	AFE_3211	否					否	否			未核实化学计量和区室；仅保留ID与基因关联	GCF049 GFF;B1;A0;KEGG afr;BioCyc GCF000021485
RU820_RS14945	AFE_3212	否					否	否			未核实化学计量和区室；仅保留ID与基因关联	GCF049 GFF;B1;A0;KEGG afr;BioCyc GCF000021485
RU820_RS14950	AFE_3213	否					否	否	RXN-11578		未核实化学计量和区室；仅保留ID与基因关联	GCF049 GFF;B1;A0;KEGG afr;BioCyc GCF000021485
RU820_RS14955	AFE_3214	否					否	否	RXN-18710;RXN0-7068;RXN0-7083	R08701	未核实化学计量和区室；仅保留ID与基因关联	GCF049 GFF;B1;A0;KEGG afr;BioCyc GCF000021485
RU820_RS14960	AFE_3215	否					否	否			未核实化学计量和区室；仅保留ID与基因关联	GCF049 GFF;B1;A0;KEGG afr;BioCyc GCF000021485
RU820_RS14965	AFE_3216	否					否	否			未核实化学计量和区室；仅保留ID与基因关联	GCF049 GFF;B1;A0;KEGG afr;BioCyc GCF000021485
RU820_RS14970		否					否	否			未核实化学计量和区室；仅保留ID与基因关联	GCF049 GFF;B1;A0;KEGG afr;BioCyc GCF000021485
RU820_RS14975	AFE_3218	否					否	是			未核实化学计量和区室；仅保留ID与基因关联	GCF049 GFF;B1;A0;KEGG afr;BioCyc GCF000021485
RU820_RS14980	AFE_3219	否					否	是			未核实化学计量和区室；仅保留ID与基因关联	GCF049 GFF;B1;A0;KEGG afr;BioCyc GCF000021485
RU820_RS14985	AFE_3220	否					否	是			未核实化学计量和区室；仅保留ID与基因关联	GCF049 GFF;B1;A0;KEGG afr;BioCyc GCF000021485
RU820_RS14990	AFE_3221	否					否	是	TRANS-RXN-141		未核实化学计量和区室；仅保留ID与基因关联	GCF049 GFF;B1;A0;KEGG afr;BioCyc GCF000021485
RU820_RS14995	AFE_3222	否					否	否			未核实化学计量和区室；仅保留ID与基因关联	GCF049 GFF;B1;A0;KEGG afr;BioCyc GCF000021485
RU820_RS15000	AFE_3223	否					否	是	NQOR-RXN;RXN1YI0-16	R02964;R03643;R03816	未核实化学计量和区室；仅保留ID与基因关联	GCF049 GFF;B1;A0;KEGG afr;BioCyc GCF000021485
RU820_RS15005	AFE_3224	否					否	否			未核实化学计量和区室；仅保留ID与基因关联	GCF049 GFF;B1;A0;KEGG afr;BioCyc GCF000021485
RU820_RS15010	AFE_3227	否					否	否			未核实化学计量和区室；仅保留ID与基因关联	GCF049 GFF;B1;A0;KEGG afr;BioCyc GCF000021485
RU820_RS15015		否					否	否			未核实化学计量和区室；仅保留ID与基因关联	GCF049 GFF;B1;A0;KEGG afr;BioCyc GCF000021485
RU820_RS15020	AFE_3229	否					否	否			未核实化学计量和区室；仅保留ID与基因关联	GCF049 GFF;B1;A0;KEGG afr;BioCyc GCF000021485
RU820_RS15025	AFE_3230	否					否	否			未核实化学计量和区室；仅保留ID与基因关联	GCF049 GFF;B1;A0;KEGG afr;BioCyc GCF000021485
RU820_RS15030	AFE_3231	否					否	否			未核实化学计量和区室；仅保留ID与基因关联	GCF049 GFF;B1;A0;KEGG afr;BioCyc GCF000021485
RU820_RS15035		否					否	否			未核实化学计量和区室；仅保留ID与基因关联	GCF049 GFF;B1;A0;KEGG afr;BioCyc GCF000021485
RU820_RS15040	AFE_3234	否					否	否			未核实化学计量和区室；仅保留ID与基因关联	GCF049 GFF;B1;A0;KEGG afr;BioCyc GCF000021485
RU820_RS15045	AFE_3235	否					否	是			未核实化学计量和区室；仅保留ID与基因关联	GCF049 GFF;B1;A0;KEGG afr;BioCyc GCF000021485
RU820_RS15050	AFE_3236	否					否	否			未核实化学计量和区室；仅保留ID与基因关联	GCF049 GFF;B1;A0;KEGG afr;BioCyc GCF000021485
RU820_RS15055	AFE_3237	否					否	否			未核实化学计量和区室；仅保留ID与基因关联	GCF049 GFF;B1;A0;KEGG afr;BioCyc GCF000021485
RU820_RS15060	AFE_3238	否					否	否	RXN-8941		未核实化学计量和区室；仅保留ID与基因关联	GCF049 GFF;B1;A0;KEGG afr;BioCyc GCF000021485
RU820_RS15065	AFE_3239	否					否	是		R12067	未核实化学计量和区室；仅保留ID与基因关联	GCF049 GFF;B1;A0;KEGG afr;BioCyc GCF000021485
RU820_RS15070	AFE_3240	否					否	否			未核实化学计量和区室；仅保留ID与基因关联	GCF049 GFF;B1;A0;KEGG afr;BioCyc GCF000021485
RU820_RS15075	AFE_3241	否					否	否			未核实化学计量和区室；仅保留ID与基因关联	GCF049 GFF;B1;A0;KEGG afr;BioCyc GCF000021485
RU820_RS15080	AFE_3242	否	IGPS	IGPS			是	否	IGPSYN-RXN	R03508	未核实化学计量和区室；仅保留ID与基因关联	GCF049 GFF;B1;A0;KEGG afr;BioCyc GCF000021485
RU820_RS15085	AFE_3243	否	ANPRT	ANPRT			是	否	PRTRANS-RXN	R01073	未核实化学计量和区室；仅保留ID与基因关联	GCF049 GFF;B1;A0;KEGG afr;BioCyc GCF000021485
RU820_RS15090	AFE_3244	否	ADCS;ANSYN	ADCS;ANSYN			是	否	PABASYN-RXN	R00985;R00986	未核实化学计量和区室；仅保留ID与基因关联	GCF049 GFF;B1;A0;KEGG afr;BioCyc GCF000021485
RU820_RS15095	AFE_3245	否	ANSYN	ANSYN			是	否	ANTHRANSYN-RXN	R00985;R00986	未核实化学计量和区室；仅保留ID与基因关联	GCF049 GFF;B1;A0;KEGG afr;BioCyc GCF000021485
RU820_RS15100	AFE_3246	否	PGLYCP	PGLYCP			是	否	GPH-RXN	R01334	未核实化学计量和区室；仅保留ID与基因关联	GCF049 GFF;B1;A0;KEGG afr;BioCyc GCF000021485
RU820_RS15105	AFE_3247	否	RPE	RPE			是	否	RIBULP3EPIM-RXN	R01529	未核实化学计量和区室；仅保留ID与基因关联	GCF049 GFF;B1;A0;KEGG afr;BioCyc GCF000021485
RU820_RS15110	AFE_3248	否	FBA3	FBA3			是	否	F16ALDOLASE-RXN;RXN-19916;RXN-8631;SEDOBISALDOL-RXN	R01068;R01070;R01829;R02568	未核实化学计量和区室；仅保留ID与基因关联	GCF049 GFF;B1;A0;KEGG afr;BioCyc GCF000021485
RU820_RS15115	AFE_3249	否	PYK	PYK			是	否	PEPDEPHOS-RXN;RXN-14117;RXN-14192;RXN-14207	R00200;R00430;R01138;R01858;R02320	未核实化学计量和区室；仅保留ID与基因关联	GCF049 GFF;B1;A0;KEGG afr;BioCyc GCF000021485
RU820_RS15120	AFE_3250	否	PGK	PGK			是	否	PHOSGLYPHOS-RXN	R01512	未核实化学计量和区室；仅保留ID与基因关联	GCF049 GFF;B1;A0;KEGG afr;BioCyc GCF000021485
RU820_RS15125	AFE_3251	否	E4PD;GAPD1;GAPD2	E4PD;GAPD1;GAPD2			是	否	1.2.1.13-RXN;ERYTH4PDEHYDROG-RXN;GAPOXNPHOSPHN-RXN	R01061	未核实化学计量和区室；仅保留ID与基因关联	GCF049 GFF;B1;A0;KEGG afr;BioCyc GCF000021485
RU820_RS15130	AFE_3252	否	TKT1;TKT2	TKT1;TKT2			是	否	1TRANSKETO-RXN;2TRANSKETO-RXN	R01067;R01641;R01830;R06590	未核实化学计量和区室；仅保留ID与基因关联	GCF049 GFF;B1;A0;KEGG afr;BioCyc GCF000021485
RU820_RS15135	AFE_3253	否	SBPASE	SBPASE			是	否	F16BDEPHOS-RXN;SEDOHEPTULOSE-BISPHOSPHATASE-RXN	R00762;R04780	未核实化学计量和区室；仅保留ID与基因关联	GCF049 GFF;B1;A0;KEGG afr;BioCyc GCF000021485
RU820_RS15140	AFE_3254	否					否	是		R01185;R01186;R01187	未核实化学计量和区室；仅保留ID与基因关联	GCF049 GFF;B1;A0;KEGG afr;BioCyc GCF000021485
RU820_RS15145	AFE_3255	否					否	否			未核实化学计量和区室；仅保留ID与基因关联	GCF049 GFF;B1;A0;KEGG afr;BioCyc GCF000021485
RU820_RS15150	AFE_3257	否					否	否	RXN-11598		未核实化学计量和区室；仅保留ID与基因关联	GCF049 GFF;B1;A0;KEGG afr;BioCyc GCF000021485
RU820_RS15155	AFE_3258	否	DMPPS;IPDPS	DMPPS;IPDPS			是	否	ISPH2-RXN;RXN0-884	R05884;R08210	未核实化学计量和区室；仅保留ID与基因关联	GCF049 GFF;B1;A0;KEGG afr;BioCyc GCF000021485
RU820_RS15160	AFE_3259	否					否	否			未核实化学计量和区室；仅保留ID与基因关联	GCF049 GFF;B1;A0;KEGG afr;BioCyc GCF000021485
RU820_RS15165	AFE_3260	否					否	否			未核实化学计量和区室；仅保留ID与基因关联	GCF049 GFF;B1;A0;KEGG afr;BioCyc GCF000021485
RU820_RS15170	AFE_3261	否					否	否			未核实化学计量和区室；仅保留ID与基因关联	GCF049 GFF;B1;A0;KEGG afr;BioCyc GCF000021485
RU820_RS15175	AFE_3262	否					否	是			未核实化学计量和区室；仅保留ID与基因关联	GCF049 GFF;B1;A0;KEGG afr;BioCyc GCF000021485
RU820_RS15180	AFE_0550;AFE_1110;AFE_1142;AFE_1265;AFE_2432;AFE_2709;AFE_2972;AFE_3263	是			PGDH	PGDH	歧义候选	待定			未核实化学计量和区室；仅保留ID与基因关联	GCF049 GFF;B1;A0;KEGG afr;BioCyc GCF000021485
RU820_RS15185	AFE_3264	否					否	否			未核实化学计量和区室；仅保留ID与基因关联	GCF049 GFF;B1;A0;KEGG afr;BioCyc GCF000021485
RU820_RS15190	AFE_3265	否					否	否			未核实化学计量和区室；仅保留ID与基因关联	GCF049 GFF;B1;A0;KEGG afr;BioCyc GCF000021485
RU820_RS15195	AFE_3267	否					否	否			未核实化学计量和区室；仅保留ID与基因关联	GCF049 GFF;B1;A0;KEGG afr;BioCyc GCF000021485
RU820_RS15200		否					否	否			未核实化学计量和区室；仅保留ID与基因关联	GCF049 GFF;B1;A0;KEGG afr;BioCyc GCF000021485
RU820_RS15205	AFE_3269	否					否	否			未核实化学计量和区室；仅保留ID与基因关联	GCF049 GFF;B1;A0;KEGG afr;BioCyc GCF000021485
RU820_RS15210	AFE_3270	否					否	否			未核实化学计量和区室；仅保留ID与基因关联	GCF049 GFF;B1;A0;KEGG afr;BioCyc GCF000021485
RU820_RS15215		否					否	否			未核实化学计量和区室；仅保留ID与基因关联	GCF049 GFF;B1;A0;KEGG afr;BioCyc GCF000021485
RU820_RS15220		否					否	否			未核实化学计量和区室；仅保留ID与基因关联	GCF049 GFF;B1;A0;KEGG afr;BioCyc GCF000021485
RU820_RS15225		否					否	否			未核实化学计量和区室；仅保留ID与基因关联	GCF049 GFF;B1;A0;KEGG afr;BioCyc GCF000021485
RU820_RS15230	AFE_3273	否					否	否			未核实化学计量和区室；仅保留ID与基因关联	GCF049 GFF;B1;A0;KEGG afr;BioCyc GCF000021485
RU820_RS15235	AFE_3274	否					否	否			未核实化学计量和区室；仅保留ID与基因关联	GCF049 GFF;B1;A0;KEGG afr;BioCyc GCF000021485
RU820_RS15240	AFE_3275	否					否	否			未核实化学计量和区室；仅保留ID与基因关联	GCF049 GFF;B1;A0;KEGG afr;BioCyc GCF000021485
RU820_RS15245	AFE_3276	否					否	否			未核实化学计量和区室；仅保留ID与基因关联	GCF049 GFF;B1;A0;KEGG afr;BioCyc GCF000021485
RU820_RS15250	AFE_3277	否	ARGSL	ARGSL			是	否	ARGSUCCINLYA-RXN;RXN-22	R01086	未核实化学计量和区室；仅保留ID与基因关联	GCF049 GFF;B1;A0;KEGG afr;BioCyc GCF000021485
RU820_RS15255	AFE_3278	否					否	否	TRANS-RXN-477		未核实化学计量和区室；仅保留ID与基因关联	GCF049 GFF;B1;A0;KEGG afr;BioCyc GCF000021485
RU820_RS15260	AFE_3279	否	DAPDC	DAPDC			是	否	DIAMINOPIMDECARB-RXN	R00451	未核实化学计量和区室；仅保留ID与基因关联	GCF049 GFF;B1;A0;KEGG afr;BioCyc GCF000021485
RU820_RS15265	AFE_3280	否					否	否			未核实化学计量和区室；仅保留ID与基因关联	GCF049 GFF;B1;A0;KEGG afr;BioCyc GCF000021485
RU820_RS15270	AFE_3281	否					否	是	3.4.24.11-RXN		未核实化学计量和区室；仅保留ID与基因关联	GCF049 GFF;B1;A0;KEGG afr;BioCyc GCF000021485
RU820_RS15275	AFE_3282	否					否	否			未核实化学计量和区室；仅保留ID与基因关联	GCF049 GFF;B1;A0;KEGG afr;BioCyc GCF000021485
RU820_RS15280	AFE_3283	否	HYD1pp	HYD1pp			是	否	RXN0-4141	R08034	未核实化学计量和区室；仅保留ID与基因关联	GCF049 GFF;B1;A0;KEGG afr;BioCyc GCF000021485
RU820_RS15285	AFE_3284	否	HYD1pp	HYD1pp			是	否			未核实化学计量和区室；仅保留ID与基因关联	GCF049 GFF;B1;A0;KEGG afr;BioCyc GCF000021485
RU820_RS15290	AFE_3285	否	HYD1pp	HYD1pp			是	否			未核实化学计量和区室；仅保留ID与基因关联	GCF049 GFF;B1;A0;KEGG afr;BioCyc GCF000021485
RU820_RS15295	AFE_3286	否	HYD1pp	HYD1pp			是	否	RXN0-5256	R08034	未核实化学计量和区室；仅保留ID与基因关联	GCF049 GFF;B1;A0;KEGG afr;BioCyc GCF000021485
RU820_RS15300	AFE_3287	否					否	否			未核实化学计量和区室；仅保留ID与基因关联	GCF049 GFF;B1;A0;KEGG afr;BioCyc GCF000021485
RU820_RS15305	AFE_3288	否					否	否			未核实化学计量和区室；仅保留ID与基因关联	GCF049 GFF;B1;A0;KEGG afr;BioCyc GCF000021485
RU820_RS15310	AFE_3289	否					否	否			未核实化学计量和区室；仅保留ID与基因关联	GCF049 GFF;B1;A0;KEGG afr;BioCyc GCF000021485
RU820_RS15315	AFE_3290	否					否	否			未核实化学计量和区室；仅保留ID与基因关联	GCF049 GFF;B1;A0;KEGG afr;BioCyc GCF000021485
RU820_RS15320	AFE_3291	否					否	是	GDPMANDEHYDRA-RXN	R03397;R03399	未核实化学计量和区室；仅保留ID与基因关联	GCF049 GFF;B1;A0;KEGG afr;BioCyc GCF000021485
RU820_RS15325	AFE_3292	否	GMAND	GMAND			是	否	GDPMANDEHYDRA-RXN	R00888	未核实化学计量和区室；仅保留ID与基因关联	GCF049 GFF;B1;A0;KEGG afr;BioCyc GCF000021485
RU820_RS15330	AFE_3293	否	MAN1PT;MAN6PI	MAN1PT;MAN6PI			是	否	2.7.7.13-RXN;MANNPISOM-RXN	R00772;R00885;R01819	未核实化学计量和区室；仅保留ID与基因关联	GCF049 GFF;B1;A0;KEGG afr;BioCyc GCF000021485
RU820_RS15335	AFE_3294	否	TDPDRE1;TDPDRE2	TDPDRE1;TDPDRE2			是	否	DTDPDEHYDRHAMEPIM-RXN	R06514	未核实化学计量和区室；仅保留ID与基因关联	GCF049 GFF;B1;A0;KEGG afr;BioCyc GCF000021485
RU820_RS15340	AFE_3295	否	G1PTT	G1PTT			是	否	DTDPGLUCOSEPP-RXN	R02328	未核实化学计量和区室；仅保留ID与基因关联	GCF049 GFF;B1;A0;KEGG afr;BioCyc GCF000021485
RU820_RS15345	AFE_3296	否					否	是			未核实化学计量和区室；仅保留ID与基因关联	GCF049 GFF;B1;A0;KEGG afr;BioCyc GCF000021485
RU820_RS15350		否					否	否			未核实化学计量和区室；仅保留ID与基因关联	GCF049 GFF;B1;A0;KEGG afr;BioCyc GCF000021485
RU820_RS15355	AFE_3298	否	PPBNGS	PPBNGS			是	否	PORPHOBILSYNTH-RXN	R00036	未核实化学计量和区室；仅保留ID与基因关联	GCF049 GFF;B1;A0;KEGG afr;BioCyc GCF000021485
RU820_RS15360	AFE_3299	否	UPP3S	UPP3S			是	否	UROGENIIISYN-RXN		未核实化学计量和区室；仅保留ID与基因关联	GCF049 GFF;B1;A0;KEGG afr;BioCyc GCF000021485
RU820_RS15365	AFE_3300	否	HMBS	HMBS			是	否	OHMETHYLBILANESYN-RXN	R00084	未核实化学计量和区室；仅保留ID与基因关联	GCF049 GFF;B1;A0;KEGG afr;BioCyc GCF000021485
RU820_RS15370	AFE_3301	否					否	否			未核实化学计量和区室；仅保留ID与基因关联	GCF049 GFF;B1;A0;KEGG afr;BioCyc GCF000021485
RU820_RS15375	AFE_3302	否					否	否			未核实化学计量和区室；仅保留ID与基因关联	GCF049 GFF;B1;A0;KEGG afr;BioCyc GCF000021485
RU820_RS15380	AFE_3303	否	G1SAT	G1SAT			是	否	GSAAMINOTRANS-RXN	R02272	未核实化学计量和区室；仅保留ID与基因关联	GCF049 GFF;B1;A0;KEGG afr;BioCyc GCF000021485
RU820_RS15385	AFE_3304	否	TMPPP	TMPPP			是	否	RXN-12610;RXN-12611;THI-P-SYN-RXN	R03223;R10712	未核实化学计量和区室；仅保留ID与基因关联	GCF049 GFF;B1;A0;KEGG afr;BioCyc GCF000021485
RU820_RS15390	AFE_3305	否	HMPK1;PMPK	HMPK1;PMPK			是	否	OHMETPYRKIN-RXN;PYRIMSYN3-RXN	R03471;R04509	未核实化学计量和区室；仅保留ID与基因关联	GCF049 GFF;B1;A0;KEGG afr;BioCyc GCF000021485
RU820_RS15395	AFE_3307	否					否	否			未核实化学计量和区室；仅保留ID与基因关联	GCF049 GFF;B1;A0;KEGG afr;BioCyc GCF000021485
