当前locus	来源	状态	说明	处理
RU820_RS00020	Rhea	本地EC查询无命中或EC不完整	本轮已补查当前全基因完整四级EC；无命中不等于宿主无反应	保留未取得
RU820_RS00025	KEGG afr	未关联到本地KEGG旧locus记录	旧同株组装覆盖差异或映射缺失；不表示功能不存在	保留未取得
RU820_RS00055	KEGG afr	未关联到本地KEGG旧locus记录	旧同株组装覆盖差异或映射缺失；不表示功能不存在	保留未取得
RU820_RS00080	Rhea	本地EC查询无命中或EC不完整	本轮已补查当前全基因完整四级EC；无命中不等于宿主无反应	保留未取得
RU820_RS00095	KEGG afr	未关联到本地KEGG旧locus记录	旧同株组装覆盖差异或映射缺失；不表示功能不存在	保留未取得
RU820_RS00115	KEGG afr	未关联到本地KEGG旧locus记录	旧同株组装覆盖差异或映射缺失；不表示功能不存在	保留未取得
RU820_RS00120	Rhea	本地EC查询无命中或EC不完整	本轮已补查当前全基因完整四级EC；无命中不等于宿主无反应	保留未取得
RU820_RS00130	B1	旧locus未映射	当前基因存在；无法据此判断旧组装缺失或新基因	保留当前NCBI注释
RU820_RS00135	B1	旧locus未映射	当前基因存在；无法据此判断旧组装缺失或新基因	保留当前NCBI注释
RU820_RS00145	Rhea	本地EC查询无命中或EC不完整	本轮已补查当前全基因完整四级EC；无命中不等于宿主无反应	保留未取得
RU820_RS00150	KEGG afr	未关联到本地KEGG旧locus记录	旧同株组装覆盖差异或映射缺失；不表示功能不存在	保留未取得
RU820_RS00170	Rhea	本地EC查询无命中或EC不完整	本轮已补查当前全基因完整四级EC；无命中不等于宿主无反应	保留未取得
RU820_RS00185	KEGG afr	未关联到本地KEGG旧locus记录	旧同株组装覆盖差异或映射缺失；不表示功能不存在	保留未取得
RU820_RS00195	KEGG afr	未关联到本地KEGG旧locus记录	旧同株组装覆盖差异或映射缺失；不表示功能不存在	保留未取得
RU820_RS00200	B1	旧locus未映射	当前基因存在；无法据此判断旧组装缺失或新基因	保留当前NCBI注释
RU820_RS00205	KEGG afr	未关联到本地KEGG旧locus记录	旧同株组装覆盖差异或映射缺失；不表示功能不存在	保留未取得
RU820_RS00210	KEGG afr	未关联到本地KEGG旧locus记录	旧同株组装覆盖差异或映射缺失；不表示功能不存在	保留未取得
RU820_RS00215	KEGG afr	未关联到本地KEGG旧locus记录	旧同株组装覆盖差异或映射缺失；不表示功能不存在	保留未取得
RU820_RS00225	KEGG afr	未关联到本地KEGG旧locus记录	旧同株组装覆盖差异或映射缺失；不表示功能不存在	保留未取得
RU820_RS00230	KEGG afr	未关联到本地KEGG旧locus记录	旧同株组装覆盖差异或映射缺失；不表示功能不存在	保留未取得
RU820_RS00235	KEGG afr	未关联到本地KEGG旧locus记录	旧同株组装覆盖差异或映射缺失；不表示功能不存在	保留未取得
RU820_RS00245	KEGG afr	未关联到本地KEGG旧locus记录	旧同株组装覆盖差异或映射缺失；不表示功能不存在	保留未取得
RU820_RS00250	KEGG afr	未关联到本地KEGG旧locus记录	旧同株组装覆盖差异或映射缺失；不表示功能不存在	保留未取得
RU820_RS00255	B1	旧locus未映射	当前基因存在；无法据此判断旧组装缺失或新基因	保留当前NCBI注释
RU820_RS00260	KEGG afr	未关联到本地KEGG旧locus记录	旧同株组装覆盖差异或映射缺失；不表示功能不存在	保留未取得
RU820_RS00270	KEGG afr	未关联到本地KEGG旧locus记录	旧同株组装覆盖差异或映射缺失；不表示功能不存在	保留未取得
RU820_RS00275	KEGG afr	未关联到本地KEGG旧locus记录	旧同株组装覆盖差异或映射缺失；不表示功能不存在	保留未取得
RU820_RS00295	KEGG afr	未关联到本地KEGG旧locus记录	旧同株组装覆盖差异或映射缺失；不表示功能不存在	保留未取得
RU820_RS00300	Rhea	本地EC查询无命中或EC不完整	本轮已补查当前全基因完整四级EC；无命中不等于宿主无反应	保留未取得
RU820_RS00350	KEGG afr	未关联到本地KEGG旧locus记录	旧同株组装覆盖差异或映射缺失；不表示功能不存在	保留未取得
RU820_RS00360	KEGG afr	未关联到本地KEGG旧locus记录	旧同株组装覆盖差异或映射缺失；不表示功能不存在	保留未取得
RU820_RS00365	KEGG afr	未关联到本地KEGG旧locus记录	旧同株组装覆盖差异或映射缺失；不表示功能不存在	保留未取得
RU820_RS00370	KEGG afr	未关联到本地KEGG旧locus记录	旧同株组装覆盖差异或映射缺失；不表示功能不存在	保留未取得
RU820_RS00375	KEGG afr	未关联到本地KEGG旧locus记录	旧同株组装覆盖差异或映射缺失；不表示功能不存在	保留未取得
RU820_RS00380	KEGG afr	未关联到本地KEGG旧locus记录	旧同株组装覆盖差异或映射缺失；不表示功能不存在	保留未取得
RU820_RS00385	KEGG afr	未关联到本地KEGG旧locus记录	旧同株组装覆盖差异或映射缺失；不表示功能不存在	保留未取得
RU820_RS00390	KEGG afr	未关联到本地KEGG旧locus记录	旧同株组装覆盖差异或映射缺失；不表示功能不存在	保留未取得
RU820_RS00395	KEGG afr	未关联到本地KEGG旧locus记录	旧同株组装覆盖差异或映射缺失；不表示功能不存在	保留未取得
RU820_RS00400	KEGG afr	未关联到本地KEGG旧locus记录	旧同株组装覆盖差异或映射缺失；不表示功能不存在	保留未取得
RU820_RS00405	KEGG afr	未关联到本地KEGG旧locus记录	旧同株组装覆盖差异或映射缺失；不表示功能不存在	保留未取得
RU820_RS00410	KEGG afr	未关联到本地KEGG旧locus记录	旧同株组装覆盖差异或映射缺失；不表示功能不存在	保留未取得
RU820_RS00415	KEGG afr	未关联到本地KEGG旧locus记录	旧同株组装覆盖差异或映射缺失；不表示功能不存在	保留未取得
RU820_RS00420	B1	旧locus未映射	当前基因存在；无法据此判断旧组装缺失或新基因	保留当前NCBI注释
RU820_RS00435	KEGG afr	未关联到本地KEGG旧locus记录	旧同株组装覆盖差异或映射缺失；不表示功能不存在	保留未取得
RU820_RS00450	KEGG afr	未关联到本地KEGG旧locus记录	旧同株组装覆盖差异或映射缺失；不表示功能不存在	保留未取得
RU820_RS00455	B1	旧locus未映射	当前基因存在；无法据此判断旧组装缺失或新基因	保留当前NCBI注释
RU820_RS00465	B1	旧locus未映射	当前基因存在；无法据此判断旧组装缺失或新基因	保留当前NCBI注释
RU820_RS00470	KEGG afr	未关联到本地KEGG旧locus记录	旧同株组装覆盖差异或映射缺失；不表示功能不存在	保留未取得
RU820_RS00475	KEGG afr	未关联到本地KEGG旧locus记录	旧同株组装覆盖差异或映射缺失；不表示功能不存在	保留未取得
RU820_RS00480	KEGG afr	未关联到本地KEGG旧locus记录	旧同株组装覆盖差异或映射缺失；不表示功能不存在	保留未取得
RU820_RS00485	KEGG afr	未关联到本地KEGG旧locus记录	旧同株组装覆盖差异或映射缺失；不表示功能不存在	保留未取得
RU820_RS00495	KEGG afr	未关联到本地KEGG旧locus记录	旧同株组装覆盖差异或映射缺失；不表示功能不存在	保留未取得
RU820_RS00515	KEGG afr	未关联到本地KEGG旧locus记录	旧同株组装覆盖差异或映射缺失；不表示功能不存在	保留未取得
RU820_RS00520	KEGG afr	未关联到本地KEGG旧locus记录	旧同株组装覆盖差异或映射缺失；不表示功能不存在	保留未取得
RU820_RS00525	Rhea	本地EC查询无命中或EC不完整	本轮已补查当前全基因完整四级EC；无命中不等于宿主无反应	保留未取得
RU820_RS00535	KEGG afr	未关联到本地KEGG旧locus记录	旧同株组装覆盖差异或映射缺失；不表示功能不存在	保留未取得
RU820_RS00545	B1	旧locus未映射	当前基因存在；无法据此判断旧组装缺失或新基因	保留当前NCBI注释
RU820_RS00550	KEGG afr	未关联到本地KEGG旧locus记录	旧同株组装覆盖差异或映射缺失；不表示功能不存在	保留未取得
RU820_RS00555	KEGG afr	未关联到本地KEGG旧locus记录	旧同株组装覆盖差异或映射缺失；不表示功能不存在	保留未取得
RU820_RS00560	KEGG afr	未关联到本地KEGG旧locus记录	旧同株组装覆盖差异或映射缺失；不表示功能不存在	保留未取得
RU820_RS00565	KEGG afr	未关联到本地KEGG旧locus记录	旧同株组装覆盖差异或映射缺失；不表示功能不存在	保留未取得
RU820_RS00570	B1	旧locus未映射	当前基因存在；无法据此判断旧组装缺失或新基因	保留当前NCBI注释
RU820_RS00585	KEGG afr	未关联到本地KEGG旧locus记录	旧同株组装覆盖差异或映射缺失；不表示功能不存在	保留未取得
RU820_RS00590	KEGG afr	未关联到本地KEGG旧locus记录	旧同株组装覆盖差异或映射缺失；不表示功能不存在	保留未取得
RU820_RS00600	KEGG afr	未关联到本地KEGG旧locus记录	旧同株组装覆盖差异或映射缺失；不表示功能不存在	保留未取得
RU820_RS00620	KEGG afr	未关联到本地KEGG旧locus记录	旧同株组装覆盖差异或映射缺失；不表示功能不存在	保留未取得
RU820_RS00630	KEGG afr	未关联到本地KEGG旧locus记录	旧同株组装覆盖差异或映射缺失；不表示功能不存在	保留未取得
RU820_RS00635	KEGG afr	未关联到本地KEGG旧locus记录	旧同株组装覆盖差异或映射缺失；不表示功能不存在	保留未取得
RU820_RS00650	KEGG afr	未关联到本地KEGG旧locus记录	旧同株组装覆盖差异或映射缺失；不表示功能不存在	保留未取得
RU820_RS00660	KEGG afr	未关联到本地KEGG旧locus记录	旧同株组装覆盖差异或映射缺失；不表示功能不存在	保留未取得
RU820_RS00665	KEGG afr	未关联到本地KEGG旧locus记录	旧同株组装覆盖差异或映射缺失；不表示功能不存在	保留未取得
RU820_RS00670	B1	旧locus未映射	当前基因存在；无法据此判断旧组装缺失或新基因	保留当前NCBI注释
RU820_RS00695	B1	旧locus未映射	当前基因存在；无法据此判断旧组装缺失或新基因	保留当前NCBI注释
RU820_RS00700	KEGG afr	未关联到本地KEGG旧locus记录	旧同株组装覆盖差异或映射缺失；不表示功能不存在	保留未取得
RU820_RS00705	KEGG afr	未关联到本地KEGG旧locus记录	旧同株组装覆盖差异或映射缺失；不表示功能不存在	保留未取得
RU820_RS00715	KEGG afr	未关联到本地KEGG旧locus记录	旧同株组装覆盖差异或映射缺失；不表示功能不存在	保留未取得
RU820_RS00720	KEGG afr	未关联到本地KEGG旧locus记录	旧同株组装覆盖差异或映射缺失；不表示功能不存在	保留未取得
RU820_RS00735	KEGG afr	未关联到本地KEGG旧locus记录	旧同株组装覆盖差异或映射缺失；不表示功能不存在	保留未取得
RU820_RS00780	KEGG afr	未关联到本地KEGG旧locus记录	旧同株组装覆盖差异或映射缺失；不表示功能不存在	保留未取得
RU820_RS00790	KEGG afr	未关联到本地KEGG旧locus记录	旧同株组装覆盖差异或映射缺失；不表示功能不存在	保留未取得
RU820_RS00800	KEGG afr	未关联到本地KEGG旧locus记录	旧同株组装覆盖差异或映射缺失；不表示功能不存在	保留未取得
RU820_RS00805	KEGG afr	未关联到本地KEGG旧locus记录	旧同株组装覆盖差异或映射缺失；不表示功能不存在	保留未取得
RU820_RS00820	KEGG afr	未关联到本地KEGG旧locus记录	旧同株组装覆盖差异或映射缺失；不表示功能不存在	保留未取得
RU820_RS00830	Rhea	本地EC查询无命中或EC不完整	本轮已补查当前全基因完整四级EC；无命中不等于宿主无反应	保留未取得
RU820_RS00835	KEGG afr	未关联到本地KEGG旧locus记录	旧同株组装覆盖差异或映射缺失；不表示功能不存在	保留未取得
RU820_RS00850	Rhea	本地EC查询无命中或EC不完整	本轮已补查当前全基因完整四级EC；无命中不等于宿主无反应	保留未取得
RU820_RS00880	Rhea	本地EC查询无命中或EC不完整	本轮已补查当前全基因完整四级EC；无命中不等于宿主无反应	保留未取得
RU820_RS00890	Rhea	本地EC查询无命中或EC不完整	本轮已补查当前全基因完整四级EC；无命中不等于宿主无反应	保留未取得
RU820_RS00910	B1	旧locus未映射	当前基因存在；无法据此判断旧组装缺失或新基因	保留当前NCBI注释
RU820_RS00920	KEGG afr	未关联到本地KEGG旧locus记录	旧同株组装覆盖差异或映射缺失；不表示功能不存在	保留未取得
RU820_RS00920	Rhea	本地EC查询无命中或EC不完整	本轮已补查当前全基因完整四级EC；无命中不等于宿主无反应	保留未取得
RU820_RS00930	KEGG afr	未关联到本地KEGG旧locus记录	旧同株组装覆盖差异或映射缺失；不表示功能不存在	保留未取得
RU820_RS00955	KEGG afr	未关联到本地KEGG旧locus记录	旧同株组装覆盖差异或映射缺失；不表示功能不存在	保留未取得
RU820_RS00960	KEGG afr	未关联到本地KEGG旧locus记录	旧同株组装覆盖差异或映射缺失；不表示功能不存在	保留未取得
RU820_RS01005	B1	旧locus未映射	当前基因存在；无法据此判断旧组装缺失或新基因	保留当前NCBI注释
RU820_RS01025	Rhea	本地EC查询无命中或EC不完整	本轮已补查当前全基因完整四级EC；无命中不等于宿主无反应	保留未取得
RU820_RS01045	B1	旧locus未映射	当前基因存在；无法据此判断旧组装缺失或新基因	保留当前NCBI注释
RU820_RS01050	KEGG afr	未关联到本地KEGG旧locus记录	旧同株组装覆盖差异或映射缺失；不表示功能不存在	保留未取得
RU820_RS01060	B1	旧locus未映射	当前基因存在；无法据此判断旧组装缺失或新基因	保留当前NCBI注释
RU820_RS01075	B1	旧locus未映射	当前基因存在；无法据此判断旧组装缺失或新基因	保留当前NCBI注释
RU820_RS01080	Rhea	本地EC查询无命中或EC不完整	本轮已补查当前全基因完整四级EC；无命中不等于宿主无反应	保留未取得
RU820_RS01095	KEGG afr	未关联到本地KEGG旧locus记录	旧同株组装覆盖差异或映射缺失；不表示功能不存在	保留未取得
RU820_RS01100	KEGG afr	未关联到本地KEGG旧locus记录	旧同株组装覆盖差异或映射缺失；不表示功能不存在	保留未取得
RU820_RS01105	KEGG afr	未关联到本地KEGG旧locus记录	旧同株组装覆盖差异或映射缺失；不表示功能不存在	保留未取得
RU820_RS01110	KEGG afr	未关联到本地KEGG旧locus记录	旧同株组装覆盖差异或映射缺失；不表示功能不存在	保留未取得
RU820_RS01115	KEGG afr	未关联到本地KEGG旧locus记录	旧同株组装覆盖差异或映射缺失；不表示功能不存在	保留未取得
RU820_RS01120	KEGG afr	未关联到本地KEGG旧locus记录	旧同株组装覆盖差异或映射缺失；不表示功能不存在	保留未取得
RU820_RS01125	KEGG afr	未关联到本地KEGG旧locus记录	旧同株组装覆盖差异或映射缺失；不表示功能不存在	保留未取得
RU820_RS01135	KEGG afr	未关联到本地KEGG旧locus记录	旧同株组装覆盖差异或映射缺失；不表示功能不存在	保留未取得
RU820_RS01155	KEGG afr	未关联到本地KEGG旧locus记录	旧同株组装覆盖差异或映射缺失；不表示功能不存在	保留未取得
RU820_RS01165	KEGG afr	未关联到本地KEGG旧locus记录	旧同株组装覆盖差异或映射缺失；不表示功能不存在	保留未取得
RU820_RS01220	KEGG afr	未关联到本地KEGG旧locus记录	旧同株组装覆盖差异或映射缺失；不表示功能不存在	保留未取得
RU820_RS01225	B1	旧locus未映射	当前基因存在；无法据此判断旧组装缺失或新基因	保留当前NCBI注释
RU820_RS01230	KEGG afr	未关联到本地KEGG旧locus记录	旧同株组装覆盖差异或映射缺失；不表示功能不存在	保留未取得
RU820_RS01290	KEGG afr	未关联到本地KEGG旧locus记录	旧同株组装覆盖差异或映射缺失；不表示功能不存在	保留未取得
RU820_RS01300	KEGG afr	未关联到本地KEGG旧locus记录	旧同株组装覆盖差异或映射缺失；不表示功能不存在	保留未取得
RU820_RS01305	KEGG afr	未关联到本地KEGG旧locus记录	旧同株组装覆盖差异或映射缺失；不表示功能不存在	保留未取得
RU820_RS01310	KEGG afr	未关联到本地KEGG旧locus记录	旧同株组装覆盖差异或映射缺失；不表示功能不存在	保留未取得
RU820_RS01330	KEGG afr	未关联到本地KEGG旧locus记录	旧同株组装覆盖差异或映射缺失；不表示功能不存在	保留未取得
RU820_RS01340	KEGG afr	未关联到本地KEGG旧locus记录	旧同株组装覆盖差异或映射缺失；不表示功能不存在	保留未取得
RU820_RS01355	KEGG afr	未关联到本地KEGG旧locus记录	旧同株组装覆盖差异或映射缺失；不表示功能不存在	保留未取得
RU820_RS01390	KEGG afr	未关联到本地KEGG旧locus记录	旧同株组装覆盖差异或映射缺失；不表示功能不存在	保留未取得
RU820_RS01415	KEGG afr	未关联到本地KEGG旧locus记录	旧同株组装覆盖差异或映射缺失；不表示功能不存在	保留未取得
RU820_RS01425	KEGG afr	未关联到本地KEGG旧locus记录	旧同株组装覆盖差异或映射缺失；不表示功能不存在	保留未取得
RU820_RS01465	KEGG afr	未关联到本地KEGG旧locus记录	旧同株组装覆盖差异或映射缺失；不表示功能不存在	保留未取得
RU820_RS01475	KEGG afr	未关联到本地KEGG旧locus记录	旧同株组装覆盖差异或映射缺失；不表示功能不存在	保留未取得
RU820_RS01490	B1	旧locus未映射	当前基因存在；无法据此判断旧组装缺失或新基因	保留当前NCBI注释
RU820_RS01495	B1	旧locus未映射	当前基因存在；无法据此判断旧组装缺失或新基因	保留当前NCBI注释
RU820_RS01500	B1	旧locus未映射	当前基因存在；无法据此判断旧组装缺失或新基因	保留当前NCBI注释
RU820_RS01510	B1	旧locus未映射	当前基因存在；无法据此判断旧组装缺失或新基因	保留当前NCBI注释
RU820_RS01550	B1	旧locus未映射	当前基因存在；无法据此判断旧组装缺失或新基因	保留当前NCBI注释
RU820_RS01745	KEGG afr	未关联到本地KEGG旧locus记录	旧同株组装覆盖差异或映射缺失；不表示功能不存在	保留未取得
RU820_RS01750	KEGG afr	未关联到本地KEGG旧locus记录	旧同株组装覆盖差异或映射缺失；不表示功能不存在	保留未取得
RU820_RS01755	KEGG afr	未关联到本地KEGG旧locus记录	旧同株组装覆盖差异或映射缺失；不表示功能不存在	保留未取得
RU820_RS01815	KEGG afr	未关联到本地KEGG旧locus记录	旧同株组装覆盖差异或映射缺失；不表示功能不存在	保留未取得
RU820_RS01825	B1	旧locus未映射	当前基因存在；无法据此判断旧组装缺失或新基因	保留当前NCBI注释
RU820_RS01860	B1	旧locus未映射	当前基因存在；无法据此判断旧组装缺失或新基因	保留当前NCBI注释
RU820_RS01865	B1	旧locus未映射	当前基因存在；无法据此判断旧组装缺失或新基因	保留当前NCBI注释
RU820_RS01870	B1	旧locus未映射	当前基因存在；无法据此判断旧组装缺失或新基因	保留当前NCBI注释
RU820_RS01875	B1	旧locus未映射	当前基因存在；无法据此判断旧组装缺失或新基因	保留当前NCBI注释
RU820_RS01880	B1	旧locus未映射	当前基因存在；无法据此判断旧组装缺失或新基因	保留当前NCBI注释
RU820_RS01885	B1	旧locus未映射	当前基因存在；无法据此判断旧组装缺失或新基因	保留当前NCBI注释
RU820_RS01925	KEGG afr	未关联到本地KEGG旧locus记录	旧同株组装覆盖差异或映射缺失；不表示功能不存在	保留未取得
RU820_RS01935	KEGG afr	未关联到本地KEGG旧locus记录	旧同株组装覆盖差异或映射缺失；不表示功能不存在	保留未取得
RU820_RS01940	Rhea	本地EC查询无命中或EC不完整	本轮已补查当前全基因完整四级EC；无命中不等于宿主无反应	保留未取得
RU820_RS01985	KEGG afr	未关联到本地KEGG旧locus记录	旧同株组装覆盖差异或映射缺失；不表示功能不存在	保留未取得
RU820_RS01995	KEGG afr	未关联到本地KEGG旧locus记录	旧同株组装覆盖差异或映射缺失；不表示功能不存在	保留未取得
RU820_RS02020	B1	旧locus未映射	当前基因存在；无法据此判断旧组装缺失或新基因	保留当前NCBI注释
RU820_RS02025	KEGG afr	未关联到本地KEGG旧locus记录	旧同株组装覆盖差异或映射缺失；不表示功能不存在	保留未取得
RU820_RS02040	Rhea	本地EC查询无命中或EC不完整	本轮已补查当前全基因完整四级EC；无命中不等于宿主无反应	保留未取得
RU820_RS02065	KEGG afr	未关联到本地KEGG旧locus记录	旧同株组装覆盖差异或映射缺失；不表示功能不存在	保留未取得
RU820_RS02130	KEGG afr	未关联到本地KEGG旧locus记录	旧同株组装覆盖差异或映射缺失；不表示功能不存在	保留未取得
RU820_RS02145	KEGG afr	未关联到本地KEGG旧locus记录	旧同株组装覆盖差异或映射缺失；不表示功能不存在	保留未取得
RU820_RS02150	KEGG afr	未关联到本地KEGG旧locus记录	旧同株组装覆盖差异或映射缺失；不表示功能不存在	保留未取得
RU820_RS02160	KEGG afr	未关联到本地KEGG旧locus记录	旧同株组装覆盖差异或映射缺失；不表示功能不存在	保留未取得
RU820_RS02170	KEGG afr	未关联到本地KEGG旧locus记录	旧同株组装覆盖差异或映射缺失；不表示功能不存在	保留未取得
RU820_RS02175	Rhea	本地EC查询无命中或EC不完整	本轮已补查当前全基因完整四级EC；无命中不等于宿主无反应	保留未取得
RU820_RS02205	KEGG afr	未关联到本地KEGG旧locus记录	旧同株组装覆盖差异或映射缺失；不表示功能不存在	保留未取得
RU820_RS02230	KEGG afr	未关联到本地KEGG旧locus记录	旧同株组装覆盖差异或映射缺失；不表示功能不存在	保留未取得
RU820_RS02245	B1	旧locus未映射	当前基因存在；无法据此判断旧组装缺失或新基因	保留当前NCBI注释
RU820_RS02250	KEGG afr	未关联到本地KEGG旧locus记录	旧同株组装覆盖差异或映射缺失；不表示功能不存在	保留未取得
RU820_RS02260	KEGG afr	未关联到本地KEGG旧locus记录	旧同株组装覆盖差异或映射缺失；不表示功能不存在	保留未取得
RU820_RS02280	KEGG afr	未关联到本地KEGG旧locus记录	旧同株组装覆盖差异或映射缺失；不表示功能不存在	保留未取得
RU820_RS02300	KEGG afr	未关联到本地KEGG旧locus记录	旧同株组装覆盖差异或映射缺失；不表示功能不存在	保留未取得
RU820_RS02360	KEGG afr	未关联到本地KEGG旧locus记录	旧同株组装覆盖差异或映射缺失；不表示功能不存在	保留未取得
RU820_RS02365	KEGG afr	未关联到本地KEGG旧locus记录	旧同株组装覆盖差异或映射缺失；不表示功能不存在	保留未取得
RU820_RS02390	KEGG afr	未关联到本地KEGG旧locus记录	旧同株组装覆盖差异或映射缺失；不表示功能不存在	保留未取得
RU820_RS02395	B1	旧locus未映射	当前基因存在；无法据此判断旧组装缺失或新基因	保留当前NCBI注释
RU820_RS02400	B1	旧locus未映射	当前基因存在；无法据此判断旧组装缺失或新基因	保留当前NCBI注释
RU820_RS02405	KEGG afr	未关联到本地KEGG旧locus记录	旧同株组装覆盖差异或映射缺失；不表示功能不存在	保留未取得
RU820_RS02410	B1	旧locus未映射	当前基因存在；无法据此判断旧组装缺失或新基因	保留当前NCBI注释
RU820_RS02415	B1	旧locus未映射	当前基因存在；无法据此判断旧组装缺失或新基因	保留当前NCBI注释
RU820_RS02420	KEGG afr	未关联到本地KEGG旧locus记录	旧同株组装覆盖差异或映射缺失；不表示功能不存在	保留未取得
RU820_RS02425	KEGG afr	未关联到本地KEGG旧locus记录	旧同株组装覆盖差异或映射缺失；不表示功能不存在	保留未取得
RU820_RS02430	KEGG afr	未关联到本地KEGG旧locus记录	旧同株组装覆盖差异或映射缺失；不表示功能不存在	保留未取得
RU820_RS02435	KEGG afr	未关联到本地KEGG旧locus记录	旧同株组装覆盖差异或映射缺失；不表示功能不存在	保留未取得
RU820_RS02440	KEGG afr	未关联到本地KEGG旧locus记录	旧同株组装覆盖差异或映射缺失；不表示功能不存在	保留未取得
RU820_RS02445	KEGG afr	未关联到本地KEGG旧locus记录	旧同株组装覆盖差异或映射缺失；不表示功能不存在	保留未取得
RU820_RS02450	KEGG afr	未关联到本地KEGG旧locus记录	旧同株组装覆盖差异或映射缺失；不表示功能不存在	保留未取得
RU820_RS02460	KEGG afr	未关联到本地KEGG旧locus记录	旧同株组装覆盖差异或映射缺失；不表示功能不存在	保留未取得
RU820_RS02470	KEGG afr	未关联到本地KEGG旧locus记录	旧同株组装覆盖差异或映射缺失；不表示功能不存在	保留未取得
RU820_RS02480	KEGG afr	未关联到本地KEGG旧locus记录	旧同株组装覆盖差异或映射缺失；不表示功能不存在	保留未取得
RU820_RS02485	KEGG afr	未关联到本地KEGG旧locus记录	旧同株组装覆盖差异或映射缺失；不表示功能不存在	保留未取得
RU820_RS02495	KEGG afr	未关联到本地KEGG旧locus记录	旧同株组装覆盖差异或映射缺失；不表示功能不存在	保留未取得
RU820_RS02500	B1	旧locus未映射	当前基因存在；无法据此判断旧组装缺失或新基因	保留当前NCBI注释
RU820_RS02505	KEGG afr	未关联到本地KEGG旧locus记录	旧同株组装覆盖差异或映射缺失；不表示功能不存在	保留未取得
RU820_RS02510	B1	旧locus未映射	当前基因存在；无法据此判断旧组装缺失或新基因	保留当前NCBI注释
RU820_RS02515	KEGG afr	未关联到本地KEGG旧locus记录	旧同株组装覆盖差异或映射缺失；不表示功能不存在	保留未取得
RU820_RS02525	Rhea	本地EC查询无命中或EC不完整	本轮已补查当前全基因完整四级EC；无命中不等于宿主无反应	保留未取得
RU820_RS02540	KEGG afr	未关联到本地KEGG旧locus记录	旧同株组装覆盖差异或映射缺失；不表示功能不存在	保留未取得
RU820_RS02545	Rhea	本地EC查询无命中或EC不完整	本轮已补查当前全基因完整四级EC；无命中不等于宿主无反应	保留未取得
RU820_RS02565	KEGG afr	未关联到本地KEGG旧locus记录	旧同株组装覆盖差异或映射缺失；不表示功能不存在	保留未取得
RU820_RS02570	KEGG afr	未关联到本地KEGG旧locus记录	旧同株组装覆盖差异或映射缺失；不表示功能不存在	保留未取得
RU820_RS02605	KEGG afr	未关联到本地KEGG旧locus记录	旧同株组装覆盖差异或映射缺失；不表示功能不存在	保留未取得
RU820_RS02610	KEGG afr	未关联到本地KEGG旧locus记录	旧同株组装覆盖差异或映射缺失；不表示功能不存在	保留未取得
RU820_RS02620	KEGG afr	未关联到本地KEGG旧locus记录	旧同株组装覆盖差异或映射缺失；不表示功能不存在	保留未取得
RU820_RS02635	KEGG afr	未关联到本地KEGG旧locus记录	旧同株组装覆盖差异或映射缺失；不表示功能不存在	保留未取得
RU820_RS02640	B1	旧locus未映射	当前基因存在；无法据此判断旧组装缺失或新基因	保留当前NCBI注释
RU820_RS02645	KEGG afr	未关联到本地KEGG旧locus记录	旧同株组装覆盖差异或映射缺失；不表示功能不存在	保留未取得
RU820_RS02660	B1	旧locus未映射	当前基因存在；无法据此判断旧组装缺失或新基因	保留当前NCBI注释
RU820_RS02675	KEGG afr	未关联到本地KEGG旧locus记录	旧同株组装覆盖差异或映射缺失；不表示功能不存在	保留未取得
RU820_RS02680	KEGG afr	未关联到本地KEGG旧locus记录	旧同株组装覆盖差异或映射缺失；不表示功能不存在	保留未取得
RU820_RS02685	Rhea	本地EC查询无命中或EC不完整	本轮已补查当前全基因完整四级EC；无命中不等于宿主无反应	保留未取得
RU820_RS02700	KEGG afr	未关联到本地KEGG旧locus记录	旧同株组装覆盖差异或映射缺失；不表示功能不存在	保留未取得
RU820_RS02710	KEGG afr	未关联到本地KEGG旧locus记录	旧同株组装覆盖差异或映射缺失；不表示功能不存在	保留未取得
RU820_RS02715	KEGG afr	未关联到本地KEGG旧locus记录	旧同株组装覆盖差异或映射缺失；不表示功能不存在	保留未取得
RU820_RS02735	KEGG afr	未关联到本地KEGG旧locus记录	旧同株组装覆盖差异或映射缺失；不表示功能不存在	保留未取得
RU820_RS02740	KEGG afr	未关联到本地KEGG旧locus记录	旧同株组装覆盖差异或映射缺失；不表示功能不存在	保留未取得
RU820_RS02750	KEGG afr	未关联到本地KEGG旧locus记录	旧同株组装覆盖差异或映射缺失；不表示功能不存在	保留未取得
RU820_RS02760	KEGG afr	未关联到本地KEGG旧locus记录	旧同株组装覆盖差异或映射缺失；不表示功能不存在	保留未取得
RU820_RS02795	B1	旧locus未映射	当前基因存在；无法据此判断旧组装缺失或新基因	保留当前NCBI注释
RU820_RS02800	KEGG afr	未关联到本地KEGG旧locus记录	旧同株组装覆盖差异或映射缺失；不表示功能不存在	保留未取得
RU820_RS02805	KEGG afr	未关联到本地KEGG旧locus记录	旧同株组装覆盖差异或映射缺失；不表示功能不存在	保留未取得
RU820_RS02810	KEGG afr	未关联到本地KEGG旧locus记录	旧同株组装覆盖差异或映射缺失；不表示功能不存在	保留未取得
RU820_RS02815	KEGG afr	未关联到本地KEGG旧locus记录	旧同株组装覆盖差异或映射缺失；不表示功能不存在	保留未取得
RU820_RS02820	B1	旧locus未映射	当前基因存在；无法据此判断旧组装缺失或新基因	保留当前NCBI注释
RU820_RS02825	KEGG afr	未关联到本地KEGG旧locus记录	旧同株组装覆盖差异或映射缺失；不表示功能不存在	保留未取得
RU820_RS02830	B1	旧locus未映射	当前基因存在；无法据此判断旧组装缺失或新基因	保留当前NCBI注释
RU820_RS02835	B1	旧locus未映射	当前基因存在；无法据此判断旧组装缺失或新基因	保留当前NCBI注释
RU820_RS02840	KEGG afr	未关联到本地KEGG旧locus记录	旧同株组装覆盖差异或映射缺失；不表示功能不存在	保留未取得
RU820_RS02845	Rhea	本地EC查询无命中或EC不完整	本轮已补查当前全基因完整四级EC；无命中不等于宿主无反应	保留未取得
RU820_RS02875	KEGG afr	未关联到本地KEGG旧locus记录	旧同株组装覆盖差异或映射缺失；不表示功能不存在	保留未取得
RU820_RS02905	Rhea	本地EC查询无命中或EC不完整	本轮已补查当前全基因完整四级EC；无命中不等于宿主无反应	保留未取得
RU820_RS02930	KEGG afr	未关联到本地KEGG旧locus记录	旧同株组装覆盖差异或映射缺失；不表示功能不存在	保留未取得
RU820_RS02935	KEGG afr	未关联到本地KEGG旧locus记录	旧同株组装覆盖差异或映射缺失；不表示功能不存在	保留未取得
RU820_RS02945	B1	旧locus未映射	当前基因存在；无法据此判断旧组装缺失或新基因	保留当前NCBI注释
RU820_RS02950	KEGG afr	未关联到本地KEGG旧locus记录	旧同株组装覆盖差异或映射缺失；不表示功能不存在	保留未取得
RU820_RS02955	KEGG afr	未关联到本地KEGG旧locus记录	旧同株组装覆盖差异或映射缺失；不表示功能不存在	保留未取得
RU820_RS02960	B1	旧locus未映射	当前基因存在；无法据此判断旧组装缺失或新基因	保留当前NCBI注释
RU820_RS02965	KEGG afr	未关联到本地KEGG旧locus记录	旧同株组装覆盖差异或映射缺失；不表示功能不存在	保留未取得
RU820_RS02970	KEGG afr	未关联到本地KEGG旧locus记录	旧同株组装覆盖差异或映射缺失；不表示功能不存在	保留未取得
RU820_RS02975	KEGG afr	未关联到本地KEGG旧locus记录	旧同株组装覆盖差异或映射缺失；不表示功能不存在	保留未取得
RU820_RS02990	KEGG afr	未关联到本地KEGG旧locus记录	旧同株组装覆盖差异或映射缺失；不表示功能不存在	保留未取得
RU820_RS02995	KEGG afr	未关联到本地KEGG旧locus记录	旧同株组装覆盖差异或映射缺失；不表示功能不存在	保留未取得
RU820_RS03000	KEGG afr	未关联到本地KEGG旧locus记录	旧同株组装覆盖差异或映射缺失；不表示功能不存在	保留未取得
RU820_RS03005	KEGG afr	未关联到本地KEGG旧locus记录	旧同株组装覆盖差异或映射缺失；不表示功能不存在	保留未取得
RU820_RS03010	KEGG afr	未关联到本地KEGG旧locus记录	旧同株组装覆盖差异或映射缺失；不表示功能不存在	保留未取得
RU820_RS03025	KEGG afr	未关联到本地KEGG旧locus记录	旧同株组装覆盖差异或映射缺失；不表示功能不存在	保留未取得
RU820_RS03040	KEGG afr	未关联到本地KEGG旧locus记录	旧同株组装覆盖差异或映射缺失；不表示功能不存在	保留未取得
RU820_RS03070	KEGG afr	未关联到本地KEGG旧locus记录	旧同株组装覆盖差异或映射缺失；不表示功能不存在	保留未取得
RU820_RS03095	KEGG afr	未关联到本地KEGG旧locus记录	旧同株组装覆盖差异或映射缺失；不表示功能不存在	保留未取得
RU820_RS03110	KEGG afr	未关联到本地KEGG旧locus记录	旧同株组装覆盖差异或映射缺失；不表示功能不存在	保留未取得
RU820_RS03135	KEGG afr	未关联到本地KEGG旧locus记录	旧同株组装覆盖差异或映射缺失；不表示功能不存在	保留未取得
RU820_RS03140	KEGG afr	未关联到本地KEGG旧locus记录	旧同株组装覆盖差异或映射缺失；不表示功能不存在	保留未取得
RU820_RS03145	KEGG afr	未关联到本地KEGG旧locus记录	旧同株组装覆盖差异或映射缺失；不表示功能不存在	保留未取得
RU820_RS03155	KEGG afr	未关联到本地KEGG旧locus记录	旧同株组装覆盖差异或映射缺失；不表示功能不存在	保留未取得
RU820_RS03170	B1	旧locus未映射	当前基因存在；无法据此判断旧组装缺失或新基因	保留当前NCBI注释
RU820_RS03180	B1	旧locus未映射	当前基因存在；无法据此判断旧组装缺失或新基因	保留当前NCBI注释
RU820_RS03195	KEGG afr	未关联到本地KEGG旧locus记录	旧同株组装覆盖差异或映射缺失；不表示功能不存在	保留未取得
RU820_RS03205	KEGG afr	未关联到本地KEGG旧locus记录	旧同株组装覆盖差异或映射缺失；不表示功能不存在	保留未取得
RU820_RS03245	B1	旧locus未映射	当前基因存在；无法据此判断旧组装缺失或新基因	保留当前NCBI注释
RU820_RS03275	Rhea	本地EC查询无命中或EC不完整	本轮已补查当前全基因完整四级EC；无命中不等于宿主无反应	保留未取得
RU820_RS03285	KEGG afr	未关联到本地KEGG旧locus记录	旧同株组装覆盖差异或映射缺失；不表示功能不存在	保留未取得
RU820_RS03300	KEGG afr	未关联到本地KEGG旧locus记录	旧同株组装覆盖差异或映射缺失；不表示功能不存在	保留未取得
RU820_RS03305	Rhea	本地EC查询无命中或EC不完整	本轮已补查当前全基因完整四级EC；无命中不等于宿主无反应	保留未取得
RU820_RS03315	KEGG afr	未关联到本地KEGG旧locus记录	旧同株组装覆盖差异或映射缺失；不表示功能不存在	保留未取得
RU820_RS03320	Rhea	本地EC查询无命中或EC不完整	本轮已补查当前全基因完整四级EC；无命中不等于宿主无反应	保留未取得
RU820_RS03325	KEGG afr	未关联到本地KEGG旧locus记录	旧同株组装覆盖差异或映射缺失；不表示功能不存在	保留未取得
RU820_RS03340	KEGG afr	未关联到本地KEGG旧locus记录	旧同株组装覆盖差异或映射缺失；不表示功能不存在	保留未取得
RU820_RS03345	KEGG afr	未关联到本地KEGG旧locus记录	旧同株组装覆盖差异或映射缺失；不表示功能不存在	保留未取得
RU820_RS03390	KEGG afr	未关联到本地KEGG旧locus记录	旧同株组装覆盖差异或映射缺失；不表示功能不存在	保留未取得
RU820_RS03395	B1	旧locus未映射	当前基因存在；无法据此判断旧组装缺失或新基因	保留当前NCBI注释
RU820_RS03405	KEGG afr	未关联到本地KEGG旧locus记录	旧同株组装覆盖差异或映射缺失；不表示功能不存在	保留未取得
RU820_RS03410	KEGG afr	未关联到本地KEGG旧locus记录	旧同株组装覆盖差异或映射缺失；不表示功能不存在	保留未取得
RU820_RS03415	KEGG afr	未关联到本地KEGG旧locus记录	旧同株组装覆盖差异或映射缺失；不表示功能不存在	保留未取得
RU820_RS03420	KEGG afr	未关联到本地KEGG旧locus记录	旧同株组装覆盖差异或映射缺失；不表示功能不存在	保留未取得
RU820_RS03425	KEGG afr	未关联到本地KEGG旧locus记录	旧同株组装覆盖差异或映射缺失；不表示功能不存在	保留未取得
RU820_RS03430	KEGG afr	未关联到本地KEGG旧locus记录	旧同株组装覆盖差异或映射缺失；不表示功能不存在	保留未取得
RU820_RS03470	KEGG afr	未关联到本地KEGG旧locus记录	旧同株组装覆盖差异或映射缺失；不表示功能不存在	保留未取得
RU820_RS03500	KEGG afr	未关联到本地KEGG旧locus记录	旧同株组装覆盖差异或映射缺失；不表示功能不存在	保留未取得
RU820_RS03545	B1	旧locus未映射	当前基因存在；无法据此判断旧组装缺失或新基因	保留当前NCBI注释
RU820_RS03575	B1	旧locus未映射	当前基因存在；无法据此判断旧组装缺失或新基因	保留当前NCBI注释
RU820_RS03580	KEGG afr	未关联到本地KEGG旧locus记录	旧同株组装覆盖差异或映射缺失；不表示功能不存在	保留未取得
RU820_RS03585	KEGG afr	未关联到本地KEGG旧locus记录	旧同株组装覆盖差异或映射缺失；不表示功能不存在	保留未取得
RU820_RS03600	B1	旧locus未映射	当前基因存在；无法据此判断旧组装缺失或新基因	保留当前NCBI注释
RU820_RS03625	KEGG afr	未关联到本地KEGG旧locus记录	旧同株组装覆盖差异或映射缺失；不表示功能不存在	保留未取得
RU820_RS03640	KEGG afr	未关联到本地KEGG旧locus记录	旧同株组装覆盖差异或映射缺失；不表示功能不存在	保留未取得
RU820_RS03650	Rhea	本地EC查询无命中或EC不完整	本轮已补查当前全基因完整四级EC；无命中不等于宿主无反应	保留未取得
RU820_RS03660	KEGG afr	未关联到本地KEGG旧locus记录	旧同株组装覆盖差异或映射缺失；不表示功能不存在	保留未取得
RU820_RS03665	KEGG afr	未关联到本地KEGG旧locus记录	旧同株组装覆盖差异或映射缺失；不表示功能不存在	保留未取得
RU820_RS03670	KEGG afr	未关联到本地KEGG旧locus记录	旧同株组装覆盖差异或映射缺失；不表示功能不存在	保留未取得
RU820_RS03685	KEGG afr	未关联到本地KEGG旧locus记录	旧同株组装覆盖差异或映射缺失；不表示功能不存在	保留未取得
RU820_RS03720	B1	旧locus未映射	当前基因存在；无法据此判断旧组装缺失或新基因	保留当前NCBI注释
RU820_RS03725	KEGG afr	未关联到本地KEGG旧locus记录	旧同株组装覆盖差异或映射缺失；不表示功能不存在	保留未取得
RU820_RS03735	KEGG afr	未关联到本地KEGG旧locus记录	旧同株组装覆盖差异或映射缺失；不表示功能不存在	保留未取得
RU820_RS03740	KEGG afr	未关联到本地KEGG旧locus记录	旧同株组装覆盖差异或映射缺失；不表示功能不存在	保留未取得
RU820_RS03755	KEGG afr	未关联到本地KEGG旧locus记录	旧同株组装覆盖差异或映射缺失；不表示功能不存在	保留未取得
RU820_RS03765	KEGG afr	未关联到本地KEGG旧locus记录	旧同株组装覆盖差异或映射缺失；不表示功能不存在	保留未取得
RU820_RS03770	KEGG afr	未关联到本地KEGG旧locus记录	旧同株组装覆盖差异或映射缺失；不表示功能不存在	保留未取得
RU820_RS03785	B1	旧locus未映射	当前基因存在；无法据此判断旧组装缺失或新基因	保留当前NCBI注释
RU820_RS03790	KEGG afr	未关联到本地KEGG旧locus记录	旧同株组装覆盖差异或映射缺失；不表示功能不存在	保留未取得
RU820_RS03800	KEGG afr	未关联到本地KEGG旧locus记录	旧同株组装覆盖差异或映射缺失；不表示功能不存在	保留未取得
RU820_RS03805	KEGG afr	未关联到本地KEGG旧locus记录	旧同株组装覆盖差异或映射缺失；不表示功能不存在	保留未取得
RU820_RS03820	KEGG afr	未关联到本地KEGG旧locus记录	旧同株组装覆盖差异或映射缺失；不表示功能不存在	保留未取得
RU820_RS03825	KEGG afr	未关联到本地KEGG旧locus记录	旧同株组装覆盖差异或映射缺失；不表示功能不存在	保留未取得
RU820_RS03830	B1	旧locus未映射	当前基因存在；无法据此判断旧组装缺失或新基因	保留当前NCBI注释
RU820_RS03840	B1	旧locus未映射	当前基因存在；无法据此判断旧组装缺失或新基因	保留当前NCBI注释
RU820_RS03850	KEGG afr	未关联到本地KEGG旧locus记录	旧同株组装覆盖差异或映射缺失；不表示功能不存在	保留未取得
RU820_RS03855	KEGG afr	未关联到本地KEGG旧locus记录	旧同株组装覆盖差异或映射缺失；不表示功能不存在	保留未取得
RU820_RS03860	KEGG afr	未关联到本地KEGG旧locus记录	旧同株组装覆盖差异或映射缺失；不表示功能不存在	保留未取得
RU820_RS03865	B1	旧locus未映射	当前基因存在；无法据此判断旧组装缺失或新基因	保留当前NCBI注释
RU820_RS03870	KEGG afr	未关联到本地KEGG旧locus记录	旧同株组装覆盖差异或映射缺失；不表示功能不存在	保留未取得
RU820_RS03875	KEGG afr	未关联到本地KEGG旧locus记录	旧同株组装覆盖差异或映射缺失；不表示功能不存在	保留未取得
RU820_RS03880	KEGG afr	未关联到本地KEGG旧locus记录	旧同株组装覆盖差异或映射缺失；不表示功能不存在	保留未取得
RU820_RS03885	KEGG afr	未关联到本地KEGG旧locus记录	旧同株组装覆盖差异或映射缺失；不表示功能不存在	保留未取得
RU820_RS03900	KEGG afr	未关联到本地KEGG旧locus记录	旧同株组装覆盖差异或映射缺失；不表示功能不存在	保留未取得
RU820_RS03910	KEGG afr	未关联到本地KEGG旧locus记录	旧同株组装覆盖差异或映射缺失；不表示功能不存在	保留未取得
RU820_RS03925	KEGG afr	未关联到本地KEGG旧locus记录	旧同株组装覆盖差异或映射缺失；不表示功能不存在	保留未取得
RU820_RS03930	KEGG afr	未关联到本地KEGG旧locus记录	旧同株组装覆盖差异或映射缺失；不表示功能不存在	保留未取得
RU820_RS03940	B1	旧locus未映射	当前基因存在；无法据此判断旧组装缺失或新基因	保留当前NCBI注释
RU820_RS03950	KEGG afr	未关联到本地KEGG旧locus记录	旧同株组装覆盖差异或映射缺失；不表示功能不存在	保留未取得
RU820_RS03955	KEGG afr	未关联到本地KEGG旧locus记录	旧同株组装覆盖差异或映射缺失；不表示功能不存在	保留未取得
RU820_RS03960	B1	旧locus未映射	当前基因存在；无法据此判断旧组装缺失或新基因	保留当前NCBI注释
RU820_RS03975	KEGG afr	未关联到本地KEGG旧locus记录	旧同株组装覆盖差异或映射缺失；不表示功能不存在	保留未取得
RU820_RS03980	Rhea	本地EC查询无命中或EC不完整	本轮已补查当前全基因完整四级EC；无命中不等于宿主无反应	保留未取得
RU820_RS03985	KEGG afr	未关联到本地KEGG旧locus记录	旧同株组装覆盖差异或映射缺失；不表示功能不存在	保留未取得
RU820_RS03995	KEGG afr	未关联到本地KEGG旧locus记录	旧同株组装覆盖差异或映射缺失；不表示功能不存在	保留未取得
RU820_RS04005	KEGG afr	未关联到本地KEGG旧locus记录	旧同株组装覆盖差异或映射缺失；不表示功能不存在	保留未取得
RU820_RS04015	KEGG afr	未关联到本地KEGG旧locus记录	旧同株组装覆盖差异或映射缺失；不表示功能不存在	保留未取得
RU820_RS04020	KEGG afr	未关联到本地KEGG旧locus记录	旧同株组装覆盖差异或映射缺失；不表示功能不存在	保留未取得
RU820_RS04025	KEGG afr	未关联到本地KEGG旧locus记录	旧同株组装覆盖差异或映射缺失；不表示功能不存在	保留未取得
RU820_RS04030	Rhea	本地EC查询无命中或EC不完整	本轮已补查当前全基因完整四级EC；无命中不等于宿主无反应	保留未取得
RU820_RS04035	KEGG afr	未关联到本地KEGG旧locus记录	旧同株组装覆盖差异或映射缺失；不表示功能不存在	保留未取得
RU820_RS04040	B1	旧locus未映射	当前基因存在；无法据此判断旧组装缺失或新基因	保留当前NCBI注释
RU820_RS04045	Rhea	本地EC查询无命中或EC不完整	本轮已补查当前全基因完整四级EC；无命中不等于宿主无反应	保留未取得
RU820_RS04080	KEGG afr	未关联到本地KEGG旧locus记录	旧同株组装覆盖差异或映射缺失；不表示功能不存在	保留未取得
RU820_RS04085	Rhea	本地EC查询无命中或EC不完整	本轮已补查当前全基因完整四级EC；无命中不等于宿主无反应	保留未取得
RU820_RS04095	B1	旧locus未映射	当前基因存在；无法据此判断旧组装缺失或新基因	保留当前NCBI注释
RU820_RS04100	B1	旧locus未映射	当前基因存在；无法据此判断旧组装缺失或新基因	保留当前NCBI注释
RU820_RS04110	KEGG afr	未关联到本地KEGG旧locus记录	旧同株组装覆盖差异或映射缺失；不表示功能不存在	保留未取得
RU820_RS04130	KEGG afr	未关联到本地KEGG旧locus记录	旧同株组装覆盖差异或映射缺失；不表示功能不存在	保留未取得
RU820_RS04150	KEGG afr	未关联到本地KEGG旧locus记录	旧同株组装覆盖差异或映射缺失；不表示功能不存在	保留未取得
RU820_RS04155	KEGG afr	未关联到本地KEGG旧locus记录	旧同株组装覆盖差异或映射缺失；不表示功能不存在	保留未取得
RU820_RS04160	KEGG afr	未关联到本地KEGG旧locus记录	旧同株组装覆盖差异或映射缺失；不表示功能不存在	保留未取得
RU820_RS04165	B1	旧locus未映射	当前基因存在；无法据此判断旧组装缺失或新基因	保留当前NCBI注释
RU820_RS04170	B1	旧locus未映射	当前基因存在；无法据此判断旧组装缺失或新基因	保留当前NCBI注释
RU820_RS04190	Rhea	本地EC查询无命中或EC不完整	本轮已补查当前全基因完整四级EC；无命中不等于宿主无反应	保留未取得
RU820_RS04195	KEGG afr	未关联到本地KEGG旧locus记录	旧同株组装覆盖差异或映射缺失；不表示功能不存在	保留未取得
RU820_RS04200	B1	旧locus未映射	当前基因存在；无法据此判断旧组装缺失或新基因	保留当前NCBI注释
RU820_RS04210	KEGG afr	未关联到本地KEGG旧locus记录	旧同株组装覆盖差异或映射缺失；不表示功能不存在	保留未取得
RU820_RS04215	KEGG afr	未关联到本地KEGG旧locus记录	旧同株组装覆盖差异或映射缺失；不表示功能不存在	保留未取得
RU820_RS04220	KEGG afr	未关联到本地KEGG旧locus记录	旧同株组装覆盖差异或映射缺失；不表示功能不存在	保留未取得
RU820_RS04225	KEGG afr	未关联到本地KEGG旧locus记录	旧同株组装覆盖差异或映射缺失；不表示功能不存在	保留未取得
RU820_RS04230	B1	旧locus未映射	当前基因存在；无法据此判断旧组装缺失或新基因	保留当前NCBI注释
RU820_RS04240	B1	旧locus未映射	当前基因存在；无法据此判断旧组装缺失或新基因	保留当前NCBI注释
RU820_RS04245	KEGG afr	未关联到本地KEGG旧locus记录	旧同株组装覆盖差异或映射缺失；不表示功能不存在	保留未取得
RU820_RS04250	KEGG afr	未关联到本地KEGG旧locus记录	旧同株组装覆盖差异或映射缺失；不表示功能不存在	保留未取得
RU820_RS04255	KEGG afr	未关联到本地KEGG旧locus记录	旧同株组装覆盖差异或映射缺失；不表示功能不存在	保留未取得
RU820_RS04260	KEGG afr	未关联到本地KEGG旧locus记录	旧同株组装覆盖差异或映射缺失；不表示功能不存在	保留未取得
RU820_RS04265	KEGG afr	未关联到本地KEGG旧locus记录	旧同株组装覆盖差异或映射缺失；不表示功能不存在	保留未取得
RU820_RS04270	KEGG afr	未关联到本地KEGG旧locus记录	旧同株组装覆盖差异或映射缺失；不表示功能不存在	保留未取得
RU820_RS04275	KEGG afr	未关联到本地KEGG旧locus记录	旧同株组装覆盖差异或映射缺失；不表示功能不存在	保留未取得
RU820_RS04290	B1	旧locus未映射	当前基因存在；无法据此判断旧组装缺失或新基因	保留当前NCBI注释
RU820_RS04305	Rhea	本地EC查询无命中或EC不完整	本轮已补查当前全基因完整四级EC；无命中不等于宿主无反应	保留未取得
RU820_RS04380	Rhea	本地EC查询无命中或EC不完整	本轮已补查当前全基因完整四级EC；无命中不等于宿主无反应	保留未取得
RU820_RS04385	Rhea	本地EC查询无命中或EC不完整	本轮已补查当前全基因完整四级EC；无命中不等于宿主无反应	保留未取得
RU820_RS04390	B1	旧locus未映射	当前基因存在；无法据此判断旧组装缺失或新基因	保留当前NCBI注释
RU820_RS04400	B1	旧locus未映射	当前基因存在；无法据此判断旧组装缺失或新基因	保留当前NCBI注释
RU820_RS04405	B1	旧locus未映射	当前基因存在；无法据此判断旧组装缺失或新基因	保留当前NCBI注释
RU820_RS04415	KEGG afr	未关联到本地KEGG旧locus记录	旧同株组装覆盖差异或映射缺失；不表示功能不存在	保留未取得
RU820_RS04420	KEGG afr	未关联到本地KEGG旧locus记录	旧同株组装覆盖差异或映射缺失；不表示功能不存在	保留未取得
RU820_RS04425	KEGG afr	未关联到本地KEGG旧locus记录	旧同株组装覆盖差异或映射缺失；不表示功能不存在	保留未取得
RU820_RS04430	KEGG afr	未关联到本地KEGG旧locus记录	旧同株组装覆盖差异或映射缺失；不表示功能不存在	保留未取得
RU820_RS04435	KEGG afr	未关联到本地KEGG旧locus记录	旧同株组装覆盖差异或映射缺失；不表示功能不存在	保留未取得
RU820_RS04450	Rhea	本地EC查询无命中或EC不完整	本轮已补查当前全基因完整四级EC；无命中不等于宿主无反应	保留未取得
RU820_RS04455	Rhea	本地EC查询无命中或EC不完整	本轮已补查当前全基因完整四级EC；无命中不等于宿主无反应	保留未取得
RU820_RS04460	Rhea	本地EC查询无命中或EC不完整	本轮已补查当前全基因完整四级EC；无命中不等于宿主无反应	保留未取得
RU820_RS04480	Rhea	本地EC查询无命中或EC不完整	本轮已补查当前全基因完整四级EC；无命中不等于宿主无反应	保留未取得
RU820_RS04495	KEGG afr	未关联到本地KEGG旧locus记录	旧同株组装覆盖差异或映射缺失；不表示功能不存在	保留未取得
RU820_RS04505	KEGG afr	未关联到本地KEGG旧locus记录	旧同株组装覆盖差异或映射缺失；不表示功能不存在	保留未取得
RU820_RS04510	KEGG afr	未关联到本地KEGG旧locus记录	旧同株组装覆盖差异或映射缺失；不表示功能不存在	保留未取得
RU820_RS04515	KEGG afr	未关联到本地KEGG旧locus记录	旧同株组装覆盖差异或映射缺失；不表示功能不存在	保留未取得
RU820_RS04520	KEGG afr	未关联到本地KEGG旧locus记录	旧同株组装覆盖差异或映射缺失；不表示功能不存在	保留未取得
RU820_RS04525	B1	旧locus未映射	当前基因存在；无法据此判断旧组装缺失或新基因	保留当前NCBI注释
RU820_RS04530	KEGG afr	未关联到本地KEGG旧locus记录	旧同株组装覆盖差异或映射缺失；不表示功能不存在	保留未取得
RU820_RS04540	KEGG afr	未关联到本地KEGG旧locus记录	旧同株组装覆盖差异或映射缺失；不表示功能不存在	保留未取得
RU820_RS04545	KEGG afr	未关联到本地KEGG旧locus记录	旧同株组装覆盖差异或映射缺失；不表示功能不存在	保留未取得
RU820_RS04550	B1	旧locus未映射	当前基因存在；无法据此判断旧组装缺失或新基因	保留当前NCBI注释
RU820_RS04555	KEGG afr	未关联到本地KEGG旧locus记录	旧同株组装覆盖差异或映射缺失；不表示功能不存在	保留未取得
RU820_RS04560	KEGG afr	未关联到本地KEGG旧locus记录	旧同株组装覆盖差异或映射缺失；不表示功能不存在	保留未取得
RU820_RS04570	KEGG afr	未关联到本地KEGG旧locus记录	旧同株组装覆盖差异或映射缺失；不表示功能不存在	保留未取得
RU820_RS04585	KEGG afr	未关联到本地KEGG旧locus记录	旧同株组装覆盖差异或映射缺失；不表示功能不存在	保留未取得
RU820_RS04590	KEGG afr	未关联到本地KEGG旧locus记录	旧同株组装覆盖差异或映射缺失；不表示功能不存在	保留未取得
RU820_RS04610	KEGG afr	未关联到本地KEGG旧locus记录	旧同株组装覆盖差异或映射缺失；不表示功能不存在	保留未取得
RU820_RS04620	KEGG afr	未关联到本地KEGG旧locus记录	旧同株组装覆盖差异或映射缺失；不表示功能不存在	保留未取得
RU820_RS04625	KEGG afr	未关联到本地KEGG旧locus记录	旧同株组装覆盖差异或映射缺失；不表示功能不存在	保留未取得
RU820_RS04630	B1	旧locus未映射	当前基因存在；无法据此判断旧组装缺失或新基因	保留当前NCBI注释
RU820_RS04635	KEGG afr	未关联到本地KEGG旧locus记录	旧同株组装覆盖差异或映射缺失；不表示功能不存在	保留未取得
RU820_RS04640	KEGG afr	未关联到本地KEGG旧locus记录	旧同株组装覆盖差异或映射缺失；不表示功能不存在	保留未取得
RU820_RS04645	KEGG afr	未关联到本地KEGG旧locus记录	旧同株组装覆盖差异或映射缺失；不表示功能不存在	保留未取得
RU820_RS04650	KEGG afr	未关联到本地KEGG旧locus记录	旧同株组装覆盖差异或映射缺失；不表示功能不存在	保留未取得
RU820_RS04715	Rhea	本地EC查询无命中或EC不完整	本轮已补查当前全基因完整四级EC；无命中不等于宿主无反应	保留未取得
RU820_RS04730	KEGG afr	未关联到本地KEGG旧locus记录	旧同株组装覆盖差异或映射缺失；不表示功能不存在	保留未取得
RU820_RS04740	KEGG afr	未关联到本地KEGG旧locus记录	旧同株组装覆盖差异或映射缺失；不表示功能不存在	保留未取得
RU820_RS04745	B1	旧locus未映射	当前基因存在；无法据此判断旧组装缺失或新基因	保留当前NCBI注释
RU820_RS04750	KEGG afr	未关联到本地KEGG旧locus记录	旧同株组装覆盖差异或映射缺失；不表示功能不存在	保留未取得
RU820_RS04770	B1	旧locus未映射	当前基因存在；无法据此判断旧组装缺失或新基因	保留当前NCBI注释
RU820_RS04775	KEGG afr	未关联到本地KEGG旧locus记录	旧同株组装覆盖差异或映射缺失；不表示功能不存在	保留未取得
RU820_RS04780	KEGG afr	未关联到本地KEGG旧locus记录	旧同株组装覆盖差异或映射缺失；不表示功能不存在	保留未取得
RU820_RS04785	KEGG afr	未关联到本地KEGG旧locus记录	旧同株组装覆盖差异或映射缺失；不表示功能不存在	保留未取得
RU820_RS04790	KEGG afr	未关联到本地KEGG旧locus记录	旧同株组装覆盖差异或映射缺失；不表示功能不存在	保留未取得
RU820_RS04795	KEGG afr	未关联到本地KEGG旧locus记录	旧同株组装覆盖差异或映射缺失；不表示功能不存在	保留未取得
RU820_RS04800	B1	旧locus未映射	当前基因存在；无法据此判断旧组装缺失或新基因	保留当前NCBI注释
RU820_RS04805	KEGG afr	未关联到本地KEGG旧locus记录	旧同株组装覆盖差异或映射缺失；不表示功能不存在	保留未取得
RU820_RS04810	KEGG afr	未关联到本地KEGG旧locus记录	旧同株组装覆盖差异或映射缺失；不表示功能不存在	保留未取得
RU820_RS04815	KEGG afr	未关联到本地KEGG旧locus记录	旧同株组装覆盖差异或映射缺失；不表示功能不存在	保留未取得
RU820_RS04820	KEGG afr	未关联到本地KEGG旧locus记录	旧同株组装覆盖差异或映射缺失；不表示功能不存在	保留未取得
RU820_RS04825	KEGG afr	未关联到本地KEGG旧locus记录	旧同株组装覆盖差异或映射缺失；不表示功能不存在	保留未取得
RU820_RS04830	KEGG afr	未关联到本地KEGG旧locus记录	旧同株组装覆盖差异或映射缺失；不表示功能不存在	保留未取得
RU820_RS04835	KEGG afr	未关联到本地KEGG旧locus记录	旧同株组装覆盖差异或映射缺失；不表示功能不存在	保留未取得
RU820_RS04840	KEGG afr	未关联到本地KEGG旧locus记录	旧同株组装覆盖差异或映射缺失；不表示功能不存在	保留未取得
RU820_RS04845	KEGG afr	未关联到本地KEGG旧locus记录	旧同株组装覆盖差异或映射缺失；不表示功能不存在	保留未取得
RU820_RS04850	KEGG afr	未关联到本地KEGG旧locus记录	旧同株组装覆盖差异或映射缺失；不表示功能不存在	保留未取得
RU820_RS04855	KEGG afr	未关联到本地KEGG旧locus记录	旧同株组装覆盖差异或映射缺失；不表示功能不存在	保留未取得
RU820_RS04860	Rhea	本地EC查询无命中或EC不完整	本轮已补查当前全基因完整四级EC；无命中不等于宿主无反应	保留未取得
RU820_RS04865	KEGG afr	未关联到本地KEGG旧locus记录	旧同株组装覆盖差异或映射缺失；不表示功能不存在	保留未取得
RU820_RS04870	KEGG afr	未关联到本地KEGG旧locus记录	旧同株组装覆盖差异或映射缺失；不表示功能不存在	保留未取得
RU820_RS04875	KEGG afr	未关联到本地KEGG旧locus记录	旧同株组装覆盖差异或映射缺失；不表示功能不存在	保留未取得
RU820_RS04880	KEGG afr	未关联到本地KEGG旧locus记录	旧同株组装覆盖差异或映射缺失；不表示功能不存在	保留未取得
RU820_RS04890	B1	旧locus未映射	当前基因存在；无法据此判断旧组装缺失或新基因	保留当前NCBI注释
RU820_RS04895	KEGG afr	未关联到本地KEGG旧locus记录	旧同株组装覆盖差异或映射缺失；不表示功能不存在	保留未取得
RU820_RS04900	KEGG afr	未关联到本地KEGG旧locus记录	旧同株组装覆盖差异或映射缺失；不表示功能不存在	保留未取得
RU820_RS04910	KEGG afr	未关联到本地KEGG旧locus记录	旧同株组装覆盖差异或映射缺失；不表示功能不存在	保留未取得
RU820_RS04915	KEGG afr	未关联到本地KEGG旧locus记录	旧同株组装覆盖差异或映射缺失；不表示功能不存在	保留未取得
RU820_RS04920	B1	旧locus未映射	当前基因存在；无法据此判断旧组装缺失或新基因	保留当前NCBI注释
RU820_RS04925	B1	旧locus未映射	当前基因存在；无法据此判断旧组装缺失或新基因	保留当前NCBI注释
RU820_RS04930	KEGG afr	未关联到本地KEGG旧locus记录	旧同株组装覆盖差异或映射缺失；不表示功能不存在	保留未取得
RU820_RS04935	KEGG afr	未关联到本地KEGG旧locus记录	旧同株组装覆盖差异或映射缺失；不表示功能不存在	保留未取得
RU820_RS04940	KEGG afr	未关联到本地KEGG旧locus记录	旧同株组装覆盖差异或映射缺失；不表示功能不存在	保留未取得
RU820_RS04945	KEGG afr	未关联到本地KEGG旧locus记录	旧同株组装覆盖差异或映射缺失；不表示功能不存在	保留未取得
RU820_RS04950	KEGG afr	未关联到本地KEGG旧locus记录	旧同株组装覆盖差异或映射缺失；不表示功能不存在	保留未取得
RU820_RS04960	Rhea	本地EC查询无命中或EC不完整	本轮已补查当前全基因完整四级EC；无命中不等于宿主无反应	保留未取得
RU820_RS04965	KEGG afr	未关联到本地KEGG旧locus记录	旧同株组装覆盖差异或映射缺失；不表示功能不存在	保留未取得
RU820_RS04970	KEGG afr	未关联到本地KEGG旧locus记录	旧同株组装覆盖差异或映射缺失；不表示功能不存在	保留未取得
RU820_RS04975	KEGG afr	未关联到本地KEGG旧locus记录	旧同株组装覆盖差异或映射缺失；不表示功能不存在	保留未取得
RU820_RS04980	KEGG afr	未关联到本地KEGG旧locus记录	旧同株组装覆盖差异或映射缺失；不表示功能不存在	保留未取得
RU820_RS04985	KEGG afr	未关联到本地KEGG旧locus记录	旧同株组装覆盖差异或映射缺失；不表示功能不存在	保留未取得
RU820_RS04990	KEGG afr	未关联到本地KEGG旧locus记录	旧同株组装覆盖差异或映射缺失；不表示功能不存在	保留未取得
RU820_RS04995	B1	旧locus未映射	当前基因存在；无法据此判断旧组装缺失或新基因	保留当前NCBI注释
RU820_RS05000	KEGG afr	未关联到本地KEGG旧locus记录	旧同株组装覆盖差异或映射缺失；不表示功能不存在	保留未取得
RU820_RS05005	B1	旧locus未映射	当前基因存在；无法据此判断旧组装缺失或新基因	保留当前NCBI注释
RU820_RS05010	Rhea	本地EC查询无命中或EC不完整	本轮已补查当前全基因完整四级EC；无命中不等于宿主无反应	保留未取得
RU820_RS05015	KEGG afr	未关联到本地KEGG旧locus记录	旧同株组装覆盖差异或映射缺失；不表示功能不存在	保留未取得
RU820_RS05020	KEGG afr	未关联到本地KEGG旧locus记录	旧同株组装覆盖差异或映射缺失；不表示功能不存在	保留未取得
RU820_RS05025	B1	旧locus未映射	当前基因存在；无法据此判断旧组装缺失或新基因	保留当前NCBI注释
RU820_RS05030	KEGG afr	未关联到本地KEGG旧locus记录	旧同株组装覆盖差异或映射缺失；不表示功能不存在	保留未取得
RU820_RS05035	KEGG afr	未关联到本地KEGG旧locus记录	旧同株组装覆盖差异或映射缺失；不表示功能不存在	保留未取得
RU820_RS05040	KEGG afr	未关联到本地KEGG旧locus记录	旧同株组装覆盖差异或映射缺失；不表示功能不存在	保留未取得
RU820_RS05045	KEGG afr	未关联到本地KEGG旧locus记录	旧同株组装覆盖差异或映射缺失；不表示功能不存在	保留未取得
RU820_RS05050	B1	旧locus未映射	当前基因存在；无法据此判断旧组装缺失或新基因	保留当前NCBI注释
RU820_RS05055	Rhea	本地EC查询无命中或EC不完整	本轮已补查当前全基因完整四级EC；无命中不等于宿主无反应	保留未取得
RU820_RS05060	KEGG afr	未关联到本地KEGG旧locus记录	旧同株组装覆盖差异或映射缺失；不表示功能不存在	保留未取得
RU820_RS05065	KEGG afr	未关联到本地KEGG旧locus记录	旧同株组装覆盖差异或映射缺失；不表示功能不存在	保留未取得
RU820_RS05070	KEGG afr	未关联到本地KEGG旧locus记录	旧同株组装覆盖差异或映射缺失；不表示功能不存在	保留未取得
RU820_RS05075	KEGG afr	未关联到本地KEGG旧locus记录	旧同株组装覆盖差异或映射缺失；不表示功能不存在	保留未取得
RU820_RS05080	KEGG afr	未关联到本地KEGG旧locus记录	旧同株组装覆盖差异或映射缺失；不表示功能不存在	保留未取得
RU820_RS05080	Rhea	本地EC查询无命中或EC不完整	本轮已补查当前全基因完整四级EC；无命中不等于宿主无反应	保留未取得
RU820_RS05100	KEGG afr	未关联到本地KEGG旧locus记录	旧同株组装覆盖差异或映射缺失；不表示功能不存在	保留未取得
RU820_RS05110	KEGG afr	未关联到本地KEGG旧locus记录	旧同株组装覆盖差异或映射缺失；不表示功能不存在	保留未取得
RU820_RS05115	KEGG afr	未关联到本地KEGG旧locus记录	旧同株组装覆盖差异或映射缺失；不表示功能不存在	保留未取得
RU820_RS05120	KEGG afr	未关联到本地KEGG旧locus记录	旧同株组装覆盖差异或映射缺失；不表示功能不存在	保留未取得
RU820_RS05125	KEGG afr	未关联到本地KEGG旧locus记录	旧同株组装覆盖差异或映射缺失；不表示功能不存在	保留未取得
RU820_RS05130	KEGG afr	未关联到本地KEGG旧locus记录	旧同株组装覆盖差异或映射缺失；不表示功能不存在	保留未取得
RU820_RS05135	KEGG afr	未关联到本地KEGG旧locus记录	旧同株组装覆盖差异或映射缺失；不表示功能不存在	保留未取得
RU820_RS05140	B1	旧locus未映射	当前基因存在；无法据此判断旧组装缺失或新基因	保留当前NCBI注释
RU820_RS05145	B1	旧locus未映射	当前基因存在；无法据此判断旧组装缺失或新基因	保留当前NCBI注释
RU820_RS05180	B1	旧locus未映射	当前基因存在；无法据此判断旧组装缺失或新基因	保留当前NCBI注释
RU820_RS05185	Rhea	本地EC查询无命中或EC不完整	本轮已补查当前全基因完整四级EC；无命中不等于宿主无反应	保留未取得
RU820_RS05190	KEGG afr	未关联到本地KEGG旧locus记录	旧同株组装覆盖差异或映射缺失；不表示功能不存在	保留未取得
RU820_RS05195	KEGG afr	未关联到本地KEGG旧locus记录	旧同株组装覆盖差异或映射缺失；不表示功能不存在	保留未取得
RU820_RS05195	Rhea	本地EC查询无命中或EC不完整	本轮已补查当前全基因完整四级EC；无命中不等于宿主无反应	保留未取得
RU820_RS05210	B1	旧locus未映射	当前基因存在；无法据此判断旧组装缺失或新基因	保留当前NCBI注释
RU820_RS05220	KEGG afr	未关联到本地KEGG旧locus记录	旧同株组装覆盖差异或映射缺失；不表示功能不存在	保留未取得
RU820_RS05225	B1	旧locus未映射	当前基因存在；无法据此判断旧组装缺失或新基因	保留当前NCBI注释
RU820_RS05235	B1	旧locus未映射	当前基因存在；无法据此判断旧组装缺失或新基因	保留当前NCBI注释
RU820_RS05260	KEGG afr	未关联到本地KEGG旧locus记录	旧同株组装覆盖差异或映射缺失；不表示功能不存在	保留未取得
RU820_RS05265	KEGG afr	未关联到本地KEGG旧locus记录	旧同株组装覆盖差异或映射缺失；不表示功能不存在	保留未取得
RU820_RS05270	B1	旧locus未映射	当前基因存在；无法据此判断旧组装缺失或新基因	保留当前NCBI注释
RU820_RS05275	B1	旧locus未映射	当前基因存在；无法据此判断旧组装缺失或新基因	保留当前NCBI注释
RU820_RS05285	KEGG afr	未关联到本地KEGG旧locus记录	旧同株组装覆盖差异或映射缺失；不表示功能不存在	保留未取得
RU820_RS05290	B1	旧locus未映射	当前基因存在；无法据此判断旧组装缺失或新基因	保留当前NCBI注释
RU820_RS05295	KEGG afr	未关联到本地KEGG旧locus记录	旧同株组装覆盖差异或映射缺失；不表示功能不存在	保留未取得
RU820_RS05300	KEGG afr	未关联到本地KEGG旧locus记录	旧同株组装覆盖差异或映射缺失；不表示功能不存在	保留未取得
RU820_RS05305	B1	旧locus未映射	当前基因存在；无法据此判断旧组装缺失或新基因	保留当前NCBI注释
RU820_RS05310	KEGG afr	未关联到本地KEGG旧locus记录	旧同株组装覆盖差异或映射缺失；不表示功能不存在	保留未取得
RU820_RS05320	B1	旧locus未映射	当前基因存在；无法据此判断旧组装缺失或新基因	保留当前NCBI注释
RU820_RS05325	KEGG afr	未关联到本地KEGG旧locus记录	旧同株组装覆盖差异或映射缺失；不表示功能不存在	保留未取得
RU820_RS05330	KEGG afr	未关联到本地KEGG旧locus记录	旧同株组装覆盖差异或映射缺失；不表示功能不存在	保留未取得
RU820_RS05335	B1	旧locus未映射	当前基因存在；无法据此判断旧组装缺失或新基因	保留当前NCBI注释
RU820_RS05345	KEGG afr	未关联到本地KEGG旧locus记录	旧同株组装覆盖差异或映射缺失；不表示功能不存在	保留未取得
RU820_RS05350	KEGG afr	未关联到本地KEGG旧locus记录	旧同株组装覆盖差异或映射缺失；不表示功能不存在	保留未取得
RU820_RS05355	KEGG afr	未关联到本地KEGG旧locus记录	旧同株组装覆盖差异或映射缺失；不表示功能不存在	保留未取得
RU820_RS05360	KEGG afr	未关联到本地KEGG旧locus记录	旧同株组装覆盖差异或映射缺失；不表示功能不存在	保留未取得
RU820_RS05365	KEGG afr	未关联到本地KEGG旧locus记录	旧同株组装覆盖差异或映射缺失；不表示功能不存在	保留未取得
RU820_RS05370	KEGG afr	未关联到本地KEGG旧locus记录	旧同株组装覆盖差异或映射缺失；不表示功能不存在	保留未取得
RU820_RS05375	KEGG afr	未关联到本地KEGG旧locus记录	旧同株组装覆盖差异或映射缺失；不表示功能不存在	保留未取得
RU820_RS05380	B1	旧locus未映射	当前基因存在；无法据此判断旧组装缺失或新基因	保留当前NCBI注释
RU820_RS05385	B1	旧locus未映射	当前基因存在；无法据此判断旧组装缺失或新基因	保留当前NCBI注释
RU820_RS05390	KEGG afr	未关联到本地KEGG旧locus记录	旧同株组装覆盖差异或映射缺失；不表示功能不存在	保留未取得
RU820_RS05395	KEGG afr	未关联到本地KEGG旧locus记录	旧同株组装覆盖差异或映射缺失；不表示功能不存在	保留未取得
RU820_RS05400	KEGG afr	未关联到本地KEGG旧locus记录	旧同株组装覆盖差异或映射缺失；不表示功能不存在	保留未取得
RU820_RS05405	KEGG afr	未关联到本地KEGG旧locus记录	旧同株组装覆盖差异或映射缺失；不表示功能不存在	保留未取得
RU820_RS05405	Rhea	本地EC查询无命中或EC不完整	本轮已补查当前全基因完整四级EC；无命中不等于宿主无反应	保留未取得
RU820_RS05410	KEGG afr	未关联到本地KEGG旧locus记录	旧同株组装覆盖差异或映射缺失；不表示功能不存在	保留未取得
RU820_RS05415	KEGG afr	未关联到本地KEGG旧locus记录	旧同株组装覆盖差异或映射缺失；不表示功能不存在	保留未取得
RU820_RS05420	KEGG afr	未关联到本地KEGG旧locus记录	旧同株组装覆盖差异或映射缺失；不表示功能不存在	保留未取得
RU820_RS05425	KEGG afr	未关联到本地KEGG旧locus记录	旧同株组装覆盖差异或映射缺失；不表示功能不存在	保留未取得
RU820_RS05430	B1	旧locus未映射	当前基因存在；无法据此判断旧组装缺失或新基因	保留当前NCBI注释
RU820_RS05435	B1	旧locus未映射	当前基因存在；无法据此判断旧组装缺失或新基因	保留当前NCBI注释
RU820_RS05440	KEGG afr	未关联到本地KEGG旧locus记录	旧同株组装覆盖差异或映射缺失；不表示功能不存在	保留未取得
RU820_RS05455	KEGG afr	未关联到本地KEGG旧locus记录	旧同株组装覆盖差异或映射缺失；不表示功能不存在	保留未取得
RU820_RS05460	KEGG afr	未关联到本地KEGG旧locus记录	旧同株组装覆盖差异或映射缺失；不表示功能不存在	保留未取得
RU820_RS05470	B1	旧locus未映射	当前基因存在；无法据此判断旧组装缺失或新基因	保留当前NCBI注释
RU820_RS05475	B1	旧locus未映射	当前基因存在；无法据此判断旧组装缺失或新基因	保留当前NCBI注释
RU820_RS05480	KEGG afr	未关联到本地KEGG旧locus记录	旧同株组装覆盖差异或映射缺失；不表示功能不存在	保留未取得
RU820_RS05490	KEGG afr	未关联到本地KEGG旧locus记录	旧同株组装覆盖差异或映射缺失；不表示功能不存在	保留未取得
RU820_RS05495	KEGG afr	未关联到本地KEGG旧locus记录	旧同株组装覆盖差异或映射缺失；不表示功能不存在	保留未取得
RU820_RS05500	KEGG afr	未关联到本地KEGG旧locus记录	旧同株组装覆盖差异或映射缺失；不表示功能不存在	保留未取得
RU820_RS05505	KEGG afr	未关联到本地KEGG旧locus记录	旧同株组装覆盖差异或映射缺失；不表示功能不存在	保留未取得
RU820_RS05510	KEGG afr	未关联到本地KEGG旧locus记录	旧同株组装覆盖差异或映射缺失；不表示功能不存在	保留未取得
RU820_RS05515	KEGG afr	未关联到本地KEGG旧locus记录	旧同株组装覆盖差异或映射缺失；不表示功能不存在	保留未取得
RU820_RS05520	KEGG afr	未关联到本地KEGG旧locus记录	旧同株组装覆盖差异或映射缺失；不表示功能不存在	保留未取得
RU820_RS05525	B1	旧locus未映射	当前基因存在；无法据此判断旧组装缺失或新基因	保留当前NCBI注释
RU820_RS05530	B1	旧locus未映射	当前基因存在；无法据此判断旧组装缺失或新基因	保留当前NCBI注释
RU820_RS05535	B1	旧locus未映射	当前基因存在；无法据此判断旧组装缺失或新基因	保留当前NCBI注释
RU820_RS05540	B1	旧locus未映射	当前基因存在；无法据此判断旧组装缺失或新基因	保留当前NCBI注释
RU820_RS05545	B1	旧locus未映射	当前基因存在；无法据此判断旧组装缺失或新基因	保留当前NCBI注释
RU820_RS05550	B1	旧locus未映射	当前基因存在；无法据此判断旧组装缺失或新基因	保留当前NCBI注释
RU820_RS05555	B1	旧locus未映射	当前基因存在；无法据此判断旧组装缺失或新基因	保留当前NCBI注释
RU820_RS05560	B1	旧locus未映射	当前基因存在；无法据此判断旧组装缺失或新基因	保留当前NCBI注释
RU820_RS05565	B1	旧locus未映射	当前基因存在；无法据此判断旧组装缺失或新基因	保留当前NCBI注释
RU820_RS05570	B1	旧locus未映射	当前基因存在；无法据此判断旧组装缺失或新基因	保留当前NCBI注释
RU820_RS05575	B1	旧locus未映射	当前基因存在；无法据此判断旧组装缺失或新基因	保留当前NCBI注释
RU820_RS05580	B1	旧locus未映射	当前基因存在；无法据此判断旧组装缺失或新基因	保留当前NCBI注释
RU820_RS05585	B1	旧locus未映射	当前基因存在；无法据此判断旧组装缺失或新基因	保留当前NCBI注释
RU820_RS05590	B1	旧locus未映射	当前基因存在；无法据此判断旧组装缺失或新基因	保留当前NCBI注释
RU820_RS05595	B1	旧locus未映射	当前基因存在；无法据此判断旧组装缺失或新基因	保留当前NCBI注释
RU820_RS05600	B1	旧locus未映射	当前基因存在；无法据此判断旧组装缺失或新基因	保留当前NCBI注释
RU820_RS05605	B1	旧locus未映射	当前基因存在；无法据此判断旧组装缺失或新基因	保留当前NCBI注释
RU820_RS05610	B1	旧locus未映射	当前基因存在；无法据此判断旧组装缺失或新基因	保留当前NCBI注释
RU820_RS05615	B1	旧locus未映射	当前基因存在；无法据此判断旧组装缺失或新基因	保留当前NCBI注释
RU820_RS05620	B1	旧locus未映射	当前基因存在；无法据此判断旧组装缺失或新基因	保留当前NCBI注释
RU820_RS05625	B1	旧locus未映射	当前基因存在；无法据此判断旧组装缺失或新基因	保留当前NCBI注释
RU820_RS05630	KEGG afr	未关联到本地KEGG旧locus记录	旧同株组装覆盖差异或映射缺失；不表示功能不存在	保留未取得
RU820_RS05635	B1	旧locus未映射	当前基因存在；无法据此判断旧组装缺失或新基因	保留当前NCBI注释
RU820_RS05640	B1	旧locus未映射	当前基因存在；无法据此判断旧组装缺失或新基因	保留当前NCBI注释
RU820_RS05645	KEGG afr	未关联到本地KEGG旧locus记录	旧同株组装覆盖差异或映射缺失；不表示功能不存在	保留未取得
RU820_RS05650	B1	旧locus未映射	当前基因存在；无法据此判断旧组装缺失或新基因	保留当前NCBI注释
RU820_RS05655	B1	旧locus未映射	当前基因存在；无法据此判断旧组装缺失或新基因	保留当前NCBI注释
RU820_RS05660	B1	旧locus未映射	当前基因存在；无法据此判断旧组装缺失或新基因	保留当前NCBI注释
RU820_RS05665	B1	旧locus未映射	当前基因存在；无法据此判断旧组装缺失或新基因	保留当前NCBI注释
RU820_RS05670	B1	旧locus未映射	当前基因存在；无法据此判断旧组装缺失或新基因	保留当前NCBI注释
RU820_RS05675	B1	旧locus未映射	当前基因存在；无法据此判断旧组装缺失或新基因	保留当前NCBI注释
RU820_RS05680	B1	旧locus未映射	当前基因存在；无法据此判断旧组装缺失或新基因	保留当前NCBI注释
RU820_RS05685	B1	旧locus未映射	当前基因存在；无法据此判断旧组装缺失或新基因	保留当前NCBI注释
RU820_RS05690	B1	旧locus未映射	当前基因存在；无法据此判断旧组装缺失或新基因	保留当前NCBI注释
RU820_RS05695	B1	旧locus未映射	当前基因存在；无法据此判断旧组装缺失或新基因	保留当前NCBI注释
RU820_RS05700	B1	旧locus未映射	当前基因存在；无法据此判断旧组装缺失或新基因	保留当前NCBI注释
RU820_RS05705	B1	旧locus未映射	当前基因存在；无法据此判断旧组装缺失或新基因	保留当前NCBI注释
RU820_RS05710	B1	旧locus未映射	当前基因存在；无法据此判断旧组装缺失或新基因	保留当前NCBI注释
RU820_RS05715	B1	旧locus未映射	当前基因存在；无法据此判断旧组装缺失或新基因	保留当前NCBI注释
RU820_RS05720	B1	旧locus未映射	当前基因存在；无法据此判断旧组装缺失或新基因	保留当前NCBI注释
RU820_RS05725	B1	旧locus未映射	当前基因存在；无法据此判断旧组装缺失或新基因	保留当前NCBI注释
RU820_RS05730	B1	旧locus未映射	当前基因存在；无法据此判断旧组装缺失或新基因	保留当前NCBI注释
RU820_RS05735	B1	旧locus未映射	当前基因存在；无法据此判断旧组装缺失或新基因	保留当前NCBI注释
RU820_RS05740	B1	旧locus未映射	当前基因存在；无法据此判断旧组装缺失或新基因	保留当前NCBI注释
RU820_RS05745	KEGG afr	未关联到本地KEGG旧locus记录	旧同株组装覆盖差异或映射缺失；不表示功能不存在	保留未取得
RU820_RS05750	B1	旧locus未映射	当前基因存在；无法据此判断旧组装缺失或新基因	保留当前NCBI注释
RU820_RS05755	Rhea	本地EC查询无命中或EC不完整	本轮已补查当前全基因完整四级EC；无命中不等于宿主无反应	保留未取得
RU820_RS05760	KEGG afr	未关联到本地KEGG旧locus记录	旧同株组装覆盖差异或映射缺失；不表示功能不存在	保留未取得
RU820_RS05765	KEGG afr	未关联到本地KEGG旧locus记录	旧同株组装覆盖差异或映射缺失；不表示功能不存在	保留未取得
RU820_RS05770	KEGG afr	未关联到本地KEGG旧locus记录	旧同株组装覆盖差异或映射缺失；不表示功能不存在	保留未取得
RU820_RS05770	Rhea	本地EC查询无命中或EC不完整	本轮已补查当前全基因完整四级EC；无命中不等于宿主无反应	保留未取得
RU820_RS05775	KEGG afr	未关联到本地KEGG旧locus记录	旧同株组装覆盖差异或映射缺失；不表示功能不存在	保留未取得
RU820_RS05780	B1	旧locus未映射	当前基因存在；无法据此判断旧组装缺失或新基因	保留当前NCBI注释
RU820_RS05785	B1	旧locus未映射	当前基因存在；无法据此判断旧组装缺失或新基因	保留当前NCBI注释
RU820_RS05790	KEGG afr	未关联到本地KEGG旧locus记录	旧同株组装覆盖差异或映射缺失；不表示功能不存在	保留未取得
RU820_RS05795	B1	旧locus未映射	当前基因存在；无法据此判断旧组装缺失或新基因	保留当前NCBI注释
RU820_RS05805	B1	旧locus未映射	当前基因存在；无法据此判断旧组装缺失或新基因	保留当前NCBI注释
RU820_RS05810	B1	旧locus未映射	当前基因存在；无法据此判断旧组装缺失或新基因	保留当前NCBI注释
RU820_RS05815	B1	旧locus未映射	当前基因存在；无法据此判断旧组装缺失或新基因	保留当前NCBI注释
RU820_RS05825	B1	旧locus未映射	当前基因存在；无法据此判断旧组装缺失或新基因	保留当前NCBI注释
RU820_RS05835	KEGG afr	未关联到本地KEGG旧locus记录	旧同株组装覆盖差异或映射缺失；不表示功能不存在	保留未取得
RU820_RS05840	KEGG afr	未关联到本地KEGG旧locus记录	旧同株组装覆盖差异或映射缺失；不表示功能不存在	保留未取得
RU820_RS05845	B1	旧locus未映射	当前基因存在；无法据此判断旧组装缺失或新基因	保留当前NCBI注释
RU820_RS05855	KEGG afr	未关联到本地KEGG旧locus记录	旧同株组装覆盖差异或映射缺失；不表示功能不存在	保留未取得
RU820_RS05860	Rhea	本地EC查询无命中或EC不完整	本轮已补查当前全基因完整四级EC；无命中不等于宿主无反应	保留未取得
RU820_RS05865	KEGG afr	未关联到本地KEGG旧locus记录	旧同株组装覆盖差异或映射缺失；不表示功能不存在	保留未取得
RU820_RS05870	Rhea	本地EC查询无命中或EC不完整	本轮已补查当前全基因完整四级EC；无命中不等于宿主无反应	保留未取得
RU820_RS05875	KEGG afr	未关联到本地KEGG旧locus记录	旧同株组装覆盖差异或映射缺失；不表示功能不存在	保留未取得
RU820_RS05880	B1	旧locus未映射	当前基因存在；无法据此判断旧组装缺失或新基因	保留当前NCBI注释
RU820_RS05885	B1	旧locus未映射	当前基因存在；无法据此判断旧组装缺失或新基因	保留当前NCBI注释
RU820_RS05890	KEGG afr	未关联到本地KEGG旧locus记录	旧同株组装覆盖差异或映射缺失；不表示功能不存在	保留未取得
RU820_RS05895	KEGG afr	未关联到本地KEGG旧locus记录	旧同株组装覆盖差异或映射缺失；不表示功能不存在	保留未取得
RU820_RS05900	KEGG afr	未关联到本地KEGG旧locus记录	旧同株组装覆盖差异或映射缺失；不表示功能不存在	保留未取得
RU820_RS05905	KEGG afr	未关联到本地KEGG旧locus记录	旧同株组装覆盖差异或映射缺失；不表示功能不存在	保留未取得
RU820_RS05910	KEGG afr	未关联到本地KEGG旧locus记录	旧同株组装覆盖差异或映射缺失；不表示功能不存在	保留未取得
RU820_RS05915	KEGG afr	未关联到本地KEGG旧locus记录	旧同株组装覆盖差异或映射缺失；不表示功能不存在	保留未取得
RU820_RS05920	B1	旧locus未映射	当前基因存在；无法据此判断旧组装缺失或新基因	保留当前NCBI注释
RU820_RS05925	KEGG afr	未关联到本地KEGG旧locus记录	旧同株组装覆盖差异或映射缺失；不表示功能不存在	保留未取得
RU820_RS05930	Rhea	本地EC查询无命中或EC不完整	本轮已补查当前全基因完整四级EC；无命中不等于宿主无反应	保留未取得
RU820_RS05935	KEGG afr	未关联到本地KEGG旧locus记录	旧同株组装覆盖差异或映射缺失；不表示功能不存在	保留未取得
RU820_RS05940	B1	旧locus未映射	当前基因存在；无法据此判断旧组装缺失或新基因	保留当前NCBI注释
RU820_RS05945	B1	旧locus未映射	当前基因存在；无法据此判断旧组装缺失或新基因	保留当前NCBI注释
RU820_RS05950	KEGG afr	未关联到本地KEGG旧locus记录	旧同株组装覆盖差异或映射缺失；不表示功能不存在	保留未取得
RU820_RS05955	KEGG afr	未关联到本地KEGG旧locus记录	旧同株组装覆盖差异或映射缺失；不表示功能不存在	保留未取得
RU820_RS05960	KEGG afr	未关联到本地KEGG旧locus记录	旧同株组装覆盖差异或映射缺失；不表示功能不存在	保留未取得
RU820_RS05965	KEGG afr	未关联到本地KEGG旧locus记录	旧同株组装覆盖差异或映射缺失；不表示功能不存在	保留未取得
RU820_RS05970	KEGG afr	未关联到本地KEGG旧locus记录	旧同株组装覆盖差异或映射缺失；不表示功能不存在	保留未取得
RU820_RS05975	B1	旧locus未映射	当前基因存在；无法据此判断旧组装缺失或新基因	保留当前NCBI注释
RU820_RS05985	KEGG afr	未关联到本地KEGG旧locus记录	旧同株组装覆盖差异或映射缺失；不表示功能不存在	保留未取得
RU820_RS05990	KEGG afr	未关联到本地KEGG旧locus记录	旧同株组装覆盖差异或映射缺失；不表示功能不存在	保留未取得
RU820_RS05995	KEGG afr	未关联到本地KEGG旧locus记录	旧同株组装覆盖差异或映射缺失；不表示功能不存在	保留未取得
RU820_RS06000	KEGG afr	未关联到本地KEGG旧locus记录	旧同株组装覆盖差异或映射缺失；不表示功能不存在	保留未取得
RU820_RS06005	B1	旧locus未映射	当前基因存在；无法据此判断旧组装缺失或新基因	保留当前NCBI注释
RU820_RS06010	B1	旧locus未映射	当前基因存在；无法据此判断旧组装缺失或新基因	保留当前NCBI注释
RU820_RS06015	KEGG afr	未关联到本地KEGG旧locus记录	旧同株组装覆盖差异或映射缺失；不表示功能不存在	保留未取得
RU820_RS06020	KEGG afr	未关联到本地KEGG旧locus记录	旧同株组装覆盖差异或映射缺失；不表示功能不存在	保留未取得
RU820_RS06025	B1	旧locus未映射	当前基因存在；无法据此判断旧组装缺失或新基因	保留当前NCBI注释
RU820_RS06030	B1	旧locus未映射	当前基因存在；无法据此判断旧组装缺失或新基因	保留当前NCBI注释
RU820_RS06035	B1	旧locus未映射	当前基因存在；无法据此判断旧组装缺失或新基因	保留当前NCBI注释
RU820_RS06040	KEGG afr	未关联到本地KEGG旧locus记录	旧同株组装覆盖差异或映射缺失；不表示功能不存在	保留未取得
RU820_RS06045	KEGG afr	未关联到本地KEGG旧locus记录	旧同株组装覆盖差异或映射缺失；不表示功能不存在	保留未取得
RU820_RS06050	KEGG afr	未关联到本地KEGG旧locus记录	旧同株组装覆盖差异或映射缺失；不表示功能不存在	保留未取得
RU820_RS06055	KEGG afr	未关联到本地KEGG旧locus记录	旧同株组装覆盖差异或映射缺失；不表示功能不存在	保留未取得
RU820_RS06060	Rhea	本地EC查询无命中或EC不完整	本轮已补查当前全基因完整四级EC；无命中不等于宿主无反应	保留未取得
RU820_RS06070	KEGG afr	未关联到本地KEGG旧locus记录	旧同株组装覆盖差异或映射缺失；不表示功能不存在	保留未取得
RU820_RS06075	KEGG afr	未关联到本地KEGG旧locus记录	旧同株组装覆盖差异或映射缺失；不表示功能不存在	保留未取得
RU820_RS06085	KEGG afr	未关联到本地KEGG旧locus记录	旧同株组装覆盖差异或映射缺失；不表示功能不存在	保留未取得
RU820_RS06090	KEGG afr	未关联到本地KEGG旧locus记录	旧同株组装覆盖差异或映射缺失；不表示功能不存在	保留未取得
RU820_RS06095	KEGG afr	未关联到本地KEGG旧locus记录	旧同株组装覆盖差异或映射缺失；不表示功能不存在	保留未取得
RU820_RS06100	KEGG afr	未关联到本地KEGG旧locus记录	旧同株组装覆盖差异或映射缺失；不表示功能不存在	保留未取得
RU820_RS06105	KEGG afr	未关联到本地KEGG旧locus记录	旧同株组装覆盖差异或映射缺失；不表示功能不存在	保留未取得
RU820_RS06110	KEGG afr	未关联到本地KEGG旧locus记录	旧同株组装覆盖差异或映射缺失；不表示功能不存在	保留未取得
RU820_RS06115	B1	旧locus未映射	当前基因存在；无法据此判断旧组装缺失或新基因	保留当前NCBI注释
RU820_RS06120	KEGG afr	未关联到本地KEGG旧locus记录	旧同株组装覆盖差异或映射缺失；不表示功能不存在	保留未取得
RU820_RS06125	KEGG afr	未关联到本地KEGG旧locus记录	旧同株组装覆盖差异或映射缺失；不表示功能不存在	保留未取得
RU820_RS06130	KEGG afr	未关联到本地KEGG旧locus记录	旧同株组装覆盖差异或映射缺失；不表示功能不存在	保留未取得
RU820_RS06135	KEGG afr	未关联到本地KEGG旧locus记录	旧同株组装覆盖差异或映射缺失；不表示功能不存在	保留未取得
RU820_RS06140	KEGG afr	未关联到本地KEGG旧locus记录	旧同株组装覆盖差异或映射缺失；不表示功能不存在	保留未取得
RU820_RS06145	B1	旧locus未映射	当前基因存在；无法据此判断旧组装缺失或新基因	保留当前NCBI注释
RU820_RS06150	KEGG afr	未关联到本地KEGG旧locus记录	旧同株组装覆盖差异或映射缺失；不表示功能不存在	保留未取得
RU820_RS06155	KEGG afr	未关联到本地KEGG旧locus记录	旧同株组装覆盖差异或映射缺失；不表示功能不存在	保留未取得
RU820_RS06160	KEGG afr	未关联到本地KEGG旧locus记录	旧同株组装覆盖差异或映射缺失；不表示功能不存在	保留未取得
RU820_RS06165	KEGG afr	未关联到本地KEGG旧locus记录	旧同株组装覆盖差异或映射缺失；不表示功能不存在	保留未取得
RU820_RS06170	KEGG afr	未关联到本地KEGG旧locus记录	旧同株组装覆盖差异或映射缺失；不表示功能不存在	保留未取得
RU820_RS06175	KEGG afr	未关联到本地KEGG旧locus记录	旧同株组装覆盖差异或映射缺失；不表示功能不存在	保留未取得
RU820_RS06180	KEGG afr	未关联到本地KEGG旧locus记录	旧同株组装覆盖差异或映射缺失；不表示功能不存在	保留未取得
RU820_RS06185	KEGG afr	未关联到本地KEGG旧locus记录	旧同株组装覆盖差异或映射缺失；不表示功能不存在	保留未取得
RU820_RS06190	KEGG afr	未关联到本地KEGG旧locus记录	旧同株组装覆盖差异或映射缺失；不表示功能不存在	保留未取得
RU820_RS06195	KEGG afr	未关联到本地KEGG旧locus记录	旧同株组装覆盖差异或映射缺失；不表示功能不存在	保留未取得
RU820_RS06200	KEGG afr	未关联到本地KEGG旧locus记录	旧同株组装覆盖差异或映射缺失；不表示功能不存在	保留未取得
RU820_RS06205	KEGG afr	未关联到本地KEGG旧locus记录	旧同株组装覆盖差异或映射缺失；不表示功能不存在	保留未取得
RU820_RS06210	KEGG afr	未关联到本地KEGG旧locus记录	旧同株组装覆盖差异或映射缺失；不表示功能不存在	保留未取得
RU820_RS06215	KEGG afr	未关联到本地KEGG旧locus记录	旧同株组装覆盖差异或映射缺失；不表示功能不存在	保留未取得
RU820_RS06230	KEGG afr	未关联到本地KEGG旧locus记录	旧同株组装覆盖差异或映射缺失；不表示功能不存在	保留未取得
RU820_RS06235	KEGG afr	未关联到本地KEGG旧locus记录	旧同株组装覆盖差异或映射缺失；不表示功能不存在	保留未取得
RU820_RS06240	KEGG afr	未关联到本地KEGG旧locus记录	旧同株组装覆盖差异或映射缺失；不表示功能不存在	保留未取得
RU820_RS06245	KEGG afr	未关联到本地KEGG旧locus记录	旧同株组装覆盖差异或映射缺失；不表示功能不存在	保留未取得
RU820_RS06250	B1	旧locus未映射	当前基因存在；无法据此判断旧组装缺失或新基因	保留当前NCBI注释
RU820_RS06255	B1	旧locus未映射	当前基因存在；无法据此判断旧组装缺失或新基因	保留当前NCBI注释
RU820_RS06265	KEGG afr	未关联到本地KEGG旧locus记录	旧同株组装覆盖差异或映射缺失；不表示功能不存在	保留未取得
RU820_RS06270	KEGG afr	未关联到本地KEGG旧locus记录	旧同株组装覆盖差异或映射缺失；不表示功能不存在	保留未取得
RU820_RS06280	KEGG afr	未关联到本地KEGG旧locus记录	旧同株组装覆盖差异或映射缺失；不表示功能不存在	保留未取得
RU820_RS06285	KEGG afr	未关联到本地KEGG旧locus记录	旧同株组装覆盖差异或映射缺失；不表示功能不存在	保留未取得
RU820_RS06290	KEGG afr	未关联到本地KEGG旧locus记录	旧同株组装覆盖差异或映射缺失；不表示功能不存在	保留未取得
RU820_RS06305	KEGG afr	未关联到本地KEGG旧locus记录	旧同株组装覆盖差异或映射缺失；不表示功能不存在	保留未取得
RU820_RS06310	KEGG afr	未关联到本地KEGG旧locus记录	旧同株组装覆盖差异或映射缺失；不表示功能不存在	保留未取得
RU820_RS06315	KEGG afr	未关联到本地KEGG旧locus记录	旧同株组装覆盖差异或映射缺失；不表示功能不存在	保留未取得
RU820_RS06320	B1	旧locus未映射	当前基因存在；无法据此判断旧组装缺失或新基因	保留当前NCBI注释
RU820_RS06325	KEGG afr	未关联到本地KEGG旧locus记录	旧同株组装覆盖差异或映射缺失；不表示功能不存在	保留未取得
RU820_RS06330	KEGG afr	未关联到本地KEGG旧locus记录	旧同株组装覆盖差异或映射缺失；不表示功能不存在	保留未取得
RU820_RS06335	B1	旧locus未映射	当前基因存在；无法据此判断旧组装缺失或新基因	保留当前NCBI注释
RU820_RS06340	B1	旧locus未映射	当前基因存在；无法据此判断旧组装缺失或新基因	保留当前NCBI注释
RU820_RS06345	KEGG afr	未关联到本地KEGG旧locus记录	旧同株组装覆盖差异或映射缺失；不表示功能不存在	保留未取得
RU820_RS06350	KEGG afr	未关联到本地KEGG旧locus记录	旧同株组装覆盖差异或映射缺失；不表示功能不存在	保留未取得
RU820_RS06355	KEGG afr	未关联到本地KEGG旧locus记录	旧同株组装覆盖差异或映射缺失；不表示功能不存在	保留未取得
RU820_RS06360	KEGG afr	未关联到本地KEGG旧locus记录	旧同株组装覆盖差异或映射缺失；不表示功能不存在	保留未取得
RU820_RS06370	KEGG afr	未关联到本地KEGG旧locus记录	旧同株组装覆盖差异或映射缺失；不表示功能不存在	保留未取得
RU820_RS06375	KEGG afr	未关联到本地KEGG旧locus记录	旧同株组装覆盖差异或映射缺失；不表示功能不存在	保留未取得
RU820_RS06380	KEGG afr	未关联到本地KEGG旧locus记录	旧同株组装覆盖差异或映射缺失；不表示功能不存在	保留未取得
RU820_RS06390	B1	旧locus未映射	当前基因存在；无法据此判断旧组装缺失或新基因	保留当前NCBI注释
RU820_RS06395	KEGG afr	未关联到本地KEGG旧locus记录	旧同株组装覆盖差异或映射缺失；不表示功能不存在	保留未取得
RU820_RS06400	KEGG afr	未关联到本地KEGG旧locus记录	旧同株组装覆盖差异或映射缺失；不表示功能不存在	保留未取得
RU820_RS06405	KEGG afr	未关联到本地KEGG旧locus记录	旧同株组装覆盖差异或映射缺失；不表示功能不存在	保留未取得
RU820_RS06410	KEGG afr	未关联到本地KEGG旧locus记录	旧同株组装覆盖差异或映射缺失；不表示功能不存在	保留未取得
RU820_RS06415	B1	旧locus未映射	当前基因存在；无法据此判断旧组装缺失或新基因	保留当前NCBI注释
RU820_RS06420	KEGG afr	未关联到本地KEGG旧locus记录	旧同株组装覆盖差异或映射缺失；不表示功能不存在	保留未取得
RU820_RS06425	KEGG afr	未关联到本地KEGG旧locus记录	旧同株组装覆盖差异或映射缺失；不表示功能不存在	保留未取得
RU820_RS06440	KEGG afr	未关联到本地KEGG旧locus记录	旧同株组装覆盖差异或映射缺失；不表示功能不存在	保留未取得
RU820_RS06450	KEGG afr	未关联到本地KEGG旧locus记录	旧同株组装覆盖差异或映射缺失；不表示功能不存在	保留未取得
RU820_RS06465	KEGG afr	未关联到本地KEGG旧locus记录	旧同株组装覆盖差异或映射缺失；不表示功能不存在	保留未取得
RU820_RS06470	Rhea	本地EC查询无命中或EC不完整	本轮已补查当前全基因完整四级EC；无命中不等于宿主无反应	保留未取得
RU820_RS06480	Rhea	本地EC查询无命中或EC不完整	本轮已补查当前全基因完整四级EC；无命中不等于宿主无反应	保留未取得
RU820_RS06485	KEGG afr	未关联到本地KEGG旧locus记录	旧同株组装覆盖差异或映射缺失；不表示功能不存在	保留未取得
RU820_RS06490	Rhea	本地EC查询无命中或EC不完整	本轮已补查当前全基因完整四级EC；无命中不等于宿主无反应	保留未取得
RU820_RS06525	Rhea	本地EC查询无命中或EC不完整	本轮已补查当前全基因完整四级EC；无命中不等于宿主无反应	保留未取得
RU820_RS06535	B1	旧locus未映射	当前基因存在；无法据此判断旧组装缺失或新基因	保留当前NCBI注释
RU820_RS06550	B1	旧locus未映射	当前基因存在；无法据此判断旧组装缺失或新基因	保留当前NCBI注释
RU820_RS06555	KEGG afr	未关联到本地KEGG旧locus记录	旧同株组装覆盖差异或映射缺失；不表示功能不存在	保留未取得
RU820_RS06560	KEGG afr	未关联到本地KEGG旧locus记录	旧同株组装覆盖差异或映射缺失；不表示功能不存在	保留未取得
RU820_RS06565	KEGG afr	未关联到本地KEGG旧locus记录	旧同株组装覆盖差异或映射缺失；不表示功能不存在	保留未取得
RU820_RS06570	B1	旧locus未映射	当前基因存在；无法据此判断旧组装缺失或新基因	保留当前NCBI注释
RU820_RS06575	KEGG afr	未关联到本地KEGG旧locus记录	旧同株组装覆盖差异或映射缺失；不表示功能不存在	保留未取得
RU820_RS06580	KEGG afr	未关联到本地KEGG旧locus记录	旧同株组装覆盖差异或映射缺失；不表示功能不存在	保留未取得
RU820_RS06585	B1	旧locus未映射	当前基因存在；无法据此判断旧组装缺失或新基因	保留当前NCBI注释
RU820_RS06590	KEGG afr	未关联到本地KEGG旧locus记录	旧同株组装覆盖差异或映射缺失；不表示功能不存在	保留未取得
RU820_RS06600	KEGG afr	未关联到本地KEGG旧locus记录	旧同株组装覆盖差异或映射缺失；不表示功能不存在	保留未取得
RU820_RS06605	KEGG afr	未关联到本地KEGG旧locus记录	旧同株组装覆盖差异或映射缺失；不表示功能不存在	保留未取得
RU820_RS06615	KEGG afr	未关联到本地KEGG旧locus记录	旧同株组装覆盖差异或映射缺失；不表示功能不存在	保留未取得
RU820_RS06620	KEGG afr	未关联到本地KEGG旧locus记录	旧同株组装覆盖差异或映射缺失；不表示功能不存在	保留未取得
RU820_RS06625	Rhea	本地EC查询无命中或EC不完整	本轮已补查当前全基因完整四级EC；无命中不等于宿主无反应	保留未取得
RU820_RS06635	B1	旧locus未映射	当前基因存在；无法据此判断旧组装缺失或新基因	保留当前NCBI注释
RU820_RS06660	B1	旧locus未映射	当前基因存在；无法据此判断旧组装缺失或新基因	保留当前NCBI注释
RU820_RS06670	KEGG afr	未关联到本地KEGG旧locus记录	旧同株组装覆盖差异或映射缺失；不表示功能不存在	保留未取得
RU820_RS06740	KEGG afr	未关联到本地KEGG旧locus记录	旧同株组装覆盖差异或映射缺失；不表示功能不存在	保留未取得
RU820_RS06755	Rhea	本地EC查询无命中或EC不完整	本轮已补查当前全基因完整四级EC；无命中不等于宿主无反应	保留未取得
RU820_RS06785	KEGG afr	未关联到本地KEGG旧locus记录	旧同株组装覆盖差异或映射缺失；不表示功能不存在	保留未取得
RU820_RS06810	KEGG afr	未关联到本地KEGG旧locus记录	旧同株组装覆盖差异或映射缺失；不表示功能不存在	保留未取得
RU820_RS06820	KEGG afr	未关联到本地KEGG旧locus记录	旧同株组装覆盖差异或映射缺失；不表示功能不存在	保留未取得
RU820_RS06830	KEGG afr	未关联到本地KEGG旧locus记录	旧同株组装覆盖差异或映射缺失；不表示功能不存在	保留未取得
RU820_RS06835	KEGG afr	未关联到本地KEGG旧locus记录	旧同株组装覆盖差异或映射缺失；不表示功能不存在	保留未取得
RU820_RS06860	KEGG afr	未关联到本地KEGG旧locus记录	旧同株组装覆盖差异或映射缺失；不表示功能不存在	保留未取得
RU820_RS06885	B1	旧locus未映射	当前基因存在；无法据此判断旧组装缺失或新基因	保留当前NCBI注释
RU820_RS06890	B1	旧locus未映射	当前基因存在；无法据此判断旧组装缺失或新基因	保留当前NCBI注释
RU820_RS06895	KEGG afr	未关联到本地KEGG旧locus记录	旧同株组装覆盖差异或映射缺失；不表示功能不存在	保留未取得
RU820_RS06935	KEGG afr	未关联到本地KEGG旧locus记录	旧同株组装覆盖差异或映射缺失；不表示功能不存在	保留未取得
RU820_RS06940	KEGG afr	未关联到本地KEGG旧locus记录	旧同株组装覆盖差异或映射缺失；不表示功能不存在	保留未取得
RU820_RS06950	KEGG afr	未关联到本地KEGG旧locus记录	旧同株组装覆盖差异或映射缺失；不表示功能不存在	保留未取得
RU820_RS06955	KEGG afr	未关联到本地KEGG旧locus记录	旧同株组装覆盖差异或映射缺失；不表示功能不存在	保留未取得
RU820_RS06960	KEGG afr	未关联到本地KEGG旧locus记录	旧同株组装覆盖差异或映射缺失；不表示功能不存在	保留未取得
RU820_RS06965	KEGG afr	未关联到本地KEGG旧locus记录	旧同株组装覆盖差异或映射缺失；不表示功能不存在	保留未取得
RU820_RS06970	KEGG afr	未关联到本地KEGG旧locus记录	旧同株组装覆盖差异或映射缺失；不表示功能不存在	保留未取得
RU820_RS07000	KEGG afr	未关联到本地KEGG旧locus记录	旧同株组装覆盖差异或映射缺失；不表示功能不存在	保留未取得
RU820_RS07005	KEGG afr	未关联到本地KEGG旧locus记录	旧同株组装覆盖差异或映射缺失；不表示功能不存在	保留未取得
RU820_RS07015	KEGG afr	未关联到本地KEGG旧locus记录	旧同株组装覆盖差异或映射缺失；不表示功能不存在	保留未取得
RU820_RS07020	KEGG afr	未关联到本地KEGG旧locus记录	旧同株组装覆盖差异或映射缺失；不表示功能不存在	保留未取得
RU820_RS07025	KEGG afr	未关联到本地KEGG旧locus记录	旧同株组装覆盖差异或映射缺失；不表示功能不存在	保留未取得
RU820_RS07045	KEGG afr	未关联到本地KEGG旧locus记录	旧同株组装覆盖差异或映射缺失；不表示功能不存在	保留未取得
RU820_RS07070	KEGG afr	未关联到本地KEGG旧locus记录	旧同株组装覆盖差异或映射缺失；不表示功能不存在	保留未取得
RU820_RS07095	KEGG afr	未关联到本地KEGG旧locus记录	旧同株组装覆盖差异或映射缺失；不表示功能不存在	保留未取得
RU820_RS07100	KEGG afr	未关联到本地KEGG旧locus记录	旧同株组装覆盖差异或映射缺失；不表示功能不存在	保留未取得
RU820_RS07105	KEGG afr	未关联到本地KEGG旧locus记录	旧同株组装覆盖差异或映射缺失；不表示功能不存在	保留未取得
RU820_RS07110	KEGG afr	未关联到本地KEGG旧locus记录	旧同株组装覆盖差异或映射缺失；不表示功能不存在	保留未取得
RU820_RS07115	KEGG afr	未关联到本地KEGG旧locus记录	旧同株组装覆盖差异或映射缺失；不表示功能不存在	保留未取得
RU820_RS07140	KEGG afr	未关联到本地KEGG旧locus记录	旧同株组装覆盖差异或映射缺失；不表示功能不存在	保留未取得
RU820_RS07145	KEGG afr	未关联到本地KEGG旧locus记录	旧同株组装覆盖差异或映射缺失；不表示功能不存在	保留未取得
RU820_RS07155	KEGG afr	未关联到本地KEGG旧locus记录	旧同株组装覆盖差异或映射缺失；不表示功能不存在	保留未取得
RU820_RS07160	B1	旧locus未映射	当前基因存在；无法据此判断旧组装缺失或新基因	保留当前NCBI注释
RU820_RS07170	KEGG afr	未关联到本地KEGG旧locus记录	旧同株组装覆盖差异或映射缺失；不表示功能不存在	保留未取得
RU820_RS07185	KEGG afr	未关联到本地KEGG旧locus记录	旧同株组装覆盖差异或映射缺失；不表示功能不存在	保留未取得
RU820_RS07190	KEGG afr	未关联到本地KEGG旧locus记录	旧同株组装覆盖差异或映射缺失；不表示功能不存在	保留未取得
RU820_RS07215	KEGG afr	未关联到本地KEGG旧locus记录	旧同株组装覆盖差异或映射缺失；不表示功能不存在	保留未取得
RU820_RS07220	B1	旧locus未映射	当前基因存在；无法据此判断旧组装缺失或新基因	保留当前NCBI注释
RU820_RS07225	KEGG afr	未关联到本地KEGG旧locus记录	旧同株组装覆盖差异或映射缺失；不表示功能不存在	保留未取得
RU820_RS07230	B1	旧locus未映射	当前基因存在；无法据此判断旧组装缺失或新基因	保留当前NCBI注释
RU820_RS07235	KEGG afr	未关联到本地KEGG旧locus记录	旧同株组装覆盖差异或映射缺失；不表示功能不存在	保留未取得
RU820_RS07240	KEGG afr	未关联到本地KEGG旧locus记录	旧同株组装覆盖差异或映射缺失；不表示功能不存在	保留未取得
RU820_RS07245	KEGG afr	未关联到本地KEGG旧locus记录	旧同株组装覆盖差异或映射缺失；不表示功能不存在	保留未取得
RU820_RS07250	KEGG afr	未关联到本地KEGG旧locus记录	旧同株组装覆盖差异或映射缺失；不表示功能不存在	保留未取得
RU820_RS07255	KEGG afr	未关联到本地KEGG旧locus记录	旧同株组装覆盖差异或映射缺失；不表示功能不存在	保留未取得
RU820_RS07260	KEGG afr	未关联到本地KEGG旧locus记录	旧同株组装覆盖差异或映射缺失；不表示功能不存在	保留未取得
RU820_RS07265	KEGG afr	未关联到本地KEGG旧locus记录	旧同株组装覆盖差异或映射缺失；不表示功能不存在	保留未取得
RU820_RS07270	KEGG afr	未关联到本地KEGG旧locus记录	旧同株组装覆盖差异或映射缺失；不表示功能不存在	保留未取得
RU820_RS07280	KEGG afr	未关联到本地KEGG旧locus记录	旧同株组装覆盖差异或映射缺失；不表示功能不存在	保留未取得
RU820_RS07295	KEGG afr	未关联到本地KEGG旧locus记录	旧同株组装覆盖差异或映射缺失；不表示功能不存在	保留未取得
RU820_RS07300	B1	旧locus未映射	当前基因存在；无法据此判断旧组装缺失或新基因	保留当前NCBI注释
RU820_RS07305	KEGG afr	未关联到本地KEGG旧locus记录	旧同株组装覆盖差异或映射缺失；不表示功能不存在	保留未取得
RU820_RS07310	Rhea	本地EC查询无命中或EC不完整	本轮已补查当前全基因完整四级EC；无命中不等于宿主无反应	保留未取得
RU820_RS07315	Rhea	本地EC查询无命中或EC不完整	本轮已补查当前全基因完整四级EC；无命中不等于宿主无反应	保留未取得
RU820_RS07325	KEGG afr	未关联到本地KEGG旧locus记录	旧同株组装覆盖差异或映射缺失；不表示功能不存在	保留未取得
RU820_RS07330	KEGG afr	未关联到本地KEGG旧locus记录	旧同株组装覆盖差异或映射缺失；不表示功能不存在	保留未取得
RU820_RS07335	KEGG afr	未关联到本地KEGG旧locus记录	旧同株组装覆盖差异或映射缺失；不表示功能不存在	保留未取得
RU820_RS07340	KEGG afr	未关联到本地KEGG旧locus记录	旧同株组装覆盖差异或映射缺失；不表示功能不存在	保留未取得
RU820_RS07355	KEGG afr	未关联到本地KEGG旧locus记录	旧同株组装覆盖差异或映射缺失；不表示功能不存在	保留未取得
RU820_RS07365	KEGG afr	未关联到本地KEGG旧locus记录	旧同株组装覆盖差异或映射缺失；不表示功能不存在	保留未取得
RU820_RS07380	KEGG afr	未关联到本地KEGG旧locus记录	旧同株组装覆盖差异或映射缺失；不表示功能不存在	保留未取得
RU820_RS07385	KEGG afr	未关联到本地KEGG旧locus记录	旧同株组装覆盖差异或映射缺失；不表示功能不存在	保留未取得
RU820_RS07390	KEGG afr	未关联到本地KEGG旧locus记录	旧同株组装覆盖差异或映射缺失；不表示功能不存在	保留未取得
RU820_RS07400	KEGG afr	未关联到本地KEGG旧locus记录	旧同株组装覆盖差异或映射缺失；不表示功能不存在	保留未取得
RU820_RS07405	B1	旧locus未映射	当前基因存在；无法据此判断旧组装缺失或新基因	保留当前NCBI注释
RU820_RS07410	B1	旧locus未映射	当前基因存在；无法据此判断旧组装缺失或新基因	保留当前NCBI注释
RU820_RS07455	KEGG afr	未关联到本地KEGG旧locus记录	旧同株组装覆盖差异或映射缺失；不表示功能不存在	保留未取得
RU820_RS07460	KEGG afr	未关联到本地KEGG旧locus记录	旧同株组装覆盖差异或映射缺失；不表示功能不存在	保留未取得
RU820_RS07465	B1	旧locus未映射	当前基因存在；无法据此判断旧组装缺失或新基因	保留当前NCBI注释
RU820_RS07470	KEGG afr	未关联到本地KEGG旧locus记录	旧同株组装覆盖差异或映射缺失；不表示功能不存在	保留未取得
RU820_RS07475	KEGG afr	未关联到本地KEGG旧locus记录	旧同株组装覆盖差异或映射缺失；不表示功能不存在	保留未取得
RU820_RS07480	KEGG afr	未关联到本地KEGG旧locus记录	旧同株组装覆盖差异或映射缺失；不表示功能不存在	保留未取得
RU820_RS07485	KEGG afr	未关联到本地KEGG旧locus记录	旧同株组装覆盖差异或映射缺失；不表示功能不存在	保留未取得
RU820_RS07490	KEGG afr	未关联到本地KEGG旧locus记录	旧同株组装覆盖差异或映射缺失；不表示功能不存在	保留未取得
RU820_RS07495	KEGG afr	未关联到本地KEGG旧locus记录	旧同株组装覆盖差异或映射缺失；不表示功能不存在	保留未取得
RU820_RS07500	KEGG afr	未关联到本地KEGG旧locus记录	旧同株组装覆盖差异或映射缺失；不表示功能不存在	保留未取得
RU820_RS07505	KEGG afr	未关联到本地KEGG旧locus记录	旧同株组装覆盖差异或映射缺失；不表示功能不存在	保留未取得
RU820_RS07510	B1	旧locus未映射	当前基因存在；无法据此判断旧组装缺失或新基因	保留当前NCBI注释
RU820_RS07515	KEGG afr	未关联到本地KEGG旧locus记录	旧同株组装覆盖差异或映射缺失；不表示功能不存在	保留未取得
RU820_RS07520	KEGG afr	未关联到本地KEGG旧locus记录	旧同株组装覆盖差异或映射缺失；不表示功能不存在	保留未取得
RU820_RS07525	KEGG afr	未关联到本地KEGG旧locus记录	旧同株组装覆盖差异或映射缺失；不表示功能不存在	保留未取得
RU820_RS07530	KEGG afr	未关联到本地KEGG旧locus记录	旧同株组装覆盖差异或映射缺失；不表示功能不存在	保留未取得
RU820_RS07535	KEGG afr	未关联到本地KEGG旧locus记录	旧同株组装覆盖差异或映射缺失；不表示功能不存在	保留未取得
RU820_RS07540	B1	旧locus未映射	当前基因存在；无法据此判断旧组装缺失或新基因	保留当前NCBI注释
RU820_RS07545	Rhea	本地EC查询无命中或EC不完整	本轮已补查当前全基因完整四级EC；无命中不等于宿主无反应	保留未取得
RU820_RS07550	KEGG afr	未关联到本地KEGG旧locus记录	旧同株组装覆盖差异或映射缺失；不表示功能不存在	保留未取得
RU820_RS07565	Rhea	本地EC查询无命中或EC不完整	本轮已补查当前全基因完整四级EC；无命中不等于宿主无反应	保留未取得
RU820_RS07570	KEGG afr	未关联到本地KEGG旧locus记录	旧同株组装覆盖差异或映射缺失；不表示功能不存在	保留未取得
RU820_RS07580	KEGG afr	未关联到本地KEGG旧locus记录	旧同株组装覆盖差异或映射缺失；不表示功能不存在	保留未取得
RU820_RS07590	KEGG afr	未关联到本地KEGG旧locus记录	旧同株组装覆盖差异或映射缺失；不表示功能不存在	保留未取得
RU820_RS07595	KEGG afr	未关联到本地KEGG旧locus记录	旧同株组装覆盖差异或映射缺失；不表示功能不存在	保留未取得
RU820_RS07600	Rhea	本地EC查询无命中或EC不完整	本轮已补查当前全基因完整四级EC；无命中不等于宿主无反应	保留未取得
RU820_RS07605	KEGG afr	未关联到本地KEGG旧locus记录	旧同株组装覆盖差异或映射缺失；不表示功能不存在	保留未取得
RU820_RS07615	KEGG afr	未关联到本地KEGG旧locus记录	旧同株组装覆盖差异或映射缺失；不表示功能不存在	保留未取得
RU820_RS07615	Rhea	本地EC查询无命中或EC不完整	本轮已补查当前全基因完整四级EC；无命中不等于宿主无反应	保留未取得
RU820_RS07620	KEGG afr	未关联到本地KEGG旧locus记录	旧同株组装覆盖差异或映射缺失；不表示功能不存在	保留未取得
RU820_RS07625	KEGG afr	未关联到本地KEGG旧locus记录	旧同株组装覆盖差异或映射缺失；不表示功能不存在	保留未取得
RU820_RS07630	KEGG afr	未关联到本地KEGG旧locus记录	旧同株组装覆盖差异或映射缺失；不表示功能不存在	保留未取得
RU820_RS07640	KEGG afr	未关联到本地KEGG旧locus记录	旧同株组装覆盖差异或映射缺失；不表示功能不存在	保留未取得
RU820_RS07650	KEGG afr	未关联到本地KEGG旧locus记录	旧同株组装覆盖差异或映射缺失；不表示功能不存在	保留未取得
RU820_RS07665	KEGG afr	未关联到本地KEGG旧locus记录	旧同株组装覆盖差异或映射缺失；不表示功能不存在	保留未取得
RU820_RS07675	KEGG afr	未关联到本地KEGG旧locus记录	旧同株组装覆盖差异或映射缺失；不表示功能不存在	保留未取得
RU820_RS07695	KEGG afr	未关联到本地KEGG旧locus记录	旧同株组装覆盖差异或映射缺失；不表示功能不存在	保留未取得
RU820_RS07700	KEGG afr	未关联到本地KEGG旧locus记录	旧同株组装覆盖差异或映射缺失；不表示功能不存在	保留未取得
RU820_RS07710	KEGG afr	未关联到本地KEGG旧locus记录	旧同株组装覆盖差异或映射缺失；不表示功能不存在	保留未取得
RU820_RS07715	KEGG afr	未关联到本地KEGG旧locus记录	旧同株组装覆盖差异或映射缺失；不表示功能不存在	保留未取得
RU820_RS07720	KEGG afr	未关联到本地KEGG旧locus记录	旧同株组装覆盖差异或映射缺失；不表示功能不存在	保留未取得
RU820_RS07765	KEGG afr	未关联到本地KEGG旧locus记录	旧同株组装覆盖差异或映射缺失；不表示功能不存在	保留未取得
RU820_RS07775	KEGG afr	未关联到本地KEGG旧locus记录	旧同株组装覆盖差异或映射缺失；不表示功能不存在	保留未取得
RU820_RS07780	KEGG afr	未关联到本地KEGG旧locus记录	旧同株组装覆盖差异或映射缺失；不表示功能不存在	保留未取得
RU820_RS07790	KEGG afr	未关联到本地KEGG旧locus记录	旧同株组装覆盖差异或映射缺失；不表示功能不存在	保留未取得
RU820_RS07795	KEGG afr	未关联到本地KEGG旧locus记录	旧同株组装覆盖差异或映射缺失；不表示功能不存在	保留未取得
RU820_RS07805	KEGG afr	未关联到本地KEGG旧locus记录	旧同株组装覆盖差异或映射缺失；不表示功能不存在	保留未取得
RU820_RS07820	B1	旧locus未映射	当前基因存在；无法据此判断旧组装缺失或新基因	保留当前NCBI注释
RU820_RS07825	KEGG afr	未关联到本地KEGG旧locus记录	旧同株组装覆盖差异或映射缺失；不表示功能不存在	保留未取得
RU820_RS07845	KEGG afr	未关联到本地KEGG旧locus记录	旧同株组装覆盖差异或映射缺失；不表示功能不存在	保留未取得
RU820_RS07850	B1	旧locus未映射	当前基因存在；无法据此判断旧组装缺失或新基因	保留当前NCBI注释
RU820_RS07855	Rhea	本地EC查询无命中或EC不完整	本轮已补查当前全基因完整四级EC；无命中不等于宿主无反应	保留未取得
RU820_RS07860	KEGG afr	未关联到本地KEGG旧locus记录	旧同株组装覆盖差异或映射缺失；不表示功能不存在	保留未取得
RU820_RS07865	KEGG afr	未关联到本地KEGG旧locus记录	旧同株组装覆盖差异或映射缺失；不表示功能不存在	保留未取得
RU820_RS07870	KEGG afr	未关联到本地KEGG旧locus记录	旧同株组装覆盖差异或映射缺失；不表示功能不存在	保留未取得
RU820_RS07875	B1	旧locus未映射	当前基因存在；无法据此判断旧组装缺失或新基因	保留当前NCBI注释
RU820_RS07900	KEGG afr	未关联到本地KEGG旧locus记录	旧同株组装覆盖差异或映射缺失；不表示功能不存在	保留未取得
RU820_RS07905	KEGG afr	未关联到本地KEGG旧locus记录	旧同株组装覆盖差异或映射缺失；不表示功能不存在	保留未取得
RU820_RS07910	KEGG afr	未关联到本地KEGG旧locus记录	旧同株组装覆盖差异或映射缺失；不表示功能不存在	保留未取得
RU820_RS07915	KEGG afr	未关联到本地KEGG旧locus记录	旧同株组装覆盖差异或映射缺失；不表示功能不存在	保留未取得
RU820_RS07920	KEGG afr	未关联到本地KEGG旧locus记录	旧同株组装覆盖差异或映射缺失；不表示功能不存在	保留未取得
RU820_RS07925	KEGG afr	未关联到本地KEGG旧locus记录	旧同株组装覆盖差异或映射缺失；不表示功能不存在	保留未取得
RU820_RS07940	KEGG afr	未关联到本地KEGG旧locus记录	旧同株组装覆盖差异或映射缺失；不表示功能不存在	保留未取得
RU820_RS07945	KEGG afr	未关联到本地KEGG旧locus记录	旧同株组装覆盖差异或映射缺失；不表示功能不存在	保留未取得
RU820_RS07950	KEGG afr	未关联到本地KEGG旧locus记录	旧同株组装覆盖差异或映射缺失；不表示功能不存在	保留未取得
RU820_RS07950	Rhea	本地EC查询无命中或EC不完整	本轮已补查当前全基因完整四级EC；无命中不等于宿主无反应	保留未取得
RU820_RS07955	KEGG afr	未关联到本地KEGG旧locus记录	旧同株组装覆盖差异或映射缺失；不表示功能不存在	保留未取得
RU820_RS07960	KEGG afr	未关联到本地KEGG旧locus记录	旧同株组装覆盖差异或映射缺失；不表示功能不存在	保留未取得
RU820_RS07965	KEGG afr	未关联到本地KEGG旧locus记录	旧同株组装覆盖差异或映射缺失；不表示功能不存在	保留未取得
RU820_RS07970	KEGG afr	未关联到本地KEGG旧locus记录	旧同株组装覆盖差异或映射缺失；不表示功能不存在	保留未取得
RU820_RS07975	B1	旧locus未映射	当前基因存在；无法据此判断旧组装缺失或新基因	保留当前NCBI注释
RU820_RS07980	KEGG afr	未关联到本地KEGG旧locus记录	旧同株组装覆盖差异或映射缺失；不表示功能不存在	保留未取得
RU820_RS07985	KEGG afr	未关联到本地KEGG旧locus记录	旧同株组装覆盖差异或映射缺失；不表示功能不存在	保留未取得
RU820_RS07995	KEGG afr	未关联到本地KEGG旧locus记录	旧同株组装覆盖差异或映射缺失；不表示功能不存在	保留未取得
RU820_RS08000	Rhea	本地EC查询无命中或EC不完整	本轮已补查当前全基因完整四级EC；无命中不等于宿主无反应	保留未取得
RU820_RS08005	B1	旧locus未映射	当前基因存在；无法据此判断旧组装缺失或新基因	保留当前NCBI注释
RU820_RS08030	KEGG afr	未关联到本地KEGG旧locus记录	旧同株组装覆盖差异或映射缺失；不表示功能不存在	保留未取得
RU820_RS08035	B1	旧locus未映射	当前基因存在；无法据此判断旧组装缺失或新基因	保留当前NCBI注释
RU820_RS08045	KEGG afr	未关联到本地KEGG旧locus记录	旧同株组装覆盖差异或映射缺失；不表示功能不存在	保留未取得
RU820_RS08050	B1	旧locus未映射	当前基因存在；无法据此判断旧组装缺失或新基因	保留当前NCBI注释
RU820_RS08065	KEGG afr	未关联到本地KEGG旧locus记录	旧同株组装覆盖差异或映射缺失；不表示功能不存在	保留未取得
RU820_RS08080	KEGG afr	未关联到本地KEGG旧locus记录	旧同株组装覆盖差异或映射缺失；不表示功能不存在	保留未取得
RU820_RS08085	KEGG afr	未关联到本地KEGG旧locus记录	旧同株组装覆盖差异或映射缺失；不表示功能不存在	保留未取得
RU820_RS08090	B1	旧locus未映射	当前基因存在；无法据此判断旧组装缺失或新基因	保留当前NCBI注释
RU820_RS08095	KEGG afr	未关联到本地KEGG旧locus记录	旧同株组装覆盖差异或映射缺失；不表示功能不存在	保留未取得
RU820_RS08115	KEGG afr	未关联到本地KEGG旧locus记录	旧同株组装覆盖差异或映射缺失；不表示功能不存在	保留未取得
RU820_RS08130	KEGG afr	未关联到本地KEGG旧locus记录	旧同株组装覆盖差异或映射缺失；不表示功能不存在	保留未取得
RU820_RS08135	B1	旧locus未映射	当前基因存在；无法据此判断旧组装缺失或新基因	保留当前NCBI注释
RU820_RS08140	KEGG afr	未关联到本地KEGG旧locus记录	旧同株组装覆盖差异或映射缺失；不表示功能不存在	保留未取得
RU820_RS08155	B1	旧locus未映射	当前基因存在；无法据此判断旧组装缺失或新基因	保留当前NCBI注释
RU820_RS08160	B1	旧locus未映射	当前基因存在；无法据此判断旧组装缺失或新基因	保留当前NCBI注释
RU820_RS08200	KEGG afr	未关联到本地KEGG旧locus记录	旧同株组装覆盖差异或映射缺失；不表示功能不存在	保留未取得
RU820_RS08205	B1	旧locus未映射	当前基因存在；无法据此判断旧组装缺失或新基因	保留当前NCBI注释
RU820_RS08210	KEGG afr	未关联到本地KEGG旧locus记录	旧同株组装覆盖差异或映射缺失；不表示功能不存在	保留未取得
RU820_RS08225	KEGG afr	未关联到本地KEGG旧locus记录	旧同株组装覆盖差异或映射缺失；不表示功能不存在	保留未取得
RU820_RS08230	KEGG afr	未关联到本地KEGG旧locus记录	旧同株组装覆盖差异或映射缺失；不表示功能不存在	保留未取得
RU820_RS08235	KEGG afr	未关联到本地KEGG旧locus记录	旧同株组装覆盖差异或映射缺失；不表示功能不存在	保留未取得
RU820_RS08240	KEGG afr	未关联到本地KEGG旧locus记录	旧同株组装覆盖差异或映射缺失；不表示功能不存在	保留未取得
RU820_RS08275	B1	旧locus未映射	当前基因存在；无法据此判断旧组装缺失或新基因	保留当前NCBI注释
RU820_RS08280	KEGG afr	未关联到本地KEGG旧locus记录	旧同株组装覆盖差异或映射缺失；不表示功能不存在	保留未取得
RU820_RS08290	KEGG afr	未关联到本地KEGG旧locus记录	旧同株组装覆盖差异或映射缺失；不表示功能不存在	保留未取得
RU820_RS08300	KEGG afr	未关联到本地KEGG旧locus记录	旧同株组装覆盖差异或映射缺失；不表示功能不存在	保留未取得
RU820_RS08315	KEGG afr	未关联到本地KEGG旧locus记录	旧同株组装覆盖差异或映射缺失；不表示功能不存在	保留未取得
RU820_RS08320	KEGG afr	未关联到本地KEGG旧locus记录	旧同株组装覆盖差异或映射缺失；不表示功能不存在	保留未取得
RU820_RS08360	KEGG afr	未关联到本地KEGG旧locus记录	旧同株组装覆盖差异或映射缺失；不表示功能不存在	保留未取得
RU820_RS08375	KEGG afr	未关联到本地KEGG旧locus记录	旧同株组装覆盖差异或映射缺失；不表示功能不存在	保留未取得
RU820_RS08380	Rhea	本地EC查询无命中或EC不完整	本轮已补查当前全基因完整四级EC；无命中不等于宿主无反应	保留未取得
RU820_RS08400	KEGG afr	未关联到本地KEGG旧locus记录	旧同株组装覆盖差异或映射缺失；不表示功能不存在	保留未取得
RU820_RS08420	Rhea	本地EC查询无命中或EC不完整	本轮已补查当前全基因完整四级EC；无命中不等于宿主无反应	保留未取得
RU820_RS08425	B1	旧locus未映射	当前基因存在；无法据此判断旧组装缺失或新基因	保留当前NCBI注释
RU820_RS08430	B1	旧locus未映射	当前基因存在；无法据此判断旧组装缺失或新基因	保留当前NCBI注释
RU820_RS08445	KEGG afr	未关联到本地KEGG旧locus记录	旧同株组装覆盖差异或映射缺失；不表示功能不存在	保留未取得
RU820_RS08455	KEGG afr	未关联到本地KEGG旧locus记录	旧同株组装覆盖差异或映射缺失；不表示功能不存在	保留未取得
RU820_RS08460	KEGG afr	未关联到本地KEGG旧locus记录	旧同株组装覆盖差异或映射缺失；不表示功能不存在	保留未取得
RU820_RS08470	B1	旧locus未映射	当前基因存在；无法据此判断旧组装缺失或新基因	保留当前NCBI注释
RU820_RS08480	B1	旧locus未映射	当前基因存在；无法据此判断旧组装缺失或新基因	保留当前NCBI注释
RU820_RS08485	KEGG afr	未关联到本地KEGG旧locus记录	旧同株组装覆盖差异或映射缺失；不表示功能不存在	保留未取得
RU820_RS08515	B1	旧locus未映射	当前基因存在；无法据此判断旧组装缺失或新基因	保留当前NCBI注释
RU820_RS08520	KEGG afr	未关联到本地KEGG旧locus记录	旧同株组装覆盖差异或映射缺失；不表示功能不存在	保留未取得
RU820_RS08525	KEGG afr	未关联到本地KEGG旧locus记录	旧同株组装覆盖差异或映射缺失；不表示功能不存在	保留未取得
RU820_RS08530	Rhea	本地EC查询无命中或EC不完整	本轮已补查当前全基因完整四级EC；无命中不等于宿主无反应	保留未取得
RU820_RS08535	KEGG afr	未关联到本地KEGG旧locus记录	旧同株组装覆盖差异或映射缺失；不表示功能不存在	保留未取得
RU820_RS08540	KEGG afr	未关联到本地KEGG旧locus记录	旧同株组装覆盖差异或映射缺失；不表示功能不存在	保留未取得
RU820_RS08545	KEGG afr	未关联到本地KEGG旧locus记录	旧同株组装覆盖差异或映射缺失；不表示功能不存在	保留未取得
RU820_RS08550	KEGG afr	未关联到本地KEGG旧locus记录	旧同株组装覆盖差异或映射缺失；不表示功能不存在	保留未取得
RU820_RS08560	KEGG afr	未关联到本地KEGG旧locus记录	旧同株组装覆盖差异或映射缺失；不表示功能不存在	保留未取得
RU820_RS08565	KEGG afr	未关联到本地KEGG旧locus记录	旧同株组装覆盖差异或映射缺失；不表示功能不存在	保留未取得
RU820_RS08575	KEGG afr	未关联到本地KEGG旧locus记录	旧同株组装覆盖差异或映射缺失；不表示功能不存在	保留未取得
RU820_RS08580	B1	旧locus未映射	当前基因存在；无法据此判断旧组装缺失或新基因	保留当前NCBI注释
RU820_RS08595	KEGG afr	未关联到本地KEGG旧locus记录	旧同株组装覆盖差异或映射缺失；不表示功能不存在	保留未取得
RU820_RS08600	KEGG afr	未关联到本地KEGG旧locus记录	旧同株组装覆盖差异或映射缺失；不表示功能不存在	保留未取得
RU820_RS08605	KEGG afr	未关联到本地KEGG旧locus记录	旧同株组装覆盖差异或映射缺失；不表示功能不存在	保留未取得
RU820_RS08610	KEGG afr	未关联到本地KEGG旧locus记录	旧同株组装覆盖差异或映射缺失；不表示功能不存在	保留未取得
RU820_RS08615	Rhea	本地EC查询无命中或EC不完整	本轮已补查当前全基因完整四级EC；无命中不等于宿主无反应	保留未取得
RU820_RS08635	Rhea	本地EC查询无命中或EC不完整	本轮已补查当前全基因完整四级EC；无命中不等于宿主无反应	保留未取得
RU820_RS08640	B1	旧locus未映射	当前基因存在；无法据此判断旧组装缺失或新基因	保留当前NCBI注释
RU820_RS08645	KEGG afr	未关联到本地KEGG旧locus记录	旧同株组装覆盖差异或映射缺失；不表示功能不存在	保留未取得
RU820_RS08655	B1	旧locus未映射	当前基因存在；无法据此判断旧组装缺失或新基因	保留当前NCBI注释
RU820_RS08675	KEGG afr	未关联到本地KEGG旧locus记录	旧同株组装覆盖差异或映射缺失；不表示功能不存在	保留未取得
RU820_RS08680	KEGG afr	未关联到本地KEGG旧locus记录	旧同株组装覆盖差异或映射缺失；不表示功能不存在	保留未取得
RU820_RS08720	B1	旧locus未映射	当前基因存在；无法据此判断旧组装缺失或新基因	保留当前NCBI注释
RU820_RS08725	B1	旧locus未映射	当前基因存在；无法据此判断旧组装缺失或新基因	保留当前NCBI注释
RU820_RS08730	Rhea	本地EC查询无命中或EC不完整	本轮已补查当前全基因完整四级EC；无命中不等于宿主无反应	保留未取得
RU820_RS08745	KEGG afr	未关联到本地KEGG旧locus记录	旧同株组装覆盖差异或映射缺失；不表示功能不存在	保留未取得
RU820_RS08850	B1	旧locus未映射	当前基因存在；无法据此判断旧组装缺失或新基因	保留当前NCBI注释
RU820_RS08855	B1	旧locus未映射	当前基因存在；无法据此判断旧组装缺失或新基因	保留当前NCBI注释
RU820_RS08865	B1	旧locus未映射	当前基因存在；无法据此判断旧组装缺失或新基因	保留当前NCBI注释
RU820_RS08890	KEGG afr	未关联到本地KEGG旧locus记录	旧同株组装覆盖差异或映射缺失；不表示功能不存在	保留未取得
RU820_RS08940	KEGG afr	未关联到本地KEGG旧locus记录	旧同株组装覆盖差异或映射缺失；不表示功能不存在	保留未取得
RU820_RS08955	KEGG afr	未关联到本地KEGG旧locus记录	旧同株组装覆盖差异或映射缺失；不表示功能不存在	保留未取得
RU820_RS08975	KEGG afr	未关联到本地KEGG旧locus记录	旧同株组装覆盖差异或映射缺失；不表示功能不存在	保留未取得
RU820_RS08990	B1	旧locus未映射	当前基因存在；无法据此判断旧组装缺失或新基因	保留当前NCBI注释
RU820_RS09010	B1	旧locus未映射	当前基因存在；无法据此判断旧组装缺失或新基因	保留当前NCBI注释
RU820_RS09015	KEGG afr	未关联到本地KEGG旧locus记录	旧同株组装覆盖差异或映射缺失；不表示功能不存在	保留未取得
RU820_RS09020	KEGG afr	未关联到本地KEGG旧locus记录	旧同株组装覆盖差异或映射缺失；不表示功能不存在	保留未取得
RU820_RS09025	KEGG afr	未关联到本地KEGG旧locus记录	旧同株组装覆盖差异或映射缺失；不表示功能不存在	保留未取得
RU820_RS09030	B1	旧locus未映射	当前基因存在；无法据此判断旧组装缺失或新基因	保留当前NCBI注释
RU820_RS09055	KEGG afr	未关联到本地KEGG旧locus记录	旧同株组装覆盖差异或映射缺失；不表示功能不存在	保留未取得
RU820_RS09060	Rhea	本地EC查询无命中或EC不完整	本轮已补查当前全基因完整四级EC；无命中不等于宿主无反应	保留未取得
RU820_RS09070	B1	旧locus未映射	当前基因存在；无法据此判断旧组装缺失或新基因	保留当前NCBI注释
RU820_RS09075	B1	旧locus未映射	当前基因存在；无法据此判断旧组装缺失或新基因	保留当前NCBI注释
RU820_RS09080	B1	旧locus未映射	当前基因存在；无法据此判断旧组装缺失或新基因	保留当前NCBI注释
RU820_RS09085	KEGG afr	未关联到本地KEGG旧locus记录	旧同株组装覆盖差异或映射缺失；不表示功能不存在	保留未取得
RU820_RS09140	Rhea	本地EC查询无命中或EC不完整	本轮已补查当前全基因完整四级EC；无命中不等于宿主无反应	保留未取得
RU820_RS09150	B1	旧locus未映射	当前基因存在；无法据此判断旧组装缺失或新基因	保留当前NCBI注释
RU820_RS09160	Rhea	本地EC查询无命中或EC不完整	本轮已补查当前全基因完整四级EC；无命中不等于宿主无反应	保留未取得
RU820_RS09165	KEGG afr	未关联到本地KEGG旧locus记录	旧同株组装覆盖差异或映射缺失；不表示功能不存在	保留未取得
RU820_RS09170	KEGG afr	未关联到本地KEGG旧locus记录	旧同株组装覆盖差异或映射缺失；不表示功能不存在	保留未取得
RU820_RS09175	B1	旧locus未映射	当前基因存在；无法据此判断旧组装缺失或新基因	保留当前NCBI注释
RU820_RS09190	KEGG afr	未关联到本地KEGG旧locus记录	旧同株组装覆盖差异或映射缺失；不表示功能不存在	保留未取得
RU820_RS09205	KEGG afr	未关联到本地KEGG旧locus记录	旧同株组装覆盖差异或映射缺失；不表示功能不存在	保留未取得
RU820_RS09210	KEGG afr	未关联到本地KEGG旧locus记录	旧同株组装覆盖差异或映射缺失；不表示功能不存在	保留未取得
RU820_RS09225	KEGG afr	未关联到本地KEGG旧locus记录	旧同株组装覆盖差异或映射缺失；不表示功能不存在	保留未取得
RU820_RS09230	KEGG afr	未关联到本地KEGG旧locus记录	旧同株组装覆盖差异或映射缺失；不表示功能不存在	保留未取得
RU820_RS09240	KEGG afr	未关联到本地KEGG旧locus记录	旧同株组装覆盖差异或映射缺失；不表示功能不存在	保留未取得
RU820_RS09245	KEGG afr	未关联到本地KEGG旧locus记录	旧同株组装覆盖差异或映射缺失；不表示功能不存在	保留未取得
RU820_RS09250	KEGG afr	未关联到本地KEGG旧locus记录	旧同株组装覆盖差异或映射缺失；不表示功能不存在	保留未取得
RU820_RS09255	B1	旧locus未映射	当前基因存在；无法据此判断旧组装缺失或新基因	保留当前NCBI注释
RU820_RS09260	KEGG afr	未关联到本地KEGG旧locus记录	旧同株组装覆盖差异或映射缺失；不表示功能不存在	保留未取得
RU820_RS09275	KEGG afr	未关联到本地KEGG旧locus记录	旧同株组装覆盖差异或映射缺失；不表示功能不存在	保留未取得
RU820_RS09280	KEGG afr	未关联到本地KEGG旧locus记录	旧同株组装覆盖差异或映射缺失；不表示功能不存在	保留未取得
RU820_RS09285	KEGG afr	未关联到本地KEGG旧locus记录	旧同株组装覆盖差异或映射缺失；不表示功能不存在	保留未取得
RU820_RS09290	KEGG afr	未关联到本地KEGG旧locus记录	旧同株组装覆盖差异或映射缺失；不表示功能不存在	保留未取得
RU820_RS09295	KEGG afr	未关联到本地KEGG旧locus记录	旧同株组装覆盖差异或映射缺失；不表示功能不存在	保留未取得
RU820_RS09300	KEGG afr	未关联到本地KEGG旧locus记录	旧同株组装覆盖差异或映射缺失；不表示功能不存在	保留未取得
RU820_RS09305	KEGG afr	未关联到本地KEGG旧locus记录	旧同株组装覆盖差异或映射缺失；不表示功能不存在	保留未取得
RU820_RS09310	KEGG afr	未关联到本地KEGG旧locus记录	旧同株组装覆盖差异或映射缺失；不表示功能不存在	保留未取得
RU820_RS09315	B1	旧locus未映射	当前基因存在；无法据此判断旧组装缺失或新基因	保留当前NCBI注释
RU820_RS09325	KEGG afr	未关联到本地KEGG旧locus记录	旧同株组装覆盖差异或映射缺失；不表示功能不存在	保留未取得
RU820_RS09330	KEGG afr	未关联到本地KEGG旧locus记录	旧同株组装覆盖差异或映射缺失；不表示功能不存在	保留未取得
RU820_RS09335	B1	旧locus未映射	当前基因存在；无法据此判断旧组装缺失或新基因	保留当前NCBI注释
RU820_RS09350	B1	旧locus未映射	当前基因存在；无法据此判断旧组装缺失或新基因	保留当前NCBI注释
RU820_RS09365	KEGG afr	未关联到本地KEGG旧locus记录	旧同株组装覆盖差异或映射缺失；不表示功能不存在	保留未取得
RU820_RS09375	Rhea	本地EC查询无命中或EC不完整	本轮已补查当前全基因完整四级EC；无命中不等于宿主无反应	保留未取得
RU820_RS09380	Rhea	本地EC查询无命中或EC不完整	本轮已补查当前全基因完整四级EC；无命中不等于宿主无反应	保留未取得
RU820_RS09385	Rhea	本地EC查询无命中或EC不完整	本轮已补查当前全基因完整四级EC；无命中不等于宿主无反应	保留未取得
RU820_RS09395	KEGG afr	未关联到本地KEGG旧locus记录	旧同株组装覆盖差异或映射缺失；不表示功能不存在	保留未取得
RU820_RS09400	KEGG afr	未关联到本地KEGG旧locus记录	旧同株组装覆盖差异或映射缺失；不表示功能不存在	保留未取得
RU820_RS09415	KEGG afr	未关联到本地KEGG旧locus记录	旧同株组装覆盖差异或映射缺失；不表示功能不存在	保留未取得
RU820_RS09425	KEGG afr	未关联到本地KEGG旧locus记录	旧同株组装覆盖差异或映射缺失；不表示功能不存在	保留未取得
RU820_RS09440	KEGG afr	未关联到本地KEGG旧locus记录	旧同株组装覆盖差异或映射缺失；不表示功能不存在	保留未取得
RU820_RS09450	KEGG afr	未关联到本地KEGG旧locus记录	旧同株组装覆盖差异或映射缺失；不表示功能不存在	保留未取得
RU820_RS09455	KEGG afr	未关联到本地KEGG旧locus记录	旧同株组装覆盖差异或映射缺失；不表示功能不存在	保留未取得
RU820_RS09460	B1	旧locus未映射	当前基因存在；无法据此判断旧组装缺失或新基因	保留当前NCBI注释
RU820_RS09465	KEGG afr	未关联到本地KEGG旧locus记录	旧同株组装覆盖差异或映射缺失；不表示功能不存在	保留未取得
RU820_RS09480	B1	旧locus未映射	当前基因存在；无法据此判断旧组装缺失或新基因	保留当前NCBI注释
RU820_RS09515	KEGG afr	未关联到本地KEGG旧locus记录	旧同株组装覆盖差异或映射缺失；不表示功能不存在	保留未取得
RU820_RS09525	B1	旧locus未映射	当前基因存在；无法据此判断旧组装缺失或新基因	保留当前NCBI注释
RU820_RS09595	KEGG afr	未关联到本地KEGG旧locus记录	旧同株组装覆盖差异或映射缺失；不表示功能不存在	保留未取得
RU820_RS09600	Rhea	本地EC查询无命中或EC不完整	本轮已补查当前全基因完整四级EC；无命中不等于宿主无反应	保留未取得
RU820_RS09610	Rhea	本地EC查询无命中或EC不完整	本轮已补查当前全基因完整四级EC；无命中不等于宿主无反应	保留未取得
RU820_RS09620	KEGG afr	未关联到本地KEGG旧locus记录	旧同株组装覆盖差异或映射缺失；不表示功能不存在	保留未取得
RU820_RS09625	KEGG afr	未关联到本地KEGG旧locus记录	旧同株组装覆盖差异或映射缺失；不表示功能不存在	保留未取得
RU820_RS09640	KEGG afr	未关联到本地KEGG旧locus记录	旧同株组装覆盖差异或映射缺失；不表示功能不存在	保留未取得
RU820_RS09655	B1	旧locus未映射	当前基因存在；无法据此判断旧组装缺失或新基因	保留当前NCBI注释
RU820_RS09660	KEGG afr	未关联到本地KEGG旧locus记录	旧同株组装覆盖差异或映射缺失；不表示功能不存在	保留未取得
RU820_RS09660	Rhea	本地EC查询无命中或EC不完整	本轮已补查当前全基因完整四级EC；无命中不等于宿主无反应	保留未取得
RU820_RS09665	KEGG afr	未关联到本地KEGG旧locus记录	旧同株组装覆盖差异或映射缺失；不表示功能不存在	保留未取得
RU820_RS09670	KEGG afr	未关联到本地KEGG旧locus记录	旧同株组装覆盖差异或映射缺失；不表示功能不存在	保留未取得
RU820_RS09680	KEGG afr	未关联到本地KEGG旧locus记录	旧同株组装覆盖差异或映射缺失；不表示功能不存在	保留未取得
RU820_RS09685	KEGG afr	未关联到本地KEGG旧locus记录	旧同株组装覆盖差异或映射缺失；不表示功能不存在	保留未取得
RU820_RS09690	B1	旧locus未映射	当前基因存在；无法据此判断旧组装缺失或新基因	保留当前NCBI注释
RU820_RS09695	B1	旧locus未映射	当前基因存在；无法据此判断旧组装缺失或新基因	保留当前NCBI注释
RU820_RS09700	B1	旧locus未映射	当前基因存在；无法据此判断旧组装缺失或新基因	保留当前NCBI注释
RU820_RS09710	B1	旧locus未映射	当前基因存在；无法据此判断旧组装缺失或新基因	保留当前NCBI注释
RU820_RS09740	B1	旧locus未映射	当前基因存在；无法据此判断旧组装缺失或新基因	保留当前NCBI注释
RU820_RS09745	B1	旧locus未映射	当前基因存在；无法据此判断旧组装缺失或新基因	保留当前NCBI注释
RU820_RS09770	KEGG afr	未关联到本地KEGG旧locus记录	旧同株组装覆盖差异或映射缺失；不表示功能不存在	保留未取得
RU820_RS09775	KEGG afr	未关联到本地KEGG旧locus记录	旧同株组装覆盖差异或映射缺失；不表示功能不存在	保留未取得
RU820_RS09780	B1	旧locus未映射	当前基因存在；无法据此判断旧组装缺失或新基因	保留当前NCBI注释
RU820_RS09790	KEGG afr	未关联到本地KEGG旧locus记录	旧同株组装覆盖差异或映射缺失；不表示功能不存在	保留未取得
RU820_RS09795	KEGG afr	未关联到本地KEGG旧locus记录	旧同株组装覆盖差异或映射缺失；不表示功能不存在	保留未取得
RU820_RS09800	KEGG afr	未关联到本地KEGG旧locus记录	旧同株组装覆盖差异或映射缺失；不表示功能不存在	保留未取得
RU820_RS09810	KEGG afr	未关联到本地KEGG旧locus记录	旧同株组装覆盖差异或映射缺失；不表示功能不存在	保留未取得
RU820_RS09835	B1	旧locus未映射	当前基因存在；无法据此判断旧组装缺失或新基因	保留当前NCBI注释
RU820_RS09850	B1	旧locus未映射	当前基因存在；无法据此判断旧组装缺失或新基因	保留当前NCBI注释
RU820_RS09865	KEGG afr	未关联到本地KEGG旧locus记录	旧同株组装覆盖差异或映射缺失；不表示功能不存在	保留未取得
RU820_RS09885	KEGG afr	未关联到本地KEGG旧locus记录	旧同株组装覆盖差异或映射缺失；不表示功能不存在	保留未取得
RU820_RS09890	KEGG afr	未关联到本地KEGG旧locus记录	旧同株组装覆盖差异或映射缺失；不表示功能不存在	保留未取得
RU820_RS09905	B1	旧locus未映射	当前基因存在；无法据此判断旧组装缺失或新基因	保留当前NCBI注释
RU820_RS09915	KEGG afr	未关联到本地KEGG旧locus记录	旧同株组装覆盖差异或映射缺失；不表示功能不存在	保留未取得
RU820_RS09920	Rhea	本地EC查询无命中或EC不完整	本轮已补查当前全基因完整四级EC；无命中不等于宿主无反应	保留未取得
RU820_RS09940	KEGG afr	未关联到本地KEGG旧locus记录	旧同株组装覆盖差异或映射缺失；不表示功能不存在	保留未取得
RU820_RS09950	KEGG afr	未关联到本地KEGG旧locus记录	旧同株组装覆盖差异或映射缺失；不表示功能不存在	保留未取得
RU820_RS09965	KEGG afr	未关联到本地KEGG旧locus记录	旧同株组装覆盖差异或映射缺失；不表示功能不存在	保留未取得
RU820_RS09970	KEGG afr	未关联到本地KEGG旧locus记录	旧同株组装覆盖差异或映射缺失；不表示功能不存在	保留未取得
RU820_RS10005	KEGG afr	未关联到本地KEGG旧locus记录	旧同株组装覆盖差异或映射缺失；不表示功能不存在	保留未取得
RU820_RS10010	KEGG afr	未关联到本地KEGG旧locus记录	旧同株组装覆盖差异或映射缺失；不表示功能不存在	保留未取得
RU820_RS10015	KEGG afr	未关联到本地KEGG旧locus记录	旧同株组装覆盖差异或映射缺失；不表示功能不存在	保留未取得
RU820_RS10035	KEGG afr	未关联到本地KEGG旧locus记录	旧同株组装覆盖差异或映射缺失；不表示功能不存在	保留未取得
RU820_RS10040	KEGG afr	未关联到本地KEGG旧locus记录	旧同株组装覆盖差异或映射缺失；不表示功能不存在	保留未取得
RU820_RS10045	Rhea	本地EC查询无命中或EC不完整	本轮已补查当前全基因完整四级EC；无命中不等于宿主无反应	保留未取得
RU820_RS10050	Rhea	本地EC查询无命中或EC不完整	本轮已补查当前全基因完整四级EC；无命中不等于宿主无反应	保留未取得
RU820_RS10055	KEGG afr	未关联到本地KEGG旧locus记录	旧同株组装覆盖差异或映射缺失；不表示功能不存在	保留未取得
RU820_RS10065	KEGG afr	未关联到本地KEGG旧locus记录	旧同株组装覆盖差异或映射缺失；不表示功能不存在	保留未取得
RU820_RS10070	KEGG afr	未关联到本地KEGG旧locus记录	旧同株组装覆盖差异或映射缺失；不表示功能不存在	保留未取得
RU820_RS10075	KEGG afr	未关联到本地KEGG旧locus记录	旧同株组装覆盖差异或映射缺失；不表示功能不存在	保留未取得
RU820_RS10080	KEGG afr	未关联到本地KEGG旧locus记录	旧同株组装覆盖差异或映射缺失；不表示功能不存在	保留未取得
RU820_RS10090	B1	旧locus未映射	当前基因存在；无法据此判断旧组装缺失或新基因	保留当前NCBI注释
RU820_RS10095	KEGG afr	未关联到本地KEGG旧locus记录	旧同株组装覆盖差异或映射缺失；不表示功能不存在	保留未取得
RU820_RS10125	B1	旧locus未映射	当前基因存在；无法据此判断旧组装缺失或新基因	保留当前NCBI注释
RU820_RS10135	KEGG afr	未关联到本地KEGG旧locus记录	旧同株组装覆盖差异或映射缺失；不表示功能不存在	保留未取得
RU820_RS10155	KEGG afr	未关联到本地KEGG旧locus记录	旧同株组装覆盖差异或映射缺失；不表示功能不存在	保留未取得
RU820_RS10160	B1	旧locus未映射	当前基因存在；无法据此判断旧组装缺失或新基因	保留当前NCBI注释
RU820_RS10165	Rhea	本地EC查询无命中或EC不完整	本轮已补查当前全基因完整四级EC；无命中不等于宿主无反应	保留未取得
RU820_RS10170	Rhea	本地EC查询无命中或EC不完整	本轮已补查当前全基因完整四级EC；无命中不等于宿主无反应	保留未取得
RU820_RS10175	Rhea	本地EC查询无命中或EC不完整	本轮已补查当前全基因完整四级EC；无命中不等于宿主无反应	保留未取得
RU820_RS10185	B1	旧locus未映射	当前基因存在；无法据此判断旧组装缺失或新基因	保留当前NCBI注释
RU820_RS10205	KEGG afr	未关联到本地KEGG旧locus记录	旧同株组装覆盖差异或映射缺失；不表示功能不存在	保留未取得
RU820_RS10210	KEGG afr	未关联到本地KEGG旧locus记录	旧同株组装覆盖差异或映射缺失；不表示功能不存在	保留未取得
RU820_RS10220	KEGG afr	未关联到本地KEGG旧locus记录	旧同株组装覆盖差异或映射缺失；不表示功能不存在	保留未取得
RU820_RS10225	KEGG afr	未关联到本地KEGG旧locus记录	旧同株组装覆盖差异或映射缺失；不表示功能不存在	保留未取得
RU820_RS10230	B1	旧locus未映射	当前基因存在；无法据此判断旧组装缺失或新基因	保留当前NCBI注释
RU820_RS10235	KEGG afr	未关联到本地KEGG旧locus记录	旧同株组装覆盖差异或映射缺失；不表示功能不存在	保留未取得
RU820_RS10240	KEGG afr	未关联到本地KEGG旧locus记录	旧同株组装覆盖差异或映射缺失；不表示功能不存在	保留未取得
RU820_RS10245	KEGG afr	未关联到本地KEGG旧locus记录	旧同株组装覆盖差异或映射缺失；不表示功能不存在	保留未取得
RU820_RS10250	KEGG afr	未关联到本地KEGG旧locus记录	旧同株组装覆盖差异或映射缺失；不表示功能不存在	保留未取得
RU820_RS10265	Rhea	本地EC查询无命中或EC不完整	本轮已补查当前全基因完整四级EC；无命中不等于宿主无反应	保留未取得
RU820_RS10285	Rhea	本地EC查询无命中或EC不完整	本轮已补查当前全基因完整四级EC；无命中不等于宿主无反应	保留未取得
RU820_RS10295	B1	旧locus未映射	当前基因存在；无法据此判断旧组装缺失或新基因	保留当前NCBI注释
RU820_RS10300	B1	旧locus未映射	当前基因存在；无法据此判断旧组装缺失或新基因	保留当前NCBI注释
RU820_RS10315	Rhea	本地EC查询无命中或EC不完整	本轮已补查当前全基因完整四级EC；无命中不等于宿主无反应	保留未取得
RU820_RS10320	KEGG afr	未关联到本地KEGG旧locus记录	旧同株组装覆盖差异或映射缺失；不表示功能不存在	保留未取得
RU820_RS10335	B1	旧locus未映射	当前基因存在；无法据此判断旧组装缺失或新基因	保留当前NCBI注释
RU820_RS10340	KEGG afr	未关联到本地KEGG旧locus记录	旧同株组装覆盖差异或映射缺失；不表示功能不存在	保留未取得
RU820_RS10350	KEGG afr	未关联到本地KEGG旧locus记录	旧同株组装覆盖差异或映射缺失；不表示功能不存在	保留未取得
RU820_RS10360	KEGG afr	未关联到本地KEGG旧locus记录	旧同株组装覆盖差异或映射缺失；不表示功能不存在	保留未取得
RU820_RS10365	KEGG afr	未关联到本地KEGG旧locus记录	旧同株组装覆盖差异或映射缺失；不表示功能不存在	保留未取得
RU820_RS10380	KEGG afr	未关联到本地KEGG旧locus记录	旧同株组装覆盖差异或映射缺失；不表示功能不存在	保留未取得
RU820_RS10390	KEGG afr	未关联到本地KEGG旧locus记录	旧同株组装覆盖差异或映射缺失；不表示功能不存在	保留未取得
RU820_RS10395	B1	旧locus未映射	当前基因存在；无法据此判断旧组装缺失或新基因	保留当前NCBI注释
RU820_RS10405	KEGG afr	未关联到本地KEGG旧locus记录	旧同株组装覆盖差异或映射缺失；不表示功能不存在	保留未取得
RU820_RS10410	KEGG afr	未关联到本地KEGG旧locus记录	旧同株组装覆盖差异或映射缺失；不表示功能不存在	保留未取得
RU820_RS10415	KEGG afr	未关联到本地KEGG旧locus记录	旧同株组装覆盖差异或映射缺失；不表示功能不存在	保留未取得
RU820_RS10425	KEGG afr	未关联到本地KEGG旧locus记录	旧同株组装覆盖差异或映射缺失；不表示功能不存在	保留未取得
RU820_RS10455	KEGG afr	未关联到本地KEGG旧locus记录	旧同株组装覆盖差异或映射缺失；不表示功能不存在	保留未取得
RU820_RS10460	KEGG afr	未关联到本地KEGG旧locus记录	旧同株组装覆盖差异或映射缺失；不表示功能不存在	保留未取得
RU820_RS10465	KEGG afr	未关联到本地KEGG旧locus记录	旧同株组装覆盖差异或映射缺失；不表示功能不存在	保留未取得
RU820_RS10490	KEGG afr	未关联到本地KEGG旧locus记录	旧同株组装覆盖差异或映射缺失；不表示功能不存在	保留未取得
RU820_RS10500	KEGG afr	未关联到本地KEGG旧locus记录	旧同株组装覆盖差异或映射缺失；不表示功能不存在	保留未取得
RU820_RS10510	KEGG afr	未关联到本地KEGG旧locus记录	旧同株组装覆盖差异或映射缺失；不表示功能不存在	保留未取得
RU820_RS10555	KEGG afr	未关联到本地KEGG旧locus记录	旧同株组装覆盖差异或映射缺失；不表示功能不存在	保留未取得
RU820_RS10570	KEGG afr	未关联到本地KEGG旧locus记录	旧同株组装覆盖差异或映射缺失；不表示功能不存在	保留未取得
RU820_RS10575	B1	旧locus未映射	当前基因存在；无法据此判断旧组装缺失或新基因	保留当前NCBI注释
RU820_RS10580	B1	旧locus未映射	当前基因存在；无法据此判断旧组装缺失或新基因	保留当前NCBI注释
RU820_RS10590	KEGG afr	未关联到本地KEGG旧locus记录	旧同株组装覆盖差异或映射缺失；不表示功能不存在	保留未取得
RU820_RS10595	KEGG afr	未关联到本地KEGG旧locus记录	旧同株组装覆盖差异或映射缺失；不表示功能不存在	保留未取得
RU820_RS10605	KEGG afr	未关联到本地KEGG旧locus记录	旧同株组装覆盖差异或映射缺失；不表示功能不存在	保留未取得
RU820_RS10635	KEGG afr	未关联到本地KEGG旧locus记录	旧同株组装覆盖差异或映射缺失；不表示功能不存在	保留未取得
RU820_RS10645	KEGG afr	未关联到本地KEGG旧locus记录	旧同株组装覆盖差异或映射缺失；不表示功能不存在	保留未取得
RU820_RS10655	KEGG afr	未关联到本地KEGG旧locus记录	旧同株组装覆盖差异或映射缺失；不表示功能不存在	保留未取得
RU820_RS10660	KEGG afr	未关联到本地KEGG旧locus记录	旧同株组装覆盖差异或映射缺失；不表示功能不存在	保留未取得
RU820_RS10670	KEGG afr	未关联到本地KEGG旧locus记录	旧同株组装覆盖差异或映射缺失；不表示功能不存在	保留未取得
RU820_RS10675	KEGG afr	未关联到本地KEGG旧locus记录	旧同株组装覆盖差异或映射缺失；不表示功能不存在	保留未取得
RU820_RS10685	B1	旧locus未映射	当前基因存在；无法据此判断旧组装缺失或新基因	保留当前NCBI注释
RU820_RS10695	Rhea	本地EC查询无命中或EC不完整	本轮已补查当前全基因完整四级EC；无命中不等于宿主无反应	保留未取得
RU820_RS10705	Rhea	本地EC查询无命中或EC不完整	本轮已补查当前全基因完整四级EC；无命中不等于宿主无反应	保留未取得
RU820_RS10710	KEGG afr	未关联到本地KEGG旧locus记录	旧同株组装覆盖差异或映射缺失；不表示功能不存在	保留未取得
RU820_RS10720	KEGG afr	未关联到本地KEGG旧locus记录	旧同株组装覆盖差异或映射缺失；不表示功能不存在	保留未取得
RU820_RS10730	KEGG afr	未关联到本地KEGG旧locus记录	旧同株组装覆盖差异或映射缺失；不表示功能不存在	保留未取得
RU820_RS10735	B1	旧locus未映射	当前基因存在；无法据此判断旧组装缺失或新基因	保留当前NCBI注释
RU820_RS10745	KEGG afr	未关联到本地KEGG旧locus记录	旧同株组装覆盖差异或映射缺失；不表示功能不存在	保留未取得
RU820_RS10750	KEGG afr	未关联到本地KEGG旧locus记录	旧同株组装覆盖差异或映射缺失；不表示功能不存在	保留未取得
RU820_RS10760	KEGG afr	未关联到本地KEGG旧locus记录	旧同株组装覆盖差异或映射缺失；不表示功能不存在	保留未取得
RU820_RS10765	B1	旧locus未映射	当前基因存在；无法据此判断旧组装缺失或新基因	保留当前NCBI注释
RU820_RS10770	B1	旧locus未映射	当前基因存在；无法据此判断旧组装缺失或新基因	保留当前NCBI注释
RU820_RS10775	Rhea	本地EC查询无命中或EC不完整	本轮已补查当前全基因完整四级EC；无命中不等于宿主无反应	保留未取得
RU820_RS10810	KEGG afr	未关联到本地KEGG旧locus记录	旧同株组装覆盖差异或映射缺失；不表示功能不存在	保留未取得
RU820_RS10820	KEGG afr	未关联到本地KEGG旧locus记录	旧同株组装覆盖差异或映射缺失；不表示功能不存在	保留未取得
RU820_RS10835	B1	旧locus未映射	当前基因存在；无法据此判断旧组装缺失或新基因	保留当前NCBI注释
RU820_RS10845	Rhea	本地EC查询无命中或EC不完整	本轮已补查当前全基因完整四级EC；无命中不等于宿主无反应	保留未取得
RU820_RS10855	KEGG afr	未关联到本地KEGG旧locus记录	旧同株组装覆盖差异或映射缺失；不表示功能不存在	保留未取得
RU820_RS10860	B1	旧locus未映射	当前基因存在；无法据此判断旧组装缺失或新基因	保留当前NCBI注释
RU820_RS10880	KEGG afr	未关联到本地KEGG旧locus记录	旧同株组装覆盖差异或映射缺失；不表示功能不存在	保留未取得
RU820_RS10890	B1	旧locus未映射	当前基因存在；无法据此判断旧组装缺失或新基因	保留当前NCBI注释
RU820_RS10900	Rhea	本地EC查询无命中或EC不完整	本轮已补查当前全基因完整四级EC；无命中不等于宿主无反应	保留未取得
RU820_RS10915	KEGG afr	未关联到本地KEGG旧locus记录	旧同株组装覆盖差异或映射缺失；不表示功能不存在	保留未取得
RU820_RS10920	KEGG afr	未关联到本地KEGG旧locus记录	旧同株组装覆盖差异或映射缺失；不表示功能不存在	保留未取得
RU820_RS10940	KEGG afr	未关联到本地KEGG旧locus记录	旧同株组装覆盖差异或映射缺失；不表示功能不存在	保留未取得
RU820_RS10945	B1	旧locus未映射	当前基因存在；无法据此判断旧组装缺失或新基因	保留当前NCBI注释
RU820_RS10955	KEGG afr	未关联到本地KEGG旧locus记录	旧同株组装覆盖差异或映射缺失；不表示功能不存在	保留未取得
RU820_RS10960	KEGG afr	未关联到本地KEGG旧locus记录	旧同株组装覆盖差异或映射缺失；不表示功能不存在	保留未取得
RU820_RS10965	KEGG afr	未关联到本地KEGG旧locus记录	旧同株组装覆盖差异或映射缺失；不表示功能不存在	保留未取得
RU820_RS10970	KEGG afr	未关联到本地KEGG旧locus记录	旧同株组装覆盖差异或映射缺失；不表示功能不存在	保留未取得
RU820_RS10975	Rhea	本地EC查询无命中或EC不完整	本轮已补查当前全基因完整四级EC；无命中不等于宿主无反应	保留未取得
RU820_RS10980	B1	旧locus未映射	当前基因存在；无法据此判断旧组装缺失或新基因	保留当前NCBI注释
RU820_RS10985	KEGG afr	未关联到本地KEGG旧locus记录	旧同株组装覆盖差异或映射缺失；不表示功能不存在	保留未取得
RU820_RS10990	Rhea	本地EC查询无命中或EC不完整	本轮已补查当前全基因完整四级EC；无命中不等于宿主无反应	保留未取得
RU820_RS11000	KEGG afr	未关联到本地KEGG旧locus记录	旧同株组装覆盖差异或映射缺失；不表示功能不存在	保留未取得
RU820_RS11005	KEGG afr	未关联到本地KEGG旧locus记录	旧同株组装覆盖差异或映射缺失；不表示功能不存在	保留未取得
RU820_RS11035	KEGG afr	未关联到本地KEGG旧locus记录	旧同株组装覆盖差异或映射缺失；不表示功能不存在	保留未取得
RU820_RS11040	B1	旧locus未映射	当前基因存在；无法据此判断旧组装缺失或新基因	保留当前NCBI注释
RU820_RS11045	KEGG afr	未关联到本地KEGG旧locus记录	旧同株组装覆盖差异或映射缺失；不表示功能不存在	保留未取得
RU820_RS11055	B1	旧locus未映射	当前基因存在；无法据此判断旧组装缺失或新基因	保留当前NCBI注释
RU820_RS11070	KEGG afr	未关联到本地KEGG旧locus记录	旧同株组装覆盖差异或映射缺失；不表示功能不存在	保留未取得
RU820_RS11080	KEGG afr	未关联到本地KEGG旧locus记录	旧同株组装覆盖差异或映射缺失；不表示功能不存在	保留未取得
RU820_RS11090	KEGG afr	未关联到本地KEGG旧locus记录	旧同株组装覆盖差异或映射缺失；不表示功能不存在	保留未取得
RU820_RS11095	KEGG afr	未关联到本地KEGG旧locus记录	旧同株组装覆盖差异或映射缺失；不表示功能不存在	保留未取得
RU820_RS11100	KEGG afr	未关联到本地KEGG旧locus记录	旧同株组装覆盖差异或映射缺失；不表示功能不存在	保留未取得
RU820_RS11105	B1	旧locus未映射	当前基因存在；无法据此判断旧组装缺失或新基因	保留当前NCBI注释
RU820_RS11115	B1	旧locus未映射	当前基因存在；无法据此判断旧组装缺失或新基因	保留当前NCBI注释
RU820_RS11120	B1	旧locus未映射	当前基因存在；无法据此判断旧组装缺失或新基因	保留当前NCBI注释
RU820_RS11125	KEGG afr	未关联到本地KEGG旧locus记录	旧同株组装覆盖差异或映射缺失；不表示功能不存在	保留未取得
RU820_RS11130	KEGG afr	未关联到本地KEGG旧locus记录	旧同株组装覆盖差异或映射缺失；不表示功能不存在	保留未取得
RU820_RS11140	B1	旧locus未映射	当前基因存在；无法据此判断旧组装缺失或新基因	保留当前NCBI注释
RU820_RS11145	KEGG afr	未关联到本地KEGG旧locus记录	旧同株组装覆盖差异或映射缺失；不表示功能不存在	保留未取得
RU820_RS11155	KEGG afr	未关联到本地KEGG旧locus记录	旧同株组装覆盖差异或映射缺失；不表示功能不存在	保留未取得
RU820_RS11160	B1	旧locus未映射	当前基因存在；无法据此判断旧组装缺失或新基因	保留当前NCBI注释
RU820_RS11165	KEGG afr	未关联到本地KEGG旧locus记录	旧同株组装覆盖差异或映射缺失；不表示功能不存在	保留未取得
RU820_RS11170	KEGG afr	未关联到本地KEGG旧locus记录	旧同株组装覆盖差异或映射缺失；不表示功能不存在	保留未取得
RU820_RS11180	KEGG afr	未关联到本地KEGG旧locus记录	旧同株组装覆盖差异或映射缺失；不表示功能不存在	保留未取得
RU820_RS11185	KEGG afr	未关联到本地KEGG旧locus记录	旧同株组装覆盖差异或映射缺失；不表示功能不存在	保留未取得
RU820_RS11195	KEGG afr	未关联到本地KEGG旧locus记录	旧同株组装覆盖差异或映射缺失；不表示功能不存在	保留未取得
RU820_RS11200	KEGG afr	未关联到本地KEGG旧locus记录	旧同株组装覆盖差异或映射缺失；不表示功能不存在	保留未取得
RU820_RS11205	B1	旧locus未映射	当前基因存在；无法据此判断旧组装缺失或新基因	保留当前NCBI注释
RU820_RS11220	KEGG afr	未关联到本地KEGG旧locus记录	旧同株组装覆盖差异或映射缺失；不表示功能不存在	保留未取得
RU820_RS11245	KEGG afr	未关联到本地KEGG旧locus记录	旧同株组装覆盖差异或映射缺失；不表示功能不存在	保留未取得
RU820_RS11270	KEGG afr	未关联到本地KEGG旧locus记录	旧同株组装覆盖差异或映射缺失；不表示功能不存在	保留未取得
RU820_RS11275	B1	旧locus未映射	当前基因存在；无法据此判断旧组装缺失或新基因	保留当前NCBI注释
RU820_RS11285	B1	旧locus未映射	当前基因存在；无法据此判断旧组装缺失或新基因	保留当前NCBI注释
RU820_RS11290	KEGG afr	未关联到本地KEGG旧locus记录	旧同株组装覆盖差异或映射缺失；不表示功能不存在	保留未取得
RU820_RS11295	KEGG afr	未关联到本地KEGG旧locus记录	旧同株组装覆盖差异或映射缺失；不表示功能不存在	保留未取得
RU820_RS11325	KEGG afr	未关联到本地KEGG旧locus记录	旧同株组装覆盖差异或映射缺失；不表示功能不存在	保留未取得
RU820_RS11330	KEGG afr	未关联到本地KEGG旧locus记录	旧同株组装覆盖差异或映射缺失；不表示功能不存在	保留未取得
RU820_RS11335	KEGG afr	未关联到本地KEGG旧locus记录	旧同株组装覆盖差异或映射缺失；不表示功能不存在	保留未取得
RU820_RS11340	KEGG afr	未关联到本地KEGG旧locus记录	旧同株组装覆盖差异或映射缺失；不表示功能不存在	保留未取得
RU820_RS11350	KEGG afr	未关联到本地KEGG旧locus记录	旧同株组装覆盖差异或映射缺失；不表示功能不存在	保留未取得
RU820_RS11360	KEGG afr	未关联到本地KEGG旧locus记录	旧同株组装覆盖差异或映射缺失；不表示功能不存在	保留未取得
RU820_RS11370	KEGG afr	未关联到本地KEGG旧locus记录	旧同株组装覆盖差异或映射缺失；不表示功能不存在	保留未取得
RU820_RS11385	B1	旧locus未映射	当前基因存在；无法据此判断旧组装缺失或新基因	保留当前NCBI注释
RU820_RS11390	B1	旧locus未映射	当前基因存在；无法据此判断旧组装缺失或新基因	保留当前NCBI注释
RU820_RS11395	B1	旧locus未映射	当前基因存在；无法据此判断旧组装缺失或新基因	保留当前NCBI注释
RU820_RS11400	B1	旧locus未映射	当前基因存在；无法据此判断旧组装缺失或新基因	保留当前NCBI注释
RU820_RS11420	KEGG afr	未关联到本地KEGG旧locus记录	旧同株组装覆盖差异或映射缺失；不表示功能不存在	保留未取得
RU820_RS11430	KEGG afr	未关联到本地KEGG旧locus记录	旧同株组装覆盖差异或映射缺失；不表示功能不存在	保留未取得
RU820_RS11445	Rhea	本地EC查询无命中或EC不完整	本轮已补查当前全基因完整四级EC；无命中不等于宿主无反应	保留未取得
RU820_RS11460	B1	旧locus未映射	当前基因存在；无法据此判断旧组装缺失或新基因	保留当前NCBI注释
RU820_RS11465	KEGG afr	未关联到本地KEGG旧locus记录	旧同株组装覆盖差异或映射缺失；不表示功能不存在	保留未取得
RU820_RS11470	KEGG afr	未关联到本地KEGG旧locus记录	旧同株组装覆盖差异或映射缺失；不表示功能不存在	保留未取得
RU820_RS11475	KEGG afr	未关联到本地KEGG旧locus记录	旧同株组装覆盖差异或映射缺失；不表示功能不存在	保留未取得
RU820_RS11480	B1	旧locus未映射	当前基因存在；无法据此判断旧组装缺失或新基因	保留当前NCBI注释
RU820_RS11485	KEGG afr	未关联到本地KEGG旧locus记录	旧同株组装覆盖差异或映射缺失；不表示功能不存在	保留未取得
RU820_RS11490	KEGG afr	未关联到本地KEGG旧locus记录	旧同株组装覆盖差异或映射缺失；不表示功能不存在	保留未取得
RU820_RS11495	KEGG afr	未关联到本地KEGG旧locus记录	旧同株组装覆盖差异或映射缺失；不表示功能不存在	保留未取得
RU820_RS11500	KEGG afr	未关联到本地KEGG旧locus记录	旧同株组装覆盖差异或映射缺失；不表示功能不存在	保留未取得
RU820_RS11505	KEGG afr	未关联到本地KEGG旧locus记录	旧同株组装覆盖差异或映射缺失；不表示功能不存在	保留未取得
RU820_RS11510	KEGG afr	未关联到本地KEGG旧locus记录	旧同株组装覆盖差异或映射缺失；不表示功能不存在	保留未取得
RU820_RS11515	B1	旧locus未映射	当前基因存在；无法据此判断旧组装缺失或新基因	保留当前NCBI注释
RU820_RS11520	KEGG afr	未关联到本地KEGG旧locus记录	旧同株组装覆盖差异或映射缺失；不表示功能不存在	保留未取得
RU820_RS11525	B1	旧locus未映射	当前基因存在；无法据此判断旧组装缺失或新基因	保留当前NCBI注释
RU820_RS11530	B1	旧locus未映射	当前基因存在；无法据此判断旧组装缺失或新基因	保留当前NCBI注释
RU820_RS11535	KEGG afr	未关联到本地KEGG旧locus记录	旧同株组装覆盖差异或映射缺失；不表示功能不存在	保留未取得
RU820_RS11540	KEGG afr	未关联到本地KEGG旧locus记录	旧同株组装覆盖差异或映射缺失；不表示功能不存在	保留未取得
RU820_RS11545	Rhea	本地EC查询无命中或EC不完整	本轮已补查当前全基因完整四级EC；无命中不等于宿主无反应	保留未取得
RU820_RS11550	KEGG afr	未关联到本地KEGG旧locus记录	旧同株组装覆盖差异或映射缺失；不表示功能不存在	保留未取得
RU820_RS11555	KEGG afr	未关联到本地KEGG旧locus记录	旧同株组装覆盖差异或映射缺失；不表示功能不存在	保留未取得
RU820_RS11565	KEGG afr	未关联到本地KEGG旧locus记录	旧同株组装覆盖差异或映射缺失；不表示功能不存在	保留未取得
RU820_RS11595	KEGG afr	未关联到本地KEGG旧locus记录	旧同株组装覆盖差异或映射缺失；不表示功能不存在	保留未取得
RU820_RS11600	KEGG afr	未关联到本地KEGG旧locus记录	旧同株组装覆盖差异或映射缺失；不表示功能不存在	保留未取得
RU820_RS11620	KEGG afr	未关联到本地KEGG旧locus记录	旧同株组装覆盖差异或映射缺失；不表示功能不存在	保留未取得
RU820_RS11625	B1	旧locus未映射	当前基因存在；无法据此判断旧组装缺失或新基因	保留当前NCBI注释
RU820_RS11640	KEGG afr	未关联到本地KEGG旧locus记录	旧同株组装覆盖差异或映射缺失；不表示功能不存在	保留未取得
RU820_RS11650	KEGG afr	未关联到本地KEGG旧locus记录	旧同株组装覆盖差异或映射缺失；不表示功能不存在	保留未取得
RU820_RS11655	KEGG afr	未关联到本地KEGG旧locus记录	旧同株组装覆盖差异或映射缺失；不表示功能不存在	保留未取得
RU820_RS11660	KEGG afr	未关联到本地KEGG旧locus记录	旧同株组装覆盖差异或映射缺失；不表示功能不存在	保留未取得
RU820_RS11660	Rhea	本地EC查询无命中或EC不完整	本轮已补查当前全基因完整四级EC；无命中不等于宿主无反应	保留未取得
RU820_RS11680	KEGG afr	未关联到本地KEGG旧locus记录	旧同株组装覆盖差异或映射缺失；不表示功能不存在	保留未取得
RU820_RS11685	B1	旧locus未映射	当前基因存在；无法据此判断旧组装缺失或新基因	保留当前NCBI注释
RU820_RS11690	KEGG afr	未关联到本地KEGG旧locus记录	旧同株组装覆盖差异或映射缺失；不表示功能不存在	保留未取得
RU820_RS11695	KEGG afr	未关联到本地KEGG旧locus记录	旧同株组装覆盖差异或映射缺失；不表示功能不存在	保留未取得
RU820_RS11700	KEGG afr	未关联到本地KEGG旧locus记录	旧同株组装覆盖差异或映射缺失；不表示功能不存在	保留未取得
RU820_RS11715	KEGG afr	未关联到本地KEGG旧locus记录	旧同株组装覆盖差异或映射缺失；不表示功能不存在	保留未取得
RU820_RS11745	Rhea	本地EC查询无命中或EC不完整	本轮已补查当前全基因完整四级EC；无命中不等于宿主无反应	保留未取得
RU820_RS11750	Rhea	本地EC查询无命中或EC不完整	本轮已补查当前全基因完整四级EC；无命中不等于宿主无反应	保留未取得
RU820_RS11755	KEGG afr	未关联到本地KEGG旧locus记录	旧同株组装覆盖差异或映射缺失；不表示功能不存在	保留未取得
RU820_RS11760	Rhea	本地EC查询无命中或EC不完整	本轮已补查当前全基因完整四级EC；无命中不等于宿主无反应	保留未取得
RU820_RS11770	Rhea	本地EC查询无命中或EC不完整	本轮已补查当前全基因完整四级EC；无命中不等于宿主无反应	保留未取得
RU820_RS11775	KEGG afr	未关联到本地KEGG旧locus记录	旧同株组装覆盖差异或映射缺失；不表示功能不存在	保留未取得
RU820_RS11785	KEGG afr	未关联到本地KEGG旧locus记录	旧同株组装覆盖差异或映射缺失；不表示功能不存在	保留未取得
RU820_RS11795	KEGG afr	未关联到本地KEGG旧locus记录	旧同株组装覆盖差异或映射缺失；不表示功能不存在	保留未取得
RU820_RS11805	B1	旧locus未映射	当前基因存在；无法据此判断旧组装缺失或新基因	保留当前NCBI注释
RU820_RS11820	Rhea	本地EC查询无命中或EC不完整	本轮已补查当前全基因完整四级EC；无命中不等于宿主无反应	保留未取得
RU820_RS11825	B1	旧locus未映射	当前基因存在；无法据此判断旧组装缺失或新基因	保留当前NCBI注释
RU820_RS11830	Rhea	本地EC查询无命中或EC不完整	本轮已补查当前全基因完整四级EC；无命中不等于宿主无反应	保留未取得
RU820_RS11835	B1	旧locus未映射	当前基因存在；无法据此判断旧组装缺失或新基因	保留当前NCBI注释
RU820_RS11850	KEGG afr	未关联到本地KEGG旧locus记录	旧同株组装覆盖差异或映射缺失；不表示功能不存在	保留未取得
RU820_RS11855	KEGG afr	未关联到本地KEGG旧locus记录	旧同株组装覆盖差异或映射缺失；不表示功能不存在	保留未取得
RU820_RS11860	KEGG afr	未关联到本地KEGG旧locus记录	旧同株组装覆盖差异或映射缺失；不表示功能不存在	保留未取得
RU820_RS11865	KEGG afr	未关联到本地KEGG旧locus记录	旧同株组装覆盖差异或映射缺失；不表示功能不存在	保留未取得
RU820_RS11870	KEGG afr	未关联到本地KEGG旧locus记录	旧同株组装覆盖差异或映射缺失；不表示功能不存在	保留未取得
RU820_RS11880	KEGG afr	未关联到本地KEGG旧locus记录	旧同株组装覆盖差异或映射缺失；不表示功能不存在	保留未取得
RU820_RS11915	KEGG afr	未关联到本地KEGG旧locus记录	旧同株组装覆盖差异或映射缺失；不表示功能不存在	保留未取得
RU820_RS11925	B1	旧locus未映射	当前基因存在；无法据此判断旧组装缺失或新基因	保留当前NCBI注释
RU820_RS11935	B1	旧locus未映射	当前基因存在；无法据此判断旧组装缺失或新基因	保留当前NCBI注释
RU820_RS11940	Rhea	本地EC查询无命中或EC不完整	本轮已补查当前全基因完整四级EC；无命中不等于宿主无反应	保留未取得
RU820_RS11950	KEGG afr	未关联到本地KEGG旧locus记录	旧同株组装覆盖差异或映射缺失；不表示功能不存在	保留未取得
RU820_RS11955	KEGG afr	未关联到本地KEGG旧locus记录	旧同株组装覆盖差异或映射缺失；不表示功能不存在	保留未取得
RU820_RS11965	KEGG afr	未关联到本地KEGG旧locus记录	旧同株组装覆盖差异或映射缺失；不表示功能不存在	保留未取得
RU820_RS11975	KEGG afr	未关联到本地KEGG旧locus记录	旧同株组装覆盖差异或映射缺失；不表示功能不存在	保留未取得
RU820_RS11980	KEGG afr	未关联到本地KEGG旧locus记录	旧同株组装覆盖差异或映射缺失；不表示功能不存在	保留未取得
RU820_RS11985	KEGG afr	未关联到本地KEGG旧locus记录	旧同株组装覆盖差异或映射缺失；不表示功能不存在	保留未取得
RU820_RS11995	B1	旧locus未映射	当前基因存在；无法据此判断旧组装缺失或新基因	保留当前NCBI注释
RU820_RS12000	KEGG afr	未关联到本地KEGG旧locus记录	旧同株组装覆盖差异或映射缺失；不表示功能不存在	保留未取得
RU820_RS12005	B1	旧locus未映射	当前基因存在；无法据此判断旧组装缺失或新基因	保留当前NCBI注释
RU820_RS12015	KEGG afr	未关联到本地KEGG旧locus记录	旧同株组装覆盖差异或映射缺失；不表示功能不存在	保留未取得
RU820_RS12020	B1	旧locus未映射	当前基因存在；无法据此判断旧组装缺失或新基因	保留当前NCBI注释
RU820_RS12025	KEGG afr	未关联到本地KEGG旧locus记录	旧同株组装覆盖差异或映射缺失；不表示功能不存在	保留未取得
RU820_RS12030	B1	旧locus未映射	当前基因存在；无法据此判断旧组装缺失或新基因	保留当前NCBI注释
RU820_RS12055	B1	旧locus未映射	当前基因存在；无法据此判断旧组装缺失或新基因	保留当前NCBI注释
RU820_RS12065	B1	旧locus未映射	当前基因存在；无法据此判断旧组装缺失或新基因	保留当前NCBI注释
RU820_RS12140	B1	旧locus未映射	当前基因存在；无法据此判断旧组装缺失或新基因	保留当前NCBI注释
RU820_RS12165	Rhea	本地EC查询无命中或EC不完整	本轮已补查当前全基因完整四级EC；无命中不等于宿主无反应	保留未取得
RU820_RS12170	Rhea	本地EC查询无命中或EC不完整	本轮已补查当前全基因完整四级EC；无命中不等于宿主无反应	保留未取得
RU820_RS12190	KEGG afr	未关联到本地KEGG旧locus记录	旧同株组装覆盖差异或映射缺失；不表示功能不存在	保留未取得
RU820_RS12195	KEGG afr	未关联到本地KEGG旧locus记录	旧同株组装覆盖差异或映射缺失；不表示功能不存在	保留未取得
RU820_RS12200	KEGG afr	未关联到本地KEGG旧locus记录	旧同株组装覆盖差异或映射缺失；不表示功能不存在	保留未取得
RU820_RS12205	KEGG afr	未关联到本地KEGG旧locus记录	旧同株组装覆盖差异或映射缺失；不表示功能不存在	保留未取得
RU820_RS12210	KEGG afr	未关联到本地KEGG旧locus记录	旧同株组装覆盖差异或映射缺失；不表示功能不存在	保留未取得
RU820_RS12215	B1	旧locus未映射	当前基因存在；无法据此判断旧组装缺失或新基因	保留当前NCBI注释
RU820_RS12220	KEGG afr	未关联到本地KEGG旧locus记录	旧同株组装覆盖差异或映射缺失；不表示功能不存在	保留未取得
RU820_RS12225	B1	旧locus未映射	当前基因存在；无法据此判断旧组装缺失或新基因	保留当前NCBI注释
RU820_RS12230	KEGG afr	未关联到本地KEGG旧locus记录	旧同株组装覆盖差异或映射缺失；不表示功能不存在	保留未取得
RU820_RS12235	B1	旧locus未映射	当前基因存在；无法据此判断旧组装缺失或新基因	保留当前NCBI注释
RU820_RS12245	KEGG afr	未关联到本地KEGG旧locus记录	旧同株组装覆盖差异或映射缺失；不表示功能不存在	保留未取得
RU820_RS12260	KEGG afr	未关联到本地KEGG旧locus记录	旧同株组装覆盖差异或映射缺失；不表示功能不存在	保留未取得
RU820_RS12265	KEGG afr	未关联到本地KEGG旧locus记录	旧同株组装覆盖差异或映射缺失；不表示功能不存在	保留未取得
RU820_RS12270	B1	旧locus未映射	当前基因存在；无法据此判断旧组装缺失或新基因	保留当前NCBI注释
RU820_RS12275	KEGG afr	未关联到本地KEGG旧locus记录	旧同株组装覆盖差异或映射缺失；不表示功能不存在	保留未取得
RU820_RS12280	KEGG afr	未关联到本地KEGG旧locus记录	旧同株组装覆盖差异或映射缺失；不表示功能不存在	保留未取得
RU820_RS12295	KEGG afr	未关联到本地KEGG旧locus记录	旧同株组装覆盖差异或映射缺失；不表示功能不存在	保留未取得
RU820_RS12355	KEGG afr	未关联到本地KEGG旧locus记录	旧同株组装覆盖差异或映射缺失；不表示功能不存在	保留未取得
RU820_RS12360	KEGG afr	未关联到本地KEGG旧locus记录	旧同株组装覆盖差异或映射缺失；不表示功能不存在	保留未取得
RU820_RS12380	KEGG afr	未关联到本地KEGG旧locus记录	旧同株组装覆盖差异或映射缺失；不表示功能不存在	保留未取得
RU820_RS12390	KEGG afr	未关联到本地KEGG旧locus记录	旧同株组装覆盖差异或映射缺失；不表示功能不存在	保留未取得
RU820_RS12395	B1	旧locus未映射	当前基因存在；无法据此判断旧组装缺失或新基因	保留当前NCBI注释
RU820_RS12400	KEGG afr	未关联到本地KEGG旧locus记录	旧同株组装覆盖差异或映射缺失；不表示功能不存在	保留未取得
RU820_RS12410	KEGG afr	未关联到本地KEGG旧locus记录	旧同株组装覆盖差异或映射缺失；不表示功能不存在	保留未取得
RU820_RS12415	KEGG afr	未关联到本地KEGG旧locus记录	旧同株组装覆盖差异或映射缺失；不表示功能不存在	保留未取得
RU820_RS12425	B1	旧locus未映射	当前基因存在；无法据此判断旧组装缺失或新基因	保留当前NCBI注释
RU820_RS12440	KEGG afr	未关联到本地KEGG旧locus记录	旧同株组装覆盖差异或映射缺失；不表示功能不存在	保留未取得
RU820_RS12445	KEGG afr	未关联到本地KEGG旧locus记录	旧同株组装覆盖差异或映射缺失；不表示功能不存在	保留未取得
RU820_RS12455	KEGG afr	未关联到本地KEGG旧locus记录	旧同株组装覆盖差异或映射缺失；不表示功能不存在	保留未取得
RU820_RS12475	B1	旧locus未映射	当前基因存在；无法据此判断旧组装缺失或新基因	保留当前NCBI注释
RU820_RS12500	Rhea	本地EC查询无命中或EC不完整	本轮已补查当前全基因完整四级EC；无命中不等于宿主无反应	保留未取得
RU820_RS12515	B1	旧locus未映射	当前基因存在；无法据此判断旧组装缺失或新基因	保留当前NCBI注释
RU820_RS12520	KEGG afr	未关联到本地KEGG旧locus记录	旧同株组装覆盖差异或映射缺失；不表示功能不存在	保留未取得
RU820_RS12525	KEGG afr	未关联到本地KEGG旧locus记录	旧同株组装覆盖差异或映射缺失；不表示功能不存在	保留未取得
RU820_RS12530	KEGG afr	未关联到本地KEGG旧locus记录	旧同株组装覆盖差异或映射缺失；不表示功能不存在	保留未取得
RU820_RS12535	KEGG afr	未关联到本地KEGG旧locus记录	旧同株组装覆盖差异或映射缺失；不表示功能不存在	保留未取得
RU820_RS12540	KEGG afr	未关联到本地KEGG旧locus记录	旧同株组装覆盖差异或映射缺失；不表示功能不存在	保留未取得
RU820_RS12545	KEGG afr	未关联到本地KEGG旧locus记录	旧同株组装覆盖差异或映射缺失；不表示功能不存在	保留未取得
RU820_RS12555	KEGG afr	未关联到本地KEGG旧locus记录	旧同株组装覆盖差异或映射缺失；不表示功能不存在	保留未取得
RU820_RS12585	B1	旧locus未映射	当前基因存在；无法据此判断旧组装缺失或新基因	保留当前NCBI注释
RU820_RS12590	KEGG afr	未关联到本地KEGG旧locus记录	旧同株组装覆盖差异或映射缺失；不表示功能不存在	保留未取得
RU820_RS12595	KEGG afr	未关联到本地KEGG旧locus记录	旧同株组装覆盖差异或映射缺失；不表示功能不存在	保留未取得
RU820_RS12600	KEGG afr	未关联到本地KEGG旧locus记录	旧同株组装覆盖差异或映射缺失；不表示功能不存在	保留未取得
RU820_RS12620	KEGG afr	未关联到本地KEGG旧locus记录	旧同株组装覆盖差异或映射缺失；不表示功能不存在	保留未取得
RU820_RS12625	KEGG afr	未关联到本地KEGG旧locus记录	旧同株组装覆盖差异或映射缺失；不表示功能不存在	保留未取得
RU820_RS12630	KEGG afr	未关联到本地KEGG旧locus记录	旧同株组装覆盖差异或映射缺失；不表示功能不存在	保留未取得
RU820_RS12635	B1	旧locus未映射	当前基因存在；无法据此判断旧组装缺失或新基因	保留当前NCBI注释
RU820_RS12655	KEGG afr	未关联到本地KEGG旧locus记录	旧同株组装覆盖差异或映射缺失；不表示功能不存在	保留未取得
RU820_RS12665	KEGG afr	未关联到本地KEGG旧locus记录	旧同株组装覆盖差异或映射缺失；不表示功能不存在	保留未取得
RU820_RS12670	B1	旧locus未映射	当前基因存在；无法据此判断旧组装缺失或新基因	保留当前NCBI注释
RU820_RS12680	KEGG afr	未关联到本地KEGG旧locus记录	旧同株组装覆盖差异或映射缺失；不表示功能不存在	保留未取得
RU820_RS12695	Rhea	本地EC查询无命中或EC不完整	本轮已补查当前全基因完整四级EC；无命中不等于宿主无反应	保留未取得
RU820_RS12740	KEGG afr	未关联到本地KEGG旧locus记录	旧同株组装覆盖差异或映射缺失；不表示功能不存在	保留未取得
RU820_RS12745	KEGG afr	未关联到本地KEGG旧locus记录	旧同株组装覆盖差异或映射缺失；不表示功能不存在	保留未取得
RU820_RS12770	KEGG afr	未关联到本地KEGG旧locus记录	旧同株组装覆盖差异或映射缺失；不表示功能不存在	保留未取得
RU820_RS12785	B1	旧locus未映射	当前基因存在；无法据此判断旧组装缺失或新基因	保留当前NCBI注释
RU820_RS12795	B1	旧locus未映射	当前基因存在；无法据此判断旧组装缺失或新基因	保留当前NCBI注释
RU820_RS12810	B1	旧locus未映射	当前基因存在；无法据此判断旧组装缺失或新基因	保留当前NCBI注释
RU820_RS12815	KEGG afr	未关联到本地KEGG旧locus记录	旧同株组装覆盖差异或映射缺失；不表示功能不存在	保留未取得
RU820_RS12825	B1	旧locus未映射	当前基因存在；无法据此判断旧组装缺失或新基因	保留当前NCBI注释
RU820_RS12850	KEGG afr	未关联到本地KEGG旧locus记录	旧同株组装覆盖差异或映射缺失；不表示功能不存在	保留未取得
RU820_RS12855	B1	旧locus未映射	当前基因存在；无法据此判断旧组装缺失或新基因	保留当前NCBI注释
RU820_RS12865	KEGG afr	未关联到本地KEGG旧locus记录	旧同株组装覆盖差异或映射缺失；不表示功能不存在	保留未取得
RU820_RS12880	KEGG afr	未关联到本地KEGG旧locus记录	旧同株组装覆盖差异或映射缺失；不表示功能不存在	保留未取得
RU820_RS12885	KEGG afr	未关联到本地KEGG旧locus记录	旧同株组装覆盖差异或映射缺失；不表示功能不存在	保留未取得
RU820_RS12890	KEGG afr	未关联到本地KEGG旧locus记录	旧同株组装覆盖差异或映射缺失；不表示功能不存在	保留未取得
RU820_RS12895	KEGG afr	未关联到本地KEGG旧locus记录	旧同株组装覆盖差异或映射缺失；不表示功能不存在	保留未取得
RU820_RS12900	KEGG afr	未关联到本地KEGG旧locus记录	旧同株组装覆盖差异或映射缺失；不表示功能不存在	保留未取得
RU820_RS12905	Rhea	本地EC查询无命中或EC不完整	本轮已补查当前全基因完整四级EC；无命中不等于宿主无反应	保留未取得
RU820_RS12910	B1	旧locus未映射	当前基因存在；无法据此判断旧组装缺失或新基因	保留当前NCBI注释
RU820_RS12915	Rhea	本地EC查询无命中或EC不完整	本轮已补查当前全基因完整四级EC；无命中不等于宿主无反应	保留未取得
RU820_RS12920	KEGG afr	未关联到本地KEGG旧locus记录	旧同株组装覆盖差异或映射缺失；不表示功能不存在	保留未取得
RU820_RS12925	B1	旧locus未映射	当前基因存在；无法据此判断旧组装缺失或新基因	保留当前NCBI注释
RU820_RS12935	KEGG afr	未关联到本地KEGG旧locus记录	旧同株组装覆盖差异或映射缺失；不表示功能不存在	保留未取得
RU820_RS12940	B1	旧locus未映射	当前基因存在；无法据此判断旧组装缺失或新基因	保留当前NCBI注释
RU820_RS12945	KEGG afr	未关联到本地KEGG旧locus记录	旧同株组装覆盖差异或映射缺失；不表示功能不存在	保留未取得
RU820_RS12950	KEGG afr	未关联到本地KEGG旧locus记录	旧同株组装覆盖差异或映射缺失；不表示功能不存在	保留未取得
RU820_RS12960	Rhea	本地EC查询无命中或EC不完整	本轮已补查当前全基因完整四级EC；无命中不等于宿主无反应	保留未取得
RU820_RS12965	KEGG afr	未关联到本地KEGG旧locus记录	旧同株组装覆盖差异或映射缺失；不表示功能不存在	保留未取得
RU820_RS12970	KEGG afr	未关联到本地KEGG旧locus记录	旧同株组装覆盖差异或映射缺失；不表示功能不存在	保留未取得
RU820_RS12985	KEGG afr	未关联到本地KEGG旧locus记录	旧同株组装覆盖差异或映射缺失；不表示功能不存在	保留未取得
RU820_RS12990	KEGG afr	未关联到本地KEGG旧locus记录	旧同株组装覆盖差异或映射缺失；不表示功能不存在	保留未取得
RU820_RS12995	KEGG afr	未关联到本地KEGG旧locus记录	旧同株组装覆盖差异或映射缺失；不表示功能不存在	保留未取得
RU820_RS13005	KEGG afr	未关联到本地KEGG旧locus记录	旧同株组装覆盖差异或映射缺失；不表示功能不存在	保留未取得
RU820_RS13010	KEGG afr	未关联到本地KEGG旧locus记录	旧同株组装覆盖差异或映射缺失；不表示功能不存在	保留未取得
RU820_RS13015	KEGG afr	未关联到本地KEGG旧locus记录	旧同株组装覆盖差异或映射缺失；不表示功能不存在	保留未取得
RU820_RS13020	Rhea	本地EC查询无命中或EC不完整	本轮已补查当前全基因完整四级EC；无命中不等于宿主无反应	保留未取得
RU820_RS13025	B1	旧locus未映射	当前基因存在；无法据此判断旧组装缺失或新基因	保留当前NCBI注释
RU820_RS13050	B1	旧locus未映射	当前基因存在；无法据此判断旧组装缺失或新基因	保留当前NCBI注释
RU820_RS13065	Rhea	本地EC查询无命中或EC不完整	本轮已补查当前全基因完整四级EC；无命中不等于宿主无反应	保留未取得
RU820_RS13070	KEGG afr	未关联到本地KEGG旧locus记录	旧同株组装覆盖差异或映射缺失；不表示功能不存在	保留未取得
RU820_RS13075	KEGG afr	未关联到本地KEGG旧locus记录	旧同株组装覆盖差异或映射缺失；不表示功能不存在	保留未取得
RU820_RS13090	B1	旧locus未映射	当前基因存在；无法据此判断旧组装缺失或新基因	保留当前NCBI注释
RU820_RS13095	KEGG afr	未关联到本地KEGG旧locus记录	旧同株组装覆盖差异或映射缺失；不表示功能不存在	保留未取得
RU820_RS13110	KEGG afr	未关联到本地KEGG旧locus记录	旧同株组装覆盖差异或映射缺失；不表示功能不存在	保留未取得
RU820_RS13115	KEGG afr	未关联到本地KEGG旧locus记录	旧同株组装覆盖差异或映射缺失；不表示功能不存在	保留未取得
RU820_RS13120	Rhea	本地EC查询无命中或EC不完整	本轮已补查当前全基因完整四级EC；无命中不等于宿主无反应	保留未取得
RU820_RS13130	KEGG afr	未关联到本地KEGG旧locus记录	旧同株组装覆盖差异或映射缺失；不表示功能不存在	保留未取得
RU820_RS13135	Rhea	本地EC查询无命中或EC不完整	本轮已补查当前全基因完整四级EC；无命中不等于宿主无反应	保留未取得
RU820_RS13150	KEGG afr	未关联到本地KEGG旧locus记录	旧同株组装覆盖差异或映射缺失；不表示功能不存在	保留未取得
RU820_RS13155	KEGG afr	未关联到本地KEGG旧locus记录	旧同株组装覆盖差异或映射缺失；不表示功能不存在	保留未取得
RU820_RS13165	Rhea	本地EC查询无命中或EC不完整	本轮已补查当前全基因完整四级EC；无命中不等于宿主无反应	保留未取得
RU820_RS13170	B1	旧locus未映射	当前基因存在；无法据此判断旧组装缺失或新基因	保留当前NCBI注释
RU820_RS13180	KEGG afr	未关联到本地KEGG旧locus记录	旧同株组装覆盖差异或映射缺失；不表示功能不存在	保留未取得
RU820_RS13190	KEGG afr	未关联到本地KEGG旧locus记录	旧同株组装覆盖差异或映射缺失；不表示功能不存在	保留未取得
RU820_RS13260	KEGG afr	未关联到本地KEGG旧locus记录	旧同株组装覆盖差异或映射缺失；不表示功能不存在	保留未取得
RU820_RS13265	KEGG afr	未关联到本地KEGG旧locus记录	旧同株组装覆盖差异或映射缺失；不表示功能不存在	保留未取得
RU820_RS13270	KEGG afr	未关联到本地KEGG旧locus记录	旧同株组装覆盖差异或映射缺失；不表示功能不存在	保留未取得
RU820_RS13275	KEGG afr	未关联到本地KEGG旧locus记录	旧同株组装覆盖差异或映射缺失；不表示功能不存在	保留未取得
RU820_RS13285	KEGG afr	未关联到本地KEGG旧locus记录	旧同株组装覆盖差异或映射缺失；不表示功能不存在	保留未取得
RU820_RS13295	B1	旧locus未映射	当前基因存在；无法据此判断旧组装缺失或新基因	保留当前NCBI注释
RU820_RS13300	B1	旧locus未映射	当前基因存在；无法据此判断旧组装缺失或新基因	保留当前NCBI注释
RU820_RS13305	B1	旧locus未映射	当前基因存在；无法据此判断旧组装缺失或新基因	保留当前NCBI注释
RU820_RS13310	KEGG afr	未关联到本地KEGG旧locus记录	旧同株组装覆盖差异或映射缺失；不表示功能不存在	保留未取得
RU820_RS13315	KEGG afr	未关联到本地KEGG旧locus记录	旧同株组装覆盖差异或映射缺失；不表示功能不存在	保留未取得
RU820_RS13320	B1	旧locus未映射	当前基因存在；无法据此判断旧组装缺失或新基因	保留当前NCBI注释
RU820_RS13325	KEGG afr	未关联到本地KEGG旧locus记录	旧同株组装覆盖差异或映射缺失；不表示功能不存在	保留未取得
RU820_RS13330	KEGG afr	未关联到本地KEGG旧locus记录	旧同株组装覆盖差异或映射缺失；不表示功能不存在	保留未取得
RU820_RS13335	KEGG afr	未关联到本地KEGG旧locus记录	旧同株组装覆盖差异或映射缺失；不表示功能不存在	保留未取得
RU820_RS13340	B1	旧locus未映射	当前基因存在；无法据此判断旧组装缺失或新基因	保留当前NCBI注释
RU820_RS13345	B1	旧locus未映射	当前基因存在；无法据此判断旧组装缺失或新基因	保留当前NCBI注释
RU820_RS13350	Rhea	本地EC查询无命中或EC不完整	本轮已补查当前全基因完整四级EC；无命中不等于宿主无反应	保留未取得
RU820_RS13355	KEGG afr	未关联到本地KEGG旧locus记录	旧同株组装覆盖差异或映射缺失；不表示功能不存在	保留未取得
RU820_RS13370	KEGG afr	未关联到本地KEGG旧locus记录	旧同株组装覆盖差异或映射缺失；不表示功能不存在	保留未取得
RU820_RS13375	KEGG afr	未关联到本地KEGG旧locus记录	旧同株组装覆盖差异或映射缺失；不表示功能不存在	保留未取得
RU820_RS13385	KEGG afr	未关联到本地KEGG旧locus记录	旧同株组装覆盖差异或映射缺失；不表示功能不存在	保留未取得
RU820_RS13405	B1	旧locus未映射	当前基因存在；无法据此判断旧组装缺失或新基因	保留当前NCBI注释
RU820_RS13410	KEGG afr	未关联到本地KEGG旧locus记录	旧同株组装覆盖差异或映射缺失；不表示功能不存在	保留未取得
RU820_RS13415	KEGG afr	未关联到本地KEGG旧locus记录	旧同株组装覆盖差异或映射缺失；不表示功能不存在	保留未取得
RU820_RS13420	Rhea	本地EC查询无命中或EC不完整	本轮已补查当前全基因完整四级EC；无命中不等于宿主无反应	保留未取得
RU820_RS13425	KEGG afr	未关联到本地KEGG旧locus记录	旧同株组装覆盖差异或映射缺失；不表示功能不存在	保留未取得
RU820_RS13430	B1	旧locus未映射	当前基因存在；无法据此判断旧组装缺失或新基因	保留当前NCBI注释
RU820_RS13440	KEGG afr	未关联到本地KEGG旧locus记录	旧同株组装覆盖差异或映射缺失；不表示功能不存在	保留未取得
RU820_RS13450	Rhea	本地EC查询无命中或EC不完整	本轮已补查当前全基因完整四级EC；无命中不等于宿主无反应	保留未取得
RU820_RS13460	KEGG afr	未关联到本地KEGG旧locus记录	旧同株组装覆盖差异或映射缺失；不表示功能不存在	保留未取得
RU820_RS13465	KEGG afr	未关联到本地KEGG旧locus记录	旧同株组装覆盖差异或映射缺失；不表示功能不存在	保留未取得
RU820_RS13470	KEGG afr	未关联到本地KEGG旧locus记录	旧同株组装覆盖差异或映射缺失；不表示功能不存在	保留未取得
RU820_RS13490	KEGG afr	未关联到本地KEGG旧locus记录	旧同株组装覆盖差异或映射缺失；不表示功能不存在	保留未取得
RU820_RS13495	KEGG afr	未关联到本地KEGG旧locus记录	旧同株组装覆盖差异或映射缺失；不表示功能不存在	保留未取得
RU820_RS13510	KEGG afr	未关联到本地KEGG旧locus记录	旧同株组装覆盖差异或映射缺失；不表示功能不存在	保留未取得
RU820_RS13515	KEGG afr	未关联到本地KEGG旧locus记录	旧同株组装覆盖差异或映射缺失；不表示功能不存在	保留未取得
RU820_RS13520	KEGG afr	未关联到本地KEGG旧locus记录	旧同株组装覆盖差异或映射缺失；不表示功能不存在	保留未取得
RU820_RS13525	Rhea	本地EC查询无命中或EC不完整	本轮已补查当前全基因完整四级EC；无命中不等于宿主无反应	保留未取得
RU820_RS13530	KEGG afr	未关联到本地KEGG旧locus记录	旧同株组装覆盖差异或映射缺失；不表示功能不存在	保留未取得
RU820_RS13540	Rhea	本地EC查询无命中或EC不完整	本轮已补查当前全基因完整四级EC；无命中不等于宿主无反应	保留未取得
RU820_RS13550	KEGG afr	未关联到本地KEGG旧locus记录	旧同株组装覆盖差异或映射缺失；不表示功能不存在	保留未取得
RU820_RS13565	KEGG afr	未关联到本地KEGG旧locus记录	旧同株组装覆盖差异或映射缺失；不表示功能不存在	保留未取得
RU820_RS13580	Rhea	本地EC查询无命中或EC不完整	本轮已补查当前全基因完整四级EC；无命中不等于宿主无反应	保留未取得
RU820_RS13585	Rhea	本地EC查询无命中或EC不完整	本轮已补查当前全基因完整四级EC；无命中不等于宿主无反应	保留未取得
RU820_RS13590	Rhea	本地EC查询无命中或EC不完整	本轮已补查当前全基因完整四级EC；无命中不等于宿主无反应	保留未取得
RU820_RS13620	KEGG afr	未关联到本地KEGG旧locus记录	旧同株组装覆盖差异或映射缺失；不表示功能不存在	保留未取得
RU820_RS13625	KEGG afr	未关联到本地KEGG旧locus记录	旧同株组装覆盖差异或映射缺失；不表示功能不存在	保留未取得
RU820_RS13630	KEGG afr	未关联到本地KEGG旧locus记录	旧同株组装覆盖差异或映射缺失；不表示功能不存在	保留未取得
RU820_RS13635	B1	旧locus未映射	当前基因存在；无法据此判断旧组装缺失或新基因	保留当前NCBI注释
RU820_RS13645	B1	旧locus未映射	当前基因存在；无法据此判断旧组装缺失或新基因	保留当前NCBI注释
RU820_RS13680	KEGG afr	未关联到本地KEGG旧locus记录	旧同株组装覆盖差异或映射缺失；不表示功能不存在	保留未取得
RU820_RS13685	KEGG afr	未关联到本地KEGG旧locus记录	旧同株组装覆盖差异或映射缺失；不表示功能不存在	保留未取得
RU820_RS13695	Rhea	本地EC查询无命中或EC不完整	本轮已补查当前全基因完整四级EC；无命中不等于宿主无反应	保留未取得
RU820_RS13705	KEGG afr	未关联到本地KEGG旧locus记录	旧同株组装覆盖差异或映射缺失；不表示功能不存在	保留未取得
RU820_RS13710	Rhea	本地EC查询无命中或EC不完整	本轮已补查当前全基因完整四级EC；无命中不等于宿主无反应	保留未取得
RU820_RS13715	B1	旧locus未映射	当前基因存在；无法据此判断旧组装缺失或新基因	保留当前NCBI注释
RU820_RS13720	KEGG afr	未关联到本地KEGG旧locus记录	旧同株组装覆盖差异或映射缺失；不表示功能不存在	保留未取得
RU820_RS13740	Rhea	本地EC查询无命中或EC不完整	本轮已补查当前全基因完整四级EC；无命中不等于宿主无反应	保留未取得
RU820_RS13745	KEGG afr	未关联到本地KEGG旧locus记录	旧同株组装覆盖差异或映射缺失；不表示功能不存在	保留未取得
RU820_RS13750	KEGG afr	未关联到本地KEGG旧locus记录	旧同株组装覆盖差异或映射缺失；不表示功能不存在	保留未取得
RU820_RS13755	KEGG afr	未关联到本地KEGG旧locus记录	旧同株组装覆盖差异或映射缺失；不表示功能不存在	保留未取得
RU820_RS13760	KEGG afr	未关联到本地KEGG旧locus记录	旧同株组装覆盖差异或映射缺失；不表示功能不存在	保留未取得
RU820_RS13765	KEGG afr	未关联到本地KEGG旧locus记录	旧同株组装覆盖差异或映射缺失；不表示功能不存在	保留未取得
RU820_RS13790	B1	旧locus未映射	当前基因存在；无法据此判断旧组装缺失或新基因	保留当前NCBI注释
RU820_RS13800	KEGG afr	未关联到本地KEGG旧locus记录	旧同株组装覆盖差异或映射缺失；不表示功能不存在	保留未取得
RU820_RS13805	B1	旧locus未映射	当前基因存在；无法据此判断旧组装缺失或新基因	保留当前NCBI注释
RU820_RS13810	B1	旧locus未映射	当前基因存在；无法据此判断旧组装缺失或新基因	保留当前NCBI注释
RU820_RS13830	KEGG afr	未关联到本地KEGG旧locus记录	旧同株组装覆盖差异或映射缺失；不表示功能不存在	保留未取得
RU820_RS13835	KEGG afr	未关联到本地KEGG旧locus记录	旧同株组装覆盖差异或映射缺失；不表示功能不存在	保留未取得
RU820_RS13840	KEGG afr	未关联到本地KEGG旧locus记录	旧同株组装覆盖差异或映射缺失；不表示功能不存在	保留未取得
RU820_RS13845	KEGG afr	未关联到本地KEGG旧locus记录	旧同株组装覆盖差异或映射缺失；不表示功能不存在	保留未取得
RU820_RS13855	KEGG afr	未关联到本地KEGG旧locus记录	旧同株组装覆盖差异或映射缺失；不表示功能不存在	保留未取得
RU820_RS13870	KEGG afr	未关联到本地KEGG旧locus记录	旧同株组装覆盖差异或映射缺失；不表示功能不存在	保留未取得
RU820_RS13880	KEGG afr	未关联到本地KEGG旧locus记录	旧同株组装覆盖差异或映射缺失；不表示功能不存在	保留未取得
RU820_RS13905	KEGG afr	未关联到本地KEGG旧locus记录	旧同株组装覆盖差异或映射缺失；不表示功能不存在	保留未取得
RU820_RS13910	KEGG afr	未关联到本地KEGG旧locus记录	旧同株组装覆盖差异或映射缺失；不表示功能不存在	保留未取得
RU820_RS13915	KEGG afr	未关联到本地KEGG旧locus记录	旧同株组装覆盖差异或映射缺失；不表示功能不存在	保留未取得
RU820_RS13920	KEGG afr	未关联到本地KEGG旧locus记录	旧同株组装覆盖差异或映射缺失；不表示功能不存在	保留未取得
RU820_RS13935	KEGG afr	未关联到本地KEGG旧locus记录	旧同株组装覆盖差异或映射缺失；不表示功能不存在	保留未取得
RU820_RS13955	KEGG afr	未关联到本地KEGG旧locus记录	旧同株组装覆盖差异或映射缺失；不表示功能不存在	保留未取得
RU820_RS13960	KEGG afr	未关联到本地KEGG旧locus记录	旧同株组装覆盖差异或映射缺失；不表示功能不存在	保留未取得
RU820_RS13965	KEGG afr	未关联到本地KEGG旧locus记录	旧同株组装覆盖差异或映射缺失；不表示功能不存在	保留未取得
RU820_RS13970	KEGG afr	未关联到本地KEGG旧locus记录	旧同株组装覆盖差异或映射缺失；不表示功能不存在	保留未取得
RU820_RS13985	KEGG afr	未关联到本地KEGG旧locus记录	旧同株组装覆盖差异或映射缺失；不表示功能不存在	保留未取得
RU820_RS13990	KEGG afr	未关联到本地KEGG旧locus记录	旧同株组装覆盖差异或映射缺失；不表示功能不存在	保留未取得
RU820_RS13995	Rhea	本地EC查询无命中或EC不完整	本轮已补查当前全基因完整四级EC；无命中不等于宿主无反应	保留未取得
RU820_RS14000	KEGG afr	未关联到本地KEGG旧locus记录	旧同株组装覆盖差异或映射缺失；不表示功能不存在	保留未取得
RU820_RS14045	Rhea	本地EC查询无命中或EC不完整	本轮已补查当前全基因完整四级EC；无命中不等于宿主无反应	保留未取得
RU820_RS14070	B1	旧locus未映射	当前基因存在；无法据此判断旧组装缺失或新基因	保留当前NCBI注释
RU820_RS14075	KEGG afr	未关联到本地KEGG旧locus记录	旧同株组装覆盖差异或映射缺失；不表示功能不存在	保留未取得
RU820_RS14105	KEGG afr	未关联到本地KEGG旧locus记录	旧同株组装覆盖差异或映射缺失；不表示功能不存在	保留未取得
RU820_RS14195	KEGG afr	未关联到本地KEGG旧locus记录	旧同株组装覆盖差异或映射缺失；不表示功能不存在	保留未取得
RU820_RS14200	KEGG afr	未关联到本地KEGG旧locus记录	旧同株组装覆盖差异或映射缺失；不表示功能不存在	保留未取得
RU820_RS14220	Rhea	本地EC查询无命中或EC不完整	本轮已补查当前全基因完整四级EC；无命中不等于宿主无反应	保留未取得
RU820_RS14245	B1	旧locus未映射	当前基因存在；无法据此判断旧组装缺失或新基因	保留当前NCBI注释
RU820_RS14270	KEGG afr	未关联到本地KEGG旧locus记录	旧同株组装覆盖差异或映射缺失；不表示功能不存在	保留未取得
RU820_RS14290	B1	旧locus未映射	当前基因存在；无法据此判断旧组装缺失或新基因	保留当前NCBI注释
RU820_RS14295	B1	旧locus未映射	当前基因存在；无法据此判断旧组装缺失或新基因	保留当前NCBI注释
RU820_RS14300	KEGG afr	未关联到本地KEGG旧locus记录	旧同株组装覆盖差异或映射缺失；不表示功能不存在	保留未取得
RU820_RS14305	KEGG afr	未关联到本地KEGG旧locus记录	旧同株组装覆盖差异或映射缺失；不表示功能不存在	保留未取得
RU820_RS14310	B1	旧locus未映射	当前基因存在；无法据此判断旧组装缺失或新基因	保留当前NCBI注释
RU820_RS14315	B1	旧locus未映射	当前基因存在；无法据此判断旧组装缺失或新基因	保留当前NCBI注释
RU820_RS14320	B1	旧locus未映射	当前基因存在；无法据此判断旧组装缺失或新基因	保留当前NCBI注释
RU820_RS14325	B1	旧locus未映射	当前基因存在；无法据此判断旧组装缺失或新基因	保留当前NCBI注释
RU820_RS14330	B1	旧locus未映射	当前基因存在；无法据此判断旧组装缺失或新基因	保留当前NCBI注释
RU820_RS14350	KEGG afr	未关联到本地KEGG旧locus记录	旧同株组装覆盖差异或映射缺失；不表示功能不存在	保留未取得
RU820_RS14370	KEGG afr	未关联到本地KEGG旧locus记录	旧同株组装覆盖差异或映射缺失；不表示功能不存在	保留未取得
RU820_RS14375	KEGG afr	未关联到本地KEGG旧locus记录	旧同株组装覆盖差异或映射缺失；不表示功能不存在	保留未取得
RU820_RS14385	KEGG afr	未关联到本地KEGG旧locus记录	旧同株组装覆盖差异或映射缺失；不表示功能不存在	保留未取得
RU820_RS14390	KEGG afr	未关联到本地KEGG旧locus记录	旧同株组装覆盖差异或映射缺失；不表示功能不存在	保留未取得
RU820_RS14410	B1	旧locus未映射	当前基因存在；无法据此判断旧组装缺失或新基因	保留当前NCBI注释
RU820_RS14425	KEGG afr	未关联到本地KEGG旧locus记录	旧同株组装覆盖差异或映射缺失；不表示功能不存在	保留未取得
RU820_RS14430	KEGG afr	未关联到本地KEGG旧locus记录	旧同株组装覆盖差异或映射缺失；不表示功能不存在	保留未取得
RU820_RS14435	KEGG afr	未关联到本地KEGG旧locus记录	旧同株组装覆盖差异或映射缺失；不表示功能不存在	保留未取得
RU820_RS14460	KEGG afr	未关联到本地KEGG旧locus记录	旧同株组装覆盖差异或映射缺失；不表示功能不存在	保留未取得
RU820_RS14465	KEGG afr	未关联到本地KEGG旧locus记录	旧同株组装覆盖差异或映射缺失；不表示功能不存在	保留未取得
RU820_RS14470	KEGG afr	未关联到本地KEGG旧locus记录	旧同株组装覆盖差异或映射缺失；不表示功能不存在	保留未取得
RU820_RS14475	KEGG afr	未关联到本地KEGG旧locus记录	旧同株组装覆盖差异或映射缺失；不表示功能不存在	保留未取得
RU820_RS14480	KEGG afr	未关联到本地KEGG旧locus记录	旧同株组装覆盖差异或映射缺失；不表示功能不存在	保留未取得
RU820_RS14490	B1	旧locus未映射	当前基因存在；无法据此判断旧组装缺失或新基因	保留当前NCBI注释
RU820_RS14495	B1	旧locus未映射	当前基因存在；无法据此判断旧组装缺失或新基因	保留当前NCBI注释
RU820_RS14500	KEGG afr	未关联到本地KEGG旧locus记录	旧同株组装覆盖差异或映射缺失；不表示功能不存在	保留未取得
RU820_RS14540	KEGG afr	未关联到本地KEGG旧locus记录	旧同株组装覆盖差异或映射缺失；不表示功能不存在	保留未取得
RU820_RS14555	KEGG afr	未关联到本地KEGG旧locus记录	旧同株组装覆盖差异或映射缺失；不表示功能不存在	保留未取得
RU820_RS14560	KEGG afr	未关联到本地KEGG旧locus记录	旧同株组装覆盖差异或映射缺失；不表示功能不存在	保留未取得
RU820_RS14565	KEGG afr	未关联到本地KEGG旧locus记录	旧同株组装覆盖差异或映射缺失；不表示功能不存在	保留未取得
RU820_RS14580	B1	旧locus未映射	当前基因存在；无法据此判断旧组装缺失或新基因	保留当前NCBI注释
RU820_RS14595	KEGG afr	未关联到本地KEGG旧locus记录	旧同株组装覆盖差异或映射缺失；不表示功能不存在	保留未取得
RU820_RS14600	KEGG afr	未关联到本地KEGG旧locus记录	旧同株组装覆盖差异或映射缺失；不表示功能不存在	保留未取得
RU820_RS14605	KEGG afr	未关联到本地KEGG旧locus记录	旧同株组装覆盖差异或映射缺失；不表示功能不存在	保留未取得
RU820_RS14615	KEGG afr	未关联到本地KEGG旧locus记录	旧同株组装覆盖差异或映射缺失；不表示功能不存在	保留未取得
RU820_RS14625	B1	旧locus未映射	当前基因存在；无法据此判断旧组装缺失或新基因	保留当前NCBI注释
RU820_RS14645	KEGG afr	未关联到本地KEGG旧locus记录	旧同株组装覆盖差异或映射缺失；不表示功能不存在	保留未取得
RU820_RS14650	KEGG afr	未关联到本地KEGG旧locus记录	旧同株组装覆盖差异或映射缺失；不表示功能不存在	保留未取得
RU820_RS14655	Rhea	本地EC查询无命中或EC不完整	本轮已补查当前全基因完整四级EC；无命中不等于宿主无反应	保留未取得
RU820_RS14665	KEGG afr	未关联到本地KEGG旧locus记录	旧同株组装覆盖差异或映射缺失；不表示功能不存在	保留未取得
RU820_RS14670	B1	旧locus未映射	当前基因存在；无法据此判断旧组装缺失或新基因	保留当前NCBI注释
RU820_RS14675	KEGG afr	未关联到本地KEGG旧locus记录	旧同株组装覆盖差异或映射缺失；不表示功能不存在	保留未取得
RU820_RS14685	KEGG afr	未关联到本地KEGG旧locus记录	旧同株组装覆盖差异或映射缺失；不表示功能不存在	保留未取得
RU820_RS14695	KEGG afr	未关联到本地KEGG旧locus记录	旧同株组装覆盖差异或映射缺失；不表示功能不存在	保留未取得
RU820_RS14710	KEGG afr	未关联到本地KEGG旧locus记录	旧同株组装覆盖差异或映射缺失；不表示功能不存在	保留未取得
RU820_RS14715	KEGG afr	未关联到本地KEGG旧locus记录	旧同株组装覆盖差异或映射缺失；不表示功能不存在	保留未取得
RU820_RS14720	KEGG afr	未关联到本地KEGG旧locus记录	旧同株组装覆盖差异或映射缺失；不表示功能不存在	保留未取得
RU820_RS14730	KEGG afr	未关联到本地KEGG旧locus记录	旧同株组装覆盖差异或映射缺失；不表示功能不存在	保留未取得
RU820_RS14735	KEGG afr	未关联到本地KEGG旧locus记录	旧同株组装覆盖差异或映射缺失；不表示功能不存在	保留未取得
RU820_RS14740	KEGG afr	未关联到本地KEGG旧locus记录	旧同株组装覆盖差异或映射缺失；不表示功能不存在	保留未取得
RU820_RS14745	KEGG afr	未关联到本地KEGG旧locus记录	旧同株组装覆盖差异或映射缺失；不表示功能不存在	保留未取得
RU820_RS14750	KEGG afr	未关联到本地KEGG旧locus记录	旧同株组装覆盖差异或映射缺失；不表示功能不存在	保留未取得
RU820_RS14755	B1	旧locus未映射	当前基因存在；无法据此判断旧组装缺失或新基因	保留当前NCBI注释
RU820_RS14760	B1	旧locus未映射	当前基因存在；无法据此判断旧组装缺失或新基因	保留当前NCBI注释
RU820_RS14765	B1	旧locus未映射	当前基因存在；无法据此判断旧组装缺失或新基因	保留当前NCBI注释
RU820_RS14770	KEGG afr	未关联到本地KEGG旧locus记录	旧同株组装覆盖差异或映射缺失；不表示功能不存在	保留未取得
RU820_RS14775	KEGG afr	未关联到本地KEGG旧locus记录	旧同株组装覆盖差异或映射缺失；不表示功能不存在	保留未取得
RU820_RS14780	KEGG afr	未关联到本地KEGG旧locus记录	旧同株组装覆盖差异或映射缺失；不表示功能不存在	保留未取得
RU820_RS14785	KEGG afr	未关联到本地KEGG旧locus记录	旧同株组装覆盖差异或映射缺失；不表示功能不存在	保留未取得
RU820_RS14790	KEGG afr	未关联到本地KEGG旧locus记录	旧同株组装覆盖差异或映射缺失；不表示功能不存在	保留未取得
RU820_RS14820	B1	旧locus未映射	当前基因存在；无法据此判断旧组装缺失或新基因	保留当前NCBI注释
RU820_RS14830	KEGG afr	未关联到本地KEGG旧locus记录	旧同株组装覆盖差异或映射缺失；不表示功能不存在	保留未取得
RU820_RS14840	KEGG afr	未关联到本地KEGG旧locus记录	旧同株组装覆盖差异或映射缺失；不表示功能不存在	保留未取得
RU820_RS14845	KEGG afr	未关联到本地KEGG旧locus记录	旧同株组装覆盖差异或映射缺失；不表示功能不存在	保留未取得
RU820_RS14850	Rhea	本地EC查询无命中或EC不完整	本轮已补查当前全基因完整四级EC；无命中不等于宿主无反应	保留未取得
RU820_RS14860	KEGG afr	未关联到本地KEGG旧locus记录	旧同株组装覆盖差异或映射缺失；不表示功能不存在	保留未取得
RU820_RS14870	B1	旧locus未映射	当前基因存在；无法据此判断旧组装缺失或新基因	保留当前NCBI注释
RU820_RS14875	KEGG afr	未关联到本地KEGG旧locus记录	旧同株组装覆盖差异或映射缺失；不表示功能不存在	保留未取得
RU820_RS14875	Rhea	本地EC查询无命中或EC不完整	本轮已补查当前全基因完整四级EC；无命中不等于宿主无反应	保留未取得
RU820_RS14880	KEGG afr	未关联到本地KEGG旧locus记录	旧同株组装覆盖差异或映射缺失；不表示功能不存在	保留未取得
RU820_RS14935	KEGG afr	未关联到本地KEGG旧locus记录	旧同株组装覆盖差异或映射缺失；不表示功能不存在	保留未取得
RU820_RS14960	KEGG afr	未关联到本地KEGG旧locus记录	旧同株组装覆盖差异或映射缺失；不表示功能不存在	保留未取得
RU820_RS14965	KEGG afr	未关联到本地KEGG旧locus记录	旧同株组装覆盖差异或映射缺失；不表示功能不存在	保留未取得
RU820_RS14970	B1	旧locus未映射	当前基因存在；无法据此判断旧组装缺失或新基因	保留当前NCBI注释
RU820_RS14985	KEGG afr	未关联到本地KEGG旧locus记录	旧同株组装覆盖差异或映射缺失；不表示功能不存在	保留未取得
RU820_RS14995	KEGG afr	未关联到本地KEGG旧locus记录	旧同株组装覆盖差异或映射缺失；不表示功能不存在	保留未取得
RU820_RS15010	KEGG afr	未关联到本地KEGG旧locus记录	旧同株组装覆盖差异或映射缺失；不表示功能不存在	保留未取得
RU820_RS15015	B1	旧locus未映射	当前基因存在；无法据此判断旧组装缺失或新基因	保留当前NCBI注释
RU820_RS15025	KEGG afr	未关联到本地KEGG旧locus记录	旧同株组装覆盖差异或映射缺失；不表示功能不存在	保留未取得
RU820_RS15030	KEGG afr	未关联到本地KEGG旧locus记录	旧同株组装覆盖差异或映射缺失；不表示功能不存在	保留未取得
RU820_RS15035	B1	旧locus未映射	当前基因存在；无法据此判断旧组装缺失或新基因	保留当前NCBI注释
RU820_RS15040	KEGG afr	未关联到本地KEGG旧locus记录	旧同株组装覆盖差异或映射缺失；不表示功能不存在	保留未取得
RU820_RS15060	KEGG afr	未关联到本地KEGG旧locus记录	旧同株组装覆盖差异或映射缺失；不表示功能不存在	保留未取得
RU820_RS15145	KEGG afr	未关联到本地KEGG旧locus记录	旧同株组装覆盖差异或映射缺失；不表示功能不存在	保留未取得
RU820_RS15170	KEGG afr	未关联到本地KEGG旧locus记录	旧同株组装覆盖差异或映射缺失；不表示功能不存在	保留未取得
RU820_RS15200	B1	旧locus未映射	当前基因存在；无法据此判断旧组装缺失或新基因	保留当前NCBI注释
RU820_RS15210	KEGG afr	未关联到本地KEGG旧locus记录	旧同株组装覆盖差异或映射缺失；不表示功能不存在	保留未取得
RU820_RS15215	B1	旧locus未映射	当前基因存在；无法据此判断旧组装缺失或新基因	保留当前NCBI注释
RU820_RS15220	B1	旧locus未映射	当前基因存在；无法据此判断旧组装缺失或新基因	保留当前NCBI注释
RU820_RS15225	B1	旧locus未映射	当前基因存在；无法据此判断旧组装缺失或新基因	保留当前NCBI注释
RU820_RS15230	KEGG afr	未关联到本地KEGG旧locus记录	旧同株组装覆盖差异或映射缺失；不表示功能不存在	保留未取得
RU820_RS15240	Rhea	本地EC查询无命中或EC不完整	本轮已补查当前全基因完整四级EC；无命中不等于宿主无反应	保留未取得
RU820_RS15245	KEGG afr	未关联到本地KEGG旧locus记录	旧同株组装覆盖差异或映射缺失；不表示功能不存在	保留未取得
RU820_RS15255	KEGG afr	未关联到本地KEGG旧locus记录	旧同株组装覆盖差异或映射缺失；不表示功能不存在	保留未取得
RU820_RS15265	KEGG afr	未关联到本地KEGG旧locus记录	旧同株组装覆盖差异或映射缺失；不表示功能不存在	保留未取得
RU820_RS15270	Rhea	本地EC查询无命中或EC不完整	本轮已补查当前全基因完整四级EC；无命中不等于宿主无反应	保留未取得
RU820_RS15275	KEGG afr	未关联到本地KEGG旧locus记录	旧同株组装覆盖差异或映射缺失；不表示功能不存在	保留未取得
RU820_RS15285	KEGG afr	未关联到本地KEGG旧locus记录	旧同株组装覆盖差异或映射缺失；不表示功能不存在	保留未取得
RU820_RS15290	KEGG afr	未关联到本地KEGG旧locus记录	旧同株组装覆盖差异或映射缺失；不表示功能不存在	保留未取得
RU820_RS15350	B1	旧locus未映射	当前基因存在；无法据此判断旧组装缺失或新基因	保留当前NCBI注释
RU820_RS15360	KEGG afr	未关联到本地KEGG旧locus记录	旧同株组装覆盖差异或映射缺失；不表示功能不存在	保留未取得
RU820_RS15370	KEGG afr	未关联到本地KEGG旧locus记录	旧同株组装覆盖差异或映射缺失；不表示功能不存在	保留未取得
RU820_RS15395	KEGG afr	未关联到本地KEGG旧locus记录	旧同株组装覆盖差异或映射缺失；不表示功能不存在	保留未取得
未映射:AFE_0009	B1	旧位点到当前基因未确定	缺失/未确定;旧蛋白序列不可用；不得解释为当前基因缺失	保留未确定
未映射:AFE_0026	B1	旧位点到当前基因未确定	缺失/未确定;新组装 RefSeq 蛋白集中未找到完全一致序列；不得解释为当前基因缺失	保留未确定
未映射:AFE_0040	B1	旧位点到当前基因未确定	缺失/未确定;新组装 RefSeq 蛋白集中未找到完全一致序列；不得解释为当前基因缺失	保留未确定
未映射:AFE_0110	B1	旧位点到当前基因未确定	缺失/未确定;旧蛋白序列不可用；不得解释为当前基因缺失	保留未确定
未映射:AFE_0141	B1	旧位点到当前基因未确定	缺失/未确定;新组装 RefSeq 蛋白集中未找到完全一致序列；不得解释为当前基因缺失	保留未确定
未映射:AFE_0208	B1	旧位点到当前基因未确定	缺失/未确定;新组装 RefSeq 蛋白集中未找到完全一致序列；不得解释为当前基因缺失	保留未确定
未映射:AFE_0220	B1	旧位点到当前基因未确定	缺失/未确定;新组装 RefSeq 蛋白集中未找到完全一致序列；不得解释为当前基因缺失	保留未确定
未映射:AFE_0321	B1	旧位点到当前基因未确定	缺失/未确定;新组装 RefSeq 蛋白集中未找到完全一致序列；不得解释为当前基因缺失	保留未确定
未映射:AFE_0376	B1	旧位点到当前基因未确定	缺失/未确定;新组装 RefSeq 蛋白集中未找到完全一致序列；不得解释为当前基因缺失	保留未确定
未映射:AFE_0412	B1	旧位点到当前基因未确定	缺失/未确定;旧蛋白序列不可用；不得解释为当前基因缺失	保留未确定
未映射:AFE_0494	B1	旧位点到当前基因未确定	缺失/未确定;新组装 RefSeq 蛋白集中未找到完全一致序列；不得解释为当前基因缺失	保留未确定
未映射:AFE_0495	B1	旧位点到当前基因未确定	缺失/未确定;新组装 RefSeq 蛋白集中未找到完全一致序列；不得解释为当前基因缺失	保留未确定
未映射:AFE_0506	B1	旧位点到当前基因未确定	缺失/未确定;旧蛋白序列不可用；不得解释为当前基因缺失	保留未确定
未映射:AFE_0510	B1	旧位点到当前基因未确定	缺失/未确定;旧蛋白序列不可用；不得解释为当前基因缺失	保留未确定
未映射:AFE_0545	B1	旧位点到当前基因未确定	缺失/未确定;新组装 RefSeq 蛋白集中未找到完全一致序列；不得解释为当前基因缺失	保留未确定
未映射:AFE_0549	B1	旧位点到当前基因未确定	缺失/未确定;新组装 RefSeq 蛋白集中未找到完全一致序列；不得解释为当前基因缺失	保留未确定
未映射:AFE_0587	B1	旧位点到当前基因未确定	缺失/未确定;新组装 RefSeq 蛋白集中未找到完全一致序列；不得解释为当前基因缺失	保留未确定
未映射:AFE_0658	B1	旧位点到当前基因未确定	缺失/未确定;新组装 RefSeq 蛋白集中未找到完全一致序列；不得解释为当前基因缺失	保留未确定
未映射:AFE_0671	B1	旧位点到当前基因未确定	缺失/未确定;新组装 RefSeq 蛋白集中未找到完全一致序列；不得解释为当前基因缺失	保留未确定
未映射:AFE_0704	B1	旧位点到当前基因未确定	缺失/未确定;新组装 RefSeq 蛋白集中未找到完全一致序列；不得解释为当前基因缺失	保留未确定
未映射:AFE_0734	B1	旧位点到当前基因未确定	缺失/未确定;新组装 RefSeq 蛋白集中未找到完全一致序列；不得解释为当前基因缺失	保留未确定
未映射:AFE_0741	B1	旧位点到当前基因未确定	缺失/未确定;新组装 RefSeq 蛋白集中未找到完全一致序列；不得解释为当前基因缺失	保留未确定
未映射:AFE_0746	B1	旧位点到当前基因未确定	缺失/未确定;新组装 RefSeq 蛋白集中未找到完全一致序列；不得解释为当前基因缺失	保留未确定
未映射:AFE_0774	B1	旧位点到当前基因未确定	缺失/未确定;新组装 RefSeq 蛋白集中未找到完全一致序列；不得解释为当前基因缺失	保留未确定
未映射:AFE_0787	B1	旧位点到当前基因未确定	缺失/未确定;新组装 RefSeq 蛋白集中未找到完全一致序列；不得解释为当前基因缺失	保留未确定
未映射:AFE_0796	B1	旧位点到当前基因未确定	缺失/未确定;新组装 RefSeq 蛋白集中未找到完全一致序列；不得解释为当前基因缺失	保留未确定
未映射:AFE_0824	B1	旧位点到当前基因未确定	缺失/未确定;新组装 RefSeq 蛋白集中未找到完全一致序列；不得解释为当前基因缺失	保留未确定
未映射:AFE_0832	B1	旧位点到当前基因未确定	缺失/未确定;旧蛋白序列不可用；不得解释为当前基因缺失	保留未确定
未映射:AFE_0836	B1	旧位点到当前基因未确定	缺失/未确定;旧蛋白序列不可用；不得解释为当前基因缺失	保留未确定
未映射:AFE_0912	B1	旧位点到当前基因未确定	缺失/未确定;新组装 RefSeq 蛋白集中未找到完全一致序列；不得解释为当前基因缺失	保留未确定
未映射:AFE_0941	B1	旧位点到当前基因未确定	缺失/未确定;新组装 RefSeq 蛋白集中未找到完全一致序列；不得解释为当前基因缺失	保留未确定
未映射:AFE_0948	B1	旧位点到当前基因未确定	缺失/未确定;新组装 RefSeq 蛋白集中未找到完全一致序列；不得解释为当前基因缺失	保留未确定
未映射:AFE_0965	B1	旧位点到当前基因未确定	缺失/未确定;新组装 RefSeq 蛋白集中未找到完全一致序列；不得解释为当前基因缺失	保留未确定
未映射:AFE_1057	B1	旧位点到当前基因未确定	缺失/未确定;新组装 RefSeq 蛋白集中未找到完全一致序列；不得解释为当前基因缺失	保留未确定
未映射:AFE_1090	B1	旧位点到当前基因未确定	缺失/未确定;新组装 RefSeq 蛋白集中未找到完全一致序列；不得解释为当前基因缺失	保留未确定
未映射:AFE_1094	B1	旧位点到当前基因未确定	缺失/未确定;新组装 RefSeq 蛋白集中未找到完全一致序列；不得解释为当前基因缺失	保留未确定
未映射:AFE_1104	B1	旧位点到当前基因未确定	缺失/未确定;新组装 RefSeq 蛋白集中未找到完全一致序列；不得解释为当前基因缺失	保留未确定
未映射:AFE_1119	B1	旧位点到当前基因未确定	缺失/未确定;新组装 RefSeq 蛋白集中未找到完全一致序列；不得解释为当前基因缺失	保留未确定
未映射:AFE_1154	B1	旧位点到当前基因未确定	缺失/未确定;新组装 RefSeq 蛋白集中未找到完全一致序列；不得解释为当前基因缺失	保留未确定
未映射:AFE_1178	B1	旧位点到当前基因未确定	缺失/未确定;新组装 RefSeq 蛋白集中未找到完全一致序列；不得解释为当前基因缺失	保留未确定
未映射:AFE_1204	B1	旧位点到当前基因未确定	缺失/未确定;新组装 RefSeq 蛋白集中未找到完全一致序列；不得解释为当前基因缺失	保留未确定
未映射:AFE_1205	B1	旧位点到当前基因未确定	缺失/未确定;新组装 RefSeq 蛋白集中未找到完全一致序列；不得解释为当前基因缺失	保留未确定
未映射:AFE_1208	B1	旧位点到当前基因未确定	缺失/未确定;新组装 RefSeq 蛋白集中未找到完全一致序列；不得解释为当前基因缺失	保留未确定
未映射:AFE_1209	B1	旧位点到当前基因未确定	缺失/未确定;新组装 RefSeq 蛋白集中未找到完全一致序列；不得解释为当前基因缺失	保留未确定
未映射:AFE_1232	B1	旧位点到当前基因未确定	缺失/未确定;新组装 RefSeq 蛋白集中未找到完全一致序列；不得解释为当前基因缺失	保留未确定
未映射:AFE_1249	B1	旧位点到当前基因未确定	缺失/未确定;新组装 RefSeq 蛋白集中未找到完全一致序列；不得解释为当前基因缺失	保留未确定
未映射:AFE_1304	B1	旧位点到当前基因未确定	缺失/未确定;新组装 RefSeq 蛋白集中未找到完全一致序列；不得解释为当前基因缺失	保留未确定
未映射:AFE_1305	B1	旧位点到当前基因未确定	缺失/未确定;新组装 RefSeq 蛋白集中未找到完全一致序列；不得解释为当前基因缺失	保留未确定
未映射:AFE_1307	B1	旧位点到当前基因未确定	缺失/未确定;新组装 RefSeq 蛋白集中未找到完全一致序列；不得解释为当前基因缺失	保留未确定
未映射:AFE_1308	B1	旧位点到当前基因未确定	缺失/未确定;新组装 RefSeq 蛋白集中未找到完全一致序列；不得解释为当前基因缺失	保留未确定
未映射:AFE_1311	B1	旧位点到当前基因未确定	缺失/未确定;新组装 RefSeq 蛋白集中未找到完全一致序列；不得解释为当前基因缺失	保留未确定
未映射:AFE_1313	B1	旧位点到当前基因未确定	缺失/未确定;新组装 RefSeq 蛋白集中未找到完全一致序列；不得解释为当前基因缺失	保留未确定
未映射:AFE_1316	B1	旧位点到当前基因未确定	缺失/未确定;新组装 RefSeq 蛋白集中未找到完全一致序列；不得解释为当前基因缺失	保留未确定
未映射:AFE_1317	B1	旧位点到当前基因未确定	缺失/未确定;新组装 RefSeq 蛋白集中未找到完全一致序列；不得解释为当前基因缺失	保留未确定
未映射:AFE_1318	B1	旧位点到当前基因未确定	缺失/未确定;新组装 RefSeq 蛋白集中未找到完全一致序列；不得解释为当前基因缺失	保留未确定
未映射:AFE_1320	B1	旧位点到当前基因未确定	缺失/未确定;新组装 RefSeq 蛋白集中未找到完全一致序列；不得解释为当前基因缺失	保留未确定
未映射:AFE_1321	B1	旧位点到当前基因未确定	缺失/未确定;新组装 RefSeq 蛋白集中未找到完全一致序列；不得解释为当前基因缺失	保留未确定
未映射:AFE_1322	B1	旧位点到当前基因未确定	缺失/未确定;新组装 RefSeq 蛋白集中未找到完全一致序列；不得解释为当前基因缺失	保留未确定
未映射:AFE_1323	B1	旧位点到当前基因未确定	缺失/未确定;新组装 RefSeq 蛋白集中未找到完全一致序列；不得解释为当前基因缺失	保留未确定
未映射:AFE_1326	B1	旧位点到当前基因未确定	缺失/未确定;新组装 RefSeq 蛋白集中未找到完全一致序列；不得解释为当前基因缺失	保留未确定
未映射:AFE_1327	B1	旧位点到当前基因未确定	缺失/未确定;新组装 RefSeq 蛋白集中未找到完全一致序列；不得解释为当前基因缺失	保留未确定
未映射:AFE_1328	B1	旧位点到当前基因未确定	缺失/未确定;新组装 RefSeq 蛋白集中未找到完全一致序列；不得解释为当前基因缺失	保留未确定
未映射:AFE_1330	B1	旧位点到当前基因未确定	缺失/未确定;新组装 RefSeq 蛋白集中未找到完全一致序列；不得解释为当前基因缺失	保留未确定
未映射:AFE_1331	B1	旧位点到当前基因未确定	缺失/未确定;新组装 RefSeq 蛋白集中未找到完全一致序列；不得解释为当前基因缺失	保留未确定
未映射:AFE_1333	B1	旧位点到当前基因未确定	缺失/未确定;新组装 RefSeq 蛋白集中未找到完全一致序列；不得解释为当前基因缺失	保留未确定
未映射:AFE_1335	B1	旧位点到当前基因未确定	缺失/未确定;新组装 RefSeq 蛋白集中未找到完全一致序列；不得解释为当前基因缺失	保留未确定
未映射:AFE_1336	B1	旧位点到当前基因未确定	缺失/未确定;新组装 RefSeq 蛋白集中未找到完全一致序列；不得解释为当前基因缺失	保留未确定
未映射:AFE_1338	B1	旧位点到当前基因未确定	缺失/未确定;新组装 RefSeq 蛋白集中未找到完全一致序列；不得解释为当前基因缺失	保留未确定
未映射:AFE_1339	B1	旧位点到当前基因未确定	缺失/未确定;新组装 RefSeq 蛋白集中未找到完全一致序列；不得解释为当前基因缺失	保留未确定
未映射:AFE_1340	B1	旧位点到当前基因未确定	缺失/未确定;新组装 RefSeq 蛋白集中未找到完全一致序列；不得解释为当前基因缺失	保留未确定
未映射:AFE_1341	B1	旧位点到当前基因未确定	缺失/未确定;新组装 RefSeq 蛋白集中未找到完全一致序列；不得解释为当前基因缺失	保留未确定
未映射:AFE_1342	B1	旧位点到当前基因未确定	缺失/未确定;新组装 RefSeq 蛋白集中未找到完全一致序列；不得解释为当前基因缺失	保留未确定
未映射:AFE_1343	B1	旧位点到当前基因未确定	缺失/未确定;新组装 RefSeq 蛋白集中未找到完全一致序列；不得解释为当前基因缺失	保留未确定
未映射:AFE_1344	B1	旧位点到当前基因未确定	缺失/未确定;新组装 RefSeq 蛋白集中未找到完全一致序列；不得解释为当前基因缺失	保留未确定
未映射:AFE_1345	B1	旧位点到当前基因未确定	缺失/未确定;新组装 RefSeq 蛋白集中未找到完全一致序列；不得解释为当前基因缺失	保留未确定
未映射:AFE_1346	B1	旧位点到当前基因未确定	缺失/未确定;新组装 RefSeq 蛋白集中未找到完全一致序列；不得解释为当前基因缺失	保留未确定
未映射:AFE_1347	B1	旧位点到当前基因未确定	缺失/未确定;新组装 RefSeq 蛋白集中未找到完全一致序列；不得解释为当前基因缺失	保留未确定
未映射:AFE_1348	B1	旧位点到当前基因未确定	缺失/未确定;新组装 RefSeq 蛋白集中未找到完全一致序列；不得解释为当前基因缺失	保留未确定
未映射:AFE_1349	B1	旧位点到当前基因未确定	缺失/未确定;新组装 RefSeq 蛋白集中未找到完全一致序列；不得解释为当前基因缺失	保留未确定
未映射:AFE_1350	B1	旧位点到当前基因未确定	缺失/未确定;新组装 RefSeq 蛋白集中未找到完全一致序列；不得解释为当前基因缺失	保留未确定
未映射:AFE_1351	B1	旧位点到当前基因未确定	缺失/未确定;新组装 RefSeq 蛋白集中未找到完全一致序列；不得解释为当前基因缺失	保留未确定
未映射:AFE_1366	B1	旧位点到当前基因未确定	缺失/未确定;新组装 RefSeq 蛋白集中未找到完全一致序列；不得解释为当前基因缺失	保留未确定
未映射:AFE_1374	B1	旧位点到当前基因未确定	缺失/未确定;旧蛋白序列不可用；不得解释为当前基因缺失	保留未确定
未映射:AFE_1377	B1	旧位点到当前基因未确定	缺失/未确定;旧蛋白序列不可用；不得解释为当前基因缺失	保留未确定
未映射:AFE_1435	B1	旧位点到当前基因未确定	缺失/未确定;新组装 RefSeq 蛋白集中未找到完全一致序列；不得解释为当前基因缺失	保留未确定
未映射:AFE_1440	B1	旧位点到当前基因未确定	缺失/未确定;新组装 RefSeq 蛋白集中未找到完全一致序列；不得解释为当前基因缺失	保留未确定
未映射:AFE_1543	B1	旧位点到当前基因未确定	缺失/未确定;新组装 RefSeq 蛋白集中未找到完全一致序列；不得解释为当前基因缺失	保留未确定
未映射:AFE_1593	B1	旧位点到当前基因未确定	缺失/未确定;旧蛋白序列不可用；不得解释为当前基因缺失	保留未确定
未映射:AFE_1608	B1	旧位点到当前基因未确定	缺失/未确定;旧蛋白序列不可用；不得解释为当前基因缺失	保留未确定
未映射:AFE_1611	B1	旧位点到当前基因未确定	缺失/未确定;旧蛋白序列不可用；不得解释为当前基因缺失	保留未确定
未映射:AFE_1625	B1	旧位点到当前基因未确定	缺失/未确定;新组装 RefSeq 蛋白集中未找到完全一致序列；不得解释为当前基因缺失	保留未确定
未映射:AFE_1692	B1	旧位点到当前基因未确定	缺失/未确定;新组装 RefSeq 蛋白集中未找到完全一致序列；不得解释为当前基因缺失	保留未确定
未映射:AFE_1707	B1	旧位点到当前基因未确定	缺失/未确定;旧蛋白序列不可用；不得解释为当前基因缺失	保留未确定
未映射:AFE_1772	B1	旧位点到当前基因未确定	缺失/未确定;新组装 RefSeq 蛋白集中未找到完全一致序列；不得解释为当前基因缺失	保留未确定
未映射:AFE_1773	B1	旧位点到当前基因未确定	缺失/未确定;旧蛋白序列不可用；不得解释为当前基因缺失	保留未确定
未映射:AFE_1828	B1	旧位点到当前基因未确定	缺失/未确定;新组装 RefSeq 蛋白集中未找到完全一致序列；不得解释为当前基因缺失	保留未确定
未映射:AFE_1842	B1	旧位点到当前基因未确定	缺失/未确定;旧蛋白序列不可用；不得解释为当前基因缺失	保留未确定
未映射:AFE_1873	B1	旧位点到当前基因未确定	缺失/未确定;新组装 RefSeq 蛋白集中未找到完全一致序列；不得解释为当前基因缺失	保留未确定
未映射:AFE_1876	B1	旧位点到当前基因未确定	缺失/未确定;新组装 RefSeq 蛋白集中未找到完全一致序列；不得解释为当前基因缺失	保留未确定
未映射:AFE_1889	B1	旧位点到当前基因未确定	缺失/未确定;新组装 RefSeq 蛋白集中未找到完全一致序列；不得解释为当前基因缺失	保留未确定
未映射:AFE_1912	B1	旧位点到当前基因未确定	缺失/未确定;旧蛋白序列不可用；不得解释为当前基因缺失	保留未确定
未映射:AFE_1920	B1	旧位点到当前基因未确定	缺失/未确定;新组装 RefSeq 蛋白集中未找到完全一致序列；不得解释为当前基因缺失	保留未确定
未映射:AFE_1964	B1	旧位点到当前基因未确定	缺失/未确定;新组装 RefSeq 蛋白集中未找到完全一致序列；不得解释为当前基因缺失	保留未确定
未映射:AFE_2023	B1	旧位点到当前基因未确定	缺失/未确定;新组装 RefSeq 蛋白集中未找到完全一致序列；不得解释为当前基因缺失	保留未确定
未映射:AFE_2048	B1	旧位点到当前基因未确定	缺失/未确定;旧蛋白序列不可用；不得解释为当前基因缺失	保留未确定
未映射:AFE_2064	B1	旧位点到当前基因未确定	缺失/未确定;新组装 RefSeq 蛋白集中未找到完全一致序列；不得解释为当前基因缺失	保留未确定
未映射:AFE_2109	B1	旧位点到当前基因未确定	缺失/未确定;新组装 RefSeq 蛋白集中未找到完全一致序列；不得解释为当前基因缺失	保留未确定
未映射:AFE_2110	B1	旧位点到当前基因未确定	缺失/未确定;新组装 RefSeq 蛋白集中未找到完全一致序列；不得解释为当前基因缺失	保留未确定
未映射:AFE_2117	B1	旧位点到当前基因未确定	缺失/未确定;新组装 RefSeq 蛋白集中未找到完全一致序列；不得解释为当前基因缺失	保留未确定
未映射:AFE_2189	B1	旧位点到当前基因未确定	缺失/未确定;新组装 RefSeq 蛋白集中未找到完全一致序列；不得解释为当前基因缺失	保留未确定
未映射:AFE_2234	B1	旧位点到当前基因未确定	缺失/未确定;新组装 RefSeq 蛋白集中未找到完全一致序列；不得解释为当前基因缺失	保留未确定
未映射:AFE_2252	B1	旧位点到当前基因未确定	缺失/未确定;新组装 RefSeq 蛋白集中未找到完全一致序列；不得解释为当前基因缺失	保留未确定
未映射:AFE_2253	B1	旧位点到当前基因未确定	缺失/未确定;新组装 RefSeq 蛋白集中未找到完全一致序列；不得解释为当前基因缺失	保留未确定
未映射:AFE_2310	B1	旧位点到当前基因未确定	缺失/未确定;旧蛋白序列不可用；不得解释为当前基因缺失	保留未确定
未映射:AFE_2336	B1	旧位点到当前基因未确定	缺失/未确定;新组装 RefSeq 蛋白集中未找到完全一致序列；不得解释为当前基因缺失	保留未确定
未映射:AFE_2395	B1	旧位点到当前基因未确定	缺失/未确定;新组装 RefSeq 蛋白集中未找到完全一致序列；不得解释为当前基因缺失	保留未确定
未映射:AFE_2400	B1	旧位点到当前基因未确定	缺失/未确定;旧蛋白序列不可用；不得解释为当前基因缺失	保留未确定
未映射:AFE_2407	B1	旧位点到当前基因未确定	缺失/未确定;新组装 RefSeq 蛋白集中未找到完全一致序列；不得解释为当前基因缺失	保留未确定
未映射:AFE_2412	B1	旧位点到当前基因未确定	缺失/未确定;新组装 RefSeq 蛋白集中未找到完全一致序列；不得解释为当前基因缺失	保留未确定
未映射:AFE_2437	B1	旧位点到当前基因未确定	缺失/未确定;旧蛋白序列不可用；不得解释为当前基因缺失	保留未确定
未映射:AFE_2440	B1	旧位点到当前基因未确定	缺失/未确定;旧蛋白序列不可用；不得解释为当前基因缺失	保留未确定
未映射:AFE_2444	B1	旧位点到当前基因未确定	缺失/未确定;旧蛋白序列不可用；不得解释为当前基因缺失	保留未确定
未映射:AFE_2453	B1	旧位点到当前基因未确定	缺失/未确定;旧蛋白序列不可用；不得解释为当前基因缺失	保留未确定
未映射:AFE_2483	B1	旧位点到当前基因未确定	缺失/未确定;新组装 RefSeq 蛋白集中未找到完全一致序列；不得解释为当前基因缺失	保留未确定
未映射:AFE_2485	B1	旧位点到当前基因未确定	缺失/未确定;新组装 RefSeq 蛋白集中未找到完全一致序列；不得解释为当前基因缺失	保留未确定
未映射:AFE_2526	B1	旧位点到当前基因未确定	缺失/未确定;新组装 RefSeq 蛋白集中未找到完全一致序列；不得解释为当前基因缺失	保留未确定
未映射:AFE_2562	B1	旧位点到当前基因未确定	缺失/未确定;新组装 RefSeq 蛋白集中未找到完全一致序列；不得解释为当前基因缺失	保留未确定
未映射:AFE_2566	B1	旧位点到当前基因未确定	缺失/未确定;新组装 RefSeq 蛋白集中未找到完全一致序列；不得解释为当前基因缺失	保留未确定
未映射:AFE_2608	B1	旧位点到当前基因未确定	缺失/未确定;新组装 RefSeq 蛋白集中未找到完全一致序列；不得解释为当前基因缺失	保留未确定
未映射:AFE_2613	B1	旧位点到当前基因未确定	缺失/未确定;新组装 RefSeq 蛋白集中未找到完全一致序列；不得解释为当前基因缺失	保留未确定
未映射:AFE_2684	B1	旧位点到当前基因未确定	缺失/未确定;新组装 RefSeq 蛋白集中未找到完全一致序列；不得解释为当前基因缺失	保留未确定
未映射:AFE_2690	B1	旧位点到当前基因未确定	缺失/未确定;新组装 RefSeq 蛋白集中未找到完全一致序列；不得解释为当前基因缺失	保留未确定
未映射:AFE_2702	B1	旧位点到当前基因未确定	缺失/未确定;新组装 RefSeq 蛋白集中未找到完全一致序列；不得解释为当前基因缺失	保留未确定
未映射:AFE_2725	B1	旧位点到当前基因未确定	缺失/未确定;新组装 RefSeq 蛋白集中未找到完全一致序列；不得解释为当前基因缺失	保留未确定
未映射:AFE_2768	B1	旧位点到当前基因未确定	缺失/未确定;旧蛋白序列不可用；不得解释为当前基因缺失	保留未确定
未映射:AFE_2774	B1	旧位点到当前基因未确定	缺失/未确定;新组装 RefSeq 蛋白集中未找到完全一致序列；不得解释为当前基因缺失	保留未确定
未映射:AFE_2816	B1	旧位点到当前基因未确定	缺失/未确定;新组装 RefSeq 蛋白集中未找到完全一致序列；不得解释为当前基因缺失	保留未确定
未映射:AFE_2821	B1	旧位点到当前基因未确定	缺失/未确定;新组装 RefSeq 蛋白集中未找到完全一致序列；不得解释为当前基因缺失	保留未确定
未映射:AFE_2822	B1	旧位点到当前基因未确定	缺失/未确定;新组装 RefSeq 蛋白集中未找到完全一致序列；不得解释为当前基因缺失	保留未确定
未映射:AFE_2893	B1	旧位点到当前基因未确定	缺失/未确定;新组装 RefSeq 蛋白集中未找到完全一致序列；不得解释为当前基因缺失	保留未确定
未映射:AFE_2937	B1	旧位点到当前基因未确定	缺失/未确定;旧蛋白序列不可用；不得解释为当前基因缺失	保留未确定
未映射:AFE_2974	B1	旧位点到当前基因未确定	缺失/未确定;新组装 RefSeq 蛋白集中未找到完全一致序列；不得解释为当前基因缺失	保留未确定
未映射:AFE_2977	B1	旧位点到当前基因未确定	缺失/未确定;新组装 RefSeq 蛋白集中未找到完全一致序列；不得解释为当前基因缺失	保留未确定
未映射:AFE_3067	B1	旧位点到当前基因未确定	缺失/未确定;新组装 RefSeq 蛋白集中未找到完全一致序列；不得解释为当前基因缺失	保留未确定
未映射:AFE_3076	B1	旧位点到当前基因未确定	缺失/未确定;新组装 RefSeq 蛋白集中未找到完全一致序列；不得解释为当前基因缺失	保留未确定
未映射:AFE_3136	B1	旧位点到当前基因未确定	缺失/未确定;新组装 RefSeq 蛋白集中未找到完全一致序列；不得解释为当前基因缺失	保留未确定
未映射:AFE_3154	B1	旧位点到当前基因未确定	缺失/未确定;旧蛋白序列不可用；不得解释为当前基因缺失	保留未确定
未映射:AFE_3173	B1	旧位点到当前基因未确定	缺失/未确定;新组装 RefSeq 蛋白集中未找到完全一致序列；不得解释为当前基因缺失	保留未确定
未映射:AFE_3181	B1	旧位点到当前基因未确定	缺失/未确定;旧蛋白序列不可用；不得解释为当前基因缺失	保留未确定
未映射:AFE_3182	B1	旧位点到当前基因未确定	缺失/未确定;旧蛋白序列不可用；不得解释为当前基因缺失	保留未确定
未映射:AFE_3184	B1	旧位点到当前基因未确定	缺失/未确定;旧蛋白序列不可用；不得解释为当前基因缺失	保留未确定
未映射:AFE_3185	B1	旧位点到当前基因未确定	缺失/未确定;旧蛋白序列不可用；不得解释为当前基因缺失	保留未确定
未映射:AFE_3195	B1	旧位点到当前基因未确定	缺失/未确定;新组装 RefSeq 蛋白集中未找到完全一致序列；不得解释为当前基因缺失	保留未确定
未映射:AFE_3196	B1	旧位点到当前基因未确定	缺失/未确定;新组装 RefSeq 蛋白集中未找到完全一致序列；不得解释为当前基因缺失	保留未确定
未映射:AFE_3197	B1	旧位点到当前基因未确定	缺失/未确定;新组装 RefSeq 蛋白集中未找到完全一致序列；不得解释为当前基因缺失	保留未确定
未映射:AFE_3217	B1	旧位点到当前基因未确定	缺失/未确定;新组装 RefSeq 蛋白集中未找到完全一致序列；不得解释为当前基因缺失	保留未确定
未映射:AFE_3268	B1	旧位点到当前基因未确定	缺失/未确定;新组装 RefSeq 蛋白集中未找到完全一致序列；不得解释为当前基因缺失	保留未确定
未映射:AFE_3297	B1	旧位点到当前基因未确定	缺失/未确定;新组装 RefSeq 蛋白集中未找到完全一致序列；不得解释为当前基因缺失	保留未确定
未映射:AFE_2291	A0 GPR/B1	模型GPR旧locus未在B1映射表	相关反应=PSSA120；复合体成员不能视为完整映射	保留未确定
未映射:AFE_3147	A0 GPR/B1	模型GPR旧locus未在B1映射表	相关反应=CYTAA31；复合体成员不能视为完整映射	保留未确定
全局	MetaCyc	未独立取得	当前信息继承自BioCyc/Pathway Tools	不得计为独立证据
全局	BRENDA	动力学/pH/温度未完整取得	现有SPARQL部分响应达到LIMIT 5000；EC记录不能推出基因反应	保留未取得
全局	UniProt	未检查	未进行独立UniProt交叉证据检索	保留未检查
全局	Rhea	完整四级EC已查、部分无返回	当前完整四级EC 703 个，Rhea有返回 644 个，无返回 59 个；不完整EC和方向字段未全面取得	无返回不解释为宿主缺失功能
