reaction_id	reaction_type	E1_candidate_id	donor_source_reaction	reaction_equation	FBA_flux	pFBA_flux	FVA_minimum	FVA_maximum
ASPK	host			asp_DASH_L_c + atp_c <=> 4pasp_c + adp_c	0.33410484961635994	0.04114685535955271		
FDH	host			for_c + nad_c --> co2_c + nadh_c	0.0	0.028585562102877715		
DDPA	host			e4p_c + h2o_c + pep_c --> 2dda7p_c + pi_c	0.04300850830070236	0.025006039558993883		
SDPTA	host			akg_c + sl26da_c <=> glu_DASH_L_c + sl2a6o_c	-0.04782902959843202	-0.02780879071286334		
A5PISO	host			ru5p_DASH_D_c <=> ara5p_c	0.010318172677414547	0.005999199794235686		
ARGDC	host			arg_DASH_L_c + h_c <=> agm_c + co2_c	0.0	-0.021872082583150945		
ATPM	host			atp_c + h2o_c --> adp_c + h_c + pi_c	3.475	3.475		
ATPS5rpp	host			adp_c + 5.0 h_p + pi_c --> atp_c + h2o_c + 4.0 h_c	2.4499846785883808	20.594609761947833		
Afe_biomass_mc507_WT_139p0M	host			2e-05 10fthf_c + 2e-05 5mthf_c + 3e-05 accoa_c + 0.66 ala_DASH_L_c + 2e-05 amet_c + 0.28 arg_DASH_L_c + 0.27 asn_DASH_L_c + 0.27 asp_DASH_L_c + 139.1 atp_c + 0.087 ca2_c + 2e-05 chor_c + 2e-05 coa_c + 0.13 ctp_c + 0.001 cu2_c + 0.015 datp_c + 0.022 dctp_c + 0.022 dgtp_c + 0.015 dttp_c + 2e-05 fad_c + 0.067 fe2_c + 0.067 fe3_c + 0.26 gln_DASH_L_c + 0.26 glu_DASH_L_c + 0.55 gly_c + 0.15 glycogen_c + 2e-05 gthrd_c + 0.14 gtp_c + 139.0 h2o_c + 2e-05 hemeO_c + 0.24 his_DASH_L_c + 0.29 ile_DASH_L_c + 0.046 k_c + 0.51 leu_DASH_L_c + 0.024 lps_AFE_c + 0.33 lys_DASH_L_c + 0.17 met_DASH_L_c + 0.24 mg2_c + 2e-05 mlthf_c + 0.03 mn2_c + 0.013 murein5px4p_c + 0.14 na1_c + 0.00019 nad_c + 1e-05 nadp_c + 4e-05 nadph_c + 0.18 phe_DASH_L_c + 2e-05 pheme_c + 0.07 ppl_AFE_c + 0.27 pro_DASH_L_c + 0.00358 ptrc_c + 2e-05 pydx5p_c + 2e-05 q8h2_c + 2e-05 ribflv_c + 0.23 ser_DASH_L_c + 2e-05 sheme_c + 0.09 so4_c + 0.00073 spmd_c + 1e-05 succoa_c + 2e-05 thf_c + 2e-05 thmpp_c + 0.26 thr_DASH_L_c + 0.14 tyr_DASH_L_c + 1e-05 udcpdp_c + 0.094 utp_c + 0.41 val_DASH_L_c + 0.002 zn2_c --> 139.0 adp_c + bio_c + 139.0 h_c + 139.0 pi_c + 0.531 ppi_c	0.1343512067371686	0.0781145806541105		
CHRPL	host			chor_c <=> 4hbz_c + pyr_c	2.6870241347431985e-06	1.5622916130853962e-06		
DNMPPA	host			dhpmp_c + h2o_c --> dhnpt_c + pi_c	1.0748096538906185e-05	6.249166452345137e-06		
SHCHD2	host			dscl_c + nad_c <=> h_c + nadh_c + scl_c	2.6870241347433726e-06	1.5622916130822107e-06		
FTHFL	host			10fthf_c + adp_c + pi_c --> atp_c + for_c + thf_c	0.0	0.028566814603520705		
DNTPPA	host			ahdt_c + h2o_c --> dhpmp_c + h_c + ppi_c	1.0748096538906185e-05	6.249166452345137e-06		
HISTP	host			h2o_c + hisp_c --> histd_c + pi_c	0.03224428961691987	0.01874749935698652		
INSK	host			atp_c + ins_c <=> adp_c + h_c + imp_c	-0.06967614802836093	-0.02784722308654811		
IPDDI	host			ipdp_c <=> dmpp_c	6.7175603368614714e-06	0.0		
LPS	host			0.3 lip_AFE_c + 1.6 polysac_AFE_c --> lps_AFE_c	0.0032244289616920464	0.0018747499356986518		
MNTH	host			fe2_p + h_p --> fe2_c + h_c	0.018011122775184827	0.010472040682490056		
NADHI	host			5.0 h_p + nad_c + q8h2_c <=> 6.0 h_c + nadh_c + q8_c	0.0	-14.998932017261788		
PL_DASH_AFE	host			0.05 clpn120_c + 0.15 pe_AFE_c + 0.37 pg120_c + 0.43 ptdmeeta_AFE_c --> ppl_AFE_c	0.009404584471601803	0.0054680206457877354		
LIPA	host			0.52 dtdpglu_c + 0.43 dtdprmn_c + 0.01 gam_c + 0.01 gdpmann_c + hlipa_AFE_c --> 0.94 dtdp_c + 0.01 gdp_c + polysac_AFE_c	0.005159086338707273	0.002999599897117843		
G5SADs	host			glu5sa_c --> 1pyr5c_c + h2o_c + h_c	0.03627482581903552	0.021090936776609833		
RUBISCO	host			co2_c + h2o_c + rb15bp_c <=> 2.0 3pg_c + 2.0 h_c	0.23740348725383958	0.1469885188751694		
RUBISCOX	host			o2_c + rb15bp_c --> 2pglyc_c + 3pg_c + 2.0 h_c	0.015397654795889195	0.0		
SHKK	host			atp_c + skm_c --> adp_c + h_c + skm5p_c	0.04300850830070236	0.025006039558993876		
BIOMASStpp	host			bio_c <=> bio_p	0.1343512067371686	0.0781145806541105		
BIOMASStex	host			bio_p <=> bio_e	0.1343512067371686	0.0781145806541105		
CA2tex	host			ca2_e <=> ca2_p	0.01168855498613367	0.006795968516907613		
CA2tpp	host			ca2_p --> ca2_c + na1_p	0.011688554986133668	0.006795968516907613		
CU2tex	host			cu2_e <=> cu2_p	0.0001343512067371686	7.81145806541105e-05		
CU2tpp	host			cu2_p --> cu2_c	0.0001343512067371686	7.81145806541105e-05		
FE2tex	host			fe2_e <=> fe2_p	0.018011122775184827	0.010472040682490056		
HCO3tex	host			h2co3_e <=> h2co3_p	2.0000000000000004	0.0		
HCO3tpp	host			h2co3_p <=> h_c + hco3_c	2.0000000000000004	0.0		
H2Otex	host			h2o_e <=> h2o_p	-6.562399417968999	-1.489832215609222		
H2Otpp	host			h2o_p <=> h2o_c	-6.562399417969	-1.4898322156092223		
TMDS	host			dump_c + mlthf_c <=> dhf_c + dtmp_c	-1.0748096539217498e-05	0.0		
Ktex	host			k_e <=> k_p	0.0061801555099097565	0.0035932707100890826		
Ktpp	host			k_p --> k_c	0.006180155509909756	0.003593270710089083		
MG2tex	host			mg2_e <=> mg2_p	0.03224428961692046	0.01874749935698652		
MG2tpp	host			atp_c + h2o_c + mg2_p --> adp_c + h_c + mg2_c + pi_c	0.03224428961692047	0.018747499356986524		
MN2tex	host			mn2_e <=> mn2_p	0.0040305362021150586	0.002343437419623315		
MN2tpp	host			mn2_p --> mn2_c	0.0040305362021150586	0.002343437419623315		
N2tex	host			n2_e <=> n2_p	0.6679795556156326	0.38837718052295417		
N2tpp	host			n2_p <=> n2_c	0.6679795556156325	0.38837718052295417		
NA1tex	host			na1_e <=> na1_p	0.007120613957069938	0.0041400727746678575		
NA1tpp	host			h_p + na1_p --> h_c + na1_c	0.018809168943203607	0.010936041291575471		
Pitex	host			pi_p <=> pi_e	-0.091654661938486	-0.0532899231514102		
ZN2tex	host			zn2_e <=> zn2_p	0.00026870241347433724	0.00015622916130822104		
ZN2tpp	host			zn2_p --> zn2_c	0.0002687024134743372	0.00015622916130822104		
Htex	host			h_p <=> h_e	-12.286743684660294	0.0		
UPP3S	host			hmbil_c --> h2o_c + uppg3_c	8.06107240423012e-06	4.686874839246631e-06		
VALTA1	host			pyr_c + val_DASH_L_c <=> 3mob_c + ala_DASH_L_c	-0.055083994762239116	0.0		
CYTAA31	host			cytccr_p + 2.0 h_c + 0.5 o2_c --> cytcco_p + h2o_c	6.079382243478157	0.0		
BIOC1	host			accoa_c + bcCPco2_AFE_c --> 2.0 bcCP_AFE_c + h_c + malcoa_c	0.009673286885076142	0.0		
BIOC2	host			atp_c + 2.0 bcCP_AFE_c + hco3_c --> adp_c + bcCPco2_AFE_c + pi_c	0.00967328688507614	0.0		
ACONT1	host			cit_c <=> acon_DASH_C_c + h2o_c	-0.7776995767812958	0.0		
ACONT2	host			acon_DASH_C_c + h2o_c <=> icit_c	-0.7776995767812958	0.0		
ACS	host			ac_c + atp_c + coa_c --> accoa_c + amp_c + ppi_c	0.0	0.014405890964231059		
ADA	host			adn_c + h2o_c + h_c <=> ins_c + nh4_c	-0.047895130392132466	-0.027847223086548106		
ADK1	host			amp_c + atp_c <=> 2.0 adp_c	-32.58015589033687	0.0		
ADPT	host			amp_c + ppi_c <=> ade_c + prpp_c	-0.047892443367997715	-0.027845660794935025		
ADNSE	host			ahcys_c + h2o_c <=> adn_c + hcys_DASH_L_c	-2.687024133837159e-06	-1.5622916130823617e-06		
GCALDD	host			gcald_c + h2o_c + nad_c --> glyclt_c + 2.0 h_c + nadh_c	0.0	4.686874839262926e-06		
ALAR	host			ala_DASH_L_c <=> ala_DASH_D_c	0.005239697062749577	0.0		
ACGK	host			acglu_c + atp_c --> acg5p_c + adp_c	0.03819739158744442	0.022208756425770155		
AGPR	host			acg5sa_c + nadp_c + pi_c <=> acg5p_c + h_c + nadph_c	-0.03819739158744441	-0.02220875642577015		
ACOTA	host			acorn_c + akg_c <=> acg5sa_c + glu_DASH_L_c	-0.03819739158744442	-0.022208756425770155		
OCBT	host			cbp_c + orn_c <=> citr_DASH_L_c + h_c + pi_c	0.03761833788640721	0.0		
ARGSS	host			asp_DASH_L_c + atp_c + citr_DASH_L_c --> amp_c + argsuc_c + h_c + ppi_c	0.7810938256683458	0.0		
ARGSL	host			argsuc_c --> arg_DASH_L_c + fum_c	0.7810938256683461	0.0		
GLAT	host			acorn_c + glu_DASH_L_c <=> acglu_c + orn_c	0.03819739158744441	0.022208756425770155		
PSCVT	host			pep_c + skm5p_c <=> 3psme_c + pi_c	0.04300850830070236	0.025006039558993876		
DHQS	host			2dda7p_c --> 3dhq_c + pi_c	0.04300850830070236	0.025006039558993883		
CHORS	host			3psme_c --> chor_c + pi_c	0.04300850830070235	0.025006039558993876		
SHK3D	host			nadp_c + skm_c <=> 3dhsk_c + h_c + nadph_c	-0.04300850830070235	-0.025006039558993876		
DHQT	host			3dhq_c <=> 3dhsk_c + h2o_c	0.04300850830070236	0.02500603955899388		
ASAD	host			aspsa_c + nadp_c + pi_c <=> 4pasp_c + h_c + nadph_c	-0.33410484961635994	-0.0411468553595527		
ASNS1	host			asp_DASH_L_c + atp_c + gln_DASH_L_c + h2o_c --> amp_c + asn_DASH_L_c + glu_DASH_L_c + h_c + ppi_c	0.03627482581903553	0.0		
ASPTA	host			akg_c + asp_DASH_L_c <=> glu_DASH_L_c + oaa_c	-1.297011419634305	-0.12853332427899403		
TYRTA	host			34hpp_c + glu_DASH_L_c <=> akg_c + tyr_DASH_L_c	0.01880916894320361	0.010936041291575473		
ADSR	host			amp_c + 2.0 h_c + q8_c + so3_c --> aps_c + q8h2_c	0.026585954193977867	0.6199556272728376		
UDCPDP	host			h2o_c + udcpdp_c --> h_c + pi_c + udcpp_c	0.0034931313751663837	0.002030979097006873		
CYTBD	host			1.8 h_c + 0.5 o2_c + q8h2_c --> h2o_c + 1.8 h_p + q8_c	0.0	15.555442669669032		
CBPS	host			2.0 atp_c + gln_DASH_L_c + h2o_c + hco3_c --> 2.0 adp_c + cbp_c + glu_DASH_L_c + 2.0 h_c + pi_c	0.07789468004690255	0.0		
CAT	host			2.0 h2o2_c <=> 2.0 h2o_c + o2_c	-2.401676426296621	-0.3022490007973399		
PRUK	host			atp_c + ru5p_DASH_D_c --> adp_c + h_c + rb15bp_c	0.2528011420497288	0.1469885188751694		
CYTD	host			cytd_c + h2o_c + h_c <=> nh4_c + uri_c	-0.3125911908815525	-0.027845660794929065		
CLPNS120	host			2.0 pg120_c <=> clpn120_c + glyc_c	0.0004702292235800902	0.0002734010322893868		
CYTK1	host			atp_c + cmp_c <=> adp_c + cdp_c	0.0029557265482177096	0.016297982336831936		
PNTK	host			atp_c + pnto_DASH_R_c <=> adp_c + d4ppp_c + h_c	-0.3247137002654473	-0.020314477844907978		
PTPAT	host			4ppan_c + atp_c + h_c <=> dpcoa_c + ppi_c	8.061072404275624e-06	4.6868748464089725e-06		
DPCOAK	host			atp_c + dpcoa_c --> adp_c + coa_c + h_c	8.061072404275622e-06	4.6868748464089725e-06		
PMANM	host			man6p_c <=> man1p_c	5.1590863387072766e-05	2.999599897117844e-05		
CYT1	host			cytcco_p + rustred_p --> cytccr_p + rust_p	6.0793822434781575	0.0		
CYT2	host			2.0 fe2_e + rust_p --> 2.0 fe3_e + rustred_p	6.0793822434781575	0.0		
HCO3E	host			co2_c + h2o_c <=> h_c + hco3_c	-1.9124320330680218	-6.571815376311768e-18		
PHFT	host			frdp_c + h2o_c + pheme_c --> hemeO_c + ppi_c	2.6870241347433726e-06	1.5622916130822103e-06		
ADSK	host			aps_c + atp_c <=> adp_c + h_c + paps_c	0.00999358016193755	0.610308476562055		
SHBI	host			fe2_c + scl_c <=> 3.0 h_c + sheme_c	2.6870241347433726e-06	1.5622916130822105e-06		
PAPSR	host			2.0 h_c + paps_c + trdox_c --> pap_c + so3_c + trdrd_c	0.00999358016193755	0.6103084765620551		
SULR2	host			3.0 h2o_c + h2s_c + 3.0 nadp_c <=> 5.0 h_c + 3.0 nadph_c + so3_c	0.012091608606345176	0.007030312258869947		
BPNT	host			h2o_c + pap_c --> amp_c + pi_c	0.00999358016193755	0.6103084765620551		
MCTP1A	host			murein5p5p_c --> ala_DASH_D_c + murein5px4p_c	0.001746565687583192	0.0010154895485034365		
DHDPS	host			aspsa_c + pyr_c <=> 23dhdp_c + 2.0 h2o_c + h_c	0.04782902959843202	0.027808790712863338		
DHDPRy	host			nadp_c + thdp_c <=> 23dhdp_c + h_c + nadph_c	-0.047829029598432014	-0.027808790712863334		
THDPS	host			h2o_c + succoa_c + thdp_c <=> coa_c + sl2a6o_c	0.047829029598432014	0.02780879071286334		
ALAALAr	host			2.0 ala_DASH_D_c + atp_c <=> adp_c + alaala_c + h_c + pi_c	0.003493131375166384	0.002030979097006874		
PUNP1	host			adn_c + pi_c <=> ade_c + r1p_c	0.04789244336799863	0.027845660794935025		
PUNP2	host			ins_c + pi_c <=> hxan_c + r1p_c	0.021781017636228448	0.0		
PPCDC	host			4ppcys_c + h_c <=> 4ppan_c + co2_c	-0.034939374824067976	-0.020314477844907974		
PPNCL2	host			ctp_c + cys_DASH_L_c + d4ppp_c <=> 4ppcys_c + cmp_c + h_c + ppi_c	-0.3247137002654473	-0.020314477844907974		
DUTPDP	host			dutp_c + h2o_c <=> dump_c + h_c + ppi_c	0.0	-0.29759014956391905		
DOXRI	host			2me4p_c + nadp_c <=> dxyl5p_c + h_c + nadph_c	-4.4335898223300306e-05	-2.5777811615876442e-05		
DOXS	host			g3p_c + h_c + pyr_c <=> co2_c + dxyl5p_c	4.9709946492787074e-05	2.8902394842040867e-05		
DDGPA	host			2ddg6p_c --> g3p_c + pyr_c	0.11758655528296386	0.0		
PGDH	host			6pgc_c --> 2ddg6p_c + h2o_c	0.42308556092282024	0.0		
ENO	host			2pg_c <=> h2o_c + pep_c	0.0	0.7890061643340089		
E4PD	host			e4p_c + h2o_c + nad_c <=> 4per_c + 2.0 h_c + nadh_c	-8.061072404162802e-06	0.0		
MCOATA	host			ACP_c + malcoa_c <=> coa_c + malACP_c	0.009673286885076142	-6.571815376311766e-18		
EAR12	host			h_c + nadph_c + tdec2eACP_c <=> dcaACP_c + nadp_c	-0.00483664344253807	1.2612574964638747e-18		
EAR13	host			h_c + nadph_c + tddec2eACP_c <=> ddcaACP_c + nadp_c	0.0	0.012045268336863842		
EAR14	host			h_c + nadph_c + tmrs2eACP_c <=> myrsACP_c + nadp_c	0.0	0.0005624249807095956		
BHAH13	host			3hddecACP_c <=> h2o_c + tddec2eACP_c	0.020716956078871404	0.01204526833686384		
BHAH14	host			3hmrsACP_c <=> h2o_c + tmrs2eACP_c	0.000967328688507614	0.0005624249807095957		
FBA3	host			dhap_c + e4p_c <=> s17bp_c	0.0	-0.3116197365549254		
DHFR	host			nadp_c + thf_c <=> dhf_c + h_c + nadph_c	0.0	-6.24916645234129e-06		
DHNPA2	host			dhnpt_c <=> 6hmhpt_c + gcald_c	-35.12407871007948	0.0		
DHFS	host			atp_c + dhpt_c + glu_DASH_L_c --> adp_c + dhf_c + h_c + pi_c	1.0748096539217498e-05	6.249166452345136e-06		
MTHFD2	host			mlthf_c + nad_c --> methf_c + nadh_c	0.0	0.09084475763414539		
MTHFC	host			h2o_c + methf_c <=> 10fthf_c + h_c	0.0	0.09084475763414536		
GTPCI	host			gtp_c + h2o_c --> ahdt_c + for_c + h_c	1.0748096538906185e-05	6.249166452345138e-06		
FUM	host			mal_DASH_L_c <=> fum_c + h2o_c	0.0	0.06423268229690426		
GAPD1	host			13dpg_c + h_c + nadh_c <=> g3p_c + nad_c + pi_c	0.49020462930357495	-0.5261988231673743		
GLUCYS	host			atp_c + cys_DASH_L_c + glu_DASH_L_c --> adp_c + glucys_c + h_c + pi_c	2.6870241347433726e-06	1.5622916130822105e-06		
GTHS	host			atp_c + glucys_c + gly_c --> adp_c + gthrd_c + h_c + pi_c	2.687024134743373e-06	1.5622916130822105e-06		
GLXCL	host			2.0 glx_c + h_c <=> 2h3oppan_c + co2_c	-0.3054990056398564	-0.031169696583704283		
GLYCH	host			glyclt_c + o2_c <=> glx_c + h2o2_c	-5.429748518668843	0.0		
GLBRAN1	host			glycogendeb_c + 2.0 h_c --> glycogen_c	0.02015268101057529	0.0		
GLGC	host			atp_c + g1p_c + h_c --> adpglc_c + ppi_c	0.02015268101057529	0.01171718709811657		
GLCP	host			4.0 glycogendeb_c + h2o_c + pi_c <=> g1p_c + malttr_c	-0.005038170252643821	0.0		
BDGK	host			atp_c + glc_DASH_B_c --> adp_c + g6p_DASH_B_c + h_c	0.5000000000000001	0.48451729954145006		
DGAMK	host			adp_c + gam6p_c + h_c <=> atp_c + gam_c	5.1590863387072745e-05	2.9995998971178436e-05		
PGAMT	host			gam1p_c <=> gam6p_c	-0.008920920127347996	-0.005186808155432938		
GF6PTA	host			f6p_DASH_B_c + gln_DASH_L_c <=> gam6p_c + glu_DASH_L_c	0.0	0.0052168041544041165		
G1PACT	host			accoa_c + gam1p_c --> acgam1p_c + coa_c + h_c	0.008920920127347996	0.005186808155432938		
UAGDP	host			acgam1p_c + h_c + utp_c --> ppi_c + uacgam_c	0.008920920127347996	0.0051868081554329384		
GLYK	host			atp_c + glyc_c <=> adp_c + glyc3p_c + h_c	-0.21997808199955135	0.00027340103228938687		
GLUTRS	host			atp_c + glu_DASH_L_c + tRNAglu_c --> LtRNAglu_c + amp_c + h_c + ppi_c	0.0	3.749499871397305e-05		
GLYCK	host			atp_c + glyc_DASH_R_c <=> 3pg_c + adp_c + h_c	0.0	-0.03116969658370429		
TRSAR	host			glyc_DASH_R_c + nad_c <=> 2h3oppan_c + h_c + nadh_c	0.0	0.031169696583704283		
GHMT2	host			ser_DASH_L_c + thf_c <=> gly_c + h2o_c + mlthf_c	0.02898009269803428	0.1076943851395668		
S7PI	host			s7p_c <=> gmhep7p_c	0.00015477259016121822	8.998799691353529e-05		
GMHEPPA	host			gmhep17bp_c + h2o_c --> gmhep1p_c + pi_c	0.0001547725901612182	8.998799691353529e-05		
GK1	host			atp_c + gmp_c <=> adp_c + gdp_c	0.023847876600674323	0.012663935815644409		
PGLYCP	host			2pglyc_c + h2o_c --> glyclt_c + pi_c	0.015397654795889195	0.0		
PGM1	host			3pg_c <=> 2pg_c	-4.420529655128229e-16	0.7890061643340089		
G3PD2	host			dhap_c + h_c + nadph_c --> glyc3p_c + nadp_c	0.0	0.008037990349307972		
XPPT	host			prpp_c + xan_c --> ppi_c + xmp_c	0.02178101763622972	0.0		
GMPS2	host			atp_c + gln_DASH_L_c + h2o_c + xmp_c --> amp_c + glu_DASH_L_c + gmp_c + 2.0 h_c + ppi_c	0.021781017636229714	0.0		
IMPD	host			h2o_c + imp_c + nad_c --> h_c + nadh_c + xmp_c	0.0	0.012663935815644414		
GLUTRR	host			LtRNAglu_c + h_c + nadph_c --> glu1sa_c + nadp_c + tRNAglu_c	0.0	3.749499871397305e-05		
PPBNGS	host			2.0 5aop_c <=> 2.0 h2o_c + h_c + ppbng_c	3.224428961692047e-05	1.8747499356986522e-05		
HMBS	host			h2o_c + 4.0 ppbng_c <=> hmbil_c + 4.0 nh4_c	8.061072404230118e-06	4.686874839246631e-06		
UPPDC1	host			4.0 h_c + uppg3_c --> 4.0 co2_c + cpppg3_c	5.374048269486745e-06	3.12458322616442e-06		
CPPPGO1	host			cpppg3_c + 2.0 h_c + o2_c <=> 2.0 co2_c + 2.0 h2o_c + pppg9_c	-0.6534177242866167	-8.079972679069277		
FCLT	host			fe2_c + ppp9_c <=> 2.0 h_c + pheme_c	5.374048269486745e-06	3.1245832261644206e-06		
G1SAT	host			glu1sa_c <=> 5aop_c	6.448857923384094e-05	3.749499871397306e-05		
PRMICI	host			prfp_c --> prlp_c	0.03224428961691987	0.01874749935698652		
IGPDH	host			eig3p_c --> h2o_c + imacp_c	0.03224428961691987	0.018747499356986518		
HSTPT	host			glu_DASH_L_c + imacp_c <=> akg_c + hisp_c	0.03224428961691987	0.018747499356986518		
HISTD1	host			histd_c + nad_c <=> h_c + hist_DASH_L_c + nadh_c	0.03224428961691988	0.0		
HISTD2	host			h2o_c + hist_DASH_L_c + nad_c --> 2.0 h_c + his_DASH_L_c + nadh_c	0.03224428961691987	0.0		
IG3PS	host			gln_DASH_L_c + prlp_c --> aicar_c + eig3p_c + glu_DASH_L_c + h_c	0.03224428961691987	0.018747499356986518		
PRATPP	host			h2o_c + prbatp_c --> h_c + ppi_c + prbamp_c	0.03224428961691987	0.0		
PRAMPC	host			h2o_c + prbamp_c --> prfp_c	0.03224428961691988	0.01874749935698652		
ATPPRT	host			ppi_c + prbatp_c <=> atp_c + prpp_c	-0.03224428961691988	-0.018747499356986518		
GUAPRT	host			gmp_c + ppi_c <=> gua_c + prpp_c	-0.0020668589644446014	0.0		
ICDHyr	host			icit_c + nadp_c <=> akg_c + co2_c + nadph_c	-0.7776995767812958	0.0		
THRD_L	host			thr_DASH_L_c --> 2obut_c + nh4_c	0.0	0.02265322838969205		
ACLS	host			h_c + 2.0 pyr_c --> alac_DASH_S_c + co2_c	0.12361117127059941	0.07187010107662807		
ACHBS	host			2obut_c + h_c + pyr_c --> 2ahbut_c + co2_c	0.03896184995377891	0.02265322838969205		
KARA1	host			23dhmb_c + nadp_c <=> alac_DASH_S_c + h_c + nadph_c	-0.1236111712705994	-0.07187010107662807		
DPR	host			nadp_c + pant_DASH_R_c <=> 2dhp_c + h_c + nadph_c	-8.061072404275624e-06	-4.6868748463917066e-06		
KARA2	host			2ahbut_c + h_c + nadph_c <=> 23dhmp_c + nadp_c	0.03896184995377891	0.022653228389692047		
DHAD1	host			23dhmb_c --> 3mob_c + h2o_c	0.12361117127059941	0.07187010107662807		
DHAD2	host			23dhmp_c <=> 3mop_c + h2o_c	0.0389618499537789	0.022653228389692047		
GRTT	host			grdp_c + ipdp_c --> frdp_c + ppi_c	6.71756033685815e-06	3.90572903270821e-06		
DMATT	host			dmpp_c + ipdp_c --> grdp_c + ppi_c	6.717560336858149e-06	3.905729032708209e-06		
OCTDPS	host			frdp_c + 5.0 ipdp_c --> octdp_c + 5.0 ppi_c	2.687024134743198e-06	1.5622916130853964e-06		
CDPMEK	host			4c2me_c + atp_c <=> 2p4c2me_c + adp_c + h_c	4.433589822330031e-05	2.577781161587644e-05		
MECDPS	host			2p4c2me_c --> 2mecdp_c + cmp_c	4.433589822330031e-05	2.577781161587644e-05		
MBDR	host			2mecdp_c + nadph_c --> h2mb4p_c + h2o_c + nadp_c	0.0	2.577781161587644e-05		
IPDPS	host			h2mb4p_c + h_c + nadph_c --> h2o_c + ipdp_c + nadp_c	0.0	2.1872082583168226e-05		
DMPPS	host			h2mb4p_c + h_c + nadph_c --> dmpp_c + h2o_c + nadp_c	0.0	3.905729032708209e-06		
KDOPS	host			ara5p_c + h2o_c + pep_c --> kdo8p_c + pi_c	0.010318172677414549	0.005999199794235687		
KDOCT2	host			ctp_c + kdo_c <=> ckdo_c + ppi_c	0.010318172677414549	0.005999199794235688		
KDOPP	host			h2o_c + kdo8p_c <=> kdo_c + pi_c	0.010318172677414549	0.005999199794235688		
KDOCT	host			ckdo_c --> cmp_c + h_c + kdo_AFE_c	0.005159086338707275	0.002999599897117844		
KDOCT3	host			ckdo_c + kdo_AFE_c --> kdo2_AFE_c	0.005159086338707275	0.0029995998971178435		
IPPS	host			3mob_c + accoa_c + h2o_c --> 3c3hmp_c + coa_c + h_c	0.068519115435956	0.03983843613359636		
IPPMIa	host			3c3hmp_c <=> 3c2hmp_c	0.068519115435956	0.03983843613359636		
LPADSS	host			biglucpypi_c + udpglucpy_c --> h_c + lipidA_AFE_c + udp_c	0.0009673286885076136	0.0005624249807095956		
UAAD	host			h2o_c + u3aga_c --> ac_c + udpglucpypi_c	0.001934657377015227	0.001124849961419191		
UAAA	host			3hmrsACP_c + udpglucpypi_c --> ACP_c + h_c + udpglucpy_c	0.001934657377015227	0.001124849961419191		
UHGA	host			h2o_c + udpglucpy_c --> biglucpypi_c + 2.0 h_c + ump_c	0.0009673286885076135	0.0005624249807095955		
TDSK	host			atp_c + lipidA_AFE_c --> adp_c + h_c + lipid4A_AFE_c	0.0009673286885076137	0.0005624249807095956		
LDAS	host			ddcaACP_c + lipid4A_AFE_c --> ACP_c + ddcalipid4A_AFE_c	0.0009673286885076137	0.0005624249807095955		
LIPS	host			ddcalipid4A_AFE_c + myrsACP_c --> ACP_c + lip_AFE_c	0.0009673286885076139	0.0005624249807095955		
DAPDC	host			26dap_DASH_M_c + h_c <=> co2_c + lys_DASH_L_c	0.04433589822326564	0.025777811615856468		
MTRP	host			maltttr_c + pi_c <=> g1p_c + malttr_c	0.0050381702526438215	0.0		
MALS	host			accoa_c + glx_c + h2o_c --> coa_c + h_c + mal_DASH_L_c	0.6263929790514673	0.06234251775063475		
MAN6PI	host			f6p_DASH_B_c <=> man6p_c	0.0	2.999599897117844e-05		
MDH	host			mal_DASH_L_c + nad_c <=> h_c + nadh_c + oaa_c	0.0	-0.0018901645462695126		
HACT	host			achms_c + h2s_c <=> ac_c + h_c + hcys_DASH_L_c	-0.14604298615223435	0.013281041002811867		
MTHFR3	host			h_c + mlthf_c + nadph_c <=> 5mthf_c + nadp_c	0.02690248563705066	0.015641663630179093		
METS	host			5mthf_c + hcys_DASH_L_c <=> met_DASH_L_c + thf_c	0.026899798612915915	0.0		
HSDy	host			hom_DASH_L_c + nadp_c <=> aspsa_c + h_c + nadph_c	-0.28617774363700976	-0.013281041002811866		
HSERTA	host			accoa_c + hom_DASH_L_c <=> achms_c + coa_c	0.0	0.01328104100281187		
HCYSMT	host			amet_c + hcys_DASH_L_c <=> ahcys_c + h_c + met_DASH_L_c	-0.004060093467597248	-0.0023606226273672286		
PAPPT3	host			udcpp_c + ugmda_c --> uagmda_c + ump_c	0.0034931313751663845	0.0020309790970068735		
PGLT	host			2.0 ugmdal_c <=> 2.0 h_c + murein5p5p_c + 2.0 udcpdp_c	0.0017465656875831918	0.0010154895485034367		
UAGCVT	host			pep_c + uacgam_c <=> pi_c + uaccg_c	0.003493131375166383	0.0020309790970068735		
UAPGR	host			nadp_c + uamr_c <=> h_c + nadph_c + uaccg_c	-0.003493131375166383	-0.0020309790970068735		
UAMAS	host			ala_DASH_L_c + atp_c + uamr_c <=> adp_c + h_c + pi_c + uama_c	0.0034931313751663837	0.0020309790970068735		
UAAGDS	host			26dap_DASH_M_c + atp_c + uamag_c <=> adp_c + h_c + pi_c + ugmd_c	0.003493131375166384	0.0020309790970068735		
UGLDDS	host			alaala_c + atp_c + ugmd_c --> adp_c + h_c + pi_c + ugmda_c	0.003493131375166384	0.0020309790970068735		
UCMAT	host			uacgam_c + uagmda_c --> h_c + udp_c + ugmdal_c	0.0034931313751663837	0.0020309790970068735		
QULNS	host			dhap_c + iasp_c <=> 2.0 h2o_c + pi_c + quln_c	3.2244289618659904e-05	1.87474993575032e-05		
ASPO5	host			asp_DASH_L_c + fum_c --> h_c + iasp_c + succ_c	0.0	1.8747499357503205e-05		
NNDPR	host			2.0 h_c + prpp_c + quln_c <=> co2_c + nicrnt_c + ppi_c	3.2244289618659904e-05	1.8747499357503202e-05		
NNAT	host			atp_c + h_c + nicrnt_c <=> dnad_c + ppi_c	3.22442896186599e-05	1.87474993575032e-05		
NADS2	host			atp_c + dnad_c + gln_DASH_L_c + h2o_c --> amp_c + glu_DASH_L_c + h_c + nad_c + ppi_c	3.22442896186599e-05	0.0		
NADS1	host			atp_c + dnad_c + nh4_c --> amp_c + h_c + nad_c + ppi_c	0.0	1.8747499357503195e-05		
NDPK8	host			atp_c + dadp_c <=> adp_c + datp_c	0.0020152681010575293	0.0		
NDPK7	host			atp_c + dcdp_c <=> adp_c + dctp_c	0.00295572654821771	0.001718520774390431		
NDPK4	host			atp_c + dtdp_c + h_c <=> adp_c + dttp_c	0.0	-0.5680739668005728		
NDPK2	host			atp_c + udp_c <=> adp_c + utp_c	-0.2654607875581537	-0.0004430659014671022		
NITF	host			16.0 atp_c + 16.0 h2o_c + n2_c + 4.0 nadh_c --> 16.0 adp_c + h2_c + 10.0 h_c + 4.0 nad_c + 2.0 nh4_c + 16.0 pi_c	0.6679795556156325	0.3883771805229541		
RNDR1	host			adp_c + trdrd_c --> dadp_c + h2o_c + trdox_c	0.0020152681010575293	0.0011717187098116576		
RNDR3	host			cdp_c + trdrd_c --> dcdp_c + h2o_c + trdox_c	0.0029557265482177096	0.001718520774390431		
RNDR2	host			gdp_c + trdrd_c --> dgdp_c + h2o_c + trdox_c	0.0050225855126623115	0.001718520774390431		
ADCS	host			chor_c + gln_DASH_L_c --> 4adcho_c + glu_DASH_L_c	1.0748096538906183e-05	6.249166452345136e-06		
ADCL	host			4adcho_c --> 4abz_c + h_c + pyr_c	1.0748096538906183e-05	6.2491664523451355e-06		
MOHMT	host			3mob_c + h2o_c + mlthf_c <=> 2dhp_c + thf_c	8.061072404275624e-06	4.686874846394633e-06		
PANTS	host			ala_DASH_B_c + atp_c + pant_DASH_R_c <=> amp_c + h_c + pnto_DASH_R_c + ppi_c	8.061072404275622e-06	4.68687483919602e-06		
ASP1DC	host			asp_DASH_L_c + h_c --> ala_DASH_B_c + co2_c	8.061072404275622e-06	4.68687483919602e-06		
PDH	host			coa_c + nad_c + pyr_c --> accoa_c + co2_c + nadh_c	0.0	0.24116475922144417		
PERD	host			4per_c + nad_c <=> h_c + nadh_c + ohpb_c	-8.061072404162804e-06	0.0		
PDX5PO	host			o2_c + pdx5p_c <=> h2o2_c + pydx5p_c	2.687024134743378e-06	0.0		
PMEAS	host			amet_c + pe_AFE_c <=> ahcys_c + ptdmeeta_AFE_c	0.004043971322788774	0.002351248877688726		
PGI1	host			g6p_DASH_B_c <=> f6p_DASH_B_c	0.0	0.4699504925410715		
PGK	host			3pg_c + atp_c <=> 13dpg_c + adp_c	0.49020462930357506	-0.5261988231673744		
PGMT	host			g1p_DASH_B_c <=> g6p_DASH_B_c	-0.5000000000000001	-0.014566807000378525		
CHORM	host			chor_c <=> pphn_c	0.04299238615589396	0.024996665809315362		
PPC	host			co2_c + h2o_c + pep_c --> h_c + oaa_c + pi_c	0.0	0.1304234888252637		
NADK	host			atp_c + nad_c --> adp_c + h_c + nadp_c	6.7175603378641975e-06	3.90572903316679e-06		
P5CR	host			nadp_c + pro_DASH_L_c <=> 1pyr5c_c + 2.0 h_c + nadph_c	0.0	-0.021090936776609837		
G5SD	host			glu5sa_c + nadp_c + pi_c <=> glu5p_c + h_c + nadph_c	-0.03627482581903552	-0.021090936776609833		
GLU5K	host			atp_c + glu_DASH_L_c --> adp_c + glu5p_c	0.036274825819035524	0.021090936776609837		
PRPPS	host			atp_c + r5p_c --> amp_c + h_c + prpp_c	0.10998742150261026	0.0639489701399823		
PSD120	host			h_c + ps120_c <=> co2_c + pe_AFE_c	0.005454658993529045	0.003171451974556886		
Pitpp	host			atp_c + h2o_c + pi_p --> adp_c + h_c + 2.0 pi_c	0.091654661938486	0.05328992315141021		
ADSL2	host			25aics_c <=> aicar_c + fum_c	0.03743185841144103	0.021763659545206		
PRASCS	host			5aizc_c + asp_DASH_L_c + atp_c <=> 25aics_c + adp_c + h_c + pi_c	0.03743185841144103	0.021763659545206		
PRAGS	host			atp_c + gly_c + pram_c <=> adp_c + gar_c + h_c + pi_c	0.03743454543557577	0.0		
GLUPRT	host			gln_DASH_L_c + h2o_c + prpp_c --> glu_DASH_L_c + ppi_c + pram_c	0.03743454543557577	0.021765221836819077		
AICART	host			10fthf_c + aicar_c <=> fprica_c + thf_c	0.06967614802836093	0.04051115890219252		
IMPC	host			h2o_c + imp_c <=> fprica_c	-0.06967614802836093	-0.04051115890219252		
PRFGS	host			atp_c + fgam_c + gln_DASH_L_c + h2o_c --> adp_c + fpram_c + glu_DASH_L_c + h_c + pi_c	0.037434545435575776	0.021765221836819077		
PRAIS	host			atp_c + fpram_c --> adp_c + air_c + 2.0 h_c + pi_c	0.0	0.02176522183681908		
GARFT	host			10fthf_c + gar_c <=> fgam_c + h_c + thf_c	-0.06967883505249593	0.021765221836819074		
GART	host			atp_c + for_c + gar_c --> adp_c + fgam_c + h_c + pi_c	0.10711338048807172	0.0		
ASPCT	host			asp_DASH_L_c + cbp_c --> cbasp_c + h_c + pi_c	0.040276342160495346	0.023417501446811866		
DHORTS	host			cbasp_c + h_c <=> dhor_DASH_S_c + h2o_c	0.040276342160495346	0.02341750144681186		
ORPT	host			orot_c + prpp_c --> orot5p_c + ppi_c	0.040276342160495346	0.02341750144681186		
OMPDC	host			h_c + orot5p_c --> co2_c + ump_c	0.040276342160495346	0.02341750144681186		
CTPS2	host			atp_c + gln_DASH_L_c + h2o_c + utp_c <=> adp_c + ctp_c + glu_DASH_L_c + 2.0 h_c + pi_c	-0.28701072111879566	-0.08781078732154987		
URIDK	host			atp_c + ump_c <=> adp_c + udp_c	-0.26992124762182773	-0.0018347552704007346		
UPPRT	host			ppi_c + ump_c <=> prpp_c + ura_c	0.002066858964444602	0.027845660794929068		
HKDOS	host			0.03 adphep_DASH_LD_c + kdo2_AFE_c --> hlipa_AFE_c	0.005159086338707273	0.0029995998971178435		
AGMHE	host			adphep_DASH_DD_c <=> adphep_DASH_LD_c	0.0001547725901612182	8.998799691353529e-05		
GMHEPK	host			atp_c + gmhep7p_c --> adp_c + gmhep17bp_c + h_c	0.0001547725901612182	8.998799691353529e-05		
GMHEPAT	host			atp_c + gmhep1p_c + h_c --> adphep_DASH_DD_c + ppi_c	0.00015477259016121822	8.998799691353529e-05		
G1PTT	host			dttp_c + g1p_c --> dtdpglu_c + ppi_c	0.0	0.0028496199022619508		
TDPGDH	host			dtdpglu_c <=> dtdp4d6dg_c + h2o_c	0.002218407125644128	0.0012898279557606728		
TDPDRE1	host			dtdp4d6dg_c <=> dtdp4d6dm_c	0.0	0.0012898279557606725		
TDPDRE2	host			dtdp4d6dg_c + h_c + nadh_c --> dtdprmn_c + nad_c	0.0022184071256441274	0.0		
TDPDRR	host			dtdp4d6dm_c + h_c + nadph_c --> dtdprmn_c + nadp_c	0.0	0.0012898279557606725		
GTPCII2	host			gtp_c + 3.0 h2o_c --> 2dhpp_c + for_c + h_c + ppi_c	5.374048269492425e-06	3.1245832261666428e-06		
DB4PS	host			ru5p_DASH_D_c <=> db4p_c + for_c + h_c	1.0748096538984852e-05	6.249166452333287e-06		
DHPPDA	host			2dhpp_c + h2o_c --> 5apru_c + nh4_c	5.374048269492425e-06	3.124583226166643e-06		
RBFS	host			2.0 dmlz_c --> 4r5au_c + ribflv_c	5.374048269492428e-06	3.124583226166644e-06		
FMNAT	host			atp_c + fmn_c + h_c --> fad_c + ppi_c	2.687024134749055e-06	1.5622916130844335e-06		
RBFK1	host			atp_c + ribflv_c --> adp_c + fmn_c + h_c	0.0	1.5622916130844337e-06		
RBFS2	host			4r5au_c + db4p_c <=> dmlz_c + 2.0 h2o_c + pi_c	1.0748096538984854e-05	0.0		
RPE	host			ru5p_DASH_D_c <=> xu5p_DASH_D_c	-0.2631300628236806	-0.15299396783585742		
SFAT2	host			aps_c + pi_c --> adp_c + h_c + so4_c	0.016592374032040325	0.009647150710782648		
SBPASE	host			h2o_c + s17bp_c <=> pi_c + s7p_c	0.0	-0.31161973655492536		
SUCD	host			fum_c + h_c + nadh_c <=> nad_c + succ_c	-4.626636611529755	0.0		
OHPBAT	host			glu_DASH_L_c + ohpb_c <=> akg_c + phthr_c	-8.061072404162804e-06	0.0		
ORNDC	host			h_c + orn_c --> co2_c + ptrc_c	0.0005790537010371967	0.02220875642577016		
GAP2	host			g1p_c <=> g1p_DASH_B_c	-0.5000000000000002	-0.014566807000378525		
THMP	host			h2o_c + thmmp_c <=> pi_c + thm_c	0.0	-0.2441758680001249		
TALA	host			g3p_c + s7p_c <=> e4p_c + f6p_DASH_B_c	0.0	-0.375658694691814		
TMDK1	host			atp_c + duri_c --> adp_c + dump_c + h_c	0.002066858964444602	0.0		
PMPK	host			4ampm_c + atp_c --> 2mahmp_c + adp_c	2.6870241347433798e-06	1.5622916130822105e-06		
TMPK	host			atp_c + thmmp_c <=> adp_c + thmpp_c	2.6870241347433726e-06	0.24417743029173794		
HMSK	host			atp_c + hom_DASH_L_c <=> adp_c + h_c + phom_c	0.11729236531532204	0.0		
THRS	host			h2o_c + phom_c --> pi_c + thr_DASH_L_c	0.11729236531532204	0.0		
TTSF	host			dump_c + fadh2_c + mlthf_c <=> dtmp_c + fad_c + thf_c	0.00207760706098382	0.0012017147087828401		
TKT1	host			e4p_c + xu5p_DASH_D_c <=> f6p_DASH_B_c + g3p_c	0.0	-0.08904499769588242		
TKT2	host			g3p_c + s7p_c <=> r5p_c + xu5p_DASH_D_c	0.10998742150261061	0.063948970139975		
DTMPK	host			atp_c + dtmp_c <=> adp_c + dtdp_c	0.0020668589644446023	0.0012017147087828365		
TPI	host			g3p_c <=> dhap_c	0.23430529468600478	-0.3035629987062599		
TRPS2	host			indole_c + ser_DASH_L_c <=> h2o_c + trp_DASH_L_c	-0.0653355292411121	-0.1288321906645691		
PPND	host			nad_c + pphn_c --> 34hpp_c + co2_c + nadh_c	0.018809168943203607	0.010936041291575473		
HBPPT	host			4hbz_c + octdp_c <=> 3ophb_c + ppi_c	2.6870241347431985e-06	1.5622916130853964e-06		
OPHHX	host			2.0 2oph_c + o2_c --> 2.0 2ohph_c	0.0	7.811458065426981e-07		
OPHBDC	host			3ophb_c + h_c <=> 2oph_c + co2_c	2.6870241347444182e-06	1.5622916130853964e-06		
OHPHM	host			2ohph_c + amet_c <=> 2omph_c + ahcys_c + h_c	2.6870241347431985e-06	1.562291613085396e-06		
URIP	host			pi_c + uri_c <=> r1p_c + ura_c	0.0	-0.027845660794929068		
UDDS	host			frdp_c + 8.0 ipdp_c --> 8.0 ppi_c + udcpdp_c	1.3435120673715796e-06	7.811458065406033e-07		
HXAND	host			h2o_c + hxan_c + nad_c <=> h_c + nadh_c + xan_c	0.02178101763622972	0.0		
Ex_bio_LSQBKT_e_RSQBKT_	host			bio_e <=> 	0.1343512067371686	0.07811458065411052		
Ex_h2co3_LSQBKT_e_RSQBKT_	host			h2co3_e <-- 	-2.0	0.0		
Ex_h_LSQBKT_e_RSQBKT_	host			h_e <=> 	-12.286743684660294	0.0		
Ex_fe3_LSQBKT_e_RSQBKT_	host			fe3_e <=> 	12.158764486956313	0.0		
Ex_fe2_LSQBKT_e_RSQBKT_	host			fe2_e <-- 	-12.1767756097315	-0.010472040682490058		
Ex_h2o_LSQBKT_e_RSQBKT_	host			h2o_e <=> 	6.562399417968999	1.489832215609222		
Ex_n2_LSQBKT_e_RSQBKT_	host			n2_e <=> 	-0.6679795556156326	-0.38837718052295417		
Ex_zn2_LSQBKT_e_RSQBKT_	host			zn2_e <=> 	-0.0002687024134743372	-0.00015622916130822104		
Ex_ca2_LSQBKT_e_RSQBKT_	host			ca2_e <=> 	-0.01168855498613367	-0.006795968516907613		
Ex_na1_LSQBKT_e_RSQBKT_	host			na1_e <=> 	-0.007120613957069938	-0.0041400727746678575		
Ex_mn2_LSQBKT_e_RSQBKT_	host			mn2_e <=> 	-0.0040305362021150586	-0.002343437419623315		
Ex_cu2_LSQBKT_e_RSQBKT_	host			cu2_e <=> 	-0.00013435120673716862	-7.811458065411052e-05		
Ex_mg2_LSQBKT_e_RSQBKT_	host			mg2_e <=> 	-0.03224428961692046	-0.01874749935698652		
Ex_k_LSQBKT_e_RSQBKT_	host			k_e <=> 	-0.0061801555099097565	-0.0035932707100890826		
Ex_pi_LSQBKT_e_RSQBKT_	host			pi_e <=> 	-0.091654661938486	-0.0532899231514102		
Ex_glc_DASH_B_LSQBKT_e_RSQBKT_	host			glc_DASH_B_e <-- 	-0.5	-0.48451729954145		
GLCtex	host			glc_DASH_B_e <=> glc_DASH_B_p	0.5000000000000001	0.48451729954144995		
GLCtpp	host			glc_DASH_B_p <=> glc_DASH_B_c	0.5000000000000001	0.48451729954145		
E1R00001	E1_candidate	E1R00001	iJN1463:FMETTRS	10fthf_c + E1M_45b1034d9e3d71_c --> E1M_af0292fda529aa_c + h_c + thf_c	0.0	0.0	0.0	0.0
E1R00002	E1_candidate	E1R00002	iML1515:ULA4NFT	10fthf_c + E1M_18e79f8f975725_c --> E1M_520490e9c7dfa7_c + h_c + thf_c	0.0	0.0	0.0	0.0
E1R00003	E1_candidate	E1R00003	iJN1463:DAGK120;iML1515:DAGK120	E1M_dfd7a2ff219d52_c + atp_c --> E1M_adcb06b2b3cdef_c + adp_c + h_c	0.0	0.0	0.0	9978.831751007961
E1R00004	E1_candidate	E1R00004	iJN1463:PAPA120;iML1515:PAPA120	E1M_dfd7a2ff219d52_c + pi_c <-- E1M_adcb06b2b3cdef_c + h2o_c	0.0	0.0	-9978.831751008282	0.0
E1R00005	E1_candidate	E1R00005	iJN1463:DAGK140;iML1515:DAGK140	E1M_2ca15e27b54167_c + atp_c --> E1M_4fe8397f3739dd_c + adp_c + h_c	0.0	0.0	0.0	9978.831751007541
E1R00006	E1_candidate	E1R00006	iJN1463:PAPA140;iML1515:PAPA140	E1M_2ca15e27b54167_c + pi_c <-- E1M_4fe8397f3739dd_c + h2o_c	0.0	0.0	-9978.831751008101	0.0
E1R00007	E1_candidate	E1R00007	iJN1463:DAGK141;iML1515:DAGK141	E1M_eb280275829b50_c + atp_c --> E1M_972944000f8047_c + adp_c + h_c	0.0	0.0	0.0	9978.831751009555
E1R00008	E1_candidate	E1R00008	iJN1463:PAPA141;iML1515:PAPA141	E1M_eb280275829b50_c + pi_c <-- E1M_972944000f8047_c + h2o_c	0.0	0.0	-9978.83175100819	0.0
E1R00009	E1_candidate	E1R00009	iJN1463:DAGK160;iML1515:DAGK160	E1M_6329c90aba85c6_c + atp_c --> E1M_63ca8539009398_c + adp_c + h_c	0.0	0.0	0.0	9978.83175100689
E1R00010	E1_candidate	E1R00010	iJN1463:PAPA160;iML1515:PAPA160	E1M_6329c90aba85c6_c + pi_c <-- E1M_63ca8539009398_c + h2o_c	0.0	0.0	-9978.83175100812	0.0
E1R00011	E1_candidate	E1R00011	iJN1463:DAGK161;iML1515:DAGK161	E1M_6e4213a9bc605b_c + atp_c --> E1M_ba8511cb5193ef_c + adp_c + h_c	0.0	0.0	0.0	9978.83175100624
E1R00012	E1_candidate	E1R00012	iJN1463:PAPA161;iML1515:PAPA161	E1M_6e4213a9bc605b_c + pi_c <-- E1M_ba8511cb5193ef_c + h2o_c	0.0	0.0	-9978.83175100808	0.0
E1R00013	E1_candidate	E1R00013	iJN1463:PETNT161_kt	E1M_6e4213a9bc605b_c + E1M_d99811b9610f3d_c <-- E1M_8aa0cf2d20d784_c + E1M_8c2559d0e468b0_c	0.0	0.0	0.0	0.0
E1R00014	E1_candidate	E1R00014	iJN1463:DAGK180;iML1515:DAGK180	E1M_3c758f8725d2ea_c + atp_c --> E1M_49811ebc0cfee7_c + adp_c + h_c	0.0	0.0	0.0	9978.83175100562
E1R00015	E1_candidate	E1R00015	iJN1463:PAPA180;iML1515:PAPA180	E1M_3c758f8725d2ea_c + pi_c <-- E1M_49811ebc0cfee7_c + h2o_c	0.0	0.0	-9978.831751008081	0.0
E1R00016	E1_candidate	E1R00016	iJN1463:DAGK181;iML1515:DAGK181	E1M_e0994aa5210b24_c + atp_c --> E1M_3760ad028fa50a_c + adp_c + h_c	0.0	0.0	0.0	9978.831751008147
E1R00017	E1_candidate	E1R00017	iJN1463:PAPA181;iML1515:PAPA181	E1M_e0994aa5210b24_c + pi_c <-- E1M_3760ad028fa50a_c + h2o_c	0.0	0.0	-9978.831751007934	0.0
E1R00018	E1_candidate	E1R00018	iJN1463:PETNT181_kt	E1M_d99811b9610f3d_c + E1M_e0994aa5210b24_c <-- E1M_874435e2202fce_c + E1M_8aa0cf2d20d784_c	0.0	0.0	0.0	0.0
E1R00019	E1_candidate	E1R00019	iML1515:ALR4x	E1M_123314ea7a4799_c + nad_c <-- E1M_5068845b4a202a_c + h_c + nadh_c	0.0	0.0	0.0	0.0
E1R00020	E1_candidate	E1R00020	iML1515:PPDOy	E1M_123314ea7a4799_c + nadp_c <-- E1M_2a80c00bf96f32_c + h_c + nadph_c	0.0	0.0	0.0	0.0
E1R00021	E1_candidate	E1R00021	iML1515:LCARS	E1M_32ff1bce7a9679_c + nad_c <=> E1M_0fa715cb1ae0f3_c + h_c + nadh_c	0.0	0.0	0.0	1000.0
E1R00022	E1_candidate	E1R00022	iML1515:LCARSyi	E1M_32ff1bce7a9679_c + nadp_c <-- E1M_0fa715cb1ae0f3_c + h_c + nadph_c	0.0	0.0	-1000.0	0.0
E1R00023	E1_candidate	E1R00023	iJN1463:GGDAPS	E1M_c535c35d0a6b1d_c + atp_c + glu_DASH_L_c --> E1M_2228c082e46868_c + adp_c + h_c + pi_c	0.0	0.0	0.0	999.9777912435745
E1R00024	E1_candidate	E1R00024	iJN1463:GGSPMDO	E1M_a821b62d1754f5_c + E1M_c535c35d0a6b1d_c + h2o2_c <-- E1M_d6c64a894c8381_c + h2o_c + o2_c	0.0	0.0	-999.9777912435738	1.277563239229877e-12
E1R00025	E1_candidate	E1R00025	iCN1361:R_BISPHOSPHOGLYCERATE_MUTASE_RXN	13dpg_c --> E1M_1b4380ac6aa80e_c + h_c	0.0	0.0	0.0	1000.0
E1R00026	E1_candidate	E1R00026	iML1515:13PPDH2	E1M_c10325956b6bd6_c + nadp_c <=> E1M_aaca110563a420_c + h_c + nadph_c	0.0	0.0	0.0	1000.0
E1R00027	E1_candidate	E1R00027	iJN1463:13PPDH2_1	E1M_c10325956b6bd6_c + nadp_c <=> E1M_0fa715cb1ae0f3_c + h_c + nadph_c	0.0	0.0	-1000.0000000000007	-3.9622088142000314e-13
E1R00028	E1_candidate	E1R00028	iML1515:DHNCOAT	E1M_165298d796d7b7_c + h2o_c --> E1M_a60723907da688_c + coa_c + h_c	0.0	-5.446672000542301e-22	0.0	0.0
E1R00029	E1_candidate	E1R00029	iCN1361:R_NAPHTHOATE_SYN_RXN;iML1515:DHNCOAS	E1M_165298d796d7b7_c + h2o_c <-- E1M_02011054bce5bd_c + h_c	0.0	5.4466720005423e-22	0.0	0.0
E1R00030	E1_candidate	E1R00030	iML1515:AAMYL	E1M_54f65cb85124d6_c --> E1M_a79ac34bf23193_c	0.0	0.0	0.0	0.0
E1R00031	E1_candidate	E1R00031	iJN1463:LYSDC;iML1515:LYSDC	E1M_973bc217d37594_c + co2_c <-- h_c + lys_DASH_L_c	0.0	0.0	-999.958910168285	0.0
E1R00032	E1_candidate	E1R00032	iML1515:APCS	E1M_973bc217d37594_c + ametam_c --> 5mta_c + E1M_637442afdca5ff_c + h_c	0.0	0.0	0.0	0.0
E1R00033	E1_candidate	E1R00033	iJN1463:GG15DAPS	E1M_973bc217d37594_c + atp_c + glu_DASH_L_c --> E1M_ac6de96a8c7804_c + adp_c + h_c + pi_c	0.0	0.0	0.0	999.958910168289
E1R00034	E1_candidate	E1R00034	iJN1463:DAPAT	E1M_973bc217d37594_c + akg_c --> E1M_03fb26115c30ed_c + glu_DASH_L_c + h2o_c + h_c	0.0	0.0	-1.5460496692172765e-12	999.9589101682802
E1R00035	E1_candidate	E1R00035	iCN1361:R_RXN66_351	E1M_8b55bc59e807c2_c <=> E1M_d595d28b1243bb_c	0.0	0.0	0.0	0.0
E1R00036	E1_candidate	E1R00036	iCN1361:R_41994_RXN	E1M_50e933a8c0efb4_c + h2o_c --> 2obut_c + nh4_c	0.0	0.0	0.0	0.0
E1R00037	E1_candidate	E1R00037	iJN1463:G3PAT120;iML1515:G3PAT120	ACP_c + E1M_15f7cfb1797e3d_c <-- ddcaACP_c + glyc3p_c	0.0	-0.005741421678077122	-0.009874813695246992	0.0
E1R00038	E1_candidate	E1R00038	iJN1463:AGPAT120;iML1515:AGPAT120	E1M_15f7cfb1797e3d_c + ddcaACP_c --> ACP_c + E1M_adcb06b2b3cdef_c	0.009874813695181893	0.005741421678077122	0.0	0.009874813695242193
E1R00039	E1_candidate	E1R00039	iJN1463:APG3PAT120;iML1515:APG3PAT120	E1M_15f7cfb1797e3d_c + h_c + pi_c <-- E1M_399d5155d9eda9_c + glyc3p_c	-0.009874813695181894	0.0	-0.009874813695214028	0.0
E1R00040	E1_candidate	E1R00040	iJN1463:G3PAT161;iML1515:G3PAT161	ACP_c + E1M_2e95b1fdb429a7_c <-- E1M_7152854ab22c40_c + glyc3p_c	0.0	0.0	0.0	0.0
E1R00041	E1_candidate	E1R00041	iJN1463:AGPAT161;iML1515:AGPAT161	E1M_2e95b1fdb429a7_c + E1M_7152854ab22c40_c --> ACP_c + E1M_ba8511cb5193ef_c	0.0	0.0	0.0	0.0
E1R00042	E1_candidate	E1R00042	iJN1463:APG3PAT161;iML1515:APG3PAT161	E1M_2e95b1fdb429a7_c + h_c + pi_c <-- E1M_d5cbea9583730b_c + glyc3p_c	0.0	0.0	0.0	0.0
E1R00043	E1_candidate	E1R00043	iJN1463:G3PAT160;iML1515:G3PAT160	ACP_c + E1M_8d7919ed559b83_c <-- glyc3p_c + palmACP_c	0.0	0.0	-4.5226836277032483e-29	0.0
E1R00044	E1_candidate	E1R00044	iJN1463:AGPAT160;iML1515:AGPAT160	E1M_8d7919ed559b83_c + palmACP_c --> ACP_c + E1M_63ca8539009398_c	0.0	0.0	0.0	0.0
E1R00045	E1_candidate	E1R00045	iJN1463:APG3PAT160;iML1515:APG3PAT160	E1M_8d7919ed559b83_c + h_c + pi_c <-- E1M_e616f9a145d1c2_c + glyc3p_c	0.0	0.0	-9.248043686931905e-30	0.0
E1R00046	E1_candidate	E1R00046	iJN1463:G3PAT181;iML1515:G3PAT181	ACP_c + E1M_b050bd1b77339e_c <-- glyc3p_c + octeACP_c	0.0	0.0	-8.810550798099375e-30	0.0
E1R00047	E1_candidate	E1R00047	iJN1463:AGPAT181;iML1515:AGPAT181	E1M_b050bd1b77339e_c + octeACP_c --> ACP_c + E1M_3760ad028fa50a_c	0.0	0.0	0.0	0.0
E1R00048	E1_candidate	E1R00048	iJN1463:APG3PAT181;iML1515:APG3PAT181	E1M_b050bd1b77339e_c + h_c + pi_c <-- E1M_3a8788ee923cff_c + glyc3p_c	0.0	0.0	1.897414483955424e-29	0.0
E1R00049	E1_candidate	E1R00049	iJN1463:G3PAT180;iML1515:G3PAT180	ACP_c + E1M_fac80bee49e4d0_c <-- glyc3p_c + ocdcaACP_c	0.0	0.0	0.0	0.0
E1R00050	E1_candidate	E1R00050	iJN1463:AGPAT180;iML1515:AGPAT180	E1M_fac80bee49e4d0_c + ocdcaACP_c --> ACP_c + E1M_49811ebc0cfee7_c	0.0	0.0	0.0	0.0
E1R00051	E1_candidate	E1R00051	iJN1463:APG3PAT180;iML1515:APG3PAT180	E1M_fac80bee49e4d0_c + h_c + pi_c <-- E1M_68bfda662191bd_c + glyc3p_c	0.0	0.0	0.0	0.0
E1R00052	E1_candidate	E1R00052	iJN1463:1P2CBXLCYCL	E1M_bfc40dd785efa2_c + h2o_c + h_c <=> E1M_adb2a0f39e4756_c	0.0	0.0	0.0	0.0
E1R00053	E1_candidate	E1R00053	iJN1463:DAAD7	E1M_bfc40dd785efa2_c + fadh2_c + h_c <-- E1M_e8304d1dccab35_c + fad_c	0.0	0.0	0.0	0.0
E1R00054	E1_candidate	E1R00054	iJN1463:1P2CBXLR	E1M_bfc40dd785efa2_c + 2.0 h_c + nadph_c --> nadp_c + pro_DASH_L_c	0.0	0.0	0.0	0.0
E1R00055	E1_candidate	E1R00055	iJN1463:AOXHEXCYCL	E1M_1265ef466ffa15_c + h2o_c <=> E1M_150260486ca9c0_c	0.0	0.0	-999.9589101682843	0.0
E1R00056	E1_candidate	E1R00056	iJN1463:1PPDCRc	E1M_1265ef466ffa15_c + h_c + nadph_c --> E1M_3a444e08e8484d_c + nadp_c	0.0	0.0	0.0	999.9589101682843
E1R00057	E1_candidate	E1R00057	iJN1463:1PQQS	E1M_b96b0b14900a05_c <=> E1M_64cc3c612403bc_c + o2_c	0.0	0.0	0.0	0.0
E1R00058	E1_candidate	E1R00058	iJN1463:PQQH2S	E1M_b96b0b14900a05_c + 3.0 o2_c <=> E1M_e67a88bd94edfc_c + 2.0 h2o2_c + 2.0 h2o_c	0.0	0.0	0.0	0.0
E1R00059	E1_candidate	E1R00059	iJN1463:1PY4h3cAH	E1M_e8fbf461af0929_c + h2o_c + h_c --> E1M_d0b9aa6e19d041_c + nh4_c	0.0	0.0	0.0	0.0
E1R00060	E1_candidate	E1R00060	iJN1463:4HDPROO	2.0 E1M_cb423b98c8dd55_c + E1M_e8fbf461af0929_c + h_c <-- E1M_8bedc8a12092a1_c + 2.0 E1M_ce99e43bdb91ca_c	0.0	0.0	0.0	0.0
E1R00061	E1_candidate	E1R00061	iCN1361:R_RXN0_7008;iJN1463:PROD2	1pyr5c_c + fadh2_c + h_c <-- fad_c + pro_DASH_L_c	0.0	0.0	-2999.956700306793	0.0
E1R00062	E1_candidate	E1R00062	iCN1361:R_PYRROLINECARBDEHYDROG_RXN;iJN1463:P5CD;iML1515:P5CD	1pyr5c_c + 2.0 h2o_c + nad_c --> glu_DASH_L_c + h_c + nadh_c	0.0	0.0	0.0	1999.9567003067978
E1R00063	E1_candidate	E1R00063	iML1515:PROD3	1pyr5c_c + h_c + q8h2_c <-- pro_DASH_L_c + q8_c	0.0	0.0	-1000.0	0.0
E1R00064	E1_candidate	E1R00064	iCN1361:R_PYRROLINECARBREDUCT_RXN_NAD	1pyr5c_c + 2.0 h_c + nadh_c --> nad_c + pro_DASH_L_c	0.03627482581903552	0.0	0.0	1000.0
E1R00065	E1_candidate	E1R00065	iJN1463:G3PAT141;iML1515:G3PAT141	ACP_c + E1M_dcac08dfa5f5f2_c <-- E1M_0b66d25b9f4065_c + glyc3p_c	0.0	0.0	0.0	0.0
E1R00066	E1_candidate	E1R00066	iJN1463:AGPAT141;iML1515:AGPAT141	E1M_0b66d25b9f4065_c + E1M_dcac08dfa5f5f2_c --> ACP_c + E1M_972944000f8047_c	0.0	0.0	0.0	0.0
E1R00067	E1_candidate	E1R00067	iJN1463:APG3PAT141;iML1515:APG3PAT141	E1M_dcac08dfa5f5f2_c + h_c + pi_c <-- E1M_d48b6bc51b3119_c + glyc3p_c	0.0	0.0	0.0	0.0
E1R00068	E1_candidate	E1R00068	iJN1463:G3PAT140;iML1515:G3PAT140	ACP_c + E1M_d210f773badcda_c <-- glyc3p_c + myrsACP_c	0.0	0.0	0.0	0.0
E1R00069	E1_candidate	E1R00069	iJN1463:AGPAT140;iML1515:AGPAT140	E1M_d210f773badcda_c + myrsACP_c --> ACP_c + E1M_4fe8397f3739dd_c	0.0	0.0	0.0	0.0
E1R00070	E1_candidate	E1R00070	iJN1463:APG3PAT140;iML1515:APG3PAT140	E1M_d210f773badcda_c + h_c + pi_c <-- E1M_dc131e8df365e9_c + glyc3p_c	0.0	0.0	0.0	0.0
E1R00071	E1_candidate	E1R00071	iML1515:DAPAL	E1M_2d0aacc06f6785_c + h2o_c --> 2.0 nh4_c + pyr_c	0.0	0.0	0.0	0.0
E1R00072	E1_candidate	E1R00072	iML1515:DHBD	E1M_2a35c81e31303f_c + nad_c <=> E1M_bfd0c98afe0630_c + h_c + nadh_c	0.0	0.0	0.0	0.0
E1R00073	E1_candidate	E1R00073	iML1515:ICHORT	E1M_2a35c81e31303f_c + pyr_c <-- E1M_609d2e1a91ed09_c + h2o_c	0.0	0.0	0.0	0.0
E1R00074	E1_candidate	E1R00074	iJN1463:DHACOAH;iML1515:DHACOAH	E1M_8621f95d559341_c + h2o_c <=> E1M_06339e2bff1cef_c	0.0	0.0	0.0	760.9740954465495
E1R00075	E1_candidate	E1R00075	iJN1463:OXDHCOAT;iML1515:OXDHCOAT	E1M_8621f95d559341_c + accoa_c <-- E1M_21af760b46baf5_c + coa_c	0.0	0.0	-760.9740954465797	0.0
E1R00076	E1_candidate	E1R00076	iML1515:DHBS	E1M_bfd0c98afe0630_c + atp_c + h_c --> E1M_7c94b1d97296c4_c + ppi_c	0.0	0.0	0.0	1000.0000000000002
E1R00077	E1_candidate	E1R00077	iML1515:DHBSH	E1M_bfd0c98afe0630_c + ser_DASH_L_c <-- E1M_a1fa65ff691df5_c + h2o_c	0.0	0.0	-1000.0	-3.025677040383853e-13
E1R00078	E1_candidate	E1R00078	iCN1361:R_RXN_13171	E1M_b3ce4091b2224c_c + E1M_bfd0c98afe0630_c + h_c <=> E1M_051f4e39d8d4da_c + h2o_c	0.0	0.0	0.0	0.0
E1R00079	E1_candidate	E1R00079	iML1515:ENTCS	3.0 E1M_7c94b1d97296c4_c + 3.0 E1M_d797db852ad1dc_c --> E1M_362c2476b34b5a_c + 6.0 amp_c + 9.0 h_c	0.0	0.0	0.0	333.33333333333354
E1R00080	E1_candidate	E1R00080	iML1515:FE3DHBZS3R	2.0 E1M_99c863b7ce4c27_c + 2.0 fe2_c + 3.0 h_c + nadp_c <-- 2.0 E1M_b8e330e8d490d0_c + nadph_c	0.0	0.0	0.0	0.0
E1R00081	E1_candidate	E1R00081	iML1515:ENTERES	3.0 E1M_a1fa65ff691df5_c + 3.0 h_c <-- E1M_362c2476b34b5a_c + 3.0 h2o_c	0.0	0.0	-333.3333333333331	-9.131448001516644e-14
E1R00082	E1_candidate	E1R00082	iML1515:DOGULNR	E1M_66f6c1739af1dc_c + h_c + nadh_c --> E1M_a28abd5f080c72_c + nad_c	0.0	0.0	0.0	0.0
E1R00083	E1_candidate	E1R00083	iJN1463:FBACS	E1M_7813cb810bfb60_c + E1M_9a486baa3a93b9_c + E1M_f29775086a440a_c + asp_DASH_L_c + gly_c + orn_c + ser_DASH_L_c --> E1M_3cf6f66c2e2c91_c + 6.0 h2o_c	0.0	0.0	0.0	0.0
E1R00084	E1_candidate	E1R00084	iJN1463:AAC24DABA	E1M_9a486baa3a93b9_c + ac_c + h_c <-- E1M_6a2ba99da37553_c + h2o_c	0.0	0.0	0.0	0.0
E1R00085	E1_candidate	E1R00085	iJN1463:DABAAT2	E1M_9a486baa3a93b9_c + akg_c + h_c <=> aspsa_c + glu_DASH_L_c	0.0	0.0	0.0	0.0
E1R00086	E1_candidate	E1R00086	iCN1361:R_111274_RXN;iJN1463:DKGLCNR3;iML1515:DKGLCNR1	E1M_f2b4d2c8f288d2_c + h_c + nadph_c --> E1M_54875ad5426594_c + nadp_c	0.0	0.0	0.0	0.0
E1R00087	E1_candidate	E1R00087	iML1515:DKGLCNR2x	E1M_f2b4d2c8f288d2_c + h_c + nadh_c --> E1M_62396f56455f2e_c + nad_c	0.0	0.0	0.0	0.0
E1R00088	E1_candidate	E1R00088	iML1515:DKGLCNR2y	E1M_f2b4d2c8f288d2_c + h_c + nadph_c --> E1M_62396f56455f2e_c + nadp_c	0.0	0.0	0.0	0.0
E1R00089	E1_candidate	E1R00089	iJN1463:5DH4DGLCD	E1M_d0b9aa6e19d041_c + co2_c + h2o_c <-- E1M_ef039cb65a238e_c + h_c	0.0	0.0	-999.9999999999997	0.0
E1R00090	E1_candidate	E1R00090	iJN1463:DOPDH	E1M_d0b9aa6e19d041_c + h2o_c + nadp_c <=> akg_c + 2.0 h_c + nadph_c	0.0	0.0	2.763997091765741e-13	1000.0
E1R00091	E1_candidate	E1R00091	iCN1361:R_RIBOFLAVINSYNDEAM_RXN;iJN1463:DHPPDA2;iML1515:DHPPDA2	E1M_fbcc486361047a_c + h2o_c + h_c <=> 5apru_c + nh4_c	0.0	0.0	-999.9999968754164	5.374048229327477e-06
E1R00092	E1_candidate	E1R00092	iCN1361:R_GTP_CYCLOHYDRO_II_RXN;iJN1463:GTPCII2;iML1515:GTPCII2	E1M_fbcc486361047a_c + for_c + 2.0 h_c + ppi_c <=> gtp_c + 3.0 h2o_c	0.0	0.0	-5.374048223566947e-06	999.9999968754169
E1R00093	E1_candidate	E1R00093	iCN1361:R_DIAMINOPIMEPIM_RXN;iJN1463:DAPE;iML1515:DAPE	E1M_c7320d165bd590_c <=> 26dap_DASH_M_c	0.04782902959843202	0.027808790712863345	-999.972191209287	1999.9867189590002
E1R00094	E1_candidate	E1R00094	iCN1361:R_SUCCDIAMINOPIMDESUCC_RXN;iJN1463:SDPDS;iML1515:SDPDS	E1M_c7320d165bd590_c + succ_c <=> h2o_c + sl26da_c	-0.04782902959843202	-0.027808790712863345	-1999.986718959	999.9721912092907
E1R00095	E1_candidate	E1R00095	iML1515:LADGMDH	26dap_DASH_M_c + E1M_4bc895899f904b_c <-- E1M_ec926a0cb57fc0_c + h2o_c	0.0	0.0	0.0	0.0
E1R00096	E1_candidate	E1R00096	iML1515:2AGPEAT120	E1M_2d6f270d52020a_c + E1M_746b9f3cd828fd_c + atp_c --> E1M_b1d99eabdb0abb_c + amp_c + ppi_c	0.0	0.0	0.0	0.0
E1R00097	E1_candidate	E1R00097	iML1515:LPLIPAL2ATE120	E1M_746b9f3cd828fd_c + pg120_c --> E1M_7f2d366e2f60ab_c + E1M_b3bed69010e9bc_c	0.0	0.0	0.0	0.0
E1R00098	E1_candidate	E1R00098	iML1515:LPLIPAL2E120	E1M_746b9f3cd828fd_c + h2o_c --> E1M_2d6f270d52020a_c + E1M_7f2d366e2f60ab_c + h_c	0.0	0.0	0.0	0.0
E1R00099	E1_candidate	E1R00099	iML1515:2AGPEAT140	E1M_1a4b2d3356f0b1_c + E1M_e33b14dedfde2c_c + atp_c --> E1M_674a5afee9a1b9_c + amp_c + ppi_c	0.0	0.0	0.0	0.0
E1R00100	E1_candidate	E1R00100	iML1515:LPLIPAL2ATE140	E1M_1a4b2d3356f0b1_c + E1M_78c5c0427b4c19_c --> E1M_7f2d366e2f60ab_c + E1M_b7dc298b1bc368_c	0.0	0.0	0.0	0.0
E1R00101	E1_candidate	E1R00101	iML1515:LPLIPAL2E140	E1M_1a4b2d3356f0b1_c + h2o_c --> E1M_7f2d366e2f60ab_c + E1M_e33b14dedfde2c_c + h_c	0.0	0.0	0.0	0.0
E1R00102	E1_candidate	E1R00102	iML1515:2AGPEAT141	E1M_1e2587d5b02594_c + E1M_6cf6a24a4c1988_c + atp_c --> E1M_3c8524915e6347_c + amp_c + ppi_c	0.0	0.0	0.0	0.0
E1R00103	E1_candidate	E1R00103	iML1515:LPLIPAL2ATE141	E1M_6cf6a24a4c1988_c + E1M_add9f315996cc0_c --> E1M_7f2d366e2f60ab_c + E1M_e045e3aa571b32_c	0.0	0.0	0.0	0.0
E1R00104	E1_candidate	E1R00104	iML1515:LPLIPAL2E141	E1M_6cf6a24a4c1988_c + h2o_c --> E1M_1e2587d5b02594_c + E1M_7f2d366e2f60ab_c + h_c	0.0	0.0	0.0	0.0
E1R00105	E1_candidate	E1R00105	iJN1463:2AACLPPEAT160	E1M_4e1d04b72044e2_c + palmACP_c --> ACP_c + E1M_048fdbd6bdfe96_c	0.0	0.0	0.0	0.0
E1R00106	E1_candidate	E1R00106	iML1515:2AGPEAT160	E1M_4e1d04b72044e2_c + E1M_c636fb00cabd85_c + atp_c --> E1M_048fdbd6bdfe96_c + amp_c + ppi_c	0.0	0.0	0.0	0.0
E1R00107	E1_candidate	E1R00107	iML1515:LPLIPAL2ATE160	E1M_4e1d04b72044e2_c + E1M_6c4ef355c042f8_c --> E1M_7f2d366e2f60ab_c + E1M_f72c922bddfe93_c	0.0	0.0	0.0	0.0
E1R00108	E1_candidate	E1R00108	iML1515:LPLIPAL2E160	E1M_4e1d04b72044e2_c + h2o_c --> E1M_7f2d366e2f60ab_c + E1M_c636fb00cabd85_c + h_c	0.0	0.0	-3.972871979107152e-28	0.0
E1R00109	E1_candidate	E1R00109	iJN1463:2AACLPPEAT161	E1M_7152854ab22c40_c + E1M_f0a489a66c6a94_c --> ACP_c + E1M_8c2559d0e468b0_c	0.0	0.0	0.0	0.0
E1R00110	E1_candidate	E1R00110	iML1515:2AGPEAT161	E1M_27ab7659ef3699_c + E1M_f0a489a66c6a94_c + atp_c --> E1M_8c2559d0e468b0_c + amp_c + ppi_c	0.0	0.0	0.0	0.0
E1R00111	E1_candidate	E1R00111	iML1515:LPLIPAL2ATE161	E1M_5c615e30e1537f_c + E1M_f0a489a66c6a94_c --> E1M_235fe70d93fec9_c + E1M_7f2d366e2f60ab_c	0.0	0.0	0.0	0.0
E1R00112	E1_candidate	E1R00112	iML1515:LPLIPAL2E161	E1M_f0a489a66c6a94_c + h2o_c --> E1M_27ab7659ef3699_c + E1M_7f2d366e2f60ab_c + h_c	0.0	0.0	-2.758938874379968e-30	0.0
E1R00113	E1_candidate	E1R00113	iJN1463:2AACLPPEAT180	E1M_f9d42fdb6b2817_c + ocdcaACP_c --> ACP_c + E1M_efaf32a73efebb_c	0.0	0.0	0.0	0.0
E1R00114	E1_candidate	E1R00114	iML1515:2AGPEAT180	E1M_5cb95c7bcf69ec_c + E1M_f9d42fdb6b2817_c + atp_c --> E1M_efaf32a73efebb_c + amp_c + ppi_c	0.0	0.0	0.0	0.0
E1R00115	E1_candidate	E1R00115	iML1515:LPLIPAL2ATE180	E1M_c43685872b8e0c_c + E1M_f9d42fdb6b2817_c --> E1M_7f2d366e2f60ab_c + E1M_81145e202a882e_c	0.0	0.0	0.0	0.0
E1R00116	E1_candidate	E1R00116	iML1515:LPLIPAL2E180	E1M_f9d42fdb6b2817_c + h2o_c --> E1M_5cb95c7bcf69ec_c + E1M_7f2d366e2f60ab_c + h_c	0.0	0.0	0.0	0.0
E1R00117	E1_candidate	E1R00117	iJN1463:2AACLPPEAT181	E1M_1251eb9eae5f05_c + octeACP_c --> ACP_c + E1M_874435e2202fce_c	0.0	0.0	0.0	0.0
E1R00118	E1_candidate	E1R00118	iML1515:2AGPEAT181	E1M_1251eb9eae5f05_c + E1M_e53aef644d0bd7_c + atp_c --> E1M_874435e2202fce_c + amp_c + ppi_c	0.0	0.0	0.0	0.0
E1R00119	E1_candidate	E1R00119	iML1515:LPLIPAL2ATE181	E1M_1251eb9eae5f05_c + E1M_a4063c3e928e9b_c --> E1M_7f2d366e2f60ab_c + E1M_c700d0a63b5b2c_c	0.0	0.0	0.0	0.0
E1R00120	E1_candidate	E1R00120	iML1515:LPLIPAL2E181	E1M_1251eb9eae5f05_c + h2o_c --> E1M_7f2d366e2f60ab_c + E1M_e53aef644d0bd7_c + h_c	0.0	0.0	0.0	0.0
E1R00121	E1_candidate	E1R00121	iML1515:2AGPGAT120	E1M_2d6f270d52020a_c + E1M_482c291f82880d_c + atp_c --> amp_c + pg120_c + ppi_c	0.0	0.0	0.0	0.0
E1R00122	E1_candidate	E1R00122	iML1515:LPLIPAL2ATG120	E1M_482c291f82880d_c + pg120_c --> E1M_8bd5edadff4162_c + E1M_b3bed69010e9bc_c	0.0	0.0	0.0	0.0
E1R00123	E1_candidate	E1R00123	iML1515:LPLIPAL2G120	E1M_482c291f82880d_c + h2o_c --> E1M_2d6f270d52020a_c + E1M_8bd5edadff4162_c + h_c	0.0	0.0	0.0	0.0
E1R00124	E1_candidate	E1R00124	iML1515:2AGPGAT140	E1M_45bd705f679238_c + E1M_e33b14dedfde2c_c + atp_c --> E1M_78c5c0427b4c19_c + amp_c + ppi_c	0.0	0.0	0.0	0.0
E1R00125	E1_candidate	E1R00125	iML1515:LPLIPAL2ATG140	E1M_45bd705f679238_c + E1M_78c5c0427b4c19_c --> E1M_8bd5edadff4162_c + E1M_b7dc298b1bc368_c	0.0	0.0	0.0	0.0
E1R00126	E1_candidate	E1R00126	iML1515:LPLIPAL2G140	E1M_45bd705f679238_c + h2o_c --> E1M_8bd5edadff4162_c + E1M_e33b14dedfde2c_c + h_c	0.0	0.0	0.0	0.0
E1R00127	E1_candidate	E1R00127	iML1515:2AGPGAT141	E1M_060332880b3adb_c + E1M_1e2587d5b02594_c + atp_c --> E1M_add9f315996cc0_c + amp_c + ppi_c	0.0	0.0	0.0	0.0
E1R00128	E1_candidate	E1R00128	iML1515:LPLIPAL2ATG141	E1M_060332880b3adb_c + E1M_add9f315996cc0_c --> E1M_8bd5edadff4162_c + E1M_e045e3aa571b32_c	0.0	0.0	0.0	0.0
E1R00129	E1_candidate	E1R00129	iML1515:LPLIPAL2G141	E1M_060332880b3adb_c + h2o_c --> E1M_1e2587d5b02594_c + E1M_8bd5edadff4162_c + h_c	0.0	0.0	0.0	0.0
E1R00130	E1_candidate	E1R00130	iJN1463:2AACLPGT160	E1M_c6e3ea004ddde5_c + palmACP_c --> ACP_c + E1M_6c4ef355c042f8_c	0.0	0.0	0.0	6.043444976633806e-31
E1R00131	E1_candidate	E1R00131	iML1515:2AGPGAT160	E1M_c636fb00cabd85_c + E1M_c6e3ea004ddde5_c + atp_c --> E1M_6c4ef355c042f8_c + amp_c + ppi_c	0.0	0.0	0.0	0.0
E1R00132	E1_candidate	E1R00132	iML1515:LPLIPAL2ATG160	E1M_6c4ef355c042f8_c + E1M_c6e3ea004ddde5_c --> E1M_8bd5edadff4162_c + E1M_f72c922bddfe93_c	0.0	0.0	0.0	0.0
E1R00133	E1_candidate	E1R00133	iML1515:LPLIPAL2G160	E1M_c6e3ea004ddde5_c + h2o_c --> E1M_8bd5edadff4162_c + E1M_c636fb00cabd85_c + h_c	0.0	0.0	0.0	0.0
E1R00134	E1_candidate	E1R00134	iJN1463:2AACLPGT161	E1M_7152854ab22c40_c + E1M_eb576ca4579a87_c --> ACP_c + E1M_5c615e30e1537f_c	0.0	0.0	0.0	0.0
E1R00135	E1_candidate	E1R00135	iML1515:2AGPGAT161	E1M_27ab7659ef3699_c + E1M_eb576ca4579a87_c + atp_c --> E1M_5c615e30e1537f_c + amp_c + ppi_c	0.0	0.0	0.0	0.0
E1R00136	E1_candidate	E1R00136	iML1515:LPLIPAL2ATG161	E1M_5c615e30e1537f_c + E1M_eb576ca4579a87_c --> E1M_235fe70d93fec9_c + E1M_8bd5edadff4162_c	0.0	0.0	0.0	0.0
E1R00137	E1_candidate	E1R00137	iML1515:LPLIPAL2G161	E1M_eb576ca4579a87_c + h2o_c --> E1M_27ab7659ef3699_c + E1M_8bd5edadff4162_c + h_c	0.0	0.0	0.0	0.0
E1R00138	E1_candidate	E1R00138	iJN1463:2AACLPGT180	E1M_254b40f54f36ea_c + ocdcaACP_c --> ACP_c + E1M_c43685872b8e0c_c	0.0	0.0	0.0	0.0
E1R00139	E1_candidate	E1R00139	iML1515:2AGPGAT180	E1M_254b40f54f36ea_c + E1M_5cb95c7bcf69ec_c + atp_c --> E1M_c43685872b8e0c_c + amp_c + ppi_c	0.0	0.0	0.0	0.0
E1R00140	E1_candidate	E1R00140	iML1515:LPLIPAL2ATG180	E1M_254b40f54f36ea_c + E1M_c43685872b8e0c_c --> E1M_81145e202a882e_c + E1M_8bd5edadff4162_c	0.0	0.0	0.0	0.0
E1R00141	E1_candidate	E1R00141	iML1515:LPLIPAL2G180	E1M_254b40f54f36ea_c + h2o_c --> E1M_5cb95c7bcf69ec_c + E1M_8bd5edadff4162_c + h_c	0.0	0.0	0.0	0.0
E1R00142	E1_candidate	E1R00142	iJN1463:2AACLPGT181	E1M_df93c9d562dc11_c + octeACP_c --> ACP_c + E1M_a4063c3e928e9b_c	0.0	0.0	0.0	0.0
E1R00143	E1_candidate	E1R00143	iML1515:2AGPGAT181	E1M_df93c9d562dc11_c + E1M_e53aef644d0bd7_c + atp_c --> E1M_a4063c3e928e9b_c + amp_c + ppi_c	0.0	0.0	0.0	0.0
E1R00144	E1_candidate	E1R00144	iML1515:LPLIPAL2ATG181	E1M_a4063c3e928e9b_c + E1M_df93c9d562dc11_c --> E1M_8bd5edadff4162_c + E1M_c700d0a63b5b2c_c	0.0	0.0	0.0	0.0
E1R00145	E1_candidate	E1R00145	iML1515:LPLIPAL2G181	E1M_df93c9d562dc11_c + h2o_c --> E1M_8bd5edadff4162_c + E1M_e53aef644d0bd7_c + h_c	0.0	0.0	0.0	0.0
E1R00146	E1_candidate	E1R00146	iCN1361:R_RXN_12583	E1M_e5677c7064ef45_c + co2_c <-- h_c + pyr_c + thmpp_c	0.0	0.0	-1000.0	0.0
E1R00147	E1_candidate	E1R00147	iCN1361:R_RXN_12508	E1M_693ad64728c9b3_c + E1M_e5677c7064ef45_c <=> E1M_3620229e9b8133_c + thmpp_c	0.0	0.0	0.0	1000.0
E1R00148	E1_candidate	E1R00148	iJN1463:HPPK	2ahhmd_c + amp_c + h_c <-- E1M_daa25041863bba_c + atp_c	0.0	0.0	-999.9999999999999	0.0
E1R00149	E1_candidate	E1R00149	iJN1463:DHPS	4abz_c + E1M_daa25041863bba_c --> dhpt_c + h2o_c	35.12408945817602	6.249166452345136e-06	0.0	1000.0000107480964
E1R00150	E1_candidate	E1R00150	iJN1463:DHNPA_1	E1M_daa25041863bba_c + gcald_c <-- dhnpt_c	-35.12408945817602	-6.249166452345137e-06	-1000.0000107480965	0.0
E1R00151	E1_candidate	E1R00151	iCN1361:R_RXN_8899	E1M_065c29f6c198ed_c + h2o_c --> nh4_c + pyr_c	0.0	0.0	0.0	1000.0
E1R00152	E1_candidate	E1R00152	iCN1361:R_RXN_15125	E1M_065c29f6c198ed_c + h2o_c <-- ser_DASH_L_c	0.0	0.0	-1000.0	0.0
E1R00153	E1_candidate	E1R00153	iCN1361:R_RXN_15124	E1M_065c29f6c198ed_c --> E1M_443515e3857abd_c	0.0	0.0	0.0	1000.0
E1R00154	E1_candidate	E1R00154	iJN1463:AEPTA	E1M_c76bfa6885224d_c + pyr_c <=> E1M_8d27a2f73304a8_c + ala_DASH_L_c	0.0	0.0	0.0	0.0
E1R00155	E1_candidate	E1R00155	iCN1361:R_26137_RXN	E1M_c76bfa6885224d_c + pyr_c <=> E1M_c04f2822c002eb_c + ala_DASH_L_c	0.0	0.0	0.0	0.0
E1R00156	E1_candidate	E1R00156	iJN1463:AALDCDLsi	E1M_bf59f26033323e_c + h_c --> E1M_3c3d2f608fd4dd_c + co2_c	0.0	0.0	0.0	2999.9788621944754
E1R00157	E1_candidate	E1R00157	iML1515:DSERDHr	E1M_bf59f26033323e_c + h_c + nadph_c <=> E1M_b3423c083795ee_c + nadp_c	0.0	0.0	0.0	1000.0
E1R00158	E1_candidate	E1R00158	iJN1463:LSERDHr;iML1515:LSERDHr	E1M_bf59f26033323e_c + h_c + nadph_c <=> nadp_c + ser_DASH_L_c	0.0	0.0	-2999.978862194475	2.125954958887086e-11
E1R00159	E1_candidate	E1R00159	iJN1463:AOBUTDs;iML1515:AOBUTDs	E1M_7019f971190c3a_c + h_c --> E1M_e2b7a0497460e6_c + co2_c	0.0	0.0	0.0	2000.0352318877112
E1R00160	E1_candidate	E1R00160	iCN1361:R_AKBLIG_RXN;iML1515:GLYAT	E1M_7019f971190c3a_c + coa_c <=> accoa_c + gly_c	0.0	0.0	-1000.0	1000.0
E1R00161	E1_candidate	E1R00161	iJN1463:ATHRDHr;iML1515:ATHRDHr	E1M_7019f971190c3a_c + h_c + nadph_c <=> E1M_10ada747f78f18_c + nadp_c	0.0	0.0	-4000.035231887704	1999.9999999999995
E1R00162	E1_candidate	E1R00162	iCN1361:R_THREODEHYD_RXN;iML1515:THRD	E1M_7019f971190c3a_c + h_c + nadh_c <=> nad_c + thr_DASH_L_c	0.0	0.0	-1000.0	1000.0
E1R00163	E1_candidate	E1R00163	iML1515:DXYLTD	E1M_53b090ba62d7a4_c + h2o_c <=> E1M_fa30717a0757bc_c	0.0	0.0	0.0	0.0
E1R00164	E1_candidate	E1R00164	iML1515:2DDARAA	E1M_53b090ba62d7a4_c <=> gcald_c + pyr_c	0.0	0.0	0.0	0.0
E1R00165	E1_candidate	E1R00165	iML1515:LPLIPAL2A120	E1M_f9ba303527c363_c + h2o_c --> E1M_2d6f270d52020a_c + glyc3p_c + 2.0 h_c	0.0	0.0	0.0	0.0
E1R00166	E1_candidate	E1R00166	iCN1361:R_DEOXYGLUCONOKIN_RXN;iJN1463:DDGLK;iML1515:DDGLK	2ddg6p_c + adp_c + h_c <=> E1M_b2d46415ca6de7_c + atp_c	0.3054990056398564	0.0	0.0	999.9999999999987
E1R00167	E1_candidate	E1R00167	iCN1361:R_ALTRODEHYDRAT_RXN;iJN1463:ALTRH;iML1515:ALTRH	E1M_b2d46415ca6de7_c + h2o_c <=> E1M_cd02ca9fca7541_c	0.3054990056398564	0.0	0.0	999.9999999999999
E1R00168	E1_candidate	E1R00168	iML1515:MNNH	E1M_b2d46415ca6de7_c + h2o_c <-- E1M_400831290fb067_c	0.0	0.0	-1000.0000000000003	0.0
E1R00169	E1_candidate	E1R00169	iML1515:2DOXG6PP	E1M_6b1e6af279f471_c + pi_c <-- E1M_dde815cfc74a69_c + h2o_c	0.0	0.0	0.0	0.0
E1R00170	E1_candidate	E1R00170	iML1515:DDGALK	E1M_0c4dddd48b7012_c + adp_c + h_c <-- E1M_a32501052ce9e3_c + atp_c	0.0	0.0	0.0	0.0
E1R00171	E1_candidate	E1R00171	iML1515:DDPGALA	E1M_0c4dddd48b7012_c <=> g3p_c + pyr_c	0.0	0.0	0.0	0.0
E1R00172	E1_candidate	E1R00172	iML1515:GALCTND	E1M_a32501052ce9e3_c + h2o_c <-- E1M_63102e4280a26b_c	0.0	0.0	0.0	0.0
E1R00173	E1_candidate	E1R00173	iJN1463:2DHGLCK	E1M_54875ad5426594_c + atp_c + 2.0 h_c --> E1M_907fd6facc3f10_c + adp_c	0.0	0.0	0.0	999.9999999999998
E1R00174	E1_candidate	E1R00174	iCN1361:R_DEHYDOGLUCONOKINASE_RXN	E1M_54875ad5426594_c + atp_c <=> E1M_907fd6facc3f10_c + adp_c + h_c	0.0	0.0	-1000.0	1.1368683772161603e-13
E1R00175	E1_candidate	E1R00175	iML1515:2DGULRGx	E1M_54875ad5426594_c + h_c + nadh_c --> E1M_37c10443a194aa_c + nad_c	0.0	0.0	0.0	1000.0
E1R00176	E1_candidate	E1R00176	iML1515:2DGULRGy	E1M_54875ad5426594_c + h_c + nadph_c --> E1M_37c10443a194aa_c + nadp_c	0.0	0.0	0.0	1000.0
E1R00177	E1_candidate	E1R00177	iML1515:2DGULRx	E1M_54875ad5426594_c + h_c + nadh_c --> E1M_47a9ed58713470_c + nad_c	0.0	0.0	0.0	999.9999999999999
E1R00178	E1_candidate	E1R00178	iML1515:2DGULRy	E1M_54875ad5426594_c + h_c + nadph_c --> E1M_47a9ed58713470_c + nadp_c	0.0	0.0	0.0	1000.0
E1R00179	E1_candidate	E1R00179	iML1515:G3PD7	E1M_db9cc88fe6a1ee_c + glyc3p_c --> E1M_b07696c816b9ec_c + dhap_c	0.0	0.0	0.0	1000.0
E1R00180	E1_candidate	E1R00180	iML1515:DMSOR2	E1M_03a3cdfc19416d_c + E1M_db9cc88fe6a1ee_c + h2o_c <-- E1M_b07696c816b9ec_c + E1M_fa134b919d8f2a_c	0.0	0.0	0.0	0.0
E1R00181	E1_candidate	E1R00181	iML1515:FRD3	E1M_db9cc88fe6a1ee_c + succ_c <-- E1M_b07696c816b9ec_c + fum_c	-5.4451461734647335	-0.06254915685464932	-1000.0	0.0
E1R00182	E1_candidate	E1R00182	iML1515:GLYCTO4	E1M_db9cc88fe6a1ee_c + glyclt_c --> E1M_b07696c816b9ec_c + glx_c	5.4451461734647335	4.6868748392629265e-06	0.0	1000.0
E1R00183	E1_candidate	E1R00183	iML1515:TMAOR2	E1M_3140d1f64ab116_c + E1M_db9cc88fe6a1ee_c + h2o_c <-- E1M_b07696c816b9ec_c + E1M_e95228f53430c0_c + h_c	0.0	0.0	0.0	0.0
E1R00184	E1_candidate	E1R00184	iML1515:NADH9	E1M_db9cc88fe6a1ee_c + h_c + nadh_c --> E1M_b07696c816b9ec_c + nad_c	0.0	0.0	0.0	1000.0
E1R00185	E1_candidate	E1R00185	iML1515:NADPHQR4	E1M_db9cc88fe6a1ee_c + h_c + nadph_c --> E1M_b07696c816b9ec_c + nadp_c	0.0	0.06254446997981006	0.0	1000.0
E1R00186	E1_candidate	E1R00186	iML1515:AMMQLT8	E1M_b07696c816b9ec_c + amet_c --> E1M_7c276a707cb8bf_c + ahcys_c + h_c	0.0	0.0	0.0	-5.591440178281578e-19
E1R00187	E1_candidate	E1R00187	iML1515:DHNAOT4	E1M_b07696c816b9ec_c + co2_c + ppi_c <-- E1M_a60723907da688_c + h_c + octdp_c	0.0	5.446672000542301e-22	0.0	5.591440178281578e-19
E1R00188	E1_candidate	E1R00188	iML1515:PPM2	E1M_ed8767f1bb81ae_c <=> E1M_8ab30a1c8c869c_c	0.0	0.0	0.0	499.92350535952636
E1R00189	E1_candidate	E1R00189	iML1515:PUNP2	E1M_ed8767f1bb81ae_c + ade_c <=> E1M_24d464e7d2696f_c + pi_c	0.0	0.0	-1000.0	1000.0
E1R00190	E1_candidate	E1R00190	iCN1361:R_DEOXYGUANPHOSPHOR_RXN;iML1515:PUNP4	E1M_ed8767f1bb81ae_c + gua_c <=> dgsn_c + pi_c	-0.002066858964444602	0.0	-499.9258787929426	0.0029557265477082027
E1R00191	E1_candidate	E1R00191	iML1515:PUNP6	E1M_ed8767f1bb81ae_c + hxan_c <=> din_c + pi_c	-1.317851534066834e-15	0.0	-1000.0	1000.0
E1R00192	E1_candidate	E1R00192	iML1515:DURIPP	E1M_ed8767f1bb81ae_c + ura_c <=> duri_c + pi_c	0.0020668589644446014	0.0	-1000.0	999.9777842132618
E1R00193	E1_candidate	E1R00193	iCN1361:R_THYM_PHOSPH_RXN;iML1515:TMDPP	E1M_a460ac7bdbc9bd_c + E1M_ed8767f1bb81ae_c <=> pi_c + thymd_c	0.0	0.0	-999.9765824985534	999.999999999996
E1R00194	E1_candidate	E1R00194	iML1515:DRPA	E1M_8ab30a1c8c869c_c --> E1M_703358c6a7989c_c + g3p_c	0.0	0.0	0.0	499.9235053595279
E1R00195	E1_candidate	E1R00195	iJN1463:BTS5;iML1515:BTS5	E1M_77834cdf2bf848_c + E1M_8d775042794fad_c + btn_c + h_c + met_DASH_L_c <-- E1M_42191d41d959ef_c + amet_c + dtbt_c	0.0	0.0	0.0	0.0
E1R00196	E1_candidate	E1R00196	iML1515:S2FE2SR	E1M_6a445079716504_c + E1M_77834cdf2bf848_c + E1M_e64ee98bbc6788_c + atp_c + h2o_c --> E1M_6c4f9d9ce73f7f_c + E1M_85d7a95a3ffd90_c + adp_c + 5.0 h_c + pi_c	0.0	0.0	0.0	0.0
E1R00197	E1_candidate	E1R00197	iJN1463:I2FE2SR;iML1515:I2FE2SR	E1M_031b9b5d9b7806_c + E1M_77834cdf2bf848_c + E1M_87e936fb87ed98_c --> E1M_cd3330afbb89ce_c + E1M_fe1cfb8e8972de_c + 4.0 h_c	0.0	0.0	0.0	0.0
E1R00198	E1_candidate	E1R00198	iJN1463:LIPOS;iML1515:LIPOS	E1M_42191d41d959ef_c + 2.0 E1M_8d775042794fad_c + E1M_bd80d2d22c171a_c + 2.0 fe2_c + 2.0 met_DASH_L_c + nadh_c <-- E1M_527eee5fc2c6c5_c + E1M_7f41f5b84f1255_c + 2.0 amet_c + h_c + nad_c	0.0	0.0	0.0	0.0
E1R00199	E1_candidate	E1R00199	iJN1463:I2FE2ST;iML1515:I2FE2ST	E1M_42191d41d959ef_c + E1M_87e936fb87ed98_c <-- E1M_fe1cfb8e8972de_c + 4.0 h_c	0.0	0.0	0.0	0.0
E1R00200	E1_candidate	E1R00200	iML1515:S2FE2ST	E1M_42191d41d959ef_c + E1M_e64ee98bbc6788_c <-- E1M_6c4f9d9ce73f7f_c + 4.0 h_c	0.0	0.0	0.0	0.0
E1R00201	E1_candidate	E1R00201	iML1515:GLCRAL	2h3oppan_c + pyr_c <-- E1M_ef039cb65a238e_c	-0.30549900563985644	0.0	-1000.0	0.0
E1R00202	E1_candidate	E1R00202	iCN1361:R_TSA_REDUCT_RXN_NADP	2h3oppan_c + h_c + nadph_c --> glyc_DASH_R_c + nadp_c	0.0	0.0	0.0	1000.0
E1R00203	E1_candidate	E1R00203	iCN1361:R_RXN0_305;iJN1463:HPYRI;iML1515:HPYRI	2h3oppan_c <=> E1M_f61061f62cb2a9_c	0.0	0.0	-3000.000000000001	2999.9999999999973
E1R00204	E1_candidate	E1R00204	iJN1463:TNTHAC2	E1M_5c24a05976d34a_c + E1M_ed2a7adf68855e_c --> E1M_2fb3512a27c6f0_c + E1M_57a2ccfe69aaab_c + h2o_c	0.0	0.0	0.0	0.0
E1R00205	E1_candidate	E1R00205	iJN1463:TNTR2x	E1M_ed2a7adf68855e_c + h2o_c + 2.0 nad_c <-- E1M_513ec1974671da_c + h_c + 2.0 nadh_c	0.0	0.0	0.0	0.0
E1R00206	E1_candidate	E1R00206	iJN1463:TNTR2	E1M_ed2a7adf68855e_c + h2o_c + 2.0 nadp_c <-- E1M_513ec1974671da_c + h_c + 2.0 nadph_c	0.0	0.0	0.0	0.0
E1R00207	E1_candidate	E1R00207	iCN1361:R_2_hydroxybutyrate_NAD_oxidoreductase_RXN	E1M_56b07bae1e2ba0_c + nad_c <=> 2obut_c + h_c + nadh_c	0.0	0.0	0.0	0.0
E1R00208	E1_candidate	E1R00208	iJN1463:4OD2	E1M_e7f1ec9bb62516_c + co2_c <-- E1M_5629face37ca51_c + h_c	0.0	0.0	0.0	0.0
E1R00209	E1_candidate	E1R00209	iJN1463:OP4ENH2	E1M_e7f1ec9bb62516_c + h2o_c --> E1M_1fb85c2b44971a_c	0.0	0.0	0.0	0.0
E1R00210	E1_candidate	E1R00210	iJN1463:HMSH2	E1M_e7f1ec9bb62516_c + for_c + h_c <-- E1M_c6147ad7e9da9c_c + h2o_c	0.0	0.0	0.0	0.0
E1R00211	E1_candidate	E1R00211	iML1515:LPLIPAL2A161	E1M_69de0d5696a2df_c + h2o_c --> E1M_27ab7659ef3699_c + glyc3p_c + 2.0 h_c	0.0	0.0	0.0	0.0
E1R00212	E1_candidate	E1R00212	iML1515:LPLIPAL2A160	E1M_c122c2a6cad9cf_c + h2o_c --> E1M_c636fb00cabd85_c + glyc3p_c + 2.0 h_c	0.0	0.0	0.0	0.0
E1R00213	E1_candidate	E1R00213	iJN1463:HMSD	E1M_6e76b76088de3b_c + 3.0 h_c + nadh_c <-- E1M_838e5fcda80b8c_c + h2o_c + nad_c	0.0	0.0	-679.523986141561	0.0
E1R00214	E1_candidate	E1R00214	iJN1463:4OT	E1M_6e76b76088de3b_c <=> E1M_5302ef788d90f4_c	0.0	0.0	0.0	679.5239861415623
E1R00215	E1_candidate	E1R00215	iCN1361:R_RXN_8529	E1M_6e76b76088de3b_c <=> E1M_9551ca87b7cc81_c	0.0	0.0	0.0	679.5239861415622
E1R00216	E1_candidate	E1R00216	iCN1361:R_CATECHOL_23_DIOXYGENASE_RXN	E1M_838e5fcda80b8c_c + h_c <-- E1M_5be41ea96c2055_c + o2_c	0.0	0.0	-679.5239861415632	0.0
E1R00217	E1_candidate	E1R00217	iJN1463:CAT23DOX	E1M_838e5fcda80b8c_c <-- E1M_5be41ea96c2055_c + o2_c	0.0	0.0	-679.5239861415574	0.0
E1R00218	E1_candidate	E1R00218	iJN1463:HMSH	E1M_838e5fcda80b8c_c + h2o_c --> E1M_b3ce4091b2224c_c + for_c + 2.0 h_c	0.0	0.0	0.0	679.523986141561
E1R00219	E1_candidate	E1R00219	iML1515:2HPTCOAT	E1M_ac0bb6a7cfa249_c + coa_c <-- E1M_862d4324175b9e_c + h2o_c	0.0	0.0	0.0	0.0
E1R00220	E1_candidate	E1R00220	iCN1361:R_RXN_12252	E1M_46d0727d2bcc68_c + E1M_ed4754ee1d38cd_c + h_c <-- E1M_cffdd530ac7b54_c + h2o_c	0.0	0.0	0.0	0.0
E1R00221	E1_candidate	E1R00221	iCN1361:R_RXN_10815	E1M_e06072b7022970_c + co2_c <-- o2_c + phpyr_c	0.0	0.0	0.0	0.0
E1R00222	E1_candidate	E1R00222	iJN1463:IPPMIa;iML1515:IPPMIa	E1M_aa5d1b04d5a1bb_c + h2o_c <=> 3c2hmp_c	0.0	0.0	-999.9601615638663	1999.9679683350582
E1R00223	E1_candidate	E1R00223	iJN1463:IPPMIb;iML1515:IPPMIb	E1M_aa5d1b04d5a1bb_c + h2o_c <=> 3c3hmp_c	0.0	0.0	-1999.9679683350637	999.9601615638661
E1R00224	E1_candidate	E1R00224	iJN1463:DAAD4	2kmb_c + fadh2_c + nh4_c <-- E1M_d3596fbb63b8ae_c + fad_c + h2o_c	0.0	0.0	-999.9999999999999	0.0
E1R00225	E1_candidate	E1R00225	iJN1463:HACD9	E1M_f4b3af70eb3722_c + h_c + nadh_c <=> E1M_04cc72a08b3225_c + nad_c	0.0	0.0	-999.9773467716105	0.0
E1R00226	E1_candidate	E1R00226	iCN1361:R_METHYLACETOACETYLCOATHIOL_RXN;iJN1463:MACCOAT	E1M_f4b3af70eb3722_c + coa_c <=> accoa_c + ppcoa_c	0.0	0.0	-6.015651970329631e-13	999.9773467716122
E1R00227	E1_candidate	E1R00227	iML1515:2MAHMP	2mahmp_c + h2o_c --> 4ampm_c + h_c + pi_c	0.0	0.0	0.0	999.9999984377085
E1R00228	E1_candidate	E1R00228	iCN1361:R_RXN_12611	2mahmp_c + E1M_5eb01ca83ecf25_c + 2.0 h_c <=> co2_c + ppi_c + thmmp_c	2.6870241347433726e-06	1.5622916130822105e-06	1.3540032855087978e-19	2.687024109032229e-06
E1R00229	E1_candidate	E1R00229	iCN1361:R_RXN_12610	2mahmp_c + E1M_78258c13ce5e42_c + 2.0 h_c <=> co2_c + ppi_c + thmmp_c	0.0	0.0	0.0	0.0
E1R00230	E1_candidate	E1R00230	iJN1463:ACOADH1	E1M_68a96a3c7f3251_c + fadh2_c <-- E1M_2390067e350f0a_c + fad_c	0.0	0.0	-999.9773467716113	0.0
E1R00231	E1_candidate	E1R00231	iCN1361:R_TIGLYLCOA_HYDROXY_RXN;iJN1463:ECOAH9ir	E1M_68a96a3c7f3251_c + h2o_c --> E1M_04cc72a08b3225_c	0.0	0.0	6.162309985257459e-13	999.9773467716617
E1R00232	E1_candidate	E1R00232	iCN1361:R_RXN_14266	E1M_68a96a3c7f3251_c + h2o_c <-- E1M_ce344ed8eb9e53_c	0.0	0.0	0.0	0.0
E1R00233	E1_candidate	E1R00233	iCN1361:R_RXN_7694	E1M_5cc104f47f51cb_c + h_c + nadh_c <-- E1M_81fd5cb82aaec0_c + nad_c	0.0	0.0	0.0	0.0
E1R00234	E1_candidate	E1R00234	iJN1463:OIVD3	E1M_2390067e350f0a_c + co2_c + nadh_c <-- 3mop_c + coa_c + nad_c	0.0	0.0	-999.9773467716084	-1.231612622405025e-13
E1R00235	E1_candidate	E1R00235	iCN1361:R_2_METHYLCITRATE_DEHYDRATASE_RXN;iJN1463:MCITD;iML1515:MCITD	E1M_260075f5df812b_c + h2o_c <=> E1M_d3bb3ce418b375_c	-0.10708113619845543	0.0	-4000.1104753850855	1000.0000000000002
E1R00236	E1_candidate	E1R00236	iCN1361:R_42199_RXN;iJN1463:MICITDr;iML1515:MICITDr	E1M_260075f5df812b_c + h2o_c <=> E1M_d4604ad6253c22_c	0.10708113619845544	0.0	-1000.0000000000003	4000.1104753850855
E1R00237	E1_candidate	E1R00237	iCN1361:R_2_METHYLCITRATE_SYNTHASE_RXN;iJN1463:MCITS;iML1515:MCITS	E1M_d3bb3ce418b375_c + coa_c + h_c <=> h2o_c + oaa_c + ppcoa_c	-0.10708113619845543	0.0	-4000.1104753851473	1000.0
E1R00238	E1_candidate	E1R00238	iJN1463:MEPCT_1	2me4p_c + ctp_c --> 4c2me_c + ppi_c	4.433589822330032e-05	2.5777811615876442e-05	0.0	4.4335896041075026e-05
E1R00239	E1_candidate	E1R00239	iCN1361:R_RXN0_882	2mecdp_c + 2.0 E1M_f9eec68dbd52b9_c + h_c --> 2.0 E1M_f71f64bb1684b1_c + h2mb4p_c + h2o_c	4.4335898223300306e-05	-2.9304772541923512e-21	0.0	4.4335894986495344e-05
E1R00240	E1_candidate	E1R00240	iJN1463:MECDPDH5;iML1515:MECDPDH5	2mecdp_c + 2.0 E1M_91b94cf82609d2_c + h_c --> 2.0 E1M_04a80e309b35fc_c + h2mb4p_c + h2o_c	0.0	0.0	0.0	4.4335894986495344e-05
E1R00241	E1_candidate	E1R00241	iCN1361:R_METHYLACYLYLCOA_HYDROXY_RXN;iJN1463:ECOAH12	E1M_2a0aa44fb8d9f9_c + h2o_c --> E1M_fc7e7350f897fa_c	0.0	0.0	0.0	999.9281298991048
E1R00242	E1_candidate	E1R00242	iJN1463:ACOADH2	2.0 E1M_2a0aa44fb8d9f9_c + 2.0 h2o_c <-- 2.0 E1M_dcf6d1317d17a0_c + o2_c	0.0	0.0	-499.9640649494612	0.0
E1R00243	E1_candidate	E1R00243	iCN1361:R_RXN_13671	E1M_6526a0707f8950_c + coa_c + nad_c --> E1M_dcf6d1317d17a0_c + h_c + nadh_c	0.0	0.0	0.0	0.0
E1R00244	E1_candidate	E1R00244	iCN1361:R_RXN_7657	E1M_6526a0707f8950_c + h_c + nadh_c <=> E1M_ac934890016ae9_c + nad_c	0.0	0.0	0.0	0.0
E1R00245	E1_candidate	E1R00245	iJN1463:METGL	2obut_c + E1M_2e759a89dc98cd_c + nh4_c <-- h2o_c + met_DASH_L_c	-0.14604298615223432	0.0	-999.9589101682852	0.0
E1R00246	E1_candidate	E1R00246	iCN1361:R_RXN_7790;iJN1463:OBDHc	2obut_c + coa_c + nad_c --> co2_c + nadh_c + ppcoa_c	0.0	0.0	0.0	1999.9362569400566
E1R00247	E1_candidate	E1R00247	iML1515:OBTFL	2obut_c + coa_c --> for_c + ppcoa_c	0.10708113619845541	0.0	0.0	1000.0
E1R00248	E1_candidate	E1R00248	iJN1463:CYSTGL	2obut_c + cys_DASH_L_c + nh4_c <-- E1M_38bcb7cc258bd0_c + h2o_c	0.0	0.0	-999.9589101682841	0.0
E1R00249	E1_candidate	E1R00249	iML1515:LPLIPAL2A181	E1M_77e9b6dc421330_c + h2o_c --> E1M_e53aef644d0bd7_c + glyc3p_c + 2.0 h_c	0.0	0.0	0.0	0.0
E1R00250	E1_candidate	E1R00250	iML1515:LPLIPAL2A180	E1M_d97a83ff4e7065_c + h2o_c --> E1M_5cb95c7bcf69ec_c + glyc3p_c + 2.0 h_c	0.0	0.0	0.0	0.0
E1R00251	E1_candidate	E1R00251	iCN1361:R_2_OCTAPRENYLPHENOL_HYDROX_RXN_AN;iML1515:OPHHX3	2ohph_c + 2.0 adp_c + 3.0 h_c + nadh_c + 2.0 pi_c <-- 2oph_c + 2.0 atp_c + 3.0 h2o_c + nad_c	0.0	0.0	-2.687023861974922e-06	0.0
E1R00252	E1_candidate	E1R00252	iCN1361:R_2_OCTAPRENYLPHENOL_HYDROX_RXN;iML1515:OPHHXy	2ohph_c + h2o_c + nadp_c <-- 2oph_c + h_c + nadph_c + o2_c	-2.6870241347431985e-06	0.0	-2.687023743399966e-06	0.0
E1R00253	E1_candidate	E1R00253	iCN1361:R_RXN_14177	2ombz_c + amet_c --> E1M_06ee1c149c1505_c + ahcys_c + h_c	0.0	0.0	0.0	0.0
E1R00254	E1_candidate	E1R00254	iCN1361:R_2_OCTAPRENYL_METHOXY_BENZOQ_METH_RXN;iJN1463:OMBZLM;iML1515:OMBZLM	E1M_24a056bf7025c3_c + amet_c --> E1M_107616649f35ec_c + ahcys_c + h_c	2.687024134743198e-06	1.5622916130853956e-06	0.0	2.6870243903741662e-06
E1R00255	E1_candidate	E1R00255	iCN1361:R_2_OCTAPRENYL_6_METHOXYPHENOL_HYDROX_RXN_AN	E1M_24a056bf7025c3_c + 2.0 adp_c + 3.0 h_c + nadh_c + 2.0 pi_c <-- 2omph_c + 2.0 atp_c + 3.0 h2o_c + nad_c	0.0	0.0	-2.687023743434631e-06	0.0
E1R00256	E1_candidate	E1R00256	iCN1361:R_2_OCTAPRENYL_6_METHOXYPHENOL_HYDROX_RXN;iML1515:OMPHHXy	E1M_24a056bf7025c3_c + h2o_c + nadp_c <-- 2omph_c + h_c + nadph_c + o2_c	0.0	0.0	-2.6870236128812378e-06	0.0
E1R00257	E1_candidate	E1R00257	iJN1463:OMPHHX	E1M_24a056bf7025c3_c <-- 2omph_c + 0.5 o2_c	-2.6870241347431977e-06	-1.562291613085396e-06	-2.6870236131187547e-06	0.0
E1R00258	E1_candidate	E1R00258	iJN1463:4OT2	E1M_5629face37ca51_c <=> E1M_d1284b01257330_c	0.0	0.0	0.0	0.0
E1R00259	E1_candidate	E1R00259	iCN1361:R_OCTAPRENYL_METHYL_METHOXY_BENZOQ_OH_RXN_AN;iML1515:OMMBLHX3	E1M_ec555bd7bf2c65_c + 2.0 adp_c + 3.0 h_c + nadh_c + 2.0 pi_c <-- E1M_107616649f35ec_c + 2.0 atp_c + 3.0 h2o_c + nad_c	0.0	0.0	-2.687023815316097e-06	0.0
E1R00260	E1_candidate	E1R00260	iCN1361:R_OCTAPRENYL_METHYL_METHOXY_BENZOQ_OH_RXN;iML1515:OMMBLHXy	E1M_ec555bd7bf2c65_c + h2o_c + nadp_c <-- E1M_107616649f35ec_c + h_c + nadph_c + o2_c	0.0	0.0	-2.6870238153152262e-06	0.0
E1R00261	E1_candidate	E1R00261	iJN1463:DMQMT;iML1515:DMQMT	E1M_ec555bd7bf2c65_c + amet_c --> ahcys_c + h_c + q8h2_c	2.687024134743198e-06	0.0	0.0	2.687024368590952e-06
E1R00262	E1_candidate	E1R00262	iCN1361:R_RXN_9229	E1M_ec555bd7bf2c65_c + amet_c --> E1M_4374377df80c78_c + ahcys_c + h_c	0.0	1.5622916130853958e-06	0.0	2.687024368563114e-06
E1R00263	E1_candidate	E1R00263	iJN1463:OMMBLHX	E1M_ec555bd7bf2c65_c <-- E1M_107616649f35ec_c + 0.5 o2_c	-2.687024134743198e-06	-1.5622916130853958e-06	-2.6870238153729257e-06	0.0
E1R00264	E1_candidate	E1R00264	iJN1463:AATA	E1M_f28003e2b012b1_c + glu_DASH_L_c <=> E1M_67cf23c4e567a3_c + akg_c	0.0	0.0	-999.9589101682892	0.0
E1R00265	E1_candidate	E1R00265	iJN1463:OXOADLR	E1M_2d5e063dd7723c_c + E1M_f28003e2b012b1_c + h_c --> E1M_a512d39cfc0e3f_c + co2_c	0.0	0.0	0.0	999.958910168288
E1R00266	E1_candidate	E1R00266	iJN1463:OXCOAHDH;iML1515:OXCOAHDH	E1M_0aa205f594d48d_c + 2.0 h2o_c + nadp_c --> E1M_21af760b46baf5_c + 2.0 h_c + nadph_c	0.0	0.0	0.0	1760.9740954454658
E1R00267	E1_candidate	E1R00267	iCN1361:R_RXNMETA_12671	E1M_0aa205f594d48d_c + h2o_c <=> E1M_9ff9e6e68b8c2f_c	0.0	0.0	-1000.0	760.9740954459273
E1R00268	E1_candidate	E1R00268	iCN1361:R_RXN0_6510;iJN1463:REPHACCOAI;iML1515:REPHACCOAI	E1M_0aa205f594d48d_c <=> E1M_62766647992dc6_c	0.0	0.0	-760.9740954465344	-4.267140984415031e-11
E1R00269	E1_candidate	E1R00269	iML1515:GLYCK2	2pg_c + adp_c + h_c <-- atp_c + glyc_DASH_R_c	0.0	0.0	-1000.0	0.0
E1R00270	E1_candidate	E1R00270	iCN1361:R_RXN_7700	E1M_1b978cb3eb5da0_c + nad_c --> E1M_38eb18abbd94f1_c + h_c + nadh_c	0.0	0.0	0.0	0.0
E1R00271	E1_candidate	E1R00271	iJN1463:2PQQS	E1M_64cc3c612403bc_c + h2o_c <=> E1M_41528034725917_c	0.0	0.0	0.0	0.0
E1R00272	E1_candidate	E1R00272	iJN1463:4POPCOAM3	E1M_91c00da22328c4_c + h2o_c --> E1M_9f9c379cb9c885_c	0.0	0.0	0.0	0.0
E1R00273	E1_candidate	E1R00273	iJN1463:4POPCOAM2	E1M_91c00da22328c4_c <=> E1M_0c65cbb8fd55fe_c	0.0	0.0	0.0	0.0
E1R00274	E1_candidate	E1R00274	iCN1361:R_RXN_2364	E1M_dc3d5353031306_c + pi_c --> E1M_3aa18c67d5e007_c + h_c + so3_c	0.0	0.0	0.0	0.0
E1R00275	E1_candidate	E1R00275	iML1515:SHCHCS3	E1M_f63baebf23ad82_c --> E1M_0b181c3428fc25_c + pyr_c	0.0	-5.446672000542299e-22	0.0	0.0
E1R00276	E1_candidate	E1R00276	iML1515:SEPHCHCS	E1M_f63baebf23ad82_c + co2_c <-- E1M_609d2e1a91ed09_c + akg_c + h_c	0.0	5.446672000542301e-22	0.0	0.0
E1R00277	E1_candidate	E1R00277	iML1515:SUCBZS	E1M_0b181c3428fc25_c --> E1M_3af0302c9d6843_c + h2o_c	0.0	-5.4466720005423e-22	0.0	0.0
E1R00278	E1_candidate	E1R00278	iML1515:LPLIPAL2A141	E1M_131cca3b2d8fb4_c + h2o_c --> E1M_1e2587d5b02594_c + glyc3p_c + 2.0 h_c	0.0	0.0	0.0	0.0
E1R00279	E1_candidate	E1R00279	iML1515:LPLIPAL2A140	E1M_69a815d0c1efaa_c + h2o_c --> E1M_e33b14dedfde2c_c + glyc3p_c + 2.0 h_c	0.0	0.0	0.0	0.0
E1R00280	E1_candidate	E1R00280	iML1515:TPRDCOAS	E1M_bceb4e4fe86ea6_c + ade_c <-- atp_c + dpcoa_c	0.0	0.0	0.0	0.0
E1R00281	E1_candidate	E1R00281	iML1515:LYSAM	lys_DASH_L_c <=> E1M_725172086bfff9_c	0.0	0.0	0.0	0.0
E1R00282	E1_candidate	E1R00282	iJN1463:LYSMO	lys_DASH_L_c + o2_c --> E1M_64f2b2010cbb28_c + co2_c + h2o_c + h_c	0.0	0.0	0.0	999.9589101682847
E1R00283	E1_candidate	E1R00283	iJN1463:LYSTRS	E1M_718fdfa1301cc5_c + atp_c + lys_DASH_L_c --> E1M_fc9fb93233f4a3_c + amp_c + ppi_c	0.0	0.0	0.0	0.0
E1R00284	E1_candidate	E1R00284	iML1515:FRULYSDG	E1M_c3edf194a05839_c + lys_DASH_L_c <=> E1M_73e49e1fbe59d8_c + h2o_c	0.0	0.0	0.0	0.0
E1R00285	E1_candidate	E1R00285	iJN1463:LYSRC	lys_DASH_L_c <=> E1M_1cf1e48129fdbe_c	0.0	0.0	0.0	999.9589101682816
E1R00286	E1_candidate	E1R00286	iJN1463:VNDH_3	E1M_b405c07fb6b8b6_c + h2o_c + nad_c --> E1M_14ae229f83f806_c + 2.0 h_c + nadh_c	0.0	0.0	0.0	0.0
E1R00287	E1_candidate	E1R00287	iJN1463:CACOAHA	E1M_b405c07fb6b8b6_c + accoa_c <-- E1M_32741f0ecbc035_c + h2o_c	0.0	0.0	0.0	0.0
E1R00288	E1_candidate	E1R00288	iJN1463:DHSKDH	E1M_14ae229f83f806_c + h2o_c <-- 3dhsk_c	0.0	0.0	-999.8470107189045	0.0
E1R00289	E1_candidate	E1R00289	iCN1361:R_4_HYDROXYBENZOATE_3_MONOOXYGENASE_RXN;iJN1463:4HBHYOX	E1M_14ae229f83f806_c + h2o_c + nadp_c <-- 4hbz_c + h_c + nadph_c + o2_c	0.0	0.0	-679.5239861415394	0.0
E1R00290	E1_candidate	E1R00290	iCN1361:R_RXN_2	5mthf_c + E1M_14ae229f83f806_c <=> E1M_c4fd6cf8ea10d1_c + thf_c	0.0	0.0	0.0	1000.0
E1R00291	E1_candidate	E1R00291	iCN1361:R_PROTOCATECHUATE_34_DIOXYGENASE_RXN;iJN1463:PCADYOX	E1M_14ae229f83f806_c + o2_c --> E1M_5829aa149b3257_c + 2.0 h_c	0.0	0.0	0.0	999.8470107175463
E1R00292	E1_candidate	E1R00292	iJN1463:VNTDM	E1M_14ae229f83f806_c + E1M_bbbefe822f9f76_c + h2o_c + nad_c <-- E1M_c4fd6cf8ea10d1_c + h_c + nadh_c + o2_c	0.0	0.0	-1000.0000000000001	0.0
E1R00293	E1_candidate	E1R00293	iJN1463:CAFFCOA	E1M_1e1d7027c481ff_c + atp_c + coa_c --> E1M_32741f0ecbc035_c + amp_c + ppi_c	0.0	0.0	0.0	0.0
E1R00294	E1_candidate	E1R00294	iCN1361:R_RXN_10912	E1M_3892d44970ee33_c + h2o_c + nad_c --> E1M_b39a7fffee484a_c + 2.0 h_c + nadh_c	0.0	0.0	0.0	0.0
E1R00295	E1_candidate	E1R00295	iCN1361:R_RXN_10911	E1M_3892d44970ee33_c + h_c + nadh_c <-- E1M_d46ba76fd1f4f4_c + nad_c	0.0	0.0	0.0	0.0
E1R00296	E1_candidate	E1R00296	iCN1361:R_RXN_10908	E1M_3892d44970ee33_c + E1M_de233406107371_c + h2o2_c <-- E1M_d9298b596c7c7a_c + h2o_c + o2_c	0.0	0.0	0.0	0.0
E1R00297	E1_candidate	E1R00297	iCN1361:R_RXN_10907	E1M_3892d44970ee33_c + h2o2_c + nh4_c <-- E1M_caafb316e3159a_c + h2o_c + o2_c	0.0	0.0	0.0	0.0
E1R00298	E1_candidate	E1R00298	iCN1361:R_RXN6666_5	E1M_8041a8406489ae_c + h2o_c + nad_c <=> E1M_7d6497f8683655_c + 2.0 h_c + nadh_c	0.0	0.0	0.0	0.0
E1R00299	E1_candidate	E1R00299	iCN1361:R_RXN6666_4	E1M_8041a8406489ae_c + h2o2_c + nh4_c <-- E1M_f3fcddb94deb6d_c + h2o_c + o2_c	0.0	0.0	0.0	0.0
E1R00300	E1_candidate	E1R00300	iML1515:HPACOAT	E1M_7d6497f8683655_c + coa_c + h_c <-- E1M_41bc1a18549314_c + h2o_c	0.0	0.0	0.0	0.0
E1R00301	E1_candidate	E1R00301	iCN1361:R_RXN_8505	E1M_7d6497f8683655_c + fad_c + h2o_c <-- E1M_485d20b3542557_c + fadh2_c + o2_c	0.0	0.0	0.0	0.0
E1R00302	E1_candidate	E1R00302	iCN1361:R_1131115_RXN	E1M_7d6497f8683655_c + o2_c --> E1M_52ba42fb143044_c + h_c	0.0	0.0	0.0	0.0
E1R00303	E1_candidate	E1R00303	iJN1463:3HLYTCL	E1M_bcb2a6502cc2ce_c + h_c --> E1M_f3fcddb94deb6d_c + co2_c	0.0	0.0	0.0	0.0
E1R00304	E1_candidate	E1R00304	iCN1361:R_4_HYDROXYPHENYLPYRUVATE_DIOXYGENASE_RXN;iJN1463:34HPPOR	34hpp_c + o2_c --> E1M_405c125c5ec01a_c + co2_c	0.0	0.0	0.0	679.5239861400191
E1R00305	E1_candidate	E1R00305	iJN1463:DAAD11	34hpp_c + fadh2_c + nh4_c <-- E1M_88957e40600293_c + fad_c + h2o_c	0.0	0.0	0.0	0.0
E1R00306	E1_candidate	E1R00306	iJN1463:PDE4;iML1515:PDE4	E1M_8ffb33768113a7_c + h2o_c --> gmp_c + h_c	0.0	0.0	0.0	999.989054584959
E1R00307	E1_candidate	E1R00307	iJN1463:GUACYC;iML1515:GUACYC	E1M_8ffb33768113a7_c + ppi_c <-- gtp_c	0.0	0.0	-999.9890545849585	0.0
E1R00308	E1_candidate	E1R00308	iJN1463:TNTHAC1	E1M_2fb3512a27c6f0_c + E1M_ec4078a9c6e837_c + h2o_c <-- E1M_58b86455abd871_c + E1M_5c24a05976d34a_c	0.0	0.0	0.0	0.0
E1R00309	E1_candidate	E1R00309	iJN1463:BUP	E1M_78e5143a3e001c_c + co2_c + nh4_c <-- E1M_eeb4f3256fe16c_c + h2o_c + 2.0 h_c	0.0	0.0	-999.976582498553	0.0
E1R00310	E1_candidate	E1R00310	iJN1463:3AIBT2	E1M_78e5143a3e001c_c + pyr_c <=> E1M_12d45d7268c0ce_c + ala_DASH_L_c	0.0	0.0	3.2113866999832136e-11	999.9765824985552
E1R00311	E1_candidate	E1R00311	iML1515:3AMACHYD	E1M_63c7b2065f3872_c + h2o_c + h_c --> E1M_bc112a56b262a9_c + nh4_c	0.0	0.0	-7.103903473435632e-13	999.9765824986641
E1R00312	E1_candidate	E1R00312	iML1515:POAACR	E1M_63c7b2065f3872_c + h2o_c + nad_c <-- E1M_e9d0642902d624_c + nadh_c	0.0	0.0	-999.9765824985528	0.0
E1R00313	E1_candidate	E1R00313	iCN1361:R_RXN_13158	3c2hmp_c + nad_c --> 4mop_c + co2_c + nadh_c	0.068519115435956	0.039838436133596354	0.0	999.9679683352784
E1R00314	E1_candidate	E1R00314	iML1515:3KGK	E1M_a28abd5f080c72_c + atp_c --> E1M_25b64a30955121_c + adp_c + h_c	0.0	0.0	0.0	0.0
E1R00315	E1_candidate	E1R00315	iML1515:ASCBPL	E1M_25b64a30955121_c + h_c <-- E1M_1206719e6d9a11_c + h2o_c	0.0	0.0	0.0	0.0
E1R00316	E1_candidate	E1R00316	iML1515:KG6PDC	E1M_25b64a30955121_c + h_c --> E1M_ec7ee6a3addf38_c + co2_c	0.0	0.0	0.0	0.0
E1R00317	E1_candidate	E1R00317	iJN1463:QUIDHy	3dhq_c + h_c + nadph_c <=> E1M_e3dae2f7763298_c + nadp_c	0.0	1.8013329576195585	0.0	2000.0
E1R00318	E1_candidate	E1R00318	iML1515:QUINDH	3dhq_c + 2.0 h_c + nadh_c <-- E1M_e3dae2f7763298_c + nad_c	0.0	-1.8013329576195585	-1000.0	0.0
E1R00319	E1_candidate	E1R00319	iML1515:QUINDHyi	3dhq_c + 2.0 h_c + nadph_c <-- E1M_e3dae2f7763298_c + nadp_c	0.0	0.0	-1000.0	0.0
E1R00320	E1_candidate	E1R00320	iCN1361:R_119925_RXN;iJN1463:QUIDH	3dhq_c + E1M_e67a88bd94edfc_c <-- E1M_3645c369818126_c + E1M_e3dae2f7763298_c	0.0	0.0	0.0	0.0
E1R00321	E1_candidate	E1R00321	iML1515:FESR	E1M_444192660fa3d3_c + fe2_c --> E1M_7f41f5b84f1255_c	0.0	0.0	0.0	1000.0
E1R00322	E1_candidate	E1R00322	iML1515:FESD1s	2.0 E1M_444192660fa3d3_c + 2.0 fe3_c + 2.0 h2o_c <-- 2.0 E1M_7f41f5b84f1255_c + h2o2_c + 2.0 h_c	0.0	0.0	-500.0	0.0
E1R00323	E1_candidate	E1R00323	iML1515:FESD2s	2.0 E1M_444192660fa3d3_c + E1M_acb3b3cd8da24e_c + 2.0 fe3_c + h2o_c <-- 2.0 E1M_7f41f5b84f1255_c + 2.0 E1M_8d84b5332d6b1a_c + 2.0 h_c	0.0	0.0	0.0	0.0
E1R00324	E1_candidate	E1R00324	iJN1463:HATBH	E1M_44a36313fb9c26_c + coa_c + h_c <-- E1M_cf325b0b077fc5_c + h2o_c	0.0	0.0	0.0	0.0
E1R00325	E1_candidate	E1R00325	iJN1463:ECOAH24	E1M_cf325b0b077fc5_c <=> E1M_0bb93e22328ab5_c + h2o_c	0.0	0.0	0.0	0.0
E1R00326	E1_candidate	E1R00326	iJN1463:HACD19i	E1M_75c4786ed95e1f_c + nad_c --> E1M_7a95732b24b731_c + h_c + nadh_c	0.0	0.0	0.0	999998.9999999995
E1R00327	E1_candidate	E1R00327	iJN1463:ECOAH23	E1M_75c4786ed95e1f_c <=> E1M_ce719587b07375_c + h2o_c	0.0	0.0	-999998.9999999997	0.0
E1R00328	E1_candidate	E1R00328	iJN1463:3OAR40;iML1515:3OAR40	E1M_10cbf635e91906_c + nadp_c <=> actACP_c + h_c + nadph_c	0.0	2.4768596633940885e-34	-1500.0000000000002	0.0
E1R00329	E1_candidate	E1R00329	iJN1463:3HAD40;iML1515:3HAD40	E1M_10cbf635e91906_c --> but2eACP_c + h2o_c	0.0	-2.476859663394088e-34	0.0	1500.0
E1R00330	E1_candidate	E1R00330	iCN1361:R_CARPCOA_ENOYLCOA_HYDRATASE_RXN	E1M_06339e2bff1cef_c <-- E1M_25d2853aea9e2a_c + h2o_c	0.0	0.0	0.0	0.0
E1R00331	E1_candidate	E1R00331	iCN1361:R_RXN0_6513	E1M_06339e2bff1cef_c <-- E1M_883f56be9b5b68_c + h2o_c	0.0	0.0	-760.9740954446465	0.0
E1R00332	E1_candidate	E1R00332	iCN1361:R_RXN0_2044;iJN1463:HADPCOADH3;iML1515:HADPCOADH3	E1M_06339e2bff1cef_c + nad_c <=> E1M_7cb19c7033bf51_c + h_c + nadh_c	0.0	0.0	-3.1393454370768734e-11	760.9740954443248
E1R00333	E1_candidate	E1R00333	iCN1361:R_3_HYDROXY_KYNURENINASE_RXN	E1M_763b3ea916b27e_c + ala_DASH_L_c + h_c <=> E1M_ae1ed6f652540f_c + h2o_c	0.0	0.0	0.0	0.0
E1R00334	E1_candidate	E1R00334	iJN1463:ASP3H	E1M_f29775086a440a_c + co2_c + succ_c <-- akg_c + asp_DASH_L_c + o2_c	0.0	0.0	0.0	0.0
E1R00335	E1_candidate	E1R00335	iJN1463:HBCE	E1M_7a0aa1686dffab_c <=> E1M_0eb7bfbff0b46e_c	0.0	0.0	-999999.0	999999.0
E1R00336	E1_candidate	E1R00336	iCN1361:R_RXN_11662;iJN1463:HACD1i;iML1515:HACD1	E1M_7a0aa1686dffab_c + nad_c <=> E1M_03fe5f2152dd35_c + h_c + nadh_c	-0.025553599521409506	0.0	-1000.0	3666.8007857554367
E1R00337	E1_candidate	E1R00337	iCN1361:R_RXN_11667;iJN1463:ECOAH1;iML1515:ECOAH1	E1M_7a0aa1686dffab_c <=> E1M_9d9ed559aa7404_c + h2o_c	0.0255535995214095	0.0	-999999.0	999999.0
E1R00338	E1_candidate	E1R00338	iJN1463:ACSPHAC40	E1M_0eb7bfbff0b46e_c + amp_c + ppi_c <-- E1M_5451e5af795cbd_c + atp_c + coa_c	0.0	0.0	-10978.83175099024	0.0
E1R00339	E1_candidate	E1R00339	iJN1463:HBCHLR	E1M_0eb7bfbff0b46e_c <=> E1M_9d9ed559aa7404_c + h2o_c	0.0	0.0	-999999.0	999999.0
E1R00340	E1_candidate	E1R00340	iJN1463:HBRCH	E1M_0eb7bfbff0b46e_c + h2o_c --> E1M_5451e5af795cbd_c + coa_c + h_c	0.0	0.0	0.0	9978.831751017222
E1R00341	E1_candidate	E1R00341	iJN1463:PHAPC40	E1M_0eb7bfbff0b46e_c + E1M_7a7a2add0a3c4d_c --> E1M_7b9a943b9eadaa_c + coa_c	0.0	0.0	0.0	9978.831751015421
E1R00342	E1_candidate	E1R00342	iML1515:3HBZCT	E1M_32a13bf6dd2f63_c + coa_c <-- E1M_a0262f6c5f9559_c + h2o_c	0.0	0.0	0.0	0.0
E1R00343	E1_candidate	E1R00343	iJN1463:3OAR121;iML1515:3OAR121	E1M_40a6974b4d140b_c + nadp_c <-- E1M_c9e179c634f59d_c + h_c + nadph_c	-0.00483664344253807	0.0	-1000.0000000000005	0.0
E1R00344	E1_candidate	E1R00344	iJN1463:3HAACOAT121	E1M_40a6974b4d140b_c + coa_c <=> ACP_c + E1M_39ec979c77035d_c	0.0	0.0	-1000.0000000000767	999.9999999999999
E1R00345	E1_candidate	E1R00345	iJN1463:3HAD121;iML1515:3HAD121	E1M_40a6974b4d140b_c --> E1M_cf537c1c80d944_c + h2o_c	0.00483664344253807	0.0	9.940124869276482e-14	999.9999999999272
E1R00346	E1_candidate	E1R00346	iML1515:3HCINNMH	E1M_8e408dce4995b1_c + h_c + nadh_c + o2_c --> E1M_6a70d3263f65ed_c + h2o_c + nad_c	0.0	0.0	0.0	0.0
E1R00347	E1_candidate	E1R00347	iJN1463:3OAR141;iML1515:3OAR141	E1M_c9e0c5a2ded534_c + nadp_c <-- E1M_f78d8ccec243ee_c + h_c + nadph_c	-0.00483664344253807	0.0	-1000.0000000000017	0.0
E1R00348	E1_candidate	E1R00348	iJN1463:3HAACOAT141	E1M_c9e0c5a2ded534_c + coa_c <=> ACP_c + E1M_3da04e7b2e0ad3_c	0.0	0.0	-7878.800090869669	1000.0000000001593
E1R00349	E1_candidate	E1R00349	iJN1463:3HAD141;iML1515:3HAD141	E1M_c9e0c5a2ded534_c --> E1M_6e8532e06d7108_c + h2o_c	0.004836643442538069	0.0	9.94216649063275e-13	7878.8000908802915
E1R00350	E1_candidate	E1R00350	iJN1463:3OAR161;iML1515:3OAR161	E1M_b27af250e0c028_c + nadp_c <-- E1M_0ef2e18b29c741_c + h_c + nadph_c	0.0	0.0	-999.9999999999852	0.0
E1R00351	E1_candidate	E1R00351	iJN1463:3HAD161;iML1515:3HAD161	E1M_b27af250e0c028_c --> E1M_6c4c0c64aded6f_c + h2o_c	0.0	0.0	4.963344301341999e-13	1000.0000000000005
E1R00352	E1_candidate	E1R00352	iJN1463:3OAR181;iML1515:3OAR181	E1M_ba31e6990a0408_c + nadp_c <-- E1M_b74d1ddf9a874c_c + h_c + nadph_c	0.0	0.0	-999.999999999892	0.0
E1R00353	E1_candidate	E1R00353	iJN1463:3HAD181;iML1515:3HAD181	E1M_ba31e6990a0408_c --> E1M_c0d9d480c1ebc3_c + h2o_c	0.0	0.0	3.040332380420114e-12	1000.0000000000007
E1R00354	E1_candidate	E1R00354	iCN1361:R_RXN_12490;iJN1463:HACD4i;iML1515:HACD4	E1M_8d42cd40f049f1_c + nad_c <=> E1M_447efb2f462c41_c + h_c + nadh_c	-0.02555359952140949	0.0	-1000.0	999999.0
E1R00355	E1_candidate	E1R00355	iCN1361:R_RXN_13616;iJN1463:ECOAH4;iML1515:ECOAH4	E1M_8d42cd40f049f1_c <=> E1M_860cb2e568740d_c + h2o_c	0.025553599521409485	2.3538415057630155e-18	-999999.0	1000.0000000000366
E1R00356	E1_candidate	E1R00356	iJN1463:HACD26i	E1M_c413db29e11663_c + nad_c --> E1M_07a8094a2b1f65_c + h_c + nadh_c	0.0	0.0	0.0	999999.0
E1R00357	E1_candidate	E1R00357	iJN1463:ECOAH31	E1M_c413db29e11663_c <=> E1M_75b8ce8302a3a2_c + h2o_c	0.0	0.0	-999999.0	0.0
E1R00358	E1_candidate	E1R00358	iJN1463:HACD32i	E1M_cf5f53de96a2b8_c + nad_c --> E1M_20d919aedd7a46_c + h_c + nadh_c	0.0	0.0	0.0	999998.9999999999
E1R00359	E1_candidate	E1R00359	iJN1463:ECOAH37	E1M_cf5f53de96a2b8_c <=> E1M_e52f70b8a1449f_c + h2o_c	0.0	0.0	-999999.0	0.0
E1R00360	E1_candidate	E1R00360	iJN1463:HACD23i	E1M_41616bec89eaec_c + nad_c --> E1M_039bc6721d1320_c + h_c + nadh_c	0.0	0.0	0.0	999999.0
E1R00361	E1_candidate	E1R00361	iJN1463:ECOAH28	E1M_41616bec89eaec_c <=> E1M_204536cb2f3521_c + h2o_c	0.0	0.0	-999999.0	0.0
E1R00362	E1_candidate	E1R00362	iJN1463:HACD5i;iML1515:HACD5	E1M_c3d045c68bed27_c + nad_c <=> E1M_7554bae46b2ef9_c + h_c + nadh_c	-0.02071695607887141	0.0	-1000.0	999999.0
E1R00363	E1_candidate	E1R00363	iJN1463:ECOAH5;iML1515:ECOAH5	E1M_c3d045c68bed27_c <=> E1M_e394eb62b32d23_c + h2o_c	0.020716956078871408	0.0	-999999.0	1000.0000000000318
E1R00364	E1_candidate	E1R00364	iJN1463:3HAACOAT120	3hddecACP_c + coa_c <=> ACP_c + E1M_2e7d3250350c1d_c	-0.020716956078871408	-0.012045268336863842	-1999.999999996743	1999.987954730528
E1R00365	E1_candidate	E1R00365	iJN1463:U23GAAT2_1	3hddecACP_c + E1M_1d1b5f9b251aad_c --> ACP_c + E1M_2854814d63b7d6_c + h_c	0.0	0.0	0.0	0.0
E1R00366	E1_candidate	E1R00366	iJN1463:HACD33i	E1M_eb85c656dc1433_c + nad_c --> E1M_68117e6e63a7bd_c + h_c + nadh_c	0.0	0.0	0.0	999998.9999999999
E1R00367	E1_candidate	E1R00367	iJN1463:ECOAH38	E1M_eb85c656dc1433_c <=> E1M_2d787fc5f1b0d8_c + h2o_c	0.0	0.0	-999998.9999999998	0.0
E1R00368	E1_candidate	E1R00368	iJN1463:3HAACOAT100	3hdecACP_c + coa_c <=> ACP_c + E1M_c995b19884565f_c	0.0	0.0	-1999.9999999998488	2000.000000000054
E1R00369	E1_candidate	E1R00369	iJN1463:UAGAAT2_1	3hdecACP_c + uacgam_c <=> ACP_c + E1M_17906ddca172c0_c	0.0	0.0	0.0	0.0
E1R00370	E1_candidate	E1R00370	iCN1361:R_RXN_9655	3hdecACP_c <=> E1M_2a556bf6fcba27_c + h2o_c	0.0	0.0	0.0	1000.0
E1R00371	E1_candidate	E1R00371	iJN1463:HACD2i;iML1515:HACD2	E1M_4e8c547aeaf0aa_c + nad_c <=> E1M_5f3d86f8b97cd5_c + h_c + nadh_c	-0.025553599521409502	0.0	-1000.0	999999.0
E1R00372	E1_candidate	E1R00372	iJN1463:ECOAH2;iML1515:ECOAH2	E1M_4e8c547aeaf0aa_c <=> E1M_3fa8b9e1632eee_c + h2o_c	0.025553599521409495	0.0	-999999.0000000001	1000.0000000000318
E1R00373	E1_candidate	E1R00373	iJN1463:HACD31i	E1M_44dc5fa7aee472_c + nad_c --> E1M_ed514f944e142b_c + h_c + nadh_c	0.0	0.0	0.0	999999.0
E1R00374	E1_candidate	E1R00374	iJN1463:ECOAH36	E1M_44dc5fa7aee472_c <=> E1M_cc94ce4ec93a2d_c + h2o_c	0.0	0.0	-999999.0000000001	0.0
E1R00375	E1_candidate	E1R00375	iJN1463:HACD30i	E1M_79eed19daf5a26_c + nad_c --> E1M_b94e0cd7360d12_c + h_c + nadh_c	0.0	0.0	0.0	0.0
E1R00376	E1_candidate	E1R00376	iJN1463:ECOAH35	E1M_79eed19daf5a26_c <=> E1M_d3d4621db88faf_c + h2o_c	0.0	0.0	0.0	0.0
E1R00377	E1_candidate	E1R00377	iJN1463:HACD21i	E1M_b1b71b9be74146_c + nad_c --> E1M_de8ad0b10cf7d5_c + h_c + nadh_c	0.0	0.0	-3.473711427477447e-29	1999.9999999999984
E1R00378	E1_candidate	E1R00378	iJN1463:ECOAH26	E1M_b1b71b9be74146_c <=> E1M_f19dc1e8a6920f_c + h2o_c	0.0	0.0	-1999.9999999995532	-8.725461112053596e-10
E1R00379	E1_candidate	E1R00379	iCN1361:R_RXN_14271;iJN1463:HACD7i;iML1515:HACD7	E1M_1d5ad81fae2ac9_c + nad_c <=> E1M_2da94b683276d9_c + h_c + nadh_c	0.0	2.8765521849176093e-19	-1000.0	999.999999999772
E1R00380	E1_candidate	E1R00380	iJN1463:ECOAH7;iML1515:ECOAH7	E1M_1d5ad81fae2ac9_c <=> E1M_9ab8a3cdff27b5_c + h2o_c	0.0	-2.8765521849176084e-19	-1000.0000000000015	999.9999999999975
E1R00381	E1_candidate	E1R00381	iJN1463:HACD28i	E1M_6aff4559a2c0de_c + nad_c --> E1M_e8929b007a8f50_c + h_c + nadh_c	0.0	0.0	0.0	0.0
E1R00382	E1_candidate	E1R00382	iJN1463:ECOAH33	E1M_6aff4559a2c0de_c <=> E1M_287fba303276f1_c + h2o_c	0.0	0.0	0.0	0.0
E1R00383	E1_candidate	E1R00383	iJN1463:HACD25i	E1M_e8c37ca0b7fe2e_c + nad_c --> E1M_b92e1f9c146163_c + h_c + nadh_c	0.0	0.0	0.0	1333.3323959647473
E1R00384	E1_candidate	E1R00384	iJN1463:ECOAH30	E1M_e8c37ca0b7fe2e_c <=> E1M_704eccaa095f94_c + h2o_c	0.0	0.0	-1333.332395958397	4.880697697246631e-13
E1R00385	E1_candidate	E1R00385	iJN1463:3HAACOAT60	3hhexACP_c + coa_c <=> ACP_c + E1M_8240b25d18465b_c	0.0	0.0	-999.999999999998	500.00000000000506
E1R00386	E1_candidate	E1R00386	iJN1463:HACD10i	E1M_7527fd69fadef3_c + nad_c --> E1M_b66c6d343cc2aa_c + h_c + nadh_c	0.0	0.0	0.0	999999.0
E1R00387	E1_candidate	E1R00387	iJN1463:ECOAH14	E1M_7527fd69fadef3_c <=> E1M_3a00b97becf9f5_c + h2o_c	0.0	0.0	-999999.0000000001	0.0
E1R00388	E1_candidate	E1R00388	iJN1463:3HBCOAHL	E1M_fc7e7350f897fa_c + h2o_c --> E1M_060687278dd60c_c + coa_c + h_c	0.0	0.0	0.0	999.9281299006153
E1R00389	E1_candidate	E1R00389	iJN1463:HACD29i	E1M_5c04e72b041b8c_c + nad_c --> E1M_a880408a57d941_c + h_c + nadh_c	0.0	0.0	0.0	0.0
E1R00390	E1_candidate	E1R00390	iJN1463:ECOAH34	E1M_5c04e72b041b8c_c <=> E1M_83fec257f6413f_c + h2o_c	0.0	0.0	0.0	0.0
E1R00391	E1_candidate	E1R00391	iCN1361:R_3_HYDROXYISOBUTYRATE_DEHYDROGENASE_RXN;iJN1463:HIBDkt	E1M_060687278dd60c_c + nad_c <=> E1M_12d45d7268c0ce_c + h_c + nadh_c	0.0	0.0	0.0	999.9281298995024
E1R00392	E1_candidate	E1R00392	iJN1463:3HAACOAT140	3hmrsACP_c + coa_c <=> ACP_c + E1M_8330a0a9dc18ef_c	-0.004836643442538067	-0.002812124903547978	-1000.0057410975454	1999.9971878968245
E1R00393	E1_candidate	E1R00393	iCN1361:R_UDPHYDROXYMYRGLUCOSAMNACETYLTRANS_RXN;iML1515:U23GAAT	3hmrsACP_c + E1M_5d6f6a24070419_c <=> ACP_c + E1M_072e9ca99ed9a1_c + h_c	0.0	0.0	0.0	0.0
E1R00394	E1_candidate	E1R00394	iCN1361:R_UDPNACETYLGLUCOSAMACYLTRANS_RXN;iML1515:UAGAAT	3hmrsACP_c + uacgam_c <=> ACP_c + u3aga_c	0.001934657377015227	0.0011248499614191913	-998.509042918946	0.0019346574003817904
E1R00395	E1_candidate	E1R00395	iJN1463:HACD11i	E1M_64bfb19111b2eb_c + nad_c --> E1M_2b1b350e8066c5_c + h_c + nadh_c	0.0	0.0	0.0	999999.0
E1R00396	E1_candidate	E1R00396	iJN1463:ECOAH15	E1M_64bfb19111b2eb_c <=> E1M_5ffa32640bc689_c + h2o_c	0.0	0.0	-999999.0000000001	0.0
E1R00397	E1_candidate	E1R00397	iJN1463:HACD3i;iML1515:HACD3	E1M_63dc01592ee6da_c + nad_c <=> E1M_c550df171adda9_c + h_c + nadh_c	-0.025553599521409495	0.0	-1000.0	999999.0
E1R00398	E1_candidate	E1R00398	iJN1463:ECOAH3;iML1515:ECOAH3	E1M_63dc01592ee6da_c <=> E1M_7a17051e9be883_c + h2o_c	0.02555359952140949	0.0	-999999.0000000001	1000.0000000000317
E1R00399	E1_candidate	E1R00399	iCN1361:R_RXN_9634;iJN1463:3HAD180;iML1515:3HAD180	3hoctaACP_c <=> E1M_804fb58286cbd9_c + h2o_c	0.0	0.0	0.0	2000.0409212816255
E1R00400	E1_candidate	E1R00400	iCN1361:R_RXN_9633	3hoctaACP_c + nadp_c <-- E1M_9e3869fe5d30d1_c + h_c + nadph_c	0.0	0.0	-1000.0	0.0
E1R00401	E1_candidate	E1R00401	iJN1463:3HAACOAT80	3hoctACP_c + coa_c <=> ACP_c + E1M_56f9c228488432_c	0.0	0.0	-1000.0000000001116	2000.000000000217
E1R00402	E1_candidate	E1R00402	iJN1463:HACD8i;iML1515:HACD8	E1M_1e078f623a1ead_c + nad_c <=> E1M_998f0e16309d59_c + h_c + nadh_c	0.0	4.4254648998732314e-20	-999.9999999999992	2000.0000000000018
E1R00403	E1_candidate	E1R00403	iJN1463:ECOAH8;iML1515:ECOAH8	E1M_1e078f623a1ead_c <=> E1M_680b43efd3532f_c + h2o_c	0.0	-4.425464899873231e-20	-1999.9999999999318	1000.0000000000048
E1R00404	E1_candidate	E1R00404	iJN1463:HACD24i	E1M_9e3a6d6a1d1609_c + nad_c --> E1M_7e5f73ad401c11_c + h_c + nadh_c	0.0	0.0	0.0	1333.3323959605818
E1R00405	E1_candidate	E1R00405	iJN1463:ECOAH29	E1M_9e3a6d6a1d1609_c <=> E1M_80ebebddc82baa_c + h2o_c	0.0	0.0	-1333.3323959583672	-4.1023501851507574e-13
E1R00406	E1_candidate	E1R00406	iJN1463:HACD18i	E1M_51363638e57c26_c + nad_c --> E1M_9b1410f485a4dc_c + h_c + nadh_c	0.0	0.0	0.0	999999.0000000002
E1R00407	E1_candidate	E1R00407	iJN1463:ECOAH22	E1M_51363638e57c26_c <=> E1M_fec87327919138_c + h2o_c	0.0	0.0	-999999.0000000001	0.0
E1R00408	E1_candidate	E1R00408	iCN1361:R_3HP_COA_transferase	E1M_e1c03b47d5b6a3_c + ac_c <=> E1M_9bc382da747109_c + accoa_c	0.0	0.0	0.0	0.0
E1R00409	E1_candidate	E1R00409	iJN1463:HACD12i	E1M_8c9448952abbf7_c + nad_c --> E1M_b42e2730709db6_c + h_c + nadh_c	0.0	0.0	0.0	999999.0
E1R00410	E1_candidate	E1R00410	iJN1463:ECOAH16	E1M_8c9448952abbf7_c <=> E1M_4a7ed42d33a05e_c + h2o_c	0.0	0.0	-999999.0000000001	0.0
E1R00411	E1_candidate	E1R00411	iJN1463:HACD15i	E1M_72c24c27d85e14_c + nad_c --> E1M_bdcd9e5e3dd860_c + h_c + nadh_c	0.0	0.0	0.0	999999.0
E1R00412	E1_candidate	E1R00412	iJN1463:ECOAH19	E1M_72c24c27d85e14_c <=> E1M_26d4352516e062_c + h2o_c	0.0	0.0	-999999.0000000001	0.0
E1R00413	E1_candidate	E1R00413	iJN1463:HACD16i	E1M_c38304d3003320_c + nad_c --> E1M_6f1540022f37ff_c + h_c + nadh_c	0.0	0.0	0.0	999999.0
E1R00414	E1_candidate	E1R00414	iJN1463:ECOAH20	E1M_c38304d3003320_c <=> E1M_7c5dbf20f2623e_c + h2o_c	0.0	0.0	-999999.0000000001	0.0
E1R00415	E1_candidate	E1R00415	iJN1463:HACD13i	E1M_9a50c94b998093_c + nad_c --> E1M_10adba336627bc_c + h_c + nadh_c	0.0	0.0	0.0	999999.0
E1R00416	E1_candidate	E1R00416	iJN1463:ECOAH17	E1M_9a50c94b998093_c <=> E1M_83c182043dc8bc_c + h2o_c	0.0	0.0	-999999.0000000001	0.0
E1R00417	E1_candidate	E1R00417	iJN1463:HACD14i	E1M_bdc636c49cd1d1_c + nad_c --> E1M_c20672c37c1b08_c + h_c + nadh_c	0.0	0.0	0.0	999999.0000000002
E1R00418	E1_candidate	E1R00418	iJN1463:ECOAH18	E1M_bdc636c49cd1d1_c <=> E1M_751263c42eb21a_c + h2o_c	0.0	0.0	-999999.0000000001	0.0
E1R00419	E1_candidate	E1R00419	iML1515:3HPADHi	E1M_9bc382da747109_c + 2.0 h_c + nadh_c <-- E1M_aaca110563a420_c + h2o_c + nad_c	0.0	0.0	-1000.0	0.0
E1R00420	E1_candidate	E1R00420	iCN1361:R_3_HYDROXYPROPIONATE_DEHYDROGENASE_RXN	E1M_9bc382da747109_c + nad_c <=> E1M_bc112a56b262a9_c + h_c + nadh_c	0.0	0.0	0.0	1000.0
E1R00421	E1_candidate	E1R00421	iML1515:MSAR	E1M_9bc382da747109_c + nadp_c <-- E1M_bc112a56b262a9_c + h_c + nadph_c	0.0	0.0	-1000.0	0.0
E1R00422	E1_candidate	E1R00422	iML1515:3HPPPNH	E1M_c320fd518badac_c + h_c + nadh_c + o2_c --> E1M_69f1e68371d015_c + h2o_c + nad_c	0.0	0.0	0.0	0.0
E1R00423	E1_candidate	E1R00423	iJN1463:HACD17i	E1M_c40df0de27920d_c + nad_c --> E1M_20ceeaf8b39bb1_c + h_c + nadh_c	0.0	0.0	0.0	999999.0
E1R00424	E1_candidate	E1R00424	iJN1463:ECOAH21	E1M_c40df0de27920d_c <=> E1M_501d9403378012_c + h2o_c	0.0	0.0	-999999.0000000002	0.0
E1R00425	E1_candidate	E1R00425	iJN1463:HVCD	E1M_9f9c379cb9c885_c + nad_c --> E1M_653ac58eabb6ae_c + h_c + nadh_c	0.0	0.0	0.0	0.0
E1R00426	E1_candidate	E1R00426	iJN1463:3HPTNCOAR	E1M_9f9c379cb9c885_c + nadp_c --> E1M_cb41e603086592_c + h_c + nadph_c	0.0	0.0	0.0	0.0
E1R00427	E1_candidate	E1R00427	iJN1463:VECOAH	E1M_9f9c379cb9c885_c <=> E1M_3f06252004c5be_c + h2o_c	0.0	0.0	0.0	0.0
E1R00428	E1_candidate	E1R00428	iJN1463:HACD27i	E1M_e9001a44ad2493_c + nad_c --> E1M_408e14570177c2_c + h_c + nadh_c	0.0	0.0	0.0	0.0
E1R00429	E1_candidate	E1R00429	iJN1463:ECOAH32	E1M_e9001a44ad2493_c <=> E1M_9a4625eb7a2c6d_c + h2o_c	0.0	0.0	0.0	0.0
E1R00430	E1_candidate	E1R00430	iJN1463:HACD22i	E1M_186c4417da4589_c + nad_c --> E1M_0e0c58b5f7addc_c + h_c + nadh_c	0.0	0.0	0.0	999999.0
E1R00431	E1_candidate	E1R00431	iJN1463:ECOAH27	E1M_186c4417da4589_c <=> E1M_d4323b4a7a27ed_c + h2o_c	0.0	0.0	-999999.0	0.0
E1R00432	E1_candidate	E1R00432	iJN1463:HACD6i;iML1515:HACD6	E1M_f59036fd43cebf_c + nad_c <=> E1M_ff484210460937_c + h_c + nadh_c	0.0	2.87655218491761e-19	-1000.0	999999.0
E1R00433	E1_candidate	E1R00433	iJN1463:ECOAH6;iML1515:ECOAH6	E1M_f59036fd43cebf_c <=> E1M_29b3cc0a2c827f_c + h2o_c	0.0	-2.8765521849176093e-19	-999999.0	1000.0000000000317
E1R00434	E1_candidate	E1R00434	iJN1463:HACD20i	E1M_ad05071bbe2e10_c + nad_c --> E1M_3a25539a521610_c + h_c + nadh_c	0.0	0.0	0.0	0.0
E1R00435	E1_candidate	E1R00435	iJN1463:ECOAH25	E1M_ad05071bbe2e10_c <=> E1M_c673c67982d955_c + h2o_c	0.0	0.0	0.0	0.0
E1R00436	E1_candidate	E1R00436	iCN1361:R_TRYPSYN_RXN;iJN1463:TRPS1_copy1;iJN1463:TRPS1_copy2;iML1515:TRPS1	3ig3p_c + ser_DASH_L_c --> g3p_c + h2o_c + trp_DASH_L_c	0.0	0.0	0.0	1499.923505337384
E1R00437	E1_candidate	E1R00437	iCN1361:R_RXN_10917	E1M_19730341860d66_c + h2o_c + nad_c --> E1M_c2c622bf074f5d_c + 2.0 h_c + nadh_c	0.0	0.0	0.0	0.0
E1R00438	E1_candidate	E1R00438	iCN1361:R_RXN_10913	E1M_19730341860d66_c + E1M_de233406107371_c + h2o2_c <-- E1M_e39fb3a685c4ac_c + h2o_c + o2_c	0.0	0.0	0.0	0.0
E1R00439	E1_candidate	E1R00439	iCN1361:R_RXN_10910	E1M_19730341860d66_c + h2o2_c + nh4_c <-- E1M_7743d53908a905_c + h2o_c + o2_c	0.0	0.0	0.0	0.0
E1R00440	E1_candidate	E1R00440	iCN1361:R_RXN_10915	E1M_19730341860d66_c + h_c + nadh_c <=> E1M_d5ead799052d61_c + nad_c	0.0	0.0	0.0	0.0
E1R00441	E1_candidate	E1R00441	iJN1463:MCCC	E1M_fea91d0a934054_c + atp_c + hco3_c --> E1M_d49cb8cd0757fa_c + adp_c + h_c + pi_c	0.0	0.0	0.0	999.9281298990878
E1R00442	E1_candidate	E1R00442	iCN1361:R_RXN_14264;iJN1463:MBCOAi	E1M_fea91d0a934054_c + fadh2_c <-- E1M_b160e830013a06_c + fad_c	0.0	0.0	-999.9281298995446	0.0
E1R00443	E1_candidate	E1R00443	iJN1463:IVCS	E1M_614b524461706c_c + atp_c + coa_c --> E1M_b160e830013a06_c + amp_c + ppi_c	0.0	0.0	0.0	0.0
E1R00444	E1_candidate	E1R00444	iCN1361:R_RXN_7693	E1M_fa1165e8a0c699_c + h_c + nadh_c <=> E1M_989ac3ee05ffcd_c + nad_c	0.0	0.0	0.0	0.0
E1R00445	E1_candidate	E1R00445	iJN1463:3MBZALDH	E1M_cb207b86335b1a_c + nad_c --> E1M_38ffffc877b744_c + h_c + nadh_c	0.0	0.0	0.0	0.0
E1R00446	E1_candidate	E1R00446	iJN1463:MXMO	E1M_cb207b86335b1a_c + h2o_c + nad_c <-- E1M_308bfee50ea2d8_c + h_c + nadh_c + o2_c	0.0	0.0	0.0	0.0
E1R00447	E1_candidate	E1R00447	iJN1463:3MBZDH	E1M_38ffffc877b744_c + h2o_c + nad_c --> E1M_ca7dc55f05d7ab_c + 2.0 h_c + nadh_c	0.0	0.0	0.0	0.0
E1R00448	E1_candidate	E1R00448	iCN1361:R_CATECHOL_2_3_DIOXYGENASE_RXN;iJN1463:3MCAT23DOX	E1M_1ba409d469b5ce_c + o2_c --> E1M_a3cb4103345a61_c + h_c	0.0	0.0	0.0	0.0
E1R00449	E1_candidate	E1R00449	iJN1463:DH3MCHCDH	E1M_1ba409d469b5ce_c + co2_c + nadh_c <-- E1M_04051dc0a6c1e3_c + nad_c	0.0	0.0	0.0	0.0
E1R00450	E1_candidate	E1R00450	iCN1361:R_RXN_11218	E1M_1ba409d469b5ce_c + o2_c --> E1M_443bb181d98629_c + h_c	0.0	0.0	0.0	0.0
E1R00451	E1_candidate	E1R00451	iJN1463:MGCH	E1M_d49cb8cd0757fa_c + h2o_c --> E1M_d464d5ff5c83a1_c	0.0	0.0	-3.258357100639044e-13	999.9281298993791
E1R00452	E1_candidate	E1R00452	iJN1463:OIVD2	3mob_c + coa_c + nad_c --> E1M_dcf6d1317d17a0_c + co2_c + nadh_c	0.0	0.0	7.614438117131342e-14	999.9281298992842
E1R00453	E1_candidate	E1R00453	iJN1463:DAAD12	3mob_c + fadh2_c + nh4_c <-- E1M_1d4624857aa607_c + fad_c + h2o_c	0.0	0.0	0.0	0.0
E1R00454	E1_candidate	E1R00454	iCN1361:R_RXN_13184;iJN1463:VALDHr	3mob_c + h_c + nadh_c + nh4_c <=> h2o_c + nad_c + val_DASH_L_c	0.0	0.0320269780681853	-1999.9679730219088	2000.0550839947814
E1R00455	E1_candidate	E1R00455	iCN1361:R_ISOLEUCINE_DEHYDROGENASE_RXN;iJN1463:ILEDHr_1	3mop_c + h_c + nadh_c + nh4_c <=> h2o_c + ile_DASH_L_c + nad_c	0.038961849953778896	0.022653228389692047	-999.9773467716099	1000.0389618498347
E1R00456	E1_candidate	E1R00456	iJN1463:KAT19	E1M_7a95732b24b731_c + coa_c --> E1M_40d7e24a2a963e_c + accoa_c	0.0	0.0	0.0	0.0
E1R00457	E1_candidate	E1R00457	iJN1463:RHACOART60	E1M_7a95732b24b731_c + h_c + nadph_c <=> E1M_cdbaeaba54535d_c + nadp_c	0.0	0.0	0.0	999999.0
E1R00458	E1_candidate	E1R00458	iJN1463:3OAS121;iML1515:3OAS121	ACP_c + E1M_c9e179c634f59d_c + co2_c <-- E1M_2a34025c89be67_c + h_c + malACP_c	-0.004836643442538071	0.0	-999.9999999999134	0.0
E1R00459	E1_candidate	E1R00459	iJN1463:3OAS141;iML1515:3OAS141	ACP_c + E1M_f78d8ccec243ee_c + co2_c <-- E1M_38d41fe41c0da3_c + h_c + malACP_c	-0.00483664344253807	0.0	-999.9999999998826	0.0
E1R00460	E1_candidate	E1R00460	iJN1463:3OAS161;iML1515:3OAS161	ACP_c + E1M_0ef2e18b29c741_c + co2_c <-- E1M_0b66d25b9f4065_c + h_c + malACP_c	0.0	0.0	-999.9999999996696	0.0
E1R00461	E1_candidate	E1R00461	iJN1463:3OAS181;iML1515:3OAS181	ACP_c + E1M_b74d1ddf9a874c_c + co2_c <-- E1M_7152854ab22c40_c + h_c + malACP_c	0.0	0.0	-999.9999999999995	0.0
E1R00462	E1_candidate	E1R00462	iJN1463:ACACT13;iML1515:ACACT4r	E1M_447efb2f462c41_c + coa_c <=> E1M_515fe529769406_c + accoa_c	-0.025553599521409488	-0.014857393240411814	-1000.0	999.985142606846
E1R00463	E1_candidate	E1R00463	iJN1463:RHACOAR100	E1M_447efb2f462c41_c + h_c + nadph_c <=> E1M_c995b19884565f_c + nadp_c	0.0	0.014857393240411814	-1999.9851426070418	999999.0
E1R00464	E1_candidate	E1R00464	iJN1463:KAT26	E1M_07a8094a2b1f65_c + coa_c --> E1M_b4760c4aa0281c_c + accoa_c	0.0	0.0	0.0	1333.332395957923
E1R00465	E1_candidate	E1R00465	iJN1463:RHACOAR141d5	E1M_07a8094a2b1f65_c + h_c + nadph_c <=> E1M_ed4230dd9083cd_c + nadp_c	0.0	0.0	-1333.3323959582667	999998.9999999993
E1R00466	E1_candidate	E1R00466	iJN1463:KAT32	E1M_20d919aedd7a46_c + coa_c --> E1M_9af232af5ca1c5_c + accoa_c	0.0	0.0	0.0	0.0
E1R00467	E1_candidate	E1R00467	iJN1463:RHACOAR121d6	E1M_20d919aedd7a46_c + h_c + nadph_c <=> E1M_a5e9867239bd09_c + nadp_c	0.0	0.0	0.0	999999.0
E1R00468	E1_candidate	E1R00468	iJN1463:KAT23	E1M_039bc6721d1320_c + coa_c --> E1M_1e5a39291aeeba_c + accoa_c	0.0	0.0	0.0	1999.985142606816
E1R00469	E1_candidate	E1R00469	iJN1463:RHACOAR121d5	E1M_039bc6721d1320_c + h_c + nadph_c <=> E1M_39ec979c77035d_c + nadp_c	0.0	0.0	-1999.9851426069642	999999.0
E1R00470	E1_candidate	E1R00470	iCN1361:R_RXN_14274;iJN1463:ACACT10;iML1515:ACACT5r	E1M_7554bae46b2ef9_c + coa_c <=> E1M_28fc33fed0888f_c + accoa_c	-0.02071695607887141	-0.014857393240411814	-1000.0	999.9851426068142
E1R00471	E1_candidate	E1R00471	iJN1463:RHACOAR120	E1M_7554bae46b2ef9_c + h_c + nadph_c <=> E1M_2e7d3250350c1d_c + nadp_c	0.0	0.014857393240411817	-1999.9851426066534	999999.0
E1R00472	E1_candidate	E1R00472	iCN1361:R_RXN_9531	3oddecACP_c + ACP_c + co2_c <-- E1M_01a85071672c58_c + h_c + malACP_c	0.0	0.0	-1000.0000000000001	-1.229490181648017e-10
E1R00473	E1_candidate	E1R00473	iCN1361:R_RXN_9532	3oddecACP_c + h_c + nadph_c --> E1M_5264cadc538e8e_c + nadp_c	0.0	0.0	0.0	1000.0
E1R00474	E1_candidate	E1R00474	iJN1463:RHACOAR101	E1M_68117e6e63a7bd_c + h_c + nadph_c <=> E1M_2f7e88676c8fe8_c + nadp_c	0.0	0.0	0.0	999999.0
E1R00475	E1_candidate	E1R00475	iCN1361:R_RXN_9527	3odecACP_c + ACP_c + co2_c <-- E1M_e2e58abb7cf16f_c + h_c + malACP_c	0.0	0.0	-1000.0000000000001	0.0
E1R00476	E1_candidate	E1R00476	iJN1463:ACACT11;iML1515:ACACT2r	E1M_5f3d86f8b97cd5_c + coa_c <=> E1M_170dd23f031ce7_c + accoa_c	-0.025553599521409502	-0.014857393240411815	-1000.0	499.9851426124717
E1R00477	E1_candidate	E1R00477	iJN1463:RHACOAR60	E1M_5f3d86f8b97cd5_c + h_c + nadph_c <=> E1M_8240b25d18465b_c + nadp_c	0.0	0.014857393240411817	-1499.9851426070804	999999.0
E1R00478	E1_candidate	E1R00478	iJN1463:KAT31	E1M_ed514f944e142b_c + coa_c --> E1M_81f206a50c3729_c + accoa_c	0.0	0.0	0.0	0.0
E1R00479	E1_candidate	E1R00479	iJN1463:RHACOAR142	E1M_ed514f944e142b_c + h_c + nadph_c <=> E1M_d64cab39f483e1_c + nadp_c	0.0	0.0	0.0	999999.0
E1R00480	E1_candidate	E1R00480	iJN1463:KAT30	E1M_b94e0cd7360d12_c + coa_c --> E1M_ea06af8961b2d6_c + accoa_c	0.0	0.0	0.0	0.0
E1R00481	E1_candidate	E1R00481	iJN1463:KAT21	E1M_de8ad0b10cf7d5_c + coa_c --> E1M_d5d1a23941aff3_c + accoa_c	0.0	0.0	0.0	1999.9999999999793
E1R00482	E1_candidate	E1R00482	iJN1463:ACACT12;iML1515:ACACT7r	E1M_2da94b683276d9_c + coa_c <=> E1M_9bfcf33c7748c8_c + accoa_c	0.0	2.876552184917608e-19	-1000.0	1000.0000000000043
E1R00483	E1_candidate	E1R00483	iJN1463:KAT28	E1M_e8929b007a8f50_c + coa_c --> E1M_be69894ce7d9ac_c + accoa_c	0.0	0.0	0.0	0.0
E1R00484	E1_candidate	E1R00484	iJN1463:KAT25	E1M_b92e1f9c146163_c + coa_c --> E1M_5c1f107c392ca0_c + accoa_c	0.0	0.0	0.0	1333.3323959583652
E1R00485	E1_candidate	E1R00485	iCN1361:R_RXN_9516	3ohexACP_c + ACP_c + co2_c <-- E1M_e24f5b37531458_c + h_c + malACP_c	0.0	0.0	-500.00000000000006	0.0
E1R00486	E1_candidate	E1R00486	iCN1361:R_RXN_9518	3ohexACP_c + h_c + nadph_c --> E1M_66b93d762acdc4_c + nadp_c	0.0	0.0	0.0	1000.0
E1R00487	E1_candidate	E1R00487	iJN1463:ACACT8r;iML1515:ACACT8r	E1M_998f0e16309d59_c + coa_c <=> E1M_7a0e9d86405af9_c + accoa_c	0.0	4.4254648998732356e-20	-1000.0	1999.999999999995
E1R00488	E1_candidate	E1R00488	iJN1463:KAT10	E1M_b66c6d343cc2aa_c + coa_c --> E1M_653783bfb80f28_c + accoa_c	0.0	0.0	0.0	0.0
E1R00489	E1_candidate	E1R00489	iJN1463:RHACOAR70	E1M_b66c6d343cc2aa_c + h_c + nadph_c <=> E1M_da19b2bf37c22b_c + nadp_c	0.0	0.0	0.0	999999.0
E1R00490	E1_candidate	E1R00490	iJN1463:KAT29	E1M_a880408a57d941_c + coa_c --> E1M_d5ea3ea0b0694a_c + accoa_c	0.0	0.0	0.0	0.0
E1R00491	E1_candidate	E1R00491	iCN1361:R_RXN_9535	3omrsACP_c + ACP_c + co2_c <-- E1M_093d5b154c4ce0_c + h_c + malACP_c	0.0	0.0	-1000.0000000000068	0.0
E1R00492	E1_candidate	E1R00492	iJN1463:KAT11	E1M_2b1b350e8066c5_c + coa_c --> E1M_a670acea319491_c + accoa_c	0.0	0.0	0.0	0.0
E1R00493	E1_candidate	E1R00493	iJN1463:RHACOAR90	E1M_2b1b350e8066c5_c + h_c + nadph_c <=> E1M_88e1885c8048a1_c + nadp_c	0.0	0.0	0.0	999999.0
E1R00494	E1_candidate	E1R00494	iJN1463:ACACT8;iML1515:ACACT3r	E1M_c550df171adda9_c + coa_c <=> E1M_9e0d2f4b23b8a8_c + accoa_c	-0.025553599521409495	-0.014857393240411815	-1000.0	999.9851426067601
E1R00495	E1_candidate	E1R00495	iCN1361:R_RXN_14275	E1M_c550df171adda9_c + h_c + nadh_c <-- E1M_14800ba33b986f_c + nad_c	0.0	0.0	-1000.0	0.0
E1R00496	E1_candidate	E1R00496	iJN1463:RHACOAR80	E1M_c550df171adda9_c + h_c + nadph_c <=> E1M_56f9c228488432_c + nadp_c	0.0	0.014857393240411814	-1999.9851426067546	999999.0
E1R00497	E1_candidate	E1R00497	iCN1361:R_RXN_9523	3ooctACP_c + ACP_c + co2_c <-- E1M_c3363636e6008a_c + h_c + malACP_c	0.0	0.0	-1000.0000000000001	-3.655199705370011e-13
E1R00498	E1_candidate	E1R00498	iJN1463:KAT24	E1M_7e5f73ad401c11_c + coa_c --> E1M_ef6ff093d0d7a5_c + accoa_c	0.0	0.0	0.0	1333.332395958355
E1R00499	E1_candidate	E1R00499	iCN1361:R_RXN_9539	3opalmACP_c + ACP_c + co2_c <-- E1M_cc446d150ec0fe_c + h_c + malACP_c	0.0	0.0	-1000.0000000000001	0.0
E1R00500	E1_candidate	E1R00500	iJN1463:KAT18	E1M_9b1410f485a4dc_c + coa_c --> E1M_ef7a813372f7d1_c + accoa_c	0.0	0.0	0.0	0.0
E1R00501	E1_candidate	E1R00501	iJN1463:RHACOARP40	E1M_9b1410f485a4dc_c + h_c + nadph_c <=> E1M_5076f63f633c52_c + nadp_c	0.0	0.0	0.0	999999.0
E1R00502	E1_candidate	E1R00502	iJN1463:KAT12	E1M_b42e2730709db6_c + coa_c --> E1M_8097d135f9d632_c + accoa_c	0.0	0.0	0.0	0.0
E1R00503	E1_candidate	E1R00503	iJN1463:RHACOARP100	E1M_b42e2730709db6_c + h_c + nadph_c <=> E1M_c929f92bc83e55_c + nadp_c	0.0	0.0	0.0	999999.0
E1R00504	E1_candidate	E1R00504	iJN1463:KAT15	E1M_bdcd9e5e3dd860_c + coa_c --> E1M_390e7512275aa8_c + accoa_c	0.0	0.0	0.0	0.0
E1R00505	E1_candidate	E1R00505	iJN1463:RHACOARP70	E1M_bdcd9e5e3dd860_c + h_c + nadph_c <=> E1M_ececea6a2c72e2_c + nadp_c	0.0	0.0	0.0	999999.0
E1R00506	E1_candidate	E1R00506	iJN1463:KAT16	E1M_6f1540022f37ff_c + coa_c --> E1M_666efcc1e2cc26_c + accoa_c	0.0	0.0	0.0	1.6172595762720567e-10
E1R00507	E1_candidate	E1R00507	iJN1463:RHACOARP60	E1M_6f1540022f37ff_c + h_c + nadph_c <=> E1M_b9d47c20f029be_c + nadp_c	0.0	0.0	0.0	999999.0
E1R00508	E1_candidate	E1R00508	iJN1463:KAT13	E1M_10adba336627bc_c + coa_c --> E1M_110eec2240bf0d_c + accoa_c	0.0	0.0	0.0	0.0
E1R00509	E1_candidate	E1R00509	iJN1463:RHACOARP90	E1M_10adba336627bc_c + h_c + nadph_c <=> E1M_ee88a9cc4609c0_c + nadp_c	0.0	0.0	0.0	999999.0
E1R00510	E1_candidate	E1R00510	iJN1463:KAT14	E1M_c20672c37c1b08_c + coa_c --> E1M_93dffa1d21762c_c + accoa_c	0.0	0.0	0.0	0.0
E1R00511	E1_candidate	E1R00511	iJN1463:RHACOARP80	E1M_c20672c37c1b08_c + h_c + nadph_c <=> E1M_9c188db37e05ff_c + nadp_c	0.0	0.0	0.0	999999.0
E1R00512	E1_candidate	E1R00512	iJN1463:KAT17	E1M_20ceeaf8b39bb1_c + coa_c --> E1M_9963d5afb027db_c + accoa_c	0.0	0.0	0.0	7.77152221985764e-12
E1R00513	E1_candidate	E1R00513	iJN1463:RHACOARP50	E1M_20ceeaf8b39bb1_c + h_c + nadph_c <=> E1M_6b8c6d0f0ccb9d_c + nadp_c	0.0	0.0	0.0	999999.0
E1R00514	E1_candidate	E1R00514	iJN1463:VCACT	E1M_653ac58eabb6ae_c + coa_c --> accoa_c + ppcoa_c	0.0	0.0	0.0	0.0
E1R00515	E1_candidate	E1R00515	iJN1463:KAT27	E1M_408e14570177c2_c + coa_c --> E1M_c74de5d9798f84_c + accoa_c	0.0	0.0	0.0	0.0
E1R00516	E1_candidate	E1R00516	iJN1463:KAT22	E1M_0e0c58b5f7addc_c + coa_c --> E1M_39e68acbaf6e9e_c + accoa_c	0.0	0.0	0.0	1999.9851426067535
E1R00517	E1_candidate	E1R00517	iJN1463:RHACOAR141d7	E1M_0e0c58b5f7addc_c + h_c + nadph_c <=> E1M_3da04e7b2e0ad3_c + nadp_c	0.0	0.0	-1999.9851426067632	999999.0
E1R00518	E1_candidate	E1R00518	iJN1463:ACACT9;iML1515:ACACT6r	E1M_ff484210460937_c + coa_c <=> E1M_a434a6bc517cdb_c + accoa_c	0.0	-0.0028121249035479774	-1000.0	999.9971878750996
E1R00519	E1_candidate	E1R00519	iCN1361:R_RXN_14268	E1M_5053a517584ff1_c + E1M_ff484210460937_c <-- E1M_a434a6bc517cdb_c + accoa_c	0.0	0.0	0.0	0.0
E1R00520	E1_candidate	E1R00520	iJN1463:RHACOAR140	E1M_ff484210460937_c + h_c + nadph_c <=> E1M_8330a0a9dc18ef_c + nadp_c	0.0	0.0028121249035479774	-1999.997187875097	999999.0
E1R00521	E1_candidate	E1R00521	iJN1463:KAT20	E1M_3a25539a521610_c + coa_c --> E1M_94ba12b50b9606_c + accoa_c	0.0	0.0	0.0	0.0
E1R00522	E1_candidate	E1R00522	iCN1361:R_RXN0_6512	E1M_21af760b46baf5_c + coa_c --> E1M_883f56be9b5b68_c + accoa_c	0.0	0.0	0.0	760.9740954462065
E1R00523	E1_candidate	E1R00523	iCN1361:R_RXNMETA_12672	E1M_21af760b46baf5_c + 2.0 h_c + nadph_c <=> E1M_9ff9e6e68b8c2f_c + h2o_c + nadp_c	0.0	0.0	-760.9740954465537	1000.0
E1R00524	E1_candidate	E1R00524	iCN1361:R_3_OXOADIPATE_ENOL_LACTONASE_RXN;iJN1463:OXOAEL	E1M_6dce186e208789_c + h_c <-- E1M_611fe0d7d77a49_c + h2o_c	0.0	0.0	-999.8470107190495	0.0
E1R00525	E1_candidate	E1R00525	iCN1361:R_MALEYLACETATE_REDUCTASE_RXN_NAD	E1M_6dce186e208789_c + nad_c <-- E1M_638bfa56a2b24c_c + h_c + nadh_c	0.0	0.0	0.0	0.0
E1R00526	E1_candidate	E1R00526	iCN1361:R_MALEYLACETATE_REDUCTASE_RXN_NADP	E1M_6dce186e208789_c + nadp_c <-- E1M_638bfa56a2b24c_c + h_c + nadph_c	0.0	0.0	0.0	0.0
E1R00527	E1_candidate	E1R00527	iCN1361:R_3_OXOADIPATE_COA_TRANSFERASE_RXN;iJN1463:3OADPCOAT	E1M_6dce186e208789_c + succoa_c <=> E1M_7cb19c7033bf51_c + succ_c	0.0	0.0	0.0	999.8470107228549
E1R00528	E1_candidate	E1R00528	iJN1463:KAT33	E1M_cb41e603086592_c + coa_c --> accoa_c + ppcoa_c	0.0	0.0	0.0	0.0
E1R00529	E1_candidate	E1R00529	iJN1463:ADSELK	E1M_be6aaa0eee7c59_c + adp_c + h_c <-- E1M_dc39384da56a7f_c + atp_c	0.0	0.0	4.398938013637864e-29	0.0
E1R00530	E1_candidate	E1R00530	iJN1463:ADSELR2	E1M_be6aaa0eee7c59_c + E1M_fdbdb60be9bba6_c --> E1M_3be4d6ab9e6005_c + E1M_95f8c2b2ca0efa_c + 2.0 h_c + pap_c	0.0	0.0	0.0	0.0
E1R00531	E1_candidate	E1R00531	iJN1463:ADSELR	E1M_be6aaa0eee7c59_c + trdrd_c --> E1M_3be4d6ab9e6005_c + 2.0 h_c + pap_c + trdox_c	0.0	0.0	0.0	0.0
E1R00532	E1_candidate	E1R00532	iCN1361:R_RXN_3443	3pg_c + 2.0 h_c + nadh_c <-- g3p_c + h2o_c + nad_c	0.0	0.0	-1000.0	0.0
E1R00533	E1_candidate	E1R00533	iCN1361:R_BISPHOSPHOGLYCERATE_PHOSPHATASE_RXN	3pg_c + pi_c <-- E1M_1b4380ac6aa80e_c + h2o_c	0.0	0.0	-1000.0	0.0
E1R00534	E1_candidate	E1R00534	iML1515:HPYRP	3php_c + h2o_c --> E1M_f61061f62cb2a9_c + pi_c	0.0	0.0	0.0	999.9999999999991
E1R00535	E1_candidate	E1R00535	iJN1463:3PQQS	E1M_41528034725917_c <=> E1M_3ee47037346e83_c	0.0	0.0	0.0	0.0
E1R00536	E1_candidate	E1R00536	iJN1463:4POPCOAM	E1M_0c65cbb8fd55fe_c + pi_c <-- E1M_253c34e796edd6_c	0.0	0.0	0.0	0.0
E1R00537	E1_candidate	E1R00537	iJN1463:CYSSADS;iML1515:CYSSADS	E1M_051f23e7c320ef_c + 2.0 h_c --> E1M_2dd267c53d8c11_c + ala_DASH_L_c	0.0	0.0	0.0	0.0
E1R00538	E1_candidate	E1R00538	iCN1361:R_CYSTEINE_DIOXYGENASE_RXN	E1M_051f23e7c320ef_c + h_c <-- cys_DASH_L_c + o2_c	0.0	0.0	0.0	0.0
E1R00539	E1_candidate	E1R00539	iCN1361:R_RXN_11737	E1M_98c4017d71fd98_c + glu_DASH_L_c <-- E1M_8f21219f698188_c + akg_c	0.0	0.0	0.0	0.0
E1R00540	E1_candidate	E1R00540	iCN1361:R_RXN_11211;iJN1463:DHPM2	E1M_eeb4f3256fe16c_c + h_c <=> E1M_8b3e85a5c0b4ab_c + h2o_c	0.0	0.0	-999.9765824985516	0.0
E1R00541	E1_candidate	E1R00541	iJN1463:RHMNT2	E1M_47583474294151_c + 2.0 gmp_c <-- E1M_30d4bd5b61885f_c + 2.0 E1M_c3f3dd0dcd4793_c	0.0	0.0	0.0	0.0
E1R00542	E1_candidate	E1R00542	iCN1361:R_RXN_37	E1M_e3644781e1d4b9_c + 2.0 h_c + nadh_c <-- E1M_7e9e8ebc12252d_c + h2o_c + nad_c	0.0	0.0	0.0	0.0
E1R00543	E1_candidate	E1R00543	iJN1463:ABUTD;iML1515:ABUTD	E1M_8ca89c96abf3bf_c + 2.0 h_c + nadh_c <-- E1M_dceda28c82c9c3_c + h2o_c + nad_c	0.0	0.0	-999.9777912435717	0.0
E1R00544	E1_candidate	E1R00544	iJN1463:GUDBUTNAH	E1M_3ef9bbcd989afd_c + E1M_8ca89c96abf3bf_c <-- E1M_96e88f469c337b_c + h2o_c	0.0	0.0	-999.9777912435745	0.0
E1R00545	E1_candidate	E1R00545	iCN1361:R_GABATRANSAM_RXN;iJN1463:ABTA;iML1515:ABTA	E1M_8ca89c96abf3bf_c + akg_c <=> E1M_2688447a251e68_c + glu_DASH_L_c	0.0	0.0	4.4914952741193284e-13	1999.9777912435745
E1R00546	E1_candidate	E1R00546	iML1515:GLUDC	E1M_8ca89c96abf3bf_c + co2_c <-- glu_DASH_L_c + h_c	0.0	0.0	-1000.0	0.0
E1R00547	E1_candidate	E1R00547	iJN1463:GGGABAH;iML1515:GGGABAH	E1M_8ca89c96abf3bf_c + glu_DASH_L_c <-- E1M_e1362a08a3c4b2_c + h2o_c	0.0	0.0	-999.9777912435743	0.0
E1R00548	E1_candidate	E1R00548	iJN1463:PTRCTA;iML1515:PTRCTA	E1M_dceda28c82c9c3_c + glu_DASH_L_c <-- akg_c + ptrc_c	0.0	0.0	-999.9777912435686	0.0
E1R00549	E1_candidate	E1R00549	iJN1463:PTRCTA2	E1M_dceda28c82c9c3_c + ala_DASH_L_c <-- ptrc_c + pyr_c	0.0	0.0	-999.9777912435742	0.0
E1R00550	E1_candidate	E1R00550	iML1515:4ABZGLUH	4abz_c + glu_DASH_L_c <=> E1M_7516119fe3247a_c + h2o_c	0.0	0.0	0.0	0.0
E1R00551	E1_candidate	E1R00551	iCN1361:R_H2PTEROATESYNTH_RXN;iML1515:DHPS2	4abz_c + E1M_9314ac755080bf_c <=> dhpt_c + ppi_c	-35.12407871007948	0.0	-1000.0	1.074809631518292e-05
E1R00552	E1_candidate	E1R00552	iCN1361:R_PYRIMSYN1_RXN	4ampm_c + E1M_3a80028d3ab05b_c + E1M_8d775042794fad_c + for_c + 3.0 h_c + met_DASH_L_c <-- air_c + amet_c	0.0	0.0	0.0	0.0
E1R00553	E1_candidate	E1R00553	iJN1463:AMPMS2;iML1515:AMPMS2	4ampm_c + 2.0 for_c + 3.0 h_c + nadh_c <-- air_c + h2o_c + nad_c	-2.6870241347433798e-06	-1.5622916130822103e-06	-2.6870241090330817e-06	0.0
E1R00554	E1_candidate	E1R00554	iCN1361:R_2617_RXN	E1M_d643569e791da6_c + glu_DASH_L_c <=> E1M_63798f3cfdb321_c + akg_c	0.0	0.0	0.0	0.0
E1R00555	E1_candidate	E1R00555	iCN1361:R_RXN_10720	E1M_d643569e791da6_c <=> E1M_04ccb9482f535a_c + h2o_c + h_c	0.0	0.0	0.0	0.0
E1R00556	E1_candidate	E1R00556	iJN1463:ACOAD21f	E1M_0bb93e22328ab5_c + fadh2_c <=> E1M_40d7e24a2a963e_c + fad_c	0.0	0.0	0.0	0.0
E1R00557	E1_candidate	E1R00557	iJN1463:RECOAH20	E1M_0bb93e22328ab5_c + h2o_c <=> E1M_b9f5f2147d111d_c	0.0	0.0	0.0	0.0
E1R00558	E1_candidate	E1R00558	iCN1361:R_4_CARBOXYMUCONOLACTONE_DECARBOXYLASE_RXN;iJN1463:4CMLCL_kt	E1M_3fae043bdf48e7_c + h_c <=> E1M_611fe0d7d77a49_c + co2_c	0.0	0.0	0.0	999.8470107216752
E1R00559	E1_candidate	E1R00559	iCN1361:R_5512_RXN;iJN1463:MUCCY_kt	E1M_3fae043bdf48e7_c <-- E1M_5829aa149b3257_c + h_c	0.0	0.0	-999.8470107190353	0.0
E1R00560	E1_candidate	E1R00560	iML1515:TYRL	E1M_18a2357523921f_c + E1M_8d775042794fad_c + E1M_fd992b69d1bd56_c + h_c + met_DASH_L_c + nadp_c <-- amet_c + nadph_c + tyr_DASH_L_c	0.0	0.0	0.0	0.0
E1R00561	E1_candidate	E1R00561	iJN1463:I4FE4ST;iML1515:I4FE4ST	E1M_7f41f5b84f1255_c + E1M_87e936fb87ed98_c <-- E1M_3c66b66afe0c3b_c + 4.0 h_c	0.0	0.0	0.0	0.0
E1R00562	E1_candidate	E1R00562	iML1515:S4FE4ST	E1M_7f41f5b84f1255_c + E1M_e64ee98bbc6788_c <-- E1M_129b6a4e832e6c_c + 4.0 h_c	0.0	0.0	0.0	0.0
E1R00563	E1_candidate	E1R00563	iCN1361:R_MALEYLACETOACETATE_ISOMERASE_RXN;iJN1463:MACACI	E1M_7350c23a0d6dc6_c <=> E1M_9766b9e394585e_c	0.0	0.0	-679.5239861415645	-4.637747903975029e-13
E1R00564	E1_candidate	E1R00564	iCN1361:R_FUMARYLACETOACETASE_RXN;iJN1463:FUMAC	E1M_7350c23a0d6dc6_c + h2o_c <=> E1M_5c1942d4297612_c + fum_c + h_c	0.0	0.0	-6.147693119229044e-13	679.5239861418715
E1R00565	E1_candidate	E1R00565	iCN1361:R_GUANIDINOBUTANAMIDE_NH3_RXN	E1M_936700411ba297_c + h2o_c --> E1M_96e88f469c337b_c + nh4_c	0.0	0.0	0.0	0.0
E1R00566	E1_candidate	E1R00566	iJN1463:GDBTALDH	E1M_96e88f469c337b_c + 2.0 h_c + nadh_c <-- E1M_f4fb384bbff671_c + h2o_c + nad_c	0.0	0.0	-999.9777912435756	0.0
E1R00567	E1_candidate	E1R00567	iCN1361:R_MHPELY_RXN;iJN1463:HOPNTAL;iML1515:HOPNTAL	E1M_86fefa03523fd3_c <=> E1M_703358c6a7989c_c + pyr_c	0.0	0.0	0.0	679.5239861423662
E1R00568	E1_candidate	E1R00568	iCN1361:R_2_OXOPENT_4_ENOATE_HYDRATASE_RXN;iJN1463:OP4ENH;iML1515:OP4ENH	E1M_86fefa03523fd3_c <=> E1M_b3ce4091b2224c_c + h2o_c	0.0	0.0	-679.5239861415573	-1.591785191694121e-10
E1R00569	E1_candidate	E1R00569	iJN1463:TNTR1x	E1M_58b86455abd871_c + h2o_c + 2.0 nad_c <-- E1M_513ec1974671da_c + h_c + 2.0 nadh_c	0.0	0.0	0.0	0.0
E1R00570	E1_candidate	E1R00570	iJN1463:TNTR1	E1M_58b86455abd871_c + h2o_c + 2.0 nadp_c <-- E1M_513ec1974671da_c + h_c + 2.0 nadph_c	0.0	0.0	0.0	0.0
E1R00571	E1_candidate	E1R00571	iJN1463:4HBADH	4hba_c + nad_c <=> E1M_fe0d437daa2164_c + h_c + nadh_c	0.0	0.0	0.0	2.6870241191066874e-06
E1R00572	E1_candidate	E1R00572	iJN1463:THZPSN	4hba_c + 4mpetz_c + ala_DASH_L_c + amp_c + co2_c + h2o_c + h_c + ppi_c <-- atp_c + cys_DASH_L_c + dxyl5p_c + tyr_DASH_L_c	0.0	0.0	-2.6870241090284196e-06	0.0
E1R00573	E1_candidate	E1R00573	iJN1463:VNDH_2	E1M_fe0d437daa2164_c + h2o_c + nad_c --> 4hbz_c + 2.0 h_c + nadh_c	0.0	0.0	0.0	2.6870241461376e-06
E1R00574	E1_candidate	E1R00574	iJN1463:COCOAHA	E1M_fe0d437daa2164_c + accoa_c <-- E1M_1fa604dd1ac0cf_c + h2o_c	0.0	0.0	0.0	0.0
E1R00575	E1_candidate	E1R00575	iCN1361:R_HYDROXYBENZOYLFORMATE_DECARBOXYLASE_RXN	E1M_fe0d437daa2164_c + co2_c <-- E1M_2ac455332220d1_c + h_c	0.0	0.0	0.0	0.0
E1R00576	E1_candidate	E1R00576	iCN1361:R_31223_RXN	4hbz_c + coa_c + h_c <-- E1M_3f89d47e3eb3eb_c + h2o_c	0.0	0.0	0.0	0.0
E1R00577	E1_candidate	E1R00577	iCN1361:R_4_HYDROXYBENZOATE_DECARBOXYLASE_RXN	4hbz_c + h_c --> E1M_7690ee283a21b1_c + co2_c	0.0	0.0	0.0	679.5239861416932
E1R00578	E1_candidate	E1R00578	iCN1361:R_RXN_11246	E1M_3f89d47e3eb3eb_c + accoa_c --> E1M_a8aa1725502b25_c + coa_c	0.0	0.0	0.0	0.0
E1R00579	E1_candidate	E1R00579	iCN1361:R_OHBENZCOARED_RXN	E1M_3f89d47e3eb3eb_c + 2.0 E1M_f9eec68dbd52b9_c + 2.0 h_c <-- E1M_7280b19f80be0b_c + 2.0 E1M_f71f64bb1684b1_c + h2o_c	0.0	0.0	0.0	0.0
E1R00580	E1_candidate	E1R00580	iJN1463:HOPNTAL2	E1M_1fb85c2b44971a_c --> E1M_5c35585fa1091a_c + pyr_c	0.0	0.0	0.0	0.0
E1R00581	E1_candidate	E1R00581	iCN1361:R_RXN_5821	E1M_b433926e07de49_c + h2o2_c + nh4_c <-- E1M_902f07ba81df23_c + h2o_c + o2_c	0.0	0.0	0.0	0.0
E1R00582	E1_candidate	E1R00582	iCN1361:R_RXN_15194	E1M_b433926e07de49_c + E1M_de233406107371_c <=> E1M_27a07126be4bc4_c + h2o_c	0.0	0.0	0.0	0.0
E1R00583	E1_candidate	E1R00583	iCN1361:R_RXN_15197	E1M_b433926e07de49_c + nh4_c <=> E1M_38988586798198_c + h2o_c	0.0	0.0	0.0	0.0
E1R00584	E1_candidate	E1R00584	iJN1463:4HPROE	E1M_8bedc8a12092a1_c <=> E1M_eecbdcef12e865_c	0.0	0.0	0.0	0.0
E1R00585	E1_candidate	E1R00585	iCN1361:R_RXN66_545	E1M_eecbdcef12e865_c + fad_c <=> E1M_d1ec9c9b369f2c_c + fadh2_c + h_c	0.0	0.0	0.0	0.0
E1R00586	E1_candidate	E1R00586	iJN1463:4HPTNCOAL	E1M_dc6789c6c23a0d_c + amp_c + ppi_c <-- E1M_c14126eefc48b8_c + atp_c + coa_c	0.0	0.0	0.0	0.0
E1R00587	E1_candidate	E1R00587	iJN1463:4OXPTCOADHx	E1M_dc6789c6c23a0d_c + nad_c <-- E1M_e29e8b513790b0_c + h_c + nadh_c	0.0	0.0	0.0	0.0
E1R00588	E1_candidate	E1R00588	iJN1463:4OXPTCOADHy	E1M_dc6789c6c23a0d_c + nadp_c <-- E1M_e29e8b513790b0_c + h_c + nadph_c	0.0	0.0	0.0	0.0
E1R00589	E1_candidate	E1R00589	iJN1463:4HPTNCOAK	E1M_dc6789c6c23a0d_c + atp_c --> E1M_253c34e796edd6_c + adp_c + h_c	0.0	0.0	0.0	0.0
E1R00590	E1_candidate	E1R00590	iML1515:4HTHRK	E1M_a88fb55eea7d71_c + atp_c --> adp_c + h_c + phthr_c	1.0748096538906182e-05	1.56229161308221e-06	0.0	1000.0
E1R00591	E1_candidate	E1R00591	iML1515:4HTHRA	E1M_a88fb55eea7d71_c <=> gcald_c + gly_c	-1.0748096538906183e-05	-1.56229161308221e-06	-1.0748096009892048e-05	999.8470044714248
E1R00592	E1_candidate	E1R00592	iJN1463:4HTHRS	E1M_a88fb55eea7d71_c + pi_c <-- h2o_c + phthr_c	0.0	0.0	-1999.8470044699545	0.0
E1R00593	E1_candidate	E1R00593	iCN1361:R_IMIDAZOLONEPROPIONASE_RXN	E1M_3a598f904786c4_c + h2o_c <=> E1M_399eff22c88f9d_c	9.461891155195407e-18	0.0	-1000.0	499.9235053598616
E1R00594	E1_candidate	E1R00594	iJN1463:IZPN	E1M_3a598f904786c4_c + h2o_c --> E1M_399eff22c88f9d_c + h_c	0.0	0.0	0.0	1499.9235053595253
E1R00595	E1_candidate	E1R00595	iCN1361:R_UROCANATE_HYDRATASE_RXN;iJN1463:URCN	E1M_3a598f904786c4_c <-- E1M_90c5122763862e_c + h2o_c	0.0	0.0	-499.923505359571	0.0
E1R00596	E1_candidate	E1R00596	iJN1463:4MBZALDH	E1M_616396f0ad0411_c + nad_c --> E1M_0f7c2c51f2f307_c + h_c + nadh_c	0.0	0.0	0.0	0.0
E1R00597	E1_candidate	E1R00597	iJN1463:PXMO	E1M_616396f0ad0411_c + h2o_c + nad_c <-- E1M_4b4c74f041a367_c + h_c + nadh_c + o2_c	0.0	0.0	0.0	0.0
E1R00598	E1_candidate	E1R00598	iJN1463:4MBZDH	E1M_0f7c2c51f2f307_c + h2o_c + nad_c --> E1M_831492e82e5ab5_c + 2.0 h_c + nadh_c	0.0	0.0	0.0	0.0
E1R00599	E1_candidate	E1R00599	iJN1463:DH4MCHCDH	E1M_f81b12e6ee4148_c + co2_c + nadh_c <-- E1M_9520e9f244ea34_c + nad_c	0.0	0.0	0.0	0.0
E1R00600	E1_candidate	E1R00600	iCN1361:R_RXN_10078	E1M_f81b12e6ee4148_c + co2_c + h2o_c + nad_c <-- E1M_ccdd41e8e88d8f_c + 2.0 h_c + nadh_c + o2_c	0.0	0.0	0.0	0.0
E1R00601	E1_candidate	E1R00601	iCN1361:R_RXN_10079	E1M_f81b12e6ee4148_c + co2_c + h2o_c + nad_c <-- E1M_a4a14076a1c558_c + 2.0 h_c + nadh_c + o2_c	0.0	0.0	0.0	0.0
E1R00602	E1_candidate	E1R00602	iCN1361:R_RXN_11219;iJN1463:4MCAT23DOX	E1M_f81b12e6ee4148_c + o2_c --> E1M_c6147ad7e9da9c_c + h_c	0.0	0.0	0.0	0.0
E1R00603	E1_candidate	E1R00603	iCN1361:R_HOMOGENTISATE_12_DIOXYGENASE_RXN;iJN1463:HGNTOR	E1M_9766b9e394585e_c + h_c <-- E1M_405c125c5ec01a_c + o2_c	0.0	0.0	-679.5239861415854	0.0
E1R00604	E1_candidate	E1R00604	iJN1463:OIVD1r	4mop_c + coa_c + nad_c <=> E1M_b160e830013a06_c + co2_c + nadh_c	0.0	0.0	0.0	999.9281298994601
E1R00605	E1_candidate	E1R00605	iJN1463:DAAD3	4mop_c + fadh2_c + nh4_c <-- E1M_3b9983b2b2db59_c + fad_c + h2o_c	0.0	0.0	0.0	0.0
E1R00606	E1_candidate	E1R00606	iCN1361:R_LEUCINE_DEHYDROGENASE_RXN;iJN1463:LLEUDr	4mop_c + h_c + nadh_c + nh4_c <=> h2o_c + leu_DASH_L_c + nad_c	0.068519115435956	0.039838436133596354	-999.9601615638653	1000.068519115995
E1R00607	E1_candidate	E1R00607	iML1515:THZPSN3	4mpetz_c + E1M_cd3330afbb89ce_c + amp_c + co2_c + 2.0 h2o_c + nadp_c + ppi_c <-- E1M_031b9b5d9b7806_c + E1M_18a2357523921f_c + atp_c + dxyl5p_c + h_c + nadph_c	0.0	0.0	-2.687024121646388e-06	0.0
E1R00608	E1_candidate	E1R00608	iCN1361:R_4_HYDROXYBUTYRATE_DEHYDROGENASE_RXN;iML1515:GHBDHx	E1M_dbd562877c2b49_c + nad_c <=> E1M_2688447a251e68_c + h_c + nadh_c	0.0	0.0	0.0	0.0
E1R00609	E1_candidate	E1R00609	iJN1463:LEVUACOAL	E1M_e29e8b513790b0_c + amp_c + ppi_c <-- E1M_cab315856eb298_c + atp_c + coa_c	0.0	0.0	0.0	0.0
E1R00610	E1_candidate	E1R00610	iCN1361:R_RXN66_555	4ppan_c + atp_c + cys_DASH_L_c --> 4ppcys_c + amp_c + h_c + ppi_c	0.2897743254413793	0.0	0.0	1000.0
E1R00611	E1_candidate	E1R00611	iCN1361:R_P_PANTOCYSLIG_RXN;iJN1463:PPNCL2;iML1515:PPNCL2	4ppan_c + ctp_c + cys_DASH_L_c --> 4ppcys_c + cmp_c + h_c + ppi_c	0.0	0.0	0.0	1001.026133637122
E1R00612	E1_candidate	E1R00612	iCN1361:R_PANTOTHENATE_KIN_RXN;iJN1463:PNTK;iML1515:PNTK	4ppan_c + adp_c + h_c <=> atp_c + pnto_DASH_R_c	-0.3247217613378516	-0.020319164719754375	-1000.0000080602214	1.0261289585124578
E1R00613	E1_candidate	E1R00613	iCN1361:R_P_PANTOCYSDECARB_RXN;iJN1463:PPCDC;iML1515:PPCDC	4ppcys_c + h_c <=> E1M_892f96a502f016_c + co2_c	0.0	0.0	-999.9999953137805	1001.0261336443783
E1R00614	E1_candidate	E1R00614	iJN1463:PQQFEP	E1M_08b96b021ce312_c + E1M_3ee47037346e83_c <-- E1M_f5910ffad111eb_c + 4.0 h2o_c	0.0	0.0	0.0	0.0
E1R00615	E1_candidate	E1R00615	iCN1361:R_RIBOPHOSPHAT_RXN;iJN1463:PMDPHT;iML1515:PMDPHT	4r5au_c + pi_c <=> E1M_b60453ecdb581c_c + h2o_c	-5.374048269492426e-06	-3.1245832261666436e-06	-1000.0000053740483	0.0
E1R00616	E1_candidate	E1R00616	iCN1361:R_LUMAZINESYN_RXN	4r5au_c + db4p_c <=> dmlz_c + 2.0 h2o_c + h_c + pi_c	0.0	6.249166452333288e-06	-999.9999937508956	1000.0
E1R00617	E1_candidate	E1R00617	iCN1361:R_RIBOFLAVIN_SYN_RXN	4r5au_c + ribflv_c <=> 2.0 dmlz_c + h_c	0.0	0.0	-5.374088172536979e-06	999.9999968753768
E1R00618	E1_candidate	E1R00618	iJN1463:DURAD2	E1M_8b3e85a5c0b4ab_c + nadp_c <=> E1M_a460ac7bdbc9bd_c + h_c + nadph_c	0.0	0.0	-999.9765824985519	0.0
E1R00619	E1_candidate	E1R00619	iCN1361:R_DIHYDROPYRIMIDINASE_RXN;iJN1463:DHPM1	E1M_d3dcb4528ec1c4_c + h2o_c <=> E1M_621d784f9f46ec_c + h_c	0.0	0.0	0.0	999.9765824985524
E1R00620	E1_candidate	E1R00620	iML1515:DURADx	E1M_d3dcb4528ec1c4_c + nad_c <=> h_c + nadh_c + ura_c	0.0	0.0	-1000.0	1000.0
E1R00621	E1_candidate	E1R00621	iJN1463:DURAD	E1M_d3dcb4528ec1c4_c + nadp_c <=> h_c + nadph_c + ura_c	0.0	0.0	-1999.9765824985532	1000.0000000000001
E1R00622	E1_candidate	E1R00622	iJN1463:DAAD5	E1M_adb2a0f39e4756_c + fadh2_c + nh4_c <-- E1M_95aabd1072e9f1_c + fad_c + h2o_c	0.0	0.0	0.0	0.0
E1R00623	E1_candidate	E1R00623	iJN1463:AIRC3;iML1515:AIRC3	5aizc_c <=> E1M_21f41069c3bdeb_c	0.0	0.0	-1999.9812525006505	0.0
E1R00624	E1_candidate	E1R00624	iCN1361:R_AIRCARBOXY_RXN	5aizc_c + 2.0 h_c <-- air_c + co2_c	-0.03743185841144104	-0.021763659545206	-1000.0	0.0
E1R00625	E1_candidate	E1R00625	iJN1463:APENTAMAH2	E1M_64f2b2010cbb28_c + h2o_c + h_c --> E1M_911e75b78c4356_c + nh4_c	0.0	0.0	0.0	999.9589101682906
E1R00626	E1_candidate	E1R00626	iCN1361:R_RIBOFLAVINSYNREDUC_RXN;iJN1463:APRAUR;iML1515:APRAUR	E1M_b60453ecdb581c_c + nadp_c <-- 5apru_c + h_c + nadph_c	-5.374048269492426e-06	-3.124583226166643e-06	-1000.0000053740483	0.0
E1R00627	E1_candidate	E1R00627	iJN1463:APTNAT	E1M_911e75b78c4356_c + akg_c <=> E1M_f752131cf7a4b4_c + glu_DASH_L_c	0.0	0.0	0.0	999.9589101682851
E1R00628	E1_candidate	E1R00628	iJN1463:GG15DAPAH	E1M_911e75b78c4356_c + glu_DASH_L_c <-- E1M_af0831c1737ebe_c + h2o_c	0.0	0.0	-999.9589101682842	0.0
E1R00629	E1_candidate	E1R00629	iJN1463:GPTNH	E1M_3ef9bbcd989afd_c + E1M_911e75b78c4356_c <-- E1M_4c1a167d08763e_c + h2o_c	0.0	0.0	0.0	0.0
E1R00630	E1_candidate	E1R00630	iJN1463:PPRDNDH	E1M_911e75b78c4356_c + h_c + nadh_c <-- E1M_03fb26115c30ed_c + 2.0 h2o_c + nad_c	0.0	0.0	-999.9589101682672	0.0
E1R00631	E1_candidate	E1R00631	iJN1463:AIRC2;iML1515:AIRC2	E1M_21f41069c3bdeb_c + adp_c + h_c + pi_c <-- air_c + atp_c + hco3_c	0.0	0.0	-1999.981252500643	0.0
E1R00632	E1_candidate	E1R00632	iCN1361:R_GLUCONATE_5_DEHYDROGENASE_RXN_NAD;iML1515:5DKGR	E1M_62396f56455f2e_c + h_c + nadh_c <=> E1M_37c10443a194aa_c + nad_c	0.0	0.0	-1000.0	1000.0
E1R00633	E1_candidate	E1R00633	iCN1361:R_GLUCONATE_5_DEHYDROGENASE_RXN_NADP;iML1515:5DGLCNR	E1M_62396f56455f2e_c + h_c + nadph_c --> E1M_37c10443a194aa_c + nadp_c	0.0	0.0	0.0	1000.0
E1R00634	E1_candidate	E1R00634	iML1515:IDOND	E1M_62396f56455f2e_c + h_c + nadh_c <=> E1M_47a9ed58713470_c + nad_c	0.0	0.0	-1000.0	0.0
E1R00635	E1_candidate	E1R00635	iML1515:IDOND2	E1M_62396f56455f2e_c + h_c + nadph_c --> E1M_47a9ed58713470_c + nadp_c	0.0	0.0	0.0	1000.0
E1R00636	E1_candidate	E1R00636	iCN1361:R_42141_RXN	E1M_ef039cb65a238e_c + h_c --> E1M_93d799b8f42fcb_c + co2_c + h2o_c	0.0	0.0	0.0	999.9999999999998
E1R00637	E1_candidate	E1R00637	iCN1361:R_GALACTARDEHYDRA_RXN;iJN1463:GALCTD;iML1515:GALCTD	E1M_ef039cb65a238e_c + h2o_c <=> E1M_e2051d08169a5a_c	-0.3054990056398564	0.0	-1000.0000000000001	0.0
E1R00638	E1_candidate	E1R00638	iCN1361:R_GLUCARDEHYDRA_RXN;iJN1463:GLCRD;iML1515:GLCRD	E1M_ef039cb65a238e_c + h2o_c <=> E1M_64995aec2f6983_c	0.0	0.0	5.721463773548295e-13	1000.0
E1R00639	E1_candidate	E1R00639	iJN1463:5DOAN;iML1515:5DOAN	E1M_f4a85872e4f67a_c + ade_c <-- E1M_8d775042794fad_c + h2o_c	0.0	0.0	0.0	0.0
E1R00640	E1_candidate	E1R00640	iCN1361:R_RXN_12978	E1M_dd405aac15b15b_c + amp_c + ppi_c <-- E1M_c6dce07ad4a4e4_c + atp_c + coa_c	0.0	0.0	-1000.0	0.0
E1R00641	E1_candidate	E1R00641	iCN1361:R_RXN_13430	E1M_dd405aac15b15b_c + h2o_c --> E1M_c6dce07ad4a4e4_c + coa_c + h_c	0.0	0.0	0.0	999.9999999999999
E1R00642	E1_candidate	E1R00642	iCN1361:R_RXN_14129	E1M_cf2e78d449c966_c + nh4_c <-- E1M_6836989df94449_c + h2o_c + h_c	0.0	0.0	0.0	0.0
E1R00643	E1_candidate	E1R00643	iCN1361:R_5_FORMYL_THF_CYCLO_LIGASE_RXN;iJN1463:FTHFCL	5fthf_c + atp_c --> adp_c + methf_c + pi_c	0.0	0.0	0.0	999.9999999999999
E1R00644	E1_candidate	E1R00644	iJN1463:ARUH	E1M_160e5dbc436788_c + ala_DASH_L_c <=> arg_DASH_L_c + pyr_c	0.0	0.0	-999.9777912435784	2000.0000000000002
E1R00645	E1_candidate	E1R00645	iJN1463:DAAD2	E1M_160e5dbc436788_c + fadh2_c + nh4_c <-- E1M_afe8a9768abec9_c + fad_c + h2o_c	0.0	0.0	-1000.0000000000001	0.0
E1R00646	E1_candidate	E1R00646	iCN1361:R_ARG_OXIDATION_RXN	E1M_160e5dbc436788_c + h2o2_c + nh4_c <-- arg_DASH_L_c + h2o_c + o2_c	0.0	0.0	-1000.0	0.0
E1R00647	E1_candidate	E1R00647	iJN1463:OARGDC	E1M_160e5dbc436788_c + h_c --> E1M_f4fb384bbff671_c + co2_c	0.0	0.0	-1.4620798821480049e-13	999.9777912435742
E1R00648	E1_candidate	E1R00648	iJN1463:HIUH_c	E1M_cbc75c6af3dfb9_c + h2o_c <=> E1M_839cc560455499_c	0.0	0.0	0.0	999.9594888446486
E1R00649	E1_candidate	E1R00649	iJN1463:URO_c	E1M_cbc75c6af3dfb9_c + h2o2_c + h_c <-- h2o_c + o2_c + urate_c	0.0	0.0	-999.9594888414146	0.0
E1R00650	E1_candidate	E1R00650	iJN1463:5HPUDICDC_c	E1M_839cc560455499_c + h_c --> E1M_7705b62f7a7e53_c + co2_c	0.0	0.0	0.0	999.9594888439103
E1R00651	E1_candidate	E1R00651	iJN1463:OHCUDC2	E1M_839cc560455499_c + h_c --> E1M_0c43e44337dd8b_c + co2_c	0.0	0.0	0.0	999.959488844043
E1R00652	E1_candidate	E1R00652	iCN1361:R_RXN_10780	E1M_9b6a05ebb8f141_c + h2o_c + nad_c --> E1M_d3f078a3e56261_c + 2.0 h_c + nadh_c	0.0	0.0	0.0	0.0
E1R00653	E1_candidate	E1R00653	iCN1361:R_RXN_10778	E1M_9b6a05ebb8f141_c + h2o2_c + nh4_c <-- E1M_d49b47fa63ee52_c + h2o_c + o2_c	0.0	0.0	0.0	0.0
E1R00654	E1_candidate	E1R00654	iCN1361:R_RXN_10781	E1M_9b6a05ebb8f141_c + h_c + nadh_c <-- E1M_9b368ab26bd658_c + nad_c	0.0	0.0	0.0	0.0
E1R00655	E1_candidate	E1R00655	iJN1463:CYTOM	E1M_6db07695d38b08_c + ahcys_c + h_c <=> amet_c + csn_c	0.0	0.0	-1996.9754616450266	0.0
E1R00656	E1_candidate	E1R00656	iCN1361:R_RXN_14197;iJN1463:MCSNAH	E1M_6db07695d38b08_c + h2o_c + h_c --> E1M_a460ac7bdbc9bd_c + nh4_c	0.0	0.0	0.0	1996.9754616643413
E1R00657	E1_candidate	E1R00657	iJN1463:MTRI	E1M_c69d16b0096ae4_c <=> E1M_42d28ddba72161_c	0.0	0.0	0.0	0.0
E1R00658	E1_candidate	E1R00658	iML1515:MTAN	5mta_c + h2o_c --> E1M_d113de07bbc862_c + ade_c	0.0	0.0	0.0	0.0
E1R00659	E1_candidate	E1R00659	iJN1463:METS;iML1515:METS	5mthf_c + hcys_DASH_L_c --> h_c + met_DASH_L_c + thf_c	0.0	0.015640101338566012	0.0	4393.018586427038
E1R00660	E1_candidate	E1R00660	iCN1361:R_15120_RXN	5mthf_c + nad_c <-- h_c + mlthf_c + nadh_c	0.0	0.0	-1000.0	0.0
E1R00661	E1_candidate	E1R00661	iJN1463:MTHFR2;iML1515:MTHFR2	5mthf_c + nad_c <-- 2.0 h_c + mlthf_c + nadh_c	0.0	0.0	-4857.223606999438	0.0
E1R00662	E1_candidate	E1R00662	iCN1361:R_MUCONOLACTONE_DELTA_ISOMERASE_RXN;iJN1463:MUCLI	E1M_611fe0d7d77a49_c <=> E1M_672d0d991cd481_c	0.0	0.0	-679.5239861417155	0.0
E1R00663	E1_candidate	E1R00663	iML1515:CDGUNPD	E1M_718f64a9a58797_c + h_c <-- E1M_b0958ae24bb9d0_c + h2o_c	0.0	0.0	-499.99452729247935	0.0
E1R00664	E1_candidate	E1R00664	iML1515:LDGUNPD	E1M_718f64a9a58797_c + h2o_c --> 2.0 gmp_c + h_c	0.0	0.0	-1.2258147738383705e-13	499.994527292459
E1R00665	E1_candidate	E1R00665	iML1515:PHDA	E1M_640e079afa292f_c + h2o_c --> E1M_27b00e95801174_c	0.0	0.0	0.0	0.0
E1R00666	E1_candidate	E1R00666	iCN1361:R_COBALAMIN5PSYN_RXN	E1M_1dc99b13775b76_c + E1M_e6f9bebab5d8c2_c <=> E1M_4402b56ff6b097_c + gmp_c + h_c	0.0	0.0	0.0	0.0
E1R00667	E1_candidate	E1R00667	iCN1361:R_DMBPPRIBOSYLTRANS_RXN;iJN1463:NNDMBRT;iML1515:NNDMBRT	E1M_df5efa84b54b56_c + E1M_e6f9bebab5d8c2_c + h_c <=> E1M_33237e00b12ece_c + nicrnt_c	0.0	0.0	0.0	0.0
E1R00668	E1_candidate	E1R00668	iCN1361:R_RIBAZOLEPHOSPHAT_RXN;iJN1463:RZ5PP;iML1515:RZ5PP	E1M_e6f9bebab5d8c2_c + h2o_c --> E1M_c82029e0696b5d_c + pi_c	0.0	0.0	0.0	0.0
E1R00669	E1_candidate	E1R00669	iJN1463:DLYSOXGAT	E1M_150260486ca9c0_c + glu_DASH_D_c <=> E1M_1cf1e48129fdbe_c + akg_c	0.0	0.0	-1000.0034931313759	1999.997969020903
E1R00670	E1_candidate	E1R00670	iJN1463:DLYSPYRAT	E1M_150260486ca9c0_c + ala_DASH_D_c <=> E1M_1cf1e48129fdbe_c + pyr_c	0.0	0.0	-2999.9568791891875	1999.9969535313553
E1R00671	E1_candidate	E1R00671	iJN1463:DLYSAD	E1M_150260486ca9c0_c + fadh2_c + nh4_c <-- E1M_1cf1e48129fdbe_c + fad_c + h2o_c	0.0	0.0	-4999.953832720542	0.0
E1R00672	E1_candidate	E1R00672	iJN1463:ACOAD20f	E1M_ce719587b07375_c + fadh2_c <=> E1M_30e2e724245abc_c + fad_c	0.0	0.0	0.0	0.0
E1R00673	E1_candidate	E1R00673	iJN1463:RECOAH19	E1M_ce719587b07375_c + h2o_c <=> E1M_cdbaeaba54535d_c	0.0	0.0	-999998.9999999999	0.0
E1R00674	E1_candidate	E1R00674	iCN1361:R_H2PTERIDINEPYROPHOSPHOKIN_RXN;iML1515:HPPK2	6hmhpt_c + atp_c <=> E1M_9314ac755080bf_c + amp_c + h_c	-35.12407871007948	0.0	-999.9999999999999	1.0748096061845916e-05
E1R00675	E1_candidate	E1R00675	iCN1361:R_RXN_7573;iJN1463:6HNACMO	E1M_af98de83ac1a0f_c + 2.0 h_c + nadh_c + o2_c --> E1M_da96761be94b96_c + co2_c + h2o_c + nad_c	0.0	0.0	0.0	815.3926155076407
E1R00676	E1_candidate	E1R00676	iCN1361:R_NICOTINATE_DEHYDROGENASE_RXN	2.0 E1M_1ca7ce075aebd5_c + E1M_af98de83ac1a0f_c + 2.0 h_c <-- 2.0 E1M_ce99e43bdb91ca_c + E1M_df5efa84b54b56_c + h2o_c	0.0	0.0	0.0	0.0
E1R00677	E1_candidate	E1R00677	iJN1463:NACHY	E1M_af98de83ac1a0f_c <-- E1M_df5efa84b54b56_c + 0.5 o2_c	0.0	0.0	-815.3926155067792	0.0
E1R00678	E1_candidate	E1R00678	iCN1361:R_11143_RXN_NAD	E1M_907fd6facc3f10_c + h_c + nadh_c --> 6pgc_c + nad_c	0.0	0.0	0.0	1000.0
E1R00679	E1_candidate	E1R00679	iCN1361:R_11143_RXN_NADP	E1M_907fd6facc3f10_c + h_c + nadph_c --> 6pgc_c + nadp_c	0.0	0.0	0.0	1000.0
E1R00680	E1_candidate	E1R00680	iJN1463:PGLCNDH	E1M_907fd6facc3f10_c + nadph_c <=> 6pgc_c + 2.0 h_c + nadp_c	0.0	0.0	-3000.0	0.0
E1R00681	E1_candidate	E1R00681	iCN1361:R_GLUCONOKIN_RXN;iJN1463:GNK;iML1515:GNK	6pgc_c + adp_c + h_c <-- E1M_37c10443a194aa_c + atp_c	-0.42308556092282024	0.0	-3000.0	0.0
E1R00682	E1_candidate	E1R00682	iJN1463:GND;iML1515:GND	6pgc_c + nadp_c --> co2_c + nadph_c + ru5p_DASH_D_c	0.0	0.0	0.0	999.8530161692281
E1R00683	E1_candidate	E1R00683	iML1515:GNP	6pgc_c + h2o_c --> E1M_37c10443a194aa_c + pi_c	0.0	0.0	0.0	1000.0
E1R00684	E1_candidate	E1R00684	iML1515:BGLA1	E1M_cf75f5b7549d26_c + h2o_c --> E1M_0d7ec9a9ae9537_c + E1M_c3edf194a05839_c	0.0	0.0	0.0	0.0
E1R00685	E1_candidate	E1R00685	iCN1361:R_GLU6PDEHYDROG_RXN;iJN1463:G6PDH2r;iML1515:G6PDH2r	6pgl_c + h_c + nadph_c <=> E1M_c3edf194a05839_c + nadp_c	0.0	0.0	-2000.0	1000.0
E1R00686	E1_candidate	E1R00686	iJN1463:G6PBDH	6pgl_c + h_c + nadph_c <-- E1M_42d217a8556118_c + nadp_c	0.0	0.0	-2999.9999999999995	0.0
E1R00687	E1_candidate	E1R00687	iCN1361:R_42312_RXN	E1M_88c14b53d47a69_c + h_c + pppi_c <-- ahdt_c	0.0	0.0	0.0	0.0
E1R00688	E1_candidate	E1R00688	iJN1463:AOXSr2;iML1515:AOXSr2	8aonn_c + ACP_c + co2_c <-- E1M_7cf9059c34e552_c + ala_DASH_L_c	0.0	0.0	0.0	0.0
E1R00689	E1_candidate	E1R00689	iCN1361:R_R311_RXN	E1M_4bdb6e8b07fb27_c + h2o_c <=> E1M_14e19f72317e79_c + nh4_c	0.0	0.0	0.0	0.0
E1R00690	E1_candidate	E1R00690	iJN1463:ECTOH	E1M_6a2ba99da37553_c <-- E1M_29f4511ebc3c2f_c + h2o_c	0.0	0.0	0.0	0.0
E1R00691	E1_candidate	E1R00691	iCN1361:R_RXN0_299;iJN1463:TAUDO;iML1515:TAUDO	E1M_3c3d2f608fd4dd_c + co2_c + h_c + so3_c + succ_c <-- E1M_3b354339db2f41_c + akg_c + o2_c	0.0	0.0	0.0	0.0
E1R00692	E1_candidate	E1R00692	iJN1463:FDMOtau	E1M_3c3d2f608fd4dd_c + fmn_c + h2o_c + h_c + so3_c <-- E1M_07cbe2f41a7174_c + E1M_3b354339db2f41_c + o2_c	0.0	0.0	0.0	0.0
E1R00693	E1_candidate	E1R00693	iJN1463:ALDD31	E1M_3c3d2f608fd4dd_c + h2o_c + nad_c --> gly_c + 2.0 h_c + nadh_c	0.0	0.0	0.0	2999.9788621945545
E1R00694	E1_candidate	E1R00694	iML1515:ACACCT	E1M_03fe5f2152dd35_c + ac_c <-- E1M_5c1942d4297612_c + accoa_c	0.0	0.0	-1000.0	0.0
E1R00695	E1_candidate	E1R00695	iJN1463:AACOAT	E1M_03fe5f2152dd35_c + amp_c + ppi_c <-- E1M_5c1942d4297612_c + atp_c + coa_c	0.0	0.0	-4666.800785757158	0.0
E1R00696	E1_candidate	E1R00696	iCN1361:R_RXNI_2;iJN1463:OCOAT1	E1M_03fe5f2152dd35_c + succ_c <=> E1M_5c1942d4297612_c + succoa_c	0.0	0.0	-3666.800785757342	1000.0
E1R00697	E1_candidate	E1R00697	iCN1361:R_ACETYL_COA_ACETYLTRANSFER_RXN;iJN1463:ACACT1r;iJN1463:KAT1;iML1515:ACACT1r	E1M_03fe5f2152dd35_c + coa_c <=> 2.0 accoa_c	-0.02555359952140951	-0.014857393240411815	-999.9999999999847	1666.8007857562734
E1R00698	E1_candidate	E1R00698	iCN1361:R_RXN_5901	E1M_03fe5f2152dd35_c + h_c + nadph_c --> E1M_f1395bdf52390b_c + nadp_c	0.0	0.014857393240411814	0.0	1000.0
E1R00699	E1_candidate	E1R00699	iJN1463:APPLDHr;iML1515:APPLDHr	E1M_e2b7a0497460e6_c + h_c + nadh_c <=> E1M_b1d1761b219cb5_c + nad_c	0.0	0.0	0.0	0.0
E1R00700	E1_candidate	E1R00700	iCN1361:R_RXN_14249	E1M_e2b7a0497460e6_c + co2_c + nadh_c <-- nad_c + thr_DASH_L_c	0.0	0.0	-1000.0	0.0
E1R00701	E1_candidate	E1R00701	iJN1463:AACTOOR;iML1515:AACTOOR	E1M_e2b7a0497460e6_c + h2o_c + o2_c --> E1M_c31c438121d023_c + h2o2_c + nh4_c	0.0	0.0	0.0	2000.0352318885632
E1R00702	E1_candidate	E1R00702	iCN1361:R_RXN66_3;iJN1463:ALDD2x	ac_c + 2.0 h_c + nadh_c <-- E1M_703358c6a7989c_c + h2o_c + nad_c	0.0	0.0	-2999.98559410904	0.0
E1R00703	E1_candidate	E1R00703	iCN1361:R_RXN0_3962;iJN1463:ALDD2y;iML1515:ALDD2y	ac_c + 2.0 h_c + nadph_c <-- E1M_703358c6a7989c_c + h2o_c + nadp_c	0.0	0.0	-1000.0	0.0
E1R00704	E1_candidate	E1R00704	iML1515:BUTCT	E1M_170dd23f031ce7_c + ac_c <-- E1M_81f76ddf608805_c + accoa_c	0.0	0.0	0.0	0.0
E1R00705	E1_candidate	E1R00705	iCN1361:R_ACETYL_COA_HYDROLASE_RXN	ac_c + coa_c + h_c <-- accoa_c + h2o_c	0.0	0.0	-1000.0	0.0
E1R00706	E1_candidate	E1R00706	iML1515:HXCT	E1M_9e0d2f4b23b8a8_c + ac_c <-- E1M_3ecfb221ebde8b_c + accoa_c	0.0	0.0	-1000.0	0.0
E1R00707	E1_candidate	E1R00707	iML1515:ACOXT	E1M_aa24e48d6234e5_c + ac_c <=> E1M_9cfc0a76997165_c + accoa_c	0.0	0.0	1.4620798821480046e-13	1.4620798821480046e-13
E1R00708	E1_candidate	E1R00708	iCN1361:R_PROPIONATE_COA_TRANSFERASE_RXN	ac_c + ppcoa_c <-- E1M_ddfbeb6db46f97_c + accoa_c	0.0	0.0	-1000.0	0.0
E1R00709	E1_candidate	E1R00709	iJN1463:NACODA	ac_c + glu5sa_c <-- acg5sa_c + h2o_c	0.0	0.0	-999.9777912435438	0.0
E1R00710	E1_candidate	E1R00710	iCN1361:R_35180_RXN	E1M_5a587693ffa7c4_c + ac_c <-- E1M_a28e431a4a503b_c + h2o_c	0.0	0.0	0.0	0.0
E1R00711	E1_candidate	E1R00711	iCN1361:R_NAG6PDEACET_RXN;iML1515:AGDC	ac_c + gam6p_c <=> E1M_963237837e8d65_c + h2o_c	0.0	0.0	0.0	0.0
E1R00712	E1_candidate	E1R00712	iCN1361:R_O_ACETYLHOMOSERINE_THIOL_LYASE_RXN	ac_c + h_c + met_DASH_L_c <-- E1M_2e759a89dc98cd_c + achms_c	-0.14604298615223435	0.0	-999.9589101682844	0.0
E1R00713	E1_candidate	E1R00713	iCN1361:R_SULFOCYS_RXN	E1M_72bb8062fc25c0_c + ac_c + h_c <-- E1M_aa4f290632a67f_c + acser_c	0.0	0.0	0.0	0.0
E1R00714	E1_candidate	E1R00714	iCN1361:R_RXN_12726	E1M_186d719874440c_c + ac_c + h_c <-- E1M_ebd75608220427_c + acser_c	0.0	0.0	0.0	0.0
E1R00715	E1_candidate	E1R00715	iJN1463:SLCYSS	E1M_72bb8062fc25c0_c + ac_c <-- E1M_aa4f290632a67f_c + acser_c	0.0	0.0	0.0	0.0
E1R00716	E1_candidate	E1R00716	iCN1361:R_ACETATEKIN_RXN;iML1515:ACKr	ac_c + atp_c <=> E1M_3aa18c67d5e007_c + adp_c	0.779634234158311	0.0	-1000.0	1000.0
E1R00717	E1_candidate	E1R00717	iCN1361:R_RXN_14728;iJN1463:AMID4	ac_c + nh4_c <-- E1M_2a04a348cf8ba9_c + h2o_c	0.0	0.0	0.0	0.0
E1R00718	E1_candidate	E1R00718	iJN1463:R05219	E1M_5a6ac0666cea44_c + ac_c + ahcys_c + h_c <-- E1M_03345fcb6be4f4_c + amet_c + h2o_c	0.0	0.0	0.0	0.0
E1R00719	E1_candidate	E1R00719	iJN1463:HMSH3	E1M_b3ce4091b2224c_c + ac_c + h_c <-- E1M_a3cb4103345a61_c + h2o_c	0.0	0.0	0.0	0.0
E1R00720	E1_candidate	E1R00720	iML1515:DC6PDA	E1M_bb874a98cdd244_c + ac_c <-- E1M_6f396273ffc997_c + h2o_c	0.0	0.0	0.0	0.0
E1R00721	E1_candidate	E1R00721	iCN1361:R_CITLY_RXN;iML1515:CITL	ac_c + oaa_c <-- cit_c	-0.7776995767812958	0.0	-1000.0	0.0
E1R00722	E1_candidate	E1R00722	iCN1361:R_RXN_7933	ac_c + citr_DASH_L_c <-- E1M_5481517ab9bf0a_c + h2o_c	0.0	0.0	0.0	0.0
E1R00723	E1_candidate	E1R00723	iML1515:POX	ac_c + co2_c + q8h2_c <-- h2o_c + pyr_c + q8_c	0.0	0.0	-1000.0	0.0
E1R00724	E1_candidate	E1R00724	iCN1361:R_31112_RXN	ac_c + h_c + pi_c <=> E1M_3118f99b29bb1f_c + h2o_c	0.0	0.0	0.0	0.0
E1R00725	E1_candidate	E1R00725	iJN1463:PHNACH	ac_c + pi_c <-- E1M_62ad3ac073944b_c + h2o_c	0.0	0.0	0.0	0.0
E1R00726	E1_candidate	E1R00726	iCN1361:R_UDPACYLGLCNACDEACETYL_RXN;iML1515:UHGADA	E1M_5d6f6a24070419_c + ac_c <=> h2o_c + u3aga_c	0.0	0.0	0.0	0.0
E1R00727	E1_candidate	E1R00727	iJN1463:UHGADA2_1	E1M_1d1b5f9b251aad_c + ac_c <-- E1M_17906ddca172c0_c + h2o_c	0.0	0.0	0.0	0.0
E1R00728	E1_candidate	E1R00728	iCN1361:R_HYDROXYMETHYLGLUTARYL_COA_LYASE_RXN;iJN1463:HMGL	E1M_5c1942d4297612_c + accoa_c <-- E1M_d464d5ff5c83a1_c	0.0	0.0	-999.9281298989226	0.0
E1R00729	E1_candidate	E1R00729	iCN1361:R_3_HYDROXYBUTYRATE_DEHYDROGENASE_RXN;iJN1463:BDH	E1M_5c1942d4297612_c + h_c + nadh_c <=> E1M_5451e5af795cbd_c + nad_c	0.0	0.0	-3499.9440527750435	2111.197825425518
E1R00730	E1_candidate	E1R00730	iJN1463:ACTD2	E1M_703358c6a7989c_c + accoa_c + h_c + nadh_c <-- E1M_4084aa9c9ae64f_c + coa_c + nad_c	0.0	0.0	0.0	0.0
E1R00731	E1_candidate	E1R00731	iCN1361:R_RXN_9718	E1M_703358c6a7989c_c + accoa_c + h_c + nadh_c <-- E1M_8286c8000ca1e9_c + coa_c + nad_c	0.0	0.0	0.0	0.0
E1R00732	E1_candidate	E1R00732	iCN1361:R_ACETALD_DEHYDROG_RXN;iJN1463:ACALD;iML1515:ACALD	E1M_703358c6a7989c_c + coa_c + nad_c <=> accoa_c + h_c + nadh_c	0.0823610515636582	-0.04296301935976079	-4500.10493587146	2759.520632411219
E1R00733	E1_candidate	E1R00733	iCN1361:R_RXN0_986	E1M_703358c6a7989c_c + ade_c + co2_c + succ_c <-- E1M_a0aa5d5620b4fa_c + akg_c + o2_c	0.0	0.0	0.0	0.0
E1R00734	E1_candidate	E1R00734	iJN1463:CPH4S;iML1515:CPH4S	E1M_66183496240141_c + E1M_703358c6a7989c_c + h_c + pppi_c <-- ahdt_c + h2o_c	0.0	0.0	0.0	0.0
E1R00735	E1_candidate	E1R00735	iJN1463:THRA2;iML1515:THRA2	E1M_703358c6a7989c_c + gly_c <=> E1M_10ada747f78f18_c	0.0	0.0	-1999.9999999999998	4000.0352318877954
E1R00736	E1_candidate	E1R00736	iCN1361:R_ETHAMLY_RXN;iJN1463:ETHAAL;iML1515:ETHAAL	E1M_703358c6a7989c_c + nh4_c <=> E1M_254b7f58dd6570_c	0.0	0.0	0.0	0.0
E1R00737	E1_candidate	E1R00737	iJN1463:FDMO3;iML1515:FDMO3	E1M_703358c6a7989c_c + fmn_c + h2o_c + h_c + so3_c <-- E1M_07cbe2f41a7174_c + E1M_8f9bf0b535d164_c + o2_c	0.0	0.0	0.0	0.0
E1R00738	E1_candidate	E1R00738	iCN1361:R_RXN66_1	E1M_703358c6a7989c_c + 2.0 h2o_c <-- E1M_2b67395c38c60c_c + h2o2_c	0.0	0.0	-1000.0	0.0
E1R00739	E1_candidate	E1R00739	iCN1361:R_ALCOHOL_DEHYDROG_RXN;iJN1463:ALCD2x;iML1515:ALCD2x	E1M_703358c6a7989c_c + h_c + nadh_c <=> E1M_2b67395c38c60c_c + nad_c	0.0	0.0	5.445483640108007e-13	1999.9999999999961
E1R00740	E1_candidate	E1R00740	iCN1361:R_RXN_11039	E1M_4374377df80c78_c + E1M_703358c6a7989c_c <-- E1M_2b67395c38c60c_c + q8_c	0.0	0.0	-1000.0	0.0
E1R00741	E1_candidate	E1R00741	iCN1361:R_THREONINE_ALDOLASE_RXN;iJN1463:THRA;iML1515:THRA	E1M_703358c6a7989c_c + gly_c <=> thr_DASH_L_c	-0.0823610515636582	0.04296301935976079	-1999.9159471489477	2000.1193622141586
E1R00742	E1_candidate	E1R00742	iJN1463:PALDP	E1M_703358c6a7989c_c + pi_c <-- E1M_8d27a2f73304a8_c + h2o_c	0.0	0.0	0.0	0.0
E1R00743	E1_candidate	E1R00743	iCN1361:R_RXN_11747	E1M_703358c6a7989c_c + E1M_c14bd968935c11_c <=> E1M_1e4dc3e61a48be_c + thr_DASH_L_c	0.0	0.0	0.0	0.0
E1R00744	E1_candidate	E1R00744	iML1515:AMPNTAT	E1M_86d1ad9b1fd4b0_c + coa_c <-- E1M_1b20429c974bcd_c + accoa_c	0.0	0.0	0.0	0.0
E1R00745	E1_candidate	E1R00745	iML1515:ACANTHAT	E1M_8b2a87521d097c_c + coa_c <-- accoa_c + anth_c	0.0	0.0	0.0	0.0
E1R00746	E1_candidate	E1R00746	iML1515:GLCATr	E1M_0d7ec9a9ae9537_c + accoa_c <=> E1M_655370791aadb7_c + coa_c	0.0	0.0	0.0	0.0
E1R00747	E1_candidate	E1R00747	iML1515:MALTATr	E1M_135bd8646d3c03_c + accoa_c <=> E1M_cac3f12fc59ff5_c + coa_c	0.0	0.0	0.0	0.0
E1R00748	E1_candidate	E1R00748	iJN1463:METNA;iML1515:METNA	accoa_c + met_DASH_L_c <=> E1M_d7c0625690f66a_c + coa_c + h_c	0.0	0.0	0.0	0.0
E1R00749	E1_candidate	E1R00749	iJN1463:MTSOXINACT	E1M_6be8abe003f8a6_c + accoa_c --> E1M_3bf240e337ee6a_c + coa_c + h_c	0.0	0.0	0.0	0.0
E1R00750	E1_candidate	E1R00750	iJN1463:PPTRNACT	E1M_47d14a4f38524c_c + accoa_c --> E1M_2bcc1725a91d15_c + coa_c + h_c	0.0	0.0	0.0	0.0
E1R00751	E1_candidate	E1R00751	iCN1361:R_231180_RXN;iJN1463:KAS15;iML1515:KAS15	accoa_c + h_c + malACP_c --> actACP_c + co2_c + coa_c	0.0	-2.4768596633940885e-34	0.0	500.00000000000045
E1R00752	E1_candidate	E1R00752	iCN1361:R_PHOSACETYLTRANS_RXN;iJN1463:PTAr;iML1515:PTAr	accoa_c + pi_c <=> E1M_3aa18c67d5e007_c + coa_c	-0.7796342341583109	0.0	-999.9999999999998	999.9999999999995
E1R00753	E1_candidate	E1R00753	iCN1361:R_DIHYDLIPACETRANS_RXN;iJN1463:PDHbr	E1M_ff51a5d9e47ed7_c + accoa_c <=> E1M_2ee137070386b2_c + coa_c	0.0	0.0	-2333.6452727455576	0.0
E1R00754	E1_candidate	E1R00754	iCN1361:R_ACETYL_COA_CARBOXYLTRANSFER_RXN	E1M_45f8123c586dff_c + accoa_c + atp_c --> adp_c + h_c + malcoa_c + pi_c	0.0	0.0	0.0	1000.0
E1R00755	E1_candidate	E1R00755	iCN1361:R_RXN_0	accoa_c + ptrc_c --> E1M_26ef967cae4c73_c + coa_c + h_c	0.0	0.0	0.0	0.0
E1R00756	E1_candidate	E1R00756	iML1515:O16AT	E1M_36044202b52c4d_c + accoa_c --> E1M_b267a1ea4b006a_c + coa_c	0.0	0.0	0.0	0.0
E1R00757	E1_candidate	E1R00757	iCN1361:R_RXN0_6948	accoa_c + met_DASH_L_c --> E1M_a2cb9bedb86b82_c + coa_c + h_c	0.0	0.0	0.0	0.0
E1R00758	E1_candidate	E1R00758	iML1515:POR5	2.0 E1M_91b94cf82609d2_c + accoa_c + co2_c + h_c <=> 2.0 E1M_04a80e309b35fc_c + coa_c + pyr_c	0.0	0.0	-1000.0	1000.0
E1R00759	E1_candidate	E1R00759	iJN1463:MMSAD3	accoa_c + co2_c + nadh_c <-- E1M_bc112a56b262a9_c + coa_c + nad_c	0.0	0.0	-2000.0289535662657	0.0
E1R00760	E1_candidate	E1R00760	iCN1361:R_MALONYL_COA_DECARBOXYLASE_RXN	accoa_c + co2_c <-- h_c + malcoa_c	0.0	0.0	-1000.0	0.0
E1R00761	E1_candidate	E1R00761	iCN1361:R_RXN_14803	E1M_f1f9bb6f3365a8_c + accoa_c <-- E1M_17e7269e2b9ec2_c + coa_c	0.0	0.0	0.0	0.0
E1R00762	E1_candidate	E1R00762	iML1515:PAI2T	accoa_c + dhap_c <-- E1M_993fe26c225f98_c + coa_c	0.0	0.0	-499.92350535944223	0.0
E1R00763	E1_candidate	E1R00763	iJN1463:GLYBACT1r	E1M_081f83f32d0025_c + accoa_c <=> E1M_8f7bccde98b832_c + coa_c	0.0	0.0	0.0	0.0
E1R00764	E1_candidate	E1R00764	iML1515:TDPADGAT	E1M_1d3d7e93243862_c + accoa_c --> E1M_322d52b74498b0_c + coa_c + h_c	0.0	0.0	0.0	0.0
E1R00765	E1_candidate	E1R00765	iML1515:PFL	accoa_c + for_c <-- coa_c + pyr_c	0.0	0.0	-1000.0	0.0
E1R00766	E1_candidate	E1R00766	iCN1361:R_SPERMACTRAN_RXN;iML1515:SPMDAT1	accoa_c + spmd_c --> E1M_6bbc0293f2b28c_c + coa_c + h_c	0.0	0.0	0.0	0.0
E1R00767	E1_candidate	E1R00767	iCN1361:R_RXN_9939	E1M_869b0a279fdb15_c + accoa_c --> E1M_91aa305c323889_c + coa_c + h_c	0.0	0.0	0.0	0.0
E1R00768	E1_candidate	E1R00768	iML1515:SPMDAT2	accoa_c + spmd_c --> E1M_5b6dcc15c7a383_c + coa_c + h_c	0.0	0.0	0.0	0.0
E1R00769	E1_candidate	E1R00769	iCN1361:R_RXN_13871	E1M_c39d110a3c8042_c + accoa_c --> E1M_ff76e4f482d38b_c + coa_c + h_c	0.0	0.0	0.0	0.0
E1R00770	E1_candidate	E1R00770	iCN1361:R_RXN_12561	accoa_c + ppcoa_c <-- E1M_77fa9070767d18_c + coa_c	0.0	0.0	0.0	0.0
E1R00771	E1_candidate	E1R00771	iCN1361:R_RXN_3641;iJN1463:3OXCOAT;iML1515:3OXCOAT	accoa_c + succoa_c <-- E1M_7cb19c7033bf51_c + coa_c	0.0	0.0	-999.8470107190294	0.0
E1R00772	E1_candidate	E1R00772	iCN1361:R_RXN0_1133	E1M_0a49d440c252da_c + accoa_c <=> E1M_3620229e9b8133_c + coa_c	0.0	0.0	-1000.0	0.0
E1R00773	E1_candidate	E1R00773	iCN1361:R_RXN_13870	E1M_b62454f93c8547_c + accoa_c --> E1M_8fdd4052cebacc_c + coa_c	0.0	0.0	0.0	0.0
E1R00774	E1_candidate	E1R00774	iCN1361:R_RXN_14774	E1M_5ffb0b304e7f82_c + accoa_c <-- E1M_b79708a81e0fe3_c + coa_c	0.0	0.0	0.0	0.0
E1R00775	E1_candidate	E1R00775	iCN1361:R_RXN_10701	E1M_64dbb454f162ad_c + accoa_c --> E1M_1ddb17d72e013d_c + coa_c	0.0	0.0	0.0	0.0
E1R00776	E1_candidate	E1R00776	iCN1361:R_RXN_10700	E1M_5c20c02caea14a_c + accoa_c --> E1M_1eb08136f2cdd9_c + coa_c	0.0	0.0	0.0	0.0
E1R00777	E1_candidate	E1R00777	iJN1463:FCOAHA	E1M_093ed495062504_c + accoa_c <-- E1M_13db18f8cd1e51_c + h2o_c	0.0	0.0	0.0	0.0
E1R00778	E1_candidate	E1R00778	iCN1361:R_C14_ox_RXN	7.0 accoa_c + amp_c + 6.0 fadh2_c + 6.0 h_c + 6.0 nadh_c + ppi_c <-- E1M_0da2aa4e51d0d7_c + atp_c + 7.0 coa_c + 6.0 fad_c + 6.0 h2o_c + 6.0 nad_c	0.0	0.0	0.0	0.0
E1R00779	E1_candidate	E1R00779	iCN1361:R_C16_ox_RXN	8.0 accoa_c + amp_c + 7.0 fadh2_c + 7.0 h_c + 7.0 nadh_c + ppi_c <-- E1M_c636fb00cabd85_c + atp_c + 8.0 coa_c + 7.0 fad_c + 7.0 h2o_c + 7.0 nad_c	0.0	0.0	-1000.0	0.0
E1R00780	E1_candidate	E1R00780	iCN1361:R_C181_ox_RXN	9.0 accoa_c + amp_c + 7.0 fadh2_c + 8.0 h_c + 8.0 nadh_c + ppi_c <-- E1M_e53aef644d0bd7_c + atp_c + 9.0 coa_c + 7.0 fad_c + 8.0 h2o_c + 8.0 nad_c	0.0	0.0	-1000.0	0.0
E1R00781	E1_candidate	E1R00781	iML1515:ALR2x	E1M_5068845b4a202a_c + nad_c <-- E1M_c31c438121d023_c + h_c + nadh_c	0.0	0.0	0.0	0.0
E1R00782	E1_candidate	E1R00782	iML1515:ALR2	E1M_5068845b4a202a_c + nadp_c <-- E1M_c31c438121d023_c + h_c + nadph_c	0.0	0.0	0.0	0.0
E1R00783	E1_candidate	E1R00783	iML1515:ACGAMK	E1M_963237837e8d65_c + adp_c + h_c <-- E1M_564848d2be8d7e_c + atp_c	0.0	0.0	0.0	0.0
E1R00784	E1_candidate	E1R00784	iML1515:AMANAPEr	E1M_963237837e8d65_c <=> E1M_491c7f3a22aa2e_c	0.0	0.0	0.0	0.0
E1R00785	E1_candidate	E1R00785	iML1515:ACM6PH	E1M_963237837e8d65_c + E1M_9df77ebc3d2239_c <-- E1M_52cc414f072a14_c + h2o_c	0.0	0.0	0.0	0.0
E1R00786	E1_candidate	E1R00786	iML1515:MC6PH	E1M_963237837e8d65_c + gam_c <-- E1M_bb874a98cdd244_c + h2o_c	0.0	0.0	0.0	0.0
E1R00787	E1_candidate	E1R00787	iCN1361:R_N_ACETYL_D_GLUCOSAMINE_PTS	E1M_963237837e8d65_c + pyr_c <-- E1M_47ad9c6fa1ab50_c + pep_c	0.0	0.0	0.0	0.0
E1R00788	E1_candidate	E1R00788	iJN1463:AGM3PH;iML1515:AGM3PH	E1M_15ffeeda24431b_c + E1M_564848d2be8d7e_c <-- E1M_9562bb60519c2b_c + h2o_c	0.0	0.0	0.0	0.0
E1R00789	E1_candidate	E1R00789	iJN1463:AGM4PH;iML1515:AGM4PH	E1M_564848d2be8d7e_c + E1M_8466652f87294c_c <-- E1M_f8df9d7f2352c8_c + h2o_c	0.0	0.0	0.0	0.0
E1R00790	E1_candidate	E1R00790	iCN1361:R_RXN0_5226;iJN1463:AGMH;iML1515:AGMH	E1M_564848d2be8d7e_c + E1M_63fc00306ec68e_c <-- E1M_1bad85188175dd_c + h2o_c	0.0	0.0	0.0	0.0
E1R00791	E1_candidate	E1R00791	iML1515:AMANK	E1M_3ae13e28bce40c_c + atp_c --> E1M_491c7f3a22aa2e_c + adp_c + h_c	0.0	0.0	0.0	0.0
E1R00792	E1_candidate	E1R00792	iML1515:ACNML	E1M_3ae13e28bce40c_c + pyr_c <-- E1M_da91294f5df998_c	0.0	0.0	0.0	0.0
E1R00793	E1_candidate	E1R00793	iCN1361:R_RXN0_4621;iJN1463:ANHMK;iML1515:ANHMK	E1M_52cc414f072a14_c + adp_c + h_c <=> E1M_63fc00306ec68e_c + atp_c + h2o_c	0.0	0.0	0.0	0.0
E1R00794	E1_candidate	E1R00794	iCN1361:R_RXN_14267	E1M_fc01f6291055ee_c + ala_DASH_L_c <-- E1M_e87dca03875abd_c + h2o_c	0.0	0.0	0.0	0.0
E1R00795	E1_candidate	E1R00795	iJN1463:ACONMT;iML1515:ACONMT	E1M_aed90177199c2a_c + ahcys_c <-- E1M_94633c924b6f84_c + amet_c	0.0	0.0	0.0	0.0
E1R00796	E1_candidate	E1R00796	iJN1463:ACONIs;iML1515:ACONIs	E1M_e822dd2e071d57_c <=> E1M_94633c924b6f84_c	0.0	0.0	0.0	0.0
E1R00797	E1_candidate	E1R00797	iCN1361:R_ACONITATEDEHYDR_RXN;iJN1463:ACONTa;iML1515:ACONTa	E1M_e822dd2e071d57_c + h2o_c <=> cit_c	0.0	0.0	-2000.000000000037	1999.9999999999998
E1R00798	E1_candidate	E1R00798	iCN1361:R_ACONITATEHYDR_RXN;iJN1463:ACONTb;iML1515:ACONTb	E1M_e822dd2e071d57_c + h2o_c <=> icit_c	0.0	0.0	-1999.9999999999995	1999.9999999999995
E1R00799	E1_candidate	E1R00799	iML1515:AACPS8	ACP_c + E1M_8c3c4197bdbf9e_c + atp_c --> amp_c + dcaACP_c + ppi_c	0.00483664344253807	-1.2612574964638747e-18	0.0	1000.0
E1R00800	E1_candidate	E1R00800	iML1515:AACPS7	ACP_c + E1M_2d6f270d52020a_c + atp_c --> amp_c + ddcaACP_c + ppi_c	0.0	0.0	0.0	1000.0
E1R00801	E1_candidate	E1R00801	iML1515:AACPS3	ACP_c + E1M_c636fb00cabd85_c + atp_c --> amp_c + palmACP_c + ppi_c	0.0	-2.4340056949302843e-19	0.0	1000.0
E1R00802	E1_candidate	E1R00802	iML1515:AACPS4	ACP_c + E1M_27ab7659ef3699_c + atp_c --> E1M_7152854ab22c40_c + amp_c + ppi_c	0.0	0.0	0.0	1000.0
E1R00803	E1_candidate	E1R00803	iML1515:AACPS1	ACP_c + E1M_e33b14dedfde2c_c + atp_c --> amp_c + myrsACP_c + ppi_c	0.0	0.0	0.0	1000.0
E1R00804	E1_candidate	E1R00804	iML1515:AACPS9	ACP_c + E1M_c7afdf21323a4d_c + atp_c --> amp_c + ocACP_c + ppi_c	0.0	0.0	0.0	1000.0
E1R00805	E1_candidate	E1R00805	iML1515:AACPS6	ACP_c + E1M_5cb95c7bcf69ec_c + atp_c --> amp_c + ocdcaACP_c + ppi_c	0.0	0.0	0.0	1000.0
E1R00806	E1_candidate	E1R00806	iML1515:AACPS5	ACP_c + E1M_e53aef644d0bd7_c + atp_c --> amp_c + octeACP_c + ppi_c	0.0	0.0	0.0	1000.0
E1R00807	E1_candidate	E1R00807	iML1515:AACPS2	ACP_c + E1M_1e2587d5b02594_c + atp_c --> E1M_0b66d25b9f4065_c + amp_c + ppi_c	0.0	0.0	0.0	1000.0
E1R00808	E1_candidate	E1R00808	iJN1463:OPMEACPS;iML1515:OPMEACPS	ACP_c + E1M_24d68287c0054e_c + co2_c <-- E1M_09a837eaefe593_c + h_c + malACP_c	0.0	0.0	0.0	0.0
E1R00809	E1_candidate	E1R00809	iCN1361:R_RXN_10654_odd	ACP_c + E1M_16f014605547dd_c + co2_c <-- E1M_bb32cb674a7074_c + h_c + malACP_c	0.0	0.0	0.0	0.0
E1R00810	E1_candidate	E1R00810	iCN1361:R_RXN_10654	ACP_c + E1M_3c8d696d547307_c + co2_c <-- E1M_889e9e527d7a63_c + h_c + malACP_c	0.0	0.0	0.0	0.0
E1R00811	E1_candidate	E1R00811	iCN1361:R_RXN_10658_odd	ACP_c + E1M_c810dfa6be6e03_c + co2_c <-- E1M_2e2bc7f0f4fde3_c + h_c + malACP_c	0.0	0.0	0.0	0.0
E1R00812	E1_candidate	E1R00812	iCN1361:R_RXN_10658	ACP_c + E1M_8dcef021741d71_c + co2_c <-- E1M_c00921687a255b_c + h_c + malACP_c	0.0	0.0	0.0	0.0
E1R00813	E1_candidate	E1R00813	iCN1361:R_231179_RXN	ACP_c + E1M_605b7ee58544f4_c + co2_c <-- E1M_08d8f32a30431e_c + h_c + malACP_c	0.0	0.0	0.0	0.0
E1R00814	E1_candidate	E1R00814	iCN1361:R_RXN_9539_odd	ACP_c + E1M_547acf013c4d7f_c + co2_c <-- E1M_497b357b872775_c + h_c + malACP_c	0.0	0.0	0.0	0.0
E1R00815	E1_candidate	E1R00815	iCN1361:R_RXN_9516_odd	ACP_c + E1M_3e6f9db41bf117_c + co2_c <-- E1M_65d073b6b64841_c + h_c + malACP_c	0.0	0.0	0.0	0.0
E1R00816	E1_candidate	E1R00816	iCN1361:R_RXN_9535_odd	ACP_c + E1M_817818e3e7a672_c + co2_c <-- E1M_2c86d123a606c6_c + h_c + malACP_c	0.0	0.0	0.0	0.0
E1R00817	E1_candidate	E1R00817	iCN1361:R_RXN_9523_odd	ACP_c + E1M_30bcca5fc01052_c + co2_c <-- E1M_0c7b8757f8bd1c_c + h_c + malACP_c	0.0	0.0	0.0	0.0
E1R00818	E1_candidate	E1R00818	iCN1361:R_RXN_9531_odd	ACP_c + E1M_6cd1f4bb8c37b6_c + co2_c <-- E1M_ce5b7609ce56ad_c + h_c + malACP_c	0.0	0.0	0.0	0.0
E1R00819	E1_candidate	E1R00819	iCN1361:R_RXN_9527_odd	ACP_c + E1M_244b7b85a96ee8_c + co2_c <-- E1M_4070694b003d52_c + h_c + malACP_c	0.0	0.0	0.0	0.0
E1R00820	E1_candidate	E1R00820	iCN1361:R_RXN0_2141	ACP_c + E1M_ba5e09700760dd_c + co2_c <-- E1M_af5b05cfa14c04_c + h_c + malACP_c	0.0	0.0	0.0	0.0
E1R00821	E1_candidate	E1R00821	iCN1361:R_RXN0_2141_odd	ACP_c + E1M_ceaad53ab90848_c + co2_c <-- E1M_cb7609d19248c8_c + h_c + malACP_c	0.0	0.0	0.0	0.0
E1R00822	E1_candidate	E1R00822	iJN1463:FA100ACPHi;iML1515:FA100ACPHi	ACP_c + E1M_8c3c4197bdbf9e_c + h_c <-- dcaACP_c + h2o_c	0.0	0.0	-2000.0000000000007	0.0
E1R00823	E1_candidate	E1R00823	iJN1463:FA120ACPHi;iML1515:FA120ACPHi	ACP_c + E1M_2d6f270d52020a_c + h_c <-- ddcaACP_c + h2o_c	0.0	0.0	-2999.9985189475524	0.0
E1R00824	E1_candidate	E1R00824	iJN1463:ACPPAT120;iML1515:ACPPAT120	ACP_c + E1M_399d5155d9eda9_c <-- ddcaACP_c + h_c + pi_c	-0.009874813695181894	0.0	-1000.0098748136954	0.0
E1R00825	E1_candidate	E1R00825	iML1515:EDTXS1	ACP_c + E1M_04fa939b7e1a50_c <-- E1M_3d0a8f9bcbde85_c + ddcaACP_c	0.0	0.0	-1000.0	0.0
E1R00826	E1_candidate	E1R00826	iJN1463:EDTXS1_kt	ACP_c + E1M_c84ffd97853859_c <-- E1M_0a95e32d21c7ba_c + ddcaACP_c	0.0	0.0	0.0	0.0
E1R00827	E1_candidate	E1R00827	iJN1463:EDTXS2_kt	ACP_c + E1M_f2d3456671fd5b_c <-- E1M_c84ffd97853859_c + ddcaACP_c	0.0	0.0	0.0	0.0
E1R00828	E1_candidate	E1R00828	iJN1463:EDTXS6_kt	ACP_c + E1M_2a8dbeed1d60fd_c <-- E1M_3e9731d818a276_c + ddcaACP_c	0.0	0.0	0.0	0.0
E1R00829	E1_candidate	E1R00829	iJN1463:EDTXS5_kt	ACP_c + E1M_3e9731d818a276_c <-- E1M_e2280aaf8944ec_c + ddcaACP_c	0.0	0.0	0.0	0.0
E1R00830	E1_candidate	E1R00830	iCN1361:R_RXN_10462_C181	ACP_c + E1M_f8888934381a25_c <-- E1M_b65d1d04f92d36_c + glyc3p_c	0.0	0.0	0.0	0.0
E1R00831	E1_candidate	E1R00831	iCN1361:R_RXN_10462_C17	ACP_c + E1M_79939caf160a97_c <-- E1M_8e92b22cc32d9d_c + glyc3p_c	0.0	0.0	0.0	0.0
E1R00832	E1_candidate	E1R00832	iCN1361:R_RXN_10462_C171	ACP_c + E1M_7ac32a0d1606d2_c <-- E1M_da3f3dfe69a523_c + glyc3p_c	0.0	0.0	0.0	0.0
E1R00833	E1_candidate	E1R00833	iCN1361:R_RXN_10462_C161	ACP_c + E1M_eed077f79de87a_c <-- E1M_08d8f32a30431e_c + glyc3p_c	0.0	0.0	0.0	0.0
E1R00834	E1_candidate	E1R00834	iCN1361:R_RXN_10462_C15	ACP_c + E1M_8c782cb5b635a8_c <-- E1M_497b357b872775_c + glyc3p_c	0.0	0.0	0.0	0.0
E1R00835	E1_candidate	E1R00835	iCN1361:R_RXN_10462_C18	ACP_c + E1M_bd0145501285d5_c <-- E1M_5d897068fb848a_c + glyc3p_c	0.0	0.0	0.0	0.0
E1R00836	E1_candidate	E1R00836	iCN1361:R_RXN_10462_C12	ACP_c + E1M_255d12b980ccef_c <-- E1M_093d5b154c4ce0_c + glyc3p_c	0.0	0.0	0.0	0.0
E1R00837	E1_candidate	E1R00837	iCN1361:R_RXN_10462_C14	ACP_c + E1M_d9a27de436b91f_c <-- E1M_cc446d150ec0fe_c + glyc3p_c	0.0	0.0	0.0	0.0
E1R00838	E1_candidate	E1R00838	iCN1361:R_RXN_10462_C16	ACP_c + E1M_2af8ba187bd888_c <-- E1M_5661ea396b23db_c + glyc3p_c	0.0	0.0	0.0	0.0
E1R00839	E1_candidate	E1R00839	iJN1463:FA160ACPHi;iML1515:FA160ACPHi	ACP_c + E1M_c636fb00cabd85_c + h_c <-- h2o_c + palmACP_c	0.0	0.0	-2000.0000000000198	0.0
E1R00840	E1_candidate	E1R00840	iJN1463:FA161ACPHi;iML1515:FA161ACPHi	ACP_c + E1M_27ab7659ef3699_c + h_c <-- E1M_7152854ab22c40_c + h2o_c	0.0	0.0	-1999.9999999999925	0.0
E1R00841	E1_candidate	E1R00841	iJN1463:FA140ACPHi;iML1515:FA140ACPHi	ACP_c + E1M_e33b14dedfde2c_c + h_c <-- h2o_c + myrsACP_c	0.0	0.0	-1999.999437575019	0.0
E1R00842	E1_candidate	E1R00842	iJN1463:FA80ACPHi;iML1515:FA80ACPHi	ACP_c + E1M_c7afdf21323a4d_c + h_c <-- h2o_c + ocACP_c	0.0	0.0	-2000.0	0.0
E1R00843	E1_candidate	E1R00843	iJN1463:FA141ACPHi;iML1515:FA141ACPHi	ACP_c + E1M_1e2587d5b02594_c + h_c <-- E1M_0b66d25b9f4065_c + h2o_c	-0.0048366434425380685	0.0	-8378.800090870582	0.0
E1R00844	E1_candidate	E1R00844	iJN1463:ACPPAT160;iML1515:ACPPAT160	ACP_c + E1M_e616f9a145d1c2_c <-- h_c + palmACP_c + pi_c	0.0	0.0	-1000.0	0.0
E1R00845	E1_candidate	E1R00845	iJN1463:ACPPAT161;iML1515:ACPPAT161	ACP_c + E1M_d5cbea9583730b_c <-- E1M_7152854ab22c40_c + h_c + pi_c	0.0	0.0	-1000.0	0.0
E1R00846	E1_candidate	E1R00846	iJN1463:ACPPAT140;iML1515:ACPPAT140	ACP_c + E1M_dc131e8df365e9_c <-- h_c + myrsACP_c + pi_c	0.0	0.0	-999.9999999999806	0.0
E1R00847	E1_candidate	E1R00847	iJN1463:LIPOCT;iML1515:LIPOCT	ACP_c + E1M_527eee5fc2c6c5_c <-- h_c + ocACP_c	0.0	0.0	0.0	0.0
E1R00848	E1_candidate	E1R00848	iJN1463:ACPPAT180;iML1515:ACPPAT180	ACP_c + E1M_68bfda662191bd_c <-- h_c + ocdcaACP_c + pi_c	0.0	-4.425464899873245e-20	-999.9999999999992	0.0
E1R00849	E1_candidate	E1R00849	iJN1463:ACPPAT181;iML1515:ACPPAT181	ACP_c + E1M_3a8788ee923cff_c <-- h_c + octeACP_c + pi_c	0.0	1.3443833615263939e-34	-1000.0000000000001	0.0
E1R00850	E1_candidate	E1R00850	iJN1463:ACPPAT141;iML1515:ACPPAT141	ACP_c + E1M_d48b6bc51b3119_c <-- E1M_0b66d25b9f4065_c + h_c + pi_c	0.0	0.0	-1000.0	0.0
E1R00851	E1_candidate	E1R00851	iML1515:EDTXS3	ACP_c + E1M_19d5fb32b48056_c <-- E1M_3d0a8f9bcbde85_c + E1M_7152854ab22c40_c	0.0	0.0	0.0	0.0
E1R00852	E1_candidate	E1R00852	iCN1361:R_LAUROYLACYLTRAN_RXN	ACP_c + E1M_04fa939b7e1a50_c <=> E1M_093d5b154c4ce0_c + E1M_3d0a8f9bcbde85_c	0.0	0.0	0.0	999.9999999999998
E1R00853	E1_candidate	E1R00853	iML1515:EDTXS2	ACP_c + E1M_26bf00f2b2710e_c <-- E1M_04fa939b7e1a50_c + myrsACP_c	0.0	0.0	-999.9999999999999	0.0
E1R00854	E1_candidate	E1R00854	iCN1361:R_MYRISTOYLACYLTRAN_RXN	ACP_c + E1M_26bf00f2b2710e_c <=> E1M_04fa939b7e1a50_c + E1M_cc446d150ec0fe_c	0.0	0.0	-1.1338363779996847e-13	999.9999999999982
E1R00855	E1_candidate	E1R00855	iML1515:EDTXS4	ACP_c + E1M_0b5c0a6f3680d3_c <-- E1M_19d5fb32b48056_c + myrsACP_c	0.0	0.0	0.0	0.0
E1R00856	E1_candidate	E1R00856	iCN1361:R_1_ACYLGLYCEROL_3_P_ACYLTRANSFER_RXN_C181	ACP_c + E1M_c8ddb12dbcb492_c <-- E1M_b65d1d04f92d36_c + E1M_f8888934381a25_c	0.0	0.0	0.0	0.0
E1R00857	E1_candidate	E1R00857	iCN1361:R_1_ACYLGLYCEROL_3_P_ACYLTRANSFER_RXN_C17	ACP_c + E1M_e08363e7b30052_c <-- E1M_79939caf160a97_c + E1M_8e92b22cc32d9d_c	0.0	0.0	0.0	0.0
E1R00858	E1_candidate	E1R00858	iCN1361:R_1_ACYLGLYCEROL_3_P_ACYLTRANSFER_RXN_C171	ACP_c + E1M_9b2fcf66e2890a_c <-- E1M_7ac32a0d1606d2_c + E1M_da3f3dfe69a523_c	0.0	0.0	0.0	0.0
E1R00859	E1_candidate	E1R00859	iCN1361:R_1_ACYLGLYCEROL_3_P_ACYLTRANSFER_RXN_C161	ACP_c + E1M_c4fa2021aaa368_c <-- E1M_08d8f32a30431e_c + E1M_eed077f79de87a_c	0.0	0.0	0.0	0.0
E1R00860	E1_candidate	E1R00860	iCN1361:R_1_ACYLGLYCEROL_3_P_ACYLTRANSFER_RXN_C15	ACP_c + E1M_e920cbe6243338_c <-- E1M_497b357b872775_c + E1M_8c782cb5b635a8_c	0.0	0.0	0.0	0.0
E1R00861	E1_candidate	E1R00861	iCN1361:R_1_ACYLGLYCEROL_3_P_ACYLTRANSFER_RXN_C18	ACP_c + E1M_20ffd7f3154e62_c <-- E1M_5d897068fb848a_c + E1M_bd0145501285d5_c	0.0	0.0	0.0	0.0
E1R00862	E1_candidate	E1R00862	iCN1361:R_1_ACYLGLYCEROL_3_P_ACYLTRANSFER_RXN_C12	ACP_c + E1M_ce36575f1cacfc_c <-- E1M_093d5b154c4ce0_c + E1M_255d12b980ccef_c	0.0	0.0	0.0	0.0
E1R00863	E1_candidate	E1R00863	iCN1361:R_1_ACYLGLYCEROL_3_P_ACYLTRANSFER_RXN_C14	ACP_c + E1M_e470da2f1e08ea_c <-- E1M_cc446d150ec0fe_c + E1M_d9a27de436b91f_c	0.0	0.0	0.0	0.0
E1R00864	E1_candidate	E1R00864	iCN1361:R_1_ACYLGLYCEROL_3_P_ACYLTRANSFER_RXN_C16	ACP_c + E1M_96acd5ffeca430_c <-- E1M_2af8ba187bd888_c + E1M_5661ea396b23db_c	0.0	0.0	0.0	0.0
E1R00865	E1_candidate	E1R00865	iCN1361:R_RXN_9514	actACP_c + h_c + nadph_c --> E1M_29ca926becf97f_c + nadp_c	0.0	0.0	0.0	500.0000000000002
E1R00866	E1_candidate	E1R00866	iJN1463:BTDD_RR	E1M_4084aa9c9ae64f_c + h_c + nadh_c <=> E1M_8e33403c9cdf45_c + nad_c	0.0	0.0	0.0	0.0
E1R00867	E1_candidate	E1R00867	iJN1463:ADCYRS	E1M_53a8900d63696c_c + 4.0 atp_c + 4.0 gln_DASH_L_c + 4.0 h2o_c --> E1M_2514546f550467_c + 4.0 adp_c + 4.0 glu_DASH_L_c + 4.0 h_c + 4.0 pi_c	0.0	0.0	0.0	0.0
E1R00868	E1_candidate	E1R00868	iJN1463:CYRDAAT	E1M_53a8900d63696c_c + pppi_c <-- E1M_fd37575d799cf7_c + atp_c + h_c	0.0	0.0	0.0	0.0
E1R00869	E1_candidate	E1R00869	iCN1361:R_63110_RXN;iJN1463:ADCPS1	E1M_2514546f550467_c + E1M_b1d1761b219cb5_c + atp_c --> E1M_adbdbe0918c275_c + adp_c + h_c + pi_c	0.0	0.0	0.0	0.0
E1R00870	E1_candidate	E1R00870	iCN1361:R_RXN_6261;iJN1463:ADCPS2	E1M_2514546f550467_c + E1M_ce8fa15e4c3e8e_c + atp_c --> E1M_dfa2fcb832b9c9_c + adp_c + h_c + pi_c	0.0	0.0	0.0	0.0
E1R00871	E1_candidate	E1R00871	iCN1361:R_R345_RXN	E1M_2514546f550467_c + 4.0 adp_c + 4.0 glu_DASH_L_c + 4.0 h_c + 4.0 pi_c <-- E1M_8ca4cae5add841_c + 4.0 atp_c + 4.0 gln_DASH_L_c + 4.0 h2o_c	0.0	0.0	0.0	0.0
E1R00872	E1_candidate	E1R00872	iJN1463:ADNUC;iML1515:ADNUC	E1M_17125ed4eb7f38_c + ade_c <-- adn_c + h2o_c	0.0	0.0	-3999.973324495622	0.0
E1R00873	E1_candidate	E1R00873	iCN1361:R_RXN0_984	E1M_bbbefe822f9f76_c + ade_c + co2_c + succ_c <-- E1M_89a5652d2b6bc1_c + akg_c + o2_c	0.0	0.0	0.0	0.0
E1R00874	E1_candidate	E1R00874	iJN1463:QUEA3	E1M_c21b2a7f42852a_c + ade_c + 2.0 h_c + met_DASH_L_c <-- E1M_a57ea32a8c1e4e_c + amet_c	0.0	0.0	0.0	0.0
E1R00875	E1_candidate	E1R00875	iJN1463:QUEA1	E1M_873ba3ff2dbaa4_c + ade_c + 2.0 h_c + met_DASH_L_c <-- E1M_4cfc0bad63d00d_c + amet_c	0.0	0.0	0.0	0.0
E1R00876	E1_candidate	E1R00876	iJN1463:QUEA2	E1M_bdbdd72ab48afb_c + ade_c + 2.0 h_c + met_DASH_L_c <-- E1M_7c9b79b2e1e4ef_c + amet_c	0.0	0.0	0.0	0.0
E1R00877	E1_candidate	E1R00877	iML1515:ARMEPNS	E1M_ed6741b055f357_c + ade_c <-- E1M_b3f43b5b08b0d2_c + atp_c	0.0	0.0	0.0	0.0
E1R00878	E1_candidate	E1R00878	iJN1463:ADD;iML1515:ADD	ade_c + h2o_c + h_c --> hxan_c + nh4_c	0.0	0.0	0.0	1000.0
E1R00879	E1_candidate	E1R00879	iJN1463:PDHa	E1M_2ee137070386b2_c + co2_c <-- E1M_2d5e063dd7723c_c + h_c + pyr_c	0.0	0.0	-2333.6452727455417	0.0
E1R00880	E1_candidate	E1R00880	iCN1361:R_ADENOSINE_KINASE_RXN;iJN1463:ADNK1;iML1515:ADNK1	adn_c + atp_c --> adp_c + amp_c + h_c	0.0	0.0	0.0	10978.906525017552
E1R00881	E1_candidate	E1R00881	iCN1361:R_AMP_DEPHOSPHORYLATION_RXN;iJN1463:NTD7;iML1515:NTD7	adn_c + pi_c <-- amp_c + h2o_c	0.0	0.0	-9978.831751009731	0.0
E1R00882	E1_candidate	E1R00882	iJN1463:ADOCBIK;iML1515:ADOCBIK	E1M_adbdbe0918c275_c + atp_c --> E1M_dfa2fcb832b9c9_c + adp_c + h_c	0.0	0.0	0.0	0.0
E1R00883	E1_candidate	E1R00883	iJN1463:CBIAT;iML1515:CBIAT	E1M_adbdbe0918c275_c + pppi_c <=> E1M_c40dfdf352142c_c + atp_c + h_c	0.0	0.0	0.0	999.9999999999999
E1R00884	E1_candidate	E1R00884	iCN1361:R_BTUR2_RXN	E1M_adbdbe0918c275_c + pppi_c <-- E1M_c40dfdf352142c_c + atp_c	0.0	0.0	-1000.0	0.0
E1R00885	E1_candidate	E1R00885	iCN1361:R_COBINPGUANYLYLTRANS_RXN;iJN1463:ACBIPGT;iML1515:ACBIPGT	E1M_dfa2fcb832b9c9_c + gtp_c + h_c <=> E1M_1dc99b13775b76_c + ppi_c	0.0	0.0	0.0	0.0
E1R00886	E1_candidate	E1R00886	iCN1361:R_COBALAMINSYN_RXN;iJN1463:ADOCBLS;iML1515:ADOCBLS	E1M_14423464a734fc_c + gmp_c + h_c <=> E1M_1dc99b13775b76_c + E1M_c82029e0696b5d_c	0.0	0.0	0.0	0.0
E1R00887	E1_candidate	E1R00887	iJN1463:CBLAT;iML1515:CBLAT	E1M_14423464a734fc_c + pppi_c <=> E1M_5dd412ef8b910f_c + atp_c + h_c	0.0	0.0	-999.9999999999999	999.9999999999999
E1R00888	E1_candidate	E1R00888	iCN1361:R_COBALADENOSYLTRANS_RXN	E1M_14423464a734fc_c + pppi_c <=> E1M_5dd412ef8b910f_c + atp_c	0.0	0.0	-1000.0	1000.0
E1R00889	E1_candidate	E1R00889	iCN1361:R_RXN_8770	E1M_14423464a734fc_c + pi_c <-- E1M_4402b56ff6b097_c + h2o_c	0.0	0.0	0.0	0.0
E1R00890	E1_candidate	E1R00890	iML1515:GLCS1	adp_c + glycogen_c + h_c <-- adpglc_c	0.0	-0.011717187098116574	-1000.0000000000001	0.0
E1R00891	E1_candidate	E1R00891	iML1515:HEPT4	E1M_aaa017f0b05611_c + adp_c + h_c <-- E1M_c0987c0461abcc_c + E1M_e6dc5749d4a3f2_c	0.0	0.0	0.0	0.0
E1R00892	E1_candidate	E1R00892	iML1515:HEPT2	E1M_3d16c94ce6f42d_c + adp_c + h_c <-- E1M_1d48d83f7b86cd_c + E1M_e6dc5749d4a3f2_c	0.0	0.0	0.0	0.0
E1R00893	E1_candidate	E1R00893	iJN1463:HEPT2_kt	E1M_af0031a0c42c57_c + adp_c + h_c <-- E1M_e6dc5749d4a3f2_c + E1M_ed54c9fda9589c_c	0.0	0.0	0.0	0.0
E1R00894	E1_candidate	E1R00894	iML1515:HEPT1	E1M_1d48d83f7b86cd_c + adp_c + h_c <-- E1M_26bf00f2b2710e_c + E1M_e6dc5749d4a3f2_c	0.0	0.0	0.0	0.0
E1R00895	E1_candidate	E1R00895	iJN1463:HEPT1_kt	E1M_ed54c9fda9589c_c + adp_c + h_c <-- E1M_14aef4ba284c6a_c + E1M_e6dc5749d4a3f2_c	0.0	0.0	0.0	0.0
E1R00896	E1_candidate	E1R00896	iML1515:HEPT3	E1M_cd3c79b5cc665e_c + adp_c + h_c <-- E1M_30de98e917e582_c + E1M_e6dc5749d4a3f2_c	0.0	0.0	0.0	0.0
E1R00897	E1_candidate	E1R00897	iCN1361:R_AIRS_RXN	adp_c + air_c + h_c + pi_c <-- atp_c + fpram_c	-0.037434545435575776	0.0	-999.9812540629346	0.0
E1R00898	E1_candidate	E1R00898	iCN1361:R_63210_RXN	E1M_1aaaadab231224_c + adp_c + h_c + pi_c <-- E1M_7f0c75d6ed9827_c + alaala_c + atp_c	0.0	0.0	0.0	0.0
E1R00899	E1_candidate	E1R00899	iCN1361:R_RXN_14175	adp_c + h_c + pi_c + pnto_DASH_R_c <-- E1M_66f84309eb5d1e_c + atp_c + pant_DASH_R_c	0.0	0.0	-8.061072485139152e-06	0.0
E1R00900	E1_candidate	E1R00900	iML1515:ALLK	E1M_202abe930cdf27_c + adp_c + h_c <-- E1M_f5d4eb8ae06638_c + atp_c	0.0	0.0	0.0	0.0
E1R00901	E1_candidate	E1R00901	iCN1361:R_RXN_14074;iJN1463:ADK3;iML1515:ADK3	adp_c + gdp_c <=> amp_c + gtp_c	0.018825291088012	0.0	-14978.80463355886	4999.939511818221
E1R00902	E1_candidate	E1R00902	iML1515:NADHXD	E1M_d8d7084e6892bc_c + adp_c --> amp_c + h_c + nadh_c + pi_c	0.0	0.0	0.0	1000.0
E1R00903	E1_candidate	E1R00903	iML1515:NADPHXD	E1M_5b0dd1ecd7dc42_c + adp_c --> amp_c + h_c + nadph_c + pi_c	0.0	0.0	0.0	1000.0
E1R00904	E1_candidate	E1R00904	iJN1463:ADK4;iML1515:ADK4	E1M_b7e49a2c4ee703_c + adp_c <=> E1M_99815e6af68fa7_c + amp_c	0.0	0.0	-999.9999999999981	10978.831751008338
E1R00905	E1_candidate	E1R00905	iCN1361:R_ATP_ADENYLYLTRANSFERASE_RXN	adp_c + atp_c + h_c --> E1M_62bc81e03a746b_c + pi_c	0.0	0.0	0.0	1000.0
E1R00906	E1_candidate	E1R00906	iML1515:AP5AH	adp_c + atp_c + 2.0 h_c <-- E1M_0ff01ae90d7500_c + h2o_c	0.0	0.0	0.0	0.0
E1R00907	E1_candidate	E1R00907	iML1515:ThDPAT	adp_c + h_c + thmpp_c --> E1M_5274911c6a2268_c + pi_c	0.0	0.0	0.0	0.0
E1R00908	E1_candidate	E1R00908	iJN1463:CBMKr;iML1515:CBMKr	adp_c + cbp_c + 2.0 h_c <=> atp_c + co2_c + nh4_c	0.0	-0.023417501446811862	-1999.8949458876768	2999.954373742128
E1R00909	E1_candidate	E1R00909	iJN1463:CCGS;iML1515:CCGS	E1M_0d4b44b601e722_c + adp_c + h2o_c + h_c + pi_c <-- E1M_1bdd0458ad5170_c + atp_c + nh4_c	0.0	0.0	0.0	0.0
E1R00910	E1_candidate	E1R00910	iJN1463:PPCK;iML1515:PPCK	adp_c + co2_c + pep_c <-- atp_c + oaa_c	0.0	0.0	-9989.326434336474	0.0
E1R00911	E1_candidate	E1R00911	iJN1463:COCHL	E1M_119adf1b9cd437_c + adp_c + 2.0 h_c + pi_c <-- E1M_18b2653e691335_c + E1M_febd464ed3dfbc_c + atp_c + h2o_c	0.0	0.0	0.0	0.0
E1R00912	E1_candidate	E1R00912	iML1515:CRNCAL2	E1M_750d5f46d30604_c + adp_c + pi_c <-- E1M_f98f01f3cef099_c + atp_c + coa_c	0.0	0.0	0.0	0.0
E1R00913	E1_candidate	E1R00913	iML1515:CRNDCAL2	E1M_16c58c2e80602f_c + adp_c + pi_c <-- E1M_4227098d253060_c + atp_c + coa_c	0.0	0.0	0.0	0.0
E1R00914	E1_candidate	E1R00914	iML1515:CTBTCAL2	E1M_3e95996f8dfb44_c + adp_c + pi_c <-- E1M_5597be941b2930_c + atp_c + coa_c	0.0	0.0	0.0	0.0
E1R00915	E1_candidate	E1R00915	iJN1463:GLCOAS	E1M_952d6884ea1c30_c + adp_c + pi_c <-- E1M_d11d845925d4ec_c + atp_c + coa_c	0.0	0.0	-999.9589101682838	0.0
E1R00916	E1_candidate	E1R00916	iML1515:ACCOAL	adp_c + pi_c + ppcoa_c <-- E1M_ddfbeb6db46f97_c + atp_c + coa_c	0.0	0.0	-1000.0	0.0
E1R00917	E1_candidate	E1R00917	iJN1463:CTPS1	adp_c + ctp_c + 2.0 h_c + pi_c <-- atp_c + nh4_c + utp_c	0.0	-0.07483814268316344	-1000.0	0.0
E1R00918	E1_candidate	E1R00918	iJN1463:DADK;iML1515:DADK	adp_c + dadp_c <=> E1M_1076638dd6a05a_c + atp_c	0.0	0.0	-2000.0000000000011	499.92642559491475
E1R00919	E1_candidate	E1R00919	iCN1361:R_DEOXYADENOSINE_KINASE_RXN	E1M_1076638dd6a05a_c + adp_c + h_c <=> E1M_24d464e7d2696f_c + atp_c	0.0	0.0	-1000.0	499.9264255949994
E1R00920	E1_candidate	E1R00920	iCN1361:R_RXN_14093	adp_c + dcmp_c + h_c <-- atp_c + dcyt_c	0.0	0.0	-1000.0	0.0
E1R00921	E1_candidate	E1R00921	iJN1463:DGK1;iML1515:DGK1	adp_c + dgdp_c <=> E1M_f5baee69aca648_c + atp_c	0.002066858964444602	0.0	-1999.9999999999995	499.9258787929394
E1R00922	E1_candidate	E1R00922	iCN1361:R_DEOXYGUANOSINE_KINASE_RXN	E1M_f5baee69aca648_c + adp_c + h_c <=> atp_c + dgsn_c	0.002066858964444602	0.0	-1000.0	499.9258787929392
E1R00923	E1_candidate	E1R00923	iML1515:AI2K	E1M_ce2a16c521c6f2_c + adp_c + h_c <-- atp_c + dhptd_c	9.170496319310529e-16	0.0	-499.923505359529	0.0
E1R00924	E1_candidate	E1R00924	iCN1361:R_RXN_14228	E1M_94c5f1d32476ec_c + adp_c <-- E1M_bb8f3d41ac1040_c + atp_c	0.0	0.0	-1000.0	0.0
E1R00925	E1_candidate	E1R00925	iCN1361:R_DTDPKIN_RXN;iJN1463:NDPK4;iML1515:NDPK4	adp_c + dttp_c <=> atp_c + dtdp_c	-0.00691640012282944	0.0	-2000.0664749505147	1999.995978661388
E1R00926	E1_candidate	E1R00926	iJN1463:URIDK2r	adp_c + dudp_c <=> atp_c + dump_c	0.0	0.2987918642727019	-2000.0000000000002	1499.9275973137094
E1R00927	E1_candidate	E1R00927	iCN1361:R_DUDPKIN_RXN;iJN1463:NDPK6;iML1515:NDPK6	adp_c + dutp_c <=> atp_c + dudp_c	0.0	0.2975901495639191	-2000.0000000000002	2499.92759731371
E1R00928	E1_candidate	E1R00928	iML1515:DXYLK	adp_c + dxyl5p_c + h_c <-- E1M_f8907f2e5d6b54_c + atp_c	0.0	0.0	0.0	0.0
E1R00929	E1_candidate	E1R00929	iJN1463:FRUK;iML1515:FRUK	adp_c + fdp_c + h_c <-- E1M_33da03923c0058_c + atp_c	0.0	0.0	0.0	0.0
E1R00930	E1_candidate	E1R00930	iCN1361:R_FRUCTOKINASE_RXN;iML1515:HEX7	E1M_98f885b3c3cb12_c + adp_c + h_c <=> E1M_6acc2be3490abb_c + atp_c	0.4230855609228203	0.0	-1000.0	1000.0
E1R00931	E1_candidate	E1R00931	iML1515:PFK	adp_c + fdp_c + h_c <-- E1M_98f885b3c3cb12_c + atp_c	0.0	0.0	-1000.0	0.0
E1R00932	E1_candidate	E1R00932	iML1515:S2FE2SS	E1M_6c4f9d9ce73f7f_c + 2.0 E1M_85d7a95a3ffd90_c + adp_c + fad_c + 7.0 h_c + pi_c <-- 2.0 E1M_6a445079716504_c + E1M_e64ee98bbc6788_c + atp_c + fadh2_c + 2.0 fe2_c + h2o_c	0.0	0.0	0.0	0.0
E1R00933	E1_candidate	E1R00933	iML1515:S2FE2SS2	2.0 E1M_85d7a95a3ffd90_c + E1M_cdd1616dbb718d_c + adp_c + fad_c + 7.0 h_c + pi_c <-- 2.0 E1M_6a445079716504_c + E1M_6c4f9d9ce73f7f_c + atp_c + fadh2_c + 2.0 fe2_c + h2o_c	0.0	0.0	0.0	0.0
E1R00934	E1_candidate	E1R00934	iML1515:FCLK	E1M_b2995990ac8bea_c + adp_c + h_c <-- E1M_ed89ba6210da74_c + atp_c	0.0	0.0	0.0	0.0
E1R00935	E1_candidate	E1R00935	iCN1361:R_RIBOFLAVINKIN_RXN	adp_c + fmn_c <=> atp_c + ribflv_c	-2.6870241347490553e-06	0.0	-1000.0	999.9999984377084
E1R00936	E1_candidate	E1R00936	iML1515:FRULYSK	E1M_73e49e1fbe59d8_c + adp_c + h_c <-- E1M_bc9176d14945c2_c + atp_c	0.0	0.0	0.0	0.0
E1R00937	E1_candidate	E1R00937	iCN1361:R_RXN66_521;iJN1463:HEX1;iML1515:HEX1	E1M_c3edf194a05839_c + adp_c + h_c <-- E1M_0d7ec9a9ae9537_c + atp_c	0.0	0.0	-10978.831751007932	0.0
E1R00938	E1_candidate	E1R00938	iML1515:GALKr	E1M_2b25bb176d17e2_c + adp_c + h_c <=> E1M_d1f9c1f8772a98_c + atp_c	0.0	0.0	0.0	0.0
E1R00939	E1_candidate	E1R00939	iJN1463:PPRGL	adp_c + gar_c + 2.0 h_c + pi_c <-- atp_c + gly_c + pram_c	0.0	-0.021765221836819077	-1000.0	0.0
E1R00940	E1_candidate	E1R00940	iJN1463:GGPTRCS;iML1515:GGPTRCS	E1M_ea83850a87b241_c + adp_c + h_c + pi_c <-- atp_c + glu_DASH_L_c + ptrc_c	0.0	0.0	-999.9777912435745	0.0
E1R00941	E1_candidate	E1R00941	iJN1463:GGSPMDS	E1M_d6c64a894c8381_c + adp_c + h_c + pi_c <-- atp_c + glu_DASH_L_c + spmd_c	0.0	0.0	-999.9777912435732	0.0
E1R00942	E1_candidate	E1R00942	iJN1463:GLNTRAT	E1M_be6203e74836b6_c + adp_c + glu_DASH_L_c + h_c + pi_c <-- E1M_577dd2bb93edc1_c + atp_c + gln_DASH_L_c + h2o_c	0.0	0.0	0.0	0.0
E1R00943	E1_candidate	E1R00943	iCN1361:R_UDP_NACMURALA_GLU_LIG_RXN	adp_c + h_c + pi_c + uamag_c <-- atp_c + glu_DASH_L_c + uama_c	-0.003493131375166383	-0.0020309790970068735	-1000.0	0.0
E1R00944	E1_candidate	E1R00944	iCN1361:R_GSPSYN_RXN;iML1515:GSPMDS	E1M_e0c6e1e0c11fdb_c + adp_c + h_c + pi_c <-- atp_c + gthrd_c + spmd_c	0.0	0.0	-1000.0000000000088	0.0
E1R00945	E1_candidate	E1R00945	iCN1361:R_RXN1F_20	E1M_90f4552c22926c_c + adp_c + 3.0 h_c + pi_c <-- atp_c + h2o_c + mg2_c + ppp9_c	0.0	0.0	0.0	0.0
E1R00946	E1_candidate	E1R00946	iCN1361:R_NICOTINATEPRIBOSYLTRANS_RXN;iJN1463:NAMNPP;iML1515:NAMNPP	adp_c + nicrnt_c + pi_c + ppi_c <-- E1M_df5efa84b54b56_c + atp_c + h2o_c + prpp_c	0.0	0.0	-999.9999812525059	0.0
E1R00947	E1_candidate	E1R00947	iJN1463:NMTHDA	E1M_57a10a974256ab_c + adp_c + 2.0 h_c + pi_c <-- E1M_4f748c866b182b_c + atp_c + 2.0 h2o_c	0.0	0.0	0.0	0.0
E1R00948	E1_candidate	E1R00948	iML1515:PFK_3	adp_c + h_c + s17bp_c <-- atp_c + s7p_c	0.0	0.0	-1000.0	0.0
E1R00949	E1_candidate	E1R00949	iJN1463:PC	adp_c + h_c + oaa_c + pi_c <-- atp_c + hco3_c + pyr_c	0.0	0.0	-9978.831751008049	0.0
E1R00950	E1_candidate	E1R00950	iJN1463:HEPK3_kt	E1M_a4c140c1a8ce66_c + adp_c + h_c <-- E1M_d99811b9610f3d_c + atp_c	0.0	0.0	0.0	0.0
E1R00951	E1_candidate	E1R00951	iCN1361:R_RXN1G_4355	E1M_d5e307a0f7e120_c + adp_c + h_c + pi_c <-- E1M_4520f7868850ba_c + E1M_45f8123c586dff_c + atp_c	0.0	0.0	0.0	0.0
E1R00952	E1_candidate	E1R00952	iML1515:HEPK1	E1M_30de98e917e582_c + adp_c + h_c <-- E1M_3d16c94ce6f42d_c + atp_c	0.0	0.0	0.0	0.0
E1R00953	E1_candidate	E1R00953	iJN1463:HEPK1_kt	E1M_20d5ca63f2448a_c + adp_c + h_c <-- E1M_af0031a0c42c57_c + atp_c	0.0	0.0	0.0	0.0
E1R00954	E1_candidate	E1R00954	iML1515:HEPK2	E1M_ed010bfbc3d26d_c + adp_c + h_c <-- E1M_cd3c79b5cc665e_c + atp_c	0.0	0.0	0.0	0.0
E1R00955	E1_candidate	E1R00955	iJN1463:HEPK2_kt	E1M_8aa0cf2d20d784_c + adp_c + h_c <-- E1M_20d5ca63f2448a_c + atp_c	0.0	0.0	0.0	0.0
E1R00956	E1_candidate	E1R00956	iJN1463:UM3PL;iML1515:UM3PL	adp_c + h_c + pi_c + ugmd_c <-- E1M_ec926a0cb57fc0_c + atp_c + uamr_c	0.0	0.0	0.0	0.0
E1R00957	E1_candidate	E1R00957	iJN1463:UM4PL;iML1515:UM4PL	E1M_db8a4ca8765080_c + adp_c + h_c + pi_c <-- E1M_c1edf3491ea4f9_c + atp_c + uamr_c	0.0	0.0	0.0	0.0
E1R00958	E1_candidate	E1R00958	iCN1361:R_TETRAACYLDISACC4KIN_RXN;iML1515:TDSK	E1M_167ab6ad9f77ea_c + adp_c + h_c <=> E1M_4c7b24eb4be58d_c + atp_c	0.0	0.0	0.0	0.0
E1R00959	E1_candidate	E1R00959	iJN1463:TDSK2	E1M_e2280aaf8944ec_c + adp_c + h_c <-- E1M_bb87f63275e017_c + atp_c	0.0	0.0	0.0	0.0
E1R00960	E1_candidate	E1R00960	iJN1463:MAK	E1M_2180258f81b3a5_c + adp_c + h_c <-- E1M_135bd8646d3c03_c + atp_c	0.0	0.0	-10978.831751008162	0.0
E1R00961	E1_candidate	E1R00961	iML1515:HEX4	adp_c + h_c + man6p_c <-- E1M_d1209a0b4faa9d_c + atp_c	0.0	0.0	-1000.0	0.0
E1R00962	E1_candidate	E1R00962	iCN1361:R_PROPIONYL_COA_CARBOXY_RXN	E1M_b31c5510ca2c08_c + adp_c + h_c + pi_c <-- E1M_45f8123c586dff_c + atp_c + ppcoa_c	0.0	-2.655278939923948e-19	-1000.0	0.0
E1R00963	E1_candidate	E1R00963	iCN1361:R_PYRUVATE_CARBOXYLASE_RXN	adp_c + h_c + oaa_c + pi_c <-- E1M_45f8123c586dff_c + atp_c + pyr_c	0.0	0.0	-1000.0	0.0
E1R00964	E1_candidate	E1R00964	iML1515:PSURIK	E1M_f407042d05242f_c + adp_c + h_c <-- E1M_7b8e015a22ad37_c + atp_c	0.0	0.0	0.0	0.0
E1R00965	E1_candidate	E1R00965	iJN1463:R1PK;iML1515:R1PK	E1M_b24c350278fb78_c + adp_c + h_c <-- atp_c + r1p_c	-0.06967346100422707	0.0	-6744.777334413194	-4.8857249029401435e-14
E1R00966	E1_candidate	E1R00966	iJN1463:RBK;iML1515:RBK	adp_c + h_c + r5p_c <-- E1M_17125ed4eb7f38_c + atp_c	0.0	0.0	-8489.415874722865	0.0
E1R00967	E1_candidate	E1R00967	iML1515:RBK_L1	E1M_358b50774291cf_c + adp_c + h_c <-- E1M_3cb3dc0ff54ce4_c + atp_c	0.0	0.0	0.0	0.0
E1R00968	E1_candidate	E1R00968	iML1515:RMK	E1M_67278652e5232b_c + adp_c + h_c <-- E1M_5e618416f88e90_c + atp_c	0.0	0.0	0.0	0.0
E1R00969	E1_candidate	E1R00969	iML1515:6D6SFK	E1M_9c815880d0ca3e_c + adp_c + h_c <-- E1M_331e4e27d8cc68_c + atp_c	0.0	0.0	0.0	0.0
E1R00970	E1_candidate	E1R00970	iML1515:PFK_2	E1M_e1ce7f327d11af_c + adp_c + h_c <-- E1M_a1866314f78084_c + atp_c	0.0	0.0	0.0	0.0
E1R00971	E1_candidate	E1R00971	iML1515:TMK	adp_c + h_c + thmmp_c <-- atp_c + thm_c	0.0	0.0	-1000.0	0.0
E1R00972	E1_candidate	E1R00972	iML1515:XYLK	adp_c + h_c + xu5p_DASH_D_c <-- E1M_7ff83e7efcc0f2_c + atp_c	0.0	0.0	0.0	0.0
E1R00973	E1_candidate	E1R00973	iML1515:XYLK2	E1M_ec7ee6a3addf38_c + adp_c + h_c <-- E1M_776e695181937a_c + atp_c	0.0	0.0	0.0	0.0
E1R00974	E1_candidate	E1R00974	iCN1361:R_RXN_14120	E1M_99815e6af68fa7_c + adp_c <-- E1M_b7e49a2c4ee703_c + atp_c	0.0	0.0	-1000.0	0.0
E1R00975	E1_candidate	E1R00975	iJN1463:PPK;iML1515:PPK	adp_c + ppi_c <=> atp_c + pi_c	-32.83004913486798	0.0	-4999.906321714064	14978.919225271053
E1R00976	E1_candidate	E1R00976	iML1515:PPAKr	E1M_9337f7d66798f0_c + adp_c <=> E1M_ddfbeb6db46f97_c + atp_c	0.0	0.0	0.0	1000.0
E1R00977	E1_candidate	E1R00977	iJN1463:PPK2;iML1515:PPK2	adp_c + pppi_c <=> atp_c + ppi_c	0.0	0.0	-9978.831751008353	1999.987336064184
E1R00978	E1_candidate	E1R00978	iJN1463:R15BPK;iML1515:R15BPK	adp_c + prpp_c <-- E1M_b24c350278fb78_c + atp_c	-0.06967346100422708	0.0	-6744.777334413255	0.0
E1R00979	E1_candidate	E1R00979	iML1515:RNDR1b	E1M_fdbdb60be9bba6_c + adp_c --> E1M_95f8c2b2ca0efa_c + dadp_c + h2o_c	0.0	0.0	0.0	499.9275973127837
E1R00980	E1_candidate	E1R00980	iCN1361:R_36141_RXN;iJN1463:AP4AH;iML1515:AP4AH	2.0 adp_c + 2.0 h_c <-- E1M_62bc81e03a746b_c + h2o_c	0.0	0.0	-9978.831751008034	0.0
E1R00981	E1_candidate	E1R00981	iCN1361:R_CARBPSYN_RXN	2.0 adp_c + cbp_c + glu_DASH_L_c + 2.0 h_c + pi_c <-- E1M_45f8123c586dff_c + 2.0 atp_c + gln_DASH_L_c + h2o_c	0.0	0.0	-1000.0	0.0
E1R00982	E1_candidate	E1R00982	iJN1463:HYGBDIAS	E1M_febd464ed3dfbc_c + 2.0 adp_c + 2.0 glu_DASH_L_c + 2.0 h_c + ppi_c <-- E1M_2cdfa50b348cb6_c + 2.0 atp_c + 2.0 gln_DASH_L_c + h2o_c	0.0	0.0	0.0	0.0
E1R00983	E1_candidate	E1R00983	iJN1463:GLCS3_1	E1M_eb52738dcc7acd_c + 4.0 adp_c + 4.0 h_c <-- 4.0 adpglc_c	-0.0050381702526438215	0.0	-250.00000000000003	0.0
E1R00984	E1_candidate	E1R00984	iJN1463:PPK50r	E1M_52ea29dcb7b26e_c + 47.0 adp_c <=> 47.0 atp_c + pppi_c	0.0	0.0	-382.5263285847431	-4.4989338809386325e-12
E1R00985	E1_candidate	E1R00985	iCN1361:R_ADIPATE_COA_LIGASE_RXN	E1M_6ed3ef734e7676_c + atp_c + coa_c --> E1M_025feb8099b422_c + amp_c + ppi_c	0.0	0.0	0.0	0.0
E1R00986	E1_candidate	E1R00986	iJN1463:AGMHE;iML1515:AGMHE	E1M_526d2730bbcce5_c --> E1M_e6dc5749d4a3f2_c	0.0	0.0	0.0	0.0
E1R00987	E1_candidate	E1R00987	iJN1463:GMHEPAT;iML1515:GMHEPAT	E1M_526d2730bbcce5_c + ppi_c <-- atp_c + gmhep1p_c + h_c	0.0	0.0	0.0	0.0
E1R00988	E1_candidate	E1R00988	iCN1361:R_RXN0_1441;iJN1463:ADPRDP;iML1515:ADPRDP	E1M_05ceb6a805b200_c + h2o_c --> amp_c + 2.0 h_c + r5p_c	0.0	0.0	0.0	999.9999812535046
E1R00989	E1_candidate	E1R00989	iJN1463:NADN;iML1515:NADN	E1M_05ceb6a805b200_c + E1M_08852747b11070_c + h_c <-- h2o_c + nad_c	0.0	0.0	-999.9999812525039	0.0
E1R00990	E1_candidate	E1R00990	iJN1463:SELADT	E1M_dc39384da56a7f_c + ppi_c <-- E1M_84515c87c1e429_c + atp_c + h_c	0.0	0.0	-1000.0000000000001	0.0
E1R00991	E1_candidate	E1R00991	iCN1361:R_RXN_12720	E1M_dc39384da56a7f_c + ppi_c <=> E1M_84515c87c1e429_c + atp_c + 2.0 h_c	0.0	0.0	0.0	1000.0
E1R00992	E1_candidate	E1R00992	iJN1463:DGBUTNH	E1M_3ef9bbcd989afd_c + agm_c <-- E1M_267c0703b4d3e1_c + h2o_c	0.0	0.0	0.0	0.0
E1R00993	E1_candidate	E1R00993	iJN1463:AGMDA	agm_c + h2o_c --> E1M_1a8c717bbfee61_c + h_c + nh4_c	0.0	0.0	0.0	1999.9781279174174
E1R00994	E1_candidate	E1R00994	iCN1361:R_AGMATIN_RXN;iJN1463:AGMT;iML1515:AGMT	agm_c + h2o_c <=> E1M_3ef9bbcd989afd_c + ptrc_c	0.0	-0.021872082583150942	-1000.0	999.9781279174165
E1R00995	E1_candidate	E1R00995	iJN1463:PC20M	E1M_be57032243cb35_c + ahcys_c + h_c <-- amet_c + dscl_c	0.0	0.0	0.0	0.0
E1R00996	E1_candidate	E1R00996	iCN1361:R_ACETYLSEROTONIN_O_METHYLTRANSFERASE_RXN	E1M_7b5650f43ed43e_c + ahcys_c + h_c <-- E1M_816ae820e26574_c + amet_c	0.0	0.0	0.0	0.0
E1R00997	E1_candidate	E1R00997	iJN1463:PC11M	E1M_03345fcb6be4f4_c + ahcys_c + h_c <-- E1M_a4a1b53b7411e3_c + amet_c	0.0	0.0	0.0	0.0
E1R00998	E1_candidate	E1R00998	iCN1361:R_RXN_9191	E1M_2add1e26f9d285_c + ahcys_c + h_c <-- E1M_2506541a7f7792_c + amet_c	0.0	0.0	0.0	0.0
E1R00999	E1_candidate	E1R00999	iJN1463:PC17M	E1M_a4a1b53b7411e3_c + ahcys_c + 3.0 h_c <-- E1M_d7fb6d0518f40a_c + amet_c	0.0	0.0	0.0	0.0
E1R01000	E1_candidate	E1R01000	iJN1463:MALCOAMT;iML1515:MALCOAMT	E1M_ef2a34b7d52c4c_c + ahcys_c <-- amet_c + malcoa_c	0.0	0.0	0.0	0.0
E1R01001	E1_candidate	E1R01001	iML1515:TEO2M	E1M_fea853388a44e3_c + ahcys_c <-- E1M_25cf3490cb018b_c + amet_c	0.0	0.0	0.0	0.0
E1R01002	E1_candidate	E1R01002	iJN1463:PC6YM	E1M_da673ed0a8942c_c + 2.0 ahcys_c + co2_c + 2.0 h_c <-- E1M_92569ffacce390_c + 2.0 amet_c	0.0	0.0	0.0	0.0
E1R01003	E1_candidate	E1R01003	iJN1463:CFAS160E;iML1515:CFAS160E	E1M_eab998951db363_c + 2.0 ahcys_c + 2.0 h_c <-- E1M_8c2559d0e468b0_c + 2.0 amet_c	0.0	0.0	0.0	0.0
E1R01004	E1_candidate	E1R01004	iJN1463:CFAS180E;iML1515:CFAS180E	E1M_8010d4eb9ce1d0_c + 2.0 ahcys_c + 2.0 h_c <-- E1M_874435e2202fce_c + 2.0 amet_c	0.0	0.0	0.0	0.0
E1R01005	E1_candidate	E1R01005	iJN1463:CFAS160G;iML1515:CFAS160G	E1M_4e79f9da187c3d_c + 2.0 ahcys_c + 2.0 h_c <-- E1M_5c615e30e1537f_c + 2.0 amet_c	0.0	0.0	0.0	0.0
E1R01006	E1_candidate	E1R01006	iJN1463:CFAS180G;iML1515:CFAS180G	E1M_6b01f28db0ef78_c + 2.0 ahcys_c + 2.0 h_c <-- E1M_a4063c3e928e9b_c + 2.0 amet_c	0.0	0.0	0.0	0.0
E1R01007	E1_candidate	E1R01007	iCN1361:R_RXN_13403;iJN1463:UPP3MT;iML1515:UPP3MT	2.0 ahcys_c + dscl_c + h_c <-- 2.0 amet_c + uppg3_c	-2.687024134743372e-06	-1.5622916130822105e-06	-1000.0000026870241	0.0
E1R01008	E1_candidate	E1R01008	iML1515:DHPTPE	ahdt_c <=> E1M_fe6a2f40093f1b_c	0.0	0.0	0.0	0.0
E1R01009	E1_candidate	E1R01009	iCN1361:R_RXN_14270	aicar_c + ppi_c --> E1M_03bd8dbac53800_c + prpp_c	0.0	0.0	0.0	0.0
E1R01010	E1_candidate	E1R01010	iCN1361:R_RXN_2901	E1M_66f84309eb5d1e_c + akg_c <=> E1M_bc112a56b262a9_c + glu_DASH_L_c	0.0	0.0	-1000.0	1000.0
E1R01011	E1_candidate	E1R01011	iCN1361:R_D_ALANINE_AMINOTRANSFERASE_RXN	akg_c + ala_DASH_D_c <=> glu_DASH_L_c + pyr_c	0.0	-0.0030464686455103107	-1000.0	1000.0
E1R01012	E1_candidate	E1R01012	iCN1361:R_ALANINE_AMINOTRANSFERASE_RXN;iJN1463:ALATA_L;iML1515:ALATA_L	akg_c + ala_DASH_L_c <=> glu_DASH_L_c + pyr_c	0.0	0.0	-8000.0921703018685	6499.7191782380605
E1R01013	E1_candidate	E1R01013	iCN1361:R_ISOCITRATE_DEHYDROGENASE_NAD_RXN	akg_c + co2_c + nadh_c <-- icit_c + nad_c	0.0	0.0	-1000.0	0.0
E1R01014	E1_candidate	E1R01014	iJN1463:AKGDH;iML1515:AKGDH	akg_c + coa_c + nad_c --> co2_c + nadh_c + succoa_c	0.0	0.0	0.0	999999.0
E1R01015	E1_candidate	E1R01015	iJN1463:GLUTARH	E1M_d11d845925d4ec_c + akg_c + o2_c --> E1M_e9f3db89aad47a_c + co2_c + succ_c	0.0	0.0	0.0	999.9589101696849
E1R01016	E1_candidate	E1R01016	iJN1463:AKGDa	E1M_2d5e063dd7723c_c + akg_c + h_c <=> E1M_c41f68471c973d_c + co2_c	-0.9256054767661751	-0.08599556069630372	-999999.0	999.9492363387287
E1R01017	E1_candidate	E1R01017	iCN1361:R_2OXOGLUTDECARB_RXN	E1M_d2290bf21749e7_c + akg_c + h_c <=> E1M_7b729797912db6_c + co2_c	0.0	0.0	0.0	1000.0
E1R01018	E1_candidate	E1R01018	iCN1361:R_1141118_RXN	E1M_d6c25676ee1334_c + akg_c + o2_c --> E1M_95401745b815b6_c + co2_c + succ_c	0.0	0.0	0.0	0.0
E1R01019	E1_candidate	E1R01019	iCN1361:R_CYSTEINE_AMINOTRANSFERASE_RXN;iML1515:CYSTA	akg_c + cys_DASH_L_c <=> E1M_1910e561130d9f_c + glu_DASH_L_c	0.0	0.0	0.0	0.0
E1R01020	E1_candidate	E1R01020	iML1515:TDPAGTA	E1M_1d3d7e93243862_c + akg_c <-- dtdp4d6dg_c + glu_DASH_L_c	0.0	0.0	0.0	0.0
E1R01021	E1_candidate	E1R01021	iCN1361:R_GLUTAMATE_DEHYDROGENASE_RXN;iJN1463:GLUDxi	akg_c + h_c + nadh_c + nh4_c <=> glu_DASH_L_c + h2o_c + nad_c	1.606172355505473	0.0	-999999.0	999999.0
E1R01022	E1_candidate	E1R01022	iCN1361:R_GLUTAMATE_DEHYDROGENASE_NADP_RXN_NADP;iJN1463:GLUDy;iML1515:GLUDy	akg_c + h_c + nadph_c + nh4_c <=> glu_DASH_L_c + h2o_c + nadp_c	0.0	0.3113370659257434	-999999.0	999999.0
E1R01023	E1_candidate	E1R01023	iJN1463:AROAT	E1M_05b3567947ddb6_c + akg_c <=> glu_DASH_L_c + h_c + pphn_c	-0.024183217212690348	-0.01406062451773989	-760.9984916013899	0.0
E1R01024	E1_candidate	E1R01024	iJN1463:SOTA;iML1515:SOTA	E1M_0a0561495bac67_c + akg_c --> E1M_62a5532dd27536_c + glu_DASH_L_c	0.0	0.0	0.0	999.9777912435744
E1R01025	E1_candidate	E1R01025	iML1515:UDPKAAT	E1M_18e79f8f975725_c + akg_c <=> E1M_98b64aba50f20c_c + glu_DASH_L_c	0.0	0.0	0.0	0.0
E1R01026	E1_candidate	E1R01026	iJN1463:SHGO;iML1515:SHGO	akg_c + h2o2_c <-- E1M_e9f3db89aad47a_c + o2_c	0.0	0.0	-1000.0	0.0
E1R01027	E1_candidate	E1R01027	iCN1361:R_25_DIOXOVALERATE_DEHYDROGENASE_RXN	akg_c + 2.0 h_c + nadph_c <=> E1M_93d799b8f42fcb_c + h2o_c + nadp_c	0.0	0.0	-1000.0	0.0
E1R01028	E1_candidate	E1R01028	iML1515:ARHGDx	akg_c + h_c + nadh_c <=> E1M_39732d9064d61d_c + nad_c	0.0	0.0	0.0	0.0
E1R01029	E1_candidate	E1R01029	iML1515:AHGDx	akg_c + h_c + nadh_c <=> E1M_e9f3db89aad47a_c + nad_c	0.0	0.0	-999.9589101682855	1000.0
E1R01030	E1_candidate	E1R01030	iJN1463:LIPAH	E1M_f2d3456671fd5b_c + 2.0 akg_c + 2.0 o2_c --> E1M_14aef4ba284c6a_c + 2.0 co2_c + 2.0 succ_c	0.0	0.0	0.0	0.0
E1R01031	E1_candidate	E1R01031	iML1515:ALAALAD	alaala_c + h2o_c --> 2.0 ala_DASH_D_c	0.0	0.0	0.0	999.997969020903
E1R01032	E1_candidate	E1R01032	iJN1463:AMPTASEAH	E1M_bf16da665ab377_c + h2o_c --> ala_DASH_L_c + his_DASH_L_c	0.0	0.0	0.0	0.0
E1R01033	E1_candidate	E1R01033	iJN1463:AMPTASEAL	E1M_e197ac86d3fdc1_c + h2o_c --> ala_DASH_L_c + leu_DASH_L_c	0.0	0.0	0.0	0.0
E1R01034	E1_candidate	E1R01034	iJN1463:AMPTASEAT	E1M_d883d3968dc782_c + h2o_c --> ala_DASH_L_c + thr_DASH_L_c	0.0	0.0	0.0	0.0
E1R01035	E1_candidate	E1R01035	iJN1463:ALATRS	E1M_632ec25bcb35ff_c + amp_c + ppi_c <-- E1M_b928df67840454_c + ala_DASH_L_c + atp_c	0.0	0.0	0.0	0.0
E1R01036	E1_candidate	E1R01036	iJN1463:LPSALAT	E1M_632ec25bcb35ff_c + E1M_e168679d0cd98c_c --> E1M_b928df67840454_c + E1M_d12d385996b305_c	0.0	0.0	0.0	0.0
E1R01037	E1_candidate	E1R01037	iJN1463:AMPTASEATRP	E1M_f79539e6ba7905_c + h2o_c --> ala_DASH_L_c + trp_DASH_L_c	0.0	0.0	0.0	0.0
E1R01038	E1_candidate	E1R01038	iCN1361:R_26118_RXN;iJN1463:APATr	E1M_66f84309eb5d1e_c + pyr_c <=> E1M_bc112a56b262a9_c + ala_DASH_L_c	0.0	0.0	-2000.0000080611323	2333.3622869003834
E1R01039	E1_candidate	E1R01039	iCN1361:R_PANTOATE_BETA_ALANINE_LIG_RXN;iJN1463:PANTS;iML1515:PANTS	E1M_66f84309eb5d1e_c + atp_c + pant_DASH_R_c --> amp_c + h_c + pnto_DASH_R_c + ppi_c	0.0	2.0541466147999217e-17	0.0	8.061340862605881e-06
E1R01040	E1_candidate	E1R01040	iCN1361:R_ASPDECARBOX_RXN;iML1515:ASP1DC	E1M_66f84309eb5d1e_c + co2_c <=> asp_DASH_L_c + h_c	0.0	0.0	-999.8715283852412	1000.0
E1R01041	E1_candidate	E1R01041	iJN1463:BALAMDAH	E1M_66f84309eb5d1e_c + nh4_c <-- E1M_d03de65200b7a6_c + h2o_c	0.0	0.0	0.0	0.0
E1R01042	E1_candidate	E1R01042	iJN1463:UPPN	E1M_66f84309eb5d1e_c + co2_c + nh4_c <-- E1M_621d784f9f46ec_c + h2o_c + 2.0 h_c	0.0	0.0	-999.976582498554	0.0
E1R01043	E1_candidate	E1R01043	iJN1463:NBAHH_ir	E1M_66f84309eb5d1e_c + his_DASH_L_c <-- E1M_dd6a001e889520_c + h2o_c	0.0	0.0	0.0	0.0
E1R01044	E1_candidate	E1R01044	iJN1463:GGDAPAH	E1M_66f84309eb5d1e_c + glu_DASH_L_c <-- E1M_b7630aaf1637dd_c + h2o_c	0.0	0.0	-999.9777912435741	-2.348653042380104e-13
E1R01045	E1_candidate	E1R01045	iJN1463:DALAALAD	ala_DASH_D_c + ala_DASH_L_c <-- E1M_2f479608544ece_c + h2o_c	0.0	0.0	0.0	0.0
E1R01046	E1_candidate	E1R01046	iJN1463:AGM4PCP;iML1515:AGM4PCP	E1M_9562bb60519c2b_c + ala_DASH_D_c <-- E1M_f8df9d7f2352c8_c + h2o_c	0.0	0.0	0.0	0.0
E1R01047	E1_candidate	E1R01047	iJN1463:AM4PCP;iML1515:AM4PCP	E1M_15ffeeda24431b_c + ala_DASH_D_c <-- E1M_8466652f87294c_c + h2o_c	0.0	0.0	0.0	0.0
E1R01048	E1_candidate	E1R01048	iJN1463:DALAGLYD	ala_DASH_D_c + gly_c <-- E1M_c7e674e84f736a_c + h2o_c	0.0	0.0	0.0	0.0
E1R01049	E1_candidate	E1R01049	iJN1463:DALALEUD	ala_DASH_D_c + leu_DASH_L_c <-- E1M_cd982119201737_c + h2o_c	0.0	0.0	0.0	0.0
E1R01050	E1_candidate	E1R01050	iJN1463:DAAD;iML1515:DAAD	ala_DASH_D_c + fad_c + h2o_c --> fadh2_c + nh4_c + pyr_c	0.0	0.0	0.0	4999.95383272054
E1R01051	E1_candidate	E1R01051	iJN1463:4PCP;iML1515:4PCP	E1M_ec926a0cb57fc0_c + ala_DASH_D_c <-- E1M_c1edf3491ea4f9_c + h2o_c	0.0	0.0	0.0	0.0
E1R01052	E1_candidate	E1R01052	iJN1463:UM4PCP;iML1515:UM4PCP	ala_DASH_D_c + ugmd_c <-- E1M_db8a4ca8765080_c + h2o_c	0.0	0.0	-999.9979690209028	0.0
E1R01053	E1_candidate	E1R01053	iCN1361:R_34178_RXN	E1M_db8a4ca8765080_c + ala_DASH_D_c <-- h2o_c + ugmda_c	0.0	0.0	-999.997969020903	0.0
E1R01054	E1_candidate	E1R01054	iCN1361:R_341714_RXN	E1M_35fbff7177fd1d_c + ala_DASH_D_c <-- E1M_1aaaadab231224_c + h2o_c	0.0	0.0	0.0	0.0
E1R01055	E1_candidate	E1R01055	iCN1361:R_RXN0_5227	E1M_58666f859e8e62_c + ala_DASH_D_c <-- E1M_fff10a1f8f835a_c + h2o_c	0.0	0.0	0.0	0.0
E1R01056	E1_candidate	E1R01056	iCN1361:R_341713_RXN	E1M_6f93ee02c0c986_c + ala_DASH_D_c <-- E1M_3b15829fdd296a_c + h2o_c	0.0	0.0	0.0	0.0
E1R01057	E1_candidate	E1R01057	iCN1361:R_RXN_11351	E1M_f0c7d4a5baac4b_c + ala_DASH_D_c <-- 2.0 E1M_4290671ebffff4_c + h_c	0.0	0.0	0.0	0.0
E1R01058	E1_candidate	E1R01058	iML1515:ALATA_D2	ala_DASH_D_c + pydx5p_c --> pyam5p_c + pyr_c	0.0	0.0	0.0	1000.0
E1R01059	E1_candidate	E1R01059	iCN1361:R_RXN_11065	E1M_83041a6f6ffae4_c + ala_DASH_D_c <-- 2.0 E1M_37fdb88acc4744_c	0.0	0.0	0.0	0.0
E1R01060	E1_candidate	E1R01060	iJN1463:DALADALAD	2.0 ala_DASH_D_c <-- E1M_4a52e6daf8b422_c + h2o_c	0.0	0.0	0.0	0.0
E1R01061	E1_candidate	E1R01061	iCN1361:R_34164_RXN	E1M_2acf9c7eb75815_c + 2.0 ala_DASH_D_c <-- E1M_009e505221182f_c + h2o_c	0.0	0.0	0.0	0.0
E1R01062	E1_candidate	E1R01062	iCN1361:R_KYNURENINASE_RXN	ala_DASH_L_c + anth_c + h_c <=> E1M_63798f3cfdb321_c + h2o_c	0.0	0.0	-499.9235053582229	0.0
E1R01063	E1_candidate	E1R01063	iCN1361:R_ASPARTATE_4_DECARBOXYLASE_RXN	ala_DASH_L_c + co2_c <-- asp_DASH_L_c + h_c	-0.03151458677756887	0.0	-1000.0	0.0
E1R01064	E1_candidate	E1R01064	iJN1463:ICYSDS;iML1515:ICYSDS	E1M_031b9b5d9b7806_c + ala_DASH_L_c <-- E1M_cd3330afbb89ce_c + cys_DASH_L_c	0.0	0.0	-2.6870241033457704e-06	0.0
E1R01065	E1_candidate	E1R01065	iJN1463:SCYSDS;iML1515:SCYSDS	E1M_6a445079716504_c + ala_DASH_L_c <-- E1M_85d7a95a3ffd90_c + cys_DASH_L_c	0.0	0.0	0.0	0.0
E1R01066	E1_candidate	E1R01066	iCN1361:R_RXN_12588	E1M_2b1a5f6f3f5742_c + ala_DASH_L_c <-- E1M_aa93609578d03a_c + cys_DASH_L_c	0.0	0.0	0.0	0.0
E1R01067	E1_candidate	E1R01067	iCN1361:R_RXN_9787	E1M_20bc6c7716141e_c + ala_DASH_L_c <-- E1M_5979ea3b2bc6ef_c + cys_DASH_L_c	-2.687024134743373e-06	-1.5622916130822105e-06	-2.687024126087062e-06	0.0
E1R01068	E1_candidate	E1R01068	iJN1463:LALGP;iML1515:LALGP	ala_DASH_L_c + glu_DASH_L_c <-- E1M_253302c99210e9_c + h2o_c	0.0	0.0	0.0	0.0
E1R01069	E1_candidate	E1R01069	iCN1361:R_ALANINE_DEHYDROGENASE_RXN	ala_DASH_L_c + h2o_c + nad_c <=> h_c + nadh_c + nh4_c + pyr_c	-0.12097134584498276	-0.05358504003710673	-1000.0	1000.0
E1R01070	E1_candidate	E1R01070	iML1515:ALATA_L2	ala_DASH_L_c + pydx5p_c --> pyam5p_c + pyr_c	0.0	0.0	0.0	1000.0
E1R01071	E1_candidate	E1R01071	iML1515:ALLPI	E1M_202abe930cdf27_c <=> E1M_25a45997bee664_c	0.0	0.0	0.0	0.0
E1R01072	E1_candidate	E1R01072	iCN1361:R_ALLOPHANATE_HYDROLASE_RXN	E1M_eb22b2907b6122_c + h2o_c + 3.0 h_c <=> 2.0 co2_c + 2.0 nh4_c	0.0	0.0	0.0	0.0
E1R01073	E1_candidate	E1R01073	iJN1463:ALLTNRA	E1M_7705b62f7a7e53_c <=> E1M_0c43e44337dd8b_c	0.0	0.0	-999.9594888402903	0.0
E1R01074	E1_candidate	E1R01074	iJN1463:ALLTN;iML1515:ALLTN	E1M_7705b62f7a7e53_c + h2o_c --> E1M_2c7aa45b14a083_c + h_c	0.0	0.0	1.2709264270892234e-12	999.9594888409989
E1R01075	E1_candidate	E1R01075	iML1515:URIC	E1M_7705b62f7a7e53_c + co2_c + h2o2_c <-- 2.0 h2o_c + o2_c + urate_c	0.0	0.0	-999.9594888406228	0.0
E1R01076	E1_candidate	E1R01076	iML1515:ALLTAMH2	E1M_2c7aa45b14a083_c + h2o_c + 2.0 h_c --> E1M_453b4c6b805737_c + co2_c + nh4_c	0.0	0.0	0.0	1000.0
E1R01077	E1_candidate	E1R01077	iCN1361:R_ALLANTOATE_DEIMINASE_RXN	E1M_2c7aa45b14a083_c + h2o_c + 2.0 h_c <=> E1M_cab488a67ad963_c + co2_c + nh4_c	0.0	0.0	0.0	0.0
E1R01078	E1_candidate	E1R01078	iJN1463:ALLTAMH	E1M_2c7aa45b14a083_c + 2.0 h2o_c + 2.0 h_c --> E1M_067cf16e2fc2da_c + co2_c + 2.0 nh4_c	0.0	0.0	0.0	1999.9594888410854
E1R01079	E1_candidate	E1R01079	iCN1361:R_ALLANTOICASE_RXN	E1M_2c7aa45b14a083_c + h2o_c <=> E1M_067cf16e2fc2da_c + E1M_3ef9bbcd989afd_c	0.0	0.0	-1000.0	999.9594888410837
E1R01080	E1_candidate	E1R01080	iML1515:ALLULPE	E1M_25a45997bee664_c <=> E1M_98f885b3c3cb12_c	0.0	0.0	0.0	0.0
E1R01081	E1_candidate	E1R01081	iML1515:TAGURr	E1M_cd02ca9fca7541_c + nad_c <=> E1M_75a5588be2631a_c + h_c + nadh_c	0.3054990056398564	0.0	2.50142185458096e-16	1000.0
E1R01082	E1_candidate	E1R01082	iML1515:CXSAMS	amet_c + pphn_c --> E1M_71373c7dd45dac_c + h2o_c + phpyr_c	0.0	0.0	0.0	0.0
E1R01083	E1_candidate	E1R01083	iCN1361:R_2816_RXN	E1M_2b1a5f6f3f5742_c + 2.0 E1M_f9eec68dbd52b9_c + 2.0 amet_c + dtbt_c --> 2.0 E1M_8d775042794fad_c + E1M_aa93609578d03a_c + 2.0 E1M_f71f64bb1684b1_c + btn_c + 2.0 met_DASH_L_c	0.0	0.0	0.0	0.0
E1R01084	E1_candidate	E1R01084	iCN1361:R_HEMN_RXN;iJN1463:CPPPGO2;iML1515:CPPPGO2	2.0 amet_c + cpppg3_c --> 2.0 E1M_8d775042794fad_c + 2.0 co2_c + 2.0 met_DASH_L_c + pppg9_c	0.0	0.0	0.0	0.0
E1R01085	E1_candidate	E1R01085	iCN1361:R_AMINOBENZCOALIG_RXN	E1M_1099903fdb731c_c + amp_c + ppi_c <-- anth_c + atp_c + coa_c	0.0	0.0	0.0	0.0
E1R01086	E1_candidate	E1R01086	iJN1463:APSR2	E1M_95f8c2b2ca0efa_c + amp_c + 2.0 h_c + so3_c <-- E1M_fdbdb60be9bba6_c + aps_c	0.0	0.0	-2999.999999999998	0.0
E1R01087	E1_candidate	E1R01087	iCN1361:R_RXN_12019;iJN1463:APSR	amp_c + 2.0 h_c + so3_c + trdox_c <-- aps_c + trdrd_c	0.0	0.0	-3000.000000000002	0.0
E1R01088	E1_candidate	E1R01088	iJN1463:ARGTRS	E1M_88d2f1f7d672ff_c + amp_c + ppi_c <-- E1M_e48e418d15dcc7_c + arg_DASH_L_c + atp_c	0.0	0.0	0.0	0.0
E1R01089	E1_candidate	E1R01089	iML1515:ASNS2	amp_c + asn_DASH_L_c + h_c + ppi_c <-- asp_DASH_L_c + atp_c + nh4_c	0.0	-0.021090936776609837	-1000.0	0.0
E1R01090	E1_candidate	E1R01090	iJN1463:ASPTRS	E1M_d302b14f962233_c + amp_c + ppi_c <-- E1M_63e076cd455380_c + asp_DASH_L_c + atp_c	0.0	0.0	0.0	0.0
E1R01091	E1_candidate	E1R01091	iCN1361:R_RXN_10	E1M_77de994894c99d_c + amp_c + h_c + ppi_c <-- E1M_c16e70231969ee_c + asp_DASH_L_c + atp_c	0.0	0.0	0.0	0.0
E1R01092	E1_candidate	E1R01092	iCN1361:R_BUTYRATE__COA_LIGASE_RXN	E1M_170dd23f031ce7_c + amp_c + ppi_c <-- E1M_81f76ddf608805_c + atp_c + coa_c	0.0	0.0	0.0	0.0
E1R01093	E1_candidate	E1R01093	iCN1361:R_BIOTIN__COA_LIGASE_RXN	E1M_32029a938f3946_c + amp_c + ppi_c <-- atp_c + btn_c + coa_c	0.0	0.0	0.0	0.0
E1R01094	E1_candidate	E1R01094	iCN1361:R_BENZOATE__COA_LIGASE_RXN	E1M_7280b19f80be0b_c + amp_c + ppi_c <-- E1M_eaa0d422cd246f_c + atp_c + coa_c	0.0	0.0	0.0	0.0
E1R01095	E1_candidate	E1R01095	iJN1463:4CMCOAS	E1M_1fa604dd1ac0cf_c + amp_c + ppi_c <-- E1M_9b1c7145fdc4c4_c + atp_c + coa_c	0.0	0.0	0.0	0.0
E1R01096	E1_candidate	E1R01096	iCN1361:R_RXN_13614;iJN1463:HMR_0180_copy1;iJN1463:HMR_0180_copy2	E1M_28fc33fed0888f_c + amp_c + ppi_c <-- E1M_8c3c4197bdbf9e_c + atp_c + coa_c	0.0	-1.2612574964638745e-18	-9978.83175100811	0.0
E1R01097	E1_candidate	E1R01097	iJN1463:HMR_0188	E1M_a434a6bc517cdb_c + amp_c + ppi_c <-- E1M_2d6f270d52020a_c + atp_c + coa_c	0.0	0.0	-9978.831751008302	0.0
E1R01098	E1_candidate	E1R01098	iJN1463:FERULCOAS	E1M_13db18f8cd1e51_c + amp_c + ppi_c <-- E1M_213c8210dcf68d_c + atp_c + coa_c	0.0	0.0	-1000.0000000000005	0.0
E1R01099	E1_candidate	E1R01099	iCN1361:R_R281_RXN	E1M_48d30264bac298_c + amp_c + h_c + 2.0 pi_c <-- E1M_3136de6ff2ec24_c + atp_c + coa_c + h2o_c	0.0	0.0	0.0	0.0
E1R01100	E1_candidate	E1R01100	iJN1463:FACOAL160	E1M_7a0e9d86405af9_c + amp_c + ppi_c <-- E1M_c636fb00cabd85_c + atp_c + coa_c	0.0	-2.4340056949302843e-19	-9978.831751009895	0.0
E1R01101	E1_candidate	E1R01101	iJN1463:FACOAL161	E1M_94ba12b50b9606_c + amp_c + ppi_c <-- E1M_27ab7659ef3699_c + atp_c + coa_c	0.0	0.0	-9978.831751008314	0.0
E1R01102	E1_candidate	E1R01102	iJN1463:FACOAL_70_c	E1M_a670acea319491_c + amp_c + ppi_c <-- E1M_762e86a34ece13_c + atp_c + coa_c	0.0	0.0	-9978.831751008353	0.0
E1R01103	E1_candidate	E1R01103	iJN1463:FACOAL60i	E1M_9e0d2f4b23b8a8_c + amp_c + ppi_c <-- E1M_3ecfb221ebde8b_c + atp_c + coa_c	0.0	0.0	-9978.831751008298	0.0
E1R01104	E1_candidate	E1R01104	iCN1361:R_RXN_9673;iJN1463:FACOAL1821	E1M_95a42ee849d1a8_c + amp_c + ppi_c <-- E1M_af0da49fd40028_c + atp_c + coa_c	0.0	0.0	-9978.831751008298	0.0
E1R01105	E1_candidate	E1R01105	iCN1361:R_LINOLENOYL_RXN	E1M_9c191bdbeb55ae_c + amp_c + ppi_c <-- E1M_5cffdd4b2ad61e_c + atp_c + coa_c	0.0	0.0	0.0	0.0
E1R01106	E1_candidate	E1R01106	iJN1463:FACOAL90i	E1M_007683919b7551_c + amp_c + ppi_c <-- E1M_6d45decccd5805_c + atp_c + coa_c	0.0	0.0	-9978.831751008534	0.0
E1R01107	E1_candidate	E1R01107	iCN1361:R_RXN_13290	E1M_e2a11e5bcdee0d_c + amp_c + ppi_c <-- E1M_74f4793044f88b_c + atp_c + coa_c	0.0	0.0	0.0	0.0
E1R01108	E1_candidate	E1R01108	iJN1463:FACOAL80	E1M_515fe529769406_c + amp_c + ppi_c <-- E1M_c7afdf21323a4d_c + atp_c + coa_c	0.0	0.0	-9978.831751008052	0.0
E1R01109	E1_candidate	E1R01109	iJN1463:FACOAL180	E1M_568f3a6fbb47fc_c + amp_c + ppi_c <-- E1M_5cb95c7bcf69ec_c + atp_c + coa_c	0.0	0.0	-9978.83175100869	0.0
E1R01110	E1_candidate	E1R01110	iJN1463:FACOAL181	E1M_b3383d572a4f80_c + amp_c + ppi_c <-- E1M_e53aef644d0bd7_c + atp_c + coa_c	0.0	0.0	-9978.831751008416	0.0
E1R01111	E1_candidate	E1R01111	iCN1361:R_RXN_10819;iJN1463:PACCOAL;iML1515:PACCOAL	E1M_ef7a813372f7d1_c + amp_c + ppi_c <-- E1M_0dffc0bd5bf0c3_c + atp_c + coa_c	0.0	0.0	-1740.7475582297232	0.0
E1R01112	E1_candidate	E1R01112	iCN1361:R_6_CARBOXYHEXANOATE__COA_LIGASE_RXN	amp_c + pmcoa_c + ppi_c <-- E1M_e482120963b289_c + atp_c + coa_c	0.0	0.0	0.0	0.0
E1R01113	E1_candidate	E1R01113	iCN1361:R_PROPIONATE__COA_LIGASE_RXN;iJN1463:ACS2	amp_c + ppcoa_c + ppi_c <-- E1M_ddfbeb6db46f97_c + atp_c + coa_c	-1.1423212281983621	-0.11380513255497361	-11489.425868936743	0.0
E1R01114	E1_candidate	E1R01114	iCN1361:R_RXN66_484	E1M_001987b50a1ad2_c + amp_c + ppi_c <-- E1M_96c89343cc4ff6_c + atp_c + coa_c	0.0	0.0	0.0	0.0
E1R01115	E1_candidate	E1R01115	iJN1463:FACOAL50i	E1M_653783bfb80f28_c + amp_c + ppi_c <-- E1M_507fa33aed5574_c + atp_c + coa_c	0.0	0.0	-9978.831751008225	0.0
E1R01116	E1_candidate	E1R01116	iJN1463:ACSPHAC101	E1M_2f7e88676c8fe8_c + amp_c + ppi_c <-- E1M_a6843109188811_c + atp_c + coa_c	0.0	0.0	-9978.831751008587	0.0
E1R01117	E1_candidate	E1R01117	iJN1463:ACSPHACT40	E1M_b9f5f2147d111d_c + amp_c + ppi_c <-- E1M_d09a4b2c2e068d_c + atp_c + coa_c	0.0	0.0	-9978.83175100833	0.0
E1R01118	E1_candidate	E1R01118	iJN1463:ACSPHACT60	E1M_cdbaeaba54535d_c + amp_c + ppi_c <-- E1M_d578e28a8b3946_c + atp_c + coa_c	0.0	0.0	-9978.831751008931	0.0
E1R01119	E1_candidate	E1R01119	iJN1463:ACSPHAC121	E1M_39ec979c77035d_c + amp_c + ppi_c <-- E1M_9064a04ab45e69_c + atp_c + coa_c	0.0	0.0	-9978.831751008564	0.0
E1R01120	E1_candidate	E1R01120	iJN1463:ACSPHAC141	E1M_3da04e7b2e0ad3_c + amp_c + ppi_c <-- E1M_f58c75f23d5569_c + atp_c + coa_c	0.0	0.0	-9978.83175100841	0.0
E1R01121	E1_candidate	E1R01121	iJN1463:ACSPHAC100	E1M_c995b19884565f_c + amp_c + ppi_c <-- E1M_644349da1f8bde_c + atp_c + coa_c	0.0	0.0	-9978.83175100855	0.0
E1R01122	E1_candidate	E1R01122	iJN1463:ACSPHAC121d6	E1M_a5e9867239bd09_c + amp_c + ppi_c <-- E1M_001ed64ad1f53f_c + atp_c + coa_c	0.0	0.0	-9978.831751008564	0.0
E1R01123	E1_candidate	E1R01123	iJN1463:ACSPHAC120	E1M_2e7d3250350c1d_c + amp_c + ppi_c <-- E1M_b9e77843dd2137_c + atp_c + coa_c	0.0	0.0	-9978.831751008549	0.0
E1R01124	E1_candidate	E1R01124	iJN1463:ACSPHAC60	E1M_8240b25d18465b_c + amp_c + ppi_c <-- E1M_54ede2fc999c0b_c + atp_c + coa_c	0.0	0.0	-9978.831751008564	0.0
E1R01125	E1_candidate	E1R01125	iJN1463:ACSPHAC160	E1M_d0d4453b3ae7f2_c + amp_c + ppi_c <-- E1M_bcbfd963792142_c + atp_c + coa_c	0.0	0.0	-9978.831751008405	0.0
E1R01126	E1_candidate	E1R01126	iJN1463:ACSPHAC70	E1M_da19b2bf37c22b_c + amp_c + ppi_c <-- E1M_7b3a83e228a43f_c + atp_c + coa_c	0.0	0.0	-9978.831751008405	0.0
E1R01127	E1_candidate	E1R01127	iJN1463:ACSPHAC140	E1M_8330a0a9dc18ef_c + amp_c + ppi_c <-- E1M_88bd90a5758cff_c + atp_c + coa_c	0.0	0.0	-9978.83175100849	0.0
E1R01128	E1_candidate	E1R01128	iJN1463:ACSPHAC90	E1M_88e1885c8048a1_c + amp_c + ppi_c <-- E1M_320e1938be5932_c + atp_c + coa_c	0.0	0.0	-9978.831751008564	0.0
E1R01129	E1_candidate	E1R01129	iJN1463:ACSPHAC80	E1M_56f9c228488432_c + amp_c + ppi_c <-- E1M_dfded26027e679_c + atp_c + coa_c	0.0	0.0	-9978.831751008658	0.0
E1R01130	E1_candidate	E1R01130	iJN1463:ACSPHACP40	E1M_5076f63f633c52_c + amp_c + ppi_c <-- E1M_3979d0fc1f98da_c + atp_c + coa_c	0.0	0.0	-9978.83175100876	0.0
E1R01131	E1_candidate	E1R01131	iJN1463:ACSPHACP100	E1M_c929f92bc83e55_c + amp_c + ppi_c <-- E1M_c8ef01af26009a_c + atp_c + coa_c	0.0	0.0	-9978.831751008704	0.0
E1R01132	E1_candidate	E1R01132	iJN1463:ACSPHACP70	E1M_ececea6a2c72e2_c + amp_c + ppi_c <-- E1M_0dda0cd8d7d2f4_c + atp_c + coa_c	0.0	0.0	-9978.831751008634	0.0
E1R01133	E1_candidate	E1R01133	iJN1463:ACSPHACP60	E1M_b9d47c20f029be_c + amp_c + ppi_c <-- E1M_90a3de552a021c_c + atp_c + coa_c	0.0	0.0	-9978.831751008865	0.0
E1R01134	E1_candidate	E1R01134	iJN1463:ACSPHACP90	E1M_ee88a9cc4609c0_c + amp_c + ppi_c <-- E1M_70c52c5d909440_c + atp_c + coa_c	0.0	0.0	-9978.831751008664	0.0
E1R01135	E1_candidate	E1R01135	iJN1463:ACSPHACP80	E1M_9c188db37e05ff_c + amp_c + ppi_c <-- E1M_96e045228c75db_c + atp_c + coa_c	0.0	0.0	-9978.831751008162	0.0
E1R01136	E1_candidate	E1R01136	iJN1463:ACSPHACP50	E1M_6b8c6d0f0ccb9d_c + amp_c + ppi_c <-- E1M_56ac9d04fe12c7_c + atp_c + coa_c	0.0	0.0	-9978.831751008609	0.0
E1R01137	E1_candidate	E1R01137	iJN1463:ACSPHAC50	E1M_af4acf5c31909a_c + amp_c + ppi_c <-- E1M_a4cc42b8568438_c + atp_c + coa_c	0.0	0.0	-9978.831751008878	0.0
E1R01138	E1_candidate	E1R01138	iJN1463:ACSPHAC142	E1M_d64cab39f483e1_c + amp_c + ppi_c <-- E1M_884b378bfb3abe_c + atp_c + coa_c	0.0	0.0	-9978.831751008933	0.0
E1R01139	E1_candidate	E1R01139	iJN1463:ACSPHAC141d5	E1M_ed4230dd9083cd_c + amp_c + ppi_c <-- E1M_6e24b87997d31a_c + atp_c + coa_c	0.0	0.0	-9978.83175100866	0.0
E1R01140	E1_candidate	E1R01140	iML1515:SUCBZL	E1M_02011054bce5bd_c + amp_c + ppi_c <-- E1M_3af0302c9d6843_c + atp_c + coa_c	0.0	5.4466720005423e-22	0.0	0.0
E1R01141	E1_candidate	E1R01141	iJN1463:FACOAL140	E1M_9bfcf33c7748c8_c + amp_c + ppi_c <-- E1M_e33b14dedfde2c_c + atp_c + coa_c	0.0	0.0	-9978.83175100887	0.0
E1R01142	E1_candidate	E1R01142	iJN1463:FACOAL141	E1M_d5d1a23941aff3_c + amp_c + ppi_c <-- E1M_1e2587d5b02594_c + atp_c + coa_c	-0.004836643442538068	0.0	-9978.831751008785	0.0
E1R01143	E1_candidate	E1R01143	iJN1463:FACOAL1812	E1M_099ff4b24efb91_c + amp_c + ppi_c <-- E1M_d5e918134984e3_c + atp_c + coa_c	0.0	0.0	-9978.831751008696	0.0
E1R01144	E1_candidate	E1R01144	iCN1361:R_RXN66_480	E1M_84872c666a094f_c + amp_c + ppi_c <-- E1M_b9e803358e947b_c + atp_c + coa_c	0.0	0.0	0.0	0.0
E1R01145	E1_candidate	E1R01145	iCN1361:R_RXN_12746	E1M_4ffbdb36ab7727_c + amp_c + ppi_c <-- E1M_7b10845b605681_c + atp_c + coa_c	0.0	0.0	0.0	0.0
E1R01146	E1_candidate	E1R01146	iCN1361:R_RXN_12702	E1M_65849cea77cc77_c + amp_c + ppi_c <-- E1M_032224b87808dd_c + atp_c + coa_c	0.0	0.0	0.0	0.0
E1R01147	E1_candidate	E1R01147	iJN1463:CYSTRS	E1M_75ce64c9c38144_c + amp_c + ppi_c <-- E1M_8e04d2eecfa34b_c + atp_c + cys_DASH_L_c	0.0	0.0	0.0	0.0
E1R01148	E1_candidate	E1R01148	iJN1463:GDPDPK;iML1515:GDPDPK	E1M_fa9516b207b391_c + amp_c + h_c <-- atp_c + gdp_c	0.0	0.0	-10978.831751008407	0.0
E1R01149	E1_candidate	E1R01149	iCN1361:R_GDPPYPHOSKIN_RXN	E1M_fa9516b207b391_c + amp_c <=> atp_c + gdp_c	0.0	0.0	-1000.0	1000.0
E1R01150	E1_candidate	E1R01150	iCN1361:R_GTPPYPHOSKIN_RXN	E1M_0ad07c0b8eed8e_c + amp_c <=> atp_c + gtp_c	0.0	0.0	-1000.0	1000.0
E1R01151	E1_candidate	E1R01151	iJN1463:GTPDPK;iML1515:GTPDPK	E1M_0ad07c0b8eed8e_c + amp_c + h_c <-- atp_c + gtp_c	0.0	0.0	-10978.831751008147	0.0
E1R01152	E1_candidate	E1R01152	iJN1463:GLNTRS	E1M_be6203e74836b6_c + amp_c + ppi_c <-- E1M_3b668893e1a805_c + atp_c + gln_DASH_L_c	0.0	0.0	0.0	0.0
E1R01153	E1_candidate	E1R01153	iCN1361:R_GLURS_RXN;iJN1463:GLUTRS;iML1515:GLUTRS	E1M_ac4e188ebfb5e8_c + amp_c + ppi_c <-- atp_c + glu_DASH_L_c + tRNAglu_c	-6.448857923384093e-05	0.0	-6.44885796241218e-05	0.0
E1R01154	E1_candidate	E1R01154	iJN1463:GLYTRS	E1M_7444acc11110db_c + amp_c + ppi_c <-- E1M_83d4a857fb43e9_c + atp_c + gly_c	0.0	0.0	0.0	0.0
E1R01155	E1_candidate	E1R01155	iML1515:GMPS	amp_c + gmp_c + 2.0 h_c + ppi_c <-- atp_c + nh4_c + xmp_c	0.0	-0.012663935815644409	-1000.0	0.0
E1R01156	E1_candidate	E1R01156	iJN1463:NTPP6;iML1515:NTPP6	amp_c + h_c + ppi_c <-- atp_c + h2o_c	0.0	0.0	-9978.831751006399	0.0
E1R01157	E1_candidate	E1R01157	iCN1361:R_PEPSYNTH_RXN;iJN1463:PPS;iML1515:PPS	amp_c + 2.0 h_c + pep_c + pi_c <-- atp_c + h2o_c + pyr_c	-0.10278404720220416	0.0	-7989.159711288791	0.0
E1R01158	E1_candidate	E1R01158	iJN1463:SELNPS;iML1515:SELNPS	E1M_fa19c28c7e6bed_c + amp_c + pi_c <-- E1M_ebd75608220427_c + atp_c + h2o_c	0.0	0.0	0.0	0.0
E1R01159	E1_candidate	E1R01159	iCN1361:R_2793_RXN	E1M_fa19c28c7e6bed_c + amp_c + pi_c <=> E1M_330dd483d478f3_c + atp_c + h2o_c	0.0	0.0	0.0	0.0
E1R01160	E1_candidate	E1R01160	iCN1361:R_THIAMIN_PYROPHOSPHOKINASE_RXN	amp_c + h_c + thmpp_c <=> atp_c + thm_c	0.0	0.24417586800012486	-1000.0	999.9999984377084
E1R01161	E1_candidate	E1R01161	iML1515:OCTNLL	E1M_527eee5fc2c6c5_c + amp_c + ppi_c <-- E1M_c7afdf21323a4d_c + atp_c + h_c	0.0	0.0	0.0	0.0
E1R01162	E1_candidate	E1R01162	iJN1463:HISTRS	E1M_daa8c00c29a8c1_c + amp_c + ppi_c <-- E1M_7639687c77fec6_c + atp_c + his_DASH_L_c	0.0	0.0	0.0	0.0
E1R01163	E1_candidate	E1R01163	iJN1463:ILETRS	E1M_77c2d765a80f6b_c + amp_c + ppi_c <-- E1M_07b3a965c4fb69_c + atp_c + ile_DASH_L_c	0.0	0.0	0.0	0.0
E1R01164	E1_candidate	E1R01164	iJN1463:LEUTRS	E1M_08f823c2c6573b_c + amp_c + ppi_c <-- E1M_7c8d4e5179e137_c + atp_c + leu_DASH_L_c	0.0	0.0	0.0	0.0
E1R01165	E1_candidate	E1R01165	iJN1463:METTRS	E1M_45b1034d9e3d71_c + amp_c + ppi_c <-- E1M_639a801407723f_c + atp_c + met_DASH_L_c	0.0	0.0	0.0	0.0
E1R01166	E1_candidate	E1R01166	iJN1463:PHETRS	E1M_8b844e9fe627de_c + amp_c + ppi_c <-- E1M_ae4921799999b5_c + atp_c + phe_DASH_L_c	0.0	0.0	0.0	0.0
E1R01167	E1_candidate	E1R01167	iJN1463:PROTRS	E1M_4e19669efa44f0_c + amp_c + ppi_c <-- E1M_d451bbea52b00e_c + atp_c + pro_DASH_L_c	0.0	0.0	0.0	0.0
E1R01168	E1_candidate	E1R01168	iJN1463:SERTRS	E1M_6dc4540f8967aa_c + amp_c + ppi_c <-- E1M_aeeea49462e2e0_c + atp_c + ser_DASH_L_c	0.0	0.0	0.0	0.0
E1R01169	E1_candidate	E1R01169	iJN1463:SERTRS2	E1M_5ec66dc780cb68_c + amp_c + ppi_c <-- E1M_b03fdfe41f5b18_c + atp_c + ser_DASH_L_c	0.0	0.0	0.0	0.0
E1R01170	E1_candidate	E1R01170	iJN1463:THRTRS	E1M_fa6adb472bf38a_c + amp_c + ppi_c <-- E1M_78739edb2d33c7_c + atp_c + thr_DASH_L_c	0.0	0.0	0.0	0.0
E1R01171	E1_candidate	E1R01171	iJN1463:TRPTRS	E1M_d524189203c595_c + amp_c + ppi_c <-- E1M_9ac276393b91c0_c + atp_c + trp_DASH_L_c	0.0	0.0	0.0	0.0
E1R01172	E1_candidate	E1R01172	iJN1463:TYRTRS	E1M_c3ac029e929ab6_c + amp_c + ppi_c <-- E1M_7a95f20796afba_c + atp_c + tyr_DASH_L_c	0.0	0.0	0.0	0.0
E1R01173	E1_candidate	E1R01173	iJN1463:VALTRS_copy1;iJN1463:VALTRS_copy2	E1M_36205853f840f0_c + amp_c + ppi_c <-- E1M_3af9d01999be87_c + atp_c + val_DASH_L_c	0.0	0.0	0.0	0.0
E1R01174	E1_candidate	E1R01174	iJN1463:BMOCOS;iML1515:BMOCOS	E1M_46445a0d7c08f7_c + amp_c + cu2_c <-- E1M_6d8e5c9a99158e_c + E1M_ffec594edc32d0_c	0.0	0.0	0.0	0.0
E1R01175	E1_candidate	E1R01175	iJN1463:BWCOS;iML1515:BWCOS	E1M_9b1dc6498497db_c + amp_c + cu2_c <-- E1M_d4db987cdb52ad_c + E1M_ffec594edc32d0_c	0.0	0.0	0.0	0.0
E1R01176	E1_candidate	E1R01176	iJN1463:PDE1;iML1515:PDE1	amp_c + h_c <-- E1M_e25f094fe3f23a_c + h2o_c	0.0	0.0	-9978.83175100828	0.0
E1R01177	E1_candidate	E1R01177	iJN1463:MOCOS;iML1515:MOCOS	E1M_6d8e5c9a99158e_c + amp_c + cu2_c + h2o_c <-- E1M_114c49893a8584_c + E1M_ffec594edc32d0_c + 2.0 h_c	0.0	0.0	0.0	0.0
E1R01178	E1_candidate	E1R01178	iJN1463:WCOS;iML1515:WCOS	E1M_d4db987cdb52ad_c + amp_c + cu2_c + h2o_c <-- E1M_ee7c919c717cd6_c + E1M_ffec594edc32d0_c + 2.0 h_c	0.0	0.0	0.0	0.0
E1R01179	E1_candidate	E1R01179	iCN1361:R_NADPYROPHOSPHAT_RXN;iJN1463:NADDP;iML1515:NADDP	E1M_2957a32c1aeffd_c + amp_c + 2.0 h_c <=> h2o_c + nad_c	0.0	0.0	-9978.83175100812	0.0
E1R01180	E1_candidate	E1R01180	iJN1463:MOADSUx;iML1515:MOADSUx	E1M_cd3330afbb89ce_c + E1M_e4059208e41189_c + amp_c + nad_c <-- E1M_031b9b5d9b7806_c + E1M_f18638c17f94da_c + nadh_c	0.0	0.0	0.0	0.0
E1R01181	E1_candidate	E1R01181	iML1515:LIPAMPL	E1M_bd80d2d22c171a_c + amp_c <-- E1M_d27a58d72e900e_c	0.0	0.0	0.0	0.0
E1R01182	E1_candidate	E1R01182	iCN1361:R_RXN_9788	E1M_5979ea3b2bc6ef_c + E1M_d70665c18cff87_c + amp_c <=> E1M_20bc6c7716141e_c + E1M_f5bc6ecdb44d23_c	-2.6870241347433734e-06	-1.5622916130822105e-06	-2.687024316671829e-06	0.0
E1R01183	E1_candidate	E1R01183	iCN1361:R_12132_RXN	E1M_95c831bf2d4c7e_c + 2.0 h_c + nadh_c <=> E1M_8128f4cff215b6_c + h2o_c + nad_c	0.0	0.0	0.0	0.0
E1R01184	E1_candidate	E1R01184	iCN1361:R_111209_RXN_NAD	E1M_a68e23fdcc450a_c + h_c + nadh_c <-- E1M_dc299618666b6a_c + nad_c	0.0	0.0	0.0	0.0
E1R01185	E1_candidate	E1R01185	iCN1361:R_111209_RXN_NADP	E1M_a68e23fdcc450a_c + h_c + nadph_c <-- E1M_dc299618666b6a_c + nadp_c	0.0	0.0	0.0	0.0
E1R01186	E1_candidate	E1R01186	iCN1361:R_11151_RXN_NAD	E1M_d4792f60e0b58a_c + h_c + nadh_c <-- E1M_9bcac903fc9dcf_c + nad_c	0.0	0.0	0.0	0.0
E1R01187	E1_candidate	E1R01187	iCN1361:R_11151_RXN_NADP	E1M_d4792f60e0b58a_c + h_c + nadph_c <-- E1M_9bcac903fc9dcf_c + nadp_c	0.0	0.0	0.0	0.0
E1R01188	E1_candidate	E1R01188	iCN1361:R_RXN66_362	E1M_d4792f60e0b58a_c <=> E1M_cbe82d75fb5397_c	0.0	0.0	0.0	0.0
E1R01189	E1_candidate	E1R01189	iJN1463:AGM3PA;iML1515:AGM3PA	E1M_9562bb60519c2b_c + h2o_c --> E1M_1bad85188175dd_c + E1M_ec926a0cb57fc0_c	0.0	0.0	0.0	0.0
E1R01190	E1_candidate	E1R01190	iJN1463:AGM4PA;iML1515:AGM4PA	E1M_f8df9d7f2352c8_c + h2o_c --> E1M_1bad85188175dd_c + E1M_c1edf3491ea4f9_c	0.0	0.0	0.0	0.0
E1R01191	E1_candidate	E1R01191	iCN1361:R_RXN0_5225	E1M_1bad85188175dd_c + E1M_fff10a1f8f835a_c <=> E1M_ec01c5e1d96438_c + h2o_c	0.0	0.0	0.0	0.0
E1R01192	E1_candidate	E1R01192	iJN1463:AM3PA;iML1515:AM3PA	E1M_15ffeeda24431b_c + h2o_c --> E1M_63fc00306ec68e_c + E1M_ec926a0cb57fc0_c	0.0	0.0	0.0	0.0
E1R01193	E1_candidate	E1R01193	iJN1463:AM4PA;iML1515:AM4PA	E1M_8466652f87294c_c + h2o_c --> E1M_63fc00306ec68e_c + E1M_c1edf3491ea4f9_c	0.0	0.0	0.0	0.0
E1R01194	E1_candidate	E1R01194	iJN1463:ANS2	anth_c + h2o_c + h_c + pyr_c <-- chor_c + nh4_c	0.0	0.0	-999.9999999999995	0.0
E1R01195	E1_candidate	E1R01195	iJN1463:AP4AS;iML1515:AP4AS	E1M_62bc81e03a746b_c + ppi_c <-- 2.0 atp_c + h_c	0.0	0.0	-9978.831751007867	0.0
E1R01196	E1_candidate	E1R01196	iCN1361:R_RXN_1	E1M_26ef967cae4c73_c + h2o_c + o2_c --> E1M_7e9e8ebc12252d_c + h2o2_c + nh4_c	0.0	0.0	0.0	0.0
E1R01197	E1_candidate	E1R01197	iML1515:SADT2	aps_c + gdp_c + pi_c + ppi_c <-- atp_c + gtp_c + h2o_c + so4_c	0.0	0.0	-1000.0	0.0
E1R01198	E1_candidate	E1R01198	iML1515:ARABDI	E1M_d7cd23694b0b35_c <=> E1M_f1b7251141e203_c	0.0	0.0	0.0	0.0
E1R01199	E1_candidate	E1R01199	iML1515:ARAI	E1M_95e02aaade0d36_c <=> E1M_3cb3dc0ff54ce4_c	0.0	0.0	0.0	0.0
E1R01200	E1_candidate	E1R01200	iML1515:O16GLCT1	E1M_b267a1ea4b006a_c + udpg_c --> E1M_0a4cb961b0457d_c + h_c + udp_c	0.0	0.0	0.0	0.0
E1R01201	E1_candidate	E1R01201	iML1515:AB6PGH	E1M_2185e251de51c0_c + h2o_c --> E1M_c3edf194a05839_c + E1M_ce027c8f4b6d90_c	0.0	0.0	0.0	0.0
E1R01202	E1_candidate	E1R01202	iJN1463:ARBTNR1;iML1515:ARBTNR1	2.0 E1M_f00002a7e1f8e5_c + fad_c + 2.0 fe2_c + 2.0 h_c <-- 2.0 E1M_940b0b1c2081e7_c + fadh2_c	0.0	0.0	0.0	0.0
E1R01203	E1_candidate	E1R01203	iJN1463:ARBTNR2;iML1515:ARBTNR2	2.0 E1M_f00002a7e1f8e5_c + 2.0 fe2_c + fmn_c + 2.0 h_c <-- E1M_07cbe2f41a7174_c + 2.0 E1M_940b0b1c2081e7_c	0.0	0.0	0.0	0.0
E1R01204	E1_candidate	E1R01204	iML1515:ARBTNR3	2.0 E1M_f00002a7e1f8e5_c + 2.0 fe2_c + 2.0 h_c + ribflv_c <-- E1M_2c3834bc016ee1_c + 2.0 E1M_940b0b1c2081e7_c	0.0	0.0	0.0	0.0
E1R01205	E1_candidate	E1R01205	iJN1463:ARGR	E1M_afe8a9768abec9_c <=> arg_DASH_L_c	0.0	0.0	-1000.0	-1.1368683772161603e-13
E1R01206	E1_candidate	E1R01206	iJN1463:ARGDI	arg_DASH_L_c + h2o_c + h_c --> citr_DASH_L_c + nh4_c	0.0	0.0	0.0	1000.0
E1R01207	E1_candidate	E1R01207	iJN1463:ARGDr	arg_DASH_L_c + h2o_c --> citr_DASH_L_c + nh4_c	0.7434754877819387	0.0	0.0	1999.9777912435738
E1R01208	E1_candidate	E1R01208	iJN1463:AST;iML1515:AST	arg_DASH_L_c + succoa_c --> E1M_d0be882480115d_c + coa_c + h_c	0.0	0.0	0.0	999.9777912435712
E1R01209	E1_candidate	E1R01209	iCN1361:R_RXN_3523	E1M_aabea68dae2ea8_c + E1M_b03ed330bd3fe0_c + h_c <=> 2.0 E1M_2dc4c2ad50eff2_c	0.0	0.0	0.0	0.0
E1R01210	E1_candidate	E1R01210	iJN1463:DLASNR	E1M_d36c3d72f6be14_c <=> asn_DASH_L_c	0.0	0.0	0.0	0.0
E1R01211	E1_candidate	E1R01211	iCN1361:R_ASPARAGHYD_RXN;iJN1463:ASNN;iML1515:ASNN	asn_DASH_L_c + h2o_c --> asp_DASH_L_c + nh4_c	0.0	0.0	0.0	1999.9789090632237
E1R01212	E1_candidate	E1R01212	iCN1361:R_RXN_982	E1M_38cf7788edd996_c + E1M_95f8c2b2ca0efa_c + h2o_c <-- E1M_f7bbda532db8b2_c + E1M_fdbdb60be9bba6_c + h_c	0.0	0.0	0.0	0.0
E1R01213	E1_candidate	E1R01213	iJN1463:ASR;iML1515:ASR	E1M_38cf7788edd996_c + E1M_3c035cbac65e4f_c + h2o_c <-- E1M_f7bbda532db8b2_c + 2.0 gthrd_c	0.0	0.0	0.0	0.0
E1R01214	E1_candidate	E1R01214	iJN1463:ASPSALy	aspsa_c + h2o_c + nadp_c --> asp_DASH_L_c + 2.0 h_c + nadph_c	0.0	0.0	0.0	999.958910168284
E1R01215	E1_candidate	E1R01215	iJN1463:CSPMDDH	aspsa_c + h_c + nadph_c + ptrc_c --> E1M_bb9916c0c53364_c + h2o_c + nadp_c	9.807638091813334e-05	5.702364387750069e-05	0.0	999.9589101686188
E1R01216	E1_candidate	E1R01216	iCN1361:R_DIHYDRODIPICSYN_RXN	aspsa_c + pyr_c <=> E1M_95c90c6db36574_c + h2o_c + h_c	0.0	0.0	0.0	1000.0
E1R01217	E1_candidate	E1R01217	iCN1361:R_HOMOSERDEHYDROG_RXN_NAD	aspsa_c + h_c + nadh_c --> hom_DASH_L_c + nad_c	0.0	0.0	0.0	1000.0
E1R01218	E1_candidate	E1R01218	iJN1463:ASPT;iML1515:ASPT	asp_DASH_L_c --> fum_c + nh4_c	0.0	0.0	0.0	1999.8715283862575
E1R01219	E1_candidate	E1R01219	iJN1463:ASPO1	asp_DASH_L_c + h2o_c + o2_c --> h2o2_c + nh4_c + oaa_c	0.0	0.0	0.0	1999.8715283862389
E1R01220	E1_candidate	E1R01220	iCN1361:R_14121_RXN_NAD	asp_DASH_L_c + h2o_c + nad_c --> h_c + nadh_c + nh4_c + oaa_c	0.0	0.0	0.0	1000.0
E1R01221	E1_candidate	E1R01221	iML1515:ASPO4	E1M_dc445dacd19268_c + asp_DASH_L_c --> E1M_7c276a707cb8bf_c + h_c + iasp_c	0.0	0.0	0.0	815.3926448270398
E1R01222	E1_candidate	E1R01222	iJN1463:ASPO3;iML1515:ASPO3	asp_DASH_L_c + q8_c --> h_c + iasp_c + q8h2_c	3.224428961865991e-05	0.0	0.0	815.392644827045
E1R01223	E1_candidate	E1R01223	iCN1361:R_ASPARTATE_RACEMASE_RXN	asp_DASH_L_c <=> E1M_f695ff7b067702_c	0.0	0.0	0.0	0.0
E1R01224	E1_candidate	E1R01224	iJN1463:BACCL	atp_c + btn_c + h_c --> E1M_65c6a2231ae3e8_c + ppi_c	0.0	0.0	0.0	0.0
E1R01225	E1_candidate	E1R01225	iCN1361:R_ADENYLATECYC_RXN;iJN1463:ADNCYC;iML1515:ADNCYC	atp_c --> E1M_e25f094fe3f23a_c + ppi_c	0.0	0.0	0.0	9978.83175100805
E1R01226	E1_candidate	E1R01226	iCN1361:R_R344_RXN	E1M_fd37575d799cf7_c + atp_c <=> E1M_8ca4cae5add841_c + pppi_c	0.0	0.0	0.0	0.0
E1R01227	E1_candidate	E1R01227	iCN1361:R_RXN0_745	atp_c + for_c + h_c --> co2_c + datp_c + h2o_c	0.0	0.0	0.0	499.92759731371046
E1R01228	E1_candidate	E1R01228	iML1515:RNTR1c2	2.0 E1M_91b94cf82609d2_c + atp_c + 2.0 h_c --> 2.0 E1M_04a80e309b35fc_c + datp_c + h2o_c	0.0	0.0	0.0	499.92759731370893
E1R01229	E1_candidate	E1R01229	iCN1361:R_PANTEPADENYLYLTRAN_RXN;iJN1463:PTPATi;iML1515:PTPATi	E1M_892f96a502f016_c + atp_c + h_c <=> dpcoa_c + ppi_c	0.0	0.0	-1000.0	1001.026133623569
E1R01230	E1_candidate	E1R01230	iJN1463:APPAT	E1M_892f96a502f016_c + atp_c + 2.0 h_c --> dpcoa_c + ppi_c	0.0	0.0	0.0	1000.0
E1R01231	E1_candidate	E1R01231	iCN1361:R_RXN_9385	E1M_e260e390ef7727_c + atp_c + h_c --> E1M_3bb59371a6037b_c + ppi_c	0.0	0.0	0.0	0.0
E1R01232	E1_candidate	E1R01232	iJN1463:ATPHs;iML1515:ATPHs	atp_c + h2o_c + h_c --> E1M_99815e6af68fa7_c + nh4_c	0.0	0.0	5.483176612280631e-13	2999.97215277691
E1R01233	E1_candidate	E1R01233	iJN1463:SELMETAT	E1M_5a15d62ae8cc54_c + atp_c + h2o_c --> E1M_e62c7d1039f3c9_c + pi_c + ppi_c	0.0	0.0	0.0	0.0
E1R01234	E1_candidate	E1R01234	iCN1361:R_RXN_8654	E1M_c4ea1bfdf63e5e_c + atp_c + h_c <=> E1M_d27a58d72e900e_c + ppi_c	0.0	0.0	-1000.0	-1.1368683772161603e-13
E1R01235	E1_candidate	E1R01235	iJN1463:MPTSS;iML1515:MPTSS	E1M_ca3212dc5b5e9d_c + atp_c + h_c --> E1M_f18638c17f94da_c + ppi_c	0.0	0.0	0.0	0.0
E1R01236	E1_candidate	E1R01236	iJN1463:MPTAT;iML1515:MPTAT	E1M_180ae1f11a4ce9_c + atp_c + h_c --> E1M_ffec594edc32d0_c + ppi_c	0.0	0.0	0.0	0.0
E1R01237	E1_candidate	E1R01237	iJN1463:NMNAT;iML1515:NMNAT	E1M_2957a32c1aeffd_c + atp_c + h_c --> nad_c + ppi_c	0.0	0.0	0.0	9978.83175100772
E1R01238	E1_candidate	E1R01238	iCN1361:R_ATPPHOSPHORIBOSYLTRANS_RXN	atp_c + h_c + prpp_c --> ppi_c + prbatp_c	0.0	0.0	0.0	1000.0
E1R01239	E1_candidate	E1R01239	iML1515:SERASr	atp_c + h_c + ser_DASH_L_c <=> E1M_d797db852ad1dc_c + ppi_c	0.0	0.0	0.0	1000.0
E1R01240	E1_candidate	E1R01240	iCN1361:R_RXN_9789	E1M_d811ed4679217e_c + atp_c + h_c <=> E1M_f5bc6ecdb44d23_c + ppi_c	2.687024134743378e-06	1.5622916130822105e-06	0.0	2.6870243166765557e-06
E1R01241	E1_candidate	E1R01241	iML1515:LIPATPT	E1M_c4ea1bfdf63e5e_c + atp_c --> E1M_d27a58d72e900e_c + ppi_c	0.0	0.0	0.0	1000.0
E1R01242	E1_candidate	E1R01242	iCN1361:R_RXN_14193;iJN1463:ACOAD1f;iML1515:ACOAD1f;iML1515:ACOAD1fr	E1M_9d9ed559aa7404_c + fadh2_c <=> E1M_170dd23f031ce7_c + fad_c	0.0255535995214095	0.014857393240411815	-499.98514260694014	1000.0000000000002
E1R01243	E1_candidate	E1R01243	iCN1361:R_GLUTARYL_COA_DEHYDROGENASE_RXN;iJN1463:GLUTCOADHc	E1M_9d9ed559aa7404_c + co2_c + fadh2_c <-- E1M_952d6884ea1c30_c + fad_c + h_c	0.0	0.0	-999.9589101682838	0.0
E1R01244	E1_candidate	E1R01244	iCN1361:R_3_HYDROXBUTYRYL_COA_DEHYDRATASE_RXN	E1M_9d9ed559aa7404_c + h2o_c <=> E1M_f1395bdf52390b_c	0.0	-0.014857393240411815	-999.9999999999999	1000.0000000000013
E1R01245	E1_candidate	E1R01245	iCN1361:R_RXN0_3601;iML1515:CRNBTCT	E1M_53ec75d25f7a20_c + E1M_f98f01f3cef099_c <=> E1M_750d5f46d30604_c + E1M_a04345396ff05e_c	0.0	0.0	0.0	0.0
E1R01246	E1_candidate	E1R01246	iCN1361:R_RXN_6021;iJN1463:CHOLD;iML1515:CHOLD	E1M_241698a0eecffd_c + h_c + nadh_c <=> E1M_0c140b636df859_c + nad_c	0.0	0.0	0.0	0.0
E1R01247	E1_candidate	E1R01247	iCN1361:R_BADH_RXN;iJN1463:BETALDHx;iML1515:BETALDHx	E1M_241698a0eecffd_c + h2o_c + nad_c <=> E1M_8d49cacb5641c5_c + 2.0 h_c + nadh_c	0.0	0.0	-1000.0	0.0
E1R01248	E1_candidate	E1R01248	iJN1463:BETALDHy;iML1515:BETALDHy	E1M_241698a0eecffd_c + h2o_c + nadp_c --> E1M_8d49cacb5641c5_c + 2.0 h_c + nadph_c	0.0	0.0	0.0	999.9999999999991
E1R01249	E1_candidate	E1R01249	iML1515:GLCP2	E1M_78ce5d7bd97d1b_c + pi_c --> g1p_c	0.0	0.0	0.0	1000.0
E1R01250__fwd	E1_candidate	E1R01250	iML1515:GLDBRAN2	E1M_78ce5d7bd97d1b_c --> glycogen_c	0.0	0.0	0.0	1000.0
E1R01250__rev	E1_candidate	E1R01250	iML1515:GLBRAN2	E1M_78ce5d7bd97d1b_c <-- glycogen_c	0.0	0.0	-1000.0	0.0
E1R01251	E1_candidate	E1R01251	iJN1463:GLCP4	E1M_5e1ae493c8ed15_c + 4.0 pi_c --> 4.0 g1p_c	0.0	0.0	0.0	1749.9970707034156
E1R01252__fwd	E1_candidate	E1R01252	iJN1463:GLDBRAN3	E1M_5e1ae493c8ed15_c --> E1M_eb52738dcc7acd_c	0.0	0.0	0.0	999998.9999999999
E1R01252__rev	E1_candidate	E1R01252	iJN1463:GLBRAN3	E1M_5e1ae493c8ed15_c <-- E1M_eb52738dcc7acd_c	-0.0050381702526438215	0.0	-999999.0	0.0
E1R01253	E1_candidate	E1R01253	iJN1463:ISOAML	E1M_5e1ae493c8ed15_c + h2o_c --> maltttr_c	0.0050381702526438215	0.0	0.0	5239.415875504338
E1R01254	E1_candidate	E1R01254	iJN1463:PHADPC40	E1M_5451e5af795cbd_c + E1M_7a7a2add0a3c4d_c + h_c <-- E1M_7b9a943b9eadaa_c + h2o_c	0.0	0.0	-9978.83175100826	0.0
E1R01255	E1_candidate	E1R01255	iCN1361:R_31175_RXN	E1M_5451e5af795cbd_c + h_c <-- E1M_2301b45b64ab48_c + h2o_c	0.0	0.0	-999.9999999999999	0.0
E1R01256	E1_candidate	E1R01256	iCN1361:R_HYDROXYBUTYRATE_DIMER_HYDROLASE_RXN	2.0 E1M_5451e5af795cbd_c + h_c <-- E1M_a516a29b285550_c + h2o_c	0.0	0.0	0.0	0.0
E1R01257	E1_candidate	E1R01257	iJN1463:BILIVERDtex;iJN1463:BILIVERDtpp	 <=> 	0.0	0.0	-999999.0	999999.0
E1R01258	E1_candidate	E1R01258	iJN1463:HOXG	E1M_3a80028d3ab05b_c + E1M_b31102954b3d56_c + fe2_c + 3.0 h2o_c + 3.0 nadp_c <-- 5.0 h_c + 3.0 nadph_c + 3.0 o2_c + pheme_c	0.0	0.0	0.0	0.0
E1R01259	E1_candidate	E1R01259	iJN1463:BMOGDS1;iML1515:BMOGDS1	E1M_0f8116f3f79c40_c + ppi_c <-- E1M_46445a0d7c08f7_c + gtp_c + h_c	0.0	0.0	0.0	0.0
E1R01260	E1_candidate	E1R01260	iJN1463:BMOGDS2;iML1515:BMOGDS2	E1M_0f8116f3f79c40_c + gtp_c + h_c --> E1M_301174b8d9a98d_c + ppi_c	0.0	0.0	0.0	0.0
E1R01261	E1_candidate	E1R01261	iJN1463:ALDD4;iML1515:ALDD4	E1M_e7dba6cedba331_c + h2o_c + nad_c --> E1M_81f76ddf608805_c + 2.0 h_c + nadh_c	0.0	0.0	0.0	0.0
E1R01262	E1_candidate	E1R01262	iCN1361:R_RXN0_6973;iJN1463:FDMO4;iML1515:FDMO4	E1M_e7dba6cedba331_c + fmn_c + h2o_c + h_c + so3_c <-- E1M_07cbe2f41a7174_c + E1M_c76190d2e92421_c + o2_c	0.0	0.0	0.0	0.0
E1R01263	E1_candidate	E1R01263	iML1515:BSORx	btn_c + h2o_c + nad_c <-- E1M_34920750ad6b0a_c + h_c + nadh_c	0.0	0.0	0.0	0.0
E1R01264	E1_candidate	E1R01264	iML1515:BSORy	btn_c + h2o_c + nadp_c <-- E1M_34920750ad6b0a_c + h_c + nadph_c	0.0	0.0	0.0	0.0
E1R01265	E1_candidate	E1R01265	iML1515:EAR40x	but2eACP_c + h_c + nadh_c --> butACP_c + nad_c	0.0	0.0	0.0	1000.0
E1R01266	E1_candidate	E1R01266	iCN1361:R_RXN_12086	E1M_2c7f90d72b3c04_c + E1M_81f76ddf608805_c + h_c <-- E1M_6be76a68b5bff9_c + h2o_c	0.0	0.0	0.0	0.0
E1R01267	E1_candidate	E1R01267	iJN1463:BWCOGDS1;iML1515:BWCOGDS1	E1M_8e973db525ac40_c + ppi_c <-- E1M_9b1dc6498497db_c + gtp_c + h_c	0.0	0.0	0.0	0.0
E1R01268	E1_candidate	E1R01268	iJN1463:BWCOGDS2;iML1515:BWCOGDS2	E1M_8e973db525ac40_c + gtp_c + h_c --> E1M_acbf4312264e82_c + ppi_c	0.0	0.0	0.0	0.0
E1R01269	E1_candidate	E1R01269	iCN1361:R_BENZOATE_12_DIOXYGENASE_RXN;iJN1463:BZ12DOX	E1M_2373109970cad3_c + nad_c <-- E1M_eaa0d422cd246f_c + h_c + nadh_c + o2_c	0.0	0.0	0.0	0.0
E1R01270	E1_candidate	E1R01270	iCN1361:R_13125_RXN;iJN1463:BZDIOLDH	E1M_2373109970cad3_c + nad_c <=> E1M_5be41ea96c2055_c + co2_c + nadh_c	0.0	0.0	0.0	0.0
E1R01271	E1_candidate	E1R01271	iCN1361:R_BENZALDEHYDE_DEHYDROGENASE_NAD_RXN;iJN1463:BZDH	E1M_eaa0d422cd246f_c + 2.0 h_c + nadh_c <-- E1M_b1bebac4bdf435_c + h2o_c + nad_c	0.0	0.0	0.0	0.0
E1R01272	E1_candidate	E1R01272	iCN1361:R_3718_RXN	E1M_b3ce4091b2224c_c + E1M_eaa0d422cd246f_c + h_c <-- E1M_3cc51e55ae69a1_c + h2o_c	0.0	0.0	0.0	0.0
E1R01273	E1_candidate	E1R01273	iJN1463:BZALDH	E1M_b1bebac4bdf435_c + h_c + nadh_c <-- E1M_318053e6970f5d_c + nad_c	0.0	0.0	0.0	0.0
E1R01274	E1_candidate	E1R01274	iCN1361:R_BENZOYLFORMATE_DECARBOXYLASE_RXN	E1M_b1bebac4bdf435_c + co2_c <-- E1M_78a5a5c83260c1_c + h_c	0.0	0.0	0.0	0.0
E1R01275	E1_candidate	E1R01275	iJN1463:XMO	E1M_318053e6970f5d_c + h2o_c + nad_c <-- E1M_9af9e8bfc9113a_c + h_c + nadh_c + o2_c	0.0	0.0	0.0	0.0
E1R01276	E1_candidate	E1R01276	iCN1361:R_1141358_RXN	E1M_7280b19f80be0b_c + h_c + nadph_c + o2_c --> E1M_1a01919f1cd163_c + h2o_c + nadp_c	0.0	0.0	0.0	0.0
E1R01277	E1_candidate	E1R01277	iJN1463:PHAP2C100	E1M_84fd117025f353_c + coa_c <-- E1M_7a7a2add0a3c4d_c + E1M_c995b19884565f_c	0.0	0.0	-9978.83175100838	0.0
E1R01278	E1_candidate	E1R01278	iJN1463:PHADPC100	E1M_84fd117025f353_c + h2o_c --> E1M_644349da1f8bde_c + E1M_7a7a2add0a3c4d_c + h_c	0.0	0.0	0.0	9978.831751008296
E1R01279	E1_candidate	E1R01279	iJN1463:PHAPCP100	E1M_9dcdaf4597f15e_c + coa_c <-- E1M_7a7a2add0a3c4d_c + E1M_c929f92bc83e55_c	0.0	0.0	-9978.83175100483	0.0
E1R01280	E1_candidate	E1R01280	iJN1463:PHADPCP100	E1M_9dcdaf4597f15e_c + h2o_c --> E1M_7a7a2add0a3c4d_c + E1M_c8ef01af26009a_c + h_c	0.0	0.0	0.0	9978.831751008116
E1R01281	E1_candidate	E1R01281	iJN1463:PHAP2C101	E1M_1ffe08aee83c87_c + coa_c <-- E1M_2f7e88676c8fe8_c + E1M_7a7a2add0a3c4d_c	0.0	0.0	-9978.831751009055	0.0
E1R01282	E1_candidate	E1R01282	iJN1463:PHADPC101	E1M_1ffe08aee83c87_c + h2o_c --> E1M_7a7a2add0a3c4d_c + E1M_a6843109188811_c + h_c	0.0	0.0	0.0	9978.831751008172
E1R01283	E1_candidate	E1R01283	iJN1463:PHAP2C120	E1M_81dbc195c60961_c + coa_c <-- E1M_2e7d3250350c1d_c + E1M_7a7a2add0a3c4d_c	0.0	0.0	-9978.831751007989	0.0
E1R01284	E1_candidate	E1R01284	iJN1463:PHADPC120	E1M_81dbc195c60961_c + h2o_c --> E1M_7a7a2add0a3c4d_c + E1M_b9e77843dd2137_c + h_c	0.0	0.0	0.0	9978.831751008078
E1R01285	E1_candidate	E1R01285	iJN1463:PHAP2C121	E1M_e8cfb00623fd8d_c + coa_c <-- E1M_39ec979c77035d_c + E1M_7a7a2add0a3c4d_c	0.0	0.0	-9978.83175100819	0.0
E1R01286	E1_candidate	E1R01286	iJN1463:PHADPC121	E1M_e8cfb00623fd8d_c + h2o_c --> E1M_7a7a2add0a3c4d_c + E1M_9064a04ab45e69_c + h_c	0.0	0.0	0.0	9978.83175100832
E1R01287	E1_candidate	E1R01287	iJN1463:PHAP2C121d6	E1M_c6975d214e201b_c + coa_c <-- E1M_7a7a2add0a3c4d_c + E1M_a5e9867239bd09_c	0.0	0.0	-9978.831751008227	0.0
E1R01288	E1_candidate	E1R01288	iJN1463:PHADPC121d6	E1M_c6975d214e201b_c + h2o_c --> E1M_001ed64ad1f53f_c + E1M_7a7a2add0a3c4d_c + h_c	0.0	0.0	0.0	9978.831751008227
E1R01289	E1_candidate	E1R01289	iJN1463:PHAP2C140	E1M_995a6922beda30_c + coa_c <-- E1M_7a7a2add0a3c4d_c + E1M_8330a0a9dc18ef_c	0.0	0.0	-9978.831751008072	0.0
E1R01290	E1_candidate	E1R01290	iJN1463:PHADPC140	E1M_995a6922beda30_c + h2o_c --> E1M_7a7a2add0a3c4d_c + E1M_88bd90a5758cff_c + h_c	0.0	0.0	0.0	9978.831751008373
E1R01291	E1_candidate	E1R01291	iJN1463:PHAP2C141	E1M_7ec53caa9ef5eb_c + coa_c <-- E1M_3da04e7b2e0ad3_c + E1M_7a7a2add0a3c4d_c	0.0	0.0	-9978.831751008063	0.0
E1R01292	E1_candidate	E1R01292	iJN1463:PHADPC141	E1M_7ec53caa9ef5eb_c + h2o_c --> E1M_7a7a2add0a3c4d_c + E1M_f58c75f23d5569_c + h_c	0.0	0.0	0.0	9978.831751008654
E1R01293	E1_candidate	E1R01293	iJN1463:PHAP2C141d5	E1M_e1b7fc9dfb98e7_c + coa_c <-- E1M_7a7a2add0a3c4d_c + E1M_ed4230dd9083cd_c	0.0	0.0	-9978.831751008238	0.0
E1R01294	E1_candidate	E1R01294	iJN1463:PHADPC141d5	E1M_e1b7fc9dfb98e7_c + h2o_c --> E1M_6e24b87997d31a_c + E1M_7a7a2add0a3c4d_c + h_c	0.0	0.0	0.0	9978.83175100849
E1R01295	E1_candidate	E1R01295	iJN1463:PHAP2C142	E1M_d324b003e82d5c_c + coa_c <-- E1M_7a7a2add0a3c4d_c + E1M_d64cab39f483e1_c	0.0	0.0	-9978.831751008054	0.0
E1R01296	E1_candidate	E1R01296	iJN1463:PHADPC142	E1M_d324b003e82d5c_c + h2o_c --> E1M_7a7a2add0a3c4d_c + E1M_884b378bfb3abe_c + h_c	0.0	0.0	0.0	9978.831751008285
E1R01297	E1_candidate	E1R01297	iJN1463:PHAPCT40	E1M_5b5ceb45801bd4_c + coa_c <-- E1M_7a7a2add0a3c4d_c + E1M_b9f5f2147d111d_c	0.0	0.0	-9978.83175100805	0.0
E1R01298	E1_candidate	E1R01298	iJN1463:PHADPCT40	E1M_5b5ceb45801bd4_c + h2o_c --> E1M_7a7a2add0a3c4d_c + E1M_d09a4b2c2e068d_c + h_c	0.0	0.0	0.0	9978.831751008254
E1R01299	E1_candidate	E1R01299	iJN1463:PHAPCP40	E1M_c3e3398c3f74ce_c + coa_c <-- E1M_5076f63f633c52_c + E1M_7a7a2add0a3c4d_c	0.0	0.0	-9978.831751008074	0.0
E1R01300	E1_candidate	E1R01300	iJN1463:PHADPCP40	E1M_c3e3398c3f74ce_c + h2o_c --> E1M_3979d0fc1f98da_c + E1M_7a7a2add0a3c4d_c + h_c	0.0	0.0	0.0	9978.831751008021
E1R01301	E1_candidate	E1R01301	iJN1463:PHAPC50	E1M_658dc0675a743e_c + coa_c <-- E1M_7a7a2add0a3c4d_c + E1M_af4acf5c31909a_c	0.0	0.0	-9978.831751008029	0.0
E1R01302	E1_candidate	E1R01302	iJN1463:PHADPC50	E1M_658dc0675a743e_c + h2o_c --> E1M_7a7a2add0a3c4d_c + E1M_a4cc42b8568438_c + h_c	0.0	0.0	0.0	9978.831751008227
E1R01303	E1_candidate	E1R01303	iJN1463:PHAPCP50	E1M_543a7497c23965_c + coa_c <-- E1M_6b8c6d0f0ccb9d_c + E1M_7a7a2add0a3c4d_c	0.0	0.0	-9978.831751008065	0.0
E1R01304	E1_candidate	E1R01304	iJN1463:PHADPCP50	E1M_543a7497c23965_c + h2o_c --> E1M_56ac9d04fe12c7_c + E1M_7a7a2add0a3c4d_c + h_c	0.0	0.0	0.0	9978.831751008256
E1R01305	E1_candidate	E1R01305	iJN1463:PHAP2C60	E1M_e21284da48d01d_c + coa_c <-- E1M_7a7a2add0a3c4d_c + E1M_8240b25d18465b_c	0.0	0.0	-9978.831751008067	0.0
E1R01306	E1_candidate	E1R01306	iJN1463:PHADPC60	E1M_e21284da48d01d_c + h2o_c --> E1M_54ede2fc999c0b_c + E1M_7a7a2add0a3c4d_c + h_c	0.0	0.0	0.0	9978.831751008338
E1R01307	E1_candidate	E1R01307	iJN1463:PHAPCT60	E1M_7769971699ad81_c + coa_c <-- E1M_7a7a2add0a3c4d_c + E1M_cdbaeaba54535d_c	0.0	0.0	-9978.831751008078	0.0
E1R01308	E1_candidate	E1R01308	iJN1463:PHADPCT60	E1M_7769971699ad81_c + h2o_c --> E1M_7a7a2add0a3c4d_c + E1M_d578e28a8b3946_c + h_c	0.0	0.0	0.0	9978.831751008513
E1R01309	E1_candidate	E1R01309	iJN1463:PHAPCP60	E1M_815510ca086d75_c + coa_c <-- E1M_7a7a2add0a3c4d_c + E1M_b9d47c20f029be_c	0.0	0.0	-9978.831751007485	0.0
E1R01310	E1_candidate	E1R01310	iJN1463:PHADPCP60	E1M_815510ca086d75_c + h2o_c --> E1M_7a7a2add0a3c4d_c + E1M_90a3de552a021c_c + h_c	0.0	0.0	0.0	9978.831751008247
E1R01311	E1_candidate	E1R01311	iJN1463:PHAPC70	E1M_1a5b42f1ea5135_c + coa_c <-- E1M_7a7a2add0a3c4d_c + E1M_da19b2bf37c22b_c	0.0	0.0	-9978.831751008063	0.0
E1R01312	E1_candidate	E1R01312	iJN1463:PHADPC70	E1M_1a5b42f1ea5135_c + h2o_c --> E1M_7a7a2add0a3c4d_c + E1M_7b3a83e228a43f_c + h_c	0.0	0.0	0.0	9978.83175100831
E1R01313	E1_candidate	E1R01313	iJN1463:PHAPCP70	E1M_e65f34ca26f99c_c + coa_c <-- E1M_7a7a2add0a3c4d_c + E1M_ececea6a2c72e2_c	0.0	0.0	-9978.831751008065	0.0
E1R01314	E1_candidate	E1R01314	iJN1463:PHADPCP70	E1M_e65f34ca26f99c_c + h2o_c --> E1M_0dda0cd8d7d2f4_c + E1M_7a7a2add0a3c4d_c + h_c	0.0	0.0	0.0	9978.83175100831
E1R01315	E1_candidate	E1R01315	iJN1463:PHAP2C80	E1M_f321a24f842018_c + coa_c <-- E1M_56f9c228488432_c + E1M_7a7a2add0a3c4d_c	0.0	0.0	-9978.831751008236	0.0
E1R01316	E1_candidate	E1R01316	iJN1463:PHADPC80	E1M_f321a24f842018_c + h2o_c --> E1M_7a7a2add0a3c4d_c + E1M_dfded26027e679_c + h_c	0.0	0.0	0.0	9978.831751008176
E1R01317	E1_candidate	E1R01317	iJN1463:PHAPCP80	E1M_4784a51104b184_c + coa_c <-- E1M_7a7a2add0a3c4d_c + E1M_9c188db37e05ff_c	0.0	0.0	-9978.831751008236	0.0
E1R01318	E1_candidate	E1R01318	iJN1463:PHADPCP80	E1M_4784a51104b184_c + h2o_c --> E1M_7a7a2add0a3c4d_c + E1M_96e045228c75db_c + h_c	0.0	0.0	0.0	9978.831751008162
E1R01319	E1_candidate	E1R01319	iJN1463:PHAPC90	E1M_3a0b9a2f1621c2_c + coa_c <-- E1M_7a7a2add0a3c4d_c + E1M_88e1885c8048a1_c	0.0	0.0	-9978.831751008127	0.0
E1R01320	E1_candidate	E1R01320	iJN1463:PHADPC90	E1M_3a0b9a2f1621c2_c + h2o_c --> E1M_320e1938be5932_c + E1M_7a7a2add0a3c4d_c + h_c	0.0	0.0	0.0	9978.831751008385
E1R01321	E1_candidate	E1R01321	iJN1463:PHAPCP90	E1M_61260ba6717bc1_c + coa_c <-- E1M_7a7a2add0a3c4d_c + E1M_ee88a9cc4609c0_c	0.0	0.0	-9978.831751008434	0.0
E1R01322	E1_candidate	E1R01322	iJN1463:PHADPCP90	E1M_61260ba6717bc1_c + h2o_c --> E1M_70c52c5d909440_c + E1M_7a7a2add0a3c4d_c + h_c	0.0	0.0	0.0	9978.831751008229
E1R01323	E1_candidate	E1R01323	iCN1361:R_CATECHOL_12_DIOXYGENASE_RXN;iJN1463:CATDOX	E1M_5be41ea96c2055_c + o2_c --> E1M_a639c5c5a1834c_c + 2.0 h_c	0.0	0.0	0.0	679.5239861415632
E1R01324	E1_candidate	E1R01324	iCN1361:R_SALICYLATE_1_MONOOXYGENASE_RXN	E1M_5be41ea96c2055_c + co2_c + h2o_c + nad_c <-- E1M_236d90a5e8af8c_c + 2.0 h_c + nadh_c + o2_c	0.0	0.0	0.0	0.0
E1R01325	E1_candidate	E1R01325	iCN1361:R_PHENOL_2_MONOOXYGENASE_RXN	E1M_5be41ea96c2055_c + h2o_c + nadp_c <-- E1M_7690ee283a21b1_c + h_c + nadph_c + o2_c	0.0	0.0	-679.5239861415596	0.0
E1R01326	E1_candidate	E1R01326	iCN1361:R_R524_RXN	E1M_200c241c699040_c + co2_c <=> E1M_45f8123c586dff_c + E1M_df2c9b42337a7b_c + h_c	0.0	0.0	0.0	1000.0
E1R01327	E1_candidate	E1R01327	iCN1361:R_RXN0_5222;iML1515:CBMD	E1M_200c241c699040_c + 2.0 h_c <=> co2_c + nh4_c	0.0	0.0	-999.9999999999999	999.976582498556
E1R01328	E1_candidate	E1R01328	iML1515:URACPAH	E1M_200c241c699040_c + E1M_e9d0642902d624_c + h_c <-- E1M_843de0591674a2_c + h2o_c	0.0	0.0	-999.9765824985535	-1.2104582864903012e-12
E1R01329	E1_candidate	E1R01329	iJN1463:HEPCT	E1M_a4c140c1a8ce66_c + cbp_c --> E1M_2627af49a36909_c + h_c + pi_c	0.0	0.0	0.0	0.0
E1R01330	E1_candidate	E1R01330	iML1515:OXAMTC	E1M_0c063d0fad19ff_c + cbp_c <-- E1M_564aded444f53d_c + pi_c	0.0	0.0	0.0	0.0
E1R01331	E1_candidate	E1R01331	iCN1361:R_MUCONATE_CYCLOISOMERASE_RXN;iJN1463:MUCCYCI	E1M_a639c5c5a1834c_c + h_c <=> E1M_672d0d991cd481_c	0.0	0.0	0.0	679.5239861414897
E1R01332	E1_candidate	E1R01332	iJN1463:EAR121x;iML1515:EAR121x	E1M_38d41fe41c0da3_c + nad_c <-- E1M_cf537c1c80d944_c + h_c + nadh_c	0.0	0.0	-1000.0000000000322	0.0
E1R01333	E1_candidate	E1R01333	iJN1463:EAR121y;iML1515:EAR121y	E1M_38d41fe41c0da3_c + nadp_c <-- E1M_cf537c1c80d944_c + h_c + nadph_c	-0.004836643442538069	0.0	-1000.000000000002	0.0
E1R01334	E1_candidate	E1R01334	iJN1463:T2DECAI;iML1515:T2DECAI	E1M_2a34025c89be67_c <=> tdec2eACP_c	-0.00483664344253807	0.0	-1000.0000000000003	0.0
E1R01335	E1_candidate	E1R01335	iJN1463:CDGS;iML1515:CDGS	E1M_1bdd0458ad5170_c + nh4_c <-- E1M_66183496240141_c + h_c	0.0	0.0	0.0	0.0
E1R01336	E1_candidate	E1R01336	iML1515:DGUNC	E1M_b0958ae24bb9d0_c + 2.0 ppi_c <-- 2.0 gtp_c	0.0	0.0	-499.99452729247906	0.0
E1R01337	E1_candidate	E1R01337	iML1515:CDPPH	cdp_c + h2o_c --> cmp_c + h_c + pi_c	0.0	0.0	0.0	1000.0
E1R01338	E1_candidate	E1R01338	iJN1463:NTP5;iML1515:NTP5	cdp_c + h_c + pi_c <-- ctp_c + h2o_c	0.0	0.0	-3999.9681425306007	0.0
E1R01339	E1_candidate	E1R01339	iML1515:PYK4	cdp_c + h_c + pep_c --> ctp_c + pyr_c	0.0	0.014579461562441503	0.0	1000.0
E1R01340	E1_candidate	E1R01340	iML1515:RNDR3b	E1M_fdbdb60be9bba6_c + cdp_c --> E1M_95f8c2b2ca0efa_c + dcdp_c + h2o_c	0.0	0.0	0.0	499.9293158344785
E1R01341	E1_candidate	E1R01341	iJN1463:PGSA120;iML1515:PGSA120	E1M_85cc42bc91ab87_c + glyc3p_c --> E1M_c085f384dfd44b_c + cmp_c + h_c	0.004420154701652848	0.002569969703520236	0.0	0.004420154701721745
E1R01342	E1_candidate	E1R01342	iML1515:CDAPPA120	E1M_85cc42bc91ab87_c + h2o_c --> E1M_adcb06b2b3cdef_c + cmp_c + 2.0 h_c	0.0	0.0	0.0	1000.0
E1R01343	E1_candidate	E1R01343	iJN1463:PSSA120;iML1515:PSSA120	E1M_85cc42bc91ab87_c + ser_DASH_L_c --> cmp_c + h_c + ps120_c	0.005454658993529046	0.0031714519745568866	0.0	0.00987481369492588
E1R01344	E1_candidate	E1R01344	iJN1463:DASYN120;iML1515:DASYN120	E1M_85cc42bc91ab87_c + ppi_c <-- E1M_adcb06b2b3cdef_c + ctp_c + h_c	-0.009874813695181894	-0.005741421678077122	-1000.0098748136952	-8.068904099640654e-15
E1R01345	E1_candidate	E1R01345	iJN1463:PGSA161;iML1515:PGSA161	E1M_ccb94f76aa5446_c + glyc3p_c --> E1M_909111e4e8b9d6_c + cmp_c + h_c	0.0	0.0	0.0	0.0
E1R01346	E1_candidate	E1R01346	iML1515:CDAPPA161	E1M_ccb94f76aa5446_c + h2o_c --> E1M_ba8511cb5193ef_c + cmp_c + 2.0 h_c	0.0	0.0	0.0	1000.0
E1R01347	E1_candidate	E1R01347	iJN1463:PSSA161;iML1515:PSSA161	E1M_ccb94f76aa5446_c + ser_DASH_L_c --> E1M_797f96b65a9508_c + cmp_c + h_c	0.0	0.0	0.0	0.0
E1R01348	E1_candidate	E1R01348	iJN1463:DASYN161;iML1515:DASYN161	E1M_ccb94f76aa5446_c + ppi_c <-- E1M_ba8511cb5193ef_c + ctp_c + h_c	0.0	0.0	-1000.0	0.0
E1R01349	E1_candidate	E1R01349	iJN1463:PGSA160;iML1515:PGSA160	E1M_fde5e0239916cb_c + glyc3p_c --> E1M_bb1dcd3236893b_c + cmp_c + h_c	0.0	0.0	0.0	0.0
E1R01350	E1_candidate	E1R01350	iML1515:CDAPPA160	E1M_fde5e0239916cb_c + h2o_c --> E1M_63ca8539009398_c + cmp_c + 2.0 h_c	0.0	0.0	0.0	1000.0
E1R01351	E1_candidate	E1R01351	iJN1463:PSSA160;iML1515:PSSA160	E1M_fde5e0239916cb_c + ser_DASH_L_c --> E1M_72ed776e14510c_c + cmp_c + h_c	0.0	0.0	0.0	5.667328218498187e-30
E1R01352	E1_candidate	E1R01352	iJN1463:DASYN160;iML1515:DASYN160	E1M_fde5e0239916cb_c + ppi_c <-- E1M_63ca8539009398_c + ctp_c + h_c	0.0	0.0	-1000.0	-1.0375404829794463e-30
E1R01353	E1_candidate	E1R01353	iJN1463:PGSA181;iML1515:PGSA181	E1M_dcd343a4f9145c_c + glyc3p_c --> E1M_dd1142386a9478_c + cmp_c + h_c	0.0	0.0	0.0	0.0
E1R01354	E1_candidate	E1R01354	iML1515:CDAPPA181	E1M_dcd343a4f9145c_c + h2o_c --> E1M_3760ad028fa50a_c + cmp_c + 2.0 h_c	0.0	0.0	0.0	1000.0
E1R01355	E1_candidate	E1R01355	iJN1463:PSSA181;iML1515:PSSA181	E1M_dcd343a4f9145c_c + ser_DASH_L_c --> E1M_332f9fc70b7e90_c + cmp_c + h_c	0.0	0.0	0.0	0.0
E1R01356	E1_candidate	E1R01356	iJN1463:DASYN181;iML1515:DASYN181	E1M_dcd343a4f9145c_c + ppi_c <-- E1M_3760ad028fa50a_c + ctp_c + h_c	0.0	0.0	-1000.0	0.0
E1R01357	E1_candidate	E1R01357	iJN1463:PGSA180;iML1515:PGSA180	E1M_414b8fb5979d91_c + glyc3p_c --> E1M_ffc91157743f4e_c + cmp_c + h_c	0.0	0.0	0.0	0.0
E1R01358	E1_candidate	E1R01358	iML1515:CDAPPA180	E1M_414b8fb5979d91_c + h2o_c --> E1M_49811ebc0cfee7_c + cmp_c + 2.0 h_c	0.0	0.0	0.0	1000.0
E1R01359	E1_candidate	E1R01359	iJN1463:PSSA180;iML1515:PSSA180	E1M_414b8fb5979d91_c + ser_DASH_L_c --> E1M_febc66f018ca4c_c + cmp_c + h_c	0.0	0.0	0.0	0.0
E1R01360	E1_candidate	E1R01360	iJN1463:DASYN180;iML1515:DASYN180	E1M_414b8fb5979d91_c + ppi_c <-- E1M_49811ebc0cfee7_c + ctp_c + h_c	0.0	0.0	-999.9999999999999	0.0
E1R01361	E1_candidate	E1R01361	iJN1463:PGSA141;iML1515:PGSA141	E1M_a41004ed0dc162_c + glyc3p_c --> E1M_5b6339ff97f195_c + cmp_c + h_c	0.0	0.0	0.0	0.0
E1R01362	E1_candidate	E1R01362	iML1515:CDAPPA141	E1M_a41004ed0dc162_c + h2o_c --> E1M_972944000f8047_c + cmp_c + 2.0 h_c	0.0	0.0	0.0	1000.0
E1R01363	E1_candidate	E1R01363	iJN1463:PSSA141;iML1515:PSSA141	E1M_a41004ed0dc162_c + ser_DASH_L_c --> E1M_d3365ca1f6b6c1_c + cmp_c + h_c	0.0	0.0	0.0	0.0
E1R01364	E1_candidate	E1R01364	iJN1463:DASYN141;iML1515:DASYN141	E1M_a41004ed0dc162_c + ppi_c <-- E1M_972944000f8047_c + ctp_c + h_c	0.0	0.0	-999.9999999999999	0.0
E1R01365	E1_candidate	E1R01365	iJN1463:PGSA140;iML1515:PGSA140	E1M_ec45095358a3f1_c + glyc3p_c --> E1M_3d1da36f77018a_c + cmp_c + h_c	0.0	0.0	0.0	0.0
E1R01366	E1_candidate	E1R01366	iML1515:CDAPPA140	E1M_ec45095358a3f1_c + h2o_c --> E1M_4fe8397f3739dd_c + cmp_c + 2.0 h_c	0.0	0.0	0.0	1000.0
E1R01367	E1_candidate	E1R01367	iJN1463:PSSA140;iML1515:PSSA140	E1M_ec45095358a3f1_c + ser_DASH_L_c --> E1M_92fe99f6a81009_c + cmp_c + h_c	0.0	0.0	0.0	0.0
E1R01368	E1_candidate	E1R01368	iJN1463:DASYN140;iML1515:DASYN140	E1M_ec45095358a3f1_c + ppi_c <-- E1M_4fe8397f3739dd_c + ctp_c + h_c	0.0	0.0	-1000.0000000000002	0.0
E1R01369	E1_candidate	E1R01369	iCN1361:R_RXN_10711	E1M_1eb82361ce2d4d_c + h2o_c --> E1M_2cc3cbd65840cd_c + E1M_bf62647ebedbca_c + h_c	0.0	0.0	0.0	0.0
E1R01370	E1_candidate	E1R01370	iML1515:DHPPD	E1M_65fff6b1acf723_c + nad_c --> E1M_69f1e68371d015_c + h_c + nadh_c	0.0	0.0	0.0	0.0
E1R01371	E1_candidate	E1R01371	iML1515:PPPNDO	E1M_65fff6b1acf723_c + nad_c <-- E1M_2ec991145f52a3_c + h_c + nadh_c + o2_c	0.0	0.0	0.0	0.0
E1R01372	E1_candidate	E1R01372	iML1515:CINNDO	E1M_2059d91fb50f71_c + nad_c <-- E1M_0b91556f6a66c1_c + h_c + nadh_c + o2_c	0.0	0.0	0.0	0.0
E1R01373	E1_candidate	E1R01373	iML1515:DHCIND	E1M_2059d91fb50f71_c + nad_c --> E1M_6a70d3263f65ed_c + h_c + nadh_c	0.0	0.0	0.0	0.0
E1R01374	E1_candidate	E1R01374	iCN1361:R_RXN_9157	E1M_4fa5fb0ec1358b_c + cgly_c <-- E1M_869215bfee3989_c + gthrd_c	0.0	0.0	0.0	0.0
E1R01375	E1_candidate	E1R01375	iML1515:CPL	E1M_5239dad4b93bae_c + E1M_e5add084a42225_c <-- E1M_fad21305cb3239_c	0.0	0.0	0.0	0.0
E1R01376	E1_candidate	E1R01376	iCN1361:R_RXN0_6734	E1M_9e7745c0b90572_c + E1M_e5add084a42225_c <-- E1M_9f6eb2037ac4d7_c	0.0	0.0	0.0	0.0
E1R01377	E1_candidate	E1R01377	iJN1463:MSULR	E1M_2e759a89dc98cd_c + 3.0 h2o_c + 3.0 nadp_c <=> E1M_4dbb0061d6056a_c + 4.0 h_c + 3.0 nadph_c	0.0	0.0	0.0	999.9589101682694
E1R01378	E1_candidate	E1R01378	iJN1463:CHLP	E1M_0c140b636df859_c + pi_c <-- E1M_d8f75d9c843bb4_c + h2o_c	0.0	0.0	0.0	0.0
E1R01379	E1_candidate	E1R01379	iJN1463:CHOLSH	E1M_0c140b636df859_c + h_c + so4_c <-- E1M_65e0fe714909b1_c + h2o_c	0.0	0.0	0.0	0.0
E1R01380	E1_candidate	E1R01380	iML1515:GPDDA1	E1M_0c140b636df859_c + glyc3p_c + h_c <-- E1M_fc20383bf38d0f_c + h2o_c	0.0	0.0	0.0	0.0
E1R01381	E1_candidate	E1R01381	iML1515:CHOLID	E1M_dc0d724de9aa7c_c + nad_c --> E1M_1550d6c8dd1f74_c + h_c + nadh_c	0.0	0.0	0.0	0.0
E1R01382	E1_candidate	E1R01382	iCN1361:R_7_ALPHA_HYDROXYSTEROID_DEH_RXN	E1M_dc0d724de9aa7c_c + nad_c <=> E1M_f0572429bf1664_c + h_c + nadh_c	0.0	0.0	0.0	0.0
E1R01383	E1_candidate	E1R01383	iCN1361:R_RXN_9797	E1M_d8f494b4df3d19_c <=> E1M_ec079a2b22547f_c	0.0	0.0	0.0	0.0
E1R01384	E1_candidate	E1R01384	iML1515:ICHORS_copy1;iML1515:ICHORS_copy2	chor_c <=> E1M_609d2e1a91ed09_c	0.0	-5.4466720005423e-22	0.0	9.331580042502499e-14
E1R01385	E1_candidate	E1R01385	iJN1463:CINNMCOAH	E1M_6a59de6c883da8_c + h2o_c --> E1M_0b91556f6a66c1_c + coa_c + h_c	0.0	0.0	0.0	0.0
E1R01386	E1_candidate	E1R01386	iJN1463:ACOAD19f	E1M_6a59de6c883da8_c + fadh2_c <=> E1M_9963d5afb027db_c + fad_c	0.0	0.0	0.0	0.0
E1R01387	E1_candidate	E1R01387	iJN1463:FE3DCITR2	E1M_aa062e46f53f3c_c + 2.0 cit_c + fe2_c <-- E1M_97784375de4e6a_c + E1M_de061c36d8fb24_c	0.0	0.0	-5000.009009591922	0.0
E1R01388	E1_candidate	E1R01388	iJN1463:FE3DCITR4	E1M_04a80e309b35fc_c + 2.0 cit_c + fe2_c <-- E1M_91b94cf82609d2_c + E1M_de061c36d8fb24_c	0.0	0.0	-5000.009009591922	0.0
E1R01389	E1_candidate	E1R01389	iJN1463:FE3DCITCH	2.0 cit_c + fe3_c <=> E1M_de061c36d8fb24_c	0.0	0.0	0.0	5000.009009591921
E1R01390	E1_candidate	E1R01390	iJN1463:FE3DCITR	E1M_6775b7861d65fe_c + 4.0 cit_c + 2.0 fe2_c <-- E1M_bbc237599bc500_c + 2.0 E1M_de061c36d8fb24_c	0.0	0.0	-2500.004504795965	0.0
E1R01391	E1_candidate	E1R01391	iJN1463:FE3DCITR3	4.0 cit_c + 2.0 fe2_c + fmn_c + 2.0 h_c <-- E1M_07cbe2f41a7174_c + 2.0 E1M_de061c36d8fb24_c	0.0	0.0	-2500.004504795962	0.0
E1R01392	E1_candidate	E1R01392	iML1515:FE3DCITR5	4.0 cit_c + 2.0 fe2_c + h_c + nadp_c <-- 2.0 E1M_de061c36d8fb24_c + nadph_c	0.0	0.0	-1000.0	0.0
E1R01393	E1_candidate	E1R01393	iCN1361:R_KDOTRANS2_RXN;iML1515:MOAT2	E1M_c77855b962ed2a_c + ckdo_c <=> E1M_3d0a8f9bcbde85_c + cmp_c + h_c	0.0	0.0	0.0	0.0
E1R01394	E1_candidate	E1R01394	iJN1463:MOAT2_kt	E1M_a44e15053bbd5b_c + ckdo_c --> E1M_0a95e32d21c7ba_c + cmp_c + h_c	0.0	0.0	0.0	0.0
E1R01395	E1_candidate	E1R01395	iCN1361:R_KDOTRANS_RXN;iML1515:MOAT	E1M_167ab6ad9f77ea_c + ckdo_c <=> E1M_c77855b962ed2a_c + cmp_c + h_c	0.0	0.0	0.0	0.0
E1R01396	E1_candidate	E1R01396	iJN1463:MOAT_kt	E1M_e2280aaf8944ec_c + ckdo_c --> E1M_a44e15053bbd5b_c + cmp_c + h_c	0.0	0.0	0.0	0.0
E1R01397	E1_candidate	E1R01397	iML1515:MOAT3C	E1M_ed010bfbc3d26d_c + ckdo_c --> E1M_4ef9cbddc3b5d8_c + cmp_c + h_c	0.0	0.0	0.0	0.0
E1R01398	E1_candidate	E1R01398	iCN1361:R_DHLBXANAU_RXN	E1M_2c9ef510974b51_c + glyclt_c + h_c <-- E1M_b9bf5538caa669_c + h2o_c	0.0	0.0	0.0	0.0
E1R01399	E1_candidate	E1R01399	iCN1361:R_GST_RXN	E1M_2c9ef510974b51_c + E1M_ae50148b8e6e37_c + h_c <-- E1M_59971345a807f8_c + gthrd_c	0.0	0.0	0.0	0.0
E1R01400	E1_candidate	E1R01400	iCN1361:R_RXN_18362	E1M_2c9ef510974b51_c + E1M_638bfa56a2b24c_c + h_c <-- E1M_bd86f9d7587356_c	0.0	0.0	0.0	0.0
E1R01401	E1_candidate	E1R01401	iJN1463:CMCBTFR1	2.0 E1M_f67f14d1b25772_c + fad_c + 2.0 fe2_c + 2.0 h_c <-- 2.0 E1M_39329944192d34_c + fadh2_c	0.0	0.0	0.0	0.0
E1R01402	E1_candidate	E1R01402	iJN1463:CMCBTFR2	2.0 E1M_f67f14d1b25772_c + 2.0 fe2_c + fmn_c + 2.0 h_c <-- E1M_07cbe2f41a7174_c + 2.0 E1M_39329944192d34_c	0.0	0.0	0.0	0.0
E1R01403	E1_candidate	E1R01403	iML1515:CMPN	cmp_c + h2o_c --> csn_c + r5p_c	0.0	0.0	0.0	1000.0
E1R01404	E1_candidate	E1R01404	iJN1463:NTPP4;iML1515:NTPP4	cmp_c + h_c + ppi_c <-- ctp_c + h2o_c	0.0	0.0	-2999.9664240098055	0.0
E1R01405	E1_candidate	E1R01405	iCN1361:R_RXN_14026;iJN1463:NTD4;iML1515:NTD4	cmp_c + h2o_c <=> cytd_c + pi_c	-0.31259119088155257	-0.027845660794929068	-1000.0	2999.975190809185
E1R01406	E1_candidate	E1R01406	iCN1361:R_PHOSPHAGLYPSYN_RXN_C12	E1M_42e264383bc00b_c + cmp_c + h_c <-- E1M_c9cd537f501c83_c + glyc3p_c	0.0	0.0	0.0	0.0
E1R01407	E1_candidate	E1R01407	iCN1361:R_PHOSPHAGLYPSYN_RXN_C14	E1M_903d56988416df_c + cmp_c + h_c <-- E1M_1410533082480a_c + glyc3p_c	0.0	0.0	0.0	0.0
E1R01408	E1_candidate	E1R01408	iCN1361:R_PHOSPHAGLYPSYN_RXN_C15	E1M_32e8b5bff26fb4_c + cmp_c + h_c <-- E1M_8d4080c55ca8d7_c + glyc3p_c	0.0	0.0	0.0	0.0
E1R01409	E1_candidate	E1R01409	iCN1361:R_PHOSPHAGLYPSYN_RXN_C16	E1M_2646fd9bf84090_c + cmp_c + h_c <-- E1M_034f7f7940fdbd_c + glyc3p_c	0.0	0.0	0.0	0.0
E1R01410	E1_candidate	E1R01410	iCN1361:R_PHOSPHAGLYPSYN_RXN_C161	E1M_e277fc8a9dd4a6_c + cmp_c + h_c <-- E1M_64c8cafb2a5fa1_c + glyc3p_c	0.0	0.0	0.0	0.0
E1R01411	E1_candidate	E1R01411	iCN1361:R_PHOSPHAGLYPSYN_RXN_C17	E1M_a360b174b1a6e4_c + cmp_c + h_c <-- E1M_fdb4aa87619da3_c + glyc3p_c	0.0	0.0	0.0	0.0
E1R01412	E1_candidate	E1R01412	iCN1361:R_PHOSPHAGLYPSYN_RXN_C171	E1M_e4b1c7de7ba351_c + cmp_c + h_c <-- E1M_c3ca5536d34ac9_c + glyc3p_c	0.0	0.0	0.0	0.0
E1R01413	E1_candidate	E1R01413	iCN1361:R_PHOSPHAGLYPSYN_RXN_C18	E1M_fba53ebd86411a_c + cmp_c + h_c <-- E1M_ee272dfc42cd98_c + glyc3p_c	0.0	0.0	0.0	0.0
E1R01414	E1_candidate	E1R01414	iCN1361:R_PHOSPHAGLYPSYN_RXN_C181	E1M_6b66d1403dbef7_c + cmp_c + h_c <-- E1M_a07560ebd8c4d6_c + glyc3p_c	0.0	0.0	0.0	0.0
E1R01415	E1_candidate	E1R01415	iCN1361:R_PHOSPHASERSYN_RXN_C18	E1M_933236d6f4a235_c + cmp_c + h_c <-- E1M_ee272dfc42cd98_c + ser_DASH_L_c	0.0	0.0	0.0	0.0
E1R01416	E1_candidate	E1R01416	iCN1361:R_PHOSPHASERSYN_RXN_C12	E1M_512e0e56cf79ae_c + cmp_c + h_c <-- E1M_c9cd537f501c83_c + ser_DASH_L_c	0.0	0.0	0.0	0.0
E1R01417	E1_candidate	E1R01417	iCN1361:R_PHOSPHASERSYN_RXN_C14	E1M_f6da832e4ef385_c + cmp_c + h_c <-- E1M_1410533082480a_c + ser_DASH_L_c	0.0	0.0	0.0	0.0
E1R01418	E1_candidate	E1R01418	iCN1361:R_PHOSPHASERSYN_RXN_C15	E1M_13799bdadb1d1d_c + cmp_c + h_c <-- E1M_8d4080c55ca8d7_c + ser_DASH_L_c	0.0	0.0	0.0	0.0
E1R01419	E1_candidate	E1R01419	iCN1361:R_PHOSPHASERSYN_RXN_C16	E1M_a1845508d722dd_c + cmp_c + h_c <-- E1M_034f7f7940fdbd_c + ser_DASH_L_c	0.0	0.0	0.0	0.0
E1R01420	E1_candidate	E1R01420	iCN1361:R_PHOSPHASERSYN_RXN_C161	E1M_b97811ce0458f6_c + cmp_c + h_c <-- E1M_64c8cafb2a5fa1_c + ser_DASH_L_c	0.0	0.0	0.0	0.0
E1R01421	E1_candidate	E1R01421	iCN1361:R_PHOSPHASERSYN_RXN_C17	E1M_9d523e38f3cf70_c + cmp_c + h_c <-- E1M_fdb4aa87619da3_c + ser_DASH_L_c	0.0	0.0	0.0	0.0
E1R01422	E1_candidate	E1R01422	iCN1361:R_PHOSPHASERSYN_RXN_C171	E1M_e07abee0b57be3_c + cmp_c + h_c <-- E1M_c3ca5536d34ac9_c + ser_DASH_L_c	0.0	0.0	0.0	0.0
E1R01423	E1_candidate	E1R01423	iCN1361:R_PHOSPHASERSYN_RXN_C181	E1M_36af201d327aee_c + cmp_c + h_c <-- E1M_a07560ebd8c4d6_c + ser_DASH_L_c	0.0	0.0	0.0	0.0
E1R01424	E1_candidate	E1R01424	iJN1463:CYRDAR	2.0 E1M_fd37575d799cf7_c + h_c + nad_c <-- 2.0 E1M_119adf1b9cd437_c + nadh_c	0.0	0.0	0.0	0.0
E1R01425	E1_candidate	E1R01425	iCN1361:R_RXN_12907	co2_c + h2_c <-- E1M_3a80028d3ab05b_c + h2o_c	0.0	0.0	0.0	0.0
E1R01426	E1_candidate	E1R01426	iJN1463:OGMEACPS;iML1515:OGMEACPS	E1M_e92de299060493_c + co2_c + coa_c <-- E1M_ef2a34b7d52c4c_c + h_c + malACP_c	0.0	0.0	0.0	0.0
E1R01427	E1_candidate	E1R01427	iCN1361:R_231180_RXN_odd	E1M_c8d90a03115cc3_c + co2_c + coa_c <-- h_c + malACP_c + ppcoa_c	0.0	0.0	0.0	0.0
E1R01428	E1_candidate	E1R01428	iCN1361:R_RXN_9632	E1M_9e3869fe5d30d1_c + co2_c + coa_c <-- E1M_5661ea396b23db_c + h_c + malcoa_c	0.0	0.0	-1000.0000000000001	0.0
E1R01429	E1_candidate	E1R01429	iCN1361:R_1278_RXN	E1M_9d7cf550760711_c + 2.0 E1M_f9eec68dbd52b9_c + co2_c + h_c <-- E1M_d4de49f486f6c2_c + 2.0 E1M_f71f64bb1684b1_c + coa_c	0.0	0.0	0.0	0.0
E1R01430	E1_candidate	E1R01430	iJN1463:MMTSAO	co2_c + nadh_c + ppcoa_c <-- E1M_12d45d7268c0ce_c + coa_c + nad_c	0.0	0.0	-1666.794657697283	0.0
E1R01431	E1_candidate	E1R01431	iJN1463:CSPMDDC	co2_c + spmd_c <-- E1M_bb9916c0c53364_c + h_c	-9.807638091813334e-05	-5.702364387750067e-05	-999.9589101682844	0.0
E1R01432	E1_candidate	E1R01432	iCN1361:R_RXN0_723	co2_c + dctp_c + h2o_c <-- ctp_c + for_c + h_c	0.0	0.0	-499.92931583448853	0.0
E1R01433	E1_candidate	E1R01433	iCN1361:R_RXN0_724	co2_c + dutp_c + h2o_c <-- for_c + h_c + utp_c	0.0	0.0	-499.9275973137099	0.0
E1R01434	E1_candidate	E1R01434	iJN1463:PDX5PS;iML1515:PDX5PS	co2_c + 2.0 h2o_c + h_c + nadh_c + pdx5p_c + pi_c <-- dxyl5p_c + nad_c + phthr_c	-2.6870241347433777e-06	-1.56229161308221e-06	-1000.0000026870244	0.0
E1R01435	E1_candidate	E1R01435	iCN1361:R_OXALYL_COA_DECARBOXYLASE_RXN;iML1515:OXCDC	E1M_cf0fef71989520_c + co2_c <-- E1M_aa24e48d6234e5_c + h_c	0.0	0.0	-1000.0	-2.8003714809777904e-13
E1R01436	E1_candidate	E1R01436	iCN1361:R_41132_RXN	co2_c + gdp_c + pep_c <-- gtp_c + oaa_c	0.0	0.0	-1000.0	0.0
E1R01437	E1_candidate	E1R01437	iJN1463:UGLYCH;iML1515:UGLYCH	co2_c + glx_c + 2.0 nh4_c <-- E1M_067cf16e2fc2da_c + h2o_c + 2.0 h_c	0.0	0.0	-1999.9594888410963	0.0
E1R01438	E1_candidate	E1R01438	iJN1463:H2CO3D	co2_c + h2o_c <=> E1M_4f9db5e1edfa24_c	0.0	0.0	-4001.9781279174167	11978.831751007594
E1R01439	E1_candidate	E1R01439	iCN1361:R_RXN0_5224	co2_c + h2o_c <=> E1M_45f8123c586dff_c + h_c	1.163411020177536e-15	2.6552789399239485e-19	-1000.0	1000.0
E1R01440	E1_candidate	E1R01440	iCN1361:R_RXN_9912	E1M_61c9b0c08a548e_c + co2_c + h2o_c + nad_c <-- E1M_174e19d21eb086_c + 2.0 h_c + nadh_c + o2_c	0.0	0.0	0.0	0.0
E1R01441	E1_candidate	E1R01441	iCN1361:R_RXN_9914	E1M_61c9b0c08a548e_c + co2_c + h2o_c + nad_c <-- E1M_677c71b7469344_c + 2.0 h_c + nadh_c + o2_c	0.0	0.0	0.0	0.0
E1R01442	E1_candidate	E1R01442	iJN1463:AROH	co2_c + h2o_c + phe_DASH_L_c <-- E1M_05b3567947ddb6_c	-0.024183217212690348	-0.014060624517739893	-760.9984916020904	0.0
E1R01443	E1_candidate	E1R01443	iCN1361:R_CARBODEHYDRAT_RXN	co2_c + h2o_c <-- E1M_5f2fb5d51b75d0_c	0.0	0.0	0.0	0.0
E1R01444	E1_candidate	E1R01444	iJN1463:CARBSARAH	E1M_9af053cca0cd87_c + co2_c + nh4_c <-- E1M_57a10a974256ab_c + h2o_c + 2.0 h_c	0.0	0.0	0.0	0.0
E1R01445	E1_candidate	E1R01445	iCN1361:R_N_CARBAMOYLSARCOSINE_AMIDASE_RXN	E1M_9af053cca0cd87_c + co2_c + nh4_c <-- E1M_58e22e49079b1f_c + h2o_c + 2.0 h_c	0.0	0.0	0.0	0.0
E1R01446	E1_candidate	E1R01446	iCN1361:R_UREASE_RXN;iJN1463:UREA	co2_c + 2.0 nh4_c <=> E1M_3ef9bbcd989afd_c + h2o_c + 2.0 h_c	0.0	0.021872082583150942	-2595.7587976570844	1000.0
E1R01447	E1_candidate	E1R01447	iJN1463:SADH;iML1515:SADH	E1M_0a0561495bac67_c + co2_c + 2.0 nh4_c <-- E1M_d0be882480115d_c + 2.0 h2o_c + 2.0 h_c	0.0	0.0	-999.9777912435779	0.0
E1R01448	E1_candidate	E1R01448	iCN1361:R_FLUORO4_13125_RXN	E1M_0ca1f9d6411331_c + co2_c + h_c + nadh_c <-- E1M_8b8efc9f77144b_c + nad_c	0.0	0.0	0.0	0.0
E1R01449	E1_candidate	E1R01449	iCN1361:R_41174_RXN	E1M_b889887917b0cc_c + co2_c <-- E1M_d4de49f486f6c2_c + h_c	0.0	0.0	0.0	0.0
E1R01450	E1_candidate	E1R01450	iCN1361:R_METHYLMALONYL_COA_DECARBOXYLASE_RXN;iML1515:MMCD	co2_c + ppcoa_c <-- E1M_b31c5510ca2c08_c + h_c	0.0	0.0	-1000.0	0.0
E1R01451	E1_candidate	E1R01451	iCN1361:R_OXALODECARB_RXN;iJN1463:OAADC;iML1515:OAADC	co2_c + pyr_c <-- h_c + oaa_c	0.0	0.0	-11978.638985001535	0.0
E1R01452	E1_candidate	E1R01452	iJN1463:4OD	E1M_b3ce4091b2224c_c + co2_c <-- E1M_5302ef788d90f4_c + h_c	0.0	0.0	-679.5239861415677	0.0
E1R01453	E1_candidate	E1R01453	iCN1361:R_41177_RXN	E1M_b3ce4091b2224c_c + co2_c <-- E1M_9551ca87b7cc81_c + h_c	0.0	0.0	-679.5239861415627	0.0
E1R01454	E1_candidate	E1R01454	iJN1463:PPYRDC	E1M_38eb18abbd94f1_c + co2_c <-- h_c + phpyr_c	0.0	0.0	-760.9740954465475	0.0
E1R01455	E1_candidate	E1R01455	iJN1463:PSD120;iML1515:PSD120	E1M_b1d99eabdb0abb_c + co2_c <-- h_c + ps120_c	0.0	0.0	0.0	0.0
E1R01456	E1_candidate	E1R01456	iJN1463:PSD140;iML1515:PSD140	E1M_674a5afee9a1b9_c + co2_c <-- E1M_92fe99f6a81009_c + h_c	0.0	0.0	0.0	0.0
E1R01457	E1_candidate	E1R01457	iJN1463:PSD141;iML1515:PSD141	E1M_3c8524915e6347_c + co2_c <-- E1M_d3365ca1f6b6c1_c + h_c	0.0	0.0	0.0	0.0
E1R01458	E1_candidate	E1R01458	iJN1463:PSD160;iML1515:PSD160	E1M_048fdbd6bdfe96_c + co2_c <-- E1M_72ed776e14510c_c + h_c	0.0	0.0	0.0	0.0
E1R01459	E1_candidate	E1R01459	iJN1463:PSD161;iML1515:PSD161	E1M_8c2559d0e468b0_c + co2_c <-- E1M_797f96b65a9508_c + h_c	0.0	0.0	0.0	0.0
E1R01460	E1_candidate	E1R01460	iJN1463:PSD180;iML1515:PSD180	E1M_efaf32a73efebb_c + co2_c <-- E1M_febc66f018ca4c_c + h_c	0.0	0.0	0.0	0.0
E1R01461	E1_candidate	E1R01461	iJN1463:PSD181;iML1515:PSD181	E1M_874435e2202fce_c + co2_c <-- E1M_332f9fc70b7e90_c + h_c	0.0	0.0	0.0	0.0
E1R01462	E1_candidate	E1R01462	iCN1361:R_RXN0_1134	E1M_3620229e9b8133_c + co2_c <-- E1M_693ad64728c9b3_c + h_c + pyr_c	0.0	0.0	-999.9999999999999	0.0
E1R01463	E1_candidate	E1R01463	iJN1463:LTDCL	E1M_07ec9c7f164194_c + co2_c <-- h_c + trp_DASH_L_c	0.0	0.0	0.0	0.0
E1R01464	E1_candidate	E1R01464	iCN1361:R_TYROSINE_DECARBOXYLASE_RXN	E1M_902f07ba81df23_c + co2_c <-- h_c + tyr_DASH_L_c	0.0	0.0	0.0	0.0
E1R01465	E1_candidate	E1R01465	iCN1361:R_RXN_8447	E1M_3ce5f5c34579ac_c + co2_c <-- E1M_33f6a0d181b692_c + h_c	0.0	0.0	-1000.0000000000001	0.0
E1R01466	E1_candidate	E1R01466	iCN1361:R_CARBOXY_OXOHEPT_ENEDIOATE_DECARBOXY_RXN	E1M_87a43d25b02f97_c + co2_c <-- E1M_ecfe4edf952759_c + h_c	0.0	0.0	0.0	0.0
E1R01467	E1_candidate	E1R01467	iCN1361:R_AMINO_CARBOXYMUCONATE_SEMIALDEHYDE_RXN	E1M_8128f4cff215b6_c + co2_c <=> E1M_70bea0de44c70e_c + h_c	0.0	0.0	0.0	0.0
E1R01468	E1_candidate	E1R01468	iCN1361:R_PHOSPHASERDECARB_RXN_C18	E1M_c5525fa43928d0_c + co2_c <-- E1M_933236d6f4a235_c + h_c	0.0	0.0	0.0	0.0
E1R01469	E1_candidate	E1R01469	iCN1361:R_PHOSPHASERDECARB_RXN_C12	E1M_73ce9a299d106e_c + co2_c <-- E1M_512e0e56cf79ae_c + h_c	0.0	0.0	0.0	0.0
E1R01470	E1_candidate	E1R01470	iCN1361:R_PHOSPHASERDECARB_RXN_C14	E1M_e2ede79f0447a6_c + co2_c <-- E1M_f6da832e4ef385_c + h_c	0.0	0.0	0.0	0.0
E1R01471	E1_candidate	E1R01471	iCN1361:R_PHOSPHASERDECARB_RXN_C15	E1M_52605498579b7e_c + co2_c <-- E1M_13799bdadb1d1d_c + h_c	0.0	0.0	0.0	0.0
E1R01472	E1_candidate	E1R01472	iCN1361:R_PHOSPHASERDECARB_RXN_C16	E1M_fa5e2134505d15_c + co2_c <-- E1M_a1845508d722dd_c + h_c	0.0	0.0	0.0	0.0
E1R01473	E1_candidate	E1R01473	iCN1361:R_PHOSPHASERDECARB_RXN_C161	E1M_1a6db13c8a690c_c + co2_c <-- E1M_b97811ce0458f6_c + h_c	0.0	0.0	0.0	0.0
E1R01474	E1_candidate	E1R01474	iCN1361:R_PHOSPHASERDECARB_RXN_C17	E1M_e9a14b9dfb4ad3_c + co2_c <-- E1M_9d523e38f3cf70_c + h_c	0.0	0.0	0.0	0.0
E1R01475	E1_candidate	E1R01475	iCN1361:R_PHOSPHASERDECARB_RXN_C171	E1M_2436893144fb17_c + co2_c <-- E1M_e07abee0b57be3_c + h_c	0.0	0.0	0.0	0.0
E1R01476	E1_candidate	E1R01476	iCN1361:R_PHOSPHASERDECARB_RXN_C181	E1M_39c5baa7d2cf6a_c + co2_c <-- E1M_36af201d327aee_c + h_c	0.0	0.0	0.0	0.0
E1R01477	E1_candidate	E1R01477	iCN1361:R_RXN_12481	E1M_b7e49a2c4ee703_c + co2_c + pep_c <-- E1M_99815e6af68fa7_c + oaa_c	0.0	0.0	-1000.0	0.0
E1R01478	E1_candidate	E1R01478	iML1515:MALDDH	co2_c + nadh_c + pyr_c <-- E1M_0a4f8435c0768f_c + nad_c	0.0	0.0	0.0	0.0
E1R01479	E1_candidate	E1R01479	iML1515:ME1	co2_c + nadh_c + pyr_c <-- mal_DASH_L_c + nad_c	0.0	0.0	-1000.0	0.0
E1R01480	E1_candidate	E1R01480	iCN1361:R_MALIC_NADP_RXN;iJN1463:ME2;iML1515:ME2	co2_c + nadph_c + pyr_c <-- mal_DASH_L_c + nadp_c	0.0	0.0	-3000.0	0.0
E1R01481	E1_candidate	E1R01481	iCN1361:R_RXN_13179	E1M_3ce5f5c34579ac_c + co2_c + nadh_c <-- nad_c + phthr_c	0.0	0.0	-1000.0	0.0
E1R01482	E1_candidate	E1R01482	iML1515:UDPGDC	E1M_98b64aba50f20c_c + co2_c + nadh_c <-- nad_c + udpglcur_c	0.0	0.0	0.0	0.0
E1R01483	E1_candidate	E1R01483	iCN1361:R_RXN_14986	E1M_ada0e1e8b700c0_c + co2_c + nadh_c <-- E1M_4e41003b9b8e82_c + nad_c	0.0	0.0	0.0	0.0
E1R01484	E1_candidate	E1R01484	iCN1361:R_RXN0_1461_AN	2.0 co2_c + 2.0 nadph_c + pppg9_c <-- cpppg3_c + 2.0 nadp_c	-0.6534230983348861	-8.0799758036525	-1000.0	0.0
E1R01485	E1_candidate	E1R01485	iML1515:CYNTAH	2.0 co2_c + nh4_c <-- E1M_df2c9b42337a7b_c + 3.0 h_c + hco3_c	0.0	0.0	-1000.0	0.0
E1R01486	E1_candidate	E1R01486	iCN1361:R_RXN_12893	2.0 co2_c + nh4_c <-- E1M_45f8123c586dff_c + E1M_df2c9b42337a7b_c + 3.0 h_c	0.0	0.0	-1000.0	0.0
E1R01487	E1_candidate	E1R01487	iCN1361:R_RXN_10642	E1M_7ae1cf000f682c_c + 4.0 co2_c <-- E1M_1c6cea7e71cfda_c + 4.0 h_c	0.0	0.0	0.0	0.0
E1R01488	E1_candidate	E1R01488	iCN1361:R_RXN_1106	E1M_ffad6201e88ccc_c + coa_c + nadp_c <-- E1M_13db18f8cd1e51_c + h_c + nadph_c	0.0	0.0	-1000.0	0.0
E1R01489	E1_candidate	E1R01489	iCN1361:R_RXN_1101	E1M_ae99de96a48cf2_c + coa_c + nadp_c <-- E1M_1fa604dd1ac0cf_c + h_c + nadph_c	0.0	0.0	0.0	0.0
E1R01490	E1_candidate	E1R01490	iJN1463:FACOAE100;iML1515:FACOAE100	E1M_8c3c4197bdbf9e_c + coa_c + h_c <-- E1M_28fc33fed0888f_c + h2o_c	-0.004836643442538071	0.0	-9978.831751007885	0.0
E1R01491	E1_candidate	E1R01491	iJN1463:FACOAE120;iML1515:FACOAE120	E1M_2d6f270d52020a_c + coa_c + h_c <-- E1M_a434a6bc517cdb_c + h2o_c	0.0	0.0	-9978.831751008505	0.0
E1R01492	E1_candidate	E1R01492	iJN1463:GLCOASYNT	E1M_a512d39cfc0e3f_c + coa_c --> E1M_952d6884ea1c30_c + E1M_ff51a5d9e47ed7_c	0.0	0.0	0.0	999.9589101682849
E1R01493	E1_candidate	E1R01493	iJN1463:AKGDb_copy1;iJN1463:AKGDb_copy2	E1M_c41f68471c973d_c + coa_c <=> E1M_ff51a5d9e47ed7_c + succoa_c	-0.9256054767661751	-0.08599556069630372	-999999.0	999.9492363269674
E1R01494	E1_candidate	E1R01494	iCN1361:R_RXN_13435	E1M_9da761a0d22aec_c + coa_c + h_c <-- E1M_1aa90ee4b63f92_c + h2o_c	0.0	0.0	0.0	0.0
E1R01495	E1_candidate	E1R01495	iJN1463:GLYBCOAT	E1M_8d49cacb5641c5_c + coa_c + h_c <-- E1M_081f83f32d0025_c + h2o_c	0.0	0.0	0.0	0.0
E1R01496	E1_candidate	E1R01496	iCN1361:R_RXN_13805	E1M_5f570fa463b75c_c + coa_c <-- E1M_b8bd8c0b66bc62_c + glyc3p_c	0.0	0.0	0.0	0.0
E1R01497	E1_candidate	E1R01497	iCN1361:R_12127_RXN	E1M_12d45d7268c0ce_c + coa_c + h2o_c + nad_c --> E1M_45f8123c586dff_c + h_c + nadh_c + ppcoa_c	0.0	0.0	0.0	1000.0
E1R01498	E1_candidate	E1R01498	iJN1463:FACOAE160;iML1515:FACOAE160	E1M_c636fb00cabd85_c + coa_c + h_c <-- E1M_7a0e9d86405af9_c + h2o_c	0.0	0.0	-9978.831751012995	0.0
E1R01499	E1_candidate	E1R01499	iJN1463:FACOAE161;iML1515:FACOAE161	E1M_27ab7659ef3699_c + coa_c + h_c <-- E1M_94ba12b50b9606_c + h2o_c	0.0	0.0	-9978.831751021426	0.0
E1R01500	E1_candidate	E1R01500	iJN1463:FACOAE70	E1M_762e86a34ece13_c + coa_c + h_c <-- E1M_a670acea319491_c + h2o_c	0.0	0.0	-9978.831750978105	0.0
E1R01501	E1_candidate	E1R01501	iJN1463:FACOAE60;iML1515:FACOAE60	E1M_3ecfb221ebde8b_c + coa_c + h_c <-- E1M_9e0d2f4b23b8a8_c + h2o_c	0.0	0.0	-9978.83175097822	0.0
E1R01502	E1_candidate	E1R01502	iJN1463:FACOAE1829Z12Z	E1M_af0da49fd40028_c + coa_c + h_c <-- E1M_95a42ee849d1a8_c + h2o_c	0.0	0.0	-9978.831751002775	0.0
E1R01503	E1_candidate	E1R01503	iJN1463:FACOAE90	E1M_6d45decccd5805_c + coa_c + h_c <-- E1M_007683919b7551_c + h2o_c	0.0	0.0	-9978.83175099678	0.0
E1R01504	E1_candidate	E1R01504	iJN1463:FACOAE80;iML1515:FACOAE80	E1M_c7afdf21323a4d_c + coa_c + h_c <-- E1M_515fe529769406_c + h2o_c	0.0	0.0	-9978.83175102768	0.0
E1R01505	E1_candidate	E1R01505	iJN1463:FACOAE180;iML1515:FACOAE180	E1M_5cb95c7bcf69ec_c + coa_c + h_c <-- E1M_568f3a6fbb47fc_c + h2o_c	0.0	4.425464899873245e-20	-9978.831751027825	0.0
E1R01506	E1_candidate	E1R01506	iJN1463:FACOAE181;iML1515:FACOAE181	E1M_e53aef644d0bd7_c + coa_c + h_c <-- E1M_b3383d572a4f80_c + h2o_c	0.0	0.0	-9978.831750996946	0.0
E1R01507	E1_candidate	E1R01507	iML1515:PACOAT	E1M_0dffc0bd5bf0c3_c + coa_c + h_c <-- E1M_ef7a813372f7d1_c + h2o_c	0.0	0.0	-1000.0	0.0
E1R01508	E1_candidate	E1R01508	iCN1361:R_RXN_7938	E1M_ddfbeb6db46f97_c + coa_c + h_c <-- h2o_c + ppcoa_c	0.0	0.0	-1000.0	0.0
E1R01509	E1_candidate	E1R01509	iJN1463:FACOAE50	E1M_507fa33aed5574_c + coa_c + h_c <-- E1M_653783bfb80f28_c + h2o_c	0.0	0.0	-9978.831750998743	0.0
E1R01510	E1_candidate	E1R01510	iJN1463:RHACOAEP101	E1M_a6843109188811_c + coa_c + h_c <-- E1M_2f7e88676c8fe8_c + h2o_c	0.0	0.0	-9978.831750905736	0.0
E1R01511	E1_candidate	E1R01511	iJN1463:RHACOAET40	E1M_d09a4b2c2e068d_c + coa_c + h_c <-- E1M_b9f5f2147d111d_c + h2o_c	0.0	0.0	-9978.83175100637	0.0
E1R01512	E1_candidate	E1R01512	iJN1463:RHACOAET60	E1M_d578e28a8b3946_c + coa_c + h_c <-- E1M_cdbaeaba54535d_c + h2o_c	0.0	0.0	-9978.831750969406	0.0
E1R01513	E1_candidate	E1R01513	iJN1463:RHACOAE121	E1M_9064a04ab45e69_c + coa_c + h_c <-- E1M_39ec979c77035d_c + h2o_c	0.0	0.0	-9978.83175097367	0.0
E1R01514	E1_candidate	E1R01514	iJN1463:RHACOAE141	E1M_f58c75f23d5569_c + coa_c + h_c <-- E1M_3da04e7b2e0ad3_c + h2o_c	0.0	0.0	-9978.831750922844	0.0
E1R01515	E1_candidate	E1R01515	iJN1463:RHACOAE100	E1M_644349da1f8bde_c + coa_c + h_c <-- E1M_c995b19884565f_c + h2o_c	0.0	0.0	-9978.83175097367	0.0
E1R01516	E1_candidate	E1R01516	iJN1463:RHACOAE121d6	E1M_001ed64ad1f53f_c + coa_c + h_c <-- E1M_a5e9867239bd09_c + h2o_c	0.0	0.0	-9978.83175097367	0.0
E1R01517	E1_candidate	E1R01517	iJN1463:RHACOAE120	E1M_b9e77843dd2137_c + coa_c + h_c <-- E1M_2e7d3250350c1d_c + h2o_c	0.0	0.0	-9978.831750955433	0.0
E1R01518	E1_candidate	E1R01518	iJN1463:RHACOAE60	E1M_54ede2fc999c0b_c + coa_c + h_c <-- E1M_8240b25d18465b_c + h2o_c	0.0	0.0	-9978.83175097367	0.0
E1R01519	E1_candidate	E1R01519	iJN1463:RHACOAE160	E1M_bcbfd963792142_c + coa_c + h_c <-- E1M_d0d4453b3ae7f2_c + h2o_c	0.0	0.0	-9978.83175099609	0.0
E1R01520	E1_candidate	E1R01520	iJN1463:RHACOAE70	E1M_7b3a83e228a43f_c + coa_c + h_c <-- E1M_da19b2bf37c22b_c + h2o_c	0.0	0.0	-9978.831751050524	0.0
E1R01521	E1_candidate	E1R01521	iJN1463:RHACOAE140	E1M_88bd90a5758cff_c + coa_c + h_c <-- E1M_8330a0a9dc18ef_c + h2o_c	0.0	0.0	-9978.8317510044	0.0
E1R01522	E1_candidate	E1R01522	iJN1463:RHACOAE90	E1M_320e1938be5932_c + coa_c + h_c <-- E1M_88e1885c8048a1_c + h2o_c	0.0	0.0	-9978.83175097367	0.0
E1R01523	E1_candidate	E1R01523	iJN1463:RHACOAE80	E1M_dfded26027e679_c + coa_c + h_c <-- E1M_56f9c228488432_c + h2o_c	0.0	0.0	-9978.831750988704	0.0
E1R01524	E1_candidate	E1R01524	iJN1463:RHACOAEP40	E1M_3979d0fc1f98da_c + coa_c + h_c <-- E1M_5076f63f633c52_c + h2o_c	0.0	0.0	-9978.831750820767	0.0
E1R01525	E1_candidate	E1R01525	iJN1463:RHACOAEP100	E1M_c8ef01af26009a_c + coa_c + h_c <-- E1M_c929f92bc83e55_c + h2o_c	0.0	0.0	-9978.831750909372	0.0
E1R01526	E1_candidate	E1R01526	iJN1463:RHACOAEP70	E1M_0dda0cd8d7d2f4_c + coa_c + h_c <-- E1M_ececea6a2c72e2_c + h2o_c	0.0	0.0	-9978.831750992496	0.0
E1R01527	E1_candidate	E1R01527	iJN1463:RHACOAEP60	E1M_90a3de552a021c_c + coa_c + h_c <-- E1M_b9d47c20f029be_c + h2o_c	0.0	0.0	-9978.83175099577	0.0
E1R01528	E1_candidate	E1R01528	iJN1463:RHACOAEP90	E1M_70c52c5d909440_c + coa_c + h_c <-- E1M_ee88a9cc4609c0_c + h2o_c	0.0	0.0	-9978.831750988978	0.0
E1R01529	E1_candidate	E1R01529	iJN1463:RHACOAEP80	E1M_96e045228c75db_c + coa_c + h_c <-- E1M_9c188db37e05ff_c + h2o_c	0.0	0.0	-9978.831750993782	0.0
E1R01530	E1_candidate	E1R01530	iJN1463:RHACOAEP50	E1M_56ac9d04fe12c7_c + coa_c + h_c <-- E1M_6b8c6d0f0ccb9d_c + h2o_c	0.0	0.0	-9978.831750972407	0.0
E1R01531	E1_candidate	E1R01531	iJN1463:RHACOAE50	E1M_a4cc42b8568438_c + coa_c + h_c <-- E1M_af4acf5c31909a_c + h2o_c	0.0	0.0	-9978.831750996636	0.0
E1R01532	E1_candidate	E1R01532	iJN1463:RHACOAE142	E1M_884b378bfb3abe_c + coa_c + h_c <-- E1M_d64cab39f483e1_c + h2o_c	0.0	0.0	-9978.831750919378	0.0
E1R01533	E1_candidate	E1R01533	iJN1463:RHACOAE141d5	E1M_6e24b87997d31a_c + coa_c + h_c <-- E1M_ed4230dd9083cd_c + h2o_c	0.0	0.0	-9978.831750962101	0.0
E1R01534	E1_candidate	E1R01534	iJN1463:FACOAE140;iML1515:FACOAE140	E1M_e33b14dedfde2c_c + coa_c + h_c <-- E1M_9bfcf33c7748c8_c + h2o_c	0.0	0.0	-9978.831750970294	0.0
E1R01535	E1_candidate	E1R01535	iJN1463:FACOAE141;iML1515:FACOAE141	E1M_1e2587d5b02594_c + coa_c + h_c <-- E1M_d5d1a23941aff3_c + h2o_c	0.0	0.0	-9978.831751003047	0.0
E1R01536	E1_candidate	E1R01536	iJN1463:HMR_0260	E1M_d5e918134984e3_c + coa_c + h_c <-- E1M_099ff4b24efb91_c + h2o_c	0.0	0.0	-9978.831750987636	0.0
E1R01537	E1_candidate	E1R01537	iJN1463:REPHACCOAT	E1M_437cfeb7153f4b_c + coa_c <-- E1M_62766647992dc6_c + h2o_c	0.0	0.0	0.0	0.0
E1R01538	E1_candidate	E1R01538	iCN1361:R_HOMSUCTRAN_RXN;iML1515:HSST	E1M_e654fc7e1bff38_c + coa_c <=> hom_DASH_L_c + succoa_c	-0.1688853783216877	0.0	-1000.0	0.0
E1R01539	E1_candidate	E1R01539	iJN1463:PTA2;iML1515:PTA2	E1M_9337f7d66798f0_c + coa_c <-- pi_c + ppcoa_c	0.0	0.0	-1000.0	0.0
E1R01540	E1_candidate	E1R01540	iCN1361:R_RXN0_1147	E1M_7b729797912db6_c + coa_c --> E1M_01cfa4eaca4046_c + succoa_c	0.0	0.0	0.0	1000.0
E1R01541	E1_candidate	E1R01541	iCN1361:R_RXN1_42	E1M_2301b45b64ab48_c + coa_c <-- E1M_f1395bdf52390b_c	0.0	0.0	-1000.0	0.0
E1R01542	E1_candidate	E1R01542	iCN1361:R_49913_RXN	E1M_18b2653e691335_c + scl_c <=> E1M_a6253aadf04923_c + 2.0 h_c	0.0	0.0	0.0	0.0
E1R01543	E1_candidate	E1R01543	iJN1463:COALCDH	E1M_51cb72473cb788_c + nad_c --> E1M_ffad6201e88ccc_c + h_c + nadh_c	0.0	0.0	0.0	0.0
E1R01544	E1_candidate	E1R01544	iJN1463:COALDDH	E1M_ffad6201e88ccc_c + h2o_c + nad_c --> E1M_213c8210dcf68d_c + 2.0 h_c + nadh_c	0.0	0.0	0.0	1000.0
E1R01545	E1_candidate	E1R01545	iCN1361:R_RXN_11244	E1M_1fa604dd1ac0cf_c + h2o_c <-- E1M_f4015a299c5b2d_c	0.0	0.0	0.0	0.0
E1R01546	E1_candidate	E1R01546	iML1515:CPGNR1	2.0 E1M_7b42e596a3c54f_c + fadh2_c --> 2.0 E1M_662b90a3d043a3_c + fad_c + 2.0 fe2_c + 2.0 h_c	0.0	0.0	0.0	0.0
E1R01547	E1_candidate	E1R01547	iML1515:CPGNR2	E1M_07cbe2f41a7174_c + 2.0 E1M_7b42e596a3c54f_c --> 2.0 E1M_662b90a3d043a3_c + 2.0 fe2_c + fmn_c + 2.0 h_c	0.0	0.0	0.0	0.0
E1R01548	E1_candidate	E1R01548	iML1515:CPGNR3	E1M_2c3834bc016ee1_c + 2.0 E1M_7b42e596a3c54f_c --> 2.0 E1M_662b90a3d043a3_c + 2.0 fe2_c + 2.0 h_c + ribflv_c	0.0	0.0	0.0	0.0
E1R01549	E1_candidate	E1R01549	iJN1463:MPTS;iML1515:MPTS	E1M_026fc2fb8d6252_c + 2.0 E1M_e4059208e41189_c + cu2_c --> E1M_180ae1f11a4ce9_c + 2.0 E1M_ca3212dc5b5e9d_c + 5.0 h_c	0.0	0.0	0.0	0.0
E1R01550	E1_candidate	E1R01550	iJN1463:CPMPS;iML1515:CPMPS	E1M_026fc2fb8d6252_c + ppi_c <-- gtp_c + h2o_c	0.0	0.0	0.0	0.0
E1R01551	E1_candidate	E1R01551	iJN1463:CREATtex	 <=> 	0.0	0.0	-999999.0	999999.0
E1R01552	E1_candidate	E1R01552	iCN1361:R_CREATININASE_RXN	E1M_d1cde53353f18b_c <=> E1M_dc7461e492227c_c + h2o_c	0.0	0.0	0.0	0.0
E1R01553	E1_candidate	E1R01553	iJN1463:CREAT	E1M_d1cde53353f18b_c + h2o_c --> E1M_3ef9bbcd989afd_c + E1M_9af053cca0cd87_c	0.0	0.0	0.0	0.0
E1R01554	E1_candidate	E1R01554	iML1515:CRNCBCT	E1M_3e95996f8dfb44_c + E1M_f98f01f3cef099_c <=> E1M_5597be941b2930_c + E1M_750d5f46d30604_c	0.0	0.0	0.0	0.0
E1R01555	E1_candidate	E1R01555	iJN1463:CRNDH	E1M_f98f01f3cef099_c + nad_c --> E1M_f047419e4dac39_c + h_c + nadh_c	0.0	0.0	0.0	0.0
E1R01556	E1_candidate	E1R01556	iML1515:CRNCAR	E1M_750d5f46d30604_c <=> E1M_16c58c2e80602f_c	0.0	0.0	0.0	0.0
E1R01557	E1_candidate	E1R01557	iML1515:CRNCDH	E1M_750d5f46d30604_c <=> E1M_3e95996f8dfb44_c + h2o_c	0.0	0.0	0.0	0.0
E1R01558	E1_candidate	E1R01558	iJN1463:CRO4Rx	E1M_0eb212d418dd63_c + E1M_c0f8bbce38a58b_c + 2.0 h2o2_c + 2.0 nad_c <-- E1M_63946ff9512169_c + 2.0 h_c + 2.0 nadh_c + 2.0 o2_c	0.0	0.0	0.0	0.0
E1R01559	E1_candidate	E1R01559	iJN1463:CRO4Ry	E1M_0eb212d418dd63_c + E1M_c0f8bbce38a58b_c + 2.0 h2o2_c + 2.0 nadp_c <-- E1M_63946ff9512169_c + 2.0 h_c + 2.0 nadph_c + 2.0 o2_c	0.0	0.0	0.0	0.0
E1R01560	E1_candidate	E1R01560	iJN1463:CRTNIH	E1M_dc7461e492227c_c + h2o_c + h_c --> E1M_4f748c866b182b_c + nh4_c	0.0	0.0	0.0	0.0
E1R01561	E1_candidate	E1R01561	iJN1463:CYTDH;iML1515:CYTDH	E1M_17125ed4eb7f38_c + csn_c <-- cytd_c + h2o_c	0.0	0.0	-1999.9751908091844	0.0
E1R01562	E1_candidate	E1R01562	iML1515:RNTR3c2	2.0 E1M_91b94cf82609d2_c + ctp_c + 2.0 h_c --> 2.0 E1M_04a80e309b35fc_c + dctp_c + h2o_c	0.0	0.0	0.0	499.9293158379605
E1R01563	E1_candidate	E1R01563	iCN1361:R_27733_RXN	ctp_c + g1p_c + h_c --> E1M_87b8653ab474b5_c + ppi_c	0.0	0.0	0.0	0.0
E1R01564	E1_candidate	E1R01564	iCN1361:R_RXN_14118;iJN1463:DCTPD2	ctp_c + h2o_c + h_c --> nh4_c + utp_c	0.0	0.0	0.0	2999.9851269838496
E1R01565	E1_candidate	E1R01565	iML1515:MOCDS	E1M_6d8e5c9a99158e_c + ctp_c + h_c --> E1M_20a7c4c732c529_c + ppi_c	0.0	0.0	0.0	0.0
E1R01566	E1_candidate	E1R01566	iCN1361:R_CDPDIGLYSYN_RXN_C12	E1M_ce36575f1cacfc_c + ctp_c + h_c --> E1M_c9cd537f501c83_c + ppi_c	0.0	0.0	0.0	0.0
E1R01567	E1_candidate	E1R01567	iCN1361:R_CDPDIGLYSYN_RXN_C14	E1M_e470da2f1e08ea_c + ctp_c + h_c --> E1M_1410533082480a_c + ppi_c	0.0	0.0	0.0	0.0
E1R01568	E1_candidate	E1R01568	iCN1361:R_CDPDIGLYSYN_RXN_C15	E1M_e920cbe6243338_c + ctp_c + h_c --> E1M_8d4080c55ca8d7_c + ppi_c	0.0	0.0	0.0	0.0
E1R01569	E1_candidate	E1R01569	iCN1361:R_CDPDIGLYSYN_RXN_C16	E1M_96acd5ffeca430_c + ctp_c + h_c --> E1M_034f7f7940fdbd_c + ppi_c	0.0	0.0	0.0	0.0
E1R01570	E1_candidate	E1R01570	iCN1361:R_CDPDIGLYSYN_RXN_C161	E1M_c4fa2021aaa368_c + ctp_c + h_c --> E1M_64c8cafb2a5fa1_c + ppi_c	0.0	0.0	0.0	0.0
E1R01571	E1_candidate	E1R01571	iCN1361:R_CDPDIGLYSYN_RXN_C17	E1M_e08363e7b30052_c + ctp_c + h_c --> E1M_fdb4aa87619da3_c + ppi_c	0.0	0.0	0.0	0.0
E1R01572	E1_candidate	E1R01572	iCN1361:R_CDPDIGLYSYN_RXN_C171	E1M_9b2fcf66e2890a_c + ctp_c + h_c --> E1M_c3ca5536d34ac9_c + ppi_c	0.0	0.0	0.0	0.0
E1R01573	E1_candidate	E1R01573	iCN1361:R_CDPDIGLYSYN_RXN_C18	E1M_20ffd7f3154e62_c + ctp_c + h_c --> E1M_ee272dfc42cd98_c + ppi_c	0.0	0.0	0.0	0.0
E1R01574	E1_candidate	E1R01574	iCN1361:R_CDPDIGLYSYN_RXN_C181	E1M_c8ddb12dbcb492_c + ctp_c + h_c --> E1M_a07560ebd8c4d6_c + ppi_c	0.0	0.0	0.0	0.0
E1R01575	E1_candidate	E1R01575	iJN1463:CURR;iML1515:CURR	E1M_1e0e96e6f28cc5_c + h_c + nadph_c --> E1M_2bfa35f3357f1b_c + nadp_c	0.0	0.0	0.0	0.0
E1R01576	E1_candidate	E1R01576	iML1515:MCPST	E1M_1910e561130d9f_c + E1M_a93010e4a116ae_c --> E1M_36a695ede3c812_c + h_c + pyr_c	0.0	0.0	0.0	0.0
E1R01577	E1_candidate	E1R01577	iJN1463:CYANST;iML1515:CYANST	E1M_a93010e4a116ae_c + E1M_aa4f290632a67f_c --> E1M_36a695ede3c812_c + h_c + so3_c	0.0	0.0	0.0	0.0
E1R01578	E1_candidate	E1R01578	iCN1361:R_THIOSULFATE_SULFURTRANSFERASE_RXN	E1M_a93010e4a116ae_c + E1M_aa4f290632a67f_c --> E1M_36a695ede3c812_c + 2.0 h_c + so3_c	0.0	0.0	0.0	0.0
E1R01579	E1_candidate	E1R01579	iJN1463:SHSL1;iML1515:SHSL1	E1M_38bcb7cc258bd0_c + h_c + succ_c <-- E1M_e654fc7e1bff38_c + cys_DASH_L_c	0.0	0.0	-1000.000000000001	0.0
E1R01580	E1_candidate	E1R01580	iCN1361:R_CYSTATHIONINE_BETA_LYASE_RXN;iJN1463:CYSTL;iML1515:CYSTL	E1M_38bcb7cc258bd0_c + h2o_c --> hcys_DASH_L_c + nh4_c + pyr_c	0.0	0.0	0.0	2999.9991735477374
E1R01581	E1_candidate	E1R01581	iJN1463:CYSTS	E1M_38bcb7cc258bd0_c + h2o_c <-- hcys_DASH_L_c + ser_DASH_L_c	0.0	0.0	-2999.9788621944763	0.0
E1R01582	E1_candidate	E1R01582	iJN1463:DLCYSR	E1M_beb29dcd3c3b15_c <=> cys_DASH_L_c	-0.03493400077579857	0.0	-1000.0000000000002	0.0
E1R01583	E1_candidate	E1R01583	iML1515:CYSDDS	E1M_beb29dcd3c3b15_c + h2o_c --> h2s_c + nh4_c + pyr_c	0.03493400077579857	0.0	0.0	1000.0
E1R01584	E1_candidate	E1R01584	iJN1463:SCYSSL	E1M_3c035cbac65e4f_c + cys_DASH_L_c + h_c + so3_c <=> E1M_72bb8062fc25c0_c + 2.0 gthrd_c	0.0	0.0	0.0	0.0
E1R01585	E1_candidate	E1R01585	iJN1463:CYSDS;iML1515:CYSDS	cys_DASH_L_c + h2o_c --> h2s_c + nh4_c + pyr_c	0.0	0.020311353261681812	0.0	1999.9792215215464
E1R01586	E1_candidate	E1R01586	iJN1463:BVMO2	E1M_424f9185e8ba5d_c + h_c + nadph_c + o2_c --> E1M_37ef38ac9e04ec_c + h2o_c + nadp_c	0.0	0.0	0.0	0.0
E1R01587	E1_candidate	E1R01587	iJN1463:BVMO3	E1M_389ff4fb167239_c + h_c + nadph_c + o2_c --> 0.5 E1M_02b8b3d2444907_c + 0.5 E1M_a472410f115386_c + h2o_c + nadp_c	0.0	0.0	0.0	0.0
E1R01588	E1_candidate	E1R01588	iJN1463:BVMO4	E1M_12e730e07ff011_c + h_c + nadph_c + o2_c --> E1M_b36df3f52de778_c + h2o_c + nadp_c	0.0	0.0	0.0	0.0
E1R01589	E1_candidate	E1R01589	iCN1361:R_RXN_14192	dadp_c + h_c + pep_c --> datp_c + pyr_c	0.0	0.0011717187098116576	0.0	1000.0
E1R01590	E1_candidate	E1R01590	iJN1463:NTD6;iML1515:NTD6	E1M_24d464e7d2696f_c + pi_c <-- E1M_1076638dd6a05a_c + h2o_c	0.0	0.0	-1499.9264255950047	0.0
E1R01591	E1_candidate	E1R01591	iCN1361:R_ADDALT_RXN;iJN1463:DADA;iML1515:DADA	E1M_24d464e7d2696f_c + h2o_c + h_c <=> din_c + nh4_c	0.0	0.0	-1000.0	999.9999999993249
E1R01592	E1_candidate	E1R01592	iCN1361:R_RXN0_384;iJN1463:NTPP5;iML1515:NTPP5	E1M_1076638dd6a05a_c + h_c + ppi_c <-- datp_c + h2o_c	0.0	0.0	-2499.926425595003	0.0
E1R01593	E1_candidate	E1R01593	iJN1463:DATPHs;iML1515:DATPHs	datp_c + h2o_c + h_c --> E1M_94c5f1d32476ec_c + nh4_c	0.0	0.0	0.0	1499.9264255940457
E1R01594	E1_candidate	E1R01594	iJN1463:ACOAD4f;iML1515:ACOAD4f	E1M_860cb2e568740d_c + fadh2_c <=> E1M_28fc33fed0888f_c + fad_c	0.025553599521409488	0.014857393240411812	-1999.9851426067619	2000.0000000001842
E1R01595	E1_candidate	E1R01595	iJN1463:24DECOAR	E1M_860cb2e568740d_c + nadp_c <-- E1M_2d787fc5f1b0d8_c + h_c + nadph_c	0.0	0.0	0.0	-1.5796362948780543e-10
E1R01596	E1_candidate	E1R01596	iJN1463:23CTI1	E1M_860cb2e568740d_c <-- E1M_1e5a39291aeeba_c	0.0	0.0	-1999.98514260676	1.5796362948780543e-10
E1R01597	E1_candidate	E1R01597	iJN1463:RECOAH4	E1M_860cb2e568740d_c + h2o_c <=> E1M_c995b19884565f_c	0.0	-0.014857393240411812	-999999.0	2999.9851426063105
E1R01598	E1_candidate	E1R01598	iML1515:EAR100x	dcaACP_c + nad_c <-- h_c + nadh_c + tdec2eACP_c	0.0	0.0	-1000.0	0.0
E1R01599	E1_candidate	E1R01599	iJN1463:NTPP3;iML1515:NTPP3	dcmp_c + h_c + ppi_c <-- dctp_c + h2o_c	0.0	0.0	-1499.9275973125245	0.0
E1R01600	E1_candidate	E1R01600	iJN1463:NTD3;iML1515:NTD3	dcmp_c + h2o_c --> dcyt_c + pi_c	0.0	0.0	0.0	1499.9275973158346
E1R01601	E1_candidate	E1R01601	iCN1361:R_RXN_14262;iJN1463:ACOAD5f;iML1515:ACOAD5f	E1M_e394eb62b32d23_c + fadh2_c <=> E1M_a434a6bc517cdb_c + fad_c	0.0	0.002812124903547978	-2499.985142606762	1999.9999999999998
E1R01602	E1_candidate	E1R01602	iJN1463:23CTI2	E1M_e394eb62b32d23_c <-- E1M_b4760c4aa0281c_c	0.0	0.0	-1333.3323959583665	1.5426135692168499e-13
E1R01603	E1_candidate	E1R01603	iJN1463:RECOAH5	E1M_e394eb62b32d23_c + h2o_c <=> E1M_2e7d3250350c1d_c	0.020716956078871408	-0.002812124903547978	-999999.0	3499.985142607242
E1R01604	E1_candidate	E1R01604	iJN1463:23CTI3	E1M_e52f70b8a1449f_c <-- E1M_81f206a50c3729_c	0.0	0.0	0.0	0.0
E1R01605	E1_candidate	E1R01605	iJN1463:RECOAH25	E1M_e52f70b8a1449f_c + h2o_c <=> E1M_a5e9867239bd09_c	0.0	0.0	-999999.0000000003	0.0
E1R01606	E1_candidate	E1R01606	iML1515:APH120	E1M_2d6f270d52020a_c + 2.0 h_c + pi_c <-- E1M_399d5155d9eda9_c + h2o_c	0.0	0.0	-1000.0	0.0
E1R01607	E1_candidate	E1R01607	iML1515:EAR120x	ddcaACP_c + nad_c <-- h_c + nadh_c + tddec2eACP_c	-0.020716956078871404	0.0	-1000.0	0.0
E1R01608	E1_candidate	E1R01608	iJN1463:ACOAD25f	E1M_204536cb2f3521_c + fadh2_c <=> E1M_39e68acbaf6e9e_c + fad_c	0.0	0.0	-1999.9851426067617	0.0
E1R01609	E1_candidate	E1R01609	iJN1463:RECOAH22	E1M_204536cb2f3521_c + h2o_c <=> E1M_39ec979c77035d_c	0.0	0.0	-999998.9999999999	1999.9851426067316
E1R01610	E1_candidate	E1R01610	iJN1463:ACOAD34f	E1M_9af232af5ca1c5_c + fad_c <=> E1M_2d787fc5f1b0d8_c + fadh2_c	0.0	0.0	0.0	0.0
E1R01611	E1_candidate	E1R01611	iJN1463:RECOAH26	E1M_2d787fc5f1b0d8_c + h2o_c <=> E1M_2f7e88676c8fe8_c	0.0	0.0	-999998.9999999999	0.0
E1R01612	E1_candidate	E1R01612	iCN1361:R_RXN_14207;iJN1463:AGPOP	dgdp_c + h_c + pep_c --> dgtp_c + pyr_c	0.00295572654821771	0.001718520774390431	0.0	1000.0
E1R01613	E1_candidate	E1R01613	iML1515:RNDR2b	E1M_95f8c2b2ca0efa_c + dgdp_c + h2o_c <-- E1M_fdbdb60be9bba6_c + gdp_c	0.0	0.0	-499.9275973134499	0.0
E1R01614	E1_candidate	E1R01614	iJN1463:NTD8;iML1515:NTD8	E1M_f5baee69aca648_c + h2o_c --> dgsn_c + pi_c	0.0	0.0	0.0	1499.9258787929914
E1R01615	E1_candidate	E1R01615	iJN1463:NTPP1;iML1515:NTPP1	E1M_f5baee69aca648_c + h_c + ppi_c <-- dgtp_c + h2o_c	0.0	0.0	-2499.9258787928384	0.0
E1R01616	E1_candidate	E1R01616	iJN1463:SELGTHR2;iML1515:SELGTHR2	E1M_2fbdded8c53a2b_c + h_c + nadph_c --> E1M_5625249908ea59_c + gthrd_c + nadp_c	0.0	0.0	0.0	0.0
E1R01617	E1_candidate	E1R01617	iJN1463:SELGTHR;iML1515:SELGTHR	E1M_2fbdded8c53a2b_c + E1M_3c035cbac65e4f_c + 3.0 h2o_c <-- E1M_3be4d6ab9e6005_c + 4.0 gthrd_c + 2.0 h_c	0.0	0.0	0.0	0.0
E1R01618	E1_candidate	E1R01618	iCN1361:R_DGTPTRIPHYDRO_RXN	dgsn_c + h_c + pppi_c <-- dgtp_c + h2o_c	0.0	0.0	-1000.0	0.0
E1R01619	E1_candidate	E1R01619	iML1515:RNTR2c2	2.0 E1M_04a80e309b35fc_c + dgtp_c + h2o_c <-- 2.0 E1M_91b94cf82609d2_c + gtp_c + 2.0 h_c	0.0	0.0	-499.9275973134939	0.0
E1R01620	E1_candidate	E1R01620	iJN1463:MTOLDOX	E1M_04051dc0a6c1e3_c + nad_c <-- E1M_ca7dc55f05d7ab_c + h_c + nadh_c + o2_c	0.0	0.0	0.0	0.0
E1R01621	E1_candidate	E1R01621	iJN1463:PTOLDOX	E1M_9520e9f244ea34_c + nad_c <-- E1M_831492e82e5ab5_c + h_c + nadh_c + o2_c	0.0	0.0	0.0	0.0
E1R01622	E1_candidate	E1R01622	iML1515:ALKP	E1M_068c540d9c2a4d_c + pi_c <-- dhap_c + h2o_c	0.0	0.0	-1000.0	0.0
E1R01623	E1_candidate	E1R01623	iML1515:DHAPT	E1M_068c540d9c2a4d_c + pep_c --> dhap_c + pyr_c	0.0	0.0	0.0	1000.0
E1R01624	E1_candidate	E1R01624	iML1515:F6PA	E1M_068c540d9c2a4d_c + g3p_c <=> E1M_98f885b3c3cb12_c	0.22044831122313147	0.0	-1000.0	1000.0
E1R01625	E1_candidate	E1R01625	iML1515:GLYCDx	E1M_068c540d9c2a4d_c + h_c + nadh_c <-- glyc_c + nad_c	-0.22044831122313147	0.0	-1000.0	0.0
E1R01626	E1_candidate	E1R01626	iCN1361:R_RXN_8631	E1M_ea67788a8278bc_c + dhap_c <-- E1M_33da03923c0058_c	0.0	0.0	0.0	0.0
E1R01627	E1_candidate	E1R01627	iML1515:FCLPA	E1M_0fa715cb1ae0f3_c + dhap_c <=> E1M_b2995990ac8bea_c	0.0	0.0	0.0	0.0
E1R01628	E1_candidate	E1R01628	iML1515:TGBPA	dhap_c + g3p_c <=> E1M_e1ce7f327d11af_c	0.0	0.0	0.0	0.0
E1R01629	E1_candidate	E1R01629	iCN1361:R_GLYC3PDEHYDROGBIOSYN_RXN_NAD	dhap_c + h_c + nadh_c --> glyc3p_c + nad_c	0.2342730503963861	0.0	0.0	1000.0
E1R01630	E1_candidate	E1R01630	iML1515:G3PD6	E1M_7c276a707cb8bf_c + dhap_c <-- E1M_dc445dacd19268_c + glyc3p_c	0.0	0.0	-1000.0	0.0
E1R01631	E1_candidate	E1R01631	iJN1463:G3PD5;iML1515:G3PD5	dhap_c + q8h2_c <-- glyc3p_c + q8_c	0.0	0.0	-2999.991688608619	0.0
E1R01632	E1_candidate	E1R01632	iCN1361:R_RXN0_5260	E1M_4374377df80c78_c + dhap_c <-- glyc3p_c + q8_c	0.0	0.0	-999.9999999999972	0.0
E1R01633	E1_candidate	E1R01633	iML1515:RMPA	E1M_0fa715cb1ae0f3_c + dhap_c <=> E1M_67278652e5232b_c	0.0	0.0	0.0	0.0
E1R01634	E1_candidate	E1R01634	iCN1361:R_METHGLYSYN_RXN;iML1515:MGSA	dhap_c --> E1M_c31c438121d023_c + pi_c	0.0	0.0	0.0	1000.0
E1R01635	E1_candidate	E1R01635	iML1515:6D6SPA	E1M_fc468e39c46f4c_c + dhap_c <-- E1M_9c815880d0ca3e_c	0.0	0.0	0.0	0.0
E1R01636	E1_candidate	E1R01636	iCN1361:R_RXN_12073;iML1515:DHCINDO	E1M_6a70d3263f65ed_c + o2_c --> E1M_f62375293b7624_c + h_c	0.0	0.0	0.0	0.0
E1R01637	E1_candidate	E1R01637	iJN1463:OCOAT4	E1M_f047419e4dac39_c + succoa_c --> E1M_8f7bccde98b832_c + succ_c	0.0	0.0	0.0	0.0
E1R01638	E1_candidate	E1R01638	iJN1463:DHCURR;iML1515:DHCURR	E1M_2bfa35f3357f1b_c + h_c + nadph_c --> E1M_0291388b885ede_c + nadp_c	0.0	0.0	0.0	0.0
E1R01639	E1_candidate	E1R01639	iCN1361:R_STERYL_SULFATASE_RXN	E1M_b19ba215bae778_c + h_c + so4_c <-- E1M_1e4bdc008248b6_c + h2o_c	0.0	0.0	0.0	0.0
E1R01640	E1_candidate	E1R01640	iCN1361:R_THIAZOLSYN2_RXN	E1M_18a2357523921f_c + E1M_d70665c18cff87_c + dxyl5p_c <=> E1M_5eb01ca83ecf25_c + E1M_d811ed4679217e_c + 2.0 h2o_c	2.6870241347433726e-06	1.5622916130822105e-06	0.0	2.6870241101817503e-06
E1R01641	E1_candidate	E1R01641	iCN1361:R_RXN_13329;iML1515:DHGLYH	E1M_18a2357523921f_c + h2o_c + h_c <=> glx_c + nh4_c	-2.6870241346596895e-06	-1.5622916130822105e-06	-2.6870241088731085e-06	1.3465644822561133e-17
E1R01642	E1_candidate	E1R01642	iJN1463:PDHcr	E1M_ff51a5d9e47ed7_c + nad_c <=> E1M_2d5e063dd7723c_c + h_c + nadh_c	-0.9256054767661751	-0.08599556069630371	-999998.9999999998	1500.2212072014809
E1R01643	E1_candidate	E1R01643	iJN1463:DHNPTE;iML1515:DHNPTE	E1M_edfc0a274bcab8_c <=> dhnpt_c	0.0	0.0	0.0	0.0
E1R01644	E1_candidate	E1R01644	iJN1463:PHETHPTOX3	E1M_edfc0a274bcab8_c + h2o_c + tyr_DASH_L_c <-- E1M_4cd994a8fe565d_c + o2_c + phe_DASH_L_c	0.0	0.0	-509.6511928154407	0.0
E1R01645	E1_candidate	E1R01645	iJN1463:DHMPTRx	E1M_edfc0a274bcab8_c + h_c + nadh_c --> E1M_4cd994a8fe565d_c + nad_c	0.0	0.0	0.0	509.6511928090322
E1R01646	E1_candidate	E1R01646	iJN1463:DHMPTR;iML1515:DHMPTR	E1M_edfc0a274bcab8_c + h_c + nadph_c --> E1M_4cd994a8fe565d_c + nadp_c	0.0	0.0	0.0	509.6511928088795
E1R01647	E1_candidate	E1R01647	iJN1463:DHORDfum;iML1515:DHORDfum	dhor_DASH_S_c + fum_c --> orot_c + succ_c	0.0	0.023419063738424943	0.0	2000.0
E1R01648	E1_candidate	E1R01648	iML1515:DHORD5	E1M_dc445dacd19268_c + dhor_DASH_S_c --> E1M_7c276a707cb8bf_c + orot_c	0.0	0.0	0.0	1000.0
E1R01649	E1_candidate	E1R01649	iJN1463:DHORD2;iML1515:DHORD2	dhor_DASH_S_c + q8_c --> orot_c + q8h2_c	0.040276342160495346	0.0	0.0	2000.000000000002
E1R01650	E1_candidate	E1R01650	iCN1361:R_DIHYDROOROTATE_DEHYDROGENASE_RXN	dhor_DASH_S_c + q8_c <=> E1M_4374377df80c78_c + orot_c	0.0	-1.562291613085396e-06	-1000.0	5.684341886080801e-13
E1R01651	E1_candidate	E1R01651	iCN1361:R_1131116_RXN;iML1515:HPPPNDO	E1M_69f1e68371d015_c + o2_c --> E1M_96b24381946253_c + h_c	0.0	0.0	0.0	0.0
E1R01652	E1_candidate	E1R01652	iML1515:3SLAR	E1M_be674a63efe36a_c + nad_c <-- E1M_fc468e39c46f4c_c + h_c + nadh_c	0.0	0.0	0.0	0.0
E1R01653	E1_candidate	E1R01653	iML1515:DHPTDCs2	dhptd_c --> E1M_39a4db99b91bec_c	0.0	0.0	0.0	0.0
E1R01654	E1_candidate	E1R01654	iML1515:PAI2I	E1M_993fe26c225f98_c <-- E1M_ce2a16c521c6f2_c	9.170496319310529e-16	0.0	-499.9235053592749	0.0
E1R01655	E1_candidate	E1R01655	iML1515:DHPTDNRN	E1M_659d52e4090177_c + 3.0 h_c + nadh_c --> E1M_1711687c0b3763_c + nad_c	0.0	0.0	0.0	0.0
E1R01656	E1_candidate	E1R01656	iML1515:DHPTDNR	E1M_659d52e4090177_c + 3.0 h_c + nadph_c --> E1M_1711687c0b3763_c + nadp_c	0.0	0.0	0.0	0.0
E1R01657	E1_candidate	E1R01657	iCN1361:R_113119_RXN;iJN1463:PYRDOX	E1M_da96761be94b96_c + o2_c --> E1M_edceb06a2a9440_c + h_c	0.0	0.0	0.0	815.3926155076218
E1R01658	E1_candidate	E1R01658	iML1515:NTP11	E1M_bb8f3d41ac1040_c + h_c + pi_c <-- E1M_94c5f1d32476ec_c + h2o_c	0.0	0.0	-1000.0	0.0
E1R01659	E1_candidate	E1R01659	iJN1463:NTD12;iML1515:NTD12	E1M_1cfce2fdb4515e_c + h2o_c --> din_c + pi_c	0.0	0.0	0.0	1499.9264255954934
E1R01660	E1_candidate	E1R01660	iJN1463:NTPP10;iML1515:NTPP10	E1M_1cfce2fdb4515e_c + h_c + ppi_c <-- E1M_94c5f1d32476ec_c + h2o_c	0.0	0.0	-1499.9264256024492	4.846186723517635e-13
E1R01661	E1_candidate	E1R01661	iML1515:KDUI	E1M_265df45400c63d_c <-- E1M_3edfeb2afd1505_c	0.0	0.0	0.0	0.0
E1R01662	E1_candidate	E1R01662	iJN1463:BLUB	E1M_33237e00b12ece_c + E1M_3ef9bbcd989afd_c + E1M_ea60629071ff4d_c + e4p_c <-- E1M_07cbe2f41a7174_c + h2o_c + o2_c	0.0	0.0	0.0	0.0
E1R01663	E1_candidate	E1R01663	iJN1463:GBDM	E1M_51462debf5f83e_c + E1M_bbbefe822f9f76_c + h2o2_c <-- E1M_8d49cacb5641c5_c + h2o_c + o2_c	0.0	0.0	-1000.0	0.0
E1R01664	E1_candidate	E1R01664	iJN1463:DMGDH2	E1M_51462debf5f83e_c + h2o_c + nad_c <=> E1M_9af053cca0cd87_c + E1M_bbbefe822f9f76_c + h_c + nadh_c	0.0	0.0	0.0	0.0
E1R01665	E1_candidate	E1R01665	iCN1361:R_2115_RXN	E1M_51462debf5f83e_c + met_DASH_L_c <=> E1M_8d49cacb5641c5_c + hcys_DASH_L_c	-4.92080110073372e-18	0.0	1.015776128295261e-28	1000.0
E1R01666	E1_candidate	E1R01666	iCN1361:R_RXN0_884_NAD;iJN1463:DMPPS;iML1515:DMPPS	dmpp_c + h2o_c + nad_c <-- h2mb4p_c + h_c + nadh_c	0.0	0.0	-4.433589547845779e-05	0.0
E1R01667	E1_candidate	E1R01667	iML1515:DMSOR1	E1M_03a3cdfc19416d_c + E1M_dc445dacd19268_c + h2o_c <-- E1M_7c276a707cb8bf_c + E1M_fa134b919d8f2a_c	0.0	0.0	0.0	0.0
E1R01668	E1_candidate	E1R01668	iJN1463:FDMO7	2.0 E1M_07cbe2f41a7174_c + E1M_f1885ee96fb9b6_c + 2.0 o2_c --> E1M_4dbb0061d6056a_c + E1M_bbbefe822f9f76_c + 2.0 fmn_c + 2.0 h2o_c + h_c	0.0	0.0	0.0	0.0
E1R01669	E1_candidate	E1R01669	iJN1463:DSBDR;iML1515:DSBDR	E1M_24036203212319_c + trdrd_c --> E1M_49a27bd25d9a8d_c + trdox_c	0.0	0.0	0.0	0.0
E1R01670	E1_candidate	E1R01670	iML1515:AADDGT	E1M_322d52b74498b0_c + E1M_511972e38e9d41_c --> E1M_f5f703034bec57_c + dtdp_c + h_c	0.0	0.0	0.0	0.0
E1R01671	E1_candidate	E1R01671	iML1515:RHAT1	E1M_406814b8cf7d84_c + dtdp_c + h_c <-- E1M_4ef9cbddc3b5d8_c + dtdprmn_c	0.0	0.0	0.0	0.0
E1R01672	E1_candidate	E1R01672	iML1515:PYK6	dtdp_c + h_c + pep_c --> dttp_c + pyr_c	0.0	0.5720953054126464	0.0	1000.0
E1R01673	E1_candidate	E1R01673	iCN1361:R_DTDPGLUCOSEPP_RXN;iJN1463:G1PTT;iML1515:G1PTT	dtdpglu_c + ppi_c <=> dttp_c + g1p_c + h_c	-0.0049011320217719105	0.0	-0.06650494648215241	999.997150380116
E1R01674	E1_candidate	E1R01674	iJN1463:2HESR;iML1515:2HESR	E1M_14f9ab08fb18dc_c + 2.0 gthrd_c --> E1M_3c035cbac65e4f_c + 2.0 E1M_c2530c87181691_c	0.0	0.0	0.0	0.0
E1R01675	E1_candidate	E1R01675	iJN1463:NTPP7;iML1515:NTPP7	dtmp_c + h_c + ppi_c <-- dttp_c + h2o_c	0.0	0.0	-999.9987982852913	0.0
E1R01676	E1_candidate	E1R01676	iJN1463:NTD5;iML1515:NTD5	dtmp_c + h2o_c --> pi_c + thymd_c	0.0	0.0	0.0	1999.9765824986057
E1R01677	E1_candidate	E1R01677	iJN1463:NDP8	dudp_c + h2o_c --> dump_c + h_c + pi_c	0.0	0.0	0.0	1000.0
E1R01678	E1_candidate	E1R01678	iML1515:RNDR4b	E1M_95f8c2b2ca0efa_c + dudp_c + h2o_c <-- E1M_fdbdb60be9bba6_c + udp_c	0.0	0.0	-499.9275973146514	0.0
E1R01679	E1_candidate	E1R01679	iCN1361:R_UDPREDUCT_RXN;iJN1463:RNDR4;iML1515:RNDR4	dudp_c + h2o_c + trdox_c <-- trdrd_c + udp_c	0.0	-0.0012017147087828365	-499.9275973137111	0.0
E1R01680	E1_candidate	E1R01680	iJN1463:NTD1;iML1515:NTD1	dump_c + h2o_c --> duri_c + pi_c	0.0	0.0	0.0	1999.9999999999995
E1R01681	E1_candidate	E1R01681	iML1515:RNTR4c2	2.0 E1M_04a80e309b35fc_c + dutp_c + h2o_c <-- 2.0 E1M_91b94cf82609d2_c + 2.0 h_c + utp_c	0.0	0.0	-499.9275973137189	0.0
E1R01682	E1_candidate	E1R01682	iCN1361:R_PDXJ_RXN	E1M_3ce5f5c34579ac_c + dxyl5p_c <=> 2.0 h2o_c + h_c + pdx5p_c + pi_c	0.0	0.0	0.0	1000.0
E1R01683	E1_candidate	E1R01683	iML1515:E4PP	e4p_c + h2o_c --> E1M_2774276fc5d506_c + pi_c	0.0	0.0	0.0	0.0
E1R01684	E1_candidate	E1R01684	iCN1361:R_TRANSALDOL_RXN;iJN1463:TALA;iML1515:TALA	E1M_98f885b3c3cb12_c + e4p_c <=> g3p_c + s7p_c	0.11014219409277184	0.0	-1999.9359610418715	2499.9875443176556
E1R01685	E1_candidate	E1R01685	iCN1361:R_2TRANSKETO_RXN;iJN1463:TKT2;iML1515:TKT2	e4p_c + xu5p_DASH_D_c <=> E1M_98f885b3c3cb12_c + g3p_c	-0.15314264132107006	0.0	-1999.936051029862	999.9109596903746
E1R01686	E1_candidate	E1R01686	iJN1463:EGMEACPR;iML1515:EGMEACPR	E1M_5f9a692f044f2f_c + h_c + nadph_c --> E1M_09a837eaefe593_c + nadp_c	0.0	0.0	0.0	0.0
E1R01687	E1_candidate	E1R01687	iJN1463:OGMEACPD;iML1515:OGMEACPD	E1M_5f9a692f044f2f_c + h2o_c <-- E1M_f9f70801b1dd45_c	0.0	0.0	0.0	0.0
E1R01688	E1_candidate	E1R01688	iJN1463:FEENTERR1;iML1515:FEENTERR1	2.0 E1M_362c2476b34b5a_c + fad_c + 2.0 fe2_c + 2.0 h_c <-- 2.0 E1M_fae6837533d0de_c + fadh2_c	0.0	0.0	0.0	0.0
E1R01689	E1_candidate	E1R01689	iJN1463:FEENTERR2;iML1515:FEENTERR2	2.0 E1M_362c2476b34b5a_c + 2.0 fe2_c + fmn_c + 2.0 h_c <-- E1M_07cbe2f41a7174_c + 2.0 E1M_fae6837533d0de_c	0.0	0.0	0.0	0.0
E1R01690	E1_candidate	E1R01690	iML1515:FEENTERR4	2.0 E1M_362c2476b34b5a_c + 2.0 fe2_c + h_c + nadp_c <-- 2.0 E1M_fae6837533d0de_c + nadph_c	0.0	0.0	0.0	0.0
E1R01691	E1_candidate	E1R01691	iML1515:FEENTERR3	2.0 E1M_362c2476b34b5a_c + 2.0 fe2_c + 2.0 h_c + ribflv_c <-- E1M_2c3834bc016ee1_c + 2.0 E1M_fae6837533d0de_c	0.0	0.0	0.0	0.0
E1R01692	E1_candidate	E1R01692	iCN1361:R_RXN3O_218	E1M_f787f5b8b803f7_c + h_c + nadph_c + o2_c --> E1M_52bd82cbe33d89_c + 2.0 h2o_c + nadp_c	0.0	0.0	0.0	0.0
E1R01693	E1_candidate	E1R01693	iJN1463:OPMEACPD;iML1515:OPMEACPD	E1M_3ee05bb6134efc_c + h2o_c <-- E1M_d43cf9d666c704_c	0.0	0.0	0.0	0.0
E1R01694	E1_candidate	E1R01694	iJN1463:EPMEACPR;iML1515:EPMEACPR	E1M_3ee05bb6134efc_c + h_c + nadph_c --> E1M_6087cbdf90dfb7_c + nadp_c	0.0	0.0	0.0	0.0
E1R01695	E1_candidate	E1R01695	iCN1361:R_RXN_14263	E1M_7f8660db62f377_c + h_c + so4_c <-- E1M_dcd771a2020221_c + h2o_c	0.0	0.0	0.0	0.0
E1R01696	E1_candidate	E1R01696	iJN1463:ETHP	E1M_254b7f58dd6570_c + pi_c <-- E1M_c39c741a9f9027_c + h2o_c	0.0	0.0	0.0	0.0
E1R01697	E1_candidate	E1R01697	iCN1361:R_RXN_14160;iJN1463:GPDDA2;iML1515:GPDDA2	E1M_254b7f58dd6570_c + glyc3p_c + h_c <-- E1M_7f2d366e2f60ab_c + h2o_c	0.0	0.0	0.0	0.0
E1R01698	E1_candidate	E1R01698	iCN1361:R_RXN0_7012_C12	E1M_254b7f58dd6570_c + E1M_6d11b5b26107d3_c <-- E1M_73ce9a299d106e_c + E1M_9a1670a10ddd64_c	0.0	0.0	0.0	0.0
E1R01699	E1_candidate	E1R01699	iCN1361:R_RXN0_7012_C14	E1M_254b7f58dd6570_c + E1M_6a134e7ec26214_c <-- E1M_8cb8a2551002c1_c + E1M_e2ede79f0447a6_c	0.0	0.0	0.0	0.0
E1R01700	E1_candidate	E1R01700	iCN1361:R_RXN0_7012_C15	E1M_07c11f24ba1294_c + E1M_254b7f58dd6570_c <-- E1M_4c9cf6d0fd03b8_c + E1M_52605498579b7e_c	0.0	0.0	0.0	0.0
E1R01701	E1_candidate	E1R01701	iCN1361:R_RXN0_7012_C16	E1M_0b41bc339f2d75_c + E1M_254b7f58dd6570_c <-- E1M_2adced53375c7e_c + E1M_fa5e2134505d15_c	0.0	0.0	0.0	0.0
E1R01702	E1_candidate	E1R01702	iCN1361:R_RXN0_7012_C161	E1M_254b7f58dd6570_c + E1M_3f8c51fb5eb4cc_c <-- E1M_1a6db13c8a690c_c + E1M_814c2ebc0ab188_c	0.0	0.0	0.0	0.0
E1R01703	E1_candidate	E1R01703	iCN1361:R_RXN0_7012_C17	E1M_254b7f58dd6570_c + E1M_a87c23627e15c0_c <-- E1M_2e5fd713bc63c5_c + E1M_e9a14b9dfb4ad3_c	0.0	0.0	0.0	0.0
E1R01704	E1_candidate	E1R01704	iCN1361:R_RXN0_7012_C171	E1M_254b7f58dd6570_c + E1M_6c1f9155bc0814_c <-- E1M_2436893144fb17_c + E1M_e9bd0717e92281_c	0.0	0.0	0.0	0.0
E1R01705	E1_candidate	E1R01705	iCN1361:R_RXN0_7012_C18	E1M_254b7f58dd6570_c + E1M_caf70ed69f703e_c <-- E1M_204a2ab3347b0f_c + E1M_c5525fa43928d0_c	0.0	0.0	0.0	0.0
E1R01706	E1_candidate	E1R01706	iCN1361:R_RXN0_7012_C181	E1M_254b7f58dd6570_c + E1M_d31507643139ef_c <-- E1M_39c5baa7d2cf6a_c + E1M_8d9361a9bcb2bd_c	0.0	0.0	0.0	0.0
E1R01707	E1_candidate	E1R01707	iCN1361:R_RXN_8748	E1M_2b67395c38c60c_c + pi_c <-- E1M_36d338c94d22d1_c + h2o_c	0.0	0.0	0.0	0.0
E1R01708	E1_candidate	E1R01708	iML1515:F1PP	E1M_33da03923c0058_c + h2o_c --> E1M_6acc2be3490abb_c + pi_c	0.0	0.0	0.0	0.0
E1R01709	E1_candidate	E1R01709	iCN1361:R_31346_RXN	E1M_c203444a28cd80_c + h2o_c --> E1M_98f885b3c3cb12_c + pi_c	0.0	0.0	0.0	0.0
E1R01710	E1_candidate	E1R01710	iCN1361:R_F16BDEPHOS_RXN;iJN1463:FBP;iML1515:FBP	E1M_98f885b3c3cb12_c + pi_c <-- fdp_c + h2o_c	0.0	0.0	-3000.0	0.0
E1R01711	E1_candidate	E1R01711	iML1515:F6PP	E1M_98f885b3c3cb12_c + h2o_c --> E1M_6acc2be3490abb_c + pi_c	0.0	0.0	0.0	1000.0
E1R01712	E1_candidate	E1R01712	iCN1361:R_PGLUCISOM_RXN;iJN1463:PGI;iML1515:PGI	E1M_98f885b3c3cb12_c <=> E1M_c3edf194a05839_c	-0.47494618696765284	0.0	-4000.4854031970003	4999.716399015219
E1R01713	E1_candidate	E1R01713	iCN1361:R_L_GLN_FRUCT_6_P_AMINOTRANS_RXN;iJN1463:GF6PTA;iML1515:GF6PTA	E1M_98f885b3c3cb12_c + gln_DASH_L_c <=> gam6p_c + glu_DASH_L_c	0.008972510990735066	0.0	-999.9947831958456	2000.0089725110283
E1R01714	E1_candidate	E1R01714	iCN1361:R_GLUCOSAMINE_6_P_DEAMIN_RXN;iML1515:G6PDA	E1M_98f885b3c3cb12_c + nh4_c <-- gam6p_c + h2o_c	0.0	0.0	-1000.0	0.0
E1R01715	E1_candidate	E1R01715	iML1515:M1PD	E1M_98f885b3c3cb12_c + h_c + nadh_c <=> E1M_bf37a7ba5ebb53_c + nad_c	0.0	0.0	0.0	0.0
E1R01716	E1_candidate	E1R01716	iML1515:SBTPD	E1M_98f885b3c3cb12_c + h_c + nadh_c <=> E1M_fef09b8d5f8241_c + nad_c	0.0	0.0	0.0	0.0
E1R01717	E1_candidate	E1R01717	iCN1361:R_MANNPISOM_RXN;iJN1463:MAN6PI;iML1515:MAN6PI	E1M_98f885b3c3cb12_c <=> man6p_c	5.159086338707276e-05	0.0	-1999.999970004001	3000.0000000000014
E1R01718	E1_candidate	E1R01718	iML1515:FE3Ri	fad_c + 2.0 fe2_c + 2.0 h_c <-- fadh2_c + 2.0 fe3_c	0.0	0.0	-1000.0	0.0
E1R01719	E1_candidate	E1R01719	iML1515:FE3HOXR1	2.0 E1M_75a1590a3e601b_c + fad_c + 2.0 fe2_c + 2.0 h_c <-- 2.0 E1M_c440045523919b_c + fadh2_c	0.0	0.0	0.0	0.0
E1R01720	E1_candidate	E1R01720	iJN1463:MCBTFR1	2.0 E1M_a3a8ef9465224b_c + fad_c + 2.0 fe2_c + 2.0 h_c <-- 2.0 E1M_a781fa1cd92911_c + fadh2_c	0.0	0.0	0.0	0.0
E1R01721	E1_candidate	E1R01721	iJN1463:FECRMR1;iML1515:FECRMR1	2.0 E1M_e6fe6afc9d8096_c + fad_c + 2.0 fe2_c + 2.0 h_c <-- 2.0 E1M_b43a16e0b6a7e7_c + fadh2_c	0.0	0.0	0.0	0.0
E1R01722	E1_candidate	E1R01722	iJN1463:FEOXAMR1;iML1515:FEOXAMR1	2.0 E1M_fde6098207afdd_c + fad_c + 2.0 fe2_c + 2.0 h_c <-- 2.0 E1M_77db78b0bc004d_c + fadh2_c	0.0	0.0	0.0	0.0
E1R01723	E1_candidate	E1R01723	iML1515:I2FE2SS	2.0 E1M_cd3330afbb89ce_c + E1M_fe1cfb8e8972de_c + fad_c + 6.0 h_c <-- 2.0 E1M_031b9b5d9b7806_c + E1M_87e936fb87ed98_c + fadh2_c + 2.0 fe2_c	0.0	0.0	0.0	0.0
E1R01724	E1_candidate	E1R01724	iML1515:I2FE2SS2	E1M_5afa17d7057f1d_c + 2.0 E1M_cd3330afbb89ce_c + fad_c + 6.0 h_c <-- 2.0 E1M_031b9b5d9b7806_c + E1M_fe1cfb8e8972de_c + fadh2_c + 2.0 fe2_c	0.0	0.0	0.0	0.0
E1R01725	E1_candidate	E1R01725	iJN1463:DAAD8	E1M_b3423c083795ee_c + fad_c + h2o_c --> E1M_f61061f62cb2a9_c + fadh2_c + nh4_c	0.0	0.0	0.0	999.9999999999999
E1R01726	E1_candidate	E1R01726	iJN1463:PHET	E1M_1860e44357eedd_c + fad_c + h2o_c --> fadh2_c + nh4_c + phpyr_c	0.0	0.0	0.0	999.9999999999994
E1R01727	E1_candidate	E1R01727	iML1515:FADRx	fad_c + h_c + nadh_c --> fadh2_c + nad_c	0.03739746450252992	0.0	0.0	1000.0
E1R01728	E1_candidate	E1R01728	iML1515:FADRx2	fad_c + h_c + nadph_c --> fadh2_c + nadp_c	0.0	0.0	0.0	1000.0
E1R01729	E1_candidate	E1R01729	iML1515:I4FE4SR	E1M_3c66b66afe0c3b_c + fad_c <-- E1M_5afa17d7057f1d_c + fadh2_c + 2.0 h_c	0.0	0.0	0.0	0.0
E1R01730	E1_candidate	E1R01730	iML1515:S4FE4SR	E1M_129b6a4e832e6c_c + fad_c <-- E1M_cdd1616dbb718d_c + fadh2_c + 2.0 h_c	0.0	0.0	0.0	0.0
E1R01731	E1_candidate	E1R01731	iJN1463:ACOAD23f	E1M_94ba12b50b9606_c + fad_c <=> E1M_f19dc1e8a6920f_c + fadh2_c	0.0	0.0	0.0	1999.9999999999998
E1R01732	E1_candidate	E1R01732	iJN1463:ACOAD32f	E1M_d5ea3ea0b0694a_c + fad_c <=> E1M_d3d4621db88faf_c + fadh2_c	0.0	0.0	0.0	0.0
E1R01733	E1_candidate	E1R01733	iJN1463:ACOAD7f;iML1515:ACOAD7f	E1M_7a0e9d86405af9_c + fad_c <=> E1M_9ab8a3cdff27b5_c + fadh2_c	0.0	2.8765521849176084e-19	-1499.998593937552	1000.0000000000005
E1R01734	E1_candidate	E1R01734	iJN1463:ACOAD30f	E1M_c74de5d9798f84_c + fad_c <=> E1M_287fba303276f1_c + fadh2_c	0.0	0.0	0.0	0.0
E1R01735	E1_candidate	E1R01735	iJN1463:ACOAD27f	E1M_ef6ff093d0d7a5_c + fad_c <=> E1M_704eccaa095f94_c + fadh2_c	0.0	0.0	-3.956014021543919e-13	1333.3323959583697
E1R01736	E1_candidate	E1R01736	iJN1463:ACOAD10f	E1M_a670acea319491_c + fad_c <=> E1M_3a00b97becf9f5_c + fadh2_c	0.0	0.0	0.0	0.0
E1R01737	E1_candidate	E1R01737	iCN1361:R_RXN_14278;iJN1463:ACOAD2f;iML1515:ACOAD2f	E1M_9e0d2f4b23b8a8_c + fad_c <=> E1M_3fa8b9e1632eee_c + fadh2_c	-0.025553599521409495	-0.014857393240411815	-999.9999999999999	999.9851426068587
E1R01738	E1_candidate	E1R01738	iJN1463:ACOAD31f	E1M_95a42ee849d1a8_c + fad_c <=> E1M_83fec257f6413f_c + fadh2_c	0.0	0.0	0.0	0.0
E1R01739	E1_candidate	E1R01739	iJN1463:DMALRED	fad_c + mal_DASH_L_c --> fadh2_c + oaa_c	0.0	0.0	0.0	1000.0
E1R01740	E1_candidate	E1R01740	iJN1463:ACOAD11f	E1M_007683919b7551_c + fad_c <=> E1M_5ffa32640bc689_c + fadh2_c	0.0	0.0	0.0	0.0
E1R01741	E1_candidate	E1R01741	iCN1361:R_RXN_14229;iJN1463:ACOAD3f;iML1515:ACOAD3f	E1M_515fe529769406_c + fad_c <=> E1M_7a17051e9be883_c + fadh2_c	-0.025553599521409488	-0.014857393240411812	-1999.9999999999998	999.986520547963
E1R01742	E1_candidate	E1R01742	iJN1463:ACOAD8f;iML1515:ACOAD8f	E1M_568f3a6fbb47fc_c + fad_c <=> E1M_680b43efd3532f_c + fadh2_c	0.0	4.425464899873245e-20	-0.040921281393942195	1000.0000000000005
E1R01743	E1_candidate	E1R01743	iJN1463:ACOAD26f	E1M_b3383d572a4f80_c + fad_c <=> E1M_80ebebddc82baa_c + fadh2_c	0.0	0.0	0.0	1333.3323959583608
E1R01744	E1_candidate	E1R01744	iJN1463:ACOAD18f	E1M_666efcc1e2cc26_c + fad_c <=> E1M_fec87327919138_c + fadh2_c	0.0	0.0	0.0	0.0
E1R01745	E1_candidate	E1R01745	iJN1463:ACOAD12f	E1M_b10c1d65685688_c + fad_c <=> E1M_4a7ed42d33a05e_c + fadh2_c	0.0	0.0	0.0	0.0
E1R01746	E1_candidate	E1R01746	iJN1463:ACOAD15f	E1M_110eec2240bf0d_c + fad_c <=> E1M_26d4352516e062_c + fadh2_c	0.0	0.0	0.0	0.0
E1R01747	E1_candidate	E1R01747	iJN1463:ACOAD16f	E1M_93dffa1d21762c_c + fad_c <=> E1M_7c5dbf20f2623e_c + fadh2_c	0.0	0.0	0.0	0.0
E1R01748	E1_candidate	E1R01748	iJN1463:ACOAD13f	E1M_5a5dd33adf5495_c + fad_c <=> E1M_83c182043dc8bc_c + fadh2_c	0.0	0.0	0.0	0.0
E1R01749	E1_candidate	E1R01749	iJN1463:ACOAD14f	E1M_8097d135f9d632_c + fad_c <=> E1M_751263c42eb21a_c + fadh2_c	0.0	0.0	0.0	0.0
E1R01750	E1_candidate	E1R01750	iJN1463:ACOAD17f	E1M_390e7512275aa8_c + fad_c <=> E1M_501d9403378012_c + fadh2_c	0.0	0.0	0.0	0.0
E1R01751	E1_candidate	E1R01751	iJN1463:VCOAD	E1M_653783bfb80f28_c + fad_c <=> E1M_3f06252004c5be_c + fadh2_c	0.0	0.0	0.0	0.0
E1R01752	E1_candidate	E1R01752	iJN1463:ACOAD29f	E1M_81787c55a43cf8_c + fad_c <=> E1M_9a4625eb7a2c6d_c + fadh2_c	0.0	0.0	0.0	0.0
E1R01753	E1_candidate	E1R01753	iJN1463:SUCD4	fad_c + q8h2_c <=> fadh2_c + q8_c	0.06689454064409188	0.0634434125739781	-4998.820749949542	7000.539656648438
E1R01754	E1_candidate	E1R01754	iCN1361:R_RXN66_550	E1M_4374377df80c78_c + fad_c <-- fadh2_c + q8_c	0.0	0.0	-1000.0000000000009	0.0
E1R01755	E1_candidate	E1R01755	iJN1463:ACOAD6f;iML1515:ACOAD6f	E1M_9bfcf33c7748c8_c + fad_c <=> E1M_29b3cc0a2c827f_c + fadh2_c	0.0	2.8765521849176093e-19	-2000.0000000000002	1999.9994375750198
E1R01756	E1_candidate	E1R01756	iJN1463:ACOAD33f	E1M_ea06af8961b2d6_c + fad_c <=> E1M_cc94ce4ec93a2d_c + fadh2_c	0.0	0.0	0.0	0.0
E1R01757	E1_candidate	E1R01757	iJN1463:ACOAD24f	E1M_d5d1a23941aff3_c + fad_c <=> E1M_d4323b4a7a27ed_c + fadh2_c	0.0	0.0	-500.0000000000008	8878.785233522049
E1R01758	E1_candidate	E1R01758	iJN1463:ACOAD28f	E1M_5c1f107c392ca0_c + fad_c <=> E1M_75b8ce8302a3a2_c + fadh2_c	0.0	0.0	0.0	1333.3323959583663
E1R01759	E1_candidate	E1R01759	iJN1463:ACOAD22f	E1M_099ff4b24efb91_c + fad_c <=> E1M_c673c67982d955_c + fadh2_c	0.0	0.0	0.0	0.0
E1R01760	E1_candidate	E1R01760	iCN1361:R_ACYL_COA_DEHYDROGENASE_RXN	E1M_025feb8099b422_c + fad_c --> E1M_25d2853aea9e2a_c + fadh2_c	0.0	0.0	0.0	0.0
E1R01761	E1_candidate	E1R01761	iJN1463:FDMO2;iML1515:FDMO2	E1M_bbbefe822f9f76_c + fmn_c + h2o_c + h_c + so3_c <-- E1M_07cbe2f41a7174_c + E1M_4dbb0061d6056a_c + o2_c	0.0	0.0	-999.9589101682841	0.0
E1R01762	E1_candidate	E1R01762	iJN1463:ALDD1	E1M_bbbefe822f9f76_c + h2o_c + nad_c --> for_c + 2.0 h_c + nadh_c	0.0	0.0	0.0	2538.4815387694293
E1R01763	E1_candidate	E1R01763	iJN1463:SARCOX;iML1515:SARCOX	E1M_bbbefe822f9f76_c + gly_c + h2o2_c <-- E1M_9af053cca0cd87_c + h2o_c + o2_c	0.0	0.0	0.0	0.0
E1R01764	E1_candidate	E1R01764	iJN1463:FALGTHLs;iML1515:FALGTHLs	E1M_bbbefe822f9f76_c + gthrd_c <=> E1M_9fe36aba382c20_c	0.0	0.0	0.0	2538.481538769425
E1R01765	E1_candidate	E1R01765	iML1515:MTRPOX	E1M_bbbefe822f9f76_c + h2o2_c + trp_DASH_L_c <-- E1M_710c1c1ffc629f_c + h2o_c + o2_c	0.0	0.0	0.0	0.0
E1R01766	E1_candidate	E1R01766	iCN1361:R_RXN_14189	E1M_bbbefe822f9f76_c + 2.0 h2o_c <-- E1M_2cc3cbd65840cd_c + h2o2_c	0.0	0.0	-1000.0	0.0
E1R01767	E1_candidate	E1R01767	iJN1463:FALDM	2.0 E1M_bbbefe822f9f76_c + h2o_c <=> E1M_2cc3cbd65840cd_c + for_c + h_c	0.0	0.0	-8.760357783002821e-13	1000.0000000000001
E1R01768	E1_candidate	E1R01768	iML1515:FCI	E1M_ed89ba6210da74_c <=> E1M_7936f44b90b909_c	0.0	0.0	0.0	0.0
E1R01769	E1_candidate	E1R01769	iCN1361:R_RXN_12365	2.0 E1M_f71f64bb1684b1_c + nadh_c <-- 2.0 E1M_f9eec68dbd52b9_c + h_c + nad_c	0.0	0.0	-1000.0	0.0
E1R01770	E1_candidate	E1R01770	iCN1361:R_11812_RXN	2.0 E1M_f71f64bb1684b1_c + nadph_c <=> 2.0 E1M_f9eec68dbd52b9_c + h_c + nadp_c	4.43358982233003e-05	0.0	1.988171558743238e-13	1000.0
E1R01771	E1_candidate	E1R01771	iJN1463:I2FE2SSfdx	2.0 E1M_aa062e46f53f3c_c + 2.0 E1M_cd3330afbb89ce_c + E1M_fe1cfb8e8972de_c + 4.0 h_c <-- 2.0 E1M_031b9b5d9b7806_c + E1M_87e936fb87ed98_c + 2.0 E1M_97784375de4e6a_c + 2.0 fe2_c	0.0	0.0	-1.397494777384781e-13	0.0
E1R01772	E1_candidate	E1R01772	iJN1463:I2FE2SS2fdx	E1M_5afa17d7057f1d_c + 2.0 E1M_aa062e46f53f3c_c + 2.0 E1M_cd3330afbb89ce_c + 4.0 h_c <-- 2.0 E1M_031b9b5d9b7806_c + 2.0 E1M_97784375de4e6a_c + E1M_fe1cfb8e8972de_c + 2.0 fe2_c	0.0	0.0	-1.397494777384781e-13	0.0
E1R01773	E1_candidate	E1R01773	iJN1463:FRDO7r	2.0 E1M_aa062e46f53f3c_c + nadh_c <=> 2.0 E1M_97784375de4e6a_c + h_c + nad_c	0.0	0.0	-999999.0	999999.0
E1R01774	E1_candidate	E1R01774	iJN1463:FRDO4r	2.0 E1M_aa062e46f53f3c_c + nadph_c <=> 2.0 E1M_97784375de4e6a_c + h_c + nadp_c	0.0	0.0	-999999.0	999999.0
E1R01775	E1_candidate	E1R01775	iJN1463:I4FE4SRfdx	E1M_3c66b66afe0c3b_c + 2.0 E1M_aa062e46f53f3c_c <-- E1M_5afa17d7057f1d_c + 2.0 E1M_97784375de4e6a_c + 4.0 h_c	0.0	0.0	0.0	0.0
E1R01776	E1_candidate	E1R01776	iJN1463:FRDO6r	E1M_6775b7861d65fe_c + nadh_c <=> E1M_bbc237599bc500_c + h_c + nad_c	0.0	0.0	-999998.9999999992	999999.0
E1R01777	E1_candidate	E1R01777	iJN1463:FRDO5r	E1M_6775b7861d65fe_c + nadph_c <=> E1M_bbc237599bc500_c + h_c + nadp_c	0.0	0.0	-999999.0	999999.0
E1R01778	E1_candidate	E1R01778	iCN1361:R_RXN_12541	2.0 fe2_c + 2.0 o2_c --> 2.0 E1M_c0f8bbce38a58b_c + 2.0 fe3_c	0.0	0.0	0.0	1000.0
E1R01779	E1_candidate	E1R01779	iCN1361:R_FESO3OXI_RXN	2.0 fe2_c + 2.0 h_c + so4_c <=> 2.0 fe3_c + h2o_c + so3_c	0.004500765425695149	0.002616838451912702	-1000.0	1000.0
E1R01780	E1_candidate	E1R01780	iML1515:FE3HOXR2	2.0 E1M_75a1590a3e601b_c + 2.0 fe2_c + fmn_c + 2.0 h_c <-- E1M_07cbe2f41a7174_c + 2.0 E1M_c440045523919b_c	0.0	0.0	0.0	0.0
E1R01781	E1_candidate	E1R01781	iML1515:FE3HOXR3	2.0 E1M_75a1590a3e601b_c + 2.0 fe2_c + 2.0 h_c + ribflv_c <-- E1M_2c3834bc016ee1_c + 2.0 E1M_c440045523919b_c	0.0	0.0	0.0	0.0
E1R01782	E1_candidate	E1R01782	iJN1463:MCBTFR2	2.0 E1M_a3a8ef9465224b_c + 2.0 fe2_c + fmn_c + 2.0 h_c <-- E1M_07cbe2f41a7174_c + 2.0 E1M_a781fa1cd92911_c	0.0	0.0	0.0	0.0
E1R01783	E1_candidate	E1R01783	iJN1463:FECRMR2;iML1515:FECRMR2	2.0 E1M_e6fe6afc9d8096_c + 2.0 fe2_c + fmn_c + 2.0 h_c <-- E1M_07cbe2f41a7174_c + 2.0 E1M_b43a16e0b6a7e7_c	0.0	0.0	0.0	0.0
E1R01784	E1_candidate	E1R01784	iML1515:FECRMR3	2.0 E1M_e6fe6afc9d8096_c + 2.0 fe2_c + 2.0 h_c + ribflv_c <-- E1M_2c3834bc016ee1_c + 2.0 E1M_b43a16e0b6a7e7_c	0.0	0.0	0.0	0.0
E1R01785	E1_candidate	E1R01785	iJN1463:FEOXAMR2;iML1515:FEOXAMR2	2.0 E1M_fde6098207afdd_c + 2.0 fe2_c + fmn_c + 2.0 h_c <-- E1M_07cbe2f41a7174_c + 2.0 E1M_77db78b0bc004d_c	0.0	0.0	0.0	0.0
E1R01786	E1_candidate	E1R01786	iML1515:FEOXAMR3	2.0 E1M_fde6098207afdd_c + 2.0 fe2_c + 2.0 h_c + ribflv_c <-- E1M_2c3834bc016ee1_c + 2.0 E1M_77db78b0bc004d_c	0.0	0.0	0.0	0.0
E1R01787	E1_candidate	E1R01787	iCN1361:R_RXN0_6941	2.0 E1M_4d110b795b31f2_c + 2.0 fe2_c + nadp_c <-- 2.0 E1M_9710118869db49_c + 11.0 h_c + nadph_c	0.0	0.0	0.0	0.0
E1R01788	E1_candidate	E1R01788	iML1515:FEENTERES	E1M_b8e330e8d490d0_c <-- E1M_fae6837533d0de_c + h2o_c	0.0	0.0	0.0	0.0
E1R01789	E1_candidate	E1R01789	iCN1361:R_SULFITE_DEHYDROGENASE_RXN	2.0 E1M_ce99e43bdb91ca_c + h2o_c + so3_c --> 2.0 E1M_1ca7ce075aebd5_c + 2.0 h_c + so4_c	0.0	0.0	0.0	0.0
E1R01790	E1_candidate	E1R01790	iCN1361:R_D_LACTATE_DEHYDROGENASE_CYTOCHROME_RXN	E1M_9df77ebc3d2239_c + 2.0 E1M_ce99e43bdb91ca_c --> 2.0 E1M_1ca7ce075aebd5_c + 2.0 h_c + pyr_c	0.0	0.0	0.0	0.0
E1R01791	E1_candidate	E1R01791	iCN1361:R_L_LACTATE_DEHYDROGENASE_CYTOCHROME_RXN	E1M_7b63d86a8f31f8_c + 2.0 E1M_ce99e43bdb91ca_c --> 2.0 E1M_1ca7ce075aebd5_c + 2.0 h_c + pyr_c	0.0	0.0	0.0	0.0
E1R01792	E1_candidate	E1R01792	iCN1361:R_FLAVONADPREDUCT_RXN	E1M_81c20dc773e5ea_c + nadp_c <-- E1M_a73311a4379a08_c + h_c + nadph_c	0.0	0.0	0.0	0.0
E1R01793	E1_candidate	E1R01793	iJN1463:FLDR2;iML1515:FLDR2	2.0 E1M_91b94cf82609d2_c + h_c + nadp_c <-- 2.0 E1M_04a80e309b35fc_c + nadph_c	0.0	0.0	-3999.9319607954462	0.0
E1R01794	E1_candidate	E1R01794	iCN1361:R_RXN_13418;iJN1463:FDMO;iML1515:FDMO	fmn_c + gcald_c + h2o_c + h_c + so3_c <-- E1M_07cbe2f41a7174_c + E1M_37dd51f6bddc28_c + o2_c	0.0	0.0	0.0	0.0
E1R01795	E1_candidate	E1R01795	iJN1463:FDMO6;iML1515:FDMO6	fmn_c + glx_c + h2o_c + h_c + so3_c <-- E1M_07cbe2f41a7174_c + E1M_690d07457d0e5e_c + o2_c	0.0	0.0	0.0	0.0
E1R01796	E1_candidate	E1R01796	iCN1361:R_RXN_9508	E1M_10d342d76f85e6_c + fmn_c + glx_c + h2o_c <-- E1M_07cbe2f41a7174_c + E1M_4dc19b54286ca9_c + h_c + o2_c	0.0	0.0	0.0	0.0
E1R01797	E1_candidate	E1R01797	iJN1463:FDMO5	E1M_39d89154950996_c + fmn_c + h2o_c + h_c + so3_c <-- E1M_07cbe2f41a7174_c + E1M_e830a5ebdc4ee9_c + o2_c	0.0	0.0	0.0	0.0
E1R01798	E1_candidate	E1R01798	iCN1361:R_RXN_15341	E1M_433287fa2d788c_c + fmn_c + h2o_c + h_c + so3_c <=> E1M_07cbe2f41a7174_c + E1M_cefd4e0f4ee541_c + o2_c	0.0	0.0	0.0	0.0
E1R01799	E1_candidate	E1R01799	iCN1361:R_RXN_9510;iJN1463:FMNRx;iML1515:FMNRx	fmn_c + h_c + nadh_c --> E1M_07cbe2f41a7174_c + nad_c	0.0	0.0	0.0	999999.0
E1R01800	E1_candidate	E1R01800	iCN1361:R_RXN_12444;iJN1463:FMNRx2_copy1;iJN1463:FMNRx2_copy2;iML1515:FMNRx2	fmn_c + h_c + nadph_c <=> E1M_07cbe2f41a7174_c + nadp_c	0.0	0.0	-999999.0	3499.9615293504903
E1R01801	E1_candidate	E1R01801	iML1515:ACP1_FMN	fmn_c + h2o_c --> pi_c + ribflv_c	0.0	0.0	0.0	1000.0
E1R01802	E1_candidate	E1R01802	iCN1361:R_RXN0_1382;iML1515:FORCT	E1M_aa24e48d6234e5_c + for_c <=> E1M_9cfc0a76997165_c + E1M_cf0fef71989520_c	0.0	0.0	-1000.0	-2.2737367544323206e-13
E1R01803	E1_candidate	E1R01803	iCN1361:R_FORMAMIDASE_RXN	for_c + nh4_c <-- E1M_820165e3304605_c + h2o_c	0.0	0.0	0.0	0.0
E1R01804	E1_candidate	E1R01804	iCN1361:R_N_FORMYLGLUTAMATE_DEFORMYLASE_RXN;iJN1463:NFORGLUAH2	for_c + glu_DASH_L_c <=> E1M_0ed59644de3d59_c + h2o_c	0.0	0.0	-499.9235053601534	1.8023897964686815e-13
E1R01805	E1_candidate	E1R01805	iJN1463:SFGTHi;iML1515:SFGTHi	for_c + gthrd_c + h_c <-- E1M_35a2fdba0c5250_c + h2o_c	0.0	0.0	-2538.4815387694252	0.0
E1R01806	E1_candidate	E1R01806	iCN1361:R_RXN_10063	E1M_3447b6ef06e1bd_c + for_c + h_c + ppi_c <-- gtp_c + h2o_c	0.0	0.0	0.0	0.0
E1R01807	E1_candidate	E1R01807	iCN1361:R_ARYLFORMAMIDASE_RXN	E1M_63798f3cfdb321_c + for_c + h_c <=> E1M_22c0fd427b8226_c + h2o_c	0.0	0.0	-499.9235053591172	0.0
E1R01808	E1_candidate	E1R01808	iCN1361:R_RXN_11318;iJN1463:NFMLDF	E1M_57d9c68e6246fd_c + for_c + h_c <=> E1M_edceb06a2a9440_c + h2o_c	0.0	0.0	-815.3926155077745	0.0
E1R01809	E1_candidate	E1R01809	iML1515:UPLA4FNF	E1M_c9face2e795234_c + for_c <-- E1M_39d3ec11617c76_c + h2o_c	0.0	0.0	0.0	0.0
E1R01810	E1_candidate	E1R01810	iJN1463:FORGLUIH2	E1M_399eff22c88f9d_c + h2o_c + h_c --> E1M_0ed59644de3d59_c + nh4_c	-8.757423998550702e-18	0.0	0.0	1499.923505358457
E1R01811	E1_candidate	E1R01811	iCN1361:R_FORMIMINOGLUTAMATE_DEIMINASE_RXN	E1M_399eff22c88f9d_c + h2o_c <=> E1M_0ed59644de3d59_c + nh4_c	0.0	0.0	-1000.0	499.92350535827626
E1R01812	E1_candidate	E1R01812	iCN1361:R_TRANS_HEXAPRENYLTRANSTRANSFERASE_RXN	frdp_c + 4.0 ipdp_c <=> E1M_3ce0b228001350_c + 4.0 ppi_c	0.0	0.0	0.0	0.0
E1R01813	E1_candidate	E1R01813	iCN1361:R_RXN_13162_NAD	2.0 frdp_c + h_c + nadh_c --> E1M_208b8776f14cb0_c + nad_c + 2.0 ppi_c	0.0	0.0	0.0	0.0
E1R01814	E1_candidate	E1R01814	iCN1361:R_RXN_13162_NADP	2.0 frdp_c + h_c + nadph_c --> E1M_208b8776f14cb0_c + nadp_c + 2.0 ppi_c	0.0	0.0	0.0	0.0
E1R01815	E1_candidate	E1R01815	iCN1361:R_RXN_12263	2.0 frdp_c <=> E1M_e2b4a7be01327f_c + ppi_c	0.0	0.0	0.0	0.0
E1R01816	E1_candidate	E1R01816	iCN1361:R_32126_RXN	E1M_6acc2be3490abb_c + E1M_c3edf194a05839_c <-- E1M_fc627a57ed73dc_c + h2o_c	0.0	0.0	0.0	0.0
E1R01817	E1_candidate	E1R01817	iCN1361:R_RXN_1461	E1M_0d7ec9a9ae9537_c + E1M_6acc2be3490abb_c <-- E1M_9796bdeb45cf77_c + h2o_c	0.0	0.0	0.0	0.0
E1R01818	E1_candidate	E1R01818	iML1515:XYLI2	E1M_6acc2be3490abb_c <=> E1M_0d7ec9a9ae9537_c	0.4230855609228203	0.0	-1000.0	1000.0
E1R01819	E1_candidate	E1R01819	iML1515:FRULYSE	E1M_bc9176d14945c2_c <=> E1M_6f772854c9e4c9_c	0.0	0.0	0.0	0.0
E1R01820	E1_candidate	E1R01820	iML1515:GUI1	E1M_d8666dfc451d1f_c <=> E1M_f20177db7d08cc_c	0.0	0.0	-1000.0000000000001	0.0
E1R01821	E1_candidate	E1R01821	iML1515:MANAO	E1M_d8666dfc451d1f_c + h_c + nadh_c <=> E1M_400831290fb067_c + nad_c	0.0	0.0	0.0	999.9999999999997
E1R01822	E1_candidate	E1R01822	iML1515:HKNTDH	E1M_b3ce4091b2224c_c + fum_c + h_c <-- E1M_f62375293b7624_c + h2o_c	0.0	0.0	0.0	0.0
E1R01823	E1_candidate	E1R01823	iCN1361:R_RXN_10445	fum_c + h_c + pyr_c <=> E1M_597a6f4f053cbf_c + h2o_c	0.0	0.0	0.0	0.0
E1R01824	E1_candidate	E1R01824	iCN1361:R_MALEATE_ISOMERASE_RXN;iJN1463:MALEI	fum_c <=> E1M_bfb7782c9d42e2_c	0.0	0.0	-815.3926155077693	0.0
E1R01825	E1_candidate	E1R01825	iML1515:FRD2	E1M_7c276a707cb8bf_c + fum_c --> E1M_dc445dacd19268_c + succ_c	0.0	0.0	0.0	1000.0
E1R01826	E1_candidate	E1R01826	iJN1463:SUCDi;iML1515:SUCDi	fum_c + q8h2_c <-- q8_c + succ_c	0.0	0.0	-5999.978264461866	0.0
E1R01827	E1_candidate	E1R01827	iCN1361:R_SUCCINATE_DEHYDROGENASE_UBIQUINONE_RXN	E1M_4374377df80c78_c + fum_c <-- q8_c + succ_c	0.0	0.0	-999.9999999999999	0.0
E1R01828	E1_candidate	E1R01828	iCN1361:R_RXN_15378	E1M_87dd75d4430306_c + fum_c <=> E1M_580f2a60c28455_c + succ_c	0.0	0.0	0.0	0.0
E1R01829	E1_candidate	E1R01829	iCN1361:R_RXN_22	E1M_5d0b357162c619_c + fum_c <-- E1M_77de994894c99d_c	0.0	0.0	0.0	0.0
E1R01830	E1_candidate	E1R01830	iML1515:PPPGO3	3.0 fum_c + pppg9_c --> ppp9_c + 3.0 succ_c	5.374048269486744e-06	3.124583226164421e-06	0.0	5.374048257266778e-06
E1R01831	E1_candidate	E1R01831	iCN1361:R_GLUCONOLACT_RXN	E1M_25cc57cbace245_c + h2o_c --> E1M_37c10443a194aa_c + h_c	0.42308556092282024	0.0	0.0	1000.0
E1R01832	E1_candidate	E1R01832	iCN1361:R_GLUCOSE_1_DEHYDROGENASE_RXN	E1M_25cc57cbace245_c + h_c + nadh_c <=> E1M_0d7ec9a9ae9537_c + nad_c	0.0	0.0	-1000.0	1000.0
E1R01833	E1_candidate	E1R01833	iCN1361:R_GLUCOSE_1_DEHYDROGENASE_NADP_RXN	E1M_25cc57cbace245_c + h_c + nadph_c <=> E1M_0d7ec9a9ae9537_c + nadp_c	-0.42308556092282024	0.0	-1000.0	1000.0
E1R01834	E1_candidate	E1R01834	iCN1361:R_PHOSPHOGLUCMUT_RXN;iJN1463:PGMT;iML1515:PGMT	g1p_c <=> E1M_c3edf194a05839_c	0.47494618696765284	0.0	-8999.854594951239	4999.985433193066
E1R01835	E1_candidate	E1R01835	iML1515:UGLT	E1M_3544b21da7250e_c + g1p_c <=> E1M_2b25bb176d17e2_c + udpg_c	0.0	0.0	0.0	0.0
E1R01836	E1_candidate	E1R01836	iML1515:G1PP	g1p_c + h2o_c --> E1M_0d7ec9a9ae9537_c + pi_c	0.0	0.0	0.0	1000.0
E1R01837	E1_candidate	E1R01837	iML1515:GLCP	g1p_c <-- glycogen_c + pi_c	0.0	0.0	-1000.0	0.0
E1R01838	E1_candidate	E1R01838	iML1515:MLTP3	E1M_a79ac34bf23193_c + g1p_c <=> E1M_32f319d6f9bdd2_c + pi_c	0.0	0.0	-1000.0000000000003	1000.0000000000002
E1R01839	E1_candidate	E1R01839	iML1515:MLTP2	E1M_1b27dbe887b2fd_c + g1p_c <=> E1M_a79ac34bf23193_c + pi_c	0.0	0.0	-1000.0000000000002	1000.0
E1R01840	E1_candidate	E1R01840	iML1515:MLTP1	g1p_c + maltttr_c <=> E1M_1b27dbe887b2fd_c + pi_c	0.0	0.0	-1000.0000000000002	1000.0
E1R01841	E1_candidate	E1R01841	iJN1463:GLCP3	4.0 g1p_c <-- E1M_eb52738dcc7acd_c + 4.0 pi_c	0.0	0.0	-1749.9970707032264	0.0
E1R01842	E1_candidate	E1R01842	iML1515:GAPP	g3p_c + h2o_c --> E1M_ea67788a8278bc_c + pi_c	0.0	0.0	0.0	1000.0
E1R01843	E1_candidate	E1R01843	iCN1361:R_RXN_15035	E1M_7f2d366e2f60ab_c + E1M_e53aef644d0bd7_c + h_c <-- E1M_7b84110a6127ef_c + h2o_c	0.0	0.0	0.0	0.0
E1R01844	E1_candidate	E1R01844	iCN1361:R_RXN_14073;iJN1463:GPDDA4;iML1515:GPDDA4	E1M_8bd5edadff4162_c + h2o_c --> glyc3p_c + glyc_c + h_c	0.0	0.0	0.0	0.0
E1R01845	E1_candidate	E1R01845	iML1515:GPDDA5	E1M_b6a03c50c8a65b_c + h2o_c --> E1M_23d679fc916490_c + glyc3p_c + h_c	0.0	0.0	0.0	0.0
E1R01846	E1_candidate	E1R01846	iCN1361:R_31443_RXN	E1M_b6a03c50c8a65b_c + h2o_c --> E1M_3155bb6533e266_c + glyc_c + h_c	0.0	0.0	0.0	0.0
E1R01847	E1_candidate	E1R01847	iCN1361:R_RXN_14136;iML1515:GPDDA3	E1M_9e924f731cc2b6_c + h2o_c --> glyc3p_c + h_c + ser_DASH_L_c	0.0	0.0	0.0	0.0
E1R01848	E1_candidate	E1R01848	iML1515:TRE6PH	E1M_0d7ec9a9ae9537_c + E1M_c3edf194a05839_c <-- E1M_06931487dfa020_c + h2o_c	0.0	0.0	-1000.0	0.0
E1R01849	E1_candidate	E1R01849	iML1515:G6PP	E1M_c3edf194a05839_c + h2o_c --> E1M_0d7ec9a9ae9537_c + pi_c	0.0	0.0	0.0	1000.0
E1R01850	E1_candidate	E1R01850	iCN1361:R_TREHALOSE6PSYN_RXN;iML1515:TRE6PS	E1M_c3edf194a05839_c + udpg_c <=> E1M_06931487dfa020_c + h_c + udp_c	0.0	0.0	0.0	1000.0000000000001
E1R01851	E1_candidate	E1R01851	iJN1463:G6PI	E1M_c3edf194a05839_c <=> E1M_42d217a8556118_c	0.0	0.0	0.0	2999.9999999999964
E1R01852	E1_candidate	E1R01852	iJN1463:GADOX	E1M_ac80091089de3a_c + o2_c --> E1M_a8c3de4bf849ea_c + 2.0 h_c	0.0	0.0	0.0	0.0
E1R01853	E1_candidate	E1R01853	iML1515:GLCTR2	E1M_a5fa6cda1d5ff5_c + udpg_c --> E1M_758d3c2ca863eb_c + h_c + udp_c	0.0	0.0	0.0	0.0
E1R01854	E1_candidate	E1R01854	iML1515:GALT1	E1M_a5fa6cda1d5ff5_c + h_c + udp_c <-- E1M_2970c6ba237c95_c + udpg_c	0.0	0.0	0.0	0.0
E1R01855	E1_candidate	E1R01855	iCN1361:R_ALDOSE1EPIM_RXN	E1M_b91f28845dd1a7_c <=> E1M_d1f9c1f8772a98_c	0.0	0.0	0.0	0.0
E1R01856	E1_candidate	E1R01856	iCN1361:R_RXN_12078_NAD	E1M_b91f28845dd1a7_c + h_c + nadh_c <=> E1M_38c1c7636e0357_c + nad_c	0.0	0.0	0.0	0.0
E1R01857	E1_candidate	E1R01857	iML1515:LACZ	E1M_0d7ec9a9ae9537_c + E1M_d1f9c1f8772a98_c <-- E1M_492cdf58c8262e_c + h2o_c	0.0	0.0	0.0	0.0
E1R01858	E1_candidate	E1R01858	iML1515:GALS3	E1M_0d7ec9a9ae9537_c + E1M_d1f9c1f8772a98_c <-- E1M_78dae4e2a83bc3_c + h2o_c	0.0	0.0	0.0	0.0
E1R01859	E1_candidate	E1R01859	iJN1463:LPSGTR3_kt	E1M_d12d385996b305_c + udpg_c --> E1M_cc9dff0e0e3482_c + h_c + udp_c	0.0	0.0	0.0	0.0
E1R01860	E1_candidate	E1R01860	iML1515:GALCTLO	E1M_08acd48ef8820a_c + nad_c --> E1M_75a5588be2631a_c + h_c + nadh_c	0.0	0.0	0.0	0.0
E1R01861	E1_candidate	E1R01861	iJN1463:GALURDH	E1M_e2051d08169a5a_c + 2.0 h_c + nadh_c <=> E1M_6bcbff20e48ac2_c + h2o_c + nad_c	-0.3054990056398564	0.0	-1000.0	1.680386933078727e-13
E1R01862	E1_candidate	E1R01862	iJN1463:GTR2_kt	E1M_eeaf379c9f7ff3_c + udpg_c --> E1M_489ec99ef8a069_c + h_c + udp_c	0.0	0.0	0.0	0.0
E1R01863	E1_candidate	E1R01863	iJN1463:GTR1_kt	E1M_eeaf379c9f7ff3_c + h_c + udp_c <-- E1M_3544b21da7250e_c + E1M_af0031a0c42c57_c	0.0	0.0	0.0	0.0
E1R01864	E1_candidate	E1R01864	iJN1463:LPSGTR2_kt	E1M_474b0aff6bacd1_c + udpg_c --> E1M_e168679d0cd98c_c + h_c + udp_c	0.0	0.0	0.0	0.0
E1R01865	E1_candidate	E1R01865	iJN1463:LPSGTR1_kt	E1M_474b0aff6bacd1_c + h_c + udp_c <-- E1M_2627af49a36909_c + E1M_3544b21da7250e_c	0.0	0.0	0.0	0.0
E1R01866	E1_candidate	E1R01866	iML1515:GLTPD	E1M_026f5611eb416b_c + nad_c <=> E1M_a1866314f78084_c + h_c + nadh_c	0.0	0.0	0.0	0.0
E1R01867	E1_candidate	E1R01867	iML1515:GUI2	E1M_6bcbff20e48ac2_c <=> E1M_75a5588be2631a_c	-0.3054990056398564	0.0	-1000.0	0.0
E1R01868	E1_candidate	E1R01868	iML1515:O16GALFT	E1M_0a4cb961b0457d_c + E1M_12697853c3013a_c --> E1M_d7a46f5e6ab413_c + h_c + udp_c	0.0	0.0	0.0	0.0
E1R01869	E1_candidate	E1R01869	iML1515:GDPMNH	E1M_d1209a0b4faa9d_c + gdp_c + h_c <-- gdpmann_c + h2o_c	0.0	0.0	-999.9999700040008	0.0
E1R01870	E1_candidate	E1R01870	iCN1361:R_MANNPGUANYLTRANGDP_RXN;iJN1463:MAN1PT2;iML1515:MAN1PT2	gdp_c + h_c + man1p_c <=> gdpmann_c + pi_c	5.159086338707275e-05	0.0	-1000.0	1999.9890545849594
E1R01871	E1_candidate	E1R01871	iML1515:NDP3	gdp_c + h2o_c --> gmp_c + h_c + pi_c	0.0	0.0	0.0	999.9890545849587
E1R01872	E1_candidate	E1R01872	iCN1361:R_RXN0_5462;iJN1463:NTP3;iML1515:NTP3	gdp_c + h_c + pi_c <-- gtp_c + h2o_c	0.0	0.0	-9978.831751028516	0.0
E1R01873	E1_candidate	E1R01873	iCN1361:R_RXN_14117;iML1515:PYK3	gdp_c + h_c + pep_c --> gtp_c + pyr_c	0.0	0.010975411040225157	0.0	1000.0
E1R01874	E1_candidate	E1R01874	iCN1361:R_PPGPPSYN_RXN	gdp_c + h_c + ppi_c <-- E1M_fa9516b207b391_c + h2o_c	0.0	0.0	-1000.0	0.0
E1R01875	E1_candidate	E1R01875	iJN1463:PPGPPDP;iML1515:PPGPPDP	gdp_c + ppi_c <-- E1M_fa9516b207b391_c + h2o_c	0.0	0.0	-9978.831751039756	0.0
E1R01876	E1_candidate	E1R01876	iML1515:GP4GH	2.0 gdp_c + 2.0 h_c <-- E1M_872d4142bbf491_c + h2o_c	0.0	0.0	0.0	0.0
E1R01877	E1_candidate	E1R01877	iJN1463:PPK50_B	E1M_52ea29dcb7b26e_c + 47.0 gdp_c --> 47.0 gtp_c + pppi_c	0.0	0.0	0.0	382.5263285840335
E1R01878	E1_candidate	E1R01878	iJN1463:RMD	gdpddman_c + h_c + nadph_c --> E1M_c3f3dd0dcd4793_c + nadp_c	0.0	0.0	0.0	0.0
E1R01879	E1_candidate	E1R01879	iML1515:GDMANE	gdpddman_c --> E1M_a3152405def661_c	0.0	0.0	0.0	0.05797181504499832
E1R01880	E1_candidate	E1R01880	iJN1463:RHMNT1	E1M_c3f3dd0dcd4793_c + E1M_fe0eb41421fd9c_c --> E1M_30d4bd5b61885f_c + gmp_c	0.0	0.0	0.0	0.0
E1R01881	E1_candidate	E1R01881	iML1515:GOFUCR	gdpfuc_c + nadp_c <-- E1M_a3152405def661_c + h_c + nadph_c	0.0	0.0	-0.05797181548403748	0.0
E1R01882	E1_candidate	E1R01882	iJN1463:GDPMANNDH	gdpmann_c + h2o_c + 2.0 nad_c --> E1M_83ae588ebfcdb3_c + 3.0 h_c + 2.0 nadh_c	0.0	0.0	0.0	0.0
E1R01883	E1_candidate	E1R01883	iML1515:GDPMNP	gdpmann_c + h2o_c --> gmp_c + 2.0 h_c + man1p_c	0.0	0.0	0.0	999.9890545849449
E1R01884	E1_candidate	E1R01884	iJN1463:MAN1PT	gdpmann_c + ppi_c <-- gtp_c + h_c + man1p_c	0.0	-2.9995998971178436e-05	-1000.0	0.0
E1R01885	E1_candidate	E1R01885	iJN1463:GDPTPDP;iML1515:GDPTPDP	E1M_0ad07c0b8eed8e_c + h2o_c --> gtp_c + ppi_c	0.0	0.0	0.0	9978.831750971642
E1R01886	E1_candidate	E1R01886	iJN1463:GTPDPDP;iML1515:GTPDPDP	E1M_0ad07c0b8eed8e_c + h2o_c --> E1M_fa9516b207b391_c + h_c + pi_c	0.0	0.0	0.0	5489.415875489158
E1R01887	E1_candidate	E1R01887	iML1515:O16GLCT2	E1M_d7a46f5e6ab413_c + udpg_c --> E1M_a30985e9938559_c + h_c + udp_c	0.0	0.0	0.0	0.0
E1R01888	E1_candidate	E1R01888	iJN1463:GGDAPO	E1M_2228c082e46868_c + h2o_c + o2_c --> E1M_55a7f6f4e62914_c + h2o2_c + nh4_c	0.0	0.0	0.0	999.977791243636
E1R01889	E1_candidate	E1R01889	iJN1463:GG15DAPO	E1M_ac6de96a8c7804_c + h2o_c + o2_c --> E1M_ecf44124659b5a_c + h2o2_c + nh4_c	0.0	0.0	0.0	999.9589101682836
E1R01890	E1_candidate	E1R01890	iJN1463:GGGABADxr	E1M_e1362a08a3c4b2_c + 2.0 h_c + nadh_c <=> E1M_a821b62d1754f5_c + h2o_c + nad_c	0.0	0.0	-1999.9777912435682	1000.0000000004707
E1R01891	E1_candidate	E1R01891	iML1515:GGGABADr	E1M_e1362a08a3c4b2_c + 2.0 h_c + nadph_c <=> E1M_a821b62d1754f5_c + h2o_c + nadp_c	0.0	0.0	-1000.0	1000.0
E1R01892	E1_candidate	E1R01892	iML1515:GLCTR3	E1M_758d3c2ca863eb_c + udpg_c --> E1M_c0987c0461abcc_c + h_c + udp_c	0.0	0.0	0.0	0.0
E1R01893	E1_candidate	E1R01893	iJN1463:LPSGTR4_kt	E1M_cc9dff0e0e3482_c + udpg_c --> E1M_51b8c88a8452c5_c + h_c + udp_c	0.0	0.0	0.0	0.0
E1R01894	E1_candidate	E1R01894	iJN1463:GGDAPDxr	E1M_b7630aaf1637dd_c + 2.0 h_c + nadh_c <=> E1M_55a7f6f4e62914_c + h2o_c + nad_c	0.0	0.0	-999.9777912436149	0.0
E1R01895	E1_candidate	E1R01895	iJN1463:GG15DAPDxr	E1M_af0831c1737ebe_c + 2.0 h_c + nadh_c <=> E1M_ecf44124659b5a_c + h2o_c + nad_c	0.0	0.0	-999.9589101682822	5.926579988160213e-13
E1R01896	E1_candidate	E1R01896	iJN1463:GGPTRCO;iML1515:GGPTRCO	E1M_a821b62d1754f5_c + h2o2_c + nh4_c <-- E1M_ea83850a87b241_c + h2o_c + o2_c	0.0	0.0	-999.977791243563	0.0
E1R01897	E1_candidate	E1R01897	iCN1361:R_RXN1F_144	2.0 E1M_37c83d2d5103e1_c --> E1M_135941ea1065f6_c + 2.0 ppi_c	0.0	0.0	0.0	0.0
E1R01898	E1_candidate	E1R01898	iML1515:GLCTR1	E1M_2970c6ba237c95_c + h_c + udp_c <-- E1M_406814b8cf7d84_c + udpg_c	0.0	0.0	0.0	0.0
E1R01899	E1_candidate	E1R01899	iCN1361:R_RXN_14225	E1M_3a29588fb22b33_c + 2.0 h2o_c + nad_c --> E1M_64995aec2f6983_c + 3.0 h_c + nadh_c	0.0	0.0	0.0	0.0
E1R01900	E1_candidate	E1R01900	iCN1361:R_GLUCURONOLACTONE_REDUCTASE_RXN	E1M_3a29588fb22b33_c + h_c + nadph_c <-- E1M_4a66d9815da9f0_c + nadp_c	0.0	0.0	0.0	0.0
E1R01901	E1_candidate	E1R01901	iJN1463:GLCURDH	E1M_64995aec2f6983_c + 2.0 h_c + nadh_c <=> E1M_f20177db7d08cc_c + h2o_c + nad_c	0.0	0.0	1.8554841839758105e-13	999.9999999999998
E1R01902	E1_candidate	E1R01902	iML1515:INOSTO	E1M_f20177db7d08cc_c + h2o_c + h_c <=> E1M_23d679fc916490_c + o2_c	0.0	0.0	0.0	0.0
E1R01903	E1_candidate	E1R01903	iML1515:METGLCUR	E1M_2cc3cbd65840cd_c + E1M_f20177db7d08cc_c <-- E1M_dcc15c1c62e302_c + h2o_c	0.0	0.0	0.0	0.0
E1R01904	E1_candidate	E1R01904	iCN1361:R_RXN_14693	E1M_f20177db7d08cc_c <=> E1M_751533d9e2411d_c	0.0	0.0	0.0	0.0
E1R01905	E1_candidate	E1R01905	iCN1361:R_RXN_12024	E1M_0d7ec9a9ae9537_c + E1M_4671d6e9e29a27_c + h_c <-- E1M_f9036de7802b28_c + h2o_c	0.0	0.0	0.0	0.0
E1R01906	E1_candidate	E1R01906	iML1515:XYHDL	E1M_0d7ec9a9ae9537_c + E1M_fd316f646c8e30_c <-- E1M_b031e4ac82f78e_c + h2o_c	0.0	0.0	0.0	0.0
E1R01907	E1_candidate	E1R01907	iML1515:MLTG1	E1M_0d7ec9a9ae9537_c + E1M_135bd8646d3c03_c <-- h2o_c + malttr_c	0.0	0.0	-1000.0	0.0
E1R01908	E1_candidate	E1R01908	iML1515:MLTG5	E1M_0d7ec9a9ae9537_c + E1M_a79ac34bf23193_c <-- E1M_32f319d6f9bdd2_c + h2o_c	0.0	0.0	-1000.0	0.0
E1R01909	E1_candidate	E1R01909	iML1515:MLTG4	E1M_0d7ec9a9ae9537_c + E1M_1b27dbe887b2fd_c <-- E1M_a79ac34bf23193_c + h2o_c	0.0	0.0	-1000.0	0.0
E1R01910	E1_candidate	E1R01910	iML1515:MLTG3	E1M_0d7ec9a9ae9537_c + maltttr_c <-- E1M_1b27dbe887b2fd_c + h2o_c	0.0	0.0	-1000.0	0.0
E1R01911	E1_candidate	E1R01911	iML1515:MLTG2	E1M_0d7ec9a9ae9537_c + malttr_c <-- h2o_c + maltttr_c	0.0	0.0	-1000.0	0.0
E1R01912	E1_candidate	E1R01912	iCN1361:R_3213_RXN	E1M_0d7ec9a9ae9537_c <-- E1M_abb0f590677184_c + h2o_c	0.0	0.0	-1000.0	0.0
E1R01913	E1_candidate	E1R01913	iCN1361:R_RXN_11183	E1M_030f227ce6b0bf_c + E1M_0d7ec9a9ae9537_c <-- E1M_9aa1b066421503_c + h2o_c	0.0	0.0	0.0	0.0
E1R01914	E1_candidate	E1R01914	iCN1361:R_RXN_11182	E1M_0d7ec9a9ae9537_c + E1M_bac189f488ddb6_c <-- E1M_1c1007bfc4c0e2_c + h2o_c	0.0	0.0	0.0	0.0
E1R01915	E1_candidate	E1R01915	iML1515:AMALT4	E1M_0d7ec9a9ae9537_c + E1M_32f319d6f9bdd2_c <-- E1M_135bd8646d3c03_c + E1M_a79ac34bf23193_c	0.0	0.0	-1000.0	0.0
E1R01916__fwd	E1_candidate	E1R01916	iCN1361:R_RXN_14261	E1M_0d7ec9a9ae9537_c + E1M_a79ac34bf23193_c --> E1M_135bd8646d3c03_c + E1M_1b27dbe887b2fd_c	0.0	0.0	0.0	1000.0
E1R01916__rev	E1_candidate	E1R01916	iML1515:AMALT3	E1M_0d7ec9a9ae9537_c + E1M_a79ac34bf23193_c <-- E1M_135bd8646d3c03_c + E1M_1b27dbe887b2fd_c	0.0	0.0	-1000.0	0.0
E1R01917	E1_candidate	E1R01917	iCN1361:R_RXN_14260;iML1515:AMALT2	E1M_0d7ec9a9ae9537_c + E1M_1b27dbe887b2fd_c <-- E1M_135bd8646d3c03_c + maltttr_c	0.0	0.0	-1000.0	0.0
E1R01918	E1_candidate	E1R01918	iCN1361:R_AMYLOMALT_RXN;iCN1361:R_RXN_12391;iJN1463:AMALT1;iML1515:AMALT1	E1M_0d7ec9a9ae9537_c + maltttr_c <=> E1M_135bd8646d3c03_c + malttr_c	0.0	0.0	-1000.0	1000.0
E1R01919	E1_candidate	E1R01919	iCN1361:R_RXN_12193	E1M_0d7ec9a9ae9537_c + E1M_abb0f590677184_c <-- E1M_135bd8646d3c03_c	0.0	0.0	-1000.0	0.0
E1R01920	E1_candidate	E1R01920	iJN1463:MANE	E1M_0d7ec9a9ae9537_c <=> E1M_d1209a0b4faa9d_c	0.0	0.0	-1999.9999700039962	1000.0000000000013
E1R01921	E1_candidate	E1R01921	iCN1361:R_TREHALA_RXN;iML1515:TREH	2.0 E1M_0d7ec9a9ae9537_c <-- E1M_fdd752bd315693_c + h2o_c	0.0	0.0	-1000.0	0.0
E1R01922	E1_candidate	E1R01922	iML1515:GLUN	gln_DASH_L_c + h2o_c --> glu_DASH_L_c + nh4_c	0.0	0.0	0.0	1000.0
E1R01923	E1_candidate	E1R01923	iCN1361:R_RXN_13456	E1M_7a1e6ceb375a64_c + gln_DASH_L_c <=> E1M_eb41d5bb225e55_c + glu_DASH_L_c	0.0	0.0	0.0	0.0
E1R01924	E1_candidate	E1R01924	iJN1463:AMPTASEGGLN	gln_DASH_L_c + gly_c <-- E1M_2c5e689bd0c47d_c + h2o_c	0.0	0.0	0.0	0.0
E1R01925	E1_candidate	E1R01925	iCN1361:R_GLUTRNAREDUCT_RXN;iJN1463:GLUTRR;iML1515:GLUTRR	glu1sa_c + nadp_c + tRNAglu_c <-- E1M_ac4e188ebfb5e8_c + h_c + nadph_c	-6.448857923384093e-05	0.0	-6.448857947391115e-05	0.0
E1R01926	E1_candidate	E1R01926	iCN1361:R_RXN_14116;iJN1463:PUTA3	glu5sa_c + h2o_c + nad_c --> glu_DASH_L_c + 2.0 h_c + nadh_c	0.0	0.0	0.0	1999.95670030682
E1R01927	E1_candidate	E1R01927	iJN1463:OXPTNDH	E1M_d11d845925d4ec_c + 2.0 h_c + nadh_c <=> E1M_f752131cf7a4b4_c + h2o_c + nad_c	0.0	0.0	-999.9589101682845	0.0
E1R01928	E1_candidate	E1R01928	iJN1463:AMPTASEGGLU	glu_DASH_L_c + gly_c <-- E1M_b496457e84b1dd_c + h2o_c	0.0	0.0	0.0	0.0
E1R01929	E1_candidate	E1R01929	iCN1361:R_RXN3O_127	E1M_ff848730d80bef_c + glu_DASH_L_c + h_c + nadph_c <-- E1M_b1db6cc11eb3ac_c + h2o_c + nadp_c	0.0	0.0	0.0	0.0
E1R01930	E1_candidate	E1R01930	iCN1361:R_SUCCGLUDESUCC_RXN;iJN1463:SGDS;iML1515:SGDS	glu_DASH_L_c + succ_c <=> E1M_09d837b23bac53_c + h2o_c	0.0	0.0	-999.977791243577	0.0
E1R01931	E1_candidate	E1R01931	iJN1463:GLYO1	glx_c + h2o2_c + nh4_c <-- gly_c + h2o_c + o2_c	0.0	0.0	-2999.9552293813113	0.0
E1R01932	E1_candidate	E1R01932	iJN1463:GLYCLTDx;iML1515:GLYCLTDx	glx_c + h_c + nadh_c --> glyclt_c + nad_c	0.0	0.0	0.0	5000.000000000072
E1R01933	E1_candidate	E1R01933	iML1515:GLYCTO3	E1M_7c276a707cb8bf_c + glx_c <-- E1M_dc445dacd19268_c + glyclt_c	0.0	0.0	-1000.0	0.0
E1R01934	E1_candidate	E1R01934	iML1515:GLYCTO2	glx_c + q8h2_c <-- glyclt_c + q8_c	0.0	0.0	-1000.0	0.0
E1R01935	E1_candidate	E1R01935	iCN1361:R_GLYCOLATEDEHYDRO_RXN	E1M_4374377df80c78_c + glx_c <-- glyclt_c + q8_c	0.0	0.0	-1000.0000000000005	0.0
E1R01936	E1_candidate	E1R01936	iJN1463:GLXO3r	glx_c + h2o_c + o2_c --> E1M_9cfc0a76997165_c + h2o2_c + h_c	0.0	0.0	0.0	1000.0
E1R01937	E1_candidate	E1R01937	iCN1361:R_ISOCIT_CLEAV_RXN;iJN1463:ICL;iML1515:ICL	glx_c + succ_c <-- icit_c	0.0	0.0	-2000.0000000000027	0.0
E1R01938	E1_candidate	E1R01938	iCN1361:R_UREIDOGLYCOLATE_LYASE_RXN	E1M_3ef9bbcd989afd_c + glx_c <=> E1M_067cf16e2fc2da_c	0.0	0.0	-999.9594888403943	1000.0
E1R01939	E1_candidate	E1R01939	iJN1463:AMPTASEGM	gly_c + met_DASH_L_c <-- E1M_42208ce3c3f626_c + h2o_c	0.0	0.0	0.0	0.0
E1R01940	E1_candidate	E1R01940	iJN1463:GLYPHEHYc	gly_c + phe_DASH_L_c <-- E1M_560314ad22835e_c + h2o_c	0.0	0.0	0.0	0.0
E1R01941	E1_candidate	E1R01941	iJN1463:AMPTASEGS	gly_c + ser_DASH_L_c <-- E1M_f829485404fad7_c + h2o_c	0.0	0.0	0.0	0.0
E1R01942	E1_candidate	E1R01942	iJN1463:GACH	E1M_3ef9bbcd989afd_c + gly_c <-- E1M_dca4ce14a95e2f_c + h2o_c	0.0	0.0	0.0	0.0
E1R01943	E1_candidate	E1R01943	iJN1463:SARCOX2	gly_c + h2o2_c + mlthf_c <-- E1M_9af053cca0cd87_c + o2_c + thf_c	0.0	0.0	0.0	0.0
E1R01944	E1_candidate	E1R01944	iJN1463:AMPTASEHG	gly_c + his_DASH_L_c <-- E1M_412b3a4ed5d76c_c + h2o_c	0.0	0.0	0.0	0.0
E1R01945	E1_candidate	E1R01945	iJN1463:AMPTASEPG;iML1515:AMPTASEPG	gly_c + pro_DASH_L_c <-- E1M_1e7f223139dea1_c + h2o_c	0.0	0.0	0.0	0.0
E1R01946	E1_candidate	E1R01946	iCN1361:R_RXN_13677	E1M_be50b757b11ecf_c + gly_c <-- E1M_1561aedd5ea237_c + h2o_c	0.0	0.0	0.0	0.0
E1R01947	E1_candidate	E1R01947	iJN1463:GLYGLYCNc	2.0 gly_c <-- E1M_57f7576fb06990_c + h2o_c	0.0	0.0	0.0	0.0
E1R01948	E1_candidate	E1R01948	iCN1361:R_R01036;iJN1463:ALCD19;iML1515:ALCD19	E1M_ea67788a8278bc_c + h_c + nadh_c <=> glyc_c + nad_c	0.0	0.0	-2000.3190503842081	1999.9997265989678
E1R01949	E1_candidate	E1R01949	iCN1361:R_R01041	E1M_ea67788a8278bc_c + h_c + nadph_c --> glyc_c + nadp_c	0.0	0.0	0.0	1000.0
E1R01950	E1_candidate	E1R01950	iCN1361:R_GLYCERALDEHYDE_DEHYDRO_RXN;iJN1463:GLYALDDr	E1M_ea67788a8278bc_c + h2o_c + nad_c <=> glyc_DASH_R_c + 2.0 h_c + nadh_c	0.0	0.0	-1999.9997265989675	1000.5571782819234
E1R01951	E1_candidate	E1R01951	iJN1463:G2PP;iML1515:G2PP	E1M_0607915c150539_c + h2o_c --> glyc_c + pi_c	0.0	0.0	0.0	0.0
E1R01952	E1_candidate	E1R01952	iML1515:G3PT	glyc3p_c + h2o_c --> glyc_c + pi_c	0.0	0.0	0.0	1000.0
E1R01953	E1_candidate	E1R01953	iML1515:SQGH	E1M_2d09e5b5fafa14_c + glyc_c <-- E1M_081a50f8075f19_c + h2o_c	0.0	0.0	0.0	0.0
E1R01954	E1_candidate	E1R01954	iCN1361:R_CARDIOLIPSYN_RXN_C12	E1M_6d11b5b26107d3_c + glyc_c <-- 2.0 E1M_9a1670a10ddd64_c	0.0	0.0	0.0	0.0
E1R01955	E1_candidate	E1R01955	iCN1361:R_CARDIOLIPSYN_RXN_C14	E1M_6a134e7ec26214_c + glyc_c <-- 2.0 E1M_8cb8a2551002c1_c	0.0	0.0	0.0	0.0
E1R01956	E1_candidate	E1R01956	iCN1361:R_CARDIOLIPSYN_RXN_C15	E1M_07c11f24ba1294_c + glyc_c <-- 2.0 E1M_4c9cf6d0fd03b8_c	0.0	0.0	0.0	0.0
E1R01957	E1_candidate	E1R01957	iCN1361:R_CARDIOLIPSYN_RXN_C16	E1M_0b41bc339f2d75_c + glyc_c <-- 2.0 E1M_2adced53375c7e_c	0.0	0.0	0.0	0.0
E1R01958	E1_candidate	E1R01958	iCN1361:R_CARDIOLIPSYN_RXN_C161	E1M_3f8c51fb5eb4cc_c + glyc_c <-- 2.0 E1M_814c2ebc0ab188_c	0.0	0.0	0.0	0.0
E1R01959	E1_candidate	E1R01959	iCN1361:R_CARDIOLIPSYN_RXN_C17	E1M_a87c23627e15c0_c + glyc_c <-- 2.0 E1M_2e5fd713bc63c5_c	0.0	0.0	0.0	0.0
E1R01960	E1_candidate	E1R01960	iCN1361:R_CARDIOLIPSYN_RXN_C171	E1M_6c1f9155bc0814_c + glyc_c <-- 2.0 E1M_e9bd0717e92281_c	0.0	0.0	0.0	0.0
E1R01961	E1_candidate	E1R01961	iCN1361:R_CARDIOLIPSYN_RXN_C18	E1M_caf70ed69f703e_c + glyc_c <-- 2.0 E1M_204a2ab3347b0f_c	0.0	0.0	0.0	0.0
E1R01962	E1_candidate	E1R01962	iCN1361:R_CARDIOLIPSYN_RXN_C181	E1M_d31507643139ef_c + glyc_c <-- 2.0 E1M_8d9361a9bcb2bd_c	0.0	0.0	0.0	0.0
E1R01963	E1_candidate	E1R01963	iCN1361:R_RXN_11761	E1M_15aa7bcdbe45ba_c + glyclt_c + h_c <=> E1M_ee091449e0f6ae_c + h2o_c	0.0	0.0	0.0	0.0
E1R01964	E1_candidate	E1R01964	iML1515:MANPGH	glyc_DASH_R_c + man6p_c <-- E1M_088b0baaa18daf_c + h2o_c	0.0	0.0	0.0	0.0
E1R01965	E1_candidate	E1R01965	iCN1361:R_GLYCERATE_DEHYDROGENASE_RXN;iJN1463:HPYRRx;iML1515:HPYRRx	glyc_DASH_R_c + nad_c <=> E1M_f61061f62cb2a9_c + h_c + nadh_c	0.0	0.0	-4999.99972659914	999999.0
E1R01966	E1_candidate	E1R01966	iCN1361:R_HYDROXYPYRUVATE_REDUCTASE_RXN_NADP;iJN1463:HPYRRy;iML1515:HPYRRy	glyc_DASH_R_c + nadp_c <-- E1M_f61061f62cb2a9_c + h_c + nadph_c	0.0	0.0	-999999.0	0.0
E1R01967	E1_candidate	E1R01967	iJN1463:MALTT	E1M_eb52738dcc7acd_c + 2.0 pi_c <-- 2.0 E1M_2180258f81b3a5_c	0.0	0.0	-5489.415875488706	0.0
E1R01968	E1_candidate	E1R01968	iML1515:PNSPA	E1M_d3e70175b81d5e_c + gmp_c <-- E1M_e7eca228098b0f_c + h2o_c	0.0	0.0	0.0	0.0
E1R01969	E1_candidate	E1R01969	iCN1361:R_36117_RXN	gmp_c + gtp_c + 2.0 h_c <-- E1M_872d4142bbf491_c + h2o_c	0.0	0.0	0.0	0.0
E1R01970	E1_candidate	E1R01970	iCN1361:R_RXN_7609;iJN1463:NTD9;iML1515:NTD9	gmp_c + h2o_c --> gsn_c + pi_c	0.0	0.0	0.0	3000.002955726549
E1R01971	E1_candidate	E1R01971	iJN1463:NTPP2;iML1515:NTPP2	gmp_c + h_c + ppi_c <-- gtp_c + h2o_c	0.0	0.0	-999.9890545849437	0.0
E1R01972	E1_candidate	E1R01972	iML1515:GMPR	gmp_c + 2.0 h_c + nadph_c --> imp_c + nadp_c + nh4_c	0.0	0.0	0.0	1000.0
E1R01973	E1_candidate	E1R01973	iJN1463:GRXR;iML1515:GRXR	E1M_95f8c2b2ca0efa_c + 2.0 gthrd_c --> E1M_3c035cbac65e4f_c + E1M_fdbdb60be9bba6_c	0.0	0.0	0.0	3499.9293158339774
E1R01974	E1_candidate	E1R01974	iJN1463:PAPSR2;iML1515:PAPSR2	E1M_95f8c2b2ca0efa_c + 2.0 h_c + pap_c + so3_c <-- E1M_fdbdb60be9bba6_c + paps_c	0.0	0.0	-999.9999999999995	0.0
E1R01975	E1_candidate	E1R01975	iJN1463:SELGTHR3;iML1515:SELGTHR3	E1M_5625249908ea59_c + nadph_c --> E1M_ebd75608220427_c + gthrd_c + nadp_c	0.0	0.0	0.0	0.0
E1R01976	E1_candidate	E1R01976	iJN1463:NTPTP2;iML1515:NTPTP2	gsn_c + pppi_c <-- gtp_c + h2o_c	0.0	0.0	-999.989054584944	0.0
E1R01977	E1_candidate	E1R01977	iJN1463:GNNUC	gsn_c + h2o_c --> E1M_17125ed4eb7f38_c + gua_c	0.0	0.0	0.0	3000.0029557265652
E1R01978	E1_candidate	E1R01978	iCN1361:R_RXN_15348	E1M_3c035cbac65e4f_c + h2s_c <=> E1M_fd830058cfc809_c + gthrd_c	0.0	0.0	0.0	0.0
E1R01979	E1_candidate	E1R01979	iCN1361:R_GLUTATHIONE_PEROXIDASE_RXN;iJN1463:GTHPi;iML1515:GTHPi	E1M_3c035cbac65e4f_c + 2.0 h2o_c <-- 2.0 gthrd_c + h2o2_c	0.0	0.0	-2038.4815395505705	0.0
E1R01980	E1_candidate	E1R01980	iJN1463:GTHOr;iML1515:GTHOr	E1M_3c035cbac65e4f_c + h_c + nadph_c <=> 2.0 gthrd_c + nadp_c	0.0	0.0	-1.003718699122339e-12	5038.532559853664
E1R01981	E1_candidate	E1R01981	iML1515:GSPMDA	gthrd_c + spmd_c <-- E1M_e0c6e1e0c11fdb_c + h2o_c	0.0	0.0	-1000.0	0.0
E1R01982	E1_candidate	E1R01982	iCN1361:R_GLYOXII_RXN;iJN1463:GLYOX;iML1515:GLYOX	E1M_9df77ebc3d2239_c + gthrd_c + h_c <-- E1M_d794c5ac5bfc09_c + h2o_c	0.0	0.0	-3000.035231887971	0.0
E1R01983	E1_candidate	E1R01983	iCN1361:R_GLYOXI_RXN;iJN1463:LGTHL;iML1515:LGTHL	E1M_c31c438121d023_c + gthrd_c --> E1M_d794c5ac5bfc09_c	0.0	0.0	0.0	3000.0352318877017
E1R01984	E1_candidate	E1R01984	iJN1463:GTPHs;iML1515:GTPHs	gtp_c + h2o_c + h_c --> E1M_2c585f8d06d9cc_c + nh4_c	0.0	0.0	0.0	999.9890545849433
E1R01985	E1_candidate	E1R01985	iCN1361:R_RXN_10055	gtp_c + 3.0 h2o_c --> E1M_d3790ed0c5bb4e_c + 2.0 h_c + 2.0 pi_c	0.0	0.0	0.0	0.0
E1R01986	E1_candidate	E1R01986	iJN1463:MOGDS;iML1515:MOGDS	E1M_6d8e5c9a99158e_c + gtp_c + h_c --> E1M_035a4c7691313e_c + ppi_c	0.0	0.0	0.0	0.0
E1R01987	E1_candidate	E1R01987	iCN1361:R_RXN0_262	E1M_6d8e5c9a99158e_c + gtp_c + h_c <=> E1M_2fb6762e7194a5_c + ppi_c	0.0	0.0	0.0	0.0
E1R01988	E1_candidate	E1R01988	iCN1361:R_RXN0_5359	2.0 gtp_c --> E1M_62aa76ef261981_c + 2.0 ppi_c	0.0	0.0	0.0	0.0
E1R01989	E1_candidate	E1R01989	iJN1463:TGTASE3	E1M_a57ea32a8c1e4e_c + gua_c <-- E1M_3e1bdbaeede686_c + E1M_63e076cd455380_c	0.0	0.0	0.0	0.0
E1R01990	E1_candidate	E1R01990	iJN1463:TGTASE1	E1M_4cfc0bad63d00d_c + gua_c <-- E1M_3e1bdbaeede686_c + E1M_7639687c77fec6_c	0.0	0.0	0.0	0.0
E1R01991	E1_candidate	E1R01991	iJN1463:TGTASE2	E1M_7c9b79b2e1e4ef_c + gua_c <-- E1M_3e1bdbaeede686_c + E1M_7a95f20796afba_c	0.0	0.0	0.0	0.0
E1R01992	E1_candidate	E1R01992	iCN1361:R_RXN_8783	E1M_15e72f6d056d87_c + h_c <=> E1M_4a66d9815da9f0_c + h2o_c	0.0	0.0	0.0	0.0
E1R01993	E1_candidate	E1R01993	iCN1361:R_HYDROGENASE_SH_NAD	h2_c + nad_c --> h_c + nadh_c	0.6679795556156324	0.38837718052295417	0.0	1000.0
E1R01994	E1_candidate	E1R01994	iJN1463:H2CO3D2	E1M_4f9db5e1edfa24_c <=> h_c + hco3_c	0.0	0.0	-4001.9781279174153	11978.831751007314
E1R01995	E1_candidate	E1R01995	iCN1361:R_ISPH2_RXN_NAD;iJN1463:IPDPS;iML1515:IPDPS	h2mb4p_c + h_c + nadh_c --> h2o_c + ipdp_c + nad_c	4.433589822330031e-05	0.0	0.0	4.433589383175797e-05
E1R01996	E1_candidate	E1R01996	iCN1361:R_RXN_1401;iJN1463:TRYPTAOX	E1M_b889887917b0cc_c + h2o2_c + nh4_c <-- E1M_07ec9c7f164194_c + h2o_c + o2_c	0.0	0.0	0.0	0.0
E1R01997	E1_candidate	E1R01997	iJN1463:METOX2s;iML1515:METOX2s	h2o2_c + met_DASH_L_c --> E1M_6d119809382011_c + h2o_c	0.0	0.0	0.0	2038.4815395505716
E1R01998	E1_candidate	E1R01998	iJN1463:METOX1s;iML1515:METOX1s	h2o2_c + met_DASH_L_c --> E1M_963158e39ea379_c + h2o_c	0.0	0.0	0.0	2038.4815395505707
E1R01999	E1_candidate	E1R01999	iCN1361:R_RXN_10817	E1M_38eb18abbd94f1_c + h2o2_c + nh4_c <-- E1M_f63c1fea76d4b5_c + h2o_c + o2_c	0.0	0.0	0.0	0.0
E1R02000	E1_candidate	E1R02000	iCN1361:R_RXN_11067	E1M_c864f46ed9dbad_c + h2o2_c + nh4_c <-- E1M_2a6102f3bf67ba_c + h2o_c + o2_c	0.0	0.0	0.0	0.0
E1R02001	E1_candidate	E1R02001	iCN1361:R_SULFITE_OXIDASE_RXN	h2o2_c + so4_c <-- h2o_c + o2_c + so3_c	0.0	0.0	-1000.0	0.0
E1R02002	E1_candidate	E1R02002	iCN1361:R_R_6_HYDROXYNICOTINE_OXIDASE_RXN	E1M_aeb9409a1ee876_c + h2o2_c <-- E1M_c635fa19e2bbc4_c + h2o_c + o2_c	0.0	0.0	0.0	0.0
E1R02003	E1_candidate	E1R02003	iJN1463:NADHPO;iML1515:NADHPO	h2o2_c + h_c + nadh_c --> 2.0 h2o_c + nad_c	0.0	0.0	0.0	2038.4815395505716
E1R02004	E1_candidate	E1R02004	iJN1463:THIORDXi;iML1515:THIORDXi	h2o2_c + trdrd_c --> 2.0 h2o_c + trdox_c	0.0	0.6044980015946797	0.0	2038.4815395504993
E1R02005	E1_candidate	E1R02005	iCN1361:R_RXN_14240	E1M_f0dd8d173d2b54_c + h2o2_c --> E1M_517798340f15d2_c + 2.0 h2o_c	0.0	0.0	0.0	0.0
E1R02006	E1_candidate	E1R02006	iJN1463:LPCOXc	E1M_acf552adea310b_c + h2o2_c + h_c <-- E1M_3a444e08e8484d_c + o2_c	0.0	0.0	-999.9589101683966	0.0
E1R02007	E1_candidate	E1R02007	iCN1361:R_SUPEROX_DISMUT_RXN;iJN1463:SPODM;iML1515:SPODM	h2o2_c + o2_c <-- 2.0 E1M_c0f8bbce38a58b_c + 2.0 h_c	0.0	0.0	-2999.9999999999995	-7.80546103636572e-14
E1R02008	E1_candidate	E1R02008	iML1515:MOX	h2o2_c + oaa_c <-- mal_DASH_L_c + o2_c	-0.6263929790514674	0.0	-1000.0	0.0
E1R02009	E1_candidate	E1R02009	iCN1361:R_R122_RXN	E1M_17d4cc691e8225_c + h2o_c + h_c <=> E1M_38830a5fc39250_c + E1M_480d8682996c57_c	0.0	0.0	0.0	0.0
E1R02010	E1_candidate	E1R02010	iJN1463:AADSACYCL	E1M_acf552adea310b_c + h2o_c + h_c <=> E1M_ff848730d80bef_c	0.0	0.0	0.0	999.9589101682855
E1R02011	E1_candidate	E1R02011	iCN1361:R_RXN_15261	E1M_ca71363aac615c_c + h2o_c + h_c --> E1M_77abd6e4378f5d_c + nh4_c	0.0	0.0	0.0	0.0
E1R02012	E1_candidate	E1R02012	iCN1361:R_RXN_5721	h2o_c + h_c + quln_c <=> E1M_70bea0de44c70e_c	0.0	0.0	0.0	0.0
E1R02013	E1_candidate	E1R02013	iML1515:HKNDDH	E1M_96b24381946253_c + h2o_c --> E1M_b3ce4091b2224c_c + h_c + succ_c	0.0	0.0	0.0	0.0
E1R02014	E1_candidate	E1R02014	iJN1463:BVMO1	E1M_ce88312c027be8_c + h2o_c + nadp_c <-- E1M_69632806f0e61e_c + h_c + nadph_c + o2_c	0.0	0.0	0.0	0.0
E1R02015	E1_candidate	E1R02015	iJN1463:NTP10;iML1515:NTP10	E1M_99815e6af68fa7_c + h2o_c --> E1M_b7e49a2c4ee703_c + h_c + pi_c	0.0	0.0	0.0	9978.831751007587
E1R02016	E1_candidate	E1R02016	iJN1463:NTPP9;iML1515:NTPP9	E1M_99815e6af68fa7_c + h2o_c --> h_c + imp_c + ppi_c	0.0	0.0	0.0	2999.97215277691
E1R02017	E1_candidate	E1R02017	iCN1361:R_GLYOXIII_RXN;iML1515:GLYOX3	E1M_c31c438121d023_c + h2o_c --> E1M_9df77ebc3d2239_c + h_c	0.0	0.0	0.0	1000.0
E1R02018	E1_candidate	E1R02018	iCN1361:R_RXNQT_4366	E1M_e8802e7755c3ed_c + h2o_c --> E1M_236d90a5e8af8c_c + E1M_2cc3cbd65840cd_c + h_c	0.0	0.0	0.0	0.0
E1R02019	E1_candidate	E1R02019	iCN1361:R_31436_RXN	E1M_e0bfe0509d90f4_c + h2o_c --> E1M_3155bb6533e266_c + h_c	0.0	0.0	0.0	0.0
E1R02020	E1_candidate	E1R02020	iML1515:TMAOR1	E1M_3140d1f64ab116_c + E1M_dc445dacd19268_c + h2o_c <-- E1M_7c276a707cb8bf_c + E1M_e95228f53430c0_c + h_c	0.0	0.0	0.0	0.0
E1R02021	E1_candidate	E1R02021	iML1515:NHFRBO	E1M_acb3b3cd8da24e_c + h2o_c + nad_c <-- 2.0 E1M_8d84b5332d6b1a_c + h_c + nadh_c	0.0	0.0	0.0	0.0
E1R02022	E1_candidate	E1R02022	iJN1463:NITR	E1M_2fb3512a27c6f0_c + h2o_c + nad_c <-- E1M_87e56e94440c6c_c + h_c + nadh_c	0.0	0.0	0.0	0.0
E1R02023	E1_candidate	E1R02023	iCN1361:R_3_HYDROXYBENZOATE_6_MONOOXYGENASE_RXN	E1M_263a383eab6688_c + h2o_c + nad_c <-- E1M_ec823d24400d72_c + h_c + nadh_c + o2_c	0.0	0.0	0.0	0.0
E1R02024	E1_candidate	E1R02024	iCN1361:R_RXN_14014_NAD	h2o_c + nad_c + thdp_c <-- E1M_95c90c6db36574_c + h_c + nadh_c	0.0	0.0	-1000.0	0.0
E1R02025	E1_candidate	E1R02025	iJN1463:QOR3	E1M_d19c82fb8353c6_c + h2o_c + nad_c <-- E1M_c21b2a7f42852a_c + h_c + nadh_c	0.0	0.0	0.0	0.0
E1R02026	E1_candidate	E1R02026	iJN1463:QOR1	E1M_ef8937d7011dc2_c + h2o_c + nad_c <-- E1M_873ba3ff2dbaa4_c + h_c + nadh_c	0.0	0.0	0.0	0.0
E1R02027	E1_candidate	E1R02027	iJN1463:QOR2	E1M_e0f4641c50a9ed_c + h2o_c + nad_c <-- E1M_bdbdd72ab48afb_c + h_c + nadh_c	0.0	0.0	0.0	0.0
E1R02028	E1_candidate	E1R02028	iCN1361:R_RXN0_2042;iJN1463:PACCOAE;iML1515:PACCOAE	E1M_62766647992dc6_c + h2o_c + nadp_c <-- E1M_ef7a813372f7d1_c + h_c + nadph_c + o2_c	0.0	0.0	-760.9740954444584	0.0
E1R02029	E1_candidate	E1R02029	iCN1361:R_CYCLOHEXANONE_MONOOXYGENASE_RXN	E1M_667e8da55c79de_c + h2o_c + nadp_c <-- E1M_10322549a4c1c7_c + h_c + nadph_c + o2_c	0.0	0.0	0.0	0.0
E1R02030	E1_candidate	E1R02030	iCN1361:R_114138_RXN	E1M_c68125b230d62d_c + h2o_c + nadp_c <-- E1M_3305c1feabf1a1_c + h_c + nadph_c + o2_c	0.0	0.0	0.0	0.0
E1R02031	E1_candidate	E1R02031	iCN1361:R_RXN_14014	h2o_c + nadp_c + thdp_c <-- E1M_95c90c6db36574_c + h_c + nadph_c	0.0	0.0	-1000.0	0.0
E1R02032	E1_candidate	E1R02032	iCN1361:R_NMNNUCLEOSID_RXN;iJN1463:NMNN;iML1515:NMNN	E1M_2957a32c1aeffd_c + h2o_c --> E1M_08852747b11070_c + h_c + r5p_c	0.0	0.0	0.0	999.9999812524983
E1R02033	E1_candidate	E1R02033	iCN1361:R_R608_RXN	E1M_8002546e7da0df_c + h2o_c <=> E1M_236d90a5e8af8c_c + E1M_b3ce4091b2224c_c + h_c	0.0	0.0	0.0	0.0
E1R02034	E1_candidate	E1R02034	iJN1463:PPA2;iML1515:PPA2	h2o_c + pppi_c --> h_c + pi_c + ppi_c	0.0	0.0	0.0	9978.831751010832
E1R02035	E1_candidate	E1R02035	iJN1463:TDP;iML1515:TDP	h2o_c + thmpp_c --> h_c + pi_c + thmmp_c	0.0	0.0	0.0	1999.9999984377082
E1R02036	E1_candidate	E1R02036	iCN1361:R_UNDECAPRENYL_DIPHOSPHATASE_RXN	h2o_c + udcpdp_c --> E1M_d35d0086c4077d_c + h_c + pi_c	0.0	0.0	0.0	0.003493131375846298
E1R02037	E1_candidate	E1R02037	iML1515:NDP7	h2o_c + udp_c --> h_c + pi_c + ump_c	0.0	0.0	0.0	1000.0
E1R02038	E1_candidate	E1R02038	iML1515:NTP12	E1M_2c585f8d06d9cc_c + h2o_c --> E1M_753dffeb173e68_c + h_c + pi_c	0.0	0.0	0.0	0.0
E1R02039	E1_candidate	E1R02039	iML1515:RPNTPH	E1M_ed6741b055f357_c + h2o_c --> E1M_fad21305cb3239_c + h_c + ppi_c	0.0	0.0	0.0	0.0
E1R02040	E1_candidate	E1R02040	iJN1463:NTPP8;iML1515:NTPP8	h2o_c + utp_c --> h_c + ppi_c + ump_c	0.0	0.0	0.0	1999.9751908091857
E1R02041	E1_candidate	E1R02041	iJN1463:NTPP11;iML1515:NTPP11	E1M_2c585f8d06d9cc_c + h2o_c --> h_c + ppi_c + xmp_c	0.0	0.0	0.0	999.9890545849448
E1R02042	E1_candidate	E1R02042	iCN1361:R_RXN_11396	E1M_fe1ccdf63dc54f_c + h2o_c --> E1M_531b4c16922fcf_c + h_c + ppi_c	0.0	0.0	0.0	0.0
E1R02043	E1_candidate	E1R02043	iML1515:PRCPD	E1M_5239dad4b93bae_c + h2o_c --> E1M_b24c350278fb78_c + h_c	0.0	0.0	0.0	0.0
E1R02044	E1_candidate	E1R02044	iCN1361:R_RXN_11217	E1M_3aa84d309f0c0a_c + h2o_c --> E1M_a3f495781541ca_c + h_c	0.0	0.0	0.0	0.0
E1R02045	E1_candidate	E1R02045	iCN1361:R_RXN_10083	E1M_dbb91fa9684afa_c + h2o_c --> E1M_ae8739787f9e59_c + h_c	0.0	0.0	0.0	0.0
E1R02046	E1_candidate	E1R02046	iCN1361:R_RXN_9868	E1M_a5df01d3ecdd9d_c + h2o_c --> E1M_638bfa56a2b24c_c + h_c	0.0	0.0	0.0	0.0
E1R02047	E1_candidate	E1R02047	iCN1361:R_CARBOXYMETHYLENEBUTENOLIDASE_RXN	E1M_d64d8ced0f387b_c + h2o_c --> E1M_638bfa56a2b24c_c + h_c	0.0	0.0	0.0	0.0
E1R02048	E1_candidate	E1R02048	iML1515:APH160	E1M_e616f9a145d1c2_c + h2o_c --> E1M_c636fb00cabd85_c + 2.0 h_c + pi_c	0.0	0.0	0.0	1000.0
E1R02049	E1_candidate	E1R02049	iML1515:APH161	E1M_d5cbea9583730b_c + h2o_c --> E1M_27ab7659ef3699_c + 2.0 h_c + pi_c	0.0	0.0	0.0	1000.0
E1R02050	E1_candidate	E1R02050	iJN1463:HMSD2	E1M_c6147ad7e9da9c_c + h2o_c + nad_c --> E1M_d1284b01257330_c + 2.0 h_c + nadh_c	0.0	0.0	0.0	0.0
E1R02051	E1_candidate	E1R02051	iCN1361:R_RXN_10715;iJN1463:ALDD20x	E1M_b889887917b0cc_c + h2o_c + nad_c --> E1M_bf62647ebedbca_c + 2.0 h_c + nadh_c	0.0	0.0	0.0	0.0
E1R02052	E1_candidate	E1R02052	iCN1361:R_RXN_10089	E1M_7836f248b3b4b6_c + h2o_c + nad_c --> E1M_c5623e811006fc_c + 2.0 h_c + nadh_c	0.0	0.0	0.0	0.0
E1R02053	E1_candidate	E1R02053	iJN1463:AASAD3	E1M_ff848730d80bef_c + h2o_c + nad_c --> E1M_67cf23c4e567a3_c + 2.0 h_c + nadh_c	0.0	0.0	0.0	999.9589101682823
E1R02054	E1_candidate	E1R02054	iCN1361:R_LACTALDDEHYDROG_RXN;iJN1463:LCADi;iML1515:LCADi	E1M_0fa715cb1ae0f3_c + h2o_c + nad_c <=> E1M_7b63d86a8f31f8_c + 2.0 h_c + nadh_c	0.0	0.0	-1000.0000000000002	1000.0000000000008
E1R02055	E1_candidate	E1R02055	iCN1361:R_LIPIDXSYNTHESIS_RXN;iML1515:USHD	E1M_072e9ca99ed9a1_c + h2o_c <=> E1M_ba48574da318f0_c + 2.0 h_c + ump_c	0.0	0.0	0.0	0.0
E1R02056	E1_candidate	E1R02056	iJN1463:USHD1	E1M_2854814d63b7d6_c + h2o_c --> E1M_93b84eddb38a91_c + 2.0 h_c + ump_c	0.0	0.0	0.0	0.0
E1R02057	E1_candidate	E1R02057	iJN1463:R05217_nad	E1M_d7fb6d0518f40a_c + h2o_c + nad_c <-- E1M_be57032243cb35_c + 2.0 h_c + nadh_c + o2_c	0.0	0.0	0.0	0.0
E1R02058	E1_candidate	E1R02058	iCN1361:R_R222_RXN	E1M_5780a0b7723717_c + h2o_c + nad_c --> E1M_c7afdf21323a4d_c + 2.0 h_c + nadh_c	0.0	0.0	0.0	0.0
E1R02059	E1_candidate	E1R02059	iCN1361:R_PHENDEHYD_RXN;iJN1463:ALDD19xr;iML1515:ALDD19xr	E1M_38eb18abbd94f1_c + h2o_c + nad_c <=> E1M_0dffc0bd5bf0c3_c + 2.0 h_c + nadh_c	0.0	0.0	0.0	760.9740954476569
E1R02060	E1_candidate	E1R02060	iCN1361:R_RXN0_5293_NAD;iJN1463:SSALx;iML1515:SSALx	E1M_2688447a251e68_c + h2o_c + nad_c <=> 2.0 h_c + nadh_c + succ_c	0.0	0.0	-1000.0	1999.9777912435743
E1R02061	E1_candidate	E1R02061	iCN1361:R_SUCCGLUALDDEHYD_RXN;iJN1463:SGSAD;iML1515:SGSAD	E1M_62a5532dd27536_c + h2o_c + nad_c <=> E1M_09d837b23bac53_c + 2.0 h_c + nadh_c	0.0	0.0	0.0	999.9777912435735
E1R02062	E1_candidate	E1R02062	iJN1463:VNDH	E1M_093ed495062504_c + h2o_c + nad_c --> E1M_c4fd6cf8ea10d1_c + 2.0 h_c + nadh_c	0.0	0.0	0.0	0.0
E1R02063	E1_candidate	E1R02063	iCN1361:R_RXN_9758	E1M_8590ce829ea540_c + h2o_c + nad_c --> E1M_45d971744b16f2_c + 2.0 h_c + nadh_c	0.0	0.0	0.0	0.0
E1R02064	E1_candidate	E1R02064	iCN1361:R_RXN_9910	E1M_a289cd2c48acad_c + h2o_c + nad_c --> E1M_1e623c2c7b320a_c + 2.0 h_c + nadh_c	0.0	0.0	0.0	0.0
E1R02065	E1_candidate	E1R02065	iCN1361:R_RXN66_479	E1M_1e867f616ca7c7_c + h2o_c + nad_c --> E1M_b9e803358e947b_c + 2.0 h_c + nadh_c	0.0	0.0	0.0	0.0
E1R02066	E1_candidate	E1R02066	iCN1361:R_RXN_11746	E1M_1e4dc3e61a48be_c + h2o_c + nad_c <=> E1M_ee091449e0f6ae_c + 2.0 h_c + nadh_c	0.0	0.0	0.0	0.0
E1R02067	E1_candidate	E1R02067	iCN1361:R_RXN_11619	E1M_3be50075e4c183_c + h2o_c + nad_c --> E1M_46a153bda617ec_c + 2.0 h_c + nadh_c	0.0	0.0	0.0	0.0
E1R02068	E1_candidate	E1R02068	iCN1361:R_RXN_14224	E1M_c9e19ad96c7c1c_c + h2o_c + nad_c --> E1M_7a8d365de31d4c_c + 2.0 h_c + nadh_c	0.0	0.0	0.0	0.0
E1R02069	E1_candidate	E1R02069	iCN1361:R_CHMS_DEHYDROGENASE_RXN	E1M_52ba42fb143044_c + h2o_c + nad_c --> E1M_a71e88e00899d9_c + 2.0 h_c + nadh_c	0.0	0.0	0.0	0.0
E1R02070	E1_candidate	E1R02070	iCN1361:R_ANTHRANILOYL_COA_MONOOXYGENASE_RXN_NAD	E1M_ae80bbf7318b5b_c + h2o_c + 2.0 nad_c <-- E1M_1099903fdb731c_c + 2.0 h_c + 2.0 nadh_c + o2_c	0.0	0.0	0.0	0.0
E1R02071	E1_candidate	E1R02071	iJN1463:ALDD3y_copy1;iJN1463:ALDD3y_copy2;iML1515:ALDD3y	E1M_5c35585fa1091a_c + h2o_c + nadp_c --> E1M_ddfbeb6db46f97_c + 2.0 h_c + nadph_c	0.0	0.0	0.0	0.0
E1R02072	E1_candidate	E1R02072	iJN1463:SSALy;iML1515:SSALy	E1M_2688447a251e68_c + h2o_c + nadp_c --> 2.0 h_c + nadph_c + succ_c	0.0	0.0	0.0	2999.977791243564
E1R02073	E1_candidate	E1R02073	iCN1361:R_ANTHRANILOYL_COA_MONOOXYGENASE_RXN_NADP	E1M_ae80bbf7318b5b_c + h2o_c + 2.0 nadp_c <-- E1M_1099903fdb731c_c + 2.0 h_c + 2.0 nadph_c + o2_c	0.0	0.0	0.0	0.0
E1R02074	E1_candidate	E1R02074	iML1515:APH180	E1M_68bfda662191bd_c + h2o_c --> E1M_5cb95c7bcf69ec_c + 2.0 h_c + pi_c	0.0	4.425464899873246e-20	0.0	1000.0
E1R02075	E1_candidate	E1R02075	iML1515:APH181	E1M_3a8788ee923cff_c + h2o_c --> E1M_e53aef644d0bd7_c + 2.0 h_c + pi_c	0.0	0.0	0.0	1000.0
E1R02076	E1_candidate	E1R02076	iML1515:APH140	E1M_dc131e8df365e9_c + h2o_c --> E1M_e33b14dedfde2c_c + 2.0 h_c + pi_c	0.0	0.0	0.0	1000.0
E1R02077	E1_candidate	E1R02077	iML1515:APH141	E1M_d48b6bc51b3119_c + h2o_c --> E1M_1e2587d5b02594_c + 2.0 h_c + pi_c	0.0	0.0	0.0	1000.0
E1R02078	E1_candidate	E1R02078	iCN1361:R_HISTPRATPHYD_RXN	h2o_c + prbatp_c <=> 2.0 h_c + ppi_c + prbamp_c	0.0	0.018747499356986518	-999.981252500643	499.94225285779794
E1R02079	E1_candidate	E1R02079	iCN1361:R_FLUORO4_31145_RXN	E1M_2b3c8b9233b9aa_c + h2o_c --> E1M_15aa7bcdbe45ba_c + E1M_638bfa56a2b24c_c + 2.0 h_c	0.0	0.0	0.0	0.0
E1R02080	E1_candidate	E1R02080	iCN1361:R_RXN_8001;iJN1463:HISTD;iML1515:HISTD	h2o_c + histd_c + 2.0 nad_c --> 3.0 h_c + his_DASH_L_c + 2.0 nadh_c	0.0	0.0	0.0	499.9422528575908
E1R02081	E1_candidate	E1R02081	iCN1361:R_UDPMANNACADEHYDROG_RXN;iML1515:UACMAMO	E1M_c5a8f3e64e8ff4_c + h2o_c + 2.0 nad_c <=> E1M_dc42bd42c9db0a_c + 3.0 h_c + 2.0 nadh_c	0.0	0.0	0.0	0.0
E1R02082	E1_candidate	E1R02082	iJN1463:HDH	h2o_c + histd_c + 2.0 nad_c --> 4.0 h_c + his_DASH_L_c + 2.0 nadh_c	0.0	0.01874749935698652	0.0	499.94225285759825
E1R02083	E1_candidate	E1R02083	iJN1463:RECOAH7	E1M_9ab8a3cdff27b5_c + h2o_c <=> E1M_d0d4453b3ae7f2_c	0.0	0.0	0.0	0.0
E1R02084	E1_candidate	E1R02084	iJN1463:AMPTASEHH	E1M_68646075074a12_c + h2o_c --> 2.0 his_DASH_L_c	0.0	0.0	0.0	0.0
E1R02085	E1_candidate	E1R02085	iJN1463:RECOAH9	E1M_3a00b97becf9f5_c + h2o_c <=> E1M_da19b2bf37c22b_c	0.0	0.0	-999999.0000000002	0.0
E1R02086	E1_candidate	E1R02086	iJN1463:RECOAH2	E1M_3fa8b9e1632eee_c + h2o_c <=> E1M_8240b25d18465b_c	0.0	-0.014857393240411817	-999999.0	1999.9851426068926
E1R02087	E1_candidate	E1R02087	iJN1463:INSH;iML1515:INSH	h2o_c + ins_c --> E1M_17125ed4eb7f38_c + hxan_c	0.0	0.0	0.0	3999.999999999852
E1R02088	E1_candidate	E1R02088	iCN1361:R_RXNN_404	E1M_f1bb51f534ee40_c + h2o_c <=> E1M_bf62647ebedbca_c + nh4_c	0.0	0.0	0.0	0.0
E1R02089	E1_candidate	E1R02089	iCN1361:R_RXN_7607;iJN1463:NTD11;iML1515:NTD11	h2o_c + imp_c --> ins_c + pi_c	0.0	0.0	0.0	4992.9574207086225
E1R02090	E1_candidate	E1R02090	iML1515:TRPAS2	h2o_c + trp_DASH_L_c <=> indole_c + nh4_c + pyr_c	-0.0653355292411121	-0.1288321906645691	-1000.0	1000.0
E1R02091	E1_candidate	E1R02091	iCN1361:R_RXN0_5408;iJN1463:MI1PP;iML1515:MI1PP	E1M_3155bb6533e266_c + h2o_c --> E1M_23d679fc916490_c + pi_c	0.0	0.0	0.0	0.0
E1R02092	E1_candidate	E1R02092	iJN1463:LEULEULAPc	E1M_7afc0326e1e831_c + h2o_c --> 2.0 leu_DASH_L_c	0.0	0.0	0.0	0.0
E1R02093	E1_candidate	E1R02093	iML1515:RHMND	E1M_36a55a798c4385_c + h2o_c <=> E1M_8f08236d3a81c6_c	0.0	0.0	0.0	0.0
E1R02094	E1_candidate	E1R02094	iCN1361:R_RXN_14794	E1M_ed987acc1d3906_c + h2o_c --> E1M_e8e67bff190c54_c	0.0	0.0	0.0	0.0
E1R02095	E1_candidate	E1R02095	iCN1361:R_RXN_14778	E1M_afaaa79a893c34_c + h2o_c --> E1M_d721a2b5fb3632_c	0.0	0.0	0.0	0.0
E1R02096	E1_candidate	E1R02096	iCN1361:R_RXN_646;iJN1463:PYRZAM	E1M_57d9c68e6246fd_c + h2o_c <=> E1M_bfb7782c9d42e2_c + nh4_c	0.0	0.0	0.0	815.392615507773
E1R02097	E1_candidate	E1R02097	iJN1463:MOTH1	E1M_4c61e9ae24f97e_c + h2o_c --> E1M_135bd8646d3c03_c + E1M_fdd752bd315693_c	0.0	0.0	0.0	4989.415875497062
E1R02098	E1_candidate	E1R02098	iCN1361:R_RXN_12302	3.0 E1M_abb0f590677184_c + h2o_c --> malttr_c	0.0	0.0	0.0	333.3333333333333
E1R02099	E1_candidate	E1R02099	iML1515:MN6PP	h2o_c + man6p_c --> E1M_d1209a0b4faa9d_c + pi_c	0.0	0.0	0.0	1000.0
E1R02100	E1_candidate	E1R02100	iML1515:MTHTHFSs	E1M_39a4db99b91bec_c + h2o_c --> E1M_34fe7d959470e7_c	0.0	0.0	0.0	0.0
E1R02101	E1_candidate	E1R02101	iJN1463:PMEACPE;iML1515:PMEACPE	E1M_6087cbdf90dfb7_c + h2o_c --> E1M_2cc3cbd65840cd_c + E1M_7cf9059c34e552_c	0.0	0.0	0.0	0.0
E1R02102	E1_candidate	E1R02102	iJN1463:METSOXR2;iML1515:METSOXR2	h2o_c + met_DASH_L_c + trdox_c <-- E1M_6d119809382011_c + trdrd_c	0.0	0.0	-2038.481539550564	0.0
E1R02103	E1_candidate	E1R02103	iJN1463:METSOXR1;iML1515:METSOXR1	h2o_c + met_DASH_L_c + trdox_c <-- E1M_963158e39ea379_c + trdrd_c	0.0	0.0	-2038.4815395505711	0.0
E1R02104	E1_candidate	E1R02104	iML1515:SELR	E1M_3be4d6ab9e6005_c + E1M_dc445dacd19268_c + h2o_c <-- E1M_7c276a707cb8bf_c + E1M_84515c87c1e429_c	0.0	0.0	0.0	0.0
E1R02105	E1_candidate	E1R02105	iJN1463:ORN5O	E1M_7813cb810bfb60_c + h2o_c + nad_c <-- nadh_c + o2_c + orn_c	0.0	0.0	0.0	0.0
E1R02106	E1_candidate	E1R02106	iCN1361:R_NICOTINAMID_RXN;iML1515:NNAM	E1M_08852747b11070_c + h2o_c <=> E1M_df5efa84b54b56_c + nh4_c	0.0	0.0	0.0	999.9999812518777
E1R02107	E1_candidate	E1R02107	iJN1463:PALDO2	E1M_62ad3ac073944b_c + h2o_c + nad_c <=> E1M_8d27a2f73304a8_c + nadh_c + o2_c	0.0	0.0	0.0	0.0
E1R02108	E1_candidate	E1R02108	iML1515:NADHHR	h2o_c + nadh_c --> E1M_8322f46fcad2fb_c	0.0	0.0	0.0	999.9999999999999
E1R02109	E1_candidate	E1R02109	iML1515:NADHHS	h2o_c + nadh_c --> E1M_d8d7084e6892bc_c	0.0	0.0	0.0	1000.0
E1R02110	E1_candidate	E1R02110	iCN1361:R_RXN66_81	E1M_aa8f609cf5ae63_c + h2o_c + nadp_c <-- E1M_ca60c69d4429bf_c + nadph_c + o2_c	0.0	0.0	0.0	0.0
E1R02111	E1_candidate	E1R02111	iML1515:NADPHHR	h2o_c + nadph_c --> E1M_238fa1e83b361f_c	0.0	0.0	0.0	999.9999999999999
E1R02112	E1_candidate	E1R02112	iML1515:NADPHHS	h2o_c + nadph_c --> E1M_5b0dd1ecd7dc42_c	0.0	0.0	0.0	1000.0
E1R02113	E1_candidate	E1R02113	iJN1463:NMNDA;iML1515:NMNDA	E1M_2957a32c1aeffd_c + h2o_c --> nh4_c + nicrnt_c	0.0	0.0	0.0	999.9999812521294
E1R02114	E1_candidate	E1R02114	iCN1361:R_RXN_14727	E1M_5642a6a3e8cc68_c + h2o_c --> E1M_ddfbeb6db46f97_c + nh4_c	0.0	0.0	0.0	0.0
E1R02115	E1_candidate	E1R02115	iCN1361:R_RXN_12729	E1M_7dee069b8d0d40_c + h2o_c --> E1M_4e421bd24584f7_c + nh4_c + pyr_c	0.0	0.0	0.0	0.0
E1R02116	E1_candidate	E1R02116	iCN1361:R_RXN_15127	E1M_443515e3857abd_c + h2o_c --> nh4_c + pyr_c	0.0	0.0	0.0	1000.0
E1R02117	E1_candidate	E1R02117	iML1515:UGCIAMH	E1M_453b4c6b805737_c + h2o_c --> E1M_067cf16e2fc2da_c + nh4_c	0.0	0.0	0.0	999.9999999999999
E1R02118	E1_candidate	E1R02118	iCN1361:R_RXN_14227	h2o_c + nicrnt_c --> E1M_00c75e5dbc78b8_c + pi_c	0.0	0.0	0.0	0.0
E1R02119	E1_candidate	E1R02119	iCN1361:R_RXN_5841	E1M_2957a32c1aeffd_c + h2o_c --> E1M_19ceff1b6ba8c6_c + pi_c	0.0	0.0	0.0	0.0
E1R02120	E1_candidate	E1R02120	iCN1361:R_RXN0_6369	E1M_2fb3512a27c6f0_c + h2o_c + q8_c <-- E1M_4374377df80c78_c + E1M_87e56e94440c6c_c	0.0	0.0	0.0	0.0
E1R02121	E1_candidate	E1R02121	iJN1463:RECOAH10	E1M_5ffa32640bc689_c + h2o_c <=> E1M_88e1885c8048a1_c	0.0	0.0	-999999.0000000002	0.0
E1R02122	E1_candidate	E1R02122	iML1515:DTARTD	h2o_c + oaa_c <-- E1M_995d6a0e315fab_c	0.0	0.0	0.0	0.0
E1R02123	E1_candidate	E1R02123	iML1515:TARTD	h2o_c + oaa_c <-- E1M_94c65b2926a772_c	0.0	0.0	0.0	0.0
E1R02124	E1_candidate	E1R02124	iJN1463:RECOAH3	E1M_7a17051e9be883_c + h2o_c <=> E1M_56f9c228488432_c	0.0	-0.014857393240411815	-999999.0	1999.9865205480019
E1R02125	E1_candidate	E1R02125	iCN1361:R_RXN_14276	E1M_7a17051e9be883_c + h2o_c --> E1M_14800ba33b986f_c	0.0	0.0	0.0	999.9999999999998
E1R02126	E1_candidate	E1R02126	iJN1463:OMAHY	E1M_75a7327a6b10dd_c + h2o_c --> E1M_97e743ae4b4c2f_c	0.0	0.0	0.0	0.0
E1R02127	E1_candidate	E1R02127	iJN1463:RECOAH17	E1M_fec87327919138_c + h2o_c <=> E1M_5076f63f633c52_c	0.0	0.0	-999998.9999999999	3.234519152544113e-10
E1R02128	E1_candidate	E1R02128	iJN1463:RECOAH11	E1M_4a7ed42d33a05e_c + h2o_c <=> E1M_c929f92bc83e55_c	0.0	0.0	-999999.0000000002	0.0
E1R02129	E1_candidate	E1R02129	iML1515:PDXPP	h2o_c + pdx5p_c --> pi_c + pydxn_c	0.0	0.0	0.0	1000.0
E1R02130	E1_candidate	E1R02130	iJN1463:PGPP120;iML1515:PGPP120	E1M_c085f384dfd44b_c + h2o_c --> pg120_c + pi_c	0.004420154701652848	0.0025699697035202356	0.0	0.004420154697391574
E1R02131	E1_candidate	E1R02131	iJN1463:PGPP140;iML1515:PGPP140	E1M_3d1da36f77018a_c + h2o_c --> E1M_78c5c0427b4c19_c + pi_c	0.0	0.0	0.0	0.0
E1R02132	E1_candidate	E1R02132	iJN1463:PGPP141;iML1515:PGPP141	E1M_5b6339ff97f195_c + h2o_c --> E1M_add9f315996cc0_c + pi_c	0.0	0.0	0.0	0.0
E1R02133	E1_candidate	E1R02133	iJN1463:PGPP160;iML1515:PGPP160	E1M_bb1dcd3236893b_c + h2o_c --> E1M_6c4ef355c042f8_c + pi_c	0.0	0.0	0.0	0.0
E1R02134	E1_candidate	E1R02134	iJN1463:PGPP161;iML1515:PGPP161	E1M_909111e4e8b9d6_c + h2o_c --> E1M_5c615e30e1537f_c + pi_c	0.0	0.0	0.0	0.0
E1R02135	E1_candidate	E1R02135	iJN1463:PGPP180;iML1515:PGPP180	E1M_ffc91157743f4e_c + h2o_c --> E1M_c43685872b8e0c_c + pi_c	0.0	0.0	0.0	0.0
E1R02136	E1_candidate	E1R02136	iJN1463:PGPP181;iML1515:PGPP181	E1M_dd1142386a9478_c + h2o_c --> E1M_a4063c3e928e9b_c + pi_c	0.0	0.0	0.0	0.0
E1R02137	E1_candidate	E1R02137	iJN1463:RECOAH14	E1M_26d4352516e062_c + h2o_c <=> E1M_ececea6a2c72e2_c	0.0	0.0	-999999.0000000001	0.0
E1R02138	E1_candidate	E1R02138	iJN1463:RECOAH15	E1M_7c5dbf20f2623e_c + h2o_c <=> E1M_b9d47c20f029be_c	0.0	0.0	-999998.9999999999	0.0
E1R02139	E1_candidate	E1R02139	iCN1361:R_TRIPHOSPHATASE_RXN	h2o_c + pppi_c --> pi_c + ppi_c	0.0	0.0	0.0	1000.0
E1R02140	E1_candidate	E1R02140	iML1515:HYPOE	h2o_c + pyam5p_c --> pi_c + pydam_c	0.0	0.0	0.0	1000.0
E1R02141	E1_candidate	E1R02141	iML1515:PYDXPP	h2o_c + pydx5p_c --> pi_c + pydx_c	0.0	0.0	0.0	1000.0
E1R02142	E1_candidate	E1R02142	iML1515:R5PP	h2o_c + r5p_c --> E1M_17125ed4eb7f38_c + pi_c	0.0	0.0	0.0	1000.0
E1R02143	E1_candidate	E1R02143	iML1515:RU5PP	h2o_c + ru5p_DASH_D_c --> E1M_f1b7251141e203_c + pi_c	0.0	0.0	0.0	0.0
E1R02144	E1_candidate	E1R02144	iCN1361:R_TREHALOSEPHOSPHA_RXN;iML1515:TRE6PP	E1M_06931487dfa020_c + h2o_c --> E1M_fdd752bd315693_c + pi_c	0.0	0.0	0.0	1000.0000000000002
E1R02145	E1_candidate	E1R02145	iCN1361:R_RXN_14025;iJN1463:NTD2;iML1515:NTD2	h2o_c + ump_c <=> pi_c + uri_c	0.3125911908815525	0.0	-1000.0	4999.977784213263
E1R02146	E1_candidate	E1R02146	iCN1361:R_XMPXAN_RXN;iJN1463:NTD10;iML1515:NTD10	h2o_c + xmp_c --> pi_c + xtsn_c	0.0	0.0	0.0	1999.9873360641698
E1R02147	E1_candidate	E1R02147	iCN1361:R_RXN1G_1436	E1M_864ed0dc3243fe_c + h2o_c --> E1M_a8e4d774e21016_c + pi_c	0.0	0.0	0.0	0.0
E1R02148	E1_candidate	E1R02148	iCN1361:R_RXN1G_1437	E1M_728fc1999a32ad_c + h2o_c --> E1M_361b033a77dc5c_c + pi_c	0.0	0.0	0.0	0.0
E1R02149	E1_candidate	E1R02149	iCN1361:R_RXN1G_1438	E1M_77f39f75a04bd7_c + h2o_c --> E1M_0b9dfec09e7802_c + pi_c	0.0	0.0	0.0	0.0
E1R02150	E1_candidate	E1R02150	iCN1361:R_RXN1G_1439	E1M_ff770c2604d6e3_c + h2o_c --> E1M_da2346cbdbb819_c + pi_c	0.0	0.0	0.0	0.0
E1R02151	E1_candidate	E1R02151	iCN1361:R_RXN1G_1435	E1M_e8acee5635713a_c + h2o_c --> E1M_ddabf7ee422811_c + pi_c	0.0	0.0	0.0	0.0
E1R02152	E1_candidate	E1R02152	iCN1361:R_RXN_13313	E1M_fdb30026b73711_c + h2o_c --> E1M_0520f857105546_c + pi_c	0.0	0.0	0.0	0.0
E1R02153	E1_candidate	E1R02153	iCN1361:R_PGPPHOSPHA_RXN_C12	E1M_42e264383bc00b_c + h2o_c --> E1M_9a1670a10ddd64_c + pi_c	0.0	0.0	0.0	0.0
E1R02154	E1_candidate	E1R02154	iCN1361:R_PGPPHOSPHA_RXN_C14	E1M_903d56988416df_c + h2o_c --> E1M_8cb8a2551002c1_c + pi_c	0.0	0.0	0.0	0.0
E1R02155	E1_candidate	E1R02155	iCN1361:R_PGPPHOSPHA_RXN_C15	E1M_32e8b5bff26fb4_c + h2o_c --> E1M_4c9cf6d0fd03b8_c + pi_c	0.0	0.0	0.0	0.0
E1R02156	E1_candidate	E1R02156	iCN1361:R_PGPPHOSPHA_RXN_C16	E1M_2646fd9bf84090_c + h2o_c --> E1M_2adced53375c7e_c + pi_c	0.0	0.0	0.0	0.0
E1R02157	E1_candidate	E1R02157	iCN1361:R_PGPPHOSPHA_RXN_C161	E1M_e277fc8a9dd4a6_c + h2o_c --> E1M_814c2ebc0ab188_c + pi_c	0.0	0.0	0.0	0.0
E1R02158	E1_candidate	E1R02158	iCN1361:R_PGPPHOSPHA_RXN_C17	E1M_a360b174b1a6e4_c + h2o_c --> E1M_2e5fd713bc63c5_c + pi_c	0.0	0.0	0.0	0.0
E1R02159	E1_candidate	E1R02159	iCN1361:R_PGPPHOSPHA_RXN_C171	E1M_e4b1c7de7ba351_c + h2o_c --> E1M_e9bd0717e92281_c + pi_c	0.0	0.0	0.0	0.0
E1R02160	E1_candidate	E1R02160	iCN1361:R_PGPPHOSPHA_RXN_C18	E1M_fba53ebd86411a_c + h2o_c --> E1M_204a2ab3347b0f_c + pi_c	0.0	0.0	0.0	0.0
E1R02161	E1_candidate	E1R02161	iCN1361:R_PGPPHOSPHA_RXN_C181	E1M_6b66d1403dbef7_c + h2o_c --> E1M_8d9361a9bcb2bd_c + pi_c	0.0	0.0	0.0	0.0
E1R02162	E1_candidate	E1R02162	iJN1463:IDPh_1	h2o_c + ppi_c --> 2.0 pi_c	0.0	0.0	0.0	1000.0
E1R02163	E1_candidate	E1R02163	iJN1463:RECOAH12	E1M_83c182043dc8bc_c + h2o_c <=> E1M_ee88a9cc4609c0_c	0.0	0.0	-999999.0000000002	0.0
E1R02164	E1_candidate	E1R02164	iJN1463:RECOAH13	E1M_751263c42eb21a_c + h2o_c <=> E1M_9c188db37e05ff_c	0.0	0.0	-999999.0000000001	0.0
E1R02165	E1_candidate	E1R02165	iJN1463:RECOAH16	E1M_501d9403378012_c + h2o_c <=> E1M_6b8c6d0f0ccb9d_c	0.0	0.0	-999998.9999999999	0.0
E1R02166	E1_candidate	E1R02166	iCN1361:R_RXN0_5398;iML1515:YUMPS	E1M_f407042d05242f_c + h2o_c <=> r5p_c + ura_c	0.0	0.0	0.0	0.0
E1R02167	E1_candidate	E1R02167	iJN1463:RECOAH8	E1M_3f06252004c5be_c + h2o_c <=> E1M_af4acf5c31909a_c	0.0	0.0	0.0	0.0
E1R02168	E1_candidate	E1R02168	iJN1463:URIH;iML1515:URIH	h2o_c + uri_c --> E1M_17125ed4eb7f38_c + ura_c	0.0	0.0	0.0	2999.9777842132676
E1R02169	E1_candidate	E1R02169	iJN1463:XTSNH;iML1515:XTSNH	h2o_c + xtsn_c --> E1M_17125ed4eb7f38_c + xan_c	0.0	0.0	0.0	2999.9873360642687
E1R02170	E1_candidate	E1R02170	iJN1463:RECOAH21	E1M_d4323b4a7a27ed_c + h2o_c <=> E1M_3da04e7b2e0ad3_c	0.0	0.0	-999999.0	8878.785233498435
E1R02171	E1_candidate	E1R02171	iJN1463:RECOAH6	E1M_29b3cc0a2c827f_c + h2o_c <=> E1M_8330a0a9dc18ef_c	0.004836643442538066	0.0	-999999.0	2499.9994375749957
E1R02172	E1_candidate	E1R02172	iJN1463:RECOAH24	E1M_cc94ce4ec93a2d_c + h2o_c <=> E1M_d64cab39f483e1_c	0.0	0.0	-999999.0000000001	0.0
E1R02173	E1_candidate	E1R02173	iJN1463:RECOAH23	E1M_75b8ce8302a3a2_c + h2o_c <=> E1M_ed4230dd9083cd_c	0.0	0.0	-999999.0000000002	1333.3323959582233
E1R02174	E1_candidate	E1R02174	iCN1361:R_RXN_9533	h2o_c + tddec2eACP_c <=> E1M_5264cadc538e8e_c	0.0	0.0	-999.9999999999999	1.9880249738552957e-13
E1R02175	E1_candidate	E1R02175	iCN1361:R_RXN_7908	E1M_3f8fe07bab355e_c + h2o_c <=> E1M_fa82b68e0368a8_c	0.0	0.0	0.0	0.0
E1R02176	E1_candidate	E1R02176	iCN1361:R_RXN_9520	h2o_c + thex2eACP_c <=> E1M_66b93d762acdc4_c	0.0	0.0	-1000.0	2.2737367544323206e-13
E1R02177	E1_candidate	E1R02177	iJN1463:UACGAMDH2	E1M_60973573097bef_c + h2o_c <-- uacgam_c	0.0	0.0	0.0	0.0
E1R02178	E1_candidate	E1R02178	iCN1361:R_RXN_9998	E1M_d0e812a0a1be9f_c + h2o_c <-- uacgam_c	0.0	0.0	0.0	0.0
E1R02179	E1_candidate	E1R02179	iCN1361:R_RXN_13252	E1M_8f07a140d915e1_c + h2o_c <=> uacgam_c	0.0	0.0	0.0	0.0
E1R02180	E1_candidate	E1R02180	iCN1361:R_42161_RXN_odd	E1M_83ba76b3a7cc73_c + h2o_c <=> E1M_1047d1a93774b5_c	0.0	0.0	0.0	0.0
E1R02181	E1_candidate	E1R02181	iCN1361:R_42159_RXN_odd	E1M_b7622f4fcbd277_c + h2o_c <=> E1M_84930528abe47a_c	0.0	0.0	0.0	0.0
E1R02182	E1_candidate	E1R02182	iCN1361:R_RXN_10656_odd	E1M_7eea13542bb3e4_c + h2o_c <=> E1M_3dc0279961b13d_c	0.0	0.0	0.0	0.0
E1R02183	E1_candidate	E1R02183	iCN1361:R_RXN_10656	E1M_05e423e7ffe8b3_c + h2o_c <=> E1M_82bb4801a9f2d4_c	0.0	0.0	0.0	0.0
E1R02184	E1_candidate	E1R02184	iCN1361:R_RXN_10660_odd	E1M_ea76db2a789de3_c + h2o_c <=> E1M_94f0ccfb2a854e_c	0.0	0.0	0.0	0.0
E1R02185	E1_candidate	E1R02185	iCN1361:R_RXN_10660	E1M_636ad2116817fa_c + h2o_c <=> E1M_7c26634ec66ed6_c	0.0	0.0	0.0	0.0
E1R02186	E1_candidate	E1R02186	iCN1361:R_42158_RXN_odd	E1M_c9ba9d2c81778e_c + h2o_c <=> E1M_74a87823e2f119_c	0.0	0.0	0.0	0.0
E1R02187	E1_candidate	E1R02187	iCN1361:R_RXN0_2144	E1M_293c8c75fd1f8f_c + h2o_c <=> E1M_64599fc845cad9_c	0.0	0.0	0.0	0.0
E1R02188	E1_candidate	E1R02188	iCN1361:R_RXN0_2144_odd	E1M_c7786e3993435e_c + h2o_c <=> E1M_b6a00ea4f74b96_c	0.0	0.0	0.0	0.0
E1R02189	E1_candidate	E1R02189	iCN1361:R_RXN_9655_odd	E1M_b0859af68bb574_c + h2o_c <=> E1M_69385fe1782158_c	0.0	0.0	0.0	0.0
E1R02190	E1_candidate	E1R02190	iCN1361:R_RXN_9557	E1M_8b797c77b03cf8_c + h2o_c <=> E1M_1ded60024bfeab_c	0.0	0.0	0.0	0.0
E1R02191	E1_candidate	E1R02191	iCN1361:R_RXN_13908	E1M_fe37c60a347dbb_c + h2o_c <-- E1M_d04fbcb89ef175_c	0.0	0.0	0.0	0.0
E1R02192	E1_candidate	E1R02192	iCN1361:R_42158_RXN	E1M_398b2117c0d317_c + h2o_c <=> E1M_29ca926becf97f_c	0.0	0.0	-500.0000000000036	0.0
E1R02193	E1_candidate	E1R02193	iCN1361:R_RXN_9520_odd	E1M_ca03121a983e0d_c + h2o_c <=> E1M_c757cd1402b758_c	0.0	0.0	0.0	0.0
E1R02194	E1_candidate	E1R02194	iCN1361:R_RXN_9537_odd	E1M_0c2b8fc4660582_c + h2o_c <=> E1M_13dcaea4d6d34b_c	0.0	0.0	0.0	0.0
E1R02195	E1_candidate	E1R02195	iCN1361:R_RXN_9533_odd	E1M_70fd562ad74ec7_c + h2o_c <=> E1M_c17bd677733491_c	0.0	0.0	0.0	0.0
E1R02196	E1_candidate	E1R02196	iCN1361:R_42143_RXN	E1M_93d799b8f42fcb_c + h2o_c <=> E1M_deb0de18fcdc3e_c	0.0	0.0	0.0	0.0
E1R02197	E1_candidate	E1R02197	iCN1361:R_RXN_14791	E1M_9e192275d91107_c + h2o_c --> E1M_a6eedbe6b1a199_c	0.0	0.0	0.0	0.0
E1R02198	E1_candidate	E1R02198	iCN1361:R_RXN_14786	E1M_4730d71e0e04fc_c + h2o_c --> E1M_edcf8d197cacdb_c	0.0	0.0	0.0	0.0
E1R02199	E1_candidate	E1R02199	iCN1361:R_RXN_14772	E1M_798e440bb86456_c + h2o_c --> E1M_dd5eba24f5d206_c	0.0	0.0	0.0	0.0
E1R02200	E1_candidate	E1R02200	iCN1361:R_RXN_10705	E1M_f80899f5ac3f9c_c + h2o_c <-- E1M_4ec419b6fb5f0d_c	0.0	0.0	0.0	0.0
E1R02201	E1_candidate	E1R02201	iCN1361:R_RXN_10704	E1M_5e15b22add3478_c + h2o_c <-- E1M_9bdc009002be60_c	0.0	0.0	0.0	0.0
E1R02202	E1_candidate	E1R02202	iCN1361:R_RXN_10697	E1M_440a4d6364edda_c + h2o_c <-- E1M_f53674aa7e5b7a_c	0.0	0.0	0.0	0.0
E1R02203	E1_candidate	E1R02203	iCN1361:R_3329_RXN	E1M_5b548136dd4eed_c + h2o_c --> E1M_7f59b656b2a986_c	0.0	0.0	0.0	0.0
E1R02204	E1_candidate	E1R02204	iCN1361:R_HYDROXYHEPTA_DIENEDIOATE_HYDROXY_RXN	E1M_87a43d25b02f97_c + h2o_c <=> E1M_4c38818ebec457_c	0.0	0.0	0.0	0.0
E1R02205	E1_candidate	E1R02205	iCN1361:R_RXN_902	E1M_9e31bb85c10056_c + h2o_c --> E1M_2ceda8085b3d42_c	0.0	0.0	0.0	0.0
E1R02206	E1_candidate	E1R02206	iJN1463:CBPAH	E1M_1a8c717bbfee61_c + 2.0 h2o_c + 2.0 h_c --> hco3_c + nh4_c + ptrc_c	0.0	0.0	0.0	1999.9781279174174
E1R02207	E1_candidate	E1R02207	iCN1361:R_RXN0_6377_NAD;iJN1463:NTRIR2x;iML1515:NTRIR2x	2.0 h2o_c + 3.0 nad_c + nh4_c <-- E1M_2fb3512a27c6f0_c + 5.0 h_c + 3.0 nadh_c	0.0	0.0	0.0	0.0
E1R02208	E1_candidate	E1R02208	iCN1361:R_RXN0_6377_NADP	2.0 h2o_c + 3.0 nadp_c + nh4_c <-- E1M_2fb3512a27c6f0_c + 5.0 h_c + 3.0 nadph_c	0.0	0.0	0.0	0.0
E1R02209	E1_candidate	E1R02209	iCN1361:R_RXN_1404	E1M_bd7eaad4dcfc74_c + 2.0 h2o_c <=> E1M_bf62647ebedbca_c + nh4_c	0.0	0.0	0.0	0.0
E1R02210	E1_candidate	E1R02210	iJN1463:DESATPE160	E1M_8c2559d0e468b0_c + 4.0 h2o_c + 2.0 nadp_c <-- E1M_048fdbd6bdfe96_c + 2.0 h_c + 2.0 nadph_c + 2.0 o2_c	0.0	0.0	0.0	0.0
E1R02211	E1_candidate	E1R02211	iJN1463:DESATPG160	E1M_5c615e30e1537f_c + 4.0 h2o_c + 2.0 nadp_c <-- E1M_6c4ef355c042f8_c + 2.0 h_c + 2.0 nadph_c + 2.0 o2_c	0.0	0.0	0.0	0.0
E1R02212	E1_candidate	E1R02212	iJN1463:BVMO5	0.22 E1M_838aacc6c443e1_c + 0.78 E1M_899be0beba8e45_c + h2o_c + nadp_c <-- E1M_48d68e20e9a617_c + h_c + nadph_c + o2_c	0.0	0.0	0.0	0.0
E1R02213	E1_candidate	E1R02213	iJN1463:PPPGO;iML1515:PPPGO	3.0 h2o_c + ppp9_c <-- 1.5 o2_c + pppg9_c	0.0	0.0	-5.374048294233491e-06	0.0
E1R02214	E1_candidate	E1R02214	iCN1361:R_RXN0_6385	h2s_c + h_c + so3_c + trdox_c <-- E1M_aa4f290632a67f_c + trdrd_c	0.0	0.0	0.0	0.0
E1R02215	E1_candidate	E1R02215	iJN1463:SHSL2r	E1M_e654fc7e1bff38_c + h2s_c --> h_c + hcys_DASH_L_c + succ_c	0.1688853783216877	0.0	0.0	1000.0
E1R02216	E1_candidate	E1R02216	iJN1463:H2SO;iML1515:H2SO	h2s_c + 2.0 o2_c --> 2.0 h_c + so4_c	0.0	0.0	0.0	1000.0120916085582
E1R02217	E1_candidate	E1R02217	iJN1463:HCYSMT2;iML1515:HCYSMT2	h_c + 2.0 met_DASH_L_c <-- E1M_e876e517c79bbe_c + hcys_DASH_L_c	0.0	0.0	0.0	0.0
E1R02218	E1_candidate	E1R02218	iML1515:EAR161x	E1M_6c4c0c64aded6f_c + h_c + nadh_c --> E1M_7152854ab22c40_c + nad_c	0.0	0.0	0.0	1000.0000000001183
E1R02219	E1_candidate	E1R02219	iJN1463:EAR161y;iML1515:EAR161y	E1M_6c4c0c64aded6f_c + h_c + nadph_c --> E1M_7152854ab22c40_c + nadp_c	0.0	0.0	0.0	1000.0000000000011
E1R02220	E1_candidate	E1R02220	iML1515:EAR60x	h_c + nadh_c + thex2eACP_c --> hexACP_c + nad_c	0.0	0.0	0.0	1000.0
E1R02221	E1_candidate	E1R02221	iCN1361:R_MERCURY_II_REDUCTASE_RXN	E1M_6c43c6f8a21cd9_c + h_c + nadp_c <-- E1M_e531c87c1e8dc0_c + nadph_c	0.0	0.0	0.0	0.0
E1R02222	E1_candidate	E1R02222	iJN1463:PC8XM	E1M_da673ed0a8942c_c + h_c --> E1M_2cdfa50b348cb6_c	0.0	0.0	0.0	0.0
E1R02223	E1_candidate	E1R02223	iJN1463:OGMEACPR;iML1515:OGMEACPR	E1M_e92de299060493_c + h_c + nadph_c --> E1M_f9f70801b1dd45_c + nadp_c	0.0	0.0	0.0	0.0
E1R02224	E1_candidate	E1R02224	iCN1361:R_RXN_2962_NAD;iJN1463:FALDH2;iML1515:FALDH2	E1M_35a2fdba0c5250_c + h_c + nadh_c <=> E1M_9fe36aba382c20_c + nad_c	0.0	0.0	-2538.481538769102	0.0
E1R02225	E1_candidate	E1R02225	iJN1463:OPMEACPR;iML1515:OPMEACPR	E1M_24d68287c0054e_c + h_c + nadph_c --> E1M_d43cf9d666c704_c + nadp_c	0.0	0.0	0.0	0.0
E1R02226	E1_candidate	E1R02226	iCN1361:R_DLACTDEHYDROGNAD_RXN;iJN1463:LDH_D;iML1515:LDH_D	h_c + nadh_c + pyr_c <=> E1M_9df77ebc3d2239_c + nad_c	0.0	0.0	-3000.0352318885534	10998.882990081342
E1R02227	E1_candidate	E1R02227	iCN1361:R_L_LACTATE_DEHYDROGENASE_RXN	h_c + nadh_c + pyr_c <=> E1M_7b63d86a8f31f8_c + nad_c	0.0	0.0	-999.9999999999999	1000.0
E1R02228	E1_candidate	E1R02228	iML1515:LALDO2x	E1M_c31c438121d023_c + h_c + nadh_c --> E1M_2a80c00bf96f32_c + nad_c	0.0	0.0	0.0	0.0
E1R02229	E1_candidate	E1R02229	iML1515:LALDO3	E1M_c31c438121d023_c + h_c + nadph_c --> E1M_0fa715cb1ae0f3_c + nadp_c	0.0	0.0	0.0	1000.0
E1R02230	E1_candidate	E1R02230	iCN1361:R_LIPIDADISACCHARIDESYNTH_RXN;iML1515:LPADSS	E1M_4c7b24eb4be58d_c + h_c + udp_c <=> E1M_072e9ca99ed9a1_c + E1M_ba48574da318f0_c	0.0	0.0	0.0	0.0
E1R02231	E1_candidate	E1R02231	iJN1463:LPADSS2_1	E1M_bb87f63275e017_c + h_c + udp_c <-- E1M_2854814d63b7d6_c + E1M_93b84eddb38a91_c	0.0	0.0	0.0	0.0
E1R02232	E1_candidate	E1R02232	iCN1361:R_RXN_12560	E1M_77fa9070767d18_c + h_c + nadph_c <=> E1M_89073c1c525db8_c + nadp_c	0.0	0.0	0.0	0.0
E1R02233	E1_candidate	E1R02233	iCN1361:R_RXN_14393	E1M_944d10ede0af44_c + h_c + nadh_c <-- E1M_896a7f9da9ab20_c + nad_c	0.0	0.0	0.0	0.0
E1R02234	E1_candidate	E1R02234	iML1515:NADH10	E1M_dc445dacd19268_c + h_c + nadh_c --> E1M_7c276a707cb8bf_c + nad_c	0.0	0.0	0.0	1000.0
E1R02235	E1_candidate	E1R02235	iML1515:NADPHQR3	E1M_dc445dacd19268_c + h_c + nadph_c --> E1M_7c276a707cb8bf_c + nadp_c	0.0	0.0	0.0	1000.0
E1R02236	E1_candidate	E1R02236	iML1515:EAR140x	h_c + nadh_c + tmrs2eACP_c --> myrsACP_c + nad_c	0.0009673286885076139	0.0	0.0	1000.0
E1R02237	E1_candidate	E1R02237	iJN1463:NODOx;iML1515:NODOx	2.0 E1M_87e56e94440c6c_c + h_c + nad_c <-- 2.0 E1M_8d84b5332d6b1a_c + nadh_c + 2.0 o2_c	0.0	0.0	0.0	0.0
E1R02238	E1_candidate	E1R02238	iCN1361:R_R621_RXN_NAD	2.0 E1M_87e56e94440c6c_c + h_c + nad_c <-- 2.0 E1M_88091f4a4dfa87_c + nadh_c + 2.0 o2_c	0.0	0.0	0.0	0.0
E1R02239	E1_candidate	E1R02239	iJN1463:RDXR	2.0 E1M_13539031414593_c + h_c + nad_c <=> 2.0 E1M_1b5bbc212362fc_c + nadh_c	0.0	0.0	0.0	0.0
E1R02240	E1_candidate	E1R02240	iML1515:PYROX	h_c + nadh_c + o2_c + ura_c --> E1M_843de0591674a2_c + nad_c	0.0	0.0	0.0	999.9765824985546
E1R02241	E1_candidate	E1R02241	iCN1361:R_FLUOROBENZOATE_12_DIOXYGENASE_RXN	E1M_2ed0f17038031b_c + h_c + nadh_c + o2_c --> E1M_8b8efc9f77144b_c + nad_c	0.0	0.0	0.0	0.0
E1R02242	E1_candidate	E1R02242	iML1515:EAR80x	h_c + nadh_c + toct2eACP_c --> nad_c + ocACP_c	0.0	0.0	0.0	1000.0
E1R02243	E1_candidate	E1R02243	iML1515:EAR180x	E1M_804fb58286cbd9_c + h_c + nadh_c --> nad_c + ocdcaACP_c	0.0	0.0	0.0	1000.0
E1R02244	E1_candidate	E1R02244	iML1515:EAR181x	E1M_c0d9d480c1ebc3_c + h_c + nadh_c --> nad_c + octeACP_c	0.0	0.0	0.0	1000.0
E1R02245	E1_candidate	E1R02245	iML1515:URDGLYCD	E1M_564aded444f53d_c + h_c + nadh_c <-- E1M_067cf16e2fc2da_c + nad_c	0.0	0.0	0.0	0.0
E1R02246	E1_candidate	E1R02246	iML1515:EAR160x	h_c + nadh_c + tpalm2eACP_c --> nad_c + palmACP_c	0.0	0.0	0.0	1000.0
E1R02247	E1_candidate	E1R02247	iML1515:PDX5PO2	h_c + nadh_c + pydx5p_c <-- nad_c + pdx5p_c	0.0	-1.5622916130822103e-06	-1000.0	0.0
E1R02248	E1_candidate	E1R02248	iCN1361:R_111262_RXN	E1M_33f6a0d181b692_c + h_c + nadh_c <=> nad_c + phthr_c	0.0	0.0	-1000.0	0.0
E1R02249	E1_candidate	E1R02249	iCN1361:R_RXN66_478	E1M_1e867f616ca7c7_c + h_c + nadh_c <-- E1M_f3b47f868b27e8_c + nad_c	0.0	0.0	0.0	0.0
E1R02250	E1_candidate	E1R02250	iCN1361:R_13162_RXN	E1M_3e31da4b3ce3eb_c + h_c + nadh_c <=> nad_c + pmcoa_c	0.0	0.0	0.0	0.0
E1R02251	E1_candidate	E1R02251	iCN1361:R_RXN_13198	E1M_5c35585fa1091a_c + h_c + nadh_c <-- E1M_4d5230ce8a8e02_c + nad_c	0.0	0.0	0.0	0.0
E1R02252	E1_candidate	E1R02252	iCN1361:R_NADH_DH2	h_c + nadh_c + q8_c --> E1M_4374377df80c78_c + nad_c	0.0	0.0	0.0	999.9999999999999
E1R02253	E1_candidate	E1R02253	iML1515:FLVRx	h_c + nadh_c + ribflv_c --> E1M_2c3834bc016ee1_c + nad_c	0.0	0.0	0.0	1000.0
E1R02254	E1_candidate	E1R02254	iML1515:EAR141x	E1M_6e8532e06d7108_c + h_c + nadh_c --> E1M_0b66d25b9f4065_c + nad_c	0.0048366434425380685	0.0	0.0	1000.0
E1R02255	E1_candidate	E1R02255	iCN1361:R_RXN_9661	h_c + nadh_c + tddec2eACP_c --> E1M_093d5b154c4ce0_c + nad_c	0.0	0.0	0.0	1000.0
E1R02256	E1_candidate	E1R02256	iCN1361:R_RXN_9658	h_c + nadh_c + thex2eACP_c --> E1M_c3363636e6008a_c + nad_c	0.0	0.0	0.0	1000.0
E1R02257	E1_candidate	E1R02257	iCN1361:R_RXN_9662	h_c + nadh_c + tmrs2eACP_c --> E1M_cc446d150ec0fe_c + nad_c	0.0	0.0	0.0	1000.0
E1R02258	E1_candidate	E1R02258	iCN1361:R_RXN_9659	h_c + nadh_c + toct2eACP_c --> E1M_e2e58abb7cf16f_c + nad_c	0.0	0.0	0.0	999.9999999999999
E1R02259	E1_candidate	E1R02259	iCN1361:R_RXN_9635	E1M_804fb58286cbd9_c + h_c + nadh_c --> E1M_5d897068fb848a_c + nad_c	0.0	0.0	0.0	0.0
E1R02260	E1_candidate	E1R02260	iCN1361:R_RXN_9663	h_c + nadh_c + tpalm2eACP_c --> E1M_5661ea396b23db_c + nad_c	0.0	0.0	0.0	1000.0000000000006
E1R02261	E1_candidate	E1R02261	iJN1463:UKQUIVORx	E1M_60973573097bef_c + h_c + nadh_c --> E1M_27e0aa85142fb0_c + nad_c	0.0	0.0	0.0	0.0
E1R02262	E1_candidate	E1R02262	iCN1361:R_RXN_9663_odd	E1M_83ba76b3a7cc73_c + h_c + nadh_c --> E1M_8e92b22cc32d9d_c + nad_c	0.0	0.0	0.0	0.0
E1R02263	E1_candidate	E1R02263	iCN1361:R_RXN_9659_odd	E1M_b7622f4fcbd277_c + h_c + nadh_c --> E1M_4070694b003d52_c + nad_c	0.0	0.0	0.0	0.0
E1R02264	E1_candidate	E1R02264	iCN1361:R_RXN0_2145	E1M_293c8c75fd1f8f_c + h_c + nadh_c --> E1M_889e9e527d7a63_c + nad_c	0.0	0.0	0.0	0.0
E1R02265	E1_candidate	E1R02265	iCN1361:R_RXN0_2145_odd	E1M_c7786e3993435e_c + h_c + nadh_c --> E1M_bb32cb674a7074_c + nad_c	0.0	0.0	0.0	0.0
E1R02266	E1_candidate	E1R02266	iCN1361:R_RXN_10657_odd	E1M_7eea13542bb3e4_c + h_c + nadh_c --> E1M_2e2bc7f0f4fde3_c + nad_c	0.0	0.0	0.0	0.0
E1R02267	E1_candidate	E1R02267	iCN1361:R_RXN_10657	E1M_05e423e7ffe8b3_c + h_c + nadh_c --> E1M_c00921687a255b_c + nad_c	0.0	0.0	0.0	0.0
E1R02268	E1_candidate	E1R02268	iCN1361:R_RXN_9558	E1M_8b797c77b03cf8_c + h_c + nadh_c <=> E1M_b65d1d04f92d36_c + nad_c	0.0	0.0	0.0	0.0
E1R02269	E1_candidate	E1R02269	iCN1361:R_RXN_12705	E1M_4152a5871f38f5_c + h_c + nadh_c <-- E1M_cf686e032b191a_c + nad_c	0.0	0.0	0.0	0.0
E1R02270	E1_candidate	E1R02270	iCN1361:R_RXN_12750	E1M_230b193b844022_c + h_c + nadh_c <=> E1M_31823aae9cb461_c + nad_c	0.0	0.0	0.0	0.0
E1R02271	E1_candidate	E1R02271	iCN1361:R_CHLOROMALERED_RXN_NAD	E1M_3090e3ff8142b7_c + h_c + nadh_c --> E1M_bd86f9d7587356_c + nad_c	0.0	0.0	0.0	0.0
E1R02272	E1_candidate	E1R02272	iCN1361:R_RXN_9657	E1M_398b2117c0d317_c + h_c + nadh_c --> E1M_e24f5b37531458_c + nad_c	0.0	0.0	0.0	500.00000000000034
E1R02273	E1_candidate	E1R02273	iCN1361:R_RXN_9658_odd	E1M_ca03121a983e0d_c + h_c + nadh_c --> E1M_0c7b8757f8bd1c_c + nad_c	0.0	0.0	0.0	0.0
E1R02274	E1_candidate	E1R02274	iCN1361:R_RXN_10661_odd	E1M_ea76db2a789de3_c + h_c + nadh_c --> E1M_da3f3dfe69a523_c + nad_c	0.0	0.0	0.0	0.0
E1R02275	E1_candidate	E1R02275	iCN1361:R_RXN_5424	E1M_e1290b2c243757_c + h_c + nadh_c <-- E1M_41b4f381d99b5d_c + nad_c	0.0	0.0	0.0	0.0
E1R02276	E1_candidate	E1R02276	iCN1361:R_RXN_7716	E1M_d2290bf21749e7_c + h_c + nadh_c <=> E1M_01cfa4eaca4046_c + nad_c	0.0	0.0	-1000.0	0.0
E1R02277	E1_candidate	E1R02277	iCN1361:R_RXN_10661	E1M_636ad2116817fa_c + h_c + nadh_c --> E1M_08d8f32a30431e_c + nad_c	0.0	0.0	0.0	0.0
E1R02278	E1_candidate	E1R02278	iCN1361:R_RXN_9657_odd	E1M_c9ba9d2c81778e_c + h_c + nadh_c --> E1M_65d073b6b64841_c + nad_c	0.0	0.0	0.0	0.0
E1R02279	E1_candidate	E1R02279	iCN1361:R_RXN_9662_odd	E1M_0c2b8fc4660582_c + h_c + nadh_c --> E1M_497b357b872775_c + nad_c	0.0	0.0	0.0	0.0
E1R02280	E1_candidate	E1R02280	iCN1361:R_RXN_9660	E1M_2a556bf6fcba27_c + h_c + nadh_c --> E1M_01a85071672c58_c + nad_c	0.0	0.0	0.0	1000.0
E1R02281	E1_candidate	E1R02281	iCN1361:R_RXN_9660_odd	E1M_b0859af68bb574_c + h_c + nadh_c --> E1M_ce5b7609ce56ad_c + nad_c	0.0	0.0	0.0	0.0
E1R02282	E1_candidate	E1R02282	iCN1361:R_RXN_9661_odd	E1M_70fd562ad74ec7_c + h_c + nadh_c --> E1M_2c86d123a606c6_c + nad_c	0.0	0.0	0.0	0.0
E1R02283	E1_candidate	E1R02283	iCN1361:R_CYCLOHEXANOL_DEHYDROGENASE_RXN	E1M_10322549a4c1c7_c + h_c + nadh_c <=> E1M_ebf09eaa5e9a6b_c + nad_c	0.0	0.0	0.0	0.0
E1R02284	E1_candidate	E1R02284	iCN1361:R_RXN0_1132	E1M_693ad64728c9b3_c + h_c + nadh_c <=> E1M_0a49d440c252da_c + nad_c	0.0	0.0	-1000.0	0.0
E1R02285	E1_candidate	E1R02285	iCN1361:R_RXN_7706	E1M_c214e4edeeeb21_c + h_c + nadh_c <-- E1M_0bd9e02d382e53_c + nad_c	0.0	0.0	0.0	0.0
E1R02286	E1_candidate	E1R02286	iCN1361:R_RXN_14792	E1M_bd9d9cd2703b90_c + h_c + nadh_c <-- E1M_a6eedbe6b1a199_c + nad_c	0.0	0.0	0.0	0.0
E1R02287	E1_candidate	E1R02287	iCN1361:R_RXN_14773	E1M_b79708a81e0fe3_c + h_c + nadh_c <-- E1M_dd5eba24f5d206_c + nad_c	0.0	0.0	0.0	0.0
E1R02288	E1_candidate	E1R02288	iCN1361:R_RXN_14787	E1M_4cd46f9ee9c684_c + h_c + nadh_c <-- E1M_edcf8d197cacdb_c + nad_c	0.0	0.0	0.0	0.0
E1R02289	E1_candidate	E1R02289	iCN1361:R_RXN_14798	E1M_c6a3a0cb492950_c + h_c + nadh_c <-- E1M_ec39ca9887f7da_c + nad_c	0.0	0.0	0.0	0.0
E1R02290	E1_candidate	E1R02290	iCN1361:R_RXN_10703	E1M_1ddb17d72e013d_c + h_c + nadh_c <-- E1M_4ec419b6fb5f0d_c + nad_c	0.0	0.0	0.0	0.0
E1R02291	E1_candidate	E1R02291	iCN1361:R_RXN_10702	E1M_1eb08136f2cdd9_c + h_c + nadh_c <-- E1M_9bdc009002be60_c + nad_c	0.0	0.0	0.0	0.0
E1R02292	E1_candidate	E1R02292	iCN1361:R_RXN_10698	E1M_61ae89868295e7_c + h_c + nadh_c <-- E1M_f53674aa7e5b7a_c + nad_c	0.0	0.0	0.0	0.0
E1R02293	E1_candidate	E1R02293	iCN1361:R_RXN_14802	E1M_17e7269e2b9ec2_c + h_c + nadh_c <-- E1M_6b9c5e9414dd05_c + nad_c	0.0	0.0	0.0	0.0
E1R02294	E1_candidate	E1R02294	iCN1361:R_RXN_11245	E1M_a8aa1725502b25_c + h_c + nadh_c <-- E1M_f4015a299c5b2d_c + nad_c	0.0	0.0	0.0	0.0
E1R02295	E1_candidate	E1R02295	iJN1463:NODOy;iML1515:NODOy	2.0 E1M_87e56e94440c6c_c + h_c + nadp_c <-- 2.0 E1M_8d84b5332d6b1a_c + nadph_c + 2.0 o2_c	0.0	0.0	0.0	0.0
E1R02296	E1_candidate	E1R02296	iCN1361:R_R621_RXN_NADP	2.0 E1M_87e56e94440c6c_c + h_c + nadp_c <-- 2.0 E1M_88091f4a4dfa87_c + nadph_c + 2.0 o2_c	0.0	0.0	0.0	0.0
E1R02297	E1_candidate	E1R02297	iJN1463:EAR180y;iML1515:EAR180y	E1M_804fb58286cbd9_c + h_c + nadph_c --> nadp_c + ocdcaACP_c	0.0	0.0	0.0	2000.040921281395
E1R02298	E1_candidate	E1R02298	iJN1463:EAR181y;iML1515:EAR181y	E1M_c0d9d480c1ebc3_c + h_c + nadph_c --> nadp_c + octeACP_c	0.0	0.0	0.0	999.9999999999986
E1R02299	E1_candidate	E1R02299	iCN1361:R_RXN_15006	E1M_5ca8cb8878006a_c + h_c + nadph_c --> E1M_f180f779c00d69_c + nadp_c + pi_c	0.0	0.0	0.0	0.0
E1R02300	E1_candidate	E1R02300	iML1515:PCNO	E1M_27a8615426b379_c + h_c + nadph_c <=> nadp_c + ppcoa_c	0.0	0.0	0.0	0.0
E1R02301	E1_candidate	E1R02301	iJN1463:PC6AR	E1M_5a6ac0666cea44_c + h_c + nadph_c --> E1M_92569ffacce390_c + nadp_c	0.0	0.0	0.0	0.0
E1R02302	E1_candidate	E1R02302	iJN1463:NADPHQR2;iML1515:NADPHQR2	h_c + nadph_c + q8_c --> nadp_c + q8h2_c	0.0	0.0	0.0	10998.88299008525
E1R02303	E1_candidate	E1R02303	iML1515:FLVR	h_c + nadph_c + ribflv_c --> E1M_2c3834bc016ee1_c + nadp_c	0.0	0.0	0.0	1000.0
E1R02304	E1_candidate	E1R02304	iJN1463:EAR141y;iML1515:EAR141y	E1M_6e8532e06d7108_c + h_c + nadph_c --> E1M_0b66d25b9f4065_c + nadp_c	0.0	0.0	0.0	7878.800090870758
E1R02305	E1_candidate	E1R02305	iJN1463:TNTR3	2.0 E1M_513ec1974671da_c + h_c + nadph_c --> 2.0 E1M_0c6a4cac071c3e_c + nadp_c	0.0	0.0	0.0	0.0
E1R02306	E1_candidate	E1R02306	iJN1463:TNTR4	2.0 E1M_0c6a4cac071c3e_c + h_c + nadph_c --> 2.0 E1M_5c24a05976d34a_c + nadp_c	0.0	0.0	0.0	0.0
E1R02307	E1_candidate	E1R02307	iCN1361:R_THIOREDOXIN_REDUCT_NADPH_RXN;iJN1463:TRDR;iML1515:TRDR	h_c + nadph_c + trdox_c --> nadp_c + trdrd_c	0.0	0.0	0.0	5040.376442564989
E1R02308	E1_candidate	E1R02308	iJN1463:UKQUIVORy	E1M_60973573097bef_c + h_c + nadph_c --> E1M_27e0aa85142fb0_c + nadp_c	0.0	0.0	0.0	0.0
E1R02309	E1_candidate	E1R02309	iCN1361:R_RXN_10655_odd	E1M_16f014605547dd_c + h_c + nadph_c --> E1M_3dc0279961b13d_c + nadp_c	0.0	0.0	0.0	0.0
E1R02310	E1_candidate	E1R02310	iCN1361:R_RXN_10655	E1M_3c8d696d547307_c + h_c + nadph_c --> E1M_82bb4801a9f2d4_c + nadp_c	0.0	0.0	0.0	0.0
E1R02311	E1_candidate	E1R02311	iCN1361:R_RXN_10659_odd	E1M_c810dfa6be6e03_c + h_c + nadph_c --> E1M_94f0ccfb2a854e_c + nadp_c	0.0	0.0	0.0	0.0
E1R02312	E1_candidate	E1R02312	iCN1361:R_RXN_10659	E1M_8dcef021741d71_c + h_c + nadph_c --> E1M_7c26634ec66ed6_c + nadp_c	0.0	0.0	0.0	0.0
E1R02313	E1_candidate	E1R02313	iCN1361:R_RXN_9524_odd	E1M_30bcca5fc01052_c + h_c + nadph_c --> E1M_84930528abe47a_c + nadp_c	0.0	0.0	0.0	0.0
E1R02314	E1_candidate	E1R02314	iCN1361:R_RXN_9514_odd	E1M_c8d90a03115cc3_c + h_c + nadph_c --> E1M_74a87823e2f119_c + nadp_c	0.0	0.0	0.0	0.0
E1R02315	E1_candidate	E1R02315	iCN1361:R_RXN_9556	E1M_605b7ee58544f4_c + h_c + nadph_c --> E1M_1ded60024bfeab_c + nadp_c	0.0	0.0	0.0	0.0
E1R02316	E1_candidate	E1R02316	iCN1361:R_RXN_9540_odd	E1M_547acf013c4d7f_c + h_c + nadph_c --> E1M_1047d1a93774b5_c + nadp_c	0.0	0.0	0.0	0.0
E1R02317	E1_candidate	E1R02317	iCN1361:R_RXN_9518_odd	E1M_3e6f9db41bf117_c + h_c + nadph_c --> E1M_c757cd1402b758_c + nadp_c	0.0	0.0	0.0	0.0
E1R02318	E1_candidate	E1R02318	iCN1361:R_RXN_9536_odd	E1M_817818e3e7a672_c + h_c + nadph_c --> E1M_13dcaea4d6d34b_c + nadp_c	0.0	0.0	0.0	0.0
E1R02319	E1_candidate	E1R02319	iCN1361:R_RXN_9532_odd	E1M_6cd1f4bb8c37b6_c + h_c + nadph_c --> E1M_c17bd677733491_c + nadp_c	0.0	0.0	0.0	0.0
E1R02320	E1_candidate	E1R02320	iCN1361:R_RXN_9528_odd	E1M_244b7b85a96ee8_c + h_c + nadph_c --> E1M_69385fe1782158_c + nadp_c	0.0	0.0	0.0	0.0
E1R02321	E1_candidate	E1R02321	iCN1361:R_RXN0_2142	E1M_ba5e09700760dd_c + h_c + nadph_c --> E1M_64599fc845cad9_c + nadp_c	0.0	0.0	0.0	0.0
E1R02322	E1_candidate	E1R02322	iCN1361:R_RXN0_2142_odd	E1M_ceaad53ab90848_c + h_c + nadph_c --> E1M_b6a00ea4f74b96_c + nadp_c	0.0	0.0	0.0	0.0
E1R02323	E1_candidate	E1R02323	iCN1361:R_CHLOROMALERED_RXN_NADP	E1M_3090e3ff8142b7_c + h_c + nadph_c --> E1M_bd86f9d7587356_c + nadp_c	0.0	0.0	0.0	0.0
E1R02324	E1_candidate	E1R02324	iCN1361:R_GENTISATE_12_DIOXYGENASE_RXN	E1M_08aea16f120b8f_c + h_c <-- E1M_263a383eab6688_c + o2_c	0.0	0.0	0.0	0.0
E1R02325	E1_candidate	E1R02325	iCN1361:R_BIPHENYL_23_DIOL_12_DIOXYGENASE_RXN	E1M_40c577752d9caf_c + h_c <-- E1M_551970875478c9_c + o2_c	0.0	0.0	0.0	0.0
E1R02326	E1_candidate	E1R02326	iCN1361:R_RXN_11542	E1M_8a9f84e323499a_c + h_c <-- E1M_33e4dd6a3ac656_c + o2_c	0.0	0.0	0.0	0.0
E1R02327	E1_candidate	E1R02327	iML1515:PYK2	h_c + pep_c + udp_c --> pyr_c + utp_c	0.0	0.0	0.0	1000.0
E1R02328	E1_candidate	E1R02328	iJN1463:SELCYSS	E1M_608bc55c06550d_c + h_c + pi_c <-- E1M_5ec66dc780cb68_c + E1M_fa19c28c7e6bed_c	0.0	0.0	0.0	0.0
E1R02329	E1_candidate	E1R02329	iCN1361:R_NACGLCTRANS_RXN;iJN1463:UAGPT3;iML1515:UAGPT3	E1M_d7ed5c0d2ba01e_c + h_c + udp_c <=> uacgam_c + uagmda_c	0.0	0.0	0.0	0.0
E1R02330	E1_candidate	E1R02330	iCN1361:R_RXN_11029	E1M_295cb09bf4fdfc_c + h_c + udp_c <=> E1M_012df14bc83a19_c + uacgam_c	0.0	0.0	0.0	0.0
E1R02331	E1_candidate	E1R02331	iCN1361:R_RXN_11346	E1M_48973c643c0c26_c + h_c + udp_c <-- E1M_2dd846a301e13d_c + uacgam_c	0.0	0.0	0.0	0.0
E1R02332	E1_candidate	E1R02332	iCN1361:R_RXN_8976	E1M_f87f74927a368d_c + h_c + udp_c <-- E1M_ed1c6227b78373_c + uacgam_c	0.0	0.0	0.0	0.0
E1R02333	E1_candidate	E1R02333	iML1515:ACMAMUT	E1M_511972e38e9d41_c + h_c + udp_c <-- E1M_dc42bd42c9db0a_c + E1M_fe0eb41421fd9c_c	0.0	0.0	0.0	0.0
E1R02334	E1_candidate	E1R02334	iCN1361:R_RXN_11350	E1M_4290671ebffff4_c + h_c + udcpdp_c <-- 2.0 E1M_8f4ca5f6e94241_c	0.0	0.0	0.0	0.0
E1R02335	E1_candidate	E1R02335	iCN1361:R_RXN_11291	E1M_37fdb88acc4744_c + h_c + udcpdp_c <-- 2.0 E1M_664b92d02cbc1b_c	0.0	0.0	0.0	0.0
E1R02336	E1_candidate	E1R02336	iCN1361:R_RXN_11348	E1M_c89a95ad04b182_c + h_c + udcpdp_c <-- 2.0 E1M_b5232e20d917dd_c	0.0	0.0	0.0	0.0
E1R02337	E1_candidate	E1R02337	iCN1361:R_FLUORO4_5511_RXN	E1M_2b3c8b9233b9aa_c + h_c <-- E1M_135004b197ff8f_c	0.0	0.0	0.0	0.0
E1R02338	E1_candidate	E1R02338	iML1515:QMO3	2.0 E1M_c0f8bbce38a58b_c + E1M_dc445dacd19268_c + 2.0 h_c <-- E1M_7c276a707cb8bf_c + 2.0 o2_c	0.0	0.0	-1000.0	0.0
E1R02339	E1_candidate	E1R02339	iCN1361:R_NADPH_DEHYDROGENASE_FLAVIN_RXN	2.0 h_c + nadph_c + ribflv_c <-- E1M_2c3834bc016ee1_c + nadp_c	0.0	0.0	-1000.0	0.0
E1R02340	E1_candidate	E1R02340	iCN1361:R_RXN_10075	E1M_3090e3ff8142b7_c + 2.0 h_c <=> E1M_9bec5153119f5b_c + o2_c	0.0	0.0	0.0	0.0
E1R02341	E1_candidate	E1R02341	iML1515:QMO2	2.0 E1M_c0f8bbce38a58b_c + 2.0 h_c + q8_c <-- 2.0 o2_c + q8h2_c	0.0	0.0	-1000.0	0.0
E1R02342	E1_candidate	E1R02342	iCN1361:R_1848_RXN;iJN1463:PAPSR;iML1515:PAPSR	2.0 h_c + pap_c + so3_c + trdox_c <-- paps_c + trdrd_c	0.0	0.0	-999.9999999999976	0.0
E1R02343	E1_candidate	E1R02343	iJN1463:PQQAC	E1M_f5910ffad111eb_c + 2.0 h_c <-- E1M_6a01157be273fa_c	0.0	0.0	0.0	0.0
E1R02344	E1_candidate	E1R02344	iCN1361:R_RXN0_4022;iJN1463:CDGR;iML1515:CDGR	E1M_0d4b44b601e722_c + 3.0 h_c + 2.0 nadph_c --> E1M_3e1bdbaeede686_c + 2.0 nadp_c	0.0	0.0	0.0	0.0
E1R02345	E1_candidate	E1R02345	iCN1361:R_HOMOCYSMET_RXN	E1M_8796fbda2aeb9b_c + hcys_DASH_L_c <=> E1M_d80fa8e7c9894c_c + met_DASH_L_c	0.0	0.0	0.0	0.0
E1R02346	E1_candidate	E1R02346	iJN1463:CTECOAI7;iML1515:CTECOAI7	E1M_94ba12b50b9606_c <=> E1M_9ab8a3cdff27b5_c	0.0	0.0	-1000.0	999.9999999999991
E1R02347	E1_candidate	E1R02347	iCN1361:R_HISTIDINE_AMMONIA_LYASE_RXN;iJN1463:HISDr	his_DASH_L_c <=> E1M_90c5122763862e_c + nh4_c	8.727998325699285e-20	0.0	0.0	499.92350535951755
E1R02348	E1_candidate	E1R02348	iCN1361:R_RXN_12730	E1M_5a15d62ae8cc54_c + E1M_d80fa8e7c9894c_c <-- E1M_4e421bd24584f7_c + E1M_8796fbda2aeb9b_c	0.0	0.0	0.0	0.0
E1R02349	E1_candidate	E1R02349	iCN1361:R_25144_RXN	E1M_4f658de425b22d_c + nh4_c <-- 2.0 ptrc_c	0.0	0.0	0.0	0.0
E1R02350	E1_candidate	E1R02350	iJN1463:LDH_D2;iML1515:LDH_D2	E1M_9df77ebc3d2239_c + q8_c --> pyr_c + q8h2_c	0.0	0.0	0.0	10998.882990085203
E1R02351	E1_candidate	E1R02351	iML1515:L_LACD3	E1M_7b63d86a8f31f8_c + E1M_dc445dacd19268_c --> E1M_7c276a707cb8bf_c + pyr_c	0.0	0.0	0.0	1000.0
E1R02352	E1_candidate	E1R02352	iJN1463:L_LACD2;iML1515:L_LACD2	E1M_7b63d86a8f31f8_c + q8_c --> pyr_c + q8h2_c	0.0	0.0	0.0	2000.0
E1R02353	E1_candidate	E1R02353	iML1515:ALAGLUE	E1M_4bc895899f904b_c <=> E1M_253302c99210e9_c	0.0	0.0	0.0	0.0
E1R02354	E1_candidate	E1R02354	iML1515:LKDRA	E1M_0fa715cb1ae0f3_c + pyr_c <=> E1M_36a55a798c4385_c	0.0	0.0	0.0	0.0
E1R02355	E1_candidate	E1R02355	iML1515:LYXI	E1M_7ab5a3dc1b2e2d_c --> E1M_776e695181937a_c	0.0	0.0	0.0	0.0
E1R02356	E1_candidate	E1R02356	iCN1361:R_RXN66_354	E1M_323c9d1b468925_c <=> E1M_ac8ab2ddfc5dac_c	0.0	0.0	0.0	0.0
E1R02357	E1_candidate	E1R02357	iCN1361:R_549916_RXN;iJN1463:MTI	E1M_135bd8646d3c03_c <=> E1M_fdd752bd315693_c	0.0	0.0	-5489.415875504184	1000.0
E1R02358	E1_candidate	E1R02358	iJN1463:MOTS1	E1M_4c61e9ae24f97e_c <-- maltttr_c	0.0	0.0	-4989.415875504248	0.0
E1R02359	E1_candidate	E1R02359	iML1515:MDH3	E1M_dc445dacd19268_c + mal_DASH_L_c --> E1M_7c276a707cb8bf_c + oaa_c	0.0	0.0	0.0	1000.0
E1R02360	E1_candidate	E1R02360	iJN1463:MDH2;iML1515:MDH2	mal_DASH_L_c + q8_c --> oaa_c + q8h2_c	0.0	0.0	0.0	3000.000000000001
E1R02361	E1_candidate	E1R02361	iJN1463:DLMETR	E1M_d3596fbb63b8ae_c <=> met_DASH_L_c	0.0	0.0	-999.9999999999999	0.0
E1R02362	E1_candidate	E1R02362	iCN1361:R_METHYLISOCITRATE_LYASE_RXN;iJN1463:MCITL2;iML1515:MCITL2	E1M_d4604ad6253c22_c <=> pyr_c + succ_c	0.10708113619845547	0.0	-1000.0000000000005	4000.1104753850905
E1R02363	E1_candidate	E1R02363	iCN1361:R_METHYLMALONYL_COA_EPIM_RXN	E1M_fe4763c9cff0b2_c <=> E1M_b31c5510ca2c08_c	0.0	-2.655278939923948e-19	-1000.0	1000.0
E1R02364	E1_candidate	E1R02364	iCN1361:R_METHYLMALONYL_COA_MUT_RXN	E1M_fe4763c9cff0b2_c <=> succoa_c	0.0	2.655278939923948e-19	-1000.0	1000.0
E1R02365	E1_candidate	E1R02365	iML1515:MMM	E1M_b31c5510ca2c08_c <-- succoa_c	0.0	0.0	-1000.0	0.0
E1R02366	E1_candidate	E1R02366	iJN1463:NADTRHD;iML1515:NADTRHD	nad_c + nadph_c --> nadh_c + nadp_c	0.0	13.62277508173638	0.0	999999.0
E1R02367	E1_candidate	E1R02367	iML1515:NADHXE	E1M_8322f46fcad2fb_c <=> E1M_d8d7084e6892bc_c	0.0	0.0	0.0	1000.0
E1R02368	E1_candidate	E1R02368	iML1515:NADPHXE	E1M_238fa1e83b361f_c <=> E1M_5b0dd1ecd7dc42_c	0.0	0.0	0.0	1000.0000000003262
E1R02369	E1_candidate	E1R02369	iCN1361:R_ORNITHINE_CYCLODEAMINASE_RXN;iJN1463:ORNCD	nh4_c + pro_DASH_L_c <-- orn_c	0.0	0.0	-999.9777912435743	0.0
E1R02370	E1_candidate	E1R02370	iML1515:SERD_D	nh4_c + pyr_c <-- E1M_b3423c083795ee_c	0.0	0.0	-1000.0	0.0
E1R02371	E1_candidate	E1R02371	iCN1361:R_43117_RXN;iJN1463:SERD_L;iML1515:SERD_L	nh4_c + pyr_c <-- ser_DASH_L_c	0.0	0.0	-2999.9788621945427	0.0
E1R02372	E1_candidate	E1R02372	iCN1361:R_NITRITE_cp	 <=> 	0.0	0.0	-1000.0	1000.0
E1R02373	E1_candidate	E1R02373	iCN1361:R_Nitrate_nitrite_antiport	 --> 	0.0	0.0	0.0	1000.0
E1R02374	E1_candidate	E1R02374	iCN1361:R_PHENYLALANINE_4_MONOOXYGENASE_RXN	E1M_00c48c46d33675_c + o2_c + phe_DASH_L_c --> E1M_fa82b68e0368a8_c + tyr_DASH_L_c	0.0	0.0	0.0	0.0
E1R02375	E1_candidate	E1R02375	iCN1361:R_RXN_8665	o2_c + trp_DASH_L_c --> E1M_22c0fd427b8226_c	0.0	0.0	0.0	499.92350535868746
E1R02376	E1_candidate	E1R02376	iCN1361:R_FLUORO4_113111_RXN	E1M_0ca1f9d6411331_c + o2_c --> E1M_135004b197ff8f_c	0.0	0.0	0.0	0.0
E1R02377	E1_candidate	E1R02377	iJN1463:OCAALD	oaa_c + pyr_c <-- E1M_97e743ae4b4c2f_c	0.0	0.0	0.0	0.0
E1R02378	E1_candidate	E1R02378	iCN1361:R_PEPCARBOX_RXN	oaa_c + pi_c <-- E1M_45f8123c586dff_c + pep_c	0.0	0.0	-1000.0	0.0
E1R02379	E1_candidate	E1R02379	iJN1463:CTECOAI8;iML1515:CTECOAI8	E1M_680b43efd3532f_c <=> E1M_b3383d572a4f80_c	0.0	0.0	-1000.0000000000018	1000.0
E1R02380	E1_candidate	E1R02380	iJN1463:OMAIS	E1M_75a7327a6b10dd_c <=> E1M_a8c3de4bf849ea_c	0.0	0.0	0.0	0.0
E1R02381	E1_candidate	E1R02381	iJN1463:PHER	E1M_1860e44357eedd_c <=> phe_DASH_L_c	0.0	0.0	-1000.0	0.0
E1R02382	E1_candidate	E1R02382	iCN1361:R_PHENYLPYRUVATE_TAUTOMERASE_RXN	phpyr_c <=> E1M_ff9bf4b30833e6_c	0.0	0.0	0.0	0.0
E1R02383	E1_candidate	E1R02383	iJN1463:PPCSCT;iML1515:PPCSCT	E1M_ddfbeb6db46f97_c + succoa_c <-- ppcoa_c + succ_c	-1.1423212281983623	-0.1138051325549736	-9989.425868936687	0.0
E1R02384	E1_candidate	E1R02384	iCN1361:R_RXNARA_8002	E1M_0636b95f8cbf51_c + ppi_c <=> E1M_d12771067c5b17_c	0.0	0.0	0.0	0.0
E1R02385	E1_candidate	E1R02385	iCN1361:R_RXN_13323	E1M_0636b95f8cbf51_c + 2.0 ppi_c <-- 2.0 E1M_3e519b92237f13_c	0.0	0.0	0.0	0.0
E1R02386	E1_candidate	E1R02386	iCN1361:R_RXN_21483	3.0 E1M_4374377df80c78_c + ppp9_c <-- pppg9_c + 3.0 q8_c	0.0	0.0	-5.374048269551727e-06	0.0
E1R02387	E1_candidate	E1R02387	iML1515:PUACGAMS	E1M_350a10d4613b16_c + udp_c <=> uacgam_c	0.0	0.0	0.0	0.0
E1R02388	E1_candidate	E1R02388	iCN1361:R_4_HYDROXY_2_KETOPIMELATE_LYSIS_RXN	E1M_2688447a251e68_c + pyr_c <=> E1M_4c38818ebec457_c	0.0	0.0	0.0	0.0
E1R02389	E1_candidate	E1R02389	iJN1463:PPM;iML1515:PPM	r1p_c <=> r5p_c	0.0	0.0	-8489.488505776459	999.9360510271225
E1R02390	E1_candidate	E1R02390	iML1515:RMI	E1M_5e618416f88e90_c <=> E1M_7e9e1ee2aeab97_c	0.0	0.0	0.0	0.0
E1R02391	E1_candidate	E1R02391	iML1515:RBP4E	E1M_358b50774291cf_c <=> xu5p_DASH_D_c	0.0	0.0	0.0	0.0
E1R02392	E1_candidate	E1R02392	iML1515:X5PL3E	E1M_358b50774291cf_c <-- E1M_ec7ee6a3addf38_c	0.0	0.0	0.0	0.0
E1R02393	E1_candidate	E1R02393	iML1515:SQVOSI	E1M_331e4e27d8cc68_c <-- E1M_2d09e5b5fafa14_c	0.0	0.0	0.0	0.0
E1R02394	E1_candidate	E1R02394	iCN1361:R_RXN_10085	E1M_6458536ea42588_c + succ_c <-- E1M_ae8739787f9e59_c + succoa_c	0.0	0.0	0.0	0.0
E1R02395	E1_candidate	E1R02395	iJN1463:CTECOAI6;iML1515:CTECOAI6	E1M_29b3cc0a2c827f_c <=> E1M_d5d1a23941aff3_c	-0.004836643442538067	0.0	-1499.9999999999998	1000.0
E1R02396	E1_candidate	E1R02396	iJN1463:CTI1	E1M_29b3cc0a2c827f_c <=> E1M_be69894ce7d9ac_c	0.0	0.0	0.0	0.0
E1R02397	E1_candidate	E1R02397	iCN1361:R_241129_RXN	2.0 E1M_d7ed5c0d2ba01e_c --> E1M_009e505221182f_c + udcpdp_c	0.0	0.0	0.0	0.0
E1R02398	E1_candidate	E1R02398	iJN1463:UAG2E;iML1515:UAG2E	uacgam_c <=> E1M_c5a8f3e64e8ff4_c	0.0	0.0	0.0	0.0
E1R02399	E1_candidate	E1R02399	iJN1463:ACGAMT;iML1515:ACGAMT	uacgam_c + udcpp_c --> E1M_fe0eb41421fd9c_c + ump_c	0.0	0.0	0.0	0.0
E1R02400	E1_candidate	E1R02400	iCN1361:R_UDP_N_ACETYLGLUCOSAMINE_4_EPIMERASE_RXN	uacgam_c <=> E1M_6bd31e5b2bc0df_c	0.0	0.0	0.0	0.0
E1R02401	E1_candidate	E1R02401	iCN1361:R_CARBO	E1M_6bd31e5b2bc0df_c + 4.0 uacgam_c --> E1M_2c4f35b0f4f20f_c + 5.0 udp_c	0.0	0.0	0.0	0.0
E1R02402	E1_candidate	E1R02402	iCN1361:R_PHOSNACMURPENTATRANS_RXN	uagmda_c + ump_c <-- E1M_d35d0086c4077d_c + ugmda_c	0.0	0.0	-0.0034931313751661993	-6.807801963858822e-19
E1R02403	E1_candidate	E1R02403	iJN1463:UDCPGT_1	E1M_a55153581a8bc7_c + ump_c <-- E1M_3544b21da7250e_c + udcpp_c	0.0	0.0	0.0	0.0
E1R02404	E1_candidate	E1R02404	iML1515:UDPGPT	E1M_ef1c2751ce4fcc_c + ump_c <=> udcpp_c + udpg_c	0.0	0.0	0.0	0.0
E1R02405	E1_candidate	E1R02405	iML1515:UPLA4FNT	E1M_520490e9c7dfa7_c + udcpp_c --> E1M_39d3ec11617c76_c + udp_c	0.0	0.0	0.0	0.0
E1R02406	E1_candidate	E1R02406	iJN1463:UQUIVOT	E1M_27e0aa85142fb0_c + udcpp_c --> E1M_eeba4b37ca5568_c + ump_c	0.0	0.0	0.0	0.0
E1R02407	E1_candidate	E1R02407	iCN1361:R_UDPGLUCEPIM_RXN;iJN1463:UDPG4E;iML1515:UDPG4E	udpg_c <=> E1M_3544b21da7250e_c	0.0	0.0	0.0	0.0
E1R02408	E1_candidate	E1R02408	iML1515:UDPGALM	E1M_3544b21da7250e_c --> E1M_12697853c3013a_c	0.0	0.0	0.0	0.0
E1R02409	E1_candidate	E1R02409	iCN1361:R_RXN_11347	E1M_2dd846a301e13d_c + ump_c <-- E1M_35fbff7177fd1d_c + E1M_d35d0086c4077d_c	0.0	0.0	0.0	0.0
E1R02410	E1_candidate	E1R02410	iCN1361:R_RXN_8975	E1M_ed1c6227b78373_c + ump_c <-- E1M_1aaaadab231224_c + E1M_d35d0086c4077d_c	0.0	0.0	0.0	0.0
E1R02411	E1_candidate	E1R02411	iML1515:XYLI1	E1M_7ff83e7efcc0f2_c <=> E1M_fd316f646c8e30_c	0.0	0.0	0.0	0.0
E1R02412	E1_candidate	E1R02412	iCN1361:R_53314_RXN	E1M_af5b05cfa14c04_c <=> E1M_2a556bf6fcba27_c	0.0	0.0	0.0	0.0
E1R02413	E1_candidate	E1R02413	iCN1361:R_53314_RXN_odd	E1M_cb7609d19248c8_c <=> E1M_b0859af68bb574_c	0.0	0.0	0.0	0.0
E1R02414	E1_candidate	E1R02414	iCN1361:R_RXN_9387	E1M_070fe4b6348287_c <=> E1M_727d72c17cf116_c	0.0	0.0	0.0	0.0
E1R02415	E1_candidate	E1R02415	iCN1361:R_RXN_12790	E1M_a6d92c0ea34fcb_c <=> E1M_6c3d1bc4e8ff1d_c	0.0	0.0	0.0	0.0
E1R02416	E1_candidate	E1R02416	iCN1361:R_RXN_12694	E1M_6f9ff0bc4573c5_c <=> E1M_8ba0b6a3a7afbc_c	0.0	0.0	0.0	0.0
E1R02417	E1_candidate	E1R02417	iCN1361:R_RXN_15193	E1M_27a07126be4bc4_c <=> E1M_1c6397319e80d6_c	0.0	0.0	0.0	0.0
E1R02418	E1_candidate	E1R02418	iCN1361:R_MALEYLPYRUVATE_ISOMERASE_RXN	E1M_08aea16f120b8f_c <=> E1M_597a6f4f053cbf_c	0.0	0.0	0.0	0.0
E1R02419	E1_candidate	E1R02419	iCN1361:R_549914_RXN	E1M_84e364e44389bf_c <=> E1M_bd6f13e7b71eee_c	0.0	0.0	0.0	0.0
E1R02420	E1_candidate	E1R02420	iCN1361:R_RXN_10082	E1M_84e364e44389bf_c <=> E1M_dbb91fa9684afa_c	0.0	0.0	0.0	0.0
E1R02421	E1_candidate	E1R02421	iCN1361:R_RXN_709	E1M_5bf77605f41833_c <=> E1M_1c0150ad92a2c6_c	0.0	0.0	0.0	0.0
E1R02422	E1_candidate	E1R02422	iCN1361:R_53310_RXN	E1M_a71e88e00899d9_c <=> E1M_ecfe4edf952759_c	0.0	0.0	0.0	0.0
E1R02423	E1_candidate	E1R02423	iCN1361:R_RXN_13319	E1M_3cc51e55ae69a1_c <=> E1M_40c577752d9caf_c	0.0	0.0	0.0	0.0
E1R02424	E1_candidate	E1R02424	iCN1361:R_RXN_9845	E1M_9d1aa6a4d38fbd_c <=> E1M_7fb998b8584541_c	0.0	0.0	0.0	0.0
