deferred_id	category	donors	source_reactions	source_equations	mapping_quality	canonical_signature
E1T00001	transport	iML1515	iML1515:12DGR120tipp	iML1515: 12dgr120_p --> 12dgr120_c	mapped	(('bigg:12DGR120@cytosol', -1), ('bigg:12DGR120@p', 1))
E1T00002	non_cytosolic	iML1515	iML1515:PAPA120pp	iML1515: h2o_p + pa120_p --> 12dgr120_p + pi_p	mapped	(('bigg:12DGR120@p', -1), ('bigg:H2O@p', 1), ('bigg:PA120@p', 1), ('bigg:PI@p', -1))
E1T00003	transport	iML1515	iML1515:12DGR140tipp	iML1515: 12dgr140_p --> 12dgr140_c	mapped	(('bigg:12DGR140@cytosol', -1), ('bigg:12DGR140@p', 1))
E1T00004	non_cytosolic	iML1515	iML1515:PAPA140pp	iML1515: h2o_p + pa140_p --> 12dgr140_p + pi_p	mapped	(('bigg:12DGR140@p', -1), ('bigg:H2O@p', 1), ('bigg:PA140@p', 1), ('bigg:PI@p', -1))
E1T00005	transport	iML1515	iML1515:12DGR141tipp	iML1515: 12dgr141_p --> 12dgr141_c	mapped	(('bigg:12DGR141@cytosol', -1), ('bigg:12DGR141@p', 1))
E1T00006	non_cytosolic	iML1515	iML1515:PAPA141pp	iML1515: h2o_p + pa141_p --> 12dgr141_p + pi_p	mapped	(('bigg:12DGR141@p', -1), ('bigg:H2O@p', 1), ('bigg:PA141@p', 1), ('bigg:PI@p', -1))
E1T00007	transport	iML1515	iML1515:12DGR160tipp	iML1515: 12dgr160_p --> 12dgr160_c	mapped	(('bigg:12DGR160@cytosol', -1), ('bigg:12DGR160@p', 1))
E1T00008	non_cytosolic	iJN1463	iJN1463:DAGLIPA160ex	iJN1463: 12dgr160_e + h2o_e --> 1ag160_e + h_e + hdca_e	mapped	(('bigg:12DGR160@e', -1), ('bigg:1AG160@e', 1), ('bigg:H2O@e', -1), ('bigg:H@e', 1), ('bigg:HDCA@e', 1))
E1T00009	non_cytosolic	iJN1463	iJN1463:TAGLIPA160ex	iJN1463: h2o_e + tag160_e --> 12dgr160_e + h_e + hdca_e	mapped	(('bigg:12DGR160@e', -1), ('bigg:H2O@e', 1), ('bigg:H@e', -1), ('bigg:HDCA@e', -1), ('bigg:TAG160@e', 1))
E1T00010	non_cytosolic	iML1515	iML1515:PAPA160pp	iML1515: h2o_p + pa160_p --> 12dgr160_p + pi_p	mapped	(('bigg:12DGR160@p', -1), ('bigg:H2O@p', 1), ('bigg:PA160@p', 1), ('bigg:PI@p', -1))
E1T00011	transport	iML1515	iML1515:12DGR161tipp	iML1515: 12dgr161_p --> 12dgr161_c	mapped	(('bigg:12DGR161@cytosol', -1), ('bigg:12DGR161@p', 1))
E1T00012	non_cytosolic	iML1515	iML1515:PETNT161pp	iML1515: lipa_p + pe161_p --> 12dgr161_p + enlipa_p	mapped	(('bigg:12DGR161@p', -1), ('bigg:ENLIPA@p', -1), ('bigg:LIPA@p', 1), ('bigg:PE161@p', 1))
E1T00013	non_cytosolic	iML1515	iML1515:PAPA161pp	iML1515: h2o_p + pa161_p --> 12dgr161_p + pi_p	mapped	(('bigg:12DGR161@p', -1), ('bigg:H2O@p', 1), ('bigg:PA161@p', 1), ('bigg:PI@p', -1))
E1T00014	transport	iML1515	iML1515:12DGR180tipp	iML1515: 12dgr180_p --> 12dgr180_c	mapped	(('bigg:12DGR180@cytosol', -1), ('bigg:12DGR180@p', 1))
E1T00015	non_cytosolic	iJN1463	iJN1463:DAGLIPA180ex	iJN1463: 12dgr180_e + h2o_e --> 1ag180_e + h_e + ocdca_e	mapped	(('bigg:12DGR180@e', -1), ('bigg:1AG180@e', 1), ('bigg:H2O@e', -1), ('bigg:H@e', 1), ('bigg:OCDCA@e', 1))
E1T00016	non_cytosolic	iJN1463	iJN1463:TAGLIPA180ex	iJN1463: h2o_e + tag180_e --> 12dgr180_e + h_e + ocdca_e	mapped	(('bigg:12DGR180@e', -1), ('bigg:H2O@e', 1), ('bigg:H@e', -1), ('bigg:OCDCA@e', -1), ('bigg:TAG180@e', 1))
E1T00017	non_cytosolic	iML1515	iML1515:PAPA180pp	iML1515: h2o_p + pa180_p --> 12dgr180_p + pi_p	mapped	(('bigg:12DGR180@p', -1), ('bigg:H2O@p', 1), ('bigg:PA180@p', 1), ('bigg:PI@p', -1))
E1T00018	transport	iML1515	iML1515:12DGR181tipp	iML1515: 12dgr181_p --> 12dgr181_c	mapped	(('bigg:12DGR181@cytosol', -1), ('bigg:12DGR181@p', 1))
E1T00019	non_cytosolic	iML1515	iML1515:PETNT181pp	iML1515: lipa_p + pe181_p --> 12dgr181_p + enlipa_p	mapped	(('bigg:12DGR181@p', -1), ('bigg:ENLIPA@p', -1), ('bigg:LIPA@p', 1), ('bigg:PE181@p', 1))
E1T00020	non_cytosolic	iML1515	iML1515:PAPA181pp	iML1515: h2o_p + pa181_p --> 12dgr181_p + pi_p	mapped	(('bigg:12DGR181@p', -1), ('bigg:H2O@p', 1), ('bigg:PA181@p', 1), ('bigg:PI@p', -1))
E1T00021	transport	iML1515	iML1515:12PPDRtpp	iML1515: 12ppd__R_p <=> 12ppd__R_c	mapped	(('bigg:12PPD__R@cytosol', -1), ('bigg:12PPD__R@p', 1))
E1T00022	transport	iML1515	iML1515:12PPDRtex	iML1515: 12ppd__R_e <=> 12ppd__R_p	mapped	(('bigg:12PPD__R@e', -1), ('bigg:12PPD__R@p', 1))
E1T00023	transport	iML1515	iML1515:12PPDStpp	iML1515: 12ppd__S_p <=> 12ppd__S_c	mapped	(('bigg:12PPD__S@cytosol', -1), ('bigg:12PPD__S@p', 1))
E1T00024	transport	iML1515	iML1515:12PPDStex	iML1515: 12ppd__S_e <=> 12ppd__S_p	mapped	(('bigg:12PPD__S@e', -1), ('bigg:12PPD__S@p', 1))
E1T00025	transport	iJN1463	iJN1463:13DAMPPabcpp	iJN1463: 13dampp_p + atp_c + h2o_c --> 13dampp_c + adp_c + h_c + pi_c	mapped	(('bigg:13DAMPP@cytosol', -1), ('bigg:13DAMPP@p', 1), ('bigg:ADP@cytosol', -1), ('bigg:ATP@cytosol', 1), ('bigg:H2O@cytosol', 1), ('bigg:H@cytosol', -1), ('bigg:PI@cytosol', -1))
E1T00026	transport	iJN1463	iJN1463:13DAMPPtex	iJN1463: 13dampp_e <=> 13dampp_p	mapped	(('bigg:13DAMPP@e', -1), ('bigg:13DAMPP@p', 1))
E1T00027	transport	iML1515	iML1515:14GLUCANabcpp	iML1515: 14glucan_p + atp_c + h2o_c --> 14glucan_c + adp_c + h_c + pi_c	mapped	(('bigg:14GLUCAN@cytosol', -1), ('bigg:14GLUCAN@p', 1), ('bigg:ADP@cytosol', -1), ('bigg:ATP@cytosol', 1), ('bigg:H2O@cytosol', 1), ('bigg:H@cytosol', -1), ('bigg:PI@cytosol', -1))
E1T00028	transport	iML1515	iML1515:14GLUCANtexi	iML1515: 14glucan_e --> 14glucan_p	mapped	(('bigg:14GLUCAN@e', -1), ('bigg:14GLUCAN@p', 1))
E1T00029	non_cytosolic	iML1515	iML1515:AAMYLpp	iML1515: 14glucan_p --> malthx_p	mapped	(('bigg:14GLUCAN@p', -1), ('bigg:MALTHX@p', 1))
E1T00030	transport	iML1515	iML1515:CADVtpp	iML1515: 15dap_c + h_p + lys__L_p --> 15dap_p + h_c + lys__L_c	mapped	(('bigg:15DAP@cytosol', -1), ('bigg:15DAP@p', 1), ('bigg:33655@cytosol', 1), ('bigg:33655@p', -1), ('bigg:H@cytosol', 1), ('bigg:H@p', -1))
E1T00031	transport	iJN1463	iJN1463:15DAPabcpp	iJN1463: 15dap_p + atp_c + h2o_c --> 15dap_c + adp_c + h_c + pi_c	mapped	(('bigg:15DAP@cytosol', -1), ('bigg:15DAP@p', 1), ('bigg:ADP@cytosol', -1), ('bigg:ATP@cytosol', 1), ('bigg:H2O@cytosol', 1), ('bigg:H@cytosol', -1), ('bigg:PI@cytosol', -1))
E1T00032	transport	iJN1463;iML1515	iML1515:DAPtex;iJN1463:DAPtex	iML1515: 15dap_e <=> 15dap_p;iJN1463: 15dap_e <=> 15dap_p	mapped	(('bigg:15DAP@e', -1), ('bigg:15DAP@p', 1))
E1T00033	non_cytosolic	iJN1463	iJN1463:MAGLIPA160ex	iJN1463: 1ag160_e + h2o_e --> glyc_e + h_e + hdca_e	mapped	(('bigg:1AG160@e', -1), ('bigg:GLYC@e', 1), ('bigg:H2O@e', -1), ('bigg:H@e', 1), ('bigg:HDCA@e', 1))
E1T00034	non_cytosolic	iJN1463	iJN1463:MAGLIPA180ex	iJN1463: 1ag180_e + h2o_e --> glyc_e + h_e + ocdca_e	mapped	(('bigg:1AG180@e', -1), ('bigg:GLYC@e', 1), ('bigg:H2O@e', -1), ('bigg:H@e', 1), ('bigg:OCDCA@e', 1))
E1T00035	non_cytosolic	iJN1463	iJN1463:DAGLIPA181d9ex	iJN1463: dag181d9_e + h2o_e --> 1ag181d9_e + h_e + ocdcea_e	mapped	(('bigg:1AG181D9@e', -1), ('bigg:DAG181D9@e', 1), ('bigg:H2O@e', 1), ('bigg:H@e', -1), ('bigg:OCDCEA@e', -1))
E1T00036	non_cytosolic	iJN1463	iJN1463:MAGLIPA181d9ex	iJN1463: 1ag181d9_e + h2o_e --> glyc_e + h_e + ocdcea_e	mapped	(('bigg:1AG181D9@e', -1), ('bigg:GLYC@e', 1), ('bigg:H2O@e', -1), ('bigg:H@e', 1), ('bigg:OCDCEA@e', 1))
E1T00037	non_cytosolic	iJN1463	iJN1463:DAGLIPA182d9d12ex	iJN1463: dag182d9d12_e + h2o_e --> 1ag182d9d12_e + h_e + lnlc_e	mapped	(('bigg:1AG182D9D12@e', -1), ('bigg:DAG182D9D12@e', 1), ('bigg:H2O@e', 1), ('bigg:H@e', -1), ('bigg:LNLC@e', -1))
E1T00038	non_cytosolic	iJN1463	iJN1463:MAGLIPA182d9d12ex	iJN1463: 1ag182d9d12_e + h2o_e --> glyc_e + h_e + lnlc_e	mapped	(('bigg:1AG182D9D12@e', -1), ('bigg:GLYC@e', 1), ('bigg:H2O@e', -1), ('bigg:H@e', 1), ('bigg:LNLC@e', 1))
E1T00039	non_cytosolic	iML1515	iML1515:PLIPA2E120pp	iML1515: h2o_p + pe120_p --> 1agpe120_p + ddca_p + h_p	mapped	(('bigg:1AGPE120@p', -1), ('bigg:DDCA@p', -1), ('bigg:H2O@p', 1), ('bigg:H@p', -1), ('bigg:PE120@p', 1))
E1T00040	non_cytosolic	iML1515	iML1515:LPLIPAL1E120pp	iML1515: 1agpe120_p + h2o_p --> ddca_p + g3pe_p + h_p	mapped	(('bigg:1AGPE120@p', -1), ('bigg:DDCA@p', 1), ('bigg:G3PE@p', 1), ('bigg:H2O@p', -1), ('bigg:H@p', 1))
E1T00041	non_cytosolic	iML1515	iML1515:LPLIPAL1E140pp	iML1515: 1agpe140_p + h2o_p --> g3pe_p + h_p + ttdca_p	mapped	(('bigg:1AGPE140@p', -1), ('bigg:G3PE@p', 1), ('bigg:H2O@p', -1), ('bigg:H@p', 1), ('bigg:TTDCA@p', 1))
E1T00042	non_cytosolic	iML1515	iML1515:PLIPA2E140pp	iML1515: h2o_p + pe140_p --> 1agpe140_p + h_p + ttdca_p	mapped	(('bigg:1AGPE140@p', -1), ('bigg:H2O@p', 1), ('bigg:H@p', -1), ('bigg:PE140@p', 1), ('bigg:TTDCA@p', -1))
E1T00043	non_cytosolic	iML1515	iML1515:LPLIPAL1E141pp	iML1515: 1agpe141_p + h2o_p --> g3pe_p + h_p + ttdcea_p	mapped	(('bigg:1AGPE141@p', -1), ('bigg:G3PE@p', 1), ('bigg:H2O@p', -1), ('bigg:H@p', 1), ('bigg:TTDCEA@p', 1))
E1T00044	non_cytosolic	iML1515	iML1515:PLIPA2E141pp	iML1515: h2o_p + pe141_p --> 1agpe141_p + h_p + ttdcea_p	mapped	(('bigg:1AGPE141@p', -1), ('bigg:H2O@p', 1), ('bigg:H@p', -1), ('bigg:PE141@p', 1), ('bigg:TTDCEA@p', -1))
E1T00045	non_cytosolic	iJN1463;iML1515	iML1515:LPLIPAL1E160pp;iJN1463:LPLIPAL1E160pp	iML1515: 1agpe160_p + h2o_p --> g3pe_p + h_p + hdca_p;iJN1463: 1agpe160_p + h2o_p --> g3pe_p + h_p + hdca_p	mapped	(('bigg:1AGPE160@p', -1), ('bigg:G3PE@p', 1), ('bigg:H2O@p', -1), ('bigg:H@p', 1), ('bigg:HDCA@p', 1))
E1T00046	non_cytosolic	iJN1463;iML1515	iML1515:PLIPA2E160pp;iJN1463:PLIPA2E160pp	iML1515: h2o_p + pe160_p --> 1agpe160_p + h_p + hdca_p;iJN1463: h2o_p + pe160_p --> 1agpe160_p + h_p + hdca_p	mapped	(('bigg:1AGPE160@p', -1), ('bigg:H2O@p', 1), ('bigg:H@p', -1), ('bigg:HDCA@p', -1), ('bigg:PE160@p', 1))
E1T00047	non_cytosolic	iJN1463;iML1515	iML1515:LPLIPAL1E161pp;iJN1463:LPLIPAL1E161pp	iML1515: 1agpe161_p + h2o_p --> g3pe_p + h_p + hdcea_p;iJN1463: 1agpe161_p + h2o_p --> g3pe_p + h_p + hdcea_p	mapped	(('bigg:1AGPE161@p', -1), ('bigg:G3PE@p', 1), ('bigg:H2O@p', -1), ('bigg:H@p', 1), ('bigg:HDCEA@p', 1))
E1T00048	non_cytosolic	iJN1463;iML1515	iML1515:PLIPA2E161pp;iJN1463:PLIPA2E161pp	iML1515: h2o_p + pe161_p --> 1agpe161_p + h_p + hdcea_p;iJN1463: h2o_p + pe161_p --> 1agpe161_p + h_p + hdcea_p	mapped	(('bigg:1AGPE161@p', -1), ('bigg:H2O@p', 1), ('bigg:H@p', -1), ('bigg:HDCEA@p', -1), ('bigg:PE161@p', 1))
E1T00049	non_cytosolic	iJN1463;iML1515	iML1515:LPLIPAL1E180pp;iJN1463:LPLIPAL1E180pp	iML1515: 1agpe180_p + h2o_p --> g3pe_p + h_p + ocdca_p;iJN1463: 1agpe180_p + h2o_p --> g3pe_p + h_p + ocdca_p	mapped	(('bigg:1AGPE180@p', -1), ('bigg:G3PE@p', 1), ('bigg:H2O@p', -1), ('bigg:H@p', 1), ('bigg:OCDCA@p', 1))
E1T00050	non_cytosolic	iJN1463;iML1515	iML1515:PLIPA2E180pp;iJN1463:PLIPA2E180pp	iML1515: h2o_p + pe180_p --> 1agpe180_p + h_p + ocdca_p;iJN1463: h2o_p + pe180_p --> 1agpe180_p + h_p + ocdca_p	mapped	(('bigg:1AGPE180@p', -1), ('bigg:H2O@p', 1), ('bigg:H@p', -1), ('bigg:OCDCA@p', -1), ('bigg:PE180@p', 1))
E1T00051	non_cytosolic	iML1515	iML1515:LPLIPAL1E181pp	iML1515: 1agpe181_p + h2o_p --> g3pe_p + h_p + ocdcea_p	mapped	(('bigg:1AGPE181@p', -1), ('bigg:G3PE@p', 1), ('bigg:H2O@p', -1), ('bigg:H@p', 1), ('bigg:OCDCEA@p', 1))
E1T00052	non_cytosolic	iJN1463	iJN1463:LPLIPAL1E181d11pp	iJN1463: 1agpe181_p + h2o_p --> g3pe_p + h_p + vacc_p	mapped	(('bigg:1AGPE181@p', -1), ('bigg:G3PE@p', 1), ('bigg:H2O@p', -1), ('bigg:H@p', 1), ('bigg:VACC@p', 1))
E1T00053	non_cytosolic	iML1515	iML1515:PLIPA2E181pp	iML1515: h2o_p + pe181_p --> 1agpe181_p + h_p + ocdcea_p	mapped	(('bigg:1AGPE181@p', -1), ('bigg:H2O@p', 1), ('bigg:H@p', -1), ('bigg:OCDCEA@p', -1), ('bigg:PE181@p', 1))
E1T00054	non_cytosolic	iJN1463	iJN1463:PLIPA2E181d11pp	iJN1463: h2o_p + pe181_p --> 1agpe181_p + h_p + vacc_p	mapped	(('bigg:1AGPE181@p', -1), ('bigg:H2O@p', 1), ('bigg:H@p', -1), ('bigg:PE181@p', 1), ('bigg:VACC@p', -1))
E1T00055	non_cytosolic	iML1515	iML1515:PLIPA2G120pp	iML1515: h2o_p + pg120_p --> 1agpg120_p + ddca_p + h_p	mapped	(('bigg:1AGPG120@p', -1), ('bigg:DDCA@p', -1), ('bigg:H2O@p', 1), ('bigg:H@p', -1), ('bigg:PG120@p', 1))
E1T00056	non_cytosolic	iML1515	iML1515:LPLIPAL1G120pp	iML1515: 1agpg120_p + h2o_p --> ddca_p + g3pg_p + h_p	mapped	(('bigg:1AGPG120@p', -1), ('bigg:DDCA@p', 1), ('bigg:G3PG@p', 1), ('bigg:H2O@p', -1), ('bigg:H@p', 1))
E1T00057	non_cytosolic	iML1515	iML1515:LPLIPAL1G140pp	iML1515: 1agpg140_p + h2o_p --> g3pg_p + h_p + ttdca_p	mapped	(('bigg:1AGPG140@p', -1), ('bigg:G3PG@p', 1), ('bigg:H2O@p', -1), ('bigg:H@p', 1), ('bigg:TTDCA@p', 1))
E1T00058	non_cytosolic	iML1515	iML1515:PLIPA2G140pp	iML1515: h2o_p + pg140_p --> 1agpg140_p + h_p + ttdca_p	mapped	(('bigg:1AGPG140@p', -1), ('bigg:H2O@p', 1), ('bigg:H@p', -1), ('bigg:PG140@p', 1), ('bigg:TTDCA@p', -1))
E1T00059	non_cytosolic	iML1515	iML1515:LPLIPAL1G141pp	iML1515: 1agpg141_p + h2o_p --> g3pg_p + h_p + ttdcea_p	mapped	(('bigg:1AGPG141@p', -1), ('bigg:G3PG@p', 1), ('bigg:H2O@p', -1), ('bigg:H@p', 1), ('bigg:TTDCEA@p', 1))
E1T00060	non_cytosolic	iML1515	iML1515:PLIPA2G141pp	iML1515: h2o_p + pg141_p --> 1agpg141_p + h_p + ttdcea_p	mapped	(('bigg:1AGPG141@p', -1), ('bigg:H2O@p', 1), ('bigg:H@p', -1), ('bigg:PG141@p', 1), ('bigg:TTDCEA@p', -1))
E1T00061	non_cytosolic	iJN1463;iML1515	iML1515:LPLIPAL1G160pp;iJN1463:LPLIPAL1G160pp	iML1515: 1agpg160_p + h2o_p --> g3pg_p + h_p + hdca_p;iJN1463: 1agpg160_p + h2o_p --> g3pg_p + h_p + hdca_p	mapped	(('bigg:1AGPG160@p', -1), ('bigg:G3PG@p', 1), ('bigg:H2O@p', -1), ('bigg:H@p', 1), ('bigg:HDCA@p', 1))
E1T00062	non_cytosolic	iJN1463;iML1515	iML1515:PLIPA2G160pp;iJN1463:PLIPA2G160pp	iML1515: h2o_p + pg160_p --> 1agpg160_p + h_p + hdca_p;iJN1463: h2o_p + pg160_p --> 1agpg160_p + h_p + hdca_p	mapped	(('bigg:1AGPG160@p', -1), ('bigg:H2O@p', 1), ('bigg:H@p', -1), ('bigg:HDCA@p', -1), ('bigg:PG160@p', 1))
E1T00063	non_cytosolic	iJN1463;iML1515	iML1515:LPLIPAL1G161pp;iJN1463:LPLIPAL1G161pp	iML1515: 1agpg161_p + h2o_p --> g3pg_p + h_p + hdcea_p;iJN1463: 1agpg161_p + h2o_p --> g3pg_p + h_p + hdcea_p	mapped	(('bigg:1AGPG161@p', -1), ('bigg:G3PG@p', 1), ('bigg:H2O@p', -1), ('bigg:H@p', 1), ('bigg:HDCEA@p', 1))
E1T00064	non_cytosolic	iJN1463;iML1515	iML1515:PLIPA2G161pp;iJN1463:PLIPA2G161pp	iML1515: h2o_p + pg161_p --> 1agpg161_p + h_p + hdcea_p;iJN1463: h2o_p + pg161_p --> 1agpg161_p + h_p + hdcea_p	mapped	(('bigg:1AGPG161@p', -1), ('bigg:H2O@p', 1), ('bigg:H@p', -1), ('bigg:HDCEA@p', -1), ('bigg:PG161@p', 1))
E1T00065	non_cytosolic	iJN1463;iML1515	iML1515:LPLIPAL1G180pp;iJN1463:LPLIPAL1G180pp	iML1515: 1agpg180_p + h2o_p --> g3pg_p + h_p + ocdca_p;iJN1463: 1agpg180_p + h2o_p --> g3pg_p + h_p + ocdca_p	mapped	(('bigg:1AGPG180@p', -1), ('bigg:G3PG@p', 1), ('bigg:H2O@p', -1), ('bigg:H@p', 1), ('bigg:OCDCA@p', 1))
E1T00066	non_cytosolic	iJN1463;iML1515	iML1515:PLIPA2G180pp;iJN1463:PLIPA2G180pp	iML1515: h2o_p + pg180_p --> 1agpg180_p + h_p + ocdca_p;iJN1463: h2o_p + pg180_p --> 1agpg180_p + h_p + ocdca_p	mapped	(('bigg:1AGPG180@p', -1), ('bigg:H2O@p', 1), ('bigg:H@p', -1), ('bigg:OCDCA@p', -1), ('bigg:PG180@p', 1))
E1T00067	non_cytosolic	iML1515	iML1515:LPLIPAL1G181pp	iML1515: 1agpg181_p + h2o_p --> g3pg_p + h_p + ocdcea_p	mapped	(('bigg:1AGPG181@p', -1), ('bigg:G3PG@p', 1), ('bigg:H2O@p', -1), ('bigg:H@p', 1), ('bigg:OCDCEA@p', 1))
E1T00068	non_cytosolic	iJN1463	iJN1463:LPLIPAL1G181d11pp	iJN1463: 1agpg181_p + h2o_p --> g3pg_p + h_p + vacc_p	mapped	(('bigg:1AGPG181@p', -1), ('bigg:G3PG@p', 1), ('bigg:H2O@p', -1), ('bigg:H@p', 1), ('bigg:VACC@p', 1))
E1T00069	non_cytosolic	iML1515	iML1515:PLIPA2G181pp	iML1515: h2o_p + pg181_p --> 1agpg181_p + h_p + ocdcea_p	mapped	(('bigg:1AGPG181@p', -1), ('bigg:H2O@p', 1), ('bigg:H@p', -1), ('bigg:OCDCEA@p', -1), ('bigg:PG181@p', 1))
E1T00070	non_cytosolic	iJN1463	iJN1463:PLIPA2G181d11pp	iJN1463: h2o_p + pg181_p --> 1agpg181_p + h_p + vacc_p	mapped	(('bigg:1AGPG181@p', -1), ('bigg:H2O@p', 1), ('bigg:H@p', -1), ('bigg:PG181@p', 1), ('bigg:VACC@p', -1))
E1T00071	non_cytosolic	iML1515	iML1515:PLIPA2A120pp	iML1515: h2o_p + pa120_p --> 1ddecg3p_p + ddca_p + h_p	mapped	(('bigg:1DDECG3P@p', -1), ('bigg:DDCA@p', -1), ('bigg:H2O@p', 1), ('bigg:H@p', -1), ('bigg:PA120@p', 1))
E1T00072	non_cytosolic	iML1515	iML1515:LPLIPAL1A120pp	iML1515: 1ddecg3p_p + h2o_p --> ddca_p + glyc3p_p + h_p	mapped	(('bigg:1DDECG3P@p', -1), ('bigg:DDCA@p', 1), ('bigg:GLYC3P@p', 1), ('bigg:H2O@p', -1), ('bigg:H@p', 1))
E1T00073	non_cytosolic	iML1515	iML1515:LPLIPAL1A161pp	iML1515: 1hdec9eg3p_p + h2o_p --> glyc3p_p + h_p + hdcea_p	mapped	(('bigg:1HDEC9EG3P@p', -1), ('bigg:GLYC3P@p', 1), ('bigg:H2O@p', -1), ('bigg:H@p', 1), ('bigg:HDCEA@p', 1))
E1T00074	non_cytosolic	iML1515	iML1515:PLIPA2A161pp	iML1515: h2o_p + pa161_p --> 1hdec9eg3p_p + h_p + hdcea_p	mapped	(('bigg:1HDEC9EG3P@p', -1), ('bigg:H2O@p', 1), ('bigg:H@p', -1), ('bigg:HDCEA@p', -1), ('bigg:PA161@p', 1))
E1T00075	non_cytosolic	iML1515	iML1515:LPLIPAL1A160pp	iML1515: 1hdecg3p_p + h2o_p --> glyc3p_p + h_p + hdca_p	mapped	(('bigg:1HDECG3P@p', -1), ('bigg:GLYC3P@p', 1), ('bigg:H2O@p', -1), ('bigg:H@p', 1), ('bigg:HDCA@p', 1))
E1T00076	non_cytosolic	iML1515	iML1515:PLIPA2A160pp	iML1515: h2o_p + pa160_p --> 1hdecg3p_p + h_p + hdca_p	mapped	(('bigg:1HDECG3P@p', -1), ('bigg:H2O@p', 1), ('bigg:H@p', -1), ('bigg:HDCA@p', -1), ('bigg:PA160@p', 1))
E1T00077	non_cytosolic	iML1515	iML1515:LPLIPAL1A181pp	iML1515: 1odec11eg3p_p + h2o_p --> glyc3p_p + h_p + ocdcea_p	mapped	(('bigg:1ODEC11EG3P@p', -1), ('bigg:GLYC3P@p', 1), ('bigg:H2O@p', -1), ('bigg:H@p', 1), ('bigg:OCDCEA@p', 1))
E1T00078	non_cytosolic	iML1515	iML1515:PLIPA2A181pp	iML1515: h2o_p + pa181_p --> 1odec11eg3p_p + h_p + ocdcea_p	mapped	(('bigg:1ODEC11EG3P@p', -1), ('bigg:H2O@p', 1), ('bigg:H@p', -1), ('bigg:OCDCEA@p', -1), ('bigg:PA181@p', 1))
E1T00079	non_cytosolic	iML1515	iML1515:LPLIPAL1A180pp	iML1515: 1odecg3p_p + h2o_p --> glyc3p_p + h_p + ocdca_p	mapped	(('bigg:1ODECG3P@p', -1), ('bigg:GLYC3P@p', 1), ('bigg:H2O@p', -1), ('bigg:H@p', 1), ('bigg:OCDCA@p', 1))
E1T00080	non_cytosolic	iML1515	iML1515:PLIPA2A180pp	iML1515: h2o_p + pa180_p --> 1odecg3p_p + h_p + ocdca_p	mapped	(('bigg:1ODECG3P@p', -1), ('bigg:H2O@p', 1), ('bigg:H@p', -1), ('bigg:OCDCA@p', -1), ('bigg:PA180@p', 1))
E1T00081	non_cytosolic	iML1515	iML1515:LPLIPAL1A141pp	iML1515: 1tdec7eg3p_p + h2o_p --> glyc3p_p + h_p + ttdcea_p	mapped	(('bigg:1TDEC7EG3P@p', -1), ('bigg:GLYC3P@p', 1), ('bigg:H2O@p', -1), ('bigg:H@p', 1), ('bigg:TTDCEA@p', 1))
E1T00082	non_cytosolic	iML1515	iML1515:PLIPA2A141pp	iML1515: h2o_p + pa141_p --> 1tdec7eg3p_p + h_p + ttdcea_p	mapped	(('bigg:1TDEC7EG3P@p', -1), ('bigg:H2O@p', 1), ('bigg:H@p', -1), ('bigg:PA141@p', 1), ('bigg:TTDCEA@p', -1))
E1T00083	non_cytosolic	iML1515	iML1515:LPLIPAL1A140pp	iML1515: 1tdecg3p_p + h2o_p --> glyc3p_p + h_p + ttdca_p	mapped	(('bigg:1TDECG3P@p', -1), ('bigg:GLYC3P@p', 1), ('bigg:H2O@p', -1), ('bigg:H@p', 1), ('bigg:TTDCA@p', 1))
E1T00084	non_cytosolic	iML1515	iML1515:PLIPA2A140pp	iML1515: h2o_p + pa140_p --> 1tdecg3p_p + h_p + ttdca_p	mapped	(('bigg:1TDECG3P@p', -1), ('bigg:H2O@p', 1), ('bigg:H@p', -1), ('bigg:PA140@p', 1), ('bigg:TTDCA@p', -1))
E1T00085	transport	iML1515	iML1515:23CAMPtex	iML1515: 23camp_e <=> 23camp_p	mapped	(('bigg:23CAMP@e', -1), ('bigg:23CAMP@p', 1))
E1T00086	non_cytosolic	iML1515	iML1515:23PDE7pp	iML1515: 23camp_p + h2o_p --> 3amp_p + h_p	mapped	(('bigg:23CAMP@p', -1), ('bigg:3AMP@p', 1), ('bigg:H2O@p', -1), ('bigg:H@p', 1))
E1T00087	transport	iML1515	iML1515:23CCMPtex	iML1515: 23ccmp_e <=> 23ccmp_p	mapped	(('bigg:23CCMP@e', -1), ('bigg:23CCMP@p', 1))
E1T00088	non_cytosolic	iML1515	iML1515:23PDE4pp	iML1515: 23ccmp_p + h2o_p --> 3cmp_p + h_p	mapped	(('bigg:23CCMP@p', -1), ('bigg:3CMP@p', 1), ('bigg:H2O@p', -1), ('bigg:H@p', 1))
E1T00089	transport	iML1515	iML1515:23CGMPtex	iML1515: 23cgmp_e <=> 23cgmp_p	mapped	(('bigg:23CGMP@e', -1), ('bigg:23CGMP@p', 1))
E1T00090	non_cytosolic	iML1515	iML1515:23PDE9pp	iML1515: 23cgmp_p + h2o_p --> 3gmp_p + h_p	mapped	(('bigg:23CGMP@p', -1), ('bigg:3GMP@p', 1), ('bigg:H2O@p', -1), ('bigg:H@p', 1))
E1T00091	transport	iML1515	iML1515:23CUMPtex	iML1515: 23cump_e <=> 23cump_p	mapped	(('bigg:23CUMP@e', -1), ('bigg:23CUMP@p', 1))
E1T00092	non_cytosolic	iML1515	iML1515:23PDE2pp	iML1515: 23cump_p + h2o_p --> 3ump_p + h_p	mapped	(('bigg:23CUMP@p', -1), ('bigg:3UMP@p', 1), ('bigg:H2O@p', -1), ('bigg:H@p', 1))
E1T00093	transport	iML1515	iML1515:23DAPPAt2pp	iML1515: 23dappa_p + h_p --> 23dappa_c + h_c	mapped	(('bigg:23DAPPA@cytosol', -1), ('bigg:23DAPPA@p', 1), ('bigg:H@cytosol', -1), ('bigg:H@p', 1))
E1T00094	transport	iML1515	iML1515:23DAPPAtex	iML1515: 23dappa_e <=> 23dappa_p	mapped	(('bigg:23DAPPA@e', -1), ('bigg:23DAPPA@p', 1))
E1T00095	transport	iML1515	iML1515:23DOGULNt4pp	iML1515: 23doguln_p + na1_p --> 23doguln_c + na1_c	mapped	(('bigg:23DOGULN@cytosol', -1), ('bigg:23DOGULN@p', 1), ('bigg:NA1@cytosol', -1), ('bigg:NA1@p', 1))
E1T00096	transport	iJN1463	iJN1463:25DKGLCNt2rpp	iJN1463: 25dkglcn_p + h_p <=> 25dkglcn_c + h_c	mapped	(('bigg:25DKGLCN@cytosol', -1), ('bigg:25DKGLCN@p', 1), ('bigg:H@cytosol', -1), ('bigg:H@p', 1))
E1T00097	transport	iJN1463	iJN1463:25DKGLCNtex	iJN1463: 25dkglcn_e <=> 25dkglcn_p	mapped	(('bigg:25DKGLCN@e', -1), ('bigg:25DKGLCN@p', 1))
E1T00098	transport	iJN1463;iML1515	iML1515:DAPabcpp;iJN1463:DAPabcpp	iML1515: 26dap__M_p + atp_c + h2o_c --> 26dap__M_c + adp_c + h_c + pi_c;iJN1463: 26dap__M_p + atp_c + h2o_c --> 26dap__M_c + adp_c + h_c + pi_c	mapped	(('bigg:26DAP__M@cytosol', -1), ('bigg:26DAP__M@p', 1), ('bigg:ADP@cytosol', -1), ('bigg:ATP@cytosol', 1), ('bigg:H2O@cytosol', 1), ('bigg:H@cytosol', -1), ('bigg:PI@cytosol', -1))
E1T00099	transport	iJN1463;iML1515	iML1515:26DAHtex;iJN1463:26DAHtex	iML1515: 26dap__M_e <=> 26dap__M_p;iJN1463: 26dap__M_e <=> 26dap__M_p	mapped	(('bigg:26DAP__M@e', -1), ('bigg:26DAP__M@p', 1))
E1T00100	transport	iML1515	iML1515:2AGPE120tipp	iML1515: 2agpe120_p --> 2agpe120_c	mapped	(('bigg:2AGPE120@cytosol', -1), ('bigg:2AGPE120@p', 1))
E1T00101	non_cytosolic	iML1515	iML1515:PLIPA1E120pp	iML1515: h2o_p + pe120_p --> 2agpe120_p + ddca_p + h_p	mapped	(('bigg:2AGPE120@p', -1), ('bigg:DDCA@p', -1), ('bigg:H2O@p', 1), ('bigg:H@p', -1), ('bigg:PE120@p', 1))
E1T00102	transport	iML1515	iML1515:2AGPE140tipp	iML1515: 2agpe140_p --> 2agpe140_c	mapped	(('bigg:2AGPE140@cytosol', -1), ('bigg:2AGPE140@p', 1))
E1T00103	non_cytosolic	iML1515	iML1515:PLIPA1E140pp	iML1515: h2o_p + pe140_p --> 2agpe140_p + h_p + ttdca_p	mapped	(('bigg:2AGPE140@p', -1), ('bigg:H2O@p', 1), ('bigg:H@p', -1), ('bigg:PE140@p', 1), ('bigg:TTDCA@p', -1))
E1T00104	transport	iML1515	iML1515:2AGPE141tipp	iML1515: 2agpe141_p --> 2agpe141_c	mapped	(('bigg:2AGPE141@cytosol', -1), ('bigg:2AGPE141@p', 1))
E1T00105	non_cytosolic	iML1515	iML1515:PLIPA1E141pp	iML1515: h2o_p + pe141_p --> 2agpe141_p + h_p + ttdcea_p	mapped	(('bigg:2AGPE141@p', -1), ('bigg:H2O@p', 1), ('bigg:H@p', -1), ('bigg:PE141@p', 1), ('bigg:TTDCEA@p', -1))
E1T00106	transport	iJN1463;iML1515	iML1515:2AGPE160tipp;iJN1463:2AGPE160tipp	iML1515: 2agpe160_p --> 2agpe160_c;iJN1463: 2agpe160_p --> 2agpe160_c	mapped	(('bigg:2AGPE160@cytosol', -1), ('bigg:2AGPE160@p', 1))
E1T00107	non_cytosolic	iJN1463;iML1515	iML1515:ALPATE160pp;iJN1463:ALPATE160pp	iML1515: alpp_p + pe160_p --> 2agpe160_p + lpp_p;iJN1463: alpp_p + pe160_p --> 2agpe160_p + lpp_p	mapped	(('bigg:2AGPE160@p', -1), ('bigg:ALPP@p', 1), ('bigg:LPP@p', -1), ('bigg:PE160@p', 1))
E1T00108	non_cytosolic	iJN1463;iML1515	iML1515:PLIPA1E160pp;iJN1463:PLIPA1E160pp	iML1515: h2o_p + pe160_p --> 2agpe160_p + h_p + hdca_p;iJN1463: h2o_p + pe160_p --> 2agpe160_p + h_p + hdca_p	mapped	(('bigg:2AGPE160@p', -1), ('bigg:H2O@p', 1), ('bigg:H@p', -1), ('bigg:HDCA@p', -1), ('bigg:PE160@p', 1))
E1T00109	transport	iJN1463;iML1515	iML1515:2AGPE161tipp;iJN1463:2AGPE161tipp	iML1515: 2agpe161_p --> 2agpe161_c;iJN1463: 2agpe161_p --> 2agpe161_c	mapped	(('bigg:2AGPE161@cytosol', -1), ('bigg:2AGPE161@p', 1))
E1T00110	non_cytosolic	iJN1463	iJN1463:ALPATE161pp	iJN1463: alpp_p + pe161_p --> 2agpe161_p + lpp161_p	mapped	(('bigg:2AGPE161@p', -1), ('bigg:ALPP@p', 1), ('bigg:LPP161@p', -1), ('bigg:PE161@p', 1))
E1T00111	non_cytosolic	iJN1463;iML1515	iML1515:PLIPA1E161pp;iJN1463:PLIPA1E161pp	iML1515: h2o_p + pe161_p --> 2agpe161_p + h_p + hdcea_p;iJN1463: h2o_p + pe161_p --> 2agpe161_p + h_p + hdcea_p	mapped	(('bigg:2AGPE161@p', -1), ('bigg:H2O@p', 1), ('bigg:H@p', -1), ('bigg:HDCEA@p', -1), ('bigg:PE161@p', 1))
E1T00112	transport	iJN1463;iML1515	iML1515:2AGPE180tipp;iJN1463:2AGPE180tipp	iML1515: 2agpe180_p --> 2agpe180_c;iJN1463: 2agpe180_p --> 2agpe180_c	mapped	(('bigg:2AGPE180@cytosol', -1), ('bigg:2AGPE180@p', 1))
E1T00113	non_cytosolic	iJN1463	iJN1463:ALPATE180pp	iJN1463: alpp_p + pe180_p --> 2agpe180_p + lpp180_p	mapped	(('bigg:2AGPE180@p', -1), ('bigg:ALPP@p', 1), ('bigg:LPP180@p', -1), ('bigg:PE180@p', 1))
E1T00114	non_cytosolic	iJN1463;iML1515	iML1515:PLIPA1E180pp;iJN1463:PLIPA1E180pp	iML1515: h2o_p + pe180_p --> 2agpe180_p + h_p + ocdca_p;iJN1463: h2o_p + pe180_p --> 2agpe180_p + h_p + ocdca_p	mapped	(('bigg:2AGPE180@p', -1), ('bigg:H2O@p', 1), ('bigg:H@p', -1), ('bigg:OCDCA@p', -1), ('bigg:PE180@p', 1))
E1T00115	transport	iJN1463;iML1515	iML1515:2AGPE181tipp;iJN1463:2AGPE181tipp	iML1515: 2agpe181_p --> 2agpe181_c;iJN1463: 2agpe181_p --> 2agpe181_c	mapped	(('bigg:2AGPE181@cytosol', -1), ('bigg:2AGPE181@p', 1))
E1T00116	non_cytosolic	iJN1463	iJN1463:ALPATE181pp	iJN1463: alpp_p + pe181_p --> 2agpe181_p + lpp181_p	mapped	(('bigg:2AGPE181@p', -1), ('bigg:ALPP@p', 1), ('bigg:LPP181@p', -1), ('bigg:PE181@p', 1))
E1T00117	non_cytosolic	iML1515	iML1515:PLIPA1E181pp	iML1515: h2o_p + pe181_p --> 2agpe181_p + h_p + ocdcea_p	mapped	(('bigg:2AGPE181@p', -1), ('bigg:H2O@p', 1), ('bigg:H@p', -1), ('bigg:OCDCEA@p', -1), ('bigg:PE181@p', 1))
E1T00118	non_cytosolic	iJN1463	iJN1463:PLIPA1E181d11pp	iJN1463: h2o_p + pe181_p --> 2agpe181_p + h_p + vacc_p	mapped	(('bigg:2AGPE181@p', -1), ('bigg:H2O@p', 1), ('bigg:H@p', -1), ('bigg:PE181@p', 1), ('bigg:VACC@p', -1))
E1T00119	transport	iML1515	iML1515:2AGPG120tipp	iML1515: 2agpg120_p --> 2agpg120_c	mapped	(('bigg:2AGPG120@cytosol', -1), ('bigg:2AGPG120@p', 1))
E1T00120	non_cytosolic	iML1515	iML1515:PLIPA1G120pp	iML1515: h2o_p + pg120_p --> 2agpg120_p + ddca_p + h_p	mapped	(('bigg:2AGPG120@p', -1), ('bigg:DDCA@p', -1), ('bigg:H2O@p', 1), ('bigg:H@p', -1), ('bigg:PG120@p', 1))
E1T00121	transport	iML1515	iML1515:2AGPG140tipp	iML1515: 2agpg140_p --> 2agpg140_c	mapped	(('bigg:2AGPG140@cytosol', -1), ('bigg:2AGPG140@p', 1))
E1T00122	non_cytosolic	iML1515	iML1515:PLIPA1G140pp	iML1515: h2o_p + pg140_p --> 2agpg140_p + h_p + ttdca_p	mapped	(('bigg:2AGPG140@p', -1), ('bigg:H2O@p', 1), ('bigg:H@p', -1), ('bigg:PG140@p', 1), ('bigg:TTDCA@p', -1))
E1T00123	transport	iML1515	iML1515:2AGPG141tipp	iML1515: 2agpg141_p --> 2agpg141_c	mapped	(('bigg:2AGPG141@cytosol', -1), ('bigg:2AGPG141@p', 1))
E1T00124	non_cytosolic	iML1515	iML1515:PLIPA1G141pp	iML1515: h2o_p + pg141_p --> 2agpg141_p + h_p + ttdcea_p	mapped	(('bigg:2AGPG141@p', -1), ('bigg:H2O@p', 1), ('bigg:H@p', -1), ('bigg:PG141@p', 1), ('bigg:TTDCEA@p', -1))
E1T00125	transport	iJN1463;iML1515	iML1515:2AGPG160tipp;iJN1463:2AGPG160tipp	iML1515: 2agpg160_p --> 2agpg160_c;iJN1463: 2agpg160_p --> 2agpg160_c	mapped	(('bigg:2AGPG160@cytosol', -1), ('bigg:2AGPG160@p', 1))
E1T00126	non_cytosolic	iJN1463;iML1515	iML1515:ALPATG160pp;iJN1463:ALPATG160pp	iML1515: alpp_p + pg160_p --> 2agpg160_p + lpp_p;iJN1463: alpp_p + pg160_p --> 2agpg160_p + lpp_p	mapped	(('bigg:2AGPG160@p', -1), ('bigg:ALPP@p', 1), ('bigg:LPP@p', -1), ('bigg:PG160@p', 1))
E1T00127	non_cytosolic	iJN1463;iML1515	iML1515:PLIPA1G160pp;iJN1463:PLIPA1G160pp	iML1515: h2o_p + pg160_p --> 2agpg160_p + h_p + hdca_p;iJN1463: h2o_p + pg160_p --> 2agpg160_p + h_p + hdca_p	mapped	(('bigg:2AGPG160@p', -1), ('bigg:H2O@p', 1), ('bigg:H@p', -1), ('bigg:HDCA@p', -1), ('bigg:PG160@p', 1))
E1T00128	transport	iJN1463;iML1515	iML1515:2AGPG161tipp;iJN1463:2AGPG161tipp	iML1515: 2agpg161_p --> 2agpg161_c;iJN1463: 2agpg161_p --> 2agpg161_c	mapped	(('bigg:2AGPG161@cytosol', -1), ('bigg:2AGPG161@p', 1))
E1T00129	non_cytosolic	iJN1463	iJN1463:ALPATG161pp	iJN1463: alpp_p + pg161_p --> 2agpg161_p + lpp161_p	mapped	(('bigg:2AGPG161@p', -1), ('bigg:ALPP@p', 1), ('bigg:LPP161@p', -1), ('bigg:PG161@p', 1))
E1T00130	non_cytosolic	iJN1463;iML1515	iML1515:PLIPA1G161pp;iJN1463:PLIPA1G161pp	iML1515: h2o_p + pg161_p --> 2agpg161_p + h_p + hdcea_p;iJN1463: h2o_p + pg161_p --> 2agpg161_p + h_p + hdcea_p	mapped	(('bigg:2AGPG161@p', -1), ('bigg:H2O@p', 1), ('bigg:H@p', -1), ('bigg:HDCEA@p', -1), ('bigg:PG161@p', 1))
E1T00131	transport	iJN1463;iML1515	iML1515:2AGPG180tipp;iJN1463:2AGPG180tipp	iML1515: 2agpg180_p --> 2agpg180_c;iJN1463: 2agpg180_p --> 2agpg180_c	mapped	(('bigg:2AGPG180@cytosol', -1), ('bigg:2AGPG180@p', 1))
E1T00132	non_cytosolic	iJN1463	iJN1463:ALPATG180pp	iJN1463: alpp_p + pg180_p --> 2agpg180_p + lpp180_p	mapped	(('bigg:2AGPG180@p', -1), ('bigg:ALPP@p', 1), ('bigg:LPP180@p', -1), ('bigg:PG180@p', 1))
E1T00133	non_cytosolic	iJN1463;iML1515	iML1515:PLIPA1G180pp;iJN1463:PLIPA1G180pp	iML1515: h2o_p + pg180_p --> 2agpg180_p + h_p + ocdca_p;iJN1463: h2o_p + pg180_p --> 2agpg180_p + h_p + ocdca_p	mapped	(('bigg:2AGPG180@p', -1), ('bigg:H2O@p', 1), ('bigg:H@p', -1), ('bigg:OCDCA@p', -1), ('bigg:PG180@p', 1))
E1T00134	transport	iJN1463;iML1515	iML1515:2AGPG181tipp;iJN1463:2AGPG181tipp	iML1515: 2agpg181_p --> 2agpg181_c;iJN1463: 2agpg181_p --> 2agpg181_c	mapped	(('bigg:2AGPG181@cytosol', -1), ('bigg:2AGPG181@p', 1))
E1T00135	non_cytosolic	iJN1463	iJN1463:ALPATG181pp	iJN1463: alpp_p + pg181_p --> 2agpg181_p + lpp181_p	mapped	(('bigg:2AGPG181@p', -1), ('bigg:ALPP@p', 1), ('bigg:LPP181@p', -1), ('bigg:PG181@p', 1))
E1T00136	non_cytosolic	iML1515	iML1515:PLIPA1G181pp	iML1515: h2o_p + pg181_p --> 2agpg181_p + h_p + ocdcea_p	mapped	(('bigg:2AGPG181@p', -1), ('bigg:H2O@p', 1), ('bigg:H@p', -1), ('bigg:OCDCEA@p', -1), ('bigg:PG181@p', 1))
E1T00137	non_cytosolic	iJN1463	iJN1463:PLIPA1G181d11pp	iJN1463: h2o_p + pg181_p --> 2agpg181_p + h_p + vacc_p	mapped	(('bigg:2AGPG181@p', -1), ('bigg:H2O@p', 1), ('bigg:H@p', -1), ('bigg:PG181@p', 1), ('bigg:VACC@p', -1))
E1T00138	transport	iJN1463	iJN1463:AEPabcpp	iJN1463: 2ameph_p + atp_c + h2o_c --> 2ameph_c + adp_c + h_c + pi_c	mapped	(('bigg:2AMEPH@cytosol', -1), ('bigg:2AMEPH@p', 1), ('bigg:ADP@cytosol', -1), ('bigg:ATP@cytosol', 1), ('bigg:H2O@cytosol', 1), ('bigg:H@cytosol', -1), ('bigg:PI@cytosol', -1))
E1T00139	transport	iJN1463	iJN1463:AEPtex	iJN1463: 2ameph_e <=> 2ameph_p	mapped	(('bigg:2AMEPH@e', -1), ('bigg:2AMEPH@p', 1))
E1T00140	transport	iML1515	iML1515:2AGPA120tipp	iML1515: 2ddecg3p_p --> 2ddecg3p_c	mapped	(('bigg:2DDECG3P@cytosol', -1), ('bigg:2DDECG3P@p', 1))
E1T00141	non_cytosolic	iML1515	iML1515:PLIPA1A120pp	iML1515: h2o_p + pa120_p --> 2ddecg3p_p + ddca_p	mapped	(('bigg:2DDECG3P@p', -1), ('bigg:DDCA@p', -1), ('bigg:H2O@p', 1), ('bigg:PA120@p', 1))
E1T00142	transport	iML1515	iML1515:DDGLCNt2rpp	iML1515: 2ddglcn_p + h_p <=> 2ddglcn_c + h_c	mapped	(('bigg:2DDGLCN@cytosol', -1), ('bigg:2DDGLCN@p', 1), ('bigg:H@cytosol', -1), ('bigg:H@p', 1))
E1T00143	transport	iML1515	iML1515:DDGLCNtex	iML1515: 2ddglcn_e <=> 2ddglcn_p	mapped	(('bigg:2DDGLCN@e', -1), ('bigg:2DDGLCN@p', 1))
E1T00144	transport	iML1515	iML1515:2DGLCtex	iML1515: 2dglc_e <=> 2dglc_p	mapped	(('bigg:2DGLC@e', -1), ('bigg:2DGLC@p', 1))
E1T00145	transport	iML1515	iML1515:2DGLCptspp	iML1515: 2dglc_p + pep_c --> 2doxg6p_c + pyr_c	mapped	(('bigg:2DGLC@p', -1), ('bigg:2DOXG6P@cytosol', 1), ('bigg:PEP@cytosol', -1), ('bigg:PYR@cytosol', 1))
E1T00146	transport	iJN1463	iJN1463:2DHGLCNkt_tpp	iJN1463: 2dhglcn_p + h_p --> 2dhglcn_c + h_c	mapped	(('bigg:2DHGLCN@cytosol', -1), ('bigg:2DHGLCN@p', 1), ('bigg:H@cytosol', -1), ('bigg:H@p', 1))
E1T00147	transport	iJN1463	iJN1463:2DHGLCNtex	iJN1463: 2dhglcn_e <=> 2dhglcn_p	mapped	(('bigg:2DHGLCN@e', -1), ('bigg:2DHGLCN@p', 1))
E1T00148	transport	iJN1463	iJN1463:GAD2ktpp	iJN1463: glcn_p + q8_c <=> 2dhglcn_p + q8h2_c	mapped	(('bigg:2DHGLCN@p', -1), ('bigg:GLCN@p', 1), ('bigg:Q8@cytosol', 1), ('bigg:Q8H2@cytosol', -1))
E1T00149	transport	iML1515	iML1515:DMSOR2pp	iML1515: 2dmmql8_c + dmso_p --> 2dmmq8_c + dms_p + h2o_p	mapped	(('bigg:2DMMQ8@cytosol', -1), ('bigg:2DMMQL8@cytosol', 1), ('bigg:DMS@p', -1), ('bigg:DMSO@p', 1), ('bigg:H2O@p', -1))
E1T00150	transport	iML1515	iML1515:HYD3pp	iML1515: 2dmmq8_c + h2_c + 2.0 h_c --> 2dmmql8_c + 2.0 h_p	mapped	(('bigg:2DMMQ8@cytosol', -1), ('bigg:2DMMQL8@cytosol', 1), ('bigg:H2@cytosol', -1), ('bigg:H@cytosol', -2), ('bigg:H@p', 2))
E1T00151	transport	iML1515	iML1515:TMAOR2pp	iML1515: 2dmmql8_c + h_p + tmao_p --> 2dmmq8_c + h2o_p + tma_p	mapped	(('bigg:2DMMQ8@cytosol', -1), ('bigg:2DMMQL8@cytosol', 1), ('bigg:H2O@p', -1), ('bigg:H@p', 1), ('bigg:TMA@p', -1), ('bigg:TMAO@p', 1))
E1T00152	transport	iML1515	iML1515:NADH18pp	iML1515: 2dmmq8_c + 4.0 h_c + nadh_c --> 2dmmql8_c + 3.0 h_p + nad_c	mapped	(('bigg:2DMMQ8@cytosol', -1), ('bigg:2DMMQL8@cytosol', 1), ('bigg:H@cytosol', -4), ('bigg:H@p', 3), ('bigg:NAD@cytosol', 1), ('bigg:NADH@cytosol', -1))
E1T00153	transport	iML1515	iML1515:2AGPA161tipp	iML1515: 2hdec9eg3p_p --> 2hdec9eg3p_c	mapped	(('bigg:2HDEC9EG3P@cytosol', -1), ('bigg:2HDEC9EG3P@p', 1))
E1T00154	non_cytosolic	iML1515	iML1515:PLIPA1A161pp	iML1515: h2o_p + pa161_p --> 2hdec9eg3p_p + hdcea_p	mapped	(('bigg:2HDEC9EG3P@p', -1), ('bigg:H2O@p', 1), ('bigg:HDCEA@p', -1), ('bigg:PA161@p', 1))
E1T00155	transport	iML1515	iML1515:2AGPA160tipp	iML1515: 2hdecg3p_p --> 2hdecg3p_c	mapped	(('bigg:2HDECG3P@cytosol', -1), ('bigg:2HDECG3P@p', 1))
E1T00156	non_cytosolic	iML1515	iML1515:PLIPA1A160pp	iML1515: h2o_p + pa160_p --> 2hdecg3p_p + hdca_p	mapped	(('bigg:2HDECG3P@p', -1), ('bigg:H2O@p', 1), ('bigg:HDCA@p', -1), ('bigg:PA160@p', 1))
E1T00157	transport	iJN1463	iJN1463:MDNTHAep	iJN1463: 2m35mdntha_c + h_p --> 2m35mdntha_e + h_c	mapped	(('bigg:2M35MDNTHA@cytosol', -1), ('bigg:2M35MDNTHA@e', 1), ('bigg:H@cytosol', 1), ('bigg:H@p', -1))
E1T00158	transport	iML1515	iML1515:2AGPA181tipp	iML1515: 2odec11eg3p_p --> 2odec11eg3p_c	mapped	(('bigg:2ODEC11EG3P@cytosol', -1), ('bigg:2ODEC11EG3P@p', 1))
E1T00159	non_cytosolic	iML1515	iML1515:PLIPA1A181pp	iML1515: h2o_p + pa181_p --> 2odec11eg3p_p + ocdcea_p	mapped	(('bigg:2ODEC11EG3P@p', -1), ('bigg:H2O@p', 1), ('bigg:OCDCEA@p', -1), ('bigg:PA181@p', 1))
E1T00160	transport	iML1515	iML1515:2AGPA180tipp	iML1515: 2odecg3p_p --> 2odecg3p_c	mapped	(('bigg:2ODECG3P@cytosol', -1), ('bigg:2ODECG3P@p', 1))
E1T00161	non_cytosolic	iML1515	iML1515:PLIPA1A180pp	iML1515: h2o_p + pa180_p --> 2odecg3p_p + ocdca_p	mapped	(('bigg:2ODECG3P@p', -1), ('bigg:H2O@p', 1), ('bigg:OCDCA@p', -1), ('bigg:PA180@p', 1))
E1T00162	transport	iML1515	iML1515:2AGPA141tipp	iML1515: 2tdec7eg3p_p --> 2tdec7eg3p_c	mapped	(('bigg:2TDEC7EG3P@cytosol', -1), ('bigg:2TDEC7EG3P@p', 1))
E1T00163	non_cytosolic	iML1515	iML1515:PLIPA1A141pp	iML1515: h2o_p + pa141_p --> 2tdec7eg3p_p + ttdcea_p	mapped	(('bigg:2TDEC7EG3P@p', -1), ('bigg:H2O@p', 1), ('bigg:PA141@p', 1), ('bigg:TTDCEA@p', -1))
E1T00164	transport	iML1515	iML1515:2AGPA140tipp	iML1515: 2tdecg3p_p --> 2tdecg3p_c	mapped	(('bigg:2TDECG3P@cytosol', -1), ('bigg:2TDECG3P@p', 1))
E1T00165	non_cytosolic	iML1515	iML1515:PLIPA1A140pp	iML1515: h2o_p + pa140_p --> 2tdecg3p_p + ttdca_p	mapped	(('bigg:2TDECG3P@p', -1), ('bigg:H2O@p', 1), ('bigg:PA140@p', 1), ('bigg:TTDCA@p', -1))
E1T00166	transport	iJN1463;iML1515	iML1515:LYSabcpp;iJN1463:LYSabcpp	iML1515: atp_c + h2o_c + lys__L_p --> adp_c + h_c + lys__L_c + pi_c;iJN1463: atp_c + h2o_c + lys__L_p --> adp_c + h_c + lys__L_c + pi_c	mapped	(('bigg:33655@cytosol', -1), ('bigg:33655@p', 1), ('bigg:ADP@cytosol', -1), ('bigg:ATP@cytosol', 1), ('bigg:H2O@cytosol', 1), ('bigg:H@cytosol', -1), ('bigg:PI@cytosol', -1))
E1T00167	transport	iML1515	iML1515:LYSt2pp	iML1515: h_p + lys__L_p --> h_c + lys__L_c	mapped	(('bigg:33655@cytosol', -1), ('bigg:33655@p', 1), ('bigg:H@cytosol', -1), ('bigg:H@p', 1))
E1T00168	transport	iML1515	iML1515:LYSt3pp	iML1515: h_p + lys__L_c --> h_c + lys__L_p	mapped	(('bigg:33655@cytosol', -1), ('bigg:33655@p', 1), ('bigg:H@cytosol', 1), ('bigg:H@p', -1))
E1T00169	transport	iJN1463;iML1515	iML1515:LYStex;iJN1463:LYStex	iML1515: lys__L_e <=> lys__L_p;iJN1463: lys__L_e <=> lys__L_p	mapped	(('bigg:33655@e', -1), ('bigg:33655@p', 1))
E1T00170	transport	iJN1463	iJN1463:3_4DHBZ1t_pp	iJN1463: 34dhbz_p + h_p <=> 34dhbz_c + h_c	mapped	(('bigg:34DHBZ@cytosol', -1), ('bigg:34DHBZ@p', 1), ('bigg:H@cytosol', -1), ('bigg:H@p', 1))
E1T00171	transport	iJN1463	iJN1463:3_4DHBZt2	iJN1463: 34dhbz_e <=> 34dhbz_p	mapped	(('bigg:34DHBZ@e', -1), ('bigg:34DHBZ@p', 1))
E1T00172	transport	iJN1463	iJN1463:34DHCINMtpp	iJN1463: 34dhcinm_p <=> 34dhcinm_c	mapped	(('bigg:34DHCINM@cytosol', -1), ('bigg:34DHCINM@p', 1))
E1T00173	transport	iJN1463	iJN1463:34DHCINMtex	iJN1463: 34dhcinm_e <=> 34dhcinm_p	mapped	(('bigg:34DHCINM@e', -1), ('bigg:34DHCINM@p', 1))
E1T00174	transport	iML1515	iML1515:34dhpactex	iML1515: 34dhpac_e <=> 34dhpac_p	mapped	(('bigg:34DHPAC@e', -1), ('bigg:34DHPAC@p', 1))
E1T00175	non_cytosolic	iML1515	iML1515:42A12BOOXpp	iML1515: dopa_p + h2o_p + o2_p --> 34dhpac_p + h2o2_p + nh4_p	mapped	(('bigg:34DHPAC@p', -1), ('bigg:DOPA@p', 1), ('bigg:H2O2@p', -1), ('bigg:H2O@p', 1), ('bigg:NH4@p', -1), ('bigg:O2@p', 1))
E1T00176	transport	iJN1463	iJN1463:34DHPHEtpp	iJN1463: 34dhphe_p + h_p --> 34dhphe_c + h_c	mapped	(('bigg:34DHPHE@cytosol', -1), ('bigg:34DHPHE@p', 1), ('bigg:H@cytosol', -1), ('bigg:H@p', 1))
E1T00177	transport	iJN1463	iJN1463:34DHPHEtex	iJN1463: 34dhphe_e <=> 34dhphe_p	mapped	(('bigg:34DHPHE@e', -1), ('bigg:34DHPHE@p', 1))
E1T00178	transport	iJN1463	iJN1463:DNTAep	iJN1463: 35dnta_c + h_p --> 35dnta_e + h_c	mapped	(('bigg:35DNTA@cytosol', -1), ('bigg:35DNTA@e', 1), ('bigg:H@cytosol', 1), ('bigg:H@p', -1))
E1T00179	transport	iML1515	iML1515:3AMPtex	iML1515: 3amp_e <=> 3amp_p	mapped	(('bigg:3AMP@e', -1), ('bigg:3AMP@p', 1))
E1T00180	non_cytosolic	iML1515	iML1515:3NTD7pp	iML1515: 3amp_p + h2o_p --> adn_p + pi_p	mapped	(('bigg:3AMP@p', -1), ('bigg:ADN@p', 1), ('bigg:H2O@p', -1), ('bigg:PI@p', 1))
E1T00181	transport	iML1515	iML1515:3CMPtex	iML1515: 3cmp_e <=> 3cmp_p	mapped	(('bigg:3CMP@e', -1), ('bigg:3CMP@p', 1))
E1T00182	non_cytosolic	iML1515	iML1515:3NTD4pp	iML1515: 3cmp_p + h2o_p --> cytd_p + pi_p	mapped	(('bigg:3CMP@p', -1), ('bigg:CYTD@p', 1), ('bigg:H2O@p', -1), ('bigg:PI@p', 1))
E1T00183	transport	iML1515	iML1515:3GMPtex	iML1515: 3gmp_e <=> 3gmp_p	mapped	(('bigg:3GMP@e', -1), ('bigg:3GMP@p', 1))
E1T00184	non_cytosolic	iML1515	iML1515:3NTD9pp	iML1515: 3gmp_p + h2o_p --> gsn_p + pi_p	mapped	(('bigg:3GMP@p', -1), ('bigg:GSN@p', 1), ('bigg:H2O@p', -1), ('bigg:PI@p', 1))
E1T00185	transport	iJN1463	iJN1463:HAT40tpp	iJN1463: 3h4atb_p <=> 3h4atb_c	mapped	(('bigg:3H4ATB@cytosol', -1), ('bigg:3H4ATB@p', 1))
E1T00186	transport	iJN1463	iJN1463:HAT40tex	iJN1463: 3h4atb_p <=> 3h4atb_e	mapped	(('bigg:3H4ATB@e', -1), ('bigg:3H4ATB@p', 1))
E1T00187	transport	iML1515	iML1515:HCINNMt2rpp	iML1515: 3hcinnm_p + h_p <=> 3hcinnm_c + h_c	mapped	(('bigg:3HCINNM@cytosol', -1), ('bigg:3HCINNM@p', 1), ('bigg:H@cytosol', -1), ('bigg:H@p', 1))
E1T00188	transport	iML1515	iML1515:HCINNMtex	iML1515: 3hcinnm_e <=> 3hcinnm_p	mapped	(('bigg:3HCINNM@e', -1), ('bigg:3HCINNM@p', 1))
E1T00189	transport	iML1515	iML1515:3HPPtpp	iML1515: 3hpp_c + h_c --> 3hpp_p + h_p	mapped	(('bigg:3HPP@cytosol', -1), ('bigg:3HPP@p', 1), ('bigg:H@cytosol', -1), ('bigg:H@p', 1))
E1T00190	transport	iML1515	iML1515:3HPPtex	iML1515: 3hpp_e <=> 3hpp_p	mapped	(('bigg:3HPP@e', -1), ('bigg:3HPP@p', 1))
E1T00191	transport	iML1515	iML1515:HPPPNt2rpp	iML1515: 3hpppn_p + h_p <=> 3hpppn_c + h_c	mapped	(('bigg:3HPPPN@cytosol', -1), ('bigg:3HPPPN@p', 1), ('bigg:H@cytosol', -1), ('bigg:H@p', 1))
E1T00192	transport	iML1515	iML1515:HPPPNtex	iML1515: 3hpppn_e <=> 3hpppn_p	mapped	(('bigg:3HPPPN@e', -1), ('bigg:3HPPPN@p', 1))
E1T00193	transport	iJN1463	iJN1463:3MBt2pp	iJN1463: 3mb_p + h_p --> 3mb_c + h_c	mapped	(('bigg:3MB@cytosol', -1), ('bigg:3MB@p', 1), ('bigg:H@cytosol', -1), ('bigg:H@p', 1))
E1T00194	transport	iJN1463	iJN1463:3MBtex	iJN1463: 3mb_e <=> 3mb_p	mapped	(('bigg:3MB@e', -1), ('bigg:3MB@p', 1))
E1T00195	transport	iJN1463	iJN1463:3OXOADPt_pp	iJN1463: 3oxoadp_p + h_p <=> 3oxoadp_c + h_c	mapped	(('bigg:3OXOADP@cytosol', -1), ('bigg:3OXOADP@p', 1), ('bigg:H@cytosol', -1), ('bigg:H@p', 1))
E1T00196	transport	iJN1463	iJN1463:3OXOADPt_ex	iJN1463: 3oxoadp_e <=> 3oxoadp_p	mapped	(('bigg:3OXOADP@e', -1), ('bigg:3OXOADP@p', 1))
E1T00197	transport	iML1515	iML1515:3UMPtex	iML1515: 3ump_e <=> 3ump_p	mapped	(('bigg:3UMP@e', -1), ('bigg:3UMP@p', 1))
E1T00198	non_cytosolic	iML1515	iML1515:3NTD2pp	iML1515: 3ump_p + h2o_p --> pi_p + uri_p	mapped	(('bigg:3UMP@p', -1), ('bigg:H2O@p', -1), ('bigg:PI@p', 1), ('bigg:URI@p', 1))
E1T00199	transport	iJN1463	iJN1463:4ABUTabcpp	iJN1463: 4abut_p + atp_c + h2o_c --> 4abut_c + adp_c + h_c + pi_c	mapped	(('bigg:4ABUT@cytosol', -1), ('bigg:4ABUT@p', 1), ('bigg:ADP@cytosol', -1), ('bigg:ATP@cytosol', 1), ('bigg:H2O@cytosol', 1), ('bigg:H@cytosol', -1), ('bigg:PI@cytosol', -1))
E1T00200	transport	iML1515	iML1515:GLUABUTt7pp	iML1515: 4abut_c + glu__L_p <=> 4abut_p + glu__L_c	mapped	(('bigg:4ABUT@cytosol', -1), ('bigg:4ABUT@p', 1), ('bigg:GLU__L@cytosol', 1), ('bigg:GLU__L@p', -1))
E1T00201	transport	iJN1463;iML1515	iML1515:ABUTt2pp;iJN1463:ABUTt2pp	iML1515: 4abut_p + h_p --> 4abut_c + h_c;iJN1463: 4abut_p + h_p --> 4abut_c + h_c	mapped	(('bigg:4ABUT@cytosol', -1), ('bigg:4ABUT@p', 1), ('bigg:H@cytosol', -1), ('bigg:H@p', 1))
E1T00202	transport	iJN1463;iML1515	iML1515:ABUTtex;iJN1463:ABUTtex	iML1515: 4abut_e <=> 4abut_p;iJN1463: 4abut_e <=> 4abut_p	mapped	(('bigg:4ABUT@e', -1), ('bigg:4ABUT@p', 1))
E1T00203	transport	iML1515	iML1515:4ABZGLUtr	iML1515: 4abzglu_p + h_p <=> 4abzglu_c + h_c	mapped	(('bigg:4ABZGLU@cytosol', -1), ('bigg:4ABZGLU@p', 1), ('bigg:H@cytosol', -1), ('bigg:H@p', 1))
E1T00204	transport	iML1515	iML1515:4ABZGLUtex	iML1515: 4abzglu_e <=> 4abzglu_p	mapped	(('bigg:4ABZGLU@e', -1), ('bigg:4ABZGLU@p', 1))
E1T00205	transport	iJN1463	iJN1463:UHBZ1t_pp	iJN1463: 4hbz_p + h_p <=> 4hbz_c + h_c	mapped	(('bigg:4HBZ@cytosol', -1), ('bigg:4HBZ@p', 1), ('bigg:H@cytosol', -1), ('bigg:H@p', 1))
E1T00206	transport	iML1515	iML1515:4HBZt3pp	iML1515: 4hbz_c + h_p --> 4hbz_p + h_c	mapped	(('bigg:4HBZ@cytosol', -1), ('bigg:4HBZ@p', 1), ('bigg:H@cytosol', 1), ('bigg:H@p', -1))
E1T00207	transport	iJN1463	iJN1463:4HBZtex	iJN1463: 4hbz_e <=> 4hbz_p	mapped	(('bigg:4HBZ@e', -1), ('bigg:4HBZ@p', 1))
E1T00208	transport	iML1515	iML1515:4HOXPACDtex	iML1515: 4hoxpacd_e <=> 4hoxpacd_p	mapped	(('bigg:4HOXPACD@e', -1), ('bigg:4HOXPACD@p', 1))
E1T00209	non_cytosolic	iML1515	iML1515:TYROXDApp	iML1515: h2o_p + o2_p + tym_p --> 4hoxpacd_p + h2o2_p + nh4_p	mapped	(('bigg:4HOXPACD@p', -1), ('bigg:H2O2@p', -1), ('bigg:H2O@p', 1), ('bigg:NH4@p', -1), ('bigg:O2@p', 1), ('bigg:TYM@p', 1))
E1T00210	transport	iJN1463	iJN1463:4HPRODCabcpp	iJN1463: 4hpro_DC_p + atp_c + h2o_c --> 4hpro_DC_c + adp_c + h_c + pi_c	mapped	(('bigg:4HPRO_DC@cytosol', -1), ('bigg:4HPRO_DC@p', 1), ('bigg:ADP@cytosol', -1), ('bigg:ATP@cytosol', 1), ('bigg:H2O@cytosol', 1), ('bigg:H@cytosol', -1), ('bigg:PI@cytosol', -1))
E1T00211	transport	iJN1463	iJN1463:4HPRODCtex	iJN1463: 4hpro_DC_e <=> 4hpro_DC_p	mapped	(('bigg:4HPRO_DC@e', -1), ('bigg:4HPRO_DC@p', 1))
E1T00212	transport	iJN1463	iJN1463:4HPROLTabcpp	iJN1463: 4hpro_LT_p + atp_c + h2o_c --> 4hpro_LT_c + adp_c + h_c + pi_c	mapped	(('bigg:4HPRO_LT@cytosol', -1), ('bigg:4HPRO_LT@p', 1), ('bigg:ADP@cytosol', -1), ('bigg:ATP@cytosol', 1), ('bigg:H2O@cytosol', 1), ('bigg:H@cytosol', -1), ('bigg:PI@cytosol', -1))
E1T00213	transport	iJN1463	iJN1463:4HPROLTtex	iJN1463: 4hpro_LT_e <=> 4hpro_LT_p	mapped	(('bigg:4HPRO_LT@e', -1), ('bigg:4HPRO_LT@p', 1))
E1T00214	transport	iJN1463	iJN1463:4HPTNtpp	iJN1463: 4hptn_p + na1_p --> 4hptn_c + na1_c	mapped	(('bigg:4HPTN@cytosol', -1), ('bigg:4HPTN@p', 1), ('bigg:NA1@cytosol', -1), ('bigg:NA1@p', 1))
E1T00215	transport	iJN1463	iJN1463:4HPTNtex	iJN1463: 4hptn_e <=> 4hptn_p	mapped	(('bigg:4HPTN@e', -1), ('bigg:4HPTN@p', 1))
E1T00216	transport	iJN1463	iJN1463:4OXPTNtpp	iJN1463: 4oxptn_p + na1_p --> 4oxptn_c + na1_c	mapped	(('bigg:4OXPTN@cytosol', -1), ('bigg:4OXPTN@p', 1), ('bigg:NA1@cytosol', -1), ('bigg:NA1@p', 1))
E1T00217	transport	iJN1463	iJN1463:4OXPTNtex	iJN1463: 4oxptn_e <=> 4oxptn_p	mapped	(('bigg:4OXPTN@e', -1), ('bigg:4OXPTN@p', 1))
E1T00218	transport	iJN1463	iJN1463:5APTNabcpp	iJN1463: 5aptn_p + atp_c + h2o_c --> 5aptn_c + adp_c + h_c + pi_c	mapped	(('bigg:5APTN@cytosol', -1), ('bigg:5APTN@p', 1), ('bigg:ADP@cytosol', -1), ('bigg:ATP@cytosol', 1), ('bigg:H2O@cytosol', 1), ('bigg:H@cytosol', -1), ('bigg:PI@cytosol', -1))
E1T00219	transport	iJN1463	iJN1463:5APTNtex	iJN1463: 5aptn_e <=> 5aptn_p	mapped	(('bigg:5APTN@e', -1), ('bigg:5APTN@p', 1))
E1T00220	transport	iML1515	iML1515:5DGLCNt2rpp	iML1515: 5dglcn_p + h_p <=> 5dglcn_c + h_c	mapped	(('bigg:5DGLCN@cytosol', -1), ('bigg:5DGLCN@p', 1), ('bigg:H@cytosol', -1), ('bigg:H@p', 1))
E1T00221	transport	iML1515	iML1515:5DGLCNtex	iML1515: 5dglcn_e <=> 5dglcn_p	mapped	(('bigg:5DGLCN@e', -1), ('bigg:5DGLCN@p', 1))
E1T00222	transport	iJN1463	iJN1463:OARGabcpp	iJN1463: 5g2oxpt_p + atp_c + h2o_c --> 5g2oxpt_c + adp_c + h_c + pi_c	mapped	(('bigg:5G2OXPT@cytosol', -1), ('bigg:5G2OXPT@p', 1), ('bigg:ADP@cytosol', -1), ('bigg:ATP@cytosol', 1), ('bigg:H2O@cytosol', 1), ('bigg:H@cytosol', -1), ('bigg:PI@cytosol', -1))
E1T00223	transport	iJN1463	iJN1463:OARGtex	iJN1463: 5g2oxpt_e <=> 5g2oxpt_p	mapped	(('bigg:5G2OXPT@e', -1), ('bigg:5G2OXPT@p', 1))
E1T00224	transport	iJN1463	iJN1463:MCSNtpp	iJN1463: 5mcsn_p + h_p --> 5mcsn_c + h_c	mapped	(('bigg:5MCSN@cytosol', -1), ('bigg:5MCSN@p', 1), ('bigg:H@cytosol', -1), ('bigg:H@p', 1))
E1T00225	transport	iJN1463	iJN1463:MCSNtex	iJN1463: 5mcsn_e <=> 5mcsn_p	mapped	(('bigg:5MCSN@e', -1), ('bigg:5MCSN@p', 1))
E1T00226	transport	iML1515	iML1515:5MTRtpp	iML1515: 5mtr_c + h_c --> 5mtr_p + h_p	mapped	(('bigg:5MTR@cytosol', -1), ('bigg:5MTR@p', 1), ('bigg:H@cytosol', -1), ('bigg:H@p', 1))
E1T00227	transport	iML1515	iML1515:5MTRtex	iML1515: 5mtr_e <=> 5mtr_p	mapped	(('bigg:5MTR@e', -1), ('bigg:5MTR@p', 1))
E1T00228	transport	iJN1463	iJN1463:5OXPROabcpp	iJN1463: 5oxpro_p + atp_c + h2o_c --> 5oxpro_c + adp_c + h_c + pi_c	mapped	(('bigg:5OXPRO@cytosol', -1), ('bigg:5OXPRO@p', 1), ('bigg:ADP@cytosol', -1), ('bigg:ATP@cytosol', 1), ('bigg:H2O@cytosol', 1), ('bigg:H@cytosol', -1), ('bigg:PI@cytosol', -1))
E1T00229	transport	iJN1463	iJN1463:5OXPROtex	iJN1463: 5oxpro_e <=> 5oxpro_p	mapped	(('bigg:5OXPRO@e', -1), ('bigg:5OXPRO@p', 1))
E1T00230	transport	iJN1463	iJN1463:6ATHAtexi	iJN1463: 6atha_e --> 6atha_p	mapped	(('bigg:6ATHA@e', -1), ('bigg:6ATHA@p', 1))
E1T00231	transport	iJN1463	iJN1463:FACOALT60t2pp	iJN1463: 6atha_p + atp_c + coa_c + h_p --> 6athcoa_c + amp_c + h_c + ppi_c	mapped	(('bigg:6ATHA@p', -1), ('bigg:6ATHCOA@cytosol', 1), ('bigg:AMP@cytosol', 1), ('bigg:ATP@cytosol', -1), ('bigg:COA@cytosol', -1), ('bigg:H@cytosol', 1), ('bigg:H@p', -1), ('bigg:PPI@cytosol', 1))
E1T00232	transport	iJN1463	iJN1463:6HNACt1pp	iJN1463: 6hnac_p + h_p <=> 6hnac_c + h_c	mapped	(('bigg:6HNAC@cytosol', -1), ('bigg:6HNAC@p', 1), ('bigg:H@cytosol', -1), ('bigg:H@p', 1))
E1T00233	transport	iJN1463	iJN1463:6HNACtex	iJN1463: 6hnac_e <=> 6hnac_p	mapped	(('bigg:6HNAC@e', -1), ('bigg:6HNAC@p', 1))
E1T00234	transport	iML1515	iML1515:CELBpts	iML1515: cellb_e + pep_c --> 6pgg_c + pyr_c	mapped	(('bigg:6PGG@cytosol', -1), ('bigg:CELLB@e', 1), ('bigg:PEP@cytosol', 1), ('bigg:PYR@cytosol', -1))
E1T00235	transport	iJN1463;iML1515	iML1515:ACt2rpp;iJN1463:ACt2rpp	iML1515: ac_p + h_p <=> ac_c + h_c;iJN1463: ac_p + h_p <=> ac_c + h_c	mapped	(('bigg:AC@cytosol', -1), ('bigg:AC@p', 1), ('bigg:H@cytosol', -1), ('bigg:H@p', 1))
E1T00236	transport	iJN1463	iJN1463:ACt5pp	iJN1463: ac_p + 2.0 h_p --> ac_c + 2.0 h_c	mapped	(('bigg:AC@cytosol', -1), ('bigg:AC@p', 1), ('bigg:H@cytosol', -2), ('bigg:H@p', 2))
E1T00237	transport	iJN1463;iML1515	iML1515:ACt4pp;iJN1463:ACt4pp	iML1515: ac_p + na1_p --> ac_c + na1_c;iJN1463: ac_p + na1_p --> ac_c + na1_c	mapped	(('bigg:AC@cytosol', -1), ('bigg:AC@p', 1), ('bigg:NA1@cytosol', -1), ('bigg:NA1@p', 1))
E1T00238	transport	iJN1463;iML1515	iML1515:ACtex;iJN1463:ACtex	iML1515: ac_e <=> ac_p;iJN1463: ac_e <=> ac_p	mapped	(('bigg:AC@e', -1), ('bigg:AC@p', 1))
E1T00239	transport	iJN1463;iML1515	iML1515:ACACt2pp;iJN1463:ACACt2pp	iML1515: acac_p + h_p <=> acac_c + h_c;iJN1463: acac_p + h_p <=> acac_c + h_c	mapped	(('bigg:ACAC@cytosol', -1), ('bigg:ACAC@p', 1), ('bigg:H@cytosol', -1), ('bigg:H@p', 1))
E1T00240	transport	iJN1463;iML1515	iML1515:ACACtex;iJN1463:ACACtex	iML1515: acac_e <=> acac_p;iJN1463: acac_e <=> acac_p	mapped	(('bigg:ACAC@e', -1), ('bigg:ACAC@p', 1))
E1T00241	transport	iJN1463;iML1515	iML1515:ACALDtpp;iJN1463:ACALDtpp	iML1515: acald_p <=> acald_c;iJN1463: acald_p <=> acald_c	mapped	(('bigg:ACALD@cytosol', -1), ('bigg:ACALD@p', 1))
E1T00242	transport	iJN1463;iML1515	iML1515:ACALDtex;iJN1463:ACALDtex	iML1515: acald_e <=> acald_p;iJN1463: acald_e <=> acald_p	mapped	(('bigg:ACALD@e', -1), ('bigg:ACALD@p', 1))
E1T00243	non_cytosolic	iJN1463	iJN1463:ALCDpp	iJN1463: etoh_p + pqq_p --> acald_p + pqqh2_p	mapped	(('bigg:ACALD@p', -1), ('bigg:ETOH@p', 1), ('bigg:PQQ@p', 1), ('bigg:PQQH2@p', -1))
E1T00244	transport	iJN1463	iJN1463:ALGAC1	iJN1463: accoa_c + prealginate__M_p --> coa_c + prealgac_M1_p	mapped	(('bigg:ACCOA@cytosol', -1), ('bigg:COA@cytosol', 1), ('bigg:PREALGAC_M1@p', 1), ('bigg:PREALGINATE__M@p', -1))
E1T00245	transport	iJN1463	iJN1463:ALGAC2	iJN1463: 2.0 accoa_c + prealginate__M_p --> 2.0 coa_c + prealgac_M2_p	mapped	(('bigg:ACCOA@cytosol', -2), ('bigg:COA@cytosol', 2), ('bigg:PREALGAC_M2@p', 1), ('bigg:PREALGINATE__M@p', -1))
E1T00246	transport	iJN1463	iJN1463:ALGAC3	iJN1463: 3.0 accoa_c + prealginate__M_p --> 3.0 coa_c + prealgac_M3_p	mapped	(('bigg:ACCOA@cytosol', -3), ('bigg:COA@cytosol', 3), ('bigg:PREALGAC_M3@p', 1), ('bigg:PREALGINATE__M@p', -1))
E1T00247	transport	iJN1463	iJN1463:ALGAC4	iJN1463: 4.0 accoa_c + prealginate__M_p --> 4.0 coa_c + prealgac_M4_p	mapped	(('bigg:ACCOA@cytosol', -4), ('bigg:COA@cytosol', 4), ('bigg:PREALGAC_M4@p', 1), ('bigg:PREALGINATE__M@p', -1))
E1T00248	transport	iJN1463	iJN1463:ALGAC5	iJN1463: 5.0 accoa_c + prealginate__M_p --> algac__M_p + 5.0 coa_c	mapped	(('bigg:ACCOA@cytosol', -5), ('bigg:ALGAC__M@p', 1), ('bigg:COA@cytosol', 5), ('bigg:PREALGINATE__M@p', -1))
E1T00249	transport	iML1515	iML1515:ACGAL1Ptex	iML1515: acgal1p_e <=> acgal1p_p	mapped	(('bigg:ACGAL1P@e', -1), ('bigg:ACGAL1P@p', 1))
E1T00250	non_cytosolic	iML1515	iML1515:ACGAL1PPpp	iML1515: acgal1p_p + h2o_p --> acgal_p + pi_p	mapped	(('bigg:ACGAL1P@p', -1), ('bigg:ACGAL@p', 1), ('bigg:H2O@p', -1), ('bigg:PI@p', 1))
E1T00251	non_cytosolic	iML1515	iML1515:UACGALPpp	iML1515: h2o_p + udpacgal_p --> acgal1p_p + 2.0 h_p + ump_p	mapped	(('bigg:ACGAL1P@p', -1), ('bigg:H2O@p', 1), ('bigg:H@p', -2), ('bigg:UDPACGAL@p', 1), ('bigg:UMP@p', -1))
E1T00252	transport	iML1515	iML1515:ACGALtex	iML1515: acgal_e <=> acgal_p	mapped	(('bigg:ACGAL@e', -1), ('bigg:ACGAL@p', 1))
E1T00253	transport	iML1515	iML1515:ACGAM1Ptex	iML1515: acgam1p_e <=> acgam1p_p	mapped	(('bigg:ACGAM1P@e', -1), ('bigg:ACGAM1P@p', 1))
E1T00254	non_cytosolic	iML1515	iML1515:ACGAM1PPpp	iML1515: acgam1p_p + h2o_p --> acgam_p + pi_p	mapped	(('bigg:ACGAM1P@p', -1), ('bigg:ACGAM@p', 1), ('bigg:H2O@p', -1), ('bigg:PI@p', 1))
E1T00255	non_cytosolic	iML1515	iML1515:UACGAMPpp	iML1515: h2o_p + uacgam_p --> acgam1p_p + 2.0 h_p + ump_p	mapped	(('bigg:ACGAM1P@p', -1), ('bigg:H2O@p', 1), ('bigg:H@p', -2), ('bigg:UACGAM@p', 1), ('bigg:UMP@p', -1))
E1T00256	transport	iML1515	iML1515:ACGAptspp	iML1515: acgam_p + pep_c --> acgam6p_c + pyr_c	mapped	(('bigg:ACGAM6P@cytosol', -1), ('bigg:ACGAM@p', 1), ('bigg:PEP@cytosol', 1), ('bigg:PYR@cytosol', -1))
E1T00257	transport	iML1515	iML1515:ACGAtex	iML1515: acgam_e <=> acgam_p	mapped	(('bigg:ACGAM@e', -1), ('bigg:ACGAM@p', 1))
E1T00258	transport	iML1515	iML1515:ACMANAtex	iML1515: acmana_e <=> acmana_p	mapped	(('bigg:ACMANA@e', -1), ('bigg:ACMANA@p', 1))
E1T00259	transport	iML1515	iML1515:ACMANAptspp	iML1515: acmana_p + pep_c --> acmanap_c + pyr_c	mapped	(('bigg:ACMANA@p', -1), ('bigg:ACMANAP@cytosol', 1), ('bigg:PEP@cytosol', -1), ('bigg:PYR@cytosol', 1))
E1T00260	transport	iJN1463	iJN1463:ACMTSOXINtpp	iJN1463: acmtsoxin_p <=> acmtsoxin_c	mapped	(('bigg:ACMTSOXIN@cytosol', -1), ('bigg:ACMTSOXIN@p', 1))
E1T00261	transport	iJN1463	iJN1463:ACMTSOXINtex	iJN1463: acmtsoxin_e <=> acmtsoxin_p	mapped	(('bigg:ACMTSOXIN@e', -1), ('bigg:ACMTSOXIN@p', 1))
E1T00262	transport	iML1515	iML1515:ACMUMptspp	iML1515: acmum_p + pep_c --> acmum6p_c + pyr_c	mapped	(('bigg:ACMUM6P@cytosol', -1), ('bigg:ACMUM@p', 1), ('bigg:PEP@cytosol', 1), ('bigg:PYR@cytosol', -1))
E1T00263	transport	iML1515	iML1515:ACMUMtex	iML1515: acmum_e --> acmum_p	mapped	(('bigg:ACMUM@e', -1), ('bigg:ACMUM@p', 1))
E1T00264	transport	iML1515	iML1515:ACNAMt2pp	iML1515: acnam_p + h_p --> acnam_c + h_c	mapped	(('bigg:ACNAM@cytosol', -1), ('bigg:ACNAM@p', 1), ('bigg:H@cytosol', -1), ('bigg:H@p', 1))
E1T00265	transport	iML1515	iML1515:ACNAMtex	iML1515: acnam_e <=> acnam_p	mapped	(('bigg:ACNAM@e', -1), ('bigg:ACNAM@p', 1))
E1T00266	transport	iML1515	iML1515:ACOLIPAabctex	iML1515: acolipa_p + atp_c + h2o_c --> acolipa_e + adp_c + h_c + pi_c	mapped	(('bigg:ACOLIPA@e', -1), ('bigg:ACOLIPA@p', 1), ('bigg:ADP@cytosol', -1), ('bigg:ATP@cytosol', 1), ('bigg:H2O@cytosol', 1), ('bigg:H@cytosol', -1), ('bigg:PI@cytosol', -1))
E1T00267	non_cytosolic	iML1515	iML1515:LA4NTpp	iML1515: colipa_p + uLa4n_p --> acolipa_p + udcpp_p	mapped	(('bigg:ACOLIPA@p', -1), ('bigg:COLIPA@p', 1), ('bigg:UDCPP@p', -1), ('bigg:ULA4N@p', 1))
E1T00268	transport	iJN1463	iJN1463:ACONCt4pp	iJN1463: acon_C_p + na1_p --> acon_C_c + na1_c	mapped	(('bigg:ACON_C@cytosol', -1), ('bigg:ACON_C@p', 1), ('bigg:NA1@cytosol', -1), ('bigg:NA1@p', 1))
E1T00269	transport	iJN1463	iJN1463:ACONCtex	iJN1463: acon_C_e <=> acon_C_p	mapped	(('bigg:ACON_C@e', -1), ('bigg:ACON_C@p', 1))
E1T00270	transport	iJN1463	iJN1463:ACPHPHITRNtpp	iJN1463: acpptrn_p <=> acpptrn_c	mapped	(('bigg:ACPPTRN@cytosol', -1), ('bigg:ACPPTRN@p', 1))
E1T00271	transport	iJN1463	iJN1463:ACPHPHITRNtex	iJN1463: acpptrn_e <=> acpptrn_p	mapped	(('bigg:ACPPTRN@e', -1), ('bigg:ACPPTRN@p', 1))
E1T00272	transport	iJN1463;iML1515	iML1515:ACSERtpp;iJN1463:ACSERtpp	iML1515: acser_c --> acser_p;iJN1463: acser_c --> acser_p	mapped	(('bigg:ACSER@cytosol', -1), ('bigg:ACSER@p', 1))
E1T00273	transport	iJN1463;iML1515	iML1515:ACSERtex;iJN1463:ACSERtex	iML1515: acser_e <=> acser_p;iJN1463: acser_e <=> acser_p	mapped	(('bigg:ACSER@e', -1), ('bigg:ACSER@p', 1))
E1T00274	transport	iJN1463	iJN1463:ACTNtpp	iJN1463: actn__R_p + h_p --> actn__R_c + h_c	mapped	(('bigg:ACTN__R@cytosol', -1), ('bigg:ACTN__R@p', 1), ('bigg:H@cytosol', -1), ('bigg:H@p', 1))
E1T00275	transport	iJN1463	iJN1463:ACTNtex	iJN1463: actn__R_e <=> actn__R_p	mapped	(('bigg:ACTN__R@e', -1), ('bigg:ACTN__R@p', 1))
E1T00276	transport	iJN1463;iML1515	iML1515:ADEt2rpp;iJN1463:ADEt2rpp	iML1515: ade_p + h_p <=> ade_c + h_c;iJN1463: ade_p + h_p <=> ade_c + h_c	mapped	(('bigg:ADE@cytosol', -1), ('bigg:ADE@p', 1), ('bigg:H@cytosol', -1), ('bigg:H@p', 1))
E1T00277	transport	iJN1463;iML1515	iML1515:ADEtex;iJN1463:ADEtex	iML1515: ade_e <=> ade_p;iJN1463: ade_e <=> ade_p	mapped	(('bigg:ADE@e', -1), ('bigg:ADE@p', 1))
E1T00278	transport	iML1515	iML1515:ADNt2pp_copy1;iML1515:ADNt2pp_copy2	iML1515: adn_p + h_p --> adn_c + h_c;iML1515: adn_p + h_p <=> adn_c + h_c	mapped	(('bigg:ADN@cytosol', -1), ('bigg:ADN@p', 1), ('bigg:H@cytosol', -1), ('bigg:H@p', 1))
E1T00279	transport	iJN1463;iML1515	iML1515:ADNtex;iJN1463:ADNtex	iML1515: adn_e <=> adn_p;iJN1463: adn_e <=> adn_p	mapped	(('bigg:ADN@e', -1), ('bigg:ADN@p', 1))
E1T00280	non_cytosolic	iJN1463;iML1515	iML1515:NTD7pp;iJN1463:NTD7pp	iML1515: amp_p + h2o_p --> adn_p + pi_p;iJN1463: amp_p + h2o_p --> adn_p + pi_p	mapped	(('bigg:ADN@p', -1), ('bigg:AMP@p', 1), ('bigg:H2O@p', 1), ('bigg:PI@p', -1))
E1T00281	transport	iJN1463;iML1515	iML1515:ADOCBLabcpp;iJN1463:ADOCBLabcpp	iML1515: adocbl_p + atp_c + h2o_c --> adocbl_c + adp_c + h_c + pi_c;iJN1463: adocbl_p + atp_c + h2o_c --> adocbl_c + adp_c + h_c + pi_c	mapped	(('bigg:ADOCBL@cytosol', -1), ('bigg:ADOCBL@p', 1), ('bigg:ADP@cytosol', -1), ('bigg:ATP@cytosol', 1), ('bigg:H2O@cytosol', 1), ('bigg:H@cytosol', -1), ('bigg:PI@cytosol', -1))
E1T00282	transport	iJN1463;iML1515	iML1515:ADOCBLtonex;iJN1463:ADOCBLtonex	iML1515: adocbl_e + h_p --> adocbl_p + h_c;iJN1463: adocbl_e + h_p --> adocbl_p + h_c	mapped	(('bigg:ADOCBL@e', -1), ('bigg:ADOCBL@p', 1), ('bigg:H@cytosol', 1), ('bigg:H@p', -1))
E1T00283	transport	iJN1463	iJN1463:AGMabcpp	iJN1463: agm_p + atp_c + h2o_c --> adp_c + agm_c + h_c + pi_c	mapped	(('bigg:ADP@cytosol', -1), ('bigg:AGM@cytosol', -1), ('bigg:AGM@p', 1), ('bigg:ATP@cytosol', 1), ('bigg:H2O@cytosol', 1), ('bigg:H@cytosol', -1), ('bigg:PI@cytosol', -1))
E1T00284	transport	iJN1463;iML1515	iML1515:ALAALAabcpp;iJN1463:ALAALAabcpp	iML1515: alaala_p + atp_c + h2o_c --> adp_c + alaala_c + h_c + pi_c;iJN1463: alaala_p + atp_c + h2o_c --> adp_c + alaala_c + h_c + pi_c	mapped	(('bigg:ADP@cytosol', -1), ('bigg:ALAALA@cytosol', -1), ('bigg:ALAALA@p', 1), ('bigg:ATP@cytosol', 1), ('bigg:H2O@cytosol', 1), ('bigg:H@cytosol', -1), ('bigg:PI@cytosol', -1))
E1T00285	transport	iJN1463	iJN1463:ALAHISabcpp	iJN1463: alahis_p + atp_c + h2o_c --> adp_c + alahis_c + h_c + pi_c	mapped	(('bigg:ADP@cytosol', -1), ('bigg:ALAHIS@cytosol', -1), ('bigg:ALAHIS@p', 1), ('bigg:ATP@cytosol', 1), ('bigg:H2O@cytosol', 1), ('bigg:H@cytosol', -1), ('bigg:PI@cytosol', -1))
E1T00286	transport	iJN1463	iJN1463:ALALEUabcpp	iJN1463: alaleu_p + atp_c + h2o_c --> adp_c + alaleu_c + h_c + pi_c	mapped	(('bigg:ADP@cytosol', -1), ('bigg:ALALEU@cytosol', -1), ('bigg:ALALEU@p', 1), ('bigg:ATP@cytosol', 1), ('bigg:H2O@cytosol', 1), ('bigg:H@cytosol', -1), ('bigg:PI@cytosol', -1))
E1T00287	transport	iJN1463	iJN1463:ALATHRabcpp	iJN1463: alathr_p + atp_c + h2o_c --> adp_c + alathr_c + h_c + pi_c	mapped	(('bigg:ADP@cytosol', -1), ('bigg:ALATHR@cytosol', -1), ('bigg:ALATHR@p', 1), ('bigg:ATP@cytosol', 1), ('bigg:H2O@cytosol', 1), ('bigg:H@cytosol', -1), ('bigg:PI@cytosol', -1))
E1T00288	transport	iJN1463	iJN1463:ALATRPabcpp	iJN1463: alatrp_p + atp_c + h2o_c --> adp_c + alatrp_c + h_c + pi_c	mapped	(('bigg:ADP@cytosol', -1), ('bigg:ALATRP@cytosol', -1), ('bigg:ALATRP@p', 1), ('bigg:ATP@cytosol', 1), ('bigg:H2O@cytosol', 1), ('bigg:H@cytosol', -1), ('bigg:PI@cytosol', -1))
E1T00289	transport	iJN1463	iJN1463:DALAabcpp	iJN1463: ala__D_p + atp_c + h2o_c --> adp_c + ala__D_c + h_c + pi_c	mapped	(('bigg:ADP@cytosol', -1), ('bigg:ALA__D@cytosol', -1), ('bigg:ALA__D@p', 1), ('bigg:ATP@cytosol', 1), ('bigg:H2O@cytosol', 1), ('bigg:H@cytosol', -1), ('bigg:PI@cytosol', -1))
E1T00290	transport	iJN1463;iML1515	iML1515:ALAabcpp;iJN1463:ALAabcpp	iML1515: ala__L_p + atp_c + h2o_c --> adp_c + ala__L_c + h_c + pi_c;iJN1463: ala__L_p + atp_c + h2o_c --> adp_c + ala__L_c + h_c + pi_c	mapped	(('bigg:ADP@cytosol', -1), ('bigg:ALA__L@cytosol', -1), ('bigg:ALA__L@p', 1), ('bigg:ATP@cytosol', 1), ('bigg:H2O@cytosol', 1), ('bigg:H@cytosol', -1), ('bigg:PI@cytosol', -1))
E1T00291	transport	iML1515	iML1515:ALLabcpp	iML1515: all__D_p + atp_c + h2o_c --> adp_c + all__D_c + h_c + pi_c	mapped	(('bigg:ADP@cytosol', -1), ('bigg:ALL__D@cytosol', -1), ('bigg:ALL__D@p', 1), ('bigg:ATP@cytosol', 1), ('bigg:H2O@cytosol', 1), ('bigg:H@cytosol', -1), ('bigg:PI@cytosol', -1))
E1T00292	transport	iML1515	iML1515:ARBabcpp	iML1515: arab__L_p + atp_c + h2o_c --> adp_c + arab__L_c + h_c + pi_c	mapped	(('bigg:ADP@cytosol', -1), ('bigg:ARAB__L@cytosol', -1), ('bigg:ARAB__L@p', 1), ('bigg:ATP@cytosol', 1), ('bigg:H2O@cytosol', 1), ('bigg:H@cytosol', -1), ('bigg:PI@cytosol', -1))
E1T00293	transport	iJN1463;iML1515	iML1515:ARBTNabcpp;iJN1463:ARBTNabcpp	iML1515: arbtn_fe3_p + atp_c + h2o_c --> adp_c + arbtn_fe3_c + h_c + pi_c;iJN1463: arbtn_fe3_p + atp_c + h2o_c --> adp_c + arbtn_fe3_c + h_c + pi_c	mapped	(('bigg:ADP@cytosol', -1), ('bigg:ARBTN_FE3@cytosol', -1), ('bigg:ARBTN_FE3@p', 1), ('bigg:ATP@cytosol', 1), ('bigg:H2O@cytosol', 1), ('bigg:H@cytosol', -1), ('bigg:PI@cytosol', -1))
E1T00294	transport	iJN1463	iJN1463:DARGabcpp	iJN1463: arg__D_p + atp_c + h2o_c --> adp_c + arg__D_c + h_c + pi_c	mapped	(('bigg:ADP@cytosol', -1), ('bigg:ARG__D@cytosol', -1), ('bigg:ARG__D@p', 1), ('bigg:ATP@cytosol', 1), ('bigg:H2O@cytosol', 1), ('bigg:H@cytosol', -1), ('bigg:PI@cytosol', -1))
E1T00295	transport	iJN1463;iML1515	iML1515:ARGabcpp;iJN1463:ARGabcpp	iML1515: arg__L_p + atp_c + h2o_c --> adp_c + arg__L_c + h_c + pi_c;iJN1463: arg__L_p + atp_c + h2o_c --> adp_c + arg__L_c + h_c + pi_c	mapped	(('bigg:ADP@cytosol', -1), ('bigg:ARG__L@cytosol', -1), ('bigg:ARG__L@p', 1), ('bigg:ATP@cytosol', 1), ('bigg:H2O@cytosol', 1), ('bigg:H@cytosol', -1), ('bigg:PI@cytosol', -1))
E1T00296	transport	iJN1463	iJN1463:DASNabcpp	iJN1463: asn__D_p + atp_c + h2o_c --> adp_c + asn__D_c + h_c + pi_c	mapped	(('bigg:ADP@cytosol', -1), ('bigg:ASN__D@cytosol', -1), ('bigg:ASN__D@p', 1), ('bigg:ATP@cytosol', 1), ('bigg:H2O@cytosol', 1), ('bigg:H@cytosol', -1), ('bigg:PI@cytosol', -1))
E1T00297	transport	iML1515	iML1515:ASO3t8pp	iML1515: aso3_c + atp_c + h2o_c --> adp_c + aso3_p + h_c + pi_c	mapped	(('bigg:ADP@cytosol', -1), ('bigg:ASO3@cytosol', 1), ('bigg:ASO3@p', -1), ('bigg:ATP@cytosol', 1), ('bigg:H2O@cytosol', 1), ('bigg:H@cytosol', -1), ('bigg:PI@cytosol', -1))
E1T00298	transport	iJN1463;iML1515	iML1515:ASPabcpp;iJN1463:ASPabcpp	iML1515: asp__L_p + atp_c + h2o_c --> adp_c + asp__L_c + h_c + pi_c;iJN1463: asp__L_p + atp_c + h2o_c --> adp_c + asp__L_c + h_c + pi_c	mapped	(('bigg:ADP@cytosol', -1), ('bigg:ASP__L@cytosol', -1), ('bigg:ASP__L@p', 1), ('bigg:ATP@cytosol', 1), ('bigg:H2O@cytosol', 1), ('bigg:H@cytosol', -1), ('bigg:PI@cytosol', -1))
E1T00299	transport	iJN1463	iJN1463:BALAALAabcpp	iJN1463: atp_c + balaala_p + h2o_c --> adp_c + balaala_c + h_c + pi_c	mapped	(('bigg:ADP@cytosol', -1), ('bigg:ATP@cytosol', 1), ('bigg:BALAALA@cytosol', -1), ('bigg:BALAALA@p', 1), ('bigg:H2O@cytosol', 1), ('bigg:H@cytosol', -1), ('bigg:PI@cytosol', -1))
E1T00300	transport	iJN1463	iJN1463:BALABALAabcpp	iJN1463: atp_c + balabala_p + h2o_c --> adp_c + balabala_c + h_c + pi_c	mapped	(('bigg:ADP@cytosol', -1), ('bigg:ATP@cytosol', 1), ('bigg:BALABALA@cytosol', -1), ('bigg:BALABALA@p', 1), ('bigg:H2O@cytosol', 1), ('bigg:H@cytosol', -1), ('bigg:PI@cytosol', -1))
E1T00301	transport	iJN1463	iJN1463:BALAGLYabcpp	iJN1463: atp_c + balagly_p + h2o_c --> adp_c + balagly_c + h_c + pi_c	mapped	(('bigg:ADP@cytosol', -1), ('bigg:ATP@cytosol', 1), ('bigg:BALAGLY@cytosol', -1), ('bigg:BALAGLY@p', 1), ('bigg:H2O@cytosol', 1), ('bigg:H@cytosol', -1), ('bigg:PI@cytosol', -1))
E1T00302	transport	iJN1463	iJN1463:BALALEUabcpp	iJN1463: atp_c + balaleu_p + h2o_c --> adp_c + balaleu_c + h_c + pi_c	mapped	(('bigg:ADP@cytosol', -1), ('bigg:ATP@cytosol', 1), ('bigg:BALALEU@cytosol', -1), ('bigg:BALALEU@p', 1), ('bigg:H2O@cytosol', 1), ('bigg:H@cytosol', -1), ('bigg:PI@cytosol', -1))
E1T00303	transport	iJN1463	iJN1463:BLAMDabcpp	iJN1463: atp_c + balamd_p + h2o_c --> adp_c + balamd_c + h_c + pi_c	mapped	(('bigg:ADP@cytosol', -1), ('bigg:ATP@cytosol', 1), ('bigg:BALAMD@cytosol', -1), ('bigg:BALAMD@p', 1), ('bigg:H2O@cytosol', 1), ('bigg:H@cytosol', -1), ('bigg:PI@cytosol', -1))
E1T00304	transport	iJN1463;iML1515	iML1515:BUTSO3abcpp;iJN1463:BUTSO3abcpp	iML1515: atp_c + butso3_p + h2o_c --> adp_c + butso3_c + h_c + pi_c;iJN1463: atp_c + butso3_p + h2o_c --> adp_c + butso3_c + h_c + pi_c	mapped	(('bigg:ADP@cytosol', -1), ('bigg:ATP@cytosol', 1), ('bigg:BUTSO3@cytosol', -1), ('bigg:BUTSO3@p', 1), ('bigg:H2O@cytosol', 1), ('bigg:H@cytosol', -1), ('bigg:PI@cytosol', -1))
E1T00305	transport	iJN1463	iJN1463:CARNabcpp	iJN1463: atp_c + carn_p + h2o_c --> adp_c + carn_c + h_c + pi_c	mapped	(('bigg:ADP@cytosol', -1), ('bigg:ATP@cytosol', 1), ('bigg:CARN@cytosol', -1), ('bigg:CARN@p', 1), ('bigg:H2O@cytosol', 1), ('bigg:H@cytosol', -1), ('bigg:PI@cytosol', -1))
E1T00306	transport	iJN1463;iML1515	iML1515:CBIuabcpp;iJN1463:CBIuabcpp	iML1515: atp_c + cbi_p + h2o_c --> adp_c + cbi_c + h_c + pi_c;iJN1463: atp_c + cbi_p + h2o_c --> adp_c + cbi_c + h_c + pi_c	mapped	(('bigg:ADP@cytosol', -1), ('bigg:ATP@cytosol', 1), ('bigg:CBI@cytosol', -1), ('bigg:CBI@p', 1), ('bigg:H2O@cytosol', 1), ('bigg:H@cytosol', -1), ('bigg:PI@cytosol', -1))
E1T00307	transport	iJN1463;iML1515	iML1515:CBL1abcpp;iJN1463:CBL1abcpp	iML1515: atp_c + cbl1_p + h2o_c --> adp_c + cbl1_c + h_c + pi_c;iJN1463: atp_c + cbl1_p + h2o_c --> adp_c + cbl1_c + h_c + pi_c	mapped	(('bigg:ADP@cytosol', -1), ('bigg:ATP@cytosol', 1), ('bigg:CBL1@cytosol', -1), ('bigg:CBL1@p', 1), ('bigg:H2O@cytosol', 1), ('bigg:H@cytosol', -1), ('bigg:PI@cytosol', -1))
E1T00308	transport	iJN1463;iML1515	iML1515:CD2abcpp;iJN1463:CD2abcpp	iML1515: atp_c + cd2_c + h2o_c --> adp_c + cd2_p + h_c + pi_c;iJN1463: atp_c + cd2_c + h2o_c --> adp_c + cd2_p + h_c + pi_c	mapped	(('bigg:ADP@cytosol', -1), ('bigg:ATP@cytosol', 1), ('bigg:CD2@cytosol', 1), ('bigg:CD2@p', -1), ('bigg:H2O@cytosol', 1), ('bigg:H@cytosol', -1), ('bigg:PI@cytosol', -1))
E1T00309	transport	iJN1463;iML1515	iML1515:CGLYabcpp;iJN1463:CGLYabcpp	iML1515: atp_c + cgly_p + h2o_c --> adp_c + cgly_c + h_c + pi_c;iJN1463: atp_c + cgly_p + h2o_c --> adp_c + cgly_c + h_c + pi_c	mapped	(('bigg:ADP@cytosol', -1), ('bigg:ATP@cytosol', 1), ('bigg:CGLY@cytosol', -1), ('bigg:CGLY@p', 1), ('bigg:H2O@cytosol', 1), ('bigg:H@cytosol', -1), ('bigg:PI@cytosol', -1))
E1T00310	transport	iJN1463;iML1515	iML1515:CHLabcpp;iJN1463:CHLabcpp	iML1515: atp_c + chol_p + h2o_c --> adp_c + chol_c + h_c + pi_c;iJN1463: atp_c + chol_p + h2o_c --> adp_c + chol_c + h_c + pi_c	mapped	(('bigg:ADP@cytosol', -1), ('bigg:ATP@cytosol', 1), ('bigg:CHOL@cytosol', -1), ('bigg:CHOL@p', 1), ('bigg:H2O@cytosol', 1), ('bigg:H@cytosol', -1), ('bigg:PI@cytosol', -1))
E1T00311	transport	iJN1463	iJN1463:CHOLSabc	iJN1463: atp_c + chols_p + h2o_c --> adp_c + chols_c + h_c + pi_c	mapped	(('bigg:ADP@cytosol', -1), ('bigg:ATP@cytosol', 1), ('bigg:CHOLS@cytosol', -1), ('bigg:CHOLS@p', 1), ('bigg:H2O@cytosol', 1), ('bigg:H@cytosol', -1), ('bigg:PI@cytosol', -1))
E1T00312	transport	iJN1463;iML1515	iML1515:FE3DCITabcpp;iJN1463:FE3DCITabcpp	iML1515: atp_c + fe3dcit_p + h2o_c --> adp_c + 2.0 cit_c + fe3_c + h_c + pi_c;iJN1463: atp_c + fe3dcit_p + h2o_c --> adp_c + 2.0 cit_c + fe3_c + h_c + pi_c	mapped	(('bigg:ADP@cytosol', -1), ('bigg:ATP@cytosol', 1), ('bigg:CIT@cytosol', -2), ('bigg:FE3@cytosol', -1), ('bigg:FE3DCIT@p', 1), ('bigg:H2O@cytosol', 1), ('bigg:H@cytosol', -1), ('bigg:PI@cytosol', -1))
E1T00313	transport	iJN1463	iJN1463:CMtexabc	iJN1463: atp_c + cm_c + h2o_c --> adp_c + cm_e + h_c + pi_c	mapped	(('bigg:ADP@cytosol', -1), ('bigg:ATP@cytosol', 1), ('bigg:CM@cytosol', 1), ('bigg:CM@e', -1), ('bigg:H2O@cytosol', 1), ('bigg:H@cytosol', -1), ('bigg:PI@cytosol', -1))
E1T00314	transport	iML1515	iML1515:COBALT2abcpp	iML1515: atp_c + cobalt2_c + h2o_c --> adp_c + cobalt2_p + h_c + pi_c	mapped	(('bigg:ADP@cytosol', -1), ('bigg:ATP@cytosol', 1), ('bigg:COBALT2@cytosol', 1), ('bigg:COBALT2@p', -1), ('bigg:H2O@cytosol', 1), ('bigg:H@cytosol', -1), ('bigg:PI@cytosol', -1))
E1T00315	transport	iML1515	iML1515:COLIPAabcpp	iML1515: atp_c + colipa_c + h2o_c --> adp_c + colipa_p + h_c + pi_c	mapped	(('bigg:ADP@cytosol', -1), ('bigg:ATP@cytosol', 1), ('bigg:COLIPA@cytosol', 1), ('bigg:COLIPA@p', -1), ('bigg:H2O@cytosol', 1), ('bigg:H@cytosol', -1), ('bigg:PI@cytosol', -1))
E1T00316	transport	iML1515	iML1515:COLIPAabctex	iML1515: atp_c + colipa_p + h2o_c --> adp_c + colipa_e + h_c + pi_c	mapped	(('bigg:ADP@cytosol', -1), ('bigg:ATP@cytosol', 1), ('bigg:COLIPA@e', -1), ('bigg:COLIPA@p', 1), ('bigg:H2O@cytosol', 1), ('bigg:H@cytosol', -1), ('bigg:PI@cytosol', -1))
E1T00317	transport	iML1515	iML1515:COLIPAPabctex	iML1515: atp_c + colipap_p + h2o_c --> adp_c + colipap_e + h_c + pi_c	mapped	(('bigg:ADP@cytosol', -1), ('bigg:ATP@cytosol', 1), ('bigg:COLIPAP@e', -1), ('bigg:COLIPAP@p', 1), ('bigg:H2O@cytosol', 1), ('bigg:H@cytosol', -1), ('bigg:PI@cytosol', -1))
E1T00318	transport	iML1515	iML1515:CPGNabcpp	iML1515: atp_c + cpgn_p + h2o_c --> adp_c + cpgn_c + h_c + pi_c	mapped	(('bigg:ADP@cytosol', -1), ('bigg:ATP@cytosol', 1), ('bigg:CPGN@cytosol', -1), ('bigg:CPGN@p', 1), ('bigg:H2O@cytosol', 1), ('bigg:H@cytosol', -1), ('bigg:PI@cytosol', -1))
E1T00319	transport	iJN1463;iML1515	iML1515:CRNabcpp;iJN1463:CRNabcpp	iML1515: atp_c + crn_p + h2o_c --> adp_c + crn_c + h_c + pi_c;iJN1463: atp_c + crn_p + h2o_c --> adp_c + crn_c + h_c + pi_c	mapped	(('bigg:ADP@cytosol', -1), ('bigg:ATP@cytosol', 1), ('bigg:CRN@cytosol', -1), ('bigg:CRN@p', 1), ('bigg:H2O@cytosol', 1), ('bigg:H@cytosol', -1), ('bigg:PI@cytosol', -1))
E1T00320	transport	iML1515	iML1515:CRNDabcpp	iML1515: atp_c + crn__D_p + h2o_c --> adp_c + crn__D_c + h_c + pi_c	mapped	(('bigg:ADP@cytosol', -1), ('bigg:ATP@cytosol', 1), ('bigg:CRN__D@cytosol', -1), ('bigg:CRN__D@p', 1), ('bigg:H2O@cytosol', 1), ('bigg:H@cytosol', -1), ('bigg:PI@cytosol', -1))
E1T00321	transport	iJN1463	iJN1463:CRO4abcpp	iJN1463: atp_c + cro4_p + h2o_c --> adp_c + cro4_c + h_c + pi_c	mapped	(('bigg:ADP@cytosol', -1), ('bigg:ATP@cytosol', 1), ('bigg:CRO4@cytosol', -1), ('bigg:CRO4@p', 1), ('bigg:H2O@cytosol', 1), ('bigg:H@cytosol', -1), ('bigg:PI@cytosol', -1))
E1T00322	transport	iML1515	iML1515:CTBTabcpp	iML1515: atp_c + ctbt_p + h2o_c --> adp_c + ctbt_c + h_c + pi_c	mapped	(('bigg:ADP@cytosol', -1), ('bigg:ATP@cytosol', 1), ('bigg:CTBT@cytosol', -1), ('bigg:CTBT@p', 1), ('bigg:H2O@cytosol', 1), ('bigg:H@cytosol', -1), ('bigg:PI@cytosol', -1))
E1T00323	transport	iJN1463;iML1515	iML1515:CU2abcpp;iJN1463:CU2abcpp	iML1515: atp_c + cu2_c + h2o_c --> adp_c + cu2_p + h_c + pi_c;iJN1463: atp_c + cu2_c + h2o_c --> adp_c + cu2_p + h_c + pi_c	mapped	(('bigg:ADP@cytosol', -1), ('bigg:ATP@cytosol', 1), ('bigg:CU2@cytosol', 1), ('bigg:CU2@p', -1), ('bigg:H2O@cytosol', 1), ('bigg:H@cytosol', -1), ('bigg:PI@cytosol', -1))
E1T00324	transport	iML1515	iML1515:CU1abcpp	iML1515: atp_c + cu_c + h2o_c --> adp_c + cu_p + h_c + pi_c	mapped	(('bigg:ADP@cytosol', -1), ('bigg:ATP@cytosol', 1), ('bigg:CU@cytosol', 1), ('bigg:CU@p', -1), ('bigg:H2O@cytosol', 1), ('bigg:H@cytosol', -1), ('bigg:PI@cytosol', -1))
E1T00325	transport	iJN1463;iML1515	iML1515:CYSDabcpp;iJN1463:CYSDabcpp	iML1515: atp_c + cys__D_p + h2o_c --> adp_c + cys__D_c + h_c + pi_c;iJN1463: atp_c + cys__D_p + h2o_c --> adp_c + cys__D_c + h_c + pi_c	mapped	(('bigg:ADP@cytosol', -1), ('bigg:ATP@cytosol', 1), ('bigg:CYS__D@cytosol', -1), ('bigg:CYS__D@p', 1), ('bigg:H2O@cytosol', 1), ('bigg:H@cytosol', -1), ('bigg:PI@cytosol', -1))
E1T00326	transport	iJN1463;iML1515	iML1515:CYSabcpp;iJN1463:CYSabcpp	iML1515: atp_c + cys__L_p + h2o_c --> adp_c + cys__L_c + h_c + pi_c;iJN1463: atp_c + cys__L_p + h2o_c --> adp_c + cys__L_c + h_c + pi_c	mapped	(('bigg:ADP@cytosol', -1), ('bigg:ATP@cytosol', 1), ('bigg:CYS__L@cytosol', -1), ('bigg:CYS__L@p', 1), ('bigg:H2O@cytosol', 1), ('bigg:H@cytosol', -1), ('bigg:PI@cytosol', -1))
E1T00327	transport	iML1515	iML1515:CYSabc2pp	iML1515: atp_c + cys__L_c + h2o_c --> adp_c + cys__L_p + h_c + pi_c	mapped	(('bigg:ADP@cytosol', -1), ('bigg:ATP@cytosol', 1), ('bigg:CYS__L@cytosol', 1), ('bigg:CYS__L@p', -1), ('bigg:H2O@cytosol', 1), ('bigg:H@cytosol', -1), ('bigg:PI@cytosol', -1))
E1T00328	transport	iJN1463	iJN1463:DGUDBUTNabcpp	iJN1463: atp_c + dgudbutn_p + h2o_c --> adp_c + dgudbutn_c + h_c + pi_c	mapped	(('bigg:ADP@cytosol', -1), ('bigg:ATP@cytosol', 1), ('bigg:DGUDBUTN@cytosol', -1), ('bigg:DGUDBUTN@p', 1), ('bigg:H2O@cytosol', 1), ('bigg:H@cytosol', -1), ('bigg:PI@cytosol', -1))
E1T00329	transport	iJN1463	iJN1463:DMGLYBabcpp	iJN1463: atp_c + dmgly_p + h2o_c --> adp_c + dmgly_c + h_c + pi_c	mapped	(('bigg:ADP@cytosol', -1), ('bigg:ATP@cytosol', 1), ('bigg:DMGLY@cytosol', -1), ('bigg:DMGLY@p', 1), ('bigg:H2O@cytosol', 1), ('bigg:H@cytosol', -1), ('bigg:PI@cytosol', -1))
E1T00330	transport	iJN1463	iJN1463:DMSO2abcpp	iJN1463: atp_c + dmso2_p + h2o_c --> adp_c + dmso2_c + h_c + pi_c	mapped	(('bigg:ADP@cytosol', -1), ('bigg:ATP@cytosol', 1), ('bigg:DMSO2@cytosol', -1), ('bigg:DMSO2@p', 1), ('bigg:H2O@cytosol', 1), ('bigg:H@cytosol', -1), ('bigg:PI@cytosol', -1))
E1T00331	transport	iML1515	iML1515:ECA4COLIPAabctex	iML1515: atp_c + eca4colipa_p + h2o_c --> adp_c + eca4colipa_e + h_c + pi_c	mapped	(('bigg:ADP@cytosol', -1), ('bigg:ATP@cytosol', 1), ('bigg:ECA4COLIPA@e', -1), ('bigg:ECA4COLIPA@p', 1), ('bigg:H2O@cytosol', 1), ('bigg:H@cytosol', -1), ('bigg:PI@cytosol', -1))
E1T00332	transport	iJN1463	iJN1463:ECTOabcpp	iJN1463: atp_c + ecto__L_p + h2o_c --> adp_c + ecto__L_c + h_c + pi_c	mapped	(('bigg:ADP@cytosol', -1), ('bigg:ATP@cytosol', 1), ('bigg:ECTO__L@cytosol', -1), ('bigg:ECTO__L@p', 1), ('bigg:H2O@cytosol', 1), ('bigg:H@cytosol', -1), ('bigg:PI@cytosol', -1))
E1T00333	transport	iML1515	iML1515:ENLIPAabctex	iML1515: atp_c + enlipa_p + h2o_c --> adp_c + enlipa_e + h_c + pi_c	mapped	(('bigg:ADP@cytosol', -1), ('bigg:ATP@cytosol', 1), ('bigg:ENLIPA@e', -1), ('bigg:ENLIPA@p', 1), ('bigg:H2O@cytosol', 1), ('bigg:H@cytosol', -1), ('bigg:PI@cytosol', -1))
E1T00334	transport	iJN1463;iML1515	iML1515:ETHSO3abcpp;iJN1463:ETHSO3abcpp	iML1515: atp_c + ethso3_p + h2o_c --> adp_c + ethso3_c + h_c + pi_c;iJN1463: atp_c + ethso3_p + h2o_c --> adp_c + ethso3_c + h_c + pi_c	mapped	(('bigg:ADP@cytosol', -1), ('bigg:ATP@cytosol', 1), ('bigg:ETHSO3@cytosol', -1), ('bigg:ETHSO3@p', 1), ('bigg:H2O@cytosol', 1), ('bigg:H@cytosol', -1), ('bigg:PI@cytosol', -1))
E1T00335	transport	iJN1463	iJN1463:FBACabcpp	iJN1463: atp_c + fbac_kt_c + h2o_c --> adp_c + fbac_kt_p + h_c + pi_c	mapped	(('bigg:ADP@cytosol', -1), ('bigg:ATP@cytosol', 1), ('bigg:FBAC_KT@cytosol', 1), ('bigg:FBAC_KT@p', -1), ('bigg:H2O@cytosol', 1), ('bigg:H@cytosol', -1), ('bigg:PI@cytosol', -1))
E1T00336	transport	iJN1463	iJN1463:CMCBTFabcpp	iJN1463: atp_c + fcmcbtt_p + h2o_c --> adp_c + fcmcbtt_c + h_c + pi_c	mapped	(('bigg:ADP@cytosol', -1), ('bigg:ATP@cytosol', 1), ('bigg:FCMCBTT@cytosol', -1), ('bigg:FCMCBTT@p', 1), ('bigg:H2O@cytosol', 1), ('bigg:H@cytosol', -1), ('bigg:PI@cytosol', -1))
E1T00337	transport	iJN1463	iJN1463:FE3DCIT2abcpp	iJN1463: atp_c + fe3dcit_p + h2o_c --> adp_c + fe3dcit_c + h_c + pi_c	mapped	(('bigg:ADP@cytosol', -1), ('bigg:ATP@cytosol', 1), ('bigg:FE3DCIT@cytosol', -1), ('bigg:FE3DCIT@p', 1), ('bigg:H2O@cytosol', 1), ('bigg:H@cytosol', -1), ('bigg:PI@cytosol', -1))
E1T00338	transport	iML1515	iML1515:DHBSZ3FEabcpp	iML1515: atp_c + fe3dhbzs3_p + h2o_c --> adp_c + fe3dhbzs3_c + h_c + pi_c	mapped	(('bigg:ADP@cytosol', -1), ('bigg:ATP@cytosol', 1), ('bigg:FE3DHBZS3@cytosol', -1), ('bigg:FE3DHBZS3@p', 1), ('bigg:H2O@cytosol', 1), ('bigg:H@cytosol', -1), ('bigg:PI@cytosol', -1))
E1T00339	transport	iML1515	iML1515:FE3HOXabcpp	iML1515: atp_c + fe3hox_p + h2o_c --> adp_c + fe3hox_c + h_c + pi_c	mapped	(('bigg:ADP@cytosol', -1), ('bigg:ATP@cytosol', 1), ('bigg:FE3HOX@cytosol', -1), ('bigg:FE3HOX@p', 1), ('bigg:H2O@cytosol', 1), ('bigg:H@cytosol', -1), ('bigg:PI@cytosol', -1))
E1T00340	transport	iJN1463	iJN1463:MCBTFabcpp	iJN1463: atp_c + fe3mcbtt_p + h2o_c --> adp_c + fe3mcbtt_c + h_c + pi_c	mapped	(('bigg:ADP@cytosol', -1), ('bigg:ATP@cytosol', 1), ('bigg:FE3MCBTT@cytosol', -1), ('bigg:FE3MCBTT@p', 1), ('bigg:H2O@cytosol', 1), ('bigg:H@cytosol', -1), ('bigg:PI@cytosol', -1))
E1T00341	transport	iJN1463;iML1515	iML1515:FECRMabcpp;iJN1463:FECRMabcpp	iML1515: atp_c + fecrm_p + h2o_c --> adp_c + fecrm_c + h_c + pi_c;iJN1463: atp_c + fecrm_p + h2o_c --> adp_c + fecrm_c + h_c + pi_c	mapped	(('bigg:ADP@cytosol', -1), ('bigg:ATP@cytosol', 1), ('bigg:FECRM@cytosol', -1), ('bigg:FECRM@p', 1), ('bigg:H2O@cytosol', 1), ('bigg:H@cytosol', -1), ('bigg:PI@cytosol', -1))
E1T00342	transport	iJN1463;iML1515	iML1515:FEENTERabcpp;iJN1463:FEENTERabcpp	iML1515: atp_c + feenter_p + h2o_c --> adp_c + feenter_c + h_c + pi_c;iJN1463: atp_c + feenter_p + h2o_c --> adp_c + feenter_c + h_c + pi_c	mapped	(('bigg:ADP@cytosol', -1), ('bigg:ATP@cytosol', 1), ('bigg:FEENTER@cytosol', -1), ('bigg:FEENTER@p', 1), ('bigg:H2O@cytosol', 1), ('bigg:H@cytosol', -1), ('bigg:PI@cytosol', -1))
E1T00343	transport	iJN1463;iML1515	iML1515:FEOXAMabcpp;iJN1463:FEOXAMabcpp	iML1515: atp_c + feoxam_p + h2o_c --> adp_c + feoxam_c + h_c + pi_c;iJN1463: atp_c + feoxam_p + h2o_c --> adp_c + feoxam_c + h_c + pi_c	mapped	(('bigg:ADP@cytosol', -1), ('bigg:ATP@cytosol', 1), ('bigg:FEOXAM@cytosol', -1), ('bigg:FEOXAM@p', 1), ('bigg:H2O@cytosol', 1), ('bigg:H@cytosol', -1), ('bigg:PI@cytosol', -1))
E1T00344	transport	iCN1361	iCN1361:R_FRUABC	iCN1361: M_ATP + M_BETA_D_FRUCTOSE_e + M_WATER --> M_ADP + M_BETA_D_FRUCTOSE + M_PROTON + M_Pi	unmapped	(('bigg:ADP@cytosol', -1), ('bigg:ATP@cytosol', 1), ('bigg:FRU@cytosol', -1), ('bigg:H2O@cytosol', 1), ('bigg:H@cytosol', -1), ('bigg:PI@cytosol', -1), ('unmapped:iCN1361:M_BETA_D_FRUCTOSE_e@e', 1))
E1T00345	transport	iML1515	iML1515:G3PCabcpp	iML1515: atp_c + g3pc_p + h2o_c --> adp_c + g3pc_c + h_c + pi_c	mapped	(('bigg:ADP@cytosol', -1), ('bigg:ATP@cytosol', 1), ('bigg:G3PC@cytosol', -1), ('bigg:G3PC@p', 1), ('bigg:H2O@cytosol', 1), ('bigg:H@cytosol', -1), ('bigg:PI@cytosol', -1))
E1T00346	transport	iJN1463;iML1515	iML1515:G3PEabcpp;iJN1463:G3PEabcpp	iML1515: atp_c + g3pe_p + h2o_c --> adp_c + g3pe_c + h_c + pi_c;iJN1463: atp_c + g3pe_p + h2o_c --> adp_c + g3pe_c + h_c + pi_c	mapped	(('bigg:ADP@cytosol', -1), ('bigg:ATP@cytosol', 1), ('bigg:G3PE@cytosol', -1), ('bigg:G3PE@p', 1), ('bigg:H2O@cytosol', 1), ('bigg:H@cytosol', -1), ('bigg:PI@cytosol', -1))
E1T00347	transport	iJN1463;iML1515	iML1515:G3PGabcpp;iJN1463:G3PGabcpp	iML1515: atp_c + g3pg_p + h2o_c --> adp_c + g3pg_c + h_c + pi_c;iJN1463: atp_c + g3pg_p + h2o_c --> adp_c + g3pg_c + h_c + pi_c	mapped	(('bigg:ADP@cytosol', -1), ('bigg:ATP@cytosol', 1), ('bigg:G3PG@cytosol', -1), ('bigg:G3PG@p', 1), ('bigg:H2O@cytosol', 1), ('bigg:H@cytosol', -1), ('bigg:PI@cytosol', -1))
E1T00348	transport	iML1515	iML1515:G3PIabcpp	iML1515: atp_c + g3pi_p + h2o_c --> adp_c + g3pi_c + h_c + pi_c	mapped	(('bigg:ADP@cytosol', -1), ('bigg:ATP@cytosol', 1), ('bigg:G3PI@cytosol', -1), ('bigg:G3PI@p', 1), ('bigg:H2O@cytosol', 1), ('bigg:H@cytosol', -1), ('bigg:PI@cytosol', -1))
E1T00349	transport	iML1515	iML1515:G3PSabcpp	iML1515: atp_c + g3ps_p + h2o_c --> adp_c + g3ps_c + h_c + pi_c	mapped	(('bigg:ADP@cytosol', -1), ('bigg:ATP@cytosol', 1), ('bigg:G3PS@cytosol', -1), ('bigg:G3PS@p', 1), ('bigg:H2O@cytosol', 1), ('bigg:H@cytosol', -1), ('bigg:PI@cytosol', -1))
E1T00350	transport	iML1515	iML1515:GALabcpp	iML1515: atp_c + gal_p + h2o_c --> adp_c + gal_c + h_c + pi_c	mapped	(('bigg:ADP@cytosol', -1), ('bigg:ATP@cytosol', 1), ('bigg:GAL@cytosol', -1), ('bigg:GAL@p', 1), ('bigg:H2O@cytosol', 1), ('bigg:H@cytosol', -1), ('bigg:PI@cytosol', -1))
E1T00351	transport	iJN1463	iJN1463:GCALDtabcpp	iJN1463: atp_c + gcald_p + h2o_c --> adp_c + gcald_c + h_c + pi_c	mapped	(('bigg:ADP@cytosol', -1), ('bigg:ATP@cytosol', 1), ('bigg:GCALD@cytosol', -1), ('bigg:GCALD@p', 1), ('bigg:H2O@cytosol', 1), ('bigg:H@cytosol', -1), ('bigg:PI@cytosol', -1))
E1T00352	transport	iJN1463;iML1515	iML1515:GLCabcpp;iJN1463:GLCabcpp	iML1515: atp_c + glc__D_p + h2o_c --> adp_c + glc__D_c + h_c + pi_c;iJN1463: atp_c + glc__D_p + h2o_c --> adp_c + glc__D_c + h_c + pi_c	mapped	(('bigg:ADP@cytosol', -1), ('bigg:ATP@cytosol', 1), ('bigg:GLC__D@cytosol', -1), ('bigg:GLC__D@p', 1), ('bigg:H2O@cytosol', 1), ('bigg:H@cytosol', -1), ('bigg:PI@cytosol', -1))
E1T00353	transport	iML1515	iML1515:GLNabcpp	iML1515: atp_c + gln__L_p + h2o_c --> adp_c + gln__L_c + h_c + pi_c	mapped	(('bigg:ADP@cytosol', -1), ('bigg:ATP@cytosol', 1), ('bigg:GLN__L@cytosol', -1), ('bigg:GLN__L@p', 1), ('bigg:H2O@cytosol', 1), ('bigg:H@cytosol', -1), ('bigg:PI@cytosol', -1))
E1T00354	transport	iJN1463;iML1515	iML1515:GLUabcpp;iJN1463:GLUabcpp	iML1515: atp_c + glu__L_p + h2o_c --> adp_c + glu__L_c + h_c + pi_c;iJN1463: atp_c + glu__L_p + h2o_c --> adp_c + glu__L_c + h_c + pi_c	mapped	(('bigg:ADP@cytosol', -1), ('bigg:ATP@cytosol', 1), ('bigg:GLU__L@cytosol', -1), ('bigg:GLU__L@p', 1), ('bigg:H2O@cytosol', 1), ('bigg:H@cytosol', -1), ('bigg:PI@cytosol', -1))
E1T00355	transport	iJN1463	iJN1463:GLYabcpp	iJN1463: atp_c + gly_p + h2o_c --> adp_c + gly_c + h_c + pi_c	mapped	(('bigg:ADP@cytosol', -1), ('bigg:ATP@cytosol', 1), ('bigg:GLY@cytosol', -1), ('bigg:GLY@p', 1), ('bigg:H2O@cytosol', 1), ('bigg:H@cytosol', -1), ('bigg:PI@cytosol', -1))
E1T00356	transport	iJN1463;iML1515	iML1515:GLYBabcpp;iJN1463:GLYBabcpp	iML1515: atp_c + glyb_p + h2o_c --> adp_c + glyb_c + h_c + pi_c;iJN1463: atp_c + glyb_p + h2o_c --> adp_c + glyb_c + h_c + pi_c	mapped	(('bigg:ADP@cytosol', -1), ('bigg:ATP@cytosol', 1), ('bigg:GLYB@cytosol', -1), ('bigg:GLYB@p', 1), ('bigg:H2O@cytosol', 1), ('bigg:H@cytosol', -1), ('bigg:PI@cytosol', -1))
E1T00357	transport	iML1515	iML1515:GLYC2Pabcpp	iML1515: atp_c + glyc2p_p + h2o_c --> adp_c + glyc2p_c + h_c + pi_c	mapped	(('bigg:ADP@cytosol', -1), ('bigg:ATP@cytosol', 1), ('bigg:GLYC2P@cytosol', -1), ('bigg:GLYC2P@p', 1), ('bigg:H2O@cytosol', 1), ('bigg:H@cytosol', -1), ('bigg:PI@cytosol', -1))
E1T00358	transport	iML1515	iML1515:GLYC3Pabcpp	iML1515: atp_c + glyc3p_p + h2o_c --> adp_c + glyc3p_c + h_c + pi_c	mapped	(('bigg:ADP@cytosol', -1), ('bigg:ATP@cytosol', 1), ('bigg:GLYC3P@cytosol', -1), ('bigg:GLYC3P@p', 1), ('bigg:H2O@cytosol', 1), ('bigg:H@cytosol', -1), ('bigg:PI@cytosol', -1))
E1T00359	transport	iJN1463	iJN1463:GLYGLNabcpp	iJN1463: atp_c + glygln_p + h2o_c --> adp_c + glygln_c + h_c + pi_c	mapped	(('bigg:ADP@cytosol', -1), ('bigg:ATP@cytosol', 1), ('bigg:GLYGLN@cytosol', -1), ('bigg:GLYGLN@p', 1), ('bigg:H2O@cytosol', 1), ('bigg:H@cytosol', -1), ('bigg:PI@cytosol', -1))
E1T00360	transport	iJN1463	iJN1463:GLYGLUabcpp	iJN1463: atp_c + glyglu_p + h2o_c --> adp_c + glyglu_c + h_c + pi_c	mapped	(('bigg:ADP@cytosol', -1), ('bigg:ATP@cytosol', 1), ('bigg:GLYGLU@cytosol', -1), ('bigg:GLYGLU@p', 1), ('bigg:H2O@cytosol', 1), ('bigg:H@cytosol', -1), ('bigg:PI@cytosol', -1))
E1T00361	transport	iJN1463	iJN1463:GLYGLYabcpp	iJN1463: atp_c + glygly_p + h2o_c --> adp_c + glygly_c + h_c + pi_c	mapped	(('bigg:ADP@cytosol', -1), ('bigg:ATP@cytosol', 1), ('bigg:GLYGLY@cytosol', -1), ('bigg:GLYGLY@p', 1), ('bigg:H2O@cytosol', 1), ('bigg:H@cytosol', -1), ('bigg:PI@cytosol', -1))
E1T00362	transport	iJN1463	iJN1463:GLYMETabcpp	iJN1463: atp_c + glymet_p + h2o_c --> adp_c + glymet_c + h_c + pi_c	mapped	(('bigg:ADP@cytosol', -1), ('bigg:ATP@cytosol', 1), ('bigg:GLYMET@cytosol', -1), ('bigg:GLYMET@p', 1), ('bigg:H2O@cytosol', 1), ('bigg:H@cytosol', -1), ('bigg:PI@cytosol', -1))
E1T00363	transport	iJN1463	iJN1463:GLYPHEabcpp	iJN1463: atp_c + glyphe_p + h2o_c --> adp_c + glyphe_c + h_c + pi_c	mapped	(('bigg:ADP@cytosol', -1), ('bigg:ATP@cytosol', 1), ('bigg:GLYPHE@cytosol', -1), ('bigg:GLYPHE@p', 1), ('bigg:H2O@cytosol', 1), ('bigg:H@cytosol', -1), ('bigg:PI@cytosol', -1))
E1T00364	transport	iJN1463	iJN1463:GLYSERabcpp	iJN1463: atp_c + glyser_p + h2o_c --> adp_c + glyser_c + h_c + pi_c	mapped	(('bigg:ADP@cytosol', -1), ('bigg:ATP@cytosol', 1), ('bigg:GLYSER@cytosol', -1), ('bigg:GLYSER@p', 1), ('bigg:H2O@cytosol', 1), ('bigg:H@cytosol', -1), ('bigg:PI@cytosol', -1))
E1T00365	transport	iML1515	iML1515:GTHRDabcpp	iML1515: atp_c + gthrd_p + h2o_c --> adp_c + gthrd_c + h_c + pi_c	mapped	(('bigg:ADP@cytosol', -1), ('bigg:ATP@cytosol', 1), ('bigg:GTHRD@cytosol', -1), ('bigg:GTHRD@p', 1), ('bigg:H2O@cytosol', 1), ('bigg:H@cytosol', -1), ('bigg:PI@cytosol', -1))
E1T00366	transport	iJN1463;iML1515	iML1515:GTHRDabc2pp;iJN1463:GTHRDabc2pp	iML1515: atp_c + gthrd_c + h2o_c --> adp_c + gthrd_p + h_c + pi_c;iJN1463: atp_c + gthrd_c + h2o_c --> adp_c + gthrd_p + h_c + pi_c	mapped	(('bigg:ADP@cytosol', -1), ('bigg:ATP@cytosol', 1), ('bigg:GTHRD@cytosol', 1), ('bigg:GTHRD@p', -1), ('bigg:H2O@cytosol', 1), ('bigg:H@cytosol', -1), ('bigg:PI@cytosol', -1))
E1T00367	transport	iJN1463	iJN1463:GUDACabcpp	iJN1463: atp_c + gudac_p + h2o_c --> adp_c + gudac_c + h_c + pi_c	mapped	(('bigg:ADP@cytosol', -1), ('bigg:ATP@cytosol', 1), ('bigg:GUDAC@cytosol', -1), ('bigg:GUDAC@p', 1), ('bigg:H2O@cytosol', 1), ('bigg:H@cytosol', -1), ('bigg:PI@cytosol', -1))
E1T00368	transport	iJN1463	iJN1463:GUDPTNabcpp	iJN1463: atp_c + gudptn_p + h2o_c --> adp_c + gudptn_c + h_c + pi_c	mapped	(('bigg:ADP@cytosol', -1), ('bigg:ATP@cytosol', 1), ('bigg:GUDPTN@cytosol', -1), ('bigg:GUDPTN@p', 1), ('bigg:H2O@cytosol', 1), ('bigg:H@cytosol', -1), ('bigg:PI@cytosol', -1))
E1T00369	transport	iJN1463	iJN1463:HCYStabcpp	iJN1463: atp_c + h2o_c + hcys__L_p --> adp_c + h_c + hcys__L_c + pi_c	mapped	(('bigg:ADP@cytosol', -1), ('bigg:ATP@cytosol', 1), ('bigg:H2O@cytosol', 1), ('bigg:H@cytosol', -1), ('bigg:HCYS__L@cytosol', -1), ('bigg:HCYS__L@p', 1), ('bigg:PI@cytosol', -1))
E1T00370	transport	iML1515	iML1515:HG2abcpp	iML1515: atp_c + h2o_c + hg2_c --> adp_c + h_c + hg2_p + pi_c	mapped	(('bigg:ADP@cytosol', -1), ('bigg:ATP@cytosol', 1), ('bigg:H2O@cytosol', 1), ('bigg:H@cytosol', -1), ('bigg:HG2@cytosol', 1), ('bigg:HG2@p', -1), ('bigg:PI@cytosol', -1))
E1T00371	transport	iJN1463	iJN1463:HISGLYabcpp	iJN1463: atp_c + h2o_c + hisgly_p --> adp_c + h_c + hisgly_c + pi_c	mapped	(('bigg:ADP@cytosol', -1), ('bigg:ATP@cytosol', 1), ('bigg:H2O@cytosol', 1), ('bigg:H@cytosol', -1), ('bigg:HISGLY@cytosol', -1), ('bigg:HISGLY@p', 1), ('bigg:PI@cytosol', -1))
E1T00372	transport	iJN1463	iJN1463:HISHISabcpp	iJN1463: atp_c + h2o_c + hishis_p --> adp_c + h_c + hishis_c + pi_c	mapped	(('bigg:ADP@cytosol', -1), ('bigg:ATP@cytosol', 1), ('bigg:H2O@cytosol', 1), ('bigg:H@cytosol', -1), ('bigg:HISHIS@cytosol', -1), ('bigg:HISHIS@p', 1), ('bigg:PI@cytosol', -1))
E1T00373	transport	iJN1463;iML1515	iML1515:HISabcpp;iJN1463:HISabcpp	iML1515: atp_c + h2o_c + his__L_p --> adp_c + h_c + his__L_c + pi_c;iJN1463: atp_c + h2o_c + his__L_p --> adp_c + h_c + his__L_c + pi_c	mapped	(('bigg:ADP@cytosol', -1), ('bigg:ATP@cytosol', 1), ('bigg:H2O@cytosol', 1), ('bigg:H@cytosol', -1), ('bigg:HIS__L@cytosol', -1), ('bigg:HIS__L@p', 1), ('bigg:PI@cytosol', -1))
E1T00374	transport	iJN1463;iML1515	iML1515:ILEabcpp;iJN1463:ILEabcpp	iML1515: atp_c + h2o_c + ile__L_p --> adp_c + h_c + ile__L_c + pi_c;iJN1463: atp_c + h2o_c + ile__L_p --> adp_c + h_c + ile__L_c + pi_c	mapped	(('bigg:ADP@cytosol', -1), ('bigg:ATP@cytosol', 1), ('bigg:H2O@cytosol', 1), ('bigg:H@cytosol', -1), ('bigg:ILE__L@cytosol', -1), ('bigg:ILE__L@p', 1), ('bigg:PI@cytosol', -1))
E1T00375	transport	iJN1463;iML1515	iML1515:ISETACabcpp;iJN1463:ISETACabcpp	iML1515: atp_c + h2o_c + isetac_p --> adp_c + h_c + isetac_c + pi_c;iJN1463: atp_c + h2o_c + isetac_p --> adp_c + h_c + isetac_c + pi_c	mapped	(('bigg:ADP@cytosol', -1), ('bigg:ATP@cytosol', 1), ('bigg:H2O@cytosol', 1), ('bigg:H@cytosol', -1), ('bigg:ISETAC@cytosol', -1), ('bigg:ISETAC@p', 1), ('bigg:PI@cytosol', -1))
E1T00376	transport	iJN1463;iML1515	iML1515:Kabcpp;iJN1463:Kabcpp	iML1515: atp_c + h2o_c + k_p --> adp_c + h_c + k_c + pi_c;iJN1463: atp_c + h2o_c + k_p --> adp_c + h_c + k_c + pi_c	mapped	(('bigg:ADP@cytosol', -1), ('bigg:ATP@cytosol', 1), ('bigg:H2O@cytosol', 1), ('bigg:H@cytosol', -1), ('bigg:K@cytosol', -1), ('bigg:K@p', 1), ('bigg:PI@cytosol', -1))
E1T00377	transport	iML1515	iML1515:K2L4Aabcpp	iML1515: atp_c + h2o_c + kdo2lipid4_c --> adp_c + h_c + kdo2lipid4_p + pi_c	mapped	(('bigg:ADP@cytosol', -1), ('bigg:ATP@cytosol', 1), ('bigg:H2O@cytosol', 1), ('bigg:H@cytosol', -1), ('bigg:KDO2LIPID4@cytosol', 1), ('bigg:KDO2LIPID4@p', -1), ('bigg:PI@cytosol', -1))
E1T00378	transport	iML1515	iML1515:K2L4Aabctex	iML1515: atp_c + h2o_c + kdo2lipid4_p --> adp_c + h_c + kdo2lipid4_e + pi_c	mapped	(('bigg:ADP@cytosol', -1), ('bigg:ATP@cytosol', 1), ('bigg:H2O@cytosol', 1), ('bigg:H@cytosol', -1), ('bigg:KDO2LIPID4@e', -1), ('bigg:KDO2LIPID4@p', 1), ('bigg:PI@cytosol', -1))
E1T00379	transport	iJN1463;iML1515	iML1515:3PEPTabcpp;iJN1463:3PEPTabcpp	iML1515: LalaDgluMdap_p + atp_c + h2o_c --> LalaDgluMdap_c + adp_c + h_c + pi_c;iJN1463: LalaDgluMdap_p + atp_c + h2o_c --> LalaDgluMdap_c + adp_c + h_c + pi_c	mapped	(('bigg:ADP@cytosol', -1), ('bigg:ATP@cytosol', 1), ('bigg:H2O@cytosol', 1), ('bigg:H@cytosol', -1), ('bigg:LALADGLUMDAP@cytosol', -1), ('bigg:LALADGLUMDAP@p', 1), ('bigg:PI@cytosol', -1))
E1T00380	transport	iJN1463;iML1515	iML1515:4PEPTabcpp;iJN1463:4PEPTabcpp	iML1515: LalaDgluMdapDala_p + atp_c + h2o_c --> LalaDgluMdapDala_c + adp_c + h_c + pi_c;iJN1463: LalaDgluMdapDala_p + atp_c + h2o_c --> LalaDgluMdapDala_c + adp_c + h_c + pi_c	mapped	(('bigg:ADP@cytosol', -1), ('bigg:ATP@cytosol', 1), ('bigg:H2O@cytosol', 1), ('bigg:H@cytosol', -1), ('bigg:LALADGLUMDAPDALA@cytosol', -1), ('bigg:LALADGLUMDAPDALA@p', 1), ('bigg:PI@cytosol', -1))
E1T00381	transport	iJN1463	iJN1463:ALAGLUabcpp	iJN1463: LalaLglu_p + atp_c + h2o_c --> LalaLglu_c + adp_c + h_c + pi_c	mapped	(('bigg:ADP@cytosol', -1), ('bigg:ATP@cytosol', 1), ('bigg:H2O@cytosol', 1), ('bigg:H@cytosol', -1), ('bigg:LALALGLU@cytosol', -1), ('bigg:LALALGLU@p', 1), ('bigg:PI@cytosol', -1))
E1T00382	transport	iJN1463	iJN1463:LEULEUabcpp	iJN1463: atp_c + h2o_c + leuleu_p --> adp_c + h_c + leuleu_c + pi_c	mapped	(('bigg:ADP@cytosol', -1), ('bigg:ATP@cytosol', 1), ('bigg:H2O@cytosol', 1), ('bigg:H@cytosol', -1), ('bigg:LEULEU@cytosol', -1), ('bigg:LEULEU@p', 1), ('bigg:PI@cytosol', -1))
E1T00383	transport	iJN1463	iJN1463:DLEUabcpp	iJN1463: atp_c + h2o_c + leu__D_p --> adp_c + h_c + leu__D_c + pi_c	mapped	(('bigg:ADP@cytosol', -1), ('bigg:ATP@cytosol', 1), ('bigg:H2O@cytosol', 1), ('bigg:H@cytosol', -1), ('bigg:LEU__D@cytosol', -1), ('bigg:LEU__D@p', 1), ('bigg:PI@cytosol', -1))
E1T00384	transport	iJN1463;iML1515	iML1515:LEUabcpp;iJN1463:LEUabcpp	iML1515: atp_c + h2o_c + leu__L_p --> adp_c + h_c + leu__L_c + pi_c;iJN1463: atp_c + h2o_c + leu__L_p --> adp_c + h_c + leu__L_c + pi_c	mapped	(('bigg:ADP@cytosol', -1), ('bigg:ATP@cytosol', 1), ('bigg:H2O@cytosol', 1), ('bigg:H@cytosol', -1), ('bigg:LEU__L@cytosol', -1), ('bigg:LEU__L@p', 1), ('bigg:PI@cytosol', -1))
E1T00385	transport	iML1515	iML1515:LIPAabcpp	iML1515: atp_c + h2o_c + lipa_c --> adp_c + h_c + lipa_p + pi_c	mapped	(('bigg:ADP@cytosol', -1), ('bigg:ATP@cytosol', 1), ('bigg:H2O@cytosol', 1), ('bigg:H@cytosol', -1), ('bigg:LIPA@cytosol', 1), ('bigg:LIPA@p', -1), ('bigg:PI@cytosol', -1))
E1T00386	transport	iML1515	iML1515:LIPAabctex	iML1515: atp_c + h2o_c + lipa_p --> adp_c + h_c + lipa_e + pi_c	mapped	(('bigg:ADP@cytosol', -1), ('bigg:ATP@cytosol', 1), ('bigg:H2O@cytosol', 1), ('bigg:H@cytosol', -1), ('bigg:LIPA@e', -1), ('bigg:LIPA@p', 1), ('bigg:PI@cytosol', -1))
E1T00387	transport	iML1515	iML1515:LIPACabcpp	iML1515: atp_c + h2o_c + lipa_cold_c --> adp_c + h_c + lipa_cold_p + pi_c	mapped	(('bigg:ADP@cytosol', -1), ('bigg:ATP@cytosol', 1), ('bigg:H2O@cytosol', 1), ('bigg:H@cytosol', -1), ('bigg:LIPA_COLD@cytosol', 1), ('bigg:LIPA_COLD@p', -1), ('bigg:PI@cytosol', -1))
E1T00388	transport	iML1515	iML1515:CLIPAabctex	iML1515: atp_c + h2o_c + lipa_cold_p --> adp_c + h_c + lipa_cold_e + pi_c	mapped	(('bigg:ADP@cytosol', -1), ('bigg:ATP@cytosol', 1), ('bigg:H2O@cytosol', 1), ('bigg:H@cytosol', -1), ('bigg:LIPA_COLD@e', -1), ('bigg:LIPA_COLD@p', 1), ('bigg:PI@cytosol', -1))
E1T00389	transport	iJN1463	iJN1463:COLIPAabcpp_kt	iJN1463: atp_c + h2o_c + lpscore_kt_c --> adp_c + h_c + lpscore_kt_p + pi_c	mapped	(('bigg:ADP@cytosol', -1), ('bigg:ATP@cytosol', 1), ('bigg:H2O@cytosol', 1), ('bigg:H@cytosol', -1), ('bigg:LPSCORE_KT@cytosol', 1), ('bigg:LPSCORE_KT@p', -1), ('bigg:PI@cytosol', -1))
E1T00390	transport	iJN1463	iJN1463:PLPSabctex	iJN1463: atp_c + h2o_c + lpspput_p --> adp_c + h_c + lpspput_e + pi_c	mapped	(('bigg:ADP@cytosol', -1), ('bigg:ATP@cytosol', 1), ('bigg:H2O@cytosol', 1), ('bigg:H@cytosol', -1), ('bigg:LPSPPUT@e', -1), ('bigg:LPSPPUT@p', 1), ('bigg:PI@cytosol', -1))
E1T00391	transport	iJN1463	iJN1463:DLYSabcpp	iJN1463: atp_c + h2o_c + lys__D_p --> adp_c + h_c + lys__D_c + pi_c	mapped	(('bigg:ADP@cytosol', -1), ('bigg:ATP@cytosol', 1), ('bigg:H2O@cytosol', 1), ('bigg:H@cytosol', -1), ('bigg:LYS__D@cytosol', -1), ('bigg:LYS__D@p', 1), ('bigg:PI@cytosol', -1))
E1T00392	transport	iML1515	iML1515:MALTabcpp	iML1515: atp_c + h2o_c + malt_p --> adp_c + h_c + malt_c + pi_c	mapped	(('bigg:ADP@cytosol', -1), ('bigg:ATP@cytosol', 1), ('bigg:H2O@cytosol', 1), ('bigg:H@cytosol', -1), ('bigg:MALT@cytosol', -1), ('bigg:MALT@p', 1), ('bigg:PI@cytosol', -1))
E1T00393	transport	iML1515	iML1515:MALTHXabcpp	iML1515: atp_c + h2o_c + malthx_p --> adp_c + h_c + malthx_c + pi_c	mapped	(('bigg:ADP@cytosol', -1), ('bigg:ATP@cytosol', 1), ('bigg:H2O@cytosol', 1), ('bigg:H@cytosol', -1), ('bigg:MALTHX@cytosol', -1), ('bigg:MALTHX@p', 1), ('bigg:PI@cytosol', -1))
E1T00394	transport	iML1515	iML1515:MALTPTabcpp	iML1515: atp_c + h2o_c + maltpt_p --> adp_c + h_c + maltpt_c + pi_c	mapped	(('bigg:ADP@cytosol', -1), ('bigg:ATP@cytosol', 1), ('bigg:H2O@cytosol', 1), ('bigg:H@cytosol', -1), ('bigg:MALTPT@cytosol', -1), ('bigg:MALTPT@p', 1), ('bigg:PI@cytosol', -1))
E1T00395	transport	iML1515	iML1515:MALTTRabcpp	iML1515: atp_c + h2o_c + malttr_p --> adp_c + h_c + malttr_c + pi_c	mapped	(('bigg:ADP@cytosol', -1), ('bigg:ATP@cytosol', 1), ('bigg:H2O@cytosol', 1), ('bigg:H@cytosol', -1), ('bigg:MALTTR@cytosol', -1), ('bigg:MALTTR@p', 1), ('bigg:PI@cytosol', -1))
E1T00396	transport	iML1515	iML1515:MALTTTRabcpp	iML1515: atp_c + h2o_c + maltttr_p --> adp_c + h_c + maltttr_c + pi_c	mapped	(('bigg:ADP@cytosol', -1), ('bigg:ATP@cytosol', 1), ('bigg:H2O@cytosol', 1), ('bigg:H@cytosol', -1), ('bigg:MALTTTR@cytosol', -1), ('bigg:MALTTTR@p', 1), ('bigg:PI@cytosol', -1))
E1T00397	transport	iJN1463	iJN1463:MANabcpp	iJN1463: atp_c + h2o_c + man_p --> adp_c + h_c + man_c + pi_c	mapped	(('bigg:ADP@cytosol', -1), ('bigg:ATP@cytosol', 1), ('bigg:H2O@cytosol', 1), ('bigg:H@cytosol', -1), ('bigg:MAN@cytosol', -1), ('bigg:MAN@p', 1), ('bigg:PI@cytosol', -1))
E1T00398	transport	iML1515	iML1515:MEPNabcpp	iML1515: atp_c + h2o_c + mepn_p --> adp_c + h_c + mepn_c + pi_c	mapped	(('bigg:ADP@cytosol', -1), ('bigg:ATP@cytosol', 1), ('bigg:H2O@cytosol', 1), ('bigg:H@cytosol', -1), ('bigg:MEPN@cytosol', -1), ('bigg:MEPN@p', 1), ('bigg:PI@cytosol', -1))
E1T00399	transport	iML1515	iML1515:METSOX2abcpp	iML1515: atp_c + h2o_c + metsox_R__L_p --> adp_c + h_c + metsox_R__L_c + pi_c	mapped	(('bigg:ADP@cytosol', -1), ('bigg:ATP@cytosol', 1), ('bigg:H2O@cytosol', 1), ('bigg:H@cytosol', -1), ('bigg:METSOX_R__L@cytosol', -1), ('bigg:METSOX_R__L@p', 1), ('bigg:PI@cytosol', -1))
E1T00400	transport	iML1515	iML1515:METSOX1abcpp	iML1515: atp_c + h2o_c + metsox_S__L_p --> adp_c + h_c + metsox_S__L_c + pi_c	mapped	(('bigg:ADP@cytosol', -1), ('bigg:ATP@cytosol', 1), ('bigg:H2O@cytosol', 1), ('bigg:H@cytosol', -1), ('bigg:METSOX_S__L@cytosol', -1), ('bigg:METSOX_S__L@p', 1), ('bigg:PI@cytosol', -1))
E1T00401	transport	iJN1463;iML1515	iML1515:METDabcpp;iJN1463:METDabcpp	iML1515: atp_c + h2o_c + met__D_p --> adp_c + h_c + met__D_c + pi_c;iJN1463: atp_c + h2o_c + met__D_p --> adp_c + h_c + met__D_c + pi_c	mapped	(('bigg:ADP@cytosol', -1), ('bigg:ATP@cytosol', 1), ('bigg:H2O@cytosol', 1), ('bigg:H@cytosol', -1), ('bigg:MET__D@cytosol', -1), ('bigg:MET__D@p', 1), ('bigg:PI@cytosol', -1))
E1T00402	transport	iJN1463;iML1515	iML1515:METabcpp;iJN1463:METabcpp	iML1515: atp_c + h2o_c + met__L_p --> adp_c + h_c + met__L_c + pi_c;iJN1463: atp_c + h2o_c + met__L_p --> adp_c + h_c + met__L_c + pi_c	mapped	(('bigg:ADP@cytosol', -1), ('bigg:ATP@cytosol', 1), ('bigg:H2O@cytosol', 1), ('bigg:H@cytosol', -1), ('bigg:MET__L@cytosol', -1), ('bigg:MET__L@p', 1), ('bigg:PI@cytosol', -1))
E1T00403	transport	iJN1463	iJN1463:MNabc_1	iJN1463: atp_c + h2o_c + mn2_p --> adp_c + h_c + mn2_c + pi_c	mapped	(('bigg:ADP@cytosol', -1), ('bigg:ATP@cytosol', 1), ('bigg:H2O@cytosol', 1), ('bigg:H@cytosol', -1), ('bigg:MN2@cytosol', -1), ('bigg:MN2@p', 1), ('bigg:PI@cytosol', -1))
E1T00404	transport	iJN1463	iJN1463:MOBDabc	iJN1463: atp_c + h2o_c + mobd_e --> adp_c + h_c + mobd_c + pi_c	mapped	(('bigg:ADP@cytosol', -1), ('bigg:ATP@cytosol', 1), ('bigg:H2O@cytosol', 1), ('bigg:H@cytosol', -1), ('bigg:MOBD@cytosol', -1), ('bigg:MOBD@e', 1), ('bigg:PI@cytosol', -1))
E1T00405	transport	iJN1463;iML1515	iML1515:MOBDabcpp;iJN1463:MOBDabcpp	iML1515: atp_c + h2o_c + mobd_p --> adp_c + h_c + mobd_c + pi_c;iJN1463: atp_c + h2o_c + mobd_p --> adp_c + h_c + mobd_c + pi_c	mapped	(('bigg:ADP@cytosol', -1), ('bigg:ATP@cytosol', 1), ('bigg:H2O@cytosol', 1), ('bigg:H@cytosol', -1), ('bigg:MOBD@cytosol', -1), ('bigg:MOBD@p', 1), ('bigg:PI@cytosol', -1))
E1T00406	transport	iJN1463;iML1515	iML1515:MSO3abcpp;iJN1463:MSO3abcpp	iML1515: atp_c + h2o_c + mso3_p --> adp_c + h_c + mso3_c + pi_c;iJN1463: atp_c + h2o_c + mso3_p --> adp_c + h_c + mso3_c + pi_c	mapped	(('bigg:ADP@cytosol', -1), ('bigg:ATP@cytosol', 1), ('bigg:H2O@cytosol', 1), ('bigg:H@cytosol', -1), ('bigg:MSO3@cytosol', -1), ('bigg:MSO3@p', 1), ('bigg:PI@cytosol', -1))
E1T00407	transport	iML1515	iML1515:AI2abcpp	iML1515: atp_c + h2o_c + mththf_p --> adp_c + h_c + mththf_c + pi_c	mapped	(('bigg:ADP@cytosol', -1), ('bigg:ATP@cytosol', 1), ('bigg:H2O@cytosol', 1), ('bigg:H@cytosol', -1), ('bigg:MTHTHF@cytosol', -1), ('bigg:MTHTHF@p', 1), ('bigg:PI@cytosol', -1))
E1T00408	transport	iJN1463	iJN1463:NCBMPTSabcpp	iJN1463: Ncbmpts_p + atp_c + h2o_c --> Ncbmpts_c + adp_c + h_c + pi_c	mapped	(('bigg:ADP@cytosol', -1), ('bigg:ATP@cytosol', 1), ('bigg:H2O@cytosol', 1), ('bigg:H@cytosol', -1), ('bigg:NCBMPTS@cytosol', -1), ('bigg:NCBMPTS@p', 1), ('bigg:PI@cytosol', -1))
E1T00409	transport	iJN1463;iML1515	iML1515:NI2uabcpp;iJN1463:NI2uabcpp	iML1515: atp_c + h2o_c + ni2_p --> adp_c + h_c + ni2_c + pi_c;iJN1463: atp_c + h2o_c + ni2_p --> adp_c + h_c + ni2_c + pi_c	mapped	(('bigg:ADP@cytosol', -1), ('bigg:ATP@cytosol', 1), ('bigg:H2O@cytosol', 1), ('bigg:H@cytosol', -1), ('bigg:NI2@cytosol', -1), ('bigg:NI2@p', 1), ('bigg:PI@cytosol', -1))
E1T00410	transport	iJN1463;iML1515	iML1515:NI2abcpp;iJN1463:NI2abcpp	iML1515: atp_c + h2o_c + ni2_c --> adp_c + h_c + ni2_p + pi_c;iJN1463: atp_c + h2o_c + ni2_c --> adp_c + h_c + ni2_p + pi_c	mapped	(('bigg:ADP@cytosol', -1), ('bigg:ATP@cytosol', 1), ('bigg:H2O@cytosol', 1), ('bigg:H@cytosol', -1), ('bigg:NI2@cytosol', 1), ('bigg:NI2@p', -1), ('bigg:PI@cytosol', -1))
E1T00411	transport	iJN1463	iJN1463:NO3abcpp	iJN1463: atp_c + h2o_c + no3_p --> adp_c + h_c + no3_c + pi_c	mapped	(('bigg:ADP@cytosol', -1), ('bigg:ATP@cytosol', 1), ('bigg:H2O@cytosol', 1), ('bigg:H@cytosol', -1), ('bigg:NO3@cytosol', -1), ('bigg:NO3@p', 1), ('bigg:PI@cytosol', -1))
E1T00412	transport	iML1515	iML1515:O16A4COLIPAabctex	iML1515: atp_c + h2o_c + o16a4colipa_p --> adp_c + h_c + o16a4colipa_e + pi_c	mapped	(('bigg:ADP@cytosol', -1), ('bigg:ATP@cytosol', 1), ('bigg:H2O@cytosol', 1), ('bigg:H@cytosol', -1), ('bigg:O16A4COLIPA@e', -1), ('bigg:O16A4COLIPA@p', 1), ('bigg:PI@cytosol', -1))
E1T00413	transport	iJN1463;iML1515	iML1515:ORNabcpp;iJN1463:ORNabcpp	iML1515: atp_c + h2o_c + orn_p --> adp_c + h_c + orn_c + pi_c;iJN1463: atp_c + h2o_c + orn_p --> adp_c + h_c + orn_c + pi_c	mapped	(('bigg:ADP@cytosol', -1), ('bigg:ATP@cytosol', 1), ('bigg:H2O@cytosol', 1), ('bigg:H@cytosol', -1), ('bigg:ORN@cytosol', -1), ('bigg:ORN@p', 1), ('bigg:PI@cytosol', -1))
E1T00414	transport	iJN1463	iJN1463:DORNabcpp	iJN1463: atp_c + h2o_c + orn__D_p --> adp_c + h_c + orn__D_c + pi_c	mapped	(('bigg:ADP@cytosol', -1), ('bigg:ATP@cytosol', 1), ('bigg:H2O@cytosol', 1), ('bigg:H@cytosol', -1), ('bigg:ORN__D@cytosol', -1), ('bigg:ORN__D@p', 1), ('bigg:PI@cytosol', -1))
E1T00415	transport	iJN1463;iML1515	iML1515:PA120abcpp;iJN1463:PA120abcpp	iML1515: atp_c + h2o_c + pa120_c --> adp_c + h_c + pa120_p + pi_c;iJN1463: atp_c + h2o_c + pa120_c --> adp_c + h_c + pa120_p + pi_c	mapped	(('bigg:ADP@cytosol', -1), ('bigg:ATP@cytosol', 1), ('bigg:H2O@cytosol', 1), ('bigg:H@cytosol', -1), ('bigg:PA120@cytosol', 1), ('bigg:PA120@p', -1), ('bigg:PI@cytosol', -1))
E1T00416	transport	iML1515	iML1515:PA140abcpp	iML1515: atp_c + h2o_c + pa140_c --> adp_c + h_c + pa140_p + pi_c	mapped	(('bigg:ADP@cytosol', -1), ('bigg:ATP@cytosol', 1), ('bigg:H2O@cytosol', 1), ('bigg:H@cytosol', -1), ('bigg:PA140@cytosol', 1), ('bigg:PA140@p', -1), ('bigg:PI@cytosol', -1))
E1T00417	transport	iML1515	iML1515:PA141abcpp	iML1515: atp_c + h2o_c + pa141_c --> adp_c + h_c + pa141_p + pi_c	mapped	(('bigg:ADP@cytosol', -1), ('bigg:ATP@cytosol', 1), ('bigg:H2O@cytosol', 1), ('bigg:H@cytosol', -1), ('bigg:PA141@cytosol', 1), ('bigg:PA141@p', -1), ('bigg:PI@cytosol', -1))
E1T00418	transport	iJN1463;iML1515	iML1515:PA160abcpp;iJN1463:PA160abcpp	iML1515: atp_c + h2o_c + pa160_c --> adp_c + h_c + pa160_p + pi_c;iJN1463: atp_c + h2o_c + pa160_c --> adp_c + h_c + pa160_p + pi_c	mapped	(('bigg:ADP@cytosol', -1), ('bigg:ATP@cytosol', 1), ('bigg:H2O@cytosol', 1), ('bigg:H@cytosol', -1), ('bigg:PA160@cytosol', 1), ('bigg:PA160@p', -1), ('bigg:PI@cytosol', -1))
E1T00419	transport	iJN1463;iML1515	iML1515:PA161abcpp;iJN1463:PA161abcpp	iML1515: atp_c + h2o_c + pa161_c --> adp_c + h_c + pa161_p + pi_c;iJN1463: atp_c + h2o_c + pa161_c --> adp_c + h_c + pa161_p + pi_c	mapped	(('bigg:ADP@cytosol', -1), ('bigg:ATP@cytosol', 1), ('bigg:H2O@cytosol', 1), ('bigg:H@cytosol', -1), ('bigg:PA161@cytosol', 1), ('bigg:PA161@p', -1), ('bigg:PI@cytosol', -1))
E1T00420	transport	iJN1463;iML1515	iML1515:PA180abcpp;iJN1463:PA180abcpp	iML1515: atp_c + h2o_c + pa180_c --> adp_c + h_c + pa180_p + pi_c;iJN1463: atp_c + h2o_c + pa180_c --> adp_c + h_c + pa180_p + pi_c	mapped	(('bigg:ADP@cytosol', -1), ('bigg:ATP@cytosol', 1), ('bigg:H2O@cytosol', 1), ('bigg:H@cytosol', -1), ('bigg:PA180@cytosol', 1), ('bigg:PA180@p', -1), ('bigg:PI@cytosol', -1))
E1T00421	transport	iJN1463;iML1515	iML1515:PA181abcpp;iJN1463:PA181abcpp	iML1515: atp_c + h2o_c + pa181_c --> adp_c + h_c + pa181_p + pi_c;iJN1463: atp_c + h2o_c + pa181_c --> adp_c + h_c + pa181_p + pi_c	mapped	(('bigg:ADP@cytosol', -1), ('bigg:ATP@cytosol', 1), ('bigg:H2O@cytosol', 1), ('bigg:H@cytosol', -1), ('bigg:PA181@cytosol', 1), ('bigg:PA181@p', -1), ('bigg:PI@cytosol', -1))
E1T00422	transport	iJN1463	iJN1463:PACALtabcpp	iJN1463: atp_c + h2o_c + pacald_p --> adp_c + h_c + pacald_c + pi_c	mapped	(('bigg:ADP@cytosol', -1), ('bigg:ATP@cytosol', 1), ('bigg:H2O@cytosol', 1), ('bigg:H@cytosol', -1), ('bigg:PACALD@cytosol', -1), ('bigg:PACALD@p', 1), ('bigg:PI@cytosol', -1))
E1T00423	transport	iJN1463	iJN1463:PB2abcpp	iJN1463: atp_c + h2o_c + pb2_c --> adp_c + h_c + pb2_p + pi_c	mapped	(('bigg:ADP@cytosol', -1), ('bigg:ATP@cytosol', 1), ('bigg:H2O@cytosol', 1), ('bigg:H@cytosol', -1), ('bigg:PB2@cytosol', 1), ('bigg:PB2@p', -1), ('bigg:PI@cytosol', -1))
E1T00424	transport	iJN1463;iML1515	iML1515:PE120abcpp;iJN1463:PE120abcpp	iML1515: atp_c + h2o_c + pe120_c --> adp_c + h_c + pe120_p + pi_c;iJN1463: atp_c + h2o_c + pe120_c --> adp_c + h_c + pe120_p + pi_c	mapped	(('bigg:ADP@cytosol', -1), ('bigg:ATP@cytosol', 1), ('bigg:H2O@cytosol', 1), ('bigg:H@cytosol', -1), ('bigg:PE120@cytosol', 1), ('bigg:PE120@p', -1), ('bigg:PI@cytosol', -1))
E1T00425	transport	iJN1463;iML1515	iML1515:PE140abcpp;iJN1463:PE140abcpp	iML1515: atp_c + h2o_c + pe140_c --> adp_c + h_c + pe140_p + pi_c;iJN1463: atp_c + h2o_c + pe140_c --> adp_c + h_c + pe140_p + pi_c	mapped	(('bigg:ADP@cytosol', -1), ('bigg:ATP@cytosol', 1), ('bigg:H2O@cytosol', 1), ('bigg:H@cytosol', -1), ('bigg:PE140@cytosol', 1), ('bigg:PE140@p', -1), ('bigg:PI@cytosol', -1))
E1T00426	transport	iJN1463;iML1515	iML1515:PE141abcpp;iJN1463:PE141abcpp	iML1515: atp_c + h2o_c + pe141_c --> adp_c + h_c + pe141_p + pi_c;iJN1463: atp_c + h2o_c + pe141_c --> adp_c + h_c + pe141_p + pi_c	mapped	(('bigg:ADP@cytosol', -1), ('bigg:ATP@cytosol', 1), ('bigg:H2O@cytosol', 1), ('bigg:H@cytosol', -1), ('bigg:PE141@cytosol', 1), ('bigg:PE141@p', -1), ('bigg:PI@cytosol', -1))
E1T00427	transport	iJN1463;iML1515	iML1515:PE160abcpp;iJN1463:PE160abcpp	iML1515: atp_c + h2o_c + pe160_c --> adp_c + h_c + pe160_p + pi_c;iJN1463: atp_c + h2o_c + pe160_c --> adp_c + h_c + pe160_p + pi_c	mapped	(('bigg:ADP@cytosol', -1), ('bigg:ATP@cytosol', 1), ('bigg:H2O@cytosol', 1), ('bigg:H@cytosol', -1), ('bigg:PE160@cytosol', 1), ('bigg:PE160@p', -1), ('bigg:PI@cytosol', -1))
E1T00428	transport	iJN1463;iML1515	iML1515:PE161abcpp;iJN1463:PE161abcpp	iML1515: atp_c + h2o_c + pe161_c --> adp_c + h_c + pe161_p + pi_c;iJN1463: atp_c + h2o_c + pe161_c --> adp_c + h_c + pe161_p + pi_c	mapped	(('bigg:ADP@cytosol', -1), ('bigg:ATP@cytosol', 1), ('bigg:H2O@cytosol', 1), ('bigg:H@cytosol', -1), ('bigg:PE161@cytosol', 1), ('bigg:PE161@p', -1), ('bigg:PI@cytosol', -1))
E1T00429	transport	iJN1463;iML1515	iML1515:PE180abcpp;iJN1463:PE180abcpp	iML1515: atp_c + h2o_c + pe180_c --> adp_c + h_c + pe180_p + pi_c;iJN1463: atp_c + h2o_c + pe180_c --> adp_c + h_c + pe180_p + pi_c	mapped	(('bigg:ADP@cytosol', -1), ('bigg:ATP@cytosol', 1), ('bigg:H2O@cytosol', 1), ('bigg:H@cytosol', -1), ('bigg:PE180@cytosol', 1), ('bigg:PE180@p', -1), ('bigg:PI@cytosol', -1))
E1T00430	transport	iJN1463;iML1515	iML1515:PE181abcpp;iJN1463:PE181abcpp	iML1515: atp_c + h2o_c + pe181_c --> adp_c + h_c + pe181_p + pi_c;iJN1463: atp_c + h2o_c + pe181_c --> adp_c + h_c + pe181_p + pi_c	mapped	(('bigg:ADP@cytosol', -1), ('bigg:ATP@cytosol', 1), ('bigg:H2O@cytosol', 1), ('bigg:H@cytosol', -1), ('bigg:PE181@cytosol', 1), ('bigg:PE181@p', -1), ('bigg:PI@cytosol', -1))
E1T00431	transport	iJN1463	iJN1463:PEAL2tabc	iJN1463: atp_c + h2o_c + pea_p --> adp_c + h_c + pea_c + pi_c	mapped	(('bigg:ADP@cytosol', -1), ('bigg:ATP@cytosol', 1), ('bigg:H2O@cytosol', 1), ('bigg:H@cytosol', -1), ('bigg:PEA@cytosol', -1), ('bigg:PEA@p', 1), ('bigg:PI@cytosol', -1))
E1T00432	transport	iJN1463	iJN1463:PEALtabc	iJN1463: atp_c + h2o_c + pea_c --> adp_c + h_c + pea_e + pi_c	mapped	(('bigg:ADP@cytosol', -1), ('bigg:ATP@cytosol', 1), ('bigg:H2O@cytosol', 1), ('bigg:H@cytosol', -1), ('bigg:PEA@cytosol', 1), ('bigg:PEA@e', -1), ('bigg:PI@cytosol', -1))
E1T00433	transport	iJN1463	iJN1463:PEAtabcpp	iJN1463: atp_c + h2o_c + peamn_p --> adp_c + h_c + peamn_c + pi_c	mapped	(('bigg:ADP@cytosol', -1), ('bigg:ATP@cytosol', 1), ('bigg:H2O@cytosol', 1), ('bigg:H@cytosol', -1), ('bigg:PEAMN@cytosol', -1), ('bigg:PEAMN@p', 1), ('bigg:PI@cytosol', -1))
E1T00434	transport	iJN1463	iJN1463:pentso3abcpp	iJN1463: atp_c + h2o_c + pentso3_p --> adp_c + h_c + pentso3_c + pi_c	mapped	(('bigg:ADP@cytosol', -1), ('bigg:ATP@cytosol', 1), ('bigg:H2O@cytosol', 1), ('bigg:H@cytosol', -1), ('bigg:PENTSO3@cytosol', -1), ('bigg:PENTSO3@p', 1), ('bigg:PI@cytosol', -1))
E1T00435	transport	iJN1463;iML1515	iML1515:PG120abcpp;iJN1463:PG120abcpp	iML1515: atp_c + h2o_c + pg120_c --> adp_c + h_c + pg120_p + pi_c;iJN1463: atp_c + h2o_c + pg120_c --> adp_c + h_c + pg120_p + pi_c	mapped	(('bigg:ADP@cytosol', -1), ('bigg:ATP@cytosol', 1), ('bigg:H2O@cytosol', 1), ('bigg:H@cytosol', -1), ('bigg:PG120@cytosol', 1), ('bigg:PG120@p', -1), ('bigg:PI@cytosol', -1))
E1T00436	transport	iJN1463;iML1515	iML1515:PG140abcpp;iJN1463:PG140abcpp	iML1515: atp_c + h2o_c + pg140_c --> adp_c + h_c + pg140_p + pi_c;iJN1463: atp_c + h2o_c + pg140_c --> adp_c + h_c + pg140_p + pi_c	mapped	(('bigg:ADP@cytosol', -1), ('bigg:ATP@cytosol', 1), ('bigg:H2O@cytosol', 1), ('bigg:H@cytosol', -1), ('bigg:PG140@cytosol', 1), ('bigg:PG140@p', -1), ('bigg:PI@cytosol', -1))
E1T00437	transport	iJN1463;iML1515	iML1515:PG141abcpp;iJN1463:PG141abcpp	iML1515: atp_c + h2o_c + pg141_c --> adp_c + h_c + pg141_p + pi_c;iJN1463: atp_c + h2o_c + pg141_c --> adp_c + h_c + pg141_p + pi_c	mapped	(('bigg:ADP@cytosol', -1), ('bigg:ATP@cytosol', 1), ('bigg:H2O@cytosol', 1), ('bigg:H@cytosol', -1), ('bigg:PG141@cytosol', 1), ('bigg:PG141@p', -1), ('bigg:PI@cytosol', -1))
E1T00438	transport	iJN1463;iML1515	iML1515:PG160abcpp;iJN1463:PG160abcpp	iML1515: atp_c + h2o_c + pg160_c --> adp_c + h_c + pg160_p + pi_c;iJN1463: atp_c + h2o_c + pg160_c --> adp_c + h_c + pg160_p + pi_c	mapped	(('bigg:ADP@cytosol', -1), ('bigg:ATP@cytosol', 1), ('bigg:H2O@cytosol', 1), ('bigg:H@cytosol', -1), ('bigg:PG160@cytosol', 1), ('bigg:PG160@p', -1), ('bigg:PI@cytosol', -1))
E1T00439	transport	iJN1463;iML1515	iML1515:PG161abcpp;iJN1463:PG161abcpp	iML1515: atp_c + h2o_c + pg161_c --> adp_c + h_c + pg161_p + pi_c;iJN1463: atp_c + h2o_c + pg161_c --> adp_c + h_c + pg161_p + pi_c	mapped	(('bigg:ADP@cytosol', -1), ('bigg:ATP@cytosol', 1), ('bigg:H2O@cytosol', 1), ('bigg:H@cytosol', -1), ('bigg:PG161@cytosol', 1), ('bigg:PG161@p', -1), ('bigg:PI@cytosol', -1))
E1T00440	transport	iJN1463;iML1515	iML1515:PG180abcpp;iJN1463:PG180abcpp	iML1515: atp_c + h2o_c + pg180_c --> adp_c + h_c + pg180_p + pi_c;iJN1463: atp_c + h2o_c + pg180_c --> adp_c + h_c + pg180_p + pi_c	mapped	(('bigg:ADP@cytosol', -1), ('bigg:ATP@cytosol', 1), ('bigg:H2O@cytosol', 1), ('bigg:H@cytosol', -1), ('bigg:PG180@cytosol', 1), ('bigg:PG180@p', -1), ('bigg:PI@cytosol', -1))
E1T00441	transport	iJN1463;iML1515	iML1515:PG181abcpp;iJN1463:PG181abcpp	iML1515: atp_c + h2o_c + pg181_c --> adp_c + h_c + pg181_p + pi_c;iJN1463: atp_c + h2o_c + pg181_c --> adp_c + h_c + pg181_p + pi_c	mapped	(('bigg:ADP@cytosol', -1), ('bigg:ATP@cytosol', 1), ('bigg:H2O@cytosol', 1), ('bigg:H@cytosol', -1), ('bigg:PG181@cytosol', 1), ('bigg:PG181@p', -1), ('bigg:PI@cytosol', -1))
E1T00442	transport	iJN1463;iML1515	iML1515:PGP120abcpp;iJN1463:PGP120abcpp	iML1515: atp_c + h2o_c + pgp120_c --> adp_c + h_c + pgp120_p + pi_c;iJN1463: atp_c + h2o_c + pgp120_c --> adp_c + h_c + pgp120_p + pi_c	mapped	(('bigg:ADP@cytosol', -1), ('bigg:ATP@cytosol', 1), ('bigg:H2O@cytosol', 1), ('bigg:H@cytosol', -1), ('bigg:PGP120@cytosol', 1), ('bigg:PGP120@p', -1), ('bigg:PI@cytosol', -1))
E1T00443	transport	iJN1463;iML1515	iML1515:PGP140abcpp;iJN1463:PGP140abcpp	iML1515: atp_c + h2o_c + pgp140_c --> adp_c + h_c + pgp140_p + pi_c;iJN1463: atp_c + h2o_c + pgp140_c --> adp_c + h_c + pgp140_p + pi_c	mapped	(('bigg:ADP@cytosol', -1), ('bigg:ATP@cytosol', 1), ('bigg:H2O@cytosol', 1), ('bigg:H@cytosol', -1), ('bigg:PGP140@cytosol', 1), ('bigg:PGP140@p', -1), ('bigg:PI@cytosol', -1))
E1T00444	transport	iJN1463;iML1515	iML1515:PGP141abcpp;iJN1463:PGP141abcpp	iML1515: atp_c + h2o_c + pgp141_c --> adp_c + h_c + pgp141_p + pi_c;iJN1463: atp_c + h2o_c + pgp141_c --> adp_c + h_c + pgp141_p + pi_c	mapped	(('bigg:ADP@cytosol', -1), ('bigg:ATP@cytosol', 1), ('bigg:H2O@cytosol', 1), ('bigg:H@cytosol', -1), ('bigg:PGP141@cytosol', 1), ('bigg:PGP141@p', -1), ('bigg:PI@cytosol', -1))
E1T00445	transport	iJN1463;iML1515	iML1515:PGP160abcpp;iJN1463:PGP160abcpp	iML1515: atp_c + h2o_c + pgp160_c --> adp_c + h_c + pgp160_p + pi_c;iJN1463: atp_c + h2o_c + pgp160_c --> adp_c + h_c + pgp160_p + pi_c	mapped	(('bigg:ADP@cytosol', -1), ('bigg:ATP@cytosol', 1), ('bigg:H2O@cytosol', 1), ('bigg:H@cytosol', -1), ('bigg:PGP160@cytosol', 1), ('bigg:PGP160@p', -1), ('bigg:PI@cytosol', -1))
E1T00446	transport	iJN1463;iML1515	iML1515:PGP161abcpp;iJN1463:PGP161abcpp	iML1515: atp_c + h2o_c + pgp161_c --> adp_c + h_c + pgp161_p + pi_c;iJN1463: atp_c + h2o_c + pgp161_c --> adp_c + h_c + pgp161_p + pi_c	mapped	(('bigg:ADP@cytosol', -1), ('bigg:ATP@cytosol', 1), ('bigg:H2O@cytosol', 1), ('bigg:H@cytosol', -1), ('bigg:PGP161@cytosol', 1), ('bigg:PGP161@p', -1), ('bigg:PI@cytosol', -1))
E1T00447	transport	iJN1463;iML1515	iML1515:PGP180abcpp;iJN1463:PGP180abcpp	iML1515: atp_c + h2o_c + pgp180_c --> adp_c + h_c + pgp180_p + pi_c;iJN1463: atp_c + h2o_c + pgp180_c --> adp_c + h_c + pgp180_p + pi_c	mapped	(('bigg:ADP@cytosol', -1), ('bigg:ATP@cytosol', 1), ('bigg:H2O@cytosol', 1), ('bigg:H@cytosol', -1), ('bigg:PGP180@cytosol', 1), ('bigg:PGP180@p', -1), ('bigg:PI@cytosol', -1))
E1T00448	transport	iJN1463;iML1515	iML1515:PGP181abcpp;iJN1463:PGP181abcpp	iML1515: atp_c + h2o_c + pgp181_c --> adp_c + h_c + pgp181_p + pi_c;iJN1463: atp_c + h2o_c + pgp181_c --> adp_c + h_c + pgp181_p + pi_c	mapped	(('bigg:ADP@cytosol', -1), ('bigg:ATP@cytosol', 1), ('bigg:H2O@cytosol', 1), ('bigg:H@cytosol', -1), ('bigg:PGP181@cytosol', 1), ('bigg:PGP181@p', -1), ('bigg:PI@cytosol', -1))
E1T00449	transport	iJN1463	iJN1463:HEMEti	iJN1463: atp_c + h2o_c + pheme_e --> adp_c + h_c + pheme_c + pi_c	mapped	(('bigg:ADP@cytosol', -1), ('bigg:ATP@cytosol', 1), ('bigg:H2O@cytosol', 1), ('bigg:H@cytosol', -1), ('bigg:PHEME@cytosol', -1), ('bigg:PHEME@e', 1), ('bigg:PI@cytosol', -1))
E1T00450	transport	iJN1463	iJN1463:PHEME2abcpp	iJN1463: atp_c + h2o_c + pheme_p --> adp_c + h_c + pheme_c + pi_c	mapped	(('bigg:ADP@cytosol', -1), ('bigg:ATP@cytosol', 1), ('bigg:H2O@cytosol', 1), ('bigg:H@cytosol', -1), ('bigg:PHEME@cytosol', -1), ('bigg:PHEME@p', 1), ('bigg:PI@cytosol', -1))
E1T00451	transport	iJN1463;iML1515	iML1515:PHEMEabcpp;iJN1463:PHEMEabcpp	iML1515: atp_c + h2o_c + pheme_c --> adp_c + h_c + pheme_p + pi_c;iJN1463: atp_c + h2o_c + pheme_c --> adp_c + h_c + pheme_p + pi_c	mapped	(('bigg:ADP@cytosol', -1), ('bigg:ATP@cytosol', 1), ('bigg:H2O@cytosol', 1), ('bigg:H@cytosol', -1), ('bigg:PHEME@cytosol', 1), ('bigg:PHEME@p', -1), ('bigg:PI@cytosol', -1))
E1T00452	transport	iJN1463	iJN1463:PPIuabcpp	iJN1463: atp_c + h2o_c + ppi_p --> adp_c + h_c + pi_c + ppi_c	mapped	(('bigg:ADP@cytosol', -1), ('bigg:ATP@cytosol', 1), ('bigg:H2O@cytosol', 1), ('bigg:H@cytosol', -1), ('bigg:PI@cytosol', -1), ('bigg:PPI@cytosol', -1), ('bigg:PPI@p', 1))
E1T00453	transport	iJN1463;iML1515	iML1515:PROGLYabcpp;iJN1463:PROGLYabcpp	iML1515: atp_c + h2o_c + progly_p --> adp_c + h_c + pi_c + progly_c;iJN1463: atp_c + h2o_c + progly_p --> adp_c + h_c + pi_c + progly_c	mapped	(('bigg:ADP@cytosol', -1), ('bigg:ATP@cytosol', 1), ('bigg:H2O@cytosol', 1), ('bigg:H@cytosol', -1), ('bigg:PI@cytosol', -1), ('bigg:PROGLY@cytosol', -1), ('bigg:PROGLY@p', 1))
E1T00454	transport	iJN1463	iJN1463:DPROabcpp	iJN1463: atp_c + h2o_c + pro__D_p --> adp_c + h_c + pi_c + pro__D_c	mapped	(('bigg:ADP@cytosol', -1), ('bigg:ATP@cytosol', 1), ('bigg:H2O@cytosol', 1), ('bigg:H@cytosol', -1), ('bigg:PI@cytosol', -1), ('bigg:PRO__D@cytosol', -1), ('bigg:PRO__D@p', 1))
E1T00455	transport	iJN1463;iML1515	iML1515:PROabcpp;iJN1463:PROabcpp	iML1515: atp_c + h2o_c + pro__L_p --> adp_c + h_c + pi_c + pro__L_c;iJN1463: atp_c + h2o_c + pro__L_p --> adp_c + h_c + pi_c + pro__L_c	mapped	(('bigg:ADP@cytosol', -1), ('bigg:ATP@cytosol', 1), ('bigg:H2O@cytosol', 1), ('bigg:H@cytosol', -1), ('bigg:PI@cytosol', -1), ('bigg:PRO__L@cytosol', -1), ('bigg:PRO__L@p', 1))
E1T00456	transport	iJN1463	iJN1463:PTRCabc	iJN1463: atp_c + h2o_c + ptrc_e --> adp_c + h_c + pi_c + ptrc_c	mapped	(('bigg:ADP@cytosol', -1), ('bigg:ATP@cytosol', 1), ('bigg:H2O@cytosol', 1), ('bigg:H@cytosol', -1), ('bigg:PI@cytosol', -1), ('bigg:PTRC@cytosol', -1), ('bigg:PTRC@e', 1))
E1T00457	transport	iJN1463;iML1515	iML1515:PTRCabcpp;iJN1463:PTRCabcpp	iML1515: atp_c + h2o_c + ptrc_p --> adp_c + h_c + pi_c + ptrc_c;iJN1463: atp_c + h2o_c + ptrc_p --> adp_c + h_c + pi_c + ptrc_c	mapped	(('bigg:ADP@cytosol', -1), ('bigg:ATP@cytosol', 1), ('bigg:H2O@cytosol', 1), ('bigg:H@cytosol', -1), ('bigg:PI@cytosol', -1), ('bigg:PTRC@cytosol', -1), ('bigg:PTRC@p', 1))
E1T00458	transport	iJN1463	iJN1463:PYOVDtex	iJN1463: atp_c + h2o_c + pyovd_p --> adp_c + h_c + pi_c + pyovd_e	mapped	(('bigg:ADP@cytosol', -1), ('bigg:ATP@cytosol', 1), ('bigg:H2O@cytosol', 1), ('bigg:H@cytosol', -1), ('bigg:PI@cytosol', -1), ('bigg:PYOVD@e', -1), ('bigg:PYOVD@p', 1))
E1T00459	transport	iJN1463	iJN1463:PYOVD2tex	iJN1463: atp_c + h2o_c + pyovd_kt_p --> adp_c + h_c + pi_c + pyovd_kt_e	mapped	(('bigg:ADP@cytosol', -1), ('bigg:ATP@cytosol', 1), ('bigg:H2O@cytosol', 1), ('bigg:H@cytosol', -1), ('bigg:PI@cytosol', -1), ('bigg:PYOVD_KT@e', -1), ('bigg:PYOVD_KT@p', 1))
E1T00460	transport	iJN1463;iML1515	iML1515:RIBabcpp;iJN1463:RIBabcpp	iML1515: atp_c + h2o_c + rib__D_p --> adp_c + h_c + pi_c + rib__D_c;iJN1463: atp_c + h2o_c + rib__D_p --> adp_c + h_c + pi_c + rib__D_c	mapped	(('bigg:ADP@cytosol', -1), ('bigg:ATP@cytosol', 1), ('bigg:H2O@cytosol', 1), ('bigg:H@cytosol', -1), ('bigg:PI@cytosol', -1), ('bigg:RIB__D@cytosol', -1), ('bigg:RIB__D@p', 1))
E1T00461	transport	iJN1463;iML1515	iML1515:SELabcpp;iJN1463:SELabcpp	iML1515: atp_c + h2o_c + sel_p --> adp_c + h_c + pi_c + sel_c;iJN1463: atp_c + h2o_c + sel_p --> adp_c + h_c + pi_c + sel_c	mapped	(('bigg:ADP@cytosol', -1), ('bigg:ATP@cytosol', 1), ('bigg:H2O@cytosol', 1), ('bigg:H@cytosol', -1), ('bigg:PI@cytosol', -1), ('bigg:SEL@cytosol', -1), ('bigg:SEL@p', 1))
E1T00462	transport	iJN1463	iJN1463:SHEME2abcpp	iJN1463: atp_c + h2o_c + sheme_p --> adp_c + h_c + pi_c + sheme_c	mapped	(('bigg:ADP@cytosol', -1), ('bigg:ATP@cytosol', 1), ('bigg:H2O@cytosol', 1), ('bigg:H@cytosol', -1), ('bigg:PI@cytosol', -1), ('bigg:SHEME@cytosol', -1), ('bigg:SHEME@p', 1))
E1T00463	transport	iML1515	iML1515:SLNTabcpp	iML1515: atp_c + h2o_c + slnt_p --> adp_c + h_c + pi_c + slnt_c	mapped	(('bigg:ADP@cytosol', -1), ('bigg:ATP@cytosol', 1), ('bigg:H2O@cytosol', 1), ('bigg:H@cytosol', -1), ('bigg:PI@cytosol', -1), ('bigg:SLNT@cytosol', -1), ('bigg:SLNT@p', 1))
E1T00464	transport	iJN1463	iJN1463:SO3abcpp	iJN1463: atp_c + h2o_c + so3_p --> adp_c + h_c + pi_c + so3_c	mapped	(('bigg:ADP@cytosol', -1), ('bigg:ATP@cytosol', 1), ('bigg:H2O@cytosol', 1), ('bigg:H@cytosol', -1), ('bigg:PI@cytosol', -1), ('bigg:SO3@cytosol', -1), ('bigg:SO3@p', 1))
E1T00465	transport	iJN1463	iJN1463:SULabc	iJN1463: atp_c + h2o_c + so4_e --> adp_c + h_c + pi_c + so4_c	mapped	(('bigg:ADP@cytosol', -1), ('bigg:ATP@cytosol', 1), ('bigg:H2O@cytosol', 1), ('bigg:H@cytosol', -1), ('bigg:PI@cytosol', -1), ('bigg:SO4@cytosol', -1), ('bigg:SO4@e', 1))
E1T00466	transport	iJN1463;iML1515	iML1515:SPMDabcpp;iJN1463:SPMDabcpp	iML1515: atp_c + h2o_c + spmd_p --> adp_c + h_c + pi_c + spmd_c;iJN1463: atp_c + h2o_c + spmd_p --> adp_c + h_c + pi_c + spmd_c	mapped	(('bigg:ADP@cytosol', -1), ('bigg:ATP@cytosol', 1), ('bigg:H2O@cytosol', 1), ('bigg:H@cytosol', -1), ('bigg:PI@cytosol', -1), ('bigg:SPMD@cytosol', -1), ('bigg:SPMD@p', 1))
E1T00467	transport	iJN1463;iML1515	iML1515:SULFACabcpp;iJN1463:SULFACabcpp	iML1515: atp_c + h2o_c + sulfac_p --> adp_c + h_c + pi_c + sulfac_c;iJN1463: atp_c + h2o_c + sulfac_p --> adp_c + h_c + pi_c + sulfac_c	mapped	(('bigg:ADP@cytosol', -1), ('bigg:ATP@cytosol', 1), ('bigg:H2O@cytosol', 1), ('bigg:H@cytosol', -1), ('bigg:PI@cytosol', -1), ('bigg:SULFAC@cytosol', -1), ('bigg:SULFAC@p', 1))
E1T00468	transport	iJN1463	iJN1463:TAURabc	iJN1463: atp_c + h2o_c + taur_e --> adp_c + h_c + pi_c + taur_c	mapped	(('bigg:ADP@cytosol', -1), ('bigg:ATP@cytosol', 1), ('bigg:H2O@cytosol', 1), ('bigg:H@cytosol', -1), ('bigg:PI@cytosol', -1), ('bigg:TAUR@cytosol', -1), ('bigg:TAUR@e', 1))
E1T00469	transport	iJN1463;iML1515	iML1515:TAURabcpp;iJN1463:TAURabcpp	iML1515: atp_c + h2o_c + taur_p --> adp_c + h_c + pi_c + taur_c;iJN1463: atp_c + h2o_c + taur_p --> adp_c + h_c + pi_c + taur_c	mapped	(('bigg:ADP@cytosol', -1), ('bigg:ATP@cytosol', 1), ('bigg:H2O@cytosol', 1), ('bigg:H@cytosol', -1), ('bigg:PI@cytosol', -1), ('bigg:TAUR@cytosol', -1), ('bigg:TAUR@p', 1))
E1T00470	transport	iML1515	iML1515:THMabcpp	iML1515: atp_c + h2o_c + thm_p --> adp_c + h_c + pi_c + thm_c	mapped	(('bigg:ADP@cytosol', -1), ('bigg:ATP@cytosol', 1), ('bigg:H2O@cytosol', 1), ('bigg:H@cytosol', -1), ('bigg:PI@cytosol', -1), ('bigg:THM@cytosol', -1), ('bigg:THM@p', 1))
E1T00471	transport	iJN1463;iML1515	iML1515:THRabcpp;iJN1463:THRabcpp	iML1515: atp_c + h2o_c + thr__L_p --> adp_c + h_c + pi_c + thr__L_c;iJN1463: atp_c + h2o_c + thr__L_p --> adp_c + h_c + pi_c + thr__L_c	mapped	(('bigg:ADP@cytosol', -1), ('bigg:ATP@cytosol', 1), ('bigg:H2O@cytosol', 1), ('bigg:H@cytosol', -1), ('bigg:PI@cytosol', -1), ('bigg:THR__L@cytosol', -1), ('bigg:THR__L@p', 1))
E1T00472	transport	iJN1463;iML1515	iML1515:TSULabcpp;iJN1463:TSULabcpp	iML1515: atp_c + h2o_c + tsul_p --> adp_c + h_c + pi_c + tsul_c;iJN1463: atp_c + h2o_c + tsul_p --> adp_c + h_c + pi_c + tsul_c	mapped	(('bigg:ADP@cytosol', -1), ('bigg:ATP@cytosol', 1), ('bigg:H2O@cytosol', 1), ('bigg:H@cytosol', -1), ('bigg:PI@cytosol', -1), ('bigg:TSUL@cytosol', -1), ('bigg:TSUL@p', 1))
E1T00473	transport	iJN1463;iML1515	iML1515:TUNGSabcpp;iJN1463:TUNGSabcpp	iML1515: atp_c + h2o_c + tungs_p --> adp_c + h_c + pi_c + tungs_c;iJN1463: atp_c + h2o_c + tungs_p --> adp_c + h_c + pi_c + tungs_c	mapped	(('bigg:ADP@cytosol', -1), ('bigg:ATP@cytosol', 1), ('bigg:H2O@cytosol', 1), ('bigg:H@cytosol', -1), ('bigg:PI@cytosol', -1), ('bigg:TUNGS@cytosol', -1), ('bigg:TUNGS@p', 1))
E1T00474	transport	iJN1463	iJN1463:OSKTabcpp	iJN1463: atp_c + h2o_c + unquivo_c --> adp_c + h_c + pi_c + unquivo_p	mapped	(('bigg:ADP@cytosol', -1), ('bigg:ATP@cytosol', 1), ('bigg:H2O@cytosol', 1), ('bigg:H@cytosol', -1), ('bigg:PI@cytosol', -1), ('bigg:UNQUIVO@cytosol', 1), ('bigg:UNQUIVO@p', -1))
E1T00475	transport	iJN1463	iJN1463:UREAabcpp	iJN1463: atp_c + h2o_c + urea_p --> adp_c + h_c + pi_c + urea_c	mapped	(('bigg:ADP@cytosol', -1), ('bigg:ATP@cytosol', 1), ('bigg:H2O@cytosol', 1), ('bigg:H@cytosol', -1), ('bigg:PI@cytosol', -1), ('bigg:UREA@cytosol', -1), ('bigg:UREA@p', 1))
E1T00476	transport	iJN1463	iJN1463:DVALabcpp	iJN1463: atp_c + h2o_c + val__D_p --> adp_c + h_c + pi_c + val__D_c	mapped	(('bigg:ADP@cytosol', -1), ('bigg:ATP@cytosol', 1), ('bigg:H2O@cytosol', 1), ('bigg:H@cytosol', -1), ('bigg:PI@cytosol', -1), ('bigg:VAL__D@cytosol', -1), ('bigg:VAL__D@p', 1))
E1T00477	transport	iJN1463;iML1515	iML1515:VALabcpp;iJN1463:VALabcpp	iML1515: atp_c + h2o_c + val__L_p --> adp_c + h_c + pi_c + val__L_c;iJN1463: atp_c + h2o_c + val__L_p --> adp_c + h_c + pi_c + val__L_c	mapped	(('bigg:ADP@cytosol', -1), ('bigg:ATP@cytosol', 1), ('bigg:H2O@cytosol', 1), ('bigg:H@cytosol', -1), ('bigg:PI@cytosol', -1), ('bigg:VAL__L@cytosol', -1), ('bigg:VAL__L@p', 1))
E1T00478	transport	iML1515	iML1515:XYLabcpp	iML1515: atp_c + h2o_c + xyl__D_p --> adp_c + h_c + pi_c + xyl__D_c	mapped	(('bigg:ADP@cytosol', -1), ('bigg:ATP@cytosol', 1), ('bigg:H2O@cytosol', 1), ('bigg:H@cytosol', -1), ('bigg:PI@cytosol', -1), ('bigg:XYL__D@cytosol', -1), ('bigg:XYL__D@p', 1))
E1T00479	transport	iJN1463;iML1515	iML1515:ZNabcpp;iJN1463:ZNabcpp	iML1515: atp_c + h2o_c + zn2_p --> adp_c + h_c + pi_c + zn2_c;iJN1463: atp_c + h2o_c + zn2_p --> adp_c + h_c + pi_c + zn2_c	mapped	(('bigg:ADP@cytosol', -1), ('bigg:ATP@cytosol', 1), ('bigg:H2O@cytosol', 1), ('bigg:H@cytosol', -1), ('bigg:PI@cytosol', -1), ('bigg:ZN2@cytosol', -1), ('bigg:ZN2@p', 1))
E1T00480	transport	iJN1463;iML1515	iML1515:ZN2abcpp;iJN1463:ZN2abcpp	iML1515: atp_c + h2o_c + zn2_c --> adp_c + h_c + pi_c + zn2_p;iJN1463: atp_c + h2o_c + zn2_c --> adp_c + h_c + pi_c + zn2_p	mapped	(('bigg:ADP@cytosol', -1), ('bigg:ATP@cytosol', 1), ('bigg:H2O@cytosol', 1), ('bigg:H@cytosol', -1), ('bigg:PI@cytosol', -1), ('bigg:ZN2@cytosol', 1), ('bigg:ZN2@p', -1))
E1T00481	transport	iJN1463	iJN1463:PIabc	iJN1463: atp_c + h2o_c + pi_e --> adp_c + h_c + 2.0 pi_c	mapped	(('bigg:ADP@cytosol', -1), ('bigg:ATP@cytosol', 1), ('bigg:H2O@cytosol', 1), ('bigg:H@cytosol', -1), ('bigg:PI@cytosol', -2), ('bigg:PI@e', 1))
E1T00482	transport	iCN1361;iJN1463;iML1515	iML1515:ATPS4rpp;iJN1463:ATPS4rpp;iCN1361:R_ATPSynth	iML1515: adp_c + 4.0 h_p + pi_c <=> atp_c + h2o_c + 3.0 h_c;iJN1463: adp_c + 4.0 h_p + pi_c <=> atp_c + h2o_c + 3.0 h_c;iCN1361: M_ADP + 4.0 M_PROTON_p + M_Pi <=> M_ATP + 3.0 M_PROTON + M_WATER	mapped	(('bigg:ADP@cytosol', -1), ('bigg:ATP@cytosol', 1), ('bigg:H2O@cytosol', 1), ('bigg:H@cytosol', 3), ('bigg:H@p', -4), ('bigg:PI@cytosol', -1))
E1T00483	transport	iJN1463;iML1515	iML1515:AGt3;iJN1463:AGt3	iML1515: ag_c + h_e --> ag_e + h_c;iJN1463: ag_c + h_e --> ag_e + h_c	mapped	(('bigg:AG@cytosol', -1), ('bigg:AG@e', 1), ('bigg:H@cytosol', 1), ('bigg:H@e', -1))
E1T00484	transport	iJN1463	iJN1463:AGtpp	iJN1463: ag_p --> ag_c	mapped	(('bigg:AG@cytosol', -1), ('bigg:AG@p', 1))
E1T00485	transport	iJN1463	iJN1463:AGtex	iJN1463: ag_e <=> ag_p	mapped	(('bigg:AG@e', -1), ('bigg:AG@p', 1))
E1T00486	transport	iML1515	iML1515:ARGAGMt7pp	iML1515: agm_c + arg__L_p <=> agm_p + arg__L_c	mapped	(('bigg:AGM@cytosol', -1), ('bigg:AGM@p', 1), ('bigg:ARG__L@cytosol', 1), ('bigg:ARG__L@p', -1))
E1T00487	transport	iJN1463;iML1515	iML1515:AGMtex;iJN1463:AGMtex	iML1515: agm_e <=> agm_p;iJN1463: agm_e <=> agm_p	mapped	(('bigg:AGM@e', -1), ('bigg:AGM@p', 1))
E1T00488	non_cytosolic	iJN1463;iML1515	iML1515:ARGDCpp;iJN1463:ARGDCpp	iML1515: arg__L_p + h_p --> agm_p + co2_p;iJN1463: arg__L_p + h_p --> agm_p + co2_p	mapped	(('bigg:AGM@p', -1), ('bigg:ARG__L@p', 1), ('bigg:CO2@p', -1), ('bigg:H@p', 1))
E1T00489	transport	iJN1463;iML1515	iML1515:AKGt2rpp;iJN1463:AKGt2rpp	iML1515: akg_p + h_p <=> akg_c + h_c;iJN1463: akg_p + h_p <=> akg_c + h_c	mapped	(('bigg:AKG@cytosol', -1), ('bigg:AKG@p', 1), ('bigg:H@cytosol', -1), ('bigg:H@p', 1))
E1T00490	transport	iJN1463;iML1515	iML1515:AKGtex;iJN1463:AKGtex	iML1515: akg_e <=> akg_p;iJN1463: akg_e <=> akg_p	mapped	(('bigg:AKG@e', -1), ('bigg:AKG@p', 1))
E1T00491	transport	iJN1463;iML1515	iML1515:ALAALAtex;iJN1463:ALAALAtex	iML1515: alaala_e <=> alaala_p;iJN1463: alaala_e <=> alaala_p	mapped	(('bigg:ALAALA@e', -1), ('bigg:ALAALA@p', 1))
E1T00492	non_cytosolic	iJN1463;iML1515	iML1515:MLDCP3App;iJN1463:MLDCP3App	iML1515: h2o_p + murein5px3p_p --> alaala_p + murein3px3p_p;iJN1463: h2o_p + murein5px3p_p --> alaala_p + murein3px3p_p	mapped	(('bigg:ALAALA@p', -1), ('bigg:H2O@p', 1), ('bigg:MUREIN3PX3P@p', -1), ('bigg:MUREIN5PX3P@p', 1))
E1T00493	non_cytosolic	iJN1463;iML1515	iML1515:MLDCP1App;iJN1463:MLDCP1App	iML1515: h2o_p + murein5px4p_p --> alaala_p + murein3px4p_p;iJN1463: h2o_p + murein5px4p_p --> alaala_p + murein3px4p_p	mapped	(('bigg:ALAALA@p', -1), ('bigg:H2O@p', 1), ('bigg:MUREIN3PX4P@p', -1), ('bigg:MUREIN5PX4P@p', 1))
E1T00494	non_cytosolic	iJN1463;iML1515	iML1515:MLDCP2App;iJN1463:MLDCP2App	iML1515: h2o_p + murein5p5p_p --> alaala_p + murein5p3p_p;iJN1463: h2o_p + murein5p5p_p --> alaala_p + murein5p3p_p	mapped	(('bigg:ALAALA@p', -1), ('bigg:H2O@p', 1), ('bigg:MUREIN5P3P@p', -1), ('bigg:MUREIN5P5P@p', 1))
E1T00495	non_cytosolic	iJN1463;iML1515	iML1515:MCTP1Bpp;iJN1463:MCTP1Bpp	iML1515: murein5p5p_p --> alaala_p + murein5px3p_p;iJN1463: murein5p5p_p --> alaala_p + murein5px3p_p	mapped	(('bigg:ALAALA@p', -1), ('bigg:MUREIN5P5P@p', 1), ('bigg:MUREIN5PX3P@p', -1))
E1T00496	transport	iJN1463	iJN1463:ALAHIStex	iJN1463: alahis_e <=> alahis_p	mapped	(('bigg:ALAHIS@e', -1), ('bigg:ALAHIS@p', 1))
E1T00497	transport	iJN1463	iJN1463:ALALEUtex	iJN1463: alaleu_e <=> alaleu_p	mapped	(('bigg:ALALEU@e', -1), ('bigg:ALALEU@p', 1))
E1T00498	transport	iJN1463	iJN1463:ALATHRtex	iJN1463: alathr_e <=> alathr_p	mapped	(('bigg:ALATHR@e', -1), ('bigg:ALATHR@p', 1))
E1T00499	transport	iJN1463	iJN1463:ALATRPtex	iJN1463: alatrp_e <=> alatrp_p	mapped	(('bigg:ALATRP@e', -1), ('bigg:ALATRP@p', 1))
E1T00500	transport	iJN1463;iML1515	iML1515:BALAt2pp;iJN1463:BALAt2pp	iML1515: ala_B_p + h_p --> ala_B_c + h_c;iJN1463: ala_B_p + h_p --> ala_B_c + h_c	mapped	(('bigg:ALA_B@cytosol', -1), ('bigg:ALA_B@p', 1), ('bigg:H@cytosol', -1), ('bigg:H@p', 1))
E1T00501	transport	iJN1463;iML1515	iML1515:BALAtex;iJN1463:BALAtex	iML1515: ala_B_e <=> ala_B_p;iJN1463: ala_B_e <=> ala_B_p	mapped	(('bigg:ALA_B@e', -1), ('bigg:ALA_B@p', 1))
E1T00502	transport	iJN1463;iML1515	iML1515:DALAt2pp;iJN1463:DALAt2pp	iML1515: ala__D_p + h_p --> ala__D_c + h_c;iJN1463: ala__D_p + h_p --> ala__D_c + h_c	mapped	(('bigg:ALA__D@cytosol', -1), ('bigg:ALA__D@p', 1), ('bigg:H@cytosol', -1), ('bigg:H@p', 1))
E1T00503	transport	iJN1463;iML1515	iML1515:DALAtex;iJN1463:DALAtex	iML1515: ala__D_e <=> ala__D_p;iJN1463: ala__D_e <=> ala__D_p	mapped	(('bigg:ALA__D@e', -1), ('bigg:ALA__D@p', 1))
E1T00504	non_cytosolic	iJN1463;iML1515	iML1515:AGM4PCPpp;iJN1463:AGM4PCPpp	iML1515: anhgm4p_p + h2o_p --> ala__D_p + anhgm3p_p;iJN1463: anhgm4p_p + h2o_p --> ala__D_p + anhgm3p_p	mapped	(('bigg:ALA__D@p', -1), ('bigg:ANHGM3P@p', -1), ('bigg:ANHGM4P@p', 1), ('bigg:H2O@p', 1))
E1T00505	non_cytosolic	iJN1463;iML1515	iML1515:4PCPpp;iJN1463:4PCPpp	iML1515: LalaDgluMdapDala_p + h2o_p --> LalaDgluMdap_p + ala__D_p;iJN1463: LalaDgluMdapDala_p + h2o_p --> LalaDgluMdap_p + ala__D_p	mapped	(('bigg:ALA__D@p', -1), ('bigg:H2O@p', 1), ('bigg:LALADGLUMDAP@p', -1), ('bigg:LALADGLUMDAPDALA@p', 1))
E1T00506	non_cytosolic	iJN1463;iML1515	iML1515:MLDCP2Bpp;iJN1463:MLDCP2Bpp	iML1515: h2o_p + murein4p3p_p --> ala__D_p + murein3p3p_p;iJN1463: h2o_p + murein4p3p_p --> ala__D_p + murein3p3p_p	mapped	(('bigg:ALA__D@p', -1), ('bigg:H2O@p', 1), ('bigg:MUREIN3P3P@p', -1), ('bigg:MUREIN4P3P@p', 1))
E1T00507	non_cytosolic	iJN1463;iML1515	iML1515:MLDCP1Bpp;iJN1463:MLDCP1Bpp	iML1515: h2o_p + murein4p4p_p --> ala__D_p + murein4p3p_p;iJN1463: h2o_p + murein4p4p_p --> ala__D_p + murein4p3p_p	mapped	(('bigg:ALA__D@p', -1), ('bigg:H2O@p', 1), ('bigg:MUREIN4P3P@p', -1), ('bigg:MUREIN4P4P@p', 1))
E1T00508	non_cytosolic	iJN1463;iML1515	iML1515:MDDCP5pp;iJN1463:MDDCP5pp	iML1515: h2o_p + murein5p3p_p --> ala__D_p + murein4p3p_p;iJN1463: h2o_p + murein5p3p_p --> ala__D_p + murein4p3p_p	mapped	(('bigg:ALA__D@p', -1), ('bigg:H2O@p', 1), ('bigg:MUREIN4P3P@p', -1), ('bigg:MUREIN5P3P@p', 1))
E1T00509	non_cytosolic	iJN1463;iML1515	iML1515:MDDCP4pp;iJN1463:MDDCP4pp	iML1515: h2o_p + murein5p4p_p --> ala__D_p + murein4p4p_p;iJN1463: h2o_p + murein5p4p_p --> ala__D_p + murein4p4p_p	mapped	(('bigg:ALA__D@p', -1), ('bigg:H2O@p', 1), ('bigg:MUREIN4P4P@p', -1), ('bigg:MUREIN5P4P@p', 1))
E1T00510	non_cytosolic	iJN1463;iML1515	iML1515:MDDCP1pp;iJN1463:MDDCP1pp	iML1515: h2o_p + murein5px4p_p --> ala__D_p + murein4px4p_p;iJN1463: h2o_p + murein5px4p_p --> ala__D_p + murein4px4p_p	mapped	(('bigg:ALA__D@p', -1), ('bigg:H2O@p', 1), ('bigg:MUREIN4PX4P@p', -1), ('bigg:MUREIN5PX4P@p', 1))
E1T00511	non_cytosolic	iJN1463;iML1515	iML1515:MDDCP2pp;iJN1463:MDDCP2pp	iML1515: h2o_p + murein5px4px4p_p --> ala__D_p + murein4px4px4p_p;iJN1463: h2o_p + murein5px4px4p_p --> ala__D_p + murein4px4px4p_p	mapped	(('bigg:ALA__D@p', -1), ('bigg:H2O@p', 1), ('bigg:MUREIN4PX4PX4P@p', -1), ('bigg:MUREIN5PX4PX4P@p', 1))
E1T00512	non_cytosolic	iJN1463;iML1515	iML1515:MDDCP3pp;iJN1463:MDDCP3pp	iML1515: h2o_p + murein5p5p_p --> ala__D_p + murein5p4p_p;iJN1463: h2o_p + murein5p5p_p --> ala__D_p + murein5p4p_p	mapped	(('bigg:ALA__D@p', -1), ('bigg:H2O@p', 1), ('bigg:MUREIN5P4P@p', -1), ('bigg:MUREIN5P5P@p', 1))
E1T00513	non_cytosolic	iJN1463;iML1515	iML1515:MCTP1App;iJN1463:MCTP1App	iML1515: murein5p5p_p --> ala__D_p + murein5px4p_p;iJN1463: murein5p5p_p --> ala__D_p + murein5px4p_p	mapped	(('bigg:ALA__D@p', -1), ('bigg:MUREIN5P5P@p', 1), ('bigg:MUREIN5PX4P@p', -1))
E1T00514	non_cytosolic	iJN1463;iML1515	iML1515:MCTP2App;iJN1463:MCTP2App	iML1515: murein5p5p5p_p --> 2.0 ala__D_p + murein5px4px4p_p;iJN1463: murein5p5p5p_p --> 2.0 ala__D_p + murein5px4px4p_p	mapped	(('bigg:ALA__D@p', -2), ('bigg:MUREIN5P5P5P@p', 1), ('bigg:MUREIN5PX4PX4P@p', -1))
E1T00515	transport	iML1515	iML1515:ALAtpp	iML1515: ala__L_c --> ala__L_p	mapped	(('bigg:ALA__L@cytosol', -1), ('bigg:ALA__L@p', 1))
E1T00516	transport	iJN1463;iML1515	iML1515:ALAt2pp;iJN1463:ALAt2pp	iML1515: ala__L_p + h_p --> ala__L_c + h_c;iJN1463: ala__L_p + h_p --> ala__L_c + h_c	mapped	(('bigg:ALA__L@cytosol', -1), ('bigg:ALA__L@p', 1), ('bigg:H@cytosol', -1), ('bigg:H@p', 1))
E1T00517	transport	iJN1463;iML1515	iML1515:ALAt4pp;iJN1463:ALAt4pp	iML1515: ala__L_p + na1_p --> ala__L_c + na1_c;iJN1463: ala__L_p + na1_p --> ala__L_c + na1_c	mapped	(('bigg:ALA__L@cytosol', -1), ('bigg:ALA__L@p', 1), ('bigg:NA1@cytosol', -1), ('bigg:NA1@p', 1))
E1T00518	transport	iJN1463;iML1515	iML1515:ALAtex;iJN1463:ALAtex	iML1515: ala__L_e <=> ala__L_p;iJN1463: ala__L_e <=> ala__L_p	mapped	(('bigg:ALA__L@e', -1), ('bigg:ALA__L@p', 1))
E1T00519	transport	iJN1463	iJN1463:ALGSex10	iJN1463: algac_MG_14_p --> algac_MG_14_e	mapped	(('bigg:ALGAC_MG_14@e', -1), ('bigg:ALGAC_MG_14@p', 1))
E1T00520	non_cytosolic	iJN1463	iJN1463:ALGE9	iJN1463: prealgac_M1_p <=> algac_MG_14_p	mapped	(('bigg:ALGAC_MG_14@p', -1), ('bigg:PREALGAC_M1@p', 1))
E1T00521	transport	iJN1463	iJN1463:ALGSex9	iJN1463: algac_MG_23_p --> algac_MG_23_e	mapped	(('bigg:ALGAC_MG_23@e', -1), ('bigg:ALGAC_MG_23@p', 1))
E1T00522	non_cytosolic	iJN1463	iJN1463:ALGE8	iJN1463: prealgac_M2_p <=> algac_MG_23_p	mapped	(('bigg:ALGAC_MG_23@p', -1), ('bigg:PREALGAC_M2@p', 1))
E1T00523	transport	iJN1463	iJN1463:ALGSex8	iJN1463: algac_MG_32_p --> algac_MG_32_e	mapped	(('bigg:ALGAC_MG_32@e', -1), ('bigg:ALGAC_MG_32@p', 1))
E1T00524	non_cytosolic	iJN1463	iJN1463:ALGE7	iJN1463: prealgac_M3_p <=> algac_MG_32_p	mapped	(('bigg:ALGAC_MG_32@p', -1), ('bigg:PREALGAC_M3@p', 1))
E1T00525	transport	iJN1463	iJN1463:ALGSex7	iJN1463: algac_MG_41_p --> algac_MG_41_e	mapped	(('bigg:ALGAC_MG_41@e', -1), ('bigg:ALGAC_MG_41@p', 1))
E1T00526	non_cytosolic	iJN1463	iJN1463:ALGE6	iJN1463: prealgac_M4_p <=> algac_MG_41_p	mapped	(('bigg:ALGAC_MG_41@p', -1), ('bigg:PREALGAC_M4@p', 1))
E1T00527	transport	iJN1463	iJN1463:ALGSex6	iJN1463: algac__M_p --> algac__M_e	mapped	(('bigg:ALGAC__M@e', -1), ('bigg:ALGAC__M@p', 1))
E1T00528	transport	iJN1463;iML1515	iML1515:ALLTNt2rpp;iJN1463:ALLTNt2rpp	iML1515: alltn_p + h_p <=> alltn_c + h_c;iJN1463: alltn_p + h_p <=> alltn_c + h_c	mapped	(('bigg:ALLTN@cytosol', -1), ('bigg:ALLTN@p', 1), ('bigg:H@cytosol', -1), ('bigg:H@p', 1))
E1T00529	transport	iJN1463;iML1515	iML1515:ALLTNtex;iJN1463:ALLTNtex	iML1515: alltn_e <=> alltn_p;iJN1463: alltn_e <=> alltn_p	mapped	(('bigg:ALLTN@e', -1), ('bigg:ALLTN@p', 1))
E1T00530	transport	iML1515	iML1515:ALLtex	iML1515: all__D_e <=> all__D_p	mapped	(('bigg:ALL__D@e', -1), ('bigg:ALL__D@p', 1))
E1T00531	transport	iJN1463;iML1515	iML1515:FACOAL100t2pp;iJN1463:FACOAL100t2pp	iML1515: atp_c + coa_c + dca_p + h_p --> amp_c + dcacoa_c + h_c + ppi_c;iJN1463: atp_c + coa_c + dca_p + h_p --> amp_c + dcacoa_c + h_c + ppi_c	mapped	(('bigg:AMP@cytosol', -1), ('bigg:ATP@cytosol', 1), ('bigg:COA@cytosol', 1), ('bigg:DCA@p', 1), ('bigg:DCACOA@cytosol', -1), ('bigg:H@cytosol', -1), ('bigg:H@p', 1), ('bigg:PPI@cytosol', -1))
E1T00532	transport	iJN1463;iML1515	iML1515:FACOAL120t2pp;iJN1463:FACOAL120t2pp	iML1515: atp_c + coa_c + ddca_p + h_p --> amp_c + ddcacoa_c + h_c + ppi_c;iJN1463: atp_c + coa_c + ddca_p + h_p --> amp_c + ddcacoa_c + h_c + ppi_c	mapped	(('bigg:AMP@cytosol', -1), ('bigg:ATP@cytosol', 1), ('bigg:COA@cytosol', 1), ('bigg:DDCA@p', 1), ('bigg:DDCACOA@cytosol', -1), ('bigg:H@cytosol', -1), ('bigg:H@p', 1), ('bigg:PPI@cytosol', -1))
E1T00533	transport	iJN1463;iML1515	iML1515:FACOAL160t2pp;iJN1463:FACOAL160t2pp	iML1515: atp_c + coa_c + h_p + hdca_p --> amp_c + h_c + pmtcoa_c + ppi_c;iJN1463: atp_c + coa_c + h_p + hdca_p --> amp_c + h_c + pmtcoa_c + ppi_c	mapped	(('bigg:AMP@cytosol', -1), ('bigg:ATP@cytosol', 1), ('bigg:COA@cytosol', 1), ('bigg:H@cytosol', -1), ('bigg:H@p', 1), ('bigg:HDCA@p', 1), ('bigg:PMTCOA@cytosol', -1), ('bigg:PPI@cytosol', -1))
E1T00534	transport	iJN1463;iML1515	iML1515:FACOAL161t2pp;iJN1463:FACOAL161t2pp	iML1515: atp_c + coa_c + h_p + hdcea_p --> amp_c + h_c + hdcoa_c + ppi_c;iJN1463: atp_c + coa_c + h_p + hdcea_p --> amp_c + h_c + hdcoa_c + ppi_c	mapped	(('bigg:AMP@cytosol', -1), ('bigg:ATP@cytosol', 1), ('bigg:COA@cytosol', 1), ('bigg:H@cytosol', -1), ('bigg:H@p', 1), ('bigg:HDCEA@p', 1), ('bigg:HDCOA@cytosol', -1), ('bigg:PPI@cytosol', -1))
E1T00535	transport	iJN1463	iJN1463:FACOAL70t2pp	iJN1463: atp_c + coa_c + h_p + hpta_p --> amp_c + h_c + hptcoa_c + ppi_c	mapped	(('bigg:AMP@cytosol', -1), ('bigg:ATP@cytosol', 1), ('bigg:COA@cytosol', 1), ('bigg:H@cytosol', -1), ('bigg:H@p', 1), ('bigg:HPTA@p', 1), ('bigg:HPTCOA@cytosol', -1), ('bigg:PPI@cytosol', -1))
E1T00536	transport	iJN1463;iML1515	iML1515:FACOAL60t2pp;iJN1463:FACOAL60t2pp	iML1515: atp_c + coa_c + h_p + hxa_p --> amp_c + h_c + hxcoa_c + ppi_c;iJN1463: atp_c + coa_c + h_p + hxa_p --> amp_c + h_c + hxcoa_c + ppi_c	mapped	(('bigg:AMP@cytosol', -1), ('bigg:ATP@cytosol', 1), ('bigg:COA@cytosol', 1), ('bigg:H@cytosol', -1), ('bigg:H@p', 1), ('bigg:HXA@p', 1), ('bigg:HXCOA@cytosol', -1), ('bigg:PPI@cytosol', -1))
E1T00537	transport	iJN1463	iJN1463:FACOAL182t2pp	iJN1463: atp_c + coa_c + h_p + lnlc_p --> amp_c + h_c + lnlccoa_c + ppi_c	mapped	(('bigg:AMP@cytosol', -1), ('bigg:ATP@cytosol', 1), ('bigg:COA@cytosol', 1), ('bigg:H@cytosol', -1), ('bigg:H@p', 1), ('bigg:LNELDCCOA@cytosol', -1), ('bigg:LNLC@p', 1), ('bigg:PPI@cytosol', -1))
E1T00538	transport	iJN1463	iJN1463:FACOAL90t2pp	iJN1463: atp_c + coa_c + h_p + nona_p --> amp_c + h_c + nonacoa_c + ppi_c	mapped	(('bigg:AMP@cytosol', -1), ('bigg:ATP@cytosol', 1), ('bigg:COA@cytosol', 1), ('bigg:H@cytosol', -1), ('bigg:H@p', 1), ('bigg:NONA@p', 1), ('bigg:NONACOA@cytosol', -1), ('bigg:PPI@cytosol', -1))
E1T00539	transport	iJN1463;iML1515	iML1515:FACOAL80t2pp;iJN1463:FACOAL80t2pp	iML1515: atp_c + coa_c + h_p + octa_p --> amp_c + h_c + occoa_c + ppi_c;iJN1463: atp_c + coa_c + h_p + octa_p --> amp_c + h_c + occoa_c + ppi_c	mapped	(('bigg:AMP@cytosol', -1), ('bigg:ATP@cytosol', 1), ('bigg:COA@cytosol', 1), ('bigg:H@cytosol', -1), ('bigg:H@p', 1), ('bigg:OCCOA@cytosol', -1), ('bigg:OCTA@p', 1), ('bigg:PPI@cytosol', -1))
E1T00540	transport	iJN1463;iML1515	iML1515:FACOAL180t2pp;iJN1463:FACOAL180t2pp	iML1515: atp_c + coa_c + h_p + ocdca_p --> amp_c + h_c + ppi_c + stcoa_c;iJN1463: atp_c + coa_c + h_p + ocdca_p --> amp_c + h_c + ppi_c + stcoa_c	mapped	(('bigg:AMP@cytosol', -1), ('bigg:ATP@cytosol', 1), ('bigg:COA@cytosol', 1), ('bigg:H@cytosol', -1), ('bigg:H@p', 1), ('bigg:OCDCA@p', 1), ('bigg:PPI@cytosol', -1), ('bigg:STCOA@cytosol', -1))
E1T00541	transport	iJN1463;iML1515	iML1515:FACOAL181t2pp;iJN1463:FACOAL181t2pp	iML1515: atp_c + coa_c + h_p + ocdcea_p --> amp_c + h_c + odecoa_c + ppi_c;iJN1463: atp_c + coa_c + h_p + ocdcea_p --> amp_c + h_c + odecoa_c + ppi_c	mapped	(('bigg:AMP@cytosol', -1), ('bigg:ATP@cytosol', 1), ('bigg:COA@cytosol', 1), ('bigg:H@cytosol', -1), ('bigg:H@p', 1), ('bigg:OCDCEA@p', 1), ('bigg:ODECOA@cytosol', -1), ('bigg:PPI@cytosol', -1))
E1T00542	transport	iJN1463	iJN1463:FACOALP100t2pp	iJN1463: atp_c + coa_c + h_p + phedca_p --> amp_c + h_c + pdcacoa_c + ppi_c	mapped	(('bigg:AMP@cytosol', -1), ('bigg:ATP@cytosol', 1), ('bigg:COA@cytosol', 1), ('bigg:H@cytosol', -1), ('bigg:H@p', 1), ('bigg:PDCACOA@cytosol', -1), ('bigg:PHEDCA@p', 1), ('bigg:PPI@cytosol', -1))
E1T00543	transport	iJN1463	iJN1463:FACOALP70t2pp	iJN1463: atp_c + coa_c + h_p + phehpa_p --> amp_c + h_c + phpcoa_c + ppi_c	mapped	(('bigg:AMP@cytosol', -1), ('bigg:ATP@cytosol', 1), ('bigg:COA@cytosol', 1), ('bigg:H@cytosol', -1), ('bigg:H@p', 1), ('bigg:PHEHPA@p', 1), ('bigg:PHPCOA@cytosol', -1), ('bigg:PPI@cytosol', -1))
E1T00544	transport	iJN1463	iJN1463:FACOALP60t2pp	iJN1463: atp_c + coa_c + h_p + phehxa_p --> amp_c + h_c + phxacoa_c + ppi_c	mapped	(('bigg:AMP@cytosol', -1), ('bigg:ATP@cytosol', 1), ('bigg:COA@cytosol', 1), ('bigg:H@cytosol', -1), ('bigg:H@p', 1), ('bigg:PHEHXA@p', 1), ('bigg:PHXACOA@cytosol', -1), ('bigg:PPI@cytosol', -1))
E1T00545	transport	iJN1463	iJN1463:FACOALP90t2pp	iJN1463: atp_c + coa_c + h_p + phenona_p --> amp_c + h_c + pnonacoa_c + ppi_c	mapped	(('bigg:AMP@cytosol', -1), ('bigg:ATP@cytosol', 1), ('bigg:COA@cytosol', 1), ('bigg:H@cytosol', -1), ('bigg:H@p', 1), ('bigg:PHENONA@p', 1), ('bigg:PNONACOA@cytosol', -1), ('bigg:PPI@cytosol', -1))
E1T00546	transport	iJN1463	iJN1463:FACOALP80t2pp	iJN1463: atp_c + coa_c + h_p + pheocta_p --> amp_c + h_c + poctacoa_c + ppi_c	mapped	(('bigg:AMP@cytosol', -1), ('bigg:ATP@cytosol', 1), ('bigg:COA@cytosol', 1), ('bigg:H@cytosol', -1), ('bigg:H@p', 1), ('bigg:PHEOCTA@p', 1), ('bigg:POCTACOA@cytosol', -1), ('bigg:PPI@cytosol', -1))
E1T00547	transport	iJN1463	iJN1463:FACOALP50t2pp	iJN1463: atp_c + coa_c + h_p + phept_p --> amp_c + h_c + ppi_c + pptcoa_c	mapped	(('bigg:AMP@cytosol', -1), ('bigg:ATP@cytosol', 1), ('bigg:COA@cytosol', 1), ('bigg:H@cytosol', -1), ('bigg:H@p', 1), ('bigg:PHEPT@p', 1), ('bigg:PPI@cytosol', -1), ('bigg:PPTCOA@cytosol', -1))
E1T00548	transport	iJN1463	iJN1463:FACOAL50t2pp	iJN1463: atp_c + coa_c + h_p + pta_p --> amp_c + h_c + ppi_c + ptcoa_c	mapped	(('bigg:AMP@cytosol', -1), ('bigg:ATP@cytosol', 1), ('bigg:COA@cytosol', 1), ('bigg:H@cytosol', -1), ('bigg:H@p', 1), ('bigg:PPI@cytosol', -1), ('bigg:PTA@p', 1), ('bigg:PTCOA@cytosol', -1))
E1T00549	transport	iJN1463	iJN1463:FACOAL181d6t2pp	iJN1463: atp_c + coa_c + h_p + ptsla_p --> amp_c + h_c + ppi_c + ptslacoa_c	mapped	(('bigg:AMP@cytosol', -1), ('bigg:ATP@cytosol', 1), ('bigg:COA@cytosol', 1), ('bigg:H@cytosol', -1), ('bigg:H@p', 1), ('bigg:PPI@cytosol', -1), ('bigg:PTSLA@p', 1), ('bigg:PTSLACOA@cytosol', -1))
E1T00550	transport	iJN1463;iML1515	iML1515:FACOAL140t2pp;iJN1463:FACOAL140t2pp	iML1515: atp_c + coa_c + h_p + ttdca_p --> amp_c + h_c + ppi_c + tdcoa_c;iJN1463: atp_c + coa_c + h_p + ttdca_p --> amp_c + h_c + ppi_c + tdcoa_c	mapped	(('bigg:AMP@cytosol', -1), ('bigg:ATP@cytosol', 1), ('bigg:COA@cytosol', 1), ('bigg:H@cytosol', -1), ('bigg:H@p', 1), ('bigg:PPI@cytosol', -1), ('bigg:TDCOA@cytosol', -1), ('bigg:TTDCA@p', 1))
E1T00551	transport	iJN1463;iML1515	iML1515:FACOAL141t2pp;iJN1463:FACOAL141t2pp	iML1515: atp_c + coa_c + h_p + ttdcea_p --> amp_c + h_c + ppi_c + tdecoa_c;iJN1463: atp_c + coa_c + h_p + ttdcea_p --> amp_c + h_c + ppi_c + tdecoa_c	mapped	(('bigg:AMP@cytosol', -1), ('bigg:ATP@cytosol', 1), ('bigg:COA@cytosol', 1), ('bigg:H@cytosol', -1), ('bigg:H@p', 1), ('bigg:PPI@cytosol', -1), ('bigg:TDECOA@cytosol', -1), ('bigg:TTDCEA@p', 1))
E1T00552	transport	iJN1463	iJN1463:FACOAL181d11tpp	iJN1463: atp_c + coa_c + h_p + vacc_p --> amp_c + h_c + ppi_c + vacccoa_c	mapped	(('bigg:AMP@cytosol', -1), ('bigg:ATP@cytosol', 1), ('bigg:COA@cytosol', 1), ('bigg:H@cytosol', -1), ('bigg:H@p', 1), ('bigg:PPI@cytosol', -1), ('bigg:VACC@p', 1), ('bigg:VACCCOA@cytosol', -1))
E1T00553	transport	iML1515	iML1515:AMPtex	iML1515: amp_e <=> amp_p	mapped	(('bigg:AMP@e', -1), ('bigg:AMP@p', 1))
E1T00554	transport	iJN1463;iML1515	iML1515:AGM3Pt2pp;iJN1463:AGM3Pt2pp	iML1515: anhgm3p_p + h_p --> anhgm3p_c + h_c;iJN1463: anhgm3p_p + h_p --> anhgm3p_c + h_c	mapped	(('bigg:ANHGM3P@cytosol', -1), ('bigg:ANHGM3P@p', 1), ('bigg:H@cytosol', -1), ('bigg:H@p', 1))
E1T00555	non_cytosolic	iJN1463;iML1515	iML1515:MLTGY2pp;iJN1463:MLTGY2pp	iML1515: murein4p3p_p --> anhgm3p_p + anhgm4p_p;iJN1463: murein4p3p_p --> anhgm3p_p + anhgm4p_p	mapped	(('bigg:ANHGM3P@p', -1), ('bigg:ANHGM4P@p', -1), ('bigg:MUREIN4P3P@p', 1))
E1T00556	non_cytosolic	iJN1463;iML1515	iML1515:AGM3PApp;iJN1463:AGM3PApp	iML1515: anhgm3p_p + h2o_p --> LalaDgluMdap_p + anhgm_p;iJN1463: anhgm3p_p + h2o_p --> LalaDgluMdap_p + anhgm_p	mapped	(('bigg:ANHGM3P@p', -1), ('bigg:ANHGM@p', 1), ('bigg:H2O@p', -1), ('bigg:LALADGLUMDAP@p', 1))
E1T00557	non_cytosolic	iJN1463;iML1515	iML1515:MLTGY3pp;iJN1463:MLTGY3pp	iML1515: murein3p3p_p --> 2.0 anhgm3p_p;iJN1463: murein3p3p_p --> 2.0 anhgm3p_p	mapped	(('bigg:ANHGM3P@p', -2), ('bigg:MUREIN3P3P@p', 1))
E1T00558	transport	iJN1463;iML1515	iML1515:AGM4Pt2pp;iJN1463:AGM4Pt2pp	iML1515: anhgm4p_p + h_p --> anhgm4p_c + h_c;iJN1463: anhgm4p_p + h_p --> anhgm4p_c + h_c	mapped	(('bigg:ANHGM4P@cytosol', -1), ('bigg:ANHGM4P@p', 1), ('bigg:H@cytosol', -1), ('bigg:H@p', 1))
E1T00559	non_cytosolic	iJN1463;iML1515	iML1515:AGM4PApp;iJN1463:AGM4PApp	iML1515: anhgm4p_p + h2o_p --> LalaDgluMdapDala_p + anhgm_p;iJN1463: anhgm4p_p + h2o_p --> LalaDgluMdapDala_p + anhgm_p	mapped	(('bigg:ANHGM4P@p', -1), ('bigg:ANHGM@p', 1), ('bigg:H2O@p', -1), ('bigg:LALADGLUMDAPDALA@p', 1))
E1T00560	non_cytosolic	iJN1463;iML1515	iML1515:MLTGY4pp;iJN1463:MLTGY4pp	iML1515: murein4px4p4p_p --> anhgm4p_p + murein4px4p_p;iJN1463: murein4px4p4p_p --> anhgm4p_p + murein4px4p_p	mapped	(('bigg:ANHGM4P@p', -1), ('bigg:MUREIN4PX4P4P@p', 1), ('bigg:MUREIN4PX4P@p', -1))
E1T00561	non_cytosolic	iJN1463;iML1515	iML1515:MLTGY1pp;iJN1463:MLTGY1pp	iML1515: murein4p4p_p --> 2.0 anhgm4p_p;iJN1463: murein4p4p_p --> 2.0 anhgm4p_p	mapped	(('bigg:ANHGM4P@p', -2), ('bigg:MUREIN4P4P@p', 1))
E1T00562	transport	iJN1463;iML1515	iML1515:AGMt2pp;iJN1463:AGMt2pp	iML1515: anhgm_p + h_p --> anhgm_c + h_c;iJN1463: anhgm_p + h_p --> anhgm_c + h_c	mapped	(('bigg:ANHGM@cytosol', -1), ('bigg:ANHGM@p', 1), ('bigg:H@cytosol', -1), ('bigg:H@p', 1))
E1T00563	transport	iML1515	iML1515:ANHGMtex	iML1515: anhgm_e <=> anhgm_p	mapped	(('bigg:ANHGM@e', -1), ('bigg:ANHGM@p', 1))
E1T00564	transport	iJN1463	iJN1463:APCt5	iJN1463: apc_c + h_p --> apc_e + h_c	mapped	(('bigg:APC@cytosol', -1), ('bigg:APC@e', 1), ('bigg:H@cytosol', 1), ('bigg:H@p', -1))
E1T00565	transport	iJN1463	iJN1463:APCtpp	iJN1463: apc_p --> apc_c	mapped	(('bigg:APC@cytosol', -1), ('bigg:APC@p', 1))
E1T00566	transport	iJN1463	iJN1463:APCtex	iJN1463: apc_e <=> apc_p	mapped	(('bigg:APC@e', -1), ('bigg:APC@p', 1))
E1T00567	transport	iJN1463	iJN1463:APCt6	iJN1463: apc_p + h_p --> apc_e + h_c	mapped	(('bigg:APC@e', -1), ('bigg:APC@p', 1), ('bigg:H@cytosol', -1), ('bigg:H@p', 1))
E1T00568	transport	iML1515	iML1515:ARBt2rpp	iML1515: arab__L_p + h_p <=> arab__L_c + h_c	mapped	(('bigg:ARAB__L@cytosol', -1), ('bigg:ARAB__L@p', 1), ('bigg:H@cytosol', -1), ('bigg:H@p', 1))
E1T00569	transport	iJN1463;iML1515	iML1515:ARBt3ipp;iJN1463:ARBt3ipp	iML1515: arab__L_c + h_p --> arab__L_p + h_c;iJN1463: arab__L_c + h_p --> arab__L_p + h_c	mapped	(('bigg:ARAB__L@cytosol', -1), ('bigg:ARAB__L@p', 1), ('bigg:H@cytosol', 1), ('bigg:H@p', -1))
E1T00570	transport	iML1515	iML1515:ARBtex	iML1515: arab__L_e <=> arab__L_p	mapped	(('bigg:ARAB__L@e', -1), ('bigg:ARAB__L@p', 1))
E1T00571	transport	iML1515	iML1515:ARBTptspp	iML1515: arbt_p + pep_c --> arbt6p_c + pyr_c	mapped	(('bigg:ARBT6P@cytosol', -1), ('bigg:ARBT@p', 1), ('bigg:PEP@cytosol', 1), ('bigg:PYR@cytosol', -1))
E1T00572	transport	iML1515	iML1515:ARBTtex	iML1515: arbt_e --> arbt_p	mapped	(('bigg:ARBT@e', -1), ('bigg:ARBT@p', 1))
E1T00573	transport	iJN1463;iML1515	iML1515:ARBTNtpp;iJN1463:ARBTNtpp	iML1515: arbtn_c + h_p --> arbtn_p + h_c;iJN1463: arbtn_c + h_p --> arbtn_p + h_c	mapped	(('bigg:ARBTN@cytosol', -1), ('bigg:ARBTN@p', 1), ('bigg:H@cytosol', 1), ('bigg:H@p', -1))
E1T00574	transport	iJN1463;iML1515	iML1515:ARBTNtex;iJN1463:ARBTNtex	iML1515: arbtn_p + h_p --> arbtn_e + h_c;iJN1463: arbtn_p + h_p --> arbtn_e + h_c	mapped	(('bigg:ARBTN@e', -1), ('bigg:ARBTN@p', 1), ('bigg:H@cytosol', -1), ('bigg:H@p', 1))
E1T00575	non_cytosolic	iJN1463;iML1515	iML1515:ARBTNexs;iJN1463:ARBTNexs	iML1515: arbtn_e + fe3_e --> arbtn_fe3_e;iJN1463: arbtn_e + fe3_e --> arbtn_fe3_e	mapped	(('bigg:ARBTN@e', -1), ('bigg:ARBTN_FE3@e', 1), ('bigg:FE3@e', -1))
E1T00576	transport	iJN1463;iML1515	iML1515:ARBTNtonex;iJN1463:ARBTNtonex	iML1515: arbtn_fe3_e + h_p --> arbtn_fe3_p + h_c;iJN1463: arbtn_fe3_e + h_p --> arbtn_fe3_p + h_c	mapped	(('bigg:ARBTN_FE3@e', -1), ('bigg:ARBTN_FE3@p', 1), ('bigg:H@cytosol', 1), ('bigg:H@p', -1))
E1T00577	transport	iJN1463	iJN1463:DARGtex	iJN1463: arg__D_e <=> arg__D_p	mapped	(('bigg:ARG__D@e', -1), ('bigg:ARG__D@p', 1))
E1T00578	transport	iJN1463	iJN1463:ARGt2pp	iJN1463: arg__L_p + h_p --> arg__L_c + h_c	mapped	(('bigg:ARG__L@cytosol', -1), ('bigg:ARG__L@p', 1), ('bigg:H@cytosol', -1), ('bigg:H@p', 1))
E1T00579	transport	iML1515	iML1515:ARGt3pp	iML1515: arg__L_c + h_p --> arg__L_p + h_c	mapped	(('bigg:ARG__L@cytosol', -1), ('bigg:ARG__L@p', 1), ('bigg:H@cytosol', 1), ('bigg:H@p', -1))
E1T00580	transport	iJN1463;iML1515	iML1515:ARGORNt7pp;iJN1463:ARGORNt7pp	iML1515: arg__L_p + orn_c <=> arg__L_c + orn_p;iJN1463: arg__L_p + orn_c <=> arg__L_c + orn_p	mapped	(('bigg:ARG__L@cytosol', -1), ('bigg:ARG__L@p', 1), ('bigg:ORN@cytosol', 1), ('bigg:ORN@p', -1))
E1T00581	transport	iJN1463;iML1515	iML1515:ARGtex;iJN1463:ARGtex	iML1515: arg__L_e <=> arg__L_p;iJN1463: arg__L_e <=> arg__L_p	mapped	(('bigg:ARG__L@e', -1), ('bigg:ARG__L@p', 1))
E1T00582	transport	iML1515	iML1515:ASCBptspp	iML1515: ascb__L_p + pep_c --> ascb6p_c + pyr_c	mapped	(('bigg:ASCB6P@cytosol', -1), ('bigg:ASCB__L@p', 1), ('bigg:PEP@cytosol', 1), ('bigg:PYR@cytosol', -1))
E1T00583	transport	iML1515	iML1515:ASCBtex	iML1515: ascb__L_e <=> ascb__L_p	mapped	(('bigg:ASCB__L@e', -1), ('bigg:ASCB__L@p', 1))
E1T00584	transport	iJN1463	iJN1463:DASNtex	iJN1463: asn__D_e <=> asn__D_p	mapped	(('bigg:ASN__D@e', -1), ('bigg:ASN__D@p', 1))
E1T00585	transport	iML1515	iML1515:ASNt2rpp	iML1515: asn__L_p + h_p <=> asn__L_c + h_c	mapped	(('bigg:ASN__L@cytosol', -1), ('bigg:ASN__L@p', 1), ('bigg:H@cytosol', -1), ('bigg:H@p', 1))
E1T00586	transport	iJN1463;iML1515	iML1515:ASNtex;iJN1463:ASNtex	iML1515: asn__L_e <=> asn__L_p;iJN1463: asn__L_e <=> asn__L_p	mapped	(('bigg:ASN__L@e', -1), ('bigg:ASN__L@p', 1))
E1T00587	non_cytosolic	iJN1463;iML1515	iML1515:ASNNpp;iJN1463:ASNNpp	iML1515: asn__L_p + h2o_p --> asp__L_p + nh4_p;iJN1463: asn__L_p + h2o_p --> asp__L_p + nh4_p	mapped	(('bigg:ASN__L@p', -1), ('bigg:ASP__L@p', 1), ('bigg:H2O@p', -1), ('bigg:NH4@p', 1))
E1T00588	transport	iJN1463	iJN1463:ASO3t2pp	iJN1463: aso3_c + h_p --> aso3_p + h_c	mapped	(('bigg:ASO3@cytosol', -1), ('bigg:ASO3@p', 1), ('bigg:H@cytosol', 1), ('bigg:H@p', -1))
E1T00589	transport	iJN1463;iML1515	iML1515:ASO3tex;iJN1463:ASO3tex	iML1515: aso3_e <=> aso3_p;iJN1463: aso3_e <=> aso3_p	mapped	(('bigg:ASO3@e', -1), ('bigg:ASO3@p', 1))
E1T00590	transport	iJN1463	iJN1463:ASO4rt2rpp	iJN1463: aso4_p + h_p --> aso4_c + h_c	mapped	(('bigg:ASO4@cytosol', -1), ('bigg:ASO4@p', 1), ('bigg:H@cytosol', -1), ('bigg:H@p', 1))
E1T00591	transport	iJN1463	iJN1463:ASO4tex	iJN1463: aso4_e <=> aso4_p	mapped	(('bigg:ASO4@e', -1), ('bigg:ASO4@p', 1))
E1T00592	transport	iML1515	iML1515:ASPtpp	iML1515: asp__L_p <=> asp__L_c	mapped	(('bigg:ASP__L@cytosol', -1), ('bigg:ASP__L@p', 1))
E1T00593	transport	iJN1463;iML1515	iML1515:ASPt2pp;iJN1463:ASPt2pp	iML1515: asp__L_p + h_p --> asp__L_c + h_c;iJN1463: asp__L_p + h_p --> asp__L_c + h_c	mapped	(('bigg:ASP__L@cytosol', -1), ('bigg:ASP__L@p', 1), ('bigg:H@cytosol', -1), ('bigg:H@p', 1))
E1T00594	transport	iML1515	iML1515:ASPt2_2pp	iML1515: asp__L_p + 2.0 h_p --> asp__L_c + 2.0 h_c	mapped	(('bigg:ASP__L@cytosol', -1), ('bigg:ASP__L@p', 1), ('bigg:H@cytosol', -2), ('bigg:H@p', 2))
E1T00595	transport	iML1515	iML1515:ASPt2_3pp	iML1515: asp__L_p + 3.0 h_p --> asp__L_c + 3.0 h_c	mapped	(('bigg:ASP__L@cytosol', -1), ('bigg:ASP__L@p', 1), ('bigg:H@cytosol', -3), ('bigg:H@p', 3))
E1T00596	transport	iML1515	iML1515:SUCASPtpp	iML1515: asp__L_p + succ_c <=> asp__L_c + succ_p	mapped	(('bigg:ASP__L@cytosol', -1), ('bigg:ASP__L@p', 1), ('bigg:SUCC@cytosol', 1), ('bigg:SUCC@p', -1))
E1T00597	transport	iJN1463;iML1515	iML1515:ASPtex;iJN1463:ASPtex	iML1515: asp__L_e <=> asp__L_p;iJN1463: asp__L_e <=> asp__L_p	mapped	(('bigg:ASP__L@e', -1), ('bigg:ASP__L@p', 1))
E1T00598	transport	iJN1463	iJN1463:BALAALAtex	iJN1463: balaala_e <=> balaala_p	mapped	(('bigg:BALAALA@e', -1), ('bigg:BALAALA@p', 1))
E1T00599	transport	iJN1463	iJN1463:BALABALAtex	iJN1463: balabala_e <=> balabala_p	mapped	(('bigg:BALABALA@e', -1), ('bigg:BALABALA@p', 1))
E1T00600	transport	iJN1463	iJN1463:BALAGLYtex	iJN1463: balagly_e <=> balagly_p	mapped	(('bigg:BALAGLY@e', -1), ('bigg:BALAGLY@p', 1))
E1T00601	transport	iJN1463	iJN1463:BALALEUtex	iJN1463: balaleu_e <=> balaleu_p	mapped	(('bigg:BALALEU@e', -1), ('bigg:BALALEU@p', 1))
E1T00602	transport	iJN1463	iJN1463:BLAMDtex	iJN1463: balamd_e <=> balamd_p	mapped	(('bigg:BALAMD@e', -1), ('bigg:BALAMD@p', 1))
E1T00603	transport	iJN1463	iJN1463:RHA40tpp	iJN1463: bhb_p <=> bhb_c	mapped	(('bigg:BHB@cytosol', -1), ('bigg:BHB@p', 1))
E1T00604	transport	iJN1463	iJN1463:BHBtpp	iJN1463: bhb_p + h_p --> bhb_c + h_c	mapped	(('bigg:BHB@cytosol', -1), ('bigg:BHB@p', 1), ('bigg:H@cytosol', -1), ('bigg:H@p', 1))
E1T00605	transport	iJN1463	iJN1463:RHA40tex	iJN1463: bhb_p <=> bhb_e	mapped	(('bigg:BHB@e', -1), ('bigg:BHB@p', 1))
E1T00606	transport	iJN1463	iJN1463:BTDDtpp	iJN1463: btd_RR_p <=> btd_RR_c	mapped	(('bigg:BTD_RR@cytosol', -1), ('bigg:BTD_RR@p', 1))
E1T00607	transport	iJN1463	iJN1463:BTDDtex	iJN1463: btd_RR_e <=> btd_RR_p	mapped	(('bigg:BTD_RR@e', -1), ('bigg:BTD_RR@p', 1))
E1T00608	transport	iJN1463;iML1515	iML1515:BTNt2ipp;iJN1463:BTNt2ipp	iML1515: btn_p + h_p --> btn_c + h_c;iJN1463: btn_p + h_p --> btn_c + h_c	mapped	(('bigg:BTN@cytosol', -1), ('bigg:BTN@p', 1), ('bigg:H@cytosol', -1), ('bigg:H@p', 1))
E1T00609	transport	iJN1463;iML1515	iML1515:BTNtex;iJN1463:BTNtex	iML1515: btn_e <=> btn_p;iJN1463: btn_e <=> btn_p	mapped	(('bigg:BTN@e', -1), ('bigg:BTN@p', 1))
E1T00610	transport	iML1515	iML1515:BUTt2rpp	iML1515: but_p + h_p <=> but_c + h_c	mapped	(('bigg:BUT@cytosol', -1), ('bigg:BUT@p', 1), ('bigg:H@cytosol', -1), ('bigg:H@p', 1))
E1T00611	transport	iML1515	iML1515:BUTtex	iML1515: but_e <=> but_p	mapped	(('bigg:BUT@e', -1), ('bigg:BUT@p', 1))
E1T00612	transport	iJN1463;iML1515	iML1515:BUTSO3tex;iJN1463:BUTSO3tex	iML1515: butso3_e <=> butso3_p;iJN1463: butso3_e <=> butso3_p	mapped	(('bigg:BUTSO3@e', -1), ('bigg:BUTSO3@p', 1))
E1T00613	transport	iJN1463	iJN1463:BZt1pp	iJN1463: bz_p + h_p <=> bz_c + h_c	mapped	(('bigg:BZ@cytosol', -1), ('bigg:BZ@p', 1), ('bigg:H@cytosol', -1), ('bigg:H@p', 1))
E1T00614	transport	iJN1463	iJN1463:BZt2_pp	iJN1463: bz_p + 2.0 h_p --> bz_c + 2.0 h_c	mapped	(('bigg:BZ@cytosol', -1), ('bigg:BZ@p', 1), ('bigg:H@cytosol', -2), ('bigg:H@p', 2))
E1T00615	transport	iJN1463	iJN1463:BZtex	iJN1463: bz_e <=> bz_p	mapped	(('bigg:BZ@e', -1), ('bigg:BZ@p', 1))
E1T00616	transport	iML1515	iML1515:CA2t3pp	iML1515: ca2_c + h_p --> ca2_p + h_c	mapped	(('bigg:CA2@cytosol', -1), ('bigg:CA2@p', 1), ('bigg:H@cytosol', 1), ('bigg:H@p', -1))
E1T00617	transport	iJN1463;iML1515	iML1515:CAt6pp;iJN1463:CAt6pp	iML1515: ca2_c + na1_p <=> ca2_p + na1_c;iJN1463: ca2_c + na1_p <=> ca2_p + na1_c	mapped	(('bigg:CA2@cytosol', -1), ('bigg:CA2@p', 1), ('bigg:NA1@cytosol', 1), ('bigg:NA1@p', -1))
E1T00618	transport	iJN1463	iJN1463:CARNtex	iJN1463: carn_e <=> carn_p	mapped	(('bigg:CARN@e', -1), ('bigg:CARN@p', 1))
E1T00619	transport	iJN1463	iJN1463:CATECHOLtpp	iJN1463: catechol_p <=> catechol_c	mapped	(('bigg:CATECHOL@cytosol', -1), ('bigg:CATECHOL@p', 1))
E1T00620	transport	iJN1463	iJN1463:CATECHOLtex	iJN1463: catechol_e <=> catechol_p	mapped	(('bigg:CATECHOL@e', -1), ('bigg:CATECHOL@p', 1))
E1T00621	transport	iJN1463;iML1515	iML1515:CBItonex;iJN1463:CBItonex	iML1515: cbi_e + h_p --> cbi_p + h_c;iJN1463: cbi_e + h_p --> cbi_p + h_c	mapped	(('bigg:CBI@e', -1), ('bigg:CBI@p', 1), ('bigg:H@cytosol', 1), ('bigg:H@p', -1))
E1T00622	transport	iJN1463;iML1515	iML1515:CBL1tonex;iJN1463:CBL1tonex	iML1515: cbl1_e + h_p --> cbl1_p + h_c;iJN1463: cbl1_e + h_p --> cbl1_p + h_c	mapped	(('bigg:CBL1@e', -1), ('bigg:CBL1@p', 1), ('bigg:H@cytosol', 1), ('bigg:H@p', -1))
E1T00623	transport	iJN1463	iJN1463:CD2t5	iJN1463: cd2_c + h_p --> cd2_e + h_c	mapped	(('bigg:CD2@cytosol', -1), ('bigg:CD2@e', 1), ('bigg:H@cytosol', 1), ('bigg:H@p', -1))
E1T00624	transport	iJN1463;iML1515	iML1515:CD2tpp;iJN1463:CD2tpp	iML1515: cd2_p --> cd2_c;iJN1463: cd2_p --> cd2_c	mapped	(('bigg:CD2@cytosol', -1), ('bigg:CD2@p', 1))
E1T00625	transport	iJN1463;iML1515	iML1515:CD2t3pp;iJN1463:CD2t3pp	iML1515: cd2_c + h_p --> cd2_p + h_c;iJN1463: cd2_c + h_p --> cd2_p + h_c	mapped	(('bigg:CD2@cytosol', -1), ('bigg:CD2@p', 1), ('bigg:H@cytosol', 1), ('bigg:H@p', -1))
E1T00626	transport	iJN1463	iJN1463:CD2t4pp	iJN1463: cd2_c + h_p + k_p --> cd2_p + h_c + k_c	mapped	(('bigg:CD2@cytosol', -1), ('bigg:CD2@p', 1), ('bigg:H@cytosol', 1), ('bigg:H@p', -1), ('bigg:K@cytosol', 1), ('bigg:K@p', -1))
E1T00627	transport	iJN1463;iML1515	iML1515:CD2tex;iJN1463:CD2tex	iML1515: cd2_e <=> cd2_p;iJN1463: cd2_e <=> cd2_p	mapped	(('bigg:CD2@e', -1), ('bigg:CD2@p', 1))
E1T00628	transport	iJN1463	iJN1463:CD2t6	iJN1463: cd2_p + h_p --> cd2_e + h_c	mapped	(('bigg:CD2@e', -1), ('bigg:CD2@p', 1), ('bigg:H@cytosol', -1), ('bigg:H@p', 1))
E1T00629	transport	iJN1463	iJN1463:CELLex	iJN1463: cell4_p --> cell4_e	mapped	(('bigg:CELL4@e', -1), ('bigg:CELL4@p', 1))
E1T00630	non_cytosolic	iJN1463	iJN1463:CELASEpp	iJN1463: cell4_p + h2o_p --> 2.0 cellb_p	mapped	(('bigg:CELL4@p', -1), ('bigg:CELLB@p', 2), ('bigg:H2O@p', -1))
E1T00631	transport	iJN1463	iJN1463:CELLS	iJN1463: h2o_c + 4.0 udpg_c --> cell4_p + 4.0 h_c + 4.0 udp_c	mapped	(('bigg:CELL4@p', -1), ('bigg:H2O@cytosol', 1), ('bigg:H@cytosol', -4), ('bigg:UDP@cytosol', -4), ('bigg:UDPG@cytosol', 4))
E1T00632	transport	iML1515	iML1515:CLBtex	iML1515: cellb_e <=> cellb_p	mapped	(('bigg:CELLB@e', -1), ('bigg:CELLB@p', 1))
E1T00633	non_cytosolic	iJN1463	iJN1463:BGLApp	iJN1463: cellb_p + h2o_p --> 2.0 glc__D_p	mapped	(('bigg:CELLB@p', -1), ('bigg:GLC__D@p', 2), ('bigg:H2O@p', -1))
E1T00634	transport	iJN1463;iML1515	iML1515:CGLYtex;iJN1463:CGLYtex	iML1515: cgly_e <=> cgly_p;iJN1463: cgly_e <=> cgly_p	mapped	(('bigg:CGLY@e', -1), ('bigg:CGLY@p', 1))
E1T00635	non_cytosolic	iJN1463;iML1515	iML1515:GTHRDHpp;iJN1463:GTHRDHpp	iML1515: gthrd_p + h2o_p --> cgly_p + glu__L_p;iJN1463: gthrd_p + h2o_p --> cgly_p + glu__L_p	mapped	(('bigg:CGLY@p', -1), ('bigg:GLU__L@p', -1), ('bigg:GTHRD@p', 1), ('bigg:H2O@p', 1))
E1T00636	transport	iML1515	iML1515:CH4t2pp	iML1515: ch4_c --> ch4_p	mapped	(('bigg:CH4@cytosol', -1), ('bigg:CH4@p', 1))
E1T00637	transport	iML1515	iML1515:CH4tex	iML1515: ch4_e <=> ch4_p	mapped	(('bigg:CH4@e', -1), ('bigg:CH4@p', 1))
E1T00638	transport	iML1515	iML1515:CHLt2pp	iML1515: chol_p + h_p --> chol_c + h_c	mapped	(('bigg:CHOL@cytosol', -1), ('bigg:CHOL@p', 1), ('bigg:H@cytosol', -1), ('bigg:H@p', 1))
E1T00639	transport	iML1515	iML1515:CHLt3pp	iML1515: chol_c + h_p --> chol_p + h_c	mapped	(('bigg:CHOL@cytosol', -1), ('bigg:CHOL@p', 1), ('bigg:H@cytosol', 1), ('bigg:H@p', -1))
E1T00640	transport	iJN1463	iJN1463:CHOLt4ipp	iJN1463: chol_p + na1_p --> chol_c + na1_c	mapped	(('bigg:CHOL@cytosol', -1), ('bigg:CHOL@p', 1), ('bigg:NA1@cytosol', -1), ('bigg:NA1@p', 1))
E1T00641	transport	iJN1463;iML1515	iML1515:CHLtex;iJN1463:CHLtex	iML1515: chol_e <=> chol_p;iJN1463: chol_e <=> chol_p	mapped	(('bigg:CHOL@e', -1), ('bigg:CHOL@p', 1))
E1T00642	non_cytosolic	iML1515	iML1515:GPDDA1pp	iML1515: g3pc_p + h2o_p --> chol_p + glyc3p_p + h_p	mapped	(('bigg:CHOL@p', -1), ('bigg:G3PC@p', 1), ('bigg:GLYC3P@p', -1), ('bigg:H2O@p', 1), ('bigg:H@p', -1))
E1T00643	transport	iML1515	iML1515:CHOLATEtpp	iML1515: cholate_c + h_p --> cholate_p + h_c	mapped	(('bigg:CHOLATE@cytosol', -1), ('bigg:CHOLATE@p', 1), ('bigg:H@cytosol', 1), ('bigg:H@p', -1))
E1T00644	transport	iJN1463	iJN1463:CHOLS_ex	iJN1463: chols_e <=> chols_p	mapped	(('bigg:CHOLS@e', -1), ('bigg:CHOLS@p', 1))
E1T00645	transport	iJN1463	iJN1463:CHORt2rpp	iJN1463: chor_p + h_p <=> chor_c + h_c	mapped	(('bigg:CHOR@cytosol', -1), ('bigg:CHOR@p', 1), ('bigg:H@cytosol', -1), ('bigg:H@p', 1))
E1T00646	transport	iJN1463	iJN1463:CHORtex	iJN1463: chor_e <=> chor_p	mapped	(('bigg:CHOR@e', -1), ('bigg:CHOR@p', 1))
E1T00647	transport	iML1515	iML1515:CHTBSptspp	iML1515: chtbs_p + pep_c --> chtbs6p_c + pyr_c	mapped	(('bigg:CHTBS6P@cytosol', -1), ('bigg:CHTBS@p', 1), ('bigg:PEP@cytosol', 1), ('bigg:PYR@cytosol', -1))
E1T00648	transport	iML1515	iML1515:CHTBStex	iML1515: chtbs_e <=> chtbs_p	mapped	(('bigg:CHTBS@e', -1), ('bigg:CHTBS@p', 1))
E1T00649	transport	iJN1463	iJN1463:CINNMtpp	iJN1463: cinnm_c <=> cinnm_p	mapped	(('bigg:CINNM@cytosol', -1), ('bigg:CINNM@p', 1))
E1T00650	transport	iJN1463	iJN1463:CINNMtex	iJN1463: cinnm_e <=> cinnm_p	mapped	(('bigg:CINNM@e', -1), ('bigg:CINNM@p', 1))
E1T00651	transport	iJN1463	iJN1463:CITt_kt	iJN1463: cit_p + h_p <=> cit_c + h_c	mapped	(('bigg:CIT@cytosol', -1), ('bigg:CIT@p', 1), ('bigg:H@cytosol', -1), ('bigg:H@p', 1))
E1T00652	transport	iML1515	iML1515:CITt3pp	iML1515: cit_c + h_p --> cit_p + h_c	mapped	(('bigg:CIT@cytosol', -1), ('bigg:CIT@p', 1), ('bigg:H@cytosol', 1), ('bigg:H@p', -1))
E1T00653	transport	iJN1463	iJN1463:CITt4pp_1	iJN1463: cit_p + na1_p --> cit_c + na1_c	mapped	(('bigg:CIT@cytosol', -1), ('bigg:CIT@p', 1), ('bigg:NA1@cytosol', -1), ('bigg:NA1@p', 1))
E1T00654	transport	iML1515	iML1515:CITt7pp	iML1515: cit_p + succ_c --> cit_c + succ_p	mapped	(('bigg:CIT@cytosol', -1), ('bigg:CIT@p', 1), ('bigg:SUCC@cytosol', 1), ('bigg:SUCC@p', -1))
E1T00655	transport	iJN1463;iML1515	iML1515:CITtex;iJN1463:CITtex	iML1515: cit_e <=> cit_p;iJN1463: cit_e <=> cit_p	mapped	(('bigg:CIT@e', -1), ('bigg:CIT@p', 1))
E1T00656	non_cytosolic	iML1515	iML1515:FE3DCITexs	iML1515: 2.0 cit_e + fe3_e --> fe3dcit_e	mapped	(('bigg:CIT@e', -2), ('bigg:FE3@e', -1), ('bigg:FE3DCIT@e', 1))
E1T00657	transport	iML1515	iML1515:CLtipp	iML1515: cl_p --> cl_c	mapped	(('bigg:CL@cytosol', -1), ('bigg:CL@p', 1))
E1T00658	transport	iJN1463;iML1515	iML1515:CLt3_2pp;iJN1463:CLt3_2pp	iML1515: 2.0 cl_p + h_c --> 2.0 cl_c + h_p;iJN1463: 2.0 cl_p + h_c --> 2.0 cl_c + h_p	mapped	(('bigg:CL@cytosol', -2), ('bigg:CL@p', 2), ('bigg:H@cytosol', 1), ('bigg:H@p', -1))
E1T00659	transport	iJN1463;iML1515	iML1515:CLtex;iJN1463:CLtex	iML1515: cl_e <=> cl_p;iJN1463: cl_e <=> cl_p	mapped	(('bigg:CL@e', -1), ('bigg:CL@p', 1))
E1T00660	non_cytosolic	iJN1463;iML1515	iML1515:CLPNS120pp;iJN1463:CLPNS120pp	iML1515: 2.0 pg120_p <=> clpn120_p + glyc_p;iJN1463: 2.0 pg120_p <=> clpn120_p + glyc_p	mapped	(('bigg:CLPN120@p', -1), ('bigg:GLYC@p', -1), ('bigg:PG120@p', 2))
E1T00661	non_cytosolic	iJN1463;iML1515	iML1515:CLPNH120pp;iJN1463:CLPNH120pp	iML1515: clpn120_p + h2o_p --> h_p + pa120_p + pg120_p;iJN1463: clpn120_p + h2o_p --> h_p + pa120_p + pg120_p	mapped	(('bigg:CLPN120@p', -1), ('bigg:H2O@p', -1), ('bigg:H@p', 1), ('bigg:PA120@p', 1), ('bigg:PG120@p', 1))
E1T00662	non_cytosolic	iJN1463;iML1515	iML1515:CLPNS140pp;iJN1463:CLPNS140pp	iML1515: 2.0 pg140_p <=> clpn140_p + glyc_p;iJN1463: 2.0 pg140_p <=> clpn140_p + glyc_p	mapped	(('bigg:CLPN140@p', -1), ('bigg:GLYC@p', -1), ('bigg:PG140@p', 2))
E1T00663	non_cytosolic	iJN1463;iML1515	iML1515:CLPNH140pp;iJN1463:CLPNH140pp	iML1515: clpn140_p + h2o_p --> h_p + pa140_p + pg140_p;iJN1463: clpn140_p + h2o_p --> h_p + pa140_p + pg140_p	mapped	(('bigg:CLPN140@p', -1), ('bigg:H2O@p', -1), ('bigg:H@p', 1), ('bigg:PA140@p', 1), ('bigg:PG140@p', 1))
E1T00664	non_cytosolic	iJN1463;iML1515	iML1515:CLPNS141pp;iJN1463:CLPNS141pp	iML1515: 2.0 pg141_p <=> clpn141_p + glyc_p;iJN1463: 2.0 pg141_p <=> clpn141_p + glyc_p	mapped	(('bigg:CLPN141@p', -1), ('bigg:GLYC@p', -1), ('bigg:PG141@p', 2))
E1T00665	non_cytosolic	iJN1463;iML1515	iML1515:CLPNH141pp;iJN1463:CLPNH141pp	iML1515: clpn141_p + h2o_p --> h_p + pa141_p + pg141_p;iJN1463: clpn141_p + h2o_p --> h_p + pa141_p + pg141_p	mapped	(('bigg:CLPN141@p', -1), ('bigg:H2O@p', -1), ('bigg:H@p', 1), ('bigg:PA141@p', 1), ('bigg:PG141@p', 1))
E1T00666	non_cytosolic	iJN1463;iML1515	iML1515:CLPNS160pp;iJN1463:CLPNS160pp	iML1515: 2.0 pg160_p <=> clpn160_p + glyc_p;iJN1463: 2.0 pg160_p <=> clpn160_p + glyc_p	mapped	(('bigg:CLPN160@p', -1), ('bigg:GLYC@p', -1), ('bigg:PG160@p', 2))
E1T00667	non_cytosolic	iJN1463;iML1515	iML1515:CLPNH160pp;iJN1463:CLPNH160pp	iML1515: clpn160_p + h2o_p --> h_p + pa160_p + pg160_p;iJN1463: clpn160_p + h2o_p --> h_p + pa160_p + pg160_p	mapped	(('bigg:CLPN160@p', -1), ('bigg:H2O@p', -1), ('bigg:H@p', 1), ('bigg:PA160@p', 1), ('bigg:PG160@p', 1))
E1T00668	non_cytosolic	iJN1463	iJN1463:PLCTI5	iJN1463: clpn161_p <=> clpn161e9_p	mapped	(('bigg:CLPN161@p', -1), ('bigg:CLPN161E9@p', 1))
E1T00669	non_cytosolic	iJN1463;iML1515	iML1515:CLPNS161pp;iJN1463:CLPNS161pp	iML1515: 2.0 pg161_p <=> clpn161_p + glyc_p;iJN1463: 2.0 pg161_p <=> clpn161_p + glyc_p	mapped	(('bigg:CLPN161@p', -1), ('bigg:GLYC@p', -1), ('bigg:PG161@p', 2))
E1T00670	non_cytosolic	iJN1463;iML1515	iML1515:CLPNH161pp;iJN1463:CLPNH161pp	iML1515: clpn161_p + h2o_p --> h_p + pa161_p + pg161_p;iJN1463: clpn161_p + h2o_p --> h_p + pa161_p + pg161_p	mapped	(('bigg:CLPN161@p', -1), ('bigg:H2O@p', -1), ('bigg:H@p', 1), ('bigg:PA161@p', 1), ('bigg:PG161@p', 1))
E1T00671	non_cytosolic	iJN1463;iML1515	iML1515:CLPNS180pp;iJN1463:CLPNS180pp	iML1515: 2.0 pg180_p <=> clpn180_p + glyc_p;iJN1463: 2.0 pg180_p <=> clpn180_p + glyc_p	mapped	(('bigg:CLPN180@p', -1), ('bigg:GLYC@p', -1), ('bigg:PG180@p', 2))
E1T00672	non_cytosolic	iJN1463;iML1515	iML1515:CLPNH180pp;iJN1463:CLPNH180pp	iML1515: clpn180_p + h2o_p --> h_p + pa180_p + pg180_p;iJN1463: clpn180_p + h2o_p --> h_p + pa180_p + pg180_p	mapped	(('bigg:CLPN180@p', -1), ('bigg:H2O@p', -1), ('bigg:H@p', 1), ('bigg:PA180@p', 1), ('bigg:PG180@p', 1))
E1T00673	non_cytosolic	iJN1463	iJN1463:PLCTI6	iJN1463: clpn181_p <=> clpn181e11_p	mapped	(('bigg:CLPN181@p', -1), ('bigg:CLPN181E11@p', 1))
E1T00674	non_cytosolic	iJN1463;iML1515	iML1515:CLPNS181pp;iJN1463:CLPNS181pp	iML1515: 2.0 pg181_p <=> clpn181_p + glyc_p;iJN1463: 2.0 pg181_p <=> clpn181_p + glyc_p	mapped	(('bigg:CLPN181@p', -1), ('bigg:GLYC@p', -1), ('bigg:PG181@p', 2))
E1T00675	non_cytosolic	iJN1463;iML1515	iML1515:CLPNH181pp;iJN1463:CLPNH181pp	iML1515: clpn181_p + h2o_p --> h_p + pa181_p + pg181_p;iJN1463: clpn181_p + h2o_p --> h_p + pa181_p + pg181_p	mapped	(('bigg:CLPN181@p', -1), ('bigg:H2O@p', -1), ('bigg:H@p', 1), ('bigg:PA181@p', 1), ('bigg:PG181@p', 1))
E1T00676	transport	iJN1463	iJN1463:CMt2ex	iJN1463: cm_c + h_p --> cm_e + h_c	mapped	(('bigg:CM@cytosol', -1), ('bigg:CM@e', 1), ('bigg:H@cytosol', 1), ('bigg:H@p', -1))
E1T00677	transport	iJN1463	iJN1463:CMt2ppi	iJN1463: cm_p --> cm_c	mapped	(('bigg:CM@cytosol', -1), ('bigg:CM@p', 1))
E1T00678	transport	iJN1463;iML1515	iML1515:CMtex;iJN1463:CMtex	iML1515: cm_e <=> cm_p;iJN1463: cm_e <=> cm_p	mapped	(('bigg:CM@e', -1), ('bigg:CM@p', 1))
E1T00679	transport	iJN1463;iML1515	iML1515:CMtpp;iJN1463:CMtpp	iML1515: cm_p + h_p --> cm_e + h_c;iJN1463: cm_p + h_p --> cm_e + h_c	mapped	(('bigg:CM@e', -1), ('bigg:CM@p', 1), ('bigg:H@cytosol', -1), ('bigg:H@p', 1))
E1T00680	transport	iJN1463	iJN1463:CMCBTFtpp	iJN1463: cmcbtt_c + h_p --> cmcbtt_p + h_c	mapped	(('bigg:CMCBTT@cytosol', -1), ('bigg:CMCBTT@p', 1), ('bigg:H@cytosol', 1), ('bigg:H@p', -1))
E1T00681	transport	iJN1463	iJN1463:CMCBTFtex	iJN1463: cmcbtt_p + h_p --> cmcbtt_e + h_c	mapped	(('bigg:CMCBTT@e', -1), ('bigg:CMCBTT@p', 1), ('bigg:H@cytosol', -1), ('bigg:H@p', 1))
E1T00682	non_cytosolic	iJN1463	iJN1463:CMCBTFexs	iJN1463: cmcbtt_e + fe3_e --> fcmcbtt_e	mapped	(('bigg:CMCBTT@e', -1), ('bigg:FCMCBTT@e', 1), ('bigg:FE3@e', -1))
E1T00683	transport	iML1515	iML1515:CMPtex	iML1515: cmp_e <=> cmp_p	mapped	(('bigg:CMP@e', -1), ('bigg:CMP@p', 1))
E1T00684	non_cytosolic	iJN1463;iML1515	iML1515:NTD4pp;iJN1463:NTD4pp	iML1515: cmp_p + h2o_p --> cytd_p + pi_p;iJN1463: cmp_p + h2o_p --> cytd_p + pi_p	mapped	(('bigg:CMP@p', -1), ('bigg:CYTD@p', 1), ('bigg:H2O@p', -1), ('bigg:PI@p', 1))
E1T00685	transport	iJN1463;iML1515	iML1515:CO2tpp;iJN1463:CO2tpp	iML1515: co2_p <=> co2_c;iJN1463: co2_p <=> co2_c	mapped	(('bigg:CO2@cytosol', -1), ('bigg:CO2@p', 1))
E1T00686	transport	iJN1463;iML1515	iML1515:CO2tex;iJN1463:CO2tex	iML1515: co2_e <=> co2_p;iJN1463: co2_e <=> co2_p	mapped	(('bigg:CO2@e', -1), ('bigg:CO2@p', 1))
E1T00687	transport	iML1515	iML1515:FDH5pp	iML1515: for_p + 2.0 h_c + mqn8_c --> co2_p + h_p + mql8_c	mapped	(('bigg:CO2@p', -1), ('bigg:FOR@p', 1), ('bigg:H@cytosol', 2), ('bigg:H@p', -1), ('bigg:MQL8@cytosol', -1), ('bigg:MQN8@cytosol', 1))
E1T00688	transport	iML1515	iML1515:FDH4pp	iML1515: for_p + 2.0 h_c + q8_c --> co2_p + h_p + q8h2_c	mapped	(('bigg:CO2@p', -1), ('bigg:FOR@p', 1), ('bigg:H@cytosol', 2), ('bigg:H@p', -1), ('bigg:Q8@cytosol', 1), ('bigg:Q8H2@cytosol', -1))
E1T00689	transport	iJN1463	iJN1463:Cotpp	iJN1463: co_p <=> co_c	mapped	(('bigg:CO@cytosol', -1), ('bigg:CO@p', 1))
E1T00690	transport	iJN1463	iJN1463:COt_1	iJN1463: co_e <=> co_p	mapped	(('bigg:CO@e', -1), ('bigg:CO@p', 1))
E1T00691	transport	iJN1463;iML1515	iML1515:COBALT2tpp;iJN1463:COBALT2tpp	iML1515: cobalt2_p --> cobalt2_c;iJN1463: cobalt2_p --> cobalt2_c	mapped	(('bigg:COBALT2@cytosol', -1), ('bigg:COBALT2@p', 1))
E1T00692	transport	iJN1463;iML1515	iML1515:COBALT2t3pp;iJN1463:COBALT2t3pp	iML1515: cobalt2_c + h_p --> cobalt2_p + h_c;iJN1463: cobalt2_c + h_p --> cobalt2_p + h_c	mapped	(('bigg:COBALT2@cytosol', -1), ('bigg:COBALT2@p', 1), ('bigg:H@cytosol', 1), ('bigg:H@p', -1))
E1T00693	transport	iJN1463	iJN1463:COBALTt4pp	iJN1463: cobalt2_c + h_p + k_p --> cobalt2_p + h_c + k_c	mapped	(('bigg:COBALT2@cytosol', -1), ('bigg:COBALT2@p', 1), ('bigg:H@cytosol', 1), ('bigg:H@p', -1), ('bigg:K@cytosol', 1), ('bigg:K@p', -1))
E1T00694	transport	iJN1463;iML1515	iML1515:COBALT2tex;iJN1463:COBALT2tex	iML1515: cobalt2_e <=> cobalt2_p;iJN1463: cobalt2_e <=> cobalt2_p	mapped	(('bigg:COBALT2@e', -1), ('bigg:COBALT2@p', 1))
E1T00695	non_cytosolic	iML1515	iML1515:LIPAHT2ex	iML1515: colipa_e + h_e + hdca_e --> h2o_e + hacolipa_e	mapped	(('bigg:COLIPA@e', -1), ('bigg:H2O@e', 1), ('bigg:H@e', -1), ('bigg:HACOLIPA@e', 1), ('bigg:HDCA@e', -1))
E1T00696	non_cytosolic	iML1515	iML1515:COLIPAKpp	iML1515: colipa_p + udcpdp_p --> colipap_p + udcpp_p	mapped	(('bigg:COLIPA@p', -1), ('bigg:COLIPAP@p', 1), ('bigg:UDCPDP@p', -1), ('bigg:UDCPP@p', 1))
E1T00697	non_cytosolic	iML1515	iML1515:ECA4OALpp	iML1515: colipa_p + eca4und_p --> eca4colipa_p + h_p + udcpdp_p	mapped	(('bigg:COLIPA@p', -1), ('bigg:ECA4COLIPA@p', 1), ('bigg:ECA4UND@p', -1), ('bigg:H@p', 1), ('bigg:UDCPDP@p', 1))
E1T00698	non_cytosolic	iML1515	iML1515:O16A4Lpp	iML1515: colipa_p + o16a4und_p --> h_p + o16a4colipa_p + udcpdp_p	mapped	(('bigg:COLIPA@p', -1), ('bigg:H@p', 1), ('bigg:O16A4COLIPA@p', 1), ('bigg:O16A4UND@p', -1), ('bigg:UDCPDP@p', 1))
E1T00699	transport	iJN1463	iJN1463:CONFRLtpp	iJN1463: confrl_p <=> confrl_c	mapped	(('bigg:CONFRL@cytosol', -1), ('bigg:CONFRL@p', 1))
E1T00700	transport	iJN1463	iJN1463:CONFRLtex	iJN1463: confrl_e <=> confrl_p	mapped	(('bigg:CONFRL@e', -1), ('bigg:CONFRL@p', 1))
E1T00701	transport	iML1515	iML1515:CPGNtonex	iML1515: cpgn_e + h_p --> cpgn_p + h_c	mapped	(('bigg:CPGN@e', -1), ('bigg:CPGN@p', 1), ('bigg:H@cytosol', 1), ('bigg:H@p', -1))
E1T00702	non_cytosolic	iML1515	iML1515:CPGNexs	iML1515: cpgn_un_e + fe3_e --> cpgn_e	mapped	(('bigg:CPGN@e', -1), ('bigg:CPGN_UN@e', 1), ('bigg:FE3@e', 1))
E1T00703	transport	iML1515	iML1515:CPGNUtpp	iML1515: cpgn_un_c + h_p --> cpgn_un_p + h_c	mapped	(('bigg:CPGN_UN@cytosol', -1), ('bigg:CPGN_UN@p', 1), ('bigg:H@cytosol', 1), ('bigg:H@p', -1))
E1T00704	transport	iML1515	iML1515:CPGNUtex	iML1515: cpgn_un_p + h_p --> cpgn_un_e + h_c	mapped	(('bigg:CPGN_UN@e', -1), ('bigg:CPGN_UN@p', 1), ('bigg:H@cytosol', -1), ('bigg:H@p', 1))
E1T00705	transport	iJN1463	iJN1463:CREATtpp	iJN1463: creat_p + h_p <=> creat_c + h_c	mapped	(('bigg:CREAT@cytosol', -1), ('bigg:CREAT@cytosol', 1), ('bigg:H@cytosol', -1), ('bigg:H@p', 1))
E1T00706	transport	iML1515	iML1515:CRNt8pp	iML1515: crn__D_c + crn_p --> crn__D_p + crn_c	mapped	(('bigg:CRN@cytosol', -1), ('bigg:CRN@p', 1), ('bigg:CRN__D@cytosol', 1), ('bigg:CRN__D@p', -1))
E1T00707	transport	iML1515	iML1515:CRNt7pp	iML1515: crn_p + gbbtn_c --> crn_c + gbbtn_p	mapped	(('bigg:CRN@cytosol', -1), ('bigg:CRN@p', 1), ('bigg:GBBTN@cytosol', 1), ('bigg:GBBTN@p', -1))
E1T00708	transport	iML1515	iML1515:CRNt2rpp	iML1515: crn_p + h_p <=> crn_c + h_c	mapped	(('bigg:CRN@cytosol', -1), ('bigg:CRN@p', 1), ('bigg:H@cytosol', -1), ('bigg:H@p', 1))
E1T00709	transport	iJN1463;iML1515	iML1515:CRNtex;iJN1463:CRNtex	iML1515: crn_e <=> crn_p;iJN1463: crn_e <=> crn_p	mapped	(('bigg:CRN@e', -1), ('bigg:CRN@p', 1))
E1T00710	transport	iML1515	iML1515:CRNDt2rpp	iML1515: crn__D_p + h_p <=> crn__D_c + h_c	mapped	(('bigg:CRN__D@cytosol', -1), ('bigg:CRN__D@p', 1), ('bigg:H@cytosol', -1), ('bigg:H@p', 1))
E1T00711	transport	iML1515	iML1515:CRNDtex	iML1515: crn__D_e <=> crn__D_p	mapped	(('bigg:CRN__D@e', -1), ('bigg:CRN__D@p', 1))
E1T00712	transport	iJN1463	iJN1463:CRO2tpp	iJN1463: cro2_p --> cro2_c	mapped	(('bigg:CRO2@cytosol', -1), ('bigg:CRO2@p', 1))
E1T00713	transport	iJN1463	iJN1463:CRO2t3pp	iJN1463: cro2_c + h_p --> cro2_p + h_c	mapped	(('bigg:CRO2@cytosol', -1), ('bigg:CRO2@p', 1), ('bigg:H@cytosol', 1), ('bigg:H@p', -1))
E1T00714	transport	iJN1463	iJN1463:CRO2tex	iJN1463: cro2_e <=> cro2_p	mapped	(('bigg:CRO2@e', -1), ('bigg:CRO2@p', 1))
E1T00715	transport	iJN1463	iJN1463:CRO4t3pp	iJN1463: cro4_c + h_p --> cro4_p + h_c	mapped	(('bigg:CRO4@cytosol', -1), ('bigg:CRO4@p', 1), ('bigg:H@cytosol', 1), ('bigg:H@p', -1))
E1T00716	transport	iJN1463	iJN1463:CRO4tex	iJN1463: cro4_e <=> cro4_p	mapped	(('bigg:CRO4@e', -1), ('bigg:CRO4@p', 1))
E1T00717	transport	iJN1463	iJN1463:CRTNtpp	iJN1463: crtn_p + h_p <=> crtn_c + h_c	mapped	(('bigg:CRTN@cytosol', -1), ('bigg:CRTN@p', 1), ('bigg:H@cytosol', -1), ('bigg:H@p', 1))
E1T00718	transport	iJN1463	iJN1463:CRTNtex	iJN1463: crtn_e <=> crtn_p	mapped	(('bigg:CRTN@e', -1), ('bigg:CRTN@p', 1))
E1T00719	transport	iML1515	iML1515:CS1tex	iML1515: cs1_e <=> cs1_p	mapped	(('bigg:CS1@e', -1), ('bigg:CS1@p', 1))
E1T00720	transport	iJN1463;iML1515	iML1515:CSNt2pp;iJN1463:CSNt2pp	iML1515: csn_p + h_p --> csn_c + h_c;iJN1463: csn_p + h_p --> csn_c + h_c	mapped	(('bigg:CSN@cytosol', -1), ('bigg:CSN@p', 1), ('bigg:H@cytosol', -1), ('bigg:H@p', 1))
E1T00721	transport	iJN1463;iML1515	iML1515:CSNtex;iJN1463:CSNtex	iML1515: csn_e <=> csn_p;iJN1463: csn_e <=> csn_p	mapped	(('bigg:CSN@e', -1), ('bigg:CSN@p', 1))
E1T00722	transport	iML1515	iML1515:CTBTt2rpp	iML1515: ctbt_p + h_p <=> ctbt_c + h_c	mapped	(('bigg:CTBT@cytosol', -1), ('bigg:CTBT@p', 1), ('bigg:H@cytosol', -1), ('bigg:H@p', 1))
E1T00723	transport	iJN1463	iJN1463:CU2t4pp	iJN1463: cu2_c + h_p + k_p --> cu2_p + h_c + k_c	mapped	(('bigg:CU2@cytosol', -1), ('bigg:CU2@p', 1), ('bigg:H@cytosol', 1), ('bigg:H@p', -1), ('bigg:K@cytosol', 1), ('bigg:K@p', -1))
E1T00724	transport	iJN1463	iJN1463:CU2tonex	iJN1463: cu2_e + h_p --> cu2_p + h_c	mapped	(('bigg:CU2@e', -1), ('bigg:CU2@p', 1), ('bigg:H@cytosol', 1), ('bigg:H@p', -1))
E1T00725	non_cytosolic	iML1515	iML1515:CU1Opp	iML1515: 4.0 cu_p + 4.0 h_p + o2_p --> 4.0 cu2_p + 2.0 h2o_p	mapped	(('bigg:CU2@p', -4), ('bigg:CU@p', 4), ('bigg:H2O@p', -2), ('bigg:H@p', 4), ('bigg:O2@p', 1))
E1T00726	transport	iJN1463;iML1515	iML1515:CUt3;iJN1463:CUt3	iML1515: cu_c + h_e --> cu_e + h_c;iJN1463: cu_c + h_e --> cu_e + h_c	mapped	(('bigg:CU@cytosol', -1), ('bigg:CU@e', 1), ('bigg:H@cytosol', 1), ('bigg:H@e', -1))
E1T00727	transport	iJN1463;iML1515	iML1515:CUt2pp;iJN1463:CUt2pp	iML1515: cu_c --> cu_p;iJN1463: cu_c <-- cu_p	mapped	(('bigg:CU@cytosol', -1), ('bigg:CU@p', 1))
E1T00728	transport	iJN1463;iML1515	iML1515:CUtex;iJN1463:CUtex	iML1515: cu_e <=> cu_p;iJN1463: cu_e <=> cu_p	mapped	(('bigg:CU@e', -1), ('bigg:CU@p', 1))
E1T00729	transport	iJN1463	iJN1463:CYANt2pp	iJN1463: cyan_p + h_p --> cyan_c + h_c	mapped	(('bigg:CYAN@cytosol', -1), ('bigg:CYAN@p', 1), ('bigg:H@cytosol', -1), ('bigg:H@p', 1))
E1T00730	transport	iJN1463;iML1515	iML1515:CYANtex;iJN1463:CYANtex	iML1515: cyan_e <=> cyan_p;iJN1463: cyan_e <=> cyan_p	mapped	(('bigg:CYAN@e', -1), ('bigg:CYAN@p', 1))
E1T00731	non_cytosolic	iML1515	iML1515:CYANSTpp	iML1515: cyan_p + tsul_p --> h_p + so3_p + tcynt_p	mapped	(('bigg:CYAN@p', -1), ('bigg:H@p', 1), ('bigg:SO3@p', 1), ('bigg:TCYNT@p', 1), ('bigg:TSUL@p', -1))
E1T00732	transport	iML1515	iML1515:CYNTt2pp	iML1515: cynt_p + h_p --> cynt_c + h_c	mapped	(('bigg:CYNT@cytosol', -1), ('bigg:CYNT@p', 1), ('bigg:H@cytosol', -1), ('bigg:H@p', 1))
E1T00733	transport	iML1515	iML1515:CYNTtex	iML1515: cynt_e <=> cynt_p	mapped	(('bigg:CYNT@e', -1), ('bigg:CYNT@p', 1))
E1T00734	transport	iML1515	iML1515:CYSItpp	iML1515: cysi__L_c --> cysi__L_p	mapped	(('bigg:CYSI__L@cytosol', -1), ('bigg:CYSI__L@p', 1))
E1T00735	transport	iML1515	iML1515:CYSItex	iML1515: cysi__L_e <=> cysi__L_p	mapped	(('bigg:CYSI__L@e', -1), ('bigg:CYSI__L@p', 1))
E1T00736	transport	iJN1463;iML1515	iML1515:CYSDtex;iJN1463:CYSDtex	iML1515: cys__D_e <=> cys__D_p;iJN1463: cys__D_e <=> cys__D_p	mapped	(('bigg:CYS__D@e', -1), ('bigg:CYS__D@p', 1))
E1T00737	transport	iJN1463;iML1515	iML1515:CYStpp;iJN1463:CYStpp	iML1515: cys__L_c --> cys__L_p;iJN1463: cys__L_c --> cys__L_p	mapped	(('bigg:CYS__L@cytosol', -1), ('bigg:CYS__L@p', 1))
E1T00738	transport	iJN1463;iML1515	iML1515:CYStex;iJN1463:CYStex	iML1515: cys__L_e <=> cys__L_p;iJN1463: cys__L_e <=> cys__L_p	mapped	(('bigg:CYS__L@e', -1), ('bigg:CYS__L@p', 1))
E1T00739	transport	iML1515	iML1515:CYTDt2pp_copy1;iML1515:CYTDt2pp_copy2	iML1515: cytd_p + h_p --> cytd_c + h_c;iML1515: cytd_p + h_p <=> cytd_c + h_c	mapped	(('bigg:CYTD@cytosol', -1), ('bigg:CYTD@p', 1), ('bigg:H@cytosol', -1), ('bigg:H@p', 1))
E1T00740	transport	iML1515	iML1515:CYTDtex	iML1515: cytd_e <=> cytd_p	mapped	(('bigg:CYTD@e', -1), ('bigg:CYTD@p', 1))
E1T00741	transport	iJN1463	iJN1463:D2ONEtpp	iJN1463: d2one_p <=> d2one_c	mapped	(('bigg:D2ONE@cytosol', -1), ('bigg:D2ONE@p', 1))
E1T00742	transport	iJN1463	iJN1463:D2ONEtex	iJN1463: d2one_e <=> d2one_p	mapped	(('bigg:D2ONE@e', -1), ('bigg:D2ONE@p', 1))
E1T00743	transport	iJN1463	iJN1463:D3ONEtpp	iJN1463: d3one_p <=> d3one_c	mapped	(('bigg:D3ONE@cytosol', -1), ('bigg:D3ONE@p', 1))
E1T00744	transport	iJN1463	iJN1463:D3ONEtex	iJN1463: d3one_e <=> d3one_p	mapped	(('bigg:D3ONE@e', -1), ('bigg:D3ONE@p', 1))
E1T00745	transport	iJN1463	iJN1463:D4ONEtpp	iJN1463: d4one_p <=> d4one_c	mapped	(('bigg:D4ONE@cytosol', -1), ('bigg:D4ONE@p', 1))
E1T00746	transport	iJN1463	iJN1463:D4ONEtex	iJN1463: d4one_e <=> d4one_p	mapped	(('bigg:D4ONE@e', -1), ('bigg:D4ONE@p', 1))
E1T00747	transport	iML1515	iML1515:DADNt2pp	iML1515: dad_2_p + h_p --> dad_2_c + h_c	mapped	(('bigg:DAD_2@cytosol', -1), ('bigg:DAD_2@p', 1), ('bigg:H@cytosol', -1), ('bigg:H@p', 1))
E1T00748	transport	iML1515	iML1515:DADNtex	iML1515: dad_2_e <=> dad_2_p	mapped	(('bigg:DAD_2@e', -1), ('bigg:DAD_2@p', 1))
E1T00749	non_cytosolic	iJN1463;iML1515	iML1515:NTD6pp;iJN1463:NTD6pp	iML1515: damp_p + h2o_p --> dad_2_p + pi_p;iJN1463: damp_p + h2o_p --> dad_2_p + pi_p	mapped	(('bigg:DAD_2@p', -1), ('bigg:DAMP@p', 1), ('bigg:H2O@p', 1), ('bigg:PI@p', -1))
E1T00750	non_cytosolic	iJN1463	iJN1463:TAGLIPA181d9ex	iJN1463: h2o_e + tag181d9_e --> dag181d9_e + h_e + ocdcea_e	mapped	(('bigg:DAG181D9@e', -1), ('bigg:H2O@e', 1), ('bigg:H@e', -1), ('bigg:OCDCEA@e', -1), ('bigg:TAG181D9@e', 1))
E1T00751	non_cytosolic	iJN1463	iJN1463:TAGLIPA182d9d12	iJN1463: h2o_e + tag182d9d12_e --> dag182d9d12_e + h_e + lnlc_e	mapped	(('bigg:DAG182D9D12@e', -1), ('bigg:H2O@e', 1), ('bigg:H@e', -1), ('bigg:LNLC@e', -1), ('bigg:TAG182D9D12@e', 1))
E1T00752	transport	iML1515	iML1515:DAMPtex	iML1515: damp_e <=> damp_p	mapped	(('bigg:DAMP@e', -1), ('bigg:DAMP@p', 1))
E1T00753	transport	iJN1463;iML1515	iML1515:DCAtex;iJN1463:DCAtex	iML1515: dca_e <=> dca_p;iJN1463: dca_e --> dca_p	mapped	(('bigg:DCA@e', -1), ('bigg:DCA@p', 1))
E1T00754	transport	iML1515	iML1515:DCMPtex	iML1515: dcmp_e <=> dcmp_p	mapped	(('bigg:DCMP@e', -1), ('bigg:DCMP@p', 1))
E1T00755	non_cytosolic	iJN1463;iML1515	iML1515:NTD3pp;iJN1463:NTD3pp	iML1515: dcmp_p + h2o_p --> dcyt_p + pi_p;iJN1463: dcmp_p + h2o_p --> dcyt_p + pi_p	mapped	(('bigg:DCMP@p', -1), ('bigg:DCYT@p', 1), ('bigg:H2O@p', -1), ('bigg:PI@p', 1))
E1T00756	transport	iML1515	iML1515:DCYTt2pp	iML1515: dcyt_p + h_p --> dcyt_c + h_c	mapped	(('bigg:DCYT@cytosol', -1), ('bigg:DCYT@p', 1), ('bigg:H@cytosol', -1), ('bigg:H@p', 1))
E1T00757	transport	iML1515	iML1515:DCYTtex	iML1515: dcyt_e <=> dcyt_p	mapped	(('bigg:DCYT@e', -1), ('bigg:DCYT@p', 1))
E1T00758	transport	iJN1463;iML1515	iML1515:DDCAtexi;iJN1463:DDCAtexi	iML1515: ddca_e --> ddca_p;iJN1463: ddca_e --> ddca_p	mapped	(('bigg:DDCA@e', -1), ('bigg:DDCA@p', 1))
E1T00759	transport	iML1515	iML1515:DGMPtex	iML1515: dgmp_e <=> dgmp_p	mapped	(('bigg:DGMP@e', -1), ('bigg:DGMP@p', 1))
E1T00760	non_cytosolic	iJN1463;iML1515	iML1515:NTD8pp;iJN1463:NTD8pp	iML1515: dgmp_p + h2o_p --> dgsn_p + pi_p;iJN1463: dgmp_p + h2o_p --> dgsn_p + pi_p	mapped	(('bigg:DGMP@p', -1), ('bigg:DGSN@p', 1), ('bigg:H2O@p', -1), ('bigg:PI@p', 1))
E1T00761	transport	iML1515	iML1515:DGSNt2pp	iML1515: dgsn_p + h_p --> dgsn_c + h_c	mapped	(('bigg:DGSN@cytosol', -1), ('bigg:DGSN@p', 1), ('bigg:H@cytosol', -1), ('bigg:H@p', 1))
E1T00762	transport	iML1515	iML1515:DGSNtex	iML1515: dgsn_e <=> dgsn_p	mapped	(('bigg:DGSN@e', -1), ('bigg:DGSN@p', 1))
E1T00763	transport	iJN1463	iJN1463:DGUDBUTNtex	iJN1463: dgudbutn_e <=> dgudbutn_p	mapped	(('bigg:DGUDBUTN@e', -1), ('bigg:DGUDBUTN@p', 1))
E1T00764	transport	iML1515	iML1515:DHAtpp	iML1515: dha_p <=> dha_c	mapped	(('bigg:DHA@cytosol', -1), ('bigg:DHA@p', 1))
E1T00765	transport	iML1515	iML1515:DHAtex	iML1515: dha_e <=> dha_p	mapped	(('bigg:DHA@e', -1), ('bigg:DHA@p', 1))
E1T00766	transport	iML1515	iML1515:DHPStr	iML1515: dhps_c --> dhps_p	mapped	(('bigg:DHPS@cytosol', -1), ('bigg:DHPS@p', 1))
E1T00767	transport	iML1515	iML1515:DHPStex	iML1515: dhps_e <=> dhps_p	mapped	(('bigg:DHPS@e', -1), ('bigg:DHPS@p', 1))
E1T00768	transport	iML1515	iML1515:DIMPtex	iML1515: dimp_e <=> dimp_p	mapped	(('bigg:DIMP@e', -1), ('bigg:DIMP@p', 1))
E1T00769	non_cytosolic	iJN1463;iML1515	iML1515:NTD12pp;iJN1463:NTD12pp	iML1515: dimp_p + h2o_p --> din_p + pi_p;iJN1463: dimp_p + h2o_p --> din_p + pi_p	mapped	(('bigg:DIMP@p', -1), ('bigg:DIN@p', 1), ('bigg:H2O@p', -1), ('bigg:PI@p', 1))
E1T00770	transport	iML1515	iML1515:DINSt2pp	iML1515: din_p + h_p --> din_c + h_c	mapped	(('bigg:DIN@cytosol', -1), ('bigg:DIN@p', 1), ('bigg:H@cytosol', -1), ('bigg:H@p', 1))
E1T00771	transport	iML1515	iML1515:DINStex	iML1515: din_e <=> din_p	mapped	(('bigg:DIN@e', -1), ('bigg:DIN@p', 1))
E1T00772	transport	iJN1463	iJN1463:ALGSex12	iJN1463: dmanur_p --> dmanur_e	mapped	(('bigg:DMANUR@e', -1), ('bigg:DMANUR@p', 1))
E1T00773	non_cytosolic	iJN1463	iJN1463:ALGL2	iJN1463: h2o_p + prealginate__M_p --> dmanur_p + tmanur_p	mapped	(('bigg:DMANUR@p', -1), ('bigg:H2O@p', 1), ('bigg:PREALGINATE__M@p', 1), ('bigg:TMANUR@p', -1))
E1T00774	transport	iJN1463	iJN1463:DMGLYtex	iJN1463: dmgly_e <=> dmgly_p	mapped	(('bigg:DMGLY@e', -1), ('bigg:DMGLY@p', 1))
E1T00775	transport	iML1515	iML1515:DMStex	iML1515: dms_e <=> dms_p	mapped	(('bigg:DMS@e', -1), ('bigg:DMS@p', 1))
E1T00776	transport	iML1515	iML1515:DMSOR1pp	iML1515: dmso_p + mql8_c --> dms_p + h2o_p + mqn8_c	mapped	(('bigg:DMS@p', -1), ('bigg:DMSO@p', 1), ('bigg:H2O@p', -1), ('bigg:MQL8@cytosol', 1), ('bigg:MQN8@cytosol', -1))
E1T00777	transport	iJN1463	iJN1463:DMSO2tex	iJN1463: dmso2_e <=> dmso2_p	mapped	(('bigg:DMSO2@e', -1), ('bigg:DMSO2@p', 1))
E1T00778	transport	iML1515	iML1515:DMSOtpp	iML1515: dmso_p <=> dmso_c	mapped	(('bigg:DMSO@cytosol', -1), ('bigg:DMSO@p', 1))
E1T00779	transport	iML1515	iML1515:DMSOtex	iML1515: dmso_e <=> dmso_p	mapped	(('bigg:DMSO@e', -1), ('bigg:DMSO@p', 1))
E1T00780	transport	iJN1463	iJN1463:DOPAtpp	iJN1463: dopa_p <=> dopa_c	mapped	(('bigg:DOPA@cytosol', -1), ('bigg:DOPA@p', 1))
E1T00781	transport	iJN1463;iML1515	iML1515:DOPAtex;iJN1463:DOPAtex	iML1515: dopa_e <=> dopa_p;iJN1463: dopa_e <=> dopa_p	mapped	(('bigg:DOPA@e', -1), ('bigg:DOPA@p', 1))
E1T00782	transport	iML1515	iML1515:DOXRBCNtex	iML1515: doxrbcn_e <=> doxrbcn_p	mapped	(('bigg:DOXRBCN@e', -1), ('bigg:DOXRBCN@p', 1))
E1T00783	transport	iML1515	iML1515:DOXRBCNtpp	iML1515: doxrbcn_p + h_p --> doxrbcn_e + h_c	mapped	(('bigg:DOXRBCN@e', -1), ('bigg:DOXRBCN@p', 1), ('bigg:H@cytosol', -1), ('bigg:H@p', 1))
E1T00784	transport	iML1515	iML1515:DSBAO2	iML1515: dsbard_p + mqn8_c --> dsbaox_p + mql8_c	mapped	(('bigg:DSBAOX@p', -1), ('bigg:DSBARD@p', 1), ('bigg:MQL8@cytosol', -1), ('bigg:MQN8@cytosol', 1))
E1T00785	transport	iJN1463;iML1515	iML1515:DSBAO1;iJN1463:DSBAO1	iML1515: dsbard_p + q8_c --> dsbaox_p + q8h2_c;iJN1463: dsbard_p + q8_c --> dsbaox_p + q8h2_c	mapped	(('bigg:DSBAOX@p', -1), ('bigg:DSBARD@p', 1), ('bigg:Q8@cytosol', 1), ('bigg:Q8H2@cytosol', -1))
E1T00786	transport	iJN1463;iML1515	iML1515:TDSR1;iJN1463:TDSR1	iML1515: dsbcox_p + dsbdrd_c --> dsbcrd_p + dsbdox_c;iJN1463: dsbcox_p + dsbdrd_c --> dsbcrd_p + dsbdox_c	mapped	(('bigg:DSBCOX@p', -1), ('bigg:DSBCRD@p', 1), ('bigg:DSBDOX@cytosol', 1), ('bigg:DSBDRD@cytosol', -1))
E1T00787	non_cytosolic	iJN1463;iML1515	iML1515:DSBCGT;iJN1463:DSBCGT	iML1515: dsbcox_p + 2.0 gthrd_p --> dsbcrd_p + gthox_p;iJN1463: dsbcox_p + 2.0 gthrd_p --> dsbcrd_p + gthox_p	mapped	(('bigg:DSBCOX@p', -1), ('bigg:DSBCRD@p', 1), ('bigg:GTHOX@p', 1), ('bigg:GTHRD@p', -2))
E1T00788	transport	iJN1463;iML1515	iML1515:TDSR2;iJN1463:TDSR2	iML1515: dsbdrd_c + dsbgox_p --> dsbdox_c + dsbgrd_p;iJN1463: dsbdrd_c + dsbgox_p --> dsbdox_c + dsbgrd_p	mapped	(('bigg:DSBDOX@cytosol', -1), ('bigg:DSBDRD@cytosol', 1), ('bigg:DSBGOX@p', 1), ('bigg:DSBGRD@p', -1))
E1T00789	non_cytosolic	iJN1463;iML1515	iML1515:DSBGGT;iJN1463:DSBGGT	iML1515: dsbgox_p + 2.0 gthrd_p --> dsbgrd_p + gthox_p;iJN1463: dsbgox_p + 2.0 gthrd_p --> dsbgrd_p + gthox_p	mapped	(('bigg:DSBGOX@p', -1), ('bigg:DSBGRD@p', 1), ('bigg:GTHOX@p', 1), ('bigg:GTHRD@p', -2))
E1T00790	transport	iML1515	iML1515:DTMPtex	iML1515: dtmp_e <=> dtmp_p	mapped	(('bigg:DTMP@e', -1), ('bigg:DTMP@p', 1))
E1T00791	non_cytosolic	iJN1463;iML1515	iML1515:NTD5pp;iJN1463:NTD5pp	iML1515: dtmp_p + h2o_p --> pi_p + thymd_p;iJN1463: dtmp_p + h2o_p --> pi_p + thymd_p	mapped	(('bigg:DTMP@p', -1), ('bigg:H2O@p', -1), ('bigg:PI@p', 1), ('bigg:THYMD@p', 1))
E1T00792	transport	iML1515	iML1515:DUMPtex	iML1515: dump_e <=> dump_p	mapped	(('bigg:DUMP@e', -1), ('bigg:DUMP@p', 1))
E1T00793	non_cytosolic	iJN1463;iML1515	iML1515:NTD1pp;iJN1463:NTD1pp	iML1515: dump_p + h2o_p --> duri_p + pi_p;iJN1463: dump_p + h2o_p --> duri_p + pi_p	mapped	(('bigg:DUMP@p', -1), ('bigg:DURI@p', 1), ('bigg:H2O@p', -1), ('bigg:PI@p', 1))
E1T00794	transport	iML1515	iML1515:DURIt2pp	iML1515: duri_p + h_p --> duri_c + h_c	mapped	(('bigg:DURI@cytosol', -1), ('bigg:DURI@p', 1), ('bigg:H@cytosol', -1), ('bigg:H@p', 1))
E1T00795	transport	iML1515	iML1515:DURItex	iML1515: duri_e <=> duri_p	mapped	(('bigg:DURI@e', -1), ('bigg:DURI@p', 1))
E1T00796	transport	iML1515	iML1515:DXYLONtpp	iML1515: dxylnt_p <=> dxylnt_c	mapped	(('bigg:DXYLNT@cytosol', -1), ('bigg:DXYLNT@p', 1))
E1T00797	transport	iML1515	iML1515:DXYLONtex	iML1515: dxylnt_e <=> dxylnt_p	mapped	(('bigg:DXYLNT@e', -1), ('bigg:DXYLNT@p', 1))
E1T00798	non_cytosolic	iML1515	iML1515:ECAP2pp	iML1515: eca2und_p + unagamuf_p --> eca3und_p + h_p + udcpdp_p	mapped	(('bigg:ECA2UND@p', -1), ('bigg:ECA3UND@p', 1), ('bigg:H@p', 1), ('bigg:UDCPDP@p', 1), ('bigg:UNAGAMUF@p', -1))
E1T00799	non_cytosolic	iML1515	iML1515:ECAP1pp	iML1515: 2.0 unagamuf_p --> eca2und_p + h_p + udcpdp_p	mapped	(('bigg:ECA2UND@p', -1), ('bigg:H@p', -1), ('bigg:UDCPDP@p', -1), ('bigg:UNAGAMUF@p', 2))
E1T00800	non_cytosolic	iML1515	iML1515:ECAP3pp	iML1515: eca3und_p + unagamuf_p --> eca4und_p + h_p + udcpdp_p	mapped	(('bigg:ECA3UND@p', -1), ('bigg:ECA4UND@p', 1), ('bigg:H@p', 1), ('bigg:UDCPDP@p', 1), ('bigg:UNAGAMUF@p', -1))
E1T00801	transport	iJN1463	iJN1463:ECTOtex	iJN1463: ecto__L_e <=> ecto__L_p	mapped	(('bigg:ECTO__L@e', -1), ('bigg:ECTO__L@p', 1))
E1T00802	transport	iJN1463;iML1515	iML1515:FEENTERtpp;iJN1463:FEENTERtpp	iML1515: enter_c + h_p --> enter_p + h_c;iJN1463: enter_c + h_p --> enter_p + h_c	mapped	(('bigg:ENTER@cytosol', -1), ('bigg:ENTER@p', 1), ('bigg:H@cytosol', 1), ('bigg:H@p', -1))
E1T00803	transport	iJN1463;iML1515	iML1515:FEENTERtex;iJN1463:FEENTERtex	iML1515: enter_p + h_p --> enter_e + h_c;iJN1463: enter_p + h_p --> enter_e + h_c	mapped	(('bigg:ENTER@e', -1), ('bigg:ENTER@p', 1), ('bigg:H@cytosol', -1), ('bigg:H@p', 1))
E1T00804	non_cytosolic	iJN1463;iML1515	iML1515:FEENTERexs;iJN1463:FEENTERexs	iML1515: enter_e + fe3_e --> feenter_e;iJN1463: enter_e + fe3_e --> feenter_e	mapped	(('bigg:ENTER@e', -1), ('bigg:FE3@e', -1), ('bigg:FEENTER@e', 1))
E1T00805	transport	iJN1463;iML1515	iML1515:ETHAt2pp;iJN1463:ETHAt2pp	iML1515: etha_p + h_p --> etha_c + h_c;iJN1463: etha_p + h_p --> etha_c + h_c	mapped	(('bigg:ETHA@cytosol', -1), ('bigg:ETHA@p', 1), ('bigg:H@cytosol', -1), ('bigg:H@p', 1))
E1T00806	transport	iJN1463;iML1515	iML1515:ETHAtex;iJN1463:ETHAtex	iML1515: etha_e <=> etha_p;iJN1463: etha_e <=> etha_p	mapped	(('bigg:ETHA@e', -1), ('bigg:ETHA@p', 1))
E1T00807	non_cytosolic	iML1515	iML1515:GPDDA2pp	iML1515: g3pe_p + h2o_p --> etha_p + glyc3p_p + h_p	mapped	(('bigg:ETHA@p', -1), ('bigg:G3PE@p', 1), ('bigg:GLYC3P@p', -1), ('bigg:H2O@p', 1), ('bigg:H@p', -1))
E1T00808	transport	iJN1463;iML1515	iML1515:ETHSO3tex;iJN1463:ETHSO3tex	iML1515: ethso3_e <=> ethso3_p;iJN1463: ethso3_e <=> ethso3_p	mapped	(('bigg:ETHSO3@e', -1), ('bigg:ETHSO3@p', 1))
E1T00809	transport	iJN1463;iML1515	iML1515:ETOHtrpp;iJN1463:ETOHtrpp	iML1515: etoh_p <=> etoh_c;iJN1463: etoh_p <=> etoh_c	mapped	(('bigg:ETOH@cytosol', -1), ('bigg:ETOH@p', 1))
E1T00810	transport	iJN1463;iML1515	iML1515:ETOHtex;iJN1463:ETOHtex	iML1515: etoh_e <=> etoh_p;iJN1463: etoh_e <=> etoh_p	mapped	(('bigg:ETOH@e', -1), ('bigg:ETOH@p', 1))
E1T00811	transport	iJN1463;iML1515	iML1515:FRUptspp;iJN1463:FRUptspp	iML1515: fru_p + pep_c --> f1p_c + pyr_c;iJN1463: fru_p + pep_c --> f1p_c + pyr_c	mapped	(('bigg:F1P@cytosol', -1), ('bigg:FRU@p', 1), ('bigg:PEP@cytosol', 1), ('bigg:PYR@cytosol', -1))
E1T00812	transport	iML1515	iML1515:F6Pt6_2pp	iML1515: f6p_p + 2.0 pi_c --> f6p_c + 2.0 pi_p	mapped	(('bigg:F6P@cytosol', -1), ('bigg:F6P@p', 1), ('bigg:PI@cytosol', 2), ('bigg:PI@p', -2))
E1T00813	transport	iML1515	iML1515:FRUpts2pp	iML1515: fru_p + pep_c --> f6p_c + pyr_c	mapped	(('bigg:F6P@cytosol', -1), ('bigg:FRU@p', 1), ('bigg:PEP@cytosol', 1), ('bigg:PYR@cytosol', -1))
E1T00814	transport	iCN1361	iCN1361:R_FRUPTS	iCN1361: M_BETA_D_FRUCTOSE_e + M_PHOSPHO_ENOL_PYRUVATE --> M_FRUCTOSE_6P + M_PYRUVATE	unmapped	(('bigg:F6P@cytosol', -1), ('bigg:PEP@cytosol', 1), ('bigg:PYR@cytosol', -1), ('unmapped:iCN1361:M_BETA_D_FRUCTOSE_e@e', 1))
E1T00815	transport	iML1515	iML1515:F6Ptex	iML1515: f6p_e <=> f6p_p	mapped	(('bigg:F6P@e', -1), ('bigg:F6P@p', 1))
E1T00816	transport	iML1515	iML1515:Ftpp	iML1515: f_c --> f_p	mapped	(('bigg:F@cytosol', -1), ('bigg:F@p', 1))
E1T00817	transport	iML1515	iML1515:Ftex	iML1515: f_p <=> f_e	mapped	(('bigg:F@e', -1), ('bigg:F@p', 1))
E1T00818	transport	iML1515	iML1515:FADt	iML1515: fad_c --> fad_p	mapped	(('bigg:FAD@cytosol', -1), ('bigg:FAD@p', 1))
E1T00819	transport	iML1515	iML1515:FADtex	iML1515: fad_p <=> fad_e	mapped	(('bigg:FAD@e', -1), ('bigg:FAD@p', 1))
E1T00820	transport	iJN1463	iJN1463:FALDep	iJN1463: fald_c + h_p --> fald_e + h_c	mapped	(('bigg:FALD@cytosol', -1), ('bigg:FALD@e', 1), ('bigg:H@cytosol', 1), ('bigg:H@p', -1))
E1T00821	transport	iJN1463;iML1515	iML1515:FALDtpp;iJN1463:FALDtpp	iML1515: fald_p <=> fald_c;iJN1463: fald_p <=> fald_c	mapped	(('bigg:FALD@cytosol', -1), ('bigg:FALD@p', 1))
E1T00822	transport	iJN1463	iJN1463:FALDtpp2	iJN1463: fald_c + h_p --> fald_p + h_c	mapped	(('bigg:FALD@cytosol', -1), ('bigg:FALD@p', 1), ('bigg:H@cytosol', 1), ('bigg:H@p', -1))
E1T00823	transport	iJN1463;iML1515	iML1515:FALDtex;iJN1463:FALDtex	iML1515: fald_e <=> fald_p;iJN1463: fald_e <=> fald_p	mapped	(('bigg:FALD@e', -1), ('bigg:FALD@p', 1))
E1T00824	non_cytosolic	iJN1463	iJN1463:PYOVDM1	iJN1463: fbac_kt_p --> pvdiq_p	mapped	(('bigg:FBAC_KT@p', -1), ('bigg:PVDIQ@p', 1))
E1T00825	transport	iJN1463	iJN1463:CMCBTFtonex	iJN1463: fcmcbtt_e + h_p --> fcmcbtt_p + h_c	mapped	(('bigg:FCMCBTT@e', -1), ('bigg:FCMCBTT@p', 1), ('bigg:H@cytosol', 1), ('bigg:H@p', -1))
E1T00826	transport	iML1515	iML1515:FE2tpp	iML1515: fe2_p --> fe2_c	mapped	(('bigg:FE2@cytosol', -1), ('bigg:FE2@p', 1))
E1T00827	transport	iJN1463;iML1515	iML1515:FE2t3pp;iJN1463:FE2t3pp	iML1515: fe2_c + h_p --> fe2_p + h_c;iJN1463: fe2_c + h_p --> fe2_p + h_c	mapped	(('bigg:FE2@cytosol', -1), ('bigg:FE2@p', 1), ('bigg:H@cytosol', 1), ('bigg:H@p', -1))
E1T00828	non_cytosolic	iJN1463	iJN1463:FE3PYOVDDR	iJN1463: fe3pyovd_p <=> fe2_p + pyovd_p	mapped	(('bigg:FE2@p', -1), ('bigg:FE3PYOVD@p', 1), ('bigg:PYOVD@p', -1))
E1T00829	non_cytosolic	iJN1463	iJN1463:FE3PYOVDDR2	iJN1463: 2.0 fe3pyovd_kt_p + pqqh2_p <=> 2.0 fe2_p + 2.0 h_p + pqq_p + 2.0 pyovd_kt_p	mapped	(('bigg:FE2@p', -2), ('bigg:FE3PYOVD_KT@p', 2), ('bigg:H@p', -2), ('bigg:PQQ@p', -1), ('bigg:PQQH2@p', 1), ('bigg:PYOVD_KT@p', -2))
E1T00830	non_cytosolic	iJN1463;iML1515	iML1515:FEROpp;iJN1463:FEROpp	iML1515: 4.0 fe2_p + 4.0 h_p + o2_p --> 4.0 fe3_p + 2.0 h2o_p;iJN1463: 4.0 fe2_p + 4.0 h_p + o2_p --> 4.0 fe3_p + 2.0 h2o_p	mapped	(('bigg:FE2@p', -4), ('bigg:FE3@p', 4), ('bigg:H2O@p', 2), ('bigg:H@p', -4), ('bigg:O2@p', -1))
E1T00831	non_cytosolic	iML1515	iML1515:FE3HOXexs	iML1515: fe3_e + fe3hox_un_e --> fe3hox_e	mapped	(('bigg:FE3@e', -1), ('bigg:FE3HOX@e', 1), ('bigg:FE3HOX_UN@e', -1))
E1T00832	non_cytosolic	iJN1463	iJN1463:MCBTFUexs	iJN1463: fe3_e + mcbtt_e --> fe3mcbtt_e	mapped	(('bigg:FE3@e', -1), ('bigg:FE3MCBTT@e', 1), ('bigg:MCBTT@e', -1))
E1T00833	non_cytosolic	iJN1463	iJN1463:FE3PYOVDL	iJN1463: fe3_e + pyovd_e <=> fe3pyovd_e	mapped	(('bigg:FE3@e', -1), ('bigg:FE3PYOVD@e', 1), ('bigg:PYOVD@e', -1))
E1T00834	non_cytosolic	iJN1463	iJN1463:FE3PYOVDL2	iJN1463: fe3_e + pyovd_kt_e <=> fe3pyovd_kt_e	mapped	(('bigg:FE3@e', -1), ('bigg:FE3PYOVD_KT@e', 1), ('bigg:PYOVD_KT@e', -1))
E1T00835	non_cytosolic	iJN1463;iML1515	iML1515:FECRMexs;iJN1463:FECRMexs	iML1515: fe3_e + fecrm_un_e --> fecrm_e;iJN1463: fe3_e + fecrm_un_e --> fecrm_e	mapped	(('bigg:FE3@e', -1), ('bigg:FECRM@e', 1), ('bigg:FECRM_UN@e', -1))
E1T00836	non_cytosolic	iJN1463;iML1515	iML1515:FEOXAMexs;iJN1463:FEOXAMexs	iML1515: fe3_e + feoxam_un_e --> feoxam_e;iJN1463: fe3_e + feoxam_un_e --> feoxam_e	mapped	(('bigg:FE3@e', -1), ('bigg:FEOXAM@e', 1), ('bigg:FEOXAM_UN@e', -1))
E1T00837	transport	iJN1463;iML1515	iML1515:FE3DCITtonex;iJN1463:FE3DCITtonex	iML1515: fe3dcit_e + h_p --> fe3dcit_p + h_c;iJN1463: fe3dcit_e + h_p --> fe3dcit_p + h_c	mapped	(('bigg:FE3DCIT@e', -1), ('bigg:FE3DCIT@p', 1), ('bigg:H@cytosol', 1), ('bigg:H@p', -1))
E1T00838	transport	iML1515	iML1515:FE3DHBZStonex	iML1515: fe3dhbzs_e + h_p --> fe3dhbzs_p + h_c	mapped	(('bigg:FE3DHBZS@e', -1), ('bigg:FE3DHBZS@p', 1), ('bigg:H@cytosol', 1), ('bigg:H@p', -1))
E1T00839	transport	iML1515	iML1515:FE3HOXtonex	iML1515: fe3hox_e + h_p --> fe3hox_p + h_c	mapped	(('bigg:FE3HOX@e', -1), ('bigg:FE3HOX@p', 1), ('bigg:H@cytosol', 1), ('bigg:H@p', -1))
E1T00840	transport	iML1515	iML1515:FE3HOXUtex	iML1515: fe3hox_un_c + h_p --> fe3hox_un_p + h_c	mapped	(('bigg:FE3HOX_UN@cytosol', -1), ('bigg:FE3HOX_UN@p', 1), ('bigg:H@cytosol', 1), ('bigg:H@p', -1))
E1T00841	transport	iML1515	iML1515:FE3HOXUtpp	iML1515: fe3hox_un_p + h_p --> fe3hox_un_e + h_c	mapped	(('bigg:FE3HOX_UN@e', -1), ('bigg:FE3HOX_UN@p', 1), ('bigg:H@cytosol', -1), ('bigg:H@p', 1))
E1T00842	transport	iJN1463	iJN1463:MCBTFtonex	iJN1463: fe3mcbtt_e + h_p --> fe3mcbtt_p + h_c	mapped	(('bigg:FE3MCBTT@e', -1), ('bigg:FE3MCBTT@p', 1), ('bigg:H@cytosol', 1), ('bigg:H@p', -1))
E1T00843	transport	iJN1463	iJN1463:FE3PYOVDtonex	iJN1463: fe3pyovd_e + h_p --> fe3pyovd_p + h_c	mapped	(('bigg:FE3PYOVD@e', -1), ('bigg:FE3PYOVD@p', 1), ('bigg:H@cytosol', 1), ('bigg:H@p', -1))
E1T00844	transport	iJN1463	iJN1463:FE3PYOVD2tonex	iJN1463: fe3pyovd_kt_e + h_p --> fe3pyovd_kt_p + h_c	mapped	(('bigg:FE3PYOVD_KT@e', -1), ('bigg:FE3PYOVD_KT@p', 1), ('bigg:H@cytosol', 1), ('bigg:H@p', -1))
E1T00845	transport	iJN1463;iML1515	iML1515:FECRMtonex;iJN1463:FECRMtonex	iML1515: fecrm_e + h_p --> fecrm_p + h_c;iJN1463: fecrm_e + h_p --> fecrm_p + h_c	mapped	(('bigg:FECRM@e', -1), ('bigg:FECRM@p', 1), ('bigg:H@cytosol', 1), ('bigg:H@p', -1))
E1T00846	transport	iJN1463;iML1515	iML1515:FECRMUtpp;iJN1463:FECRMUtpp	iML1515: fecrm_un_c + h_p --> fecrm_un_p + h_c;iJN1463: fecrm_un_c + h_p --> fecrm_un_p + h_c	mapped	(('bigg:FECRM_UN@cytosol', -1), ('bigg:FECRM_UN@p', 1), ('bigg:H@cytosol', 1), ('bigg:H@p', -1))
E1T00847	transport	iJN1463;iML1515	iML1515:FECRMUtex;iJN1463:FECRMUtex	iML1515: fecrm_un_p + h_p --> fecrm_un_e + h_c;iJN1463: fecrm_un_p + h_p --> fecrm_un_e + h_c	mapped	(('bigg:FECRM_UN@e', -1), ('bigg:FECRM_UN@p', 1), ('bigg:H@cytosol', -1), ('bigg:H@p', 1))
E1T00848	transport	iJN1463;iML1515	iML1515:FEENTERtonex;iJN1463:FEENTERtonex	iML1515: feenter_e + h_p --> feenter_p + h_c;iJN1463: feenter_e + h_p --> feenter_p + h_c	mapped	(('bigg:FEENTER@e', -1), ('bigg:FEENTER@p', 1), ('bigg:H@cytosol', 1), ('bigg:H@p', -1))
E1T00849	transport	iJN1463;iML1515	iML1515:FEOXAMtonex;iJN1463:FEOXAMtonex	iML1515: feoxam_e + h_p --> feoxam_p + h_c;iJN1463: feoxam_e + h_p --> feoxam_p + h_c	mapped	(('bigg:FEOXAM@e', -1), ('bigg:FEOXAM@p', 1), ('bigg:H@cytosol', 1), ('bigg:H@p', -1))
E1T00850	transport	iJN1463;iML1515	iML1515:FEOXAMUtpp;iJN1463:FEOXAMUtpp	iML1515: feoxam_un_c + h_p --> feoxam_un_p + h_c;iJN1463: feoxam_un_c + h_p --> feoxam_un_p + h_c	mapped	(('bigg:FEOXAM_UN@cytosol', -1), ('bigg:FEOXAM_UN@p', 1), ('bigg:H@cytosol', 1), ('bigg:H@p', -1))
E1T00851	transport	iJN1463;iML1515	iML1515:FEOXAMUtex;iJN1463:FEOXAMUtex	iML1515: feoxam_un_p + h_p --> feoxam_un_e + h_c;iJN1463: feoxam_un_p + h_p --> feoxam_un_e + h_c	mapped	(('bigg:FEOXAM_UN@e', -1), ('bigg:FEOXAM_UN@p', 1), ('bigg:H@cytosol', -1), ('bigg:H@p', 1))
E1T00852	transport	iJN1463	iJN1463:FERtpp	iJN1463: fer_p <=> fer_c	mapped	(('bigg:FER@cytosol', -1), ('bigg:FER@p', 1))
E1T00853	transport	iJN1463	iJN1463:FERtex	iJN1463: fer_e <=> fer_p	mapped	(('bigg:FER@e', -1), ('bigg:FER@p', 1))
E1T00854	transport	iJN1463	iJN1463:CCPpp	iJN1463: 2.0 focytc_c + h2o2_p --> 2.0 ficytc_c + 2.0 h2o_p	mapped	(('bigg:FICYTC@cytosol', -2), ('bigg:FOCYTC@cytosol', 2), ('bigg:H2O2@p', 1), ('bigg:H2O@p', -2))
E1T00855	transport	iJN1463	iJN1463:CYO1_KT	iJN1463: 2.0 ficytc_c + 2.0 h_c + q8h2_c --> 2.0 focytc_c + 2.0 h_p + q8_c	mapped	(('bigg:FICYTC@cytosol', -2), ('bigg:FOCYTC@cytosol', 2), ('bigg:H@cytosol', -2), ('bigg:H@p', 2), ('bigg:Q8@cytosol', 1), ('bigg:Q8H2@cytosol', -1))
E1T00856	transport	iJN1463	iJN1463:CYO4pp	iJN1463: 2.0 ficytc_c + pqqh2_p --> 2.0 focytc_c + pqq_p	mapped	(('bigg:FICYTC@cytosol', -2), ('bigg:FOCYTC@cytosol', 2), ('bigg:PQQ@p', 1), ('bigg:PQQH2@p', -1))
E1T00857	transport	iCN1361	iCN1361:R_NITRIC_OXIDE_REDUCTASE_RXN	iCN1361: 2.0 M_NITRIC_OXIDE_p + 2.0 M_PROTON_p + 2.0 M_Reduced_cytochromes --> M_NITROUS_OXIDE_p + 2.0 M_Oxidized_cytochromes + M_WATER	unmapped	(('bigg:FICYTC@cytosol', -2), ('bigg:H2O@cytosol', -1), ('bigg:H@p', 2), ('bigg:N2O@cytosol', -1), ('kegg:C00126@cytosol', 2), ('unmapped:iCN1361:M_NITRIC_OXIDE_p@cytosol', 2))
E1T00858	transport	iCN1361	iCN1361:R_RXN_12130	iCN1361: M_NITROUS_OXIDE_p + 2.0 M_PROTON_p + 2.0 M_Reduced_cytochromes --> M_NITROGEN_MOLECULE_p + 2.0 M_Oxidized_cytochromes + M_WATER	mapped	(('bigg:FICYTC@cytosol', -2), ('bigg:H2O@cytosol', -1), ('bigg:H@p', 2), ('bigg:N2O@cytosol', 1), ('bigg:N2_P@cytosol', -1), ('kegg:C00126@cytosol', 2))
E1T00859	transport	iCN1361	iCN1361:R_NITRITE_REDUCTASE_CYTOCHROME_RXN	iCN1361: M_NITRITE_p + 2.0 M_PROTON_p + 2.0 M_Reduced_cytochromes --> M_NITRIC_OXIDE_p + 2.0 M_Oxidized_cytochromes + M_WATER	unmapped	(('bigg:FICYTC@cytosol', -2), ('bigg:H2O@cytosol', -1), ('bigg:H@p', 2), ('bigg:NO2@cytosol', 1), ('kegg:C00126@cytosol', 2), ('unmapped:iCN1361:M_NITRIC_OXIDE_p@cytosol', -1))
E1T00860	transport	iCN1361	iCN1361:R_11022_RXN	iCN1361: 2.0 M_Oxidized_cytochromes + M_Ubiquinols <=> 2.0 M_PROTON_p + 2.0 M_Reduced_cytochromes + M_Ubiquinones	mapped	(('bigg:FICYTC@cytosol', -2), ('bigg:H@p', 2), ('bigg:Q8@cytosol', 1), ('bigg:QH2@cytosol', -1), ('kegg:C00126@cytosol', 2))
E1T00861	transport	iJN1463	iJN1463:CYTCBB3pp	iJN1463: 2.0 focytc_c + h_c + 0.5 o2_c --> 2.0 ficytc_c + h2o_c + h_p	mapped	(('bigg:FICYTC@cytosol', -4), ('bigg:FOCYTC@cytosol', 4), ('bigg:H2O@cytosol', -2), ('bigg:H@cytosol', 2), ('bigg:H@p', -2), ('bigg:O2@cytosol', 1))
E1T00862	transport	iJN1463	iJN1463:CYTCAA3pp	iJN1463: 2.0 focytc_c + 2.0 h_c + 0.5 o2_c --> 2.0 ficytc_c + h2o_c + 2.0 h_p	mapped	(('bigg:FICYTC@cytosol', -4), ('bigg:FOCYTC@cytosol', 4), ('bigg:H2O@cytosol', -2), ('bigg:H@cytosol', 4), ('bigg:H@p', -4), ('bigg:O2@cytosol', 1))
E1T00863	transport	iCN1361	iCN1361:R_CYTO_OXIDASE_aa3_cbb3	iCN1361: 0.5 M_OXYGEN_MOLECULE + 4.0 M_PROTON + 2.0 M_Reduced_cytochromes --> 2.0 M_Oxidized_cytochromes + 2.0 M_PROTON_p + M_WATER	mapped	(('bigg:FICYTC@cytosol', -4), ('bigg:H2O@cytosol', -2), ('bigg:H@cytosol', 8), ('bigg:H@p', -4), ('bigg:O2@cytosol', 1), ('kegg:C00126@cytosol', 4))
E1T00864	transport	iML1515	iML1515:FMNt	iML1515: fmn_c --> fmn_p	mapped	(('bigg:FMN@cytosol', -1), ('bigg:FMN@p', 1))
E1T00865	transport	iML1515	iML1515:FMNtex	iML1515: fmn_p <=> fmn_e	mapped	(('bigg:FMN@e', -1), ('bigg:FMN@p', 1))
E1T00866	non_cytosolic	iML1515	iML1515:ACP1p	iML1515: fmn_p + h2o_p --> pi_p + ribflv_p	mapped	(('bigg:FMN@p', -1), ('bigg:H2O@p', -1), ('bigg:PI@p', 1), ('bigg:RIBFLV@p', 1))
E1T00867	transport	iML1515	iML1515:FORtppi	iML1515: for_c --> for_p	mapped	(('bigg:FOR@cytosol', -1), ('bigg:FOR@p', 1))
E1T00868	transport	iJN1463;iML1515	iML1515:FORt2pp;iJN1463:FORt2pp	iML1515: for_p + h_p --> for_c + h_c;iJN1463: for_p + h_p --> for_c + h_c	mapped	(('bigg:FOR@cytosol', -1), ('bigg:FOR@p', 1), ('bigg:H@cytosol', -1), ('bigg:H@p', 1))
E1T00869	transport	iJN1463;iML1515	iML1515:FORtex;iJN1463:FORtex	iML1515: for_e <=> for_p;iJN1463: for_e <=> for_p	mapped	(('bigg:FOR@e', -1), ('bigg:FOR@p', 1))
E1T00870	transport	iJN1463;iML1515	iML1515:FRUtex;iJN1463:FRUtex	iML1515: fru_e <=> fru_p;iJN1463: fru_e <=> fru_p	mapped	(('bigg:FRU@e', -1), ('bigg:FRU@p', 1))
E1T00871	transport	iML1515	iML1515:FRULYSt2pp	iML1515: frulys_p + h_p --> frulys_c + h_c	mapped	(('bigg:FRULYS@cytosol', -1), ('bigg:FRULYS@p', 1), ('bigg:H@cytosol', -1), ('bigg:H@p', 1))
E1T00872	transport	iML1515	iML1515:FRULYStex	iML1515: frulys_e <=> frulys_p	mapped	(('bigg:FRULYS@e', -1), ('bigg:FRULYS@p', 1))
E1T00873	transport	iML1515	iML1515:FRUURt2rpp	iML1515: fruur_p + h_p <=> fruur_c + h_c	mapped	(('bigg:FRUUR@cytosol', -1), ('bigg:FRUUR@p', 1), ('bigg:H@cytosol', -1), ('bigg:H@p', 1))
E1T00874	transport	iML1515	iML1515:FRUURtex	iML1515: fruur_e <=> fruur_p	mapped	(('bigg:FRUUR@e', -1), ('bigg:FRUUR@p', 1))
E1T00875	transport	iML1515	iML1515:FUCtpp	iML1515: fuc__L_p + h_p <=> fuc__L_c + h_c	mapped	(('bigg:FUC__L@cytosol', -1), ('bigg:FUC__L@p', 1), ('bigg:H@cytosol', -1), ('bigg:H@p', 1))
E1T00876	transport	iML1515	iML1515:FUCtex	iML1515: fuc__L_e <=> fuc__L_p	mapped	(('bigg:FUC__L@e', -1), ('bigg:FUC__L@p', 1))
E1T00877	transport	iML1515	iML1515:FUMt1pp	iML1515: fum_p <=> fum_c	mapped	(('bigg:FUM@cytosol', -1), ('bigg:FUM@p', 1))
E1T00878	transport	iJN1463;iML1515	iML1515:FUMt2_2pp;iJN1463:FUMt2_2pp	iML1515: fum_p + 2.0 h_p --> fum_c + 2.0 h_c;iJN1463: fum_p + 2.0 h_p --> fum_c + 2.0 h_c	mapped	(('bigg:FUM@cytosol', -1), ('bigg:FUM@p', 1), ('bigg:H@cytosol', -2), ('bigg:H@p', 2))
E1T00879	transport	iML1515	iML1515:FUMt2_3pp	iML1515: fum_p + 3.0 h_p --> fum_c + 3.0 h_c	mapped	(('bigg:FUM@cytosol', -1), ('bigg:FUM@p', 1), ('bigg:H@cytosol', -3), ('bigg:H@p', 3))
E1T00880	transport	iML1515	iML1515:SUCFUMtpp	iML1515: fum_p + succ_c <=> fum_c + succ_p	mapped	(('bigg:FUM@cytosol', -1), ('bigg:FUM@p', 1), ('bigg:SUCC@cytosol', 1), ('bigg:SUCC@p', -1))
E1T00881	transport	iJN1463;iML1515	iML1515:FUMtex;iJN1463:FUMtex	iML1515: fum_e <=> fum_p;iJN1463: fum_e <=> fum_p	mapped	(('bigg:FUM@e', -1), ('bigg:FUM@p', 1))
E1T00882	transport	iML1515	iML1515:FUSAtex	iML1515: fusa_e <=> fusa_p	mapped	(('bigg:FUSA@e', -1), ('bigg:FUSA@p', 1))
E1T00883	transport	iML1515	iML1515:FUSAtpp	iML1515: fusa_p + h_p --> fusa_e + h_c	mapped	(('bigg:FUSA@e', -1), ('bigg:FUSA@p', 1), ('bigg:H@cytosol', -1), ('bigg:H@p', 1))
E1T00884	transport	iML1515	iML1515:G1Ptex	iML1515: g1p_e <=> g1p_p	mapped	(('bigg:G1P@e', -1), ('bigg:G1P@p', 1))
E1T00885	non_cytosolic	iML1515	iML1515:G1PPpp	iML1515: g1p_p + h2o_p --> glc__D_p + pi_p	mapped	(('bigg:G1P@p', -1), ('bigg:GLC__D@p', 1), ('bigg:H2O@p', -1), ('bigg:PI@p', 1))
E1T00886	non_cytosolic	iML1515	iML1515:UDPGPpp	iML1515: h2o_p + udpg_p --> g1p_p + 2.0 h_p + ump_p	mapped	(('bigg:G1P@p', -1), ('bigg:H2O@p', 1), ('bigg:H@p', -2), ('bigg:UDPG@p', 1), ('bigg:UMP@p', -1))
E1T00887	transport	iML1515	iML1515:G3PCtex	iML1515: g3pc_e <=> g3pc_p	mapped	(('bigg:G3PC@e', -1), ('bigg:G3PC@p', 1))
E1T00888	transport	iML1515	iML1515:G3PEtex	iML1515: g3pe_e <=> g3pe_p	mapped	(('bigg:G3PE@e', -1), ('bigg:G3PE@p', 1))
E1T00889	transport	iML1515	iML1515:G3PGtex	iML1515: g3pg_e <=> g3pg_p	mapped	(('bigg:G3PG@e', -1), ('bigg:G3PG@p', 1))
E1T00890	non_cytosolic	iML1515	iML1515:GPDDA4pp	iML1515: g3pg_p + h2o_p --> glyc3p_p + glyc_p + h_p	mapped	(('bigg:G3PG@p', -1), ('bigg:GLYC3P@p', 1), ('bigg:GLYC@p', 1), ('bigg:H2O@p', -1), ('bigg:H@p', 1))
E1T00891	transport	iML1515	iML1515:G3PItex	iML1515: g3pi_e <=> g3pi_p	mapped	(('bigg:G3PI@e', -1), ('bigg:G3PI@p', 1))
E1T00892	non_cytosolic	iML1515	iML1515:GPDDA5pp	iML1515: g3pi_p + h2o_p --> glyc3p_p + h_p + inost_p	mapped	(('bigg:G3PI@p', -1), ('bigg:GLYC3P@p', 1), ('bigg:H2O@p', -1), ('bigg:H@p', 1), ('bigg:INOST@p', 1))
E1T00893	transport	iML1515	iML1515:G3PStex	iML1515: g3ps_e <=> g3ps_p	mapped	(('bigg:G3PS@e', -1), ('bigg:G3PS@p', 1))
E1T00894	non_cytosolic	iML1515	iML1515:GPDDA3pp	iML1515: g3ps_p + h2o_p --> glyc3p_p + h_p + ser__L_p	mapped	(('bigg:G3PS@p', -1), ('bigg:GLYC3P@p', 1), ('bigg:H2O@p', -1), ('bigg:H@p', 1), ('bigg:SER__L@p', 1))
E1T00895	transport	iML1515	iML1515:G6Pt6_2pp	iML1515: g6p_p + 2.0 pi_c --> g6p_c + 2.0 pi_p	mapped	(('bigg:G6P@cytosol', -1), ('bigg:G6P@p', 1), ('bigg:PI@cytosol', 2), ('bigg:PI@p', -2))
E1T00896	transport	iML1515	iML1515:GLCptspp	iML1515: glc__D_p + pep_c --> g6p_c + pyr_c	mapped	(('bigg:G6P@cytosol', -1), ('bigg:GLC__D@p', 1), ('bigg:PEP@cytosol', 1), ('bigg:PYR@cytosol', -1))
E1T00897	transport	iML1515	iML1515:G6Ptex	iML1515: g6p_e <=> g6p_p	mapped	(('bigg:G6P@e', -1), ('bigg:G6P@p', 1))
E1T00898	transport	iJN1463	iJN1463:GAt2pp	iJN1463: ga_p + h_p <=> ga_c + h_c	mapped	(('bigg:GA@cytosol', -1), ('bigg:GA@p', 1), ('bigg:H@cytosol', -1), ('bigg:H@p', 1))
E1T00899	transport	iJN1463	iJN1463:GAt1	iJN1463: ga_e <=> ga_p	mapped	(('bigg:GA@e', -1), ('bigg:GA@p', 1))
E1T00900	transport	iML1515	iML1515:GALBDtex	iML1515: gal_bD_e <=> gal_bD_p	mapped	(('bigg:GAL-BD@e', -1), ('bigg:GAL-BD@p', 1))
E1T00901	non_cytosolic	iML1515	iML1515:GALM2pp	iML1515: gal_bD_p --> gal_p	mapped	(('bigg:GAL-BD@p', -1), ('bigg:GAL@p', 1))
E1T00902	transport	iML1515	iML1515:GAL1Ptex	iML1515: gal1p_e <=> gal1p_p	mapped	(('bigg:GAL1P@e', -1), ('bigg:GAL1P@p', 1))
E1T00903	non_cytosolic	iML1515	iML1515:GAL1PPpp	iML1515: gal1p_p + h2o_p --> gal_p + pi_p	mapped	(('bigg:GAL1P@p', -1), ('bigg:GAL@p', 1), ('bigg:H2O@p', -1), ('bigg:PI@p', 1))
E1T00904	non_cytosolic	iML1515	iML1515:UDPGALPpp	iML1515: h2o_p + udpgal_p --> gal1p_p + 2.0 h_p + ump_p	mapped	(('bigg:GAL1P@p', -1), ('bigg:H2O@p', 1), ('bigg:H@p', -2), ('bigg:UDPGAL@p', 1), ('bigg:UMP@p', -1))
E1T00905	transport	iML1515	iML1515:GALt2pp	iML1515: gal_p + h_p --> gal_c + h_c	mapped	(('bigg:GAL@cytosol', -1), ('bigg:GAL@p', 1), ('bigg:H@cytosol', -1), ('bigg:H@p', 1))
E1T00906	transport	iML1515	iML1515:GALtex	iML1515: gal_e <=> gal_p	mapped	(('bigg:GAL@e', -1), ('bigg:GAL@p', 1))
E1T00907	non_cytosolic	iML1515	iML1515:LACZpp	iML1515: h2o_p + lcts_p --> gal_p + glc__D_p	mapped	(('bigg:GAL@p', -1), ('bigg:GLC__D@p', -1), ('bigg:H2O@p', 1), ('bigg:LCTS@p', 1))
E1T00908	transport	iML1515	iML1515:GALCTNt2pp	iML1515: galctn__D_p + h_p --> galctn__D_c + h_c	mapped	(('bigg:GALCTN__D@cytosol', -1), ('bigg:GALCTN__D@p', 1), ('bigg:H@cytosol', -1), ('bigg:H@p', 1))
E1T00909	transport	iML1515	iML1515:GALCTNtex	iML1515: galctn__D_e <=> galctn__D_p	mapped	(('bigg:GALCTN__D@e', -1), ('bigg:GALCTN__D@p', 1))
E1T00910	transport	iML1515	iML1515:GALCTNLt2pp	iML1515: galctn__L_p + h_p --> galctn__L_c + h_c	mapped	(('bigg:GALCTN__L@cytosol', -1), ('bigg:GALCTN__L@p', 1), ('bigg:H@cytosol', -1), ('bigg:H@p', 1))
E1T00911	transport	iML1515	iML1515:GALCTNLtex	iML1515: galctn__L_e <=> galctn__L_p	mapped	(('bigg:GALCTN__L@e', -1), ('bigg:GALCTN__L@p', 1))
E1T00912	transport	iJN1463;iML1515	iML1515:GALCTt2rpp;iJN1463:GALCTt2rpp	iML1515: galct__D_p + h_p <=> galct__D_c + h_c;iJN1463: galct__D_p + h_p <=> galct__D_c + h_c	mapped	(('bigg:GALCT__D@cytosol', -1), ('bigg:GALCT__D@p', 1), ('bigg:H@cytosol', -1), ('bigg:H@p', 1))
E1T00913	transport	iJN1463;iML1515	iML1515:GALCTtex;iJN1463:GALCTtex	iML1515: galct__D_e <=> galct__D_p;iJN1463: galct__D_e <=> galct__D_p	mapped	(('bigg:GALCT__D@e', -1), ('bigg:GALCT__D@p', 1))
E1T00914	transport	iML1515	iML1515:GALTptspp	iML1515: galt_p + pep_c --> galt1p_c + pyr_c	mapped	(('bigg:GALT1P@cytosol', -1), ('bigg:GALT@p', 1), ('bigg:PEP@cytosol', 1), ('bigg:PYR@cytosol', -1))
E1T00915	transport	iML1515	iML1515:GALTtex	iML1515: galt_e <=> galt_p	mapped	(('bigg:GALT@e', -1), ('bigg:GALT@p', 1))
E1T00916	transport	iJN1463;iML1515	iML1515:GALURt2rpp;iJN1463:GALURt2rpp	iML1515: galur_p + h_p <=> galur_c + h_c;iJN1463: galur_p + h_p <=> galur_c + h_c	mapped	(('bigg:GALUR@cytosol', -1), ('bigg:GALUR@p', 1), ('bigg:H@cytosol', -1), ('bigg:H@p', 1))
E1T00917	transport	iJN1463;iML1515	iML1515:GALURtex;iJN1463:GALURtex	iML1515: galur_e <=> galur_p;iJN1463: galur_e <=> galur_p	mapped	(('bigg:GALUR@e', -1), ('bigg:GALUR@p', 1))
E1T00918	transport	iML1515	iML1515:GAM6Pt6_2pp	iML1515: gam6p_p + 2.0 pi_c --> gam6p_c + 2.0 pi_p	mapped	(('bigg:GAM6P@cytosol', -1), ('bigg:GAM6P@p', 1), ('bigg:PI@cytosol', 2), ('bigg:PI@p', -2))
E1T00919	transport	iML1515	iML1515:GAMptspp	iML1515: gam_p + pep_c --> gam6p_c + pyr_c	mapped	(('bigg:GAM6P@cytosol', -1), ('bigg:GAM@p', 1), ('bigg:PEP@cytosol', 1), ('bigg:PYR@cytosol', -1))
E1T00920	transport	iML1515	iML1515:GAMAN6Ptex	iML1515: gam6p_e <=> gam6p_p	mapped	(('bigg:GAM6P@e', -1), ('bigg:GAM6P@p', 1))
E1T00921	transport	iML1515	iML1515:GAMtex	iML1515: gam_e <=> gam_p	mapped	(('bigg:GAM@e', -1), ('bigg:GAM@p', 1))
E1T00922	transport	iML1515	iML1515:GBBTNtex	iML1515: gbbtn_e <=> gbbtn_p	mapped	(('bigg:GBBTN@e', -1), ('bigg:GBBTN@p', 1))
E1T00923	non_cytosolic	iJN1463	iJN1463:GLYCOLDHpp	iJN1463: glycol_p + pqq_p --> gcald_p + pqqh2_p	mapped	(('bigg:GCALD@p', -1), ('bigg:GLYCOL@p', 1), ('bigg:PQQ@p', 1), ('bigg:PQQH2@p', -1))
E1T00924	transport	iJN1463	iJN1463:PALGSKT	iJN1463: 5.0 gdpmanur_c + h2o_c --> 5.0 gdp_c + 5.0 h_p + prealginate__M_p	mapped	(('bigg:GDP@cytosol', -5), ('bigg:GDPMANUR@cytosol', 5), ('bigg:H2O@cytosol', 1), ('bigg:H@p', -5), ('bigg:PREALGINATE__M@p', -1))
E1T00925	transport	iML1515	iML1515:GDPtex	iML1515: gdp_e <=> gdp_p	mapped	(('bigg:GDP@e', -1), ('bigg:GDP@p', 1))
E1T00926	non_cytosolic	iML1515	iML1515:NTP3pp	iML1515: gtp_p + h2o_p --> gdp_p + h_p + pi_p	mapped	(('bigg:GDP@p', -1), ('bigg:GTP@p', 1), ('bigg:H2O@p', 1), ('bigg:H@p', -1), ('bigg:PI@p', -1))
E1T00927	transport	iJN1463;iML1515	iML1515:GLCNt2rpp;iJN1463:GLCNt2rpp	iML1515: glcn_p + h_p <=> glcn_c + h_c;iJN1463: glcn_p + h_p <=> glcn_c + h_c	mapped	(('bigg:GLCN@cytosol', -1), ('bigg:GLCN@p', 1), ('bigg:H@cytosol', -1), ('bigg:H@p', 1))
E1T00928	transport	iJN1463;iML1515	iML1515:GLCNtex;iJN1463:GLCNtex	iML1515: glcn_e <=> glcn_p;iJN1463: glcn_e <=> glcn_p	mapped	(('bigg:GLCN@e', -1), ('bigg:GLCN@p', 1))
E1T00929	transport	iJN1463;iML1515	iML1515:GLCDpp;iJN1463:GLCDpp	iML1515: glc__D_p + h2o_p + q8_c --> glcn_p + h_p + q8h2_c;iJN1463: glc__D_p + h2o_p + q8_c --> glcn_p + h_p + q8h2_c	mapped	(('bigg:GLCN@p', -1), ('bigg:GLC__D@p', 1), ('bigg:H2O@p', 1), ('bigg:H@p', -1), ('bigg:Q8@cytosol', 1), ('bigg:Q8H2@cytosol', -1))
E1T00930	transport	iJN1463;iML1515	iML1515:GLCRt2rpp;iJN1463:GLCRt2rpp	iML1515: glcr_p + h_p <=> glcr_c + h_c;iJN1463: glcr_p + h_p <=> glcr_c + h_c	mapped	(('bigg:GLCR@cytosol', -1), ('bigg:GLCR@p', 1), ('bigg:H@cytosol', -1), ('bigg:H@p', 1))
E1T00931	transport	iJN1463;iML1515	iML1515:GLCRtex;iJN1463:GLCRtex	iML1515: glcr_e <=> glcr_p;iJN1463: glcr_e <=> glcr_p	mapped	(('bigg:GLCR@e', -1), ('bigg:GLCR@p', 1))
E1T00932	transport	iML1515	iML1515:GLCUR1Ptex	iML1515: glcur1p_e <=> glcur1p_p	mapped	(('bigg:GLCUR1P@e', -1), ('bigg:GLCUR1P@p', 1))
E1T00933	non_cytosolic	iML1515	iML1515:GUR1PPpp	iML1515: glcur1p_p + h2o_p --> glcur_p + pi_p	mapped	(('bigg:GLCUR1P@p', -1), ('bigg:GLCUR@p', 1), ('bigg:H2O@p', -1), ('bigg:PI@p', 1))
E1T00934	non_cytosolic	iML1515	iML1515:UGLCURPpp	iML1515: h2o_p + udpglcur_p --> glcur1p_p + 2.0 h_p + ump_p	mapped	(('bigg:GLCUR1P@p', -1), ('bigg:H2O@p', 1), ('bigg:H@p', -2), ('bigg:UDPGLCUR@p', 1), ('bigg:UMP@p', -1))
E1T00935	transport	iJN1463;iML1515	iML1515:GLCURt2rpp;iJN1463:GLCURt2rpp	iML1515: glcur_p + h_p <=> glcur_c + h_c;iJN1463: glcur_p + h_p <=> glcur_c + h_c	mapped	(('bigg:GLCUR@cytosol', -1), ('bigg:GLCUR@p', 1), ('bigg:H@cytosol', -1), ('bigg:H@p', 1))
E1T00936	transport	iJN1463;iML1515	iML1515:GLCURtex;iJN1463:GLCURtex	iML1515: glcur_e <=> glcur_p;iJN1463: glcur_e <=> glcur_p	mapped	(('bigg:GLCUR@e', -1), ('bigg:GLCUR@p', 1))
E1T00937	transport	iML1515	iML1515:GLCt2pp	iML1515: glc__D_p + h_p --> glc__D_c + h_c	mapped	(('bigg:GLC__D@cytosol', -1), ('bigg:GLC__D@p', 1), ('bigg:H@cytosol', -1), ('bigg:H@p', 1))
E1T00938	transport	iJN1463;iML1515	iML1515:GLCtex_copy1;iML1515:GLCtex_copy2;iJN1463:GLCtex	iML1515: glc__D_e --> glc__D_p;iML1515: glc__D_e <=> glc__D_p;iJN1463: glc__D_e <=> glc__D_p	mapped	(('bigg:GLC__D@e', -1), ('bigg:GLC__D@p', 1))
E1T00939	non_cytosolic	iML1515	iML1515:TREHpp	iML1515: h2o_p + tre_p --> 2.0 glc__D_p	mapped	(('bigg:GLC__D@p', -2), ('bigg:H2O@p', 1), ('bigg:TRE@p', 1))
E1T00940	transport	iJN1463;iML1515	iML1515:GLNtex;iJN1463:GLNtex	iML1515: gln__L_e <=> gln__L_p;iJN1463: gln__L_e <=> gln__L_p	mapped	(('bigg:GLN__L@e', -1), ('bigg:GLN__L@p', 1))
E1T00941	non_cytosolic	iJN1463;iML1515	iML1515:GLUNpp;iJN1463:GLUNpp	iML1515: gln__L_p + h2o_p --> glu__L_p + nh4_p;iJN1463: gln__L_p + h2o_p --> glu__L_p + nh4_p	mapped	(('bigg:GLN__L@p', -1), ('bigg:GLU__L@p', 1), ('bigg:H2O@p', -1), ('bigg:NH4@p', 1))
E1T00942	transport	iJN1463	iJN1463:GLUTARt2rpp	iJN1463: glutar_p + h_p <=> glutar_c + h_c	mapped	(('bigg:GLUTAR@cytosol', -1), ('bigg:GLUTAR@p', 1), ('bigg:H@cytosol', -1), ('bigg:H@p', 1))
E1T00943	transport	iJN1463	iJN1463:GLUTARtex	iJN1463: glutar_e <=> glutar_p	mapped	(('bigg:GLUTAR@e', -1), ('bigg:GLUTAR@p', 1))
E1T00944	transport	iJN1463;iML1515	iML1515:GLUt2rpp;iJN1463:GLUt2rpp	iML1515: glu__L_p + h_p <=> glu__L_c + h_c;iJN1463: glu__L_p + h_p --> glu__L_c + h_c	mapped	(('bigg:GLU__L@cytosol', -1), ('bigg:GLU__L@p', 1), ('bigg:H@cytosol', -1), ('bigg:H@p', 1))
E1T00945	transport	iJN1463;iML1515	iML1515:GLUt4pp;iJN1463:GLUt4pp	iML1515: glu__L_p + na1_p --> glu__L_c + na1_c;iJN1463: glu__L_p + na1_p --> glu__L_c + na1_c	mapped	(('bigg:GLU__L@cytosol', -1), ('bigg:GLU__L@p', 1), ('bigg:NA1@cytosol', -1), ('bigg:NA1@p', 1))
E1T00946	transport	iJN1463;iML1515	iML1515:GLUtex;iJN1463:GLUtex	iML1515: glu__L_e <=> glu__L_p;iJN1463: glu__L_e <=> glu__L_p	mapped	(('bigg:GLU__L@e', -1), ('bigg:GLU__L@p', 1))
E1T00947	transport	iML1515	iML1515:GLYtpp	iML1515: gly_c <=> gly_p	mapped	(('bigg:GLY@cytosol', -1), ('bigg:GLY@p', 1))
E1T00948	transport	iJN1463;iML1515	iML1515:GLYt2pp;iJN1463:GLYt2pp	iML1515: gly_p + h_p --> gly_c + h_c;iJN1463: gly_p + h_p --> gly_c + h_c	mapped	(('bigg:GLY@cytosol', -1), ('bigg:GLY@p', 1), ('bigg:H@cytosol', -1), ('bigg:H@p', 1))
E1T00949	transport	iJN1463;iML1515	iML1515:GLYt4pp;iJN1463:GLYt4pp	iML1515: gly_p + na1_p --> gly_c + na1_c;iJN1463: gly_p + na1_p --> gly_c + na1_c	mapped	(('bigg:GLY@cytosol', -1), ('bigg:GLY@p', 1), ('bigg:NA1@cytosol', -1), ('bigg:NA1@p', 1))
E1T00950	transport	iJN1463;iML1515	iML1515:GLYtex;iJN1463:GLYtex	iML1515: gly_e <=> gly_p;iJN1463: gly_e <=> gly_p	mapped	(('bigg:GLY@e', -1), ('bigg:GLY@p', 1))
E1T00951	transport	iJN1463;iML1515	iML1515:GLYALDtpp;iJN1463:GLYALDtpp	iML1515: glyald_p <=> glyald_c;iJN1463: glyald_p <=> glyald_c	mapped	(('bigg:GLYALD@cytosol', -1), ('bigg:GLYALD@p', 1))
E1T00952	transport	iJN1463;iML1515	iML1515:GLYALDtex;iJN1463:GLYALDtex	iML1515: glyald_e <=> glyald_p;iJN1463: glyald_e <=> glyald_p	mapped	(('bigg:GLYALD@e', -1), ('bigg:GLYALD@p', 1))
E1T00953	transport	iJN1463;iML1515	iML1515:GLYBt2pp;iJN1463:GLYBt2pp	iML1515: glyb_p + h_p --> glyb_c + h_c;iJN1463: glyb_p + h_p --> glyb_c + h_c	mapped	(('bigg:GLYB@cytosol', -1), ('bigg:GLYB@p', 1), ('bigg:H@cytosol', -1), ('bigg:H@p', 1))
E1T00954	transport	iML1515	iML1515:GLYBt3pp	iML1515: glyb_c + h_p --> glyb_p + h_c	mapped	(('bigg:GLYB@cytosol', -1), ('bigg:GLYB@p', 1), ('bigg:H@cytosol', 1), ('bigg:H@p', -1))
E1T00955	transport	iJN1463	iJN1463:GLYBti4pp	iJN1463: glyb_p + na1_p --> glyb_c + na1_c	mapped	(('bigg:GLYB@cytosol', -1), ('bigg:GLYB@p', 1), ('bigg:NA1@cytosol', -1), ('bigg:NA1@p', 1))
E1T00956	transport	iJN1463;iML1515	iML1515:GLYBtex;iJN1463:GLYBtex	iML1515: glyb_e <=> glyb_p;iJN1463: glyb_e <=> glyb_p	mapped	(('bigg:GLYB@e', -1), ('bigg:GLYB@p', 1))
E1T00957	transport	iML1515	iML1515:GLYC2Ptex	iML1515: glyc2p_e <=> glyc2p_p	mapped	(('bigg:GLYC2P@e', -1), ('bigg:GLYC2P@p', 1))
E1T00958	non_cytosolic	iML1515	iML1515:G2PPpp	iML1515: glyc2p_p + h2o_p --> glyc_p + pi_p	mapped	(('bigg:GLYC2P@p', -1), ('bigg:GLYC@p', 1), ('bigg:H2O@p', -1), ('bigg:PI@p', 1))
E1T00959	transport	iML1515	iML1515:GLYC3Pt6pp	iML1515: glyc3p_p + pi_c --> glyc3p_c + pi_p	mapped	(('bigg:GLYC3P@cytosol', -1), ('bigg:GLYC3P@p', 1), ('bigg:PI@cytosol', 1), ('bigg:PI@p', -1))
E1T00960	transport	iML1515	iML1515:GLYC3Ptex	iML1515: glyc3p_e <=> glyc3p_p	mapped	(('bigg:GLYC3P@e', -1), ('bigg:GLYC3P@p', 1))
E1T00961	transport	iJN1463;iML1515	iML1515:GLYCtpp;iJN1463:GLYCtpp	iML1515: glyc_c <=> glyc_p;iJN1463: glyc_c <=> glyc_p	mapped	(('bigg:GLYC@cytosol', -1), ('bigg:GLYC@p', 1))
E1T00962	transport	iJN1463;iML1515	iML1515:GLYCtex;iJN1463:GLYCtex	iML1515: glyc_e <=> glyc_p;iJN1463: glyc_e <=> glyc_p	mapped	(('bigg:GLYC@e', -1), ('bigg:GLYC@p', 1))
E1T00963	transport	iJN1463;iML1515	iML1515:GLYCLTt2rpp;iJN1463:GLYCLTt2rpp	iML1515: glyclt_p + h_p <=> glyclt_c + h_c;iJN1463: glyclt_p + h_p <=> glyclt_c + h_c	mapped	(('bigg:GLYCLT@cytosol', -1), ('bigg:GLYCLT@p', 1), ('bigg:H@cytosol', -1), ('bigg:H@p', 1))
E1T00964	transport	iJN1463;iML1515	iML1515:GLYCLTt4pp;iJN1463:GLYCLTt4pp	iML1515: glyclt_p + na1_p --> glyclt_c + na1_c;iJN1463: glyclt_p + na1_p --> glyclt_c + na1_c	mapped	(('bigg:GLYCLT@cytosol', -1), ('bigg:GLYCLT@p', 1), ('bigg:NA1@cytosol', -1), ('bigg:NA1@p', 1))
E1T00965	transport	iJN1463;iML1515	iML1515:GLYCLTtex;iJN1463:GLYCLTtex	iML1515: glyclt_e <=> glyclt_p;iJN1463: glyclt_e <=> glyclt_p	mapped	(('bigg:GLYCLT@e', -1), ('bigg:GLYCLT@p', 1))
E1T00966	transport	iJN1463	iJN1463:GLYCOLtex	iJN1463: glycol_e <=> glycol_p	mapped	(('bigg:GLYCOL@e', -1), ('bigg:GLYCOL@p', 1))
E1T00967	transport	iJN1463;iML1515	iML1515:GLYCAt2rpp;iJN1463:GLYCAt2rpp	iML1515: glyc__R_p + h_p <=> glyc__R_c + h_c;iJN1463: glyc__R_p + h_p <=> glyc__R_c + h_c	mapped	(('bigg:GLYC__R@cytosol', -1), ('bigg:GLYC__R@p', 1), ('bigg:H@cytosol', -1), ('bigg:H@p', 1))
E1T00968	transport	iJN1463;iML1515	iML1515:GLYCAtex;iJN1463:GLYCAtex	iML1515: glyc__R_e <=> glyc__R_p;iJN1463: glyc__R_e <=> glyc__R_p	mapped	(('bigg:GLYC__R@e', -1), ('bigg:GLYC__R@p', 1))
E1T00969	transport	iJN1463	iJN1463:GLYGLNtex	iJN1463: glygln_e <=> glygln_p	mapped	(('bigg:GLYGLN@e', -1), ('bigg:GLYGLN@p', 1))
E1T00970	transport	iJN1463	iJN1463:GLYGLUtex	iJN1463: glyglu_e <=> glyglu_p	mapped	(('bigg:GLYGLU@e', -1), ('bigg:GLYGLU@p', 1))
E1T00971	transport	iJN1463	iJN1463:GLYGLYtex	iJN1463: glygly_e <=> glygly_p	mapped	(('bigg:GLYGLY@e', -1), ('bigg:GLYGLY@p', 1))
E1T00972	transport	iJN1463	iJN1463:GLYMETtex	iJN1463: glymet_e <=> glymet_p	mapped	(('bigg:GLYMET@e', -1), ('bigg:GLYMET@p', 1))
E1T00973	transport	iJN1463	iJN1463:GLYPHEtex	iJN1463: glyphe_e <=> glyphe_p	mapped	(('bigg:GLYPHE@e', -1), ('bigg:GLYPHE@p', 1))
E1T00974	transport	iJN1463	iJN1463:GLYSERtex	iJN1463: glyser_e <=> glyser_p	mapped	(('bigg:GLYSER@e', -1), ('bigg:GLYSER@p', 1))
E1T00975	transport	iML1515	iML1515:GMPtex	iML1515: gmp_e <=> gmp_p	mapped	(('bigg:GMP@e', -1), ('bigg:GMP@p', 1))
E1T00976	non_cytosolic	iJN1463;iML1515	iML1515:NTD9pp;iJN1463:NTD9pp	iML1515: gmp_p + h2o_p --> gsn_p + pi_p;iJN1463: gmp_p + h2o_p --> gsn_p + pi_p	mapped	(('bigg:GMP@p', -1), ('bigg:GSN@p', 1), ('bigg:H2O@p', -1), ('bigg:PI@p', 1))
E1T00977	transport	iML1515	iML1515:GSNt2pp	iML1515: gsn_p + h_p --> gsn_c + h_c	mapped	(('bigg:GSN@cytosol', -1), ('bigg:GSN@p', 1), ('bigg:H@cytosol', -1), ('bigg:H@p', 1))
E1T00978	transport	iML1515	iML1515:GSNt3pp	iML1515: gsn_c + h_p --> gsn_p + h_c	mapped	(('bigg:GSN@cytosol', -1), ('bigg:GSN@p', 1), ('bigg:H@cytosol', 1), ('bigg:H@p', -1))
E1T00979	transport	iML1515	iML1515:GSNtex	iML1515: gsn_e <=> gsn_p	mapped	(('bigg:GSN@e', -1), ('bigg:GSN@p', 1))
E1T00980	transport	iML1515	iML1515:GTHOXtex	iML1515: gthox_e <=> gthox_p	mapped	(('bigg:GTHOX@e', -1), ('bigg:GTHOX@p', 1))
E1T00981	transport	iML1515	iML1515:GTHRDtex	iML1515: gthrd_e <=> gthrd_p	mapped	(('bigg:GTHRD@e', -1), ('bigg:GTHRD@p', 1))
E1T00982	transport	iML1515	iML1515:GTPtex	iML1515: gtp_e <=> gtp_p	mapped	(('bigg:GTP@e', -1), ('bigg:GTP@p', 1))
E1T00983	transport	iML1515	iML1515:GUAtpp	iML1515: gua_p <=> gua_c	mapped	(('bigg:GUA@cytosol', -1), ('bigg:GUA@p', 1))
E1T00984	transport	iJN1463;iML1515	iML1515:GUAt2pp;iJN1463:GUAt2pp	iML1515: gua_p + h_p --> gua_c + h_c;iJN1463: gua_p + h_p --> gua_c + h_c	mapped	(('bigg:GUA@cytosol', -1), ('bigg:GUA@p', 1), ('bigg:H@cytosol', -1), ('bigg:H@p', 1))
E1T00985	transport	iJN1463;iML1515	iML1515:GUAtex;iJN1463:GUAtex	iML1515: gua_e <=> gua_p;iJN1463: gua_e <=> gua_p	mapped	(('bigg:GUA@e', -1), ('bigg:GUA@p', 1))
E1T00986	transport	iJN1463	iJN1463:GUDACtex	iJN1463: gudac_e <=> gudac_p	mapped	(('bigg:GUDAC@e', -1), ('bigg:GUDAC@p', 1))
E1T00987	transport	iJN1463	iJN1463:GUDPTNtex	iJN1463: gudptn_e <=> gudptn_p	mapped	(('bigg:GUDPTN@e', -1), ('bigg:GUDPTN@p', 1))
E1T00988	transport	iML1515	iML1515:HYD2pp	iML1515: h2_c + 2.0 h_c + mqn8_c --> 2.0 h_p + mql8_c	mapped	(('bigg:H2@cytosol', -1), ('bigg:H@cytosol', -2), ('bigg:H@p', 2), ('bigg:MQL8@cytosol', 1), ('bigg:MQN8@cytosol', -1))
E1T00989	transport	iCN1361	iCN1361:R_MBH_HYDROGENASE	iCN1361: M_HYDROGEN_MOLECULE + 2.0 M_PROTON + M_Ubiquinones --> 2.0 M_PROTON_p + M_Ubiquinols	mapped	(('bigg:H2@cytosol', -1), ('bigg:H@cytosol', -2), ('bigg:H@p', 2), ('bigg:Q8@cytosol', -1), ('bigg:QH2@cytosol', 1))
E1T00990	non_cytosolic	iML1515	iML1515:PPTHpp	iML1515: h2o_p + ppt_p --> h2_p + pi_p	mapped	(('bigg:H2@p', -1), ('bigg:H2O@p', 1), ('bigg:PI@p', -1), ('bigg:PPT@p', 1))
E1T00991	transport	iJN1463;iML1515	iML1515:H2O2tex;iJN1463:H2O2tex	iML1515: h2o2_e <=> h2o2_p;iJN1463: h2o2_e <=> h2o2_p	mapped	(('bigg:H2O2@e', -1), ('bigg:H2O2@p', 1))
E1T00992	non_cytosolic	iML1515	iML1515:PEAMNOpp	iML1515: h2o_p + o2_p + peamn_p --> h2o2_p + nh4_p + pacald_p	mapped	(('bigg:H2O2@p', -1), ('bigg:H2O@p', 1), ('bigg:NH4@p', -1), ('bigg:O2@p', 1), ('bigg:PACALD@p', -1), ('bigg:PEAMN@p', 1))
E1T00993	non_cytosolic	iML1515	iML1515:SPODMpp	iML1515: 2.0 h_p + 2.0 o2s_p --> h2o2_p + o2_p	mapped	(('bigg:H2O2@p', -1), ('bigg:H@p', 2), ('bigg:O2@p', -1), ('bigg:O2S@p', 2))
E1T00994	non_cytosolic	iJN1463	iJN1463:CATpp	iJN1463: 2.0 h2o2_p --> 2.0 h2o_p + o2_p	mapped	(('bigg:H2O2@p', -2), ('bigg:H2O@p', 2), ('bigg:O2@p', 1))
E1T00995	transport	iML1515	iML1515:NMNt7pp	iML1515: h2o_c + nmn_p --> h_c + ncam_c + r5p_c	mapped	(('bigg:H2O@cytosol', -1), ('bigg:H@cytosol', 1), ('bigg:NCAM@cytosol', 1), ('bigg:NMN@p', -1), ('bigg:R5P@cytosol', 1))
E1T00996	transport	iML1515	iML1515:NO3R2pp	iML1515: 2.0 h_c + mql8_c + no3_c --> h2o_c + 2.0 h_p + mqn8_c + no2_c	mapped	(('bigg:H2O@cytosol', -1), ('bigg:H@cytosol', 2), ('bigg:H@p', -2), ('bigg:MQL8@cytosol', 1), ('bigg:MQN8@cytosol', -1), ('bigg:NO2@cytosol', -1), ('bigg:NO3@cytosol', 1))
E1T00997	transport	iML1515	iML1515:NO3R1pp	iML1515: 2.0 h_c + no3_c + q8h2_c --> h2o_c + 2.0 h_p + no2_c + q8_c	mapped	(('bigg:H2O@cytosol', -1), ('bigg:H@cytosol', 2), ('bigg:H@p', -2), ('bigg:NO2@cytosol', -1), ('bigg:NO3@cytosol', 1), ('bigg:Q8@cytosol', -1), ('bigg:Q8H2@cytosol', 1))
E1T00998	transport	iCN1361	iCN1361:R_RXN0_3501	iCN1361: M_NITRATE + 2.0 M_PROTON + M_Ubiquinols --> M_NITRITE + 2.0 M_PROTON_p + M_Ubiquinones + M_WATER	mapped	(('bigg:H2O@cytosol', -1), ('bigg:H@cytosol', 2), ('bigg:H@p', -2), ('bigg:NO2@cytosol', -1), ('bigg:NO3@cytosol', 1), ('bigg:Q8@cytosol', -1), ('bigg:QH2@cytosol', 1))
E1T00999	transport	iML1515	iML1515:CYTBD2pp	iML1515: 2.0 h_c + mql8_c + 0.5 o2_c --> h2o_c + 2.0 h_p + mqn8_c	mapped	(('bigg:H2O@cytosol', -2), ('bigg:H@cytosol', 4), ('bigg:H@p', -4), ('bigg:MQL8@cytosol', 2), ('bigg:MQN8@cytosol', -2), ('bigg:O2@cytosol', 1))
E1T01000	transport	iJN1463;iML1515	iML1515:CYTBDpp;iJN1463:CYTBDpp	iML1515: 2.0 h_c + 0.5 o2_c + q8h2_c --> h2o_c + 2.0 h_p + q8_c;iJN1463: 2.0 h_c + 0.5 o2_c + q8h2_c --> h2o_c + 2.0 h_p + q8_c	mapped	(('bigg:H2O@cytosol', -2), ('bigg:H@cytosol', 4), ('bigg:H@p', -4), ('bigg:O2@cytosol', 1), ('bigg:Q8@cytosol', -2), ('bigg:Q8H2@cytosol', 2))
E1T01001	transport	iCN1361	iCN1361:R_QUIN_OXIDASE_bd	iCN1361: 0.5 M_OXYGEN_MOLECULE + 2.0 M_PROTON + M_Ubiquinols --> 2.0 M_PROTON_p + M_Ubiquinones + M_WATER	mapped	(('bigg:H2O@cytosol', -2), ('bigg:H@cytosol', 4), ('bigg:H@p', -4), ('bigg:O2@cytosol', 1), ('bigg:Q8@cytosol', -2), ('bigg:QH2@cytosol', 2))
E1T01002	transport	iJN1463;iML1515	iML1515:CYTBO3_4pp;iJN1463:CYTBO3_4pp	iML1515: 4.0 h_c + 0.5 o2_c + q8h2_c --> h2o_c + 4.0 h_p + q8_c;iJN1463: 4.0 h_c + 0.5 o2_c + q8h2_c --> h2o_c + 4.0 h_p + q8_c	mapped	(('bigg:H2O@cytosol', -2), ('bigg:H@cytosol', 8), ('bigg:H@p', -8), ('bigg:O2@cytosol', 1), ('bigg:Q8@cytosol', -2), ('bigg:Q8H2@cytosol', 2))
E1T01003	transport	iCN1361	iCN1361:R_QUIN_OXIDASE_b03	iCN1361: 0.5 M_OXYGEN_MOLECULE + 4.0 M_PROTON + M_Ubiquinols --> 4.0 M_PROTON_p + M_Ubiquinones + M_WATER	mapped	(('bigg:H2O@cytosol', -2), ('bigg:H@cytosol', 8), ('bigg:H@p', -8), ('bigg:O2@cytosol', 1), ('bigg:Q8@cytosol', -2), ('bigg:QH2@cytosol', 2))
E1T01004	non_cytosolic	iML1515	iML1515:LIPAHTex	iML1515: h_e + hdca_e + lipa_e --> h2o_e + halipa_e	mapped	(('bigg:H2O@e', -1), ('bigg:H@e', 1), ('bigg:HALIPA@e', -1), ('bigg:HDCA@e', 1), ('bigg:LIPA@e', 1))
E1T01005	transport	iML1515	iML1515:TMAOR1pp	iML1515: h_p + mql8_c + tmao_p --> h2o_p + mqn8_c + tma_p	mapped	(('bigg:H2O@p', -1), ('bigg:H@p', 1), ('bigg:MQL8@cytosol', 1), ('bigg:MQN8@cytosol', -1), ('bigg:TMA@p', -1), ('bigg:TMAO@p', 1))
E1T01006	non_cytosolic	iJN1463;iML1515	iML1515:UDCPDPpp;iJN1463:UDCPDPpp	iML1515: h2o_p + udcpdp_p --> h_p + pi_p + udcpp_p;iJN1463: h2o_p + udcpdp_p --> h_p + pi_p + udcpp_p	mapped	(('bigg:H2O@p', -1), ('bigg:H@p', 1), ('bigg:PI@p', 1), ('bigg:UDCPDP@p', -1), ('bigg:UDCPP@p', 1))
E1T01007	non_cytosolic	iJN1463;iML1515	iML1515:NTD11pp;iJN1463:NTD11pp	iML1515: h2o_p + imp_p --> ins_p + pi_p;iJN1463: h2o_p + imp_p --> ins_p + pi_p	mapped	(('bigg:H2O@p', -1), ('bigg:IMP@p', -1), ('bigg:INS@p', 1), ('bigg:PI@p', 1))
E1T01008	transport	iML1515	iML1515:NO3R2bpp	iML1515: mql8_c + no3_p --> h2o_p + mqn8_c + no2_p	mapped	(('bigg:H2O@p', -1), ('bigg:MQL8@cytosol', 1), ('bigg:MQN8@cytosol', -1), ('bigg:NO2@p', -1), ('bigg:NO3@p', 1))
E1T01009	non_cytosolic	iJN1463;iML1515	iML1515:MLDEP1pp;iJN1463:MLDEP1pp	iML1515: h2o_p + murein3px3p_p --> murein3p3p_p;iJN1463: h2o_p + murein3px3p_p --> murein3p3p_p	mapped	(('bigg:H2O@p', -1), ('bigg:MUREIN3P3P@p', 1), ('bigg:MUREIN3PX3P@p', -1))
E1T01010	non_cytosolic	iJN1463;iML1515	iML1515:MDDEP2pp;iJN1463:MDDEP2pp	iML1515: h2o_p + murein3px4p_p --> murein4p3p_p;iJN1463: h2o_p + murein3px4p_p --> murein4p3p_p	mapped	(('bigg:H2O@p', -1), ('bigg:MUREIN3PX4P@p', -1), ('bigg:MUREIN4P3P@p', 1))
E1T01011	non_cytosolic	iJN1463;iML1515	iML1515:MDDEP1pp;iJN1463:MDDEP1pp	iML1515: h2o_p + murein4px4p_p --> murein4p4p_p;iJN1463: h2o_p + murein4px4p_p --> murein4p4p_p	mapped	(('bigg:H2O@p', -1), ('bigg:MUREIN4P4P@p', 1), ('bigg:MUREIN4PX4P@p', -1))
E1T01012	non_cytosolic	iJN1463;iML1515	iML1515:MDDEP4pp;iJN1463:MDDEP4pp	iML1515: h2o_p + murein4px4px4p_p --> murein4px4p4p_p;iJN1463: h2o_p + murein4px4px4p_p --> murein4px4p4p_p	mapped	(('bigg:H2O@p', -1), ('bigg:MUREIN4PX4P4P@p', 1), ('bigg:MUREIN4PX4PX4P@p', -1))
E1T01013	non_cytosolic	iJN1463;iML1515	iML1515:MLDEP2pp;iJN1463:MLDEP2pp	iML1515: h2o_p + murein5px3p_p --> murein5p3p_p;iJN1463: h2o_p + murein5px3p_p --> murein5p3p_p	mapped	(('bigg:H2O@p', -1), ('bigg:MUREIN5P3P@p', 1), ('bigg:MUREIN5PX3P@p', -1))
E1T01014	non_cytosolic	iJN1463;iML1515	iML1515:MDDEP3pp;iJN1463:MDDEP3pp	iML1515: h2o_p + murein5px4p_p --> murein5p4p_p;iJN1463: h2o_p + murein5px4p_p --> murein5p4p_p	mapped	(('bigg:H2O@p', -1), ('bigg:MUREIN5P4P@p', 1), ('bigg:MUREIN5PX4P@p', -1))
E1T01015	non_cytosolic	iJN1463	iJN1463:PEAMNO2pp	iJN1463: h2o_p + peamn_p + pqq_p --> nh4_p + pacald_p + pqqh2_p	mapped	(('bigg:H2O@p', -1), ('bigg:NH4@p', 1), ('bigg:PACALD@p', 1), ('bigg:PEAMN@p', -1), ('bigg:PQQ@p', -1), ('bigg:PQQH2@p', 1))
E1T01016	transport	iML1515	iML1515:NO3R1bpp	iML1515: no3_p + q8h2_c --> h2o_p + no2_p + q8_c	mapped	(('bigg:H2O@p', -1), ('bigg:NO2@p', -1), ('bigg:NO3@p', 1), ('bigg:Q8@cytosol', -1), ('bigg:Q8H2@cytosol', 1))
E1T01017	non_cytosolic	iJN1463;iML1515	iML1515:PGPP120pp;iJN1463:PGPP120pp	iML1515: h2o_p + pgp120_p --> pg120_p + pi_p;iJN1463: h2o_p + pgp120_p --> pg120_p + pi_p	mapped	(('bigg:H2O@p', -1), ('bigg:PG120@p', 1), ('bigg:PGP120@p', -1), ('bigg:PI@p', 1))
E1T01018	non_cytosolic	iJN1463;iML1515	iML1515:PGPP140pp;iJN1463:PGPP140pp	iML1515: h2o_p + pgp140_p --> pg140_p + pi_p;iJN1463: h2o_p + pgp140_p --> pg140_p + pi_p	mapped	(('bigg:H2O@p', -1), ('bigg:PG140@p', 1), ('bigg:PGP140@p', -1), ('bigg:PI@p', 1))
E1T01019	non_cytosolic	iJN1463;iML1515	iML1515:PGPP141pp;iJN1463:PGPP141pp	iML1515: h2o_p + pgp141_p --> pg141_p + pi_p;iJN1463: h2o_p + pgp141_p --> pg141_p + pi_p	mapped	(('bigg:H2O@p', -1), ('bigg:PG141@p', 1), ('bigg:PGP141@p', -1), ('bigg:PI@p', 1))
E1T01020	non_cytosolic	iJN1463;iML1515	iML1515:PGPP160pp;iJN1463:PGPP160pp	iML1515: h2o_p + pgp160_p --> pg160_p + pi_p;iJN1463: h2o_p + pgp160_p --> pg160_p + pi_p	mapped	(('bigg:H2O@p', -1), ('bigg:PG160@p', 1), ('bigg:PGP160@p', -1), ('bigg:PI@p', 1))
E1T01021	non_cytosolic	iJN1463;iML1515	iML1515:PGPP161pp;iJN1463:PGPP161pp	iML1515: h2o_p + pgp161_p --> pg161_p + pi_p;iJN1463: h2o_p + pgp161_p --> pg161_p + pi_p	mapped	(('bigg:H2O@p', -1), ('bigg:PG161@p', 1), ('bigg:PGP161@p', -1), ('bigg:PI@p', 1))
E1T01022	non_cytosolic	iJN1463;iML1515	iML1515:PGPP180pp;iJN1463:PGPP180pp	iML1515: h2o_p + pgp180_p --> pg180_p + pi_p;iJN1463: h2o_p + pgp180_p --> pg180_p + pi_p	mapped	(('bigg:H2O@p', -1), ('bigg:PG180@p', 1), ('bigg:PGP180@p', -1), ('bigg:PI@p', 1))
E1T01023	non_cytosolic	iJN1463;iML1515	iML1515:PGPP181pp;iJN1463:PGPP181pp	iML1515: h2o_p + pgp181_p --> pg181_p + pi_p;iJN1463: h2o_p + pgp181_p --> pg181_p + pi_p	mapped	(('bigg:H2O@p', -1), ('bigg:PG181@p', 1), ('bigg:PGP181@p', -1), ('bigg:PI@p', 1))
E1T01024	non_cytosolic	iML1515	iML1515:PSP_Lpp	iML1515: h2o_p + pser__L_p --> pi_p + ser__L_p	mapped	(('bigg:H2O@p', -1), ('bigg:PI@p', 1), ('bigg:PSER__L@p', -1), ('bigg:SER__L@p', 1))
E1T01025	non_cytosolic	iML1515	iML1515:R5PPpp	iML1515: h2o_p + r5p_p --> pi_p + rib__D_p	mapped	(('bigg:H2O@p', -1), ('bigg:PI@p', 1), ('bigg:R5P@p', -1), ('bigg:RIB__D@p', 1))
E1T01026	non_cytosolic	iML1515	iML1515:PTHRpp	iML1515: h2o_p + thrp_p --> pi_p + thr__L_p	mapped	(('bigg:H2O@p', -1), ('bigg:PI@p', 1), ('bigg:THRP@p', -1), ('bigg:THR__L@p', 1))
E1T01027	non_cytosolic	iML1515	iML1515:TYRPpp	iML1515: h2o_p + tyrp_p --> pi_p + tyr__L_p	mapped	(('bigg:H2O@p', -1), ('bigg:PI@p', 1), ('bigg:TYRP@p', -1), ('bigg:TYR__L@p', 1))
E1T01028	non_cytosolic	iJN1463;iML1515	iML1515:NTD2pp;iJN1463:NTD2pp	iML1515: h2o_p + ump_p --> pi_p + uri_p;iJN1463: h2o_p + ump_p --> pi_p + uri_p	mapped	(('bigg:H2O@p', -1), ('bigg:PI@p', 1), ('bigg:UMP@p', -1), ('bigg:URI@p', 1))
E1T01029	non_cytosolic	iJN1463;iML1515	iML1515:NTD10pp;iJN1463:NTD10pp	iML1515: h2o_p + xmp_p --> pi_p + xtsn_p;iJN1463: h2o_p + xmp_p --> pi_p + xtsn_p	mapped	(('bigg:H2O@p', -1), ('bigg:PI@p', 1), ('bigg:XMP@p', -1), ('bigg:XTSN@p', 1))
E1T01030	transport	iML1515	iML1515:NTRIR4pp	iML1515: 2.0 h_p + 3.0 mql8_c + no2_p --> 2.0 h2o_p + 3.0 mqn8_c + nh4_p	mapped	(('bigg:H2O@p', -2), ('bigg:H@p', 2), ('bigg:MQL8@cytosol', 3), ('bigg:MQN8@cytosol', -3), ('bigg:NH4@p', -1), ('bigg:NO2@p', 1))
E1T01031	transport	iML1515	iML1515:NTRIR3pp	iML1515: 2.0 h_p + no2_p + 3.0 q8h2_c --> 2.0 h2o_p + nh4_p + 3.0 q8_c	mapped	(('bigg:H2O@p', -2), ('bigg:H@p', 2), ('bigg:NH4@p', -1), ('bigg:NO2@p', 1), ('bigg:Q8@cytosol', -3), ('bigg:Q8H2@cytosol', 3))
E1T01032	non_cytosolic	iJN1463	iJN1463:ALGL	iJN1463: 4.0 h2o_p + prealginate__M_p --> 5.0 manur_p	mapped	(('bigg:H2O@p', -4), ('bigg:MANUR@p', 5), ('bigg:PREALGINATE__M@p', -1))
E1T01033	non_cytosolic	iML1515	iML1515:PHYTSpp	iML1515: 6.0 h2o_p + minohp_p --> inost_p + 6.0 pi_p	mapped	(('bigg:H2O@p', -6), ('bigg:INOST@p', 1), ('bigg:MINOHP@p', -1), ('bigg:PI@p', 6))
E1T01034	transport	iJN1463;iML1515	iML1515:HG2t3pp;iJN1463:HG2t3pp	iML1515: h_p + hg2_c --> h_c + hg2_p;iJN1463: h_p + hg2_c --> h_c + hg2_p	mapped	(('bigg:H@cytosol', -1), ('bigg:H@p', 1), ('bigg:HG2@cytosol', 1), ('bigg:HG2@p', -1))
E1T01035	transport	iJN1463	iJN1463:HGENTISt2pp	iJN1463: h_p + hgentis_p --> h_c + hgentis_c	mapped	(('bigg:H@cytosol', -1), ('bigg:H@p', 1), ('bigg:HGENTIS@cytosol', -1), ('bigg:HGENTIS@p', 1))
E1T01036	transport	iJN1463;iML1515	iML1515:HISt2rpp;iJN1463:HISt2rpp	iML1515: h_p + his__L_p <=> h_c + his__L_c;iJN1463: h_p + his__L_p <=> h_c + his__L_c	mapped	(('bigg:H@cytosol', -1), ('bigg:H@p', 1), ('bigg:HIS__L@cytosol', -1), ('bigg:HIS__L@p', 1))
E1T01037	transport	iJN1463	iJN1463:HOMtpp	iJN1463: h_p + hom__L_p --> h_c + hom__L_c	mapped	(('bigg:H@cytosol', -1), ('bigg:H@p', 1), ('bigg:HOM__L@cytosol', -1), ('bigg:HOM__L@p', 1))
E1T01038	transport	iJN1463;iML1515	iML1515:HOMt2pp;iJN1463:HOMt2pp	iML1515: h_p + hom__L_c --> h_c + hom__L_p;iJN1463: h_p + hom__L_c --> h_c + hom__L_p	mapped	(('bigg:H@cytosol', -1), ('bigg:H@p', 1), ('bigg:HOM__L@cytosol', 1), ('bigg:HOM__L@p', -1))
E1T01039	transport	iML1515	iML1515:HEXt2rpp	iML1515: h_p + hxa_p <=> h_c + hxa_c	mapped	(('bigg:H@cytosol', -1), ('bigg:H@p', 1), ('bigg:HXA@cytosol', -1), ('bigg:HXA@p', 1))
E1T01040	transport	iJN1463	iJN1463:HXANt2pp	iJN1463: h_p + hxan_p --> h_c + hxan_c	mapped	(('bigg:H@cytosol', -1), ('bigg:H@p', 1), ('bigg:HXAN@cytosol', -1), ('bigg:HXAN@p', 1))
E1T01041	transport	iJN1463	iJN1463:ICITt_kt	iJN1463: h_p + icit_p <=> h_c + icit_c	mapped	(('bigg:H@cytosol', -1), ('bigg:H@p', 1), ('bigg:ICIT@cytosol', -1), ('bigg:ICIT@p', 1))
E1T01042	transport	iML1515	iML1515:IDONt2rpp	iML1515: h_p + idon__L_p <=> h_c + idon__L_c	mapped	(('bigg:H@cytosol', -1), ('bigg:H@p', 1), ('bigg:IDON__L@cytosol', -1), ('bigg:IDON__L@p', 1))
E1T01043	transport	iJN1463;iML1515	iML1515:ILEt2rpp;iJN1463:ILEt2rpp	iML1515: h_p + ile__L_p --> h_c + ile__L_c;iJN1463: h_p + ile__L_p <=> h_c + ile__L_c	mapped	(('bigg:H@cytosol', -1), ('bigg:H@p', 1), ('bigg:ILE__L@cytosol', -1), ('bigg:ILE__L@p', 1))
E1T01044	transport	iML1515	iML1515:ILEt3pp	iML1515: h_p + ile__L_c --> h_c + ile__L_p	mapped	(('bigg:H@cytosol', -1), ('bigg:H@p', 1), ('bigg:ILE__L@cytosol', 1), ('bigg:ILE__L@p', -1))
E1T01045	transport	iJN1463	iJN1463:IND3ACtpp	iJN1463: h_p + ind3ac_c --> h_c + ind3ac_p	mapped	(('bigg:H@cytosol', -1), ('bigg:H@p', 1), ('bigg:IND3AC@cytosol', 1), ('bigg:IND3AC@p', -1))
E1T01046	transport	iML1515	iML1515:INDOLEt2pp;iML1515:INDOLEt2rpp	iML1515: h_c + indole_c --> h_p + indole_p;iML1515: h_p + indole_p --> h_c + indole_c	mapped	(('bigg:H@cytosol', -1), ('bigg:H@p', 1), ('bigg:INDOLE@cytosol', -1), ('bigg:INDOLE@p', 1))
E1T01047	transport	iJN1463	iJN1463:INDOLEt5	iJN1463: h_p + indole_c --> h_c + indole_e	mapped	(('bigg:H@cytosol', -1), ('bigg:H@p', 1), ('bigg:INDOLE@cytosol', 1), ('bigg:INDOLE@e', -1))
E1T01048	transport	iJN1463	iJN1463:INDOLEt6	iJN1463: h_p + indole_p --> h_c + indole_e	mapped	(('bigg:H@cytosol', -1), ('bigg:H@p', 1), ('bigg:INDOLE@e', -1), ('bigg:INDOLE@p', 1))
E1T01049	transport	iML1515	iML1515:INSt2pp	iML1515: h_p + ins_p --> h_c + ins_c	mapped	(('bigg:H@cytosol', -1), ('bigg:H@p', 1), ('bigg:INS@cytosol', -1), ('bigg:INS@p', 1))
E1T01050	transport	iML1515	iML1515:INSt3pp	iML1515: h_p + ins_c --> h_c + ins_p	mapped	(('bigg:H@cytosol', -1), ('bigg:H@p', 1), ('bigg:INS@cytosol', 1), ('bigg:INS@p', -1))
E1T01051	transport	iJN1463;iML1515	iML1515:Kt2pp;iJN1463:Kt2pp	iML1515: h_p + k_p --> h_c + k_c;iJN1463: h_p + k_p --> h_c + k_c	mapped	(('bigg:H@cytosol', -1), ('bigg:H@p', 1), ('bigg:K@cytosol', -1), ('bigg:K@p', 1))
E1T01052	transport	iJN1463	iJN1463:NI2t4pp	iJN1463: h_p + k_p + ni2_c --> h_c + k_c + ni2_p	mapped	(('bigg:H@cytosol', -1), ('bigg:H@p', 1), ('bigg:K@cytosol', -1), ('bigg:K@p', 1), ('bigg:NI2@cytosol', 1), ('bigg:NI2@p', -1))
E1T01053	transport	iJN1463	iJN1463:ZN2t4pp	iJN1463: h_p + k_p + zn2_c --> h_c + k_c + zn2_p	mapped	(('bigg:H@cytosol', -1), ('bigg:H@p', 1), ('bigg:K@cytosol', -1), ('bigg:K@p', 1), ('bigg:ZN2@cytosol', 1), ('bigg:ZN2@p', -1))
E1T01054	transport	iJN1463;iML1515	iML1515:Kt3pp;iJN1463:Kt3pp	iML1515: h_p + k_c --> h_c + k_p;iJN1463: h_p + k_c --> h_c + k_p	mapped	(('bigg:H@cytosol', -1), ('bigg:H@p', 1), ('bigg:K@cytosol', 1), ('bigg:K@p', -1))
E1T01055	transport	iJN1463;iML1515	iML1515:D_LACt2pp;iJN1463:D_LACt2pp	iML1515: h_p + lac__D_p <=> h_c + lac__D_c;iJN1463: h_p + lac__D_p <=> h_c + lac__D_c	mapped	(('bigg:H@cytosol', -1), ('bigg:H@p', 1), ('bigg:LAC__D@cytosol', -1), ('bigg:LAC__D@p', 1))
E1T01056	transport	iJN1463;iML1515	iML1515:L_LACt2rpp;iJN1463:L_LACt2rpp	iML1515: h_p + lac__L_p <=> h_c + lac__L_c;iJN1463: h_p + lac__L_p <=> h_c + lac__L_c	mapped	(('bigg:H@cytosol', -1), ('bigg:H@p', 1), ('bigg:LAC__L@cytosol', -1), ('bigg:LAC__L@p', 1))
E1T01057	transport	iML1515	iML1515:LALADGLUtpp	iML1515: LalaDglu_p + h_p --> LalaDglu_c + h_c	mapped	(('bigg:H@cytosol', -1), ('bigg:H@p', 1), ('bigg:LALADGLU@cytosol', -1), ('bigg:LALADGLU@p', 1))
E1T01058	transport	iML1515	iML1515:LALALGLUtpp	iML1515: LalaLglu_p + h_p --> LalaLglu_c + h_c	mapped	(('bigg:H@cytosol', -1), ('bigg:H@p', 1), ('bigg:LALALGLU@cytosol', -1), ('bigg:LALALGLU@p', 1))
E1T01059	transport	iML1515	iML1515:LCTStpp	iML1515: h_p + lcts_p --> h_c + lcts_c	mapped	(('bigg:H@cytosol', -1), ('bigg:H@p', 1), ('bigg:LCTS@cytosol', -1), ('bigg:LCTS@p', 1))
E1T01060	transport	iJN1463;iML1515	iML1515:LCTSt3ipp;iJN1463:LCTSt3ipp	iML1515: h_p + lcts_c --> h_c + lcts_p;iJN1463: h_p + lcts_c --> h_c + lcts_p	mapped	(('bigg:H@cytosol', -1), ('bigg:H@p', 1), ('bigg:LCTS@cytosol', 1), ('bigg:LCTS@p', -1))
E1T01061	transport	iJN1463;iML1515	iML1515:LEUt2rpp;iJN1463:LEUt2rpp	iML1515: h_p + leu__L_p --> h_c + leu__L_c;iJN1463: h_p + leu__L_p <=> h_c + leu__L_c	mapped	(('bigg:H@cytosol', -1), ('bigg:H@p', 1), ('bigg:LEU__L@cytosol', -1), ('bigg:LEU__L@p', 1))
E1T01062	transport	iML1515	iML1515:LEUt3pp	iML1515: h_p + leu__L_c --> h_c + leu__L_p	mapped	(('bigg:H@cytosol', -1), ('bigg:H@p', 1), ('bigg:LEU__L@cytosol', 1), ('bigg:LEU__L@p', -1))
E1T01063	transport	iML1515	iML1515:LIPOt2pp	iML1515: h_p + lipoate_p --> h_c + lipoate_c	mapped	(('bigg:H@cytosol', -1), ('bigg:H@p', 1), ('bigg:LIPOATE@cytosol', -1), ('bigg:LIPOATE@p', 1))
E1T01064	transport	iML1515	iML1515:LYXt2pp	iML1515: h_p + lyx__L_p --> h_c + lyx__L_c	mapped	(('bigg:H@cytosol', -1), ('bigg:H@p', 1), ('bigg:LYX__L@cytosol', -1), ('bigg:LYX__L@p', 1))
E1T01065	transport	iML1515	iML1515:MALt3pp	iML1515: h_p + mal__L_c --> h_c + mal__L_p	mapped	(('bigg:H@cytosol', -1), ('bigg:H@p', 1), ('bigg:MAL__L@cytosol', 1), ('bigg:MAL__L@p', -1))
E1T01066	transport	iJN1463	iJN1463:MCBTFtpp	iJN1463: h_p + mcbtt_c --> h_c + mcbtt_p	mapped	(('bigg:H@cytosol', -1), ('bigg:H@p', 1), ('bigg:MCBTT@cytosol', 1), ('bigg:MCBTT@p', -1))
E1T01067	transport	iJN1463	iJN1463:MCBTFtex	iJN1463: h_p + mcbtt_p --> h_c + mcbtt_e	mapped	(('bigg:H@cytosol', -1), ('bigg:H@p', 1), ('bigg:MCBTT@e', -1), ('bigg:MCBTT@p', 1))
E1T01068	transport	iML1515	iML1515:MELIBt2pp	iML1515: h_p + melib_p --> h_c + melib_c	mapped	(('bigg:H@cytosol', -1), ('bigg:H@p', 1), ('bigg:MELIB@cytosol', -1), ('bigg:MELIB@p', 1))
E1T01069	transport	iJN1463;iML1515	iML1515:MELIBt3ipp;iJN1463:MELIBt3ipp	iML1515: h_p + melib_c --> h_c + melib_p;iJN1463: h_p + melib_c --> h_c + melib_p	mapped	(('bigg:H@cytosol', -1), ('bigg:H@p', 1), ('bigg:MELIB@cytosol', 1), ('bigg:MELIB@p', -1))
E1T01070	transport	iML1515	iML1515:METGLCURt2pp	iML1515: h_p + metglcur_p --> h_c + metglcur_c	mapped	(('bigg:H@cytosol', -1), ('bigg:H@p', 1), ('bigg:METGLCUR@cytosol', -1), ('bigg:METGLCUR@p', 1))
E1T01071	transport	iML1515	iML1515:METt3pp	iML1515: h_p + met__L_c --> h_c + met__L_p	mapped	(('bigg:H@cytosol', -1), ('bigg:H@p', 1), ('bigg:MET__L@cytosol', 1), ('bigg:MET__L@p', -1))
E1T01072	transport	iML1515	iML1515:MINCYCtpp	iML1515: h_p + mincyc_p --> h_c + mincyc_e	mapped	(('bigg:H@cytosol', -1), ('bigg:H@p', 1), ('bigg:MINCYC@e', -1), ('bigg:MINCYC@p', 1))
E1T01073	transport	iJN1463;iML1515	iML1515:MMETt2pp;iJN1463:MMETt2pp	iML1515: h_p + mmet_p --> h_c + mmet_c;iJN1463: h_p + mmet_p --> h_c + mmet_c	mapped	(('bigg:H@cytosol', -1), ('bigg:H@p', 1), ('bigg:MMET@cytosol', -1), ('bigg:MMET@p', 1))
E1T01074	transport	iML1515	iML1515:MNt2pp	iML1515: h_p + mn2_p --> h_c + mn2_c	mapped	(('bigg:H@cytosol', -1), ('bigg:H@p', 1), ('bigg:MN2@cytosol', -1), ('bigg:MN2@p', 1))
E1T01075	transport	iJN1463;iML1515	iML1515:MN2t3pp;iJN1463:MN2t3pp	iML1515: h_p + mn2_c --> h_c + mn2_p;iJN1463: h_p + mn2_c --> h_c + mn2_p	mapped	(('bigg:H@cytosol', -1), ('bigg:H@p', 1), ('bigg:MN2@cytosol', 1), ('bigg:MN2@p', -1))
E1T01076	transport	iJN1463	iJN1463:MXYLt5	iJN1463: h_p + m_xyl_c --> h_c + m_xyl_e	mapped	(('bigg:H@cytosol', -1), ('bigg:H@p', 1), ('bigg:M_XYL@cytosol', 1), ('bigg:M_XYL@e', -1))
E1T01077	transport	iJN1463	iJN1463:MXYLt6	iJN1463: h_p + m_xyl_p --> h_c + m_xyl_e	mapped	(('bigg:H@cytosol', -1), ('bigg:H@p', 1), ('bigg:M_XYL@e', -1), ('bigg:M_XYL@p', 1))
E1T01078	transport	iJN1463;iML1515	iML1515:NAt3pp;iJN1463:NAt3pp_copy1;iJN1463:NAt3pp_copy2	iML1515: h_p + na1_c --> h_c + na1_p;iJN1463: h_p + na1_c <=> h_c + na1_p;iJN1463: h_p + na1_c --> h_c + na1_p	mapped	(('bigg:H@cytosol', -1), ('bigg:H@p', 1), ('bigg:NA1@cytosol', 1), ('bigg:NA1@p', -1))
E1T01079	transport	iJN1463	iJN1463:NACt1pp	iJN1463: h_p + nac_p <=> h_c + nac_c	mapped	(('bigg:H@cytosol', -1), ('bigg:H@p', 1), ('bigg:NAC@cytosol', -1), ('bigg:NAC@p', 1))
E1T01080	transport	iJN1463	iJN1463:NH4t3pp	iJN1463: h_p + nh4_c --> h_c + nh4_p	mapped	(('bigg:H@cytosol', -1), ('bigg:H@p', 1), ('bigg:NH4@cytosol', 1), ('bigg:NH4@p', -1))
E1T01081	transport	iJN1463;iML1515	iML1515:NI2t3pp;iJN1463:NI2t3pp	iML1515: h_p + ni2_c --> h_c + ni2_p;iJN1463: h_p + ni2_c --> h_c + ni2_p	mapped	(('bigg:H@cytosol', -1), ('bigg:H@p', 1), ('bigg:NI2@cytosol', 1), ('bigg:NI2@p', -1))
E1T01082	transport	iJN1463;iML1515	iML1515:NO2t2rpp;iJN1463:NO2t2rpp	iML1515: h_p + no2_p <=> h_c + no2_c;iJN1463: h_p + no2_p <=> h_c + no2_c	mapped	(('bigg:H@cytosol', -1), ('bigg:H@p', 1), ('bigg:NO2@cytosol', -1), ('bigg:NO2@p', 1))
E1T01083	transport	iJN1463	iJN1463:NO3t2pp	iJN1463: h_p + no3_p --> h_c + no3_c	mapped	(('bigg:H@cytosol', -1), ('bigg:H@p', 1), ('bigg:NO3@cytosol', -1), ('bigg:NO3@p', 1))
E1T01084	transport	iML1515	iML1515:NOVBCNtpp	iML1515: h_p + novbcn_p --> h_c + novbcn_e	mapped	(('bigg:H@cytosol', -1), ('bigg:H@p', 1), ('bigg:NOVBCN@e', -1), ('bigg:NOVBCN@p', 1))
E1T01085	transport	iJN1463	iJN1463:OXAtpp	iJN1463: h_c + oxa_p <=> h_p + oxa_c	mapped	(('bigg:H@cytosol', -1), ('bigg:H@p', 1), ('bigg:OXA@cytosol', 1), ('bigg:OXA@p', -1))
E1T01086	transport	iJN1463	iJN1463:OXYLt5	iJN1463: h_p + o_xyl_c --> h_c + o_xyl_e	mapped	(('bigg:H@cytosol', -1), ('bigg:H@p', 1), ('bigg:O_XYL@cytosol', 1), ('bigg:O_XYL@e', -1))
E1T01087	transport	iJN1463	iJN1463:OXYLt6	iJN1463: h_p + o_xyl_p --> h_c + o_xyl_e	mapped	(('bigg:H@cytosol', -1), ('bigg:H@p', 1), ('bigg:O_XYL@e', -1), ('bigg:O_XYL@p', 1))
E1T01088	transport	iML1515	iML1515:PACALDt2rpp	iML1515: h_p + pacald_p <=> h_c + pacald_c	mapped	(('bigg:H@cytosol', -1), ('bigg:H@p', 1), ('bigg:PACALD@cytosol', -1), ('bigg:PACALD@p', 1))
E1T01089	transport	iJN1463	iJN1463:PB2t5	iJN1463: h_p + pb2_c --> h_c + pb2_e	mapped	(('bigg:H@cytosol', -1), ('bigg:H@p', 1), ('bigg:PB2@cytosol', 1), ('bigg:PB2@e', -1))
E1T01090	transport	iJN1463	iJN1463:PB2t6	iJN1463: h_p + pb2_p --> h_c + pb2_e	mapped	(('bigg:H@cytosol', -1), ('bigg:H@p', 1), ('bigg:PB2@e', -1), ('bigg:PB2@p', 1))
E1T01091	transport	iJN1463	iJN1463:PHEMEtonex	iJN1463: h_p + pheme_e --> h_c + pheme_p	mapped	(('bigg:H@cytosol', -1), ('bigg:H@p', 1), ('bigg:PHEME@e', 1), ('bigg:PHEME@p', -1))
E1T01092	transport	iJN1463	iJN1463:DPHEt2rpp	iJN1463: h_p + phe__D_p <=> h_c + phe__D_c	mapped	(('bigg:H@cytosol', -1), ('bigg:H@p', 1), ('bigg:PHE__D@cytosol', -1), ('bigg:PHE__D@p', 1))
E1T01093	transport	iJN1463;iML1515	iML1515:PHEt2rpp;iJN1463:PHEt2rpp	iML1515: h_p + phe__L_p <=> h_c + phe__L_c;iJN1463: h_p + phe__L_p <=> h_c + phe__L_c	mapped	(('bigg:H@cytosol', -1), ('bigg:H@p', 1), ('bigg:PHE__L@cytosol', -1), ('bigg:PHE__L@p', 1))
E1T01094	transport	iJN1463	iJN1463:PHPYRtpp	iJN1463: h_p + phpyr_p <=> h_c + phpyr_c	mapped	(('bigg:H@cytosol', -1), ('bigg:H@p', 1), ('bigg:PHPYR@cytosol', -1), ('bigg:PHPYR@p', 1))
E1T01095	transport	iJN1463;iML1515	iML1515:PIt2rpp;iJN1463:PIt2rpp	iML1515: h_p + pi_p --> h_c + pi_c;iJN1463: h_p + pi_p <=> h_c + pi_c	mapped	(('bigg:H@cytosol', -1), ('bigg:H@p', 1), ('bigg:PI@cytosol', -1), ('bigg:PI@p', 1))
E1T01096	transport	iML1515	iML1515:PPPNt2rpp	iML1515: h_p + pppn_p <=> h_c + pppn_c	mapped	(('bigg:H@cytosol', -1), ('bigg:H@p', 1), ('bigg:PPPN@cytosol', -1), ('bigg:PPPN@p', 1))
E1T01097	transport	iJN1463;iML1515	iML1515:PROt2rpp;iJN1463:PROt2rpp	iML1515: h_p + pro__L_p <=> h_c + pro__L_c;iJN1463: h_p + pro__L_p --> h_c + pro__L_c	mapped	(('bigg:H@cytosol', -1), ('bigg:H@p', 1), ('bigg:PRO__L@cytosol', -1), ('bigg:PRO__L@p', 1))
E1T01098	transport	iML1515	iML1515:PSCLYSt2pp	iML1515: h_p + psclys_p --> h_c + psclys_c	mapped	(('bigg:H@cytosol', -1), ('bigg:H@p', 1), ('bigg:PSCLYS@cytosol', -1), ('bigg:PSCLYS@p', 1))
E1T01099	transport	iJN1463;iML1515	iML1515:PTRCt2pp;iJN1463:PTRCt2pp	iML1515: h_p + ptrc_p --> h_c + ptrc_c;iJN1463: h_p + ptrc_p --> h_c + ptrc_c	mapped	(('bigg:H@cytosol', -1), ('bigg:H@p', 1), ('bigg:PTRC@cytosol', -1), ('bigg:PTRC@p', 1))
E1T01100	transport	iJN1463;iML1515	iML1515:PYRt2rpp;iJN1463:PYRt2rpp	iML1515: h_p + pyr_p <=> h_c + pyr_c;iJN1463: h_p + pyr_p <=> h_c + pyr_c	mapped	(('bigg:H@cytosol', -1), ('bigg:H@p', 1), ('bigg:PYR@cytosol', -1), ('bigg:PYR@p', 1))
E1T01101	transport	iJN1463	iJN1463:PXYLt5	iJN1463: h_p + p_xyl_c --> h_c + p_xyl_e	mapped	(('bigg:H@cytosol', -1), ('bigg:H@p', 1), ('bigg:P_XYL@cytosol', 1), ('bigg:P_XYL@e', -1))
E1T01102	transport	iJN1463	iJN1463:PXYLt6	iJN1463: h_p + p_xyl_p --> h_c + p_xyl_e	mapped	(('bigg:H@cytosol', -1), ('bigg:H@p', 1), ('bigg:P_XYL@e', -1), ('bigg:P_XYL@p', 1))
E1T01103	transport	iJN1463	iJN1463:QUINtpp	iJN1463: h_p + quin_p <=> h_c + quin_c	mapped	(('bigg:H@cytosol', -1), ('bigg:H@p', 1), ('bigg:QUIN@cytosol', -1), ('bigg:QUIN@p', 1))
E1T01104	transport	iML1515	iML1515:RFAMPtpp	iML1515: h_p + rfamp_p --> h_c + rfamp_e	mapped	(('bigg:H@cytosol', -1), ('bigg:H@p', 1), ('bigg:RFAMP@e', -1), ('bigg:RFAMP@p', 1))
E1T01105	transport	iML1515	iML1515:RMNtpp	iML1515: h_p + rmn_p --> h_c + rmn_c	mapped	(('bigg:H@cytosol', -1), ('bigg:H@p', 1), ('bigg:RMN@cytosol', -1), ('bigg:RMN@p', 1))
E1T01106	transport	iJN1463	iJN1463:SBO3rt2pp	iJN1463: h_p + sbo3_p --> h_c + sbo3_c	mapped	(('bigg:H@cytosol', -1), ('bigg:H@p', 1), ('bigg:SBO3@cytosol', -1), ('bigg:SBO3@p', 1))
E1T01107	transport	iJN1463	iJN1463:SBO3t2pp	iJN1463: h_p + sbo3_c --> h_c + sbo3_p	mapped	(('bigg:H@cytosol', -1), ('bigg:H@p', 1), ('bigg:SBO3@cytosol', 1), ('bigg:SBO3@p', -1))
E1T01108	transport	iJN1463;iML1515	iML1515:DSERt2pp;iJN1463:DSERt2pp	iML1515: h_p + ser__D_p --> h_c + ser__D_c;iJN1463: h_p + ser__D_p --> h_c + ser__D_c	mapped	(('bigg:H@cytosol', -1), ('bigg:H@p', 1), ('bigg:SER__D@cytosol', -1), ('bigg:SER__D@p', 1))
E1T01109	transport	iJN1463;iML1515	iML1515:SERt2rpp;iJN1463:SERt2rpp	iML1515: h_p + ser__L_p --> h_c + ser__L_c;iJN1463: h_p + ser__L_p <=> h_c + ser__L_c	mapped	(('bigg:H@cytosol', -1), ('bigg:H@p', 1), ('bigg:SER__L@cytosol', -1), ('bigg:SER__L@p', 1))
E1T01110	transport	iJN1463	iJN1463:SHEMEtonex	iJN1463: h_p + sheme_e --> h_c + sheme_p	mapped	(('bigg:H@cytosol', -1), ('bigg:H@p', 1), ('bigg:SHEME@e', 1), ('bigg:SHEME@p', -1))
E1T01111	transport	iJN1463;iML1515	iML1515:SKMt2pp;iJN1463:SKMt2pp	iML1515: h_p + skm_p --> h_c + skm_c;iJN1463: h_p + skm_p --> h_c + skm_c	mapped	(('bigg:H@cytosol', -1), ('bigg:H@p', 1), ('bigg:SKM@cytosol', -1), ('bigg:SKM@p', 1))
E1T01112	transport	iJN1463;iML1515	iML1515:SO4t2pp;iJN1463:SO4t2pp	iML1515: h_p + so4_p --> h_c + so4_c;iJN1463: h_p + so4_p --> h_c + so4_c	mapped	(('bigg:H@cytosol', -1), ('bigg:H@p', 1), ('bigg:SO4@cytosol', -1), ('bigg:SO4@p', 1))
E1T01113	transport	iML1515	iML1515:SPMDt3pp	iML1515: h_p + spmd_c --> h_c + spmd_p	mapped	(('bigg:H@cytosol', -1), ('bigg:H@p', 1), ('bigg:SPMD@cytosol', 1), ('bigg:SPMD@p', -1))
E1T01114	transport	iML1515	iML1515:THRt2rpp	iML1515: h_p + thr__L_p --> h_c + thr__L_c	mapped	(('bigg:H@cytosol', -1), ('bigg:H@p', 1), ('bigg:THR__L@cytosol', -1), ('bigg:THR__L@p', 1))
E1T01115	transport	iJN1463;iML1515	iML1515:THRt2pp;iJN1463:THRt2pp	iML1515: h_p + thr__L_c --> h_c + thr__L_p;iJN1463: h_p + thr__L_c --> h_c + thr__L_p	mapped	(('bigg:H@cytosol', -1), ('bigg:H@p', 1), ('bigg:THR__L@cytosol', 1), ('bigg:THR__L@p', -1))
E1T01116	transport	iJN1463	iJN1463:THYMt4pp	iJN1463: h_p + thym_p --> h_c + thym_c	mapped	(('bigg:H@cytosol', -1), ('bigg:H@p', 1), ('bigg:THYM@cytosol', -1), ('bigg:THYM@p', 1))
E1T01117	transport	iML1515	iML1515:THYMt3pp	iML1515: h_p + thym_c --> h_c + thym_p	mapped	(('bigg:H@cytosol', -1), ('bigg:H@p', 1), ('bigg:THYM@cytosol', 1), ('bigg:THYM@p', -1))
E1T01118	transport	iML1515	iML1515:THMDt2pp_copy1;iML1515:THMDt2pp_copy2	iML1515: h_p + thymd_p --> h_c + thymd_c;iML1515: h_p + thymd_p <=> h_c + thymd_c	mapped	(('bigg:H@cytosol', -1), ('bigg:H@p', 1), ('bigg:THYMD@cytosol', -1), ('bigg:THYMD@p', 1))
E1T01119	transport	iJN1463	iJN1463:TNTep	iJN1463: h_p + tnt_c --> h_c + tnt_e	mapped	(('bigg:H@cytosol', -1), ('bigg:H@p', 1), ('bigg:TNT@cytosol', 1), ('bigg:TNT@e', -1))
E1T01120	transport	iJN1463	iJN1463:TOLt5	iJN1463: h_p + tol_c --> h_c + tol_e	mapped	(('bigg:H@cytosol', -1), ('bigg:H@p', 1), ('bigg:TOL@cytosol', 1), ('bigg:TOL@e', -1))
E1T01121	transport	iJN1463	iJN1463:TOLt7	iJN1463: h_p + tol_c --> h_c + tol_p	mapped	(('bigg:H@cytosol', -1), ('bigg:H@p', 1), ('bigg:TOL@cytosol', 1), ('bigg:TOL@p', -1))
E1T01122	transport	iJN1463	iJN1463:TOLt6	iJN1463: h_p + tol_p --> h_c + tol_e	mapped	(('bigg:H@cytosol', -1), ('bigg:H@p', 1), ('bigg:TOL@e', -1), ('bigg:TOL@p', 1))
E1T01123	transport	iJN1463;iML1515	iML1515:TRPt2rpp;iJN1463:TRPt2rpp	iML1515: h_p + trp__L_p <=> h_c + trp__L_c;iJN1463: h_p + trp__L_p <=> h_c + trp__L_c	mapped	(('bigg:H@cytosol', -1), ('bigg:H@p', 1), ('bigg:TRP__L@cytosol', -1), ('bigg:TRP__L@p', 1))
E1T01124	transport	iJN1463	iJN1463:TTRCYCt2pp	iJN1463: h_p + ttrcyc_p --> h_c + ttrcyc_c	mapped	(('bigg:H@cytosol', -1), ('bigg:H@p', 1), ('bigg:TTRCYC@cytosol', -1), ('bigg:TTRCYC@p', 1))
E1T01125	transport	iJN1463	iJN1463:TTRCYCt5	iJN1463: h_p + ttrcyc_c --> h_c + ttrcyc_e	mapped	(('bigg:H@cytosol', -1), ('bigg:H@p', 1), ('bigg:TTRCYC@cytosol', 1), ('bigg:TTRCYC@e', -1))
E1T01126	transport	iJN1463	iJN1463:TTRCYCt7pp	iJN1463: h_p + ttrcyc_c --> h_c + ttrcyc_p	mapped	(('bigg:H@cytosol', -1), ('bigg:H@p', 1), ('bigg:TTRCYC@cytosol', 1), ('bigg:TTRCYC@p', -1))
E1T01127	transport	iJN1463;iML1515	iML1515:TTRCYCtpp;iJN1463:TTRCYCtpp	iML1515: h_p + ttrcyc_p --> h_c + ttrcyc_e;iJN1463: h_p + ttrcyc_p --> h_c + ttrcyc_e	mapped	(('bigg:H@cytosol', -1), ('bigg:H@p', 1), ('bigg:TTRCYC@e', -1), ('bigg:TTRCYC@p', 1))
E1T01128	transport	iJN1463	iJN1463:DTYRt2rpp	iJN1463: h_p + tyr__D_p <=> h_c + tyr__D_c	mapped	(('bigg:H@cytosol', -1), ('bigg:H@p', 1), ('bigg:TYR__D@cytosol', -1), ('bigg:TYR__D@p', 1))
E1T01129	transport	iJN1463;iML1515	iML1515:TYRt2rpp;iJN1463:TYRt2rpp	iML1515: h_p + tyr__L_p <=> h_c + tyr__L_c;iJN1463: h_p + tyr__L_p <=> h_c + tyr__L_c	mapped	(('bigg:H@cytosol', -1), ('bigg:H@p', 1), ('bigg:TYR__L@cytosol', -1), ('bigg:TYR__L@p', 1))
E1T01130	transport	iJN1463;iML1515	iML1515:URAt2pp;iJN1463:URAt2pp	iML1515: h_p + ura_p --> h_c + ura_c;iJN1463: h_p + ura_p --> h_c + ura_c	mapped	(('bigg:H@cytosol', -1), ('bigg:H@p', 1), ('bigg:URA@cytosol', -1), ('bigg:URA@p', 1))
E1T01131	transport	iML1515	iML1515:URATEtpp	iML1515: h_p + urate_p --> h_c + urate_c	mapped	(('bigg:H@cytosol', -1), ('bigg:H@p', 1), ('bigg:URATE@cytosol', -1), ('bigg:URATE@p', 1))
E1T01132	transport	iJN1463;iML1515	iML1515:URIt2pp_copy1;iML1515:URIt2pp_copy2;iJN1463:URIt2pp	iML1515: h_p + uri_p --> h_c + uri_c;iML1515: h_p + uri_p <=> h_c + uri_c;iJN1463: h_p + uri_p <=> h_c + uri_c	mapped	(('bigg:H@cytosol', -1), ('bigg:H@p', 1), ('bigg:URI@cytosol', -1), ('bigg:URI@p', 1))
E1T01133	transport	iJN1463;iML1515	iML1515:VALt2rpp;iJN1463:VALt2rpp	iML1515: h_p + val__L_p --> h_c + val__L_c;iJN1463: h_p + val__L_p <=> h_c + val__L_c	mapped	(('bigg:H@cytosol', -1), ('bigg:H@p', 1), ('bigg:VAL__L@cytosol', -1), ('bigg:VAL__L@p', 1))
E1T01134	transport	iML1515	iML1515:VALt3pp	iML1515: h_p + val__L_c --> h_c + val__L_p	mapped	(('bigg:H@cytosol', -1), ('bigg:H@p', 1), ('bigg:VAL__L@cytosol', 1), ('bigg:VAL__L@p', -1))
E1T01135	transport	iJN1463	iJN1463:VNLNpp	iJN1463: h_p + vanln_p <=> h_c + vanln_c	mapped	(('bigg:H@cytosol', -1), ('bigg:H@p', 1), ('bigg:VANLN@cytosol', -1), ('bigg:VANLN@p', 1))
E1T01136	transport	iJN1463	iJN1463:VANKpp	iJN1463: h_p + vanlt_p <=> h_c + vanlt_c	mapped	(('bigg:H@cytosol', -1), ('bigg:H@p', 1), ('bigg:VANLT@cytosol', -1), ('bigg:VANLT@p', 1))
E1T01137	transport	iJN1463;iML1515	iML1515:XANt2pp;iJN1463:XANt2pp	iML1515: h_p + xan_p --> h_c + xan_c;iJN1463: h_p + xan_p --> h_c + xan_c	mapped	(('bigg:H@cytosol', -1), ('bigg:H@p', 1), ('bigg:XAN@cytosol', -1), ('bigg:XAN@p', 1))
E1T01138	transport	iML1515	iML1515:XTSNt2rpp	iML1515: h_p + xtsn_p <=> h_c + xtsn_c	mapped	(('bigg:H@cytosol', -1), ('bigg:H@p', 1), ('bigg:XTSN@cytosol', -1), ('bigg:XTSN@p', 1))
E1T01139	transport	iML1515	iML1515:XYLUt2pp	iML1515: h_p + xylu__L_p --> h_c + xylu__L_c	mapped	(('bigg:H@cytosol', -1), ('bigg:H@p', 1), ('bigg:XYLU__L@cytosol', -1), ('bigg:XYLU__L@p', 1))
E1T01140	transport	iML1515	iML1515:XYLt2pp	iML1515: h_p + xyl__D_p --> h_c + xyl__D_c	mapped	(('bigg:H@cytosol', -1), ('bigg:H@p', 1), ('bigg:XYL__D@cytosol', -1), ('bigg:XYL__D@p', 1))
E1T01141	transport	iJN1463	iJN1463:ZN2t5	iJN1463: h_p + zn2_c --> h_c + zn2_e	mapped	(('bigg:H@cytosol', -1), ('bigg:H@p', 1), ('bigg:ZN2@cytosol', 1), ('bigg:ZN2@e', -1))
E1T01142	transport	iJN1463;iML1515	iML1515:ZN2t3pp;iJN1463:ZN2t3pp	iML1515: h_p + zn2_c --> h_c + zn2_p;iJN1463: h_p + zn2_c --> h_c + zn2_p	mapped	(('bigg:H@cytosol', -1), ('bigg:H@p', 1), ('bigg:ZN2@cytosol', 1), ('bigg:ZN2@p', -1))
E1T01143	transport	iJN1463	iJN1463:ZN2t6	iJN1463: h_p + zn2_p --> h_c + zn2_e	mapped	(('bigg:H@cytosol', -1), ('bigg:H@p', 1), ('bigg:ZN2@e', -1), ('bigg:ZN2@p', 1))
E1T01144	transport	iJN1463;iML1515	iML1515:MPTG2;iJN1463:MPTG2	iML1515: murein5p5p_p + uaagmda_c --> h_c + murein5p5p5p_p + udcpdp_c;iJN1463: murein5p5p_p + uaagmda_c --> h_c + murein5p5p5p_p + udcpdp_c	mapped	(('bigg:H@cytosol', -1), ('bigg:MUREIN5P5P5P@p', -1), ('bigg:MUREIN5P5P@p', 1), ('bigg:UAAGMDA@cytosol', 1), ('bigg:UDCPDP@cytosol', -1))
E1T01145	transport	iJN1463;iML1515	iML1515:MALDt2_2pp;iJN1463:MALDt2_2pp	iML1515: 2.0 h_p + mal__D_p --> 2.0 h_c + mal__D_c;iJN1463: 2.0 h_p + mal__D_p --> 2.0 h_c + mal__D_c	mapped	(('bigg:H@cytosol', -2), ('bigg:H@p', 2), ('bigg:MAL__D@cytosol', -1), ('bigg:MAL__D@p', 1))
E1T01146	transport	iJN1463;iML1515	iML1515:MALt2_2pp;iJN1463:MALt2_2pp	iML1515: 2.0 h_p + mal__L_p --> 2.0 h_c + mal__L_c;iJN1463: 2.0 h_p + mal__L_p --> 2.0 h_c + mal__L_c	mapped	(('bigg:H@cytosol', -2), ('bigg:H@p', 2), ('bigg:MAL__L@cytosol', -1), ('bigg:MAL__L@p', 1))
E1T01147	transport	iML1515	iML1515:MG2t3_2pp	iML1515: 2.0 h_c + mg2_p <=> 2.0 h_p + mg2_c	mapped	(('bigg:H@cytosol', -2), ('bigg:H@p', 2), ('bigg:MG2@cytosol', 1), ('bigg:MG2@p', -1))
E1T01148	transport	iJN1463;iML1515	iML1515:NAt3_2pp;iJN1463:NAt3_2pp	iML1515: 2.0 h_p + na1_c --> 2.0 h_c + na1_p;iJN1463: 2.0 h_p + na1_c --> 2.0 h_c + na1_p	mapped	(('bigg:H@cytosol', -2), ('bigg:H@p', 2), ('bigg:NA1@cytosol', 1), ('bigg:NA1@p', -1))
E1T01149	transport	iCN1361;iJN1463;iML1515	iML1515:THD2pp;iJN1463:THD2pp;iCN1361:R_NADPtranshydrogenase	iML1515: 2.0 h_p + nadh_c + nadp_c --> 2.0 h_c + nad_c + nadph_c;iJN1463: 2.0 h_p + nadh_c + nadp_c --> 2.0 h_c + nad_c + nadph_c;iCN1361: M_NADH + M_NADP + 2.0 M_PROTON_p --> M_NAD + M_NADPH + 2.0 M_PROTON	mapped	(('bigg:H@cytosol', -2), ('bigg:H@p', 2), ('bigg:NAD@cytosol', -1), ('bigg:NADH@cytosol', 1), ('bigg:NADP@cytosol', 1), ('bigg:NADPH@cytosol', -1))
E1T01150	transport	iJN1463	iJN1463:OAAt2_2pp	iJN1463: 2.0 h_p + oaa_p --> 2.0 h_c + oaa_c	mapped	(('bigg:H@cytosol', -2), ('bigg:H@p', 2), ('bigg:OAA@cytosol', -1), ('bigg:OAA@p', 1))
E1T01151	transport	iJN1463;iML1515	iML1515:OROTt2_2pp;iJN1463:OROTt2_2pp	iML1515: 2.0 h_p + orot_p --> 2.0 h_c + orot_c;iJN1463: 2.0 h_p + orot_p --> 2.0 h_c + orot_c	mapped	(('bigg:H@cytosol', -2), ('bigg:H@p', 2), ('bigg:OROT@cytosol', -1), ('bigg:OROT@p', 1))
E1T01152	transport	iJN1463;iML1515	iML1515:SUCCt2_2pp;iJN1463:SUCCt2_2pp	iML1515: 2.0 h_p + succ_p --> 2.0 h_c + succ_c;iJN1463: 2.0 h_p + succ_p --> 2.0 h_c + succ_c	mapped	(('bigg:H@cytosol', -2), ('bigg:H@p', 2), ('bigg:SUCC@cytosol', -1), ('bigg:SUCC@p', 1))
E1T01153	transport	iJN1463	iJN1463:UREA2t2pp	iJN1463: 2.0 h_p + urea_p --> 2.0 h_c + urea_c	mapped	(('bigg:H@cytosol', -2), ('bigg:H@p', 2), ('bigg:UREA@cytosol', -1), ('bigg:UREA@p', 1))
E1T01154	transport	iJN1463;iML1515	iML1515:MPTG;iJN1463:MPTG	iML1515: 2.0 uaagmda_c --> 2.0 h_c + murein5p5p_p + 2.0 udcpdp_c;iJN1463: 2.0 uaagmda_c --> 2.0 h_c + murein5p5p_p + 2.0 udcpdp_c	mapped	(('bigg:H@cytosol', -2), ('bigg:MUREIN5P5P@p', -1), ('bigg:UAAGMDA@cytosol', 2), ('bigg:UDCPDP@cytosol', -2))
E1T01155	transport	iML1515	iML1515:MALt2_3pp	iML1515: 3.0 h_p + mal__L_p --> 3.0 h_c + mal__L_c	mapped	(('bigg:H@cytosol', -3), ('bigg:H@p', 3), ('bigg:MAL__L@cytosol', -1), ('bigg:MAL__L@p', 1))
E1T01156	transport	iJN1463;iML1515	iML1515:NAt3_1p5pp;iJN1463:NAt3_1p5pp	iML1515: 3.0 h_p + 2.0 na1_c --> 3.0 h_c + 2.0 na1_p;iJN1463: 3.0 h_p + 2.0 na1_c --> 3.0 h_c + 2.0 na1_p	mapped	(('bigg:H@cytosol', -3), ('bigg:H@p', 3), ('bigg:NA1@cytosol', 2), ('bigg:NA1@p', -2))
E1T01157	transport	iML1515	iML1515:SUCCt2_3pp	iML1515: 3.0 h_p + succ_p --> 3.0 h_c + succ_c	mapped	(('bigg:H@cytosol', -3), ('bigg:H@p', 3), ('bigg:SUCC@cytosol', -1), ('bigg:SUCC@p', 1))
E1T01158	transport	iML1515	iML1515:TARTt2_3pp	iML1515: 3.0 h_p + tartr__D_p --> 3.0 h_c + tartr__D_c	mapped	(('bigg:H@cytosol', -3), ('bigg:H@p', 3), ('bigg:TARTR__D@cytosol', -1), ('bigg:TARTR__D@p', 1))
E1T01159	transport	iML1515	iML1515:NADH17pp	iML1515: 4.0 h_c + mqn8_c + nadh_c --> 3.0 h_p + mql8_c + nad_c	mapped	(('bigg:H@cytosol', -4), ('bigg:H@p', 3), ('bigg:MQL8@cytosol', 1), ('bigg:MQN8@cytosol', -1), ('bigg:NAD@cytosol', 1), ('bigg:NADH@cytosol', -1))
E1T01160	transport	iJN1463;iML1515	iML1515:NADH16pp;iJN1463:NADH16pp	iML1515: 4.0 h_c + nadh_c + q8_c --> 3.0 h_p + nad_c + q8h2_c;iJN1463: 4.0 h_c + nadh_c + q8_c --> 3.0 h_p + nad_c + q8h2_c	mapped	(('bigg:H@cytosol', -4), ('bigg:H@p', 3), ('bigg:NAD@cytosol', 1), ('bigg:NADH@cytosol', -1), ('bigg:Q8@cytosol', -1), ('bigg:Q8H2@cytosol', 1))
E1T01161	transport	iCN1361	iCN1361:R_NADH_DH1	iCN1361: M_NADH + 4.0 M_PROTON + M_Ubiquinones --> M_NAD + 3.0 M_PROTON_p + M_Ubiquinols	mapped	(('bigg:H@cytosol', -4), ('bigg:H@p', 3), ('bigg:NAD@cytosol', 1), ('bigg:NADH@cytosol', -1), ('bigg:Q8@cytosol', -1), ('bigg:QH2@cytosol', 1))
E1T01162	non_cytosolic	iJN1463	iJN1463:PLPSLpp	iJN1463: lpscore_kt_p + unquivo_p --> h_p + lpspput_p + udcpdp_p	mapped	(('bigg:H@p', -1), ('bigg:LPSCORE_KT@p', 1), ('bigg:LPSPPUT@p', -1), ('bigg:UDCPDP@p', -1), ('bigg:UNQUIVO@p', 1))
E1T01163	non_cytosolic	iML1515	iML1515:O16AP1pp	iML1515: 2.0 o16aund_p --> h_p + o16a2und_p + udcpdp_p	mapped	(('bigg:H@p', -1), ('bigg:O16A2UND@p', -1), ('bigg:O16AUND@p', 2), ('bigg:UDCPDP@p', -1))
E1T01164	non_cytosolic	iML1515	iML1515:O16AP2pp	iML1515: o16a2und_p + o16aund_p --> h_p + o16a3und_p + udcpdp_p	mapped	(('bigg:H@p', -1), ('bigg:O16A2UND@p', 1), ('bigg:O16A3UND@p', -1), ('bigg:O16AUND@p', 1), ('bigg:UDCPDP@p', -1))
E1T01165	non_cytosolic	iML1515	iML1515:O16AP3pp	iML1515: o16a3und_p + o16aund_p --> h_p + o16a4und_p + udcpdp_p	mapped	(('bigg:H@p', -1), ('bigg:O16A3UND@p', 1), ('bigg:O16A4UND@p', -1), ('bigg:O16AUND@p', 1), ('bigg:UDCPDP@p', -1))
E1T01166	transport	iJN1463	iJN1463:HCYStex	iJN1463: hcys__L_e <=> hcys__L_p	mapped	(('bigg:HCYS__L@e', -1), ('bigg:HCYS__L@p', 1))
E1T01167	transport	iJN1463;iML1515	iML1515:HDCAtexi;iJN1463:HDCAtexi	iML1515: hdca_e --> hdca_p;iJN1463: hdca_e --> hdca_p	mapped	(('bigg:HDCA@e', -1), ('bigg:HDCA@p', 1))
E1T01168	transport	iJN1463;iML1515	iML1515:HDCEAtexi;iJN1463:HDCEAtexi	iML1515: hdcea_e --> hdcea_p;iJN1463: hdcea_e --> hdcea_p	mapped	(('bigg:HDCEA@e', -1), ('bigg:HDCEA@p', 1))
E1T01169	transport	iJN1463	iJN1463:HG2tppi	iJN1463: hg2_p --> hg2_c	mapped	(('bigg:HG2@cytosol', -1), ('bigg:HG2@p', 1))
E1T01170	transport	iJN1463;iML1515	iML1515:HG2tex;iJN1463:HG2tex	iML1515: hg2_e <=> hg2_p;iJN1463: hg2_e <=> hg2_p	mapped	(('bigg:HG2@e', -1), ('bigg:HG2@p', 1))
E1T01171	transport	iJN1463	iJN1463:HGENTIStex	iJN1463: hgentis_e <=> hgentis_p	mapped	(('bigg:HGENTIS@e', -1), ('bigg:HGENTIS@p', 1))
E1T01172	transport	iJN1463	iJN1463:HISGLYtex	iJN1463: hisgly_e <=> hisgly_p	mapped	(('bigg:HISGLY@e', -1), ('bigg:HISGLY@p', 1))
E1T01173	transport	iJN1463	iJN1463:HISHIStex	iJN1463: hishis_e <=> hishis_p	mapped	(('bigg:HISHIS@e', -1), ('bigg:HISHIS@p', 1))
E1T01174	transport	iJN1463;iML1515	iML1515:HIStex;iJN1463:HIStex	iML1515: his__L_e <=> his__L_p;iJN1463: his__L_e <=> his__L_p	mapped	(('bigg:HIS__L@e', -1), ('bigg:HIS__L@p', 1))
E1T01175	transport	iJN1463;iML1515	iML1515:HOMtex;iJN1463:HOMtex	iML1515: hom__L_e <=> hom__L_p;iJN1463: hom__L_e <=> hom__L_p	mapped	(('bigg:HOM__L@e', -1), ('bigg:HOM__L@p', 1))
E1T01176	transport	iJN1463	iJN1463:HPAtexi	iJN1463: hpta_e --> hpta_p	mapped	(('bigg:HPTA@e', -1), ('bigg:HPTA@p', 1))
E1T01177	transport	iJN1463;iML1515	iML1515:HXAtex;iJN1463:HXAtex	iML1515: hxa_e <=> hxa_p;iJN1463: hxa_e --> hxa_p	mapped	(('bigg:HXA@e', -1), ('bigg:HXA@p', 1))
E1T01178	transport	iML1515	iML1515:HYXNtpp	iML1515: hxan_p <=> hxan_c	mapped	(('bigg:HXAN@cytosol', -1), ('bigg:HXAN@p', 1))
E1T01179	transport	iJN1463;iML1515	iML1515:HYXNtex;iJN1463:HYXNtex	iML1515: hxan_e <=> hxan_p;iJN1463: hxan_e <=> hxan_p	mapped	(('bigg:HXAN@e', -1), ('bigg:HXAN@p', 1))
E1T01180	transport	iJN1463	iJN1463:ICITt4pp	iJN1463: icit_p + na1_p --> icit_c + na1_c	mapped	(('bigg:ICIT@cytosol', -1), ('bigg:ICIT@p', 1), ('bigg:NA1@cytosol', -1), ('bigg:NA1@p', 1))
E1T01181	transport	iJN1463	iJN1463:ICITtex	iJN1463: icit_e <=> icit_p	mapped	(('bigg:ICIT@e', -1), ('bigg:ICIT@p', 1))
E1T01182	transport	iML1515	iML1515:IDONtex	iML1515: idon__L_e <=> idon__L_p	mapped	(('bigg:IDON__L@e', -1), ('bigg:IDON__L@p', 1))
E1T01183	transport	iJN1463;iML1515	iML1515:ILEtex;iJN1463:ILEtex	iML1515: ile__L_e <=> ile__L_p;iJN1463: ile__L_e <=> ile__L_p	mapped	(('bigg:ILE__L@e', -1), ('bigg:ILE__L@p', 1))
E1T01184	transport	iML1515	iML1515:IMPtex	iML1515: imp_e <=> imp_p	mapped	(('bigg:IMP@e', -1), ('bigg:IMP@p', 1))
E1T01185	transport	iJN1463	iJN1463:IND3ACtex	iJN1463: ind3ac_p <=> ind3ac_e	mapped	(('bigg:IND3AC@e', -1), ('bigg:IND3AC@p', 1))
E1T01186	transport	iJN1463	iJN1463:INDOLEtpp	iJN1463: indole_p --> indole_c	mapped	(('bigg:INDOLE@cytosol', -1), ('bigg:INDOLE@p', 1))
E1T01187	transport	iJN1463;iML1515	iML1515:INDOLEtex;iJN1463:INDOLEtex	iML1515: indole_e <=> indole_p;iJN1463: indole_e <=> indole_p	mapped	(('bigg:INDOLE@e', -1), ('bigg:INDOLE@p', 1))
E1T01188	transport	iML1515	iML1515:INOSTt4pp	iML1515: inost_p + na1_p --> inost_c + na1_c	mapped	(('bigg:INOST@cytosol', -1), ('bigg:INOST@p', 1), ('bigg:NA1@cytosol', -1), ('bigg:NA1@p', 1))
E1T01189	transport	iML1515	iML1515:INSTtex	iML1515: inost_e <=> inost_p	mapped	(('bigg:INOST@e', -1), ('bigg:INOST@p', 1))
E1T01190	transport	iJN1463;iML1515	iML1515:INStex;iJN1463:INStex	iML1515: ins_e <=> ins_p;iJN1463: ins_e <=> ins_p	mapped	(('bigg:INS@e', -1), ('bigg:INS@p', 1))
E1T01191	transport	iJN1463;iML1515	iML1515:ISETACtex;iJN1463:ISETACtex	iML1515: isetac_e <=> isetac_p;iJN1463: isetac_e <=> isetac_p	mapped	(('bigg:ISETAC@e', -1), ('bigg:ISETAC@p', 1))
E1T01192	transport	iJN1463;iML1515	iML1515:D_LACtex;iJN1463:D_LACtex	iML1515: lac__D_e <=> lac__D_p;iJN1463: lac__D_e <=> lac__D_p	mapped	(('bigg:LAC__D@e', -1), ('bigg:LAC__D@p', 1))
E1T01193	transport	iJN1463;iML1515	iML1515:L_LACtex;iJN1463:L_LACtex	iML1515: lac__L_e <=> lac__L_p;iJN1463: lac__L_e <=> lac__L_p	mapped	(('bigg:LAC__L@e', -1), ('bigg:LAC__L@p', 1))
E1T01194	transport	iML1515	iML1515:LALADGLUtex	iML1515: LalaDglu_e <=> LalaDglu_p	mapped	(('bigg:LALADGLU@e', -1), ('bigg:LALADGLU@p', 1))
E1T01195	transport	iML1515	iML1515:3PEPTtex	iML1515: LalaDgluMdap_e <=> LalaDgluMdap_p	mapped	(('bigg:LALADGLUMDAP@e', -1), ('bigg:LALADGLUMDAP@p', 1))
E1T01196	transport	iML1515	iML1515:4PEPTtex	iML1515: LalaDgluMdapDala_e <=> LalaDgluMdapDala_p	mapped	(('bigg:LALADGLUMDAPDALA@e', -1), ('bigg:LALADGLUMDAPDALA@p', 1))
E1T01197	transport	iJN1463;iML1515	iML1515:LALALGLUtex;iJN1463:LALALGLUtex	iML1515: LalaLglu_e <=> LalaLglu_p;iJN1463: LalaLglu_e <=> LalaLglu_p	mapped	(('bigg:LALALGLU@e', -1), ('bigg:LALALGLU@p', 1))
E1T01198	transport	iML1515	iML1515:LCTStex	iML1515: lcts_e <=> lcts_p	mapped	(('bigg:LCTS@e', -1), ('bigg:LCTS@p', 1))
E1T01199	transport	iJN1463	iJN1463:LEULEUtex	iJN1463: leuleu_e <=> leuleu_p	mapped	(('bigg:LEULEU@e', -1), ('bigg:LEULEU@p', 1))
E1T01200	transport	iJN1463	iJN1463:DLEUtex	iJN1463: leu__D_e <=> leu__D_p	mapped	(('bigg:LEU__D@e', -1), ('bigg:LEU__D@p', 1))
E1T01201	transport	iJN1463;iML1515	iML1515:LEUtex;iJN1463:LEUtex	iML1515: leu__L_e <=> leu__L_p;iJN1463: leu__L_e <=> leu__L_p	mapped	(('bigg:LEU__L@e', -1), ('bigg:LEU__L@p', 1))
E1T01202	transport	iML1515	iML1515:LIPOtex	iML1515: lipoate_e <=> lipoate_p	mapped	(('bigg:LIPOATE@e', -1), ('bigg:LIPOATE@p', 1))
E1T01203	transport	iJN1463	iJN1463:LNLCtexi	iJN1463: lnlc_e --> lnlc_p	mapped	(('bigg:LNLC@e', -1), ('bigg:LNLC@p', 1))
E1T01204	transport	iJN1463	iJN1463:DLYStex	iJN1463: lys__D_e <=> lys__D_p	mapped	(('bigg:LYS__D@e', -1), ('bigg:LYS__D@p', 1))
E1T01205	transport	iML1515	iML1515:LYXtex	iML1515: lyx__L_e <=> lyx__L_p	mapped	(('bigg:LYX__L@e', -1), ('bigg:LYX__L@p', 1))
E1T01206	transport	iML1515	iML1515:MALTptspp	iML1515: malt_p + pep_c --> malt6p_c + pyr_c	mapped	(('bigg:MALT6P@cytosol', -1), ('bigg:MALT@p', 1), ('bigg:PEP@cytosol', 1), ('bigg:PYR@cytosol', -1))
E1T01207	transport	iML1515	iML1515:MALTtexi	iML1515: malt_e --> malt_p	mapped	(('bigg:MALT@e', -1), ('bigg:MALT@p', 1))
E1T01208	transport	iML1515	iML1515:MALTHXtexi	iML1515: malthx_e --> malthx_p	mapped	(('bigg:MALTHX@e', -1), ('bigg:MALTHX@p', 1))
E1T01209	transport	iML1515	iML1515:MALTPTtexi	iML1515: maltpt_e --> maltpt_p	mapped	(('bigg:MALTPT@e', -1), ('bigg:MALTPT@p', 1))
E1T01210	transport	iML1515	iML1515:MALTTRtexi	iML1515: malttr_e --> malttr_p	mapped	(('bigg:MALTTR@e', -1), ('bigg:MALTTR@p', 1))
E1T01211	transport	iML1515	iML1515:MALTTTRtexi	iML1515: maltttr_e --> maltttr_p	mapped	(('bigg:MALTTTR@e', -1), ('bigg:MALTTTR@p', 1))
E1T01212	transport	iJN1463;iML1515	iML1515:MALDtex;iJN1463:MALDtex	iML1515: mal__D_e <=> mal__D_p;iJN1463: mal__D_e <=> mal__D_p	mapped	(('bigg:MAL__D@e', -1), ('bigg:MAL__D@p', 1))
E1T01213	transport	iML1515	iML1515:SUCMALtpp	iML1515: mal__L_p + succ_c <=> mal__L_c + succ_p	mapped	(('bigg:MAL__L@cytosol', -1), ('bigg:MAL__L@p', 1), ('bigg:SUCC@cytosol', 1), ('bigg:SUCC@p', -1))
E1T01214	transport	iJN1463;iML1515	iML1515:MALtex;iJN1463:MALtex	iML1515: mal__L_e <=> mal__L_p;iJN1463: mal__L_e <=> mal__L_p	mapped	(('bigg:MAL__L@e', -1), ('bigg:MAL__L@p', 1))
E1T01215	transport	iML1515	iML1515:MAN6Pt6_2pp	iML1515: man6p_p + 2.0 pi_c --> man6p_c + 2.0 pi_p	mapped	(('bigg:MAN6P@cytosol', -1), ('bigg:MAN6P@p', 1), ('bigg:PI@cytosol', 2), ('bigg:PI@p', -2))
E1T01216	transport	iML1515	iML1515:MANptspp	iML1515: man_p + pep_c --> man6p_c + pyr_c	mapped	(('bigg:MAN6P@cytosol', -1), ('bigg:MAN@p', 1), ('bigg:PEP@cytosol', 1), ('bigg:PYR@cytosol', -1))
E1T01217	transport	iML1515	iML1515:MAN6Ptex	iML1515: man6p_e <=> man6p_p	mapped	(('bigg:MAN6P@e', -1), ('bigg:MAN6P@p', 1))
E1T01218	transport	iML1515	iML1515:MANGLYCptspp	iML1515: manglyc_p + pep_c --> man6pglyc_c + pyr_c	mapped	(('bigg:MAN6PGLYC@cytosol', -1), ('bigg:MANGLYC@p', 1), ('bigg:PEP@cytosol', 1), ('bigg:PYR@cytosol', -1))
E1T01219	transport	iJN1463;iML1515	iML1515:MANtex;iJN1463:MANtex	iML1515: man_e <=> man_p;iJN1463: man_e <=> man_p	mapped	(('bigg:MAN@e', -1), ('bigg:MAN@p', 1))
E1T01220	transport	iML1515	iML1515:MANGLYCtex	iML1515: manglyc_e <=> manglyc_p	mapped	(('bigg:MANGLYC@e', -1), ('bigg:MANGLYC@p', 1))
E1T01221	transport	iJN1463	iJN1463:ALGSex11	iJN1463: manur_p --> manur_e	mapped	(('bigg:MANUR@e', -1), ('bigg:MANUR@p', 1))
E1T01222	transport	iML1515	iML1515:MELIBtex	iML1515: melib_e <=> melib_p	mapped	(('bigg:MELIB@e', -1), ('bigg:MELIB@p', 1))
E1T01223	transport	iJN1463;iML1515	iML1515:MEOHtrpp;iJN1463:MEOHtrpp	iML1515: meoh_p <=> meoh_c;iJN1463: meoh_p <=> meoh_c	mapped	(('bigg:MEOH@cytosol', -1), ('bigg:MEOH@p', 1))
E1T01224	transport	iJN1463;iML1515	iML1515:MEOHtex;iJN1463:MEOHtex	iML1515: meoh_e <=> meoh_p;iJN1463: meoh_e <=> meoh_p	mapped	(('bigg:MEOH@e', -1), ('bigg:MEOH@p', 1))
E1T01225	transport	iML1515	iML1515:MEPNtex	iML1515: mepn_e <=> mepn_p	mapped	(('bigg:MEPN@e', -1), ('bigg:MEPN@p', 1))
E1T01226	transport	iML1515	iML1515:METGLCURtex	iML1515: metglcur_e <=> metglcur_p	mapped	(('bigg:METGLCUR@e', -1), ('bigg:METGLCUR@p', 1))
E1T01227	transport	iML1515	iML1515:METSOX2tex	iML1515: metsox_R__L_e <=> metsox_R__L_p	mapped	(('bigg:METSOX_R__L@e', -1), ('bigg:METSOX_R__L@p', 1))
E1T01228	transport	iML1515	iML1515:METSOX1tex	iML1515: metsox_S__L_e <=> metsox_S__L_p	mapped	(('bigg:METSOX_S__L@e', -1), ('bigg:METSOX_S__L@p', 1))
E1T01229	transport	iJN1463;iML1515	iML1515:METDtex;iJN1463:METDtex	iML1515: met__D_e <=> met__D_p;iJN1463: met__D_e <=> met__D_p	mapped	(('bigg:MET__D@e', -1), ('bigg:MET__D@p', 1))
E1T01230	transport	iJN1463;iML1515	iML1515:METtex;iJN1463:METtex	iML1515: met__L_e <=> met__L_p;iJN1463: met__L_e <=> met__L_p	mapped	(('bigg:MET__L@e', -1), ('bigg:MET__L@p', 1))
E1T01231	transport	iJN1463;iML1515	iML1515:MG2tpp;iJN1463:MG2tpp	iML1515: mg2_p --> mg2_c;iJN1463: mg2_p --> mg2_c	mapped	(('bigg:MG2@cytosol', -1), ('bigg:MG2@p', 1))
E1T01232	transport	iML1515	iML1515:MINCYCtex	iML1515: mincyc_e <=> mincyc_p	mapped	(('bigg:MINCYC@e', -1), ('bigg:MINCYC@p', 1))
E1T01233	transport	iML1515	iML1515:MINOHPtexi	iML1515: minohp_e --> minohp_p	mapped	(('bigg:MINOHP@e', -1), ('bigg:MINOHP@p', 1))
E1T01234	transport	iJN1463;iML1515	iML1515:MMETtex;iJN1463:MMETtex	iML1515: mmet_e <=> mmet_p;iJN1463: mmet_e <=> mmet_p	mapped	(('bigg:MMET@e', -1), ('bigg:MMET@p', 1))
E1T01235	transport	iML1515	iML1515:MNLptspp	iML1515: mnl_p + pep_c --> mnl1p_c + pyr_c	mapped	(('bigg:MNL1P@cytosol', -1), ('bigg:MNL@p', 1), ('bigg:PEP@cytosol', 1), ('bigg:PYR@cytosol', -1))
E1T01236	transport	iML1515	iML1515:MNLtex	iML1515: mnl_e <=> mnl_p	mapped	(('bigg:MNL@e', -1), ('bigg:MNL@p', 1))
E1T01237	transport	iJN1463;iML1515	iML1515:MOBDtex;iJN1463:MOBDtex	iML1515: mobd_e <=> mobd_p;iJN1463: mobd_e <=> mobd_p	mapped	(('bigg:MOBD@e', -1), ('bigg:MOBD@p', 1))
E1T01238	transport	iJN1463;iML1515	iML1515:MSO3tex;iJN1463:MSO3tex	iML1515: mso3_e <=> mso3_p;iJN1463: mso3_e <=> mso3_p	mapped	(('bigg:MSO3@e', -1), ('bigg:MSO3@p', 1))
E1T01239	transport	iML1515	iML1515:AI2tpp	iML1515: mththf_c --> mththf_p	mapped	(('bigg:MTHTHF@cytosol', -1), ('bigg:MTHTHF@p', 1))
E1T01240	transport	iML1515	iML1515:AI2tex	iML1515: mththf_e <=> mththf_p	mapped	(('bigg:MTHTHF@e', -1), ('bigg:MTHTHF@p', 1))
E1T01241	transport	iJN1463	iJN1463:MTSOXINtpp	iJN1463: mtsoxin_p <=> mtsoxin_c	mapped	(('bigg:MTSOXIN@cytosol', -1), ('bigg:MTSOXIN@p', 1))
E1T01242	transport	iJN1463	iJN1463:MTSOXINtex	iJN1463: mtsoxin_e <=> mtsoxin_p	mapped	(('bigg:MTSOXIN@e', -1), ('bigg:MTSOXIN@p', 1))
E1T01243	transport	iJN1463	iJN1463:M_XYLtpp	iJN1463: m_xyl_p <=> m_xyl_c	mapped	(('bigg:M_XYL@cytosol', -1), ('bigg:M_XYL@p', 1))
E1T01244	transport	iJN1463	iJN1463:M_Xylt1	iJN1463: m_xyl_e <=> m_xyl_p	mapped	(('bigg:M_XYL@e', -1), ('bigg:M_XYL@p', 1))
E1T01245	transport	iML1515	iML1515:N2Otpp	iML1515: n2o_p <=> n2o_c	mapped	(('bigg:N2O@cytosol', -1), ('bigg:N2O@p', 1))
E1T01246	transport	iML1515	iML1515:N2Otex	iML1515: n2o_e <=> n2o_p	mapped	(('bigg:N2O@e', -1), ('bigg:N2O@p', 1))
E1T01247	transport	iJN1463	iJN1463:N2ONEtpp	iJN1463: n2one_p <=> n2one_c	mapped	(('bigg:N2ONE@cytosol', -1), ('bigg:N2ONE@p', 1))
E1T01248	transport	iJN1463	iJN1463:N2ONEtex	iJN1463: n2one_e <=> n2one_p	mapped	(('bigg:N2ONE@e', -1), ('bigg:N2ONE@p', 1))
E1T01249	transport	iJN1463	iJN1463:PACt3	iJN1463: na1_p + pac_p <=> na1_c + pac_c	mapped	(('bigg:NA1@cytosol', -1), ('bigg:NA1@p', 1), ('bigg:PAC@cytosol', -1), ('bigg:PAC@p', 1))
E1T01250	transport	iJN1463;iML1515	iML1515:PNTOt4pp;iJN1463:PNTOt4pp	iML1515: na1_p + pnto__R_p --> na1_c + pnto__R_c;iJN1463: na1_p + pnto__R_p --> na1_c + pnto__R_c	mapped	(('bigg:NA1@cytosol', -1), ('bigg:NA1@p', 1), ('bigg:PNTO__R@cytosol', -1), ('bigg:PNTO__R@p', 1))
E1T01251	transport	iJN1463;iML1515	iML1515:PPAt4pp;iJN1463:PPAt4pp	iML1515: na1_p + ppa_p --> na1_c + ppa_c;iJN1463: na1_p + ppa_p --> na1_c + ppa_c	mapped	(('bigg:NA1@cytosol', -1), ('bigg:NA1@p', 1), ('bigg:PPA@cytosol', -1), ('bigg:PPA@p', 1))
E1T01252	transport	iJN1463;iML1515	iML1515:PROt4pp;iJN1463:PROt4pp	iML1515: na1_p + pro__L_p --> na1_c + pro__L_c;iJN1463: na1_p + pro__L_p --> na1_c + pro__L_c	mapped	(('bigg:NA1@cytosol', -1), ('bigg:NA1@p', 1), ('bigg:PRO__L@cytosol', -1), ('bigg:PRO__L@p', 1))
E1T01253	transport	iJN1463;iML1515	iML1515:SERt4pp;iJN1463:SERt4pp	iML1515: na1_p + ser__L_p --> na1_c + ser__L_c;iJN1463: na1_p + ser__L_p --> na1_c + ser__L_c	mapped	(('bigg:NA1@cytosol', -1), ('bigg:NA1@p', 1), ('bigg:SER__L@cytosol', -1), ('bigg:SER__L@p', 1))
E1T01254	transport	iJN1463	iJN1463:SO4t4pp_1	iJN1463: na1_p + so4_p --> na1_c + so4_c	mapped	(('bigg:NA1@cytosol', -1), ('bigg:NA1@p', 1), ('bigg:SO4@cytosol', -1), ('bigg:SO4@p', 1))
E1T01255	transport	iJN1463;iML1515	iML1515:THRt4pp;iJN1463:THRt4pp	iML1515: na1_p + thr__L_p --> na1_c + thr__L_c;iJN1463: na1_p + thr__L_p --> na1_c + thr__L_c	mapped	(('bigg:NA1@cytosol', -1), ('bigg:NA1@p', 1), ('bigg:THR__L@cytosol', -1), ('bigg:THR__L@p', 1))
E1T01256	transport	iJN1463	iJN1463:PIt7ipp	iJN1463: 3.0 na1_p + pi_p --> 3.0 na1_c + pi_c	mapped	(('bigg:NA1@cytosol', -3), ('bigg:NA1@p', 3), ('bigg:PI@cytosol', -1), ('bigg:PI@p', 1))
E1T01257	transport	iML1515	iML1515:NACtpp	iML1515: nac_p --> nac_c	mapped	(('bigg:NAC@cytosol', -1), ('bigg:NAC@p', 1))
E1T01258	transport	iJN1463;iML1515	iML1515:NACtex;iJN1463:NACtex	iML1515: nac_e <=> nac_p;iJN1463: nac_e <=> nac_p	mapped	(('bigg:NAC@e', -1), ('bigg:NAC@p', 1))
E1T01259	transport	iJN1463	iJN1463:NCBMPTStex	iJN1463: Ncbmpts_e <=> Ncbmpts_p	mapped	(('bigg:NCBMPTS@e', -1), ('bigg:NCBMPTS@p', 1))
E1T01260	transport	iJN1463;iML1515	iML1515:NI2tpp;iJN1463:NI2tpp	iML1515: ni2_p --> ni2_c;iJN1463: ni2_p --> ni2_c	mapped	(('bigg:NI2@cytosol', -1), ('bigg:NI2@p', 1))
E1T01261	transport	iJN1463;iML1515	iML1515:NI2tex;iJN1463:NI2tex	iML1515: ni2_e <=> ni2_p;iJN1463: ni2_e <=> ni2_p	mapped	(('bigg:NI2@e', -1), ('bigg:NI2@p', 1))
E1T01262	transport	iML1515	iML1515:NMNPtpp	iML1515: nmn_p --> nmn_c	mapped	(('bigg:NMN@cytosol', -1), ('bigg:NMN@p', 1))
E1T01263	transport	iML1515	iML1515:NMNtex	iML1515: nmn_e <=> nmn_p	mapped	(('bigg:NMN@e', -1), ('bigg:NMN@p', 1))
E1T01264	transport	iML1515	iML1515:NO3t7pp	iML1515: no2_c + no3_p --> no2_p + no3_c	mapped	(('bigg:NO2@cytosol', -1), ('bigg:NO2@p', 1), ('bigg:NO3@cytosol', 1), ('bigg:NO3@p', -1))
E1T01265	transport	iJN1463;iML1515	iML1515:NO2tex;iJN1463:NO2tex	iML1515: no2_e <=> no2_p;iJN1463: no2_e <=> no2_p	mapped	(('bigg:NO2@e', -1), ('bigg:NO2@p', 1))
E1T01266	transport	iJN1463;iML1515	iML1515:NO3tex;iJN1463:NO3tex	iML1515: no3_e <=> no3_p;iJN1463: no3_e <=> no3_p	mapped	(('bigg:NO3@e', -1), ('bigg:NO3@p', 1))
E1T01267	transport	iJN1463;iML1515	iML1515:NOtpp;iJN1463:NOtpp	iML1515: no_p <=> no_c;iJN1463: no_p <=> no_c	mapped	(('bigg:NO@cytosol', -1), ('bigg:NO@p', 1))
E1T01268	transport	iJN1463;iML1515	iML1515:NOtex;iJN1463:NOtex	iML1515: no_e <=> no_p;iJN1463: no_e <=> no_p	mapped	(('bigg:NO@e', -1), ('bigg:NO@p', 1))
E1T01269	transport	iJN1463	iJN1463:NONAtexi	iJN1463: nona_e --> nona_p	mapped	(('bigg:NONA@e', -1), ('bigg:NONA@p', 1))
E1T01270	transport	iML1515	iML1515:NOVBCNtex	iML1515: novbcn_e <=> novbcn_p	mapped	(('bigg:NOVBCN@e', -1), ('bigg:NOVBCN@p', 1))
E1T01271	transport	iML1515	iML1515:O16AUNDtpp	iML1515: o16aund_c --> o16aund_p	mapped	(('bigg:O16AUND@cytosol', -1), ('bigg:O16AUND@p', 1))
E1T01272	transport	iML1515	iML1515:O2Stex	iML1515: o2s_e <=> o2s_p	mapped	(('bigg:O2S@e', -1), ('bigg:O2S@p', 1))
E1T01273	transport	iJN1463	iJN1463:OAAtex	iJN1463: oaa_e <=> oaa_p	mapped	(('bigg:OAA@e', -1), ('bigg:OAA@p', 1))
E1T01274	transport	iJN1463;iML1515	iML1515:OCDCAtexi;iJN1463:OCDCAtexi	iML1515: ocdca_e --> ocdca_p;iJN1463: ocdca_e --> ocdca_p	mapped	(('bigg:OCDCA@e', -1), ('bigg:OCDCA@p', 1))
E1T01275	transport	iJN1463;iML1515	iML1515:OCDCEAtexi;iJN1463:OCDCEAtexi	iML1515: ocdcea_e --> ocdcea_p;iJN1463: ocdcea_e --> ocdcea_p	mapped	(('bigg:OCDCEA@e', -1), ('bigg:OCDCEA@p', 1))
E1T01276	transport	iJN1463;iML1515	iML1515:OCTAtex;iJN1463:OCTAtex	iML1515: octa_e <=> octa_p;iJN1463: octa_e --> octa_p	mapped	(('bigg:OCTA@e', -1), ('bigg:OCTA@p', 1))
E1T01277	transport	iML1515	iML1515:PTRCORNt7pp	iML1515: orn_c + ptrc_p <=> orn_p + ptrc_c	mapped	(('bigg:ORN@cytosol', -1), ('bigg:ORN@p', 1), ('bigg:PTRC@cytosol', 1), ('bigg:PTRC@p', -1))
E1T01278	transport	iJN1463;iML1515	iML1515:ORNtex;iJN1463:ORNtex	iML1515: orn_e <=> orn_p;iJN1463: orn_e <=> orn_p	mapped	(('bigg:ORN@e', -1), ('bigg:ORN@p', 1))
E1T01279	transport	iJN1463	iJN1463:DORNtex	iJN1463: orn__D_e <=> orn__D_p	mapped	(('bigg:ORN__D@e', -1), ('bigg:ORN__D@p', 1))
E1T01280	transport	iJN1463;iML1515	iML1515:OROTtex;iJN1463:OROTtex	iML1515: orot_e <=> orot_p;iJN1463: orot_e <=> orot_p	mapped	(('bigg:OROT@e', -1), ('bigg:OROT@p', 1))
E1T01281	transport	iJN1463	iJN1463:OXFOtex	iJN1463: oxa_e <=> oxa_p	mapped	(('bigg:OXA@e', -1), ('bigg:OXA@p', 1))
E1T01282	transport	iJN1463	iJN1463:O_XYLtppi	iJN1463: o_xyl_p --> o_xyl_c	mapped	(('bigg:O_XYL@cytosol', -1), ('bigg:O_XYL@p', 1))
E1T01283	transport	iJN1463	iJN1463:O_Xylt1	iJN1463: o_xyl_e <=> o_xyl_p	mapped	(('bigg:O_XYL@e', -1), ('bigg:O_XYL@p', 1))
E1T01284	transport	iJN1463	iJN1463:PACt1	iJN1463: pac_e <=> pac_p	mapped	(('bigg:PAC@e', -1), ('bigg:PAC@p', 1))
E1T01285	transport	iJN1463;iML1515	iML1515:PACALDtex;iJN1463:PACALDtex	iML1515: pacald_e <=> pacald_p;iJN1463: pacald_e <=> pacald_p	mapped	(('bigg:PACALD@e', -1), ('bigg:PACALD@p', 1))
E1T01286	non_cytosolic	iJN1463	iJN1463:PEAOpp	iJN1463: pea_p + pqq_p --> pacald_p + pqqh2_p	mapped	(('bigg:PACALD@p', -1), ('bigg:PEA@p', 1), ('bigg:PQQ@p', 1), ('bigg:PQQH2@p', -1))
E1T01287	transport	iJN1463	iJN1463:PB2tpp	iJN1463: pb2_p --> pb2_c	mapped	(('bigg:PB2@cytosol', -1), ('bigg:PB2@p', 1))
E1T01288	transport	iJN1463	iJN1463:PB2tex	iJN1463: pb2_e <=> pb2_p	mapped	(('bigg:PB2@e', -1), ('bigg:PB2@p', 1))
E1T01289	non_cytosolic	iJN1463	iJN1463:PLCTI1	iJN1463: pe161_p <=> pe161e9_p	mapped	(('bigg:PE161@p', -1), ('bigg:PE161E9@p', 1))
E1T01290	non_cytosolic	iJN1463	iJN1463:PLCTI2	iJN1463: pe181_p <=> pe181e11_p	mapped	(('bigg:PE181@p', -1), ('bigg:PE181E11@p', 1))
E1T01291	transport	iJN1463	iJN1463:PEALtex	iJN1463: pea_e <=> pea_p	mapped	(('bigg:PEA@e', -1), ('bigg:PEA@p', 1))
E1T01292	transport	iJN1463;iML1515	iML1515:PEAMNtex;iJN1463:PEAMNtex	iML1515: peamn_e <=> peamn_p;iJN1463: peamn_e <=> peamn_p	mapped	(('bigg:PEAMN@e', -1), ('bigg:PEAMN@p', 1))
E1T01293	transport	iJN1463	iJN1463:PENTSOtex	iJN1463: pentso3_e <=> pentso3_p	mapped	(('bigg:PENTSO3@e', -1), ('bigg:PENTSO3@p', 1))
E1T01294	transport	iML1515	iML1515:SBTptspp	iML1515: pep_c + sbt__D_p --> pyr_c + sbt6p_c	mapped	(('bigg:PEP@cytosol', -1), ('bigg:PYR@cytosol', 1), ('bigg:SBT6P@cytosol', 1), ('bigg:SBT__D@p', -1))
E1T01295	transport	iML1515	iML1515:SUCptspp	iML1515: pep_c + sucr_p --> pyr_c + suc6p_c	mapped	(('bigg:PEP@cytosol', -1), ('bigg:PYR@cytosol', 1), ('bigg:SUC6P@cytosol', 1), ('bigg:SUCR@p', -1))
E1T01296	transport	iML1515	iML1515:TREptspp	iML1515: pep_c + tre_p --> pyr_c + tre6p_c	mapped	(('bigg:PEP@cytosol', -1), ('bigg:PYR@cytosol', 1), ('bigg:TRE6P@cytosol', 1), ('bigg:TRE@p', -1))
E1T01297	non_cytosolic	iJN1463	iJN1463:PLCTI3	iJN1463: pg161_p <=> pg161e9_p	mapped	(('bigg:PG161@p', -1), ('bigg:PG161E9@p', 1))
E1T01298	non_cytosolic	iJN1463	iJN1463:PLCTI4	iJN1463: pg181_p <=> pg181e11_p	mapped	(('bigg:PG181@p', -1), ('bigg:PG181E11@p', 1))
E1T01299	transport	iJN1463	iJN1463:PHEDCAtexi	iJN1463: phedca_e --> phedca_p	mapped	(('bigg:PHEDCA@e', -1), ('bigg:PHEDCA@p', 1))
E1T01300	transport	iJN1463	iJN1463:PHEHPAtexi	iJN1463: phehpa_e --> phehpa_p	mapped	(('bigg:PHEHPA@e', -1), ('bigg:PHEHPA@p', 1))
E1T01301	transport	iJN1463	iJN1463:PHEHXAtexi	iJN1463: phehxa_e --> phehxa_p	mapped	(('bigg:PHEHXA@e', -1), ('bigg:PHEHXA@p', 1))
E1T01302	transport	iJN1463;iML1515	iML1515:PHEMEtiex;iJN1463:PHEMEtiex	iML1515: pheme_p --> pheme_e;iJN1463: pheme_p --> pheme_e	mapped	(('bigg:PHEME@e', -1), ('bigg:PHEME@p', 1))
E1T01303	transport	iJN1463	iJN1463:PHENONAtexi	iJN1463: phenona_e --> phenona_p	mapped	(('bigg:PHENONA@e', -1), ('bigg:PHENONA@p', 1))
E1T01304	transport	iJN1463	iJN1463:PHEOCTAtexi	iJN1463: pheocta_e --> pheocta_p	mapped	(('bigg:PHEOCTA@e', -1), ('bigg:PHEOCTA@p', 1))
E1T01305	transport	iJN1463	iJN1463:PHEPTtexi	iJN1463: phept_e --> phept_p	mapped	(('bigg:PHEPT@e', -1), ('bigg:PHEPT@p', 1))
E1T01306	transport	iJN1463	iJN1463:DPHEtex	iJN1463: phe__D_e <=> phe__D_p	mapped	(('bigg:PHE__D@e', -1), ('bigg:PHE__D@p', 1))
E1T01307	transport	iML1515	iML1515:PHEtipp	iML1515: phe__L_c --> phe__L_p	mapped	(('bigg:PHE__L@cytosol', -1), ('bigg:PHE__L@p', 1))
E1T01308	transport	iJN1463;iML1515	iML1515:PHEtex;iJN1463:PHEtex	iML1515: phe__L_e <=> phe__L_p;iJN1463: phe__L_e <=> phe__L_p	mapped	(('bigg:PHE__L@e', -1), ('bigg:PHE__L@p', 1))
E1T01309	transport	iJN1463	iJN1463:PHPYRtex	iJN1463: phpyr_e <=> phpyr_p	mapped	(('bigg:PHPYR@e', -1), ('bigg:PHPYR@p', 1))
E1T01310	transport	iML1515	iML1515:PItpp	iML1515: pi_c --> pi_p	mapped	(('bigg:PI@cytosol', -1), ('bigg:PI@p', 1))
E1T01311	transport	iJN1463;iML1515	iML1515:PNTOtex;iJN1463:PNTOtex	iML1515: pnto__R_e <=> pnto__R_p;iJN1463: pnto__R_e <=> pnto__R_p	mapped	(('bigg:PNTO__R@e', -1), ('bigg:PNTO__R@p', 1))
E1T01312	transport	iJN1463;iML1515	iML1515:PPAtex;iJN1463:PPAtex	iML1515: ppa_e <=> ppa_p;iJN1463: ppa_e <=> ppa_p	mapped	(('bigg:PPA@e', -1), ('bigg:PPA@p', 1))
E1T01313	transport	iML1515	iML1515:PPALtpp	iML1515: ppal_c <=> ppal_p	mapped	(('bigg:PPAL@cytosol', -1), ('bigg:PPAL@p', 1))
E1T01314	transport	iML1515	iML1515:PPALtex	iML1515: ppal_e <=> ppal_p	mapped	(('bigg:PPAL@e', -1), ('bigg:PPAL@p', 1))
E1T01315	transport	iJN1463	iJN1463:PPItex_1	iJN1463: ppi_e <=> ppi_p	mapped	(('bigg:PPI@e', -1), ('bigg:PPI@p', 1))
E1T01316	transport	iML1515	iML1515:PPPNtex	iML1515: pppn_e <=> pppn_p	mapped	(('bigg:PPPN@e', -1), ('bigg:PPPN@p', 1))
E1T01317	transport	iJN1463	iJN1463:PPTRNtpp	iJN1463: pptrn_p <=> pptrn_c	mapped	(('bigg:PPTRN@cytosol', -1), ('bigg:PPTRN@p', 1))
E1T01318	transport	iJN1463	iJN1463:PPTRNtex	iJN1463: pptrn_e <=> pptrn_p	mapped	(('bigg:PPTRN@e', -1), ('bigg:PPTRN@p', 1))
E1T01319	transport	iJN1463	iJN1463:PQQtpp	iJN1463: pqq_c <=> pqq_p	mapped	(('bigg:PQQ@cytosol', -1), ('bigg:PQQ@p', 1))
E1T01320	transport	iJN1463	iJN1463:PQQH2tpp	iJN1463: pqqh2_c <=> pqqh2_p	mapped	(('bigg:PQQH2@cytosol', -1), ('bigg:PQQH2@p', 1))
E1T01321	transport	iJN1463	iJN1463:ALGSex5	iJN1463: prealginate_G_p --> prealginate_G_e	mapped	(('bigg:PREALGINATE_G@e', -1), ('bigg:PREALGINATE_G@p', 1))
E1T01322	non_cytosolic	iJN1463	iJN1463:ALGE5	iJN1463: prealginate__M_p <=> prealginate_G_p	mapped	(('bigg:PREALGINATE_G@p', -1), ('bigg:PREALGINATE__M@p', 1))
E1T01323	non_cytosolic	iJN1463	iJN1463:ALGE4	iJN1463: prealginate__M_p <=> prealg_MG_14_p	mapped	(('bigg:PREALGINATE__M@p', -1), ('bigg:PREALG_MG_14@p', 1))
E1T01324	non_cytosolic	iJN1463	iJN1463:ALGE3	iJN1463: prealginate__M_p <=> prealg_MG_23_p	mapped	(('bigg:PREALGINATE__M@p', -1), ('bigg:PREALG_MG_23@p', 1))
E1T01325	non_cytosolic	iJN1463	iJN1463:ALGE2	iJN1463: prealginate__M_p <=> prealg_MG_32_p	mapped	(('bigg:PREALGINATE__M@p', -1), ('bigg:PREALG_MG_32@p', 1))
E1T01326	non_cytosolic	iJN1463	iJN1463:ALGE1	iJN1463: prealginate__M_p <=> prealg_MG_41_p	mapped	(('bigg:PREALGINATE__M@p', -1), ('bigg:PREALG_MG_41@p', 1))
E1T01327	transport	iJN1463	iJN1463:ALGSex4	iJN1463: prealg_MG_14_p --> prealg_MG_14_e	mapped	(('bigg:PREALG_MG_14@e', -1), ('bigg:PREALG_MG_14@p', 1))
E1T01328	transport	iJN1463	iJN1463:ALGSex3	iJN1463: prealg_MG_23_p --> prealg_MG_23_e	mapped	(('bigg:PREALG_MG_23@e', -1), ('bigg:PREALG_MG_23@p', 1))
E1T01329	transport	iJN1463	iJN1463:ALGSex2	iJN1463: prealg_MG_32_p --> prealg_MG_32_e	mapped	(('bigg:PREALG_MG_32@e', -1), ('bigg:PREALG_MG_32@p', 1))
E1T01330	transport	iJN1463	iJN1463:ALGSex1	iJN1463: prealg_MG_41_p --> prealg_MG_41_e	mapped	(('bigg:PREALG_MG_41@e', -1), ('bigg:PREALG_MG_41@p', 1))
E1T01331	transport	iJN1463;iML1515	iML1515:PROGLYtex;iJN1463:PROGLYtex	iML1515: progly_e <=> progly_p;iJN1463: progly_e <=> progly_p	mapped	(('bigg:PROGLY@e', -1), ('bigg:PROGLY@p', 1))
E1T01332	transport	iJN1463	iJN1463:DPROtex	iJN1463: pro__D_e <=> pro__D_p	mapped	(('bigg:PRO__D@e', -1), ('bigg:PRO__D@p', 1))
E1T01333	transport	iJN1463;iML1515	iML1515:PROtex;iJN1463:PROtex	iML1515: pro__L_e <=> pro__L_p;iJN1463: pro__L_e <=> pro__L_p	mapped	(('bigg:PRO__L@e', -1), ('bigg:PRO__L@p', 1))
E1T01334	transport	iML1515	iML1515:PSCLYStex	iML1515: psclys_e <=> psclys_p	mapped	(('bigg:PSCLYS@e', -1), ('bigg:PSCLYS@p', 1))
E1T01335	transport	iML1515	iML1515:PSERtex	iML1515: pser__L_e <=> pser__L_p	mapped	(('bigg:PSER__L@e', -1), ('bigg:PSER__L@p', 1))
E1T01336	transport	iML1515	iML1515:PSURItpp	iML1515: psuri_p --> psuri_c	mapped	(('bigg:PSURI@cytosol', -1), ('bigg:PSURI@p', 1))
E1T01337	transport	iML1515	iML1515:PSURItex	iML1515: psuri_e <=> psuri_p	mapped	(('bigg:PSURI@e', -1), ('bigg:PSURI@p', 1))
E1T01338	transport	iJN1463	iJN1463:PTAtex	iJN1463: pta_e <=> pta_p	mapped	(('bigg:PTA@e', -1), ('bigg:PTA@p', 1))
E1T01339	transport	iJN1463;iML1515	iML1515:PTRCtex;iJN1463:PTRCtex	iML1515: ptrc_e <=> ptrc_p;iJN1463: ptrc_e <=> ptrc_p	mapped	(('bigg:PTRC@e', -1), ('bigg:PTRC@p', 1))
E1T01340	transport	iJN1463	iJN1463:PTSLAtexi	iJN1463: ptsla_e --> ptsla_p	mapped	(('bigg:PTSLA@e', -1), ('bigg:PTSLA@p', 1))
E1T01341	transport	iML1515	iML1515:PUACGAMtr	iML1515: puacgam_c --> puacgam_p	mapped	(('bigg:PUACGAM@cytosol', -1), ('bigg:PUACGAM@p', 1))
E1T01342	non_cytosolic	iJN1463	iJN1463:PYOVDM2	iJN1463: pvdiq_p --> pyovd_kt_p	mapped	(('bigg:PVDIQ@p', -1), ('bigg:PYOVD_KT@p', 1))
E1T01343	transport	iJN1463;iML1515	iML1515:PYDAMtpp;iJN1463:PYDAMtpp	iML1515: pydam_p --> pydam_c;iJN1463: pydam_p --> pydam_c	mapped	(('bigg:PYDAM@cytosol', -1), ('bigg:PYDAM@p', 1))
E1T01344	transport	iJN1463;iML1515	iML1515:PYDAMtex;iJN1463:PYDAMtex	iML1515: pydam_e <=> pydam_p;iJN1463: pydam_e <=> pydam_p	mapped	(('bigg:PYDAM@e', -1), ('bigg:PYDAM@p', 1))
E1T01345	transport	iML1515	iML1515:PYDXtpp	iML1515: pydx_p --> pydx_c	mapped	(('bigg:PYDX@cytosol', -1), ('bigg:PYDX@p', 1))
E1T01346	transport	iML1515	iML1515:PYDXtex	iML1515: pydx_e <=> pydx_p	mapped	(('bigg:PYDX@e', -1), ('bigg:PYDX@p', 1))
E1T01347	transport	iML1515	iML1515:PYDXNtpp	iML1515: pydxn_p --> pydxn_c	mapped	(('bigg:PYDXN@cytosol', -1), ('bigg:PYDXN@p', 1))
E1T01348	transport	iML1515	iML1515:PYDXNtex	iML1515: pydxn_e <=> pydxn_p	mapped	(('bigg:PYDXN@e', -1), ('bigg:PYDXN@p', 1))
E1T01349	transport	iJN1463;iML1515	iML1515:PYRtex;iJN1463:PYRtex	iML1515: pyr_e <=> pyr_p;iJN1463: pyr_e <=> pyr_p	mapped	(('bigg:PYR@e', -1), ('bigg:PYR@p', 1))
E1T01350	transport	iJN1463	iJN1463:P_XYLtpp	iJN1463: p_xyl_p --> p_xyl_c	mapped	(('bigg:P_XYL@cytosol', -1), ('bigg:P_XYL@p', 1))
E1T01351	transport	iJN1463	iJN1463:P_Xylt1	iJN1463: p_xyl_e <=> p_xyl_p	mapped	(('bigg:P_XYL@e', -1), ('bigg:P_XYL@p', 1))
E1T01352	transport	iML1515	iML1515:QUIN2tpp	iML1515: quin_p <=> quin_c	mapped	(('bigg:QUIN@cytosol', -1), ('bigg:QUIN@p', 1))
E1T01353	transport	iJN1463;iML1515	iML1515:QUIN2tex;iJN1463:QUIN2tex	iML1515: quin_e <=> quin_p;iJN1463: quin_e <=> quin_p	mapped	(('bigg:QUIN@e', -1), ('bigg:QUIN@p', 1))
E1T01354	transport	iJN1463	iJN1463:RHA101tpp	iJN1463: R3hdec4e_p <=> R3hdec4e_c	mapped	(('bigg:R3HDEC4E@cytosol', -1), ('bigg:R3HDEC4E@p', 1))
E1T01355	transport	iJN1463	iJN1463:RHA101tex	iJN1463: R3hdec4e_p <=> R3hdec4e_e	mapped	(('bigg:R3HDEC4E@e', -1), ('bigg:R3HDEC4E@p', 1))
E1T01356	transport	iML1515	iML1515:R5Ptex	iML1515: r5p_e <=> r5p_p	mapped	(('bigg:R5P@e', -1), ('bigg:R5P@p', 1))
E1T01357	transport	iML1515	iML1515:RFAMPtex	iML1515: rfamp_e <=> rfamp_p	mapped	(('bigg:RFAMP@e', -1), ('bigg:RFAMP@p', 1))
E1T01358	transport	iJN1463;iML1515	iML1515:RIBtex;iJN1463:RIBtex	iML1515: rib__D_e <=> rib__D_p;iJN1463: rib__D_e <=> rib__D_p	mapped	(('bigg:RIB__D@e', -1), ('bigg:RIB__D@p', 1))
E1T01359	transport	iML1515	iML1515:RMNtex	iML1515: rmn_e <=> rmn_p	mapped	(('bigg:RMN@e', -1), ('bigg:RMN@p', 1))
E1T01360	transport	iJN1463	iJN1463:RHAT40tpp	iJN1463: R_3h4atba_p <=> R_3h4atba_c	mapped	(('bigg:R_3H4ATBA@cytosol', -1), ('bigg:R_3H4ATBA@p', 1))
E1T01361	transport	iJN1463	iJN1463:RHAT40tex	iJN1463: R_3h4atba_p <=> R_3h4atba_e	mapped	(('bigg:R_3H4ATBA@e', -1), ('bigg:R_3H4ATBA@p', 1))
E1T01362	transport	iJN1463	iJN1463:RHAT60tpp	iJN1463: R_3h6atha_p <=> R_3h6atha_c	mapped	(('bigg:R_3H6ATHA@cytosol', -1), ('bigg:R_3H6ATHA@p', 1))
E1T01363	transport	iJN1463	iJN1463:RHAT60tex	iJN1463: R_3h6atha_p <=> R_3h6atha_e	mapped	(('bigg:R_3H6ATHA@e', -1), ('bigg:R_3H6ATHA@p', 1))
E1T01364	transport	iJN1463	iJN1463:RHA141tpp	iJN1463: R_3hcmrs7e_p <=> R_3hcmrs7e_c	mapped	(('bigg:R_3HCMRS7E@cytosol', -1), ('bigg:R_3HCMRS7E@p', 1))
E1T01365	transport	iJN1463	iJN1463:RHA141tex	iJN1463: R_3hcmrs7e_p <=> R_3hcmrs7e_e	mapped	(('bigg:R_3HCMRS7E@e', -1), ('bigg:R_3HCMRS7E@p', 1))
E1T01366	transport	iJN1463	iJN1463:RHA100tpp	iJN1463: R_3hdcaa_p <=> R_3hdcaa_c	mapped	(('bigg:R_3HDCAA@cytosol', -1), ('bigg:R_3HDCAA@p', 1))
E1T01367	transport	iJN1463	iJN1463:RHA100tex	iJN1463: R_3hdcaa_p <=> R_3hdcaa_e	mapped	(('bigg:R_3HDCAA@e', -1), ('bigg:R_3HDCAA@p', 1))
E1T01368	transport	iJN1463	iJN1463:RHA121tpp	iJN1463: R_3hdd5ea_p <=> R_3hdd5ea_c	mapped	(('bigg:R_3HDD5EA@cytosol', -1), ('bigg:R_3HDD5EA@p', 1))
E1T01369	transport	iJN1463	iJN1463:RHA121tex	iJN1463: R_3hdd5ea_p <=> R_3hdd5ea_e	mapped	(('bigg:R_3HDD5EA@e', -1), ('bigg:R_3HDD5EA@p', 1))
E1T01370	transport	iJN1463	iJN1463:RHA121d6tpp	iJN1463: R_3hdd6e_p <=> R_3hdd6e_c	mapped	(('bigg:R_3HDD6E@cytosol', -1), ('bigg:R_3HDD6E@p', 1))
E1T01371	transport	iJN1463	iJN1463:RHA121d6tex	iJN1463: R_3hdd6e_p <=> R_3hdd6e_e	mapped	(('bigg:R_3HDD6E@e', -1), ('bigg:R_3HDD6E@p', 1))
E1T01372	transport	iJN1463	iJN1463:RHA120tpp	iJN1463: R_3hdda_p <=> R_3hdda_c	mapped	(('bigg:R_3HDDA@cytosol', -1), ('bigg:R_3HDDA@p', 1))
E1T01373	transport	iJN1463	iJN1463:RHA120tex	iJN1463: R_3hdda_p <=> R_3hdda_e	mapped	(('bigg:R_3HDDA@e', -1), ('bigg:R_3HDDA@p', 1))
E1T01374	transport	iJN1463	iJN1463:RHA160tpp	iJN1463: R_3hhdca_p <=> R_3hhdca_c	mapped	(('bigg:R_3HHDCA@cytosol', -1), ('bigg:R_3HHDCA@p', 1))
E1T01375	transport	iJN1463	iJN1463:RHA160tex	iJN1463: R_3hhdca_p <=> R_3hhdca_e	mapped	(('bigg:R_3HHDCA@e', -1), ('bigg:R_3HHDCA@p', 1))
E1T01376	transport	iJN1463	iJN1463:RHA70tpp	iJN1463: R_3hhpa_p <=> R_3hhpa_c	mapped	(('bigg:R_3HHPA@cytosol', -1), ('bigg:R_3HHPA@p', 1))
E1T01377	transport	iJN1463	iJN1463:RHA70tex	iJN1463: R_3hhpa_p <=> R_3hhpa_e	mapped	(('bigg:R_3HHPA@e', -1), ('bigg:R_3HHPA@p', 1))
E1T01378	transport	iJN1463	iJN1463:RHA60tpp	iJN1463: R_3hhxa_p <=> R_3hhxa_c	mapped	(('bigg:R_3HHXA@cytosol', -1), ('bigg:R_3HHXA@p', 1))
E1T01379	transport	iJN1463	iJN1463:RHA60tex	iJN1463: R_3hhxa_p <=> R_3hhxa_e	mapped	(('bigg:R_3HHXA@e', -1), ('bigg:R_3HHXA@p', 1))
E1T01380	transport	iJN1463	iJN1463:RHA90tpp	iJN1463: R_3hnonaa_p <=> R_3hnonaa_c	mapped	(('bigg:R_3HNONAA@cytosol', -1), ('bigg:R_3HNONAA@p', 1))
E1T01381	transport	iJN1463	iJN1463:RHA90tex	iJN1463: R_3hnonaa_p <=> R_3hnonaa_e	mapped	(('bigg:R_3HNONAA@e', -1), ('bigg:R_3HNONAA@p', 1))
E1T01382	transport	iJN1463	iJN1463:RHA80tpp	iJN1463: R_3hocta_p <=> R_3hocta_c	mapped	(('bigg:R_3HOCTA@cytosol', -1), ('bigg:R_3HOCTA@p', 1))
E1T01383	transport	iJN1463	iJN1463:RHA80tex	iJN1463: R_3hocta_p <=> R_3hocta_e	mapped	(('bigg:R_3HOCTA@e', -1), ('bigg:R_3HOCTA@p', 1))
E1T01384	transport	iJN1463	iJN1463:RHAP40tpp	iJN1463: R_3hpba_p <=> R_3hpba_c	mapped	(('bigg:R_3HPBA@cytosol', -1), ('bigg:R_3HPBA@p', 1))
E1T01385	transport	iJN1463	iJN1463:RHAP40tex	iJN1463: R_3hpba_p <=> R_3hpba_e	mapped	(('bigg:R_3HPBA@e', -1), ('bigg:R_3HPBA@p', 1))
E1T01386	transport	iJN1463	iJN1463:RHAP100tpp	iJN1463: R_3hpdeca_p <=> R_3hpdeca_c	mapped	(('bigg:R_3HPDECA@cytosol', -1), ('bigg:R_3HPDECA@p', 1))
E1T01387	transport	iJN1463	iJN1463:RHAP100tex	iJN1463: R_3hpdeca_p <=> R_3hpdeca_e	mapped	(('bigg:R_3HPDECA@e', -1), ('bigg:R_3HPDECA@p', 1))
E1T01388	transport	iJN1463	iJN1463:RHAP70tpp	iJN1463: R_3hphpa_p <=> R_3hphpa_c	mapped	(('bigg:R_3HPHPA@cytosol', -1), ('bigg:R_3HPHPA@p', 1))
E1T01389	transport	iJN1463	iJN1463:RHAP70tex	iJN1463: R_3hphpa_p <=> R_3hphpa_e	mapped	(('bigg:R_3HPHPA@e', -1), ('bigg:R_3HPHPA@p', 1))
E1T01390	transport	iJN1463	iJN1463:RHAP60tpp	iJN1463: R_3hphxa_p <=> R_3hphxa_c	mapped	(('bigg:R_3HPHXA@cytosol', -1), ('bigg:R_3HPHXA@p', 1))
E1T01391	transport	iJN1463	iJN1463:RHAP60tex	iJN1463: R_3hphxa_p <=> R_3hphxa_e	mapped	(('bigg:R_3HPHXA@e', -1), ('bigg:R_3HPHXA@p', 1))
E1T01392	transport	iJN1463	iJN1463:RHAP90tpp	iJN1463: R_3hpnona_p <=> R_3hpnona_c	mapped	(('bigg:R_3HPNONA@cytosol', -1), ('bigg:R_3HPNONA@p', 1))
E1T01393	transport	iJN1463	iJN1463:RHAP90tex	iJN1463: R_3hpnona_p <=> R_3hpnona_e	mapped	(('bigg:R_3HPNONA@e', -1), ('bigg:R_3HPNONA@p', 1))
E1T01394	transport	iJN1463	iJN1463:RHAP80tpp	iJN1463: R_3hpocta_p <=> R_3hpocta_c	mapped	(('bigg:R_3HPOCTA@cytosol', -1), ('bigg:R_3HPOCTA@p', 1))
E1T01395	transport	iJN1463	iJN1463:RHAP80tex	iJN1463: R_3hpocta_p <=> R_3hpocta_e	mapped	(('bigg:R_3HPOCTA@e', -1), ('bigg:R_3HPOCTA@p', 1))
E1T01396	transport	iJN1463	iJN1463:RHAP50tpp	iJN1463: R_3hppta_p <=> R_3hppta_c	mapped	(('bigg:R_3HPPTA@cytosol', -1), ('bigg:R_3HPPTA@p', 1))
E1T01397	transport	iJN1463	iJN1463:RHAP50tex	iJN1463: R_3hppta_p <=> R_3hppta_e	mapped	(('bigg:R_3HPPTA@e', -1), ('bigg:R_3HPPTA@p', 1))
E1T01398	transport	iJN1463	iJN1463:RHA50tpp	iJN1463: R_3hpt_p <=> R_3hpt_c	mapped	(('bigg:R_3HPT@cytosol', -1), ('bigg:R_3HPT@p', 1))
E1T01399	transport	iJN1463	iJN1463:RHA50tex	iJN1463: R_3hpt_p <=> R_3hpt_e	mapped	(('bigg:R_3HPT@e', -1), ('bigg:R_3HPT@p', 1))
E1T01400	transport	iJN1463	iJN1463:RHA142tpp	iJN1463: R_3htd58e_p <=> R_3htd58e_c	mapped	(('bigg:R_3HTD58E@cytosol', -1), ('bigg:R_3HTD58E@p', 1))
E1T01401	transport	iJN1463	iJN1463:RHA142tex	iJN1463: R_3htd58e_p <=> R_3htd58e_e	mapped	(('bigg:R_3HTD58E@e', -1), ('bigg:R_3HTD58E@p', 1))
E1T01402	transport	iJN1463	iJN1463:RHA141d5tpp	iJN1463: R_3htd5e_p <=> R_3htd5e_c	mapped	(('bigg:R_3HTD5E@cytosol', -1), ('bigg:R_3HTD5E@p', 1))
E1T01403	transport	iJN1463	iJN1463:RHA141d5tex	iJN1463: R_3htd5e_p <=> R_3htd5e_e	mapped	(('bigg:R_3HTD5E@e', -1), ('bigg:R_3HTD5E@p', 1))
E1T01404	transport	iJN1463	iJN1463:RHA140tpp	iJN1463: R_3httdca_p <=> R_3httdca_c	mapped	(('bigg:R_3HTTDCA@cytosol', -1), ('bigg:R_3HTTDCA@p', 1))
E1T01405	transport	iJN1463	iJN1463:RHA140tex	iJN1463: R_3httdca_p <=> R_3httdca_e	mapped	(('bigg:R_3HTTDCA@e', -1), ('bigg:R_3HTTDCA@p', 1))
E1T01406	transport	iJN1463	iJN1463:SBO3tex	iJN1463: sbo3_e <=> sbo3_p	mapped	(('bigg:SBO3@e', -1), ('bigg:SBO3@p', 1))
E1T01407	transport	iML1515	iML1515:SBTtex	iML1515: sbt__D_e <=> sbt__D_p	mapped	(('bigg:SBT__D@e', -1), ('bigg:SBT__D@p', 1))
E1T01408	transport	iJN1463;iML1515	iML1515:SELtex;iJN1463:SELtex	iML1515: sel_e <=> sel_p;iJN1463: sel_e <=> sel_p	mapped	(('bigg:SEL@e', -1), ('bigg:SEL@p', 1))
E1T01409	transport	iJN1463;iML1515	iML1515:DSERtex;iJN1463:DSERtex	iML1515: ser__D_e <=> ser__D_p;iJN1463: ser__D_e <=> ser__D_p	mapped	(('bigg:SER__D@e', -1), ('bigg:SER__D@p', 1))
E1T01410	transport	iML1515	iML1515:SERtpp	iML1515: ser__L_c --> ser__L_p	mapped	(('bigg:SER__L@cytosol', -1), ('bigg:SER__L@p', 1))
E1T01411	transport	iJN1463;iML1515	iML1515:SERtex;iJN1463:SERtex	iML1515: ser__L_e <=> ser__L_p;iJN1463: ser__L_e <=> ser__L_p	mapped	(('bigg:SER__L@e', -1), ('bigg:SER__L@p', 1))
E1T01412	transport	iJN1463;iML1515	iML1515:SKMtex;iJN1463:SKMtex	iML1515: skm_e <=> skm_p;iJN1463: skm_e <=> skm_p	mapped	(('bigg:SKM@e', -1), ('bigg:SKM@p', 1))
E1T01413	transport	iML1515	iML1515:SLNTtex	iML1515: slnt_e <=> slnt_p	mapped	(('bigg:SLNT@e', -1), ('bigg:SLNT@p', 1))
E1T01414	transport	iJN1463;iML1515	iML1515:SO2tpp;iJN1463:SO2tpp	iML1515: so2_p <=> so2_c;iJN1463: so2_p <=> so2_c	mapped	(('bigg:SO2@cytosol', -1), ('bigg:SO2@p', 1))
E1T01415	transport	iJN1463;iML1515	iML1515:SO2tex;iJN1463:SO2tex	iML1515: so2_e <=> so2_p;iJN1463: so2_e <=> so2_p	mapped	(('bigg:SO2@e', -1), ('bigg:SO2@p', 1))
E1T01416	transport	iJN1463;iML1515	iML1515:SO3tex;iJN1463:SO3tex	iML1515: so3_e <=> so3_p;iJN1463: so3_e <=> so3_p	mapped	(('bigg:SO3@e', -1), ('bigg:SO3@p', 1))
E1T01417	transport	iJN1463;iML1515	iML1515:SPMDtex;iJN1463:SPMDtex	iML1515: spmd_e <=> spmd_p;iJN1463: spmd_e <=> spmd_p	mapped	(('bigg:SPMD@e', -1), ('bigg:SPMD@p', 1))
E1T01418	transport	iML1515	iML1515:SQtr	iML1515: sq_p --> sq_c	mapped	(('bigg:SQ@cytosol', -1), ('bigg:SQ@p', 1))
E1T01419	transport	iML1515	iML1515:SQtex	iML1515: sq_e <=> sq_p	mapped	(('bigg:SQ@e', -1), ('bigg:SQ@p', 1))
E1T01420	transport	iML1515	iML1515:SUCCt1pp	iML1515: succ_p <=> succ_c	mapped	(('bigg:SUCC@cytosol', -1), ('bigg:SUCC@p', 1))
E1T01421	transport	iML1515	iML1515:SUCTARTtpp	iML1515: succ_c + tartr__D_p <=> succ_p + tartr__D_c	mapped	(('bigg:SUCC@cytosol', -1), ('bigg:SUCC@p', 1), ('bigg:TARTR__D@cytosol', 1), ('bigg:TARTR__D@p', -1))
E1T01422	transport	iML1515	iML1515:TARTRt7pp	iML1515: succ_c + tartr__L_p <=> succ_p + tartr__L_c	mapped	(('bigg:SUCC@cytosol', -1), ('bigg:SUCC@p', 1), ('bigg:TARTR__L@cytosol', 1), ('bigg:TARTR__L@p', -1))
E1T01423	transport	iJN1463;iML1515	iML1515:SUCCtex;iJN1463:SUCCtex	iML1515: succ_e <=> succ_p;iJN1463: succ_e <=> succ_p	mapped	(('bigg:SUCC@e', -1), ('bigg:SUCC@p', 1))
E1T01424	transport	iML1515	iML1515:SUCRtex	iML1515: sucr_e <=> sucr_p	mapped	(('bigg:SUCR@e', -1), ('bigg:SUCR@p', 1))
E1T01425	transport	iJN1463;iML1515	iML1515:SULFACtex;iJN1463:SULFACtex	iML1515: sulfac_e <=> sulfac_p;iJN1463: sulfac_e <=> sulfac_p	mapped	(('bigg:SULFAC@e', -1), ('bigg:SULFAC@p', 1))
E1T01426	transport	iJN1463	iJN1463:T4HCINNMtpp	iJN1463: T4hcinnm_p <=> T4hcinnm_c	mapped	(('bigg:T4HCINNM@cytosol', -1), ('bigg:T4HCINNM@p', 1))
E1T01427	transport	iJN1463	iJN1463:T4HCINNMtex	iJN1463: T4hcinnm_e <=> T4hcinnm_p	mapped	(('bigg:T4HCINNM@e', -1), ('bigg:T4HCINNM@p', 1))
E1T01428	transport	iML1515	iML1515:TARTRDtex	iML1515: tartr__D_e <=> tartr__D_p	mapped	(('bigg:TARTR__D@e', -1), ('bigg:TARTR__D@p', 1))
E1T01429	transport	iML1515	iML1515:TARTRtex	iML1515: tartr__L_e <=> tartr__L_p	mapped	(('bigg:TARTR__L@e', -1), ('bigg:TARTR__L@p', 1))
E1T01430	transport	iJN1463;iML1515	iML1515:TAURtex;iJN1463:TAURtex	iML1515: taur_e <=> taur_p;iJN1463: taur_e <=> taur_p	mapped	(('bigg:TAUR@e', -1), ('bigg:TAUR@p', 1))
E1T01431	transport	iJN1463	iJN1463:TCYNTtpp	iJN1463: tcynt_p <=> tcynt_c	mapped	(('bigg:TCYNT@cytosol', -1), ('bigg:TCYNT@p', 1))
E1T01432	transport	iJN1463;iML1515	iML1515:TCYNTtex;iJN1463:TCYNTtex	iML1515: tcynt_e <=> tcynt_p;iJN1463: tcynt_e <=> tcynt_p	mapped	(('bigg:TCYNT@e', -1), ('bigg:TCYNT@p', 1))
E1T01433	transport	iML1515	iML1515:THMtex	iML1515: thm_e <=> thm_p	mapped	(('bigg:THM@e', -1), ('bigg:THM@p', 1))
E1T01434	transport	iML1515	iML1515:THRPtex	iML1515: thrp_e <=> thrp_p	mapped	(('bigg:THRP@e', -1), ('bigg:THRP@p', 1))
E1T01435	transport	iJN1463;iML1515	iML1515:THRtex;iJN1463:THRtex	iML1515: thr__L_e <=> thr__L_p;iJN1463: thr__L_e <=> thr__L_p	mapped	(('bigg:THR__L@e', -1), ('bigg:THR__L@p', 1))
E1T01436	transport	iJN1463;iML1515	iML1515:THYMtex;iJN1463:THYMtex	iML1515: thym_e <=> thym_p;iJN1463: thym_e <=> thym_p	mapped	(('bigg:THYM@e', -1), ('bigg:THYM@p', 1))
E1T01437	transport	iML1515	iML1515:THMDtex	iML1515: thymd_e <=> thymd_p	mapped	(('bigg:THYMD@e', -1), ('bigg:THYMD@p', 1))
E1T01438	transport	iML1515	iML1515:TMAtex	iML1515: tma_e <=> tma_p	mapped	(('bigg:TMA@e', -1), ('bigg:TMA@p', 1))
E1T01439	transport	iJN1463	iJN1463:ALGSex13	iJN1463: tmanur_p --> tmanur_e	mapped	(('bigg:TMANUR@e', -1), ('bigg:TMANUR@p', 1))
E1T01440	transport	iML1515	iML1515:TMAOtex	iML1515: tmao_e <=> tmao_p	mapped	(('bigg:TMAO@e', -1), ('bigg:TMAO@p', 1))
E1T01441	transport	iJN1463	iJN1463:TNTtpp	iJN1463: tnt_p --> tnt_c	mapped	(('bigg:TNT@cytosol', -1), ('bigg:TNT@p', 1))
E1T01442	transport	iJN1463	iJN1463:TNTtex	iJN1463: tnt_e --> tnt_p	mapped	(('bigg:TNT@e', -1), ('bigg:TNT@p', 1))
E1T01443	transport	iJN1463	iJN1463:TOLtpp	iJN1463: tol_p --> tol_c	mapped	(('bigg:TOL@cytosol', -1), ('bigg:TOL@p', 1))
E1T01444	transport	iJN1463	iJN1463:TOLtex	iJN1463: tol_e <=> tol_p	mapped	(('bigg:TOL@e', -1), ('bigg:TOL@p', 1))
E1T01445	transport	iML1515	iML1515:TREtex	iML1515: tre_e <=> tre_p	mapped	(('bigg:TRE@e', -1), ('bigg:TRE@p', 1))
E1T01446	transport	iML1515	iML1515:TRPtipp	iML1515: trp__L_c --> trp__L_p	mapped	(('bigg:TRP__L@cytosol', -1), ('bigg:TRP__L@p', 1))
E1T01447	transport	iJN1463;iML1515	iML1515:TRPtex;iJN1463:TRPtex	iML1515: trp__L_e <=> trp__L_p;iJN1463: trp__L_e <=> trp__L_p	mapped	(('bigg:TRP__L@e', -1), ('bigg:TRP__L@p', 1))
E1T01448	transport	iJN1463;iML1515	iML1515:TTDCAtexi;iJN1463:TTDCAtexi	iML1515: ttdca_e --> ttdca_p;iJN1463: ttdca_e --> ttdca_p	mapped	(('bigg:TTDCA@e', -1), ('bigg:TTDCA@p', 1))
E1T01449	transport	iJN1463;iML1515	iML1515:TTDCEAtexi;iJN1463:TTDCEAtexi	iML1515: ttdcea_e --> ttdcea_p;iJN1463: ttdcea_e --> ttdcea_p	mapped	(('bigg:TTDCEA@e', -1), ('bigg:TTDCEA@p', 1))
E1T01450	transport	iJN1463;iML1515	iML1515:TTRCYCtex;iJN1463:TTRCYCtex	iML1515: ttrcyc_e <=> ttrcyc_p;iJN1463: ttrcyc_e <=> ttrcyc_p	mapped	(('bigg:TTRCYC@e', -1), ('bigg:TTRCYC@p', 1))
E1T01451	transport	iJN1463;iML1515	iML1515:TUNGStex;iJN1463:TUNGStex	iML1515: tungs_e <=> tungs_p;iJN1463: tungs_e <=> tungs_p	mapped	(('bigg:TUNGS@e', -1), ('bigg:TUNGS@p', 1))
E1T01452	transport	iML1515	iML1515:TYMtex	iML1515: tym_e <=> tym_p	mapped	(('bigg:TYM@e', -1), ('bigg:TYM@p', 1))
E1T01453	transport	iML1515	iML1515:TYRPtex	iML1515: tyrp_e <=> tyrp_p	mapped	(('bigg:TYRP@e', -1), ('bigg:TYRP@p', 1))
E1T01454	transport	iJN1463	iJN1463:DTYRtex	iJN1463: tyr__D_e <=> tyr__D_p	mapped	(('bigg:TYR__D@e', -1), ('bigg:TYR__D@p', 1))
E1T01455	transport	iML1515	iML1515:TYRtipp	iML1515: tyr__L_c --> tyr__L_p	mapped	(('bigg:TYR__L@cytosol', -1), ('bigg:TYR__L@p', 1))
E1T01456	transport	iJN1463;iML1515	iML1515:TYRtex;iJN1463:TYRtex	iML1515: tyr__L_e <=> tyr__L_p;iJN1463: tyr__L_e <=> tyr__L_p	mapped	(('bigg:TYR__L@e', -1), ('bigg:TYR__L@p', 1))
E1T01457	transport	iML1515	iML1515:UACGAMtex	iML1515: uacgam_e <=> uacgam_p	mapped	(('bigg:UACGAM@e', -1), ('bigg:UACGAM@p', 1))
E1T01458	transport	iJN1463;iML1515	iML1515:UDCPPtppi;iJN1463:UDCPPtppi	iML1515: udcpp_p --> udcpp_c;iJN1463: udcpp_p --> udcpp_c	mapped	(('bigg:UDCPP@cytosol', -1), ('bigg:UDCPP@p', 1))
E1T01459	transport	iML1515	iML1515:UDPACGALtex	iML1515: udpacgal_e <=> udpacgal_p	mapped	(('bigg:UDPACGAL@e', -1), ('bigg:UDPACGAL@p', 1))
E1T01460	transport	iML1515	iML1515:UDPGtex	iML1515: udpg_e <=> udpg_p	mapped	(('bigg:UDPG@e', -1), ('bigg:UDPG@p', 1))
E1T01461	transport	iML1515	iML1515:UDPGALtex	iML1515: udpgal_e <=> udpgal_p	mapped	(('bigg:UDPGAL@e', -1), ('bigg:UDPGAL@p', 1))
E1T01462	transport	iML1515	iML1515:UDPGLCURtex	iML1515: udpglcur_e <=> udpglcur_p	mapped	(('bigg:UDPGLCUR@e', -1), ('bigg:UDPGLCUR@p', 1))
E1T01463	transport	iML1515	iML1515:ULA4Ntppi	iML1515: uLa4n_c --> uLa4n_p	mapped	(('bigg:ULA4N@cytosol', -1), ('bigg:ULA4N@p', 1))
E1T01464	transport	iML1515	iML1515:UMPtex	iML1515: ump_e <=> ump_p	mapped	(('bigg:UMP@e', -1), ('bigg:UMP@p', 1))
E1T01465	transport	iML1515	iML1515:ECAtpp	iML1515: unagamuf_c --> unagamuf_p	mapped	(('bigg:UNAGAMUF@cytosol', -1), ('bigg:UNAGAMUF@p', 1))
E1T01466	transport	iJN1463	iJN1463:UND2ONEtpp	iJN1463: und2one_p <=> und2one_c	mapped	(('bigg:UND2ONE@cytosol', -1), ('bigg:UND2ONE@p', 1))
E1T01467	transport	iJN1463	iJN1463:UND2ONEtex	iJN1463: und2one_e <=> und2one_p	mapped	(('bigg:UND2ONE@e', -1), ('bigg:UND2ONE@p', 1))
E1T01468	transport	iJN1463	iJN1463:OSKTpp	iJN1463: unquivo_c --> unquivo_p	mapped	(('bigg:UNQUIVO@cytosol', -1), ('bigg:UNQUIVO@p', 1))
E1T01469	transport	iML1515	iML1515:URAtpp	iML1515: ura_c --> ura_p	mapped	(('bigg:URA@cytosol', -1), ('bigg:URA@p', 1))
E1T01470	transport	iJN1463;iML1515	iML1515:URAtex;iJN1463:URAtex	iML1515: ura_e <=> ura_p;iJN1463: ura_e <=> ura_p	mapped	(('bigg:URA@e', -1), ('bigg:URA@p', 1))
E1T01471	transport	iML1515	iML1515:URATEtex	iML1515: urate_e <=> urate_p	mapped	(('bigg:URATE@e', -1), ('bigg:URATE@p', 1))
E1T01472	transport	iJN1463;iML1515	iML1515:UREAtpp;iJN1463:UREAtpp	iML1515: urea_p <=> urea_c;iJN1463: urea_p <=> urea_c	mapped	(('bigg:UREA@cytosol', -1), ('bigg:UREA@p', 1))
E1T01473	transport	iJN1463;iML1515	iML1515:UREAtex;iJN1463:UREAtex	iML1515: urea_e <=> urea_p;iJN1463: urea_e <=> urea_p	mapped	(('bigg:UREA@e', -1), ('bigg:UREA@p', 1))
E1T01474	transport	iJN1463;iML1515	iML1515:URItex;iJN1463:URItex	iML1515: uri_e <=> uri_p;iJN1463: uri_e <=> uri_p	mapped	(('bigg:URI@e', -1), ('bigg:URI@p', 1))
E1T01475	transport	iJN1463	iJN1463:VACCtex	iJN1463: vacc_e --> vacc_p	mapped	(('bigg:VACC@e', -1), ('bigg:VACC@p', 1))
E1T01476	transport	iJN1463	iJN1463:DVALtex	iJN1463: val__D_e <=> val__D_p	mapped	(('bigg:VAL__D@e', -1), ('bigg:VAL__D@p', 1))
E1T01477	transport	iJN1463;iML1515	iML1515:VALtex;iJN1463:VALtex	iML1515: val__L_e <=> val__L_p;iJN1463: val__L_e <=> val__L_p	mapped	(('bigg:VAL__L@e', -1), ('bigg:VAL__L@p', 1))
E1T01478	transport	iJN1463	iJN1463:VANLNtex	iJN1463: vanln_e <=> vanln_p	mapped	(('bigg:VANLN@e', -1), ('bigg:VANLN@p', 1))
E1T01479	transport	iJN1463	iJN1463:VANLTtex	iJN1463: vanlt_e <=> vanlt_p	mapped	(('bigg:VANLT@e', -1), ('bigg:VANLT@p', 1))
E1T01480	transport	iML1515	iML1515:XANtpp	iML1515: xan_p <=> xan_c	mapped	(('bigg:XAN@cytosol', -1), ('bigg:XAN@p', 1))
E1T01481	transport	iJN1463;iML1515	iML1515:XANtex;iJN1463:XANtex	iML1515: xan_e <=> xan_p;iJN1463: xan_e <=> xan_p	mapped	(('bigg:XAN@e', -1), ('bigg:XAN@p', 1))
E1T01482	transport	iML1515	iML1515:XMPtex	iML1515: xmp_e <=> xmp_p	mapped	(('bigg:XMP@e', -1), ('bigg:XMP@p', 1))
E1T01483	transport	iML1515	iML1515:XTSNtex	iML1515: xtsn_e <=> xtsn_p	mapped	(('bigg:XTSN@e', -1), ('bigg:XTSN@p', 1))
E1T01484	transport	iML1515	iML1515:XYLUtex	iML1515: xylu__L_e <=> xylu__L_p	mapped	(('bigg:XYLU__L@e', -1), ('bigg:XYLU__L@p', 1))
E1T01485	transport	iML1515	iML1515:XYLtex	iML1515: xyl__D_e <=> xyl__D_p	mapped	(('bigg:XYL__D@e', -1), ('bigg:XYL__D@p', 1))
